{"type":"Topology","arcs":[[[21823,25102],[43,-2]],[[21866,25100],[95,-8],[25,2]],[[21986,25094],[0,-743]],[[21986,24351],[-92,2],[-73,4]],[[21821,24357],[2,745]],[[22813,16501],[12,1]],[[22825,16502],[-14,-193],[-13,-201],[-8,-175]],[[22790,15933],[-6,0]],[[22784,15933],[4,58],[-2,96],[8,84],[8,199],[11,131]],[[22625,16615],[14,-28],[14,-120],[144,5]],[[22797,16472],[-12,-224],[-1,-63],[-12,-169],[-19,-45],[0,81],[-4,60],[-31,-162],[-8,22],[-12,148],[-4,-81],[9,-86],[-21,-29]],[[22682,15924],[-6,18],[-16,-21],[-7,-53],[-26,-12],[-14,-54]],[[22613,15802],[0,97],[-21,1]],[[22592,15900],[0,715],[33,0]],[[23528,26180],[-1,269]],[[23527,26449],[55,-189],[32,1],[30,100],[11,7],[6,-90],[14,-12],[11,79],[13,-33],[-1,-61],[13,7]],[[23711,26258],[0,-573]],[[23711,25685],[-87,-121],[-8,73],[-15,-11],[-15,62]],[[23586,25688],[-18,26],[-6,-24]],[[23562,25690],[-18,6],[-17,45],[1,439]],[[23204,27262],[22,69],[16,94],[23,14],[9,72],[9,17],[26,-17],[20,40],[22,-18],[7,30]],[[23358,27563],[0,-791]],[[23358,26772],[-99,-4]],[[23259,26768],[-1,37],[-54,0]],[[23204,26805],[0,457]],[[21580,26771],[37,-2]],[[21617,26769],[108,5]],[[21725,26774],[-1,-831]],[[21724,25943],[0,-7]],[[21724,25936],[-143,2]],[[21581,25938],[-1,833]],[[23581,24887],[138,12]],[[23719,24899],[17,-133],[7,3],[14,-130]],[[23757,24639],[1,-42],[14,-89],[-3,-51],[11,-88],[-9,-67],[3,-66],[-5,-88]],[[23769,24148],[-18,48],[-24,-80]],[[23727,24116],[-29,97],[-86,63]],[[23612,24276],[-5,100],[1,72],[-5,54],[-1,97],[-5,41]],[[23597,24640],[-9,113],[-7,43],[0,91]],[[23541,27356],[19,-36],[19,62],[14,23],[9,-13],[15,-61],[40,-28],[7,105],[13,29],[7,-33],[22,11],[5,-54]],[[23711,27361],[0,-481]],[[23711,26880],[0,-263]],[[23711,26617],[-170,-3]],[[23541,26614],[0,742]],[[22607,18626],[25,56],[9,-46],[29,-53]],[[22670,18583],[13,-76],[10,-165],[14,-39],[19,3],[7,-38],[0,-90],[10,-45],[10,4],[6,-51],[9,8],[15,-43]],[[22783,18051],[-47,-428]],[[22736,17623],[-7,-66],[-70,90]],[[22659,17647],[3,12],[-78,915],[23,52]],[[26975,34416],[15,58],[4,-23],[18,79],[13,20]],[[27025,34550],[20,-6],[10,19],[8,122],[31,58]],[[27094,34743],[3,-56],[18,-113],[13,-182]],[[27128,34392],[-16,-56]],[[27112,34336],[-14,-76],[-17,-47],[-12,23],[-25,-42],[-8,-37],[-1,-73],[-25,-50],[-29,-84],[-7,-34]],[[26974,33916],[-7,135],[-14,184]],[[26953,34235],[10,33],[15,-11],[5,34],[-8,125]],[[28093,38300],[42,19],[4,36]],[[28139,38355],[15,-46],[11,12],[15,-76]],[[28180,38245],[-20,-128],[0,-49],[-16,-41]],[[28144,38027],[-10,-59],[-5,-78],[-19,-69],[-9,5]],[[28101,37826],[-2,47],[-28,74]],[[28071,37947],[17,112],[9,118],[-9,16],[5,107]],[[27886,37830],[18,169],[35,-166]],[[27939,37833],[63,-302]],[[28002,37531],[-14,-181],[19,-84],[38,-84]],[[28045,37182],[-2,-29],[-30,-190],[-17,-55]],[[27996,36908],[-24,-136]],[[27972,36772],[-40,190],[-6,-4],[-86,331]],[[27840,37289],[5,89],[12,112],[9,133],[10,12],[0,82],[10,113]],[[27925,37129],[26,78],[-9,77],[-12,-31],[-5,-124]],[[26824,34422],[13,57],[11,8],[17,94],[0,119],[25,65],[19,80]],[[26909,34845],[3,13]],[[26912,34858],[2,-148],[22,-197],[33,-122],[6,25]],[[26953,34235],[-1,17],[-58,-8],[-11,-68],[-13,-43],[-12,19],[-7,-62]],[[26851,34090],[-17,91],[-12,86]],[[26822,34267],[6,113],[-4,42]],[[26882,34316],[20,32],[-4,45],[-16,-77]],[[27877,34588],[25,-58],[7,34],[20,-51]],[[27929,34513],[9,-69],[27,-9],[11,-61],[-4,-38],[22,-136],[-5,-62],[6,-116],[-7,-43],[12,-84]],[[28000,33895],[-14,-37],[-5,-188],[-5,-73]],[[27976,33597],[-17,0]],[[27959,33597],[-95,0]],[[27864,33597],[-23,0]],[[27841,33597],[36,991]],[[28238,34838],[13,1],[27,138]],[[28278,34977],[11,11],[14,-87],[11,-16],[21,11]],[[28335,34896],[-1,-65],[14,-34]],[[28348,34797],[0,-339]],[[28348,34458],[-61,-220]],[[28287,34238],[-11,32]],[[28276,34270],[-10,23],[-20,130],[-21,40],[-13,-13]],[[28212,34450],[-3,295],[26,61],[3,32]],[[28000,33895],[43,369]],[[28043,34264],[9,-37],[36,-40],[25,-82],[40,-23],[20,-35]],[[28173,34047],[-5,-445]],[[28168,33602],[-77,-1]],[[28091,33601],[-37,-2]],[[28054,33599],[-78,-2]],[[27779,34578],[51,571]],[[27830,35149],[12,-43],[11,17],[12,63],[13,38]],[[27878,35224],[6,53],[12,12]],[[27896,35289],[27,-290],[2,-65],[16,-8],[10,-63]],[[27951,34863],[-22,-350]],[[27877,34588],[-10,54],[-19,-65],[-3,105],[-11,26],[-16,-35],[-9,47],[-19,-71],[0,-56],[-11,-15]],[[28144,35338],[18,-5],[15,75],[32,-30],[12,-109]],[[28221,35269],[-6,-100],[33,-186],[12,54],[13,-8],[5,-52]],[[28238,34838],[-42,73],[-80,125]],[[28116,35036],[-1,137]],[[28115,35173],[14,146],[15,19]],[[28390,35199],[8,54],[12,153]],[[28410,35406],[14,-36],[9,-59],[31,-39],[22,-81]],[[28486,35191],[9,-27],[-1,-196]],[[28494,34968],[-19,-49]],[[28475,34919],[-8,26]],[[28467,34945],[-10,108],[-17,-68],[-5,79],[-10,-15],[-41,34]],[[28384,35083],[6,116]],[[27608,36287],[15,77],[12,135]],[[27635,36499],[9,83],[-5,47],[13,117],[14,89],[14,51]],[[27680,36886],[25,-86],[41,-43],[14,-35]],[[27760,36722],[18,-63],[-10,-117]],[[27768,36542],[-8,-97],[-20,-154],[-8,-36],[-10,-116]],[[27722,36139],[-13,-58],[-16,78],[-16,-9],[-22,24],[-13,117],[-19,12],[-15,-16]],[[28392,35497],[33,169]],[[28425,35666],[23,-75],[22,-8],[11,-27],[12,-74],[17,39],[7,-63]],[[28517,35458],[14,-96]],[[28531,35362],[-9,-62],[-14,30],[-19,-43],[-3,-96]],[[28410,35406],[-18,91]],[[28475,34919],[12,-67],[23,11],[29,-110],[12,-11]],[[28551,34742],[-11,-165],[-39,-113]],[[28501,34464],[-29,-99]],[[28472,34365],[-9,201],[-23,35],[-11,58],[-13,26]],[[28416,34685],[23,137],[14,32],[3,61],[11,30]],[[27871,36674],[5,59],[23,-9],[-2,-72],[-9,-43],[-10,11],[-7,54]],[[22657,42187],[128,1]],[[22785,42188],[0,-664]],[[22785,41524],[-128,0]],[[22657,41524],[0,663]],[[26741,19766],[28,106],[9,85],[6,110],[8,47],[2,134],[11,96]],[[26805,20344],[46,-12],[5,-43],[28,4]],[[26884,20293],[0,-55],[27,3],[0,-109],[42,9]],[[26953,20141],[1,-514],[-37,-1],[0,-324]],[[26917,19302],[-21,-68],[-22,47],[-19,-79]],[[26855,19202],[-1,118],[-15,35],[4,84],[-9,73],[-25,28],[-21,8],[-6,-66],[-10,-18],[-8,152],[3,73],[-21,80],[-5,-3]],[[22397,44174],[128,1]],[[22525,44175],[1,-332]],[[22526,43843],[0,-331]],[[22526,43512],[-127,-2]],[[22399,43510],[-2,0]],[[22397,43510],[0,664]],[[24129,30568],[19,-13],[7,-86],[17,56],[44,-6],[1,166],[29,-4]],[[24246,30681],[15,-1],[-3,-538],[-4,-30],[-4,-174],[22,-3],[0,-251]],[[24272,29684],[-50,6]],[[24222,29690],[-10,2]],[[24212,29692],[0,166],[-29,3],[1,82],[-28,3],[1,86],[-16,3],[-14,30],[0,138],[-29,5],[1,166],[-25,4]],[[24074,30378],[-4,110],[29,-2],[1,55],[29,-5],[0,32]],[[24487,33056],[21,-99],[6,0],[11,-100],[87,-8]],[[24612,32849],[17,-1],[-7,-78],[-13,-54],[-9,-213]],[[24600,32503],[-5,-83],[-1,-83],[-44,8]],[[24550,32345],[-46,9]],[[24504,32354],[-45,2]],[[24459,32356],[3,509],[-1,140],[26,51]],[[24849,32562],[63,3]],[[24912,32565],[5,-71],[16,-71],[3,-41]],[[24936,32382],[-5,-41],[-14,44],[-14,-28],[0,-63],[16,-37],[0,-39],[-21,-26],[-9,-86],[-16,-35],[-9,34],[-13,-39],[-1,-92],[7,-58],[12,-12],[-7,-69],[-12,-52],[13,-100]],[[24863,31683],[-14,-20],[-9,62],[-14,-23],[-2,-83],[8,-75],[-6,-130]],[[24826,31414],[-4,-14]],[[24822,31400],[-5,85],[2,61],[-12,21],[-9,-77]],[[24798,31490],[-40,4]],[[24758,31494],[0,498]],[[24758,31992],[-1,565]],[[24757,32557],[92,5]],[[24362,29671],[8,-2]],[[24370,29669],[23,-2],[0,167],[61,-9]],[[24454,29825],[24,-3],[10,-131],[15,-91],[8,-3],[18,-173],[14,-32]],[[24543,29392],[-4,-258],[-6,-27],[3,-78],[-10,-51]],[[24526,28978],[-21,-90],[-1,-42],[18,-181],[-22,0],[-7,39],[-25,7],[-7,42],[-13,-24],[-7,49]],[[24441,28778],[-6,125]],[[24435,28903],[-2,103],[-18,17],[-7,156],[-47,18],[1,474]],[[23590,28638],[18,-27],[7,-60],[13,-24],[29,-154],[15,-25],[17,4],[23,-17],[-1,-55],[24,-4]],[[23735,28276],[-2,-155],[39,-114]],[[23772,28007],[-9,2],[-22,-111],[-18,22],[-12,-23]],[[23711,27897],[-11,44],[-18,-19],[-4,45],[-38,-25],[-3,-46],[-12,17],[-10,-27],[-12,85],[-5,83],[-10,6]],[[23588,28060],[2,578]],[[24445,33512],[79,1]],[[24524,33513],[95,2]],[[24619,33515],[1,-116],[9,-48],[-1,-246],[-15,-32]],[[24613,33073],[-1,-224]],[[24487,33056],[0,139],[-5,83],[-20,89],[-4,98],[-13,47]],[[24397,31669],[59,-8],[0,217],[12,-6],[-8,122],[8,87],[24,138],[12,135]],[[24550,32345],[-1,-337]],[[24549,32008],[-1,-503]],[[24548,31505],[0,-172]],[[24548,31333],[-59,6],[-1,168],[-26,-12]],[[24462,31495],[-66,6],[1,168]],[[23969,27707],[4,618]],[[23973,28325],[10,18],[10,-31],[26,66],[12,10]],[[24031,28388],[87,-15]],[[24118,28373],[-1,-125],[-13,-86],[-4,-53],[-21,-22],[3,-94],[-13,-137],[-2,-70],[12,-10],[5,-110],[14,5],[19,-68],[5,-59]],[[24122,27544],[-31,-16],[-19,48],[-13,-22],[-51,9]],[[24008,27563],[-39,6],[0,138]],[[24543,29392],[15,0],[1,254],[-15,2],[0,334]],[[24544,29982],[131,-8]],[[24675,29974],[-1,-49],[11,-100],[-6,-74]],[[24679,29751],[-6,-76],[7,-105],[-14,-74],[-18,-38],[-21,-7],[-3,-47],[7,-69],[-7,-50],[-18,-24],[-5,-117],[-16,73],[-7,-57],[12,-63],[20,2],[-2,-74],[-11,-7],[-13,48],[-13,-86]],[[24571,28980],[0,-3]],[[24571,28977],[-45,1]],[[24242,27154],[6,111],[18,61],[3,45],[18,49],[-3,74],[7,74],[-8,35]],[[24283,27603],[148,-18]],[[24431,27585],[0,-730]],[[24431,26855],[-170,4]],[[24261,26859],[-11,50],[-8,127],[7,59],[-7,59]],[[24201,21404],[11,73],[-1,49],[20,57],[0,55],[10,55]],[[24241,21693],[15,78],[9,73],[8,-32],[10,14]],[[24283,21826],[10,-17],[-3,-68],[4,-90],[-8,-179],[16,9],[4,-65],[-7,-64],[-5,-89]],[[24294,21263],[-4,-69]],[[24290,21194],[-28,70],[-6,104],[-11,-24],[-21,52],[-23,8]],[[23879,24642],[0,131],[24,35]],[[23903,24808],[1,-64],[19,-22],[12,31],[0,132],[32,-1],[-9,71],[5,76],[-4,101],[-9,88]],[[23950,25220],[69,-1]],[[24019,25219],[9,-110],[6,-149],[0,-138],[-6,-167],[-11,9],[-2,-140],[-4,-14],[-2,-128]],[[24009,24382],[3,-55],[16,-37],[-1,-61],[19,-53],[10,-5],[24,-154]],[[24080,24017],[-21,-105],[-52,-221]],[[24007,23691],[-14,34],[-57,0]],[[23936,23725],[0,331],[-28,0],[-1,336],[-28,0],[0,250]],[[24221,22741],[111,-1]],[[24332,22740],[2,-70],[11,-49],[9,-157],[1,-67],[-7,-201],[7,-81],[-7,-43]],[[24348,22072],[17,-183],[-33,-14],[-15,44],[-20,-42],[-11,23],[-3,-74]],[[24241,21693],[-10,97],[0,166],[-19,0],[0,83],[-69,0]],[[24143,22039],[8,28],[4,75],[52,8],[0,56],[14,0],[3,168],[8,34],[0,180],[-11,47],[0,106]],[[24427,21039],[61,30]],[[24488,21069],[13,-143],[6,-95],[15,-19],[11,-68],[-2,-194]],[[24531,20550],[-9,47],[-14,9],[-32,69],[-15,3],[-10,33],[4,96],[-10,127],[-18,105]],[[24348,22072],[16,0]],[[24364,22072],[17,-105],[3,-55],[2,-198],[16,-130],[15,-3],[10,-102],[3,-160],[21,-1],[5,-83]],[[24456,21235],[-33,-1],[-6,-47],[-25,-1],[-17,143],[-19,28],[-10,-27],[-15,-123],[-16,45],[-21,11]],[[24679,23029],[6,0]],[[24685,23029],[56,2]],[[24741,23031],[0,-181],[13,-105],[2,-84],[8,-78],[2,-102]],[[24766,22481],[3,-252],[1,-416],[14,-97],[9,-146]],[[24793,21570],[-39,115],[-21,-21],[-31,-13]],[[24702,21651],[2,152],[-6,10],[-4,85],[-9,48],[-5,106],[-1,311]],[[24679,22363],[0,666]],[[24723,19615],[0,-11]],[[24723,19604],[0,11]],[[24591,20943],[54,-1],[10,-30]],[[24655,20912],[28,8],[7,-16]],[[24690,20904],[14,-72],[1,-66],[13,-69],[16,-33],[7,-126],[33,-2]],[[24774,20536],[16,-16],[4,-50],[1,-133],[-9,-47],[13,-164],[25,-42],[8,-51],[-3,-102]],[[24829,19931],[-1,-33]],[[24828,19898],[1,-24]],[[24829,19874],[-1,-121],[-11,28],[-10,-59],[13,-108]],[[24820,19614],[-7,-79]],[[24813,19535],[-27,-122],[-11,-31],[-8,108],[-7,128],[-8,115],[-19,43],[-6,-51]],[[24727,19725],[6,69],[-3,124],[-17,95],[-6,65],[-11,49],[-19,155],[-13,76],[-10,17],[-13,107],[-17,60],[-11,151],[-21,-110],[-35,-4]],[[24557,20579],[23,219],[4,91],[7,54]],[[23757,24639],[122,3]],[[23936,23725],[-43,-1],[-15,-166],[-25,0],[-6,-69],[1,-105]],[[23848,23384],[-14,-18]],[[23834,23366],[-5,108],[-18,163],[5,89],[-7,144],[-16,54],[6,38],[-4,73],[-11,-3],[-15,116]],[[23775,26881],[2,0]],[[23777,26881],[80,-2]],[[23857,26879],[0,-124],[19,-186],[-6,-130],[8,-51],[-1,-502],[2,-167],[19,0]],[[23898,25719],[-9,-79],[-6,-125],[5,-36],[-6,-92]],[[23882,25387],[-12,2]],[[23870,25389],[-20,172],[-20,40],[-5,86],[-16,57],[-2,134],[-16,83],[5,102],[-14,167],[-4,227],[5,74],[-10,126],[5,57],[-7,145],[4,22]],[[24078,26871],[183,-12]],[[24261,26859],[-3,-97],[0,-176],[7,-52],[1,-82],[-4,-137]],[[24262,26315],[-7,-69],[-51,-202],[-39,4]],[[24165,26048],[0,166],[-29,2],[0,94],[-15,54],[-16,21],[-27,0]],[[24078,26385],[0,486]],[[24105,22053],[13,149],[-4,30],[0,600]],[[24114,22832],[20,-5],[11,30],[1,82],[19,51],[7,43],[16,-73],[14,3]],[[24202,22963],[0,-55],[12,-84],[7,-83]],[[24143,22039],[-39,2]],[[24104,22041],[1,12]],[[24584,22361],[95,2]],[[24702,21651],[-6,-89],[-13,-66],[-22,49]],[[24661,21545],[-24,-60],[-8,98],[-17,66],[-6,82],[-17,50]],[[24589,21781],[-13,41],[-15,182],[6,58],[0,111],[-5,42],[22,146]],[[24828,19898],[1,-24]],[[24820,19614],[-7,-79]],[[24765,21435],[29,50]],[[24794,21485],[13,-47]],[[24807,21438],[-4,-364],[-4,-106],[9,-19],[15,58],[12,-83]],[[24835,20924],[-5,-81],[-12,-46],[1,-172],[14,-123],[10,-179],[1,-230]],[[24844,20093],[2,-53],[-17,-109]],[[24774,20536],[17,241],[-20,83],[-7,70],[-5,141],[2,222],[4,142]],[[24350,23066],[15,2],[10,-49]],[[24375,23019],[-1,-46]],[[24374,22973],[5,-78],[-4,-138],[10,-32],[19,16],[-2,66],[12,13],[1,-54],[-6,-134],[-13,-35],[-3,-43],[12,-37],[12,18],[16,-8],[20,43],[8,-71],[6,-120]],[[24467,22379],[3,-49],[-22,-122],[-5,-110],[-19,-27]],[[24424,22071],[-60,1]],[[24332,22740],[4,52],[-1,196],[15,78]],[[24550,25167],[-6,7]],[[24544,25174],[6,-7]],[[24426,25711],[-3,155],[8,96]],[[24431,25962],[91,1],[7,47],[10,0]],[[24539,26010],[-1,-31],[22,-72],[-12,-35],[-15,112],[-7,-94],[6,-78],[19,-49],[10,33],[7,-32],[-10,-125],[5,-31],[20,-24],[-1,-68],[-9,-39],[-7,25],[-3,-164],[-14,59],[-25,-58]],[[24524,25339],[-2,73],[-14,-7],[-15,-68],[-17,19],[-6,-33],[-48,2]],[[24422,25325],[-12,0],[-2,106],[10,105],[10,6],[5,98],[-7,71]],[[24407,24463],[41,3],[5,-38]],[[24453,24428],[-5,-42],[1,-128],[-7,-62],[-12,17],[-10,48],[-5,-64],[9,-49],[17,20],[4,-52],[-11,-57],[-19,-17],[1,-165],[11,-92],[-12,-49],[-9,119],[-8,-64],[8,-99],[11,-58],[-3,-79],[-15,-27],[-18,12],[-2,-63],[16,-83]],[[24395,23394],[-11,-141],[17,-89],[1,-60],[-21,-75]],[[24381,23029],[-7,-56]],[[24375,23019],[-1,96],[-17,-1]],[[24357,23114],[6,113],[-4,60],[11,102],[-8,39],[-29,54],[-7,56]],[[24326,23538],[-7,68],[-1,100],[5,41],[16,-3],[-19,94],[-2,81],[10,59],[5,-103],[20,-22],[2,65],[-19,15],[6,109],[-10,46],[-3,70],[5,75],[9,34],[11,-66],[8,55],[-2,71],[5,105],[17,-12],[9,63],[16,-20]],[[24975,20428],[-6,31]],[[24969,20459],[6,-31]],[[24835,20924],[21,-5],[6,-48]],[[24862,20871],[12,-141],[17,9],[11,-82],[13,4],[26,-147],[23,-53]],[[24964,20461],[-36,-50],[-1,-169],[11,-66],[19,-54],[9,-63],[0,-105],[19,28],[9,-26],[15,1],[13,-63],[13,24],[16,-121],[9,76],[17,-102],[7,-72],[-2,-97],[14,-17],[13,42],[2,-74],[-17,-11],[-5,-61],[16,-6],[-7,-86],[-11,50],[-3,-81],[-9,-6],[-3,-94],[-17,1],[-1,80],[-17,-21],[-34,-232],[2,76],[8,55],[8,109],[6,0],[12,221],[-12,54],[-3,-101],[-6,-37],[-13,-11],[-23,174],[-35,74],[-9,70],[-57,54],[5,69],[10,-51],[8,42],[20,17],[23,54],[-45,4],[-21,61],[2,102],[-15,-57],[-24,28]],[[29991,49751],[1,107],[9,28],[23,288],[28,128],[16,-100],[26,-11],[14,117]],[[30108,50308],[7,-573],[7,-666],[6,-707]],[[30128,48362],[-9,-2],[0,-88],[-58,13],[-15,-204],[-2,-87],[-9,0],[-3,141],[-17,88]],[[30015,48223],[-7,71],[-18,26],[-19,-16],[-3,96],[-31,52],[-19,142]],[[29918,48594],[16,10],[13,54],[6,72],[11,16],[11,151],[7,42],[-5,81],[-20,218],[15,96],[4,103],[17,115],[-12,144],[10,55]],[[29219,41903],[40,-148]],[[29259,41755],[-5,-64]],[[29254,41691],[-3,-99],[12,5],[1,-65],[-7,-54]],[[29257,41478],[-18,23],[-6,39],[-17,29],[-11,-10],[-13,43]],[[29192,41602],[2,114],[7,27],[5,96],[-4,79],[17,-15]],[[28964,41320],[13,72],[9,19],[26,105],[13,29],[22,149]],[[29047,41694],[18,-84],[28,-46]],[[29093,41564],[3,-38],[-3,-129],[4,-91],[-18,-152],[8,-154]],[[29087,41000],[-17,-14],[2,-60],[-19,-14],[4,-59],[-24,-11]],[[29033,40842],[-6,103],[-27,44],[-2,236],[-34,95]],[[24160,38759],[33,-4]],[[24193,38755],[58,-13],[-1,-335]],[[24250,38407],[-12,-230],[-2,-150],[7,-97],[-9,-60],[-7,-108],[-7,-22],[-1,-136]],[[24219,37604],[-38,70],[4,48],[-15,65]],[[24170,37787],[-4,48],[9,68],[-11,36],[-17,106],[-6,91]],[[24141,38136],[-16,93]],[[24125,38229],[-1,62],[36,468]],[[24765,34322],[10,26],[0,56],[16,82],[5,64],[11,0]],[[24807,34550],[32,-3],[10,28],[0,139],[26,-2]],[[24875,34712],[28,-1]],[[24903,34711],[-6,-73],[18,-186],[2,-72],[8,-46],[-2,-131]],[[24923,34203],[-3,0],[1,-442],[-72,3]],[[24849,33764],[-53,3]],[[24796,33767],[-3,176],[-11,103],[-5,125],[-10,51],[-2,100]],[[23980,36880],[18,-42],[-3,-81],[72,-18],[3,44],[16,18]],[[24086,36801],[16,-17],[0,-79],[10,-60],[9,-140],[16,-85],[30,-2]],[[24167,36418],[-1,-309]],[[24166,36109],[-12,-67],[-13,7],[-14,-52],[-14,76],[-5,100],[-66,6]],[[24042,36179],[-61,13]],[[23981,36192],[3,305]],[[23984,36497],[1,235],[-6,1],[1,147]],[[17948,57354],[184,-3]],[[18132,57351],[15,-172],[-12,-37],[18,-67],[10,-70],[32,73],[24,-71],[-2,-86],[17,-102],[-12,-128],[-2,-73],[42,-75],[15,18],[22,-71],[-3,-167],[18,-74],[16,6],[5,-101],[-13,-58],[10,-58]],[[18332,56038],[34,-142],[-1,-103],[18,-31],[10,-49],[19,18],[13,-35]],[[18425,55696],[10,-109],[12,-25],[15,-144],[-8,-74],[-20,14]],[[18434,55358],[-11,-51],[-18,-17],[7,-62],[1,-148],[-6,-111],[-16,-8],[-8,-49],[11,-112],[-5,-125]],[[18389,54675],[-89,9]],[[18300,54684],[-47,0]],[[18253,54684],[3,111],[7,47],[-2,73],[-15,27],[-4,307],[-13,38],[-8,70],[-30,82],[-8,106],[-40,0],[-14,-55],[11,-115],[-126,-1],[0,-165],[4,-163],[-36,0]],[[17982,55046],[0,163],[-107,-5],[0,248],[-6,28]],[[17869,55480],[0,232],[-2,165],[48,0],[-1,663],[-11,0],[0,162],[70,1],[-15,40],[4,84],[16,35],[-8,70],[-23,57],[12,105],[-8,142],[9,66],[-12,52]],[[24632,37268],[12,8],[4,-48],[19,49],[6,57],[50,-1],[0,-91],[16,10],[4,-135]],[[24743,37117],[-9,-123],[-1,-79],[6,-129],[17,-83],[11,-81]],[[24767,36622],[-11,-74],[-10,10],[-24,-99]],[[24722,36459],[-47,-74],[-8,25],[0,104],[-8,10]],[[24659,36524],[-11,50],[-28,193]],[[24620,36767],[12,404],[0,97]],[[23790,39285],[0,166]],[[23790,39451],[134,8]],[[23924,39459],[4,-140],[-3,-111],[19,-104],[12,13],[12,-35],[5,-66]],[[23973,39016],[-27,35],[2,-69],[-8,-66],[-16,-37],[-15,-4],[0,-114],[-19,-44],[-1,64],[-20,62]],[[23869,38843],[-7,-143],[-17,4],[-6,39],[-19,15],[-13,-73],[-17,-6]],[[23790,38679],[0,606]],[[24797,35694],[10,57]],[[24807,35751],[31,287],[17,102]],[[24855,36140],[10,-10],[16,68],[13,-88],[16,-24],[18,-84]],[[24928,36002],[2,-83],[14,-18],[10,-70],[19,-53],[-1,-84],[11,-81],[-12,-51]],[[24971,35562],[0,-11]],[[24971,35551],[-16,12],[-7,37],[-30,14],[-19,-17],[-23,17]],[[24876,35614],[-79,-4]],[[24797,35610],[0,84]],[[23552,37119],[0,170]],[[23552,37289],[84,-12],[4,-24],[35,-26],[24,20],[6,-17]],[[23705,37230],[-3,-443],[7,-1]],[[23709,36786],[-2,-338]],[[23707,36448],[-21,40],[-31,-57],[1,44],[-104,17]],[[23552,36492],[0,627]],[[17580,56404],[0,951]],[[17580,57355],[234,-3],[134,2]],[[17869,55480],[-40,-1],[5,-63],[-10,-23],[-3,-101],[-18,-8],[-8,-47],[-12,60],[-17,-33],[-22,30],[-18,-21],[-9,63],[5,72],[-27,181],[-3,113],[-14,83],[7,55],[-10,80],[-18,20],[-8,-69],[-38,-74],[-5,-67],[-15,21],[-2,88],[-9,19]],[[17580,55858],[0,546]],[[19087,54334],[119,0]],[[19206,54334],[0,-110],[24,0],[0,-166],[35,0],[0,-82],[36,0],[0,-83],[32,0],[0,-552],[-11,-55],[-1,-124],[12,-41],[3,-165]],[[19336,52956],[-20,-1],[-42,109],[-17,-28],[-6,26],[-18,-21],[-3,-38],[-18,13],[-5,-32],[-18,3]],[[19189,52987],[-15,-66],[-13,33],[-22,-26],[-31,113],[0,62],[-16,2],[-9,98]],[[19083,53203],[5,26],[-2,493],[-35,1],[1,264],[-6,27],[0,112],[6,98],[35,0],[0,110]],[[18406,51367],[17,20],[26,107],[-3,125],[16,10],[9,96],[20,0],[1,167],[26,-1],[12,74],[17,9]],[[18547,51974],[17,-25],[-1,-55],[15,-85],[-3,-78],[10,-42],[3,-191],[7,-79],[-7,-65],[8,-42],[38,-87],[21,-72]],[[18655,51153],[-76,-11],[-15,8],[-9,-120],[-38,-113]],[[18517,50917],[-4,99],[-10,18],[-6,118],[-19,51],[-21,11],[-7,40],[-20,11],[-24,102]],[[23973,39016],[8,-92],[14,-42],[18,-1],[0,-57],[12,-56],[3,-59],[16,7]],[[24044,38716],[-4,-50],[-22,-141],[2,-117]],[[24020,38408],[-32,-176],[0,-84]],[[23988,38148],[-125,28]],[[23863,38176],[6,667]],[[23927,39626],[52,6],[62,-13]],[[24041,39619],[47,-3],[-1,-168]],[[24087,39448],[-4,-550]],[[24083,38898],[-23,42],[-16,-224]],[[23924,39459],[-1,68],[4,99]],[[20326,51229],[116,0],[221,-3]],[[20663,51226],[1,-656],[-2,-173],[-14,0],[0,-671]],[[20648,49726],[-11,0]],[[20637,49726],[-233,0],[-31,-13]],[[20373,49713],[-67,1]],[[20306,49714],[0,354],[-4,0]],[[20302,50068],[0,329],[12,0],[1,772],[11,60]],[[19853,53256],[118,0],[0,15],[208,1],[0,-28],[177,2]],[[20356,53246],[-10,-28],[0,-663],[-9,0],[0,-661],[-11,0],[0,-665]],[[20302,50068],[-33,-4],[-103,4],[0,331],[11,-3],[-1,613],[-51,21],[0,199],[10,0],[0,83],[-17,-1],[0,74]],[[20118,51385],[0,508],[-18,0],[-1,326],[-6,-2],[0,170],[-35,0],[0,138],[-5,28],[-158,-2]],[[19895,52551],[-12,27]],[[19883,52578],[-4,0],[1,192],[-6,37],[6,122],[-9,65],[0,80]],[[19871,53074],[-4,91],[-14,91]],[[23703,35691],[0,230],[2,268]],[[23705,36189],[71,-16],[0,-110],[51,-10]],[[23827,36053],[-2,-167],[7,-1],[-2,-322]],[[23830,35563],[-128,17]],[[23702,35580],[1,111]],[[24081,41316],[22,2]],[[24103,41318],[80,12]],[[24183,41330],[0,-478]],[[24183,40852],[-93,-6]],[[24090,40846],[-6,250],[8,41],[-8,70],[-3,109]],[[17697,54454],[28,-5],[22,-20],[13,35],[27,-26],[7,30],[83,-172],[4,-160],[17,-28],[18,0],[13,-56]],[[17929,54052],[6,-82],[17,0],[0,-83],[18,-29],[0,-55],[17,-28],[6,-107],[23,0],[0,-84],[-11,-27],[-12,-87],[0,-248],[5,-164],[-35,-20]],[[17963,53038],[-22,-76],[-10,28],[7,88],[-18,48],[-10,60],[-16,24],[-4,134],[-6,67]],[[17884,53411],[-12,75],[-14,18],[-6,85],[-16,82],[-4,63],[-27,93],[-23,201],[-57,82],[-6,91],[-55,181],[30,34],[3,38]],[[18762,51248],[28,-5],[13,72]],[[18803,51315],[20,140],[26,53],[9,105],[12,13],[-1,125],[12,98],[8,17],[1,125],[52,0],[27,9]],[[18969,52000],[78,0]],[[19047,52000],[-2,-97],[1,-452],[-2,-226],[0,-373],[-18,0],[0,-125],[-17,0],[1,-331],[-34,0],[0,-334],[-2,-335]],[[18974,49727],[-2,1],[0,-639]],[[18972,49089],[0,-358]],[[18972,48731],[-22,42],[-14,131],[-13,15],[2,86],[-21,153],[-22,93]],[[18882,49251],[1,307],[0,836],[6,0],[0,556],[-52,0],[-34,193],[-17,0],[0,56],[-24,49]],[[26284,27938],[17,110],[25,53],[1,46],[21,114]],[[26348,28261],[30,158],[7,96],[0,60],[17,106],[-10,209]],[[26392,28890],[2,67],[14,30],[1,73],[9,45],[19,0]],[[26437,29105],[0,-146],[19,-44],[13,-59],[13,-9]],[[26482,28847],[-17,-35],[-9,-78],[-16,13],[-8,-77]],[[26432,28670],[-20,3],[0,-594]],[[26412,28079],[-30,1],[-1,-186]],[[26381,27894],[-38,-61],[-4,-31]],[[26339,27802],[-3,15],[-64,2]],[[26272,27819],[12,119]],[[27127,25228],[44,71],[53,98]],[[27224,25397],[12,-277]],[[27236,25120],[6,-79],[17,-97],[12,-178],[21,9],[14,-119],[-10,-70],[1,-99],[5,-72]],[[27302,24415],[-12,-1]],[[27290,24414],[-18,54],[-4,77],[-10,-9],[-6,84],[-12,28],[-8,136],[-16,57],[-2,43],[-23,-29],[-11,39],[-8,102],[-20,109],[-7,2]],[[27145,25107],[-11,30],[-7,91]],[[26428,31051],[0,36],[19,83],[7,-48],[25,15],[15,32],[7,45]],[[26501,31214],[6,-96],[14,-47],[35,75],[16,-20],[20,5]],[[26592,31131],[-10,-176]],[[26582,30955],[-29,-24],[-18,-125],[-15,-61],[1,-37],[-13,-75]],[[26508,30633],[-35,0]],[[26473,30633],[-54,2]],[[26419,30635],[9,416]],[[26482,28847],[-6,29],[9,158],[7,37]],[[26492,29071],[54,-133],[14,56]],[[26560,28994],[-14,-235],[8,-38],[11,-104]],[[26565,28617],[-51,-274]],[[26514,28343],[-11,-64]],[[26503,28279],[-15,47],[-23,145],[-13,37],[-15,88],[-5,74]],[[27426,32284],[22,-14],[48,-196]],[[27496,32074],[12,-38],[23,-8],[0,-76],[34,-185],[0,-57],[8,-91]],[[27573,31619],[-32,-3]],[[27541,31616],[-39,-1],[-84,7]],[[27418,31622],[-1,73],[-8,244],[17,345]],[[27372,33635],[18,-5]],[[27390,33630],[37,6],[26,-8]],[[27453,33628],[48,-14]],[[27501,33614],[-3,-551]],[[27498,33063],[0,-38]],[[27498,33025],[-4,35],[-19,-4],[-5,52],[-18,-9],[-10,-53],[-9,31],[-35,-28],[-18,-34]],[[27380,33015],[2,172],[-28,144]],[[27354,33331],[6,32],[-8,66],[13,91],[7,115]],[[24539,42734],[7,148],[20,44],[12,-24],[21,60],[19,0]],[[24618,42962],[37,18],[17,93],[15,29],[22,-5],[13,79],[20,43],[0,113],[8,91],[-1,65]],[[24749,43488],[21,103]],[[24770,43591],[3,-205],[19,-58],[0,-91],[-6,-24]],[[24786,43213],[-3,-85],[-13,-29],[-25,-21],[-28,-109],[0,-247]],[[24717,42722],[-89,3],[-89,9]],[[27141,23659],[7,37],[4,98],[8,-2],[11,102]],[[27171,23894],[13,-102],[17,-83],[13,-31],[19,-90],[5,47],[28,-46]],[[27266,23589],[3,-52],[-5,-92],[-11,-39],[-10,-94],[-12,-52],[2,-91],[-5,-107],[-6,0]],[[27222,23062],[-4,39],[-20,49],[-10,55],[2,57],[-21,-26],[-15,27],[-23,90]],[[27131,23353],[-2,14],[12,292]],[[15834,36181],[12,17],[37,-193],[26,-12],[14,-67],[10,-85],[112,187]],[[16045,36028],[1,-522],[15,-34],[8,-82]],[[16069,35390],[-109,5],[-17,-58],[-5,21],[-27,-4]],[[15911,35354],[-4,61],[-15,10],[-1,54],[-10,114],[-4,152],[-12,83],[-13,25],[-8,83],[-13,24]],[[15831,35960],[-1,13]],[[15830,35973],[8,129],[-4,79]],[[16085,38278],[12,60],[19,47],[7,-34]],[[16123,38351],[25,-42],[14,47],[9,-48],[18,3],[9,73],[6,96],[12,82],[25,121],[18,61],[17,90],[23,52],[179,2]],[[16478,38888],[0,-288]],[[16478,38600],[0,-100]],[[16478,38500],[1,-87]],[[16479,38413],[-40,0],[-11,-69],[-40,-17],[-30,11],[-10,-119],[-12,-66],[-18,-27],[-18,53],[-22,104],[-13,15],[-22,-57],[-3,-47],[-21,22],[-7,-47],[-26,-75],[-1,-93],[-9,-34],[-15,-232]],[[16161,37735],[-95,44]],[[16066,37779],[4,33],[0,332],[15,0],[0,134]],[[16868,27756],[17,-8],[27,-87],[18,-36],[20,-143],[-4,-68],[-14,40],[-18,-3],[-13,62],[-1,131],[-21,28],[-11,84]],[[16866,26906],[9,3],[8,-85],[17,-126],[32,-161],[-16,-72],[-21,98],[-11,113],[-18,230]],[[16791,30258],[7,52],[83,1],[116,5],[132,3]],[[17129,30319],[0,-504],[6,-513],[-9,-235],[-14,-276],[-11,4],[-10,-91],[6,-56]],[[17097,28648],[-54,0],[0,-83],[-23,-108],[-1,-50],[-15,-146]],[[17004,28261],[-14,38],[-11,-77],[-23,-33],[-26,71],[-13,61],[10,56],[1,60],[-17,229],[-19,137],[-14,27],[-46,-17],[-15,-25],[-5,-37],[-11,59],[-28,27]],[[16773,28837],[1,56],[43,178],[33,0],[0,138],[10,0],[-1,98],[-68,951]],[[15893,37357],[13,8],[13,-54],[20,84],[25,6],[23,-20],[20,2],[0,-407],[28,-1]],[[16035,36975],[-2,-175],[-4,-49],[-19,-69],[-8,-143],[-8,5],[-15,-50],[-19,10]],[[15960,36504],[-13,-40],[-20,42],[-22,-10],[-17,-49],[-17,34],[-24,12]],[[15847,36493],[-9,82],[-27,75]],[[15811,36650],[-2,25]],[[15809,36675],[59,-2],[-6,48],[5,96],[-4,55],[2,108],[39,0],[-2,86],[-15,130],[6,161]],[[15499,44007],[48,-3],[32,9]],[[15579,44013],[24,9],[28,-11],[92,2],[94,10],[24,-2]],[[15841,44021],[98,-9],[137,-12]],[[16076,44000],[-3,-90],[3,-331],[0,-662],[0,-469]],[[16076,42448],[-189,-1],[-104,0]],[[15783,42447],[-4,83],[3,207],[-14,51],[-11,-68],[-15,-3],[-3,-63],[-15,-32],[-4,-52],[-14,-31],[-10,-55],[-23,1],[-12,-49],[-10,-124],[2,-61],[12,-15],[7,-82],[-5,-59],[-14,26],[-20,-15],[-5,81],[-22,61],[-29,-5],[-10,90],[-22,76],[-15,32]],[[15530,42441],[-13,109],[3,24],[-9,223],[-8,31],[-44,-1]],[[15459,42827],[14,153],[-7,36],[-4,111],[-12,33],[-7,73],[11,80],[4,104],[-7,213],[-4,49],[39,142],[13,186]],[[16635,30469],[16,-1],[0,-40],[30,0],[9,-42],[0,-83],[74,-4],[0,-41],[27,0]],[[16773,28837],[-39,103],[-12,3],[-24,86],[-18,230],[-31,98],[-11,71],[-13,36]],[[16625,29464],[7,43],[3,113],[0,849]],[[16597,27375],[14,13],[19,-55],[-3,-80],[-21,34],[-9,88]],[[16027,38848],[16,18],[25,54],[19,13],[10,47],[8,110],[1,81],[7,21],[3,83],[43,14],[0,55],[12,22],[8,58]],[[16179,39424],[19,80]],[[16198,39504],[-7,-238],[3,-235]],[[16194,39031],[-17,3],[-11,-25],[-9,-77],[-14,-44],[-4,-64],[-13,-21],[-3,-79],[0,-373]],[[16085,38278],[-19,-6],[-28,-72],[-7,193],[6,63],[-8,149],[1,89],[-7,60],[4,94]],[[16328,34556],[16,-140],[10,-114],[-2,-92],[16,-78],[8,-71],[23,-29],[28,13],[5,51],[25,42],[14,-21],[11,46],[43,27],[14,61],[4,65],[9,48],[0,50],[13,80],[20,32],[4,80],[10,-14],[3,153],[18,-36],[24,69],[6,-22],[16,107],[-2,202],[7,79],[81,444]],[[16752,35588],[16,-53],[13,-15],[18,-142],[16,24],[6,-48]],[[16821,35354],[4,-52],[-9,-80],[1,-96],[13,-54],[7,25],[14,-128],[-5,-35],[3,-142],[5,-51],[17,-7],[7,-43],[18,-38],[23,-136],[3,-83],[14,-177],[0,-81],[-8,-21],[8,-171]],[[16936,33984],[-54,-10],[-119,4],[-1,-161],[-89,7],[0,-166],[-45,3],[-30,-165]],[[16598,33496],[-26,-133],[-4,20],[-20,-52],[-57,-2],[0,-417],[-100,-525]],[[16391,32387],[-12,109],[-20,9],[-13,79],[-17,50],[-15,67],[0,38],[-16,31],[-5,100],[12,82],[-16,92],[1,30]],[[16290,33074],[4,90],[19,27],[-2,304],[-88,481]],[[16223,33976],[73,405],[19,0],[-2,93],[15,82]],[[16936,33984],[0,-93],[11,-131],[11,-43],[-2,-88],[14,-66],[-3,-71],[42,-301],[-8,-92],[7,-137],[11,-66],[-2,-59],[10,-256],[8,-48],[6,-168],[-6,-63],[-1,-140]],[[17034,32162],[-173,1],[-135,2],[-118,-2]],[[16608,32163],[0,664],[2,252],[16,-2],[0,252],[-15,1],[0,164],[-13,2]],[[16079,40481],[17,-82],[-2,-109],[-10,-68],[-1,-165],[3,-111],[14,-30],[12,-112],[19,-81],[11,-103],[21,-138],[16,-58]],[[16027,38848],[-2,20],[-77,-4]],[[15948,38864],[5,153]],[[15953,39017],[5,132],[-2,107],[6,52],[-38,-5],[-3,48],[8,222],[9,43],[-29,190]],[[15909,39806],[-5,24],[6,140],[67,1],[14,43],[2,60],[12,88],[16,-4],[2,83],[12,61],[2,81],[21,0],[16,41],[5,57]],[[16499,28864],[3,34],[17,-12],[11,-34],[16,11],[21,-75],[18,-6],[7,63],[18,-16],[-5,-68],[-12,-30],[-20,-7],[-14,-47],[-29,-3],[-15,39],[-1,99],[-15,52]],[[16410,28755],[23,11],[8,34],[18,-3],[19,-86],[1,-72],[-14,-51],[-20,-36],[-16,61],[-12,114],[-7,28]],[[16354,28816],[24,74],[13,-104],[-11,-7],[-26,37]],[[16298,30609],[5,-29],[38,64],[17,-12],[30,-116],[10,8],[-10,108],[5,43],[16,38],[18,2],[6,86],[20,74],[33,-107],[13,3],[7,-41],[14,-11],[6,-51],[24,-61],[20,0],[16,-44],[23,-101],[17,7]],[[16626,30469],[9,0]],[[16625,29464],[-24,78],[-30,2],[-16,-39],[-18,43],[-24,-22],[-36,102],[-22,0],[-9,19],[-46,-3],[-52,-40],[-11,144],[-20,65],[-11,-6],[-6,44],[12,243],[-10,119],[7,144],[-1,46],[-15,67],[5,139]],[[15747,37651],[46,72],[25,213],[-6,90]],[[15812,38026],[13,-54],[17,7],[15,-190],[3,-84],[15,-78],[8,-88],[10,-182]],[[15809,36675],[10,4],[3,138],[-13,98],[3,43],[-15,143],[-14,86],[-2,63],[-11,73],[0,46],[-21,77],[-7,73],[5,132]],[[15625,40739],[25,53],[15,-16],[12,77],[7,-7],[29,42],[28,-70],[36,124],[21,-38],[38,-5],[16,31],[17,-7],[50,82],[19,-21],[18,41],[20,15],[20,-18],[13,33],[12,-34],[15,-7],[7,28],[19,-1]],[[16062,41041],[5,-50],[3,-132],[24,-18],[10,-53],[-4,-166],[-21,-141]],[[15909,39806],[-120,3],[-128,-2]],[[15661,39807],[-6,89],[2,120],[9,16],[-4,118]],[[15662,40150],[-5,38],[-3,194],[-7,86],[5,79],[-6,122],[-17,33],[-4,37]],[[15975,34186],[18,112],[10,11],[18,-40]],[[16021,34269],[6,-91],[7,-17],[26,-150],[6,13],[9,-78],[-9,-22],[11,-76],[22,-32],[13,-89],[-3,-105],[24,-91],[14,-117],[42,-232],[0,-101],[25,7],[9,69],[15,-35],[30,-172],[15,9],[-4,101],[11,14]],[[16391,32387],[11,-2],[9,-54],[-4,-60],[11,-51],[2,-58]],[[16420,32162],[-133,3],[-183,9]],[[16104,32174],[-18,114],[-15,63],[-6,157],[-7,69],[-17,35],[-17,176],[-23,148],[-31,90],[-7,68],[-13,57],[2,62],[-9,226],[-6,61],[6,66],[-2,66],[-12,32],[13,115],[16,-62],[13,100],[10,280],[-6,89]],[[27380,13125],[0,332]],[[27380,13457],[54,-2],[0,-42],[107,0],[0,27],[50,8]],[[27591,13448],[0,-247],[-4,-155],[-30,-70],[-18,-297],[-8,-83],[-2,-111],[3,-139],[5,-46],[-18,-128]],[[27519,12172],[-1,-33]],[[27518,12139],[-5,-67]],[[27513,12072],[-27,-50],[2,-38]],[[27488,11984],[-27,7],[-39,-98],[-29,2],[-8,31]],[[27385,11926],[-2,357],[-3,0],[0,842]],[[26329,21864],[35,120],[27,23],[13,210],[22,131],[4,82]],[[26430,22430],[56,-18]],[[26486,22412],[21,-7]],[[26507,22405],[0,-120],[8,-165],[-17,-2],[0,-111],[-10,-56],[0,-306]],[[26488,21645],[-46,1],[-2,56],[-130,-7]],[[26310,21695],[0,58],[19,111]],[[26885,17640],[75,-4],[77,1]],[[27037,17637],[14,0],[0,-1002]],[[27051,16635],[-139,-2]],[[26912,16633],[21,193],[12,34],[12,140],[-6,119],[-13,16],[-8,-86],[5,-78],[-23,48],[4,33],[2,130],[-6,65],[-13,24],[-13,72]],[[26886,17343],[-1,297]],[[26953,20141],[53,-1],[2,-107],[18,-9],[25,35],[0,56]],[[27051,20115],[8,45],[26,41],[20,-3],[5,-54],[19,2],[0,-111],[9,1],[0,-112],[21,1],[-4,-90]],[[27155,19835],[11,-91]],[[27166,19744],[1,-437],[-6,0],[0,-166],[-82,-1]],[[27079,19140],[-99,1]],[[26980,19141],[-16,80],[-14,21],[-15,72],[-18,-12]],[[25628,23028],[105,-4]],[[25733,23024],[-4,-1163]],[[25729,21861],[-33,-31]],[[25696,21830],[0,30],[-40,-43],[-33,-56],[-15,28],[1,65],[26,64],[3,169],[-11,69],[-12,26],[-13,106],[-5,201],[-10,20],[-1,114],[6,49],[-6,69],[8,75],[1,71],[33,141]],[[26559,21702],[98,1],[0,-83],[28,0]],[[26685,21620],[-1,-711],[5,-125],[10,1]],[[26699,20785],[0,-85],[-8,-66],[-1,-92],[-6,-56],[-10,4]],[[26674,20490],[-21,39],[-3,46],[-13,30],[-13,105],[0,68],[-9,44],[-5,84],[-12,68],[-30,105],[-38,110],[-18,98]],[[26512,21287],[11,191],[6,9],[4,103],[21,68],[5,44]],[[27051,20586],[2,1]],[[27053,20587],[11,39],[19,16],[9,87],[13,13],[14,69],[64,7]],[[27183,20818],[4,-71],[12,-82],[0,-262]],[[27199,20403],[1,-240],[8,-81],[4,-110],[12,4]],[[27224,19976],[-5,-38],[-64,-103]],[[27051,20115],[0,471]],[[26702,22333],[48,-20]],[[26750,22313],[124,-50]],[[26874,22263],[-10,-73],[3,-103],[16,-124],[4,-65],[-10,-121],[-11,-41],[-21,30]],[[26845,21766],[-38,102],[-7,44],[-34,47],[-21,-40],[-5,-61]],[[26740,21858],[-2,48],[-11,33],[-7,86],[1,86],[-10,211],[-9,11]],[[27582,41477],[127,-8]],[[27709,41469],[1,-49],[-9,-69],[-12,-29],[0,-82],[18,-47],[-1,-186],[-19,-100],[-4,-148],[1,-133],[-24,-58]],[[27660,40568],[-24,31],[0,52],[12,22],[-76,153],[-49,276]],[[27523,41102],[50,248],[10,14],[-1,113]],[[28537,40420],[7,65],[36,81]],[[28580,40566],[37,80],[35,32],[44,116]],[[28696,40794],[77,-341]],[[28773,40453],[-19,-53],[2,-137],[-16,-162],[2,-115],[-9,-116],[-24,-205],[-9,-4]],[[28700,39661],[-27,-1]],[[28673,39660],[-2,0]],[[28671,39660],[-10,104],[-17,88],[-11,83],[-4,88],[-23,68],[-17,198],[-10,-10],[-26,33],[-16,108]],[[28940,40148],[19,66],[-16,81],[11,74],[13,-16],[19,-74],[4,44],[22,132]],[[29012,40455],[15,-44],[-3,-128]],[[29024,40283],[-24,-107]],[[29000,40176],[-20,-63],[-2,-135]],[[28978,39978],[-20,-40]],[[28958,39938],[-14,18],[6,125],[-10,67]],[[28855,39884],[-4,-2]],[[28851,39882],[4,2]],[[28773,40453],[50,200]],[[28823,40653],[27,-10],[7,-79],[28,-126],[5,-79],[10,17],[7,-68],[9,8]],[[28916,40316],[-21,-153],[-24,-78],[-7,-66],[-14,-67],[1,-71]],[[28851,39881],[-30,-66],[-24,-153]],[[28797,39662],[-97,-1]],[[26853,30787],[44,135],[9,9]],[[26906,30931],[22,40],[30,97],[10,-44]],[[26968,31024],[8,-14],[14,29],[16,-8]],[[27006,31031],[-3,-647],[22,-136]],[[27025,30248],[-25,-378],[1,-98],[-22,-99]],[[26979,29673],[-30,140],[-2,79],[-7,48],[-3,229],[4,47],[-10,96]],[[26931,30312],[-2,147],[-9,83],[-7,145],[-13,75],[-22,19],[-21,-32],[-4,38]],[[27381,26197],[12,83]],[[27393,26280],[16,-52],[9,10],[15,-50],[10,-114],[18,-58],[9,0],[4,-70],[17,-84]],[[27491,25862],[-2,-46],[7,-97],[8,-39],[-7,-128],[-32,-88],[-21,-30],[0,59],[-18,61],[-16,-72],[22,-80],[4,-58],[-20,-137],[-21,-63],[-6,17],[-10,-70]],[[27379,25091],[-6,59],[-17,41],[3,65],[-17,97],[5,104],[-4,64],[20,-12],[4,99],[8,3],[14,60],[-2,84],[8,118],[-8,75],[5,120],[-11,129]],[[27543,29445],[0,4]],[[27543,29449],[68,240],[18,18],[4,-27],[23,7],[15,78]],[[27671,29765],[6,-88],[15,35],[1,-129],[22,-119],[-4,-38],[8,-94]],[[27719,29332],[-6,-33],[-14,14],[-6,-85],[-19,-10],[-70,-303]],[[27604,28915],[-17,76],[-8,68],[13,67],[0,60],[-6,107],[-11,80],[-9,24],[-10,-28],[-13,76]],[[28916,40316],[24,-168]],[[28958,39938],[-17,-34],[-16,0],[-24,-90]],[[28901,39814],[-2,9]],[[28899,39823],[-21,51],[-23,10]],[[28851,39882],[0,-1]],[[26998,29532],[20,-113],[1,-38],[24,-60],[21,-110],[8,-6],[10,-67]],[[27082,29138],[13,-110],[8,-19]],[[27103,29009],[-16,-110],[-6,-74],[-12,-78],[-5,-70]],[[27064,28677],[-11,-16]],[[27053,28661],[-8,50],[-21,14],[-13,-15],[-13,76],[-17,-89],[-6,176]],[[26975,28873],[17,84],[7,104],[-2,108],[-16,111],[-1,82],[-7,42],[25,128]],[[27107,29884],[8,163],[12,300],[20,144]],[[27147,30491],[18,-24],[5,-49],[11,25],[21,-20],[16,-72]],[[27218,30351],[-6,-34]],[[27212,30317],[7,-116],[-1,-163],[11,-79],[-2,-118]],[[27227,29841],[0,-148]],[[27227,29693],[-17,-8],[-16,-86],[-3,61],[-25,108]],[[27166,29768],[-59,116]],[[27131,31001],[112,-29]],[[27243,30972],[-10,-54],[-2,-172],[-22,-22],[3,-97],[-4,-71],[10,-205]],[[27147,30491],[-12,34],[-11,200],[-23,283]],[[27101,31008],[30,-7]],[[28882,40989],[20,133],[22,94]],[[28924,41216],[38,136]],[[28962,41352],[2,-32]],[[29033,40842],[20,-88],[8,-85],[19,-67],[14,-124]],[[29094,40478],[-17,-56],[-9,13],[-12,-82],[-21,-30],[-11,-40]],[[29012,40455],[-130,534]],[[28885,41745],[25,31],[23,55],[19,76],[4,54],[27,78]],[[28983,42039],[19,-182],[-16,-157],[-17,-25],[-9,-165],[2,-158]],[[28924,41216],[-20,84],[6,82],[-13,84],[-14,-24],[-13,123],[-9,1],[-12,55],[-2,72]],[[28847,41693],[38,52]],[[28888,43322],[-6,682]],[[28882,44004],[34,0]],[[28916,44004],[14,-96],[9,-19],[4,-130],[19,-4],[14,-34]],[[28976,43721],[17,-75],[-6,-71],[15,-42],[1,-229],[-6,-58]],[[28997,43246],[-27,-241],[-5,-62],[-17,-77],[-5,-58],[-17,-12],[4,-66],[-8,-146],[-5,-30]],[[28917,42554],[-41,-12]],[[28876,42542],[18,50],[-6,730]],[[26901,28777],[18,111],[13,17],[8,-39],[35,7]],[[27053,28661],[-30,-45],[0,-91],[9,-76],[-6,-90],[-8,-56],[-3,-79],[5,-64],[20,-108],[-6,-71]],[[27034,27981],[-5,-11],[-17,76],[-7,106]],[[27005,28152],[-10,140],[-25,143],[-21,56],[-20,87],[-6,52],[-14,36]],[[26909,28666],[-8,111]],[[27075,43062],[26,-42],[26,24],[10,-17],[41,140],[19,103],[12,32]],[[27209,43302],[0,-117],[27,0]],[[27236,43185],[0,-423]],[[27236,42762],[-58,6],[10,-138],[-34,-3]],[[27154,42627],[-54,-4]],[[27100,42623],[1,144],[-27,1],[1,294]],[[28288,40570],[22,39],[31,129],[11,-46],[16,57],[16,-26],[49,41],[33,18],[17,36]],[[28483,40818],[-2,-74],[18,-121]],[[28499,40623],[-11,-22],[-9,-102],[-28,-26],[-30,-148]],[[28421,40325],[-13,-77],[-61,-67],[-19,-96]],[[28328,40085],[5,54],[-22,145],[-10,148],[-11,52],[-2,86]],[[23232,32874],[40,0],[4,-55],[10,-8],[5,-72],[31,-31]],[[23322,32708],[65,-1]],[[23387,32707],[-5,-125],[-15,-86],[0,-125],[13,-91],[-10,-72]],[[23370,32208],[-26,18],[-17,-44],[-16,9],[-23,-31],[-6,-43],[-16,49],[-3,125],[-32,-1]],[[23231,32290],[-15,0]],[[23216,32290],[0,86],[16,0],[0,498]],[[23353,33537],[90,-1]],[[23443,33536],[0,-496],[-2,-167]],[[23441,32873],[-30,-1],[0,-166],[-24,1]],[[23322,32708],[1,332],[0,497],[30,0]],[[22700,31301],[15,-62],[17,-32],[1,-122],[41,-164],[1,-99],[11,-3],[6,-230],[12,1],[44,-70]],[[22848,30520],[15,7],[20,-46],[24,108]],[[22907,30589],[-1,-209]],[[22906,30380],[-205,1]],[[22701,30381],[-1,28],[0,889]],[[22700,31298],[0,3]],[[23213,22325],[65,-231],[66,-1],[0,-8]],[[23344,22085],[9,-136],[6,-53],[19,-49],[10,-53],[10,-13]],[[23398,21781],[20,-339]],[[23418,21442],[-47,-258],[-8,-8],[-16,93],[-12,12],[-9,62],[-14,-23],[-7,75],[-14,53],[-14,-72],[-15,-45],[-32,-41],[-9,5]],[[23221,21295],[-1,296]],[[23220,21591],[0,176],[-7,558]],[[22384,20533],[8,57]],[[22392,20590],[11,-7],[10,39],[16,15]],[[22429,20637],[12,-10],[16,23],[19,-35],[17,25],[21,-47],[-11,-35],[0,-78],[9,-15],[2,-80],[8,-35]],[[22522,20350],[11,-93],[14,4],[16,-133],[10,9],[-2,-78]],[[22571,20059],[-76,-625]],[[22495,19434],[-111,260]],[[22384,19694],[0,839]],[[21992,17685],[28,2]],[[22020,17687],[66,3],[134,10]],[[22220,17700],[2,-333],[117,40],[46,12]],[[22385,17419],[0,-504],[1,-837]],[[22386,16078],[0,-164],[-43,2]],[[22343,15916],[-106,8],[-10,87],[-23,-103]],[[22204,15908],[-12,13],[-3,130],[5,138],[-2,75],[5,51],[-14,39],[5,125],[-9,79],[-17,69],[-10,-29],[-8,63],[-15,12],[-14,126],[-18,58],[-12,72],[-4,176],[-12,117],[1,51],[-16,23],[-8,137],[-9,38],[-9,113],[-21,45],[-15,56]],[[22820,14280],[5,0]],[[22825,14280],[-5,0]],[[22647,13629],[0,531]],[[22647,14160],[93,-94],[10,72],[13,-23],[5,77],[12,86],[10,2]],[[22790,14280],[14,-220],[5,-29],[-10,-108],[13,-263],[17,-12],[4,-63],[12,-15],[1,-163],[-22,11],[-27,-67],[-12,-41],[-2,-119],[-19,15],[-4,69],[-18,3],[-3,51],[-14,48],[-18,132],[-15,46],[-21,-3],[-7,57],[-17,20]],[[23596,23094],[91,125]],[[23687,23219],[24,37],[1,30]],[[23712,23286],[36,45]],[[23748,23331],[12,-402],[-1,-412],[-8,-931]],[[23751,21586],[-61,-2]],[[23690,21584],[0,83],[10,109],[-10,128],[13,222]],[[23703,22126],[-4,133],[8,112],[-19,56],[-4,189],[-11,28],[-8,213],[-10,113],[-2,96],[-26,40],[-19,-26],[-12,14]],[[23751,21586],[54,2]],[[23805,21588],[-4,-67],[7,-109],[-8,-109],[0,-82]],[[23800,21221],[-18,-116],[-8,-133],[-10,-106]],[[23764,20866],[4,123],[-6,91],[-20,26],[-28,71],[0,74],[-17,32],[5,62],[-11,84]],[[23691,21429],[6,81],[-7,74]],[[21599,32670],[150,0]],[[21749,32670],[0,-820]],[[21749,31850],[-150,-3]],[[21599,31847],[0,823]],[[23402,26658],[120,4]],[[23522,26662],[4,-49]],[[23526,26613],[1,-164]],[[23528,26180],[-16,15],[-17,-131],[-47,-103]],[[23448,25961],[-3,-29],[-38,50],[-5,42]],[[23402,26024],[0,634]],[[22522,20350],[62,170],[25,131]],[[22609,20651],[15,104],[19,98]],[[22643,20853],[11,-57],[-1,-56],[17,-97],[12,-109],[29,-79]],[[22711,20455],[-58,-520]],[[22653,19935],[-79,3],[-3,121]],[[23209,28445],[23,64]],[[23232,28509],[29,70],[9,-4],[8,65],[12,-27],[6,-89],[17,-2],[9,-26],[21,0],[15,21]],[[23358,28517],[0,-659],[0,-289]],[[23358,27569],[-18,23],[-25,79],[-7,38],[-10,-15],[-11,59],[-22,19],[-8,-27],[-26,42],[-15,-59],[-11,-4]],[[23205,27724],[1,690],[3,31]],[[21386,23196],[24,-2]],[[21410,23194],[147,-12]],[[21557,23182],[139,-1]],[[21696,23181],[87,6]],[[21783,23187],[1,-718]],[[21784,22469],[0,-797]],[[21784,21672],[-116,0],[-106,0]],[[21562,21672],[5,75],[22,58],[-11,84],[-12,38],[27,247],[-8,168],[-10,26],[-16,0]],[[21559,22368],[-11,89],[-2,100],[-7,23],[2,72],[-9,143],[-7,26],[2,67],[-10,18],[-18,99],[-19,30],[-13,-13],[-26,14],[-5,58],[-23,6],[-8,46],[-19,50]],[[22867,17121],[2,-95]],[[22869,17026],[-17,-26],[7,87],[8,34]],[[22849,17127],[1,-6]],[[22850,17121],[0,-6]],[[22850,17115],[-1,12]],[[22846,17090],[3,17]],[[22849,17107],[-3,-17]],[[22813,16501],[7,109],[12,43],[15,222],[5,13],[0,94],[20,-6],[-28,-245],[-19,-229]],[[22819,17043],[0,-1]],[[22819,17042],[4,-49]],[[22823,16993],[-4,5]],[[22819,16998],[0,45]],[[22665,17301],[-3,-116],[9,6],[24,-40],[4,-66],[24,-50],[13,4],[15,-34]],[[22751,17005],[7,-32],[22,31],[-2,-109],[13,-112],[25,-61],[-19,-250]],[[22625,16615],[2,269],[0,207],[38,210]],[[21615,29346],[26,0]],[[21641,29346],[120,0]],[[21761,29346],[0,-913]],[[21761,28433],[-145,-6]],[[21616,28427],[-1,919]],[[15769,54309],[-70,0]],[[15699,54309],[0,223],[-62,0]],[[15637,54532],[16,123],[13,68],[25,35],[22,60],[0,89],[18,155],[31,144],[-6,88],[20,-15],[10,-322],[-18,-33],[14,-61],[0,-195],[-11,-68],[0,-60],[13,-28],[-10,-78],[-5,-125]],[[16632,52928],[23,-2],[0,113]],[[16655,53039],[185,-3],[138,5]],[[16978,53041],[-11,-12],[9,-101],[-4,-44],[9,-87],[-5,-41]],[[16976,52756],[-3,8]],[[16973,52764],[-23,25],[-22,-49],[-24,27],[-20,-74],[-20,-105],[-4,-166],[-31,-104],[-9,-132],[-15,-16],[-8,-56],[-32,-26],[-19,-88]],[[16746,52000],[-23,61],[-24,27],[-14,58],[3,87],[-5,107],[3,122],[-3,163],[-28,119],[-11,70],[-1,63],[-11,51]],[[15703,51348],[12,37],[6,118],[29,7],[17,35],[9,57],[13,8],[40,-44],[11,160],[14,9]],[[15854,51735],[-2,-357],[1,-608]],[[15853,50770],[-23,1],[-14,53],[-16,-24],[-10,28],[-56,76],[-25,75],[1,136]],[[15710,51115],[-2,99],[-8,56],[3,78]],[[27151,37572],[18,-136],[31,110]],[[27200,37546],[15,-120],[45,-28],[9,-25],[22,11]],[[27291,37384],[-25,-106],[8,-185],[7,-212]],[[27281,36881],[-1,-1]],[[27280,36880],[-27,-181],[-14,-380]],[[27239,36319],[-16,-2],[-5,37]],[[27218,36354],[-6,139],[-14,29],[3,66],[-15,52],[-11,75],[-11,16],[2,68],[-34,13],[-19,-35]],[[27113,36777],[8,76],[-4,129],[-27,17]],[[27090,36999],[4,139],[18,57],[31,75],[-8,106],[1,129],[15,67]],[[27349,37747],[79,307],[27,48]],[[27455,38102],[5,-80],[18,1],[14,-64],[-4,-55],[8,-48],[0,-69]],[[27496,37787],[-14,-178],[-40,-227]],[[27442,37382],[-24,11],[-13,48],[-27,-96]],[[27378,37345],[-9,107],[-33,199]],[[27336,37651],[13,96]],[[24411,48956],[102,1]],[[24513,48957],[0,-666],[3,0],[1,-320]],[[24517,47971],[-13,14],[-9,-56],[-22,14],[-10,-90],[6,-64],[-29,0]],[[24440,47789],[-4,33],[-33,45]],[[24403,47867],[-3,24],[10,111],[-7,93],[-9,20],[-3,106],[20,68],[0,667]],[[15266,54557],[86,0],[0,-29],[150,-1]],[[15502,54527],[1,-495],[4,0],[0,-335],[80,5]],[[15587,53702],[0,-168],[12,-2],[0,-387]],[[15599,53145],[-59,-2]],[[15540,53143],[-45,4],[-90,-5],[-68,5]],[[15337,53147],[3,140],[29,104],[32,40],[3,47],[-37,24],[-10,95],[-26,22],[-8,-39],[6,-144],[-13,-35],[2,128],[-2,188],[-9,238],[-8,132],[-12,37],[-11,93],[-5,95],[-5,245]],[[16514,52831],[15,-5],[31,44],[24,-8],[30,158],[18,-92]],[[16746,52000],[21,-118],[7,-108],[0,-90],[-13,-52]],[[16761,51632],[-6,-39],[-32,-88],[-20,-10],[-17,23],[-30,-35],[-19,-6]],[[16637,51477],[-15,-23],[-23,36],[-15,-37],[-13,-93],[-55,-40]],[[16516,51320],[1,390]],[[16517,51710],[-3,332],[0,789]],[[27472,39103],[14,77]],[[27486,39180],[56,-67],[27,-79]],[[27569,39034],[-2,-218],[10,-69]],[[27577,38747],[-16,-136],[-1,-111]],[[27560,38500],[-20,-17]],[[27540,38483],[-42,66],[-27,25],[-13,29]],[[27458,38603],[18,87],[-21,140],[17,126],[0,147]],[[27262,38639],[8,141],[8,16]],[[27278,38796],[5,76],[14,-3],[26,47],[10,-4],[10,42]],[[27343,38954],[12,-22],[7,90],[16,-54],[-2,-122]],[[27376,38846],[-7,-41],[28,-312]],[[27397,38493],[1,-19],[-30,-106],[-32,-65]],[[27336,38303],[-12,1],[-15,67],[-9,-28]],[[27300,38343],[-13,27],[-12,-18],[-3,129],[-17,76],[7,82]],[[27361,39442],[17,26],[6,139],[7,52]],[[27391,39659],[88,1]],[[27479,39660],[27,0]],[[27506,39660],[7,-78],[0,-82]],[[27513,39500],[-13,-15],[-15,-126],[7,-147],[-6,-32]],[[27472,39103],[-21,40]],[[27451,39143],[-15,52],[-12,-4],[-7,72],[-25,101],[-6,69],[-9,-42],[-16,51]],[[26898,36849],[8,32],[0,123],[-6,32],[1,146]],[[26901,37182],[6,-32],[18,11]],[[26925,37161],[43,-192],[12,36],[0,-139],[13,-51]],[[26993,36815],[-6,-161],[16,-142],[10,-46],[-32,-196]],[[26981,36270],[-30,-168]],[[26951,36102],[-2,60],[-19,62],[-2,50]],[[26928,36274],[9,75],[-14,27],[-10,137],[-24,130],[7,62],[2,144]],[[26925,37161],[29,55],[22,19],[6,89],[4,165]],[[26986,37489],[19,17]],[[27005,37506],[46,-223]],[[27051,37283],[2,-191]],[[27053,37092],[-41,-97],[-4,-69],[-10,-36],[-5,-75]],[[24750,47134],[147,0]],[[24897,47134],[16,-136],[36,-22],[0,-338],[-22,-37],[-11,-79],[-1,-51]],[[24915,46471],[-3,-80],[-19,-22],[-10,-64]],[[24883,46305],[-19,-34],[-27,12],[-22,-64],[-31,7]],[[24784,46226],[0,744],[-33,-2]],[[24751,46968],[-1,166]],[[24515,45889],[26,8],[31,98],[4,35],[26,30],[13,60],[16,28],[14,94],[7,-2]],[[24652,46240],[34,75],[32,-20]],[[24718,46295],[1,-740]],[[24719,45555],[0,-583]],[[24719,44972],[-61,3]],[[24658,44975],[-5,113],[-16,139],[-49,66]],[[24588,45293],[-16,22],[-27,96],[-14,278],[-13,51],[-3,149]],[[15583,52368],[29,4],[243,-5]],[[15855,52367],[-1,-632]],[[15703,51348],[-7,118],[-1,92],[-18,134],[-7,100],[-59,194],[-14,7],[-13,-31]],[[15584,51962],[-1,406]],[[16978,53041],[32,77],[13,-21],[10,43],[2,109],[10,37],[3,91],[-1,659]],[[17047,54036],[39,0]],[[17086,54036],[218,-2]],[[17304,54034],[0,-252]],[[17304,53782],[0,-1116]],[[17304,52666],[0,-221]],[[17304,52445],[-13,-17],[-18,26],[-14,-20],[-7,80]],[[17252,52514],[-8,156],[-36,135],[0,63],[-14,22],[-8,77],[-15,-44],[-22,-8],[-15,52],[-25,-10],[-17,-131],[-14,-2]],[[17078,52824],[-16,-76],[-12,14],[-39,-34],[-23,-33],[-12,61]],[[27998,39305],[9,8],[16,-38],[27,-5]],[[28050,39270],[34,-97]],[[28084,39173],[2,-214],[-5,-68],[-17,-115],[5,-26],[-10,-88],[9,-58],[-15,-103],[-14,-47]],[[28039,38454],[-15,81],[-11,17],[-6,-41],[-19,53],[-11,7],[-47,93],[-22,74]],[[27908,38738],[15,78],[11,89],[10,11],[11,87],[11,132],[11,33],[21,137]],[[25276,51103],[102,-18],[0,129]],[[25378,51214],[19,29],[2,-50],[29,-28],[9,-62]],[[25437,51103],[10,-21],[9,-72],[-12,-21],[14,-115],[-8,-122],[2,-73],[-5,-68],[-14,-57],[4,-47],[-10,-89],[36,-26],[17,77],[13,-96],[-16,-140],[-9,-169],[15,-63],[6,-69],[19,-26]],[[25508,49906],[-9,-94],[-1,-130],[-37,-22]],[[25461,49660],[1,48],[-52,4],[1,53],[-50,6],[1,165],[-20,3],[1,164],[-34,7],[1,330],[-35,5]],[[25275,50445],[1,658]],[[27053,37092],[0,-161],[16,-40],[21,108]],[[27113,36777],[-5,-66],[-23,-47],[-6,-61],[-5,-134],[11,-43]],[[27085,36426],[-31,-20],[-41,-76]],[[27013,36330],[-32,-60]],[[26730,24747],[78,448]],[[26808,25195],[11,-106],[24,-67],[4,-42],[16,-31],[10,-94],[13,-73]],[[26886,24782],[-26,-80],[-21,-111],[-6,-5]],[[26833,24586],[-8,-59],[-31,15],[-5,-23]],[[26789,24519],[-9,-5],[-42,133]],[[26738,24647],[-8,100]],[[26952,25611],[15,-76],[1,-41],[20,4],[14,47]],[[27002,25545],[5,-171],[8,-94],[-3,-75],[-8,-434]],[[27004,24771],[-19,56],[-22,-2],[-17,47]],[[26946,24872],[-14,6]],[[26932,24878],[11,474],[1,144],[8,115]],[[5394,5926],[1,66],[11,62],[4,81],[20,64],[22,96],[17,-24],[9,35],[16,-23],[6,16],[19,-33],[13,-122],[-1,-75],[-10,-104],[1,-173],[-5,-45],[-27,-129],[-46,59],[-17,103],[-25,49],[-8,97]],[[5266,5545],[6,114],[11,66],[17,55],[4,76],[16,-2],[-8,-123],[2,-63],[-23,-56],[-13,-165],[-7,22],[-5,76]],[[17304,52666],[89,2],[4,59],[26,109],[44,-4]],[[17467,52832],[2,-249],[22,4],[0,-64]],[[17491,52523],[-10,-48],[10,-48],[0,-140],[-28,15],[-6,-49],[-62,0],[8,-157],[-5,-10],[0,-460]],[[17398,51626],[-15,-108],[7,-87],[-18,-73]],[[17372,51358],[-20,116],[-2,72],[-12,78]],[[17338,51624],[-12,197],[11,118],[-12,74],[2,50],[-8,128],[-20,100],[5,154]],[[26877,27987],[8,17]],[[26885,28004],[19,-303],[8,-64],[5,-112],[10,-37],[14,6],[18,-55]],[[26959,27439],[-13,-71]],[[26946,27368],[-36,100],[-23,-50],[-10,-51],[-21,-40]],[[26856,27327],[-8,32],[-4,161],[-8,68],[1,72],[-8,29]],[[26829,27689],[-4,44],[14,104],[18,-21],[8,56],[5,92],[7,23]],[[26332,23857],[40,-11],[17,17]],[[26389,23863],[61,-2],[20,8]],[[26470,23869],[-24,-161],[-32,-97],[0,-50],[-17,-144],[-13,-44],[-16,-108],[0,-86]],[[26368,23179],[-10,2]],[[26358,23181],[2,337],[-30,6]],[[26330,23524],[2,333]],[[26123,28563],[48,-5],[46,10]],[[26217,28568],[3,0],[0,-176]],[[26220,28392],[-4,-186],[-17,-44],[-7,16],[-42,-91],[-14,2]],[[26136,28089],[-13,474]],[[20815,32981],[120,-1]],[[20935,32980],[0,-83],[59,-1],[0,-168],[120,0],[-3,-166],[0,-495]],[[21111,32067],[-1,-165],[0,-488],[-3,-14],[-69,0]],[[21038,31400],[0,63],[-24,1],[-71,722],[-12,-38],[-97,-5]],[[20834,32143],[-6,151],[11,81],[-4,274],[-20,253],[0,79]],[[23336,46399],[132,-1]],[[23468,46398],[0,-658]],[[23468,45740],[-132,0]],[[23336,45740],[0,659]],[[3958,83396],[28,-3],[7,-100],[-17,-15],[-17,50],[-1,68]],[[4614,84567],[57,0],[0,-165],[53,0],[0,-165],[53,0],[0,-165],[319,0]],[[5096,84072],[-24,-25],[0,-191],[-15,0],[0,-661],[-14,0],[0,-660],[37,0],[0,-496],[106,0]],[[5186,82039],[18,-146],[20,-35],[59,-30],[-5,-48],[-41,17],[-31,-36],[-38,-76],[-49,-42],[-50,-100],[-48,-165],[-90,-58],[-42,-68],[-27,-6],[-52,-90],[-36,-11],[-58,62],[-30,17],[-19,-37],[-22,9],[-8,100],[-59,-37],[-10,11],[-26,-84],[-19,-25],[-41,-11],[-31,-59],[-34,13],[-18,36],[-19,-23],[-29,-116],[2,-89],[-37,-36],[-36,59],[-55,10],[-7,-94],[8,-117],[16,-26],[0,-71],[-26,-34],[-29,-126],[-23,47],[-7,-58],[4,-74],[19,-14],[-3,-100],[-23,-67],[-42,-29],[-39,-60],[-24,21],[0,52],[-51,7],[-39,-56],[-17,20],[-36,-81]],[[3906,80085],[-15,52],[-3,66],[21,62],[27,-10],[2,82],[-30,48],[-50,195],[-26,-195],[-41,21],[-16,38],[-12,227],[14,85],[-80,105],[-12,117],[0,57],[42,72],[3,79],[-16,61],[-35,46],[-57,-71],[-11,143],[4,83],[33,4],[78,74],[-25,43],[-39,37],[-26,146],[0,37],[49,27],[14,-13],[71,58],[-18,79],[-21,174],[-1,102],[28,233],[8,11],[57,260],[63,323],[28,91],[35,83],[34,12],[23,41],[-14,89],[-14,151],[0,134],[23,298],[22,124],[15,39],[26,-7],[8,45],[-15,144],[49,173],[25,51],[39,29],[36,8],[51,-82],[38,-42],[38,-123],[18,3],[13,-66],[18,-31],[20,-105],[15,23],[52,19],[18,23],[20,90],[34,84],[8,100],[43,36],[22,90]],[[26047,24709],[3,59],[12,94],[5,70],[21,32],[23,1],[0,238],[5,13]],[[26116,25216],[43,3],[20,-165],[36,3]],[[26215,25057],[-3,-136]],[[26212,24921],[-9,-125],[-11,-129],[-1,-149]],[[26191,24518],[4,-34]],[[26195,24484],[-6,21],[-16,-62],[-3,-74],[-55,8],[0,-166]],[[26115,24211],[-93,-3]],[[26022,24208],[9,81],[0,72],[6,95],[8,61],[-3,138],[5,54]],[[19952,46868],[118,-2]],[[20070,46866],[0,-15],[116,-1],[172,5]],[[20358,46855],[1,-42],[0,-659],[1,-665],[-1,-114],[0,-544]],[[20359,44831],[-153,-5],[-88,6],[-163,1]],[[19955,44833],[-5,0],[0,662],[11,0],[0,661],[-4,0],[0,657],[-5,55]],[[20636,48155],[173,9],[113,-1]],[[20922,48163],[0,-75]],[[20922,48088],[0,-549]],[[20922,47539],[0,-667]],[[20922,46872],[-236,-7]],[[20686,46865],[-50,-3]],[[20636,46862],[0,627],[0,666]],[[23002,28550],[3,133],[-12,66],[20,122],[-10,98]],[[23003,28969],[36,-1],[0,83],[13,-1]],[[23052,29050],[116,-1]],[[23168,29049],[15,-59],[0,-338],[17,-62],[11,-81],[21,0]],[[23209,28445],[-22,86],[-5,-44],[-30,-48],[-14,22],[-13,-20],[-9,-147],[-14,-24],[-19,34],[-4,-106],[-14,-35],[-5,65]],[[23060,28228],[-12,95],[-22,-6],[-7,92],[-13,-3],[-14,42],[10,102]],[[23299,35203],[121,0]],[[23420,35203],[4,-84]],[[23424,35119],[0,-649]],[[23424,34470],[-93,0]],[[23331,34470],[-32,0]],[[23299,34470],[1,481],[-1,252]],[[22520,56483],[109,-1]],[[22629,56482],[213,-1]],[[22842,56481],[1,-116],[8,-41],[-8,-142],[9,-91],[-3,-50],[3,-112],[-4,-113]],[[22848,55816],[-212,2]],[[22636,55818],[-109,0]],[[22527,55818],[0,333],[-7,0],[0,332]],[[22256,54660],[213,-1]],[[22469,54659],[1,-497]],[[22470,54162],[-214,1]],[[22256,54163],[0,497]],[[22756,54821],[163,0]],[[22919,54821],[8,-117],[2,-213]],[[22929,54491],[-3,-162],[8,-204],[0,-131]],[[22934,53994],[-173,1]],[[22761,53995],[0,163],[-6,0],[1,663]],[[22193,56154],[81,-1]],[[22274,56153],[0,-411],[36,-90],[0,-164],[13,56],[12,-106],[15,2],[34,120],[6,-111],[10,-36],[21,34],[3,-68],[10,-92],[28,-3]],[[22462,55284],[0,-131]],[[22462,55153],[-215,1]],[[22247,55154],[-143,1]],[[22104,55155],[0,332],[-10,0],[0,667],[99,0]],[[26210,37516],[14,33],[25,91]],[[26249,37640],[21,74],[20,38]],[[26290,37752],[3,-195],[28,-121],[14,-133],[12,-23]],[[26347,37280],[-12,-80],[-32,-150]],[[26303,37050],[-15,-26],[-21,34]],[[26267,37058],[-8,63],[5,50],[-23,40],[2,68],[-20,65],[5,104],[-19,32],[1,36]],[[26635,35109],[12,14],[6,57],[11,-3],[11,-60],[20,78],[18,36],[15,86],[4,-55],[21,-19]],[[26753,35243],[4,-160],[-5,-100],[3,-53],[13,15],[5,-62],[15,-39]],[[26788,34844],[-17,-153],[5,-67],[-9,-64],[6,-54],[-19,-33]],[[26754,34473],[-17,38]],[[26737,34511],[4,155],[-16,70],[3,71],[-17,50],[-19,111],[-2,67],[-13,40],[-12,-56],[-9,7],[-10,-105]],[[26646,34921],[-5,43]],[[26641,34964],[-7,55],[1,90]],[[26429,36506],[58,91]],[[26487,36597],[32,-351]],[[26519,36246],[-8,-25],[-2,-153]],[[26509,36068],[-21,-25],[-1,55]],[[26487,36098],[-14,27],[-26,9],[-14,87],[-18,-49]],[[26415,36172],[-1,76],[5,132],[11,34],[-1,92]],[[17925,49360],[22,139],[-1,174],[3,63],[-2,278],[11,88]],[[17958,50102],[9,98],[16,90],[-19,90],[-13,101],[-21,77],[1,145],[34,-79],[10,92],[18,73]],[[17993,50789],[11,25],[27,-79],[18,-73],[6,-60],[18,39],[9,86],[31,61],[15,76],[4,59],[15,68],[6,76],[15,-15]],[[18168,51052],[5,-72],[32,-105],[2,-39],[-10,-118],[17,-12],[4,-64],[-7,-47],[3,-94],[11,-27],[-1,-122],[16,-94],[-3,-30],[28,-151],[4,-100],[15,-75],[20,-63],[2,-189],[-15,-35],[12,-146],[9,-53],[18,-34],[5,-67],[26,73],[18,-68],[22,-110],[10,-97],[3,-115],[-9,-36],[14,-66],[6,-93],[3,-119],[29,-104],[16,-79],[8,35]],[[18481,48536],[0,-278],[-50,7]],[[18431,48265],[-91,-2]],[[18340,48263],[-5,163],[-18,122],[-13,138],[-14,-62],[-43,52],[-14,48],[-31,37],[-8,56],[-21,80],[-24,136],[-24,225],[-13,-44],[-22,31],[8,149],[-2,70],[-11,-1],[-12,-75],[-17,-56],[-13,-230],[-13,-41],[-5,-74],[-18,-16],[-13,-54],[-11,35],[2,52],[-19,77],[-14,-22],[-29,180],[6,95],[-4,26]],[[18673,44549],[40,1],[0,-56],[24,0],[0,305],[6,0]],[[18743,44799],[77,-2]],[[18820,44797],[0,-47],[11,-51],[-8,-75],[6,-97],[-13,-53],[-4,-73],[11,-125],[-2,-91],[22,-49],[2,-132]],[[18845,44004],[-167,-3]],[[18678,44001],[0,328],[11,0],[-1,131],[-15,89]],[[18340,48263],[-27,1],[1,-332],[-12,0],[3,-145],[-2,-209],[12,-26],[9,-96],[-18,-2],[-1,-64],[-23,-107],[-42,-113],[-23,-73],[-10,-100]],[[18207,46997],[-4,59],[-17,96],[-28,110],[-8,109],[-14,-8],[-5,-50],[-13,11],[-12,65],[-32,108],[-5,107],[-18,-25],[-14,41],[-28,6],[-5,-101],[-43,156],[-37,0],[0,124],[-16,0],[-28,-104]],[[17880,47701],[-5,22]],[[17875,47723],[6,62],[-5,53],[-13,18],[-4,59],[8,91],[-8,42],[7,67],[-24,39],[-16,52],[-1,153],[-8,-1],[-25,80],[-2,28]],[[17790,48466],[19,160],[-3,167],[-12,15],[-7,116],[7,61],[31,69],[8,125],[-3,29],[17,73],[15,-31],[7,-69],[23,37],[4,45],[29,97]],[[26711,28461],[10,107],[-10,72],[5,109]],[[26716,28749],[18,21],[19,69],[21,-58],[20,52]],[[26794,28833],[10,-54],[22,-61],[23,-23]],[[26849,28695],[-4,-41],[-22,-53],[-14,-124],[-5,-14],[-13,-131],[11,-90]],[[26802,28242],[-13,-76]],[[26789,28166],[-15,42],[-19,-32],[-45,120]],[[26710,28296],[-5,98],[6,67]],[[25914,33128],[10,77],[18,88],[15,26],[1,58]],[[25958,33377],[42,-28]],[[26000,33349],[-5,-235],[6,-71],[12,-25]],[[26013,33018],[-5,-60],[-2,-143]],[[26006,32815],[-17,-71],[-18,27],[-15,-41],[-21,-2]],[[25935,32728],[-21,400]],[[21755,47516],[21,15],[32,-93],[8,-62],[11,-8],[4,-72],[32,-6],[18,52],[24,-8],[16,-44],[15,25],[21,-36]],[[21957,47279],[13,-35],[17,29]],[[21987,47273],[0,-450],[5,-1],[0,-166]],[[21992,46656],[-142,-1],[-141,-1]],[[21709,46654],[0,775],[29,93],[17,-6]],[[28235,31360],[30,16],[5,-56],[12,13],[45,138]],[[28327,31471],[12,-112],[11,-54]],[[28350,31305],[-11,-19],[0,-153],[-12,-39]],[[28327,31094],[-14,27],[5,-134],[-26,-194],[-36,-120]],[[28256,30673],[-4,27],[-1,164],[-6,71],[-18,61]],[[28227,30996],[3,317],[5,47]],[[27930,30343],[28,30],[74,0],[11,10]],[[28043,30383],[13,-81],[3,-56],[12,-63],[8,-111],[15,-94],[2,-79],[10,-35],[4,-58]],[[28110,29806],[-5,-29],[10,-87],[17,-52],[-23,-126]],[[28109,29512],[-22,-61],[-30,19],[-62,176],[-44,-15],[-12,44]],[[27939,29675],[6,37],[-4,91],[15,262],[-13,88],[-13,190]],[[27212,33022],[20,96],[11,-11],[0,142],[6,23],[25,-9]],[[27274,33263],[44,142],[15,-57],[5,-72],[16,55]],[[27380,33015],[-2,-345]],[[27378,32670],[-26,6],[-15,-25]],[[27337,32651],[-19,-33],[-27,16],[-21,-22],[-16,-54]],[[27254,32558],[-5,50],[-19,95],[-8,1],[-29,84]],[[27193,32788],[13,48],[12,110],[-6,76]],[[26990,32001],[22,58],[17,168]],[[27029,32227],[24,57],[18,111]],[[27071,32395],[11,92]],[[27082,32487],[9,-103],[-4,-119],[-17,-69],[33,-166],[12,-276]],[[27115,31754],[-5,-63],[-17,0],[-18,-31],[-9,50],[-11,-37],[-36,-9]],[[27019,31664],[-23,61],[-11,60],[8,50],[-9,126],[6,40]],[[26992,31549],[-4,-46],[6,-96]],[[26994,31407],[-16,-162],[-8,-42],[-2,-179]],[[26906,30931],[-4,36],[-6,240],[-37,257]],[[26859,31464],[20,69],[14,-44],[42,17],[15,56],[24,49],[18,-62]],[[26598,30278],[8,42]],[[26606,30320],[18,-5],[11,-135],[19,-49],[15,43],[21,-58]],[[26690,30116],[3,-55]],[[26693,30061],[-7,-23],[-26,-370]],[[26660,29668],[-22,20],[-22,-114]],[[26616,29574],[-14,137]],[[26602,29711],[14,81],[-5,47],[-1,98],[-6,71],[10,139],[-16,131]],[[27573,31619],[6,-56],[14,-30],[4,-109],[12,-56],[-8,-98],[-5,-126],[13,-142],[-6,-72]],[[27603,30930],[-10,62],[-12,-1],[-6,-51],[-14,15],[-8,92],[-7,-16]],[[27546,31031],[-22,-59],[-23,-8],[-18,46]],[[27483,31010],[58,606]],[[26645,26548],[29,102]],[[26674,26650],[51,-599]],[[26725,26051],[-76,-252]],[[26649,25799],[2,66],[-13,70],[1,120],[-8,140],[-10,9]],[[26621,26204],[-3,54],[9,86],[21,120],[-3,84]],[[25133,44949],[45,-6]],[[25178,44943],[20,3]],[[25198,44946],[0,-648]],[[25198,44298],[-65,-2]],[[25133,44296],[0,653]],[[26810,31214],[12,43],[13,8],[12,119],[12,80]],[[26853,30787],[-5,34],[-32,-57]],[[26816,30764],[-31,-54]],[[26785,30710],[-13,50],[3,45],[17,103],[-3,61],[10,99],[8,26],[3,120]],[[27805,31645],[20,26],[22,53],[14,113],[9,17],[17,-59],[2,-54],[22,-89]],[[27911,31652],[-60,-409]],[[27851,31243],[-25,88],[-1,44],[-22,168],[2,102]],[[27774,30741],[17,-93],[13,-106],[1,-193]],[[27805,30349],[-2,-34],[7,-91],[-36,-272]],[[27774,29952],[-60,333],[-5,0]],[[27709,30285],[20,42],[-1,49],[18,110],[-7,85],[3,71],[32,99]],[[26766,29177],[17,20],[10,-43],[18,69],[40,78]],[[26851,29301],[7,-43],[2,-103]],[[26860,29155],[6,-118],[12,-35],[10,-123],[13,-102]],[[26909,28666],[-13,49],[-9,5]],[[26887,28720],[-21,1],[-17,-26]],[[26794,28833],[-15,103],[0,31],[-20,109],[7,101]],[[28601,33538],[15,-82],[32,-96],[9,-59],[9,-4],[12,-81],[7,-95]],[[28685,33121],[15,-75],[5,-75],[11,-27],[2,-113],[-26,-31],[-12,26],[-11,91],[-7,11]],[[28662,32928],[-5,62],[-23,67],[-22,228]],[[28612,33285],[-11,173],[0,80]],[[27236,25120],[55,270],[14,-22]],[[27305,25368],[6,-47],[1,-129],[14,-83],[17,21],[25,-122],[9,-5]],[[27377,25003],[13,-44],[-12,-105],[-14,10],[-14,-57],[14,-45],[-17,-97],[-14,36],[-9,-90],[11,-36],[-26,-167],[-7,7]],[[26948,28084],[27,90],[14,-25],[16,3]],[[27034,27981],[25,-98]],[[27059,27883],[-75,-363]],[[26984,27520],[-11,118],[-14,97],[-5,93],[-9,64],[6,72],[-8,97],[5,23]],[[26933,28063],[15,21]],[[26984,27520],[-16,-81]],[[26968,27439],[-9,0]],[[26885,28004],[9,43],[30,54],[9,-38]],[[28209,33603],[37,1]],[[28246,33604],[131,-1]],[[28377,33603],[37,3]],[[28414,33606],[4,-41],[15,-13],[-32,-518]],[[28401,33034],[-5,-55],[-20,-19],[2,-75]],[[28378,32885],[-26,86],[3,56],[-10,46],[-10,111],[-26,-42],[-13,65],[11,70],[-1,77],[-22,68],[-5,60],[-35,1],[-13,36],[-22,7]],[[28209,33526],[0,77]],[[26816,32459],[13,8],[7,-37],[11,43],[1,68],[28,111],[14,37],[8,-49]],[[26898,32640],[-2,-138],[17,-6],[13,26]],[[26926,32522],[2,-129],[13,-26],[9,-71],[3,-79]],[[26953,32217],[-19,-37],[-11,9],[-55,-163],[-23,-42],[-14,9],[-11,-42]],[[26820,31951],[-9,127],[-9,-11],[-4,100]],[[26798,32167],[13,95],[6,74],[-5,83],[4,40]],[[23727,24116],[1,-197],[-17,-107],[6,-88],[-7,-130],[5,-106],[-3,-202]],[[23687,23219],[-18,71],[-8,75],[-29,94]],[[23632,23459],[-4,73],[7,86],[-3,175],[5,27],[-3,122],[5,64],[-1,115],[-18,118],[-8,37]],[[23099,22980],[19,39],[34,141],[21,46],[58,4]],[[23231,23210],[12,-28],[18,0],[7,-81],[-13,-89],[12,-122],[5,7]],[[23272,22897],[-3,-58],[-23,20],[-20,-59],[-22,-29]],[[23204,22771],[-85,-79]],[[23119,22692],[-3,69],[-10,100],[4,50],[-11,69]],[[21761,28433],[1,-832]],[[21762,27601],[-144,-5]],[[21618,27596],[-2,831]],[[23125,21257],[17,-124],[-13,-136],[2,-67],[8,-42],[-7,-71],[5,-57],[15,-12],[5,-144]],[[23157,20604],[5,-74],[-3,-164],[-18,-2]],[[23141,20364],[-8,41],[-16,20]],[[23117,20425],[-7,43],[-17,25],[-14,166],[-5,111],[-23,19],[-6,44],[-14,37],[-14,76],[-10,104]],[[23007,21050],[-14,158]],[[22993,21208],[10,38],[18,1],[65,60],[34,-83],[5,33]],[[19530,38984],[178,-1],[183,0],[90,0]],[[19981,38983],[-7,-113],[21,-60],[-4,-37]],[[19991,38773],[-29,-73]],[[19962,38700],[-39,-145],[-14,-104],[-21,-81],[-26,67],[-36,-51],[-18,-75],[-25,-200],[-66,-152],[0,-307]],[[19717,37652],[0,-321],[-190,0]],[[19527,37331],[0,420],[2,295],[1,938]],[[25940,48137],[62,-5]],[[26002,48132],[71,1]],[[26073,48133],[1,-666]],[[26074,47467],[-133,0]],[[25941,47467],[-1,670]],[[25571,51605],[35,-1],[0,332],[35,0]],[[25641,51936],[139,-1]],[[25780,51935],[35,-1],[0,-499],[9,0],[0,-265]],[[25824,51170],[-20,-21],[-12,-58],[-5,-97],[-10,-10],[-6,-84],[-18,79],[12,121],[24,111],[16,142],[-2,62],[-13,19],[-22,-118],[-34,50],[3,-93],[-9,-34],[-11,-141],[-17,-20],[-13,-46],[-9,40],[2,95],[-8,139],[-15,-31],[-3,-179],[-9,-59],[-18,-43],[-9,-51],[-18,-168]],[[25600,50775],[-18,2],[1,662],[-12,1],[0,165]],[[25934,49992],[6,38],[18,-40],[-6,-161],[-16,89],[-2,74]],[[26052,49297],[-49,-1]],[[26003,49296],[-72,7]],[[25931,49303],[2,243],[24,1],[14,119],[17,-57],[18,21],[7,114],[11,88],[17,70],[7,102],[11,-35],[9,-107],[-5,-95],[-8,-37],[8,-53],[0,-95],[-12,-78],[-2,-99],[3,-108]],[[25909,49753],[4,55],[15,-7],[-3,-63],[-16,15]],[[25119,52433],[86,1]],[[25205,52434],[157,-1]],[[25362,52433],[0,-330]],[[25362,52103],[0,-620]],[[25362,51483],[-9,30],[-40,26],[-24,78],[-10,-31],[-26,83],[-16,-6],[-14,-54],[-13,0],[-6,51]],[[25204,51660],[-15,25],[-12,-21],[-42,109]],[[25135,51773],[-16,45]],[[25119,51818],[0,448]],[[25119,52266],[0,167]],[[26452,50920],[19,-103],[7,-122],[56,-43],[19,-96],[20,-54],[15,15],[5,-36],[28,-84],[17,12],[17,-49],[15,-80],[10,-159]],[[26680,50121],[-138,-10]],[[26542,50111],[-102,-6]],[[26440,50105],[-1,814],[13,1]],[[25362,52433],[0,493],[35,2],[0,164],[-15,0],[0,280]],[[25382,53372],[41,-6],[15,-48],[8,14],[21,-50],[4,-71],[14,18],[22,-120],[4,-83],[16,-77],[6,-82],[31,-146],[0,-72],[9,-56],[14,-22],[30,-3],[9,26],[15,-18]],[[25641,52576],[0,-640]],[[25571,51605],[-70,1]],[[25501,51606],[1,497],[-140,0]],[[16459,37718],[30,140],[24,169],[-7,131]],[[16506,38158],[89,-420]],[[16595,37738],[-9,-131],[-1,-78],[22,-199],[-8,-125],[2,-44],[-16,-32],[-5,-128]],[[16580,37001],[-17,73],[0,78],[-15,21],[-14,-30],[-23,-86],[-37,147]],[[16474,37204],[-10,43],[-5,103]],[[16459,37350],[0,368]],[[16595,37738],[71,-340]],[[16666,37398],[48,-229]],[[16714,37169],[123,-596],[80,-393]],[[16917,36180],[166,-822]],[[17083,35358],[-144,-4],[-118,0]],[[16752,35588],[-3,85],[-9,103],[-17,93],[-20,7],[-5,-43],[-15,48]],[[16683,35881],[19,124],[-7,195],[-23,76],[-4,43],[5,104],[-13,118],[-13,41],[-16,-21],[-4,61],[-30,56],[-14,90],[4,108],[-11,48],[4,77]],[[17570,27656],[172,2],[113,2],[121,10]],[[17976,27670],[-27,-66],[7,-118],[-9,-66],[15,-61],[0,-205],[-8,-125],[10,-113],[9,14],[10,-38],[9,21],[15,-16]],[[18007,26897],[14,-219],[-1,-130],[-17,-103],[1,-65],[-25,-55],[-20,18],[-9,-36]],[[17950,26307],[-207,-98],[-179,-93]],[[17564,26116],[1,870],[6,0],[-1,670]],[[17083,35358],[93,-467],[93,-475]],[[17269,34416],[127,-655],[93,-486],[148,-779]],[[17637,32496],[55,-295]],[[17692,32201],[-25,-1],[0,-29],[-152,-1],[-179,4],[-124,0],[-73,4]],[[17139,32178],[-82,1],[-23,-17]],[[16062,41041],[47,0]],[[16109,41041],[75,2],[-1,-363],[17,-67],[16,0],[5,-55],[15,14],[0,80],[21,69],[9,73],[32,-16],[8,-42],[13,0],[34,-152],[5,-69],[26,-104],[26,-14],[11,-41],[2,-139],[26,-141],[-1,-331],[-10,-56],[0,-55]],[[16438,39634],[-141,-3],[-7,-56],[-20,82],[-11,-18],[-6,61],[-17,64],[-17,-71],[-2,-99],[-19,-90]],[[20013,42104],[128,-1]],[[20141,42103],[-4,-87],[6,-58],[19,-37],[15,-68],[20,-34],[-2,-49],[7,-73],[-9,-51],[1,-130],[-11,-149],[4,-114],[11,-118],[0,-94]],[[20198,41041],[0,-198],[6,0],[-2,-310],[0,-337],[3,-148]],[[20205,40048],[-26,-8],[-87,-3]],[[20092,40037],[-1,329]],[[20091,40366],[0,255],[-112,-4]],[[19979,40617],[2,213],[1,395],[16,1],[0,110],[16,0],[-1,768]],[[28861,39486],[1,-46]],[[28862,39440],[-1,46]],[[28899,39823],[-13,-39],[-11,-126],[-15,-121],[-7,-11],[-7,-102],[14,-67],[-9,-159],[6,-76],[10,-43],[7,-97]],[[28874,38982],[-17,-100],[-23,-42],[-29,11]],[[28805,38851],[-2,154]],[[28803,39005],[-6,535],[0,122]],[[28874,38982],[20,-100],[9,-93],[3,-139],[-5,-73],[5,-182],[16,-72],[8,-141]],[[28930,38182],[-14,22],[-11,-19],[-5,-64],[-19,-20],[-9,-91],[-10,-39],[-47,-11]],[[28815,37960],[-7,598]],[[28808,38558],[-2,196]],[[28806,38754],[-1,97]],[[25392,22426],[2,29],[-7,105],[11,110],[12,30],[-12,92],[11,98],[-4,75],[4,194],[-8,28],[11,121],[-10,32]],[[25402,23340],[8,58]],[[25410,23398],[20,16],[10,87],[20,96]],[[25460,23597],[15,7],[10,-74],[17,-34]],[[25502,23496],[0,-471],[4,0]],[[25506,23025],[3,-63],[-13,-188],[10,-86],[14,-66],[5,-81],[35,-130],[4,-85],[-7,-132],[-8,-66],[3,-89],[18,-95],[-16,-46],[-10,-139],[-11,-18],[-4,-83]],[[25529,21658],[-39,-59],[-50,-43],[-36,16],[9,50],[11,-43],[35,45],[4,54],[-15,80],[-8,83],[-19,63],[-4,117],[-5,23],[9,104],[-2,149],[-3,63],[-24,66]],[[25865,30640],[125,-5]],[[25990,30635],[72,-7]],[[26062,30628],[6,-237]],[[26068,30391],[-12,-54],[-9,-147],[-10,-20],[-25,-229],[-61,-275],[-15,-8]],[[25936,29658],[-26,110]],[[25910,29768],[1,125],[-50,0]],[[25861,29893],[-9,64],[0,195],[5,35],[-2,199],[7,130],[8,37],[-5,87]],[[20531,35904],[8,191],[-12,84]],[[20527,36179],[16,-10],[27,92],[12,-59],[10,104],[19,108],[17,-144],[12,1],[4,-54]],[[20644,36217],[11,-66],[102,37],[82,-158]],[[20839,36030],[-29,-146],[-26,-251],[0,-66],[-20,-85],[-8,-67],[-10,2],[-4,-88],[-14,-82],[-37,-40],[-14,18],[-17,-38],[-12,-65],[-22,-86],[-11,-6]],[[20615,35030],[-3,39],[0,143],[10,39],[-13,91],[2,117],[-9,193],[-9,3],[-17,64],[-27,-69],[-14,-12],[-12,-65]],[[20523,35573],[-4,69],[6,99],[0,79],[6,84]],[[20644,40028],[10,14],[0,114],[15,36]],[[20669,40192],[100,1],[126,0]],[[20895,40193],[124,1]],[[21019,40194],[0,-498]],[[21019,39696],[-192,-4],[-136,4]],[[20691,39696],[15,63],[26,-8],[-7,103],[39,-1],[0,98],[6,49],[-30,13],[-7,-15],[0,-102],[-16,-6],[0,-83],[-32,0],[-41,-14]],[[20644,39793],[0,235]],[[20644,39482],[-1,-7]],[[20643,39475],[1,7]],[[20643,39489],[0,-4]],[[20643,39485],[0,4]],[[20547,39707],[1,318]],[[20548,40025],[69,2]],[[20617,40027],[21,-26],[6,27]],[[20644,39793],[0,-235],[-8,-73],[7,-16]],[[20643,39469],[2,-105]],[[20645,39364],[-7,-41],[-7,-113],[-10,-28],[3,-70],[-13,-52],[1,-83],[-15,-177],[-12,-79],[-7,-94],[-11,-95]],[[20567,38532],[-1,0]],[[20566,38532],[-18,0],[-1,832]],[[20547,39364],[0,343]],[[20643,39469],[0,6]],[[20644,39482],[-1,3]],[[20643,39489],[14,67],[20,-26],[5,-55],[16,55],[-7,166]],[[21019,39696],[0,-331]],[[21019,39365],[-2,0]],[[21017,39365],[-199,-6],[-65,5]],[[20753,39364],[-108,0]],[[19962,38700],[0,-1047]],[[19962,37653],[-97,-1],[-148,0]],[[20198,41041],[7,-35],[4,-91],[23,-24],[11,85],[13,-124],[25,21],[5,-34],[20,41],[7,-63],[29,14],[28,64],[13,-8],[23,67],[2,126],[12,39]],[[20420,41119],[14,-42],[-3,-82],[13,-117],[19,-68],[7,-109],[6,-13]],[[20476,40688],[-6,-120],[2,-75],[12,-75],[-4,-153],[-12,-87],[2,-115]],[[20470,40063],[-7,-78],[3,-76]],[[20466,39909],[-13,-88],[-17,-5],[-7,-33],[-18,21],[1,-114],[-11,-72]],[[20401,39618],[-28,-21],[-10,70],[-7,156],[-13,71],[-19,38],[-14,97],[-40,-1],[-11,20]],[[20259,40048],[-54,0]],[[20219,38395],[108,-3]],[[20327,38392],[-1,-74],[6,-44],[17,-16],[1,-87],[22,5],[13,-92],[15,-39],[-4,-41],[10,-88],[-9,-66],[-2,-105],[-7,-45]],[[20388,37700],[12,-26],[3,-95],[10,-43],[-8,-194],[-8,-4],[-20,-109]],[[20377,37229],[-9,22],[-9,-65],[-48,-2]],[[20311,37184],[-28,171],[1,107],[-10,131],[-14,31],[-3,64],[6,74],[1,187],[5,-2],[20,113],[-14,77],[-13,11],[-12,-34],[-17,94],[-7,64],[-13,9]],[[20213,38281],[6,114]],[[20261,38975],[7,36],[14,-52],[20,-2],[20,52]],[[20322,39009],[20,-1]],[[20342,39008],[-1,-76],[-12,-57],[-1,-191],[5,-234],[-6,-58]],[[20219,38395],[-3,57],[8,62],[-1,60],[12,11],[7,78],[3,142],[-5,48],[21,48],[0,74]],[[15783,42447],[13,-32],[-1,-132],[-16,-16],[-4,-141],[-20,-74],[-7,-187],[-13,-200],[-14,-64],[0,-83],[-9,-11],[12,-112],[-3,-106],[-18,-66],[-4,-57],[-36,-122],[-7,-49],[-12,-6],[-6,-89],[-13,-53],[0,-108]],[[15662,40150],[-170,-2],[0,47]],[[15492,40195],[0,452],[0,954],[-5,172],[-15,162],[15,69],[22,-68],[10,55],[5,109],[6,23],[-5,86],[-11,35],[10,79],[-1,85],[7,33]],[[25875,37834],[25,37],[14,-39],[21,28],[6,-31],[22,6],[20,-57]],[[25983,37778],[1,-303],[10,-27]],[[25994,37448],[-10,-110],[-20,-3],[-10,-26],[-1,-133]],[[25953,37176],[-10,-1]],[[25943,37175],[-62,9]],[[25881,37184],[-15,0]],[[25866,37184],[0,506]],[[25866,37690],[0,81],[9,63]],[[25693,42550],[16,53],[25,40],[12,69],[11,154],[16,57],[33,1]],[[25806,42924],[16,0]],[[25822,42924],[0,-499]],[[25822,42425],[-129,2]],[[25693,42427],[0,123]],[[23465,42401],[63,-1]],[[23528,42400],[64,-1]],[[23592,42399],[0,-492]],[[23592,41907],[-128,2]],[[23464,41909],[1,492]],[[24919,37627],[31,2],[0,166]],[[24950,37795],[32,-5],[63,3]],[[25045,37793],[33,-11]],[[25078,37782],[-2,-445]],[[25076,37337],[-56,15],[-37,-75],[-38,1],[-25,-107]],[[24920,37171],[-1,456]],[[24981,35109],[66,1]],[[25047,35110],[12,-26],[1,-61],[-10,-36],[-7,-84],[2,-242],[16,-20],[7,-40]],[[25068,34601],[2,-124],[9,-40]],[[25079,34437],[-16,-4],[-2,60],[-17,100],[-12,-36],[-3,-69]],[[25029,34488],[-18,59],[0,88],[-10,74],[-14,142],[1,98],[-8,2]],[[24980,34951],[-8,64],[9,94]],[[25492,37461],[15,185],[18,36],[8,97],[2,97],[-9,62],[-1,65]],[[25525,38003],[3,96]],[[25528,38099],[78,-2],[0,12]],[[25606,38109],[40,-7]],[[25646,38102],[-6,-59],[-16,-82],[-18,-21],[-1,-135],[-6,-91],[7,-154],[0,-143]],[[25606,37417],[-17,-66],[-13,60],[-32,-16]],[[25544,37395],[-10,-73],[-21,-8],[-7,-77],[-17,10],[-11,-65],[-12,-14]],[[25466,37168],[8,125],[12,52],[6,116]],[[25935,43012],[0,-83]],[[25935,42929],[2,-500],[-7,-1]],[[25930,42428],[-108,-3]],[[25822,42924],[0,83],[113,5]],[[25398,36868],[11,38],[17,16],[12,-14],[4,93],[24,167]],[[25544,37395],[0,-129],[5,-57],[11,1],[0,-116],[16,20],[9,-21],[0,-246]],[[25585,36847],[0,-84],[-42,-1],[0,-69]],[[25543,36693],[-61,6]],[[25482,36699],[0,62],[-31,2],[0,51],[-52,3]],[[25399,36817],[-1,51]],[[23847,41904],[127,1]],[[23974,41905],[1,-600]],[[23975,41305],[-78,-7]],[[23897,41298],[-50,0]],[[23847,41298],[0,606]],[[27192,25870],[3,37],[42,165]],[[27237,26072],[19,-68],[11,-6]],[[27267,25998],[0,-38],[22,-131],[-1,-84],[12,-140],[9,-26],[3,-94],[-10,-79],[3,-38]],[[27224,25397],[-8,159],[-7,17],[-12,139],[1,75],[-6,83]],[[23347,30769],[118,-1]],[[23465,30768],[0,-221],[-20,0],[0,-166],[-17,0],[0,-332]],[[23428,30049],[-127,-1]],[[23301,30048],[0,333],[2,332],[44,0],[0,56]],[[22992,31421],[13,3],[6,62],[16,-11],[7,65],[9,9],[0,-338]],[[23043,31211],[0,-333],[-14,0],[0,-391]],[[23029,30487],[-10,-78],[-14,89],[-19,-29],[-6,54],[-12,-34],[7,-54],[-11,-51],[-14,83]],[[22950,30467],[-1,963],[15,38],[20,-63],[8,16]],[[15972,48319],[-5,78],[-1,171]],[[15966,48568],[171,0],[34,-4]],[[16171,48564],[-1,-328],[2,-154],[32,-8],[0,-330],[67,-7],[0,-163],[103,1],[0,-165],[33,-1],[0,-165],[101,-1]],[[16508,47243],[0,-166]],[[16508,47077],[-134,1],[0,9],[-138,-1],[-128,2]],[[16108,47088],[-187,-2]],[[15921,47086],[10,169],[-4,74],[6,39],[-3,186],[12,92],[16,5],[4,102],[23,239],[1,146],[-5,156],[-9,25]],[[15476,49194],[126,-2]],[[15602,49192],[21,-120],[-9,-34],[-16,-3],[-27,-158],[13,-95],[2,-118],[-6,-25],[-3,-105],[6,-117],[10,-57]],[[15593,48360],[-53,-5],[-113,5]],[[15427,48360],[0,62],[17,84],[-1,139],[34,0],[0,415],[-1,134]],[[28474,41389],[-12,-115],[2,-98],[9,-103],[-14,-68],[-8,-72],[9,-61],[17,1],[6,-55]],[[28288,40570],[-7,37],[-9,137]],[[28272,40744],[30,148],[7,61],[17,62],[53,165],[34,78],[-5,44],[45,42],[21,45]],[[27490,29072],[14,111],[2,126],[19,20],[-3,69],[21,47]],[[27604,28915],[19,-73]],[[27623,28842],[-7,-75],[-12,-1],[-31,-107],[-2,101],[-15,-26],[-7,83],[-8,9],[-7,78],[-23,2],[-22,59],[1,107]],[[15231,45825],[62,1],[11,-40],[1,-57],[15,-39],[5,-105],[-6,-20],[1,-149],[6,0],[0,-131],[14,27],[26,1],[5,55],[14,48],[0,66],[32,27]],[[15417,45509],[8,21],[19,-30]],[[15444,45500],[-12,-121],[-20,-168],[0,-71],[-17,-180],[-30,-1],[-4,-167],[-8,-51],[4,-51],[38,-11],[21,-173],[6,-79],[-7,-34],[1,-71],[-12,-59],[10,-92],[-7,-79],[7,-95]],[[15414,43997],[-108,5]],[[15306,44002],[-17,90],[-8,12],[-16,126],[-1,120],[-14,133],[0,108],[-4,53],[-3,195],[4,113],[9,149],[-6,159],[-10,51],[-7,91],[-11,25],[-7,131],[-6,38],[22,229]],[[17044,51367],[63,1],[0,-167],[-12,0],[1,-160],[11,-55],[5,-84],[0,-195],[12,1],[1,-165],[11,-175],[17,2],[0,-53],[17,-81],[0,-110],[12,0],[0,-83],[59,0],[0,-164]],[[17241,49879],[-83,-2],[0,-165],[-60,-1],[-18,126],[-12,-3],[-5,-51],[-18,-65],[-9,-2],[-36,96],[-18,-53],[-14,-113]],[[16968,49646],[-28,55],[-16,-23],[-18,39],[-14,1]],[[16892,49718],[0,162],[-8,0],[0,221],[-30,0],[0,116],[-12,0],[0,168],[24,18],[51,0],[0,141],[64,-4],[0,83],[23,0],[0,416],[14,-1],[0,163],[6,83],[20,-1],[0,84]],[[16224,50949],[17,57],[46,85],[10,41]],[[16297,51132],[14,-66],[32,-92],[6,-67],[16,-45],[1,-69],[8,-42],[4,-77],[-17,6],[-18,-60],[0,-99],[-12,-87],[2,-125],[-4,-183],[19,-86],[4,-87],[-13,-68]],[[16339,49885],[-63,0],[2,90],[-38,123],[-36,7],[-10,39],[2,167],[17,6],[10,94],[14,80],[9,219],[-13,22],[-7,58],[4,60],[-6,99]],[[5815,5062],[43,12],[16,106],[1,31],[15,86],[11,19],[14,-120],[0,-40],[12,-127],[11,-63],[-4,-39],[3,-95],[6,-4],[11,-81],[4,49],[16,-109],[3,-91],[12,-65],[-16,-74],[-3,47],[-21,-52],[-25,94],[-17,-5],[-9,23],[-20,-28],[-17,1],[-8,142],[-9,43],[-2,57],[-14,103],[0,104],[-13,76]],[[26688,26703],[59,157],[20,-118]],[[26767,26742],[13,-173],[14,-22],[9,-162]],[[26803,26385],[-3,-98]],[[26800,26287],[-24,-66],[-51,-170]],[[26674,26650],[14,53]],[[26932,24878],[-3,-39],[-14,19]],[[26915,24858],[-1,44],[-14,62],[-5,259],[-5,87],[-1,140],[-5,54]],[[26884,25504],[2,27],[66,80]],[[26887,28720],[11,-237],[9,-140],[26,-280]],[[26877,27987],[-21,36],[-19,69],[-19,-42],[-16,192]],[[17862,45744],[21,6],[17,-107],[-10,-84],[1,-91],[21,-23],[2,-79],[8,-84],[21,7],[36,-46]],[[17979,45243],[27,-35],[15,-59],[25,-3],[12,-49],[27,-29],[31,-117],[16,51],[19,7]],[[18151,45009],[-19,-23],[0,-185],[-61,0],[2,-165],[-1,-642]],[[18072,43994],[-88,1],[-58,14],[-64,-11]],[[17862,43998],[0,582],[0,890]],[[17862,45470],[0,274]],[[26635,30643],[18,2]],[[26653,30645],[105,14]],[[26758,30659],[-10,-145],[-19,-85],[-31,-173],[0,-59],[-8,-81]],[[26606,30320],[-1,106],[16,65],[-1,48],[15,16],[0,88]],[[26978,26530],[12,195],[-5,238],[7,172],[9,143],[-9,76]],[[26992,27354],[26,56],[11,-40],[13,-87],[8,23],[22,-29],[22,65],[14,-27]],[[27108,27315],[26,-94]],[[27134,27221],[-2,-73],[17,-82],[25,-42]],[[27174,27024],[14,-93],[6,0]],[[27194,26931],[-63,-260]],[[27131,26671],[-3,27],[-22,58],[-27,-58],[-35,-13],[-12,-63],[-6,-135]],[[27026,26487],[-16,-16],[-32,59]],[[26389,25192],[0,62]],[[26389,25254],[69,-15],[1,136]],[[26459,25375],[13,-3],[2,-74],[21,-8],[6,-27]],[[26501,25263],[14,-242],[5,-26]],[[26520,24995],[10,-158],[1,-72]],[[26531,24765],[-25,7],[-91,5],[0,-81]],[[26415,24696],[-29,179]],[[26386,24875],[3,142],[0,175]],[[18427,46124],[0,-473],[54,0],[9,47],[9,122]],[[18499,45820],[15,-27],[15,8],[14,60],[12,-36],[9,-85],[0,-227],[6,-110],[11,0],[0,-69],[11,-41],[8,-97],[-1,-107],[-8,-21],[0,-104]],[[18591,44964],[-22,0],[0,-166],[-43,1],[0,-167],[-96,-2]],[[18430,44630],[-1,496],[-48,3],[0,72],[-18,-4]],[[18363,45197],[1,96],[16,0],[0,166],[-17,0],[-1,164],[0,501],[65,0]],[[25599,27822],[16,49],[1,76],[7,67],[24,27],[15,110],[0,83],[5,83],[14,26],[5,55]],[[25686,28398],[20,54],[34,-5],[30,-121],[21,-23]],[[25791,28303],[10,0],[5,-84],[0,-138],[-8,-55],[0,-113],[10,-28]],[[25808,27885],[-12,-55],[-12,-96],[-20,-1],[-12,-96],[-10,2],[-7,-96],[-14,-11],[0,-55],[-15,1],[-24,-124],[-4,-41],[-12,1]],[[25666,27314],[-11,0]],[[25655,27314],[0,56],[-17,28],[-15,58],[-5,71],[-24,157],[-14,30],[1,66],[13,-10],[5,52]],[[25846,27589],[20,120],[6,97],[9,-30],[18,111],[-8,68],[14,69],[-1,78],[7,37]],[[25911,28139],[27,-9],[7,-54],[1,-86],[7,-28],[56,-2],[0,-56]],[[26009,27904],[-16,-109]],[[25993,27795],[-15,-1],[-5,-84],[0,-111],[-15,-27],[-1,-167],[-38,4],[-1,-194],[-14,2],[-1,-174]],[[25903,27043],[-88,-3]],[[25815,27040],[9,42],[-12,103],[12,46],[0,73],[7,65],[11,0],[10,44],[-3,82],[5,59],[-8,35]],[[25696,26203],[57,-4],[0,83],[84,4]],[[25837,26286],[0,-568]],[[25837,25718],[-13,-27],[-10,-97]],[[25814,25594],[-13,36],[-20,20],[-11,42],[-7,-78],[-9,11],[-2,80],[-18,-20],[3,-98],[-12,0]],[[25725,25587],[0,57],[-8,56],[-2,73],[-16,188],[3,58],[-6,184]],[[25414,25529],[-11,64],[-21,63],[4,108],[21,70],[15,100],[14,17]],[[25436,25951],[11,-14]],[[25447,25937],[23,0],[0,-83],[57,2]],[[25527,25856],[0,-333],[15,0]],[[25542,25523],[0,-81]],[[25542,25442],[-14,-19],[0,-233],[-29,-1],[1,-242],[-13,-27]],[[25487,24920],[-113,-2]],[[25374,24918],[-12,51],[1,79],[12,6],[10,159],[8,77],[-4,191],[25,48]],[[25827,24869],[12,-1],[0,166]],[[25839,25034],[28,1],[1,-165],[31,3]],[[25899,24873],[4,-69],[-2,-187],[-5,-80],[15,1],[0,-330]],[[25911,24208],[1,-153],[-14,-15],[0,-171]],[[25898,23869],[-19,2],[-4,28],[-1,139],[-16,-78],[-7,-2],[-10,-67],[0,144],[-28,-3]],[[25813,24032],[0,247],[14,1],[1,87],[-1,502]],[[17622,34170],[44,0],[0,21],[219,0],[53,1],[1,-19],[198,-1]],[[18137,34172],[2,-884],[0,-355],[-7,-30],[-19,-230],[-1,-36],[-28,-45],[-37,245],[-12,4],[-8,-37],[-18,46],[-34,-14],[-14,-64],[-15,-9],[-5,-37],[8,-110],[-4,-98],[11,-141],[10,-54],[-12,-47],[-2,-81],[5,-96],[-3,-85],[7,-42],[-2,-73],[10,-77],[-5,-52],[4,-94],[-6,-85],[7,-115],[7,-38],[9,-161],[-1,-53],[8,-217],[-1,-85],[-13,-33],[-6,-48],[10,-41],[-9,-89],[1,-50]],[[17974,30661],[-86,473],[-129,703],[-67,364]],[[17637,32496],[0,394],[-14,3],[0,442],[-1,835]],[[28694,38465],[11,24],[10,79],[11,33],[-7,50],[16,90],[20,-2],[21,44],[19,-38],[11,9]],[[28808,38558],[-24,-67],[-4,-70],[-12,-101],[-10,-53],[-6,-138]],[[28752,38129],[-41,49],[-5,-58],[3,-60],[-17,-5],[-10,-60]],[[28682,37995],[-2,183],[-18,-4],[-19,-57],[3,-91],[-9,-27],[0,170],[11,107],[34,-43],[10,51],[-4,61],[6,120]],[[19531,34469],[186,1]],[[19717,34470],[105,1],[145,0]],[[19967,34471],[17,0]],[[19984,34471],[-10,-89],[1,-94],[-22,-82],[-7,-8],[-17,-100],[-2,-246],[0,-456],[0,-413]],[[19927,32983],[0,-418]],[[19927,32565],[-180,3],[-216,1]],[[19531,32569],[0,1001],[0,899]],[[20378,34462],[80,1]],[[20458,34463],[139,-1]],[[20597,34462],[-4,-63],[10,-89],[-9,-129],[0,-237],[-23,-1],[-4,-48],[-12,-33],[5,-83],[-6,-54],[7,-69],[-7,-44],[13,-94],[-6,-85],[7,-128],[-5,-242]],[[20563,33063],[-13,-17],[-2,-117],[-7,-41],[0,-73],[-19,-180],[-11,-46]],[[20511,32589],[-58,166],[-33,248],[-57,127],[6,55],[21,47],[2,131],[5,83],[-5,216],[-4,108],[-4,341],[4,143],[-10,208]],[[29456,41354],[0,118],[-12,375]],[[29444,41847],[-7,93]],[[29437,41940],[-1,5]],[[29436,41945],[28,68],[12,-54],[16,-5],[18,-35],[22,44],[9,94],[19,-28],[77,3],[38,32],[14,30],[19,81],[11,23],[9,65],[14,19],[12,83],[10,-98],[16,-88],[19,-19],[8,40],[19,-118],[11,59],[8,-4],[19,97],[15,28],[7,-71],[-22,-42],[-43,-104],[-79,-201],[-20,-46],[-84,-154],[-43,-92],[-25,-64],[-54,-93],[-28,-20],[-12,19],[-20,-40]],[[29300,42712],[122,85]],[[29422,42797],[-2,-135],[19,-158],[-68,-214],[20,-169],[0,-51]],[[29391,42070],[-8,-69],[-10,-15],[-17,-114]],[[29356,41872],[-38,69]],[[29318,41941],[7,152]],[[29325,42093],[1,282],[-23,196],[7,70],[-10,71]],[[5518,68605],[8,60],[30,-8],[-8,-96],[-21,-17],[-9,61]],[[5479,68833],[12,75],[26,-3],[-8,-65],[13,-89],[-27,-68],[-8,57],[15,45],[-23,48]],[[5445,68441],[10,16],[16,-69],[-17,-62],[-9,115]],[[5430,69030],[12,6],[14,94],[17,1],[3,-75],[-21,-175],[-23,39],[6,72],[-8,38]],[[5263,68610],[8,69],[15,16],[11,121],[15,56],[-25,21],[13,70],[-17,27],[16,85],[15,-1],[13,109],[18,16],[24,147],[7,-113],[-13,-2],[-2,-163],[26,31],[-15,-124],[-19,66],[0,-108],[-32,-129],[-16,-34],[-4,-74],[-18,-32],[2,-54],[-22,0]],[[5238,69606],[24,72],[17,-47],[13,17],[0,-134],[-22,66],[-25,-35],[-7,61]],[[5188,69404],[7,55],[23,-20],[24,41],[7,-108],[-6,-82],[-17,52],[-23,4],[-15,58]],[[5094,69407],[18,113],[20,51],[22,-38],[-5,-163],[20,59],[-6,31],[14,79],[14,-64],[-14,-49],[-1,-107],[11,-34],[12,-120],[-2,-54],[-26,-38],[-24,48],[-3,43],[-20,1],[-8,-66],[-18,110],[4,155],[-8,43]],[[4933,69178],[12,44],[15,-39],[0,-87],[-27,82]],[[4862,69193],[11,67],[14,-7],[20,35],[-7,-103],[-19,-21],[-19,29]],[[4805,69067],[21,73],[18,-24],[12,-53],[23,-31],[1,-37],[-35,-94],[-9,85],[-31,81]],[[4656,68659],[15,26],[16,78],[25,-52],[1,-129],[-23,-115],[-28,95],[-6,97]],[[4539,67698],[6,101],[10,26],[66,-121],[2,-61],[-31,-24],[-18,33],[-12,-33],[-23,79]],[[5643,72379],[0,-15]],[[5643,72364],[-15,-37],[6,-57],[9,-29]],[[5643,72241],[0,-102],[-44,0],[0,-165],[-62,0],[0,-165],[-87,0],[0,-166],[-87,0],[0,-330],[26,0],[0,-662],[-17,0],[0,-165],[85,0],[0,-474]],[[5457,70012],[-17,-94],[-30,-36],[7,73],[26,50],[-18,43],[7,107],[-8,50],[15,121],[-4,47],[-24,43],[-26,11],[-11,-130],[-46,6],[-7,-59],[6,-80],[-31,-27],[4,-75],[-43,-50],[-37,49],[-6,-47],[13,-64],[-22,-150],[-1,-64],[-19,-27],[-5,84],[-15,104],[-16,-64],[-14,26],[-14,-56],[29,-19],[0,-104],[-37,-16],[-12,30],[4,63],[-21,40],[-13,-35],[-14,-128],[-68,-161],[-21,8],[-12,45],[-26,-50],[-14,6],[9,189],[-2,59],[15,69],[17,122],[-7,69],[-43,3],[-20,-41],[-23,-165],[-1,-178],[3,-44],[-48,-254],[-4,-90],[-15,-22],[-27,46],[8,-108],[10,-41],[1,-99],[-26,-66],[-24,78],[-2,83],[-21,-74],[8,-114],[-16,-75],[-15,39],[-31,-6],[-22,60],[-8,92],[15,18],[-9,116],[-3,124],[-21,40],[5,55],[-26,-5],[-17,-136],[9,-60],[12,4],[17,-106],[-11,-51],[16,-182],[0,-85],[-31,44],[-11,-87],[-17,-33],[-28,-2],[-24,129],[6,46],[-17,105],[-17,51],[-32,-19],[-9,-132],[19,-27],[27,-83],[5,-50],[-46,-144],[-6,-52],[-38,-59],[-9,89],[18,35],[-4,150],[13,23],[2,163],[-11,95],[34,114],[33,38],[59,-4],[6,119],[-17,15],[31,117],[18,-6],[26,115],[18,-39],[21,80],[-5,73],[1,130],[37,179],[32,183],[34,90],[27,110],[32,54],[35,139],[32,34],[32,54],[85,89],[-2,-50],[26,5],[39,-33],[48,107],[-5,-89],[-15,-12],[-19,-61],[3,-77],[13,-16],[1,-78],[14,-41],[29,-143],[6,43],[21,-33],[14,10],[-28,125],[-1,146],[29,-46],[44,13],[9,-62],[18,-46],[4,-48],[17,-3],[8,138],[-35,108],[-16,17],[-13,112],[-17,17],[24,147],[32,353],[9,67],[34,111],[22,104],[25,40],[33,106],[35,142],[75,141],[44,132],[30,48],[69,176],[25,95],[14,42]],[[3957,67988],[39,115],[26,38],[20,147],[23,221],[2,72],[33,82],[26,-68],[19,22],[39,115],[14,-16],[34,75],[18,71],[32,31],[32,-23],[35,20],[2,-65],[29,-124],[9,-108],[-2,-98],[9,-110],[12,-65],[27,6],[13,37],[23,-84],[4,-129],[-31,70],[-26,5],[-12,89],[-17,-10],[-8,-44],[1,-118],[-23,-10],[-24,-77],[-28,31],[-34,15],[-40,-8],[-38,-21],[-32,-49],[-32,-98],[-3,-115],[-33,-120],[-42,-34],[-13,-26],[-25,10],[-30,48],[-24,196],[-4,104]],[[3881,67079],[22,57],[62,-35],[-11,-74],[-23,-15],[-50,67]],[[3808,67028],[32,32],[29,1],[-5,-54],[-56,21]],[[3751,67354],[3,43],[27,25],[6,-80],[16,-55],[2,-94],[-18,-31],[-22,103],[-2,59],[-12,30]],[[3632,67121],[8,104],[16,27],[13,57],[30,-15],[-2,-64],[37,-36],[3,-92],[16,-40],[-26,-49],[-22,-21],[-22,21],[-33,-41],[-1,56],[-17,93]],[[3608,66862],[26,5],[-2,-62],[-23,5],[-1,52]],[[6079,71728],[16,78],[54,2],[-20,-100],[-50,20]],[[5919,71362],[20,38],[9,-85],[-8,-24],[-21,71]],[[5643,72379],[0,-15]],[[5642,70370],[8,99],[19,28],[15,-81],[-28,11],[-14,-57]],[[5562,70401],[10,65],[15,-42],[-13,-52],[-12,29]],[[5502,70165],[8,102],[10,-26],[-18,-76]],[[5643,72241],[22,-36],[46,27],[0,79],[-12,83],[-1,95],[10,145],[34,212],[44,232],[21,82],[34,88],[28,41],[23,95],[20,128],[16,37],[23,93],[29,37],[9,-122],[15,-17],[8,61],[-9,169],[-27,7],[-2,185],[13,169],[13,424],[7,167],[10,97],[33,11],[-2,80],[-27,123],[-3,119],[4,105],[23,222],[32,79],[21,133]],[[6098,75691],[264,0],[0,513],[-193,0]],[[6169,76204],[9,119],[-12,37],[-18,-177],[-32,-46]],[[6116,76137],[0,449],[-22,0],[0,330],[47,0],[0,166],[94,0],[0,165],[26,0],[0,165],[48,0],[0,165],[94,0],[0,166],[46,0],[0,951],[0,741],[0,621]],[[6449,80056],[140,0],[276,0],[297,0]],[[7162,80056],[0,-165],[12,0],[0,-661],[-36,0],[0,-661],[-36,0],[0,-661],[-35,0],[0,-165],[-47,0],[0,-331],[-48,0],[0,-165],[-80,0],[0,-331],[-94,0],[0,-330],[15,0],[0,-661],[14,0],[0,-166],[94,0]],[[6921,75759],[1,-366],[-15,0],[2,-81],[-23,2],[-9,-110],[-29,-1],[0,-53],[-45,-1],[0,-53],[-39,0],[-38,-27],[-14,-49],[0,-55],[-46,0],[0,-82],[-31,0],[0,-162],[15,1],[0,-116],[-14,1],[0,-328],[-32,-9],[0,-85],[-25,-2],[-1,-50],[-43,-4],[0,-112],[-15,2],[-6,-137],[-36,0],[-1,-77],[15,-28],[-29,-113],[-1,84],[-33,-26],[0,-54],[-38,-63],[-45,-1],[0,-56],[-24,-27],[-1,-86],[-13,2],[1,-138],[-10,-55],[-22,2],[-1,-80],[-14,0],[0,-110],[-22,1],[0,-139],[110,-16]],[[6350,72902],[-25,-84],[-19,-118],[-18,-8],[5,-120],[-32,46],[-12,63],[-19,-131],[-5,-123],[-23,115],[-13,-20],[-5,-81],[-21,-40],[-14,-107],[-16,-3],[-2,-84],[-23,-30],[-44,168],[-25,-55],[20,-115],[-30,-16],[-15,-112],[3,-47],[20,-17],[8,-59],[-11,-45],[-32,5],[-19,-18],[-18,123],[-13,1],[-40,-71],[-8,-54],[-19,-14],[-27,-94],[0,-46],[45,69],[34,1],[2,-129],[-15,-48],[-39,71],[-21,4],[-7,-97],[-15,-11],[-41,51],[-23,-59],[-27,-148],[9,-65],[40,-30],[32,-107],[-26,-61],[13,-83],[-24,-82],[-8,46],[-17,-64],[12,-98],[-6,-162],[-22,6],[-28,68],[3,189],[-27,-66],[12,-167],[-1,-56],[-22,28],[-25,-29],[-10,46],[-19,-164],[-43,-8],[-28,-64],[-10,18],[-39,-41],[-15,-41],[-1,-111],[-17,39],[-8,155],[-15,-66],[10,-46],[4,-152],[-16,-98],[6,-25],[-8,-112]],[[29217,48049],[52,32],[-13,514],[64,43]],[[29320,48638],[59,30],[36,38],[21,42],[9,96],[35,18]],[[29480,48862],[8,-89],[3,-137],[-10,-107],[6,-206]],[[29487,48323],[-22,-144],[-13,-274],[7,-35],[1,-179],[10,-112],[-2,-125]],[[29468,47454],[-16,-9]],[[29452,47445],[-173,-113]],[[29279,47332],[3,99],[-19,24],[-9,39],[-18,-36],[-35,218],[23,85],[-7,288]],[[28900,44377],[1,227]],[[28901,44604],[31,16],[10,55],[34,66],[15,66],[20,17],[49,159],[19,-12],[18,22]],[[29097,44993],[26,-179],[49,-132]],[[29172,44682],[4,-11],[-30,-282],[23,-61]],[[29169,44328],[-91,-292]],[[29078,44036],[-102,-315]],[[28916,44004],[-11,22],[-6,59],[1,292]],[[26363,35938],[13,62],[-2,74],[14,12]],[[26388,36086],[12,1],[15,85]],[[26487,36098],[-5,-72],[7,-27],[-5,-147],[-2,-119],[-8,-37],[10,-145]],[[26484,35551],[-23,-17],[-7,-66]],[[26454,35468],[-18,-14],[-24,45]],[[26412,35499],[-7,107],[-6,8],[-16,175],[-9,38],[-3,69],[-8,42]],[[26347,37280],[7,38]],[[26354,37318],[9,-123],[18,-94],[5,-183]],[[26386,36918],[11,-144]],[[26397,36774],[-61,-149],[-1,-25]],[[26335,36600],[-9,120],[-16,-8],[-3,38]],[[26307,36750],[-4,300]],[[26788,34844],[11,-11],[14,31],[10,69],[15,50],[24,6]],[[26862,34989],[17,-85],[12,40],[18,-99]],[[26824,34422],[-19,78],[-8,-25],[-51,-91],[8,89]],[[25875,35603],[35,391]],[[25910,35994],[40,38],[9,109],[-7,237]],[[25952,36378],[15,10]],[[25967,36388],[2,-13]],[[25969,36375],[9,-14],[0,-93],[14,6],[11,-166],[22,-89]],[[26025,36019],[3,-72],[12,-31],[1,-49]],[[26041,35867],[-16,-148],[-18,-63],[-5,-71],[-16,-78],[-4,-196]],[[25982,35311],[-43,18]],[[25939,35329],[-5,110],[-14,113],[-23,-3],[-13,64],[-9,-10]],[[26397,36774],[13,-57],[-7,-127],[26,-84]],[[26388,36086],[-5,118],[-7,60],[-32,88],[-19,33]],[[26325,36385],[10,215]],[[25589,36183],[9,-38]],[[25598,36145],[14,-55],[15,-15],[10,-104],[17,28],[7,128],[0,49],[18,69]],[[25679,36245],[24,-92],[-5,-85],[16,6],[10,-94],[-1,-102]],[[25723,35878],[-12,-55],[13,-67],[-31,-96],[-5,13],[-25,-133]],[[25663,35540],[-16,12],[-47,105],[-40,117]],[[25560,35774],[4,78],[28,69],[-9,112],[6,150]],[[25982,35311],[65,-35]],[[26047,35276],[2,-59],[-9,-57],[-4,-113],[5,-99],[-2,-129]],[[26039,34819],[-16,-24]],[[26023,34795],[-45,-41],[-42,36]],[[25936,34790],[2,92],[-30,229]],[[25908,35111],[23,24],[2,66],[8,40],[-2,88]],[[26662,37106],[10,27],[21,-146]],[[26693,36987],[11,-210],[16,-32]],[[26720,36745],[9,-54],[-3,-61],[-12,-32]],[[26714,36598],[-11,-49],[-19,-39],[-6,-52],[-11,-15]],[[26667,36443],[-8,-33],[-10,64]],[[26649,36474],[-6,125],[-11,57],[-15,-24],[-6,103]],[[26611,36735],[5,12],[30,152],[3,145],[13,62]],[[26202,36449],[14,73],[8,102]],[[26224,36624],[16,-19],[16,-49],[12,45]],[[26268,36601],[11,-65],[-3,-143],[11,-72]],[[26287,36321],[-24,-58],[-14,27],[-11,-35],[-4,-57],[-12,-27]],[[26222,36171],[-16,-7],[-10,54],[-8,-35]],[[26188,36183],[-4,141]],[[26184,36324],[18,125]],[[26041,35867],[12,-68],[12,-5],[-2,-69],[8,-37],[-14,-175],[15,-37],[13,52]],[[26085,35528],[5,-10],[11,-159]],[[26101,35359],[-11,32],[-7,-54],[-15,30]],[[26068,35367],[-15,-30],[-6,-61]],[[26791,36309],[14,67],[30,-59],[26,-99],[35,-70]],[[26896,36148],[-17,-52],[8,-56],[-9,-68],[10,-128]],[[26888,35844],[-34,69],[-36,-91],[-14,15]],[[26804,35837],[-2,149],[-11,44],[-5,79]],[[26786,36109],[13,102],[-8,98]],[[25447,35140],[61,212],[26,48],[35,158]],[[25569,35558],[7,-107],[-3,-49],[3,-121],[15,-63]],[[25591,35218],[-14,-156],[-7,-20],[-5,-84],[12,-82],[11,-34],[-8,-71]],[[25580,34771],[-11,-45],[-31,-13],[-10,-41],[-44,84]],[[25484,34756],[-10,56],[-17,37],[-5,108],[-1,116],[-4,67]],[[26543,33875],[19,116],[8,104],[12,11],[30,152],[14,31],[4,53],[-6,45]],[[26624,34387],[22,-33]],[[26646,34354],[5,-82]],[[26651,34272],[3,-89],[-9,-79],[7,-46],[-4,-96],[12,-68],[-1,-62]],[[26659,33832],[-19,0],[-23,-59],[-17,-63]],[[26600,33710],[-5,-35],[-67,10]],[[26528,33685],[-7,110],[22,80]],[[26525,34949],[12,31],[10,76],[22,80]],[[26569,35136],[30,-22],[11,13],[8,-82],[23,-81]],[[26646,34921],[1,-61],[-13,-70],[5,-122],[-3,-104],[10,-210]],[[26624,34387],[-17,15],[-20,60],[-7,58],[-21,1],[-14,55]],[[26545,34576],[2,69],[-6,52],[-11,-13],[-12,121],[8,61],[-1,83]],[[26541,35458],[15,-58],[25,13],[3,52],[14,-18],[7,48],[21,-59]],[[26626,35436],[7,-74],[4,-131],[-2,-122]],[[26569,35136],[-7,41],[-11,148],[-10,56],[0,77]],[[21816,44173],[161,-4]],[[21977,44169],[0,-660]],[[21977,43509],[-124,0]],[[21853,43509],[-36,1]],[[21817,43510],[-1,663]],[[20423,55466],[18,61],[8,-32],[16,53],[28,54],[15,-29],[12,60],[12,-16],[34,6],[4,-26],[25,19],[9,-43]],[[20604,55573],[0,-378],[-11,0],[0,-148]],[[20593,55047],[-36,0],[0,-498],[-12,0],[0,-663]],[[20545,53886],[-119,-1],[0,-168],[-35,0],[0,168],[-35,-1]],[[20356,53884],[-24,0],[0,331],[-35,0],[0,333],[10,0],[0,647],[-27,0],[0,170],[-17,0]],[[20263,55365],[-3,116],[10,89],[20,-18],[26,-55],[62,13],[24,-56],[21,12]],[[28519,39659],[60,1]],[[28579,39660],[2,-204],[15,-171],[20,-43],[13,-72],[9,-142]],[[28638,39028],[7,-96],[-17,-101],[-12,-161],[-16,0],[-10,73]],[[28590,38743],[0,251],[-50,0],[0,-179],[26,-78]],[[28566,38737],[-22,-44]],[[28544,38693],[-27,100],[0,91],[-17,6],[-8,62]],[[28492,38952],[0,238],[7,108],[20,361]],[[28504,38481],[14,43],[12,103],[14,66]],[[28566,38737],[10,-57],[14,1]],[[28590,38681],[2,-57],[26,-87],[2,-106],[-4,-46],[12,-76],[-23,-60],[8,-77],[-18,-169],[4,-71],[-16,-134],[8,-61]],[[28591,37737],[-25,15],[-2,89],[-17,-36]],[[28547,37805],[-8,62],[13,235],[-6,39],[-3,113],[-13,94],[-25,70],[-1,63]],[[28399,39658],[61,-1]],[[28460,39657],[59,2]],[[28492,38952],[-30,22],[-9,-20],[-22,34],[-18,-28]],[[28413,38960],[5,124],[12,138],[-26,166],[-28,64],[23,206]],[[28329,39658],[3,0]],[[28332,39658],[67,0]],[[28413,38960],[-1,-1]],[[28412,38959],[-80,-254]],[[28332,38705],[-8,52],[-16,37],[-6,74],[-14,-6],[-17,41]],[[28271,38903],[17,275],[-2,61],[7,77],[8,151],[11,22],[17,169]],[[28793,36866],[11,57],[18,-40],[10,65],[14,-39]],[[28846,36909],[2,-56],[17,-134],[-9,-73],[9,-65],[-10,-73],[-23,-50],[11,-91]],[[28843,36367],[-7,-53]],[[28836,36314],[-19,22],[-19,-10],[-13,-80],[-17,-27],[2,151],[24,126],[-21,35],[10,87],[-12,42],[-15,-45],[-7,24],[5,96],[22,26],[13,48],[4,57]],[[28740,36289],[-15,0]],[[28725,36289],[2,150],[9,9],[8,-61],[-4,-98]],[[28741,38999],[37,-19],[11,34],[14,-9]],[[28694,38465],[-7,3],[-13,-96],[-4,162],[-9,30],[15,212],[12,81],[-2,37],[21,101],[25,-20],[9,24]],[[28846,36909],[69,23],[16,122],[-9,186]],[[28922,37240],[81,-2]],[[29003,37238],[-10,-242],[-5,-24],[-25,-411],[-14,-131]],[[28949,36430],[-106,-63]],[[26672,43279],[70,8]],[[26742,43287],[27,-53],[11,-76],[16,-60],[16,-16],[12,35],[10,102],[14,-90],[18,3],[-2,-58],[-33,-19],[-11,-25],[-19,-1],[-6,-39],[-18,-18]],[[26777,42972],[-83,-1],[-1,83],[-21,-2]],[[26672,43052],[0,227]],[[23700,35137],[2,443]],[[23830,35563],[-1,-277]],[[23829,35286],[-2,-277]],[[23827,35009],[-119,15]],[[23708,35024],[-8,2],[0,111]],[[24782,30132],[9,66],[11,3],[7,-51],[20,-49],[29,83],[4,40],[53,-1]],[[24915,30223],[0,-165],[15,0],[0,-250]],[[24930,29808],[-15,-1]],[[24915,29807],[-133,1]],[[24782,29808],[-11,74],[6,102],[-4,105],[9,43]],[[24751,30649],[99,-2],[64,1]],[[24914,30648],[1,-425]],[[24782,30132],[-1,259],[-28,0]],[[24753,30391],[15,90],[0,83],[-17,85]],[[24711,27472],[1,919]],[[24712,28391],[75,-5],[3,-41],[-9,-53],[-26,-16],[-5,-48],[13,-55],[4,66],[9,-18],[23,-1]],[[24799,28220],[3,-86]],[[24802,28134],[7,-46],[0,-369],[-10,0],[0,-81],[-10,1],[0,-160]],[[24789,27479],[-34,55],[1,-82],[-11,-31]],[[24745,27421],[-12,-40],[-2,-71],[-9,-17],[-11,60],[0,119]],[[25208,27809],[17,1],[22,58],[11,10],[4,106],[-10,99]],[[25252,28083],[8,30],[21,15],[18,62],[7,74],[19,0]],[[25325,28264],[-7,-402]],[[25318,27862],[-8,-469]],[[25310,27393],[-102,-2]],[[25208,27391],[0,418]],[[24638,27359],[45,1],[0,111],[28,1]],[[24745,27421],[0,-315],[-28,-78],[1,-68],[10,-21],[8,-75]],[[24736,26864],[-24,-3],[0,-164],[-57,-1]],[[24655,26696],[-1,332],[-12,-1]],[[24642,27027],[6,202],[-15,59],[5,71]],[[25021,22858],[57,0]],[[25078,22858],[70,2]],[[25148,22860],[0,-334]],[[25148,22526],[0,-111]],[[25148,22415],[-99,-1],[0,-56],[-28,0]],[[25021,22358],[0,500]],[[29169,44328],[41,-105],[64,-34],[9,141],[12,13],[25,-95]],[[29320,44248],[-5,-93]],[[29315,44155],[-1,-115],[-8,-224],[3,-99],[0,-149],[3,-31],[-4,-314]],[[29308,43223],[-28,-17],[-4,48],[-18,18],[2,-63],[-35,44],[-3,52],[-29,-80]],[[29193,43225],[-8,103],[-50,191],[34,249],[-91,268]],[[28986,47085],[-17,919]],[[28969,48004],[30,-89],[58,38]],[[29057,47953],[22,-1113],[-25,-280],[43,-102]],[[29097,46458],[4,-203],[-17,-115],[-4,-69],[4,-69]],[[29084,46002],[5,-93],[-6,-258]],[[29083,45651],[-33,67],[-7,-140],[-54,159],[-11,-92],[-20,-6],[0,44]],[[28958,45683],[3,1],[-5,328],[16,124],[25,210],[-26,59],[5,86],[19,52],[-9,542]],[[29251,46620],[77,51],[7,-129],[9,-48],[-3,-98],[17,-49],[10,73],[40,76]],[[29408,46496],[0,-118],[4,-68],[-3,-132],[5,-74],[-5,-148],[-12,-156]],[[29397,45800],[-14,-92],[7,-141],[-5,-68]],[[29385,45499],[-17,68],[-8,-63],[-12,-14]],[[29348,45490],[-24,138],[-2,115],[-14,-27],[-15,70],[-24,42]],[[29269,45828],[-1,51]],[[29268,45879],[-12,517]],[[29256,46396],[-5,224]],[[28769,45385],[128,42],[37,-3]],[[28934,45424],[-10,-158],[0,-181],[-10,-26],[-10,-139],[8,-132],[-9,-57],[4,-52],[-6,-75]],[[28900,44377],[-61,1],[0,101],[-51,1],[-6,20],[-6,298]],[[28776,44798],[-7,587]],[[20380,24941],[147,-3],[154,0]],[[20681,24938],[0,-451],[1,-197],[2,-953],[0,-620],[-2,0],[-1,-328]],[[20681,22389],[-17,-66]],[[20664,22323],[-8,109],[-11,-11],[-14,68],[-6,64],[-12,7],[-15,100],[-11,-22],[-10,61],[-29,43],[-5,96],[-21,84],[-3,43],[-16,44],[-13,183],[-12,59],[-17,39],[-9,53],[-9,5],[-6,68],[-21,165],[-17,46],[-6,98],[-12,43]],[[20381,23768],[10,69],[0,105],[-9,0],[-2,999]],[[26155,32159],[5,-39]],[[26160,32120],[-5,39]],[[26041,32242],[13,44],[-5,78],[-3,146],[5,83]],[[26051,32593],[23,111],[15,17],[42,-69],[13,-45],[0,-56],[13,-27]],[[26157,32524],[12,-194],[-6,-129],[-7,-31]],[[26156,32170],[-3,31],[-23,-24],[-25,47],[-17,-13],[-12,-36],[-13,-2]],[[26063,32173],[-22,69]],[[26386,32876],[7,8],[12,94]],[[26405,32978],[20,8],[17,-83],[4,128],[44,-28],[-2,34],[14,94],[6,-51]],[[26508,33080],[10,-115],[7,-45]],[[26525,32920],[-20,-98],[-22,-126],[10,-63],[-25,-94],[-12,17],[-9,-95],[-14,-68]],[[26433,32393],[-13,156],[-6,109]],[[26414,32658],[-10,88],[-12,25],[-8,59],[2,46]],[[26336,31887],[10,-1]],[[26346,31886],[17,-38]],[[26363,31848],[1,-11]],[[26364,31837],[0,-21]],[[26364,31816],[31,-399],[0,-129],[-12,-22],[-12,-64]],[[26371,31202],[-6,-37],[-42,3],[-10,-51]],[[26313,31117],[-10,29],[-2,59],[-31,120]],[[26270,31325],[12,166],[25,160],[29,236]],[[26197,33341],[5,5],[4,172],[12,112],[28,43],[23,-22],[22,-86],[14,0]],[[26305,33565],[11,-170],[10,-77],[-12,-47]],[[26314,33271],[-26,-120],[-20,-28],[-14,-162],[2,-99]],[[26256,32862],[-26,-10],[-7,37],[-15,-72],[-5,11]],[[26203,32828],[-6,12]],[[26197,32840],[11,98],[-12,207],[1,196]],[[25474,32257],[2,128],[18,30],[9,54],[14,-4],[7,86]],[[25524,32551],[92,-65]],[[25616,32486],[-3,-207]],[[25613,32279],[-5,-240],[-6,-46],[-14,-27],[-9,-52]],[[25579,31914],[-34,-84],[-40,53],[-15,-64]],[[25490,31819],[-24,104],[8,334]],[[26254,32110],[33,121],[4,-1]],[[26291,32230],[16,-137]],[[26307,32093],[1,-121],[-12,20],[-5,-50],[0,-150],[-7,-24],[-2,-71],[-18,-6],[6,-64],[-10,-49],[-8,-87],[-16,4],[-10,-57]],[[26226,31438],[-14,52],[-10,-14],[-9,56]],[[26193,31532],[-3,65],[10,93],[1,57],[16,90],[37,273]],[[26525,32920],[6,-33],[53,-9]],[[26584,32878],[18,-160]],[[26602,32718],[-2,-80]],[[26600,32638],[5,-127],[-39,-162]],[[26566,32349],[-16,-88],[-10,7],[-16,60],[-17,-61],[-20,13],[-15,-38],[-9,-49]],[[26463,32193],[-27,175]],[[26436,32368],[-3,25]],[[26436,33693],[10,0]],[[26446,33693],[67,-5]],[[26513,33688],[0,-55],[18,-250],[4,-18]],[[26535,33365],[-4,-61],[-13,-79],[-2,-92],[-8,-53]],[[26405,32978],[-1,82],[13,47],[-1,197],[-4,126],[7,105],[18,9],[3,97],[-4,52]],[[26363,31848],[3,37],[16,42],[44,-16],[14,-77],[17,-12]],[[26457,31822],[5,-33],[20,-34],[4,-66],[25,17],[-5,-65],[19,-67],[-5,-32]],[[26520,31542],[-15,-99],[2,-77],[-9,-45],[3,-107]],[[26428,31051],[-57,151]],[[26364,31816],[0,21]],[[25774,31965],[1,31],[26,-8],[12,-69],[26,-75],[19,76],[26,-58]],[[25884,31862],[1,-243],[-5,-175]],[[25880,31444],[-31,-123],[-11,-3],[-4,-53],[-28,69]],[[25806,31334],[-21,19]],[[25785,31353],[-5,4],[-11,130],[-2,108],[7,370]],[[26983,33320],[13,45],[18,-37],[25,111],[32,94]],[[27071,33533],[9,-65],[-23,-161],[-2,-51],[12,-63],[5,-80],[13,-44]],[[27085,33069],[-28,-275],[-13,-28]],[[27044,32766],[-14,1],[-5,82],[-20,14]],[[27005,32863],[-10,146],[-18,52],[-5,-15]],[[26972,33046],[11,226],[0,48]],[[25409,33028],[32,-21],[10,24],[19,-18],[19,-65],[21,-8],[5,-37]],[[25515,32903],[7,-159],[-3,-149],[5,-44]],[[25474,32257],[-29,-4],[-8,-63],[-17,53],[-15,18]],[[25405,32261],[6,48],[3,140],[-23,13],[-2,64],[6,93],[21,178],[2,74],[-10,117],[1,40]],[[24863,31683],[10,91],[34,116],[8,-16],[30,10],[10,-51],[21,-69]],[[24976,31764],[9,-64],[-1,-274]],[[24984,31426],[-18,3],[-26,-55]],[[24940,31374],[-40,56],[-7,-27],[-67,11]],[[24822,31400],[-5,-10]],[[24817,31390],[-19,100]],[[27071,33533],[15,114],[29,88]],[[27115,33735],[50,-4]],[[27165,33731],[-9,-45]],[[27156,33686],[-8,-99],[3,-131],[-5,-20],[-4,-126]],[[27142,33310],[3,-83],[-13,-17],[-7,33],[-19,-40],[-17,-91]],[[27089,33112],[-4,-43]],[[26006,32815],[8,-101],[15,6],[10,-32],[12,-95]],[[26041,32242],[-20,36],[-37,-20]],[[25984,32258],[-6,63],[-30,169]],[[25948,32490],[-13,238]],[[19259,39179],[19,-14],[97,1],[139,0],[6,57],[10,11]],[[19530,39234],[0,-250]],[[19527,37331],[-165,0],[-104,0]],[[19258,37331],[9,52],[-11,147],[-1,92],[-14,46],[-7,105],[8,48],[-11,68],[5,35],[-16,101],[-2,121],[10,12],[-5,88],[5,42],[-6,59],[5,107],[8,46],[-2,76],[5,70],[12,74],[-6,91],[4,74],[11,71],[0,223]],[[24936,32382],[25,63],[14,-25],[4,44],[24,-2],[18,-125]],[[25021,32337],[-4,-121]],[[25017,32216],[-13,10],[-10,-108],[2,-69],[-10,-90],[-1,-167],[-9,-28]],[[25780,32504],[1,79],[15,57],[12,116]],[[25808,32756],[37,-141],[16,-79],[48,-59]],[[25909,32477],[-1,-140],[-4,-15],[-4,-208],[-6,-115]],[[25894,31999],[-11,-35],[1,-102]],[[25774,31965],[-13,46]],[[25761,32011],[-3,81],[9,74],[14,-2],[4,120],[-8,109],[3,111]],[[18457,35424],[0,83],[61,1]],[[18518,35508],[89,-1],[0,-13],[145,-1],[91,7],[124,1],[118,2]],[[19085,35503],[-7,-122],[-13,8],[-1,-157],[-5,-104],[-20,-37],[-15,-66],[1,-50],[-10,-168],[-16,-55],[-10,-69],[-17,-23],[-19,17],[-16,-10],[-19,-155],[-10,33],[-24,-70],[-12,-1]],[[18872,34474],[-126,-1],[-188,-1]],[[18558,34472],[-100,0]],[[18458,34472],[-1,952]],[[24940,31374],[-3,-726]],[[24937,30648],[-23,0]],[[24751,30649],[5,88],[23,-29],[10,174],[10,31],[10,-33],[10,37],[-14,99],[11,76],[-6,45],[-17,21],[-1,64],[15,17],[1,73],[9,78]],[[25482,36699],[-3,-83],[-1,-434]],[[25478,36182],[-36,-40],[-17,98],[-10,-50]],[[25415,36190],[-3,-64],[9,-115],[-11,-62],[-23,46]],[[25387,35995],[-2,81],[-7,13],[-9,82]],[[25369,36171],[22,6],[-7,118],[7,39],[-6,105],[19,67],[-14,57],[20,56],[10,77],[-17,48],[-4,73]],[[31021,51023],[-67,-77]],[[30954,50946],[-60,-68],[-43,-60],[-5,11],[2,524],[-3,361],[0,647],[-72,1],[0,25],[-34,0]],[[30739,52387],[-1,337],[-156,1],[-95,2]],[[30487,52727],[-84,-1]],[[30403,52726],[8,232],[119,820],[96,638],[13,-6],[39,-80],[-5,-70],[4,-252],[37,-116],[12,7],[15,51],[26,49],[29,7],[10,82],[29,19],[25,-22],[1,109],[14,32],[30,-30],[19,-43],[5,-49],[51,-191],[18,-164],[27,-80],[1,-889],[2,-615],[0,-641],[8,-48],[-14,-67],[13,-113],[-13,-38],[-1,-235]],[[30952,50207],[32,29],[-5,163],[-25,547]],[[31021,51023],[20,-30],[35,-111],[30,-37],[13,34],[7,-40],[1,-149],[-10,6],[-11,-59],[8,-104],[13,-63],[-1,-88],[-13,-132],[3,-59],[31,-218],[9,3],[9,109],[17,-47],[20,-5],[12,-93],[9,-158],[13,-171],[14,-52],[-4,-130],[6,-69],[-45,-218],[-14,-92],[-15,38],[-18,-8],[0,88],[-21,-35],[6,-93],[-12,-88],[-39,62],[-9,-126],[3,-55],[-24,-11],[-12,15],[-46,-28],[-7,-90],[-1,-121],[-26,123]],[[30972,48721],[-10,221],[7,6],[-7,161],[-5,-5],[-19,506],[34,32],[-15,429],[-5,136]],[[30701,48206],[-1,0]],[[30700,48206],[1,0]],[[30557,49140],[15,16],[10,101],[11,-8],[4,-68],[17,14]],[[30614,49195],[17,15],[6,-163],[97,111],[6,-35]],[[30740,49123],[-9,-112],[9,-90],[3,-101]],[[30743,48820],[-9,-83],[1,-45],[-18,-14],[-27,-54],[13,-127],[-2,-60],[-21,-143]],[[30680,48294],[-26,12],[-41,208],[-21,-107],[-18,37]],[[30574,48444],[-27,29]],[[30547,48473],[17,230],[14,-13],[7,167],[-13,13],[7,170],[-19,13],[-3,87]],[[18336,31664],[21,2],[12,-38],[12,-5],[7,-53],[18,-49],[32,-122],[4,-63],[61,-97],[12,12],[32,-130],[29,-9],[9,42],[0,-212],[30,-2],[0,-334],[146,6],[9,9],[0,-338],[63,-2],[-1,-631]],[[18832,29650],[0,-62],[-29,-101],[-1,-131],[-12,-201],[4,-23],[-6,-93],[64,-1],[3,-207],[-6,-81]],[[18849,28750],[-64,0],[-123,92],[1,-55],[-9,-85],[-11,-38],[0,-74],[-12,-64],[-130,224],[-164,-1]],[[18337,28749],[0,608]],[[18337,29357],[0,897],[0,673],[-1,737]],[[19265,27944],[31,-18]],[[19296,27926],[16,-62],[9,-89],[9,-25],[8,67],[15,63],[7,76],[15,54],[20,16],[11,62]],[[19406,28088],[0,-1095],[45,-448],[4,-1],[21,-192],[8,-117],[2,-86],[-5,-203],[31,-196]],[[19512,25750],[-153,0],[-130,1],[-89,1]],[[19140,25752],[0,165]],[[19140,25917],[0,827],[0,471]],[[19140,27215],[11,-5],[-12,172],[3,189],[8,38],[14,-6],[6,55],[19,29],[16,-12],[13,56],[47,1],[0,212]],[[18808,41715],[8,23],[16,-59],[10,22],[9,155],[-11,97],[0,57],[-17,23],[-2,39],[11,88],[13,59],[17,36],[19,9],[4,79],[28,30]],[[18913,42373],[45,121],[16,84]],[[18974,42578],[0,-484],[141,-3],[84,-1],[53,4]],[[19252,42094],[13,-1]],[[19265,42093],[0,-350]],[[19265,41743],[-28,-11],[-45,51],[-18,-29],[-14,-61],[-41,-49],[-21,-9],[-16,-32],[-26,14],[-15,-69],[-24,30],[-3,-93]],[[19014,41485],[-9,4],[-13,-170],[-14,-29],[-13,35],[-12,-8],[-7,-77],[-26,53],[-24,87],[-14,19],[-4,85],[-23,-63],[-5,-86],[-17,18]],[[18833,41353],[-15,109],[3,70],[-8,52],[-5,131]],[[18918,39835],[108,0]],[[19026,39835],[95,-3],[0,-9],[151,-1]],[[19272,39822],[16,-38],[-3,-69],[-16,-17],[1,-147],[-8,-34],[-5,-177],[2,-161]],[[19259,39179],[-205,1],[-89,0],[-2,100],[-9,57],[-4,105],[-11,-7],[-14,166],[-7,27]],[[18918,39628],[0,207]],[[18821,41292],[12,61]],[[19014,41485],[0,-471],[2,0],[0,-665],[1,-349]],[[19017,40000],[-53,1],[0,82],[-24,100],[-11,99],[-12,16],[8,132],[-1,81],[-13,104],[2,39],[-12,79],[-19,26],[-15,-19],[-2,65],[-12,77],[-21,1],[-11,131],[-7,45],[11,52],[4,124],[-8,57]],[[15587,53702],[35,-1],[5,56],[12,18],[4,53],[25,47],[15,-16]],[[15683,53859],[18,-29],[2,-49],[18,-54],[8,11]],[[15729,53738],[-4,-51],[20,-192],[17,-10],[2,-60],[19,-59],[2,-78],[11,-30],[23,-13],[14,-33],[2,-62],[12,-55],[18,-7]],[[15865,53088],[-115,-2],[-151,4],[0,55]],[[23888,48193],[101,1]],[[23989,48194],[0,-664]],[[23989,47530],[-1,0]],[[23988,47530],[-100,-1]],[[23888,47529],[0,664]],[[23279,48853],[65,-1],[0,299]],[[23344,49151],[13,-13],[7,-58],[12,11],[17,-81],[33,-100],[56,-141]],[[23482,48769],[0,-412],[-67,-1],[-1,-165]],[[23414,48191],[-98,2]],[[23316,48193],[-37,-1]],[[23279,48192],[0,661]],[[23147,54491],[143,2]],[[23290,54493],[1,-665]],[[23291,53828],[-144,1]],[[23147,53829],[0,662]],[[23482,48769],[24,-79]],[[23506,48690],[20,-43],[6,-49],[54,-107],[22,-150],[12,-18]],[[23620,48323],[0,-297]],[[23620,48026],[-136,-1]],[[23484,48025],[-67,0],[-3,166]],[[22069,48191],[15,-125],[32,12],[32,-65],[11,4],[1,86],[-24,45],[-1,59],[10,27]],[[22145,48234],[24,-48]],[[22169,48186],[10,-81],[-5,-111],[14,-70],[20,-16],[23,-98],[0,-116]],[[22231,47694],[1,-80],[11,-71],[-15,-120],[-12,-34],[1,-132],[-18,-57],[11,-45],[21,-18],[4,-117],[16,-95],[-4,-60]],[[22247,46865],[-66,0]],[[22181,46865],[-25,0],[0,463],[-5,31],[-27,-22],[-4,-56],[-23,-55],[-16,18],[-9,-22],[-29,20],[-25,-17],[-31,48]],[[21957,47279],[0,248],[-8,0],[0,614]],[[21949,48141],[0,49],[120,1]],[[21642,50627],[103,0],[211,0]],[[21956,50627],[3,-54],[16,-120],[-12,-119],[16,-138]],[[21979,50196],[-5,-167],[-13,-114],[2,-159],[-21,19],[-9,-68],[6,-176]],[[21939,49531],[-4,-104],[-16,-51],[-19,-106],[-18,16],[-19,103],[-13,-30],[1,-70]],[[21851,49289],[-26,-6],[-5,30],[-24,-27],[-29,-86],[-10,30],[-22,14]],[[21735,49244],[0,470],[-102,0],[4,85],[0,662],[5,166]],[[21755,47809],[5,0],[0,331]],[[21760,48140],[189,1]],[[21755,47516],[0,293]],[[21698,24038],[160,-9],[2,-834]],[[21860,23195],[-77,-8]],[[21696,23181],[2,857]],[[21761,28433],[146,4]],[[21907,28437],[0,-835]],[[21907,27602],[-145,-1]],[[22904,19337],[78,382]],[[22982,19719],[5,-30]],[[22987,19689],[93,-543]],[[23080,19146],[-4,-548]],[[23076,18598],[-23,-3],[-7,56],[-40,4],[-3,36],[-16,-24]],[[22987,18667],[-8,94],[-14,107],[3,65],[-7,72],[-16,55],[-11,197],[-30,80]],[[26369,35098],[16,300]],[[26385,35398],[20,-26],[7,127]],[[26454,35468],[-2,-70],[13,-131],[-3,-61],[11,-54],[-2,-71]],[[26471,35081],[-22,-76],[-1,-72],[-10,-6],[-4,-114],[-5,-53]],[[26429,34760],[-60,338]],[[26348,34218],[45,152],[16,24]],[[26409,34394],[17,-26]],[[26426,34368],[-14,-315],[7,-42],[4,-156],[23,-162]],[[26436,33693],[-78,8],[-66,13]],[[26292,33714],[29,260],[15,104],[12,39],[0,101]],[[23156,50016],[106,-2],[114,2]],[[23376,50016],[-1,-498]],[[23375,49518],[-65,-1],[0,-263]],[[23310,49254],[-4,65],[-29,108],[-20,116],[-13,3],[-5,58]],[[23239,49604],[-19,25],[-5,72],[-44,211],[-15,104]],[[23095,50842],[4,0],[0,-329],[34,-2]],[[23133,50511],[0,-328],[4,-120]],[[23137,50063],[-19,30],[-31,104],[-47,42]],[[23040,50239],[-5,110]],[[23035,50349],[-5,58],[-36,97],[-18,4],[-14,89],[-9,123],[-20,123]],[[22933,50843],[162,-1]],[[22885,33531],[7,-78],[12,-20],[18,29],[15,131],[14,49],[9,-29],[9,-138],[-1,-76],[10,-33],[11,10],[16,-98],[10,50],[6,-44],[-11,-55],[-4,-63],[16,-33],[17,65],[6,-89],[13,-35],[17,-78],[16,2],[7,-43],[-7,-82]],[[23091,32873],[-8,1]],[[23083,32874],[-90,2],[0,-7]],[[22993,32869],[-55,-2],[0,167],[-30,0]],[[22908,33034],[0,166],[-30,0],[0,331],[7,0]],[[26400,25726],[8,-31]],[[26408,25695],[11,-48],[19,-1]],[[26438,25646],[0,-144],[10,-3],[0,-121],[11,-3]],[[26389,25254],[1,125],[5,100],[6,25],[-1,222]],[[26808,25195],[15,90],[-3,26]],[[26820,25311],[7,-4],[38,220]],[[26865,25527],[19,-23]],[[26915,24858],[-29,-76]],[[27224,19976],[4,2],[1,-264],[74,9],[-1,277],[15,31]],[[27317,20031],[15,-228],[22,-305],[16,-146],[9,-114],[40,-420]],[[27419,18818],[-65,-2],[1,-338],[-6,0]],[[27349,18478],[-9,153],[-12,109],[-2,120],[-10,29],[-9,-71],[-11,-10],[-11,35],[-3,54],[-26,4],[-13,85]],[[27243,18986],[3,37],[0,164],[-29,179],[-12,37],[-8,152],[-8,43],[-14,5],[-9,141]],[[27053,21645],[60,369],[11,73],[15,55],[5,70],[15,-20],[12,49],[13,-92],[10,-27],[12,76],[16,-105]],[[27222,22093],[7,-34],[10,-454]],[[27239,21605],[-16,-1],[1,-280],[-29,-3],[0,31],[-24,26],[-16,-24]],[[27155,21354],[-3,41],[4,91],[-103,-6]],[[27053,21480],[0,165]],[[26832,17637],[-2,0]],[[26830,17637],[2,0]],[[26842,17638],[43,2]],[[26886,17343],[-6,-3],[-14,-152],[21,-51],[15,-151],[-9,-82],[-1,-115],[-4,-44],[-20,3],[-3,-79],[5,-74],[-9,-26],[-3,80],[3,101],[-15,161],[-10,60],[-7,121],[6,150],[7,3],[3,77],[4,231],[-7,85]],[[27243,18986],[-15,-122],[2,-58]],[[27230,18806],[-65,2],[-4,-36],[1,-801]],[[27162,17971],[-84,-3]],[[27078,17968],[1,449],[0,723]],[[27078,17968],[0,-70],[-19,27],[-8,-19]],[[27051,17906],[0,316]],[[27051,18222],[0,82],[-10,3],[-13,81],[-8,-3],[-15,56],[-11,83],[-1,59]],[[26993,18583],[4,94],[22,139],[-3,60],[-26,144],[-10,121]],[[26874,22263],[30,-11]],[[26904,22252],[34,-15]],[[26938,22237],[1,-854]],[[26939,21383],[0,-59],[-12,-32],[-10,-64],[0,-57],[-10,-27],[1,-69],[11,-65]],[[26919,21010],[-13,-53],[-5,-97],[-18,-61]],[[26883,20799],[-10,8],[-12,49],[-18,138]],[[26843,20994],[11,61],[-9,42],[0,669]],[[25506,23025],[122,3]],[[25696,21830],[-66,-82],[-32,-21],[-12,9],[-57,-78]],[[27093,22703],[6,-53],[33,-48],[12,-59],[19,-4],[8,-34],[18,-25],[20,28],[12,-32]],[[27221,22476],[5,-17],[-4,-189],[0,-177]],[[27053,21645],[-1,169]],[[27052,21814],[4,138],[5,77],[2,226],[-10,118],[2,176],[17,55],[8,97],[13,2]],[[26617,22365],[71,-27]],[[26688,22338],[5,-1]],[[26693,22337],[9,-4]],[[26740,21858],[-12,-78],[1,-62],[-10,-98]],[[26719,21620],[-34,0]],[[26559,21702],[8,61],[-3,80],[13,15],[10,93],[-5,141],[10,57],[18,28],[9,56],[-2,132]],[[26993,18583],[-43,-4],[0,55],[-72,-1]],[[26878,18633],[-11,63],[7,118],[-13,68],[3,89],[10,65],[-10,108],[-9,58]],[[26939,21383],[27,9],[61,4]],[[27027,21396],[-2,-63],[-21,-145],[-10,-11],[-13,-137],[-31,-64]],[[26950,20976],[-26,43],[-5,-9]],[[28499,40623],[30,-107],[8,-96]],[[28671,39660],[-92,0]],[[28460,39657],[-1,213],[13,49],[-8,86],[4,67],[-14,146],[-14,31],[-19,76]],[[27479,40223],[0,273]],[[27479,40496],[0,458]],[[27479,40954],[0,148]],[[27479,41102],[44,0]],[[27660,40568],[3,-65],[-5,-70]],[[27658,40433],[10,-65],[-21,-136],[-23,-72]],[[27624,40160],[-36,9],[-13,38],[-31,21],[-44,-82],[-9,-46],[-12,19]],[[27479,40119],[0,104]],[[27777,41202],[65,469],[0,258]],[[27842,41929],[114,-10]],[[27956,41919],[1,-346]],[[27957,41573],[-31,-429],[-17,-197]],[[27909,40947],[-11,46],[-6,-46],[-24,-49],[-9,79],[-33,52],[-8,43],[-26,-11],[-10,63],[-5,78]],[[27709,41469],[1,548],[0,407]],[[27710,42424],[2,-15],[5,-217],[13,-30],[5,-122],[8,30],[14,-19],[66,65],[19,79]],[[27842,42195],[0,-266]],[[27777,41202],[-11,-7],[-20,71],[-8,102],[-14,93],[-15,8]],[[29960,42404],[13,53],[6,-66],[-19,13]],[[29891,42709],[9,42],[-4,121],[13,21],[2,343]],[[29911,43236],[85,11],[3,57],[18,41]],[[30017,43345],[2,-123],[-11,-46],[7,-55],[0,-121],[-11,-76],[-8,-117],[-13,9],[-24,-25],[-27,-61],[-41,-21]],[[27006,31031],[69,-17]],[[27075,31014],[26,-6]],[[27107,29884],[-16,17],[-11,89],[-14,22],[-20,81],[-5,79],[-16,76]],[[27512,26574],[28,-14],[40,-63],[-2,69],[5,63],[13,-2],[6,79],[-25,142],[5,37]],[[27582,26885],[14,-64],[12,20],[12,-188],[17,19],[-1,-98],[16,-7],[12,36],[4,74],[21,87],[1,59],[9,48],[19,146],[5,62],[26,61],[9,-13],[9,105],[11,19]],[[27778,27251],[26,-115],[17,-13],[0,-69]],[[27821,27054],[-11,-45],[-9,-148],[-15,13],[-18,-12],[-14,49],[-11,-41],[-13,-131],[10,-74],[-32,-105],[-8,-86],[-34,-100],[-11,65],[-10,-11],[-1,-53],[13,-6],[-2,-130],[-23,-81],[-9,-66],[-10,8],[-23,-37],[-13,-59],[-8,1],[-16,-55]],[[27553,25950],[-9,-2],[-14,-70],[-12,71],[-10,30],[7,53],[-8,57],[4,90],[-5,121],[-9,48],[5,90],[8,45],[2,91]],[[27475,28071],[10,58],[5,77],[24,2],[-1,100],[35,35],[4,34],[34,123],[45,149]],[[27631,28649],[8,-116],[19,-1]],[[27658,28532],[-11,-127],[-8,-16],[-14,-81],[6,-88],[-13,-145],[-23,-284]],[[27595,27791],[-14,-35],[1,-55],[-20,-11]],[[27562,27690],[-15,6],[-22,-32],[-23,91],[-5,86],[-12,68]],[[27485,27909],[-5,31],[-5,131]],[[27595,27791],[6,17],[32,-14],[24,-106],[7,-76],[17,-48],[15,-106],[18,-33]],[[27714,27425],[32,-62],[7,-43],[21,-28],[4,-41]],[[27582,26885],[-52,236],[11,69],[-10,32],[-8,113]],[[27523,27335],[12,12],[17,69],[10,174],[0,100]],[[27379,29623],[37,157],[0,-93],[9,-7],[7,53],[8,-70],[13,41],[18,-13],[6,38],[-7,90],[40,104]],[[27510,29923],[7,-43],[3,-87],[12,-93],[2,-137],[10,-62],[-1,-52]],[[27490,29072],[-28,-131],[-10,-1]],[[27452,28940],[-29,-58],[-41,221],[11,160]],[[27393,29263],[16,207],[-6,69],[-9,-3],[-15,87]],[[27814,28331],[12,-136],[8,-25],[15,19]],[[27849,28189],[11,-54],[14,-199],[28,0]],[[27902,27936],[-10,-93],[-13,-77],[-18,-201],[-6,-103],[-3,-134],[1,-82],[-5,-79],[-14,-83],[-13,-30]],[[27714,27425],[0,61],[11,67],[13,136],[14,102],[13,46],[16,98],[-2,45],[9,175],[22,170],[4,6]],[[15663,51101],[40,-1],[7,15]],[[15853,50770],[18,57],[23,11],[50,126]],[[15944,50964],[4,-246],[9,-9],[15,-103]],[[15972,50606],[-74,-2],[-155,2],[-2,-55],[-26,1]],[[15715,50552],[0,164],[-40,193],[-12,28],[0,164]],[[15491,52127],[19,19],[14,-76],[-1,-91],[19,-67]],[[15542,51912],[1,-204],[0,-496]],[[15543,51212],[-100,-12],[0,19],[-70,0]],[[15373,51219],[3,103],[-2,135],[-7,73],[15,59],[1,180],[-11,185],[0,84],[33,-105],[9,62],[18,44],[11,-46],[28,50],[20,84]],[[28474,41389],[6,-36],[17,35],[46,58]],[[28543,41446],[46,-196]],[[28589,41250],[-40,-153],[31,-531]],[[27232,26357],[19,45],[3,43],[18,92],[-4,101],[11,28],[5,89],[38,139]],[[27322,26894],[17,-119],[10,-120],[24,-131],[20,-244]],[[27381,26197],[-9,-75],[-15,40],[3,85],[-19,126],[-74,-375]],[[27237,26072],[-7,44],[5,59],[-9,100],[6,82]],[[27379,25091],[-2,-88]],[[26542,43028],[0,443]],[[26542,43471],[33,7]],[[26575,43478],[86,17]],[[26661,43495],[-2,-70],[31,-16],[4,36],[28,-105],[20,-53]],[[26672,43279],[-43,-4],[-12,-88],[-23,-62],[-4,-82],[-27,-112],[-21,-42]],[[26542,42889],[0,139]],[[26382,41497],[17,1]],[[26399,41498],[48,2],[0,-56],[32,2],[0,-28],[64,3]],[[26543,41421],[0,-202]],[[26543,41219],[-32,-7],[-2,-99]],[[26509,41113],[-94,-4],[0,-195],[-27,-1],[0,-45]],[[26388,40868],[-6,7],[0,622]],[[15444,45500],[0,-84],[37,0],[11,-57],[27,-13],[22,55],[26,0],[12,-56]],[[15579,45345],[1,-521],[-1,-811]],[[15499,44007],[-39,-11],[-46,1]],[[15978,49122],[-1,87],[8,45],[-12,107],[18,40]],[[15991,49401],[8,-8],[177,-4],[200,-3]],[[16376,49386],[-10,-56],[6,-60],[0,-376]],[[16372,48894],[-123,-2],[0,-165],[-45,0],[0,-164],[-33,1]],[[15966,48568],[-1,187],[8,83],[6,114],[-4,38],[3,132]],[[30077,43386],[17,-29],[3,-310]],[[30097,43047],[-19,-25],[-7,119],[3,91],[-10,47],[1,-159],[-3,-79],[-19,-32],[-4,78],[16,169],[0,32],[18,56],[4,42]],[[30019,42977],[5,183],[7,-1],[-2,-117],[-10,-65]],[[15333,48346],[48,2],[46,12]],[[15593,48360],[9,-109],[-5,-51],[73,2],[0,111],[11,54],[29,6],[32,-46],[2,-33],[29,-27],[9,-25],[33,-9],[16,27],[0,41],[83,2],[58,16]],[[15921,47086],[-35,-111],[-6,-70],[6,-45],[-1,-109]],[[15885,46751],[-105,2],[-65,-7],[0,205],[-102,-9],[1,125],[-9,0],[0,332],[-59,1],[0,55],[-34,2],[-16,38],[0,73],[-14,0],[-11,44],[0,56],[-24,45],[-34,1],[-33,-157],[-59,2]],[[15321,47559],[9,462],[4,304],[-1,21]],[[28997,43246],[24,-182],[1,-50],[20,-15],[6,-65],[37,-25]],[[29085,42909],[17,-129]],[[29102,42780],[-17,-22],[-23,-131],[-13,-184],[-11,-81],[-19,-88]],[[29019,42274],[-13,-6],[-11,100],[-22,17],[8,194],[-64,-25]],[[27283,27683],[9,-54],[32,-73],[6,-37],[29,-88],[29,-133],[0,-50],[13,-67]],[[27401,27181],[-27,-98],[5,-61],[-5,-61],[-12,78],[-40,-145]],[[27322,26894],[-12,51],[-19,125]],[[27291,27070],[-9,84],[4,448],[-3,81]],[[22848,31376],[0,166]],[[22848,31542],[144,-2]],[[22992,31540],[0,-119]],[[22950,30467],[-13,88],[-18,-38],[-12,72]],[[22848,30520],[0,856]],[[23409,31876],[89,-1]],[[23498,31875],[93,0]],[[23591,31875],[12,-465]],[[23603,31410],[-1,-16]],[[23602,31394],[-14,-32],[-3,-130],[-28,51],[-6,-46],[-14,-17],[-5,61],[-12,47],[-14,-2],[-10,-52]],[[23496,31274],[-8,91],[-6,-28],[-23,97],[-20,34],[-8,64]],[[23431,31532],[-11,12],[-12,116],[1,216]],[[22700,31376],[148,0]],[[22700,31301],[0,75]],[[27750,29191],[18,109],[28,24],[21,-60],[25,-26],[12,61],[12,-65]],[[27866,29234],[-1,-68],[-16,-79],[-4,-83],[-12,-81],[0,-64],[-23,-118],[-2,-50],[7,-96],[14,-50],[0,-95],[4,-111],[15,-107],[1,-43]],[[27814,28331],[-2,36]],[[27812,28367],[1,61],[-13,23],[-10,95],[-7,10],[-18,93],[-7,90],[2,84],[-5,47],[3,93],[-15,138],[7,90]],[[22957,34469],[62,0]],[[23019,34469],[147,0]],[[23166,34469],[0,-1097]],[[23166,33372],[0,-500],[-75,1]],[[22885,33531],[3,42],[27,46],[-3,87],[-26,-31],[-15,22]],[[22871,33697],[4,16],[-6,156],[10,33],[27,-30],[12,126],[15,-16],[4,46],[19,27],[1,414]],[[27643,30289],[1,-1]],[[27644,30288],[65,-3]],[[27774,29952],[3,-17]],[[27777,29935],[-51,-616]],[[27726,29319],[-7,13]],[[27671,29765],[7,148],[7,10],[-26,154],[-5,84],[-10,49],[-1,79]],[[22574,21936],[7,79],[-7,37],[21,261]],[[22595,22313],[16,-27],[10,35],[19,-137],[11,-160],[10,-48],[34,27],[26,76],[15,-42],[9,11],[18,-45],[21,-80]],[[22784,21923],[-34,-399],[-44,-271]],[[22706,21253],[-17,-83]],[[22689,21170],[-77,386],[-52,247]],[[22560,21803],[14,133]],[[21761,29346],[27,1]],[[21788,29347],[119,2]],[[21907,29349],[0,-912]],[[23279,26247],[35,-155],[24,-14],[14,11],[15,-58],[31,-56],[4,49]],[[23448,25961],[1,-317]],[[23449,25644],[0,-444]],[[23449,25200],[-133,-5]],[[23316,25195],[-5,32],[5,95],[-7,45],[11,142],[-1,105]],[[23319,25614],[-14,103],[-26,135],[0,395]],[[23040,25621],[105,-2]],[[23145,25619],[174,-5]],[[23316,25195],[9,-97]],[[23325,25098],[-102,-91],[-72,-59]],[[23151,24948],[0,13]],[[23151,24961],[-4,139],[-14,18],[1,118],[-9,-8],[-23,159],[-15,53],[-4,65],[-24,59]],[[23059,25564],[-11,8],[-8,49]],[[23157,20604],[17,2],[40,113]],[[23214,20719],[61,-231],[51,-165]],[[23326,20323],[-10,-269],[-25,-2],[1,-82],[-7,-22],[-5,-107],[-11,-67],[-34,61],[-13,-31],[-14,-87]],[[23208,19717],[-9,8],[-3,84],[-16,49],[-7,143],[-17,65],[-7,84],[4,38],[-5,156],[-7,20]],[[22283,14586],[44,197],[16,211]],[[22343,14994],[148,-4]],[[22491,14990],[28,-1]],[[22519,14989],[-30,-415],[-44,-587]],[[22445,13987],[-19,-41],[-17,98],[-11,83],[-9,1],[-11,72],[-19,-30],[-2,35],[-15,11],[-5,45],[-10,-17],[-7,41],[-13,-33],[-8,57],[5,96],[-10,92],[-10,21],[-1,68]],[[23462,24642],[135,-2]],[[23632,23459],[-13,78],[-5,63],[-16,43],[-6,119],[-9,51],[-10,-23],[-5,70],[-48,42],[-21,63],[-5,-7],[-12,77]],[[23482,24035],[-14,81],[-7,110],[-9,215],[10,61],[-5,47],[5,93]],[[23027,24548],[124,413]],[[23151,24948],[-3,-48],[14,-66],[2,-42],[-6,-88],[12,-34],[3,-78],[-3,-56],[30,-65],[-1,-104],[24,-50],[2,-108]],[[23225,24209],[-125,-391]],[[23100,23818],[-73,730]],[[20275,24939],[105,2]],[[20381,23768],[-22,20],[-16,53],[-24,107],[-8,109],[-10,46],[-7,128],[-20,195],[-20,61],[-11,-30],[-10,66]],[[20233,24523],[-14,52],[-16,107],[-3,54],[6,58],[1,144],[68,1]],[[21272,25100],[142,3]],[[21414,25103],[0,-831]],[[21414,24272],[-8,0]],[[21406,24272],[-126,1]],[[21280,24273],[-8,0]],[[21272,24273],[0,827]],[[23599,21339],[13,-30],[30,38],[4,95],[11,-4],[9,45],[25,-54]],[[23764,20866],[-19,-88],[6,-90],[17,-155]],[[23768,20533],[0,-22],[-45,5],[-27,-40],[-72,-187]],[[23624,20289],[-1,620],[-23,3]],[[23600,20912],[-1,427]],[[23259,26768],[9,-458]],[[23268,26310],[-45,106],[-14,-12],[-22,89],[-3,40]],[[23184,26533],[-14,69],[11,203],[23,0]],[[23027,24548],[-62,36]],[[22965,24584],[-49,494]],[[22916,25078],[76,253],[67,233]],[[23748,23331],[86,35]],[[23848,23384],[4,-52],[-4,-152],[9,-32],[-6,-102],[-8,-61],[11,-35],[0,-64],[-8,-106]],[[23846,22780],[2,-68],[-16,-163],[-3,-102],[-18,-102],[2,-89],[-10,-13],[-6,-107],[8,-38],[-3,-56],[5,-85],[-12,-65]],[[23795,21892],[-6,-113],[5,-76],[11,-27],[0,-88]],[[23451,20510],[2,8]],[[23453,20518],[-2,-8]],[[23450,20902],[150,10]],[[23624,20289],[-4,-12]],[[23620,20277],[-2,71],[-8,9],[-5,-61],[-14,-17]],[[23591,20279],[-14,-20]],[[23577,20259],[0,10]],[[23577,20269],[-10,43],[-11,-29],[-45,-67],[17,219],[3,103],[-4,116],[-14,52],[-17,-43],[-10,-71],[-6,-96],[-10,-30],[-6,35]],[[23464,20501],[-3,97],[6,60],[2,139],[-7,12],[-12,93]],[[23445,20488],[-1,-7]],[[23444,20481],[1,7]],[[23444,20322],[-1,-4]],[[23443,20318],[1,4]],[[23443,20401],[1,-5]],[[23444,20396],[-1,5]],[[22844,21995],[53,191]],[[22897,22186],[16,-66],[10,-167],[7,-7],[21,-127],[9,-88],[14,-3],[13,-39]],[[22987,21689],[-12,-78],[-13,-23],[-3,-91],[-15,-68]],[[22944,21429],[-14,-85],[-48,-160],[-2,37]],[[22880,21221],[-16,397],[-32,149],[-38,124]],[[22794,21891],[50,104]],[[23449,25644],[96,-1],[11,-20],[6,67]],[[23586,25688],[0,-71],[-11,-162],[-14,-132],[0,-83],[-6,-170],[1,-184],[25,1]],[[23462,24642],[-13,1],[0,557]],[[23117,20425],[-37,-228],[-11,-205],[-82,-303]],[[22982,19719],[28,137],[-65,461],[-11,-1],[-3,75],[-9,32]],[[22922,20423],[44,305],[41,322]],[[22706,21253],[93,-537]],[[22799,20716],[0,-4]],[[22799,20712],[-78,-293],[-10,36]],[[22643,20853],[-5,47],[28,119],[9,81],[14,70]],[[23444,23842],[38,193]],[[23596,23094],[-29,48]],[[23567,23142],[-17,54],[-10,-4],[-23,36],[-29,81]],[[23488,23309],[-6,164],[-9,49],[4,56],[-7,94],[-13,11],[-1,85]],[[23456,23768],[-12,74]],[[22646,25103],[65,229],[5,-7]],[[22716,25325],[12,-48],[5,-55],[22,46]],[[22755,25268],[-6,-87],[7,-79],[-6,-51],[2,-81],[17,-18],[12,-67],[-16,-75],[11,-45],[10,-86],[10,-45],[14,-15],[-14,-86],[14,-82]],[[22810,24451],[-91,-300]],[[22719,24151],[-24,235],[-21,-74]],[[22674,24312],[-67,659]],[[22607,24971],[39,132]],[[22332,23953],[59,242],[6,147],[25,24]],[[22422,24366],[49,44],[8,-76]],[[22479,24334],[54,-510]],[[22533,23824],[1,-11],[-82,-343]],[[22452,23470],[-18,74],[1,76],[-9,113],[-13,-56],[2,130],[-44,11],[-5,59],[-17,-14],[-18,56],[1,34]],[[22129,24130],[2,963]],[[22131,25093],[23,-1]],[[22154,25092],[121,-4]],[[22275,25088],[-2,-612],[1,-555]],[[22274,23921],[-10,30],[-18,-96],[-3,-41],[-26,72],[-10,50],[-6,-81],[-12,11],[-9,86],[-18,16]],[[22162,23968],[-6,-47],[-13,83],[0,75],[-14,51]],[[22823,16993],[-4,5]],[[22819,17043],[0,-1]],[[22736,17623],[17,8],[18,-89],[10,29],[7,-27],[19,-18],[8,-72]],[[22815,17454],[34,-327]],[[22850,17115],[-1,-8]],[[22846,17090],[-12,-117],[-9,2],[-7,98],[-58,-8],[-11,19],[2,-79]],[[22665,17301],[-2,87],[-17,0],[-5,30]],[[22641,17418],[-6,109],[24,120]],[[18132,57351],[104,-2],[191,1],[227,1]],[[18654,57351],[1,-162],[0,-663],[2,-169]],[[18657,56357],[-13,11],[-97,0],[-1,-331],[-214,1]],[[18253,54684],[-83,-3],[3,-94],[-6,-108],[20,-192],[-5,-71],[5,-127],[14,-37],[0,-166],[-32,0],[0,-83],[-70,0]],[[18099,53803],[-5,83],[0,332],[-24,0],[-17,65],[7,147],[-10,141],[9,26],[-6,91],[-65,-1],[0,276],[-6,83]],[[18552,52139],[-3,59],[10,66],[30,50],[7,56],[15,-3],[11,69]],[[18622,52436],[11,-12],[23,68],[1,96],[14,36],[13,-6],[15,50],[1,49],[67,1]],[[18767,52718],[1,-990],[35,-2],[0,-411]],[[18762,51248],[-10,44],[-18,13],[-6,52],[-15,-17],[-11,23],[-23,-33],[-9,-133],[-15,-44]],[[18547,51974],[-5,93],[10,72]],[[18425,55696],[53,4],[181,-5],[0,-83],[36,-1],[0,-83],[18,0],[-1,-111],[161,5]],[[18873,55422],[0,-551]],[[18873,54871],[-72,-1],[0,-165],[-71,0],[0,-203],[-35,21]],[[18695,54523],[-21,-15],[-43,-4],[-12,71],[-15,6],[-15,109],[-18,19],[-17,74],[-7,-36],[-43,-31],[-11,-35],[-24,59],[-16,129],[4,59],[-7,64],[4,123],[-17,163],[-3,80]],[[23290,40696],[104,-5]],[[23394,40691],[31,-2],[4,-238],[3,-11]],[[23432,40440],[0,-99],[10,-60],[6,-199],[-2,-85]],[[23446,39997],[-12,-62],[-12,-7],[-17,38],[-1,38],[-17,13],[-28,175]],[[23359,40192],[-32,112],[6,129],[-21,106],[-1,115],[-20,37]],[[23291,40691],[-1,5]],[[23975,41305],[106,11]],[[24090,40846],[-48,-1]],[[24042,40845],[0,82],[-64,1],[-79,-6]],[[23899,40922],[-2,171],[0,205]],[[19757,57352],[221,0],[73,1]],[[20051,57353],[0,-166],[-7,0],[0,-657],[3,-112],[-18,10],[-12,-65],[0,-164],[12,-1],[0,-171],[-31,1],[0,-165],[-10,0],[0,-664],[-2,0],[0,-341]],[[19986,54858],[-11,-132],[-19,39],[-33,13],[-16,-54],[-10,-94],[-25,-51],[-12,-62],[1,-108],[-13,-10]],[[19848,54399],[3,113],[-9,113],[-42,43],[-65,-16]],[[19735,54652],[-3,-24],[-32,60],[-19,-2],[-29,44],[-17,-9],[-15,58],[-12,-9],[-4,70],[-10,52],[-20,48]],[[19574,54940],[1,359],[73,-5],[5,135],[11,-18],[38,-9],[0,463],[6,0],[0,430],[18,-43],[0,278],[8,0],[0,332],[16,0],[0,326],[7,0],[0,164]],[[18099,53803],[-19,-33],[-11,14],[-36,156],[-19,19],[-20,66],[-35,38],[-6,-38],[-24,27]],[[17697,54454],[-16,10],[-19,129],[18,82],[-1,54],[-12,59],[4,76],[-29,110],[-5,119],[-10,66],[-11,15],[-36,229]],[[17580,55403],[0,455]],[[20051,57353],[195,-1],[103,0]],[[20349,57352],[0,-169],[-12,0],[0,-166],[37,0],[0,-497],[60,0]],[[20434,56520],[0,-656],[-11,0],[0,-398]],[[20263,55365],[-9,25],[-16,-151],[-9,-41],[-8,-108],[-25,-73],[-15,-5],[-6,-73],[-35,6],[-5,-111],[-37,-30],[-29,11],[-37,-14],[-10,36],[-36,21]],[[18882,49251],[-6,-51],[-22,-30]],[[18854,49170],[-85,1],[0,137],[-79,5],[0,81],[-28,1],[0,164],[-7,0],[0,168],[-40,0],[0,167],[-34,0],[-1,499],[-1,84],[-12,93],[-26,-24],[-25,90],[-4,107],[5,69],[0,105]],[[18767,52718],[41,25],[1,297],[15,83],[24,-36]],[[18848,53087],[12,-39],[3,-99],[9,-95],[23,-14],[3,-122],[-6,-58],[13,-22],[10,-55],[3,-115],[16,-14],[11,38],[14,-34],[12,-66],[-5,-98],[-12,-56],[-3,-85],[14,-47],[4,-106]],[[27333,30942],[10,15],[-2,213],[17,250]],[[27358,31420],[2,169]],[[27360,31589],[11,50],[34,-17]],[[27405,31622],[9,-172],[-4,-27],[21,-105],[7,-150],[32,-113]],[[27470,31055],[-60,-328],[-21,-67]],[[27389,30660],[-18,143]],[[27371,30803],[-8,59],[-30,-119],[-4,79],[7,52],[-3,68]],[[27928,32313],[22,-2],[7,115],[12,-17],[12,81],[5,96],[-15,38],[1,75]],[[27972,32699],[18,7],[39,-100]],[[28029,32606],[33,-89],[9,-73],[23,-76],[9,-57],[7,-94]],[[28110,32217],[-1,0]],[[28109,32217],[0,-1]],[[28109,32216],[-60,-221],[-66,-347]],[[27983,31648],[-57,122]],[[27926,31770],[-22,51],[23,444],[1,48]],[[28009,31126],[10,100],[12,35]],[[28031,31261],[13,-102],[22,-16],[29,63]],[[28095,31206],[17,-117],[24,-42],[-1,-28]],[[28135,31019],[-2,-183],[3,-26],[4,-339],[-15,-306],[18,-60],[6,22]],[[28149,30127],[-12,-82],[-27,-239]],[[28043,30383],[-22,155],[-20,105],[-7,191],[9,75],[0,126],[6,91]],[[26381,27894],[22,-167],[-6,-51],[4,-68],[0,-92]],[[26401,27516],[1,-62],[-13,-84],[0,-37],[-18,2]],[[26371,27335],[-9,132],[-9,26],[-15,116],[-3,96],[4,97]],[[26953,32217],[13,6],[7,-137],[12,-37],[5,-48]],[[27019,31664],[-14,-15],[-6,-100],[-7,0]],[[26859,31464],[-10,31],[-5,58],[9,187],[-13,115],[-11,-21],[-9,117]],[[26603,31743],[17,17],[29,-29],[15,93],[37,82],[16,79]],[[26717,31985],[19,-48],[0,-139],[8,-84],[-8,-76]],[[26736,31638],[-14,19],[-23,-112],[-9,5],[-4,-79],[9,-139],[-2,-44]],[[26693,31288],[-26,-11],[-18,-49],[-51,-38]],[[26598,31190],[-1,85],[18,40],[11,123],[-17,65],[-5,-21],[-20,28],[-21,-4],[-30,38],[-11,-8]],[[26522,31536],[12,29],[8,79],[16,12],[15,73],[30,14]],[[27470,31055],[13,-45]],[[27546,31031],[-12,-728]],[[27534,30303],[-67,6]],[[27467,30309],[-66,5],[5,221],[-17,125]],[[28264,31901],[10,43]],[[28274,31944],[42,166],[12,75],[13,8],[10,53],[11,-27]],[[28362,32219],[26,-62],[23,-102]],[[28411,32055],[-6,-45],[7,-48],[1,-101],[6,-57],[15,-61],[-24,-96],[1,-119],[-4,-73]],[[28407,31455],[-14,-70],[-16,-5],[-15,-96],[-12,21]],[[28327,31471],[-8,175],[-16,29],[-14,64],[-25,162]],[[28179,32951],[18,182],[8,160],[1,175],[3,58]],[[28378,32885],[11,-62],[-4,-68],[-17,-55]],[[28368,32700],[-21,-126]],[[28347,32574],[-20,62],[-12,-2],[-4,103],[-26,40],[-5,51],[-15,28]],[[28265,32856],[-24,-22],[-29,7],[-8,69],[-18,-3],[-7,44]],[[25076,37337],[0,-56]],[[25076,37281],[-1,-497]],[[25075,36784],[-75,3],[-49,9]],[[24951,36796],[-31,0]],[[24920,36796],[0,375]],[[25339,44951],[111,-7]],[[25450,44944],[0,-194],[-7,-67],[-2,-103],[9,-173],[12,-111]],[[25462,44296],[-123,3]],[[25339,44299],[0,652]],[[25322,43480],[64,8],[1,-83]],[[25387,43405],[0,-83],[32,4],[1,-166],[32,3],[1,-169],[74,1]],[[25527,42995],[0,-328]],[[25527,42667],[-136,-11],[0,-166],[-64,-7]],[[25327,42483],[-3,498]],[[25324,42981],[-2,499]],[[25328,44299],[11,0]],[[25462,44296],[21,-146],[12,-209],[9,-231],[10,-126],[11,-59],[2,-76]],[[25527,43449],[0,-454]],[[25387,43405],[17,3],[15,57],[-2,529],[-96,-15]],[[25321,43979],[0,154],[7,0],[0,166]],[[25322,43480],[-1,499]],[[28230,31774],[5,-4],[29,131]],[[28235,31360],[-6,106],[1,308]],[[28109,32217],[1,0]],[[28110,32217],[20,230],[49,504]],[[28265,32856],[-3,-82],[-17,-189],[-16,-274]],[[28229,32311],[-5,-56],[-15,11],[-82,-216]],[[28127,32050],[-16,80],[-2,86]],[[28149,30127],[30,8],[7,-23],[17,11],[67,2]],[[28270,30125],[18,-276],[11,-186],[16,-73]],[[28315,29590],[-18,-76],[-36,-196]],[[28261,29318],[-8,-9],[-20,124],[-3,60],[-16,-44],[-10,16],[-18,-27],[-14,-55]],[[28172,29383],[-12,12],[-13,57],[-11,-21]],[[28136,29431],[-9,-8],[-18,89]],[[27082,32487],[12,77],[9,-45],[17,-27]],[[27120,32492],[15,-72],[12,-94],[31,-95],[12,-91],[31,15],[19,-53],[4,19]],[[27244,32121],[-20,-171],[-20,-133],[-8,-76]],[[27196,31741],[-1,-8]],[[27195,31733],[-31,-5],[-12,35]],[[27152,31763],[-17,64],[-20,-73]],[[27152,31763],[-3,-424],[-16,-257],[-2,-81]],[[27075,31014],[0,135],[-7,24],[-17,124],[-27,138],[-30,-28]],[[28261,29318],[-18,-123],[-15,-134],[-11,-151],[-19,-294]],[[28198,28616],[-3,80],[4,87],[-1,202],[-4,58],[-1,155],[-21,185]],[[27573,31619],[32,3]],[[27605,31622],[83,11]],[[27688,31633],[20,-496],[7,-13],[4,-97],[12,-58]],[[27731,30969],[-16,23],[-22,-5],[-28,21],[-13,-42],[-24,-6],[-11,-41],[-14,11]],[[27875,30990],[1,34]],[[27876,31024],[55,74],[28,67],[50,-39]],[[27930,30343],[-7,98],[-8,51],[-24,75]],[[27891,30567],[-3,75],[-11,95],[-6,160],[4,93]],[[26337,30382],[55,-2],[29,-90],[18,-170],[0,-102],[16,-49],[-1,-40]],[[26454,29929],[-16,-95],[-20,29],[-5,-39]],[[26413,29824],[-7,-28],[-79,1]],[[26327,29797],[0,66]],[[26327,29863],[-1,277],[4,93],[17,90],[-10,59]],[[26717,32021],[19,28],[7,67],[11,2],[12,45],[24,-30],[8,34]],[[26810,31214],[-12,45],[-9,110],[-13,40],[-1,39],[-13,82],[-13,13],[-1,55],[-12,40]],[[26717,31985],[0,36]],[[28651,33614],[53,0]],[[28704,33614],[71,0]],[[28775,33614],[14,-368],[12,-240]],[[28801,33006],[-6,-9]],[[28795,32997],[-4,42],[-9,326],[-13,41],[-3,77],[-25,23],[-4,82],[-11,-50],[9,-121],[11,-19],[13,-133],[17,-233],[9,-93],[-2,-37],[11,-113],[0,-86],[-14,56],[-4,110],[-13,100],[-3,61],[-11,22]],[[28749,33052],[3,56],[-14,50],[-10,83],[-22,5],[-12,77],[0,52],[-43,239]],[[26560,28994],[55,320]],[[26615,29314],[16,-82],[23,18],[22,-123]],[[26676,29127],[10,-64],[2,-91],[-8,-126],[7,-18]],[[26687,28828],[-38,-101],[-11,-42]],[[26638,28685],[-7,126],[-26,40],[-27,22],[-10,43],[-8,78]],[[27751,32265],[85,2],[-3,62]],[[27833,32329],[46,-30],[19,4]],[[27898,32303],[30,10]],[[27926,31770],[-15,-118]],[[27805,31645],[-58,-6]],[[27747,31639],[4,626]],[[27688,31633],[59,6]],[[27851,31243],[-11,-74],[16,-52],[4,-52],[16,-41]],[[27875,30990],[-13,-10],[-9,45],[-19,38],[-25,-98],[-35,-224]],[[27774,30741],[-11,39],[-18,-1],[-5,38],[2,73],[-11,79]],[[26208,26096],[48,-1],[0,-46],[60,1]],[[26316,26050],[7,-38],[-7,-86]],[[26316,25926],[-9,-27],[-13,-159],[-31,-21],[-15,-59],[-10,-3]],[[26238,25657],[0,124],[-6,15],[-2,114]],[[26230,25910],[-18,132],[-4,54]],[[26549,30128],[7,15],[2,92],[12,27]],[[26570,30262],[28,16]],[[26602,29711],[-49,3]],[[26553,29714],[-6,86],[-3,165],[5,163]],[[27616,33599],[87,-1]],[[27703,33598],[56,-3]],[[27759,33595],[-5,-555]],[[27754,33040],[0,-15]],[[27754,33025],[-140,30]],[[27614,33055],[2,544]],[[27805,30349],[44,-9],[42,227]],[[27939,29675],[-8,-43],[-15,-26],[-5,-98],[-12,-32],[-7,-128],[-10,-27]],[[27882,29321],[-105,614]],[[27044,32766],[11,-187],[-5,-39],[7,-86],[14,-59]],[[27029,32227],[-6,186],[-12,60],[2,73],[-13,27],[-17,68],[-11,-20],[-2,89],[-20,-7]],[[26950,32703],[17,82],[19,38],[11,-9],[8,49]],[[26926,32522],[12,57],[12,124]],[[27603,30930],[3,-62],[20,-47],[13,62],[6,-6],[4,-94],[9,-58],[-6,-61],[10,-51],[-3,-50],[6,-99],[-13,-77],[-8,-99]],[[27643,30289],[-109,14]],[[28368,32700],[3,-30],[34,-119],[0,-106],[20,-21],[19,34],[8,-79],[-5,-78],[11,-7],[18,82],[13,-68],[-3,-54],[8,-45],[12,80],[1,58],[19,-40]],[[28526,32307],[-5,-16],[-4,-127],[-15,-134]],[[28502,32030],[-39,-116],[-49,153],[-3,-12]],[[28362,32219],[2,165],[-19,178],[2,12]],[[22019,22478],[176,0]],[[22195,22478],[0,-402],[50,0]],[[22245,22076],[1,-406]],[[22246,21670],[-126,7]],[[22120,21677],[-101,0]],[[22019,21677],[0,801]],[[23060,18055],[16,480],[0,63]],[[23080,19146],[96,350],[25,158]],[[23201,19654],[8,-47],[1,-202],[10,-16],[8,-88],[3,-147],[19,4],[12,-34],[4,-91],[17,-84],[3,-57],[17,-8]],[[23303,18884],[-74,-265],[-33,-106],[-53,-146],[-52,-177],[-31,-135]],[[23402,26869],[7,41]],[[23409,26910],[9,5],[23,74],[24,-11],[10,-86],[20,-81]],[[23495,26811],[13,-106],[14,-43]],[[23402,26658],[0,211]],[[23410,27586],[6,14],[18,-30],[6,19],[25,-14],[14,20],[19,-58]],[[23498,27537],[-3,-726]],[[23409,26910],[1,676]],[[23515,28183],[13,2],[10,-78],[34,-10],[4,-79],[12,42]],[[23711,27897],[0,-536]],[[23541,27356],[-20,73],[-6,42]],[[23515,27471],[0,712]],[[23353,22762],[4,73],[17,17],[6,-38],[0,-87],[9,-32]],[[23389,22695],[19,-81],[-4,-130],[14,-101],[11,37],[9,-58],[4,-83],[12,-56],[37,-88],[-5,-71]],[[23486,22064],[2,-11],[-90,-272]],[[23344,22085],[9,677]],[[20993,21910],[100,483]],[[21093,22393],[116,-556],[127,-613]],[[21336,21224],[69,-332]],[[21405,20892],[-12,-64],[-7,-119],[-6,-35],[-22,42],[-17,-80],[-6,23],[-33,-67],[-4,-96],[-11,-74],[1,-63],[-10,-99],[-9,-48],[0,-54],[-6,-95],[1,-90],[-4,-72],[-10,-9],[-3,-119],[-5,-57],[9,-39],[-1,-51],[-34,-75],[-10,-146],[-13,-23],[-5,-114],[-15,-106],[-32,47],[-41,80],[-38,225],[-11,-11],[-32,65],[-4,-6],[-20,155]],[[20995,19717],[0,459],[-2,946],[0,788]],[[21865,19377],[155,4]],[[22020,19381],[0,-836]],[[22020,18545],[0,-858]],[[21992,17685],[-3,73],[-9,10],[-11,84],[2,62],[-17,163],[4,53],[-21,232],[3,67],[-13,42],[0,60],[-14,36],[-3,155],[-8,70],[-3,92],[-29,222],[1,84],[-6,187]],[[23323,23141],[133,627]],[[23488,23309],[-27,-199],[-72,-415]],[[23353,22762],[-16,-11],[-3,73],[-11,87],[0,230]],[[26634,44835],[131,23]],[[26765,44858],[59,7]],[[26824,44865],[-5,-105],[-10,-83],[-39,-68],[-10,-56],[-7,-93],[-3,-122],[5,-94],[-4,-71],[-16,-45],[-3,-53]],[[26732,44075],[-26,110],[-35,-1],[-34,-16]],[[26637,44168],[-3,667]],[[25754,52672],[16,30],[7,-49],[-9,-124],[-12,78],[-2,65]],[[25641,52576],[11,39],[28,22],[9,-110],[19,-61],[17,2],[7,76],[10,3],[14,-77],[9,12],[9,-64],[24,160],[30,98],[26,59],[59,181],[14,-34],[63,67]],[[25990,52949],[0,-354]],[[25990,52595],[-140,2],[0,-332],[-70,3],[0,-333]],[[28366,38006],[9,29],[9,-6],[0,-48],[-13,-8],[-5,33]],[[26576,36375],[28,57],[23,-29],[1,87],[21,-16]],[[26667,36443],[-3,-175],[-14,-99],[0,-54]],[[26650,36115],[-16,-77],[-22,7]],[[26612,36045],[-33,133],[-5,44]],[[26574,36222],[-2,104],[4,49]],[[25378,35435],[17,17],[18,-66]],[[25413,35386],[2,-136],[7,-20],[15,43],[0,-86],[13,8]],[[25450,35195],[-70,-271],[-10,-30],[-2,-80]],[[25368,34814],[-4,-38],[-23,-24]],[[25341,34752],[-8,68],[7,70],[-6,102],[-21,119],[-2,81],[-16,51]],[[25295,35243],[21,91],[56,39],[6,62]],[[26737,34511],[-13,-35],[-9,-64],[-34,-82],[-7,-68],[-23,10]],[[25769,36078],[16,47],[3,103],[15,-8],[8,37],[-5,60],[0,114],[9,34]],[[25815,36465],[29,-144],[40,-178],[26,-149]],[[25875,35603],[-21,-13],[0,-46],[-27,26],[-15,87],[-9,-61],[-16,-49]],[[25787,35547],[-14,104],[1,82]],[[25774,35733],[-11,250],[6,95]],[[26804,35837],[0,-90],[9,-38],[3,-257],[-7,-53]],[[26809,35399],[-7,31]],[[26802,35430],[-13,48],[-25,194],[-8,-35],[-38,111]],[[26718,35748],[-3,82]],[[26715,35830],[5,61],[-8,42],[18,100],[26,86],[7,50],[23,-60]],[[26714,36598],[-1,-108],[13,-28],[8,-64],[13,-20],[12,18],[23,-5]],[[26782,36391],[9,-82]],[[26715,35830],[-18,128],[-17,65],[-13,10],[-17,82]],[[26720,36745],[9,95],[13,44],[20,-71],[13,-66],[9,11],[11,-52],[14,6]],[[26809,36712],[10,-121],[-15,-91],[-17,-56],[-5,-53]],[[27721,37506],[32,-78],[16,-178],[46,-87]],[[27815,37163],[-3,-58],[-24,-197],[-7,-93],[-13,-24],[-8,-69]],[[27680,36886],[-3,73],[18,94],[15,148],[-3,83],[14,222]],[[27650,33869],[8,59],[11,-21],[-2,-57],[-17,19]],[[21562,21672],[-1,-965]],[[21561,20707],[-12,41],[-13,9],[-9,-28],[-28,42],[-25,-54],[-24,52],[-9,62],[-9,-12],[-27,73]],[[21336,21224],[0,439],[63,2],[0,600],[57,-3],[0,112],[103,-6]],[[22386,18544],[129,2],[0,-68]],[[22515,18478],[0,-1058]],[[22515,17420],[-130,-1]],[[22385,17419],[0,368],[1,757]],[[17149,27582],[5,127],[19,34],[0,64]],[[17173,27807],[41,0],[-2,-28],[36,-79],[0,-33],[58,-9],[143,0],[90,3],[31,-5]],[[17564,26116],[-145,-80],[-139,-81],[-4,177],[-8,86],[-24,54],[-2,196],[-6,70],[9,66],[-8,263],[-13,209],[-33,280],[-17,123],[-25,103]],[[15675,39391],[42,1],[1,-248],[-2,-128]],[[15716,39016],[-10,-135],[5,-54],[18,-71],[33,-82],[16,10],[12,-123],[-8,-45],[5,-104],[13,-87],[8,-111],[19,-74]],[[15827,38140],[-18,2],[-5,-46],[8,-70]],[[15747,37651],[-5,73],[-13,9],[-15,169],[-21,97]],[[15693,37999],[-25,98],[-10,-3],[-8,89],[-3,96],[-11,-1],[-8,47],[-3,82],[-8,15],[5,194],[9,0],[9,119],[-2,163],[-16,164],[4,183],[10,29],[25,-5],[13,24],[1,98]],[[15495,37843],[10,20],[36,-3],[0,56],[64,5],[0,58],[16,24],[72,-4]],[[15811,36650],[-11,-49],[-15,-14]],[[15785,36587],[-21,128],[-23,8],[-25,50],[-45,209],[-18,0],[-10,-40]],[[15643,36942],[-20,51],[1,71],[-16,173],[-59,232],[-29,243],[-25,131]],[[15960,36504],[13,-84],[22,9],[16,66],[5,65],[23,-2]],[[16039,36558],[-1,-97],[7,-51],[-6,-78],[7,-100],[-7,-98],[12,-49],[-6,-57]],[[15834,36181],[-14,14],[-12,54],[-1,59],[13,28],[-1,57],[19,6],[9,94]],[[15347,42985],[82,-1],[0,-160],[30,3]],[[15492,40195],[-134,-1]],[[15358,40194],[-16,59],[0,65],[-8,71],[-22,51],[-7,58],[-21,81],[-20,110],[4,102],[-7,150],[-10,96],[6,117],[16,213],[48,495],[6,95],[7,193],[-14,89],[5,135],[10,162],[10,277],[2,172]],[[15661,39807],[0,-96],[12,-75],[2,-245]],[[15495,37843],[-32,147],[-3,52],[-15,80],[-5,80],[11,123],[0,57],[-13,213],[-10,60],[-10,257],[-5,37],[3,183],[14,207],[-6,90],[-2,171],[-8,54],[-8,221],[-15,55],[-7,89],[-26,175]],[[16137,34728],[73,402],[-5,103],[166,446]],[[16371,35679],[32,-362],[2,-82],[34,-308],[14,-32],[12,-75]],[[16465,34820],[-15,-29],[-34,-8],[-18,-21],[-14,-53],[-12,0],[-26,-54],[-18,-99]],[[16223,33976],[-4,22],[-58,162],[-13,146],[-13,26],[6,65]],[[16141,34397],[-9,42],[0,81],[10,81],[-9,47],[4,80]],[[16474,37204],[-44,-113],[-8,-85],[-14,-83],[-37,-325],[-18,-141],[-4,-53],[-15,-35],[-5,-131],[-26,-126],[-6,-55]],[[16297,36057],[-76,468]],[[16221,36525],[-3,21],[-16,262]],[[16202,36808],[28,-8],[13,82],[31,83],[25,51],[11,118],[22,43],[7,39],[32,51],[23,11],[28,55],[22,-10],[15,27]],[[16465,34820],[81,446],[30,2],[0,83],[10,0],[9,63],[0,125],[77,415]],[[16672,35954],[11,-73]],[[27349,18478],[-95,-5],[-1,56],[-36,1],[0,140],[10,45],[3,91]],[[20689,29412],[-1,491],[125,1],[0,165],[29,1],[0,166],[59,1]],[[20901,30237],[0,-333],[50,0]],[[20951,29904],[0,-658],[1,-338]],[[20952,28908],[-58,1],[-1,-167],[-114,4],[-61,5],[0,167],[-30,1]],[[20688,28919],[1,493]],[[26829,27689],[-14,-9],[-23,17],[-8,41]],[[26784,27738],[8,98],[-8,114],[3,76],[14,72],[-12,68]],[[22790,15933],[-6,-215],[-2,-120],[0,-271],[4,-180],[7,-215],[13,-291]],[[22806,14641],[-4,-1]],[[22802,14640],[-6,89],[-18,323],[-2,99],[3,170],[-1,27],[2,216],[-3,75],[7,294]],[[22682,15924],[2,-23],[23,29],[4,-66],[29,-24],[25,66],[5,-12],[-6,-179],[2,-36],[-2,-301],[-5,-267],[-5,-77],[4,-215],[6,-179]],[[22764,14640],[-117,-4],[-26,26]],[[22621,14662],[-8,8],[0,315]],[[22613,14985],[0,817]],[[18481,48536],[-7,91],[17,116],[17,38],[15,-35],[17,9],[60,-82],[9,86],[0,81],[19,63],[16,-8],[13,-60],[13,13],[10,-36],[19,49],[15,-20],[8,39],[22,13],[14,-104],[33,97],[24,-18]],[[18815,48868],[0,-284],[-49,1],[0,-162],[-17,0],[-1,-246],[-16,0],[0,-83],[-33,0],[0,-166],[-34,1]],[[18665,47929],[-150,1],[-1,-165]],[[18514,47765],[-83,1],[0,499]],[[21615,37712],[23,1]],[[21638,37713],[99,1]],[[21737,37714],[1,-832]],[[21738,36882],[-116,-2]],[[21622,36880],[-7,0]],[[21615,36880],[0,832]],[[22511,35203],[151,5]],[[22662,35208],[2,-345],[0,-394]],[[22664,34469],[-87,-2]],[[22577,34467],[-65,0]],[[22512,34467],[-1,736]],[[21738,36882],[6,0]],[[21744,36882],[0,-830],[4,-177]],[[21748,35875],[-122,0]],[[21626,35875],[0,174],[-4,0],[0,831]],[[20458,32524],[21,-32],[3,33],[17,-13],[12,77]],[[20563,33063],[133,0],[0,-83],[119,1]],[[20834,32143],[-49,9],[-88,-11],[-41,-13],[-5,-30],[-23,100],[-67,120],[-103,1]],[[20458,32319],[0,205]],[[21557,24272],[141,-1]],[[21698,24271],[0,-180]],[[21698,24091],[0,-53]],[[21557,23182],[0,1090]],[[26354,37318],[20,30],[2,65]],[[26376,37413],[7,-23],[15,57],[54,41]],[[26452,37488],[12,-54]],[[26464,37434],[0,-99],[17,-81]],[[26481,37254],[-26,-167]],[[26455,37087],[-24,-113],[-27,-66],[-18,10]],[[22181,46865],[0,-957]],[[22181,45908],[-185,1]],[[21996,45909],[0,248],[-4,0],[0,499]],[[23996,49517],[10,1],[0,443],[-10,1]],[[23996,49962],[0,330]],[[23996,50292],[77,-2]],[[24073,50290],[-5,-33],[1,-132]],[[24069,50125],[-2,-46],[6,-147],[-13,-54],[-2,-56],[9,-41],[-1,-108],[5,-67],[-7,-85],[2,-58]],[[24066,49463],[1,-40],[-10,-182]],[[24057,49241],[-15,4],[-20,63],[-22,-18],[-4,227]],[[22932,53826],[180,2]],[[23112,53828],[0,-332],[5,0],[0,-495]],[[23117,53001],[1,-166],[-30,0]],[[23088,52835],[-141,0]],[[22947,52835],[-3,-1]],[[22944,52834],[6,263],[-6,18],[4,178],[6,109],[-9,1],[-11,156],[4,68],[0,120],[-6,79]],[[24336,55833],[24,-7],[4,-110],[-3,-51],[20,-34],[19,-7],[1,-94],[22,46],[16,-37],[17,40],[33,28],[47,184],[14,15]],[[24550,55806],[3,-573],[-1,-807]],[[24552,54426],[-29,-125],[-34,-220],[-21,-86],[-38,-199],[-31,-85],[-24,-142],[-12,-20],[-25,-124]],[[24338,53425],[0,825],[1,332],[-3,329],[0,661],[0,261]],[[25613,32279],[113,-248],[8,-26]],[[25734,32005],[-8,-20],[-5,-218],[-6,-108],[-13,-84],[-16,-57],[-2,-65]],[[25684,31453],[-16,-3],[-28,76],[-24,-43]],[[25616,31483],[-25,22]],[[25591,31505],[6,74],[-4,123],[-18,70],[4,142]],[[26307,32093],[14,-68],[15,-10],[0,-128]],[[26270,31325],[-19,-113],[-5,-6]],[[26246,31206],[-9,134],[-11,98]],[[25336,32794],[36,266],[-6,97],[4,92],[27,2]],[[25397,33251],[3,-13]],[[25400,33238],[7,-78],[2,-132]],[[25405,32261],[-2,-48]],[[25403,32213],[-16,-9],[-2,62],[-40,4]],[[25345,32270],[-11,2],[2,522]],[[25894,31999],[33,-108],[29,25]],[[25956,31916],[14,-185],[16,-74]],[[25986,31657],[-3,-153],[2,-182],[-7,-35],[-2,-78]],[[25976,31209],[-21,45],[-13,59],[-34,36],[-14,-47],[-15,-9]],[[25879,31293],[5,27],[-10,76],[6,48]],[[25164,33523],[3,0]],[[25167,33523],[84,-3]],[[25251,33520],[-4,-666]],[[25247,32854],[-1,-70],[-34,4],[1,-101],[-11,-3]],[[25202,32684],[-21,94],[-19,17],[-14,89],[-21,105]],[[25127,32989],[3,356],[18,-32],[19,34],[1,115],[-4,61]],[[26602,32718],[3,48],[28,140],[25,-9]],[[26658,32897],[2,-37],[24,-3],[22,-29],[10,-34],[6,-68]],[[26722,32726],[-11,-147],[-5,-186],[-5,-27]],[[26701,32366],[-12,45],[-17,26],[-17,-20],[-14,80],[-36,149],[-5,-8]],[[26123,30938],[39,328],[6,67]],[[26168,31333],[16,193],[9,6]],[[26246,31206],[-18,-198],[-4,-112],[8,-172],[9,-38],[-4,-52]],[[26237,30634],[-1,0]],[[26236,30634],[-79,-5]],[[26157,30629],[-28,-3]],[[26129,30626],[-31,-1]],[[26098,30625],[26,118],[6,82],[-10,34],[3,79]],[[16021,34269],[18,10]],[[16039,34279],[18,87],[7,73],[12,-1],[8,-42],[57,1]],[[20451,35151],[69,395],[3,27]],[[20615,35030],[0,-568]],[[20615,34462],[-18,0]],[[20458,34463],[-12,58],[-2,73],[8,71],[-2,63],[5,88],[-4,71],[7,139],[-7,125]],[[20839,36030],[81,-158]],[[20920,35872],[1,-173],[182,-1]],[[21103,35698],[91,0]],[[21194,35698],[1,-499],[-2,0],[-1,-728]],[[21192,34471],[-108,-2],[-149,-5]],[[20935,34464],[-92,-5],[-185,-1],[-43,4]],[[28426,38159],[22,116],[11,-56]],[[28459,38219],[26,-139],[-36,-193]],[[28449,37887],[-2,92]],[[28447,37979],[-6,113],[-15,67]],[[20327,42094],[129,-2],[125,3]],[[20581,42095],[93,0]],[[20674,42095],[0,-410],[0,-828],[-31,1],[0,-167]],[[20643,40691],[-89,-1],[-5,-7],[-73,5]],[[20420,41119],[-5,67],[-10,-12],[0,98],[-11,144],[-30,334],[-20,100],[-2,62],[-14,60],[-1,122]],[[20141,42103],[112,-1],[37,-5]],[[20290,42097],[37,-3]],[[19532,36151],[62,0],[1,28],[123,-4],[33,2],[13,-140],[20,32],[42,35],[26,-102],[9,-52]],[[19861,35950],[-3,-101],[-27,-50],[0,-108]],[[19831,35691],[-122,-15],[-142,0],[-35,-281]],[[19532,35395],[0,756]],[[19831,35691],[-14,-105],[-5,-156],[1,-72],[-12,-50],[-8,-108],[-19,-30],[-9,-43],[-4,-108],[-11,-100],[-10,-41],[2,-113],[-6,-47],[-7,-140],[-12,-108]],[[19531,34469],[0,717],[1,209]],[[29579,43318],[12,9],[-2,-167],[54,42]],[[29643,43202],[4,-268],[23,0],[12,-99],[-1,-107],[7,-14],[15,-130]],[[29703,42584],[-22,33],[-33,-33],[-7,23],[-19,-6],[-15,-40],[-7,53],[-16,-35],[-14,-90],[-10,11],[-16,-80]],[[29544,42420],[-1,116],[12,136],[-13,60],[-12,97],[-17,88],[-11,8],[-15,67]],[[29487,42992],[-2,70],[46,17],[-3,82],[20,25],[10,69],[21,63]],[[29722,43212],[10,-113],[30,18],[5,-187],[-34,-24],[1,-60],[11,-13],[2,-68],[8,-73]],[[29755,42692],[2,-81],[-30,19],[-24,-46]],[[29643,43202],[11,93],[58,37],[10,-120]],[[25304,21561],[28,30],[23,18],[5,55],[14,-66],[-35,-2],[-35,-35]],[[25274,23248],[29,0],[0,56],[85,1],[14,35]],[[25392,22426],[-20,-211],[0,-84],[-5,-36],[-2,-253],[-9,-122],[-15,8],[2,87],[-32,43],[-10,37],[-16,-67]],[[25285,21828],[-5,698]],[[25280,22526],[-4,501]],[[25276,23027],[-2,221]],[[26110,25718],[29,2],[-1,110],[76,9],[0,69],[16,2]],[[26238,25657],[-9,-62],[1,-44],[19,-45],[9,-78],[-6,-51]],[[26252,25377],[-14,-24],[-25,-164],[5,-87],[-3,-45]],[[26116,25216],[-5,0],[-1,168]],[[26110,25384],[0,334]],[[26068,30391],[14,-451]],[[26082,29940],[2,-67]],[[26084,29873],[3,-123]],[[26087,29750],[-17,-76],[-1,-84],[-16,-140],[-11,-45],[-27,-160],[-20,-28],[1,-85]],[[25996,29132],[-74,1]],[[25922,29133],[-1,433],[15,92]],[[19532,36670],[140,-1],[160,-1]],[[19832,36668],[4,-69],[17,0],[2,-207],[25,-36],[13,-68],[2,-90]],[[19895,36198],[-13,-113],[-21,-135]],[[19532,36151],[0,519]],[[20643,40691],[1,-499]],[[20644,40192],[-7,-109],[-14,-7],[-6,-49]],[[20548,40025],[-17,37],[-61,1]],[[20259,40048],[0,-112],[13,-188],[14,-34],[21,-99],[7,-68],[15,-19],[2,-72],[-20,-133],[-1,-152],[8,-60],[4,-102]],[[20261,38975],[-80,0],[-111,8]],[[20070,38983],[-1,1054],[23,0]],[[20101,36658],[0,531],[210,-5]],[[20377,37229],[31,-184],[9,-84],[19,-78]],[[20436,36883],[4,-48],[27,-139],[9,-142],[8,-48],[13,-194],[13,-20],[17,-113]],[[20531,35904],[-45,2],[-117,-8]],[[20369,35898],[-153,-1],[0,165],[-30,2]],[[20186,36064],[1,73],[-23,23],[-7,53],[-13,11],[-14,93],[-14,-27],[-15,4]],[[20101,36294],[0,364]],[[19895,36198],[12,-25],[16,54],[-1,84],[21,0]],[[19943,36311],[10,-40],[3,-81],[-4,-51],[5,-92],[14,-32],[-4,-79],[0,-246]],[[19967,35690],[-136,1]],[[20436,36883],[57,0],[63,-11],[89,-2]],[[20645,36870],[-1,-653]],[[16371,35679],[11,72],[1,102],[22,21],[7,53],[11,-1],[7,67],[14,-32],[10,59],[18,-1],[24,-93],[37,-7],[39,80],[3,63],[16,51],[3,55],[15,25],[8,-64],[15,3],[40,-178]],[[25790,41929],[31,-2]],[[25821,41927],[84,-1]],[[25905,41926],[1,-662]],[[25906,41264],[-58,-2]],[[25848,41262],[0,250],[-42,0],[0,82],[-16,1]],[[25790,41595],[0,334]],[[26174,40200],[109,1]],[[26283,40201],[0,-168]],[[26283,40033],[-1,-363]],[[26282,39670],[-61,5],[0,-27]],[[26221,39648],[-42,1],[0,139],[-10,0]],[[26169,39788],[0,162],[6,1],[-1,249]],[[23468,45740],[0,-666]],[[23468,45074],[-132,2]],[[23336,45076],[0,664]],[[24359,41743],[86,-1]],[[24445,41742],[32,-77],[24,-99],[27,-47]],[[24528,41519],[-4,-52],[-17,-59]],[[24507,41408],[-17,1],[-28,-55],[-16,-128],[10,-57],[-2,-230],[-12,-26]],[[24442,40913],[-17,7],[-12,55],[-1,92],[-10,4],[-15,83],[-2,74],[-16,18],[-10,87]],[[24359,41333],[0,410]],[[25863,38378],[67,3]],[[25930,38381],[0,-28],[61,10],[17,52]],[[26008,38415],[1,-497]],[[26009,37918],[-13,-127],[-13,-13]],[[25875,37834],[-1,434],[-11,-1]],[[25863,38267],[0,111]],[[26147,39786],[22,2]],[[26221,39648],[-1,-360]],[[26220,39288],[-73,-1]],[[26147,39287],[0,499]],[[24587,43903],[0,166]],[[24587,44069],[35,-1],[173,0]],[[24795,44068],[3,-70],[-6,-67],[3,-61]],[[24795,43870],[-10,-240],[-15,-39]],[[24749,43488],[-25,2],[-12,65],[-18,10],[-27,-21],[-14,14],[-16,-55],[-19,66],[-31,0]],[[24587,43569],[0,334]],[[26051,42103],[86,5]],[[26137,42108],[0,-168]],[[26137,41940],[0,-501],[-31,-1]],[[26106,41438],[-53,-1]],[[26053,41437],[-2,666]],[[23336,46866],[132,0]],[[23468,46866],[0,-468]],[[23336,46399],[0,467]],[[25354,37463],[53,2]],[[25407,37465],[5,-71],[-5,-68],[4,-70],[-10,-158],[5,-57],[1,-107],[-10,-61]],[[25397,36873],[-44,-7]],[[25353,36866],[1,597]],[[26106,41273],[69,0]],[[26175,41273],[-2,-358],[-4,-1]],[[26169,40914],[-62,0]],[[26107,40914],[-1,359]],[[25606,37417],[18,-2],[12,-47],[7,35],[10,-44]],[[25653,37359],[0,-538]],[[25653,36821],[-63,-1],[-5,27]],[[25331,53921],[-19,-1],[-1,165],[-59,0]],[[25252,54085],[24,157],[68,170],[68,42],[16,-22],[22,10],[24,-64],[-8,-65],[-20,-40],[-11,20],[-28,-15],[5,-86],[-33,-84],[-31,-158],[-17,-29]],[[25043,55198],[23,124],[52,129],[27,51],[61,174],[3,29],[33,75],[7,-19],[28,49],[1,-38],[-41,-147],[-2,-59],[-27,-98],[-51,-88],[-42,-108],[8,-67],[-41,-86],[-11,-9],[-28,88]],[[26074,47467],[132,-3]],[[26206,47464],[1,-663]],[[26207,46801],[-133,4]],[[26074,46805],[0,662]],[[26572,44162],[65,6]],[[26732,44075],[7,-42],[-21,-80],[-1,-53],[-18,-23],[-5,-82],[-13,-36],[-16,-119],[3,-110],[-7,-35]],[[26575,43478],[-3,684]],[[26449,51604],[28,-7]],[[26477,51597],[-10,-15],[-18,22]],[[26345,51276],[22,-4],[43,-77],[-18,-96],[-22,32],[-14,101],[-11,44]],[[25990,52099],[174,2]],[[26164,52101],[35,0],[0,-167],[122,-1],[87,1],[0,-165],[35,0],[-1,-165],[5,0]],[[26447,51604],[-20,-60],[-36,9],[6,46],[-10,47],[-26,-30],[-4,60],[-17,12],[-14,45],[-8,-34],[-2,-94],[-13,-76],[9,-185],[-11,-17],[-21,54],[-18,108],[-32,155],[-26,40],[-10,36],[-17,3],[-37,82],[-28,22],[-27,-20],[-35,-206],[-24,-40],[-21,34],[-16,-23]],[[25989,51572],[1,527]],[[25269,53423],[-7,-101],[-2,-114],[14,-62],[34,183],[19,76],[27,71],[-11,-118],[29,30],[10,-16]],[[25205,52434],[1,823],[35,0],[0,165],[28,1]],[[26406,48786],[135,3]],[[26541,48789],[0,-662]],[[26541,48127],[-78,0]],[[26463,48127],[-56,-2]],[[26407,48125],[-1,661]],[[23325,25098],[1,-125],[-8,-113],[8,-58],[-5,-166],[11,-39],[3,-118],[15,-47],[18,-149],[0,-123]],[[23368,24160],[-105,-97],[1,-28],[-26,-44]],[[23238,23991],[-3,91],[9,4],[3,118],[-7,72],[-10,-107],[-5,40]],[[23204,22771],[9,-446]],[[23220,21591],[-79,-32],[-1,-6]],[[23140,21553],[2,119],[-19,81]],[[23123,21753],[2,104],[11,64],[-7,137],[-15,187],[6,107],[-4,124],[5,114],[-6,49],[4,53]],[[23567,23142],[-27,-89],[31,-925]],[[23571,22128],[2,-69],[-54,-1]],[[23519,22058],[-33,6]],[[21204,31844],[119,4],[126,6]],[[21449,31854],[0,-14]],[[21449,31840],[-1,-833]],[[21448,31007],[-128,7],[-116,-7]],[[21204,31007],[0,837]],[[22486,23086],[147,11]],[[22633,23097],[23,-246]],[[22656,22851],[-37,-230],[-24,-308]],[[22574,21936],[-63,114]],[[22511,22050],[0,138],[-14,79],[-5,88],[1,106],[11,85],[-15,15],[10,170],[-15,52],[0,97]],[[22484,22880],[2,206]],[[22935,23232],[65,219]],[[23000,23451],[77,260]],[[23077,23711],[-3,-135],[14,-363],[9,-85],[-4,-82],[6,-66]],[[23099,22980],[-27,-101],[-14,-108],[-20,-228],[-30,-93]],[[23008,22450],[-15,67]],[[22993,22517],[3,53],[-9,113],[-15,89],[1,85],[-11,-18],[-7,52],[-10,264],[-10,77]],[[23571,22128],[132,-2]],[[23599,21339],[-42,-2],[-38,721]],[[27112,34336],[38,-267],[23,-296],[3,8]],[[27176,33781],[-11,-50]],[[27115,33735],[-27,4],[-3,-42],[-59,1]],[[27026,33698],[11,67],[-5,33]],[[27032,33798],[-33,-98]],[[26999,33700],[-15,0]],[[26984,33700],[-10,216]],[[28002,37531],[26,255],[11,-25],[32,186]],[[28101,37826],[-9,-41],[-4,-67],[5,-98],[-6,-46]],[[28087,37574],[-14,-85],[2,-40],[-15,-67],[-5,-97]],[[28055,37285],[-10,-103]],[[28556,35621],[22,-77],[9,3],[29,-95]],[[28616,35452],[-4,-57],[2,-126],[9,-9]],[[28623,35260],[-9,-90],[23,-187],[-15,-6],[-25,-42]],[[28597,34935],[-26,132],[-16,129]],[[28555,35196],[-15,97]],[[28540,35293],[12,47],[5,77],[-5,46],[4,158]],[[28084,39173],[33,-142]],[[28117,39031],[55,-242]],[[28172,38789],[-10,-100],[-2,-64],[-17,-199],[-4,-71]],[[28093,38300],[-9,99],[3,79],[-20,-21],[-11,-65],[-2,-54],[-25,55]],[[28029,38393],[10,61]],[[28125,38628],[8,-74],[10,82],[-15,39],[-3,-47]],[[28480,33914],[17,156],[2,88],[11,88],[-11,145],[2,73]],[[28551,34742],[4,-57],[-4,-100],[7,-45],[17,-14],[6,-48],[22,-90],[-3,-65]],[[28600,34323],[-11,-13],[-62,-323],[-39,-195]],[[28488,33792],[-3,8]],[[28485,33800],[-5,114]],[[28531,35362],[9,-69]],[[28555,35196],[-24,-19],[-3,-57],[7,-66]],[[28535,35054],[-3,-76],[17,0]],[[28549,34978],[8,-51],[14,-2],[2,-47]],[[28573,34878],[-5,-87]],[[28568,34791],[-11,101],[-12,6],[-18,-62],[-10,76],[-21,21],[-2,35]],[[27588,34705],[14,72],[19,23],[13,-67],[19,85],[13,83]],[[27666,34901],[19,11],[6,-79],[11,0],[4,-77],[15,-43],[16,-162]],[[27737,34551],[-13,-354]],[[27724,34197],[-8,-54],[-37,-68],[-55,73],[-12,-69]],[[27612,34079],[-7,89],[-47,59]],[[27558,34227],[10,56],[5,76],[13,42],[6,96],[1,123],[-5,85]],[[27996,36908],[82,-179]],[[28078,36729],[44,-101]],[[28122,36628],[-12,-130],[-15,-108]],[[28095,36390],[-51,-399]],[[28044,35991],[-2,-62],[-32,-16],[-9,-44]],[[28001,35869],[-11,8],[-2,113],[-41,478]],[[27947,36468],[17,71],[-3,80],[11,153]],[[28035,36420],[15,-20],[4,64],[-8,45],[-11,-89]],[[28379,37043],[14,-34],[21,29],[7,41],[15,1],[9,58],[9,-32],[1,-94],[-4,-40],[8,-68]],[[28459,36904],[-12,-29],[-1,-145],[-4,-44]],[[28442,36686],[-15,-22]],[[28427,36664],[-20,47],[-15,69],[-24,65]],[[28368,36845],[-5,31],[7,160],[9,7]],[[27858,36170],[19,38],[24,-56],[17,112],[12,15],[7,153],[10,36]],[[28001,35869],[0,-98],[-13,-13],[-13,-83],[-14,20],[-10,-170]],[[27951,35525],[-12,-20]],[[27939,35505],[-9,9],[-24,283],[-23,47],[-2,117],[-27,41]],[[27854,36002],[8,101],[-4,67]],[[28340,33914],[23,85],[62,201],[47,165]],[[28480,33914],[-11,-10],[1,-67],[15,-37]],[[28488,33792],[-4,-51],[-1,-124]],[[28483,33617],[0,-16]],[[28483,33601],[-69,5]],[[28377,33603],[-17,68],[-11,126],[-18,12],[-9,36],[18,69]],[[28180,38245],[11,66]],[[28191,38311],[86,-136]],[[28277,38175],[-17,-210],[51,-526]],[[28311,37439],[-28,-171],[0,-108]],[[28283,37160],[-16,32],[-12,-26],[-8,53],[-14,160],[-18,113],[2,74],[-10,139],[-8,0]],[[28199,37705],[-22,59],[-5,128],[-19,69],[-9,66]],[[27722,36139],[11,-25],[-19,-188]],[[27714,35926],[-39,72],[-21,-120],[-7,-69],[-29,-103]],[[27618,35706],[-4,24],[-31,-121],[-21,59]],[[27562,35668],[-13,35],[-8,87]],[[27541,35790],[18,165],[4,60],[15,125],[30,147]],[[27621,35922],[10,-2],[-5,76],[-5,-74]],[[28277,38175],[16,-76],[13,-31],[4,-74]],[[28310,37994],[14,-97],[13,4],[7,-77],[15,-66],[16,-30],[19,-89]],[[28394,37639],[3,-29],[-11,-126],[2,-36],[-12,-95]],[[28376,37353],[-3,-19],[-22,60],[-24,113],[-16,-68]],[[28332,37851],[8,-36],[2,16],[-15,36]],[[28327,37867],[-7,-82],[14,1],[-2,65]],[[28221,35269],[13,15],[3,62],[40,200]],[[28277,35546],[17,-15]],[[28294,35531],[4,-45],[14,-1],[5,-113],[25,-48]],[[28342,35324],[10,-115],[21,-26],[10,-38],[7,54]],[[28384,35083],[-4,-15]],[[28380,35068],[-14,0]],[[28366,35068],[-5,-6],[-7,-124]],[[28354,34938],[-7,-14]],[[28347,34924],[7,57],[-8,25],[-3,-90]],[[28343,34916],[-8,-20]],[[26981,35046],[94,451]],[[27075,35497],[12,-49]],[[27087,35448],[-20,-68],[13,-59],[4,-128],[6,-56],[17,-81],[0,-36],[26,-23],[6,-71]],[[27139,34926],[-5,-59],[-32,-83],[-8,-41]],[[27025,34550],[3,17],[-10,150],[-17,158],[-4,110],[-16,61]],[[28348,34797],[15,6],[5,45],[-14,90]],[[28366,35068],[2,-78],[15,12],[-3,66]],[[28416,34685],[-68,-227]],[[27724,34197],[-21,-599]],[[27616,33599],[-7,0]],[[27609,33599],[-2,218],[-10,129],[0,105],[15,28]],[[27139,34926],[17,-71],[33,10],[34,129],[21,121]],[[27244,35115],[12,-73],[26,-123]],[[27282,34919],[-16,-37],[5,-81],[-19,-46],[20,-65],[-2,-42],[-25,-66],[-11,-1],[-18,-42],[7,-49]],[[27223,34490],[-39,-39],[-29,-108],[-7,84],[-20,-35]],[[28756,35524],[28,4],[8,-76],[5,-95],[31,-3]],[[28828,35354],[1,-60],[-16,-166],[-13,-90],[-11,-198],[-22,-144],[-19,0],[-14,168],[-3,98],[4,145],[12,126],[-4,31],[6,161],[7,99]],[[27494,33916],[6,74],[14,-6],[2,101],[12,30],[7,58],[23,54]],[[27609,33599],[-68,2],[-40,13]],[[27453,33628],[-4,92],[6,85],[8,22],[14,-35],[17,56],[0,68]],[[28144,35338],[12,331],[5,56]],[[28161,35725],[24,-63],[11,37],[0,69],[28,-75],[9,-66],[13,13],[31,-94]],[[27939,37833],[22,233],[14,80],[16,-4],[10,82],[12,-7],[14,102],[2,74]],[[28459,36904],[11,-37],[0,-81],[34,-96],[22,5],[9,-66],[11,54],[22,-23],[3,-72],[18,-70],[4,-52],[-10,-39]],[[28583,36427],[-16,-45],[-6,-68]],[[28561,36314],[-36,68],[2,54],[-18,66],[-15,113],[-17,-90]],[[28477,36525],[-25,26],[-6,36],[-4,99]],[[28194,36604],[63,391],[7,71]],[[28264,37066],[16,33],[7,-20]],[[28287,37079],[25,-112]],[[28312,36967],[5,-55],[18,9]],[[28335,36921],[7,-51],[14,-22]],[[28356,36848],[-16,-109],[-60,-379]],[[28280,36360],[-12,33]],[[28268,36393],[-25,97],[-17,81],[-32,33]],[[28356,36848],[12,-3]],[[28427,36664],[0,-56],[-15,-76],[23,-128],[5,-93]],[[28440,36311],[-22,13],[-9,-42],[0,-111]],[[28409,36171],[-17,9],[-2,-45],[-27,-159]],[[28363,35976],[-17,-15],[-11,216],[-10,-22],[-45,184],[0,21]],[[27714,35926],[-4,-54],[5,-115],[-3,-24],[30,-125],[-1,-30],[22,-91]],[[27763,35487],[-26,-160],[-18,69],[-9,-17],[-18,-97],[-17,-41],[7,-104],[-16,-76]],[[27666,35061],[-5,36],[-55,153],[-3,27]],[[27603,35277],[7,39],[11,129],[11,64],[-16,152],[2,45]],[[27768,36542],[83,-328],[7,-44]],[[27854,36002],[-7,-28],[-10,46],[-18,-118],[-13,-171],[-26,-83]],[[27780,35648],[-1,-103],[-16,-58]],[[27774,35969],[1,-39],[10,45],[-5,11],[-6,-17]],[[27796,35883],[6,-72],[8,79],[-14,-7]],[[22785,41524],[126,-2]],[[22911,41522],[1,-332]],[[22912,41190],[-1,-332]],[[22911,40858],[-126,2]],[[22785,40860],[0,664]],[[21498,42851],[161,1]],[[21659,42852],[39,-1]],[[21698,42851],[-1,-662],[6,-83]],[[21703,42106],[-48,-3],[-175,3]],[[21480,42106],[-1,415]],[[21479,42521],[0,331],[19,-1]],[[26810,20788],[5,0]],[[26815,20788],[-5,0]],[[26699,20785],[111,3]],[[26810,20788],[-8,-111],[3,-41],[-5,-88],[0,-113],[5,-91]],[[26741,19766],[-2,83],[-12,169],[-20,32],[-5,60],[-24,110],[-4,84],[2,81],[-2,105]],[[21703,42106],[1,-584]],[[21704,41522],[-27,1]],[[21677,41523],[-79,4],[-118,-5]],[[21480,41522],[0,99]],[[21480,41621],[0,482]],[[21480,42103],[0,3]],[[24247,30784],[30,19],[3,-27],[21,-31],[13,-41],[21,11]],[[24335,30715],[0,-207],[31,-4],[-2,-472],[17,-88],[-7,-88],[8,-64],[-12,-74],[0,-49]],[[24362,29671],[-90,13]],[[24246,30681],[1,103]],[[23702,33515],[58,0]],[[23760,33515],[1,-304],[14,-62]],[[23775,33149],[-15,1],[-1,-138],[-5,0]],[[23754,33012],[-15,3],[-21,-54],[-88,13],[-1,-139],[-15,1],[0,-82],[-45,5]],[[23569,32759],[-3,114]],[[23566,32873],[-15,643]],[[23551,33516],[151,-1]],[[24033,29048],[58,-12]],[[24091,29036],[52,-10],[17,-35],[26,-127]],[[24186,28864],[-37,-5],[-1,-161],[15,-65],[7,-102],[12,-61],[5,-110]],[[24187,28360],[-69,13]],[[24031,28388],[-5,155],[-10,181],[15,-5],[2,329]],[[24126,30873],[9,3],[5,115],[-7,28],[0,78],[12,96],[1,167]],[[24146,31360],[64,-9]],[[24210,31351],[39,-2]],[[24249,31349],[-2,-565]],[[24129,30568],[-13,44],[-1,68],[13,82],[-2,111]],[[24456,30491],[21,-1],[0,139],[16,37],[24,-4]],[[24517,30662],[-1,-173],[10,0],[5,-85]],[[24531,30404],[-1,-252],[15,-2],[-1,-168]],[[24454,29825],[0,56],[-20,31],[0,111],[20,-3],[2,303],[3,42],[-3,126]],[[24335,30715],[10,38],[20,23],[15,-65],[16,-6],[0,127],[33,-4]],[[24429,30828],[1,-72],[28,0],[-2,-265]],[[23867,27751],[3,666],[3,0],[1,251]],[[23874,28668],[24,1]],[[23898,28669],[20,-115],[3,-99],[20,-31],[11,-55],[11,28],[10,-72]],[[23969,27707],[-29,4],[0,-28],[-40,8]],[[23900,27691],[-33,5],[0,55]],[[24619,33515],[58,0]],[[24677,33515],[100,-2]],[[24777,33513],[17,-1],[6,-159],[20,-60],[-5,-115],[-1,-95],[-9,-12],[-7,-73],[-14,-50]],[[24784,32948],[-36,-1],[0,111],[-135,15]],[[24548,31505],[30,-5],[89,13],[31,-13]],[[24698,31500],[-2,-502],[1,-66]],[[24697,30932],[-61,7],[-89,1]],[[24547,30940],[1,393]],[[24429,30828],[8,54],[-6,71],[11,43],[9,140],[-7,27],[-5,203],[24,99],[-1,30]],[[24547,30940],[-1,-281],[-29,3]],[[23760,33515],[79,0]],[[23839,33515],[75,0]],[[23914,33515],[6,-1]],[[23920,33514],[-2,-718]],[[23918,32796],[-50,7]],[[23868,32803],[-20,2],[-9,56],[0,57],[-10,30],[0,110],[-11,84],[-43,7]],[[23868,29400],[20,-2]],[[23888,29398],[15,-2],[-1,-111],[44,-6],[0,-56],[31,-4],[15,-18],[2,-50],[-4,-96],[43,-7]],[[23898,28669],[-2,55],[-15,122],[-6,157],[-2,111],[-11,45],[6,75],[0,166]],[[23592,29113],[63,5]],[[23655,29118],[41,-3],[3,-299],[4,-45],[2,-147],[4,-97],[25,-186],[1,-65]],[[23590,28638],[2,475]],[[24431,27585],[2,334]],[[24433,27919],[29,-1],[6,-85],[22,-3],[5,84]],[[24495,27914],[4,-61]],[[24499,27853],[9,-59],[-15,-113],[19,26],[10,-43],[-21,-51],[12,-45],[14,25],[8,112],[8,-44],[-24,-152],[0,-94],[9,-102],[12,78],[5,-68],[-9,-57],[-2,-146],[-4,-25],[-22,19],[-5,-61],[21,-87],[0,-49],[-11,-52]],[[24513,26865],[0,-14]],[[24513,26851],[-28,2]],[[24485,26853],[-48,2]],[[24437,26855],[-6,0]],[[23741,29418],[54,-4],[73,-14]],[[23874,28668],[-10,-16],[-30,31],[-41,80],[-21,4]],[[23772,28767],[1,334],[-29,5],[-3,146],[0,166]],[[23772,28767],[-2,-498],[-35,7]],[[23655,29118],[-3,146],[0,164],[89,-10]],[[24080,24017],[5,-50],[-1,-78],[3,-83],[17,-31],[92,130],[30,36]],[[24226,23941],[8,-42],[5,-97],[18,-76],[-1,-57]],[[24256,23669],[-11,-55],[-30,29],[0,-363],[7,-317],[-20,0]],[[24114,22832],[-34,5],[-29,-17]],[[24051,22820],[-2,691],[-14,124],[-28,56]],[[24165,25882],[0,166]],[[24262,26315],[14,-42],[12,10],[13,-167],[-4,-41],[8,-174]],[[24305,25901],[-9,-93],[-17,-146],[-4,-158],[-4,-39]],[[24271,25465],[-78,1]],[[24193,25466],[0,82],[-28,166],[0,168]],[[24485,26853],[-4,-103],[-16,-162],[-2,-208],[-16,-143],[-1,-113],[-11,-78]],[[24435,26046],[-42,1],[0,162],[-12,0]],[[24381,26209],[0,67],[12,89],[-3,65],[11,137],[15,46],[9,107],[12,87],[0,48]],[[24553,21736],[13,49],[23,-4]],[[24661,21545],[-2,-105]],[[24659,21440],[-77,-101],[-13,-89]],[[24569,21250],[-12,24],[-28,-32]],[[24529,21242],[24,494]],[[24456,21235],[28,1],[12,-65]],[[24496,21171],[-8,-102]],[[24427,21039],[-42,-20],[-24,-189],[-40,-205]],[[24321,20625],[8,83],[-2,90],[-14,11],[-15,-35],[-10,32]],[[24288,20806],[-5,261],[7,127]],[[24271,20318],[14,69],[12,-7],[10,52],[33,-83],[20,-73],[-14,-59],[-1,-66],[-22,-21],[-9,47],[-32,90],[-11,51]],[[24009,24382],[99,1],[0,167],[71,-1]],[[24179,24549],[5,-80],[-8,-100],[7,-30],[-5,-68],[7,-105],[10,-12],[1,-78],[10,-106],[8,12],[12,-41]],[[24398,24713],[18,90],[1,174],[5,136],[-4,45],[4,167]],[[24524,25339],[-11,-27],[1,-122],[30,-16]],[[24550,25167],[0,-12]],[[24550,25155],[-13,-67],[-6,-59],[7,-60],[-12,-57],[-13,-8],[-7,-42],[-3,-98],[-13,-75]],[[24490,24689],[0,-70],[-12,-9],[-1,61],[-12,-18],[-8,-171],[13,-22]],[[24470,24460],[-17,-32]],[[24407,24463],[-9,96],[0,154]],[[24492,20056],[-5,8]],[[24487,20064],[5,-8]],[[24531,20550],[-1,-103],[6,-36]],[[24536,20411],[-23,-65],[-5,30],[-22,-121],[-3,-125],[4,-66]],[[24487,20064],[-4,-58],[-17,-43],[-5,60],[3,131],[-11,39],[-8,-47],[-15,-34],[-7,99],[-11,46],[-8,172],[-20,-14],[3,174],[-3,40],[-24,-7],[-16,16],[-22,-71],[-1,58]],[[24278,23651],[0,897],[1,250]],[[24279,24798],[28,1],[4,83]],[[24311,24882],[10,-25],[21,-146],[13,-1],[17,84],[7,69],[14,16],[0,-166],[5,0]],[[24326,23538],[-25,54],[-13,-132],[-9,96],[-1,95]],[[23830,25390],[40,-1]],[[23882,25387],[60,0],[1,-84],[7,-83]],[[23903,24808],[-15,106],[-9,3],[-12,133],[-16,89],[5,37],[0,98],[-20,55],[-6,61]],[[30065,46455],[22,134],[-9,305],[8,46]],[[30086,46940],[9,64],[5,-126],[21,44],[3,-89],[18,111]],[[30142,46944],[0,-196],[-7,-46],[5,-134],[14,-45],[10,-91],[18,-66],[-5,-174],[4,-46]],[[30181,46146],[-12,3],[-3,-84],[-17,19],[-38,-16],[13,107],[-62,262]],[[30062,46437],[3,18]],[[30022,45930],[0,57],[40,450]],[[30181,46146],[33,-120]],[[30214,46026],[-30,-292],[-2,-65]],[[30182,45669],[-9,-22],[-23,45],[-28,-49],[-9,-100],[-19,28],[-15,-58],[1,-101],[-17,9]],[[30063,45421],[-4,25],[-26,32],[-10,98],[-11,2],[-7,201],[21,17],[-4,134]],[[29795,47382],[6,64],[-1,99],[19,119],[1,144],[22,180],[-1,130]],[[29841,48118],[-7,63],[5,93],[-5,62],[9,94],[15,32],[40,20]],[[29898,48482],[6,65],[14,47]],[[30015,48223],[1,-85],[7,-23],[6,-165],[-5,-88],[6,-203],[-56,-44],[9,-252]],[[29983,47363],[3,-120],[-36,-26],[0,-122],[-22,-109]],[[29928,46986],[-25,-29],[-9,121],[-24,-157]],[[29870,46921],[-36,28],[-40,79],[-33,28]],[[29761,47056],[7,196],[9,60],[18,70]],[[29000,40176],[13,-22],[-1,-64],[15,-50],[9,-66],[8,-181],[23,-6],[23,-111]],[[29090,39676],[-39,-231]],[[29051,39445],[-17,165],[-16,29],[-22,179],[-6,91],[-12,69]],[[29155,42262],[38,225]],[[29193,42487],[37,-116]],[[29230,42371],[6,-18]],[[29236,42353],[-17,-220],[14,-70],[23,-29],[3,-279]],[[29219,41903],[-1,109],[-7,85],[-34,54],[-6,51],[-16,-23],[0,83]],[[28999,39369],[22,-102]],[[29021,39267],[36,-174],[-2,-191]],[[29055,38902],[-6,-29],[-3,-140],[-9,-31],[3,-79]],[[29040,38623],[-31,68],[-39,-19],[-1,60],[-20,75],[-2,50],[-18,20],[-5,66],[-14,18],[-7,50]],[[28903,39011],[-1,7]],[[28902,39018],[-1,5]],[[28901,39023],[2,137],[11,-4],[36,195],[43,-194],[3,166],[3,46]],[[29021,39267],[30,178]],[[29090,39676],[17,-73],[5,-115],[10,-9],[26,-107],[15,-36],[16,11]],[[29179,39347],[10,-112],[15,15]],[[29204,39250],[4,-43],[-4,-84],[-27,-161],[-35,-103]],[[29142,38859],[-42,-23],[-45,66]],[[29087,41000],[7,-93],[19,30],[9,-33]],[[29122,40904],[-3,-64],[23,-94],[19,-32],[-1,-39]],[[29160,40675],[-16,-70],[-5,-51],[-15,-15],[7,-84]],[[29131,40455],[-9,9],[-18,67],[-10,-53]],[[29093,41564],[47,73],[12,-109],[-3,-99],[18,47]],[[29167,41476],[16,-33],[-17,-109]],[[29166,41334],[-17,-59],[18,-147],[-21,-101],[-14,-37],[-10,-86]],[[24633,37597],[20,94],[34,-6],[2,79],[10,41],[16,151],[16,-11],[9,38],[4,78],[10,10],[12,-68],[17,-59],[10,14],[12,-44]],[[24805,37914],[-14,-63]],[[24791,37851],[-24,-102],[-14,-121],[-5,-117],[18,-119]],[[24766,37392],[-2,-22]],[[24764,37370],[-6,-147],[-15,-106]],[[24632,37268],[1,329]],[[24486,38551],[21,-1],[1,168],[51,-5],[77,-1]],[[24636,38712],[4,-132],[7,-127],[-8,-60],[10,-124],[3,-110]],[[24652,38159],[-16,-46],[-15,24],[-11,-89],[-13,23],[-21,-3],[-6,-30]],[[24570,38038],[-42,4],[0,113],[-22,0],[0,114],[-21,2]],[[24485,38271],[1,280]],[[24648,34331],[91,-1],[26,-8]],[[24796,33767],[-9,-69],[-2,-96],[-8,-89]],[[24677,33515],[0,178],[-5,1],[1,166],[-11,0],[1,251],[-10,0]],[[24653,34111],[0,137],[-5,83]],[[24688,35698],[109,-4]],[[24797,35610],[2,-107],[-2,-437],[-20,6]],[[24777,35072],[-93,5]],[[24684,35077],[1,535],[3,86]],[[18286,51516],[8,-48],[16,-158],[-1,-58],[10,-62],[9,6],[8,80],[17,9],[13,93],[13,35],[23,-6],[4,-40]],[[18854,49170],[1,-79],[-15,-118],[1,-109],[-18,28],[-8,-24]],[[18168,51052],[7,93],[12,71],[6,-55],[12,20],[26,143],[25,6],[12,60],[13,11],[5,115]],[[20604,55573],[6,29],[38,-35],[9,42],[19,20],[4,80],[8,24],[20,-60],[17,14],[22,-44],[27,9],[11,36],[9,-32],[15,18],[4,-47],[43,-84],[12,-38],[22,9],[10,37],[9,-105],[16,-7]],[[20925,55439],[0,-255],[-1,-887]],[[20924,54297],[-24,0],[0,-83],[-80,1]],[[20820,54215],[-26,1],[0,333],[-23,0],[1,166],[-108,0],[0,165],[-71,1],[0,166]],[[18695,54523],[1,-616],[23,-45],[5,-49],[19,-28],[24,0],[0,-410],[36,-1]],[[18803,53374],[16,-42],[-12,-91],[12,-64],[30,-38],[-1,-52]],[[18622,52436],[1,170],[3,39],[-6,84],[6,57],[-7,97],[-25,0],[0,83],[-35,0],[0,257],[-73,-5],[0,659],[-73,5],[0,589],[-15,4],[-1,152],[-8,48]],[[23553,37785],[1,208]],[[23554,37993],[89,-23],[47,-3]],[[23690,37967],[-3,-339],[3,-166],[15,-2]],[[23705,37460],[0,-230]],[[23552,37289],[1,496]],[[24971,35551],[1,-59],[26,-264],[-3,-100],[-14,-19]],[[24980,34951],[-37,-36],[-18,-66],[-5,-82],[-17,-56]],[[24875,34712],[1,351],[0,551]],[[23859,37438],[1,170],[4,484],[-1,56]],[[23863,38148],[0,28]],[[23988,38148],[-3,-449]],[[23985,37699],[-2,-311]],[[23983,37388],[-62,11],[-1,-56],[-61,12]],[[23859,37355],[0,83]],[[29881,45362],[168,-28],[11,76]],[[30060,45410],[5,-128],[-5,-24],[33,-110],[22,13],[7,-39],[-12,-104],[11,-46],[-5,-57],[8,-62]],[[30124,44853],[-4,-82],[-11,-82],[-14,29],[-8,-83]],[[30087,44635],[-2,-50]],[[30085,44585],[-7,-40]],[[30078,44545],[-11,68],[-11,18],[-17,-29],[8,-123],[-14,-67],[-35,-108]],[[29998,44304],[-8,61],[-21,13],[-6,43],[5,79],[22,26],[5,109],[-17,-7],[-10,-30],[-11,74],[18,119],[8,206],[-2,44],[-23,18],[-4,-55],[-12,13],[4,154],[-31,63],[-19,-12],[-4,70],[-11,70]],[[27690,44520],[22,54],[64,215],[13,81],[25,93],[50,129]],[[27864,45092],[12,-10],[9,-51]],[[27885,45031],[1,-861],[-1,-166]],[[27885,44004],[-153,-1]],[[27732,44003],[-42,0],[0,517]],[[27885,45031],[20,-17],[9,-108],[17,-60],[32,27],[15,52],[23,16],[51,87]],[[28052,45028],[-1,-33],[44,4]],[[28095,44999],[0,-995]],[[28095,44004],[-170,-2]],[[27925,44002],[-40,2]],[[29468,47454],[5,-106]],[[29473,47348],[-18,-226],[-1,-96],[9,-31],[11,109],[16,-1],[15,-188],[-2,-403]],[[29503,46512],[-6,-707]],[[29497,45805],[-100,-5]],[[29408,46496],[-11,385],[9,114],[6,12],[15,118],[9,34],[16,286]],[[7905,77030],[18,96],[4,93],[23,-46],[-1,-82],[-29,-119],[-15,58]],[[8390,79941],[-1,-215],[81,0]],[[8470,79726],[25,-16]],[[8495,79710],[0,-60]],[[8495,79650],[0,-24]],[[8495,79626],[0,-28]],[[8495,79598],[0,-323]],[[8495,79275],[-2,-76]],[[8493,79199],[0,-79],[28,0],[0,-551],[-6,-122],[0,-236],[-24,-33]],[[8491,78178],[-21,68],[-15,-8],[-16,-54],[-17,89],[-20,-33],[-37,21],[0,33],[24,120],[-7,20],[-29,-51],[-16,-117],[-4,-73],[-18,-20],[-11,305],[-8,82],[-16,-11],[-4,-156],[15,-73],[-26,-123],[-24,-58],[-6,-106],[-20,18],[-1,140],[-24,-122],[-15,-23],[11,-283],[-33,70],[-9,58],[-16,-36],[15,-67],[-4,-91],[-31,-38],[-10,29],[-9,-183],[-23,-31],[-17,-129],[-16,-4],[3,-96],[-28,-83],[-2,67],[17,73],[-11,27],[6,76],[22,124],[-8,22],[-25,-63],[-6,-86],[-15,-104],[-30,169],[-20,-15],[23,-92],[0,-90],[-22,-55],[-22,15],[-9,-93],[-20,-34],[-9,-77],[-14,-18],[12,-77],[-15,-63],[-30,113],[-16,-74],[1,-47],[-19,-52],[-27,46],[-11,-33],[-21,67],[-15,16],[-23,-54],[-2,-55],[-26,-59],[-38,-7],[-1,74],[-30,20],[-32,82],[-4,113],[8,61],[24,30],[-1,119],[64,118],[23,-30],[18,27],[18,112],[70,127],[-5,62],[27,64],[-1,44],[27,120],[7,69],[-28,-20],[-31,-99],[-38,-96],[-24,-26],[-19,-71],[-42,30],[-45,113],[-19,122],[11,80],[10,129],[10,56],[12,187],[28,164],[28,95],[27,129],[7,70],[5,215],[23,57],[8,299],[-19,74],[-8,125],[-13,128],[39,59],[14,55],[31,6],[27,50],[107,300],[64,136],[16,-27],[14,-110],[27,-124],[48,-33],[20,28],[27,131],[24,2],[27,-45],[7,-40],[22,22],[38,-64],[72,-28],[38,-79]],[[7540,78985],[21,52],[12,116],[-1,84],[12,73],[25,-55],[-16,-41],[-24,-133],[7,-46],[-36,-50]],[[7385,78644],[16,14],[9,-107],[-10,-6],[-15,99]],[[7215,76147],[-15,-2]],[[7200,76145],[15,2]],[[7125,77138],[43,73],[20,-76],[-4,-69],[-42,-34],[-17,106]],[[7162,80056],[0,496],[-12,0],[0,496],[135,0]],[[7285,81048],[245,0],[220,0],[0,-331],[100,0],[0,-119]],[[7850,80598],[-27,-87],[-27,-187],[-40,-29],[-9,-38],[-41,2],[-37,-104],[-41,-155],[-8,-75],[26,-200],[-16,-17],[-24,23],[-19,-34],[-34,-108],[-17,-127],[-45,-104],[-20,-127],[7,-107],[19,-47],[-37,-79],[-6,-91],[-60,-156],[-31,39],[-12,-90],[24,-75],[5,-65],[24,-82],[-7,-117],[-23,-102],[-8,-97],[-27,-67],[-64,10],[-44,-58],[13,-83],[16,47],[19,2],[9,-46],[-16,-198],[-30,-97],[-52,-65],[-13,81],[2,130],[-18,-29],[-6,-124],[-7,-28],[-37,15],[19,-107],[-8,-67],[-38,-5],[-15,-51],[20,-115],[-7,-55],[-26,-33],[-22,-1],[-14,-64],[-42,-33],[23,-68],[-25,-54],[-11,-196],[-22,-59],[-9,-78],[24,-14],[-7,-112],[10,-64],[12,6],[16,78],[58,-35],[19,47],[23,-6],[26,-133],[25,-43],[10,30],[34,-140],[9,-1],[4,-134]],[[7197,76145],[-90,0],[0,-220],[-50,0],[0,-166],[-136,0]],[[29308,43223],[-12,-128],[-1,-126],[5,-34]],[[29300,42935],[10,-87],[-10,-131]],[[29300,42717],[-70,-346]],[[29193,42487],[-91,293]],[[29085,42909],[1,131],[74,20],[15,102],[18,63]],[[4577,85157],[27,77],[18,22],[22,-24],[28,9],[10,-66],[-24,-90],[-54,-6],[-27,78]],[[4110,90878],[0,-200],[22,0],[0,-661],[20,0],[0,-660],[79,0],[0,-331],[58,0],[0,-330],[275,0],[269,0],[254,0],[303,0],[0,165],[58,0]],[[5448,88861],[58,0],[2,-495],[-57,0],[3,-330],[0,-331],[-56,0],[0,-330],[-53,0],[0,-661],[5,0],[0,-660],[58,0],[0,-496],[-54,0],[0,-165],[-50,0],[0,-165],[-108,0],[0,-165],[-53,0],[0,-331],[6,-165],[-53,0],[0,-495]],[[4614,84567],[47,236],[12,85],[29,86],[-11,103],[65,-52],[17,-61],[4,-61],[34,5],[19,-22],[32,47],[31,-28],[77,40],[47,61],[9,97],[20,51],[7,82],[13,-3],[46,220],[10,98],[-1,91],[-22,216],[-14,78],[-15,189],[0,226],[-14,81],[-64,230],[-44,86],[-18,9],[-5,163],[22,48],[48,-65],[41,-6],[17,18],[33,151],[28,67],[3,192],[-28,179],[-29,41],[-25,66],[-34,47],[-44,-157],[-3,-60],[-42,-48],[-35,40],[-53,-34],[-26,-76],[-71,-74],[-17,-117],[-84,-163],[-19,-113],[-5,-165],[-30,-54],[-20,-2],[2,88],[-17,130],[3,55],[-24,83],[-21,18],[-7,63],[-49,103],[-33,-107],[21,-78],[23,-11],[13,-60],[28,5],[0,-57],[-17,-26],[-5,-105],[-19,-19],[-21,134],[-37,90],[-59,89],[-78,19],[-28,-41],[-54,26],[-63,-28],[-40,-60],[-82,-141],[-49,-21],[-48,58],[-135,121],[-50,23],[-103,78],[-48,111],[-25,183],[1,116],[13,20],[6,99],[-13,84],[-24,75],[-42,81],[2,69],[-16,68],[-33,68],[8,55],[34,-25],[38,30],[30,101],[-4,89],[36,101],[-19,72],[-28,41],[-48,-13],[-38,30],[-61,79],[-100,32],[-56,99],[-28,87],[-39,76],[-62,71],[-14,135],[9,77],[28,69],[122,177],[48,93],[74,173],[143,306],[99,176],[88,168],[86,144],[130,183],[108,122],[102,92]],[[2034,84977],[5,177],[26,159],[4,123],[-5,107],[28,-27],[-3,-115],[29,-85],[50,-66],[91,-93],[38,-16],[71,179],[29,-1],[19,60],[52,-19],[59,-192],[6,-171],[54,-104],[59,-25],[46,-131],[62,-31],[59,-4],[47,-23],[20,-39],[32,-18],[-8,-135],[-16,-87],[-27,-74],[-24,40],[-40,24],[-31,-9],[-44,-48],[-4,-40],[-41,-103],[-11,-81],[13,-101],[-19,-11],[-12,-67],[-34,51],[6,39],[-23,175],[-12,49],[-46,125],[-27,31],[-22,-5],[-19,31],[-21,157],[-22,73],[-38,82],[-83,101],[-66,14],[-51,-79],[2,-41],[-44,-98],[-73,110],[-34,137],[-7,95]],[[7286,83529],[43,-3],[264,0],[0,138],[217,335],[238,368],[205,317],[141,0],[277,0],[0,276],[251,0],[35,3]],[[8957,84963],[142,7],[1,-577],[-2,-22]],[[9098,84371],[0,-403],[12,0],[4,-192],[0,-661],[3,0],[0,-495],[-155,0],[6,-166],[0,-660],[5,0],[0,-661],[-74,0],[0,-85],[-150,0],[-200,0]],[[8549,81048],[-200,0],[0,55],[-16,55],[-34,0],[-20,-30]],[[8279,81128],[-27,49],[-32,-13],[-31,-77],[-17,-96],[-18,-26],[-8,-82],[-2,-138],[-19,-57],[-25,31],[-36,11],[-74,-28],[-23,95],[-92,-162],[-25,-37]],[[7285,81048],[0,745],[0,907]],[[7285,82700],[1,829]],[[28814,32442],[10,2],[18,-103],[3,-128],[-14,15],[2,74],[-19,140]],[[28807,31025],[23,50],[25,84],[16,12],[-1,-92],[-14,27],[-20,-24],[-28,-67]],[[28808,31015],[-1,10]],[[28801,33006],[16,-225],[16,-178],[25,-300],[-15,56],[2,65],[-8,72],[-26,146],[-4,156],[2,41],[-8,140],[-6,18]],[[28772,31808],[-6,125],[-32,0]],[[28734,31933],[9,197],[-3,77],[5,49],[-3,96],[18,90],[-7,46],[21,35],[17,-36],[17,-144],[4,-89],[-1,-168],[6,-106],[-14,23],[-4,-40],[13,-106],[-11,-95],[-18,-16],[-11,62]],[[26608,37593],[5,80],[30,45],[14,-52],[29,-32],[20,-119],[7,42]],[[26713,37557],[35,13],[11,99],[14,36],[6,56]],[[26779,37761],[2,-81],[-16,-138],[3,-30],[-13,-106],[-14,-67]],[[26741,37339],[-9,-96],[-10,-52],[1,-167],[-30,-37]],[[26662,37106],[-10,44],[-26,48],[-4,112],[-13,70]],[[26609,37380],[5,164],[-6,49]],[[28601,33614],[50,0]],[[28749,33052],[1,-110],[-17,-22],[-9,85],[-9,13],[-13,90],[-17,13]],[[28601,33538],[-14,76]],[[28587,33614],[14,0]],[[26822,34267],[-26,-67],[-28,-6],[-17,-136],[-1,-77],[-16,-7],[-75,-142]],[[26119,35864],[8,17],[4,80],[11,12],[6,85],[25,59],[15,66]],[[26222,36171],[8,-70],[-6,-336]],[[26224,35765],[-2,-90]],[[26222,35675],[-63,-1],[-33,81],[-7,109]],[[26862,34989],[6,26]],[[26868,35015],[11,41],[6,85],[17,181],[-2,108],[-7,2],[7,264],[-5,53],[14,28]],[[26909,35777],[12,18],[18,-49],[13,20],[-1,63],[11,52],[12,3]],[[26974,35884],[17,-147],[25,-70],[7,-66],[25,-106],[27,2]],[[26981,35046],[-12,-66],[-28,-44],[-29,-78]],[[26515,36744],[36,200]],[[26551,36944],[33,-26],[13,-132],[14,-51]],[[26576,36375],[-12,82],[-5,76],[-17,105],[-21,44],[-6,62]],[[19265,34467],[105,1],[161,1]],[[19531,32569],[0,-1218],[0,-770]],[[19531,30581],[0,-726]],[[19531,29855],[0,-1104],[0,-425]],[[19531,28326],[-84,1],[-6,-106],[-20,-18],[-11,-43],[-4,-72]],[[19296,27926],[-1,401],[10,0],[0,664],[2,0],[1,662],[-5,178],[4,154],[0,334],[2,0],[0,525],[0,801],[4,-1],[1,277],[-49,1],[0,1132],[0,476],[0,937]],[[26888,35844],[21,-67]],[[26868,35015],[-10,60],[-5,68],[1,129],[-13,-16],[-6,105],[-26,38]],[[26481,37254],[25,-51],[9,13]],[[26515,37216],[8,-32],[13,-108],[19,-93],[-4,-39]],[[26515,36744],[0,53],[-14,-3],[-8,74],[-10,4],[-20,183],[-8,32]],[[26426,34368],[11,32],[7,-37],[17,-6],[13,57],[10,-27]],[[26484,34387],[7,-195],[10,-67],[13,-34],[7,-140],[22,-76]],[[26528,33685],[-15,3]],[[26484,34387],[8,39],[29,2],[10,112],[14,36]],[[26484,35551],[13,-5],[22,34],[16,-74]],[[26535,35506],[6,-48]],[[26525,34949],[-17,5],[-15,31],[-22,96]],[[25701,34876],[13,73],[10,104],[16,-2],[41,173]],[[25781,35224],[35,-62],[5,-79]],[[25821,35083],[20,-288]],[[25841,34795],[-19,-31],[-8,71],[-13,-28],[-21,15],[0,-71],[-16,-280]],[[25764,34471],[-48,108],[-26,24]],[[25690,34603],[12,43],[-8,131],[7,99]],[[18873,55865],[37,0],[1,661],[0,663],[1,159]],[[18912,57348],[146,2]],[[19058,57350],[-2,-161],[0,-663],[-1,0],[0,-661]],[[19055,55865],[-20,0],[0,-165],[-162,-2]],[[18873,55698],[0,167]],[[18419,52141],[133,-2]],[[18286,51516],[-1,2]],[[18285,51518],[11,0],[10,78],[32,66],[14,57],[1,173],[-3,165],[69,1],[0,83]],[[24739,40428],[24,58],[14,-8],[5,64]],[[24782,40542],[20,82],[16,132],[10,156],[14,28],[16,83]],[[24858,41023],[58,-1],[1,-222],[31,2]],[[24948,40802],[0,-377]],[[24948,40425],[-18,73],[-23,-65],[-17,-9],[-16,28],[-29,-2],[-6,-51]],[[24839,40399],[-13,0],[-26,-89],[-43,-6],[-7,108],[-11,16]],[[28504,38481],[-14,53]],[[28490,38534],[-16,-2],[-14,70],[-3,77],[-20,102],[-14,15],[-16,134],[5,29]],[[28448,37875],[1,12]],[[28459,38219],[3,51],[28,264]],[[28547,37805],[-5,-72],[9,-178],[-1,-155]],[[28550,37400],[-18,43],[-2,112],[-33,79],[-11,-14],[-17,19],[-15,-25],[-9,-53],[-10,163]],[[28435,37724],[13,38],[0,113]],[[28423,37589],[0,74],[12,61]],[[28550,37400],[0,-69]],[[28550,37331],[-28,17],[-12,-141],[-15,-85],[7,-66]],[[28502,37056],[-6,-45],[9,-111],[-3,-34],[-17,62],[-6,66],[-10,35],[-14,198],[-21,-72],[-32,-91],[-12,44],[-7,188],[10,134],[5,7],[25,152]],[[30129,44588],[-2,2]],[[30127,44590],[2,-2]],[[30085,44585],[2,50]],[[30124,44853],[18,-2]],[[30142,44851],[-8,-70],[4,-71],[-18,-122]],[[30120,44588],[-1,-56],[-13,-13],[-15,-64],[-13,90]],[[30230,43467],[3,86],[19,45],[8,47]],[[30260,43645],[18,-94],[27,-44],[24,-8],[8,-39],[12,55],[27,30],[27,55],[6,40],[-3,186],[-18,71],[-5,171],[-17,56],[-14,-60],[-11,63],[16,35],[20,-28],[23,-95],[14,-130],[11,-199],[5,-198],[-2,-120],[-10,-63],[-7,42],[-26,-9],[-30,-28],[-14,-37],[-20,-6],[-33,-38],[-16,-102],[-15,-1],[-33,-35],[7,95],[-3,42],[6,86],[-6,32],[2,97]],[[29774,45381],[98,-18]],[[29872,45363],[9,-1]],[[29998,44304],[-7,-76],[1,-190]],[[29992,44038],[-84,-17]],[[29908,44021],[0,29],[-84,10]],[[29824,44060],[-9,3]],[[29815,44063],[0,251],[-18,-1],[-18,43],[12,117]],[[29791,44473],[3,126],[-18,-18],[-11,80]],[[29765,44661],[0,105],[8,80],[-2,74],[13,64],[-7,38],[-2,84],[14,74],[0,89],[-12,23],[-3,89]],[[29567,45418],[26,-3]],[[29593,45415],[132,-24]],[[29725,45391],[49,-10]],[[29765,44661],[-10,-18],[-7,165],[-30,-26],[-2,50],[-60,-53],[1,90],[-16,-14],[-4,40],[-27,33],[-2,109],[-27,28]],[[29581,45065],[7,162],[0,123],[-21,-5],[0,73]],[[28550,37331],[19,-144],[20,-51],[12,-69],[6,-69]],[[28607,36998],[3,-59],[18,27],[-1,-94],[4,-79],[18,-151],[-6,-42],[5,-127],[-8,6],[-11,95],[-13,63],[-12,-38],[-17,71],[-3,65],[-11,51],[-39,61],[-6,-46],[-14,61],[-12,194]],[[28752,38129],[0,-65],[6,-87],[9,-45],[-29,-116],[-4,-49],[19,-104]],[[28753,37663],[-10,-93],[-3,-63],[-10,-38]],[[28730,37469],[-17,102],[-7,-8],[-17,104],[-10,11],[-7,59],[-16,22],[-13,47],[12,151],[16,-21],[11,59]],[[27769,39660],[24,0]],[[27793,39660],[129,3]],[[27922,39663],[-39,-464]],[[27883,39199],[-40,-221],[-17,-67]],[[27826,38911],[-29,-108],[-13,-83],[-17,-43]],[[27767,38677],[1,622],[1,361]],[[28713,36689],[11,77],[7,-41],[-18,-36]],[[28753,37663],[30,57],[11,-52],[14,-11],[12,-68]],[[28820,37589],[1,-142]],[[28821,37447],[-12,-44],[-5,-59],[-17,-49],[-11,-193]],[[28776,37102],[-13,-70],[-9,-94],[-11,-48],[-7,83],[12,20],[-3,82],[-10,-4],[-11,-113],[7,-44],[-5,-75],[-20,112],[-14,29],[-5,84],[-9,35],[-10,-27],[-23,225],[19,29],[5,51],[-12,86],[3,81],[21,-2],[8,33],[17,-86],[24,-20]],[[29574,44601],[13,60],[19,-22],[1,-128],[-9,-50],[33,-4],[4,-71],[26,-31],[-1,56],[19,44],[8,-46],[53,38],[2,-88],[17,66],[32,48]],[[29815,44063],[-104,7]],[[29711,44070],[-18,-7],[-34,12],[-16,-12],[-4,-52],[-14,-10],[1,74],[-55,4]],[[29571,44079],[-12,2]],[[29559,44081],[-5,104],[10,94],[9,205],[1,117]],[[29574,44601],[-18,31],[0,115],[15,-18],[12,306],[-2,30]],[[26969,42915],[2,-276]],[[26971,42639],[-139,12]],[[26832,42651],[-2,268],[-15,0]],[[26815,42919],[25,75],[16,-49],[15,39],[21,-78],[31,-75],[9,-5],[37,89]],[[26398,43444],[11,2]],[[26409,43446],[133,25]],[[26542,43028],[-128,-4]],[[26414,43024],[-11,54],[0,196],[-5,1],[0,169]],[[24632,24529],[6,111],[-1,389]],[[24637,25029],[136,3]],[[24773,25032],[-5,-35],[7,-81],[16,-112],[10,-140],[-7,-31],[13,-98],[-4,-70]],[[24803,24465],[-34,-67]],[[24769,24398],[-9,-34],[-128,-2]],[[24632,24362],[0,167]],[[24539,26010],[8,26]],[[24547,26036],[22,-2],[3,-250],[26,-3],[0,253],[37,-11],[2,94]],[[24637,26117],[8,-56],[10,0],[0,-83],[19,0],[9,-73]],[[24683,25905],[-14,-50],[1,-109],[-7,-88],[0,-74],[-22,15],[2,-95],[-8,-138]],[[24635,25366],[-18,-96],[5,-40],[-30,-75],[-10,-63],[-11,4],[-21,59]],[[24789,27479],[118,-226]],[[24907,27253],[-20,-192],[-1,-95],[-17,-159],[-3,-96],[-19,-97]],[[24847,26614],[-104,249],[-7,1]],[[24495,27914],[27,73],[-2,50],[-22,68],[-1,60],[17,27],[9,-62],[12,-33],[14,30],[-9,83],[-14,-21],[-7,41],[10,83],[15,15],[15,-18],[0,58],[-13,30],[-7,98],[17,113],[-19,54],[-3,40],[20,53],[5,-70],[11,26],[-8,75],[28,20],[5,101],[-14,22],[-10,47]],[[24571,28980],[83,-3],[0,-250]],[[24654,28727],[0,-708],[-29,0],[0,-166]],[[24625,27853],[-126,0]],[[24395,23394],[4,64],[12,-18],[14,46],[3,153],[13,-8],[33,87],[41,-27]],[[24515,23691],[17,-49]],[[24532,23642],[10,-74],[0,-540]],[[24542,23028],[-32,0]],[[24510,23028],[-129,1]],[[24470,24460],[6,-147],[18,-83],[22,2],[0,-39]],[[24516,24193],[-1,-502]],[[24847,26614],[-14,-100],[-6,-152],[-17,-90],[-10,-3],[-18,-66],[-8,5],[-23,-50],[-7,-64],[-19,-61],[-13,-2]],[[24712,26031],[-15,-97],[-14,-29]],[[24637,26117],[-1,82]],[[24636,26199],[7,52],[-12,76],[13,48],[-8,123],[-10,32],[29,166]],[[24819,25699],[13,146],[16,29],[25,133],[3,42],[22,7]],[[24898,26056],[15,-447],[0,-249]],[[24913,25360],[0,-333]],[[24913,25027],[-140,5]],[[24773,25032],[-4,102],[0,130],[18,58],[-7,95],[15,137],[6,12],[10,113],[8,20]],[[25168,27390],[40,1]],[[25310,27393],[-10,-566]],[[25300,26827],[-2,-119]],[[25298,26708],[-130,-6]],[[25168,26702],[0,688]],[[24724,30339],[19,52],[10,0]],[[24782,29808],[0,-83]],[[24782,29725],[-29,-3],[0,-162],[-27,-1]],[[24726,29559],[-47,192]],[[24675,29974],[-1,56],[9,51],[2,-126],[8,-1],[15,82],[-1,41],[-22,12],[8,57],[14,-9],[5,39],[-7,87],[5,58],[-7,72],[13,41],[8,-95]],[[28193,45650],[0,83],[13,156]],[[28206,45889],[50,1],[0,-76],[26,-16],[16,7]],[[28298,45805],[9,-143],[-11,-28],[0,-174],[-7,0],[4,-173],[31,-4],[-1,-177]],[[28323,45106],[-47,6],[-1,-87],[-16,0],[-1,-121]],[[28258,44904],[-33,6],[0,83],[-55,7]],[[28170,45000],[-3,99],[10,25],[16,154],[0,372]],[[28605,46346],[47,6],[24,-49],[3,98],[35,-71],[26,-68]],[[28740,46262],[6,-82],[-1,-72],[16,-32],[6,-563]],[[28767,45513],[-105,-37]],[[28662,45476],[-9,80],[-14,69],[-27,-7],[-3,306],[-8,-2],[-2,175],[8,15],[-2,234]],[[29251,46620],[-16,682],[44,30]],[[28806,46809],[62,-97],[118,373]],[[28958,45683],[-10,-16]],[[28948,45667],[-53,-16],[-2,133],[-28,-2],[-2,202],[-52,242],[-41,-17]],[[28770,46209],[6,312],[-6,11],[20,302],[16,-25]],[[25641,33789],[15,2]],[[25656,33791],[83,11]],[[25739,33802],[49,6],[7,-36]],[[25795,33772],[-20,-185],[-5,-127],[-12,-93],[-16,-30]],[[25742,33337],[-12,-87],[-8,-19],[-19,75],[-5,-12]],[[25698,33294],[-21,-26],[-37,165]],[[25640,33433],[1,159],[-4,63],[4,134]],[[25734,32005],[27,6]],[[25785,31353],[-1,-72],[-27,-61],[-13,-80],[-23,20]],[[25721,31160],[0,57],[-20,43],[-7,165],[-10,28]],[[26013,33018],[41,-47],[22,39],[12,44],[5,87]],[[26093,33141],[10,-1],[1,-77],[10,-49],[60,-159],[23,-15]],[[26203,32828],[-15,-74],[-23,12],[-8,-242]],[[21200,27584],[128,0]],[[21328,27584],[0,-819]],[[21328,26765],[-130,1]],[[21198,26766],[2,818]],[[19272,39822],[0,731],[0,1182]],[[19272,41735],[29,-87],[30,36],[18,40],[47,46],[5,-147],[21,13],[12,64],[0,128],[53,0],[1,-138],[10,0],[1,-195],[11,-40],[20,0]],[[19530,41455],[0,-839]],[[19530,40616],[0,-1072]],[[19530,39544],[0,-310]],[[25616,32486],[6,173]],[[25622,32659],[36,-8]],[[25658,32651],[7,-106],[28,120],[39,-31],[48,-130]],[[26314,33271],[25,-191],[11,-8],[5,-62],[23,-57],[8,-77]],[[26414,32658],[-29,-121],[-12,-1],[-33,-65],[-20,-81]],[[26320,32390],[-12,164],[-19,123],[-12,47],[-10,101],[-11,37]],[[26320,32390],[-14,-94],[-15,-66]],[[26254,32110],[-4,13],[-27,-43],[-4,49],[-59,-12]],[[26160,32117],[0,3]],[[26155,32159],[1,11]],[[26741,32909],[8,15],[16,102]],[[26765,33026],[14,66],[11,22],[15,89],[27,68],[7,-13],[32,89]],[[26871,33347],[20,2],[-5,-506],[15,-95]],[[26901,32748],[5,-34],[-8,-74]],[[26816,32459],[-15,100],[-40,223],[-9,17],[-12,69],[1,41]],[[25861,28636],[10,83],[11,-34],[11,42],[12,-43],[0,-70],[7,-55],[9,8],[4,-81],[9,-36]],[[25934,28450],[0,-85],[6,-65],[-26,-92],[-3,-69]],[[25846,27589],[1,213],[-29,0],[0,83],[-10,0]],[[25791,28303],[0,70],[16,0],[26,40],[24,137],[4,86]],[[25946,25738],[25,64],[10,-12],[3,87]],[[25984,25877],[24,2],[0,166],[24,1],[5,27]],[[26037,26073],[9,-53],[48,-136],[14,1],[2,-167]],[[26110,25384],[-117,-5],[-7,28],[0,86],[-12,-33]],[[25974,25460],[-19,118],[-9,160]],[[25799,29792],[6,-91],[16,-44],[13,8],[11,79],[14,-22],[6,57],[2,102],[-6,12]],[[25922,29133],[-26,-45],[-29,-149]],[[25867,28939],[-29,202],[-12,104]],[[25826,29245],[-7,83],[-29,3]],[[25790,29331],[0,127],[9,334]],[[25263,24734],[12,637]],[[25275,25371],[2,154]],[[25277,25525],[73,-1],[64,5]],[[25374,24918],[-4,-151],[-11,-11],[-4,-78],[-11,-95],[11,-118],[10,16],[5,-118]],[[25370,24363],[-105,-2]],[[25265,24361],[-2,373]],[[25814,25594],[6,-37],[-4,-61],[22,-93],[1,-369]],[[25827,24869],[-114,-4]],[[25713,24865],[0,164],[-14,-1]],[[25699,25028],[0,338],[18,34],[-6,53],[4,111],[10,23]],[[16714,37169],[70,0],[0,668],[1,166],[-31,-2],[0,176],[23,248],[49,2]],[[16826,38427],[143,-2],[105,0]],[[17074,38425],[-92,-140],[0,-155],[141,-849]],[[17123,37281],[-86,-513],[-66,-390],[-32,-203],[-22,5]],[[20935,34464],[-1,-605],[1,-879]],[[25318,27862],[92,-19]],[[25410,27843],[29,1]],[[25439,27844],[1,-707]],[[25440,27137],[-30,-87],[-7,-58],[-17,-32],[0,-35],[-33,-14],[-6,-75]],[[25347,26836],[-47,-9]],[[20700,25929],[2,0],[1,844],[135,3],[151,1]],[[20989,26777],[0,-844],[25,0],[0,-996]],[[21014,24937],[-71,0]],[[20943,24937],[-13,0]],[[20930,24937],[-141,0],[-88,1]],[[20701,24938],[-1,482],[0,509]],[[29437,41940],[-1,5]],[[29365,41684],[-2,98],[12,69],[18,-33],[3,83],[20,37],[7,-74],[21,-17]],[[29456,41354],[-35,-47],[-57,2]],[[29364,41309],[-4,77],[12,49],[-1,112],[7,79],[-13,58]],[[26457,31822],[10,32],[5,71],[-8,35],[-5,163],[4,70]],[[26566,32349],[25,-335],[12,-40],[0,-231]],[[26522,31536],[-2,6]],[[25795,33772],[15,36],[27,-3]],[[25837,33805],[58,-21]],[[25895,33784],[-7,-290]],[[25888,33494],[-11,-66],[-1,-179],[-3,-22]],[[25873,33227],[-4,-65],[-9,10],[-9,74],[-7,-42],[-18,0],[-40,-172]],[[25786,33032],[-12,19],[-1,63],[-22,102],[-9,121]],[[25879,31293],[2,-72],[-12,-114],[1,-54],[-7,-154]],[[25863,30899],[-14,18],[0,82],[-6,107],[-20,110],[-18,35],[1,83]],[[25873,33227],[5,-37],[16,28],[20,-90]],[[25948,32490],[-19,7],[-20,-20]],[[25808,32756],[-3,71],[-8,14],[-11,191]],[[25658,32651],[5,93],[11,65],[6,232],[8,62],[11,159],[-1,32]],[[21860,23195],[159,3]],[[22019,23198],[0,-720]],[[22019,22478],[-145,-7],[-90,-2]],[[26897,33697],[87,3]],[[26999,33700],[27,-2]],[[26983,33320],[-20,13],[-19,81],[-45,-42],[-22,16]],[[26877,33388],[-5,39],[20,82],[4,45],[1,143]],[[25668,36766],[63,3]],[[25731,36769],[-2,-125],[5,-117],[3,-152],[-12,-1]],[[25725,36374],[-12,-20],[-19,-100],[-15,-9]],[[25598,36145],[1,90],[11,89],[36,167],[8,112],[14,0],[0,163]],[[30134,47423],[17,-4],[14,39],[27,6]],[[30192,47464],[4,-41],[29,-2],[5,-68],[-4,-85],[23,-46],[7,55],[26,-140],[-9,-68],[38,-136]],[[30311,46933],[-9,-75],[7,-109],[-18,-95],[3,-53],[-29,-33],[-12,-64],[-9,-117],[5,-52],[-12,-111],[-4,-83],[-11,-95],[-8,-20]],[[30142,46944],[-3,55],[-5,424]],[[30256,50999],[13,-294],[-4,-3],[28,-702],[31,37],[4,-102],[37,36],[14,-346],[-12,-10],[6,-174],[27,26],[11,-356],[10,7],[8,-134]],[[30429,48984],[-6,-69],[-25,26],[-8,-113],[8,-84],[-24,4]],[[30374,48748],[-20,-18],[-11,-36]],[[30343,48694],[-3,85],[-9,3],[0,123],[-75,78],[11,32],[-29,321],[-43,-121],[-1,205],[-8,163],[-6,169],[12,9],[-15,492]],[[30177,50253],[8,84],[0,107],[-5,45],[12,59],[19,-77],[17,-26],[8,55],[-8,74],[-18,86],[8,137],[12,86],[15,44],[11,72]],[[30739,52387],[-1,-436],[-2,-919],[-36,-44],[2,-153],[-4,-132],[30,28],[23,-547],[-30,-29],[7,-157],[-139,-132]],[[30589,49866],[-40,-38],[-4,-55],[-30,-26],[-9,169],[-14,330],[1,37],[-22,478],[14,46],[8,116],[-6,56],[-17,68],[-7,76],[5,67],[17,16],[11,148],[12,19],[-10,228],[-13,-13],[-1,796],[4,0],[-1,343]],[[18872,34474],[77,-2],[107,5]],[[19056,34477],[0,-759],[0,-837],[0,-708],[0,-929],[0,-669],[0,-611],[0,-711]],[[19056,29253],[-10,79],[-10,-18],[-7,-54],[-14,67],[-20,42],[-11,68],[-22,67],[-14,-20],[-19,48],[-13,81],[-16,-46],[-17,22],[-15,-86],[-23,53],[0,61],[-13,33]],[[18336,31664],[0,520],[7,177],[-7,39],[5,91],[-10,150],[11,114],[25,-17],[8,118],[16,26],[37,137],[7,-13],[22,42],[39,107],[10,69],[12,-8],[15,95],[-5,125],[6,55],[-9,82],[10,128],[-5,149],[8,119],[-3,88],[6,48],[8,167],[12,108],[-3,92]],[[18849,28750],[17,-30],[-4,-94],[12,-30],[-2,-66],[11,-115],[-4,-141],[14,-57],[6,-74],[16,-115],[13,24],[16,83],[32,-403]],[[18976,27732],[-151,0],[-1,-497],[-139,-1],[-19,94],[-11,21],[-4,-616],[0,-830]],[[18651,25903],[-145,-3],[-170,0]],[[18336,25900],[1,500],[0,834],[-1,329]],[[18336,27563],[1,1186]],[[19056,29253],[0,-502],[100,0],[109,0],[0,-807]],[[19140,27215],[-15,-16],[-25,-100],[-11,16],[-14,-103],[-12,-36],[-1,-80],[-15,-81],[-45,505],[-8,175],[-18,237]],[[17976,27670],[1,44],[18,144],[10,39],[-5,74],[5,38],[-3,71],[3,71],[8,22],[-3,135],[-7,153],[8,38],[-9,111],[27,184],[1,109]],[[18030,28903],[5,53],[25,55],[11,65],[9,6],[24,145],[10,24],[-2,78]],[[18112,29329],[19,-24],[10,-59],[29,-19],[22,3],[4,-53],[30,32],[7,-58],[30,44],[16,140],[39,-13],[8,-15],[11,50]],[[18336,27563],[-173,1],[0,165],[-87,0],[0,-828],[-69,-4]],[[19140,25917],[-110,0],[-87,-5],[0,-18],[-115,-1],[0,10],[-177,0]],[[15195,55219],[48,4],[142,-3],[117,-1],[0,-27],[156,0],[0,378],[6,1]],[[15664,55571],[17,-51],[-6,130],[29,69],[9,-50],[-14,-56],[14,-109],[5,116],[9,23],[8,-164],[-13,-56],[12,-55],[1,-77],[10,-96],[-31,-122],[-1,-70],[-8,-81],[-10,-18],[7,169],[-18,-46],[-8,-93],[1,-79],[-7,-85],[-22,-74]],[[15648,54696],[-107,2],[-39,-6],[0,-165]],[[15266,54557],[-3,93],[-18,312],[-11,42],[-8,104],[-31,111]],[[26809,36712],[20,32],[16,99]],[[26845,36843],[9,-18],[18,52],[23,8],[3,-36]],[[26928,36274],[-11,33],[-12,-17],[-5,-121],[-4,-21]],[[23788,49684],[0,157],[23,171],[10,16],[-3,67],[16,27],[22,74]],[[23856,50196],[3,-2]],[[23859,50194],[56,-194],[9,-77],[-1,-130],[15,1]],[[23938,49794],[6,0],[2,-242],[6,-39]],[[23952,49513],[-9,-93],[-11,-54],[-22,-39]],[[23910,49327],[-31,42],[-22,-17]],[[23857,49352],[0,167],[-69,-1],[0,166]],[[23233,51175],[173,-2]],[[23406,51173],[-1,-332],[3,-329]],[[23408,50512],[-35,1]],[[23373,50513],[-137,-1]],[[23236,50512],[0,330],[-3,0],[0,333]],[[23504,53166],[35,-1],[-1,330],[0,660],[-2,166]],[[23536,54321],[71,4],[0,63]],[[23607,54388],[25,-56],[58,124],[11,-23],[14,-114],[1,-108],[14,-27],[11,-62],[19,30],[16,-34],[7,-53],[-7,-82],[10,-41],[0,-345]],[[23786,53597],[-1,-433]],[[23785,53164],[-157,5],[-1,-332],[4,-1],[1,-651],[-4,-23]],[[23628,52162],[-5,43],[-20,61],[-29,-56],[-33,87]],[[23541,52297],[-22,38]],[[23519,52335],[-13,49],[0,449],[-2,333]],[[23375,49518],[137,2]],[[23512,49520],[71,0]],[[23583,49520],[1,-334]],[[23584,49186],[-36,-1],[0,-332],[1,-165]],[[23549,48688],[-43,2]],[[23344,49151],[-13,61],[-21,42]],[[24550,55806],[15,59],[26,50],[13,-12],[2,-125],[19,-144],[34,10],[18,33],[5,-48],[49,-5],[21,23],[49,12],[30,-51],[8,-108],[27,-77],[26,50],[20,15],[32,-48],[-22,-106],[-27,-95],[-36,-56],[-14,-60],[-52,-72],[-51,-91],[-13,-8],[-41,-72],[-54,-143],[-37,-129],[-45,-182]],[[22929,54491],[218,0]],[[23147,53829],[-35,-1]],[[22932,53826],[4,45],[-2,123]],[[23140,49021],[136,-1],[3,-167]],[[23279,48192],[-131,1]],[[23148,48193],[-4,1]],[[23144,48194],[-1,661],[-3,166]],[[23710,50532],[25,-86],[13,5],[12,-78],[18,-54],[19,-21],[43,-15],[16,-87]],[[23788,49684],[-68,1]],[[23720,49685],[-68,2]],[[23652,49687],[0,432],[-2,148]],[[23650,50267],[3,47],[18,18],[8,-27],[17,75],[14,152]],[[22842,56481],[0,2]],[[22842,56483],[70,-1],[146,2]],[[23058,56484],[42,2],[177,-12]],[[23277,56474],[2,-331],[0,-367]],[[23279,55776],[-143,-2],[-110,4]],[[23026,55778],[-180,-1]],[[22846,55777],[2,39]],[[22824,57354],[82,-1],[147,0]],[[23053,57353],[0,-539],[5,0],[0,-330]],[[22842,56483],[5,104],[9,61],[3,97],[-11,107],[-14,300],[-12,101],[2,101]],[[23088,52835],[0,-664],[4,0],[0,-331]],[[23092,51840],[0,-166]],[[23092,51674],[-87,0]],[[23005,51674],[6,119],[-10,192],[-2,275],[-19,87],[-14,125],[-9,209],[1,49],[-11,105]],[[19848,54399],[0,-94],[-15,-91],[5,-64],[-7,-134],[11,-123],[-4,-145],[17,-238],[-6,-22],[-10,-149],[14,-83]],[[19871,53074],[-121,-3],[-33,-9],[-70,0]],[[19647,53062],[0,166],[5,0],[1,499],[-36,0],[5,162],[0,166],[36,0],[0,69],[71,3],[6,13],[0,512]],[[22412,46864],[107,-1]],[[22519,46863],[58,-1]],[[22577,46862],[1,-575]],[[22578,46287],[-159,337],[-7,-6],[0,246]],[[22019,21677],[-163,-4]],[[21856,21673],[-72,-1]],[[21907,27602],[147,-1]],[[22054,27601],[1,-833]],[[22055,26768],[-44,-1]],[[22011,26767],[-104,6]],[[21907,26773],[0,829]],[[26515,36744],[-3,-32],[-25,-115]],[[26741,37339],[32,-74],[24,-136],[15,10],[27,-48]],[[26839,37091],[12,-22],[-6,-226]],[[25450,35195],[-3,-55]],[[25484,34756],[-9,-244],[-6,-37]],[[25469,34475],[-9,-52],[-26,-46],[-5,18]],[[25429,34395],[-27,205],[-19,204],[-15,10]],[[21494,49799],[0,828]],[[21494,50627],[148,0]],[[21735,49244],[-8,-51],[-20,-57],[-26,0],[-14,-71],[-18,-29],[-14,-97],[-10,-37],[-14,19],[-28,-13],[-9,16],[-19,-82],[-14,-25],[-16,29],[-15,-10],[-16,-41]],[[21494,48795],[0,1004]],[[17129,30319],[10,-1],[0,525],[0,890],[-1,166],[5,57],[-5,55],[1,167]],[[17974,30661],[1,-259],[12,-58],[10,-131],[22,-103],[10,-222],[16,-127],[-2,-137],[12,-13],[22,-95],[11,-68],[14,-31],[10,-88]],[[18030,28903],[-110,-1],[-136,-3],[0,-83],[-186,1],[-88,-4],[-88,0],[-87,3],[0,-56],[-83,-1],[0,27],[-42,1],[1,28],[-51,-1],[-1,-86],[-14,-32],[0,-88],[-13,0],[-4,-103]],[[17128,28505],[-31,143]],[[23772,28007],[14,-213],[14,-31]],[[23800,27763],[-3,-117],[10,-91],[-3,-59],[7,-116],[-5,-68],[-20,-152],[-21,-39],[-3,-103],[15,-137]],[[23775,26881],[-64,-1]],[[15827,38140],[141,1]],[[15968,38141],[8,-19],[-2,-73],[23,-33],[2,-106],[18,-92],[14,49],[2,-86]],[[16033,37781],[-9,-88],[21,-155],[15,-42],[-2,-76],[-13,-94],[14,-47],[1,-63],[-5,-152],[-20,-89]],[[27188,16636],[117,-7]],[[27305,16629],[1,-80],[-18,-111],[0,-102],[6,-13],[12,-93],[7,-93],[13,-5],[10,-49],[1,-97],[9,-24],[1,-82],[15,-85]],[[27362,15795],[-6,10],[-58,-3],[0,-167],[-28,-1],[1,-169],[-83,2]],[[27188,15467],[0,585]],[[27188,16052],[0,584]],[[26198,21504],[18,167],[1,94],[9,94],[-5,66],[10,99],[2,100],[16,155]],[[26249,22279],[14,-1],[0,-138],[19,0],[9,-28],[1,-112],[18,1],[0,-82],[10,-56],[9,1]],[[26310,21695],[3,-92],[10,-132],[0,-109],[11,-115],[10,-67],[13,-36]],[[26357,21144],[-129,6],[-5,-81]],[[26223,21069],[-7,57],[-17,41],[-6,39],[-4,128],[3,101],[6,69]],[[27820,40269],[11,91],[24,76],[2,63],[11,62],[19,174]],[[27887,40735],[35,0],[11,-66],[12,-10],[52,-4]],[[27997,40655],[-22,-331],[-7,-24],[2,-445],[-14,-192]],[[27956,39663],[-34,0]],[[27793,39660],[-2,65],[9,124],[-14,64],[5,89],[29,267]],[[29992,44038],[33,3],[0,-64]],[[30025,43977],[0,-175],[12,9],[-3,-143],[9,-90]],[[30043,43578],[-11,-59]],[[30032,43519],[-8,26]],[[30024,43545],[-15,2],[-5,-52],[-93,-14]],[[29911,43481],[-3,540]],[[26828,29912],[3,18]],[[26831,29930],[1,9]],[[26832,29939],[15,94],[84,279]],[[26979,29673],[-54,-240],[-65,-278]],[[26851,29301],[-6,97],[-11,51],[-6,148],[-13,82],[-25,-15]],[[26790,29664],[38,248]],[[27510,29923],[-7,86],[-16,88],[-7,118],[-13,94]],[[28474,41389],[2,20]],[[28476,41409],[17,95],[6,65],[2,166],[14,138]],[[28515,41873],[-14,59],[-9,112],[7,192],[-7,41],[-4,87]],[[28488,42364],[4,34],[26,36],[16,-8]],[[28534,42426],[-1,-154],[-11,-158],[-5,-117],[37,40],[16,-49],[21,-114]],[[28591,41874],[8,-54],[-1,-56],[26,17],[8,-111]],[[28632,41670],[-89,-224]],[[27342,28522],[7,-60],[29,-63],[21,-79],[16,3],[6,-27],[20,0],[10,-35]],[[27451,28261],[8,-111],[16,-79]],[[27485,27909],[-15,13],[-30,-180],[-10,97],[-31,157],[-21,29],[-11,-27],[-12,38],[-22,156]],[[27333,28192],[24,59],[-1,78],[-24,20],[2,155],[8,18]],[[23451,20510],[2,8]],[[23418,21442],[18,-332],[12,-39],[-3,-101],[5,-68]],[[23464,20501],[-4,46],[-15,21],[0,-80]],[[23444,20481],[-1,-80]],[[23444,20396],[0,-74]],[[23443,20318],[-3,-54]],[[23440,20264],[-15,14],[-8,-73],[-16,-39],[-17,111]],[[23384,20277],[-10,-4],[-2,74],[-20,12],[-4,-26],[-22,-10]],[[23214,20719],[-37,716],[34,-153],[10,13]],[[21986,25094],[23,0]],[[22009,25094],[122,-1]],[[22129,24130],[-109,6]],[[22020,24136],[-34,14],[0,201]],[[22953,18115],[0,-7]],[[22953,18108],[0,7]],[[22940,17730],[3,106]],[[22943,17836],[4,-89],[-7,-17]],[[23060,18055],[-18,-140],[-32,-102],[-20,-79],[-34,-155],[-28,-154]],[[22928,17425],[7,101]],[[22935,17526],[2,95]],[[22937,17621],[1,9]],[[22938,17630],[9,41],[24,24],[12,84],[21,105],[39,79],[-3,145],[-17,-68],[-20,-62],[-11,-66],[-17,-3],[-6,66],[0,106],[-12,9],[-10,71]],[[22947,18161],[-8,-31],[-21,147]],[[22918,18277],[-4,114],[-7,37],[21,93],[36,66],[23,80]],[[22802,18957],[92,458]],[[22894,19415],[10,-78]],[[22918,18277],[-10,-36],[-16,21],[-12,63],[-38,40]],[[22842,18365],[-6,109],[7,315],[-9,71],[-4,80],[-14,-13],[-14,30]],[[28583,36427],[21,-20],[6,-54],[32,-76],[30,-108],[-8,-139],[-11,8],[-1,-155],[-6,-105]],[[28646,35778],[-13,52],[4,101],[-11,28],[-5,81],[-13,-1],[-11,31]],[[28597,36070],[-12,58],[-2,119],[-22,67]],[[19085,35503],[12,57],[1,58],[28,92],[4,103],[11,63],[-8,122],[10,12],[10,86],[0,53],[11,23],[28,14],[13,-13],[4,103],[18,112],[13,-20],[21,212],[14,16],[10,71]],[[19285,36667],[11,96],[-8,42],[3,90],[-11,34],[-6,99],[-18,84],[8,59],[-4,59],[5,65],[-7,36]],[[19527,37331],[0,-428],[5,-233]],[[19265,34467],[-131,0],[-8,12],[-70,-2]],[[18903,38346],[0,830],[15,0],[0,452]],[[19258,37331],[-225,0],[-131,0],[0,20]],[[18902,37351],[1,309],[0,686]],[[18575,36659],[9,5]],[[18584,36664],[107,-2],[61,4]],[[18752,36666],[119,-2],[164,4],[250,-1]],[[18518,35508],[-2,499],[31,-2],[0,148],[31,16],[-3,166],[0,324]],[[15812,55021],[112,-3],[114,3],[36,7],[93,-1]],[[16167,55027],[12,-78],[-3,-69],[-11,-51],[4,-151]],[[16169,54678],[-16,-13],[-32,-140],[-5,-59],[-21,-60],[-13,-65],[-4,-87],[2,-154],[26,-24],[12,-253],[-19,-13],[-12,-45],[8,-59]],[[16095,53706],[-21,4],[-10,52],[-26,4],[-13,66],[-15,-7],[-31,45],[-12,-58],[-58,54],[-13,45],[-14,119],[-53,1],[-23,119]],[[15806,54150],[26,54],[-1,75],[-12,136],[2,42],[-10,69],[-6,112],[21,63],[-24,95],[16,134],[-6,91]],[[15775,54224],[4,171],[15,73],[9,-162],[-7,-112],[-19,-19],[-2,49]],[[15721,56841],[5,23],[24,-139],[-5,-36],[-24,152]],[[16242,57354],[-9,-61],[18,-52],[14,25],[1,-149],[8,-23],[0,-148],[16,-131],[-20,-116]],[[16270,56699],[-44,0],[0,-31],[-217,5],[-223,4]],[[15786,56677],[-1,185],[-12,64],[-20,-25],[-11,-86],[-8,37],[8,91],[-17,33],[-4,96],[-18,62],[11,87],[-20,48],[17,89],[184,-1],[96,-9],[113,7],[138,-1]],[[16095,53706],[19,-20],[15,10],[47,-174],[17,-152],[109,2],[1,-165],[35,-2],[-1,-165],[150,-2]],[[16487,53038],[7,-117],[20,-90]],[[16517,51710],[-212,1],[-250,5]],[[16055,51716],[0,657]],[[16055,52373],[35,0],[3,43],[-18,235],[18,194],[-8,76],[11,21],[2,75],[-18,30],[-6,80]],[[16074,53127],[-12,151],[0,87],[13,49],[1,88],[11,35],[9,111],[-1,58]],[[16169,54678],[11,-88],[22,-62],[18,-116],[2,-46],[39,-65],[33,-107],[24,-11],[6,-59],[12,26],[35,-113],[82,2]],[[16453,54039],[5,-67],[19,-13]],[[16477,53959],[2,-179],[-12,-101],[9,-65],[3,-87],[10,-96],[0,-161],[10,-79],[-12,-153]],[[15865,53088],[7,-15],[48,-5],[48,-44],[21,103],[85,0]],[[16055,52373],[-130,1],[-70,-7]],[[15583,52368],[-39,-3]],[[15544,52365],[-1,340],[-3,438]],[[15544,52365],[-103,1],[0,-181]],[[15441,52185],[-19,-10],[-23,-85],[-9,11],[-21,121],[-10,13],[-16,-76],[6,211],[0,203],[-3,206],[12,-36],[-2,-164],[5,-224],[17,0],[-5,115],[-7,57],[28,86],[0,69],[-18,121],[12,124],[23,75],[-12,24],[-29,-12],[-5,-35],[-27,76],[-1,92]],[[27523,36808],[2,228],[7,-18],[23,101]],[[27555,37119],[36,163],[24,-29],[47,175],[9,166],[15,195],[11,-53],[11,-88],[11,44],[9,-48]],[[27728,37644],[2,-79],[-9,-59]],[[27635,36499],[-41,-15],[-18,-37],[-26,20],[-28,129],[1,212]],[[27121,35730],[28,78],[-16,93],[43,74]],[[27176,35975],[12,-40],[14,45]],[[27202,35980],[14,-10],[10,-70],[29,-290],[5,-97],[23,-69]],[[27283,35444],[-10,-22],[-13,-93],[-2,-49]],[[27258,35280],[-35,53],[-8,62],[-9,-21],[-29,42],[-14,53],[-21,-55],[-25,23],[-10,81]],[[27107,35518],[16,157],[-2,55]],[[27239,36319],[9,14],[13,-82],[2,-84],[62,-26],[5,-80],[21,-1],[9,-27]],[[27360,36033],[14,-100],[-3,-130],[-20,31],[-3,-55],[-22,-86],[1,-57],[-8,-43]],[[27319,35593],[-12,18],[-17,-43],[-7,-124]],[[27202,35980],[-2,57],[-11,38],[2,101],[-5,64],[9,82],[9,33],[14,-1]],[[27281,36881],[89,288],[26,121],[-18,55]],[[27442,37382],[-7,-44],[10,-151],[-6,-23],[15,-102],[48,-174]],[[27502,36888],[-20,-98],[-57,-261],[-47,46]],[[27378,36575],[-19,123],[2,49],[-11,55],[-29,-35],[-13,59],[-17,-9],[-11,63]],[[27886,37830],[-21,99]],[[27865,37929],[24,219],[-10,137],[-2,73],[15,154],[0,51],[16,175]],[[24708,53544],[4,121],[15,22],[-2,-99],[-17,-44]],[[24655,53391],[5,38],[30,50],[1,-68],[-32,-50],[-4,30]],[[24624,53438],[14,22],[8,-78],[-14,-8],[-8,64]],[[24617,53129],[16,29],[33,142],[13,-47],[-29,-57],[4,-59],[-16,-7],[-15,-62],[-6,61]],[[24579,52749],[37,75],[28,75],[40,-153]],[[24684,52746],[1,-486],[-1,-168],[35,-1],[0,-165],[34,2],[0,-331]],[[24753,51597],[-104,0]],[[24649,51597],[-69,-1],[0,331]],[[24580,51927],[0,663],[-1,159]],[[16981,57354],[214,0]],[[17195,57354],[0,-147],[-19,0],[0,-165],[-18,0],[0,-179],[-18,-1],[0,-165],[36,0],[0,-797],[-1,-197],[18,0],[0,-167]],[[17193,55536],[-27,1],[0,-483],[-12,-2],[-14,78],[-19,42],[-16,-56],[-19,-2]],[[17086,55114],[-16,42],[-16,-47],[-15,22],[-6,-55],[-18,-11],[-11,62],[-8,99],[-15,84],[-15,27],[-25,-92]],[[16941,55245],[-2,147],[-14,98],[11,50],[24,-16],[11,47],[-2,134],[14,44],[-1,102],[16,105],[-10,99],[-8,172],[-1,116],[8,89],[8,9],[6,159],[6,92],[-8,199],[-22,249],[-2,93],[6,121]],[[16200,56011],[-19,45],[8,54],[-6,109],[7,51],[-7,54],[8,67],[23,8],[26,92],[9,-3],[11,-75],[24,47]],[[16284,56460],[12,-46],[2,-209],[23,-43],[-4,-107],[21,-17],[11,-79],[21,-50],[13,-81],[-4,-81],[38,-139],[22,-38],[-1,-53],[18,-50],[10,-96],[49,0]],[[16515,55371],[3,-35],[-15,-78],[-1,-74],[-12,-32],[-9,-119],[-28,-38],[-10,25],[-17,-32],[-9,-69],[7,-79],[-11,-96],[1,-65],[-16,-113],[-7,-154],[8,-123],[44,-51],[13,-62],[-3,-137]],[[16167,55027],[14,89],[-18,31],[-13,106],[5,106],[13,82],[-10,81],[10,35],[28,32],[18,81],[-4,44],[16,43],[-3,46],[-26,174],[3,34]],[[27205,38128],[15,45],[29,-87],[18,36]],[[27267,38122],[16,-136],[-1,-98],[15,-99],[2,-151],[23,-93]],[[27322,37545],[-14,-88],[-17,-73]],[[27200,37546],[-7,114],[7,291],[-2,128],[7,49]],[[27013,36330],[8,-119],[9,-22],[5,-93],[-9,-27],[13,-97],[5,-166],[11,3],[5,-64],[33,-10],[19,18],[9,-23]],[[27107,35518],[-20,-70]],[[26974,35884],[5,47],[-24,107],[-4,64]],[[28229,39227],[9,-9],[2,-81],[10,-45],[-1,-171],[10,-24]],[[28259,38897],[-8,-50],[-22,-310]],[[28229,38537],[-57,252]],[[28172,38789],[4,55],[21,167],[26,128],[6,88]],[[25362,51483],[11,-110],[-16,-78],[12,-71],[9,-10]],[[25276,51103],[-70,1],[1,492],[-3,64]],[[16973,52764],[-4,-64],[0,-505],[35,1],[0,-167],[35,0],[-2,-395]],[[17037,51634],[-139,0],[-137,-2]],[[27502,36888],[21,-80]],[[27541,35790],[-25,2],[-4,41],[-13,-53],[-17,9],[-43,77]],[[27439,35866],[-2,60],[-23,139],[-15,63]],[[27399,36128],[16,-7],[-17,160],[11,68],[-14,153],[-13,-13],[-4,86]],[[27677,38724],[34,78],[50,-105],[5,-41]],[[27766,38656],[54,6],[-10,-95],[-5,-104],[10,-44],[1,-77],[-13,-125]],[[27803,38217],[-15,18],[-28,2],[-77,119],[3,75],[-14,74]],[[27672,38505],[-3,23],[8,196]],[[26667,23698],[17,97],[1,122],[8,21]],[[26693,23938],[54,-7]],[[26747,23931],[2,-99]],[[26749,23832],[8,-100],[15,-82],[6,-96],[-4,-81],[1,-93]],[[26775,23380],[2,-70],[-35,1],[-1,-162],[-8,-71]],[[26733,23078],[-27,4]],[[26706,23082],[4,69],[-12,66],[5,132],[-8,46],[-1,101],[-14,31],[-13,80],[0,91]],[[26508,30633],[19,0]],[[26527,30633],[-3,-31],[9,-84],[16,-54],[14,-4],[7,-198]],[[26549,30128],[-23,35],[-12,-47],[-3,-72],[-12,-69],[-25,42],[-9,-30]],[[26465,29987],[15,151],[3,141],[-13,10],[-2,71],[11,82],[-18,97],[0,41],[12,53]],[[26440,27204],[7,-18],[28,-2],[0,46]],[[26475,27230],[23,0]],[[26498,27230],[-1,-486],[-3,-31],[-19,1]],[[26475,26714],[0,110],[-41,2]],[[26434,26826],[6,93],[0,285]],[[17467,52832],[35,-2],[0,585]],[[17502,53415],[193,-3],[189,-1]],[[17963,53038],[14,-48],[-3,-100],[11,-49]],[[17985,52841],[-69,-72],[-219,-233],[-6,-100],[-23,-110],[-4,-128],[-18,-57],[-25,46],[-15,-3],[-12,32],[-11,78],[-11,29],[-26,18]],[[17546,52341],[-7,79],[-31,0],[-17,103]],[[17550,48770],[-8,166],[8,223],[-14,122],[3,186],[10,71],[1,77],[12,65],[-6,47],[13,120],[-14,28],[-2,56]],[[17553,49931],[9,99],[11,-9],[30,93],[18,-14],[95,0],[242,2]],[[17790,48466],[-15,19],[-1,-87],[-29,-116],[-18,-14],[-162,2],[-5,-128],[2,-41],[-28,7]],[[17534,48108],[0,329],[17,1],[-1,332]],[[17546,52341],[12,-139],[32,-139],[-12,-30],[-22,10],[-28,-106],[-27,47],[-34,15],[-7,-94],[-10,-27],[0,-173],[-4,-71],[-14,53],[-19,4],[-3,-74],[-12,9]],[[26314,26547],[36,1],[18,70]],[[26368,26618],[14,-99],[12,9],[6,-91],[29,-75]],[[26429,26362],[-14,-51],[-10,-158],[-10,-52],[0,-93],[-10,1]],[[26385,26009],[-13,-1],[-3,-38],[-37,-13]],[[26332,25957],[-16,-31]],[[26316,26050],[0,468],[-2,29]],[[17875,47549],[57,-107],[23,6],[11,-276],[-5,-129],[26,-65],[-2,-53],[9,-62],[12,-10],[2,-68],[-10,-42],[6,-71],[-2,-124],[29,1],[10,-15],[0,-131],[5,-110]],[[18046,46293],[-61,-3]],[[17985,46290],[-137,0]],[[17848,46290],[1,775],[14,33],[0,106],[7,37],[-10,93],[7,147],[8,68]],[[18972,48731],[1,-8],[0,-866],[1,-70]],[[18974,47787],[-19,-28],[-25,-65],[-9,27],[-19,-56],[-14,55],[-12,-48]],[[18876,47672],[-11,-20],[-18,32],[-16,-88],[-39,1],[0,27],[-39,2],[0,54],[-38,0]],[[18715,47680],[0,83],[-50,1],[0,165]],[[17375,49875],[15,118],[12,243]],[[17402,50236],[96,1],[12,-159],[4,-107],[-5,-38],[44,-2]],[[17550,48770],[-17,19],[-5,-84],[-18,-38]],[[17510,48667],[-30,-1],[-34,90],[0,236],[-20,0],[-6,97],[0,330],[-77,3]],[[17343,49422],[13,89],[5,102],[-6,83],[2,73],[18,106]],[[19903,27753],[137,2],[131,-5],[77,1],[28,8]],[[20276,27759],[0,-171],[7,0]],[[20283,27588],[2,-644]],[[20285,26944],[-153,-438],[0,-83],[-114,1],[0,-333]],[[20018,26091],[-86,0]],[[19932,26091],[-35,42],[5,180],[-2,109],[-14,143],[2,110],[-4,79],[-14,21],[-5,57],[-1,119],[4,22],[-8,252],[-38,2]],[[19822,27227],[0,528],[18,-7],[63,5]],[[19531,27242],[140,-2],[26,-13],[125,0]],[[19932,26091],[-88,-2],[0,-166],[-85,-1],[-1,-833],[4,0],[0,-411]],[[19762,24678],[-86,-1],[0,412],[-3,0],[0,833],[-31,0],[0,166],[-57,-1],[-1,332],[-53,1]],[[19531,26420],[0,822]],[[22020,19381],[195,9]],[[22215,19390],[1,-859]],[[22216,18531],[-130,6],[-66,8]],[[22304,22917],[1,992]],[[22305,23909],[27,44]],[[22452,23470],[10,-172],[1,-99],[12,56],[6,-57],[-7,-42],[12,-70]],[[22484,22880],[-84,-2],[-60,2]],[[22340,22880],[-36,1],[0,36]],[[16571,49716],[141,3]],[[16712,49719],[136,2],[44,-3]],[[16968,49646],[6,-158],[-12,-11],[-14,-63],[6,-39],[3,-124],[-23,-7],[-8,-41],[-33,-45],[3,-70],[26,-43],[10,6],[19,-109],[-18,-110],[4,-89],[-5,-48],[-13,-20],[-4,-90],[6,-54],[-15,-74],[-8,-151],[74,1]],[[16972,48307],[1,-412]],[[16973,47895],[-100,1],[0,12],[-64,2],[0,-166],[-234,-3]],[[16575,47741],[0,663]],[[16575,48404],[1,985],[-5,0],[0,327]],[[25440,27137],[1,-260],[33,-20]],[[25474,26857],[-9,-79],[5,-31],[-26,-131],[-2,-76],[5,-58],[-11,-72],[12,-39],[6,-187],[-7,-39],[8,-54],[13,-28],[-18,-60],[-3,-66]],[[25436,25951],[-15,158],[-6,33],[-14,-41],[-21,-33],[-7,50],[7,82],[-9,89],[-13,236],[-13,74],[-7,88],[9,149]],[[5448,88861],[0,496],[-3,330],[176,0],[0,330],[297,0],[0,661],[238,0],[0,-330],[120,0],[0,330],[119,0],[0,-165],[59,0],[0,-165],[119,0],[0,330],[13,0],[0,165],[181,0],[0,330],[181,0],[0,165],[18,0],[0,661],[-44,0],[0,165],[-124,0],[0,495],[16,0],[0,165],[-63,0],[0,165],[-63,0],[0,165],[-63,0],[0,166],[14,0],[0,263]],[[6639,93583],[318,0],[216,0],[244,0],[267,0],[257,0],[180,0],[188,0],[269,0],[237,0],[265,0],[155,0],[0,953],[281,0],[260,0],[278,0],[279,0],[295,-3]],[[10628,94533],[0,-1085],[0,-736],[0,-1962],[0,-1287]],[[10628,89463],[-30,-34],[-63,-210],[-15,-186],[-48,-122],[-18,-12],[-35,-80],[-29,-106],[-36,-11],[-38,60],[-52,-59],[-37,-106],[-24,-23],[-21,34],[-17,-36],[-7,-69],[-20,-38],[10,-55],[-2,-102],[-37,-178],[-47,-13],[-44,-90],[-16,-68],[-35,-60],[-10,-77],[-17,7],[-9,-77],[8,-48],[-7,-138],[19,-43],[-28,-82],[-32,-209],[-29,-41],[-89,68]],[[9773,87259],[-13,79],[23,100],[-21,51],[1,86],[33,225],[-30,66],[3,38],[46,71],[7,62],[-22,53],[-46,-19],[-15,18],[-39,-21],[-2,-41],[-34,-49],[-22,14],[-40,73],[-7,-23],[-53,84],[-23,-2],[-29,-74],[-21,-2],[-18,-53],[-82,-13],[-38,-51],[-5,69],[-29,15],[29,69],[11,72],[-68,117],[-20,-19],[-36,85],[-16,125],[36,84],[6,93],[-34,-8],[-27,93],[-53,-66],[-19,31],[-7,-98],[-16,-73],[-20,-5],[-49,-91],[-30,-21],[-70,9],[-45,-25],[-52,-81],[-16,-43],[-307,0],[0,-661],[4,0],[0,-530],[27,61],[35,-81],[6,-83],[37,-76],[13,-107],[49,-175]],[[8665,86611],[-302,0],[0,28],[-149,0],[-296,0],[-154,-688],[-35,-1],[-31,45],[8,46],[-21,47],[-64,0],[-18,-96],[8,-42],[-63,0],[0,-330],[-48,0],[0,-330],[-180,0],[0,-331],[18,0],[0,-247],[53,0],[0,-83],[53,0],[0,-231],[-158,-869]],[[7285,82700],[-19,0],[0,-165],[-91,0],[0,-165],[-102,0],[0,-166],[-321,0],[-323,0],[-276,0],[0,165],[-159,0],[-250,0],[0,-165],[-204,0],[0,-165],[-80,0],[-274,0]],[[23227,29049],[174,1]],[[23401,29050],[0,-420]],[[23401,28630],[-16,48],[-10,-45],[-1,-84],[-16,-32]],[[23168,29049],[59,0]],[[13276,68670],[8,64],[14,-10],[23,60],[23,-36],[2,-81],[15,-36],[-18,-72],[-24,-40],[-43,151]],[[13215,70428],[21,107],[14,-115],[-35,8]],[[13177,69796],[28,34],[-2,-53],[-22,-44],[-4,63]],[[13080,70003],[31,51],[9,96],[13,-46],[13,26],[-4,101],[12,86],[-21,107],[32,125],[7,54],[-10,58],[20,142],[47,27],[3,69],[35,-131],[46,-33],[-21,213],[13,19],[16,79],[23,49],[12,-42],[29,20],[25,104],[-6,95],[-21,113],[7,90]],[[13390,71475],[85,-75],[44,-190],[44,-46],[11,-193],[50,-86]],[[13624,70885],[-12,-77],[19,-110],[-20,-3],[-26,-102],[28,-107],[-3,-38],[17,-97],[24,-93]],[[13651,70258],[1,-100],[10,-62],[-4,-194],[10,-158],[14,-89],[5,-217],[13,-106],[-36,-171],[-21,-193],[-2,-54],[-24,-170],[-20,-105],[-32,-134],[-30,-107],[-42,-106],[-13,140],[-26,-89],[-21,71],[-6,194],[2,86],[-19,99],[6,163],[-22,74],[-5,132],[29,106],[17,100],[15,25],[-1,134],[-12,118],[13,108],[2,76],[-11,274],[3,34],[-20,153],[-10,41],[-25,170],[-24,99],[-10,80],[32,90],[-9,35],[-27,-94],[-7,-65],[50,-268],[6,-110],[22,-129],[9,-164],[-12,-102],[-1,-198],[5,-129],[-16,-44],[-7,-86],[-3,-126],[-39,-134],[-18,35],[-12,61],[20,90],[12,136],[-7,71],[-20,-28],[11,-94],[-13,-105],[-15,-34],[-50,67],[-17,38],[-15,-55],[-32,-298],[-22,196],[-8,165],[10,200],[21,-77],[6,19],[-26,105],[31,134],[13,129],[-14,93],[6,100],[-9,78],[18,83],[-12,124],[49,-3],[-17,124],[-5,76],[-40,-117],[-11,9],[-33,-37],[41,-76],[-15,-202],[1,-94],[-32,-147],[-1,-82],[-11,-94],[-19,67],[-21,29],[-18,73],[-4,88]],[[25731,36769],[0,84],[32,-2],[0,29]],[[25763,36880],[30,6],[0,-112],[31,-2],[-1,-163]],[[25823,36609],[8,-66],[-5,-69],[-11,-9]],[[25769,36078],[3,99],[-11,35],[-9,-38],[-9,38],[-13,146],[-5,16]],[[25686,50404],[3,114],[33,-18],[-11,-134],[-17,-12],[-8,50]],[[25569,49107],[-101,3]],[[25468,49110],[4,90],[31,218],[31,38],[20,45],[30,298],[16,91],[7,159],[12,-12],[14,55],[10,124],[31,78],[5,-153],[-15,-8],[-3,-76],[-1,-152],[-11,2],[-10,-55],[-4,-102],[-14,-84],[4,-78],[-12,-57],[3,-43],[-16,-46],[-15,-120],[-7,-132],[-9,-83]],[[24502,46719],[149,0]],[[24651,46719],[1,-479]],[[24515,45889],[-5,176]],[[24510,46065],[-1,93],[10,52],[7,84],[17,102],[-20,138],[-20,44],[-1,141]],[[18974,49727],[71,0],[24,-16],[72,3],[11,11],[62,-5],[22,12],[85,-2]],[[19321,49730],[194,7],[6,-12],[128,1]],[[19649,49726],[1,-245],[8,0],[-1,-669],[6,0],[0,-672],[6,0]],[[19669,48140],[0,-170]],[[19669,47970],[-67,1],[0,-169],[-35,-1],[1,-164],[-50,0],[0,-166],[-61,-8]],[[19457,47463],[-15,57],[-4,75],[-17,91],[-35,47],[-21,-61],[-8,-105],[1,-42],[-18,-24],[-16,-57],[-19,48],[9,51],[-16,179],[-21,29],[-10,-28],[-16,111]],[[19251,47834],[-1,238],[-18,0],[0,126],[-9,174],[-16,48],[-5,113],[-19,102],[5,167],[-9,74],[-14,-2],[-4,57],[-82,-1],[0,159],[-107,0]],[[24865,48295],[49,-4]],[[24914,48291],[36,-4]],[[24950,48287],[0,-502]],[[24950,47785],[-1,-648]],[[24949,47137],[-52,-3]],[[24897,47134],[-22,272],[-27,154],[-6,99],[9,20],[-3,100],[-12,56],[-6,159],[14,59],[2,85],[13,-28],[1,126],[5,59]],[[24405,53073],[12,4],[39,69],[9,46],[22,36],[45,47],[16,53],[21,104],[9,-22],[19,58],[20,-55],[11,-78],[-13,-133],[-24,-127],[9,-108],[-16,-70],[-11,-115],[6,-33]],[[24580,51927],[-175,5]],[[24405,51932],[0,769],[0,372]],[[24684,52746],[13,11],[24,-45]],[[24721,52712],[7,-64],[23,13],[13,-68],[13,-4],[27,-271],[0,-43],[53,-71]],[[24857,52204],[0,-606],[-32,0]],[[24825,51598],[-72,-1]],[[22570,29303],[161,-1]],[[22731,29302],[0,-416]],[[22731,28886],[0,-327]],[[22731,28559],[-10,39],[2,61],[-23,75],[-17,-104],[-19,-81],[-9,-70],[-9,-16],[-31,78]],[[22615,28541],[6,46],[3,141],[-7,33],[-14,-22],[-17,16],[-1,75],[-10,82],[8,71],[-13,38]],[[22570,29021],[0,282]],[[22230,30880],[170,-1],[36,-35]],[[22436,30844],[0,-463]],[[22436,30381],[-58,1],[0,-498]],[[22378,29884],[-48,0],[0,83],[-29,0]],[[22301,29967],[2,59],[12,62],[-27,2],[-3,75],[4,160],[-10,65],[-18,-72]],[[22261,30318],[-16,68],[2,127],[-14,112],[6,68],[-14,139],[-9,44]],[[22216,30876],[14,4]],[[28088,39498],[18,-33],[4,40],[23,106],[26,-51],[16,-94]],[[28175,39466],[-21,-71],[-12,22],[-9,-132],[-8,-158],[-8,-96]],[[28050,39270],[15,63],[-11,47],[10,95],[24,23]],[[27397,38493],[24,-26]],[[27421,38467],[3,-166],[31,-199]],[[27349,37747],[-3,56],[-12,29],[-4,54],[14,105],[-3,147],[3,72],[-8,93]],[[21988,36380],[0,-166]],[[21988,36214],[4,-166],[-1,-671]],[[21991,35377],[-121,-1]],[[21870,35376],[0,499]],[[21870,35875],[-4,176],[0,332],[122,-3]],[[27384,35288],[18,189],[38,357],[-1,32]],[[27562,35668],[-11,-61],[-19,-60],[8,-107],[-48,-161]],[[27492,35279],[-11,110],[-11,-15],[-43,-151],[-18,-42],[-4,42],[-21,65]],[[22899,39365],[42,0]],[[22941,39365],[63,0]],[[23004,39365],[-2,-39],[-16,-52],[-6,-83],[-15,-60],[1,-97],[22,-191],[38,-239],[12,43],[19,-33]],[[23057,38614],[0,-247],[-31,1]],[[23026,38368],[0,55],[-57,1],[-10,28],[-30,1],[0,249],[-31,2]],[[22898,38704],[1,661]],[[27826,38911],[39,-30],[43,-143]],[[27865,37929],[-60,275]],[[27805,38204],[-2,13]],[[27766,38656],[1,21]],[[21754,35210],[116,0]],[[21870,35210],[5,0],[0,-739]],[[21875,34471],[-87,-4]],[[21788,34467],[-34,0]],[[21754,34467],[0,743]],[[22941,46072],[98,-1]],[[23039,46071],[-15,-64],[5,-76],[-8,-62],[5,-34],[-10,-97]],[[23016,45738],[-3,-130],[-8,-25],[-17,-172],[2,-60],[16,-44],[16,-100],[8,-108],[-3,-24]],[[23027,45075],[6,-9],[0,-127],[9,2]],[[23042,44941],[-16,-15],[-16,71],[-12,-30],[-8,38]],[[22990,45005],[-2,53],[-20,107],[6,86],[-32,36],[-1,61]],[[22941,45348],[0,724]],[[18636,41658],[31,147],[39,144],[14,0],[-4,-86],[7,-104],[21,-1],[37,75]],[[18781,41833],[18,-11],[9,-107]],[[18821,41292],[-12,-18],[-10,-66],[-20,-20],[-25,-91],[-11,4],[-16,-83],[-15,-31],[-10,41],[-22,13],[-20,41]],[[18660,41082],[-4,90],[3,171],[-6,41],[-3,172],[-14,102]],[[18138,40414],[0,537],[1,1147]],[[18139,42098],[274,0],[72,0],[86,147]],[[18571,42245],[65,-587]],[[18660,41082],[-11,-15],[5,-72],[-1,-74],[6,-89],[-6,-43],[5,-155],[8,-38],[1,-65],[-8,-90],[7,-45],[-9,-92],[1,-90]],[[18658,40214],[-13,-47],[-12,-92],[-20,5],[0,-71],[-127,-1],[-126,3],[-126,0],[-96,1]],[[18138,40012],[0,402]],[[19017,40000],[9,0],[0,-165]],[[18918,39835],[-110,0]],[[18808,39835],[-32,-1],[5,98],[-25,158],[-11,-77],[-12,-23],[-17,-167],[-17,-49],[-16,2],[6,87],[-4,71],[6,76],[-12,46],[-2,86],[-19,72]],[[18664,44002],[14,-1]],[[18845,44004],[10,-136],[-10,-144],[13,-68],[6,-154],[6,-27],[-2,-84],[7,-45],[-8,-65],[-4,-169],[-16,-128],[-3,-79]],[[18844,42905],[-43,11],[-11,-30],[-6,-71],[-11,-11],[-8,42],[-20,12],[-5,53]],[[18740,42911],[-8,83],[0,118],[-8,41],[-11,-36],[-7,111],[-3,134],[-9,71],[6,204],[-16,184],[-10,47],[-10,134]],[[18571,42245],[71,495],[58,0],[18,55],[-2,104],[15,-14],[9,26]],[[18844,42905],[10,-74],[15,-44]],[[18869,42787],[-7,-87],[-5,-109],[-17,-56],[-20,18],[-4,-54],[-13,-47],[-13,-4],[-19,66],[-23,-39],[-6,-53],[6,-58]],[[18748,42364],[-26,-2],[-6,27],[-60,1],[-85,-145]],[[18139,43994],[39,-11],[105,8],[146,11]],[[18429,44002],[227,5],[8,-5]],[[18139,42098],[1,938],[0,750],[-1,208]],[[29632,47746],[2,-63],[54,-97],[36,-75],[34,-55],[37,-74]],[[29761,47056],[-12,-39],[-8,-126],[5,-38],[-9,-249],[5,-95],[-10,-153]],[[29732,46356],[-32,6],[-39,-26],[-37,63]],[[29624,46399],[0,84],[-13,3]],[[29611,46486],[0,88],[11,63],[19,-50],[9,219],[-17,60],[8,166],[16,182],[-33,65],[0,56],[10,111],[-3,48],[-22,19],[-24,-25]],[[29585,47488],[2,92],[21,53],[3,-78],[21,191]],[[18869,42787],[11,25],[25,-84],[9,-64],[-5,-99],[13,-50],[2,-52],[-11,-90]],[[18781,41833],[-8,27],[-7,101],[5,60],[-18,137],[-5,206]],[[21860,37713],[123,-4]],[[21983,37709],[0,-831]],[[21983,36878],[-122,4]],[[21861,36882],[-1,831]],[[25474,26857],[82,-7]],[[25556,26850],[0,-246]],[[25556,26604],[0,-83],[-14,0],[-1,-334],[-14,0],[0,-331]],[[25068,34601],[17,97],[5,71],[18,105],[15,35],[12,-9]],[[25135,34900],[32,-517]],[[25167,34383],[-28,-25],[-20,-41],[-9,18],[-14,-25],[-8,54]],[[25088,34364],[-9,73]],[[25839,34044],[40,185],[10,75],[16,41]],[[25905,34345],[25,-151],[13,-172],[8,-11],[7,-69]],[[25958,33942],[8,-116],[-7,-63]],[[25959,33763],[-64,21]],[[25837,33805],[2,239]],[[22897,22186],[96,331]],[[23008,22450],[-9,-108],[25,-22],[11,-39],[14,-117],[17,-61],[10,-105],[11,-61],[-5,-91]],[[23082,21846],[-21,-44],[-12,-6],[-21,-55],[-41,-52]],[[24685,23697],[80,1]],[[24765,23698],[0,-667]],[[24765,23031],[-24,0]],[[24685,23029],[0,668]],[[24907,27253],[14,135],[15,0]],[[24936,27388],[54,1]],[[24990,27389],[38,-1],[0,-337]],[[25028,27051],[-1,-338]],[[25027,26713],[-114,-3],[0,-86]],[[24913,26624],[-66,-10]],[[21014,24937],[111,1]],[[21125,24938],[-1,-666]],[[21124,24272],[-79,1]],[[21045,24273],[-20,172],[-20,-2],[-15,102],[-6,179],[-14,-25],[-9,52],[-11,162],[-7,24]],[[23419,43745],[97,-2]],[[23516,43743],[0,-496],[12,0],[0,-187]],[[23528,43060],[-95,1]],[[23433,43061],[0,186],[-14,-1],[0,499]],[[23468,46866],[17,1]],[[23485,46867],[115,0]],[[23600,46867],[0,-469]],[[23600,46398],[-132,0]],[[27004,24771],[32,-52],[1,-42],[16,-70]],[[27053,24607],[-24,-102],[0,-576]],[[27029,23929],[-6,-1],[-20,114]],[[27003,24042],[-4,48],[-21,73],[-9,52],[-16,34],[-32,136]],[[26921,24385],[0,244],[25,-1],[0,244]],[[29320,41710],[35,10]],[[29355,41720],[10,-36]],[[29364,41309],[-6,9],[-40,-72],[-4,26]],[[29314,41272],[23,42],[5,76],[-18,103],[-9,86],[-9,17]],[[29306,41596],[14,114]],[[28379,41514],[38,-31],[33,-1],[9,-73],[17,0]],[[28272,40744],[-8,-50]],[[28264,40694],[-14,219]],[[28250,40913],[39,215],[0,44],[32,129],[0,53],[31,99],[27,61]],[[28153,39662],[27,199],[18,233],[5,98],[16,117]],[[28219,40309],[19,201],[26,184]],[[28328,40085],[4,-427]],[[28329,39658],[-176,4]],[[23465,30768],[0,276],[31,-1],[0,231]],[[23602,31394],[1,-32],[-5,-831]],[[23598,30531],[-2,-391]],[[23596,30140],[-1,-422]],[[23595,29718],[-133,0]],[[23462,29718],[0,331],[-34,0]],[[15885,46751],[13,-33],[18,-116],[6,-153],[5,-31],[-13,-87],[-11,-133],[-7,-141],[-53,-16],[0,-136]],[[15843,45905],[-33,1],[-16,-109],[-28,-1],[-11,-83],[-22,-55],[-16,-83],[-11,11],[-5,-97],[-44,-6],[-16,-44],[-40,7],[-22,-101]],[[15417,45509],[-2,68],[0,328],[16,0],[0,166],[17,7],[-1,326],[-17,0],[1,313],[-15,17],[0,163],[-17,-1],[0,176],[-95,5]],[[15304,47077],[11,298],[6,184]],[[16972,48307],[22,28],[17,111],[1,55],[21,137],[11,27],[106,2],[6,-55],[12,0],[11,-55],[0,-165],[75,2]],[[17254,48394],[14,-81],[18,40],[13,-94],[7,34],[16,-11],[1,-87],[13,-11],[8,-74]],[[17344,48110],[-13,-112],[-10,-16],[2,-70],[10,-53],[-13,-269]],[[17320,47590],[-11,-40],[-1,-340]],[[17308,47210],[0,-697],[0,-553],[0,-763],[0,-1192]],[[17308,44005],[-167,-3],[-160,-3]],[[16981,43999],[1,532],[-5,0],[-1,1218],[-3,0],[0,828],[-1,0],[0,821],[1,497]],[[15602,49192],[1,55]],[[15603,49247],[29,-21],[9,-95],[21,53],[10,55],[27,89],[23,-4],[8,-27],[21,25],[31,-73],[49,17],[11,-11],[16,-105],[8,-4],[17,56],[30,-76],[65,-4]],[[28064,43247],[0,28],[60,2]],[[28124,43277],[43,-272],[17,-1]],[[28184,43004],[0,-205],[-29,-287]],[[28155,42512],[-40,26]],[[28115,42538],[0,177],[-5,0],[0,155],[-46,1],[0,376]],[[26767,26742],[7,74],[-5,80],[4,101]],[[26773,26997],[12,0],[11,55],[23,56],[9,110],[22,80],[8,0]],[[26858,27298],[2,-122],[22,-91]],[[26882,27085],[6,-80],[13,-96],[10,-38],[5,-127],[8,-57],[-3,-182]],[[26921,26505],[-11,-4],[-27,-62],[-6,17],[-25,-53],[-9,78],[-40,-96]],[[6255,3802],[10,168],[6,36],[22,-18],[18,-158],[5,-63],[26,34],[18,60],[22,-22],[21,-134],[10,-11],[6,-67],[28,-53],[6,-44],[1,-99],[-18,-132],[-18,-24],[-7,-42],[-15,20],[-30,-86],[-21,-16],[-18,56],[-3,225],[-3,107],[-13,32],[-9,-39],[-22,63],[-15,102],[-7,105]],[[6254,3061],[7,52],[30,92],[8,-52],[-8,-114],[-31,-24],[-6,46]],[[6154,3775],[7,39],[13,12],[20,-18],[9,-29],[15,-92],[7,-65],[-7,-105],[-17,-61],[-20,-6],[-8,106],[-4,119],[-12,39],[-3,61]],[[6167,4312],[21,-58],[6,29]],[[6194,4283],[14,-14],[17,27],[18,-4],[8,-56],[-7,-57],[-18,-90],[-20,-41],[-62,111],[-15,-23],[-29,-7],[-13,11],[3,94],[11,67],[3,76],[15,-28],[48,-37]],[[18151,45009],[19,17]],[[18170,45026],[15,27],[11,-28],[14,41],[14,-64],[23,26],[9,96],[18,134],[24,24]],[[18298,45282],[27,35],[20,-113],[18,-7]],[[18430,44630],[-1,-628]],[[18139,43994],[-67,0]],[[17875,47723],[-23,-11],[-18,76],[-3,109],[-9,95],[-30,-295],[-24,-22],[-35,-66],[-10,-68],[2,-72],[-24,-68],[-4,-90],[-17,-118],[-15,-48],[-11,3],[-13,-81],[-13,-28],[-16,33],[-12,-32]],[[17600,47040],[-1,-11],[-84,423]],[[17515,47452],[2,0],[1,655],[16,1]],[[17519,46126],[81,2],[1,329],[-1,583]],[[17880,47701],[-7,-45],[2,-107]],[[17848,46290],[0,-541],[14,-5]],[[17862,45470],[-116,0],[0,158],[3,153],[-15,-9],[-9,31],[-21,-10],[-5,35],[-20,-32],[-22,-1],[-6,66],[-47,30],[-4,-79],[-10,5],[-10,67],[-12,5],[-14,88],[-17,28],[-1,85],[-17,36]],[[26693,22337],[9,-4]],[[26583,23102],[45,-7],[0,84]],[[26628,23179],[9,-52],[12,0],[6,-36]],[[26655,23091],[13,-159],[-2,-86],[18,-36],[4,-91],[-16,-16],[-9,-45],[-3,-77],[-7,-15],[12,-130],[6,1],[17,-99]],[[26617,22365],[-36,14]],[[26581,22379],[2,723]],[[27053,24607],[22,-72]],[[27075,24535],[16,-67],[2,-57],[22,-138],[25,-83],[20,-133]],[[27160,24057],[11,-163]],[[27141,23659],[-19,65],[-34,-35],[-33,54]],[[27055,23743],[-4,156],[-10,46],[-12,-16]],[[18691,45955],[2,-60],[-20,-89],[-3,-123],[5,-93],[-7,-77],[2,-75],[9,-100],[13,36],[25,0],[6,-82],[0,-75],[8,-35],[0,-177],[9,-68],[3,-138]],[[18673,44549],[-18,125],[-19,0],[-6,-65],[-14,58],[11,96],[-2,108],[-12,-12],[-22,105]],[[18499,45820],[2,71],[24,63],[166,1]],[[26675,28175],[32,69],[3,52]],[[26784,27738],[-42,-217]],[[26742,27521],[-9,76],[-18,93],[-5,75]],[[26710,27765],[-2,113],[-17,111],[-6,105],[-10,81]],[[27194,26931],[14,-75],[-3,-129],[5,-32],[8,-140],[10,-26],[-2,-90],[6,-82]],[[27192,25870],[-25,82],[-14,26],[-32,172],[-10,25]],[[27111,26175],[-8,61],[28,435]],[[26882,27085],[24,-4],[-3,90],[43,197]],[[26968,27439],[24,-85]],[[26978,26530],[-12,-36],[-14,-3],[3,-73],[-10,-28]],[[26945,26390],[-10,29],[-14,86]],[[25996,29132],[0,-170],[8,27],[21,-259],[0,-40]],[[26025,28690],[-1,-63],[-39,29],[-5,-84],[-19,16],[-8,-95],[-19,-43]],[[25861,28636],[-2,203],[8,100]],[[25684,28480],[8,17],[2,80],[11,47],[34,77],[1,42],[16,75],[0,88],[32,104],[19,221],[19,14]],[[25686,28398],[-2,82]],[[25542,25523],[14,1],[-1,334],[86,9],[10,99],[0,59],[11,51],[-2,45],[8,207]],[[25668,26328],[0,-126],[28,1]],[[25699,25028],[-75,-1],[-3,66],[-13,38],[-8,86],[-16,69],[-12,25],[-3,49],[-27,82]],[[25713,24865],[-14,-1],[0,-250]],[[25699,24614],[-85,-4],[-4,5],[-76,-4]],[[25534,24611],[-33,-4],[-1,83],[-12,10],[-1,220]],[[25734,30642],[129,-2]],[[25863,30640],[2,0]],[[25799,29792],[-8,66],[-10,-7],[-9,-54],[-10,65],[-11,1],[-9,-53],[-10,-9]],[[25732,29801],[2,841]],[[21530,55156],[143,1],[108,1]],[[21781,55158],[107,-2]],[[21888,55156],[0,-331],[-24,-1],[0,-660]],[[21864,54164],[-21,0],[0,-325],[-61,0]],[[21782,53839],[-7,89],[4,88],[-17,71],[-14,18],[-26,-31],[-4,-60],[-17,31]],[[21701,54045],[-25,51],[-4,140],[-11,71],[-11,143],[19,95],[-18,70],[-39,-57],[-18,-11],[-18,19],[-29,-79],[-23,16],[-19,62],[-16,-4],[-5,70],[-34,-14],[-13,18]],[[21437,54635],[-17,95],[1,196],[-8,51],[8,52],[-20,38],[-14,-82]],[[21387,54985],[0,171],[143,0]],[[20924,56655],[184,-1],[139,0]],[[21247,56654],[0,-166]],[[21247,56488],[0,-331],[16,0],[0,-475]],[[21263,55682],[-21,-4],[-19,31],[-33,-19],[-4,36],[-27,-22],[-21,-147],[-28,-63],[-14,21],[-16,-56],[-27,90],[9,46],[-16,69],[-19,16],[-18,-56],[8,-67],[-10,-33],[-10,36],[-5,-125],[-15,2],[-18,-75],[-13,57],[-11,-36],[-10,56]],[[20925,55439],[-1,750]],[[20924,56189],[0,466]],[[21495,51734],[11,-5],[17,36],[15,-69],[32,5],[16,-43],[11,43],[21,-51],[16,62],[19,28],[35,94],[3,53],[18,14],[11,96],[21,45],[7,116],[18,17]],[[21766,52175],[5,74],[18,51],[6,86],[11,26],[18,-46],[22,31],[13,-6],[28,57]],[[21887,52448],[11,-122],[0,-66],[-8,-91],[6,-61],[-5,-79],[-15,-124],[6,-159],[13,-95],[8,-18],[6,-108]],[[21909,51525],[-118,0],[-135,0],[-161,2]],[[21495,51527],[0,207]],[[17308,47210],[13,-16],[20,-137],[17,-12],[18,-124],[0,-96],[29,-150],[15,-57],[12,-122],[19,-30]],[[17451,46466],[22,11],[16,-124],[-3,-72],[14,-61],[10,-81],[9,-13]],[[17862,43998],[-77,0],[-155,1],[-211,2],[-109,3]],[[17310,44004],[-2,1]],[[25021,32337],[17,11],[4,51],[12,51],[10,114]],[[25064,32564],[14,-61],[2,-130],[5,-68],[40,-71],[14,-56]],[[25139,32178],[7,-26],[-36,-215],[-13,41]],[[25097,31978],[-13,13],[-25,91],[-18,15],[-20,68],[-4,51]],[[26305,33565],[-15,150]],[[26290,33715],[2,-1]],[[22220,18531],[166,13]],[[22220,17700],[0,831]],[[23137,50063],[19,-47]],[[23239,49604],[0,-85],[-31,0],[0,-164],[-168,0]],[[23040,49355],[0,328]],[[23040,49683],[0,556]],[[23092,51840],[138,-3]],[[23230,51837],[0,-331],[3,0],[0,-331]],[[23233,51175],[-138,0]],[[23095,51175],[0,333],[-3,166]],[[22144,30132],[68,1],[5,84],[0,84],[44,-2],[0,19]],[[22301,29967],[1,-84],[-17,-11],[-10,-87],[-11,-224],[8,-165]],[[22272,29396],[-24,147],[-10,13],[-14,66],[-7,-161],[-19,45]],[[22198,29506],[-7,26],[-23,13],[-5,-80],[-27,7],[-16,82],[-25,163]],[[22095,29717],[49,0],[0,415]],[[21851,49289],[25,-64],[4,-58],[-8,-163],[1,-72],[13,-52],[19,-17]],[[21905,48863],[2,-36],[-16,-71],[1,-69],[10,-20],[17,30],[19,-6],[6,-33],[6,-161],[37,-57],[18,-2],[23,-31],[28,-76],[17,-5],[8,-46],[-12,-89]],[[21760,48140],[-34,-1],[0,334],[4,0],[0,661],[5,110]],[[22019,23198],[143,-2]],[[22162,23196],[0,-279],[33,0]],[[22195,22917],[0,-439]],[[25237,34614],[21,-14]],[[25258,34600],[9,12],[9,150],[-6,97],[-17,112],[-2,42],[8,106],[3,90],[17,70]],[[25279,35279],[16,-36]],[[25341,34752],[-11,-125],[2,-102],[4,-54],[-8,-34]],[[25328,34437],[-20,131],[-14,25],[-18,-27],[-16,-52]],[[25260,34514],[-12,24],[-11,76]],[[28170,42391],[18,37],[0,60],[14,42],[9,-92],[26,7],[16,-141],[10,12],[23,-44],[32,-244],[47,46],[54,109]],[[28419,42183],[-16,-99],[-21,-158],[-24,-120]],[[28358,41806],[-21,-43],[-67,-180]],[[28270,41583],[-25,-20],[-15,47],[-34,-100],[-48,91]],[[28148,41601],[-4,7],[-63,-20]],[[28081,41588],[-5,42],[17,104],[7,78],[11,11],[8,106],[18,59],[22,32],[6,153],[-8,36],[-7,107],[10,14],[10,61]],[[22670,18583],[57,277]],[[22727,18860],[44,214],[22,-57],[9,-60]],[[22842,18365],[-59,-314]],[[28274,31944],[-15,103],[-9,189],[-21,75]],[[28042,32898],[24,-10],[9,124],[12,-1],[8,61]],[[28095,33072],[33,-36],[16,-2],[6,-69],[12,12],[17,-26]],[[28029,32606],[0,112],[13,180]],[[23846,22780],[6,23],[16,-42],[16,46],[80,-1],[44,-8]],[[24008,22798],[-1,-534],[-42,-1],[0,-332]],[[23965,21931],[0,-39]],[[23965,21892],[-71,-1],[1,167],[-29,0],[0,-167],[-71,1]],[[24513,26851],[-10,-81],[-3,-75],[14,-42],[8,57],[-1,95],[14,-7],[6,-95],[-2,-72],[-21,-87],[-4,-58],[-1,-117],[29,-45],[-1,-47],[-15,-55],[-10,-63],[2,-70],[8,-36],[19,42],[2,-59]],[[24431,25962],[4,84]],[[23144,26536],[40,-3]],[[23268,26310],[11,-63]],[[23145,25619],[-1,917]],[[28376,37353],[-7,-129],[10,-181]],[[28335,36921],[-6,64],[-17,-18]],[[28287,37079],[-4,81]],[[28363,35976],[19,-144],[13,-2],[19,-89],[15,-14],[-4,-61]],[[28392,35497],[-18,44],[-28,102],[-9,102],[-15,64],[-18,-38],[-20,46]],[[28284,35817],[-23,1],[-24,44]],[[28237,35862],[31,531]],[[27815,37163],[9,24],[16,102]],[[27916,36501],[7,-41],[17,7],[0,82],[-11,19],[-13,-67]],[[15809,55927],[3,-42]],[[15812,55885],[-23,-80],[10,-109],[-20,6],[-7,95],[2,126],[35,4]],[[15708,55880],[13,146],[13,97],[3,89],[22,-12],[-3,-72],[25,-91],[-7,-52],[-24,22],[-2,-43],[-19,-94],[18,0],[12,-76],[8,-123],[-4,-30],[9,-99],[13,84],[12,-76],[20,-38],[7,-155],[-11,-91],[-15,47],[0,63],[-9,51],[-18,6],[-15,62],[-5,90],[4,72],[-4,87],[-18,-4],[-9,75],[-16,65]],[[28246,33604],[31,321],[-1,345]],[[28287,34238],[17,-62],[13,0],[15,34],[-9,-271],[17,-25]],[[28302,33905],[2,-54],[14,16],[0,65],[-16,-27]],[[27951,34863],[13,45],[14,-7],[13,44]],[[27991,34945],[-3,-84],[13,-19],[3,-47],[14,-56],[10,19],[9,-34],[10,-91],[10,-11]],[[28057,34622],[-14,-358]],[[23867,27751],[-67,12]],[[24031,30983],[11,4],[1,553]],[[24043,31540],[104,-14],[-1,-166]],[[24126,30873],[-16,-63],[-11,47],[-7,-50],[-11,-13],[-91,10]],[[23990,30804],[2,66],[15,9],[16,99],[8,5]],[[24765,23031],[118,3]],[[24883,23034],[30,0]],[[24913,23034],[-12,-201],[-3,-132],[-14,-120],[1,-75],[-3,-114]],[[24882,22392],[-43,0],[-73,89]],[[24106,21299],[25,30],[8,-55],[23,-57],[13,33],[26,154]],[[24288,20806],[-1,-58],[-17,-41],[-22,-81],[-4,51],[-19,-77],[8,-49],[18,-2],[-9,-69],[17,-151],[-20,4],[-30,-87],[-19,-16],[-40,59],[-42,45]],[[24108,20334],[1,358],[0,504],[-34,-2]],[[24075,21194],[27,66],[4,39]],[[24193,25215],[0,251]],[[24271,25465],[11,0],[-1,-78],[5,-38],[2,-94],[17,4],[5,-33]],[[24310,25226],[7,-69],[-10,-72],[4,-203]],[[24279,24798],[-86,0]],[[24193,24798],[0,417]],[[24723,19604],[0,11]],[[24536,20411],[21,168]],[[24727,19725],[0,82],[-12,75],[-11,-109],[-15,21],[-15,-60],[-7,-108],[-7,-2],[-3,-80],[-8,4],[-5,-93],[-8,21],[-36,-118],[-13,131],[-17,83],[-14,-20],[-8,65],[-7,-50],[-18,70],[-24,12],[-20,55],[-14,90],[12,12],[8,99],[7,-10],[11,-97],[9,7],[1,-105],[10,-11],[3,111],[-4,67],[-18,66],[-4,86],[-8,37]],[[29081,41929],[16,-23],[16,43],[4,83],[38,230]],[[29192,41602],[-25,-126]],[[29047,41694],[11,31],[23,204]],[[23554,38369],[0,132]],[[23554,38501],[24,68],[16,-55],[17,85],[18,30],[7,78],[16,28],[12,-55]],[[23664,38680],[7,-45],[16,-28],[7,-49]],[[23694,38558],[-3,-431]],[[23691,38127],[-1,-160]],[[23554,37993],[0,376]],[[19408,57354],[136,-2],[213,0]],[[19574,54940],[-8,2],[-6,107],[-34,18],[-19,-38],[-39,23],[-11,-66],[-28,-65],[-35,27]],[[19394,54948],[1,252],[0,503]],[[19395,55703],[0,165],[-5,138],[9,0],[0,193],[7,111],[9,-1],[0,139],[-12,81],[0,660],[5,165]],[[26598,31190],[-6,-59]],[[26676,29127],[13,50]],[[26689,29177],[16,78],[7,-30],[28,-20],[16,67]],[[26756,29272],[10,-95]],[[26716,28749],[-29,79]],[[26638,28685],[-30,-113]],[[26608,28572],[-9,21],[-12,-33],[-22,57]],[[26552,25830],[14,-41],[0,95],[13,16],[8,51],[1,197],[4,108]],[[26592,26256],[0,1]],[[26592,26257],[8,-30],[21,-23]],[[26649,25799],[0,-96]],[[26649,25703],[-7,1],[-26,-217]],[[26616,25487],[-65,5]],[[26551,25492],[4,282],[-3,56]],[[26470,23869],[40,7]],[[26510,23876],[-1,-207]],[[26509,23669],[-1,-492]],[[26508,23177],[-31,2]],[[26477,23179],[-73,1]],[[26404,23180],[-36,-1]],[[28136,29431],[-26,-268],[-33,-22],[1,-32],[-16,-92],[-19,53],[-14,-42],[-3,-150],[-10,-76],[-14,-32],[4,-58],[-6,-68]],[[28000,28644],[-118,677]],[[28401,33034],[66,-16],[19,9],[51,2]],[[28537,33029],[-8,-62],[-1,-122],[6,-138],[14,-163],[-10,-48],[7,-42]],[[28545,32454],[-19,-147]],[[21323,29347],[25,0]],[[21348,29347],[121,1]],[[21469,29348],[1,-932]],[[21470,28416],[-147,1]],[[21323,28417],[0,930]],[[22947,18161],[6,-46]],[[22953,18108],[-6,-32],[-15,59],[-5,-46],[16,-84],[3,-87]],[[22946,17918],[-93,-88],[6,-89],[23,-47]],[[22882,17694],[-35,-116],[-21,-127]],[[22826,17451],[-11,3]],[[26789,46206],[137,28]],[[26926,46234],[5,-127],[18,-180],[2,-59],[-12,-95],[-7,-226],[4,-89],[-12,-185],[-4,-113],[-18,-105],[-20,34],[-6,104],[17,81],[-23,41]],[[26870,45315],[-7,37],[-3,365],[-68,-8]],[[26792,45709],[-3,497]],[[26759,45700],[33,9]],[[26870,45315],[-30,-88],[8,-128],[-14,-11],[-13,-127],[3,-96]],[[26765,44858],[-6,842]],[[25437,51103],[42,1],[0,336],[22,0],[0,166]],[[25600,50775],[-7,-94],[-12,-103],[2,-32],[-19,-116],[-19,-175],[-22,-159],[-17,-83],[2,-107]],[[20388,37700],[179,7]],[[20567,37707],[25,0],[-1,-94],[83,4]],[[20674,37617],[1,-248]],[[20675,37369],[0,-499],[-30,0]],[[24913,23034],[21,1]],[[24934,23035],[28,-1],[14,27],[7,-64],[15,-1],[0,53],[21,1]],[[25019,23050],[2,-192]],[[25021,22358],[-57,1],[0,-250],[-14,0],[-14,-27],[0,-84],[-12,1]],[[24924,21999],[-22,106],[-15,171],[-5,116]],[[24513,26865],[70,-7]],[[24583,26858],[0,-121],[-14,-202],[0,-334],[67,-2]],[[28948,45667],[2,-71],[-4,-96],[-12,-76]],[[28769,45385],[-2,128]],[[28740,46262],[30,-53]],[[26710,33317],[24,56],[-2,46],[27,140],[26,80],[17,-39],[33,96]],[[26835,33696],[62,1]],[[26877,33388],[-6,-41]],[[26765,33026],[-19,145],[-29,-56]],[[26717,33115],[-7,202]],[[25073,32954],[54,-5],[0,40]],[[25202,32684],[-4,-518]],[[25198,32166],[-59,12]],[[25064,32564],[6,50],[3,340]],[[26741,32909],[-5,-9],[3,-94],[-19,-17],[2,-63]],[[26658,32897],[11,70],[5,72],[15,64],[14,-27],[14,39]],[[20401,39618],[4,-70],[12,9],[5,-44],[16,-15],[4,-57],[-15,-79]],[[20427,39362],[4,-51],[-26,-152],[-8,0],[-4,-84],[-29,-107],[-22,40]],[[16193,37347],[5,18],[34,13],[18,67],[28,-24],[26,-84],[33,16],[43,70],[23,22],[11,55],[6,78],[20,17],[8,129],[11,-6]],[[16202,36808],[-9,142]],[[16193,36950],[0,397]],[[17164,40193],[67,1002]],[[17231,41195],[15,222],[64,1],[0,681]],[[17310,42099],[120,0]],[[17430,42099],[-3,-103],[1,-1223],[-2,-440],[3,-4],[0,-836],[-1,-493],[-2,-407]],[[17426,38593],[-203,3],[-124,-133]],[[17099,38463],[-8,100],[17,87],[6,86],[-11,232],[3,48],[15,5],[6,69],[8,8],[16,174],[29,53],[6,167],[-1,82],[-8,138],[2,149],[7,115],[-4,100],[-18,117]],[[16695,40190],[152,-1],[137,7],[180,-3]],[[17099,38463],[-25,-38]],[[16826,38427],[0,71],[-31,164],[-7,57],[-48,251],[-15,56],[0,248],[8,0],[0,225],[3,163],[-24,-129],[-7,-7]],[[16705,39526],[5,56],[0,206],[-10,41],[0,171],[-5,0],[0,190]],[[22623,57354],[201,0]],[[22629,56482],[0,331],[-6,2],[0,539]],[[22809,52833],[135,1]],[[23005,51674],[4,-165]],[[23009,51509],[-185,0]],[[22824,51509],[0,109],[-9,8],[0,545],[-6,0]],[[22809,52171],[0,662]],[[22274,56153],[64,0],[0,331]],[[22338,56484],[182,-1]],[[22527,55818],[-36,0],[0,-332],[-29,1],[0,-203]],[[21467,53504],[93,0]],[[21560,53504],[134,-1],[97,4]],[[21791,53507],[7,-61],[0,-87],[25,-217],[-5,-53],[14,-137],[11,1],[7,-70],[20,46],[-3,-86]],[[21867,52843],[26,-78],[-5,-39],[12,-76],[-10,-53],[-3,-149]],[[21766,52175],[-7,0],[0,166],[-69,0],[-1,494],[-116,1],[0,165],[-106,0]],[[21467,53001],[0,503]],[[21495,51734],[0,290]],[[21495,52024],[0,149],[-14,0],[-1,663],[-13,0]],[[21467,52836],[0,165]],[[22032,55155],[72,0]],[[22247,55154],[0,-331],[9,0],[0,-163]],[[22256,54163],[-60,0]],[[22196,54163],[-154,0]],[[22042,54163],[0,661],[-10,0],[0,331]],[[16803,57354],[178,0]],[[16941,55245],[-4,-101],[-10,-21],[-15,29],[-3,56],[-21,0],[0,76],[-10,33],[-23,-10],[-10,30],[-12,-81],[-23,38],[-11,72]],[[16799,55366],[2,11],[0,988],[-7,0],[0,328],[9,0],[0,661]],[[22628,38869],[156,-1]],[[22784,38868],[0,-332]],[[22784,38536],[0,-332]],[[22784,38204],[-155,1]],[[22629,38205],[-1,498]],[[22628,38703],[0,166]],[[17985,52841],[13,21],[23,-25],[12,55],[25,0]],[[18058,52892],[3,-94],[-6,-41],[-2,-156],[-14,-11],[8,-113],[-14,-106],[2,-99],[-10,-181],[2,-127],[-20,-15],[-1,-78],[17,-52],[-10,-87],[6,-114],[17,-28],[-5,-79],[12,-103],[-34,-70],[-16,-138],[17,-98],[2,-99],[-18,-72],[7,-46],[-8,-96]],[[17402,50236],[4,103],[24,231],[9,38],[0,83],[20,135],[6,74],[-20,145],[-1,81],[-16,84],[-20,7],[-9,74],[-23,9],[-4,58]],[[20356,53884],[0,-611]],[[20356,53273],[0,-27]],[[18207,46997],[20,40],[7,-10],[5,-100],[14,-66],[0,-248],[76,-1],[0,-157],[98,0]],[[18427,46455],[0,-331]],[[18298,45282],[0,342],[16,0],[0,669],[-84,0]],[[18230,46293],[-184,0]],[[17430,42099],[120,-1],[0,-636],[43,-1028],[47,1]],[[17640,40435],[2,-124],[-3,-130],[12,-270],[-5,-54],[1,-120],[-7,-61],[2,-159],[4,-101],[-7,-71],[-1,-85],[-10,-87],[-9,-3],[1,-577]],[[17620,38593],[-194,0]],[[21936,30176],[115,-2]],[[22051,30174],[1,-355]],[[22052,29819],[0,-474]],[[22052,29345],[-117,3]],[[21935,29348],[1,828]],[[21557,25103],[22,1]],[[21579,25104],[120,-1]],[[21699,25103],[-1,-832]],[[21557,24272],[0,831]],[[26987,23458],[28,-35],[11,42],[8,80],[28,13],[4,63],[-11,122]],[[27131,23353],[-14,-63],[-6,-74],[-20,-1],[-7,-94]],[[27084,23121],[-35,54],[-5,-125],[-14,0]],[[27030,23050],[-22,142],[0,164],[-21,40],[0,62]],[[21737,37714],[86,-2]],[[21823,37712],[37,1]],[[21861,36882],[-117,0]],[[21748,35875],[0,-665]],[[21748,35210],[-122,2]],[[21626,35212],[0,663]],[[25478,36182],[8,-130],[16,5],[8,101],[-12,72],[8,93],[14,-87],[11,-37],[17,66]],[[25548,36265],[18,-6],[23,-76]],[[25560,35774],[-25,-68]],[[25535,35706],[-66,-18]],[[25469,35688],[-6,63],[0,108],[-5,74],[-13,3],[-30,254]],[[25251,33520],[7,0]],[[25258,33520],[122,-8]],[[25380,33512],[-2,-110],[19,-151]],[[25336,32794],[0,49],[-89,11]],[[19984,34471],[151,0],[2,-14],[110,2]],[[20247,34459],[131,3]],[[20458,32524],[1,45],[-99,-1],[5,-31],[0,-105],[-54,0]],[[20311,32432],[0,68]],[[20311,32500],[0,67],[-178,-5],[0,415],[-103,0],[-103,6]],[[19265,41743],[7,-8]],[[26711,27201],[22,-21],[28,-47],[-6,-136],[5,-58],[13,58]],[[26688,26703],[-16,356],[-4,138]],[[26668,27197],[28,-34],[15,38]],[[23026,55778],[0,-290],[5,-111]],[[23031,55377],[1,-222],[36,0],[0,-166],[143,1],[0,167],[36,1],[0,166]],[[23247,55324],[35,-4]],[[23282,55320],[1,-496],[7,0],[0,-331]],[[22919,54821],[-13,124],[-1,56],[-12,72],[-12,130],[1,90],[-10,51],[-6,203],[-20,230]],[[21263,55682],[18,13],[9,-80],[19,-23],[-1,-49],[17,-8],[12,-148],[-22,-119],[-4,-85],[4,-73]],[[21315,55110],[0,-285],[-127,1],[0,-660]],[[21188,54166],[-158,1]],[[21030,54167],[-106,2]],[[20924,54169],[0,128]],[[23004,39365],[95,-1]],[[23099,39364],[57,0]],[[23156,39364],[0,-666]],[[23156,38698],[-1,-172]],[[23155,38526],[-12,128],[-26,-9],[-2,34],[-18,-4],[-22,-36],[-6,-61],[-12,36]],[[17173,27807],[0,55],[27,236],[-17,88],[-17,12],[0,90],[-13,23],[-25,194]],[[27162,17971],[0,-167],[28,0],[9,-111],[0,-111],[19,0],[0,-111],[30,0],[-4,-90],[-9,-18],[5,-95],[19,-108],[3,-118],[23,-59],[17,-211],[3,-143]],[[27188,16636],[-137,-1]],[[27037,17637],[0,167],[14,-1],[0,103]],[[27257,29207],[10,-17],[28,-107],[0,88],[23,-13],[38,73],[37,32]],[[27452,28940],[-6,-31],[10,-83],[-11,-77],[7,-64],[-5,-92],[10,-267],[-6,-65]],[[27342,28522],[-2,97],[-10,133],[-11,29],[-13,100],[-23,62],[-15,-7],[-11,93],[0,78],[-6,20]],[[27251,29127],[6,80]],[[27624,40160],[1,-65],[12,4],[8,-53],[-2,-108],[3,-102],[-3,-108],[4,-69]],[[27647,39659],[-141,1]],[[27479,39660],[0,459]],[[23123,21753],[-1,92],[-6,31],[-16,-48],[-18,18]],[[27737,34551],[14,3],[16,-69],[2,109],[10,-16]],[[27841,33597],[-34,-1]],[[27807,33596],[3,115],[-9,12],[-10,69],[-11,-69],[-17,20],[-5,-31],[13,-79],[0,-37]],[[27771,33596],[-12,-1]],[[28529,35860],[19,80]],[[28548,35940],[17,-49],[7,-52],[2,-98],[17,-104],[27,-1],[1,-44],[26,-34],[6,-45],[-13,-34]],[[28638,35479],[-13,13],[-9,-40]],[[28556,35621],[-8,27],[-19,180],[0,32]],[[28597,36070],[-16,-2],[-18,-71]],[[28563,35997],[-20,43],[-27,195],[-10,13],[-5,79],[-15,50]],[[28486,36377],[-9,148]],[[23603,31410],[5,99],[7,3],[14,-73],[-1,-72],[14,-51],[24,28],[19,75],[-2,97],[19,-9]],[[23702,31507],[-2,-440],[15,-2]],[[23715,31065],[-1,-139],[-30,5],[0,-84]],[[23684,30847],[-25,-52],[0,-198],[-18,-30],[-43,-36]],[[23830,25390],[-2,87],[-12,65],[-14,-1],[-15,53],[-22,-106],[-3,-67],[-25,-111],[-26,1]],[[23711,25311],[0,374]],[[23711,26258],[0,359]],[[18419,52141],[0,894],[-22,-42],[-18,39],[1,52],[-14,43],[-4,57],[-17,35]],[[18345,53219],[0,663],[-45,-1],[0,803]],[[19643,50611],[91,-7],[0,55],[35,0],[0,55],[34,0],[0,506],[6,0],[0,221],[46,-1],[0,56],[24,109],[34,0],[0,111],[46,-1]],[[19959,51715],[24,0],[0,-165],[69,0],[0,-83],[35,1],[0,-83],[31,0]],[[20306,49714],[-228,5],[-12,6],[-219,2]],[[19847,49727],[-94,-1]],[[19753,49726],[0,60],[17,130],[15,200],[10,30],[-167,-5],[0,250],[4,161],[11,59]],[[28271,30608],[10,20],[38,-29],[38,-116],[10,58],[18,-25],[12,-74],[8,-148],[8,-47]],[[28413,30247],[12,-58],[5,-80],[-2,-56]],[[28428,30053],[-26,-95],[-15,-106],[-18,-82],[-39,-121],[-15,-59]],[[28270,30125],[0,121],[8,265],[-7,97]],[[26539,26554],[51,200]],[[26590,26754],[4,-69],[10,-55],[17,0],[24,-82]],[[26592,26257],[-9,2],[-23,81],[-21,160],[0,54]],[[26497,27846],[31,239],[5,178]],[[26533,28263],[44,-187],[6,-1],[15,-93]],[[26598,27982],[0,-135]],[[26598,27847],[-1,-83],[-14,-3],[-10,-55],[-14,-30],[-5,-89],[-7,-41]],[[26547,27546],[-17,145]],[[26530,27691],[-8,75],[-21,33],[-4,47]],[[26283,30634],[10,0]],[[26293,30634],[43,1]],[[26336,30635],[1,-253]],[[26327,29863],[-26,52],[-32,-4],[-14,49]],[[26255,29960],[-6,138],[19,1],[2,92],[-6,45],[10,142],[7,40],[-7,83],[9,133]],[[26897,47229],[-142,-29]],[[26755,47200],[-97,-15],[0,117]],[[26658,47302],[17,214],[17,59],[1,62],[14,57],[8,78],[51,49],[14,86],[28,44],[32,-70],[20,-82],[17,-202],[13,-100],[7,-268]],[[20466,39909],[16,-16],[32,-150],[33,-36]],[[20547,39364],[-52,4],[-68,-6]],[[25847,26374],[103,2]],[[25950,26376],[35,0],[-8,-147],[6,-57],[-2,-85],[3,-210]],[[25946,25738],[-7,-27],[-19,21],[-24,67],[-10,82],[-20,-51],[-2,-60],[-23,-19],[-4,-33]],[[25837,26286],[0,82],[10,6]],[[9773,87259],[-1,-56],[-67,-20],[-1,-49],[-40,-66],[-25,33],[-34,-34],[-21,19],[-21,-50],[-45,4],[-27,-117],[-35,2],[-46,-47],[0,-52],[-35,-63],[-33,6],[-34,64],[-18,-56],[-24,-3],[-32,-92],[-43,3],[-23,-51],[3,-86],[-32,-65],[-39,10],[-47,-47],[-96,0]],[[8957,86446],[-212,0],[-68,171],[-12,-6]],[[24732,32556],[24,226],[12,30],[8,104],[8,32]],[[24849,33764],[-1,-458]],[[24848,33306],[1,-744]],[[24757,32557],[-25,-1]],[[25721,31160],[-2,-518]],[[25719,30642],[-104,13]],[[25615,30655],[-4,1]],[[25611,30656],[0,95],[5,197],[-3,88],[1,369],[2,78]],[[25622,32659],[5,200],[5,42],[-11,73],[6,39],[3,138],[-21,38],[-15,-11]],[[25594,33178],[1,61],[9,46],[19,55],[8,73],[9,20]],[[30477,48085],[28,-33],[-2,201],[4,99],[29,-35],[7,37],[4,119]],[[30574,48444],[-11,-26],[0,-99],[12,-98],[19,-3],[16,-276],[-15,-114],[-9,-18]],[[30586,47810],[-20,-37],[-7,-149],[-11,-115],[-13,-5],[-15,44],[-23,-91],[-5,85]],[[30492,47542],[-11,74],[6,72],[6,143],[-31,37],[6,32],[1,85],[8,100]],[[27311,39158],[23,156]],[[27334,39314],[27,128]],[[27451,39143],[-11,-33],[-16,-7],[-5,-64],[-26,-100],[-17,-93]],[[27343,38954],[-5,212],[-8,26],[-19,-34]],[[18974,42578],[0,626]],[[18974,43204],[128,-1],[150,-2]],[[19252,43201],[0,-1107]],[[22198,28434],[145,0]],[[22343,28434],[0,-832]],[[22343,27602],[-145,3]],[[22198,27605],[0,638]],[[22198,28243],[0,191]],[[23620,48323],[22,-47],[11,-48],[30,-39],[17,-64],[20,10],[0,141]],[[23720,48276],[68,-1],[0,-83]],[[23788,48192],[0,-663]],[[23788,47529],[-134,0]],[[23654,47529],[-34,0]],[[23620,47529],[0,497]],[[15880,35016],[17,-119],[12,-35],[6,-73],[9,-43],[47,-108],[19,-72],[16,-147],[33,-102],[0,-38]],[[15975,34186],[-15,154],[-19,89],[-11,-45],[-14,15],[-12,-27],[-25,55],[-19,93],[-20,156]],[[15840,34676],[-6,151],[20,6],[0,48],[25,1],[1,134]],[[26843,20994],[-17,-40],[-5,-47]],[[26821,20907],[-9,35],[-5,100],[-9,68],[-35,171],[-20,52],[-7,-30],[-11,39],[-7,132],[1,146]],[[27769,42835],[22,1],[0,94],[53,-10],[0,-189]],[[27844,42731],[-1,-483],[-1,-53]],[[27710,42424],[-1,4]],[[27709,42428],[12,86],[0,68],[13,45],[0,84],[17,28],[18,0],[0,96]],[[27909,40947],[-22,-212]],[[27820,40269],[-13,7],[-4,57],[-42,127],[-9,-51],[-28,-59],[-13,59],[-16,27],[-37,-3]],[[23370,32208],[39,-1],[0,-331]],[[23431,31532],[-21,-165],[-9,-1],[-21,-202],[-9,6],[-13,65],[-10,-19]],[[23348,31216],[0,493],[-102,0]],[[23246,31709],[0,332],[-15,0],[0,249]],[[21124,24272],[148,1]],[[21280,24273],[0,-683]],[[21280,23590],[-16,-51],[-30,159],[-21,40]],[[21213,23738],[-16,-12],[-32,10],[-18,43],[-6,66],[-17,-27],[-18,34],[-17,-10],[-8,41],[-6,127],[2,65],[-5,59],[1,89],[-17,13],[-11,37]],[[26431,28078],[27,-2]],[[26458,28076],[16,-162],[5,10],[18,-78]],[[26530,27691],[-13,-70],[-28,-202],[-8,-7]],[[26481,27412],[-14,29],[0,43],[-27,0],[-1,32],[-29,0]],[[26410,27516],[1,159],[16,-1],[3,186],[6,30],[0,157],[-5,31]],[[25407,37465],[12,0]],[[25419,37465],[73,-4]],[[25398,36868],[-1,5]],[[26655,23091],[51,-9]],[[26733,23078],[4,1],[1,-144],[38,-6],[6,-87],[0,-99]],[[26782,22743],[-19,-2],[-10,-85],[-3,-65],[0,-278]],[[27983,31648],[14,-44],[35,-289],[-1,-54]],[[23208,19717],[-7,-63]],[[28310,37994],[58,401]],[[28368,38395],[23,-72],[0,-72],[28,-35],[7,-56]],[[28426,38160],[-15,-79]],[[28411,38081],[-4,-29],[11,-4]],[[28418,38048],[11,-62]],[[28429,37986],[-8,-86],[17,5],[10,-30]],[[28423,37589],[-20,-33],[-9,83]],[[28044,35991],[8,-70],[16,-48],[46,-85]],[[28114,35788],[-3,-105],[-60,-564]],[[28051,35119],[-13,-19],[-22,97],[-1,33]],[[28015,35230],[-25,59],[-6,53],[-33,183]],[[23900,27691],[-12,-148],[-9,-207],[-12,3],[-2,-460]],[[23865,26879],[-8,0]],[[24051,22820],[0,-27],[-43,5]],[[26169,20512],[30,17],[9,-26],[-4,-80],[-13,2],[-22,87]],[[26357,21144],[9,-42],[13,25],[10,-49]],[[26389,21078],[26,-65],[-2,-82],[-22,8],[-8,49],[-11,-37],[-12,1],[-33,-127],[-64,-209],[3,90],[-12,4],[-17,-118],[-10,-23],[-30,12],[-28,-57]],[[26169,20524],[4,48],[27,125],[19,5],[6,54],[-10,180],[10,98],[-2,35]],[[25908,35111],[-87,-28]],[[25781,35224],[-13,280],[19,43]],[[27956,39663],[119,-1]],[[28075,39662],[10,0]],[[28085,39662],[7,-44],[-4,-120]],[[27998,39305],[-31,100],[-16,2],[-14,-126],[-16,-69],[-7,-88],[-31,75]],[[19943,36659],[158,-1]],[[20101,36294],[-17,7],[-21,-40],[0,-210],[-2,-292],[6,-1],[-2,-481]],[[20065,35277],[-98,0]],[[19967,35277],[0,413]],[[19943,36311],[-7,52],[15,32],[6,116],[-10,18],[-4,130]],[[25822,42425],[-1,-498]],[[25790,41929],[-97,2]],[[25693,41931],[0,496]],[[28327,31094],[41,-151],[50,-178],[11,21],[2,-96],[-2,-355],[9,-37]],[[28438,30298],[-25,-51]],[[28271,30608],[-15,65]],[[26114,23631],[67,-14],[25,2]],[[26206,23619],[-7,-85],[5,-74],[-1,-114],[6,-17],[12,-93],[2,-62]],[[26223,23174],[7,-143]],[[26230,23031],[-67,1],[-68,-8]],[[26095,23024],[0,387],[-62,-9]],[[26033,23402],[12,138],[18,9],[32,-50],[0,78],[19,-1],[0,55]],[[27399,36128],[-39,-95]],[[6639,93583],[0,67],[-256,0],[0,165],[-255,0],[0,165],[-268,0],[-169,0],[-271,0],[0,165],[-130,0],[0,-165],[-259,0],[0,165],[-130,0],[0,-165],[-130,0],[0,165],[-195,0],[0,-165],[-227,-1],[-268,0],[0,-330],[-244,0]],[[3837,93649],[-79,99],[-59,45],[-31,64],[-17,109],[-54,138],[-48,68],[-49,48],[-62,34],[122,141],[18,73],[1,97],[18,86],[13,440],[-10,162],[184,-47],[78,18],[299,141],[83,123],[25,73],[40,73],[35,101],[24,116],[32,100],[36,150],[22,188],[1,417],[33,310],[14,63],[78,273],[61,281],[40,133],[126,259],[121,-66],[44,4],[65,59],[78,108],[65,119],[93,224],[30,106],[84,212],[42,122],[93,105],[32,-5],[3,-57],[-44,-25],[0,-45],[41,-40],[58,9],[12,61],[78,-21],[44,15],[41,40],[93,32],[73,85],[74,139],[60,158],[90,344],[43,143],[67,125],[10,-108],[25,-10],[21,-55],[21,5],[59,-49],[-3,-32],[38,-68],[59,12],[49,-58],[14,-126],[-8,-68],[-47,-97],[-5,-51],[-72,-34],[-3,-30],[22,-175],[13,-54],[47,10],[28,-20],[33,61],[-7,166],[41,99],[31,39],[-1,115],[30,59],[22,88],[87,-158],[54,-153],[-14,-87],[9,-214],[66,-3],[25,-27],[21,-91],[51,95],[15,111],[53,23],[57,-9],[40,14],[43,52],[58,-14],[33,-40],[16,-75],[24,58],[56,0],[98,-104],[9,-51],[-30,-39],[-22,-123],[-27,-47],[15,-153],[68,-48],[-64,-23],[-7,-39],[59,-24],[48,10],[19,38],[70,-43],[-27,-108],[-24,-20],[11,-85],[85,16],[76,-73],[15,-54],[28,10],[54,156],[46,7],[74,38],[30,-45],[14,-96],[48,49],[22,-11],[69,156],[24,-46],[17,35],[38,-18],[31,39],[114,-100],[28,-76],[48,-41],[19,19],[36,-23],[31,-73],[-1,-102],[35,-11],[22,43],[27,-50],[14,50],[24,-5],[71,-120],[-19,-42],[52,-65],[38,1],[41,-36],[28,18],[32,-80],[51,1],[39,53],[52,-13],[38,23],[65,-17],[101,-86],[21,57],[64,-148],[41,-47],[11,-47],[47,-42],[24,-42],[75,-55],[21,38],[56,-30],[17,24],[34,107],[45,9],[11,34],[134,128],[62,37],[29,-37],[47,54],[78,-131],[63,-72],[76,-144],[-3,-32],[58,-81],[44,-90],[51,-79],[59,-57],[47,-81],[35,-94],[7,-82],[17,-50],[33,-4],[14,100],[55,-70],[0,-686],[0,-770],[0,-733]],[[15805,36117],[0,-6]],[[15805,36111],[0,6]],[[15785,36587],[2,-72],[-4,-100],[10,-31],[-8,-73],[2,-82],[13,-78],[-11,-41],[-6,-75],[-14,31],[-26,116],[-17,-7],[-22,105],[-11,92],[-17,54],[-16,13],[-20,-55],[14,209],[3,98],[-8,97],[3,70],[-9,84]],[[15347,42985],[-10,262],[-10,105],[-2,99],[-6,59],[-10,9],[-15,63],[10,130],[4,181],[-2,109]],[[16066,37779],[-33,2]],[[15968,38141],[4,121],[-1,83],[-7,75],[-12,13],[-15,195],[5,36],[-6,80],[12,120]],[[16479,38413],[0,-129],[27,-126]],[[16193,37347],[-25,398],[-7,-10]],[[27419,18818],[33,-299],[12,-93],[3,-105],[10,-135],[-18,-99],[-3,-76],[-1,-136],[3,-192],[6,-161],[18,-269],[17,-209]],[[27499,17044],[-12,-12],[-5,-62],[-100,1]],[[27382,16971],[-1,500],[2,0],[0,501]],[[27383,17972],[-7,86],[-2,141],[3,83],[-11,44],[-8,137],[-9,15]],[[26122,20979],[0,527]],[[26122,21506],[76,-2]],[[26169,20524],[-6,-17],[-21,9],[4,95],[1,129],[-25,239]],[[27027,21396],[26,0]],[[27053,21396],[1,-755],[-1,-54]],[[27051,20586],[-7,110],[-8,13],[-7,101],[-16,23],[-22,-7],[-18,66],[-15,6],[-8,78]],[[27227,29693],[1,-77],[15,-244],[14,-165]],[[27251,29127],[-18,-37],[-10,-92],[14,-96],[-24,-6]],[[27213,28896],[-18,10],[-27,123],[-16,51],[-14,12],[-14,-19],[-23,-2],[2,-62]],[[27082,29138],[11,115],[3,70],[16,81],[15,43],[17,161],[5,12],[17,148]],[[27243,30972],[11,-3]],[[27254,30969],[79,-27]],[[27371,30803],[-1,-114],[12,-126],[-3,-91],[1,-123],[-7,-33]],[[27373,30316],[-161,1]],[[26542,42889],[0,-471]],[[26542,42418],[-96,-3]],[[26446,42415],[0,499],[-32,0]],[[26414,42914],[0,110]],[[27174,27024],[20,121],[49,-95],[23,1],[25,19]],[[23401,28630],[27,-67],[3,-75],[16,-19],[32,-191],[29,-50],[7,-45]],[[23515,27471],[-8,5],[-9,61]],[[23410,27586],[-28,-21],[-5,-20],[-18,19]],[[23359,27564],[-1,5]],[[23140,21553],[-15,-13],[-2,-79],[-10,-81],[12,-123]],[[22993,21208],[-4,118],[-14,85],[-23,-23],[-8,41]],[[28597,34935],[10,-52],[23,19],[-5,-126]],[[28625,34776],[3,-101]],[[28628,34675],[-12,-24]],[[28616,34651],[-6,13],[-29,228],[-8,-14]],[[28549,34978],[-14,76]],[[27991,34945],[22,196],[2,89]],[[28051,35119],[18,-47],[22,-12],[24,113]],[[28116,35036],[-2,-336]],[[28114,34700],[-17,-39],[-16,12],[-24,-51]],[[28486,36377],[-3,-49],[19,-109],[15,-41],[3,-61],[13,-123],[15,-54]],[[28529,35860],[-11,111],[-15,22],[-8,-29],[-20,86],[-17,15],[-8,57],[0,114],[-10,75]],[[28517,35458],[4,54],[-28,211],[-13,65],[-31,66],[-10,91],[-8,25],[-13,173],[-9,28]],[[28199,37705],[-43,-189],[-22,-139],[-18,16]],[[28116,37393],[-29,181]],[[24186,28864],[29,5]],[[24215,28869],[78,4]],[[24293,28873],[0,-166],[-6,0],[0,-354]],[[24287,28353],[0,-166]],[[24287,28187],[-99,6]],[[24188,28193],[-3,73],[2,94]],[[24122,27544],[10,-27],[2,-61],[13,11],[16,-103],[20,50]],[[24183,27414],[6,-69],[13,10],[10,-33],[6,-74],[24,-94]],[[24078,26871],[-73,6]],[[24005,26877],[3,686]],[[24019,25219],[34,-2]],[[24053,25217],[140,-2]],[[24193,24798],[0,-59],[-14,-190]],[[24807,21438],[19,-19],[38,83],[16,-16],[14,-56],[14,31],[8,-31],[9,27],[17,-38]],[[24942,21419],[-16,-97],[-1,-55],[-10,-14],[-3,-88],[-10,45],[-14,0],[-10,-72]],[[24878,21138],[-27,-51],[-11,16],[-6,-83],[26,-58],[2,-91]],[[24305,25901],[12,32],[18,93],[9,-32],[18,112],[10,-4],[9,107]],[[24426,25711],[-44,-1],[-18,-68],[-1,-48],[-16,-48],[-5,-154],[-11,-48],[-3,-62],[-18,-56]],[[23865,26879],[70,-1]],[[23935,26878],[1,-575],[14,1],[2,-102],[0,-150]],[[23952,26052],[9,-247],[-25,-2],[0,-84],[-38,0]],[[24542,23028],[65,1]],[[24607,23029],[-10,-110],[4,-98],[-2,-54],[6,-93],[-4,-179]],[[24601,22495],[-113,-27],[-12,-106]],[[24476,22362],[-3,8]],[[24473,22370],[-2,76],[8,101],[13,77],[13,334],[5,70]],[[24607,23029],[72,0]],[[24584,22361],[17,134]],[[29166,41334],[45,18],[3,-32],[24,4]],[[29238,41324],[-2,-55],[-12,-31],[-5,-115],[14,-69]],[[29233,41054],[-7,-87],[-36,-193],[-4,-49],[-26,-50]],[[24652,38159],[11,-87],[12,-37],[11,11],[26,177]],[[24712,38223],[19,-23],[20,-60],[10,-1]],[[24761,38139],[45,-142],[-1,-83]],[[24633,37597],[-11,-85],[-11,-18],[-29,-97],[-13,25]],[[24569,37422],[1,616]],[[25029,34488],[-17,-28],[-25,-168],[-11,0],[-5,-70]],[[24971,34222],[-48,-19]],[[19206,54334],[14,1],[37,119],[11,-2],[41,134],[-3,72],[6,119],[1,128],[29,-26],[15,63],[37,6]],[[19647,53062],[-106,2]],[[19541,53064],[-106,1],[1,-110]],[[19436,52955],[-100,1]],[[20434,56520],[232,0]],[[20666,56520],[60,0],[0,-165],[36,0],[0,-166],[162,0]],[[26190,30214],[4,99],[19,0],[0,84],[11,15],[0,56],[12,166]],[[26237,30634],[46,0]],[[26255,29960],[-4,-35],[-35,12]],[[26216,29937],[0,186],[-32,1],[6,90]],[[27514,32512],[18,46],[32,1],[0,56],[18,0],[30,-30]],[[27612,32585],[-1,-172]],[[27611,32413],[-6,-791]],[[27496,32074],[-5,88],[1,69],[30,130],[-4,131],[-4,20]],[[28483,33601],[3,-40],[-12,-96],[0,-109],[5,-29],[30,-69],[11,-2],[24,-127]],[[28544,33129],[1,-27]],[[28545,33102],[-8,-73]],[[28198,28616],[-6,-165],[-11,71],[-31,55],[-36,13],[-39,-24],[-45,-98]],[[28030,28468],[-30,176]],[[28646,30367],[29,149],[8,63],[30,164],[4,-11],[-47,-251],[-24,-114]],[[28438,30298],[34,-5],[0,30],[20,39],[35,2],[18,44],[11,130],[-7,39]],[[28549,30577],[13,59],[15,-24],[4,42],[18,19],[10,130],[8,-35],[3,-205],[12,38],[17,10],[-12,116],[32,-68],[-9,-113],[-19,-130],[-29,-125],[-6,-73],[-11,-29],[0,-65],[-17,37],[-8,96],[-7,-135],[-60,19],[-13,-7],[-56,-100],[-6,19]],[[26582,30955],[25,-6],[9,-90],[8,-27],[20,-176],[9,-11]],[[26635,30643],[-20,-11],[-88,1]],[[25264,38999],[81,1],[46,7]],[[25391,39007],[2,-391]],[[25393,38616],[-99,-5]],[[25294,38611],[-30,1],[0,83]],[[25264,38695],[0,304]],[[23526,26613],[15,1]],[[26680,50121],[18,-140],[16,-212],[-21,36],[-10,66],[-16,-35],[-6,-62],[3,-139],[5,-49],[29,-130]],[[26698,49456],[-158,-4]],[[26540,49452],[0,332],[3,0],[-1,327]],[[26052,49297],[12,-18],[5,99],[13,106],[-2,83],[6,109],[12,34],[-7,-259],[-15,-72],[-6,-111],[14,-24],[7,109],[16,105]],[[26107,49458],[17,0],[2,-58],[12,-32]],[[26138,49368],[-1,-572]],[[26137,48796],[-134,1]],[[26003,48797],[0,499]],[[26305,51229],[1,-738],[-1,-213]],[[26305,50278],[-65,4],[-10,-36],[-12,118],[-14,2],[0,59]],[[26204,50425],[28,3],[22,47],[-2,55],[-32,25],[-16,89],[-7,167],[13,115],[16,42],[20,110],[-5,68],[11,23],[23,-23],[30,83]],[[24721,52712],[24,81],[7,-11],[40,81],[38,56],[39,173]],[[24869,53092],[6,0],[0,-329],[35,-1],[0,-165],[104,0],[0,-329],[105,-2]],[[25119,51818],[-28,79],[-113,148],[-121,159]],[[16438,39634],[37,2],[4,26]],[[16479,39662],[-1,-529]],[[16478,39133],[-140,2],[-8,36],[-12,111],[-27,-9],[-22,-126],[-49,-67],[-17,-5],[-9,-44]],[[29722,43212],[16,35]],[[29738,43247],[19,-6],[2,85],[16,54],[11,80]],[[29786,43460],[24,-89],[56,-63],[26,19],[20,-8]],[[29912,43319],[-1,-83]],[[29891,42709],[-4,30],[-29,-11],[-9,-44],[-10,23],[-24,-38],[-12,44],[-7,-65],[-32,-20],[-9,64]],[[25370,24363],[-1,-80],[6,-119],[11,-65],[25,-64],[10,-67],[-4,-47],[5,-150],[4,-47],[-10,-97],[-8,-26],[-3,-94],[9,-49],[-4,-60]],[[25274,23248],[-5,613]],[[25269,23861],[-4,500]],[[24618,42962],[1,274],[-32,1]],[[24587,43237],[0,332]],[[23937,44404],[64,0]],[[24001,44404],[65,2]],[[24066,44406],[1,-663]],[[24067,43743],[-130,0]],[[23937,43743],[0,661]],[[15624,49868],[20,81],[-6,158],[5,113],[15,16],[27,-15]],[[15685,50221],[18,27],[10,-60],[-2,-133],[-8,-86],[36,-175],[17,-31],[18,-161],[36,-94],[186,0]],[[15996,49508],[-5,-107]],[[15603,49247],[0,41],[14,83],[-23,34],[19,189],[18,25],[2,76],[-11,58],[2,115]],[[16007,50218],[59,0],[0,499],[12,-1],[0,339]],[[16078,51055],[29,15],[34,-64],[8,-124],[15,6],[13,73],[39,16],[8,-28]],[[16339,49885],[2,-29]],[[16341,49856],[5,-165],[-3,-58],[14,-99],[-5,-65],[24,-83]],[[15996,49508],[5,27],[-18,67],[-7,135],[10,65],[9,-12],[24,130],[-16,61],[-11,110],[17,80],[-2,47]],[[22378,29884],[0,-166],[46,0],[0,-193]],[[22424,29525],[0,-139],[15,1],[0,-337]],[[22439,29050],[-11,14],[-12,-60],[-21,7],[-10,33],[-33,56],[-9,56]],[[22343,29156],[-13,9],[-12,-37],[-10,26],[-11,-19],[-20,24],[-5,237]],[[27115,24965],[9,-71],[12,-8],[1,-71],[-5,-117],[34,-208],[42,-126]],[[27208,24364],[-21,-235],[-27,-72]],[[27075,24535],[16,186],[8,60],[-2,55],[18,129]],[[25286,26039],[12,669]],[[25277,25525],[9,514]],[[25899,24873],[54,2],[0,159]],[[25953,25034],[29,-7],[2,-153],[26,0],[0,-165],[37,0]],[[26022,24208],[-11,0]],[[26011,24208],[-100,0]],[[25534,24611],[-5,-28],[1,-222],[-15,-2],[1,-273],[-15,-66],[15,-72],[-3,-91],[-7,-43],[-18,23],[-17,-94],[1,-58],[-17,-36],[5,-52]],[[29293,41502],[2,15]],[[29295,41517],[1,4]],[[29296,41521],[0,5]],[[29296,41526],[0,2]],[[29296,41528],[10,68]],[[29314,41272],[-16,7],[-15,104],[10,119]],[[10628,89463],[0,-967],[0,-662],[0,-1867],[0,-1742],[0,-536],[0,-1088],[0,-642]],[[10628,81959],[-231,0],[0,406],[-51,1],[10,89],[0,661],[-41,0],[0,165],[-53,0],[0,165],[-59,-2],[-44,54],[-40,-165],[-28,-25],[-49,7],[-7,89],[21,207],[-31,122],[37,186],[-2,71],[11,50],[-27,24],[-7,64],[-3,144],[-135,0],[-268,0],[0,27],[-160,0],[0,165],[-267,0],[-8,-64],[-52,12],[-46,-41]],[[8957,84963],[0,725],[0,758]],[[12381,74951],[4,-129],[44,41],[33,-24],[27,-50],[41,25]],[[12530,74814],[-68,-80],[-15,-40],[-18,8],[-5,-79],[-20,8],[-20,-55],[-20,104]],[[12364,74680],[-2,24]],[[12362,74704],[1,128],[18,119]],[[12321,75427],[6,7],[27,-205],[-10,2],[-23,196]],[[12252,76372],[64,-15],[173,-5]],[[12489,76352],[-4,-77],[22,-119],[79,-178],[37,-72],[37,-224],[42,-170],[50,-176],[-23,-82],[32,-212],[21,-94],[26,-146]],[[12808,74802],[-110,-518]],[[12698,74284],[-15,-72]],[[12683,74212],[-20,-94]],[[12663,74118],[-8,25],[-16,141],[-18,104],[4,65],[-26,32],[-35,168],[-10,218],[9,74],[-7,103],[32,73],[-21,160],[-4,-131],[-26,-98],[13,-70],[-12,-85],[-11,15],[-26,-33],[-57,74],[-30,1],[-27,135],[10,33],[2,127],[-26,-16],[-16,236],[-42,222],[-12,113],[12,49],[3,151],[-18,54],[-4,-94],[-34,133],[-10,188],[0,87]],[[26409,34394],[10,196],[9,91],[1,79]],[[6116,76137],[-37,-33],[-28,-77],[-35,-70],[-42,-50],[-44,-101],[-60,-99],[-38,-18],[-32,90],[-4,112],[-10,59],[-51,99],[15,111],[8,260],[-14,-2],[-23,-160],[-43,-94],[-7,-118],[5,-58],[-8,-70],[-21,-14],[14,-203],[15,-123],[6,-94],[14,-25],[-27,-166],[-28,-29],[-45,60],[-17,126],[-61,433],[-19,105],[-25,94],[-38,47],[15,92],[-18,81],[-22,-46],[-24,-136],[5,-70],[-30,-61],[-25,116],[-4,86],[-40,15],[-27,66],[-18,76],[15,63],[-22,110],[-14,2],[-36,-78],[-66,-204],[-21,-101],[-14,57],[-23,-13],[-20,-70]],[[5047,76114],[0,306],[47,0],[0,166],[15,0],[0,330],[47,0],[0,165],[46,0],[0,166],[16,0],[0,330],[48,0],[0,331],[64,0],[0,330],[48,0],[0,331],[18,0],[0,165],[48,0],[0,331],[48,0],[0,165],[19,0],[0,330],[49,0],[0,166],[49,0],[0,165],[21,0],[0,165],[296,0],[0,-165],[50,0],[0,165],[49,0],[0,165],[99,1],[0,-166],[325,0]],[[5033,75642],[8,205],[38,90],[13,-1],[36,101],[11,-15],[-18,-123],[-32,-279],[-23,-55],[-21,14],[-12,63]],[[5038,76089],[-18,-49],[-44,-55],[-12,-61]],[[4964,75924],[-9,0],[0,166],[83,-1]],[[28821,37447],[2,-192],[99,-15]],[[28793,36866],[-22,-22],[-10,36],[15,222]],[[28085,39662],[68,0]],[[28271,38903],[-12,-6]],[[28229,39227],[-11,45],[-3,87],[10,2],[1,79],[-13,19],[-15,-55],[-20,33],[-3,29]],[[24635,25366],[2,-337]],[[24632,24529],[-32,-1],[3,78],[-48,67],[-65,16]],[[24712,26031],[0,-163],[58,-2],[0,-166],[49,-1]],[[26584,32878],[11,139],[-3,68],[10,136]],[[26602,33221],[7,-16],[12,40],[17,-8],[27,114],[15,1]],[[26680,33352],[10,12],[13,-60],[7,13]],[[26600,33710],[56,-7]],[[26656,33703],[21,-119],[8,-144],[-5,-88]],[[26602,33221],[-10,35],[-8,-34],[-10,103],[-26,68],[-13,-28]],[[21901,32672],[150,-2]],[[22051,32670],[0,-332]],[[22051,32338],[0,-500]],[[22051,31838],[-150,0]],[[21901,31838],[0,834]],[[18845,44004],[129,4]],[[18974,44008],[0,-804]],[[21125,24938],[73,0],[0,165]],[[21198,25103],[74,-3]],[[25943,37175],[0,-167],[11,-105],[10,-28],[0,-142],[16,-11]],[[25980,36722],[-2,-175],[-5,-128],[-6,-31]],[[25952,36378],[-14,-75],[-8,76],[-14,30],[-13,-12],[-26,89],[-5,193],[-12,45]],[[25860,36724],[15,87],[3,131],[-3,85],[6,157]],[[30408,48056],[30,-32],[12,115],[26,-28],[1,-26]],[[30492,47542],[-5,-139],[-9,-73],[-22,-49],[-15,113]],[[30441,47394],[5,75],[-7,118],[8,78],[-2,65],[-17,-78],[-12,5],[-16,115]],[[30400,47772],[-4,36],[12,248]],[[29632,47746],[14,129]],[[29646,47875],[16,-31],[26,279],[9,6],[32,-65],[7,176],[14,-32]],[[29750,48208],[18,-40],[37,17],[36,-67]],[[15729,53738],[19,72],[9,65],[8,129],[9,62],[-1,77],[26,-104],[9,51],[-2,60]],[[15715,53835],[13,65],[6,-90],[-10,-27],[-9,52]],[[15699,54223],[0,86]],[[15769,54309],[3,-53],[-10,-109],[7,-63],[-10,-61],[-13,45],[-18,13],[7,109],[-17,-8],[-5,-85],[8,-136],[-14,-103],[-17,146],[12,108],[-3,111]],[[15648,54696],[-33,-275],[-11,-113],[-3,-102],[36,326]],[[15699,54223],[-19,-149],[8,-135],[-5,-80]],[[27258,35280],[-14,-165]],[[16270,56699],[-10,-61],[7,-81],[20,-13],[-3,-84]],[[16200,56011],[-123,0],[-263,3]],[[15814,56014],[-5,49],[-35,102],[-8,95],[-27,-36],[-3,149],[15,68],[21,-105],[17,3],[-8,184],[14,2],[9,64],[-18,88]],[[15716,56562],[8,46],[11,-76],[-14,-55],[-5,85]],[[18974,44985],[0,-977]],[[18820,44797],[4,59],[-11,138],[-3,99],[9,38],[65,0],[25,-72],[16,38],[-4,-177],[20,-7],[20,27],[13,45]],[[23977,56643],[29,-7],[71,-161],[26,6],[0,-82],[-17,-9],[-4,-61],[16,-50],[41,21],[14,-89],[-4,-94],[15,-107],[13,-144],[25,46],[-6,85],[4,103],[23,5],[12,34],[22,-18],[23,-62],[-2,-107],[32,-53],[8,-58],[18,-8]],[[24338,53425],[-14,-28],[-70,-262],[22,-155]],[[24276,52980],[-21,81],[-15,-63],[-19,-126],[-22,25]],[[24199,52897],[-3,193],[-94,5],[-117,-1]],[[23985,53094],[1,496]],[[23986,53590],[-3,158],[1,500],[-2,42],[3,623],[-6,0],[0,327]],[[23979,55240],[-4,336],[2,1067]],[[10628,79075],[0,-162],[65,-88],[69,-78],[17,169],[133,-241],[81,293],[172,32],[1,-63],[-36,-440],[41,-179],[71,-133],[25,-35],[11,-185],[12,-78],[110,-384],[174,-617],[18,-263],[12,-229],[-7,-146]],[[11597,76248],[-117,-192]],[[11480,76056],[6,63],[-6,75],[-36,150],[-46,149],[-28,57],[-76,106],[-77,217],[-44,83],[-77,127],[-77,178],[-67,168],[16,27],[30,132],[12,-51],[14,114],[27,122],[-18,61],[-22,200],[0,108],[22,49],[16,128],[-18,72],[-16,-78],[-1,-88],[-29,-50],[-16,-94],[-1,-84],[-111,-172],[-12,-52],[-26,-31],[-101,41],[-59,53],[-26,53],[-129,221],[24,91],[21,12],[7,112],[-8,69],[4,85],[-23,33],[-3,97],[-18,-28],[-16,30],[10,-150],[23,-69],[-8,-50],[-29,-32],[-25,-54],[-40,0],[-40,71],[-116,109],[-38,12],[-29,40],[-45,18],[-58,-5],[-62,-48],[-109,-37],[-48,-35],[-56,-79]],[[9822,78302],[0,72],[46,223],[149,726],[91,0],[300,1],[0,-166],[161,0],[0,-83],[59,0]],[[19104,46361],[0,107],[65,-1],[0,166],[80,-1],[2,166]],[[19251,46798],[83,-3],[0,-185],[16,0],[-1,-68],[8,-39],[-6,-86],[5,-95],[15,-170],[8,-20],[11,-90],[0,-106],[14,-4],[29,-134],[14,-38],[9,-122],[9,-17],[18,-167],[19,-32],[4,-93],[18,-1],[1,-496],[7,0],[0,-324]],[[19532,44508],[-126,-1],[-156,14]],[[19250,44521],[-42,12],[-94,1],[0,326],[-13,0],[0,499],[-9,0],[0,132],[10,0],[0,662],[2,208]],[[24378,48957],[33,-1]],[[24403,47867],[-24,72],[-18,110],[-30,83],[-11,55]],[[24320,48187],[-18,178],[-1,90],[-9,49],[-35,91]],[[24257,48595],[11,201],[4,141],[7,20],[99,0]],[[20373,49713],[0,-237],[3,-21],[0,-288],[1,-273]],[[20377,48894],[-117,-4],[-65,-9],[-197,5]],[[19998,48886],[-6,69],[-38,74],[-6,84],[-20,38],[-14,-35],[-19,65],[-4,107],[-16,36],[-6,106],[-9,55],[3,78],[-8,36],[1,99],[-9,29]],[[15809,55927],[5,87]],[[15812,55021],[0,57],[15,76],[9,195],[22,42],[3,94],[-35,147],[-6,72],[-1,151],[-7,30]],[[27600,38184],[53,50],[9,189],[10,82]],[[27805,38204],[-5,-63],[-25,10],[3,-58],[-10,-25],[-16,-86],[8,-115],[-14,-121],[-18,-102]],[[27555,37119],[17,261],[-26,323]],[[27546,37703],[12,93],[30,4],[8,181],[-3,108],[7,95]],[[27421,38467],[7,-10],[13,97],[17,49]],[[27540,38483],[-5,-173],[0,-100],[-19,-164],[-7,-203],[5,-78]],[[27514,37765],[-18,22]],[[27066,26094],[45,81]],[[27127,25228],[-9,162],[-22,71],[-21,-12]],[[27075,25449],[3,34],[11,246],[-15,104],[0,82],[-16,49]],[[27058,25964],[8,130]],[[27059,27883],[4,-25]],[[27063,27858],[7,-87],[17,-45],[-1,-158],[-4,-30],[10,-76],[15,-26],[5,-84],[-4,-37]],[[17502,53415],[0,166]],[[17502,53581],[0,748]],[[17502,54329],[0,908]],[[17502,55237],[0,243],[13,79],[14,19],[20,-91],[16,3],[15,-87]],[[26856,27327],[2,-29]],[[26711,27201],[13,169],[23,69],[-5,82]],[[27208,24364],[7,-10],[9,-102],[22,26],[26,-8],[20,-100],[-1,-55]],[[27291,24115],[-13,-32],[18,-70],[-33,-280],[3,-144]],[[22756,54821],[-115,0]],[[22641,54821],[0,665],[-6,0],[1,332]],[[23156,39364],[69,0],[0,166]],[[23225,39530],[62,0]],[[23287,39530],[-1,-166],[0,-280]],[[23286,39084],[-6,0],[0,-387]],[[23280,38697],[-124,1]],[[18657,56357],[14,-21],[16,-60],[11,32],[13,-26],[0,-84],[54,-2],[0,-83],[36,0],[0,-248],[72,0]],[[18873,55698],[0,-276]],[[27084,23121],[9,-15],[3,-248],[-3,-155]],[[27052,21814],[-15,11],[-18,-17],[-11,125],[2,115],[-11,101],[8,58]],[[27007,22207],[18,412],[-8,12],[-68,8],[2,417],[79,-6]],[[22167,37044],[93,2],[61,-4]],[[22321,37042],[0,-166],[33,0]],[[22354,36876],[0,-497],[-30,-1]],[[22324,36378],[-92,1],[0,166],[-61,-1]],[[22171,36544],[0,334],[-4,0]],[[22167,36878],[0,166]],[[28127,32050],[9,-37],[10,-206],[17,-34]],[[28163,31773],[-25,-319],[-1,-134],[-16,-11],[-8,-42],[-13,-9],[-5,-52]],[[24948,40425],[7,-57],[0,-222]],[[24955,40146],[-33,-2],[-1,-111],[-19,-28],[-63,0]],[[24839,40005],[0,394]],[[26309,36026],[12,21],[3,-83],[30,-64],[9,38]],[[26385,35398],[-8,16],[-50,236],[-1,31]],[[26326,35681],[-11,65],[-2,55],[-11,30]],[[26302,35831],[12,23],[-5,172]],[[26453,26253],[22,304]],[[26475,26557],[64,-3]],[[26592,26256],[-18,2],[-66,-311]],[[26508,25947],[-19,123],[2,87],[-11,64],[-27,32]],[[27063,27858],[100,539]],[[27163,28397],[23,120]],[[27186,28517],[19,-133],[12,-20],[12,-120],[14,-11],[50,-144]],[[27293,28089],[-52,-310]],[[27241,27779],[-107,-558]],[[16076,42448],[32,1]],[[16108,42449],[0,-502],[3,-28],[0,-779],[-2,-99]],[[16039,36558],[1,67],[11,42],[2,80],[16,126],[17,-53],[19,-7],[21,46],[13,-15],[13,20],[31,85],[10,1]],[[16221,36525],[0,-363],[1,-264],[-9,-19],[-11,42],[-9,-36],[-21,0],[-28,-87],[-75,-408]],[[27769,39660],[-80,-1]],[[27689,39659],[-42,0]],[[26758,30659],[27,51]],[[26816,30764],[-11,-143],[10,-87],[1,-248],[5,-29],[-4,-102],[11,-22],[4,-194]],[[26831,29930],[-3,-18]],[[26790,29664],[-17,28]],[[26773,29692],[-14,81]],[[26759,29773],[-21,137],[-15,6],[-6,50],[-24,95]],[[22863,25984],[14,-1]],[[22877,25983],[141,-6]],[[23018,25977],[6,-24],[0,-94],[9,-94],[10,-35],[-3,-109]],[[22916,25078],[-12,-42],[-41,407]],[[22863,25443],[0,541]],[[21213,23738],[-102,-732],[-58,-421]],[[21053,22585],[-145,646]],[[20908,23231],[4,297],[18,1409]],[[24200,40101],[31,4],[62,-10]],[[24293,40095],[32,-2]],[[24325,40093],[-2,-553]],[[24323,39540],[-94,9],[-1,-112],[-31,2]],[[24197,39439],[3,662]],[[29083,45651],[32,-64]],[[29115,45587],[-6,-150],[11,-237],[-23,-207]],[[25490,31819],[2,-85],[-10,-32],[-1,-81],[-8,-42]],[[25473,31579],[-4,16],[-37,-30],[-11,-26],[-19,-4],[-9,-70]],[[25393,31465],[-10,40],[4,52],[11,21],[4,73],[-17,192],[4,73],[-4,120],[13,74],[5,103]],[[18808,39835],[5,-56],[11,1],[0,-84],[-37,-87],[1,-447],[-10,0],[1,-147],[-49,-3],[-10,-29],[0,-56],[-16,-43]],[[18704,38884],[-16,29],[-33,0],[-1,375],[-5,53],[-116,-3],[-82,0],[-249,0],[0,-16],[-64,-2]],[[18138,39320],[0,692]],[[30343,48694],[-10,-35],[3,-148],[-19,-290],[-43,-287],[2,-54]],[[30276,47880],[-8,18],[-10,-68],[-14,48],[-5,61],[7,113],[-10,93],[-55,-179],[29,-220],[-11,-140],[-13,-62],[6,-80]],[[30134,47423],[-6,939]],[[30108,50308],[14,9],[22,55],[10,-51],[-1,-62],[10,-85],[8,-11],[6,90]],[[16297,51132],[18,17],[23,-88],[29,-2],[34,42],[20,9],[11,69],[28,44],[19,52]],[[16479,51275],[0,-562],[-1,-1],[-1,-495],[35,-1],[0,-168],[34,0],[0,-167],[-8,-26]],[[16538,49855],[-67,-5],[-130,6]],[[16242,57354],[237,-2],[159,2],[165,0]],[[16799,55366],[-34,-28]],[[16765,55338],[-2,36]],[[16763,55374],[9,108],[-15,49],[-7,133],[-8,44],[-19,25],[-36,-91],[-12,24],[-8,-35],[-5,-91],[-16,2],[-10,50],[-18,11],[-4,-37],[-29,-126],[-20,67],[6,69],[-22,67],[-41,-101],[8,-82],[-1,-89]],[[16763,55374],[-34,-1],[-6,-84],[-24,-57],[0,-166],[-12,-111],[-12,-27],[0,-110],[-12,-111],[-18,1],[-36,-162],[0,-165],[-95,-7],[0,-56],[-12,-28],[0,-56],[-24,-84],[-1,-191]],[[17086,55114],[0,-1078]],[[17047,54036],[-134,1],[-150,1]],[[16763,54038],[1,732],[1,568]],[[26886,25914],[41,-27],[33,-110],[-8,-166]],[[26865,25527],[-3,62],[10,144],[3,82],[11,16],[0,83]],[[13117,70761],[10,121],[14,-134],[-8,-81],[-16,94]],[[12979,71438],[20,103],[24,-67],[-25,-96],[-19,60]],[[12981,72065],[24,30],[8,75],[38,54],[7,89],[18,88],[28,-2]],[[13104,72399],[-3,-32],[70,-129],[-8,-100],[12,-97],[7,-197],[71,24],[30,-113],[83,-197],[24,-83]],[[13080,70003],[-10,210],[12,-8],[2,121],[31,13],[-6,77],[13,61],[-6,79],[8,68],[21,17],[3,57],[-7,121],[2,212],[42,35],[-14,74],[-18,-71],[-22,-20],[-3,-94],[-13,-33],[-14,96],[-16,-15],[23,-105],[-15,-38],[-20,-6],[19,-138],[7,-125],[-40,-12],[-12,-91],[3,-49],[-18,-23],[-8,64],[11,84],[-23,48],[1,125],[-15,86],[-16,-14],[-9,41],[-16,-87],[-22,212],[7,44],[-6,92],[12,49],[20,-3],[8,110],[12,80],[27,27],[16,-84],[-6,-135],[19,-4],[-10,90],[7,112],[-7,61],[8,43],[-12,92],[-4,74],[39,-65],[5,-99],[16,3],[-9,110],[-41,135],[-2,128],[-32,16],[-24,49],[9,130],[-6,35]],[[12838,71378],[18,142],[14,45],[23,7],[13,-29],[21,31],[22,-30],[13,-102],[-15,-73],[6,-138],[-20,-41],[-40,-46],[-22,109],[-32,79],[-1,46]],[[24750,48115],[0,178]],[[24750,48293],[115,2]],[[24750,47134],[1,173]],[[24751,47307],[-1,808]],[[19649,49726],[104,0]],[[19998,48886],[20,-121],[-1,-71],[17,-39],[11,15],[5,-167],[11,-66],[-1,-302]],[[20060,48135],[-160,4],[-112,1],[-119,0]],[[19251,47834],[0,-1036]],[[19104,46361],[-65,-1],[0,151],[-65,3]],[[18974,46514],[0,353]],[[18974,46867],[0,920]],[[17510,48667],[-5,-46],[-4,-137],[-4,-51],[1,-86],[-4,-240],[-26,1]],[[17468,48108],[-124,2]],[[17254,48394],[8,67],[-15,114],[8,58],[-3,100],[23,126],[13,227],[15,154],[30,74],[10,108]],[[26062,30628],[36,-3]],[[26129,30626],[-19,-207],[-5,-83],[0,-138],[-11,-114],[0,-57],[-12,-87]],[[26779,37761],[15,1],[23,59],[7,-55],[6,-253],[9,-47]],[[26839,37466],[25,-25],[17,-99]],[[26881,37342],[-29,-137],[-13,-114]],[[23856,48855],[67,1]],[[23923,48856],[0,-137],[68,0]],[[23991,48719],[-1,-525]],[[23990,48194],[-1,0]],[[23888,48193],[-33,0]],[[23855,48193],[1,662]],[[23406,51173],[0,28]],[[23406,51201],[138,1]],[[23544,51202],[103,2]],[[23647,51204],[4,-63],[14,-78],[1,-156],[15,-115]],[[23681,50792],[3,-126],[26,-134]],[[23650,50267],[-34,-2],[0,84],[-106,-1]],[[23510,50348],[1,165],[-103,-1]],[[23788,49040],[8,11],[20,94],[13,22],[-1,102],[12,62],[17,21]],[[23910,49327],[3,-140],[0,-166],[11,1],[-1,-166]],[[23856,48855],[-108,0]],[[23748,48855],[6,102],[20,69],[14,14]],[[26085,35528],[20,251],[14,85]],[[26222,35675],[-3,-164]],[[26219,35511],[-1,-241],[-8,-10]],[[26210,35260],[-15,75],[-12,21],[-14,-37],[-7,-46],[-30,96],[-31,-10]],[[26509,36068],[11,14],[-1,-85],[24,-92],[13,25],[15,-16],[16,-77]],[[26587,35837],[-8,-3],[-21,-99],[-2,-51],[-21,-178]],[[26519,36246],[24,-49],[18,-4],[13,29]],[[26612,36045],[-21,-208]],[[26591,35837],[-4,0]],[[21406,24272],[1,-528],[3,-550]],[[21386,23196],[-11,71],[0,132],[-23,126],[-26,22],[-19,109],[-27,-66]],[[22052,29178],[63,-250],[33,11],[22,-66],[10,-3],[18,44]],[[22198,28914],[0,-480]],[[22198,28243],[-5,64],[-14,49],[-16,-10],[-9,51],[-18,24],[-16,-38],[-23,54],[-45,1]],[[22052,28438],[-14,0]],[[22038,28438],[0,751],[14,-11]],[[15890,35360],[16,-37],[5,31]],[[16069,35390],[0,-112],[17,-64],[-3,-59],[4,-87],[-10,-31],[-3,-90],[9,-53],[5,-126],[14,54],[7,-35],[26,-16],[2,-43]],[[15880,35016],[-14,138],[3,139],[21,67]],[[15716,39016],[168,4],[0,55],[36,-2],[-1,-56],[34,0]],[[27383,17972],[-64,1],[-157,-2]],[[25844,23019],[56,0]],[[25900,23019],[42,-2]],[[25942,23017],[-1,-550],[54,-3]],[[25995,22464],[-7,-74],[-12,-52],[13,-285],[-14,-94],[-18,-17],[-3,-77]],[[25954,21865],[-1,-229]],[[25953,21636],[-54,124],[-35,62],[-23,23]],[[25841,21845],[1,226],[2,948]],[[26488,21645],[0,-340]],[[26488,21305],[-45,-19],[-27,-92],[-8,-94],[-19,-22]],[[27726,29319],[9,-15],[15,-113]],[[27812,28367],[-16,38],[-17,-66],[-15,-17],[-43,74],[-21,1],[-5,39],[-15,1],[-10,90],[-12,5]],[[27631,28649],[22,79],[-3,28],[-27,86]],[[27403,27188],[81,293],[5,-103],[16,-43],[18,0]],[[27512,26574],[1,130],[-6,77],[2,151],[-34,44],[-13,-23],[-12,18],[-19,135],[-13,63],[-15,19]],[[22656,22851],[57,-68],[86,-225]],[[22799,22558],[13,-32],[32,-531]],[[22794,21891],[-10,32]],[[23368,24160],[18,-43],[9,28],[9,-86],[13,-40],[0,-95],[11,-2],[16,-80]],[[23323,23141],[-51,-244]],[[23231,23210],[-3,79],[13,54],[-5,84],[6,31],[0,89],[20,112],[-16,179],[0,58],[-8,95]],[[22519,14989],[94,-4]],[[22621,14662],[-4,-115],[-4,-28],[-6,-167],[40,-29],[0,-163]],[[22647,13629],[-2,-24],[-27,-11],[-10,26],[-10,-46],[-19,51],[-11,-35],[-8,49],[-21,-6],[-6,81],[-14,7],[-5,63],[-12,10],[-17,82],[-5,50],[-11,-30],[-24,91]],[[22429,20637],[64,367]],[[22493,21004],[33,192]],[[22526,21196],[74,-362],[9,-183]],[[19055,55865],[36,0],[0,166],[109,-2],[108,1],[2,-161],[31,0],[0,-169],[54,3]],[[19087,54334],[0,56],[-36,0],[0,152],[-25,-2],[-22,42],[-9,47],[-21,38],[0,36],[19,169],[-120,-1]],[[26758,30659],[-12,101],[1,75],[-21,128],[-1,150],[-14,-21],[-18,196]],[[26521,29387],[-7,94],[1,67]],[[26515,29548],[25,96],[13,70]],[[26616,29574],[-15,-125],[14,-135]],[[26492,29071],[6,49],[14,3],[17,160],[-8,104]],[[26886,25914],[23,38],[-8,89],[35,129],[-9,76],[13,82],[5,62]],[[27026,26487],[17,-286],[23,-107]],[[27058,25964],[-14,41],[-19,-76],[-9,-88],[-2,-77],[-18,-153],[6,-66]],[[28502,32030],[1,-27],[57,-1]],[[28560,32002],[10,-67],[4,-94],[14,-72],[19,-48]],[[28607,31721],[-16,-48],[-20,14],[-11,-52],[12,-59],[-3,-50],[8,-130],[-19,31],[-18,48],[-16,-4],[-59,108],[4,-94],[11,28],[23,-48],[12,-63],[23,-29],[10,-49],[20,-27]],[[28568,31297],[-1,-107],[-5,-84],[-59,-37],[-15,72]],[[28488,31141],[-17,90],[-64,224]],[[27115,24965],[18,63]],[[27133,25028],[12,79]],[[27290,24414],[3,-46],[14,-35],[2,-99],[-9,-116],[-9,-3]],[[28568,31297],[18,-18],[13,-38],[4,-107],[-12,-124],[-21,24],[17,-100],[-8,-89],[-39,-179],[-17,-53],[-14,-11],[-35,153]],[[28474,30755],[3,115],[-11,42],[4,123],[18,106]],[[22937,17621],[1,9]],[[22928,17425],[-30,-200],[-26,-207],[6,125],[8,30],[10,170],[10,73],[2,62],[14,86],[13,-38]],[[22867,17121],[6,-43],[-4,-52]],[[22946,17918],[-3,-82]],[[22940,17730],[-10,-78],[-24,-106],[-14,2],[-12,46],[2,100]],[[22826,17451],[23,-90],[10,97],[13,28],[5,-32],[-2,-91],[-25,-242]],[[23205,27625],[0,99]],[[23359,27564],[-1,-1]],[[23204,27262],[1,363]],[[26270,49948],[34,-3],[1,166]],[[26305,50111],[102,-6]],[[26407,50105],[-1,-656]],[[26406,49449],[-133,6]],[[26273,49455],[-1,327],[-2,166]],[[27780,35648],[16,-51],[12,-141],[11,-30],[16,10],[15,-77]],[[27850,35359],[-16,-35],[3,-101],[-7,-74]],[[27666,34901],[-3,79],[3,81]],[[27454,34938],[36,77],[14,59]],[[27504,35074],[29,100],[18,-52]],[[27551,35122],[1,-62],[18,-155],[4,-218]],[[27574,34687],[-29,-66],[-18,-99],[-47,-46],[-8,-34]],[[27472,34442],[-1,139],[-9,61]],[[27462,34642],[14,84]],[[27476,34726],[-24,156],[2,56]],[[28332,38705],[-13,-73],[-6,-68],[18,-134],[37,-35]],[[28191,38311],[28,128],[10,98]],[[28122,36628],[11,-3],[19,44],[18,-34],[10,5],[14,-36]],[[28237,35862],[-9,45],[-16,15],[-17,165],[-12,19],[-7,67],[-13,23]],[[28163,36196],[-68,194]],[[22526,43512],[1,-497]],[[22527,43015],[0,-166]],[[22527,42849],[-126,1]],[[22401,42850],[-2,0]],[[22399,42850],[0,660]],[[28930,38182],[2,-63],[32,-203],[30,-66],[4,-212],[5,-400]],[[28820,37589],[-5,371]],[[24278,23651],[-8,33],[-14,-15]],[[24357,23114],[-7,-48]],[[28904,39803],[-3,11]],[[28999,39369],[-38,188],[-13,-5],[-36,118],[-8,133]],[[28983,42039],[-3,42],[29,93],[17,104]],[[29026,42278],[55,-349]],[[24250,38407],[132,-10]],[[24382,38397],[-3,-678]],[[24379,37719],[-24,5],[-8,-40],[-15,-6],[-15,-34],[-21,-128],[-18,-50]],[[24278,37466],[-17,-25],[-12,8],[-24,73],[-6,82]],[[18058,52892],[141,1]],[[18199,52893],[7,-59],[-3,-78],[-17,-154],[13,-187],[13,-97],[-1,-136],[9,-31],[-6,-83],[-14,-50],[11,-43],[-3,-51],[12,-76],[-14,-144],[32,-4],[7,-105],[15,-58],[25,-19]],[[28051,46620],[2,-296],[-2,-167]],[[28051,46157],[0,-76]],[[28051,46081],[-24,8],[-14,-40],[-10,45],[-30,-49],[-16,-8],[-10,-88],[-31,92],[-19,1]],[[27897,46042],[-16,18],[9,126],[-3,211],[19,45],[38,65],[60,87],[41,33],[6,-7]],[[26025,36019],[11,-1],[15,43],[18,95],[25,204]],[[26094,36360],[25,-97],[65,61]],[[26111,36604],[-11,-43],[-12,-159],[6,-42]],[[25969,36375],[17,83],[46,86],[43,-25],[36,85]],[[26287,36321],[-6,-37],[17,-146],[13,-23]],[[26311,36115],[-2,-89]],[[26302,35831],[-78,-66]],[[12229,74840],[-2,8]],[[12227,74848],[2,-8]],[[12199,77089],[93,-7]],[[12292,77082],[19,-125],[72,-61],[6,-108],[32,-116],[23,0],[28,-177],[-7,-113],[24,-30]],[[12252,76372],[-9,107],[0,89],[-24,238],[-23,127],[3,156]],[[12100,77813],[93,-702]],[[12193,77111],[-11,-223],[18,-83],[-14,-23],[-23,89],[-15,-26],[21,-91],[8,-116],[18,-40],[-6,-104],[-1,-123],[8,-96],[25,-199],[12,-70],[0,-106],[13,-64],[15,-137],[-15,-49],[21,-198],[20,-359],[-17,-73],[13,-126],[-29,19],[-17,52],[-24,18],[-24,151],[-15,243],[-11,90]],[[12163,75467],[15,28],[23,-44],[-3,83],[-16,185],[-30,48],[-5,80],[-28,43],[-23,81],[5,112],[52,117],[-22,75],[11,77],[-36,131],[-7,72],[3,60],[-18,73],[-11,-6],[-23,81],[-20,1],[-42,53],[-4,-36],[-35,73],[-28,12],[-27,59],[-9,-9]],[[11885,76916],[6,47],[-2,347],[29,-31],[19,28],[18,114],[0,67],[-32,77],[45,77],[67,42],[65,129]],[[28426,38159],[0,1]],[[30180,44512],[12,-33]],[[30192,44479],[-13,-91],[-7,74],[8,50]],[[30120,44588],[7,2]],[[30129,44588],[-4,-36],[22,-66],[10,24]],[[30157,44510],[-5,-204],[-43,-119]],[[30109,44187],[-79,-210],[-5,0]],[[30109,44187],[8,-252],[15,-72],[6,-123],[-17,-85],[3,-71],[29,23],[10,-59],[12,-251]],[[30175,43297],[-25,-29],[-1,-123],[-29,-98],[-23,0]],[[30077,43386],[-9,67]],[[30068,43453],[-10,80],[-15,45]],[[25974,25460],[-18,-4],[-4,-41],[1,-381]],[[30060,45410],[3,11]],[[30182,45669],[3,-173],[10,-135],[-2,-38],[24,-67],[13,64],[13,-72],[-10,-98],[-21,-53],[-44,-46],[6,-104],[-13,-63],[-19,-33]],[[28777,48588],[49,-154],[66,-200]],[[28892,48234],[-27,-219],[17,-55],[-5,-123],[-14,-3],[2,-77],[-17,7],[-43,-176],[-23,10],[-2,-176],[17,-7],[4,-189]],[[28801,47226],[-70,34],[1,-74],[-50,23]],[[28682,47209],[-3,140],[-7,119],[-17,76],[19,59],[8,-42],[21,63],[-1,67],[-20,108],[20,58],[-5,66],[-20,22],[5,-77],[-18,-60],[-10,37],[0,68],[-16,52],[-3,53],[16,180],[19,9],[22,69],[1,78],[18,36],[27,92],[8,-9],[31,115]],[[12905,68644],[30,35],[27,-116],[-4,-119],[8,-77],[-19,-18],[-8,93],[-23,79],[-11,123]],[[12834,70878],[21,57],[7,-117],[-26,21],[-2,39]],[[12730,69809],[11,70],[13,11],[23,-49],[-5,-130],[-28,-2],[-14,100]],[[12684,69653],[23,83],[3,67],[26,-73],[-5,-105],[-29,-15],[-18,43]],[[12675,69987],[21,112],[9,-76],[-21,-118],[-9,82]],[[12665,69380],[19,108],[-8,55],[24,40],[40,21],[1,-74],[-21,-38],[-23,-98],[-10,-120],[-16,47],[-6,59]],[[12630,70614],[20,132],[23,116],[6,59],[27,53],[-25,144],[1,53],[-10,123],[11,91],[57,-58],[22,17],[47,-16],[28,-158],[10,-134],[-22,-187],[14,-67],[37,35],[2,-71],[24,19],[29,-95],[5,-47],[28,-96],[41,-239],[-6,-46],[13,-76],[1,-93],[14,-1],[10,-51],[8,-130],[14,-65],[22,-51],[-9,-57],[-54,105],[-18,79],[-20,-142],[40,18],[12,-67],[26,-70],[14,-118],[22,-68],[16,-152],[-27,-81],[24,-49],[16,144],[15,-28],[5,-157],[-16,-70],[11,-59],[-26,-58],[0,-70],[-15,-41],[-1,-62],[36,84],[13,-138],[-2,-209],[5,-116],[-15,-60],[-2,-91],[-28,-38],[-14,2],[-43,100],[-12,50],[-27,46],[6,67],[22,-21],[3,85],[-20,64],[-28,-1],[-26,143],[8,131],[12,109],[-14,110],[-29,-51],[-4,-65],[9,-89],[-4,-53],[-19,-43],[-36,76],[9,111],[-15,58],[5,62],[-14,33],[2,67],[-21,-14],[-6,66],[-18,45],[2,-103],[23,-161],[-1,-148],[17,-56],[0,-79],[13,-56],[-2,-46],[46,-192],[9,-97],[-1,-144],[-36,-2],[-15,160],[-11,12],[-16,77],[-21,181],[-20,37],[-5,167],[-20,119],[10,93],[-15,160],[-24,-30],[-12,45],[-21,-5],[-1,179],[55,72],[11,49],[19,-34],[9,67],[-2,185],[-16,107],[-2,66],[-29,4],[-32,71],[-3,63],[10,39],[-8,66],[-20,86],[0,-105],[-10,-23],[-32,68],[-16,105],[12,75],[21,27],[26,-47],[1,-44],[43,32],[-6,148],[-31,46],[-12,83],[12,79],[-36,-49],[-13,-91],[-16,-17],[-29,17],[-4,66]],[[12628,69641],[12,48],[12,161],[20,8],[23,-40],[-24,-189],[-17,61],[-26,-49]],[[12594,70513],[18,71],[11,-89],[-9,-92],[-16,46],[-4,64]],[[12476,70530],[9,34],[20,-4],[10,-39],[22,32],[5,-45],[-51,-137],[-1,79],[-14,80]],[[12767,72626],[17,-145],[-62,-128],[-1,-212],[-22,-15],[17,-67],[7,-116],[15,-63],[-6,-67],[10,-170]],[[12742,71643],[0,-38]],[[12742,71605],[0,-28]],[[12742,71577],[-26,-44],[-43,19],[-8,253],[-13,-38],[-32,48],[-6,-121],[4,-83],[-13,-73],[8,-89],[-8,-49],[16,-32],[5,-51],[-13,-90],[-1,-100],[-21,-34],[6,-78],[-7,-140],[-16,-9],[-8,59],[6,90],[-10,100],[-10,27],[-2,-181],[-9,-134],[-28,6],[7,66],[-14,28],[11,85],[-10,23],[-10,341],[16,105],[-3,90],[9,38],[16,-75],[9,40],[-22,159],[-24,35],[-5,69],[8,48],[-15,51],[-19,151],[3,63],[-9,139],[19,113],[17,29],[37,-116],[4,57],[-20,48],[23,96],[25,-60],[13,-183],[17,-62],[20,-19],[25,52],[-27,95],[-6,50],[5,62],[-7,69],[-38,128],[7,96],[37,54],[42,-39],[8,-28],[27,-10],[54,-98],[24,3]],[[12393,71186],[4,-103],[-4,-64]],[[12393,71019],[0,167]],[[13624,70885],[40,50],[28,-219],[-4,-183],[-18,-172],[-19,-103]],[[13234,68883],[16,79],[-2,72],[7,79],[-10,136],[22,60],[23,-100],[14,-15],[13,-174],[-6,-58],[4,-90],[-9,-56],[-29,1],[-4,61],[-28,-96],[-10,34],[-1,67]],[[18336,25900],[0,-889]],[[18336,25011],[-116,248],[-139,295],[-157,325],[6,129],[-5,106],[13,48],[12,145]],[[22247,46865],[140,-1]],[[22387,46864],[25,0]],[[22578,46287],[9,-54]],[[22587,46233],[-9,-154],[-1,-165],[5,-43],[-5,-82],[0,-104],[-11,-80]],[[22566,45605],[-44,83]],[[22522,45688],[-44,124],[-8,97]],[[22470,45909],[-8,78],[-26,66],[-20,5],[-23,132],[-26,31],[-3,123],[-5,39],[-24,23],[-24,118],[-24,204],[-28,18],[-14,44],[2,75]],[[23549,48688],[194,2]],[[23743,48690],[-9,-138],[4,-87],[-12,-83],[-6,-106]],[[23279,55776],[3,-291]],[[23282,55485],[0,-165]],[[23247,55324],[0,54],[-146,-3],[-70,2]],[[21494,48793],[0,2]],[[21755,47809],[-166,0],[-97,-1]],[[21492,47808],[0,666],[2,319]],[[23577,20259],[0,10]],[[23620,20277],[-73,-199],[-21,-93],[-8,-71],[-9,47],[29,166],[10,-3],[19,105],[14,-37],[10,87]],[[23410,19386],[7,57],[43,196],[19,130],[22,35],[8,56],[11,-12],[-18,-89],[-27,-106],[-65,-267]],[[23440,20264],[6,-56],[23,-45],[-11,-55],[17,-65],[1,-89],[-3,-157],[-7,-44],[-14,-3],[-17,-129],[-7,-29]],[[23428,19592],[-5,65],[-43,447],[4,173]],[[27085,36426],[-13,-64],[19,-31],[14,-52],[21,-22],[8,-76],[-5,-47],[17,-119],[15,43],[15,-83]],[[27577,38747],[40,11],[36,98]],[[27653,38856],[24,-132]],[[27600,38184],[9,53],[-4,120],[-17,0],[-11,95],[-17,48]],[[18514,47765],[0,-665]],[[18514,47100],[-1,-158],[-32,-8],[0,-165],[-34,0],[-3,-157],[0,-157],[-17,0]],[[20577,30737],[0,333],[184,0],[141,-1],[0,-141]],[[20902,30928],[-1,-691]],[[20689,29412],[-118,1]],[[20571,29413],[0,495],[6,-1],[0,830]],[[17241,49879],[134,-4]],[[27242,38937],[28,84],[13,0],[10,85],[18,52]],[[27278,38796],[-7,53],[-16,10],[-13,78]],[[22691,53997],[70,-2]],[[22809,52833],[-112,1]],[[22697,52834],[0,664],[-7,1],[1,498]],[[22160,26762],[39,0]],[[22199,26762],[104,0]],[[22303,26762],[0,-844]],[[22303,25918],[-5,0]],[[22298,25918],[-138,0]],[[22160,25918],[0,844]],[[22162,39366],[150,2]],[[22312,39368],[6,0]],[[22318,39368],[-1,-830]],[[22317,38538],[-152,-1]],[[22165,38537],[-4,0]],[[22161,38537],[1,829]],[[26718,35748],[-37,42],[-10,-2],[-11,-115],[-10,-21],[-8,37]],[[26642,35689],[-26,54],[-25,94]],[[18199,52893],[44,-5],[0,110],[33,1],[2,53],[18,1],[0,110],[17,0],[0,56],[32,0]],[[28849,42406],[17,122],[10,14]],[[29019,42274],[7,4]],[[28885,41745],[-28,261],[21,68],[-33,224],[-9,34]],[[28836,42332],[13,74]],[[28264,37066],[-19,61],[-5,-33],[-34,11],[-4,-33],[-36,-88],[-12,-13]],[[28154,36971],[-5,81],[5,97],[-38,244]],[[24106,21299],[1,106],[9,97],[-7,31],[-4,196],[1,123],[8,89],[-10,100]],[[21414,25103],[21,-1]],[[21435,25102],[122,1]],[[21557,24272],[-143,0]],[[28277,35546],[11,26],[-11,121],[7,124]],[[28342,35324],[0,93],[9,40],[-3,62],[-13,101],[-10,-56],[-14,35],[-17,-68]],[[27385,34752],[15,62],[19,35],[35,89]],[[27476,34726],[-18,-11],[4,-73]],[[27472,34442],[-15,-79],[-10,-22]],[[27447,34341],[-14,-70],[-16,-31]],[[27417,34240],[-26,191],[-16,92],[-6,88]],[[27369,34611],[-5,79],[21,62]],[[24435,28903],[-15,-13],[-15,63],[-14,-35],[-3,77],[-22,81],[-10,6],[-5,-152],[-58,-1],[0,-56]],[[24215,28869],[0,322],[6,-1],[1,500]],[[24287,28187],[0,-333],[-9,-1],[5,-250]],[[24183,27414],[-9,75],[17,249],[2,156],[-4,126],[2,125],[-3,48]],[[24553,21736],[-34,4]],[[24519,21740],[-3,30],[-19,3],[-5,32],[11,117],[1,168],[-3,30],[-15,-33],[5,91],[-20,78],[5,106]],[[23719,24899],[-8,36],[0,376]],[[29236,42353],[86,-260],[3,0]],[[29318,41941],[-4,-67]],[[29314,41874],[-14,-162]],[[29300,41712],[-8,37],[-13,-20],[-9,-54],[-16,16]],[[19083,53203],[-27,69],[-3,70],[-27,50],[0,45],[-15,65],[-23,47],[-21,1],[-3,157],[-21,1],[0,-146],[-36,-21],[-71,-1],[0,-166],[-33,0]],[[19924,36954],[38,0],[0,699]],[[19991,38773],[12,-158],[16,-37],[6,-67],[58,0],[22,-107],[6,-65],[16,-69],[29,-27],[17,129],[24,-3],[16,-88]],[[19943,36659],[2,22],[-8,177],[-13,96]],[[25906,41264],[84,6]],[[25990,41270],[0,-303]],[[25990,40967],[-106,-7],[0,-56]],[[25884,40904],[-18,28],[0,83],[-19,0]],[[25847,41015],[1,247]],[[23468,45074],[132,-3]],[[23600,45071],[0,-163],[12,0],[0,-504]],[[23612,44404],[-64,0]],[[23548,44404],[-64,1]],[[23484,44405],[0,504],[-16,0],[0,165]],[[27426,32284],[4,378]],[[27430,32662],[55,-9]],[[27485,32653],[9,30],[13,-88],[7,-83]],[[28511,43223],[166,-92]],[[28677,43131],[-18,-315]],[[28659,42816],[-7,-126]],[[28652,42690],[-28,-4],[-11,-62]],[[28613,42624],[-40,55],[-44,193],[-18,351]],[[26950,23825],[20,25],[33,192]],[[26987,23458],[-9,13],[-19,114],[-1,141],[-8,99]],[[25699,24614],[1,-148]],[[25700,24466],[-24,-66],[-20,-26],[2,-52],[-10,-48],[-12,-19],[-9,-231],[-12,-122],[-6,-7],[-18,-100],[-18,-160],[-9,-31],[-10,-78]],[[25554,23526],[-17,0],[-19,-63],[-16,33]],[[28673,39660],[6,-66],[14,-71],[24,-202]],[[28717,39321],[-13,-104],[14,-26],[-5,-58],[-30,-147],[-26,-97],[-6,136],[-13,3]],[[28566,46709],[36,109],[22,92],[33,-18],[15,29],[9,87],[1,201]],[[28801,47226],[5,-417]],[[28605,46346],[-1,55],[-35,-5],[-3,313]],[[26210,35260],[-16,-56],[-9,-141]],[[26185,35063],[-8,-72],[-22,-24],[-12,-37],[-11,-92]],[[26132,34838],[-35,326],[-29,131],[0,72]],[[25646,35264],[-1,124],[18,152]],[[25723,35878],[51,-145]],[[25701,34876],[-6,55],[-17,54],[-1,90],[-12,89],[-11,13],[-9,-79],[-10,24],[12,66],[-1,76]],[[23355,57351],[47,0],[0,735],[26,-59],[28,32],[29,-88],[8,-57],[15,-331],[6,-41],[18,-410],[-5,-114],[3,-80],[29,-123],[38,-48],[6,16]],[[23603,56783],[1,-636]],[[23604,56147],[-218,-3],[-1,332],[-36,0]],[[23349,56476],[0,330],[70,0],[0,396],[-13,-49],[-27,-26],[-15,31],[-9,72],[0,121]],[[23401,43062],[32,-1]],[[23528,43060],[0,-660]],[[23465,42401],[-64,1]],[[23401,42402],[0,660]],[[24038,43068],[32,1]],[[24070,43069],[96,1]],[[24166,43070],[0,-663]],[[24166,42407],[-64,-1]],[[24102,42406],[-64,-1]],[[24038,42405],[0,663]],[[22896,28886],[0,194],[10,0]],[[22906,29080],[73,-1],[16,-39],[8,-71]],[[23002,28550],[-24,33],[-5,-119],[-19,-48],[-9,84],[-11,12],[-10,-42],[-8,83],[-1,71],[-10,39]],[[22905,28663],[0,112],[-9,0],[0,111]],[[26645,23654],[14,-2],[8,46]],[[26628,23179],[8,176],[10,68],[-1,231]],[[27002,25545],[57,-76]],[[27059,25469],[13,-377],[25,-59],[36,-5]],[[25367,30452],[14,26],[21,-45],[10,-67],[5,-82],[23,-120],[9,-18],[21,31],[6,47],[26,50],[10,44],[15,20],[28,-62]],[[25555,30276],[-2,-157],[-5,-41],[0,-90],[-9,-2],[-7,-118],[-6,-36]],[[25526,29832],[-124,17],[-46,11]],[[25356,29860],[11,592]],[[16478,38888],[0,245]],[[16479,39662],[1,447],[0,1036],[-1,711],[0,593]],[[16479,42449],[1,829],[-1,718]],[[16479,43996],[35,4],[144,-6]],[[16658,43994],[10,0]],[[16668,43994],[-1,-769],[1,-336],[5,0],[0,-343],[-7,1],[0,-524],[6,0]],[[16672,42023],[-1,-843],[-7,-1],[-1,-990],[32,1]],[[16705,39526],[-19,-3],[-7,-53]],[[16679,39470],[-24,-65],[-27,-6],[-35,-74],[-9,-65],[-20,16],[0,-138],[11,0],[0,-83],[-8,-55],[2,-180],[-10,-57]],[[16559,38763],[-11,-12],[-25,-83],[-11,-68],[-34,0]],[[25700,24466],[-1,-230],[19,-205],[38,-2]],[[25756,24029],[1,-166],[7,-1],[2,-128],[-10,-60],[1,-278]],[[25757,23396],[-18,1],[0,131],[-185,-2]],[[29296,41521],[0,5]],[[29293,41502],[2,15]],[[29314,41874],[0,-94],[6,-70]],[[29296,41528],[-8,16]],[[29288,41544],[3,90],[9,78]],[[26359,31936],[12,87],[41,222],[5,115],[19,8]],[[26346,31886],[13,50]],[[25646,38102],[54,0]],[[25700,38102],[0,-165],[-5,-1],[-1,-595]],[[25694,37341],[-41,18]],[[30589,49866],[21,-505],[4,-166]],[[30557,49140],[-3,52],[-42,-38],[1,-54],[14,-86],[-7,-94],[-48,59],[-5,-59],[-16,84],[-22,-20]],[[30256,50999],[7,-2],[17,75],[18,26],[3,57],[-7,87],[20,109],[17,38],[12,136],[-18,41],[-4,104],[8,142],[14,93],[-15,93],[6,39],[18,227],[16,53],[17,99],[9,8],[9,302]],[[29881,49741],[110,10]],[[29898,48482],[-27,178],[21,105],[-14,97],[18,122],[-19,69],[21,132],[-29,100]],[[29869,49285],[-9,34],[27,171],[-15,59],[9,192]],[[26213,34202],[28,109],[3,75],[12,-19],[20,99]],[[26276,34466],[19,-75],[25,44],[16,-162],[12,-55]],[[26290,33715],[-52,23]],[[26238,33738],[-7,17],[-1,100],[-5,33],[4,118],[-6,97],[-10,99]],[[22587,46233],[123,1]],[[22710,46234],[0,-605]],[[22710,45629],[-14,-17],[-25,14],[-19,34],[-9,-17],[-3,-79],[-17,-91],[-24,-11],[-33,143]],[[23606,55152],[179,1],[1,101],[102,-9],[91,-5]],[[23986,53590],[-200,7]],[[23607,54388],[-1,764]],[[23040,48194],[104,0]],[[23148,48193],[0,-662]],[[23148,47531],[-108,1]],[[23040,47532],[0,662]],[[27051,18222],[-55,0],[0,-83],[-119,-3]],[[26877,18136],[3,181],[5,18],[-7,223],[0,75]],[[27939,35505],[-8,-55],[-19,-71],[-16,-90]],[[27878,35224],[-11,15],[-17,120]],[[18137,37470],[239,0],[189,0]],[[18565,37470],[-1,-119]],[[18564,37351],[0,-55],[18,-100],[2,-44],[18,-50],[13,-90],[-5,-97],[-12,-144],[-14,-107]],[[18575,36659],[-80,0],[-137,2],[-112,0],[-109,1]],[[18137,36662],[0,808]],[[26437,38801],[70,-30]],[[26507,38771],[4,-2]],[[26511,38769],[-3,-236],[-14,-684]],[[26494,37849],[-44,65],[-5,42]],[[26445,37956],[0,90]],[[26445,38046],[-1,35],[-15,119],[-9,127]],[[26420,38327],[6,289],[6,57],[-12,38],[17,90]],[[15843,45905],[0,-551],[-1,-444],[0,-662],[-1,-227]],[[27997,40655],[11,160]],[[28008,40815],[32,-76],[16,-81],[4,110],[40,-115],[9,107]],[[28109,40760],[6,-140],[28,-114]],[[28143,40506],[-6,-81],[-14,-69],[1,-144],[-18,-204],[-8,-149],[-23,-197]],[[27373,30316],[7,-63],[4,-176],[-8,-52],[-2,-70],[5,-169]],[[27379,29786],[-152,55]],[[20356,53273],[70,1],[0,-55],[60,0],[0,-166],[12,0],[0,-166],[23,0],[0,-110],[12,-56],[59,-1],[0,-55],[71,-2],[0,55],[35,0],[0,83],[35,0]],[[20733,52801],[0,-249],[-48,0],[0,-322],[5,0],[0,-337]],[[20690,51893],[-15,0],[0,-667],[-12,0]],[[27222,23062],[-14,-61],[25,-51],[-1,-104],[-12,-178],[-3,-130],[4,-62]],[[19832,36668],[8,42],[0,85],[-21,70],[-21,-1],[-5,112],[-7,34],[138,1],[0,-57]],[[28270,41583],[-2,-101],[-24,-97],[-19,-145],[7,-94],[-27,-194],[15,-63],[30,24]],[[28219,40309],[-18,77],[-42,60],[-16,60]],[[28109,40760],[28,264],[8,107],[-19,125],[8,114],[-15,108],[5,40],[24,83]],[[26753,35243],[-3,100],[24,130],[7,-35],[21,-8]],[[24675,39957],[13,86],[6,125]],[[24694,40168],[23,70],[1,69],[9,31],[12,90]],[[24839,40005],[0,-56]],[[24839,39949],[-68,1],[-96,7]],[[27267,38122],[2,41],[31,180]],[[27336,37651],[-14,-106]],[[20922,48088],[168,-1]],[[21090,48087],[145,0],[151,-1],[-4,73],[13,100],[-3,89],[7,136],[12,58],[4,118],[17,21],[9,-48],[10,35],[12,-18],[21,129],[10,14]],[[21492,47808],[-3,0],[0,-545],[-9,-37],[-25,23]],[[21455,47249],[-10,-26],[-176,0]],[[21269,47223],[1,43],[27,151],[6,127],[-110,2],[-166,-3],[-105,-4]],[[17149,27582],[-7,66],[-17,76],[-9,-3],[-20,155],[-25,97],[-14,28],[-21,90],[-24,147],[-8,23]],[[16076,44000],[158,-7]],[[16234,43993],[154,-2],[91,5]],[[16479,42449],[-86,0],[-160,0],[-125,0]],[[16297,36057],[74,-378]],[[15782,35821],[31,1]],[[15813,35822],[9,-221],[27,-36],[41,-205]],[[15840,34676],[-12,25],[-8,100],[-11,43],[-4,101],[5,211],[-12,146],[-4,109],[-10,-1],[-6,55],[0,132],[6,102],[-2,122]],[[16420,32162],[5,0]],[[16425,32162],[0,-333],[30,0],[0,-168],[5,0],[20,-110],[0,-55],[33,-1],[0,-168],[19,-1],[0,-166],[40,-2],[0,-167],[32,10],[-2,-177],[19,8],[5,-28],[0,-335]],[[16298,30609],[6,166],[-2,118],[-17,91],[-25,12],[-19,55],[-12,79],[9,151],[-1,145],[-11,88],[-26,22],[-28,168],[-6,84],[-12,81],[-9,3],[-17,52],[-15,94],[-3,106],[-6,50]],[[16425,32162],[183,1]],[[25187,39795],[76,0]],[[25263,39795],[0,-268]],[[25263,39527],[1,-390]],[[25264,39137],[-32,1],[0,56],[-16,84],[-21,1],[0,110],[-26,2],[0,139]],[[25169,39530],[-1,167],[16,-1],[3,99]],[[27156,33686],[91,-26]],[[27247,33660],[0,-55],[8,-93],[14,-96],[5,-153]],[[27212,33022],[-21,69],[-24,140],[-25,79]],[[26305,50278],[0,-167]],[[26270,49948],[-102,2],[1,168],[-47,4]],[[26122,50122],[5,120],[27,85],[20,89],[18,22],[12,-13]],[[26082,51252],[10,42],[12,-53],[-12,-42],[-10,53]],[[26056,50873],[6,72],[0,81],[17,133],[10,7],[4,-108],[1,-174],[-20,-67],[-18,56]],[[26064,39784],[83,2]],[[26147,39287],[1,-138]],[[26148,39149],[-93,-1]],[[26055,39148],[-1,469]],[[26054,39617],[0,167],[10,0]],[[27864,45092],[7,83],[13,60],[5,88],[36,88],[15,66],[1,133],[-13,110],[-7,108],[-22,56],[-2,158]],[[28051,46081],[0,-422]],[[28051,45659],[-6,1],[0,-166],[7,-1],[0,-465]],[[16108,47088],[0,-496],[-4,0],[-1,-833],[0,-330],[130,-5],[1,-776],[0,-655]],[[6432,1541],[4,100],[19,115],[12,12],[13,151],[16,86],[3,102],[-17,151],[-6,173],[4,104],[14,32],[23,-57],[9,-71],[20,-69],[18,-88],[9,19],[33,-70],[39,-130],[26,-105],[17,-93],[17,-161],[-2,-193],[24,3],[7,-90],[0,-98],[21,-132],[25,-80],[-2,-91],[-19,-121],[-23,-125],[-28,-73],[-16,-72],[-18,-34],[-19,29],[-9,-14],[-14,-93],[-20,-58],[-9,-68],[-15,-27],[-15,-109],[1,-49],[-12,-108],[-1,-51],[-16,-88],[-19,84],[-10,21],[-11,62],[-22,45],[-11,155],[9,440],[-5,123],[-12,163],[-9,215],[-15,91],[2,38],[-10,104]],[[25631,28738],[11,-2],[1,585]],[[25643,29321],[0,28]],[[25643,29349],[147,-18]],[[25684,28480],[-13,59],[-23,2],[1,55],[-18,142]],[[12808,74802],[28,-288],[58,-299],[31,-263],[29,-186]],[[12954,73766],[-1,-46],[-43,-13],[-21,71],[13,94],[-9,95],[-22,63],[-7,-46],[-19,-3],[-7,42],[-32,-4],[-11,61],[-36,0],[-28,80],[-18,-3],[-10,-76],[-12,-1]],[[12691,74080],[11,17],[-6,99],[2,88]],[[12683,74212],[-2,-96],[-18,2]],[[12500,74431],[23,-32],[-10,-66],[-13,98]],[[12530,74814],[-7,-81],[3,-59],[24,-120],[0,-63],[31,-144],[-4,-34],[30,-166],[2,-235],[23,-105],[2,-85],[-47,214],[-14,135],[-6,99],[-29,122],[-4,143],[-18,107],[-24,-119],[17,-148],[41,-295],[16,-85],[31,-127],[-3,-76],[16,-118],[-12,-78],[15,-82],[4,-107],[-20,-61],[-22,-20],[-40,35],[17,-153],[-15,-32],[-2,-76],[-16,-61],[-12,16],[-32,-172],[-48,-133],[-18,42],[-8,174],[10,41],[-12,58],[-2,83],[32,205],[-9,75],[23,-9],[6,38],[-32,151],[-9,174],[-17,105],[-17,236],[8,169],[-10,131],[-7,188],[-10,59],[9,110]],[[12362,74704],[-7,10],[-15,137],[-12,34],[-16,223],[-4,110],[25,-32],[22,-58],[0,-45],[26,-132]],[[12229,74840],[-2,8]],[[12096,75215],[21,35],[33,-78],[-4,-31],[-36,6],[-14,68]],[[11977,75051],[34,73],[0,-89],[-26,-19],[-8,35]],[[12269,74070],[-35,-10],[-53,157],[-28,70],[-52,93],[-52,137],[-34,-310],[-99,-13]],[[11916,74194],[-3,0]],[[11913,74194],[-11,-1]],[[11902,74193],[-19,75],[3,51],[-25,67],[4,106],[-4,90],[11,118],[19,3],[5,42],[35,92],[-8,102],[30,-66],[29,71],[28,-13],[6,-51],[54,173],[13,4],[13,-88],[57,-97],[2,-128],[-29,-136],[-2,-118],[11,5],[27,188],[13,26],[-3,61],[19,13],[32,-83],[45,-12],[6,-51],[40,-48],[10,-117],[-2,-103],[-22,-64],[-54,104],[17,-110],[26,-43],[4,-46],[20,-49],[-16,-53],[-28,-38]],[[11597,76248],[21,1],[51,177],[112,260],[10,38],[68,12],[26,180]],[[12163,75467],[-3,-91],[12,-83],[-10,-62],[-34,95],[-16,-53],[-29,-5],[-38,-31],[4,75],[-27,121],[19,67],[-13,103],[15,114],[-12,128],[-14,33],[-25,284],[-14,-166],[1,-51],[-27,5],[-41,126],[-20,17],[-12,67],[-6,114],[-27,-6],[0,-57],[-35,82],[-34,58],[-11,-55],[-28,-58],[35,-32],[41,-19],[23,-64],[22,-6],[38,-137],[-3,-54],[19,-41],[37,-158],[21,-138],[10,-15],[23,-231],[2,-76],[-14,-97],[-14,3],[-35,-57],[-8,118],[-15,-54],[-1,-87],[-21,23],[-17,-24],[-37,67],[18,-108],[2,-70],[-15,-66],[-18,2],[-13,113],[-34,98],[-11,115],[-34,53],[-22,-54],[-19,82],[-68,164],[-15,63],[-61,147],[-2,79],[-31,119],[-37,114],[-4,46]],[[25591,35218],[24,-18],[11,60],[20,4]],[[25690,34603],[-10,8],[-21,-24]],[[25659,34587],[-19,-31],[-36,-8],[-3,61]],[[25601,34609],[-15,79],[-6,83]],[[25047,35110],[57,-10]],[[25104,35100],[7,-40],[25,-12]],[[25136,35048],[0,-145]],[[25136,34903],[-1,-3]],[[30157,44510],[23,2]],[[30192,44479],[14,-72],[13,-148],[12,-85],[-1,-81],[-14,-62],[-1,-50],[13,-66],[19,-5],[11,-45],[5,-129],[-3,-91]],[[30230,43467],[-21,34],[2,-65],[-27,-146],[-9,7]],[[24913,26624],[0,-478]],[[24913,26146],[-15,-90]],[[18137,34172],[0,300]],[[18137,34472],[178,-1],[143,1]],[[16763,54038],[0,-668],[-108,3],[0,-334]],[[20083,30576],[11,-167],[85,1],[10,68],[71,-5],[5,-63]],[[20265,30410],[-14,0],[-1,-499],[-1,-167],[15,1],[0,-156]],[[20264,29589],[-11,-5],[-14,38],[-73,142],[-32,91],[-89,-1]],[[20045,29854],[-1,57],[1,665],[38,0]],[[19457,47463],[21,-94],[18,-124],[0,-151],[66,-1],[0,-28],[34,1],[0,-56],[33,0],[0,-83],[33,1],[0,-56],[33,-1],[0,-55],[33,0],[0,-27],[51,-1],[0,21],[156,4],[0,55]],[[19935,46868],[17,0]],[[19955,44833],[1,-329]],[[19956,44504],[-168,2],[-160,1],[-96,1]],[[23401,29050],[1,165],[29,0],[0,503],[31,0]],[[23595,29718],[-3,-605]],[[19189,52987],[0,-420],[-2,0],[0,-514]],[[19187,52053],[0,-69]],[[19187,51984],[-36,15],[-104,1]],[[22473,39367],[155,-1]],[[22628,39366],[0,-497]],[[22628,38703],[-156,1]],[[22472,38704],[1,663]],[[24625,27853],[0,-494],[13,0]],[[24642,27027],[-59,2],[0,-171]],[[23628,52162],[-15,-125],[6,-105],[157,-1]],[[23776,51931],[0,-331],[11,-1],[2,-306]],[[23789,51293],[-49,4],[-115,-4],[22,-89]],[[23544,51202],[-2,303],[1,666],[-2,126]],[[23140,49021],[-100,2]],[[23040,49023],[0,332]],[[21057,48971],[169,0],[1,165],[0,665]],[[21227,49801],[90,-2],[177,0]],[[21090,48087],[-1,221],[-33,-1],[1,168],[0,496]],[[28154,36971],[-16,-55],[-19,-99],[-8,7],[-11,74]],[[28100,36898],[-12,-2],[-9,40],[-18,141],[-2,168],[-4,40]],[[26626,35436],[16,253]],[[24433,27919],[0,413],[-29,5]],[[24404,28337],[2,369],[23,-2],[0,56],[12,18]],[[27382,16971],[-2,-344]],[[27380,16627],[-75,2]],[[26507,22405],[74,-26]],[[26512,21287],[-10,33],[-14,-15]],[[28869,41044],[13,-55]],[[28823,40653],[46,391]],[[27333,28192],[-40,-103]],[[27186,28517],[27,379]],[[27956,41919],[1,432],[10,134],[16,-2]],[[27983,42483],[17,30],[1,69],[114,-44]],[[28155,42512],[15,-121]],[[28081,41588],[2,-14]],[[28083,41574],[-126,-1]],[[23428,19592],[-12,-43],[-13,9],[-5,-111],[12,-96],[-36,-175],[-12,-80],[-24,-128],[-35,-84]],[[23358,26772],[38,-1],[6,98]],[[23077,23711],[0,34],[23,73]],[[21435,25935],[3,0]],[[21438,25935],[143,3]],[[21581,25938],[-2,-834]],[[21435,25102],[0,833]],[[28474,30755],[-12,-14],[3,-66],[12,-69],[25,-70],[10,5],[14,-44],[15,73],[8,7]],[[26371,27335],[-2,-70]],[[26369,27265],[-97,5],[-3,-62]],[[26269,27208],[0,62],[-21,2]],[[26248,27272],[-22,383]],[[26226,27655],[8,30],[12,-9],[26,143]],[[25263,39795],[3,166]],[[25266,39961],[146,1]],[[25412,39962],[0,-166],[-9,0],[1,-203]],[[25404,39593],[-27,-9],[0,-55],[-114,-2]],[[28636,32440],[11,7],[12,55],[32,52],[30,-7],[10,-40],[3,-92],[-14,-130],[4,-89],[-3,-172],[4,-98]],[[28725,31926],[-13,8],[-14,63],[-20,-199],[-23,21],[8,155],[-38,13]],[[28625,31987],[0,170],[15,143],[-8,101],[4,39]],[[21348,30175],[99,1]],[[21447,30176],[48,1]],[[21495,30177],[0,-830]],[[21495,29347],[-26,1]],[[21348,29347],[0,828]],[[21856,21673],[0,-1267]],[[21856,20406],[1,-389],[-4,-156],[-10,-24],[1,-135],[-14,-25]],[[21830,19677],[-23,75],[-3,51],[-17,75],[-15,34],[-9,79],[-7,100],[-26,35],[-6,71],[-24,43],[6,54],[-3,74],[-11,-62],[-6,27],[3,105],[-4,35],[-16,40],[-7,70],[-3,103],[-12,-33],[-3,69],[-11,-48],[-9,63],[-9,2],[-22,-84],[-5,32],[-14,-16],[-13,36]],[[20664,22323],[90,-123],[155,-214],[56,-77],[28,1]],[[20995,19717],[-13,30],[-22,13],[-28,51],[-18,65],[-8,54],[-16,42],[-11,161],[-15,62],[-21,13],[-17,100],[-33,130],[-6,72],[-3,119],[-18,200],[-17,124],[-2,126],[-7,141],[6,60],[-3,98],[3,86],[-21,232],[-10,57],[-4,62],[-13,53],[-4,229],[-7,114],[-23,112]],[[28078,36729],[22,169]],[[28949,36430],[-31,-263],[-16,14],[-22,-123],[-20,-183],[-15,-242],[4,-73],[-19,-165],[-2,-41]],[[28756,35524],[7,134],[16,120],[6,95],[12,42],[-8,61],[13,29],[7,-35],[18,195],[-17,45],[26,104]],[[28740,36289],[-15,0]],[[27551,35122],[17,70],[14,8],[21,77]],[[27588,34705],[-14,-18]],[[27614,34972],[22,-97],[15,87],[6,66],[-7,57],[-33,-26]],[[27617,35059],[-17,-20],[1,-63],[13,-4]],[[24322,32311],[27,144],[12,-2]],[[24361,32453],[69,-9],[-1,-85],[30,-3]],[[24397,31669],[-59,7]],[[24338,31676],[1,339],[-13,-13]],[[24326,32002],[0,83],[-8,41],[-2,77],[6,108]],[[29131,40455],[10,-113]],[[29141,40342],[46,-583],[-1,-337],[-7,-75]],[[19321,50045],[31,0],[0,179],[22,0],[13,194],[23,110],[12,0],[5,55],[18,28],[46,0],[0,112],[17,0],[0,122],[17,-7],[25,63],[12,-26],[26,16]],[[19588,50891],[11,-45],[0,-68],[12,-55],[17,-1],[0,-111],[15,0]],[[19321,49730],[0,315]],[[28095,44999],[75,1]],[[28258,44904],[-2,-128],[-6,-773]],[[28250,44003],[-127,1]],[[28123,44004],[-28,0]],[[28741,38999],[-12,54],[14,62],[-5,58],[8,175],[-29,-27]],[[28591,37737],[-1,-66],[6,-119],[-2,-165],[7,-88],[31,-184],[-11,-121],[-14,4]],[[24912,32565],[13,64],[2,92],[24,86],[0,43],[-10,68]],[[24941,32918],[39,4],[2,48]],[[24982,32970],[91,-16]],[[29422,42797],[4,307]],[[29426,43104],[3,266]],[[29429,43370],[18,-228],[4,-107],[15,45],[3,-49],[18,-39]],[[29544,42420],[-6,-42],[-21,22],[-16,-76],[-7,18],[-32,-80],[-9,-57],[-17,-15],[-28,-61],[-17,-59]],[[20753,39364],[-1,-832]],[[20752,38532],[-103,0]],[[20649,38532],[-82,0]],[[19981,38983],[89,0]],[[20566,38532],[1,-825]],[[25527,41128],[0,469]],[[25527,41597],[72,-1]],[[25599,41596],[47,0]],[[25646,41596],[1,-331]],[[25647,41265],[0,-166]],[[25647,41099],[-120,2]],[[25527,41101],[0,27]],[[26638,28685],[8,-66],[26,-24],[39,-134]],[[26675,28175],[-11,48],[-4,86],[-13,94]],[[26647,28403],[-19,60],[-2,62],[-14,9],[-4,38]],[[26618,24990],[0,173]],[[26618,25163],[48,-3],[6,31],[15,-18],[7,-34]],[[26694,25139],[10,-45],[2,-153],[9,-96],[12,-48],[3,-50]],[[26738,24647],[-9,-6],[-75,5]],[[26654,24646],[-37,13]],[[26617,24659],[1,331]],[[25815,27040],[-6,-33],[-1,-124]],[[25808,26883],[-9,-3],[-14,52],[-3,45],[-60,-3],[-16,-35]],[[25706,26939],[-14,27],[-10,65],[0,114],[-16,15],[0,154]],[[27866,29234],[16,87]],[[28030,28468],[-12,-14],[-36,-85],[-28,-108],[-35,-197],[-17,-128]],[[27379,29623],[0,163]],[[27164,41466],[1,468]],[[27165,41934],[63,-14],[1,156],[6,0]],[[27235,42076],[86,0]],[[27321,42076],[0,-165]],[[27321,41911],[0,-332]],[[27321,41579],[-42,-8],[-1,-139],[-22,2]],[[27256,41434],[-47,2],[-45,-33]],[[27164,41403],[0,63]],[[26717,39611],[3,223]],[[26720,39834],[117,-33]],[[26837,39801],[-5,-446],[31,-13]],[[26863,39342],[-3,-164]],[[26860,39178],[-72,22],[2,50],[-77,19]],[[26713,39269],[4,342]],[[27236,42762],[108,0]],[[27344,42762],[0,-408]],[[27344,42354],[1,-279],[-24,1]],[[27235,42076],[1,686]],[[27401,27181],[2,7]],[[27553,25950],[-22,-102],[-8,34],[-15,-48],[-8,66],[-9,-38]],[[26937,40059],[13,-15],[51,-18]],[[27001,40026],[20,-7],[-2,-169],[27,-9],[-1,-86]],[[27045,39755],[-1,-83],[16,-5],[-5,-333],[-2,1]],[[27053,39335],[-31,11]],[[27022,39346],[-29,11],[0,54],[-32,12],[1,111]],[[26962,39534],[2,167],[-10,4],[2,168],[-21,8],[2,178]],[[26414,41830],[65,3],[0,84],[32,0],[-1,29],[32,1]],[[26542,41947],[1,-192]],[[26543,41755],[0,-334]],[[26399,41498],[-1,249],[16,1],[0,82]],[[27321,41579],[47,-1],[0,-159],[16,-2],[-1,-83]],[[27383,41334],[0,-83],[-16,1],[-1,-168],[-5,-83]],[[27361,41001],[-91,17]],[[27270,41018],[1,251],[-16,3],[1,162]],[[27434,16468],[100,-3]],[[27534,16465],[17,-310],[17,-251]],[[27568,15904],[-24,1],[0,-110],[-109,0]],[[27435,15795],[-1,673]],[[27051,15799],[0,249]],[[27051,16048],[137,4]],[[27188,15467],[-117,3],[-21,-6]],[[27050,15464],[1,335]],[[27568,15904],[11,-134],[1,-56],[17,-276],[4,-92]],[[27601,15346],[-17,-26],[-133,2],[-74,2]],[[27377,15324],[58,311],[0,160]],[[25954,21865],[8,41],[22,-1],[9,58],[102,-7],[0,249],[14,0]],[[26109,22205],[15,-1]],[[26124,22204],[-2,-698]],[[26122,20979],[-9,43],[-24,48],[-24,150],[-29,91],[-21,110],[-29,113],[-33,102]],[[27109,14126],[8,-27],[45,2],[-1,198],[27,3],[0,173]],[[27188,14475],[81,7],[1,-504],[108,12]],[[27378,13990],[2,-533]],[[27380,13125],[-166,-4]],[[27214,13121],[-18,101],[-11,17],[-9,51],[-18,-20],[-5,-55],[-31,455],[-6,277],[-7,179]],[[27732,43719],[0,284]],[[27925,44002],[0,-260],[-8,-60],[-3,-394]],[[27914,43288],[0,-1]],[[27914,43287],[-37,6],[-117,-4]],[[27760,43289],[-29,-1]],[[27731,43288],[1,431]],[[23112,31876],[0,415],[45,0]],[[23157,32291],[59,-1]],[[23246,31709],[-31,0],[0,-168],[-14,0],[0,-165],[-30,0]],[[23171,31376],[-30,0],[0,334],[-29,0],[0,166]],[[22758,34468],[88,1]],[[22846,34469],[111,0]],[[22871,33697],[-112,-1]],[[22759,33696],[-1,0]],[[22758,33696],[0,772]],[[22906,30380],[0,-415]],[[22906,29965],[-59,0],[-15,-27],[15,-222],[-58,1]],[[22789,29717],[-58,0]],[[22731,29717],[-1,332],[-29,1]],[[22701,30050],[0,331]],[[26864,42090],[82,-5]],[[26946,42085],[4,0],[0,-340],[11,-52],[0,-115],[11,-1],[0,-327]],[[26972,41250],[-10,-8],[-69,-2]],[[26893,41240],[-1,304],[-28,4]],[[26864,41548],[0,542]],[[22582,31378],[20,0],[19,-61],[15,-1],[9,33],[8,-54],[19,21],[10,-41],[18,23]],[[22701,30050],[-117,-1]],[[22584,30049],[-1,332]],[[22583,30381],[0,442],[-1,555]],[[26884,20293],[-1,506]],[[26268,22480],[1,0]],[[26269,22480],[134,-41]],[[26403,22439],[27,-9]],[[26249,22279],[7,25],[12,176]],[[27155,21354],[-2,-176],[22,-112],[1,-103],[7,-145]],[[27053,21396],[0,84]],[[27064,28677],[32,27],[6,-159],[10,-49],[51,-99]],[[26407,39409],[23,-1],[47,-21]],[[26477,39387],[39,-17]],[[26516,39370],[-9,-599]],[[26437,38801],[-1,34],[-25,7]],[[26411,38842],[6,489],[-10,78]],[[26285,42078],[113,2]],[[26398,42080],[0,-166],[16,1],[0,-85]],[[26382,41497],[0,83],[-96,0]],[[26286,41580],[-1,371]],[[26285,41951],[0,127]],[[21869,26774],[38,-1]],[[22011,26767],[0,-833]],[[22011,25934],[-144,4]],[[21867,25938],[2,836]],[[22162,23968],[0,-772]],[[22019,23198],[1,938]],[[21788,30177],[113,-1]],[[21901,30176],[35,0]],[[21935,29348],[-28,1]],[[21788,29347],[0,830]],[[22880,21221],[-81,-505]],[[22511,22050],[-17,31],[-50,-5]],[[22444,22076],[-104,-2]],[[22340,22074],[0,806]],[[22810,23563],[83,287],[50,176]],[[22943,24026],[57,-575]],[[22935,23232],[-67,-228]],[[22868,23004],[-58,559]],[[22922,20423],[-74,-9]],[[22848,20414],[3,29],[-52,269]],[[22495,19434],[60,-442]],[[22555,18992],[26,-182]],[[22581,18810],[-66,-332]],[[22386,18544],[-2,845]],[[22384,19389],[0,305]],[[27344,42354],[135,-1]],[[27479,42353],[0,-16]],[[27479,42337],[0,-429]],[[27479,41908],[-84,1],[0,55],[-21,1],[0,-55],[-53,1]],[[28250,44003],[39,1]],[[28289,44004],[3,-872]],[[28292,43132],[1,-121]],[[28293,43011],[-109,-7]],[[28124,43277],[-1,727]],[[22878,26823],[53,-3]],[[22931,26820],[91,-10]],[[23022,26810],[-1,-322]],[[23021,26488],[-1,-512],[-2,1]],[[22877,25983],[1,840]],[[27479,43962],[53,112],[49,150],[15,109],[11,-52],[52,167],[31,72]],[[27732,43719],[-149,-1],[-104,0]],[[27479,43718],[0,244]],[[27030,42083],[123,-6]],[[27153,42077],[12,0],[0,-143]],[[27164,41466],[-73,-3],[-60,3]],[[27031,41466],[1,415],[-2,202]],[[15543,51212],[92,-1],[0,-52],[28,-58]],[[15715,50552],[0,-193],[-29,26],[-6,-54]],[[15680,50331],[-11,55],[-17,0],[-18,112],[-23,-1],[-5,55],[-92,0]],[[15514,50552],[1,111],[28,166],[6,83],[-24,27],[-17,82],[0,56],[35,0],[0,135]],[[27624,43033],[41,185],[6,67],[17,-9],[43,12]],[[27760,43289],[-1,-304],[10,-47],[0,-103]],[[27709,42428],[-85,-2]],[[27624,42426],[0,607]],[[26607,39759],[17,-8],[20,460]],[[26644,40211],[3,193]],[[26647,40404],[83,-7]],[[26730,40397],[-1,-114],[-12,2],[-2,-88],[10,-135],[-7,-28],[2,-200]],[[26717,39611],[-111,41]],[[26606,39652],[1,107]],[[28419,42183],[0,47]],[[28419,42230],[21,31],[26,5],[5,116],[17,-18]],[[28515,41873],[-39,12],[-106,-135],[-10,-19]],[[28360,41731],[-2,75]],[[26283,40033],[91,3]],[[26374,40036],[2,-624]],[[26376,39412],[0,-43],[-94,-2]],[[26282,39367],[0,303]],[[21724,25943],[143,-5]],[[21867,25938],[-1,-838]],[[21823,25102],[-101,1]],[[21722,25103],[2,833]],[[22343,27602],[57,-4],[91,1]],[[22491,27599],[-1,-740]],[[22490,26859],[0,-106],[-42,4]],[[22448,26757],[-104,4]],[[22344,26761],[-1,841]],[[21215,33518],[120,0],[114,0]],[[21449,33518],[0,-848]],[[21449,32670],[-157,-1],[-88,0]],[[21204,32669],[0,849],[11,0]],[[22590,26002],[125,-6]],[[22715,25996],[1,-452]],[[22716,25544],[-47,-4],[-45,-158]],[[22624,25382],[-34,530]],[[22590,25912],[0,90]],[[22635,23162],[136,479]],[[22771,23641],[21,-145],[18,67]],[[22868,23004],[-53,-185],[-16,-261]],[[22633,23097],[2,65]],[[21599,31840],[0,7]],[[21749,31850],[0,-12]],[[21749,31838],[0,-833]],[[21749,31005],[-150,1]],[[21599,31006],[0,834]],[[21749,31838],[152,0]],[[21901,31838],[0,-831]],[[21901,31007],[-152,-2]],[[22731,28559],[21,31]],[[22752,28590],[0,-919]],[[22752,27671],[-121,0]],[[22631,27671],[-17,0],[1,63]],[[22615,27734],[0,807]],[[22551,24780],[56,191]],[[22674,24312],[-116,-398]],[[22558,23914],[-25,-90]],[[22479,24334],[86,301],[-14,145]],[[21436,26765],[37,2]],[[21473,26767],[107,4]],[[21438,25935],[-2,830]],[[23059,27602],[1,626]],[[23205,27625],[-121,-110]],[[23084,27515],[-25,-21],[0,108]],[[22933,27617],[126,-15]],[[23084,27515],[-1,-706]],[[23083,26809],[-61,1]],[[22931,26820],[2,797]],[[23021,26488],[62,1],[0,53]],[[23083,26542],[61,-6]],[[22055,26768],[105,-6]],[[22160,25918],[-5,0]],[[22155,25918],[0,12],[-144,4]],[[28625,34276],[14,48],[7,-64]],[[28646,34260],[11,-128]],[[28657,34132],[0,-42],[-24,-27],[-7,53],[5,45],[-10,55]],[[28621,34216],[4,60]],[[22848,20414],[-18,-91],[1,-139],[-11,-235]],[[22820,19949],[-104,-523]],[[22716,19426],[-32,213]],[[22684,19639],[-36,250],[5,46]],[[22455,25435],[21,72],[0,408]],[[22476,25915],[114,-3]],[[22624,25382],[22,-279]],[[22551,24780],[-12,119],[-22,-74],[-62,610]],[[22386,16078],[69,9],[8,-30],[0,-149]],[[22463,15908],[8,-57],[0,-178],[7,0],[1,-166],[13,1],[-1,-518]],[[22343,14994],[0,922]],[[21698,24091],[112,11],[2,273],[9,-18]],[[22162,20947],[90,-7],[29,-17],[72,-217]],[[22353,20706],[39,-116]],[[22384,20533],[-34,-243],[-16,2],[1,113],[-120,8]],[[22215,20413],[-53,-1]],[[22162,20412],[0,535]],[[28429,37986],[18,-7]],[[28655,34414],[-1,-3]],[[28654,34411],[1,3]],[[28628,34675],[14,-19],[14,24]],[[28656,34680],[6,-42],[-9,-164],[-10,26],[-13,-49]],[[28630,34451],[-17,91],[3,109]],[[22882,44675],[1,165],[0,617]],[[22883,45457],[9,-2],[9,-78],[12,27],[28,-56]],[[22990,45005],[-25,1],[-2,-471]],[[22963,44535],[-26,-26]],[[22937,44509],[-55,0],[0,166]],[[22531,41523],[126,1]],[[22657,41524],[1,-664]],[[22658,40860],[-126,0]],[[22532,40860],[-1,0]],[[22531,40860],[0,663]],[[25995,22464],[5,42],[2,125],[19,-2],[4,-83],[33,-4],[5,165]],[[26063,22707],[33,-2],[0,-83],[14,-1],[-1,-416]],[[26950,22232],[57,-25]],[[26938,22237],[12,-5]],[[21977,43509],[4,0]],[[21981,43509],[0,-661]],[[21981,42848],[-128,1]],[[21853,42849],[0,660]],[[23715,31065],[0,33],[30,-3],[1,171],[30,-12],[4,172],[13,-73],[11,20]],[[23804,31373],[14,54],[18,-38],[14,44],[13,-20],[10,53],[9,-1],[4,-111],[14,-66],[18,-6]],[[23918,31282],[6,-19]],[[23924,31263],[0,-200],[-50,6],[-7,-27],[-13,-107],[-37,5],[-12,-25],[0,-220]],[[23805,30695],[-103,13],[1,52],[-19,4],[0,83]],[[27282,34919],[32,83],[37,27]],[[27351,35029],[-10,-33],[44,-244]],[[27369,34611],[-56,-97],[-14,4],[-17,44],[-17,-55],[-26,-127]],[[27239,34380],[-16,110]],[[28343,34916],[4,8]],[[28411,38081],[7,-33]],[[27417,34240],[-31,-57],[-53,-81]],[[27333,34102],[-13,-74],[-27,-18],[-21,9]],[[27272,34019],[-18,260],[-15,101]],[[28646,34260],[0,101],[8,50]],[[28655,34414],[34,-76]],[[28689,34338],[-6,-83],[6,-57],[-14,-32]],[[28675,34166],[-18,-34]],[[28630,34451],[-10,-44],[-11,117],[-29,107],[-14,68],[2,92]],[[28675,34166],[6,-134],[17,-24],[21,-123],[-15,-51],[0,-220]],[[28601,33614],[10,504],[10,98]],[[22280,41451],[51,-16],[25,1],[22,42],[29,29]],[[22407,41507],[0,-647]],[[22407,40860],[-1,0]],[[22406,40860],[-126,0]],[[22280,40860],[0,591]],[[22656,43514],[129,2]],[[22785,43516],[32,-1]],[[22817,43515],[0,-684]],[[22817,42831],[-10,31],[-22,-8]],[[22785,42854],[-23,-52],[-20,-13],[-21,-55]],[[22721,42734],[0,118],[-30,-1]],[[22691,42851],[0,252],[-35,-1]],[[22656,43102],[0,412]],[[22525,44838],[130,2]],[[22655,44840],[0,-664]],[[22655,44176],[0,-330]],[[22655,43846],[-129,-3]],[[22525,44175],[0,663]],[[21110,42851],[3,82]],[[21113,42933],[204,3]],[[21317,42936],[7,-84],[0,-331]],[[21324,42521],[0,-331],[-3,-87]],[[21321,42103],[-9,0]],[[21312,42103],[-203,0]],[[21109,42103],[2,86],[-1,662]],[[21305,44015],[171,8]],[[21476,44023],[-1,-510],[23,1]],[[21498,43514],[0,-663]],[[21479,42521],[-155,0]],[[21317,42936],[0,579],[-8,1],[-4,151],[0,348]],[[22911,41522],[1,664]],[[22912,42186],[1,0]],[[22913,42186],[124,-2],[0,-55]],[[23037,42129],[0,-443]],[[23037,41686],[0,-497]],[[23037,41189],[-125,1]],[[22785,44179],[97,-1]],[[22882,44178],[0,-663]],[[22882,43515],[-65,0]],[[22785,43516],[0,663]],[[22406,40860],[0,-664]],[[22406,40196],[-95,0]],[[22311,40196],[-31,-1]],[[22280,40195],[0,665]],[[23147,41189],[100,1]],[[23247,41190],[4,64],[12,-36],[-14,-63],[2,-68],[10,-53],[-1,-49],[14,-195],[16,-43],[0,-51]],[[23291,40691],[-128,-1]],[[23163,40690],[-16,1]],[[23147,40691],[0,498]],[[22151,41498],[63,-27]],[[22214,41471],[23,1],[25,-23],[18,2]],[[22280,40860],[-126,1]],[[22154,40861],[-3,0]],[[22151,40861],[0,637]],[[22407,42187],[122,0]],[[22529,42187],[1,-339]],[[22530,41848],[0,-325]],[[22530,41523],[-122,1]],[[22408,41524],[-1,663]],[[23075,42461],[112,2]],[[23187,42463],[12,-59]],[[23199,42404],[5,-137],[-5,-67]],[[23199,42200],[-28,-2],[-21,25],[-15,-32],[-9,-59],[-18,-42],[-21,50],[-10,44]],[[23077,42184],[-6,72],[8,61],[-4,144]],[[21698,42851],[155,-2]],[[21981,42848],[5,0],[0,-220],[-1,-441],[4,0]],[[21989,42187],[0,-660]],[[21989,41527],[-154,0]],[[21835,41527],[-131,-5]],[[29870,46921],[-21,-176],[-12,8],[1,-124],[-11,-102],[7,-129],[16,-128]],[[29850,46270],[-8,-112]],[[29842,46158],[-39,5],[6,96],[-61,-46],[-16,-42],[-5,49]],[[29727,46220],[5,136]],[[24527,34135],[61,-21],[65,-3]],[[24524,33513],[3,622]],[[24089,35389],[121,-16]],[[24210,35373],[0,-788]],[[24210,34585],[-121,14]],[[24089,34599],[2,374],[-4,0],[2,416]],[[23856,36773],[3,457],[0,125]],[[23983,37388],[-3,-508]],[[23984,36497],[-73,8],[-50,12]],[[23861,36517],[2,240],[-7,16]],[[23551,35116],[0,49]],[[23551,35165],[45,-11],[104,-17]],[[23708,35024],[-1,-461]],[[23707,34563],[-56,9],[-100,7]],[[23551,34579],[0,537]],[[24516,35801],[2,83],[13,-2]],[[24531,35882],[63,-11],[64,1]],[[24658,35872],[-1,-175],[31,1]],[[24684,35077],[0,-86],[-51,-3]],[[24633,34988],[-5,-2],[1,196],[-7,2],[1,437],[-60,1],[-32,-30],[-15,0]],[[24516,35592],[0,209]],[[23666,39707],[0,82]],[[23666,39789],[31,-6],[93,-2]],[[23790,39781],[0,-330]],[[23790,39285],[-125,5]],[[23665,39290],[1,417]],[[23432,40440],[122,-8]],[[23554,40432],[0,-166]],[[23554,40266],[1,-418]],[[23555,39848],[-76,2]],[[23479,39850],[-19,68],[5,56],[-19,23]],[[24087,39448],[109,-9]],[[24196,39439],[-2,-491]],[[24194,38948],[-1,-193]],[[24160,38759],[-77,139]],[[21092,44839],[123,1],[64,4]],[[21279,44844],[6,0],[2,-663],[12,1],[1,-168]],[[21300,44014],[-46,-8],[-140,5]],[[21114,44011],[-10,1]],[[21104,44012],[0,166],[-12,0],[0,661]],[[23037,41686],[175,0]],[[23212,41686],[-14,-68],[0,-58],[12,-77],[15,-34],[10,-96],[-4,-46]],[[23231,41307],[3,-113],[13,-4]],[[23147,41189],[-110,0]],[[22785,40860],[-126,0]],[[22659,40860],[-1,0]],[[23924,31263],[10,-80],[12,-7],[12,-70],[11,-120],[12,2],[-3,-88],[11,-17],[5,75],[8,21],[29,4]],[[23990,30804],[-33,-192],[-6,0],[-34,-192],[4,-28],[0,-167]],[[23921,30225],[-29,-2],[0,-55]],[[23892,30168],[-88,4]],[[23804,30172],[1,523]],[[24549,32008],[118,-8],[31,6],[60,-14]],[[24758,31494],[-60,6]],[[23551,34026],[153,-36]],[[23704,33990],[-2,-475]],[[23551,33516],[0,322]],[[23551,33838],[0,188]],[[27498,33063],[116,-8]],[[27614,33055],[-2,-470]],[[27485,32653],[-5,71],[2,47],[19,54],[-3,200]],[[27957,33014],[2,583]],[[28054,33599],[-11,-62],[-5,-106],[1,-518],[3,-15]],[[27972,32699],[-15,45],[0,270]],[[27751,32373],[1,349],[2,303]],[[27754,33040],[76,-12]],[[27830,33028],[-1,-628],[4,-71]],[[27751,32265],[0,108]],[[23694,38558],[12,-17],[10,38],[-1,71],[14,27],[4,-43],[18,3],[17,59],[22,-17]],[[23863,38148],[-94,18],[0,-55],[-78,16]],[[24278,37466],[-5,-36],[5,-99],[-10,-64],[-20,-17],[-9,-50],[9,-56],[-22,-59],[0,-67]],[[24226,37018],[-15,-25],[-15,27],[-29,9],[1,160],[-26,5]],[[24142,37194],[28,593]],[[23808,32123],[49,-10]],[[23857,32113],[0,-55],[99,-11]],[[23956,32047],[-1,-250],[-15,2],[-1,-248],[-20,2],[-1,-271]],[[23804,31373],[4,750]],[[23868,32803],[0,-84],[10,-1],[-2,-216],[-10,-27],[-10,-137],[1,-225]],[[23808,32123],[-60,11],[0,-28]],[[23748,32106],[-15,2]],[[23733,32108],[3,138],[3,492],[15,274]],[[24404,28337],[-30,17],[-87,-1]],[[24017,32784],[15,-2]],[[24032,32782],[15,-1],[0,-83],[119,-14]],[[24166,32684],[-1,-166]],[[24165,32518],[-1,-357]],[[24164,32161],[-59,4],[-1,-138],[-49,8]],[[24055,32035],[-40,4]],[[24015,32039],[4,662],[-2,83]],[[24924,21999],[2,-102],[7,-94],[8,-33],[-5,-91],[8,-122],[13,-90],[13,1]],[[24970,21468],[-9,-2],[-8,-56],[-11,9]],[[24794,21485],[-1,85]],[[24473,22370],[-6,9]],[[24105,22053],[-40,1],[-1,-96],[-81,1],[-18,-28]],[[23952,26052],[83,1]],[[24035,26053],[0,-250],[29,-2]],[[24064,25801],[1,-417],[-8,-45],[-4,-122]],[[24075,21194],[-72,2]],[[24003,21196],[0,84],[30,0],[-5,91],[3,50],[-28,1],[0,198],[-10,0],[0,227],[-28,1],[0,44]],[[23800,21221],[166,2],[0,-27],[37,0]],[[24108,20334],[-34,69],[-63,179],[-27,56],[-32,47],[-20,15],[-27,-29],[-35,12],[-58,-43],[-16,-21],[-28,-86]],[[25021,21236],[11,62],[21,53],[2,-92],[12,-20],[-2,-53],[-35,13],[-9,37]],[[24878,21138],[5,-118],[13,-25],[12,24],[1,-71],[11,-64],[19,-22],[11,31],[7,157],[-3,55],[25,90],[3,70],[14,-77],[2,-135],[12,-41],[3,-95],[15,56],[11,131],[14,-44],[-4,-68],[-11,-8],[-10,-47],[0,-95],[-19,-24],[13,-105],[-16,10],[-10,-94],[2,-82],[-26,8],[-4,-68],[7,-59]],[[24969,20459],[-5,2]],[[24496,21171],[33,71]],[[24569,21250],[1,-169],[9,1],[1,-83],[11,1],[0,-57]],[[26124,22204],[59,-5],[1,84],[65,-4]],[[28903,39011],[-1,7]],[[28861,39486],[22,160],[6,99],[15,58]],[[28901,39023],[-14,99],[-20,41],[1,153],[6,69],[-12,55]],[[29142,38859],[-3,-45],[-15,-63],[-16,-123],[-34,-359],[-16,-71],[-23,-50],[-11,23],[5,116],[14,164],[5,137],[-8,35]],[[24456,37711],[17,10],[22,-117],[1,-41],[26,-44],[15,21],[13,-30],[5,-53],[14,-35]],[[24620,36767],[-88,0]],[[24532,36767],[-76,0],[1,11]],[[24457,36778],[-1,933]],[[23827,36053],[15,-3]],[[23842,36050],[0,-28],[107,-20]],[[23949,36002],[-1,-139],[5,-1],[-2,-595]],[[23951,35267],[-122,19]],[[24106,37199],[36,-5]],[[24226,37018],[0,-83]],[[24226,36935],[-1,-249],[5,-1],[-1,-276]],[[24229,36409],[-62,9]],[[24086,36801],[2,241],[16,0],[2,157]],[[23551,34469],[0,110]],[[23707,34563],[-1,-222]],[[23706,34341],[-2,-351]],[[23551,34026],[0,443]],[[23789,40445],[0,250]],[[23789,40695],[110,4]],[[23899,40699],[2,-444]],[[23901,40255],[0,-125]],[[23901,40130],[-112,-16]],[[23789,40114],[0,331]],[[23706,34341],[125,-17]],[[23831,34324],[0,-195],[11,-1],[-3,-613]],[[19058,57350],[160,2],[190,2]],[[24067,34101],[182,-22]],[[24249,34079],[-2,-564]],[[24247,33515],[-9,0]],[[24238,33515],[-105,0]],[[24133,33515],[-68,-2]],[[24065,33513],[2,588]],[[23554,40432],[2,497]],[[23556,40929],[107,-5]],[[23663,40924],[0,-472]],[[23663,40452],[-1,-194]],[[23662,40258],[-31,8],[-77,0]],[[23662,40258],[4,-1],[0,-468]],[[23666,39707],[-111,2]],[[23555,39709],[0,139]],[[24659,36524],[-1,-652]],[[24531,35882],[2,498],[-1,387]],[[19883,52578],[0,-192],[-41,0],[-5,-55],[-23,-111],[0,-84],[-81,0],[-23,-54],[0,-196],[-105,-1]],[[19605,51885],[0,277],[-14,83],[-9,83],[1,166],[-13,73],[0,166],[-23,1],[-6,83],[0,247]],[[21217,52168],[20,1]],[[21237,52169],[119,4],[0,-148],[139,-1]],[[21495,51527],[-1,0]],[[21494,51527],[-91,0],[-171,1]],[[21232,51528],[-15,0]],[[21217,51528],[0,640]],[[21782,53839],[8,-121],[15,-88],[1,-62],[-15,-61]],[[21560,53504],[0,495],[141,1],[0,45]],[[23298,35868],[122,0]],[[23420,35868],[0,-111]],[[23420,35757],[0,-554]],[[23299,35203],[-1,0]],[[23298,35203],[0,665]],[[22629,38205],[0,-166]],[[22629,38039],[-155,-1]],[[22474,38038],[0,500],[-2,0]],[[22472,38538],[0,166]],[[22692,36709],[92,0]],[[22784,36709],[61,2],[0,-166]],[[22845,36545],[0,-334]],[[22845,36211],[-153,-2]],[[22692,36209],[0,500]],[[22662,35375],[122,6],[61,-3]],[[22845,35378],[1,-909]],[[22758,34468],[-94,1]],[[22662,35208],[0,167]],[[22628,39531],[157,1]],[[22785,39532],[0,-166]],[[22785,39366],[-1,-498]],[[22628,39366],[0,165]],[[23300,36451],[123,-1]],[[23423,36450],[-1,-416],[-2,-166]],[[23298,35868],[2,167],[0,416]],[[22327,35368],[152,1]],[[22479,35369],[0,-166],[32,0]],[[22512,34467],[-55,2]],[[22457,34469],[-127,1]],[[22330,34470],[0,734],[-3,0]],[[22327,35204],[0,164]],[[15944,50964],[15,84],[16,25],[21,-24],[29,20],[30,39]],[[16055,51108],[23,-53]],[[16007,50218],[4,61],[-7,96],[1,73],[-21,46],[-12,112]],[[22824,50293],[61,-1],[4,57],[146,0]],[[23040,49683],[-120,-1]],[[22920,49682],[0,330],[-96,3]],[[22824,50015],[0,278]],[[23917,34122],[110,-15]],[[24027,34107],[40,-6]],[[24065,33513],[-23,1]],[[24042,33514],[-122,0]],[[23914,33515],[3,607]],[[23831,34324],[1,139]],[[23832,34463],[76,-6],[-2,-334],[11,-1]],[[23901,40255],[141,8]],[[24042,40263],[2,0]],[[24044,40263],[-3,-644]],[[23927,39626],[-27,1],[1,503]],[[20690,51893],[103,-1],[0,-155],[35,0],[0,-161],[71,-3],[0,-166],[26,1]],[[20925,51408],[0,-618],[1,-658]],[[20926,50132],[0,-410],[-5,-1]],[[20921,49721],[-160,2],[-113,3]],[[27916,33021],[41,-7]],[[27898,32303],[18,718]],[[25419,37465],[1,534]],[[25420,37999],[105,4]],[[23663,40452],[126,-7]],[[23789,40114],[1,-333]],[[18773,37336],[3,15],[126,0]],[[18752,36666],[-2,522],[23,148]],[[18457,35424],[-38,0],[0,-48],[-30,-1],[-30,15],[0,90],[-62,0],[0,170],[-31,0],[0,-26],[-130,0]],[[18136,35624],[1,418],[0,620]],[[28430,44928],[32,2],[7,-49],[21,7],[-1,150]],[[28489,45038],[55,10]],[[28544,45048],[3,-328],[-2,-173],[20,-2]],[[28565,44545],[-8,-86],[-23,19],[0,87],[-65,-12],[0,-17]],[[28469,44536],[-37,-11],[-2,403]],[[18715,47680],[-2,-331],[13,24],[22,-92],[15,-30],[7,-50],[18,-40],[24,0],[0,-54]],[[18812,47107],[-127,-1],[-122,1]],[[18563,47107],[-49,-7]],[[20400,29246],[171,0],[0,167]],[[20688,28919],[0,-503],[1,-4],[-1,-809],[2,-176],[-5,0],[0,-318],[-57,-14],[-58,1]],[[20570,27096],[0,331],[-114,-2],[0,163],[-97,-2],[-76,2]],[[20276,27759],[0,344],[29,0],[60,-19],[0,334],[36,0],[-1,828]],[[22321,37706],[152,1]],[[22473,37707],[2,-334]],[[22475,37373],[0,-498]],[[22475,36875],[-121,1]],[[22321,37042],[0,664]],[[23020,35048],[156,-6]],[[23176,35042],[0,-573]],[[23176,34469],[-10,0]],[[23019,34469],[1,579]],[[23426,37121],[126,-2]],[[23552,36492],[0,-43]],[[23552,36449],[-129,1]],[[23423,36450],[0,421],[3,0],[0,250]],[[22918,38037],[108,-1]],[[23026,38036],[0,-83],[31,0],[0,-166],[11,0]],[[23068,37787],[-1,-414]],[[23067,37373],[-129,1]],[[22938,37374],[-31,0],[0,166]],[[22907,37540],[1,386],[10,1],[0,110]],[[21599,33517],[150,-1]],[[21749,33516],[0,-842]],[[21749,32674],[0,-4]],[[21599,32670],[0,847]],[[23552,36449],[-1,-694]],[[23551,35755],[-131,2]],[[21494,51527],[0,-900]],[[21227,49801],[0,331]],[[21227,50132],[2,330],[0,658],[3,3],[0,405]],[[23009,51509],[-5,-209],[-20,-150],[-27,-92],[-25,-102],[-5,-75],[6,-38]],[[22824,50293],[0,497]],[[22824,50790],[0,719]],[[22615,51510],[209,-1]],[[22824,50790],[-38,1],[-3,55],[-169,2]],[[22614,50848],[1,662]],[[16666,37398],[0,216],[-5,0],[-1,154],[-15,8],[0,145],[-5,27],[1,250],[5,55],[25,14],[0,177],[-67,4]],[[16604,38448],[-6,116],[3,93],[-24,0],[-9,27],[-9,79]],[[16559,38763],[18,30],[47,135],[55,542]],[[22215,19390],[169,-1]],[[22220,18531],[-4,0]],[[21749,31005],[-1,-828]],[[21748,30177],[-107,-1]],[[21641,30176],[-44,0]],[[21597,30176],[2,830]],[[21901,31007],[0,-831]],[[21788,30177],[-40,0]],[[24934,23857],[19,0]],[[24953,23857],[37,1]],[[24990,23858],[0,-168],[29,1],[0,-641]],[[24934,23035],[0,822]],[[24765,23698],[5,0]],[[24770,23698],[37,1],[8,-42],[11,14]],[[24826,23671],[0,-195],[3,-111],[7,-83],[19,1],[5,-111],[23,1],[0,-139]],[[25026,25363],[114,1]],[[25140,25364],[1,-758]],[[25141,24606],[-9,-4]],[[25132,24602],[-104,-43]],[[25028,24559],[-1,159],[-1,645]],[[26025,28690],[58,-23],[0,-28]],[[26083,28639],[-1,-100],[-19,1],[-10,-26],[0,-56],[15,-1],[-1,-84],[-14,-55],[0,-237],[-5,-41],[-24,-52],[-1,-84],[-14,0]],[[25325,28264],[12,598]],[[25337,28862],[61,-12],[10,-57],[0,-195]],[[25408,28598],[2,-755]],[[25949,27016],[10,28],[89,3]],[[26048,27047],[17,1]],[[26065,27048],[0,-722]],[[26065,26326],[-4,-28],[-20,-3],[-5,-28],[1,-194]],[[25950,26376],[-1,640]],[[24764,37370],[33,-179],[0,-27],[30,-169],[0,-28],[35,-1],[-4,-67],[8,-100]],[[24866,36799],[-39,5],[0,-167],[-47,-93]],[[24780,36544],[-13,78]],[[24619,42229],[96,-9]],[[24715,42220],[-1,-665]],[[24714,41555],[-1,-167]],[[24713,41388],[-95,16]],[[24618,41404],[1,825]],[[24671,39791],[32,-1],[0,-69],[31,0],[0,-167],[9,-55],[11,-1],[-1,-221]],[[24753,39277],[-77,3]],[[24676,39280],[1,72],[-9,148],[-10,128],[13,163]],[[25187,40297],[0,83],[16,-1],[0,84],[32,265]],[[25235,40728],[31,1]],[[25266,40729],[0,-112],[0,-656]],[[25187,39795],[0,502]],[[17123,37281],[146,-903],[0,-1088],[0,-874]],[[25813,24032],[-57,-3]],[[20285,26944],[0,-180],[-10,0],[0,-757],[0,-1068]],[[20233,24523],[-132,1],[-83,0]],[[20018,24524],[0,570],[0,784],[0,213]],[[27479,41908],[0,-93]],[[27479,41815],[0,-405]],[[27479,41410],[-16,-47],[-16,3],[-10,-64]],[[27437,41302],[-22,28],[-32,4]],[[26516,39370],[85,-36]],[[26601,39334],[26,-11],[-4,-316]],[[26623,39007],[-54,-221],[-6,-73],[-16,43]],[[26547,38756],[-36,13]],[[26971,42639],[0,-161],[2,-254]],[[26973,42224],[-28,-1],[1,-138]],[[26864,42090],[-29,2]],[[26835,42092],[-3,493]],[[26832,42585],[0,66]],[[15542,51912],[23,-3],[19,53]],[[21010,29903],[9,1],[0,167],[58,-2],[0,166],[30,-1],[0,167],[29,-1],[0,170],[68,0]],[[21204,30570],[0,-394]],[[21204,30176],[-1,-829]],[[21203,29347],[0,-19]],[[21203,29328],[-194,0],[1,575]],[[26083,28639],[10,29],[26,14]],[[26119,28682],[4,-119]],[[26136,28089],[10,-325]],[[26146,27764],[-14,19],[-81,6]],[[26051,27789],[-34,5],[-5,-55],[-24,14],[5,42]],[[25393,38616],[16,2]],[[25409,38618],[1,-619]],[[25410,37999],[-87,-5]],[[25323,37994],[-29,9],[0,112]],[[25294,38115],[0,496]],[[24990,23858],[15,0]],[[25005,23858],[70,0]],[[25075,23858],[0,-827],[3,-173]],[[25107,28254],[-1,28],[29,0],[0,111],[59,-2]],[[25194,28391],[0,-250],[61,-1],[-3,-57]],[[25208,27809],[0,112],[-97,-6]],[[25111,27915],[-4,140],[0,199]],[[25076,37281],[62,6],[62,-4]],[[25200,37283],[-1,-416]],[[25199,36867],[-1,-250]],[[25198,36617],[-118,-1]],[[25080,36616],[-6,0],[1,168]],[[28544,33129],[15,46],[14,8],[9,51]],[[28582,33234],[-4,-179],[-4,-35],[4,-243],[10,-33],[16,-2],[19,-34]],[[28623,32708],[-13,-98],[-15,-33],[-19,7],[-10,84],[-16,-21],[-13,199],[3,144],[11,93],[-6,19]],[[21996,45619],[14,-26],[4,-46],[22,-44],[13,6],[11,-31],[20,-13],[34,-58],[27,-8]],[[22141,45399],[1,-565],[3,0],[0,-665]],[[22145,44169],[-6,0]],[[22139,44169],[-134,0]],[[22005,44169],[0,662],[-5,1],[0,662],[-4,125]],[[26593,47036],[9,2],[32,205],[24,59]],[[26755,47200],[4,-664],[-5,0]],[[26754,46536],[-65,-9],[1,-166],[-31,-23]],[[26659,46338],[-65,-4]],[[26594,46334],[-1,491]],[[26593,46825],[0,211]],[[25135,53599],[12,132],[36,107],[29,132],[22,35],[18,80]],[[25331,53921],[-4,-80],[-11,-38],[-4,-76],[-15,-42],[-5,-109],[-23,-153]],[[25119,52433],[0,496],[35,-1],[0,163],[-19,0],[0,508]],[[29356,41872],[-9,-66],[8,-86]],[[27089,33112],[7,-45],[-5,-66],[7,-76],[16,-38],[5,-110]],[[27119,32777],[21,-84],[-20,-201]],[[23359,40192],[-9,0]],[[23350,40192],[-125,0]],[[23225,40192],[-62,1]],[[23163,40193],[0,497]],[[21471,45911],[128,-6],[110,3]],[[21709,45908],[166,0],[121,1]],[[21996,45909],[0,-290]],[[22005,44169],[-28,0]],[[21816,44173],[-162,8]],[[21654,44181],[-162,8]],[[21492,44189],[-9,1],[1,661],[-8,0],[0,652],[-5,0],[0,408]],[[22530,41523],[1,0]],[[22531,40860],[-124,0]],[[22407,41507],[1,17]],[[25004,44959],[10,0]],[[25014,44959],[119,-10]],[[25133,44296],[-65,-4],[0,103],[-62,-5]],[[25006,44390],[-2,569]],[[25404,39593],[2,-391]],[[25406,39202],[-15,-1],[0,-194]],[[25264,38999],[0,138]],[[23441,32873],[60,-1]],[[23501,32872],[0,-497],[-3,0],[0,-500]],[[25133,43296],[94,6]],[[25227,43302],[2,-332]],[[25229,42970],[2,-665]],[[25231,42305],[-96,-5],[0,-339]],[[25135,41961],[-32,-4]],[[25103,41957],[0,341],[-32,-1]],[[25071,42297],[0,393]],[[25071,42690],[-1,524]],[[25070,43214],[0,83],[63,-1]],[[26049,42660],[32,1],[0,-55],[64,-4]],[[26145,42602],[-1,-162],[-8,0],[1,-332]],[[26051,42103],[-11,-1],[0,85]],[[26040,42187],[-1,251],[10,1],[0,221]],[[26040,38952],[15,0],[0,196]],[[26148,39149],[0,-353]],[[26148,38796],[-40,-138]],[[26108,38658],[-35,-120],[-34,-4]],[[26039,38534],[1,418]],[[23974,42405],[64,0]],[[24102,42406],[0,-500]],[[24102,41906],[-128,-1]],[[23974,41905],[0,500]],[[24197,44573],[65,-1]],[[24262,44572],[65,3]],[[24327,44575],[-1,-499],[1,-334]],[[24327,43742],[-130,2]],[[24197,43744],[0,829]],[[28091,33601],[13,-453],[-9,-76]],[[26165,27091],[41,80],[42,101]],[[26269,27208],[-1,-439],[1,-168]],[[26269,26601],[0,-8],[-90,4]],[[26179,26597],[-13,453]],[[26166,27050],[-1,41]],[[25606,38612],[52,-7]],[[25658,38605],[104,-4]],[[25762,38601],[0,-331]],[[25762,38270],[0,-167]],[[25762,38103],[-62,-1]],[[25606,38109],[0,503]],[[25776,38946],[0,-12],[70,-1]],[[25846,38933],[2,-170],[1,-386],[14,1]],[[25863,38267],[-101,3]],[[25762,38601],[-1,324],[15,21]],[[24519,21740],[-47,-2],[-39,291],[-9,42]],[[24389,46866],[109,1]],[[24498,46867],[-4,-78],[8,-70]],[[24510,46065],[-120,3]],[[24390,46068],[1,496],[-2,302]],[[26281,38486],[18,78],[10,-18],[8,-63],[18,-57]],[[26335,38426],[8,-371],[-5,-147]],[[26338,37908],[-13,-48]],[[26325,37860],[-37,152]],[[26288,38012],[-2,65],[-19,19]],[[26267,38096],[0,54],[9,55],[0,57],[-11,83]],[[26265,38345],[-6,41],[22,100]],[[25077,28892],[88,1]],[[25165,28893],[29,0]],[[25194,28893],[0,-502]],[[25107,28254],[-44,-2]],[[25063,28252],[0,139],[15,1],[-1,500]],[[24826,23671],[0,112],[23,-8]],[[24849,23775],[38,-1],[-1,84],[48,-1]],[[25148,22415],[1,-493],[3,1]],[[25152,21923],[1,-53],[-37,-8],[-24,-38],[-52,-118],[1,67],[-13,66],[-7,-5]],[[25021,21834],[0,524]],[[25018,30646],[43,1]],[[25061,30647],[50,1]],[[25111,30648],[0,-260],[-5,-83],[-14,0],[-1,-414]],[[25091,29891],[-43,-1],[0,-27]],[[25048,29863],[-15,-1],[0,499],[-15,0],[0,285]],[[25806,43547],[83,1]],[[25889,43548],[46,1]],[[25935,43549],[0,-537]],[[25806,42924],[0,165],[10,97],[0,151],[-11,2],[1,208]],[[25967,42097],[0,83]],[[25967,42180],[73,7]],[[26053,41437],[-63,-3]],[[25990,41434],[-21,-1],[-2,664]],[[22551,32040],[148,2]],[[22699,32042],[1,-666]],[[22582,31378],[-59,-1],[0,303],[-2,29]],[[22521,31709],[0,331],[30,0]],[[25148,22860],[14,-1],[0,167]],[[25162,23026],[114,1]],[[25280,22526],[-132,0]],[[25165,30648],[11,0]],[[25176,30648],[113,1]],[[25289,30649],[4,0]],[[25293,30649],[0,-458]],[[25293,30191],[-98,3]],[[25195,30194],[-10,0],[0,194],[-20,0],[0,260]],[[28544,45048],[22,38],[-14,108]],[[28552,45194],[58,8],[0,-17],[54,9]],[[28664,45194],[3,-412]],[[28667,44782],[-12,-43],[15,-40],[-2,-128],[-28,41],[-18,0],[0,-105],[-16,34],[-18,1]],[[28588,44542],[-23,3]],[[22752,45627],[19,29],[16,-21],[15,25],[24,-42],[3,-70],[14,-18]],[[22843,45530],[8,-53],[32,-20]],[[22882,44675],[-97,1]],[[22785,44676],[0,166],[-33,-1]],[[22752,44841],[0,786]],[[26258,34693],[50,232]],[[26308,34925],[46,224],[15,-51]],[[26276,34466],[-19,95],[1,132]],[[24913,26146],[0,-108],[113,-2]],[[25026,26036],[0,-673]],[[25026,25363],[-113,-3]],[[29097,46458],[49,-111],[58,26],[1,-52],[29,13],[-1,51],[23,11]],[[29268,45879],[-124,5],[-60,118]],[[27344,43725],[29,30],[35,75],[40,68],[31,64]],[[27479,43718],[0,-666]],[[27479,43052],[-135,3]],[[27344,43055],[0,407]],[[27344,43462],[0,263]],[[26756,42086],[79,6]],[[26864,41548],[-37,-12]],[[26827,41536],[-70,-4]],[[26757,41532],[-1,554]],[[26986,39017],[2,169],[32,-12],[2,172]],[[27053,39335],[-2,-173],[59,-19]],[[27110,39143],[-3,-252],[10,-30],[0,-57],[27,-5],[-1,-103]],[[27143,38696],[-9,-67]],[[27134,38629],[-81,22],[-61,22]],[[26992,38673],[2,170],[-11,4],[3,170]],[[26713,39269],[-29,-265]],[[26684,39004],[-61,3]],[[26601,39334],[5,318]],[[28777,48588],[11,55],[4,75],[11,85],[81,389],[47,223],[25,77],[22,37],[1,35],[20,27],[25,103],[18,0],[23,62],[28,-40]],[[29093,49716],[2,-80],[21,-1],[9,-446],[24,-1045],[-3,-136]],[[29146,48008],[-89,-55]],[[28969,48004],[-77,230]],[[28182,46608],[55,-48],[11,3],[29,-118],[22,-69],[13,-14],[43,77]],[[28355,46439],[1,-461]],[[28356,45978],[-32,0],[1,-174],[-27,1]],[[28206,45889],[2,94],[-14,4],[13,180],[-25,-1]],[[28182,46166],[0,442]],[[29850,46270],[27,37],[16,-175],[52,71],[7,-188],[35,28],[19,-93],[16,-20]],[[29872,45363],[-4,146],[-8,1],[-9,295],[-16,2],[1,141],[6,210]],[[26684,39004],[-2,-243],[10,-32],[-3,-68]],[[26689,38661],[-9,-271]],[[26680,38390],[-63,-69],[-17,3]],[[26600,38324],[-55,1],[2,431]],[[27145,40482],[13,-3],[1,137],[13,-2]],[[27172,40614],[79,-14]],[[27251,40600],[-1,-81],[32,-3]],[[27282,40516],[-2,-417]],[[27280,40099],[-43,-1],[0,-56],[-21,4],[0,-56],[-32,6],[-1,-111],[-31,6]],[[27152,39891],[0,168],[-10,2],[3,421]],[[22806,14641],[-4,-1]],[[22820,14280],[5,0]],[[22764,14640],[10,-192],[7,-36],[9,-132]],[[26079,45470],[65,3]],[[26144,45473],[66,2]],[[26210,45475],[1,-666]],[[26211,44809],[-64,-3]],[[26147,44806],[-68,3]],[[26079,44809],[0,661]],[[24295,43072],[33,2]],[[24328,43074],[86,-1],[10,-166]],[[24424,42907],[0,-499]],[[24424,42408],[-65,1]],[[24359,42409],[-64,1]],[[24295,42410],[0,662]],[[26210,45475],[66,-1]],[[26276,45474],[65,-1]],[[26341,45473],[1,-663]],[[26342,44810],[-33,-1]],[[26309,44809],[-98,0]],[[26541,48127],[89,4]],[[26630,48131],[-1,-112],[-11,-93],[-20,-38],[-1,-90],[-41,-2],[-12,-57],[-9,-91]],[[26535,47648],[-38,1],[0,164],[-34,0]],[[26463,47813],[0,314]],[[26407,46157],[55,0],[67,8]],[[26529,46165],[0,-336],[2,-335]],[[26531,45494],[-66,-8]],[[26465,45486],[-57,-2]],[[26408,45484],[-1,653]],[[26407,46137],[0,20]],[[26384,24216],[42,0]],[[26426,24216],[71,3],[7,51]],[[26504,24270],[6,-48],[0,-346]],[[26389,23863],[5,38],[-12,175],[2,140]],[[24841,41550],[1,500]],[[24842,42050],[96,-2]],[[24938,42048],[53,-1],[-6,-99]],[[24985,41948],[-23,-211],[-1,-120]],[[24961,41617],[0,-85],[-16,-74],[1,-31],[-13,-88],[0,-65],[-43,-51],[-17,-53]],[[24873,41170],[0,213],[-32,2],[0,165]],[[25046,38338],[0,361],[31,1]],[[25077,38700],[93,-3]],[[25170,38697],[0,-581],[32,6]],[[25202,38122],[-1,-169]],[[25201,37953],[-93,-6],[-30,2],[0,-167]],[[25045,37793],[-1,490],[2,55]],[[25280,35614],[10,0]],[[25290,35614],[55,0],[13,-48]],[[25358,35566],[17,-93],[3,-38]],[[25279,35279],[1,335]],[[28590,38743],[0,-62]],[[24516,24193],[116,2]],[[24632,24195],[29,1],[0,-500]],[[24661,23696],[-97,-1],[-32,-53]],[[24327,43742],[-1,-334],[2,-165],[0,-169]],[[24295,43072],[-98,-2]],[[24197,43070],[0,674]],[[24795,43870],[130,2]],[[24925,43872],[16,0],[0,-54]],[[24941,43818],[-1,-604]],[[24940,43214],[-64,-2]],[[24876,43212],[-90,1]],[[24457,43905],[1,665]],[[24458,44570],[65,-1]],[[24523,44569],[64,-1]],[[24587,44568],[0,-499]],[[24587,43903],[-130,2]],[[23600,45235],[131,0]],[[23731,45235],[0,-166]],[[23731,45069],[0,-164],[11,0],[0,-500]],[[23742,44405],[-65,0]],[[23677,44405],[-65,-1]],[[23600,45071],[0,164]],[[24971,35562],[16,-15],[3,68],[83,1]],[[25073,35616],[32,-7]],[[25105,35609],[-1,-509]],[[26176,43102],[109,7]],[[26285,43109],[0,-198]],[[26285,42911],[0,-295]],[[26285,42616],[-108,-14]],[[26177,42602],[-1,500]],[[23863,46864],[125,1]],[[23988,46865],[7,0]],[[23995,46865],[0,-466]],[[23995,46399],[-132,0]],[[23863,46399],[0,465]],[[25543,36693],[-1,-248],[6,0],[0,-180]],[[25647,41265],[90,-2]],[[25737,41263],[21,0],[0,-247]],[[25758,41016],[0,-416]],[[25758,40600],[-110,1]],[[25648,40601],[0,290]],[[25648,40891],[-1,208]],[[25596,42515],[16,45]],[[25612,42560],[8,44],[17,40],[20,-32],[25,-95],[11,33]],[[25693,41931],[-16,0],[0,-142],[-31,0],[0,-193]],[[25599,41596],[-3,334],[0,585]],[[26108,38658],[-1,-539]],[[26107,38119],[-26,-2],[0,-56],[-21,-111],[-20,-17]],[[26040,37933],[-18,13],[-13,-28]],[[26008,38415],[0,115],[31,4]],[[22963,44535],[104,-3]],[[23067,44532],[9,-88],[-10,-29]],[[23066,44415],[3,-92],[22,-108],[-1,-120]],[[23090,44095],[-10,-61],[-69,1]],[[23011,44035],[0,142],[-75,1]],[[22936,44178],[1,331]],[[24765,21435],[-18,-25],[-7,-58],[-16,-70],[-12,-96],[-24,-31],[2,-251]],[[24655,20912],[-3,175],[-6,105],[7,28],[6,220]],[[25739,33802],[4,149],[17,223],[9,61],[13,13]],[[25782,34248],[7,-101],[51,-44],[-1,-59]],[[26398,42080],[16,1],[0,333]],[[26414,42414],[32,1]],[[26542,42418],[0,-471]],[[25021,21834],[3,-133],[-25,-93],[-8,-99],[-21,-41]],[[24803,24465],[42,17]],[[24845,24482],[-1,-456],[5,0],[0,-251]],[[24770,23698],[-1,700]],[[25140,26704],[28,-2]],[[25286,26039],[-146,-2]],[[25140,26037],[0,667]],[[25047,29474],[89,0],[0,-27],[29,-1]],[[25165,29446],[0,-553]],[[25077,28892],[-29,-1],[0,167]],[[25048,29058],[-1,416]],[[25091,27860],[1,55],[19,0]],[[25168,27390],[-76,-1]],[[25092,27389],[-1,471]],[[23029,30487],[22,9],[2,-282]],[[23053,30214],[0,-167],[-30,0],[0,-333]],[[23023,29714],[-88,1]],[[22935,29715],[0,167],[-29,0],[0,83]],[[28677,43131],[6,203],[23,7]],[[28706,43341],[0,-16],[110,-2]],[[28816,43323],[-15,-130],[-8,-96],[9,-34],[-18,-150]],[[28784,42913],[-47,-81],[-78,-16]],[[22436,30381],[147,0]],[[22584,30049],[-15,0],[0,-332]],[[22569,29717],[-28,0],[0,-82],[-15,-28],[-58,0],[0,-55],[-29,1],[-15,-28]],[[17320,47590],[8,-83],[11,0],[17,-83],[17,0],[22,27]],[[17395,47451],[56,0]],[[17451,47451],[0,-330],[11,0],[0,-333],[-11,0],[0,-322]],[[8549,81048],[0,-496],[-2,0],[0,-606],[-75,0],[-2,-220]],[[8390,79941],[7,17],[-24,111],[-28,60],[-47,-35],[-36,109],[-33,4],[-36,64],[-31,130],[-32,87],[-27,35],[11,91],[27,16],[32,206],[27,42],[-1,68],[49,65],[34,91],[-3,26]],[[26325,36385],[-14,-270]],[[26268,36601],[0,46],[39,103]],[[26782,41019],[1,96],[16,12],[1,295],[27,2],[0,112]],[[26893,41240],[-3,-51],[-4,-339],[-27,8]],[[26859,40858],[-52,16],[2,109],[-27,7],[0,29]],[[29172,44682],[18,36],[9,-35],[19,15],[6,86]],[[29224,44784],[91,70],[41,36]],[[29356,44890],[2,-65],[-5,-84],[3,-153],[-2,-68],[-16,-76],[-2,-74],[-10,-43],[-6,-79]],[[26531,45494],[66,5]],[[26597,45499],[6,-672]],[[26603,44827],[-78,-13],[-52,1]],[[26473,44815],[-3,0]],[[26470,44815],[0,227],[-5,444]],[[24797,38283],[124,0]],[[24921,38283],[17,0]],[[24938,38283],[1,-238],[10,0],[1,-250]],[[24919,37627],[-132,9]],[[24787,37636],[-8,82],[1,56],[11,77]],[[24761,38139],[0,144],[36,0]],[[25267,41369],[62,1],[-3,718]],[[25326,42088],[32,6]],[[25358,42094],[4,-972],[51,-4]],[[25413,41118],[1,-165]],[[25414,40953],[-147,-1]],[[25267,40952],[0,417]],[[28230,31774],[-67,-1]],[[26340,48125],[67,0]],[[26463,47813],[0,-326]],[[26463,47487],[-56,5],[0,-29],[-67,4]],[[26340,47467],[0,658]],[[28539,45958],[3,107],[-5,502]],[[28537,46567],[8,6],[21,136]],[[28662,45476],[2,-282]],[[28552,45194],[-5,89],[-13,110],[-2,117],[6,69],[-5,146],[0,130],[6,103]],[[28588,44542],[1,-240],[-6,-32],[4,-166],[-4,-99]],[[28583,44005],[-103,3]],[[28480,44008],[-11,0]],[[28469,44008],[0,528]],[[25351,34218],[43,82],[35,95]],[[25469,34475],[21,-68],[-4,-167],[0,-235],[-6,-226]],[[25480,33779],[-44,-7],[1,58],[-62,27]],[[25375,33857],[-11,132]],[[25364,33989],[-13,229]],[[26102,29297],[21,-1],[14,160],[43,126],[9,150],[12,139]],[[26201,29871],[10,-1]],[[26211,29870],[-6,-86],[1,-268],[23,-17]],[[26229,29499],[-5,-87],[0,-255],[-6,1],[-1,-224]],[[26217,28934],[-58,8],[0,-41],[-46,4]],[[26113,28905],[-11,392]],[[25077,38950],[32,-6],[0,588]],[[25109,39532],[60,-2]],[[25264,38695],[-94,2]],[[25077,38700],[0,250]],[[24795,39277],[63,3]],[[24858,39280],[63,3]],[[24921,39283],[-1,-335],[1,-665]],[[24797,38283],[-1,501]],[[24796,38784],[-1,493]],[[25653,36821],[0,-55],[15,0]],[[23205,45739],[131,1]],[[23336,45076],[-98,-1]],[[23238,45075],[-33,-1]],[[23205,45074],[0,665]],[[23199,42404],[138,-1]],[[23337,42403],[0,-492]],[[23337,41911],[-119,0]],[[23218,41911],[-8,73],[4,62],[-10,47],[-5,107]],[[25844,48160],[96,-23]],[[25941,47467],[-109,8]],[[25832,47475],[-9,289],[-14,166],[18,91],[17,139]],[[26137,48796],[135,-3]],[[26272,48793],[-1,-169],[1,-497]],[[26272,48127],[-66,5]],[[26206,48132],[-69,2]],[[26137,48134],[-1,496],[1,166]],[[26074,46805],[0,-332]],[[26074,46473],[-64,-2]],[[26010,46471],[-69,1],[0,331]],[[25941,46803],[0,664]],[[24258,45735],[0,335]],[[24258,46070],[132,-2]],[[24390,46068],[0,-835]],[[24390,45233],[-132,-4]],[[24258,45229],[0,506]],[[25764,34471],[18,-223]],[[25656,33791],[3,796]],[[24213,48685],[7,-30],[37,-60]],[[24320,48187],[-62,0],[0,-164]],[[24258,48023],[-67,1],[0,165],[-64,2]],[[24127,48191],[0,331],[33,-1],[0,166],[53,-2]],[[19362,52051],[70,1],[0,516],[4,0],[0,387]],[[19605,51885],[-40,0]],[[19565,51885],[-137,0],[0,-167]],[[19428,51718],[-53,0],[1,167],[-14,0],[0,166]],[[26407,50105],[33,0]],[[26540,49452],[-134,-3]],[[19967,35277],[0,-806]],[[21277,41028],[32,0]],[[21309,41028],[171,3]],[[21480,41031],[0,-174]],[[21480,40857],[0,-660]],[[21480,40197],[0,-818]],[[21480,39379],[-92,-6],[-118,-6]],[[21270,39367],[1,502],[-1,327],[3,0],[0,665],[4,167]],[[21173,39363],[97,4]],[[21480,39379],[0,-11]],[[21480,39368],[1,-829]],[[21481,38539],[0,-165]],[[21481,38374],[-89,-2],[-50,-9],[-172,-7]],[[21170,38356],[2,173],[1,834]],[[19530,41455],[0,645]],[[19530,42100],[46,-1],[177,0],[92,3]],[[19845,42102],[168,2]],[[19979,40617],[-16,-6],[-75,5],[-126,-2],[-88,1],[-144,1]],[[19530,39544],[43,0],[0,-19],[95,-1],[0,83],[172,2],[0,249],[68,10],[73,-4],[0,171],[31,-6],[1,336],[78,1]],[[26839,37466],[21,51],[-7,90],[1,67],[16,-4],[3,138],[9,-4],[3,193]],[[26885,37997],[21,-9]],[[26906,37988],[-2,-125],[28,-13],[4,-58],[-1,-113],[33,-12],[-2,-173],[20,-5]],[[26901,37182],[-6,101],[-14,59]],[[26285,42911],[129,3]],[[26414,42414],[0,83],[-32,1],[0,84],[-97,-2]],[[26285,42580],[0,36]],[[26503,40542],[2,171]],[[26505,40713],[64,-26],[0,-28],[65,-30]],[[26634,40629],[16,-8],[-3,-217]],[[26644,40211],[-145,57]],[[26499,40268],[4,274]],[[23786,41293],[61,5]],[[23899,40922],[0,-223]],[[23789,40695],[0,398],[-3,200]],[[23516,43743],[32,1]],[[23548,43744],[97,0]],[[23645,43744],[0,-499],[11,-1],[0,-185]],[[23656,43059],[-128,1]],[[26170,40776],[115,7]],[[26285,40783],[-2,-582]],[[26174,40200],[-3,138]],[[26171,40338],[-1,438]],[[25953,37176],[8,-29],[45,2],[13,-103],[-11,-34],[2,-85]],[[26010,36927],[-12,-43],[-1,-49],[-17,-113]],[[17468,48108],[0,-164],[-23,1],[0,-109],[-11,-54],[-39,1],[0,-332]],[[27447,34341],[47,-425]],[[27390,33630],[-21,174]],[[27369,33804],[10,80],[-11,5],[-4,-44]],[[27364,33845],[-31,257]],[[24531,30404],[0,85],[41,-9],[152,-6]],[[24724,30474],[0,-135]],[[28168,33602],[41,1]],[[27430,32662],[-52,8]],[[24842,42383],[32,0],[3,162]],[[24877,42545],[61,-1],[0,-162]],[[24938,42382],[0,-334]],[[24842,42050],[0,333]],[[29476,44978],[24,450]],[[29500,45428],[67,-10]],[[29559,44081],[-106,21],[-15,-2]],[[29438,44100],[-3,0]],[[29435,44100],[-3,70],[44,808]],[[30176,42760],[19,12],[19,154],[28,92],[11,-25],[4,-102],[11,-29],[16,39],[1,-128],[-68,-18],[-31,-57],[-10,62]],[[27045,39755],[106,-30]],[[27151,39725],[16,-4],[-1,-167],[16,-3],[-1,-147]],[[27181,39404],[-28,7],[-10,-82],[6,-32],[-1,-96],[-32,26],[-6,-84]],[[25668,26533],[40,-2],[-2,408]],[[25808,26883],[0,-174],[11,-108],[8,-36],[-2,-76],[22,-115]],[[25668,26328],[0,205]],[[26507,25932],[1,15]],[[26552,25830],[-22,69],[-26,3]],[[26504,25902],[3,30]],[[23804,30172],[-20,-52],[-25,-11],[-2,-90],[-15,1]],[[23742,30020],[1,27],[-25,24],[-83,10],[0,55],[-39,4]],[[29300,42935],[14,94],[112,75]],[[29300,42712],[0,5]],[[24678,39884],[-3,73]],[[24839,39949],[3,-295],[17,-304],[-1,-70]],[[24795,39277],[-42,0]],[[24671,39791],[7,93]],[[22181,45908],[78,0]],[[22259,45908],[-1,-369]],[[22258,45539],[-22,-46],[-22,-16],[-15,-64],[-19,-39],[-39,25]],[[26115,24211],[-1,-580]],[[26033,23402],[-23,2]],[[26010,23404],[1,804]],[[25722,43548],[39,152],[18,99],[11,96],[8,122],[19,214],[33,238]],[[25850,44469],[40,0],[0,-327]],[[25890,44142],[-1,-594]],[[25806,43547],[-84,1]],[[26897,47229],[6,-280],[14,-211],[0,-153],[4,-243],[5,-108]],[[26789,46206],[-1,249],[-33,-2],[-1,83]],[[27193,32788],[-36,10],[-38,-21]],[[20752,38532],[171,-3],[-1,-494]],[[20922,38035],[1,-333],[-1,-328]],[[20922,37374],[-90,-3],[-157,-2]],[[20674,37617],[1,280],[-37,5],[2,134],[10,-1],[1,307],[-2,190]],[[26138,49368],[1,73],[10,17],[124,-3]],[[26273,49455],[-1,-662]],[[19565,51885],[1,-330],[5,0],[-1,-527],[18,-83],[0,-54]],[[19321,50045],[-74,9]],[[19247,50054],[0,337],[37,0],[0,331],[35,0],[0,83],[34,-1],[0,83],[34,0],[0,333],[5,0],[-1,166],[12,-1],[0,170],[23,1],[2,162]],[[25198,36617],[0,-417]],[[25198,36200],[0,-83]],[[25198,36117],[-124,-2]],[[25074,36115],[0,168],[-7,0]],[[25067,36283],[6,33],[2,122],[8,123],[-3,55]],[[25071,42297],[-55,-1],[8,84],[-38,2]],[[24986,42382],[0,162],[31,-1],[6,129],[21,41],[27,-23]],[[26220,28392],[38,-60]],[[26258,28332],[-1,-395],[27,1]],[[26226,27655],[-77,5]],[[26149,27660],[-3,104]],[[26547,27546],[7,-75],[2,-108],[5,-47],[-2,-129]],[[26559,27187],[-16,43],[-45,0]],[[26475,27230],[0,95],[6,87]],[[23592,41907],[127,-5]],[[23719,41902],[0,-616]],[[23719,41286],[-61,-4]],[[23658,41282],[-66,-2]],[[23592,41280],[0,627]],[[23731,45736],[132,2]],[[23863,45738],[0,-669]],[[23863,45069],[-132,0]],[[23731,45235],[0,501]],[[24588,45293],[-1,-57],[-65,1]],[[24522,45237],[-132,-4]],[[23842,36050],[1,166],[16,-3],[2,304]],[[23981,36192],[-30,3],[-2,-193]],[[25990,52595],[0,-496]],[[25989,51572],[-16,-69],[-38,61],[-38,-2],[-22,-37],[-13,-72],[-1,-97],[-12,-128],[-15,4],[-10,-62]],[[24126,45735],[132,0]],[[24258,45229],[-132,1]],[[24126,45230],[0,505]],[[25105,35609],[92,5]],[[25197,35614],[0,-1]],[[25197,35613],[0,-499]],[[25197,35114],[-54,-3],[-7,-63]],[[22211,42187],[61,1]],[[22272,42188],[128,-1]],[[22400,42187],[7,0]],[[22214,41471],[-3,55],[0,661]],[[22785,40860],[-1,-665]],[[22784,40195],[-126,0]],[[22658,40195],[1,665]],[[23147,40691],[-110,0]],[[23037,40691],[0,498]],[[21287,36887],[195,3]],[[21482,36890],[0,-12]],[[21482,36878],[0,-999]],[[21482,35879],[1,-179]],[[21483,35700],[-197,-2]],[[21286,35698],[0,343],[2,1],[-1,845]],[[26065,26326],[86,4],[0,28],[42,3]],[[26193,26361],[8,-195],[7,-70]],[[26815,20788],[6,119]],[[24780,36544],[21,-47],[10,-85],[11,-7],[13,-84],[19,0],[-9,-97],[10,-84]],[[24807,35751],[-12,54],[-13,-57],[-37,211],[-35,188],[38,196],[-26,116]],[[25027,26713],[84,0],[24,-23],[5,14]],[[25140,26037],[-112,-1]],[[25028,26036],[-1,677]],[[25111,30648],[54,0]],[[25195,30194],[0,-306],[-5,0]],[[25190,29888],[-99,3]],[[26279,43548],[6,-122]],[[26285,43426],[0,-317]],[[26176,43102],[0,445]],[[26176,43547],[103,1]],[[20186,36064],[0,-326],[-5,0],[1,-496]],[[20182,35242],[0,-15],[-117,-8],[0,58]],[[24133,33515],[-2,-282],[4,-156],[14,-25],[-3,-108],[20,-123],[0,-137]],[[24032,32782],[2,718],[8,14]],[[24165,25882],[-58,1],[0,-82],[-43,0]],[[24035,26053],[6,107],[-3,69],[12,64],[-1,91],[29,1]],[[15231,45825],[9,148],[18,454],[-5,68],[13,70],[19,179],[15,240],[4,93]],[[16372,48894],[0,-244],[101,6],[0,-94],[34,0],[0,-158],[68,0]],[[16575,47741],[-33,0],[-1,-498],[-33,0]],[[23510,50348],[2,-166],[0,-662]],[[23376,50016],[-3,165],[0,332]],[[24043,51113],[19,70],[21,249],[19,72],[25,36],[8,62],[16,-15],[12,97],[16,-26],[10,101],[9,15],[0,159]],[[24198,51933],[68,0]],[[24266,51933],[0,-331],[5,0],[1,-656]],[[24272,50946],[-35,0]],[[24237,50946],[0,163],[-104,6],[0,-165],[-100,4]],[[24033,50954],[5,140],[5,19]],[[20359,44831],[0,-661],[1,-1060],[1,-258],[-71,0],[0,-755]],[[19845,42102],[1,756],[-4,0],[0,498],[117,-4],[1,158],[1,663],[-5,0],[0,331]],[[25990,40967],[0,-54]],[[25990,40913],[0,-304]],[[25990,40609],[-106,-6]],[[25884,40603],[0,301]],[[23011,46408],[62,-5],[131,0]],[[23204,46403],[1,-664]],[[23205,45739],[-189,-1]],[[23039,46071],[4,58],[-7,70],[-5,141],[-20,4],[0,64]],[[23468,45740],[132,-3]],[[23600,45737],[0,-502]],[[23995,46399],[0,-81]],[[23995,46318],[0,-582]],[[23995,45736],[-132,2]],[[23863,45738],[0,661]],[[25148,48282],[41,1]],[[25189,48283],[93,1]],[[25282,48284],[0,-583]],[[25282,47701],[0,-86],[-134,4]],[[25148,47619],[0,168]],[[25148,47787],[0,495]],[[26921,24385],[0,-73],[-29,1]],[[26892,24313],[-59,-3],[0,276]],[[26152,37061],[79,-43]],[[26231,37018],[12,-7],[-12,-109],[-3,-189],[-4,-89]],[[26202,36449],[-36,100],[-54,110]],[[26112,36659],[6,222],[-18,41]],[[26100,36922],[7,27],[33,20],[12,92]],[[3934,79921],[6,78],[32,-75],[-30,-39],[-8,36]],[[5047,76114],[-9,-25]],[[4964,75924],[-12,-69],[3,-78],[-46,-64],[-9,-51],[-19,-5],[-16,-74],[-20,-19],[-4,98],[-13,52],[-45,5],[-26,-20],[-22,33],[10,58],[33,24],[31,-51],[13,73],[24,216],[-8,147],[-1,169],[-26,183],[-28,153],[-21,222],[28,218],[21,32],[21,121],[26,38],[3,37],[-47,267],[-3,122],[-14,68],[-11,116],[-25,115],[-14,123],[1,51],[-19,73],[-14,137],[-27,99],[-14,108],[-22,10],[-14,-87],[6,-188],[-18,-93],[-24,-14],[-25,33],[-12,-79],[-33,-51],[-57,-119],[-30,-41],[-70,-60],[-72,-25],[-33,1],[-39,23],[-49,67],[-8,37],[-15,157],[28,84],[-24,77],[-50,91],[-30,170],[2,30],[-43,125],[-7,75],[-47,28],[-29,55],[-22,65],[-31,133],[36,90],[8,112],[-25,9],[-38,-91],[-21,-7],[-29,34],[-12,85],[10,42],[25,-6],[28,81],[12,62],[14,10],[36,136],[-11,37],[4,80],[30,62],[7,47],[-26,111],[-48,36]],[[3257,78732],[13,-23],[32,64],[57,-17],[14,-19],[28,15],[25,-36],[13,79],[-2,72],[21,57],[41,-8],[2,84],[24,63],[32,-61],[22,49],[29,24],[55,-148],[21,11],[12,45],[55,-98],[-12,-86],[12,-92],[-11,-70],[17,-88],[-13,-90],[7,-66],[15,-31],[-6,-58],[20,-54],[0,-97],[-39,-35],[-12,24],[-31,-56],[-20,7],[-55,-104],[17,-92],[-30,-45],[-7,60],[-22,72],[-38,67],[-21,-19],[-30,7],[-17,61],[-23,21],[-41,130],[-39,63],[-17,-8],[-38,130],[-18,8],[-10,125],[-32,163]],[[1695,79287],[7,86],[19,70],[11,-43],[14,-114],[29,-96],[46,-104],[22,-27],[42,-8],[35,-108],[-43,26],[-25,-2],[-27,-35],[-37,85],[-11,56],[-45,164],[-37,50]],[[26258,28332],[6,-11],[43,26],[0,34]],[[26307,28381],[29,-3],[12,-117]],[[26509,23669],[97,-9]],[[26606,23660],[39,-6]],[[26583,23102],[-75,7],[0,68]],[[27569,39034],[48,16],[24,97]],[[27641,39147],[12,-32]],[[27653,39115],[0,-259]],[[23774,43745],[33,0]],[[23807,43745],[98,-1]],[[23905,43744],[0,-500],[5,1],[0,-178]],[[23910,43067],[0,-33]],[[23910,43034],[-12,-8],[-14,48],[-103,1]],[[23781,43075],[0,168],[-6,0],[-1,502]],[[23592,42399],[64,-1]],[[23656,42398],[63,-1]],[[23719,42397],[0,-495]],[[25841,34795],[32,-170],[18,44],[7,-52],[22,-30]],[[25920,34587],[-15,-242]],[[23952,49513],[14,60],[21,-1],[9,-55]],[[24057,49241],[19,-61]],[[24076,49180],[0,-161],[-17,1],[0,-166],[-35,1],[-5,-61],[-28,2],[0,-77]],[[29315,44155],[6,2],[55,-141],[51,-53],[2,137],[6,0]],[[29438,44100],[-9,-730]],[[6785,73271],[16,20],[10,64],[-4,73],[14,50],[10,100],[28,63],[8,69],[21,6],[24,108],[22,8],[10,39],[35,-22],[19,19],[14,-22],[-1,-201],[16,-21],[34,101],[-21,89],[4,34],[34,0],[19,36],[-52,69],[-16,-9],[-3,205],[18,56],[3,49],[18,9],[16,46],[20,-25],[11,-69],[14,-21],[12,-110],[11,3],[5,127],[48,-77],[-9,92],[-34,53],[-23,94],[6,63],[15,14],[42,-114],[41,-58],[-11,115],[40,44],[35,-23],[36,-67],[-16,-69],[-12,-93],[0,-140],[17,-37],[-1,170],[14,56],[19,-69],[7,98],[26,99],[20,-31],[29,127],[4,-67],[27,-40],[-11,-61],[-24,37],[-2,-61],[37,-92],[-41,-106],[-3,-44],[4,-163],[20,57],[-18,-180],[40,80],[19,-38],[20,14],[5,-60],[-38,-143],[-13,-180],[-32,40],[-24,10],[-23,52],[-17,-19],[-15,73],[-18,-19],[-22,32],[-9,-61],[43,-40],[10,-69],[27,-31],[7,-42],[-9,-122],[-17,-75],[-14,61],[-18,-87],[-36,122],[-13,20],[-32,-45],[1,-58],[23,27],[21,-80],[-37,-89],[-12,-64],[27,-19],[20,37],[22,-72],[-12,-47],[-31,-5],[-28,-63],[-23,-21],[2,-75],[-10,-70],[-20,-23],[-11,38],[7,59],[-22,40],[12,70],[-5,43],[24,108],[0,64],[-50,-184],[-8,-98],[-22,54],[-26,-13],[2,-63],[15,-62],[19,-39],[-19,-126],[-16,-6],[-19,-80],[8,-69],[-38,-64],[-17,-97],[-20,-47],[-17,38],[-27,-39],[1,79],[18,123],[16,21],[7,70],[38,91],[-36,27],[2,72],[26,176],[-9,16],[-19,-63],[-29,-180],[-11,-3],[-13,-93],[-13,-20],[-5,-66],[-20,-44],[-2,111],[-26,107],[-35,55],[3,156],[-4,203],[-17,140],[-8,28],[-30,13],[-4,73],[-15,60]],[[6518,70363],[21,47],[12,101],[21,-9],[-7,-82],[6,-117],[-6,-53],[-39,23],[-8,90]],[[7197,76145],[3,0]],[[7215,76147],[-32,-54],[-8,-149],[-10,-64],[-35,-58],[-10,-99],[-19,-37],[-30,-20],[-35,7],[-10,-213],[-37,-18],[3,-140],[19,-38],[-17,-71],[-13,6],[-20,-45],[10,-132],[-10,-131],[-30,-66],[-18,-11],[-1,-140],[-27,121],[-8,-130],[-19,-3],[-9,-102],[-21,15],[-3,58],[-20,-22],[-4,-73],[-20,-25],[-22,50],[-41,-81],[-2,-53],[-21,-17],[16,-77],[-6,-62],[-31,-41],[-12,-47],[-27,4],[-6,-72],[17,-79],[-2,-48],[-25,-36],[-4,63],[-29,43],[-17,55],[-12,-27],[-6,-136],[11,-87],[-27,-27],[-14,-83],[2,-111],[-35,18],[-20,-36],[-20,63],[-11,-5],[6,-249],[-20,8],[-24,83],[-11,-69],[-29,-40],[-37,-152],[-23,-36],[7,-68],[45,65],[11,-58],[-7,-84],[-18,-54],[21,-66],[-8,-62]],[[6240,70772],[21,95],[12,-75],[-14,-51],[-19,31]],[[7593,74892],[16,132],[12,-20],[-4,-133],[-15,-42],[-9,63]],[[7464,76261],[18,74],[17,-34],[-18,-61],[-17,21]],[[7324,74433],[31,38],[3,-59],[-12,-48],[-22,69]],[[7168,74631],[23,75],[12,87],[21,25],[2,81],[10,29],[33,-43],[14,52],[-26,75],[15,85],[36,-42],[8,113],[19,-26],[10,41],[-7,102],[44,150],[-4,107],[7,93],[19,62],[19,-44],[14,69],[32,11],[1,-97],[-20,-179],[-20,-47],[-9,-81],[12,-52],[-5,-90],[33,12],[7,66],[16,58],[19,-81],[25,22],[11,-37],[2,-126],[13,-37],[20,83],[0,-139],[-10,-101],[-9,3],[-15,-103],[-16,43],[-16,0],[-6,103],[-25,21],[13,-204],[-22,-45],[-32,29],[-31,-17],[-24,-106],[-22,-20],[-13,-110],[-20,1],[-10,-46],[-44,34],[-23,59],[-47,62],[-19,-24],[-15,44]],[[6963,72004],[5,42],[33,23],[-2,-61],[-27,19],[-9,-23]],[[6905,71736],[14,83],[26,59],[7,-19],[28,24],[20,-128],[42,19],[-3,-59],[-19,-51],[-43,-8],[-15,17],[-20,-31],[-30,28],[-7,66]],[[6785,71524],[29,181],[37,114],[24,30],[20,-29],[2,-62],[-21,-77],[-47,-86],[-25,-120],[-19,49]],[[19187,52053],[175,-2]],[[19247,50054],[-45,0],[0,337],[2,0],[1,612],[-1,220],[-20,0],[0,665],[3,96]],[[21476,44023],[16,-1],[0,167]],[[21654,44181],[0,-666]],[[21654,43515],[-156,-1]],[[22784,40195],[127,-1]],[[22911,40194],[30,0]],[[22941,40194],[0,-829]],[[22899,39365],[-114,1]],[[22785,39532],[-1,663]],[[23177,36704],[3,169],[0,333]],[[23180,37206],[123,-1]],[[23303,37205],[0,-83]],[[23303,37122],[-3,-250],[0,-421]],[[23300,36451],[-123,3]],[[23177,36454],[0,250]],[[22326,35869],[0,176]],[[22326,36045],[151,-2]],[[22477,36043],[2,-175]],[[22479,35868],[0,-499]],[[22327,35368],[-1,501]],[[19531,25750],[0,670]],[[19762,24678],[2,-154]],[[19764,24524],[0,-858],[-139,-1],[-95,-1]],[[19530,23664],[0,580],[0,863],[1,643]],[[26010,36927],[14,-38],[16,52],[8,54],[5,108]],[[26053,37103],[47,-181]],[[26112,36659],[-1,-55]],[[24420,40666],[10,178],[12,69]],[[24507,41408],[46,-6],[33,8]],[[24586,41410],[-2,-676]],[[24584,40734],[-1,-174]],[[24583,40560],[-165,13]],[[24418,40573],[2,93]],[[24440,47789],[17,-94],[23,-168]],[[24480,47527],[-125,0]],[[24355,47527],[-97,0]],[[24258,47527],[0,496]],[[17193,55536],[110,-3]],[[17303,55533],[0,-130]],[[17303,55403],[1,-1166]],[[17304,54237],[0,-203]],[[24924,44385],[82,5]],[[25133,44296],[-1,-497]],[[25132,43799],[-116,-7],[0,28],[-29,17],[-5,-18],[-41,-1]],[[24925,43872],[-1,513]],[[26639,27672],[71,93]],[[26668,27197],[-32,-25]],[[26636,27172],[3,500]],[[26520,24995],[98,-5]],[[26617,24659],[0,-96],[-53,-1]],[[26564,24562],[-21,64],[-17,21]],[[26526,24647],[5,118]],[[24102,41906],[1,-588]],[[25591,31505],[-8,23],[-35,2],[0,-71],[-35,-42]],[[25513,31417],[-9,72],[-11,11],[0,59],[-20,20]],[[26154,33759],[84,-21]],[[26197,33341],[-8,100],[-21,105],[-17,31]],[[26151,33577],[5,80],[-2,102]],[[25199,36867],[93,-2]],[[25292,36865],[-2,-662]],[[25290,36203],[0,-1]],[[25290,36202],[-92,-2]],[[26660,29668],[17,-39]],[[26677,29629],[4,-61],[-3,-198],[16,-121],[-5,-72]],[[22245,22076],[95,-2]],[[22444,22076],[1,-688]],[[22445,21388],[-93,-1]],[[22352,21387],[-106,-8],[0,291]],[[21749,33516],[37,1]],[[21786,33517],[113,-1]],[[21899,33516],[0,-844]],[[21899,32672],[-150,2]],[[22560,21803],[-34,-607]],[[22493,21004],[-48,384]],[[24718,46295],[38,11],[28,-80]],[[24883,46305],[0,-665]],[[24883,45640],[0,-83]],[[24883,45557],[-164,-2]],[[24272,50946],[136,-4]],[[24408,50942],[0,-659]],[[24408,50283],[0,-163],[-35,2]],[[24373,50122],[-136,3]],[[24237,50125],[0,821]],[[19530,42100],[-126,-3],[-139,-4]],[[19252,43201],[0,817],[-2,1],[0,502]],[[25224,31779],[2,383]],[[25226,32162],[10,68],[109,-15]],[[25345,32215],[-3,-396],[-15,-154],[0,-201]],[[25327,31464],[-33,-8]],[[25294,31456],[-1,141],[-14,-20],[-25,57],[-17,143],[-13,2]],[[29473,47348],[43,26],[-3,135],[53,18],[3,-80],[16,41]],[[29611,46486],[-108,26]],[[23167,43065],[139,-2]],[[23306,43063],[95,-1]],[[23401,42402],[-64,1]],[[23187,42463],[4,89],[-5,83],[13,0],[-2,72],[-19,57],[5,84]],[[23183,42848],[2,135],[-20,16],[2,66]],[[24522,45237],[1,-668]],[[24458,44570],[-65,0]],[[24393,44570],[-1,330],[-3,0],[1,333]],[[23863,45069],[131,-2]],[[23994,45067],[0,-164],[7,0],[0,-499]],[[23937,44404],[-64,0]],[[23873,44404],[0,499],[-10,0],[0,166]],[[23910,43067],[128,1]],[[23974,42405],[-64,0]],[[23910,42405],[0,629]],[[28051,45659],[109,6],[33,-15]],[[25987,31083],[14,36],[23,-51],[13,46],[-4,95],[42,57]],[[26075,31266],[0,-21],[32,-86],[14,-118],[2,-103]],[[25990,30635],[0,442],[-3,6]],[[26717,32021],[-9,153],[6,46],[-12,99],[-1,47]],[[27059,25469],[16,-20]],[[26789,24519],[-1,-205]],[[26788,24314],[-49,10],[-1,-51],[-24,4],[0,49],[-17,2],[0,145],[-36,2]],[[26661,24475],[-7,171]],[[24457,39731],[125,-2],[0,167]],[[24582,39896],[6,-8],[90,-4]],[[24676,39280],[-9,-123],[0,-118]],[[24667,39039],[-90,7]],[[24577,39046],[-16,45],[-19,88],[-11,133],[-13,13],[-9,100]],[[24509,39425],[-17,61],[-19,105]],[[24473,39591],[-17,90],[1,50]],[[25194,28893],[0,28],[49,-1]],[[25243,28920],[95,-4]],[[25338,28916],[-1,-54]],[[23133,50511],[103,1]],[[24199,52897],[0,-469]],[[24199,52428],[-213,4]],[[23986,52432],[0,305],[-2,27],[1,330]],[[23860,50517],[136,-6]],[[23996,50511],[0,-219]],[[23996,49962],[-58,1],[0,-169]],[[23859,50194],[1,323]],[[23986,52432],[1,-498]],[[23987,51934],[-65,3],[-41,-11]],[[23881,51926],[1,176],[-102,-6]],[[23780,52096],[-4,19],[0,632],[9,10],[0,407]],[[24826,51437],[172,2],[34,6],[0,-78],[35,-8],[0,82],[36,-8]],[[25103,51433],[0,-822]],[[25103,50611],[-83,11],[-22,-5]],[[24998,50617],[-1,168],[-172,-1]],[[24825,50784],[1,653]],[[25377,46278],[48,0]],[[25425,46278],[-3,-112],[11,-119],[-10,-97],[14,-94],[0,-142],[6,-103]],[[25443,45611],[-68,2]],[[25375,45613],[2,665]],[[24378,49451],[203,3]],[[24581,49454],[0,-498]],[[24581,48956],[-68,1]],[[24378,48957],[0,165]],[[24378,49122],[0,329]],[[16604,38448],[-56,-1],[-2,55],[-68,-2]],[[22462,55153],[0,-332],[7,1]],[[22469,54822],[0,-163]],[[22641,54821],[-28,0]],[[22613,54821],[-144,1]],[[21488,56985],[0,366]],[[21488,57351],[146,1]],[[21634,57352],[0,-533],[13,0],[0,-331],[109,-2]],[[21756,56486],[0,-166]],[[21756,56320],[-218,2],[0,497],[-50,1],[0,165]],[[22184,57352],[146,1]],[[22330,57353],[0,-537],[8,0],[0,-332]],[[22193,56154],[0,331]],[[22193,56485],[0,331],[-9,0],[0,536]],[[22274,23921],[31,-12]],[[22304,22917],[-109,0]],[[24658,44975],[-3,-57],[23,-71],[5,-48],[22,-66]],[[24705,44733],[-53,1],[0,-167],[-65,1]],[[23731,46399],[132,0]],[[23731,45736],[0,663]],[[27513,39500],[14,-49],[54,-2],[52,-281],[8,-21]],[[27653,39115],[-1,89],[30,270],[7,185]],[[27384,35288],[0,2]],[[27384,35290],[-65,303]],[[24584,40734],[65,-11],[63,-5]],[[24712,40718],[0,-166],[70,-10]],[[24694,40168],[-26,-11],[2,41],[-21,94],[-5,98],[-61,1]],[[24583,40391],[0,169]],[[26401,27516],[9,0]],[[26440,27204],[-35,1],[-5,36],[-17,1],[-12,-48]],[[26371,27194],[-2,71]],[[26110,37378],[15,-11],[18,-50]],[[26143,37317],[-9,-63],[6,-106],[12,-87]],[[26053,37103],[5,88],[9,45],[25,35],[8,81],[10,26]],[[25823,36609],[16,-29],[8,47],[10,-6],[3,103]],[[20359,44831],[144,-5],[-5,-101],[-11,0],[0,-139],[27,-28],[40,0],[4,56],[0,109],[8,104],[13,1]],[[20579,44828],[1,-653],[3,-196],[0,-466],[-2,-163]],[[20581,43350],[0,-491],[-1,-129],[1,-635]],[[20581,43350],[174,-6]],[[20755,43344],[0,-168],[167,-2]],[[20922,43174],[0,-326]],[[20922,42848],[0,-747]],[[20922,42101],[-173,-1],[-75,-5]],[[20358,46855],[17,1]],[[20375,46856],[159,3],[102,3]],[[20686,46865],[1,-728],[0,-639],[1,-332]],[[20688,45166],[-109,-6],[0,-332]],[[20754,45167],[168,5]],[[20922,45172],[0,-1164]],[[20922,44008],[0,-579]],[[20922,43429],[0,-255]],[[20755,43344],[0,896],[-1,927]],[[22630,37375],[0,166]],[[22630,37541],[154,-1]],[[22784,37540],[0,-831]],[[22692,36709],[-62,0]],[[22630,36709],[-1,166],[1,500]],[[23020,36543],[46,-2],[0,166]],[[23066,36707],[111,-3]],[[23177,36454],[0,-583]],[[23177,35871],[0,-249]],[[23177,35622],[-158,6]],[[23019,35628],[1,915]],[[21817,43510],[-157,6]],[[21660,43516],[-6,-1]],[[25097,31978],[-3,-498]],[[25094,31480],[-29,3],[0,-68]],[[25065,31415],[-81,11]],[[26419,30635],[-83,0]],[[26293,30634],[8,187],[13,162],[-1,134]],[[26137,41940],[73,2]],[[26210,41942],[1,-667]],[[26211,41275],[-36,-2]],[[26106,41273],[0,165]],[[26174,38120],[19,30]],[[26193,38150],[-2,-50],[76,-4]],[[26288,38012],[-8,-34],[3,-88],[-21,3],[-13,-33],[-16,2],[-9,-31]],[[26224,37831],[-32,-118],[-18,-17]],[[26174,37696],[0,424]],[[30276,47880],[22,-80],[10,-7],[14,98],[32,-164],[23,-86],[23,131]],[[30441,47394],[-12,12],[-15,-75],[-16,7],[24,191],[-18,21],[-37,-161],[-27,-170],[12,-118],[3,-111],[-21,-5],[-12,-52],[-11,0]],[[30374,48748],[8,-197],[-8,-30],[15,-133],[0,-176],[22,-49],[-6,-43],[3,-64]],[[24132,44572],[65,1]],[[24197,43744],[-130,-1]],[[24066,44406],[0,165],[66,1]],[[4110,90878],[84,21],[66,1],[53,-32],[-24,-46],[7,-116],[-9,-69],[-25,-76],[-8,-184],[15,-78],[-29,-115],[-28,-14],[0,-45],[38,5],[14,-127],[21,-82],[41,-42],[37,50],[45,4],[15,-36],[35,-16],[54,60],[24,-16],[30,27],[37,-112],[47,38],[24,-56],[28,24],[37,72],[31,-29],[29,-55],[27,14],[49,187],[26,192],[17,39],[40,-3],[10,-73],[38,-19],[24,40],[3,-76],[20,3],[6,78],[-42,198],[-62,72],[-49,42],[-45,-4],[-59,-85],[10,142],[2,118],[-9,80],[-20,73],[-35,80],[-19,139],[-25,58],[-61,32],[-12,100],[-29,144],[6,78],[26,18],[5,67],[25,-43],[26,35],[22,-138],[31,-130],[30,-68],[-18,-112],[1,-111],[32,-113],[8,-62],[37,-96],[61,-123],[69,75],[9,83],[-52,7],[-41,154],[-57,151],[-14,62],[11,83],[-5,78],[23,97],[-3,60],[21,94],[20,38],[44,-26],[-1,58],[-28,24],[-10,51],[-27,-21],[-19,84],[-21,12],[-72,-52],[-30,-50],[-36,-4],[-39,-32],[-34,28],[-38,106],[-50,-27],[-30,4],[-117,91],[-56,32],[-22,56],[-3,227],[-30,300],[-41,260],[-23,103],[-25,69],[-98,176],[-93,252],[-101,251],[-40,88]],[[25293,30649],[46,0]],[[25339,30649],[13,-140],[15,-57]],[[25356,29860],[-5,-226]],[[25351,29634],[-48,0]],[[25303,29634],[0,529],[-10,28]],[[12742,71605],[0,-28]],[[12767,72626],[37,3],[32,-39],[23,-97],[12,-122],[2,-94],[8,-42],[25,-21],[17,-72],[7,-82],[33,-84],[6,-99],[16,-63],[-30,-58],[-25,-90],[-22,-23],[-49,32],[-25,36],[-12,-100],[-22,-56],[-14,55],[-28,-6],[-16,39]],[[12954,73766],[28,-211],[53,-295],[32,-249],[-34,-229],[90,-88],[-19,-295]],[[12981,72065],[8,63],[-32,63],[-41,118],[-7,91],[-20,58],[-19,138],[29,21],[-24,78],[-23,22],[-17,49],[-30,13],[-6,51],[-30,-20],[-41,84],[-11,44],[2,100],[-10,67],[13,42],[66,21],[-10,77],[-20,-3],[-27,42],[-4,129],[-16,102],[2,130],[-28,65],[-16,96],[6,153],[25,11],[15,-64],[35,-45],[45,-105],[10,23],[-26,90],[-13,3],[-27,113],[-28,75],[-20,20]],[[23424,35119],[127,-3]],[[23551,34469],[-109,1]],[[23442,34470],[-18,0]],[[25986,31657],[17,-21],[32,29],[26,6]],[[26061,31671],[19,-78],[1,-113],[13,-62],[-5,-79],[-14,-73]],[[25987,31083],[-11,126]],[[25294,31384],[0,72]],[[25327,31464],[15,-74],[18,-1],[17,64],[11,-48]],[[25388,31405],[5,-79],[-3,-65],[10,-40],[-1,-552]],[[25399,30669],[-61,4],[1,-24]],[[25289,30649],[5,735]],[[25202,38122],[92,-7]],[[25323,37994],[0,-222],[-7,1],[3,-141],[-7,-44],[12,-67]],[[25324,37521],[-92,15],[-32,-2]],[[25200,37534],[1,419]],[[17304,54237],[64,1],[50,10],[0,55],[12,27],[72,-1]],[[17502,53581],[-36,1],[0,27],[-87,2],[-18,-10],[-17,87],[-16,-17],[-4,88],[-20,23]],[[26385,26009],[3,-132],[8,-15],[4,-136]],[[26389,25192],[-27,1],[-10,106],[-10,2],[-6,80],[-8,0]],[[26328,25381],[-2,0]],[[26326,25381],[0,500],[6,76]],[[20921,48908],[35,16],[10,34],[15,-18],[6,32],[70,-1]],[[20922,48163],[-1,745]],[[21455,47249],[0,-428],[8,0],[0,-165]],[[21463,46656],[1,-497],[8,-1],[-1,-247]],[[21471,45911],[-197,1]],[[21274,45912],[-59,1]],[[21215,45913],[0,908]],[[21215,46821],[0,246],[19,25],[9,107],[24,-14],[2,38]],[[23720,49685],[0,-498]],[[23720,49187],[-68,1],[0,-167],[-68,-1],[0,166]],[[23583,49520],[0,167],[69,0]],[[23788,47529],[33,0]],[[23821,47529],[0,-664]],[[23821,46865],[-90,0]],[[23731,46865],[-77,1]],[[23654,46866],[0,663]],[[22179,35198],[148,6]],[[22330,34470],[-127,0]],[[22203,34470],[-24,0]],[[22179,34470],[0,728]],[[22758,33696],[-178,0]],[[22580,33696],[-2,0],[0,664],[-1,107]],[[23225,34470],[74,0]],[[23331,34470],[0,-108],[-7,0],[0,-658]],[[23324,33704],[-105,0]],[[23219,33704],[0,656],[6,0],[0,110]],[[25013,45617],[99,4]],[[25112,45621],[66,-9]],[[25178,45612],[0,-669]],[[25014,44959],[-1,658]],[[25245,46286],[33,-3]],[[25278,46283],[99,-5]],[[25375,45613],[-66,-2]],[[25309,45611],[-65,2]],[[25244,45613],[0,336],[1,337]],[[21864,54164],[156,-1]],[[22020,54163],[-1,-659],[11,0],[-1,-664]],[[22029,52840],[-162,3]],[[22020,54163],[22,0]],[[22196,54163],[0,-660],[10,-1],[-1,-665]],[[22205,52837],[-130,2]],[[22075,52839],[-46,1]],[[22320,52834],[166,2]],[[22486,52836],[113,-1]],[[22599,52835],[0,-663]],[[22599,52172],[-175,0],[-95,0]],[[22329,52172],[-9,0]],[[22320,52172],[0,662]],[[24155,47503],[0,27],[103,-3]],[[24355,47527],[0,-660]],[[24355,46867],[-97,0]],[[24258,46867],[-103,-1]],[[24155,46866],[0,637]],[[27384,35290],[-6,-87],[9,-71],[-14,-60],[-22,-43]],[[27130,37676],[7,6],[14,-110]],[[27051,37283],[-3,254],[31,94],[51,45]],[[21846,40196],[151,-1]],[[21997,40195],[5,0]],[[22002,40195],[-1,-829]],[[22001,39366],[-150,2]],[[21851,39368],[-6,0]],[[21845,39368],[1,828]],[[22477,36707],[153,2]],[[22692,36209],[1,-336],[-31,-3]],[[22662,35870],[-183,-2]],[[22477,36043],[0,664]],[[27205,38128],[-11,63],[3,105],[-14,39]],[[27183,38335],[44,208],[9,11],[26,85]],[[18230,46293],[1,-667],[-14,0],[0,-163],[-47,1]],[[18170,45464],[-33,0],[0,83],[-82,1],[-6,80],[-64,0]],[[17985,45628],[0,662]],[[22303,26762],[41,-1]],[[22448,26757],[0,-838]],[[22448,25919],[-145,-1]],[[26749,23832],[50,-6],[0,-28],[32,1],[8,-74],[52,-1]],[[26891,23724],[0,-170],[-10,25],[-9,-19],[-1,-104],[8,-76]],[[26879,23380],[-83,1]],[[26796,23381],[-21,-1]],[[22629,38039],[1,-498]],[[22630,37375],[-155,-2]],[[22473,37707],[1,331]],[[29487,48323],[12,-8],[82,63],[6,-252]],[[29587,48126],[5,5],[5,-175],[6,3],[43,-84]],[[18903,38346],[-154,2],[1,24],[-46,-1]],[[18704,38371],[0,513]],[[12199,77089],[9,174],[-9,11],[-6,-163]],[[12100,77813],[67,130],[33,-115],[30,-75],[26,-138],[11,-5],[25,-114],[0,-169],[-20,-90],[31,-77],[-11,-78]],[[25103,50611],[35,2],[-1,-165],[69,0]],[[25206,50448],[-1,-331],[12,-1],[-1,-167]],[[25216,49949],[-95,2],[0,-170]],[[25121,49781],[-67,0]],[[25054,49781],[0,171],[-57,1]],[[24997,49953],[1,664]],[[24751,47307],[-34,-11],[-133,-1]],[[24584,47295],[-1,660],[-17,-1]],[[24566,47954],[2,124],[17,43],[131,5],[34,-11]],[[24066,49463],[110,0],[66,-8]],[[24242,49455],[1,-331]],[[24243,49124],[0,-276],[-51,2]],[[24192,48850],[-9,31],[-25,-8],[-22,43],[-14,54],[-15,22],[0,45],[-31,143]],[[24266,51933],[139,-1]],[[24405,51932],[0,-331],[3,-2],[0,-657]],[[25480,33779],[15,2]],[[25495,33781],[13,-516]],[[25508,33265],[-34,1],[-11,-48],[-19,-27],[-44,47]],[[25380,33512],[6,83],[-11,262]],[[25198,32166],[28,-4]],[[25224,31779],[-6,-99],[-12,-90],[-39,-118],[-7,1]],[[25160,31473],[-66,7]],[[24964,33206],[10,71],[-9,88],[5,117],[-4,32]],[[24966,33514],[15,-1]],[[24981,33513],[6,-77],[13,80]],[[25000,33516],[20,8]],[[25020,33524],[1,-50],[-8,-82],[3,-47],[-13,-111],[0,-72],[-13,-162],[-8,-30]],[[24941,32918],[-21,97],[2,31],[30,-25],[15,59],[-21,74],[0,59],[18,-7]],[[21486,34458],[132,4]],[[21618,34462],[136,5]],[[21788,34467],[0,-285],[-2,0],[0,-665]],[[21599,33517],[-114,2]],[[21485,33519],[0,664],[1,275]],[[17043,51634],[104,-4]],[[17147,51630],[34,-2]],[[17181,51628],[157,-4]],[[17044,51367],[-1,267]],[[19139,24424],[-2,-223],[0,-536]],[[19137,23665],[-171,-2],[-81,179]],[[18885,23842],[-1,182],[57,1],[0,389],[86,2],[0,9],[112,-1]],[[24950,47785],[119,1]],[[25069,47786],[0,-203],[-8,0],[0,-123],[8,-88],[-21,-11],[0,-223]],[[25048,47138],[-99,-1]],[[25283,46948],[67,-1]],[[25350,46947],[33,-1]],[[25383,46946],[1,-332],[-7,-2],[0,-334]],[[25278,46283],[0,335],[5,0],[0,330]],[[20926,50132],[148,-1],[153,1]],[[20921,48908],[0,813]],[[25294,31384],[-59,2],[-19,-40],[-13,-97],[-9,-120],[-17,0]],[[25177,31129],[-5,174],[-12,87],[0,83]],[[25345,32270],[0,-55]],[[21449,32670],[0,-816]],[[21204,31844],[0,223]],[[21204,32067],[0,602]],[[22908,33034],[-60,0],[0,-166],[-59,-1]],[[22789,32867],[-30,11]],[[22759,32878],[0,818]],[[17451,47451],[64,1]],[[26792,33696],[43,0]],[[26656,33703],[55,2],[4,-8],[77,-1]],[[24199,52428],[-1,-495]],[[24043,51113],[-81,6]],[[23962,51119],[0,477],[24,1],[1,337]],[[17252,52514],[-1,-97],[-35,2],[-18,-56],[0,-498],[-17,0],[0,-237]],[[17147,51630],[-3,234],[1,414],[-18,-2],[0,87],[-12,28],[-5,141],[-35,-2],[3,294]],[[22409,50190],[84,-3],[121,-3]],[[22614,50184],[0,-166]],[[22614,50018],[-1,-498],[2,0],[0,-497]],[[22615,49023],[-203,5]],[[22412,49028],[0,501],[-3,0]],[[22409,49529],[0,661]],[[21979,50196],[153,-1]],[[22132,50195],[38,-1]],[[22170,50194],[0,-664]],[[22170,49530],[-28,0]],[[22142,49530],[-203,1]],[[26512,37510],[24,333]],[[26536,37843],[12,-22],[6,-67],[15,-50],[4,-71],[18,-35]],[[26591,37598],[17,-5]],[[26609,37380],[-22,-41],[-39,-91],[-19,69]],[[26529,37317],[-9,77],[-2,95],[-6,21]],[[22618,47534],[32,-1]],[[22650,47533],[68,-2]],[[22718,47531],[0,-666]],[[22718,46865],[-100,-1]],[[22618,46864],[0,670]],[[22650,48857],[100,-1]],[[22750,48856],[102,-1]],[[22852,48855],[-1,-663]],[[22851,48192],[-67,-1]],[[22784,48191],[-133,0]],[[22651,48191],[-2,0]],[[22649,48191],[1,666]],[[22615,49023],[34,-1],[1,-165]],[[22649,48191],[-133,3]],[[22516,48194],[-103,0]],[[22413,48194],[0,668],[-1,166]],[[28667,44782],[35,6]],[[28702,44788],[13,-343],[-1,-83],[-8,-3],[3,-356]],[[28709,44003],[-12,0]],[[28697,44003],[-114,2]],[[28702,44788],[30,-3],[44,13]],[[28882,44004],[-72,-3],[-101,2]],[[23788,49040],[0,63],[-34,0],[0,83],[-34,1]],[[28638,35479],[2,-45],[27,-100],[2,-141],[-17,-94],[-11,80],[-18,81]],[[24237,50125],[-168,0]],[[24073,50290],[9,48],[2,62],[15,86],[1,82],[-22,139],[0,51],[-12,49],[-15,-12],[-17,28],[-1,131]],[[27479,41410],[0,-308]],[[27479,40954],[-31,-9]],[[27448,40945],[5,17],[4,150],[-8,101],[-12,89]],[[24750,49790],[32,0],[0,166],[43,-1]],[[24825,49955],[172,-2]],[[25054,49781],[0,-663]],[[25054,49118],[-74,9],[-99,-2]],[[24881,49125],[-132,0]],[[24749,49125],[1,665]],[[24915,46471],[100,2],[0,-25],[99,7]],[[25114,46455],[0,-166]],[[25114,46289],[-2,-668]],[[25013,45617],[0,21],[-130,2]],[[25226,48945],[100,-11]],[[25326,48934],[16,4],[-1,-658]],[[25341,48280],[-59,4]],[[25189,48283],[0,662],[37,0]],[[16516,51320],[-37,-45]],[[16055,51108],[-4,88],[-20,22],[-1,499],[25,-1]],[[25227,43470],[95,10]],[[25324,42981],[-95,-11]],[[25227,43302],[0,168]],[[25132,43799],[1,-503]],[[25070,43214],[-130,0]],[[26229,29499],[16,12],[60,-4],[0,31],[22,-1]],[[26327,29537],[0,-353],[-2,-284]],[[26325,28900],[-21,2]],[[26304,28902],[-52,6]],[[26252,28908],[-35,1],[0,25]],[[25266,40729],[1,223]],[[25414,40953],[1,-331],[-4,-1],[1,-659]],[[27176,33781],[20,73],[3,59],[27,25],[12,37],[34,44]],[[27364,33845],[5,-41]],[[27372,33635],[-125,25]],[[24237,50125],[0,-167],[5,-1],[0,-502]],[[24276,52980],[20,-51],[43,28],[55,114],[11,2]],[[25460,48443],[1,605]],[[25461,49048],[7,62]],[[25569,49107],[-18,-134],[-12,-179],[-10,-259],[-7,-92]],[[25522,48443],[-62,0]],[[26906,37988],[34,0],[5,364]],[[26945,38352],[31,-15]],[[26976,38337],[0,-27],[64,-20],[-1,-85]],[[27039,38205],[-13,-115],[0,-110],[-20,-85],[10,-166],[-3,-54],[5,-104],[-13,-65]],[[26643,41153],[28,2]],[[26671,41155],[48,3],[0,-120]],[[26719,41038],[0,-380],[21,-1],[0,-193]],[[26740,40464],[-10,-67]],[[26634,40629],[9,524]],[[27282,40516],[96,-20]],[[27378,40496],[50,-5]],[[27428,40491],[-2,-110],[-8,-45],[1,-81]],[[27419,40255],[-2,-119],[-17,-99],[3,-89],[-8,-43]],[[27395,39905],[-116,34]],[[27279,39939],[1,160]],[[24724,30474],[2,466],[-29,-8]],[[26854,40432],[3,288]],[[26857,40720],[77,-24],[-1,-36],[79,-13]],[[27012,40647],[2,-137]],[[27014,40510],[-3,-414],[-10,-70]],[[26937,40059],[-3,-10],[-86,27]],[[26848,40076],[3,70],[3,286]],[[28064,43247],[-18,0],[0,52],[-53,-9],[-79,-2]],[[27479,42337],[73,6],[31,-27],[13,-82]],[[27596,42234],[-19,-134],[2,-278]],[[27579,41822],[-100,-7]],[[24183,40769],[48,3],[63,-7]],[[24294,40765],[0,-83]],[[24294,40682],[1,-83],[-2,-504]],[[24200,40101],[-16,1],[0,160]],[[24184,40262],[-1,507]],[[27199,20403],[56,6],[11,48],[20,38]],[[27286,20495],[13,-220],[18,-244]],[[22439,29050],[34,-180],[18,38]],[[22491,28908],[0,-470]],[[22491,28438],[-148,-4]],[[22343,28434],[0,722]],[[22593,26850],[37,-4]],[[22630,26846],[106,-13]],[[22736,26833],[-2,-837]],[[22734,25996],[-19,0]],[[22590,26002],[3,848]],[[22170,49530],[73,0]],[[22243,49530],[0,-667],[3,0],[0,-673]],[[22246,48190],[-77,-4]],[[22145,48234],[0,630],[-3,0]],[[22142,48864],[0,666]],[[21481,38539],[159,3]],[[21640,38542],[-2,-829]],[[21615,37712],[-133,-4]],[[21482,37708],[-1,666]],[[27983,42483],[-8,55],[1,62],[-62,189],[-34,-18],[-4,-23]],[[27876,42748],[0,157],[9,58],[24,-3],[5,-28],[0,355]],[[30024,43545],[6,-103],[-13,-97]],[[29912,43319],[-1,162]],[[21709,46654],[-147,0],[-99,2]],[[22718,47531],[66,-1]],[[22784,47530],[67,-1]],[[22851,47529],[0,-664]],[[22851,46865],[-76,0]],[[22775,46865],[-57,0]],[[26486,22412],[2,457],[-12,125],[1,185]],[[19959,51715],[10,114],[2,143],[-11,27],[-6,111],[-12,27],[0,56],[-11,27],[0,83],[-12,27],[0,56],[-12,27],[-12,138]],[[23551,35717],[93,-12],[59,-14]],[[23551,35165],[0,552]],[[27195,31733],[23,-275]],[[27218,31458],[16,-127],[12,-43],[0,-102],[9,-32],[-1,-185]],[[21762,27601],[0,-814]],[[21762,26787],[-37,-13]],[[21617,26769],[1,827]],[[21762,26787],[14,-10],[93,-3]],[[22463,15908],[81,-5]],[[22544,15903],[48,-3]],[[22353,20706],[-1,681]],[[21722,25103],[-23,0]],[[27479,43031],[110,-17],[35,19]],[[27624,42426],[-28,-192]],[[27479,42353],[0,678]],[[26598,27982],[49,421]],[[26639,27672],[-41,175]],[[26649,25703],[42,-247]],[[26691,25456],[-7,-43],[23,-135],[-10,-54],[-3,-85]],[[26618,25163],[1,324],[-3,0]],[[26403,22439],[1,741]],[[26879,23380],[22,-315],[12,-34],[8,-71],[9,0],[-1,-249],[16,-24],[1,-395],[4,-60]],[[26904,22252],[1,191],[-7,41],[-45,36],[-11,33],[-7,59],[-4,103],[-35,66]],[[26796,22781],[0,600]],[[26362,26787],[11,44],[53,-4],[0,16]],[[26426,26843],[8,-17]],[[26475,26714],[0,-157]],[[26453,26253],[-8,81],[-16,28]],[[26368,26618],[-6,88],[0,81]],[[26273,35517],[25,76],[10,6],[18,82]],[[26308,34925],[-1,93],[5,29],[-4,111],[-21,58],[-15,69],[-2,77],[3,155]],[[22491,28908],[8,93],[8,49],[18,-43],[19,-1],[18,-38],[8,53]],[[22615,27734],[-124,0]],[[22491,27734],[0,704]],[[21641,29346],[0,830]],[[22651,48191],[-1,-658]],[[22618,47534],[-100,1]],[[22518,47535],[-2,165]],[[22516,47700],[0,494]],[[22750,49352],[169,1]],[[22919,49353],[0,-497]],[[22919,48856],[-67,-1]],[[22750,48856],[0,496]],[[23052,29050],[0,498]],[[23052,29548],[73,0],[0,167],[15,1],[0,332]],[[23140,30048],[59,0],[0,-166],[58,1]],[[23257,29883],[0,-166],[-30,0],[0,-668]],[[27611,32413],[140,-40]],[[22993,32869],[0,-416]],[[22993,32453],[-145,1]],[[22848,32454],[-17,5],[-5,38],[-16,17],[-13,71],[-8,-50],[0,332]],[[22161,33694],[87,8],[0,425]],[[22248,34127],[12,-66],[24,11],[7,-15],[15,-117],[7,-12],[11,-139],[17,-83],[0,-175]],[[22341,33531],[0,-496],[1,-163]],[[22342,32872],[-118,5]],[[22224,32877],[-60,0],[-3,158],[0,659]],[[26661,24475],[1,-94],[-11,-24],[-3,-194]],[[26648,24163],[-41,4],[0,-54]],[[26607,24113],[-6,52],[-13,51],[-22,2],[0,263],[-2,81]],[[29141,40342],[41,178],[40,-10],[11,-111],[18,-3],[14,57],[11,-91],[10,24]],[[29286,40386],[-12,-366],[-6,-292],[-12,-128],[-28,-256],[-14,-89],[-10,-5]],[[15831,35960],[-1,13]],[[15805,36117],[0,-6]],[[15782,35821],[-3,139],[14,45],[15,13],[15,-156],[-10,-40]],[[26962,15300],[33,-2],[0,167],[55,-1]],[[27188,15467],[-1,-504]],[[27187,14963],[-138,2]],[[27049,14965],[1,194],[-10,37],[8,120],[-14,17],[-6,-78],[-12,-2],[8,-129],[2,-124],[-16,-35]],[[27010,14965],[-19,36]],[[26991,15001],[-3,51],[-26,248]],[[27187,14963],[110,-2],[63,1],[17,362]],[[27377,15324],[0,-695],[1,-497]],[[27378,14132],[0,-142]],[[27188,14475],[-1,488]],[[27380,16627],[27,2],[0,-161],[27,0]],[[27377,15324],[4,374],[-19,97]],[[23043,31211],[128,-1]],[[23171,31210],[0,-263]],[[23171,30947],[-9,-19],[-21,-176],[-1,-538]],[[23140,30214],[-87,0]],[[23257,29883],[44,0],[0,165]],[[27519,12172],[-1,-33]],[[27513,12072],[-7,-79],[6,-38],[13,30],[5,62],[-2,69],[25,122],[-25,-276],[-4,-81],[-12,-85],[-9,-1],[-8,47],[5,100],[-12,42]],[[27385,11926],[-12,-28],[0,-43],[-28,-29],[-14,8],[-9,-24],[-16,79],[-1,49],[-8,75],[6,195],[8,27],[0,77],[-7,48],[-6,124],[-11,71],[1,52],[-8,67],[-2,71],[-9,15],[-5,140],[-25,118],[0,50],[-25,53]],[[27118,10755],[26,84],[-12,49],[3,41],[23,87],[24,71],[24,106],[15,40],[20,-65],[2,-70],[13,-76],[6,-90],[-27,-66],[-3,41],[-28,23],[-1,-55],[-49,-128],[-35,-25],[-1,33]],[[22613,54821],[-1,-660],[8,0],[-1,-163]],[[22619,53998],[-140,0]],[[22479,53998],[-1,164],[-8,0]],[[22075,52839],[0,-666],[10,-1]],[[22085,52172],[0,-651]],[[22085,51521],[-173,4]],[[21912,51525],[-3,0]],[[22607,52171],[202,0]],[[22615,51510],[-9,1]],[[22606,51511],[1,660]],[[24528,41519],[-1,55],[6,104],[-1,61],[27,184],[10,32],[6,210],[-2,67]],[[24573,42232],[46,-3]],[[24618,41404],[-32,6]],[[22699,32042],[149,-3]],[[22848,32039],[0,-497]],[[23171,30947],[20,-16],[11,81],[21,22],[7,-35],[25,46],[0,34],[18,54],[12,-10],[16,47],[4,61],[14,-9]],[[23319,31222],[-1,-258],[29,-2],[0,-193]],[[23140,30048],[0,166]],[[27876,42748],[-5,-30],[-27,13]],[[22515,17420],[28,0]],[[22543,17420],[1,-1062],[0,-455]],[[22155,25918],[-1,-826]],[[22009,25094],[2,840]],[[22734,25996],[129,-12]],[[22863,25443],[-108,-160],[0,-15]],[[22716,25325],[0,219]],[[21932,50860],[198,-3]],[[22130,50857],[3,0]],[[22133,50857],[-1,-662]],[[21956,50627],[-11,72],[-17,-1],[-10,29],[1,65],[13,68]],[[22614,50018],[136,-3]],[[22750,50015],[0,-663]],[[26011,33750],[83,-13],[15,7]],[[26109,33744],[39,14]],[[26148,33758],[6,1]],[[26151,33577],[-15,-6],[-15,-45],[-13,-6],[-12,-90],[-3,-97]],[[26093,33333],[-23,130],[-25,47],[-11,50],[-17,-10],[-13,-33]],[[26004,33517],[7,233]],[[22784,48191],[0,-661]],[[26788,24314],[-17,-119],[0,-87],[-14,-166],[-10,-11]],[[26693,23938],[-12,21],[-10,126],[-14,5],[-9,73]],[[20681,22389],[144,535],[83,307]],[[21053,22585],[40,-192]],[[23067,37373],[-1,-666]],[[23020,36543],[-88,-2]],[[22932,36541],[0,502],[6,-1],[0,332]],[[26018,44807],[61,2]],[[26147,44806],[2,-664]],[[26149,44142],[-131,-5]],[[26018,44137],[0,670]],[[21056,42102],[53,1]],[[21312,42103],[1,-482]],[[21313,41621],[-4,-85],[0,-508]],[[21277,41028],[-166,-6],[-25,2]],[[21086,41024],[-1,165],[-32,1]],[[21053,41190],[3,340],[0,572]],[[26107,49458],[13,136],[6,138],[-2,82],[5,125],[-7,183]],[[26406,49449],[0,-663]],[[26406,48786],[-28,7],[-106,0]],[[26137,48134],[-64,-1]],[[26002,48132],[1,665]],[[22020,20405],[27,0]],[[22047,20405],[115,7]],[[22215,20413],[0,-1023]],[[22020,19381],[0,1024]],[[22491,27599],[0,135]],[[22631,27671],[-1,-825]],[[22593,26850],[-103,9]],[[27244,32121],[8,55]],[[27252,32176],[24,37],[29,22],[9,-97]],[[27314,32138],[12,-70],[2,-56],[19,-16],[12,-116],[2,-69],[-5,-111]],[[27356,31700],[-160,41]],[[27254,32558],[-5,-140],[3,-84],[-3,-104],[3,-54]],[[26413,29824],[7,-181],[18,-1],[-1,-165]],[[26437,29477],[-90,1],[0,58],[-20,1]],[[26327,29537],[0,260]],[[25054,49118],[-1,-835]],[[25053,48283],[-103,4]],[[24914,48291],[0,503],[-33,0],[0,331]],[[17043,51634],[-6,0]],[[27514,37765],[11,6],[14,-88],[7,20]],[[22231,47694],[119,1]],[[22350,47695],[34,0]],[[22384,47695],[3,-165],[0,-666]],[[21899,32672],[2,0]],[[21328,26765],[108,0]],[[21435,25935],[-112,-1],[-125,-1]],[[21198,25933],[0,833]],[[21449,32670],[150,0]],[[21599,31840],[-150,0]],[[25823,46813],[118,-10]],[[26010,46471],[0,-168]],[[26010,46303],[-33,2],[1,-166],[-102,-1]],[[25876,46138],[-34,377],[-19,298]],[[22082,30714],[30,1],[0,165],[95,0],[9,-4]],[[22144,30132],[0,56],[-15,28],[0,169],[-3,166],[-43,-1],[-1,164]],[[22051,34474],[128,-4]],[[22203,34470],[23,-229],[14,-42],[8,-72]],[[22161,33694],[-110,1]],[[22051,33695],[0,779]],[[23429,38251],[10,34],[20,-30],[11,13]],[[23470,38268],[7,113],[12,18],[10,-31],[55,1]],[[23553,37785],[-124,1]],[[23429,37786],[0,465]],[[26231,37018],[26,75],[10,-35]],[[22318,39368],[150,-1]],[[22468,39367],[5,0]],[[22472,38538],[-152,1]],[[22320,38539],[-3,-1]],[[18876,47672],[-1,-574]],[[18875,47098],[-63,9]],[[26796,22781],[-14,-38]],[[26842,17638],[13,107],[8,184],[14,207]],[[26830,17637],[2,0]],[[26887,16146],[55,-7],[54,0],[0,-338],[55,-2]],[[26962,15300],[-20,218],[-9,154],[-12,166],[-12,79],[-1,55],[-21,174]],[[27579,41822],[3,-345]],[[28816,43323],[72,-1]],[[28849,42406],[-13,49],[-1,136],[-10,56],[0,98],[-15,17],[-25,99],[-1,52]],[[20924,52664],[68,0],[0,169],[54,1]],[[21046,52834],[105,-1]],[[21151,52833],[85,1]],[[21236,52834],[1,-665]],[[21217,52168],[-77,-2],[-216,1]],[[20924,52167],[0,497]],[[22845,36545],[87,-4]],[[23019,35628],[0,-249]],[[23019,35379],[-174,-1]],[[22845,35378],[0,833]],[[21825,38539],[25,0]],[[21850,38539],[156,-2]],[[22006,38537],[4,0]],[[22010,38537],[-1,-829]],[[22009,37708],[-26,1]],[[21823,37712],[2,827]],[[22784,38536],[114,1]],[[22898,38537],[-1,-319],[11,27],[0,-208],[10,0]],[[22907,37540],[-123,0]],[[22784,37540],[0,664]],[[25882,39493],[83,9]],[[25965,39502],[0,-555]],[[25965,38947],[-37,-6]],[[25928,38941],[-46,-5]],[[25882,38936],[0,557]],[[23592,41280],[-45,1]],[[23547,41281],[-79,7]],[[23468,41288],[1,290],[-5,1],[0,330]],[[26719,41038],[63,-19]],[[26859,40858],[-2,-138]],[[26854,40432],[-114,32]],[[26495,39962],[4,306]],[[26607,39759],[-50,47],[0,47],[-31,12],[0,28],[-32,13]],[[26494,39906],[1,56]],[[27014,40510],[131,-28]],[[27152,39891],[-1,-166]],[[22431,32879],[119,0]],[[22550,32879],[1,-839]],[[22521,31709],[-86,0]],[[22435,31709],[-3,0],[1,497]],[[22433,32206],[-2,165],[0,508]],[[22965,24584],[-59,-202]],[[22906,24382],[-29,294],[-67,-225]],[[22903,28654],[2,9]],[[22933,27617],[-30,21]],[[22903,27638],[0,1016]],[[22384,47695],[132,5]],[[22518,47535],[0,-505],[1,-167]],[[22851,46865],[57,0]],[[22908,46865],[0,-793]],[[22908,46072],[-65,-1]],[[22843,46071],[0,165],[-67,-1]],[[22776,46235],[-1,630]],[[26105,34353],[61,-25]],[[26166,34328],[-12,-52],[17,-83]],[[26171,34193],[-9,-210],[-14,-225]],[[26109,33744],[-17,137],[8,75],[-14,3],[-7,82],[-12,5],[-3,78]],[[26064,34124],[10,63],[15,31],[9,51],[7,84]],[[23388,41295],[80,-7]],[[23547,41281],[0,-188],[7,-1],[2,-163]],[[23394,40691],[1,414],[-7,0],[0,190]],[[25088,34364],[-10,-184],[-10,-14],[-1,-63],[15,-41]],[[25082,34062],[-12,-49],[-9,-83],[11,-95],[-5,-30]],[[25067,33805],[-14,-155],[-9,-9],[-19,129]],[[25025,33770],[-13,135],[-20,123],[0,41],[-21,153]],[[20349,57352],[210,0],[83,0]],[[20642,57352],[0,-170],[6,0],[0,-496],[18,0],[0,-166]],[[26341,45473],[67,11]],[[26470,44815],[-128,-5]],[[26010,46303],[3,-559],[0,-274]],[[26013,45470],[-119,-1]],[[25894,45469],[-1,174],[-4,247],[-13,248]],[[26276,46139],[131,-2]],[[26276,45474],[0,665]],[[27830,33028],[29,-3]],[[27859,33025],[57,-4]],[[26304,28902],[-1,-251],[5,-1],[-1,-269]],[[26217,28568],[0,92],[19,-2],[16,250]],[[26606,23660],[1,453]],[[27617,35059],[-3,-87]],[[25048,47138],[33,-21],[33,2]],[[25114,47119],[1,-498],[-1,-166]],[[26269,26601],[26,-10],[19,-44]],[[26193,26361],[4,50],[-13,73],[4,69],[-9,44]],[[26533,28263],[-19,80]],[[26211,29870],[5,67]],[[26013,45470],[66,0]],[[26018,44807],[-142,-2]],[[25876,44805],[7,136],[6,198],[-1,82],[6,137],[0,111]],[[26074,46473],[70,0],[-1,-334]],[[26143,46139],[1,-666]],[[25887,48807],[116,-10]],[[25844,48160],[12,135],[21,182],[6,145],[0,118],[4,67]],[[23280,38697],[-2,-289],[27,-15]],[[23305,38393],[0,-357]],[[23305,38036],[-124,1]],[[23181,38037],[0,436],[-26,53]],[[23286,39084],[108,0]],[[23394,39084],[0,-554],[-2,-161]],[[23392,38369],[-47,-17],[-22,66],[-18,-25]],[[23099,40193],[64,0]],[[23225,40192],[0,-662]],[[23099,39364],[0,829]],[[26132,34838],[-7,-46],[-41,-112]],[[26084,34680],[-30,29],[-15,110]],[[25958,33942],[48,189],[19,38]],[[26025,34169],[35,-17],[4,-28]],[[26011,33750],[-52,13]],[[26092,23024],[3,0]],[[26230,23031],[5,-121],[13,-100],[0,-122],[6,-128],[14,-80]],[[26063,22707],[7,130],[12,82],[1,57],[9,48]],[[27499,17044],[18,-230],[17,-349]],[[28836,42332],[-12,17],[-22,-104],[0,-51],[11,-80],[-74,-182]],[[28739,41932],[-9,-20],[-50,91]],[[28680,42003],[-6,190],[0,169],[-13,-12],[-12,151],[3,189]],[[30068,43453],[-8,-95],[-14,-2],[4,82],[-18,81]],[[26998,29532],[-19,141]],[[27283,27683],[-21,75],[-21,21]],[[22162,20947],[-25,2],[1,315],[-19,0]],[[22119,21264],[1,413]],[[23181,37787],[0,250]],[[23305,38036],[0,-249]],[[23305,37787],[-2,-153],[0,-429]],[[23180,37206],[0,498],[1,83]],[[26848,40076],[-3,-55],[-2,-167],[-6,-53]],[[26969,42915],[26,12],[22,71],[46,84],[12,-20]],[[27100,42623],[-26,-1],[0,-143],[-28,0],[0,-120],[-27,1],[0,-140]],[[27019,42220],[-46,4]],[[22448,25919],[28,-4]],[[22455,25435],[-30,-108],[-74,-241]],[[22351,25086],[-54,3]],[[22297,25089],[1,829]],[[26206,47464],[134,3]],[[26340,47467],[0,-666]],[[26340,46801],[-67,0]],[[26273,46801],[-66,0]],[[21328,27584],[145,3]],[[21473,27587],[0,-820]],[[22422,24366],[-71,720]],[[21198,25103],[0,830]],[[22297,25089],[-22,-1]],[[20545,53886],[23,-1],[0,-389],[36,0],[-1,-111],[36,0],[12,-54],[0,-56],[118,-1]],[[20769,53274],[-1,-335]],[[20768,52939],[0,-56],[-35,1],[0,-83]],[[26084,34680],[6,-194],[17,-103],[-2,-30]],[[26025,34169],[-5,511],[-6,55],[9,60]],[[22243,49530],[166,-1]],[[22413,48194],[-62,0]],[[22351,48194],[-105,-4]],[[24183,40852],[0,-83]],[[24184,40262],[-140,1]],[[24042,40263],[0,582]],[[23707,36448],[-2,-259]],[[23551,35717],[0,38]],[[23231,41307],[109,-9]],[[23340,41298],[48,-3]],[[21599,31006],[-151,1]],[[22752,28590],[10,-47],[-4,-94],[10,-43],[15,0],[19,128],[10,-54],[7,80],[9,30],[9,-45],[4,-86],[-11,-84],[9,-125],[13,-39],[8,20],[1,135],[13,36],[17,132],[-2,87],[14,33]],[[22903,27638],[-122,26]],[[22781,27664],[-29,7]],[[26279,44143],[32,-4]],[[26311,44139],[97,6]],[[26408,44145],[1,-699]],[[26398,43444],[-113,-18]],[[26279,43548],[0,595]],[[26408,44145],[64,-3]],[[26472,44142],[35,12],[65,8]],[[25527,42118],[0,-521]],[[25527,41128],[-114,-10]],[[25358,42094],[169,24]],[[27859,33025],[5,572]],[[27356,31700],[4,-111]],[[27358,31420],[-140,38]],[[26157,30629],[0,-250],[17,1],[0,-152],[16,-14]],[[26201,29871],[-117,2]],[[26102,29297],[-15,453]],[[26242,24513],[14,-2],[0,282]],[[26256,24793],[70,-8]],[[26326,24785],[16,0]],[[26342,24785],[-1,-283],[9,-22],[10,-150],[-3,-116]],[[26357,24214],[-11,31],[-18,12],[-2,-45],[-45,0]],[[26281,24212],[-34,-2],[-5,180],[0,123]],[[25056,39836],[21,-23],[0,-279],[32,-2]],[[25077,38950],[-109,0],[-1,335]],[[24967,39285],[0,222],[16,0],[0,82],[15,-1],[4,115],[22,38],[20,88],[12,7]],[[25325,42316],[2,167]],[[25527,42667],[0,-252]],[[25527,42415],[0,-297]],[[25326,42088],[-1,228]],[[26273,46801],[1,-332],[2,0],[0,-330]],[[26276,46139],[-133,0]],[[27239,21605],[20,-540],[9,-125],[6,-242],[12,-203]],[[20636,48155],[-1,77],[0,593],[0,494],[2,-1],[0,408]],[[20060,48135],[5,0],[1,-667],[3,0],[1,-602]],[[19935,46868],[0,277],[-33,-2],[0,167],[-67,1],[0,162],[-61,1],[-3,56],[-35,-4],[0,108],[-33,1],[1,169],[-18,-1],[0,168],[-17,-1]],[[21188,54166],[19,0],[-1,-664]],[[21206,53502],[-55,0],[0,-669]],[[21046,52834],[0,667],[-16,0],[0,666]],[[26185,35063],[30,-102],[3,-135]],[[26218,34826],[-34,-292],[-11,-69],[-7,-137]],[[26515,37216],[14,101]],[[26361,37888],[32,28]],[[26393,37916],[8,11],[44,119]],[[26445,37956],[-2,-10],[9,-458]],[[26376,37413],[-15,475]],[[23287,39530],[63,0]],[[23350,39530],[60,0],[11,-72],[9,0]],[[23430,39458],[-1,-66],[-14,-13],[1,-77]],[[23416,39302],[15,-75],[4,-64],[12,-28],[6,-51]],[[23453,39084],[-59,0]],[[22851,48192],[67,0]],[[22918,48192],[0,-662]],[[22918,47530],[-67,-1]],[[25197,35613],[83,1]],[[25258,34600],[0,175],[-61,339]],[[25413,35386],[35,184],[21,118]],[[25535,35706],[9,-103],[19,-8],[6,-37]],[[26218,34826],[25,-160],[15,27]],[[26213,34202],[-15,-60],[-22,89],[-5,-38]],[[27154,42627],[-1,-550]],[[27030,42083],[-12,0],[1,137]],[[22911,40858],[0,-664]],[[23733,32108],[-45,7],[0,-27],[-102,17]],[[23586,32105],[-17,654]],[[24787,37636],[-3,-116],[-18,-128]],[[26851,34090],[-16,-101],[2,-26],[-35,-110],[-10,-157]],[[23956,32047],[59,-8]],[[24055,32035],[-1,-331],[-10,1],[-1,-165]],[[27479,43031],[0,21]],[[28560,42395],[13,4],[40,225]],[[28680,42003],[-21,-127],[-7,-156],[-20,-50]],[[28591,41874],[4,122],[-14,102],[-2,103],[-13,19],[-6,175]],[[22882,44178],[54,0]],[[23011,44035],[0,-522]],[[23011,43513],[-98,2]],[[22913,43515],[-31,0]],[[22913,43515],[0,-546]],[[22913,42969],[-16,-28],[-14,-53],[-45,-71],[-21,14]],[[26972,41250],[33,25]],[[27005,41275],[11,9],[-1,-222]],[[27015,41062],[-3,-415]],[[28135,31019],[24,-28],[16,36],[12,-45],[26,-15],[14,29]],[[27492,35279],[12,-205]],[[27807,33596],[-36,0]],[[27344,42762],[0,293]],[[22913,42963],[25,-25],[20,18],[10,-36],[39,5],[21,-75],[7,-2]],[[23035,42848],[13,-52],[4,-98],[16,-94],[-4,-59],[11,-84]],[[23077,42184],[-9,-56],[-31,1]],[[22913,42186],[0,415],[0,362]],[[24497,34250],[1,385],[30,-4],[26,22]],[[24554,34653],[15,4],[0,-84],[51,-6]],[[24620,34567],[14,-2],[0,-93],[10,-57],[4,-84]],[[24527,34135],[-31,4],[1,111]],[[24210,35373],[1,251]],[[24211,35624],[61,-4]],[[24272,35620],[61,-7]],[[24333,35613],[16,0],[0,-333],[30,-3]],[[24379,35277],[-3,-713]],[[24376,34564],[-61,4],[-59,10]],[[24256,34578],[-46,7]],[[25527,41101],[-2,-627]],[[25525,40474],[0,-506]],[[25525,39968],[-7,-27],[-16,25],[-90,-4]],[[25409,38618],[56,8],[25,-13],[8,-28]],[[25498,38585],[-7,-97],[10,-4],[13,-90],[-1,-135],[17,-58],[-2,-102]],[[25420,37999],[-10,0]],[[26119,28682],[-6,223]],[[23742,30020],[-1,-602]],[[24249,31349],[73,-8],[0,149],[15,36],[1,150]],[[23918,32796],[99,-12]],[[23166,33372],[52,0]],[[23218,33372],[-1,-498],[15,0]],[[23157,32291],[1,417],[-75,1],[0,165]],[[26535,47648],[-3,-190],[-10,-95],[12,-159],[17,-60],[31,-52],[11,-56]],[[26593,46825],[-33,1],[0,82],[-65,3],[0,83],[-33,3]],[[26462,46997],[1,490]],[[26542,51586],[10,97],[11,-81],[11,78],[27,57],[-14,88],[26,2],[22,-103],[2,-51],[19,-70],[-15,-127],[-21,13],[-5,38],[-46,-22],[-27,81]],[[26164,53074],[23,18],[21,-14],[23,25],[-8,-141],[-2,-221],[2,-73],[-8,-54],[11,-67],[43,-18],[6,-45],[20,13],[25,66],[13,-6],[9,-63],[1,-70],[15,13],[34,151],[22,13],[24,-13],[8,63],[27,-8],[5,-49],[-10,-163],[8,-198],[-1,-164],[-24,33],[-18,-85],[15,-74],[21,31],[15,-62],[17,-23],[-12,-79],[25,-125],[13,5],[11,-83],[-7,-37],[-27,-16],[-27,43]],[[26449,51604],[-2,0]],[[26164,52101],[0,973]],[[24229,36409],[45,-11]],[[24274,36398],[-2,-778]],[[24211,35624],[0,84],[-46,125],[1,276]],[[23555,38589],[1,565]],[[23556,39154],[108,-2]],[[23664,39152],[0,-472]],[[23554,38501],[1,88]],[[27448,40945],[6,-49],[2,-99],[-6,-106],[-11,-61],[-5,-85]],[[27434,40545],[-6,-54]],[[27378,40496],[3,419],[1,83],[-21,3]],[[29288,49718],[42,10],[66,4],[82,14]],[[29478,49746],[2,-165],[-12,-151],[12,-77],[-8,-120],[0,-84],[-7,-153],[8,-103]],[[29473,48893],[7,-31]],[[29320,48638],[-6,280],[-4,-3],[-5,256],[-6,-3],[-6,247],[0,93],[-5,210]],[[25260,34361],[0,153]],[[25328,34437],[15,-100],[8,-119]],[[25364,33989],[-105,6]],[[25259,33995],[1,366]],[[26698,49456],[6,-57],[2,-175],[6,-44],[-12,-226],[2,-101],[-3,-58]],[[26699,48795],[-158,-6]],[[26541,48789],[-1,663]],[[26462,46997],[0,-166],[-56,-1],[0,-29]],[[26406,46801],[-66,0]],[[22684,19639],[-129,-647]],[[21448,31007],[-1,-831]],[[21348,30175],[-144,1]],[[21204,30570],[0,437]],[[22719,24151],[52,-510]],[[22635,23162],[-77,752]],[[26285,40783],[0,81]],[[26285,40864],[103,3]],[[26388,40867],[1,-300]],[[26389,40567],[2,-529]],[[26391,40038],[-17,-2]],[[27031,41466],[-26,-2],[0,-189]],[[23888,29508],[128,-15],[0,114],[10,-2],[-1,111],[34,-5]],[[24059,29711],[16,-1],[-1,-56],[15,-1],[5,-113]],[[24094,29540],[-3,-504]],[[23888,29398],[0,110]],[[23705,37460],[154,-22]],[[23856,36773],[-10,-12],[-137,25]],[[28545,32454],[8,-19],[31,15],[43,80],[9,-90]],[[28625,31987],[-65,15]],[[21482,37551],[0,157]],[[21615,36880],[-133,-2]],[[21482,36890],[0,661]],[[24366,33047],[35,-6],[0,167],[31,-4],[2,309]],[[24434,33513],[11,-1]],[[24361,32453],[0,113],[8,-1],[0,313],[-3,169]],[[26000,33349],[4,168]],[[26093,33333],[0,-192]],[[22271,43511],[126,-1]],[[22399,42850],[-126,0]],[[22273,42850],[-2,0],[0,661]],[[23099,40193],[-62,0]],[[23037,40193],[0,498]],[[23951,35267],[30,-5]],[[23981,35262],[-1,-275],[5,-1],[-2,-346]],[[23983,34640],[-151,18]],[[23832,34658],[1,350],[-6,1]],[[24807,34550],[0,85],[-32,1],[2,436]],[[24042,36179],[-1,-333],[4,0],[-2,-452]],[[24043,35394],[-61,6],[-1,-138]],[[26699,48795],[-1,-200],[-3,-127],[-9,-15],[-17,-115],[-23,3],[-11,-89],[-5,-121]],[[26594,46334],[-66,-2],[1,-167]],[[26407,46157],[-1,644]],[[26272,48127],[68,-2]],[[26206,47464],[0,668]],[[22532,40860],[0,-664]],[[22532,40196],[-64,0]],[[22468,40196],[-62,0]],[[22785,44179],[0,497]],[[24020,38408],[6,-83],[20,-79],[14,-15],[20,24],[37,-32],[8,6]],[[24141,38136],[-33,-434],[0,-27],[-62,7]],[[24046,37682],[-61,17]],[[23983,34640],[46,-6],[0,-28]],[[24029,34606],[-2,-499]],[[23832,34463],[0,195]],[[25358,35566],[-7,172],[9,81],[17,60],[10,116]],[[25168,34038],[0,332]],[[25168,34370],[32,-8],[60,-1]],[[25259,33995],[-1,-475]],[[25167,33523],[1,515]],[[28600,34323],[1,-79],[24,32]],[[28587,33614],[-104,3]],[[26457,29900],[8,87]],[[26515,29548],[-34,88],[-25,143],[1,121]],[[26437,29390],[84,-3]],[[26437,29105],[0,285]],[[25041,41325],[38,4],[9,54],[16,5],[-1,70],[17,2],[0,166],[16,2]],[[25136,41628],[96,8],[3,-269],[32,2]],[[25235,40728],[-160,1]],[[25075,40729],[-32,-2],[0,85]],[[25043,40812],[-2,513]],[[21495,30177],[102,-1]],[[21615,29346],[-120,1]],[[21323,29347],[-120,0]],[[23664,39152],[1,138]],[[26286,41283],[0,297]],[[26388,40868],[0,-1]],[[26285,40864],[1,419]],[[24685,23697],[-24,-1]],[[24632,24195],[0,167]],[[25026,26036],[2,0]],[[25140,26037],[0,-673]],[[28161,35725],[-11,39],[5,57],[-19,77]],[[28136,35898],[27,298]],[[24247,33515],[125,2]],[[24372,33517],[62,-4]],[[24366,33047],[-129,15]],[[24237,33062],[1,453]],[[26457,29900],[-3,29]],[[25231,44298],[97,1]],[[25227,43470],[0,662],[4,166]],[[22225,32206],[208,0]],[[22435,31709],[0,-166]],[[22435,31543],[-206,2]],[[22229,31545],[0,83]],[[22229,31628],[-4,81],[0,497]],[[28379,41514],[-18,15],[-1,202]],[[28289,44004],[136,0],[44,4]],[[28480,44008],[14,-771]],[[28494,43237],[-24,-87],[-94,-14],[-84,-4]],[[25165,29446],[10,55],[0,193],[15,27]],[[25190,29721],[54,0],[0,-83]],[[25244,29638],[-1,-243],[0,-475]],[[21482,37551],[-173,-4],[-101,4],[-41,-5]],[[21167,37546],[3,148],[0,662]],[[20922,42101],[134,1]],[[21053,41190],[-31,-3],[-126,4],[-1,-332],[0,-666]],[[20669,40192],[-25,0]],[[21321,42103],[159,0]],[[21480,41621],[-167,0]],[[24212,29692],[-44,4],[0,-84],[-52,7],[-10,-81],[-12,2]],[[24059,29711],[1,111],[-5,54],[-19,2],[0,84],[-29,4],[3,91],[0,166],[-29,-1]],[[23981,30222],[0,165],[68,-6],[14,-30],[11,27]],[[24412,35975],[61,-3],[-1,-166],[44,-5]],[[24516,35592],[-44,9],[-1,-167],[29,-6],[0,-165]],[[24500,35263],[-121,14]],[[24333,35613],[1,367],[78,-5]],[[22047,20405],[-8,137],[6,96],[-4,64],[7,30],[-5,88],[8,106],[3,246],[6,108],[14,-16],[45,0]],[[21856,20406],[164,-1]],[[21865,19377],[-6,59],[-13,45],[-16,196]],[[29115,45587],[24,-32],[30,-76],[46,21],[7,24]],[[29222,45524],[1,-75],[-13,-19],[9,-63],[25,-3],[1,33]],[[29245,45397],[3,-119],[-7,-92],[-11,-83],[2,-155],[-11,-142],[3,-22]],[[22258,45539],[29,72],[27,39],[11,45],[18,15],[20,-100],[12,8],[21,-34],[15,-47],[15,11],[20,-56],[34,-26],[13,18],[31,-27]],[[22524,45457],[0,-619],[1,0]],[[22397,44174],[-129,-1]],[[22268,44173],[-3,0]],[[22265,44173],[0,661],[-3,0],[0,663],[-4,42]],[[22710,45629],[42,-2]],[[22752,44841],[-97,-1]],[[22524,45457],[-2,231]],[[23037,40193],[-96,1]],[[22913,42969],[0,-6]],[[22912,42186],[-127,2]],[[22785,42188],[0,666]],[[20642,57352],[115,0],[166,1]],[[20923,57353],[1,-698]],[[28582,33234],[30,51]],[[28662,32928],[15,-139],[-11,-22],[-18,54],[-14,7],[-18,102],[-6,-12],[24,-129],[16,-33],[-27,-48]],[[28008,40815],[16,83],[6,259],[15,66],[38,351]],[[28806,41594],[22,75],[19,24]],[[28869,41044],[-101,439]],[[28768,41483],[23,57],[15,54]],[[21981,43509],[69,-2],[89,3]],[[22139,43510],[129,1]],[[22268,43511],[3,0]],[[22273,42850],[-1,-662]],[[22211,42187],[-222,0]],[[27051,16048],[0,587]],[[24226,36935],[54,-7],[38,10],[61,-10]],[[24379,36928],[0,-257],[4,0]],[[24383,36671],[0,-196],[-73,0],[-20,-79],[-16,2]],[[24379,37719],[1,1]],[[24380,37720],[-1,-792]],[[26335,38426],[21,48],[12,-8]],[[26368,38466],[9,-173],[13,-45],[-6,-59],[3,-86],[-7,-100],[3,-61],[10,-26]],[[26361,37888],[-23,20]],[[28173,34047],[7,467]],[[28180,34514],[10,-67],[22,3]],[[26412,28079],[19,-1]],[[29288,41544],[-19,-115],[-18,-8]],[[29251,41421],[0,1]],[[29251,41422],[6,56]],[[24726,29559],[0,-310],[-14,2],[0,-361]],[[24712,28890],[0,-167]],[[24712,28723],[-58,4]],[[24857,29064],[58,-2],[0,56]],[[24915,29118],[59,-3],[0,-55]],[[24974,29060],[1,-562]],[[24975,28498],[-73,0],[0,56],[-44,2]],[[24858,28556],[0,462],[-1,46]],[[28180,34514],[-18,-22],[-29,82],[-15,68],[-4,58]],[[24732,32556],[-2,-59],[-130,6]],[[24866,36799],[54,-3]],[[24951,36796],[-1,-503]],[[24950,36293],[-24,-254],[2,-37]],[[24955,40146],[26,1],[0,-83],[22,-28],[52,-3]],[[25055,40033],[1,-197]],[[24967,39285],[-46,-2]],[[26672,43052],[-1,-469]],[[26671,42583],[-1,-167]],[[26670,42416],[-128,2]],[[26543,41755],[101,-3]],[[26644,41752],[5,-1],[1,-222],[21,-28]],[[26671,41501],[0,-346]],[[26643,41153],[0,10],[-100,43],[0,13]],[[26842,38186],[5,420]],[[26847,38606],[7,75]],[[26854,38681],[31,-11],[0,-24],[32,-17],[-1,-69],[32,-13],[-3,-195]],[[26885,37997],[-31,11],[2,173],[-14,5]],[[29146,48008],[71,41]],[[25515,32903],[12,140],[3,159]],[[25530,33202],[52,-35],[12,11]],[[25984,32258],[-8,-32],[-20,-168],[0,-142]],[[24213,32015],[113,-13]],[[24210,31351],[3,664]],[[23892,30168],[-2,-111],[-2,-549]],[[28355,46439],[31,2],[32,23],[30,-36],[25,-1],[15,49],[31,30],[18,61]],[[28539,45958],[-70,-21]],[[28469,45937],[-47,-1],[0,52],[-66,-10]],[[23052,29548],[-29,3],[0,163]],[[26972,33046],[-27,-186],[-26,-12],[-18,-100]],[[21901,31007],[150,-1]],[[22051,31006],[0,-292]],[[22051,30714],[0,-540]],[[22527,42849],[2,0]],[[22529,42849],[0,-662]],[[22400,42187],[1,663]],[[21835,41527],[-2,-303],[2,-366]],[[21835,40858],[-152,2]],[[21683,40860],[-6,0]],[[21677,40860],[0,663]],[[23090,44095],[9,-11],[16,-123],[15,-10],[-3,-201]],[[23127,43750],[9,-87],[10,-32],[-2,-164],[-12,-66]],[[23132,43401],[-90,1]],[[23042,43402],[0,111],[-31,0]],[[22527,43015],[54,0],[16,57],[44,2],[15,28]],[[22691,42851],[0,-163],[-54,-2],[0,-28],[-43,-1],[-14,-55],[-48,0],[0,247],[-3,0]],[[22139,44169],[0,-659]],[[22057,41526],[78,0],[16,-28]],[[22151,40861],[-126,0]],[[22025,40861],[0,167],[32,-1],[0,499]],[[26368,38466],[10,50],[11,-52],[0,-68],[31,-69]],[[26389,40567],[59,6],[55,-31]],[[26495,39962],[-30,12],[0,71],[-74,-7]],[[21480,40857],[197,3]],[[21683,40860],[-1,-663]],[[21682,40197],[-24,-1]],[[21658,40196],[-178,1]],[[22656,42429],[18,117],[30,134],[17,54]],[[22657,42187],[-1,242]],[[29251,41422],[-1,1]],[[29250,41423],[-11,-28],[-1,-71]],[[24106,37199],[-60,317],[0,166]],[[24500,35263],[10,-1],[0,-195],[5,-110],[10,-1],[-1,-105],[10,7],[5,-77],[15,-36],[0,-92]],[[24497,34250],[-121,9]],[[24376,34259],[0,305]],[[24577,39046],[4,-30],[35,-141],[19,-111],[1,-52]],[[24486,38551],[-41,5]],[[24445,38556],[-8,336]],[[24437,38892],[-6,252],[71,282],[7,-1]],[[24359,38931],[2,496],[-1,112]],[[24360,39539],[0,55],[113,-3]],[[24437,38892],[-78,11],[0,28]],[[99918,63041],[16,4],[12,61],[22,11],[31,-99],[-11,-121],[-33,-68],[-26,48],[-13,77],[2,87]],[[99679,62382],[6,39],[25,-48],[19,5],[28,-39],[4,-55],[23,-64],[21,-103],[32,-67],[11,-95],[43,-17],[21,-54],[-17,-32],[-9,24],[-30,-27],[-12,56],[-44,129],[-30,166],[-30,70],[-17,-13],[-22,41],[-22,84]],[[99629,63032],[9,18],[21,-26],[10,-54],[-14,-81],[-10,-7],[-16,150]],[[99531,63137],[7,35],[17,-35],[3,-57],[-16,-31],[-11,88]],[[99283,62876],[24,44],[15,83],[43,58],[2,87],[16,158],[11,29],[20,-86],[-12,-52],[-8,-92],[-18,-72],[6,-119],[-42,28],[-17,-51],[-15,-112],[-25,97]],[[98211,63847],[7,50],[18,44],[23,-9],[27,108],[40,10],[-17,-66],[5,-230],[-21,-1],[-17,85],[-35,-31],[-30,40]],[[97962,64842],[46,141],[33,18],[101,-33],[29,-103],[23,-24],[35,-155],[-2,-34],[-31,-9],[-20,63],[-18,-116],[-13,-21],[-34,24],[-26,-67],[-26,53],[-13,65],[-3,103],[-31,91],[-36,-38],[-14,42]],[[3577,66484],[48,59],[1,-97],[-14,-74],[-30,16],[-5,96]],[[3147,65574],[28,70],[16,74],[55,14],[10,99],[31,-45],[4,69],[14,39],[24,-32],[12,10],[-1,79],[19,32],[-12,48],[-8,96],[16,63],[11,-33],[17,48],[-18,80],[19,60],[30,2],[10,-83],[19,44],[6,49],[-44,73],[-10,33],[-13,-42],[-18,61],[-5,62],[-17,18],[-1,56],[15,39],[8,87],[53,122],[14,-17],[24,66],[22,4],[18,-60],[0,-57],[-12,-62],[8,-103],[47,64],[9,81],[22,3],[21,48],[7,-170],[-26,-20],[-16,-57],[-7,-66],[-17,-36],[-21,-116],[20,-11],[6,53],[33,69],[8,-97],[13,-59],[-7,-39],[-39,-49],[-6,-43],[-29,-21],[-6,-129],[-14,-2],[-9,-132],[-23,41],[-7,-123],[-30,-25],[-30,35],[-20,0],[-9,-51],[-15,7],[-23,-82],[-21,-25],[-3,-67],[-18,3],[-23,-29],[-11,-82],[-30,17],[-7,-66],[-46,47],[-17,66]],[[2795,64641],[18,63],[17,33],[21,109],[17,46],[-5,98],[20,46],[9,116],[-10,28],[3,92],[29,145],[21,84],[22,-43],[23,44],[4,-37],[26,18],[-7,103],[-17,13],[13,111],[-6,76],[17,94],[16,37],[15,70],[41,60],[22,14],[14,-64],[14,-21],[32,-1],[-3,-87],[-14,-54],[3,-117],[-45,-126],[-30,-60],[-2,-25],[-42,-65],[-18,-71],[-10,-115],[-22,-130],[-3,-41],[-36,-51],[-13,-77],[-37,-59],[-4,-51],[-56,-132],[-12,3],[-7,-58],[-18,-18]],[[2615,64946],[4,74],[18,28],[4,-56],[-8,-94],[-18,48]],[[2608,71872],[56,-24],[25,8],[-22,-141],[-17,11],[-11,73],[-20,21],[-11,52]],[[2546,64659],[6,49],[28,-14],[5,48],[35,30],[20,-40],[0,-94],[-21,-47],[-31,60],[-18,-73],[-21,40],[-3,41]],[[2515,64789],[9,44],[21,-14],[3,-76],[-12,-29],[-21,75]],[[2498,64455],[3,111],[16,11],[17,-37],[-7,-92],[-29,7]],[[2431,72916],[2,58],[31,51],[20,-15],[28,29],[-12,-121],[-22,-42],[-47,40]],[[2314,64144],[6,141],[19,26],[7,63],[18,36],[28,-50],[0,-63],[-13,-76],[-21,0],[-14,-33],[-17,-78],[-13,34]],[[2182,63994],[6,62],[12,29],[16,-69],[-13,-80],[-18,11],[-3,47]],[[1815,63591],[17,148],[27,68],[19,13],[8,-47],[20,-24],[-3,-71],[-35,-64],[-9,-34],[-40,-18],[-4,29]],[[1419,63323],[31,-7],[12,-29],[31,1],[5,37],[49,39],[28,-93],[39,-10],[23,21],[11,-27],[13,28],[44,-20],[-34,-75],[-54,-15],[-8,-24],[-29,11],[-20,-39],[-6,38],[-24,27],[-50,-35],[-28,29],[-13,98],[-20,45]],[[1060,63119],[60,67],[10,-43],[17,81],[12,-35],[17,66],[50,1],[42,52],[39,149],[17,34],[15,-41],[32,106],[-4,44],[-31,7],[-26,44],[2,46],[26,-16],[4,105],[16,42],[33,47],[40,-113],[6,-95],[-20,-166],[-35,13],[10,-116],[18,-60],[-37,-72],[-15,-9],[-16,49],[-18,-62],[-11,-97],[-15,67],[-30,-49],[-8,-34],[-18,18],[-13,-61],[-15,47],[-29,27],[-20,-16],[-16,-60],[-52,-1],[-37,34]],[[845,62860],[35,46],[7,-126],[-42,80]],[[818,63191],[19,101],[25,-18],[12,-104],[-11,-62],[8,-68],[-44,35],[-9,116]],[[812,62748],[17,97],[11,-46],[29,-23],[-22,-86],[-17,3],[-18,55]],[[601,62367],[6,91],[29,84],[-1,66],[-13,94],[19,2],[14,44],[10,101],[-13,91],[10,67],[29,-24],[22,93],[9,-16],[2,-145],[-19,-30],[-2,-61],[23,-64],[13,30],[12,-23],[15,55],[33,-14],[-3,-45],[7,-103],[-15,-92],[-43,22],[-27,-101],[-43,-26],[-9,-79],[-15,17],[-7,64],[-19,-80],[-10,-91],[-14,73]],[[402,62515],[18,55],[35,-21],[19,64],[44,45],[22,67],[3,218],[5,22],[26,-25],[9,-40],[-3,-95],[-18,-54],[4,-88],[-2,-105],[-6,-45],[-17,-5],[-20,-47],[-24,103],[-22,-14],[-17,-51],[-29,12],[-19,-35],[-8,39]],[[257,62840],[9,58],[19,21],[41,-3],[21,-78],[-6,-36],[28,-53],[10,27],[21,-54],[-20,-41],[-16,-119],[3,-72],[-24,-41],[-13,-48],[-34,24],[2,82],[33,35],[0,98],[-15,34],[-12,-19],[-12,72],[-30,68],[-5,45]],[[77,62664],[3,65],[18,29],[17,-100],[-10,-65],[-12,-3],[-16,74]],[[41,61901],[9,29],[17,-74],[-2,-43],[-21,-43],[-3,131]],[[0,61682],[10,57],[12,-84],[-7,-52],[-14,12],[-1,67]],[[28051,46620],[80,-1],[21,9],[30,-20]],[[28182,46166],[-131,-9]],[[26325,28900],[67,-10]],[[24986,42382],[-48,0]],[[24877,42545],[0,542],[-1,125]],[[25942,23017],[150,7]],[[26777,42972],[10,-40],[9,23],[8,-56],[11,20]],[[26832,42585],[-81,2],[-80,-4]],[[25028,27051],[29,1],[0,168],[29,1],[0,168],[6,0]],[[24799,28220],[0,167],[44,1],[15,27],[0,141]],[[24975,28498],[0,-278]],[[24975,28220],[0,-84]],[[24975,28136],[-78,-2]],[[24897,28134],[-95,0]],[[24975,28136],[0,-416],[35,1]],[[25010,27721],[-12,-54],[-8,3],[0,-281]],[[24936,27388],[0,223],[-19,27],[-20,-1],[0,497]],[[25140,25364],[135,7]],[[25263,24734],[-42,-70],[-39,-40],[-41,-18]],[[24974,29060],[74,-2]],[[25063,28252],[0,-31],[-88,-1]],[[25920,34587],[11,-14],[5,217]],[[28689,34338],[24,-43],[13,42],[13,-15],[13,-306],[16,-249],[7,-153]],[[26559,27187],[1,-92]],[[26560,27095],[20,-135],[10,-206]],[[25325,42316],[-94,-11]],[[26962,39534],[-32,12],[-2,-112],[-34,11],[0,-85],[-31,10],[0,-28]],[[28467,45462],[22,-205],[0,-219]],[[28430,44928],[-12,31],[1,146],[-62,-1]],[[28357,45104],[0,175],[8,123],[8,55],[94,5]],[[28327,37867],[5,-16]],[[22785,44179],[-130,-3]],[[22268,43511],[0,662]],[[24715,42220],[1,167]],[[24716,42387],[126,-4]],[[24841,41550],[-127,5]],[[24667,39039],[-3,-58],[6,-138],[-2,-63],[5,-117],[-6,-59],[2,-95]],[[24669,38509],[7,-104],[3,-133],[14,-75],[19,26]],[[26220,39288],[62,-8]],[[26282,39280],[-1,-413]],[[26281,38867],[-69,4]],[[26212,38871],[-42,2],[-22,-77]],[[27209,43302],[13,82],[43,164],[17,14],[32,95],[30,68]],[[27344,43462],[-28,-2],[1,-138],[-54,-2],[0,-135],[-27,0]],[[20369,35898],[0,-663]],[[20369,35235],[-87,1],[-91,5]],[[20191,35241],[-9,1]],[[20922,38035],[93,-4],[-1,414],[2,84],[1,836]],[[21019,39365],[154,-2]],[[21167,37546],[0,-166],[-92,-4],[0,-13]],[[21075,37363],[-60,10],[-93,1]],[[22750,50015],[74,0]],[[22920,49682],[-1,-329]],[[23095,51175],[0,-333]],[[22342,32872],[89,7]],[[22225,32206],[-1,383]],[[22224,32589],[0,288]],[[28114,35788],[8,62],[14,48]],[[24651,46719],[-1,247],[101,2]],[[24237,33062],[-1,-166],[-15,2],[5,-81]],[[24226,32817],[-1,-140],[-30,4],[0,-166],[-30,3]],[[24445,41742],[10,-1],[1,499]],[[24456,42240],[117,-3]],[[24573,42237],[0,-5]],[[23645,43744],[32,0]],[[23677,43744],[97,1]],[[23781,43075],[-29,-17],[-96,1]],[[23807,44404],[66,0]],[[23937,43743],[-32,1]],[[23807,43745],[0,659]],[[23401,52336],[118,-1]],[[23406,51201],[-2,303],[0,332]],[[23404,51836],[0,335],[-3,165]],[[23393,54326],[143,-5]],[[23504,53166],[-105,1]],[[23399,53167],[-2,331],[0,332]],[[23397,53830],[0,330],[-4,166]],[[23484,48025],[0,-496]],[[23484,47529],[-166,0]],[[23318,47529],[-2,0]],[[23316,47529],[0,664]],[[25383,46946],[70,1]],[[25453,46947],[-4,-151],[-17,-133],[-13,-273],[6,-112]],[[25861,40047],[24,4]],[[25885,40051],[84,2]],[[25969,40053],[-4,-110],[0,-329]],[[25965,39614],[0,-112]],[[25882,39493],[-21,-3]],[[25861,39490],[0,557]],[[24067,43743],[0,-498],[3,-176]],[[24258,46318],[0,549]],[[24355,46867],[34,-1]],[[24258,46070],[0,248]],[[26886,25914],[-8,22],[2,168],[-35,92],[2,50],[-21,56],[-26,-15]],[[26507,25932],[-13,0]],[[26494,25932],[14,15]],[[26438,25646],[4,56],[12,-1],[21,201],[19,30]],[[26494,25932],[10,-30]],[[26551,25492],[-13,-20],[-19,-62],[-13,-89],[-5,-58]],[[20902,30928],[75,233],[0,-41],[61,-3],[0,283]],[[21111,32067],[93,0]],[[21010,29903],[-59,1]],[[25399,30669],[105,-5]],[[25504,30664],[107,-8]],[[25615,30655],[-2,-348],[-17,-81],[5,-29]],[[25601,30197],[-11,-15],[-13,87],[-22,7]],[[25525,40474],[12,-40],[23,1]],[[25560,40435],[-3,-132],[-5,-61],[4,-141]],[[25556,40101],[-3,-33],[18,-85],[3,-49],[-8,-60],[3,-78],[-2,-189],[-4,-66],[4,-97]],[[25567,39444],[-42,-1]],[[25525,39443],[0,525]],[[24043,35394],[46,-5]],[[24089,34599],[-60,7]],[[24456,42905],[1,334]],[[24457,43239],[130,-2]],[[24539,42734],[-83,5],[0,166]],[[28806,41594],[-36,154],[-31,184]],[[17303,55533],[2,620],[1,908]],[[17306,57061],[69,1],[0,-661],[205,3]],[[17502,55237],[-49,0],[0,193],[-36,0],[0,-27],[-114,0]],[[25648,40891],[-11,-50],[-32,-60],[-14,-102],[-18,-86],[-17,-35],[-5,-51],[9,-72]],[[20451,35151],[-82,1],[0,83]],[[20688,45166],[66,1]],[[23748,32106],[0,-55],[-15,2],[-6,-136],[-25,4],[0,-166],[15,-3],[-5,-82],[3,-45],[-13,-118]],[[23591,31875],[-5,230]],[[26212,24921],[26,-62],[18,-66]],[[26242,24513],[-51,5]],[[26165,27091],[-16,569]],[[20922,46823],[131,0],[162,-2]],[[21215,45913],[-140,1]],[[21075,45914],[-153,-1]],[[20922,45913],[0,910]],[[21019,40194],[65,0],[0,664],[2,166]],[[23656,43059],[0,-661]],[[24749,44374],[111,7]],[[24860,44381],[64,4]],[[24795,44068],[-3,160],[-13,68],[-30,78]],[[26603,44827],[31,8]],[[26472,44142],[1,673]],[[26149,44142],[0,-595]],[[26149,43547],[-102,-1]],[[26047,43546],[-37,0]],[[26010,43546],[9,76],[-1,515]],[[26309,44809],[0,-333],[2,-337]],[[26279,44143],[-130,-1]],[[25648,40601],[0,-499]],[[25648,40102],[-92,-1]],[[23719,41902],[128,2]],[[23786,41293],[-67,-7]],[[24230,41907],[129,3]],[[24359,41910],[0,-167]],[[24359,41333],[-3,29],[-60,-15]],[[24296,41347],[-66,-10]],[[24230,41337],[0,570]],[[23205,46865],[113,2]],[[23318,46867],[18,-1]],[[23336,46399],[-65,6],[-67,-2]],[[23204,46403],[1,462]],[[21709,46654],[0,-746]],[[22130,51520],[198,-2]],[[22328,51518],[79,-2]],[[22407,51516],[0,-663]],[[22407,50853],[-184,3],[-90,1]],[[22130,50857],[0,663]],[[23027,45075],[178,-1]],[[23238,45075],[0,-164],[20,-1],[0,-502]],[[23258,44408],[-98,1],[-94,6]],[[23067,44532],[-4,66],[-11,51],[-1,140],[9,67],[-5,72],[-13,13]],[[24457,43738],[0,167]],[[24457,43239],[0,499]],[[26040,37933],[0,-150],[21,-55],[10,-56],[1,-138]],[[26072,37534],[-63,-3],[-15,-83]],[[25898,23869],[0,-473]],[[25898,23396],[2,-377]],[[25844,23019],[-84,1]],[[25760,23020],[-3,11],[0,365]],[[22731,28886],[165,0]],[[22614,50184],[0,664]],[[23551,33838],[-106,5]],[[23445,33843],[0,520],[-8,44],[5,63]],[[21840,40858],[156,1]],[[21996,40859],[1,-664]],[[21846,40196],[-6,0]],[[21840,40196],[-1,329],[1,333]],[[22655,43846],[1,-332]],[[23258,44408],[96,-1]],[[23354,44407],[65,-1]],[[23419,44406],[0,-661]],[[23419,43745],[-130,0]],[[23289,43745],[-32,-1]],[[23257,43744],[1,664]],[[23600,45737],[131,-1]],[[26892,24313],[-1,-218],[9,-1],[0,-169]],[[26900,23925],[-9,0],[0,-201]],[[25644,30059],[55,-203],[33,-55]],[[25643,29349],[1,710]],[[30780,47964],[19,19],[0,-78],[-19,59]],[[30713,48003],[29,39],[10,-73],[-12,-88],[-15,-2],[-3,83],[-9,41]],[[30704,48034],[8,69],[19,68],[5,-65],[-32,-72]],[[30701,48206],[-1,0]],[[30680,48294],[-14,-176],[-5,-141],[12,-11],[-34,-175],[-7,-83],[-18,3],[-28,99]],[[24382,38397],[1,170],[62,-11]],[[24485,38271],[0,-284],[-42,3],[-1,-259]],[[24442,37731],[-18,7],[-17,-69],[-27,51]],[[24294,40765],[2,582]],[[24420,40666],[-126,16]],[[24412,35975],[1,694],[-3,0]],[[24410,36669],[0,111],[47,-2]],[[22051,32338],[21,62],[11,141],[14,36],[8,-13],[-1,-135],[14,-92],[12,-40],[28,-32],[16,44],[3,65],[9,49],[6,101],[12,51],[20,14]],[[22229,31628],[-59,0],[0,-167],[-119,2]],[[22051,31463],[0,375]],[[22002,40195],[153,0]],[[22155,40195],[1,0]],[[22156,40195],[-1,-828]],[[22155,39367],[-149,-1]],[[22006,39366],[-5,0]],[[25338,28916],[8,447]],[[25346,29363],[41,-11],[109,-16]],[[25496,29336],[0,-581]],[[25496,28755],[0,-166]],[[25496,28589],[-88,9]],[[23117,53001],[141,-4],[141,4]],[[23399,53001],[2,-167],[0,-498]],[[23404,51836],[-174,1]],[[21075,37363],[-1,-333],[2,-147]],[[21076,36883],[-2,-176],[-31,-2],[0,-111],[-60,0],[-9,29],[-19,-8],[-17,42],[-17,0]],[[20921,36657],[1,717]],[[25167,34383],[1,-13]],[[25168,34038],[-71,0],[-15,24]],[[25641,33789],[-61,-2]],[[25580,33787],[21,822]],[[26176,43547],[-27,0]],[[21616,28427],[-146,-11]],[[22581,18810],[26,-184]],[[22641,17418],[-98,2]],[[20768,52939],[53,0],[17,-28],[0,-55],[86,0]],[[20924,52856],[0,-192]],[[20924,52167],[0,-639]],[[20924,51528],[1,-120]],[[23556,39154],[0,142]],[[23556,39296],[-1,413]],[[23151,47531],[165,-2]],[[23318,47529],[0,-662]],[[23205,46865],[-54,1]],[[23151,46866],[0,665]],[[20924,51528],[136,0],[157,0]],[[25866,37690],[-104,-3]],[[25762,37687],[0,416]],[[23212,41686],[-4,154],[10,71]],[[23337,41911],[0,-331],[4,0],[-1,-282]],[[24359,41910],[0,499]],[[24424,42408],[32,-2],[0,-166]],[[24166,42407],[64,2]],[[24230,42409],[0,-502]],[[24230,41907],[-128,-1]],[[25930,42428],[1,-168],[16,3],[0,-85],[20,2]],[[25967,42097],[-62,-6],[0,-165]],[[22716,19426],[-39,-197],[50,-369]],[[22198,28914],[0,592]],[[24126,46866],[29,0]],[[24258,46318],[-132,0]],[[24126,46318],[0,548]],[[25067,36283],[-117,10]],[[16668,43994],[174,-4],[139,9]],[[17310,44004],[0,-1100],[0,-805]],[[17231,41195],[0,286],[-2,14],[-93,1],[0,331],[-169,-1],[-150,-2],[0,200],[-145,-1]],[[23600,46867],[54,-1]],[[23731,46865],[0,-466]],[[23600,45737],[0,661]],[[25290,36203],[73,-4],[6,-28]],[[25290,35614],[0,588]],[[25237,34614],[-13,72],[-21,51],[-12,8],[-21,86],[-34,72]],[[24948,40802],[95,10]],[[25075,40729],[1,-444]],[[25076,40285],[0,-251],[-21,-1]],[[25903,27043],[46,0],[0,-27]],[[25556,26604],[28,2],[0,-84],[84,11]],[[25898,23396],[112,8]],[[17640,40435],[93,-1],[71,-9],[106,0],[139,-9],[89,-2]],[[18138,39320],[-1,-1025],[0,-626]],[[18137,37669],[-192,0],[-73,0]],[[17872,37669],[-167,616],[-85,308]],[[25004,44959],[-121,10]],[[24883,44969],[0,588]],[[24581,48956],[-1,-165],[34,0],[0,-167],[135,4]],[[24749,48628],[1,-335]],[[24566,47954],[-49,0],[0,17]],[[20989,26777],[13,0],[0,820],[13,1],[0,332],[58,1]],[[21073,27931],[128,1]],[[21201,27932],[-1,-348]],[[25719,30642],[15,0]],[[25644,30059],[-9,72],[-26,76],[-8,-10]],[[23040,49023],[0,-167]],[[23040,48856],[-121,0]],[[25496,28755],[38,-11],[97,-6]],[[25599,27822],[-14,2],[0,140],[-30,28]],[[25555,27992],[0,166],[-29,5],[-1,335],[-29,8],[0,83]],[[25439,27844],[49,-6],[0,111],[9,57],[58,-14]],[[25655,27314],[-11,-48],[-13,21],[-13,-69],[0,-125],[-23,4],[-8,-74],[-2,-168],[-29,-5]],[[21875,34471],[151,4]],[[22026,34475],[25,-1]],[[22051,33695],[-1,-178]],[[22050,33517],[-151,-1]],[[24325,40093],[113,-6]],[[24438,40087],[4,-58],[-8,-70],[5,-77],[15,-50],[3,-101]],[[24360,39539],[-37,1]],[[29711,44070],[4,-165],[-6,-4],[-1,-169],[3,-90],[9,7],[8,-269],[10,-79],[0,-54]],[[29579,43318],[-10,302],[19,16],[-1,91],[10,81],[8,146],[-39,-12],[5,137]],[[22918,48192],[122,2]],[[23040,47532],[-122,-2]],[[21912,51525],[32,-142],[3,-101],[18,-207],[-2,-65],[-25,-45],[-6,-105]],[[23604,56147],[3,-663],[-1,-332]],[[23393,54326],[0,497],[-3,0],[0,380],[-14,21],[-9,79],[2,67],[12,114],[-99,1]],[[23277,56474],[72,2]],[[20247,34459],[-31,279],[-3,105],[-22,64],[0,334]],[[24985,41948],[86,11],[32,-2]],[[25135,41961],[1,-333]],[[25041,41325],[-16,40],[-1,253],[-63,-1]],[[24858,41023],[15,147]],[[25406,39202],[76,12],[-1,-20],[44,0]],[[25525,39194],[0,-246],[-16,-27],[-4,-43],[0,-99]],[[25505,38779],[8,-78],[-15,-116]],[[27378,14132],[163,1],[0,40],[26,-52],[36,-13]],[[27603,14108],[-10,-440],[-2,-220]],[[28696,40794],[-15,85],[-8,11],[-58,247]],[[28615,41137],[29,38],[23,2],[23,35],[36,93],[9,-12],[5,118],[28,72]],[[26281,38867],[49,-1],[4,14],[77,-38]],[[26281,38486],[0,381]],[[22943,24026],[-37,356]],[[26193,38150],[1,36]],[[26194,38186],[9,-24],[28,117],[34,66]],[[25935,42929],[113,2]],[[26048,42931],[1,-271]],[[25990,41434],[0,-164]],[[26210,41942],[75,9]],[[26286,41283],[-75,-8]],[[26065,27048],[101,2]],[[25526,29832],[0,-501]],[[25526,29331],[-30,5]],[[25346,29363],[5,271]],[[25505,38779],[101,0]],[[25606,38779],[0,-167]],[[25758,40600],[0,-68]],[[25758,40532],[0,-488]],[[25758,40044],[0,-110]],[[25758,39934],[-87,3]],[[25671,39937],[-23,1],[0,164]],[[23821,46865],[42,-1]],[[25866,37184],[0,-55],[-104,2]],[[25762,37131],[0,251]],[[25762,37382],[0,305]],[[23719,42397],[63,10]],[[23782,42407],[64,-1]],[[23846,42406],[1,-502]],[[23336,45076],[1,-165],[18,-1],[-1,-503]],[[24938,38283],[15,1],[0,55],[93,-1]],[[30086,46940],[-27,61],[-76,362]],[[19899,29853],[146,1]],[[20264,29589],[0,-343],[136,0]],[[19903,27753],[0,499],[-1,166],[0,828],[-3,0],[0,607]],[[21907,28437],[131,1]],[[22052,28438],[2,-837]],[[24858,44970],[25,-1]],[[24860,44381],[-2,589]],[[26170,40776],[-1,138]],[[25525,39443],[0,-249]],[[21203,29328],[0,-571],[-1,-341]],[[21202,28416],[-1,-484]],[[21073,27931],[1,166],[-59,-2],[1,311],[-35,0],[0,501],[-29,1]],[[23807,44404],[-65,1]],[[25643,29321],[-41,0],[-76,10]],[[18137,37669],[0,-199]],[[18136,35624],[1,-1152]],[[17622,34170],[1,1017],[0,640],[0,647],[249,1],[0,1194]],[[24230,42409],[65,1]],[[25178,45612],[66,1]],[[25309,45611],[1,-441]],[[25310,45170],[0,-221]],[[25310,44949],[-112,-3]],[[21076,36883],[28,1]],[[21104,36884],[0,-844],[-1,-342]],[[20920,35872],[1,785]],[[21192,34471],[23,0]],[[21215,34471],[0,-953]],[[20570,27096],[0,-325],[-10,0],[1,-235],[-1,-610],[140,3]],[[20701,24938],[-20,0]],[[29628,48680],[42,-102],[16,155],[29,-107],[16,158]],[[29731,48784],[59,-156],[2,-25],[-14,-129],[-14,-86],[0,-49],[-14,-131]],[[29587,48126],[16,220],[-4,10],[29,324]],[[27434,40545],[24,-16],[21,-33]],[[27479,40223],[-60,32]],[[26063,32173],[3,-77],[-4,-88],[3,-172],[10,-162]],[[26075,31674],[-14,-3]],[[25020,33524],[12,7],[51,-7],[79,-1]],[[25162,33523],[2,0]],[[19139,24424],[1,665],[0,110],[0,553]],[[19512,25750],[19,0]],[[19530,23664],[-124,3],[-141,-2],[-128,0]],[[23501,32872],[65,1]],[[19531,28326],[0,-1084]],[[24719,44972],[98,2],[41,-4]],[[24749,44374],[-20,61],[-12,101],[5,85],[-17,112]],[[15680,50331],[5,-110]],[[15624,49868],[-182,3]],[[15442,49871],[-17,1],[0,266],[89,0],[0,414]],[[15491,52127],[-34,14],[-3,56],[-13,-12]],[[25216,49949],[44,0],[-2,-499]],[[25258,49450],[-68,2],[0,165],[-69,0],[0,164]],[[23176,35042],[1,166]],[[23177,35208],[121,-5]],[[23225,34470],[-49,-1]],[[23305,37787],[124,-1]],[[23429,37786],[-3,-83],[0,-582]],[[23426,37121],[-123,1]],[[26048,27047],[1,201],[2,541]],[[21233,57352],[202,-2],[53,1]],[[21488,56985],[-36,0],[0,-165],[-23,0],[0,-332]],[[21429,56488],[-182,0]],[[21247,56654],[0,166],[-15,0],[1,532]],[[24408,50283],[172,0]],[[24580,50283],[0,-498]],[[24580,49785],[1,-331]],[[24378,49451],[-1,504],[-4,167]],[[24648,50943],[1,654]],[[24825,51598],[1,-161]],[[24825,50784],[1,-330]],[[24826,50454],[-129,-9],[-49,1]],[[24648,50446],[0,497]],[[25114,46289],[131,-3]],[[16658,43994],[-1,273],[-1,1166],[-161,-5],[0,326],[3,0],[0,499],[10,0],[0,824]],[[22906,29385],[14,0],[0,330],[15,0]],[[22906,29080],[0,305]],[[17306,57352],[137,1],[137,2]],[[17306,57061],[0,291]],[[29222,45524],[2,30],[48,162],[-3,112]],[[29348,45490],[0,-7],[-103,-86]],[[20265,30410],[73,0],[0,159],[-26,-1],[0,166]],[[20312,30734],[147,3]],[[20459,30737],[118,0]],[[22052,29345],[0,-167]],[[23151,47531],[-3,0]],[[23053,57353],[178,-1],[124,-1]],[[25393,31465],[-5,-60]],[[21202,28416],[121,1]],[[21323,28417],[5,-833]],[[22710,46234],[66,1]],[[22843,46071],[0,-541]],[[25269,23861],[-109,-4]],[[25160,23857],[-28,-1]],[[25132,23856],[0,746]],[[24913,25027],[19,0],[2,-64],[0,-444]],[[24934,24519],[-28,-12]],[[24906,24507],[-61,-25]],[[25694,37341],[13,-19],[12,60],[43,0]],[[25762,37131],[1,-251]],[[23397,53830],[-106,-2]],[[24327,43742],[130,-4]],[[24456,42905],[-32,2]],[[23677,43744],[0,661]],[[24197,43070],[-31,0]],[[23846,42406],[64,-1]],[[22908,46865],[91,1]],[[22999,46866],[5,-63],[-4,-63],[20,-75],[-1,-157],[-15,-45],[7,-55]],[[22941,46072],[-33,0]],[[26069,40915],[38,-1]],[[26171,40338],[-101,1]],[[26070,40339],[-1,576]],[[25990,40609],[0,-525]],[[25990,40084],[-21,-31]],[[25885,40051],[-1,485]],[[25884,40536],[0,67]],[[22051,32670],[0,847],[-1,0]],[[22894,19415],[-38,278],[-36,256]],[[23994,45067],[132,-2]],[[24126,45065],[0,-164],[6,0],[0,-329]],[[26437,29390],[0,87]],[[25790,41595],[-46,3],[-8,-140],[1,-195]],[[25692,43451],[30,97]],[[25693,42550],[0,538],[-1,363]],[[28706,43341],[-9,662]],[[25200,37283],[0,251]],[[25324,37521],[29,-3],[1,-55]],[[25353,36866],[-61,-1]],[[26282,39367],[0,-87]],[[25935,43549],[75,-3]],[[26047,43546],[1,-450]],[[26048,43096],[0,-165]],[[21756,56320],[0,-165],[13,0],[0,-665],[12,0],[0,-332]],[[21530,55156],[0,334],[-14,0],[0,666],[-14,0],[0,332],[-73,0]],[[21236,52834],[146,0],[85,2]],[[21206,53502],[142,2],[0,55],[106,0]],[[21454,53559],[13,-55]],[[22619,53998],[72,-1]],[[22697,52834],[-98,1]],[[22486,52836],[0,665],[-8,-1],[1,498]],[[22436,30844],[-1,203],[0,496]],[[18875,47098],[44,0],[12,-157],[16,12],[21,-38],[6,-48]],[[18974,46514],[0,-565]],[[18974,45949],[-152,1]],[[18822,45950],[1,499],[-65,1],[0,160],[-62,1],[0,83],[-17,29],[-116,0],[0,384]],[[25067,33805],[8,-3],[34,-109],[24,-1],[10,-28],[19,-141]],[[25000,33516],[14,240],[11,14]],[[24966,33514],[-9,94],[5,57],[19,-10],[5,-80],[-5,-62]],[[16538,49855],[-1,-139],[34,0]],[[6167,4312],[27,-29]],[[23658,41282],[1,-194],[4,1],[0,-165]],[[23419,44406],[65,-1]],[[23548,44404],[0,-660]],[[23996,50511],[0,278],[-34,1],[0,329]],[[24088,47530],[3,0],[0,662]],[[24091,48192],[36,-1]],[[24155,47503],[-67,-1],[0,28]],[[23788,48192],[67,1]],[[23888,47529],[-67,0]],[[23990,48194],[101,-2]],[[24088,47530],[-99,0]],[[29473,48893],[19,29],[11,54],[6,82],[1,139]],[[29510,49197],[53,-136],[32,-35]],[[29595,49026],[26,-154],[8,-88],[-10,-89],[9,-15]],[[18565,37470],[8,53],[0,84],[10,70],[26,5],[13,-15],[7,49],[18,49],[-3,70],[2,192],[10,0],[15,180],[19,0],[0,56],[13,14],[1,94]],[[18773,37336],[-82,-1],[0,16],[-127,0]],[[22171,36212],[0,332]],[[22324,36378],[0,-333],[2,0]],[[22326,35869],[-152,3]],[[22174,35872],[0,173],[-3,167]],[[23177,35871],[121,-3]],[[23177,35208],[0,414]],[[22618,46864],[-41,-2]],[[25275,50445],[-69,3]],[[25103,51433],[0,166],[32,0],[0,174]],[[22532,40196],[96,-1]],[[22628,40195],[0,-664]],[[22468,39367],[0,829]],[[25670,39438],[1,499]],[[25758,39934],[3,0],[-1,-447],[9,-56]],[[25769,39431],[1,-94],[-10,-57],[1,-99]],[[25761,39181],[-71,6]],[[25690,39187],[-21,1],[1,250]],[[25990,40084],[80,4]],[[26070,40088],[0,-139],[-6,0],[0,-165]],[[26054,39617],[-89,-3]],[[23995,46318],[131,0]],[[24126,46318],[0,-583]],[[24126,45735],[-131,1]],[[26691,25456],[18,99],[-6,34],[37,211],[9,-56]],[[26749,25744],[41,-526],[30,93]],[[29727,46220],[4,-143],[-9,-65],[7,-80],[-9,-73],[-16,-43],[2,-59],[-9,-125],[5,-92],[18,-90],[5,-59]],[[29593,45415],[3,357],[-24,7],[3,360],[35,-11],[2,175],[4,110],[8,-14]],[[24487,47296],[97,-1]],[[24498,46867],[-7,92],[3,62],[-10,64],[0,181],[3,30]],[[25341,48280],[42,-2]],[[25383,48278],[0,-666]],[[25383,47612],[-33,0]],[[25350,47612],[0,88],[-68,1]],[[25069,47786],[79,1]],[[25148,47619],[0,-499]],[[25148,47120],[-34,-1]],[[18974,44985],[1,398],[-1,566]],[[20375,46856],[0,622],[2,1],[0,664],[-2,0],[1,669],[1,82]],[[26176,43102],[-128,-6]],[[25769,39431],[53,-1],[0,56],[39,4]],[[25882,38936],[-36,-3]],[[25776,38946],[0,235],[-15,0]],[[16712,49719],[5,165],[0,825],[-28,1],[0,164],[-52,2],[0,601]],[[24937,30648],[81,-2]],[[25048,29863],[0,-167]],[[25048,29696],[-23,52],[-27,-8],[-15,67],[-53,1]],[[29478,49746],[42,6]],[[29520,49752],[-13,-138],[13,-66],[-4,-159],[-14,-90],[8,-102]],[[15195,55219],[-9,52],[-10,161],[-5,146],[1,75],[-11,117],[11,82],[-4,52],[13,174],[-20,95],[20,19],[14,-46],[12,2],[52,-159],[39,-42],[38,-87],[15,-75],[51,-44],[25,2],[19,23],[33,-62],[11,31],[12,-37],[23,-27],[52,1],[21,91],[27,-87],[8,-75],[33,28],[-2,-58]],[[27143,38696],[9,23],[4,88],[30,-12],[4,136],[28,134],[14,-40],[10,-88]],[[27183,38335],[-46,132]],[[27137,38467],[-3,162]],[[22607,52171],[-8,1]],[[21888,55156],[108,0]],[[21996,55156],[36,-1]],[[22328,51518],[1,654]],[[22606,51511],[-113,0],[-86,5]],[[22001,57352],[183,0]],[[22193,56485],[-182,1]],[[22011,56486],[0,331],[-11,0],[1,535]],[[23319,31222],[18,57],[11,-63]],[[29691,49309],[45,-112],[-18,-169],[30,-95]],[[29748,48933],[-17,-149]],[[29595,49026],[20,149],[16,-36],[3,91],[10,88],[38,29],[9,-38]],[[22022,35376],[102,-14],[51,1]],[[22175,35363],[4,-165]],[[22026,34475],[0,734],[-5,0],[1,167]],[[26376,39412],[31,-3]],[[26358,23181],[-28,1],[-24,-20]],[[26306,23162],[-54,6]],[[26252,23168],[2,350],[65,-9],[11,15]],[[24230,41337],[-47,-7]],[[6098,75691],[50,173],[5,118],[20,99],[-4,123]],[[24749,48628],[0,497]],[[22457,34469],[1,-108],[0,-664],[2,-250]],[[22460,33447],[0,-124],[-26,-10],[-20,44],[-8,56],[-22,30],[-10,87],[-33,1]],[[26281,24212],[0,-226]],[[26281,23986],[-34,2],[-25,-31],[-4,59]],[[26218,24016],[-3,194],[-19,145],[-1,129]],[[21449,33518],[36,1]],[[23020,35048],[-1,331]],[[21983,36878],[5,0]],[[21988,36878],[0,-498]],[[21870,35875],[-122,0]],[[21626,35875],[-144,4]],[[22898,38537],[0,167]],[[23026,38368],[0,-332]],[[21640,38542],[24,0]],[[21664,38542],[84,-3],[77,0]],[[22878,26823],[-102,3]],[[22776,26826],[5,838]],[[23083,26809],[0,-267]],[[24378,49122],[-135,2]],[[25383,47612],[87,1]],[[25470,47613],[1,-156],[8,-91],[-1,-143],[-22,-208],[-3,-68]],[[25350,46947],[0,665]],[[25054,49118],[172,-6],[0,-167]],[[25148,48282],[-95,1]],[[22198,27605],[-144,-4]],[[25847,41015],[-89,1]],[[26040,38952],[-75,-5]],[[22569,29717],[1,-414]],[[26644,41752],[0,165],[11,0],[0,83],[5,82],[11,1]],[[26671,42083],[85,3]],[[26757,41532],[-54,-2],[0,-28],[-32,-1]],[[24782,29725],[1,-400],[17,-68],[0,-201]],[[24800,29056],[0,-167],[-88,1]],[[23780,52096],[-4,-165]],[[23962,51119],[-69,0],[-34,7]],[[23859,51126],[-2,472],[24,-1],[0,329]],[[23399,53001],[0,166]],[[24213,48685],[-17,88],[-4,77]],[[22789,29717],[0,-249],[88,-1],[2,-83],[27,1]],[[22731,29302],[0,415]],[[26072,37534],[20,1],[5,-39],[14,0]],[[26111,37496],[4,-76],[-5,-42]],[[25884,40536],[-52,-7],[-74,3]],[[22699,32878],[60,0]],[[22848,32454],[0,-415]],[[22699,32042],[0,836]],[[15442,49810],[0,61]],[[15476,49194],[-29,0],[-6,34],[1,582]],[[26670,42416],[1,-333]],[[27092,38053],[17,44],[1,52],[17,69],[5,96],[-13,84],[18,69]],[[27130,37676],[-12,65],[7,35],[-32,248],[-1,29]],[[21387,54985],[-9,-12],[-29,60],[-11,-6],[-23,83]],[[22205,52837],[115,-3]],[[22320,52172],[-235,0]],[[23171,31210],[0,166]],[[22009,37708],[154,-2]],[[22163,37706],[4,0]],[[22167,37706],[0,-662]],[[22167,36878],[-81,-2],[-98,2]],[[20311,32289],[0,-32]],[[20311,32257],[0,32]],[[20311,32500],[-15,13],[-4,-39],[-24,14],[0,-291],[12,17],[21,-47],[9,-68]],[[20310,32099],[0,-861],[2,-169]],[[20312,31069],[-116,4],[-150,3]],[[20046,31076],[-11,164],[-20,0]],[[20015,31240],[1,216],[-1,314],[0,791],[-88,4]],[[19531,30581],[161,-2],[0,663],[205,-3],[0,82],[29,0],[0,-83],[89,2]],[[20046,31076],[37,-500]],[[19899,29853],[-93,3],[-97,-2],[-178,1]],[[22320,38539],[-2,-832]],[[22318,37707],[-151,-1]],[[22163,37706],[2,831]],[[21483,35213],[135,-1]],[[21618,35212],[0,-750]],[[21486,34458],[-4,0]],[[21482,34458],[1,755]],[[21658,40196],[1,-357],[-2,-471]],[[21657,39368],[-177,0]],[[22156,40195],[124,0]],[[22311,40196],[1,-828]],[[22162,39366],[-7,1]],[[22051,30714],[31,0]],[[22095,29717],[-12,80],[-16,58],[-15,-36]],[[22407,50853],[0,-662]],[[22407,50191],[-237,3]],[[22407,50191],[2,-1]],[[21905,48863],[138,1],[99,0]],[[22006,39366],[0,-829]],[[21850,38539],[1,829]],[[22010,38537],[151,0]],[[20820,54215],[-3,-69],[25,-139],[10,-207],[0,-180],[-30,-264],[-23,-82],[-30,0]],[[23507,38667],[11,-60],[14,28],[13,-57],[10,11]],[[23470,38268],[0,262],[2,142],[35,-5]],[[22171,36212],[-122,0],[-61,2]],[[23151,46866],[-111,0]],[[23040,46866],[0,666]],[[23485,47529],[135,0]],[[23485,46867],[0,662]],[[23859,51126],[0,-335]],[[23859,50791],[-69,2]],[[23790,50793],[-1,500]],[[23748,48855],[6,-74],[-11,-91]],[[23988,47530],[0,-665]],[[23681,50792],[109,1]],[[23859,50791],[1,-274]],[[26145,42602],[32,0]],[[26285,42580],[0,-502]],[[26107,38119],[67,1]],[[26174,37696],[-18,93],[-18,-7]],[[26138,37782],[-29,-15],[-5,-89],[4,-43],[3,-139]],[[20459,30737],[-1,500],[0,1082]],[[24825,49955],[0,420],[1,79]],[[21974,56485],[37,1]],[[21996,55156],[0,332],[-11,0],[0,666],[-11,0],[0,331]],[[21660,43516],[-1,-664]],[[23484,47529],[1,0]],[[25383,48278],[43,-1],[0,167],[34,-1]],[[25522,48443],[1,-65],[9,-121],[-3,-95],[-13,-68],[-23,-75],[-2,-101],[-8,-61],[-13,-244]],[[24487,47296],[4,93],[-11,138]],[[25310,45170],[32,1],[0,111],[107,-3]],[[25449,45279],[-3,-62],[1,-219],[3,-54]],[[25339,44951],[-29,-2]],[[23289,43745],[0,-498],[17,0],[0,-184]],[[23167,43065],[-16,4],[-11,47],[3,95],[-9,77],[5,45],[-7,68]],[[23127,43750],[44,-5],[86,-1]],[[28494,43237],[17,-14]],[[28560,42395],[-26,31]],[[28419,42230],[-5,-1],[-44,287],[-8,2],[-26,126],[-9,98],[-14,40],[-16,158],[-4,71]],[[26860,39178],[-2,-191]],[[26858,38987],[-4,-306]],[[26847,38606],[-158,55]],[[23479,39850],[-11,-114],[-11,-29],[-4,-101],[-16,-52],[-7,-96]],[[23350,39530],[0,662]],[[25580,33787],[-85,-6]],[[23218,33372],[1,332]],[[23324,33704],[29,0],[0,-167]],[[21287,36887],[-183,-3]],[[25076,40285],[111,12]],[[25176,30648],[1,481]],[[24539,42734],[-12,-175],[20,-144],[15,-20],[12,-112],[-1,-46]],[[24713,41388],[-1,-670]],[[22580,33447],[0,249]],[[22699,32878],[-119,1]],[[22580,32879],[0,568]],[[27405,31622],[13,0]],[[27391,39659],[-8,62],[10,86],[2,98]],[[24717,42722],[-1,-335]],[[12156,73043],[10,45],[19,-7],[4,-57],[-17,-58],[-16,77]],[[12393,71019],[-11,101],[-19,-4],[-10,43],[-8,107],[-16,34],[-35,325],[-10,159],[-26,151],[-17,29],[-29,122],[12,64],[-12,45],[-23,-15],[-28,22],[1,83],[28,21],[12,176],[-7,104],[25,49],[-3,62],[-19,35],[-10,77],[7,78],[-13,43],[13,58],[1,61],[-11,41],[-25,2],[-14,-34],[-5,103],[-29,89],[-3,67],[42,148],[4,117],[20,90],[19,-1],[16,-37],[8,-104],[20,10],[16,-66],[28,-62],[18,-16],[18,32],[29,-53],[8,-118],[-3,-83],[-25,86],[-13,-28],[1,-108],[29,-43],[-5,-65],[13,-57],[21,-341],[-1,-99],[13,-104],[-2,-119],[8,-32],[12,-181],[4,-170],[-4,-170],[-11,-12],[9,-121],[1,-330],[-9,-94]],[[12056,73038],[12,52],[1,106],[-5,57],[22,21],[39,-90],[16,-103],[-14,-62],[20,-52],[5,75],[21,-90],[-16,-78],[-13,-9],[-3,-85],[-18,-130],[-23,-36],[-37,-20],[2,177],[23,54],[4,97],[-25,20],[5,57],[-16,39]],[[12269,74070],[25,-44],[26,26],[8,-197],[14,-141],[-2,-94],[5,-53],[-17,-24],[2,-59],[-37,-8],[-17,18],[-11,61],[-25,59],[-37,117],[-36,80],[-25,75],[-23,-89],[20,-11],[0,-185],[8,-80],[-12,-99],[-31,-111],[-41,50],[-6,49],[-30,126],[-20,54],[-12,88],[-37,65],[-9,162],[21,103],[-20,62],[-18,-27],[-4,88],[-12,63]],[[11913,74194],[-11,-1]],[[24580,50283],[0,166],[68,-3]],[[24750,49790],[-33,-5],[-137,0]],[[25863,30640],[0,259]],[[25091,27860],[-25,0],[-23,-27],[-16,-43],[-6,-51],[-11,-18]],[[25028,24559],[-24,-10]],[[25004,24549],[-70,-30]],[[27181,39404],[32,-7],[6,91],[11,-1],[5,-55],[31,-19],[0,27]],[[27266,39440],[10,-51],[59,-13],[-1,-62]],[[25513,31417],[-1,-456],[-3,-31],[0,-161],[-5,-105]],[[23040,48856],[0,-662]],[[26976,38337],[5,340],[11,-4]],[[27092,38053],[-5,43],[7,70],[-9,95],[-12,10],[-5,57],[-12,5],[-4,-59],[-13,-69]],[[28469,45937],[1,-267],[-3,-208]],[[28357,45104],[-34,2]],[[24005,26877],[-70,1]],[[24226,32817],[2,-52],[13,16],[8,-94],[10,-22],[4,-54],[-10,-36],[3,-76],[23,-89],[14,24],[16,-93],[13,-30]],[[24213,32015],[-49,8],[0,138]],[[26504,24270],[-2,114],[11,106],[2,83],[11,74]],[[21664,39368],[181,0]],[[21664,38542],[0,826]],[[26075,31674],[27,26],[10,39]],[[26112,31739],[-3,-48],[9,-95],[25,-143],[25,-120]],[[24258,45229],[0,-331],[4,0],[0,-326]],[[24126,45065],[0,165]],[[26069,40915],[-79,-2]],[[22530,41848],[38,220],[16,49],[22,120],[34,80],[16,112]],[[22259,45908],[211,1]],[[28808,31015],[-1,10]],[[28725,31926],[9,7]],[[28772,31808],[-10,-112],[-12,-35],[-16,-161],[-12,-16],[-9,-122],[-18,-61],[-6,18],[-26,-13],[-10,28],[-10,-24],[-20,8],[0,56],[14,-4],[-15,98],[-6,-51],[-20,-2],[-16,99],[1,80],[8,35],[18,19],[0,73]],[[22230,30880],[-2,167],[1,498]],[[23556,39296],[-140,6]],[[23981,30222],[-60,3]],[[25074,36115],[-1,-499]],[[26560,27095],[76,77]],[[23068,37787],[113,0]],[[26494,37849],[21,30],[21,-36]],[[26512,37510],[-28,3],[-20,-79]],[[26194,38186],[18,685]],[[25048,29696],[-1,-222]],[[24915,29118],[0,689]],[[29748,48933],[31,-80],[33,307],[16,-37],[-7,125],[28,-97],[20,134]],[[23040,46866],[-41,0]],[[26070,40339],[0,-251]],[[24712,28723],[0,-332]],[[25861,40047],[-103,-3]],[[21286,35698],[-92,0]],[[24669,38509],[12,133],[21,-24],[48,-1],[0,97],[31,1],[0,62],[15,7]],[[26986,39017],[-63,22],[-1,-50],[-32,13],[-1,-28],[-31,13]],[[30065,46455],[-87,320],[-20,-17],[-5,92],[-11,16],[-14,120]],[[29698,49741],[68,-8],[115,8]],[[29691,49309],[13,99],[-1,176],[-5,157]],[[25303,29634],[-59,4]],[[25190,29721],[0,167]],[[25231,44298],[-33,0]],[[20924,52856],[0,926],[0,387]],[[25606,38779],[1,498],[11,-1],[0,166]],[[25618,39442],[52,-4]],[[25690,39187],[-1,-250],[-31,1],[0,-333]],[[24393,44570],[-66,5]],[[26712,38315],[16,-46],[1,-60],[67,-10],[46,-13]],[[26713,37557],[-1,758]],[[22175,35363],[-1,509]],[[26900,23925],[29,-1],[3,-98],[18,-1]],[[21473,27587],[145,9]],[[21454,53559],[0,606],[-17,0],[0,470]],[[26357,24214],[27,2]],[[26332,23857],[-43,5],[-8,124]],[[25928,38941],[2,-560]],[[20310,32099],[19,101],[-18,57]],[[20311,32289],[0,143]],[[20312,30734],[0,335]],[[24372,33517],[-2,239],[1,310],[4,0],[1,193]],[[24249,34079],[5,-1],[2,500]],[[25461,49660],[-14,-22],[-9,-68],[5,-45],[-11,-103],[-10,-25],[-9,-118],[-14,-87],[-1,-81]],[[25398,49111],[-68,-10],[-3,14]],[[25327,49115],[-3,166],[2,164],[-68,5]],[[27266,39440],[1,193],[-11,1],[2,309],[21,-4]],[[23781,43075],[1,-668]],[[26509,41113],[-1,-325],[-3,-75]],[[17195,57354],[111,-2]],[[22321,37706],[-3,1]],[[29497,45805],[-1,-211],[-3,-60],[7,-106]],[[29476,44978],[-120,-88]],[[29356,44890],[7,134],[-1,145],[16,171],[7,159]],[[21634,57352],[104,-1],[116,1],[147,0]],[[21974,56485],[-36,0],[0,166],[-182,1],[0,-166]],[[22662,35870],[0,-495]],[[20922,46823],[0,49]],[[24456,37711],[-14,20]],[[15659,56357],[7,139],[8,15],[17,-67],[7,-177],[-14,-20],[-25,110]],[[15639,56572],[27,-6],[-13,-73],[-14,79]],[[15635,56647],[6,48],[25,112],[12,-2],[37,-96],[-20,-108],[-19,-32],[-18,16],[-10,86],[-13,-24]],[[15587,56582],[6,50],[21,2],[31,-167],[-6,-32],[3,-91],[-10,-17],[-26,69],[-8,61],[-2,87],[-9,38]],[[29093,49716],[12,9],[97,-15],[52,0],[34,8]],[[26138,37782],[29,-208],[5,-90],[12,10]],[[26184,37494],[-31,-170],[-10,-7]],[[27164,41403],[-3,-14],[-3,-351],[-11,2]],[[27147,41040],[-132,22]],[[24418,40573],[-1,-137],[4,-175],[17,-174]],[[29824,44060],[1,-133],[-33,-2],[0,-234],[15,-1],[2,-154],[-23,-76]],[[26661,45684],[98,16]],[[26597,45499],[-1,168],[65,17]],[[25958,33377],[-53,34],[-6,74],[-11,9]],[[22460,33447],[120,0]],[[22580,32879],[-30,0]],[[24410,36669],[-27,2]],[[25850,44469],[19,219],[7,117]],[[26018,44137],[-128,5]],[[25197,35614],[1,503]],[[27601,15346],[14,-332],[-1,-369],[-11,-537]],[[26326,25381],[-74,-4]],[[24648,50943],[-240,-1]],[[17985,45628],[-6,0],[0,-385]],[[26184,37494],[26,22]],[[21989,41527],[68,-1]],[[22025,40861],[-29,-2]],[[21840,40858],[-5,0]],[[23183,42848],[-109,0]],[[23074,42848],[0,83],[-10,0],[-17,83],[-5,83],[0,305]],[[21274,45912],[-1,-410],[6,1],[0,-659]],[[21092,44839],[-10,0],[0,663],[-7,0],[0,412]],[[22145,44169],[120,4]],[[26659,46338],[2,-654]],[[23995,45736],[-1,-669]],[[27251,40600],[1,172],[16,-2],[2,248]],[[23035,42848],[39,0]],[[26218,24016],[-7,-93],[1,-72],[-4,-88],[-2,-144]],[[18885,23842],[-113,245],[-132,286],[-173,365],[-73,147],[-58,126]],[[21215,34471],[53,-1],[32,-8],[182,-4]],[[25508,33265],[2,-49],[20,-14]],[[25132,23856],[-57,2]],[[25005,23858],[-1,691]],[[26386,24875],[-3,-92],[-41,2]],[[26326,24785],[4,207],[1,374],[-3,15]],[[22477,36707],[-2,168]],[[22776,26826],[-40,7]],[[26415,24696],[11,-15],[10,-71],[-7,-71],[-2,-178],[-3,-13]],[[26424,24348],[2,-132]],[[26325,37860],[-33,-23],[-2,-85]],[[26249,37640],[-8,34],[-17,157]],[[26273,35517],[-14,-31],[-29,3],[-11,22]],[[25443,45611],[19,-114],[-6,-62],[-1,-93],[-6,-63]],[[22658,40195],[-30,0]],[[21840,40196],[-158,1]],[[20922,45172],[0,741]],[[21104,44012],[-132,-6],[-50,2]],[[26160,32117],[-3,-84],[-45,-294]],[[21483,35700],[0,-487]],[[21480,41522],[0,-491]],[[20922,43429],[190,3]],[[21112,43432],[1,-499]],[[21110,42851],[-188,-3]],[[25567,39444],[51,-2]],[[26591,37598],[9,726]],[[26680,38390],[20,-6],[12,-69]],[[29520,49752],[97,5],[71,-6],[10,-10]],[[28625,34776],[13,16],[18,-83],[0,-29]],[[24633,34988],[-1,-200],[-12,-55],[0,-166]],[[22198,27605],[1,-843]],[[25611,43289],[35,52],[46,110]],[[25612,42560],[-1,729]],[[26477,39387],[6,496],[11,23]],[[21300,44014],[5,1]],[[21112,43432],[3,84],[-1,495]],[[22351,48194],[-1,-499]],[[27172,40614],[1,279],[-26,6],[0,141]],[[24582,39896],[1,495]],[[27109,14126],[-6,92],[-12,92],[-13,48],[-3,46],[-12,21],[1,64],[-17,28],[-9,-47],[-6,84],[-5,170],[-11,72],[2,45],[13,-11],[10,-63],[8,198]],[[27004,14645],[3,0],[10,-191],[25,-90],[7,28],[8,-33],[-8,-52],[-10,-1],[-21,82],[-9,191],[-5,66]],[[27010,14965],[-13,-14],[-6,50]],[[25527,42415],[23,14],[8,-21],[25,45],[13,62]],[[22022,35376],[-31,1]],[[23995,46865],[131,1]],[[24848,33306],[59,-5],[7,78],[13,-50],[19,19],[18,-97],[0,-45]],[[30344,42643],[43,26],[10,43],[7,90],[17,-172],[-4,-62],[-12,-16],[-28,8],[-33,83]],[[21618,35212],[8,0]],[[21748,35210],[6,0]],[[24953,23857],[0,152],[-13,82],[-11,15],[-23,87],[0,314]],[[23112,31876],[-119,0]],[[22993,31876],[0,577]],[[24194,38948],[58,-13],[107,-4]],[[23507,38667],[-13,18],[-7,112],[-15,60],[-6,161],[-13,66]],[[25398,49111],[-12,-225],[17,-56],[12,11],[20,160],[26,47]],[[25326,48934],[1,181]],[[22993,31876],[-1,-336]],[[24196,39439],[1,0]],[[29251,41421],[-1,2]],[[29224,41160],[2,68],[10,33],[5,78],[-2,57],[32,32],[9,-85],[-16,-109],[-30,-84],[-10,10]],[[9672,78625],[27,-24],[-4,-99],[-23,123]],[[9624,77932],[11,115],[62,224],[33,31],[-52,-157],[-12,-62],[-42,-151]],[[9327,79022],[30,-7],[13,-86],[-24,-13],[-19,106]],[[9142,79213],[13,100],[40,10],[20,47],[28,28],[5,40],[44,28],[-3,-69],[-62,-115],[-17,-45],[-40,-50],[-28,26]],[[9032,79056],[32,193],[21,7],[27,-36],[26,1],[-4,-79],[16,-22],[48,33],[12,-40],[3,-90],[-31,-8],[-17,-49],[-24,6],[-41,-83],[-35,-111],[-12,2],[-13,79],[47,106],[-23,37],[-11,-48],[-19,26],[-2,76]],[[9008,79888],[0,43],[19,73],[13,-58],[-7,-71],[-25,13]],[[8866,79999],[27,63],[43,-22],[-17,-85],[-19,36],[-34,8]],[[8817,79577],[26,64],[0,-82],[-26,18]],[[8817,78820],[19,58],[26,-22],[-38,-94],[-7,58]],[[8698,77921],[4,97],[15,66],[22,4],[-9,66],[21,89],[20,24],[-5,55],[19,32],[17,73],[33,82],[38,216],[25,60],[-5,89],[5,118],[20,-16],[38,9],[24,-102],[-14,-81],[-65,-185],[-44,-203],[-6,-136],[-32,-66],[14,-68],[1,-62],[-24,-60],[-25,21],[-12,-67],[-23,-26],[-37,-72],[-15,43]],[[8687,78806],[15,89],[3,76],[13,74],[10,131],[25,-1],[3,122],[14,65],[33,54],[-9,-105],[-15,-51],[-3,-80],[-11,-78],[20,-76],[-13,-97],[-23,-113],[13,-25],[-17,-166],[-23,67],[8,58],[-39,14],[-4,42]],[[8672,79709],[20,41],[13,-21],[16,-81],[-6,-41],[-37,30],[-6,72]],[[8662,78232],[35,174],[23,73],[10,-37],[-15,-123],[-14,-50],[-32,-59],[-7,22]],[[8635,78925],[28,121],[19,-11],[-10,-173],[-29,1],[-8,62]],[[8636,78324],[10,102],[21,114],[36,38],[6,-52],[-73,-202]],[[8495,79598],[24,139],[18,57],[31,20],[13,-169],[22,128],[34,-1],[12,-38],[4,-145],[-13,-72],[-30,-67],[-26,-108],[-31,71],[-21,-9],[-37,-129]],[[8495,79650],[0,-24]],[[8493,79199],[28,98],[32,71],[40,-117],[16,66],[22,44],[6,78],[24,-27],[28,-130],[-14,-73],[21,-47],[-65,-190],[-11,-64],[-26,-83],[32,-111],[11,65],[30,-92],[-12,-148],[-24,-160],[-23,33],[7,66],[-19,30],[1,119],[-16,16],[-11,-120],[6,-26],[-12,-115],[2,-85],[-7,-68],[-33,40],[-4,-38],[-16,-54],[-15,1]],[[10628,81959],[0,-560],[0,-716],[0,-804],[0,-804]],[[9822,78302],[-26,51],[-22,113],[-41,104],[-23,29],[-4,41],[-70,19],[-50,76],[-47,15],[36,113],[-49,15],[-3,40],[45,291],[-23,-11],[-9,-58],[-26,-25],[-19,-66],[-8,-141],[-30,-5],[-81,184],[-24,94],[-27,23],[-51,-27],[-24,42],[13,53],[33,53],[27,134],[8,76],[-27,-8],[-21,34],[-45,-8],[11,96],[-51,-115],[-31,-11],[19,113],[37,98],[-4,69],[-25,-93],[-60,-39],[-33,-45],[-46,60],[16,93],[25,-8],[50,59],[23,59],[3,119],[-26,-112],[-53,-20],[-8,53],[-24,73],[-10,-33],[-17,129],[5,74],[27,222],[52,-3],[47,14],[-8,72],[-88,-12],[-24,-123],[-21,-21],[-43,-197],[-36,7],[-2,52],[21,119],[-20,159],[-18,43],[11,-235],[-18,-79],[-47,-114],[-13,-62],[-24,21],[2,89],[-16,18],[-23,126],[-11,-101],[9,-155],[-2,-63],[-18,-22],[-4,72],[-17,33],[-13,-39],[12,-58],[-8,-61],[-30,31],[-43,-85],[-31,28],[11,219],[25,98],[19,100],[15,160],[34,146],[37,81],[-23,44],[-21,-15],[-57,-280],[0,-63],[-19,-82],[-13,51],[-11,119],[-38,-35],[-19,-78],[53,57],[-4,-155],[-16,-65],[-19,-169],[-33,-72],[-49,-7],[20,-81],[-35,-111]],[[22051,31006],[0,457]],[[25061,30647],[4,768]],[[26725,26051],[24,-307]],[[25283,46948],[0,167],[-135,5]],[[15442,49810],[-80,2]],[[15362,49812],[10,191],[3,327],[-5,59],[6,158],[-4,70],[7,149],[2,223],[-1,135],[-7,95]],[[23429,38251],[-36,-34],[-1,152]],[[25733,23024],[27,-4]],[[25841,21845],[-63,34],[-49,-18]],[[28615,41137],[-26,113]],[[18170,45464],[0,-438]],[[23443,33536],[2,307]],[[24800,29056],[49,-1],[8,9]],[[21657,39368],[7,0]],[[20018,24524],[-95,0],[-159,0]],[[30827,48112],[14,72],[19,-68],[-15,-76],[-18,72]],[[30763,48244],[19,90],[15,-49],[13,-74],[-22,-91],[-19,-1],[-6,125]],[[30740,49123],[20,-45],[14,117],[13,-34],[8,71],[48,42],[-16,415],[35,32],[-6,164],[36,32],[-10,231],[70,59]],[[30972,48721],[3,-119],[-29,-120],[-1,78],[-9,25],[-1,126],[-16,4],[-13,45],[-7,-40],[-14,-2],[0,-73],[13,0],[14,-89],[6,-79],[-4,-72],[-10,-33],[-26,-4],[8,-80],[-6,-34],[-26,49],[-7,85],[9,148],[12,31],[-8,77],[-14,-36],[2,124],[-11,22],[2,-134],[-30,-49],[6,-75],[-5,-90],[12,-93],[-8,-30],[-15,60],[-44,104],[-19,-33],[5,118],[-2,98],[11,114],[-7,76]],[[21870,35376],[0,-166]],[[18822,45950],[-131,5]],[[27337,32651],[7,-93],[-1,-73],[-10,-192],[-19,-155]],[[25527,43449],[26,-113],[18,-36],[22,-18],[18,7]],[[23464,41909],[-127,2]],[[22154,40861],[1,-666]],[[28646,35778],[0,-106],[-20,-5],[-14,41],[-14,-9],[-9,32],[-2,90],[-12,121],[-12,55]],[[18654,57351],[121,-2],[137,-1]],[[15333,48346],[8,294],[1,134],[7,301],[0,146],[-5,120],[12,196],[6,275]],[[22130,51520],[-45,1]],[[21470,28416],[3,-829]],[[25285,21828],[-12,-23],[-5,-53],[-14,-19],[-6,43],[-15,3],[-23,35],[-10,-36],[-13,8],[-18,90],[-17,47]],[[25823,46813],[-21,277],[3,115],[18,131],[9,139]],[[25160,23857],[0,-830],[2,-1]],[[26759,29773],[-21,-113],[-54,-14],[-7,-17]],[[20923,57353],[188,-2],[122,1]],[[26305,51229],[3,-39],[41,-110],[32,-109],[13,31],[10,-26],[13,17],[35,-73]],[[29233,41054],[24,9],[25,-73],[20,-24],[0,-204],[-16,-376]],[[25887,48807],[2,146],[-9,131],[7,81],[22,50],[18,19],[4,69]],[[22330,57353],[146,1],[147,0]],[[26503,28279],[-10,-50],[-17,-199],[-18,46]],[[26756,29272],[6,272],[11,148]],[[26362,26787],[-3,78],[8,143],[-1,118],[5,68]],[[26223,23174],[29,-6]],[[26306,23162],[-7,-53],[0,-298],[-5,-95],[-11,-100],[-16,-67],[2,-69]],[[25990,52949],[19,-18],[58,-12],[29,11],[68,144]],[[22283,14586],[-3,93],[-6,68],[-2,131],[-9,40],[-1,81],[-7,105],[-17,69],[-2,82],[-14,41],[3,57],[-11,82],[-8,12],[3,105],[2,187],[-7,169]],[[23603,56783],[12,21],[34,-25],[6,-87],[24,-14],[42,-5],[46,-27],[10,-112],[3,-104],[42,3],[5,26],[22,-5],[22,33],[1,88],[31,37],[2,29],[39,30],[8,-36],[25,8]],[[26887,16146],[-13,85],[-6,128],[20,46],[8,114],[9,27],[7,87]],[[24869,53092],[27,101],[33,28],[16,-26],[28,43],[27,4],[53,131],[23,138],[44,23],[15,65]]],"transform":{"scale":[0.0035892570725707252,0.0005244278042780428],"translate":[-179.14819599999998,18.922449999999998]},"objects":{"in":{"type":"GeometryCollection","geometries":[{"arcs":[[0,1,2,3,4]],"type":"Polygon","properties":{"geoid":"48081","name":"Coke"},"id":"48081"},{"arcs":[[[5,6,7,8]],[[9,10,11,12,13]]],"type":"MultiPolygon","properties":{"geoid":"48273","name":"Kleberg"},"id":"48273"},{"arcs":[[14,15,16,17,18,19]],"type":"Polygon","properties":{"geoid":"48203","name":"Harrison"},"id":"48203"},{"arcs":[[20,21,22,23,24]],"type":"Polygon","properties":{"geoid":"48223","name":"Hopkins"},"id":"48223"},{"arcs":[[25,26,27,28,29,30]],"type":"Polygon","properties":{"geoid":"48033","name":"Borden"},"id":"48033"},{"arcs":[[31,32,33,34,35,36,37]],"type":"Polygon","properties":{"geoid":"48419","name":"Shelby"},"id":"48419"},{"arcs":[[38,39,40,41,42]],"type":"Polygon","properties":{"geoid":"48067","name":"Cass"},"id":"48067"},{"arcs":[[43,44,45,46,47]],"type":"Polygon","properties":{"geoid":"48025","name":"Bee"},"id":"48025"},{"arcs":[[48,49,50,51,52,53,54]],"type":"Polygon","properties":{"geoid":"51167","name":"Russell"},"id":"51167"},{"arcs":[[55,56,57,58,59,60]],"type":"Polygon","properties":{"geoid":"51187","name":"Warren"},"id":"51187"},{"arcs":[[61,62,63,64,65,66,67],[68]],"type":"Polygon","properties":{"geoid":"51165","name":"Rockingham"},"id":"51165"},{"arcs":[[69,70,71,-55,72,73,74],[75]],"type":"Polygon","properties":{"geoid":"51195","name":"Wise"},"id":"51195"},{"arcs":[[76,77,78,79,80,81,82]],"type":"Polygon","properties":{"geoid":"51083","name":"Halifax"},"id":"51083"},{"arcs":[[83,84,85,86,87,88,89,90]],"type":"Polygon","properties":{"geoid":"51053","name":"Dinwiddie"},"id":"51053"},{"arcs":[[91,92,93,94,95,96,-79]],"type":"Polygon","properties":{"geoid":"51117","name":"Mecklenburg"},"id":"51117"},{"arcs":[[97,98,99,100,101,-77,102]],"type":"Polygon","properties":{"geoid":"51031","name":"Campbell"},"id":"51031"},{"arcs":[[103,104,-84,105,106,107]],"type":"Polygon","properties":{"geoid":"51007","name":"Amelia"},"id":"51007"},{"arcs":[[108,109,110,111,112,113,114]],"type":"Polygon","properties":{"geoid":"51036","name":"Charles City"},"id":"51036"},{"arcs":[[115,116,117,118,119,120]],"type":"Polygon","properties":{"geoid":"51017","name":"Bath"},"id":"51017"},{"arcs":[[121,122,123,124,-110,125]],"type":"Polygon","properties":{"geoid":"51127","name":"New Kent"},"id":"51127"},{"arcs":[[-113,126,127,128,129,130]],"type":"Polygon","properties":{"geoid":"51181","name":"Surry"},"id":"51181"},{"arcs":[[131]],"type":"Polygon","properties":{"geoid":"51790","name":"Staunton"},"id":"51790"},{"arcs":[[132,133,134,135]],"type":"Polygon","properties":{"geoid":"31185","name":"York"},"id":"31185"},{"arcs":[[136,137,138,139,140,141]],"type":"Polygon","properties":{"geoid":"12075","name":"Levy"},"id":"12075"},{"arcs":[[142,143,144,145,146,147]],"type":"Polygon","properties":{"geoid":"31183","name":"Wheeler"},"id":"31183"},{"arcs":[[148,149,150,151,152,153]],"type":"Polygon","properties":{"geoid":"05119","name":"Pulaski"},"id":"05119"},{"arcs":[[154,155,156,157,158,159]],"type":"Polygon","properties":{"geoid":"05075","name":"Lawrence"},"id":"05075"},{"arcs":[[160,161,162,163,164,165,166,167,168,169]],"type":"Polygon","properties":{"geoid":"05093","name":"Mississippi"},"id":"05093"},{"arcs":[[170,171,172,173,174,175,176]],"type":"Polygon","properties":{"geoid":"05001","name":"Arkansas"},"id":"05001"},{"arcs":[[177,178,179,180,181]],"type":"Polygon","properties":{"geoid":"05081","name":"Little River"},"id":"05081"},{"arcs":[[182,183,184,185,-155,186]],"type":"Polygon","properties":{"geoid":"05121","name":"Randolph"},"id":"05121"},{"arcs":[[187,-158,188,189,190,191,192]],"type":"Polygon","properties":{"geoid":"05067","name":"Jackson"},"id":"05067"},{"arcs":[[193,194,195,196,197,198]],"type":"Polygon","properties":{"geoid":"05103","name":"Ouachita"},"id":"05103"},{"arcs":[[199,200,201,202,203,204,-174]],"type":"Polygon","properties":{"geoid":"05107","name":"Phillips"},"id":"05107"},{"arcs":[[205,206,207,208,209]],"type":"Polygon","properties":{"geoid":"05003","name":"Ashley"},"id":"05003"},{"arcs":[[210,211,212,213,214]],"type":"Polygon","properties":{"geoid":"22055","name":"Lafayette"},"id":"22055"},{"arcs":[[215,216,217,218,219,220,221,222]],"type":"Polygon","properties":{"geoid":"22069","name":"Natchitoches"},"id":"22069"},{"arcs":[[223,224,225,-212,226,227]],"type":"Polygon","properties":{"geoid":"22097","name":"St. Landry"},"id":"22097"},{"arcs":[[[228,229,230]],[[231,232,233,-213,-226]]],"type":"MultiPolygon","properties":{"geoid":"22099","name":"St. Martin"},"id":"22099"},{"arcs":[[234,235,236,237,238,239,240]],"type":"Polygon","properties":{"geoid":"22105","name":"Tangipahoa"},"id":"22105"},{"arcs":[[243,244,245,246,247,248,249,250,251,252,253]],"type":"Polygon","properties":{"geoid":"22057","name":"Lafourche"},"id":"22057"},{"arcs":[[254,-223,255,256,257,-34]],"type":"Polygon","properties":{"geoid":"22085","name":"Sabine"},"id":"22085"},{"arcs":[[258,259,260,261,262,263]],"type":"Polygon","properties":{"geoid":"22015","name":"Bossier"},"id":"22015"},{"arcs":[[264,265,266,267,268]],"type":"Polygon","properties":{"geoid":"22111","name":"Union"},"id":"22111"},{"arcs":[[269,270,271,-228,272,273]],"type":"Polygon","properties":{"geoid":"22039","name":"Evangeline"},"id":"22039"},{"arcs":[[274,-240,275,276,277]],"type":"Polygon","properties":{"geoid":"22063","name":"Livingston"},"id":"22063"},{"arcs":[[280,281,282,283,284,-247,285]],"type":"Polygon","properties":{"geoid":"22051","name":"Jefferson"},"id":"22051"},{"arcs":[[286,287,288,289,290,-232,-225,291]],"type":"Polygon","properties":{"geoid":"22077","name":"Pointe Coupee"},"id":"22077"},{"arcs":[[294,295,296,297,298]],"type":"Polygon","properties":{"geoid":"22065","name":"Madison"},"id":"22065"},{"arcs":[[299,300,301,302,-288,303,304,305]],"type":"Polygon","properties":{"geoid":"22029","name":"Concordia"},"id":"22029"},{"arcs":[[308,309,310,-284]],"type":"Polygon","properties":{"geoid":"22075","name":"Plaquemines"},"id":"22075"},{"arcs":[[311,312,313,314,315]],"type":"Polygon","properties":{"geoid":"33007","name":"Coos"},"id":"33007"},{"arcs":[[316,317,318,319,320]],"type":"Polygon","properties":{"geoid":"34013","name":"Essex"},"id":"34013"},{"arcs":[[321,322,323,324,325]],"type":"Polygon","properties":{"geoid":"34019","name":"Hunterdon"},"id":"34019"},{"arcs":[[326,327,328,329,330,331,332]],"type":"Polygon","properties":{"geoid":"29019","name":"Boone"},"id":"29019"},{"arcs":[[333,334,335,336,337,338,339]],"type":"Polygon","properties":{"geoid":"29207","name":"Stoddard"},"id":"29207"},{"arcs":[[340,341,342,343,344,345,346]],"type":"Polygon","properties":{"geoid":"29029","name":"Camden"},"id":"29029"},{"arcs":[[347,348,349,350,351,352,353,354,355,356]],"type":"Polygon","properties":{"geoid":"30029","name":"Flathead"},"id":"30029"},{"arcs":[[357,358,359,360,361,362]],"type":"Polygon","properties":{"geoid":"29099","name":"Jefferson"},"id":"29099"},{"arcs":[[363,364,365,366,367,368]],"type":"Polygon","properties":{"geoid":"29033","name":"Carroll"},"id":"29033"},{"arcs":[[369,370,371,372,373,374,375,376]],"type":"Polygon","properties":{"geoid":"29157","name":"Perry"},"id":"29157"},{"arcs":[[377,378,379,380,381,382]],"type":"Polygon","properties":{"geoid":"29013","name":"Bates"},"id":"29013"},{"arcs":[[383,384,-357,385,386]],"type":"Polygon","properties":{"geoid":"30053","name":"Lincoln"},"id":"30053"},{"arcs":[[387,388,389,390,391]],"type":"Polygon","properties":{"geoid":"30045","name":"Judith Basin"},"id":"30045"},{"arcs":[[392,393,394,395]],"type":"Polygon","properties":{"geoid":"30093","name":"Silver Bow"},"id":"30093"},{"arcs":[[-367,396,397,398,399,400]],"type":"Polygon","properties":{"geoid":"29195","name":"Saline"},"id":"29195"},{"arcs":[[401,402,403,404,-397,-366,405]],"type":"Polygon","properties":{"geoid":"29041","name":"Chariton"},"id":"29041"},{"arcs":[[406,407,408,409,410,411,412]],"type":"Polygon","properties":{"geoid":"30075","name":"Powder River"},"id":"30075"},{"arcs":[[413,414,-413,415,416,417,418,419]],"type":"Polygon","properties":{"geoid":"30087","name":"Rosebud"},"id":"30087"},{"arcs":[[420,421,422,423,424]],"type":"Polygon","properties":{"geoid":"29039","name":"Cedar"},"id":"29039"},{"arcs":[[425,426,427,428,429]],"type":"Polygon","properties":{"geoid":"29197","name":"Schuyler"},"id":"29197"},{"arcs":[[430,431,432,433]],"type":"Polygon","properties":{"geoid":"30061","name":"Mineral"},"id":"30061"},{"arcs":[[434,435,436,437,438,439,440,441]],"type":"Polygon","properties":{"geoid":"30031","name":"Gallatin"},"id":"30031"},{"arcs":[[442,443,444,445,446,447,448,449,450,451]],"type":"Polygon","properties":{"geoid":"13121","name":"Fulton"},"id":"13121"},{"arcs":[[452,453,454,455,456,457]],"type":"Polygon","properties":{"geoid":"13029","name":"Bryan"},"id":"13029"},{"arcs":[[458,459,460,461,462,463,464]],"type":"Polygon","properties":{"geoid":"37039","name":"Cherokee"},"id":"37039"},{"arcs":[[-447,465,466,467,468,469,470]],"type":"Polygon","properties":{"geoid":"13135","name":"Gwinnett"},"id":"13135"},{"arcs":[[471,472,473,474,475]],"type":"Polygon","properties":{"geoid":"37159","name":"Rowan"},"id":"37159"},{"arcs":[[476,477,478,479,480,481,482,483]],"type":"Polygon","properties":{"geoid":"37171","name":"Surry"},"id":"37171"},{"arcs":[[484,485,486,487,488,489]],"type":"Polygon","properties":{"geoid":"17161","name":"Rock Island"},"id":"17161"},{"arcs":[[490,491,492,493,494]],"type":"Polygon","properties":{"geoid":"13127","name":"Glynn"},"id":"13127"},{"arcs":[[495,496,497,498,499,500]],"type":"Polygon","properties":{"geoid":"06001","name":"Alameda"},"id":"06001"},{"arcs":[[501,502,503,504,505,506,507,508]],"type":"Polygon","properties":{"geoid":"06061","name":"Placer"},"id":"06061"},{"arcs":[[[509]],[[510]],[[511,512,513,514,515]]],"type":"MultiPolygon","properties":{"geoid":"06037","name":"Los Angeles"},"id":"06037"},{"arcs":[[516,517,518,519,520,521]],"type":"Polygon","properties":{"geoid":"06095","name":"Solano"},"id":"06095"},{"arcs":[[522,523,524,525,526,527,528,529]],"type":"Polygon","properties":{"geoid":"06093","name":"Siskiyou"},"id":"06093"},{"arcs":[[[530,-516,531,532]],[[533]]],"type":"MultiPolygon","properties":{"geoid":"06111","name":"Ventura"},"id":"06111"},{"arcs":[[534,535,536,537,-502,538]],"type":"Polygon","properties":{"geoid":"06115","name":"Yuba"},"id":"06115"},{"arcs":[[539,540,541,542,543,544,545,546]],"type":"Polygon","properties":{"geoid":"06019","name":"Fresno"},"id":"06019"},{"arcs":[[547,548,549,-543]],"type":"Polygon","properties":{"geoid":"06107","name":"Tulare"},"id":"06107"},{"arcs":[[550,-535,551,552,553,554]],"type":"Polygon","properties":{"geoid":"06007","name":"Butte"},"id":"06007"},{"arcs":[[[555]],[[556]],[[557]],[[558,559,-533,560]]],"type":"MultiPolygon","properties":{"geoid":"06083","name":"Santa Barbara"},"id":"06083"},{"arcs":[[561,562,-522,563]],"type":"Polygon","properties":{"geoid":"06055","name":"Napa"},"id":"06055"},{"arcs":[[564,565,-555,566,567,568]],"type":"Polygon","properties":{"geoid":"06103","name":"Tehama"},"id":"06103"},{"arcs":[[569,570,-545,571,572,573]],"type":"Polygon","properties":{"geoid":"06053","name":"Monterey"},"id":"06053"},{"arcs":[[574,575,576,577,578,579,580,581]],"type":"Polygon","properties":{"geoid":"12086","name":"Miami-Dade"},"id":"12086"},{"arcs":[[582,583,584,585,586,587]],"type":"Polygon","properties":{"geoid":"12073","name":"Leon"},"id":"12073"},{"arcs":[[588,589,590,591,592]],"type":"Polygon","properties":{"geoid":"12057","name":"Hillsborough"},"id":"12057"},{"arcs":[[593,594,595,596,597,598,-140]],"type":"Polygon","properties":{"geoid":"12083","name":"Marion"},"id":"12083"},{"arcs":[[599,600,601,602]],"type":"Polygon","properties":{"geoid":"12113","name":"Santa Rosa"},"id":"12113"},{"arcs":[[603,604,605,606,607]],"type":"Polygon","properties":{"geoid":"12123","name":"Taylor"},"id":"12123"},{"arcs":[[608,609,610,611,612,-595,613]],"type":"Polygon","properties":{"geoid":"12107","name":"Putnam"},"id":"12107"},{"arcs":[[614,615,616,617,618]],"type":"Polygon","properties":{"geoid":"12047","name":"Hamilton"},"id":"12047"},{"arcs":[[619,620,621,622]],"type":"Polygon","properties":{"geoid":"42003","name":"Allegheny"},"id":"42003"},{"arcs":[[623,624,625,626,627,628,629]],"type":"Polygon","properties":{"geoid":"42071","name":"Lancaster"},"id":"42071"},{"arcs":[[630,631,632,633,634,635]],"type":"Polygon","properties":{"geoid":"42101","name":"Philadelphia"},"id":"42101"},{"arcs":[[638,639,640,641,642,-627]],"type":"Polygon","properties":{"geoid":"42029","name":"Chester"},"id":"42029"},{"arcs":[[643,644,645,646,647,648,649]],"type":"Polygon","properties":{"geoid":"45045","name":"Greenville"},"id":"45045"},{"arcs":[[650,651,652,653]],"type":"Polygon","properties":{"geoid":"45013","name":"Beaufort"},"id":"45013"},{"arcs":[[654,655,656,657,658]],"type":"Polygon","properties":{"geoid":"45031","name":"Darlington"},"id":"45031"},{"arcs":[[659,-636,660,661,662,-638,663,-641]],"type":"Polygon","properties":{"geoid":"42045","name":"Delaware"},"id":"42045"},{"arcs":[[664,665,666,667,668,669]],"type":"Polygon","properties":{"geoid":"45047","name":"Greenwood"},"id":"45047"},{"arcs":[[670,671,672,673,674,675,676]],"type":"Polygon","properties":{"geoid":"45087","name":"Union"},"id":"45087"},{"arcs":[[677,678,-672,679,680]],"type":"Polygon","properties":{"geoid":"45021","name":"Cherokee"},"id":"45021"},{"arcs":[[681,682,683,-326,684,685,-632,686]],"type":"Polygon","properties":{"geoid":"42017","name":"Bucks"},"id":"42017"},{"arcs":[[687,688,-683,689,690]],"type":"Polygon","properties":{"geoid":"42095","name":"Northampton"},"id":"42095"},{"arcs":[[691,692,693,694,695,696,697]],"type":"Polygon","properties":{"geoid":"42127","name":"Wayne"},"id":"42127"},{"arcs":[[698,-669,699,700,701,702]],"type":"Polygon","properties":{"geoid":"45065","name":"McCormick"},"id":"45065"},{"arcs":[[703,704,705,706,707,708]],"type":"Polygon","properties":{"geoid":"39035","name":"Cuyahoga"},"id":"39035"},{"arcs":[[709,710,711,712,713]],"type":"Polygon","properties":{"geoid":"42041","name":"Cumberland"},"id":"42041"},{"arcs":[[714,715,716,717,718,719]],"type":"Polygon","properties":{"geoid":"40145","name":"Wagoner"},"id":"40145"},{"arcs":[[720,721,722,-716,723]],"type":"Polygon","properties":{"geoid":"40097","name":"Mayes"},"id":"40097"},{"arcs":[[724,725,726,727,728,729]],"type":"Polygon","properties":{"geoid":"40087","name":"McClain"},"id":"40087"},{"arcs":[[730,731,732,733,734,735]],"type":"Polygon","properties":{"geoid":"48339","name":"Montgomery"},"id":"48339"},{"arcs":[[736,737,738,739,740,741,742]],"type":"Polygon","properties":{"geoid":"48029","name":"Bexar"},"id":"48029"},{"arcs":[[743,744,745,746,747,748,749]],"type":"Polygon","properties":{"geoid":"48479","name":"Webb"},"id":"48479"},{"arcs":[[752,753,754]],"type":"Polygon","properties":{"geoid":"48061","name":"Cameron"},"id":"48061"},{"arcs":[[755,756,757,758,759,760,761]],"type":"Polygon","properties":{"geoid":"48241","name":"Jasper"},"id":"48241"},{"arcs":[[-760,762,763,764,765,766]],"type":"Polygon","properties":{"geoid":"48361","name":"Orange"},"id":"48361"},{"arcs":[[767,768,769,770]],"type":"Polygon","properties":{"geoid":"48233","name":"Hutchinson"},"id":"48233"},{"arcs":[[771,772,773,-15,774,775,776]],"type":"Polygon","properties":{"geoid":"48459","name":"Upshur"},"id":"48459"},{"arcs":[[777,778,779,780,781,-740]],"type":"Polygon","properties":{"geoid":"48187","name":"Guadalupe"},"id":"48187"},{"arcs":[[782,783,784,785,786]],"type":"Polygon","properties":{"geoid":"48277","name":"Lamar"},"id":"48277"},{"arcs":[[787,788,789,790,791,792,793,794,795]],"type":"Polygon","properties":{"geoid":"48105","name":"Crockett"},"id":"48105"},{"arcs":[[[796,797]],[[798,799,800]],[[-6,803]],[[804,805,806,807]],[[808,809,-10,810]]],"type":"MultiPolygon","properties":{"geoid":"48355","name":"Nueces"},"id":"48355"},{"arcs":[[811,812,813,814,815]],"type":"Polygon","properties":{"geoid":"48153","name":"Floyd"},"id":"48153"},{"arcs":[[816,817,818]],"type":"Polygon","properties":{"geoid":"53035","name":"Kitsap"},"id":"53035"},{"arcs":[[819,820,821,822,823,824]],"type":"Polygon","properties":{"geoid":"53021","name":"Franklin"},"id":"53021"},{"arcs":[[825,826,827,828]],"type":"Polygon","properties":{"geoid":"53011","name":"Clark"},"id":"53011"},{"arcs":[[829,830,831,832,833,834,835,836,837]],"type":"Polygon","properties":{"geoid":"54039","name":"Kanawha"},"id":"54039"},{"arcs":[[838,839,840,841,842,843]],"type":"Polygon","properties":{"geoid":"54007","name":"Braxton"},"id":"54007"},{"arcs":[[844,845,846,847,848]],"type":"Polygon","properties":{"geoid":"55121","name":"Trempealeau"},"id":"55121"},{"arcs":[[849,850,851,852,853,854]],"type":"Polygon","properties":{"geoid":"53027","name":"Grays Harbor"},"id":"53027"},{"arcs":[[855,-825,856,857,858,859,860]],"type":"Polygon","properties":{"geoid":"53005","name":"Benton"},"id":"53005"},{"arcs":[[861,862,863,864,865,866,867]],"type":"Polygon","properties":{"geoid":"54033","name":"Harrison"},"id":"54033"},{"arcs":[[868,869,870,871,872,873,874]],"type":"Polygon","properties":{"geoid":"54085","name":"Ritchie"},"id":"54085"},{"arcs":[[875,876,877,878,879,-862,880,881]],"type":"Polygon","properties":{"geoid":"54103","name":"Wetzel"},"id":"54103"},{"arcs":[[882,883,884,885,886,887,888]],"type":"Polygon","properties":{"geoid":"54099","name":"Wayne"},"id":"54099"},{"arcs":[[889,890,891,892,893,-885]],"type":"Polygon","properties":{"geoid":"54011","name":"Cabell"},"id":"54011"},{"arcs":[[894,895,896,897,898,899]],"type":"Polygon","properties":{"geoid":"55111","name":"Sauk"},"id":"55111"},{"arcs":[[900,901,902,903,904,905,906]],"type":"Polygon","properties":{"geoid":"55043","name":"Grant"},"id":"55043"},{"arcs":[[907,908,-826,909,910]],"type":"Polygon","properties":{"geoid":"53015","name":"Cowlitz"},"id":"53015"},{"arcs":[[911,912,913,914,915,916,917,918,919,-822]],"type":"Polygon","properties":{"geoid":"53075","name":"Whitman"},"id":"53075"},{"arcs":[[920,921,922,923,924]],"type":"Polygon","properties":{"geoid":"54027","name":"Hampshire"},"id":"54027"},{"arcs":[[925,926,927,928,929,930]],"type":"Polygon","properties":{"geoid":"55075","name":"Marinette"},"id":"55075"},{"arcs":[[-886,-894,931,-837,932,933,934]],"type":"Polygon","properties":{"geoid":"54043","name":"Lincoln"},"id":"54043"},{"arcs":[[935,936,937,938,939,940]],"type":"Polygon","properties":{"geoid":"13271","name":"Telfair"},"id":"13271"},{"arcs":[[941,942,943,944,945]],"type":"Polygon","properties":{"geoid":"13279","name":"Toombs"},"id":"13279"},{"arcs":[[[946]],[[947]]],"type":"MultiPolygon","properties":{"geoid":"15007","name":"Kauai"},"id":"15007"},{"arcs":[[-917,948,949,950,951,952,953]],"type":"Polygon","properties":{"geoid":"16069","name":"Nez Perce"},"id":"16069"},{"arcs":[[954,955,956,957,958,959]],"type":"Polygon","properties":{"geoid":"13301","name":"Warren"},"id":"13301"},{"arcs":[[960,961,962,963,964,965]],"type":"Polygon","properties":{"geoid":"13007","name":"Baker"},"id":"13007"},{"arcs":[[966,967,968,969]],"type":"Polygon","properties":{"geoid":"13143","name":"Haralson"},"id":"13143"},{"arcs":[[970,971,972,973,974]],"type":"Polygon","properties":{"geoid":"35021","name":"Harding"},"id":"35021"},{"arcs":[[975,976,977,978]],"type":"Polygon","properties":{"geoid":"19041","name":"Clay"},"id":"19041"},{"arcs":[[[979]],[[980,981,982,983]]],"type":"MultiPolygon","properties":{"geoid":"02158","name":"Kusilvak"},"id":"02158"},{"arcs":[[984,985,986,987,988,989,990,991]],"type":"Polygon","properties":{"geoid":"01005","name":"Barbour"},"id":"01005"},{"arcs":[[992,993,994,995,996]],"type":"Polygon","properties":{"geoid":"56025","name":"Natrona"},"id":"56025"},{"arcs":[[997,998,999,1000,1001,1002,1003]],"type":"Polygon","properties":{"geoid":"56045","name":"Weston"},"id":"56045"},{"arcs":[[1004,1005,1006,1007,-783,1008,1009]],"type":"Polygon","properties":{"geoid":"40013","name":"Bryan"},"id":"40013"},{"arcs":[[1010,1011,1012,1013,1014,1015]],"type":"Polygon","properties":{"geoid":"20099","name":"Labette"},"id":"20099"},{"arcs":[[1016,1017,1018,1019,1020,1021]],"type":"Polygon","properties":{"geoid":"38099","name":"Walsh"},"id":"38099"},{"arcs":[[1022,1023,1024,1025]],"type":"Polygon","properties":{"geoid":"38031","name":"Foster"},"id":"38031"},{"arcs":[[1026,1027,1028,1029,1030]],"type":"Polygon","properties":{"geoid":"38097","name":"Traill"},"id":"38097"},{"arcs":[[1031,1032,1033,1034,1035,1036]],"type":"Polygon","properties":{"geoid":"38005","name":"Benson"},"id":"38005"},{"arcs":[[1037,1038,1039,1040,1041,1042]],"type":"Polygon","properties":{"geoid":"21187","name":"Owen"},"id":"21187"},{"arcs":[[1043,1044,1045,1046,1047,1048,1049]],"type":"Polygon","properties":{"geoid":"21193","name":"Perry"},"id":"21193"},{"arcs":[[1050,1051,1052,1053,1054,1055]],"type":"Polygon","properties":{"geoid":"21049","name":"Clark"},"id":"21049"},{"arcs":[[1056,1057,1058,1059,1060,1061,1062]],"type":"Polygon","properties":{"geoid":"16059","name":"Lemhi"},"id":"16059"},{"arcs":[[1063,1064,1065,1066,1067]],"type":"Polygon","properties":{"geoid":"16041","name":"Franklin"},"id":"16041"},{"arcs":[[-1063,1068,1069,1070,1071,1072]],"type":"Polygon","properties":{"geoid":"16037","name":"Custer"},"id":"16037"},{"arcs":[[1073,1074,1075,1076,1077,1078,1079]],"type":"Polygon","properties":{"geoid":"13221","name":"Oglethorpe"},"id":"13221"},{"arcs":[[1080,1081,1082,1083,1084,1085]],"type":"Polygon","properties":{"geoid":"47159","name":"Smith"},"id":"47159"},{"arcs":[[1086,1087,1088,1089,1090]],"type":"Polygon","properties":{"geoid":"46095","name":"Mellette"},"id":"46095"},{"arcs":[[1091,1092,1093,1094,1095,1096]],"type":"Polygon","properties":{"geoid":"37107","name":"Lenoir"},"id":"37107"},{"arcs":[[1097,1098,1099,1100,1101]],"type":"Polygon","properties":{"geoid":"37017","name":"Bladen"},"id":"37017"},{"arcs":[[1102,1103,-483,1104,1105,1106,1107,1108]],"type":"Polygon","properties":{"geoid":"37193","name":"Wilkes"},"id":"37193"},{"arcs":[[1109,1110,1111,1112,1113,1114]],"type":"Polygon","properties":{"geoid":"37111","name":"McDowell"},"id":"37111"},{"arcs":[[1115,1116,-645,1117,1118]],"type":"Polygon","properties":{"geoid":"37089","name":"Henderson"},"id":"37089"},{"arcs":[[1119,1120,1121,1122,1123,1124,1125]],"type":"Polygon","properties":{"geoid":"13137","name":"Habersham"},"id":"13137"},{"arcs":[[-474,1126,1127,1128,1129]],"type":"Polygon","properties":{"geoid":"37167","name":"Stanly"},"id":"37167"},{"arcs":[[1130,1131,1132,1133,1134]],"type":"Polygon","properties":{"geoid":"13289","name":"Twiggs"},"id":"13289"},{"arcs":[[1135,1136,1137,1138,1139]],"type":"Polygon","properties":{"geoid":"17007","name":"Boone"},"id":"17007"},{"arcs":[[1140,-1118,-644,1141,1142,1143]],"type":"Polygon","properties":{"geoid":"37175","name":"Transylvania"},"id":"37175"},{"arcs":[[1144,1145,1146]],"type":"Polygon","properties":{"geoid":"37105","name":"Lee"},"id":"37105"},{"arcs":[[1147,1148,1149,1150]],"type":"Polygon","properties":{"geoid":"37165","name":"Scotland"},"id":"37165"},{"arcs":[[1151,1152,1153,-703,1154,1155,-1076,1156]],"type":"Polygon","properties":{"geoid":"13105","name":"Elbert"},"id":"13105"},{"arcs":[[1157,1158,1159,1160]],"type":"Polygon","properties":{"geoid":"37139","name":"Pasquotank"},"id":"37139"},{"arcs":[[1161,1162,1163,-455]],"type":"Polygon","properties":{"geoid":"13051","name":"Chatham"},"id":"13051"},{"arcs":[[1164,-701,1165,1166,1167]],"type":"Polygon","properties":{"geoid":"13073","name":"Columbia"},"id":"13073"},{"arcs":[[1168,-1168,1169,1170,-956,1171]],"type":"Polygon","properties":{"geoid":"13189","name":"McDuffie"},"id":"13189"},{"arcs":[[1172,1173,1174,1175,1176,1177,1178]],"type":"Polygon","properties":{"geoid":"37131","name":"Northampton"},"id":"37131"},{"arcs":[[1179,1180,1181,1182,1183,1184]],"type":"Polygon","properties":{"geoid":"37115","name":"Madison"},"id":"37115"},{"arcs":[[-36,1185,-757,1186,1187]],"type":"Polygon","properties":{"geoid":"48405","name":"San Augustine"},"id":"48405"},{"arcs":[[1188,1189,1190,1191,1192]],"type":"Polygon","properties":{"geoid":"48313","name":"Madison"},"id":"48313"},{"arcs":[[-815,1193,1194,1195]],"type":"Polygon","properties":{"geoid":"48107","name":"Crosby"},"id":"48107"},{"arcs":[[1196,1197,1198,1199,1200,1201]],"type":"Polygon","properties":{"geoid":"48015","name":"Austin"},"id":"48015"},{"arcs":[[1202,1203,1204,1205,1206,1207]],"type":"Polygon","properties":{"geoid":"08077","name":"Mesa"},"id":"08077"},{"arcs":[[1208,1209,1210,1211,1212]],"type":"Polygon","properties":{"geoid":"26085","name":"Lake"},"id":"26085"},{"arcs":[[1213,1214,1215,1216,1217]],"type":"Polygon","properties":{"geoid":"26041","name":"Delta"},"id":"26041"},{"arcs":[[[1218]],[[1219,1220,1221]],[[1222]]],"type":"MultiPolygon","properties":{"geoid":"26089","name":"Leelanau"},"id":"26089"},{"arcs":[[1223,1224,1225,1226,1227,1228,1229,1230,1231]],"type":"Polygon","properties":{"geoid":"26071","name":"Iron"},"id":"26071"},{"arcs":[[1232,1233,1234,1235]],"type":"Polygon","properties":{"geoid":"26141","name":"Presque Isle"},"id":"26141"},{"arcs":[[1236,1237,1238,-1214,1239,1240,-1226]],"type":"Polygon","properties":{"geoid":"26103","name":"Marquette"},"id":"26103"},{"arcs":[[1241,1242,1243,1244,1245,1246]],"type":"Polygon","properties":{"geoid":"06003","name":"Alpine"},"id":"06003"},{"arcs":[[-1244,1247,1248,1249,1250,1251,-541,1252,1253]],"type":"Polygon","properties":{"geoid":"06051","name":"Mono"},"id":"06051"},{"arcs":[[1254,1255,1256,1257,1258]],"type":"Polygon","properties":{"geoid":"06025","name":"Imperial"},"id":"06025"},{"arcs":[[-1252,1259,1260,1261,1262,1263,-548,-542]],"type":"Polygon","properties":{"geoid":"06027","name":"Inyo"},"id":"06027"},{"arcs":[[1264,1265,1266,-536,-551,-566]],"type":"Polygon","properties":{"geoid":"06063","name":"Plumas"},"id":"06063"},{"arcs":[[1267,1268,1269,1270,1271,1272,1273]],"type":"Polygon","properties":{"geoid":"08107","name":"Routt"},"id":"08107"},{"arcs":[[-642,-664,-637,-663,1276,1277,1278,1279]],"type":"Polygon","properties":{"geoid":"10003","name":"New Castle"},"id":"10003"},{"arcs":[[-1278,1280,1281,1282,1283,1284]],"type":"Polygon","properties":{"geoid":"10001","name":"Kent"},"id":"10001"},{"arcs":[[1285,1286,1287,1288,1289,1290,1291]],"type":"Polygon","properties":{"geoid":"01003","name":"Baldwin"},"id":"01003"},{"arcs":[[1292,1293,1294,1295,1296,1297,1298]],"type":"Polygon","properties":{"geoid":"01071","name":"Jackson"},"id":"01071"},{"arcs":[[1299,1300,1301,1302,1303,1304]],"type":"Polygon","properties":{"geoid":"08055","name":"Huerfano"},"id":"08055"},{"arcs":[[1305,1306,1307,1308,1309,1310,1311]],"type":"Polygon","properties":{"geoid":"08001","name":"Adams"},"id":"08001"},{"arcs":[[1316,1317,1318,-1312,1319,1320,1321,1322,1323,1324]],"type":"Polygon","properties":{"geoid":"08059","name":"Jefferson"},"id":"08059"},{"arcs":[[1325,-1313,1326,-1315,1327,-1310,1328,1329,1330,1331,-1321]],"type":"Polygon","properties":{"geoid":"08005","name":"Arapahoe"},"id":"08005"},{"arcs":[[1332,1333,-1206]],"type":"Polygon","properties":{"geoid":"08029","name":"Delta"},"id":"08029"},{"arcs":[[1334,1335,1336,1337,1338,1339,1340,-1270]],"type":"Polygon","properties":{"geoid":"08049","name":"Grand"},"id":"08049"},{"arcs":[[1341,1342,1343,1344,1345,1346]],"type":"Polygon","properties":{"geoid":"08015","name":"Chaffee"},"id":"08015"},{"arcs":[[1347,1348,1349,-1342,1350]],"type":"Polygon","properties":{"geoid":"08065","name":"Lake"},"id":"08065"},{"arcs":[[-528,1351,-569,1352,1353]],"type":"Polygon","properties":{"geoid":"06105","name":"Trinity"},"id":"06105"},{"arcs":[[1354,1355,1356,1357,1358,1359,1360,1361]],"type":"Polygon","properties":{"geoid":"18175","name":"Washington"},"id":"18175"},{"arcs":[[1362,1363,1364,1365,1366]],"type":"Polygon","properties":{"geoid":"18149","name":"Starke"},"id":"18149"},{"arcs":[[1367,1368,1369,1370,1371]],"type":"Polygon","properties":{"geoid":"19003","name":"Adams"},"id":"19003"},{"arcs":[[1372,1373,1374,1375,1376,1377]],"type":"Polygon","properties":{"geoid":"17027","name":"Clinton"},"id":"17027"},{"arcs":[[1378,1379,1380,1381,1382,1383]],"type":"Polygon","properties":{"geoid":"17003","name":"Alexander"},"id":"17003"},{"arcs":[[1384,1385,1386,1387,1388,1389,1390,1391]],"type":"Polygon","properties":{"geoid":"18083","name":"Knox"},"id":"18083"},{"arcs":[[1392,1393,1394,-1365,1395]],"type":"Polygon","properties":{"geoid":"18099","name":"Marshall"},"id":"18099"},{"arcs":[[1396,-1391,1397,1398,1399,1400,1401]],"type":"Polygon","properties":{"geoid":"18051","name":"Gibson"},"id":"18051"},{"arcs":[[1402,1403,1404,1405,1406]],"type":"Polygon","properties":{"geoid":"19185","name":"Wayne"},"id":"19185"},{"arcs":[[1407,1408,1409,-1162,-454,1410]],"type":"Polygon","properties":{"geoid":"13103","name":"Effingham"},"id":"13103"},{"arcs":[[1411,1412,1413,1414]],"type":"Polygon","properties":{"geoid":"40077","name":"Latimer"},"id":"40077"},{"arcs":[[1415,1416,1417,1418]],"type":"Polygon","properties":{"geoid":"40133","name":"Seminole"},"id":"40133"},{"arcs":[[1419,1420,1421,1422,1423,1424,1425]],"type":"Polygon","properties":{"geoid":"41017","name":"Deschutes"},"id":"41017"},{"arcs":[[1426,1427,1428,1429]],"type":"Polygon","properties":{"geoid":"41003","name":"Benton"},"id":"41003"},{"arcs":[[1430,-710,1431,1432]],"type":"Polygon","properties":{"geoid":"42099","name":"Perry"},"id":"42099"},{"arcs":[[1433,-659,1434,1435]],"type":"Polygon","properties":{"geoid":"45061","name":"Lee"},"id":"45061"},{"arcs":[[1436,1437,1438,1439,1440]],"type":"Polygon","properties":{"geoid":"41015","name":"Curry"},"id":"41015"},{"arcs":[[1441,1442,1443,1444]],"type":"Polygon","properties":{"geoid":"41061","name":"Union"},"id":"41061"},{"arcs":[[1445,1446,1447]],"type":"Polygon","properties":{"geoid":"41055","name":"Sherman"},"id":"41055"},{"arcs":[[1448]],"type":"Polygon","properties":{"geoid":"15003","name":"Honolulu"},"id":"15003"},{"arcs":[[1449,1450,1451,1452,-1132,1453]],"type":"Polygon","properties":{"geoid":"13319","name":"Wilkinson"},"id":"13319"},{"arcs":[[-946,1454,1455,1456]],"type":"Polygon","properties":{"geoid":"13209","name":"Montgomery"},"id":"13209"},{"arcs":[[-1156,1457,-1172,-955,1458,-1077]],"type":"Polygon","properties":{"geoid":"13317","name":"Wilkes"},"id":"13317"},{"arcs":[[1459,1460,1461,1462,1463,1464]],"type":"Polygon","properties":{"geoid":"16083","name":"Twin Falls"},"id":"16083"},{"arcs":[[1465,1466,1467,-1121,1468]],"type":"Polygon","properties":{"geoid":"13241","name":"Rabun"},"id":"13241"},{"arcs":[[1469,1470,1471,1472,1473,1474,1475,1476]],"type":"Polygon","properties":{"geoid":"13033","name":"Burke"},"id":"13033"},{"arcs":[[1477,1478,1479,1480,1481,1482,1483,1484]],"type":"Polygon","properties":{"geoid":"13261","name":"Sumter"},"id":"13261"},{"arcs":[[1485,1486,1487,1488,1489]],"type":"Polygon","properties":{"geoid":"16077","name":"Power"},"id":"16077"},{"arcs":[[1490,1491,1492,1493,1494,1495]],"type":"Polygon","properties":{"geoid":"01073","name":"Jefferson"},"id":"01073"},{"arcs":[[1496,1497,1498,1499,1500,1501]],"type":"Polygon","properties":{"geoid":"01121","name":"Talladega"},"id":"01121"},{"arcs":[[1502,1503,1504,1505,1506]],"type":"Polygon","properties":{"geoid":"01001","name":"Autauga"},"id":"01001"},{"arcs":[[1507,1508,1509,1510,1511,1512,1513,1514]],"type":"Polygon","properties":{"geoid":"01091","name":"Marengo"},"id":"01091"},{"arcs":[[1515,1516,1517,1518,1519,1520]],"type":"Polygon","properties":{"geoid":"01041","name":"Crenshaw"},"id":"01041"},{"arcs":[[1521,1522,1523,-1262,1524]],"type":"Polygon","properties":{"geoid":"32003","name":"Clark"},"id":"32003"},{"arcs":[[1525,-1284,1526,1527,1528]],"type":"Polygon","properties":{"geoid":"24035","name":"Queen Anne's"},"id":"24035"},{"arcs":[[1529,1530,1531,1532,1533,1534,1535]],"type":"Polygon","properties":{"geoid":"35045","name":"San Juan"},"id":"35045"},{"arcs":[[1536,1537,1538,1539,1540]],"type":"Polygon","properties":{"geoid":"35055","name":"Taos"},"id":"35055"},{"arcs":[[1541,1542,1543,1544]],"type":"Polygon","properties":{"geoid":"36103","name":"Suffolk"},"id":"36103"},{"arcs":[[1545,1546,1547,1548,1549,1550]],"type":"Polygon","properties":{"geoid":"36119","name":"Westchester"},"id":"36119"},{"arcs":[[[1551]],[[1552]],[[1553]],[[1554]],[[1555]],[[1556]],[[1557]],[[1558]],[[1559]],[[1560]],[[1561]],[[1562]],[[1563]],[[1564,1565,1566,1567]],[[1568]],[[1569]],[[1570]],[[1571]],[[1572]],[[1573]]],"type":"MultiPolygon","properties":{"geoid":"02013","name":"Aleutians East"},"id":"02013"},{"arcs":[[[1574]],[[1575]],[[1577]],[[1578]],[[1579]],[[1580,1581,1582,1583,1584,1585,1586,1587,-1567]]],"type":"MultiPolygon","properties":{"geoid":"02164","name":"Lake and Peninsula"},"id":"02164"},{"arcs":[[1588,1589,1590,1591,1592,1593,1594]],"type":"Polygon","properties":{"geoid":"36031","name":"Essex"},"id":"36031"},{"arcs":[[1595,1596,1597,1598,1599,1600,-694,1601]],"type":"Polygon","properties":{"geoid":"36025","name":"Delaware"},"id":"36025"},{"arcs":[[1602,1603,-1055,1604,1605,1606,1607]],"type":"Polygon","properties":{"geoid":"21151","name":"Madison"},"id":"21151"},{"arcs":[[-1041,1608,1609,1610,1611,1612,1613]],"type":"Polygon","properties":{"geoid":"21209","name":"Scott"},"id":"21209"},{"arcs":[[-1046,1614,1615,-70,1616]],"type":"Polygon","properties":{"geoid":"21133","name":"Letcher"},"id":"21133"},{"arcs":[[1617,1618,1619,1620,1621,1622,1623,1624,1625]],"type":"Polygon","properties":{"geoid":"21093","name":"Hardin"},"id":"21093"},{"arcs":[[-1612,1626,-1056,-1604,1627,1628]],"type":"Polygon","properties":{"geoid":"21067","name":"Fayette"},"id":"21067"},{"arcs":[[1629,1630,1631,1632,1633,1634]],"type":"Polygon","properties":{"geoid":"21059","name":"Daviess"},"id":"21059"},{"arcs":[[-1625,1635,1636,1637,1638,1639,1640]],"type":"Polygon","properties":{"geoid":"21099","name":"Hart"},"id":"21099"},{"arcs":[[1641,1642,1643,1644,1645,1646,1647]],"type":"Polygon","properties":{"geoid":"21205","name":"Rowan"},"id":"21205"},{"arcs":[[1648,1649,1650,1651,1652,1653,1654]],"type":"Polygon","properties":{"geoid":"21005","name":"Anderson"},"id":"21005"},{"arcs":[[1655,1656,1657,1658,-1636,-1624]],"type":"Polygon","properties":{"geoid":"21123","name":"Larue"},"id":"21123"},{"arcs":[[1659,1660,1661,1662,1663]],"type":"Polygon","properties":{"geoid":"21115","name":"Johnson"},"id":"21115"},{"arcs":[[1664,1665,1666,1667,1668]],"type":"Polygon","properties":{"geoid":"21107","name":"Hopkins"},"id":"21107"},{"arcs":[[1669,1670,1671,1672,1673,1674,1675]],"type":"Polygon","properties":{"geoid":"21013","name":"Bell"},"id":"21013"},{"arcs":[[1676,1677,-1049,1678,-1671,1679,1680]],"type":"Polygon","properties":{"geoid":"21051","name":"Clay"},"id":"21051"},{"arcs":[[1681,1682,-1050,-1678,1683]],"type":"Polygon","properties":{"geoid":"21189","name":"Owsley"},"id":"21189"},{"arcs":[[1684,1685,1686,1687,1688]],"type":"Polygon","properties":{"geoid":"31171","name":"Thomas"},"id":"31171"},{"arcs":[[1689,1690,1691,1692,1693,1694]],"type":"Polygon","properties":{"geoid":"30055","name":"McCone"},"id":"30055"},{"arcs":[[1695,1696,1697,1698,1699,1700,1701]],"type":"Polygon","properties":{"geoid":"24005","name":"Baltimore"},"id":"24005"},{"arcs":[[1702,-1700,1703,1704,1705,1706]],"type":"Polygon","properties":{"geoid":"24003","name":"Anne Arundel"},"id":"24003"},{"arcs":[[1707,1708,-1702,1709,1710]],"type":"Polygon","properties":{"geoid":"24013","name":"Carroll"},"id":"24013"},{"arcs":[[1711,1712,-1711,1713,1714,1715,1716]],"type":"Polygon","properties":{"geoid":"24021","name":"Frederick"},"id":"24021"},{"arcs":[[[1717,1718,1719,1720]],[[1721,1722]]],"type":"MultiPolygon","properties":{"geoid":"24039","name":"Somerset"},"id":"24039"},{"arcs":[[1723,-1279,-1285,-1526,1724]],"type":"Polygon","properties":{"geoid":"24029","name":"Kent"},"id":"24029"},{"arcs":[[1725,1726,1727,1728,-1719]],"type":"Polygon","properties":{"geoid":"24047","name":"Worcester"},"id":"24047"},{"arcs":[[1729,1730,1731,1732]],"type":"Polygon","properties":{"geoid":"39123","name":"Ottawa"},"id":"39123"},{"arcs":[[1733,-424,1734,1735,1736,1737]],"type":"Polygon","properties":{"geoid":"29057","name":"Dade"},"id":"29057"},{"arcs":[[1738,1739,1740,1741,1742]],"type":"Polygon","properties":{"geoid":"28137","name":"Tate"},"id":"28137"},{"arcs":[[1743,1744,-1739,1745,1746]],"type":"Polygon","properties":{"geoid":"28033","name":"DeSoto"},"id":"28033"},{"arcs":[[1747,1748,1749,1750,1751,1752]],"type":"Polygon","properties":{"geoid":"28083","name":"Leflore"},"id":"28083"},{"arcs":[[1753,1754,1755,1756,1757,1758]],"type":"Polygon","properties":{"geoid":"28087","name":"Lowndes"},"id":"28087"},{"arcs":[[1759,-1753,1760,1761,1762,1763]],"type":"Polygon","properties":{"geoid":"28053","name":"Humphreys"},"id":"28053"},{"arcs":[[1764,1765,1766,1767,1768,1769]],"type":"Polygon","properties":{"geoid":"28131","name":"Stone"},"id":"28131"},{"arcs":[[-1600,1770,1771,1772,1773,1774]],"type":"Polygon","properties":{"geoid":"36111","name":"Ulster"},"id":"36111"},{"arcs":[[1775,1776,1777,1778,1779,1780,1781]],"type":"Polygon","properties":{"geoid":"36043","name":"Herkimer"},"id":"36043"},{"arcs":[[1782,1783,1784,1785,1786,1787,1788,1789]],"type":"Polygon","properties":{"geoid":"36091","name":"Saratoga"},"id":"36091"},{"arcs":[[1790,1791,-1596,1792,1793]],"type":"Polygon","properties":{"geoid":"36017","name":"Chenango"},"id":"36017"},{"arcs":[[1794,1795,1796,1797,1798]],"type":"Polygon","properties":{"geoid":"48229","name":"Hudspeth"},"id":"48229"},{"arcs":[[1801,1802,1803,1804,1805]],"type":"Polygon","properties":{"geoid":"47185","name":"White"},"id":"47185"},{"arcs":[[1806,1807,1808,1809,1810,1811]],"type":"Polygon","properties":{"geoid":"47001","name":"Anderson"},"id":"47001"},{"arcs":[[1812,1813,1814,1815,1816,1817,1818,1819]],"type":"Polygon","properties":{"geoid":"47107","name":"McMinn"},"id":"47107"},{"arcs":[[1820,1821,1822,1823,1824,1825]],"type":"Polygon","properties":{"geoid":"47049","name":"Fentress"},"id":"47049"},{"arcs":[[1826,1827,1828,1829,1830,1831]],"type":"Polygon","properties":{"geoid":"47081","name":"Hickman"},"id":"47081"},{"arcs":[[1832,1833,1834,1835,1836]],"type":"Polygon","properties":{"geoid":"47143","name":"Rhea"},"id":"47143"},{"arcs":[[1837,1838,1839,1840,1841,1842,1843,-1810]],"type":"Polygon","properties":{"geoid":"47093","name":"Knox"},"id":"47093"},{"arcs":[[1844,1845,1846,1847,-1808,1848]],"type":"Polygon","properties":{"geoid":"47013","name":"Campbell"},"id":"47013"},{"arcs":[[1849,1850,1851,-459,1852,-1817,1853,-1815]],"type":"Polygon","properties":{"geoid":"47123","name":"Monroe"},"id":"47123"},{"arcs":[[1854,1855,1856,1857,1858]],"type":"Polygon","properties":{"geoid":"47003","name":"Bedford"},"id":"47003"},{"arcs":[[1859,1860,1861,1862,1863,1864]],"type":"Polygon","properties":{"geoid":"47019","name":"Carter"},"id":"47019"},{"arcs":[[1865,1866,-1827,1867,1868]],"type":"Polygon","properties":{"geoid":"47085","name":"Humphreys"},"id":"47085"},{"arcs":[[[1869,1870,1871,1872,-164]],[[-166,1873,1874]]],"type":"MultiPolygon","properties":{"geoid":"47167","name":"Tipton"},"id":"47167"},{"arcs":[[1875,1876,1877,1878,1879,1880,-1861]],"type":"Polygon","properties":{"geoid":"47091","name":"Johnson"},"id":"47091"},{"arcs":[[-1085,1881,-1802,1882,1883,1884]],"type":"Polygon","properties":{"geoid":"47041","name":"DeKalb"},"id":"47041"},{"arcs":[[1885,1886,-1208,1887,1888]],"type":"Polygon","properties":{"geoid":"49019","name":"Grand"},"id":"49019"},{"arcs":[[1889,1890,1891,-1870,-163]],"type":"Polygon","properties":{"geoid":"47097","name":"Lauderdale"},"id":"47097"},{"arcs":[[1892,1893,1894,1895,-1855,1896,1897]],"type":"Polygon","properties":{"geoid":"47149","name":"Rutherford"},"id":"47149"},{"arcs":[[1898,1899,1900,1901,1902,1903]],"type":"Polygon","properties":{"geoid":"49025","name":"Kane"},"id":"49025"},{"arcs":[[-1874,-165,-1873,1904,1905,-1744,1906]],"type":"Polygon","properties":{"geoid":"47157","name":"Shelby"},"id":"47157"},{"arcs":[[-1401,1907,1908,1909,1910,1911]],"type":"Polygon","properties":{"geoid":"18129","name":"Posey"},"id":"18129"},{"arcs":[[1912,1913,1914,1915,1916]],"type":"Polygon","properties":{"geoid":"23003","name":"Aroostook"},"id":"23003"},{"arcs":[[1917,-1913,1918,1919]],"type":"Polygon","properties":{"geoid":"23029","name":"Washington"},"id":"23029"},{"arcs":[[1922,1923,1924,1925,1926,1927,1928]],"type":"Polygon","properties":{"geoid":"23027","name":"Waldo"},"id":"23027"},{"arcs":[[1929,1930,1931,1932,1933]],"type":"Polygon","properties":{"geoid":"04025","name":"Yavapai"},"id":"04025"},{"arcs":[[1934,1935,1936,1937,1938,1939,1940]],"type":"Polygon","properties":{"geoid":"04009","name":"Graham"},"id":"04009"},{"arcs":[[1941,1942,1943,1944,1945,1946,1947,1948]],"type":"Polygon","properties":{"geoid":"49043","name":"Summit"},"id":"49043"},{"arcs":[[1949,1950,1951,1952,1953]],"type":"Polygon","properties":{"geoid":"49007","name":"Carbon"},"id":"49007"},{"arcs":[[1954,-1948,1955,1956]],"type":"Polygon","properties":{"geoid":"49051","name":"Wasatch"},"id":"49051"},{"arcs":[[1957,1958,1959,1960,-852]],"type":"Polygon","properties":{"geoid":"53067","name":"Thurston"},"id":"53067"},{"arcs":[[1961,1962,1963,1964,1965]],"type":"Polygon","properties":{"geoid":"27147","name":"Steele"},"id":"27147"},{"arcs":[[1966,1967,1968,1969,1970,1971]],"type":"Polygon","properties":{"geoid":"27127","name":"Redwood"},"id":"27127"},{"arcs":[[1972,1973,1974,1975]],"type":"Polygon","properties":{"geoid":"27087","name":"Mahnomen"},"id":"27087"},{"arcs":[[-1969,1976,1977,1978,1979,1980]],"type":"Polygon","properties":{"geoid":"27015","name":"Brown"},"id":"27015"},{"arcs":[[1981,1982,1983,1984,1985,1986,-1088,1987,1988]],"type":"Polygon","properties":{"geoid":"46085","name":"Lyman"},"id":"46085"},{"arcs":[[1989,1990,1991,1992,1993,1994]],"type":"Polygon","properties":{"geoid":"46041","name":"Dewey"},"id":"46041"},{"arcs":[[1995,1996,-1988,-1087,1997]],"type":"Polygon","properties":{"geoid":"46075","name":"Jones"},"id":"46075"},{"arcs":[[1998,1999,-791,2000]],"type":"Polygon","properties":{"geoid":"48235","name":"Irion"},"id":"48235"},{"arcs":[[2001,2002,2003,-1194]],"type":"Polygon","properties":{"geoid":"48125","name":"Dickens"},"id":"48125"},{"arcs":[[2004,2005,2006,2007,2008,2009]],"type":"Polygon","properties":{"geoid":"48239","name":"Jackson"},"id":"48239"},{"arcs":[[2010,2011,-1607,2012,2013,2014]],"type":"Polygon","properties":{"geoid":"21203","name":"Rockcastle"},"id":"21203"},{"arcs":[[2015,2016,2017,-1845,2018,2019]],"type":"Polygon","properties":{"geoid":"21147","name":"McCreary"},"id":"21147"},{"arcs":[[2020,2021,2022,2023,2024]],"type":"Polygon","properties":{"geoid":"27023","name":"Chippewa"},"id":"27023"},{"arcs":[[2025,2026,2027,2028,2029,2030]],"type":"Polygon","properties":{"geoid":"27011","name":"Big Stone"},"id":"27011"},{"arcs":[[2031,2032,2033,2034,2035]],"type":"Polygon","properties":{"geoid":"40117","name":"Pawnee"},"id":"40117"},{"arcs":[[2036,2037,2038,-1479,2039]],"type":"Polygon","properties":{"geoid":"13249","name":"Schley"},"id":"13249"},{"arcs":[[2040,2041,2042,-1456,2043,-937]],"type":"Polygon","properties":{"geoid":"13309","name":"Wheeler"},"id":"13309"},{"arcs":[[-613,2044,2045,2046,2047,2048,-596]],"type":"Polygon","properties":{"geoid":"12127","name":"Volusia"},"id":"12127"},{"arcs":[[2049,2050,2051,2052,2053]],"type":"Polygon","properties":{"geoid":"12031","name":"Duval"},"id":"12031"},{"arcs":[[2056,-593,2057]],"type":"Polygon","properties":{"geoid":"12103","name":"Pinellas"},"id":"12103"},{"arcs":[[-597,-2049,2058,2059,2060,2061]],"type":"Polygon","properties":{"geoid":"12069","name":"Lake"},"id":"12069"},{"arcs":[[-2062,2062,2063,2064,2065,-598]],"type":"Polygon","properties":{"geoid":"12119","name":"Sumter"},"id":"12119"},{"arcs":[[-617,2066,2067,2068,2069,2070,2071,2072]],"type":"Polygon","properties":{"geoid":"12023","name":"Columbia"},"id":"12023"},{"arcs":[[2073,-603,2074,-1291]],"type":"Polygon","properties":{"geoid":"12033","name":"Escambia"},"id":"12033"},{"arcs":[[2075,2076,-2050,2077,2078]],"type":"Polygon","properties":{"geoid":"12089","name":"Nassau"},"id":"12089"},{"arcs":[[2079,2080,2081,-619,2082,2083,-604,2084]],"type":"Polygon","properties":{"geoid":"12079","name":"Madison"},"id":"12079"},{"arcs":[[-599,-2066,2085,2086,-141]],"type":"Polygon","properties":{"geoid":"12017","name":"Citrus"},"id":"12017"},{"arcs":[[2087,2088,2089,-2070]],"type":"Polygon","properties":{"geoid":"12125","name":"Union"},"id":"12125"},{"arcs":[[-712,2090,-630,2091,-1696,-1709,2092]],"type":"Polygon","properties":{"geoid":"42133","name":"York"},"id":"42133"},{"arcs":[[2093,2094,2095,2096,-622,2097,2098,2099,2100]],"type":"Polygon","properties":{"geoid":"42125","name":"Washington"},"id":"42125"},{"arcs":[[2101,2102,2103,2104,2105]],"type":"Polygon","properties":{"geoid":"42063","name":"Indiana"},"id":"42063"},{"arcs":[[2106,2107,2108,-2102,2109]],"type":"Polygon","properties":{"geoid":"42005","name":"Armstrong"},"id":"42005"},{"arcs":[[[2110]],[[2111,2112,2113]]],"type":"MultiPolygon","properties":{"geoid":"44009","name":"Washington"},"id":"44009"},{"arcs":[[2114,2115,-680,-671,2116,-647]],"type":"Polygon","properties":{"geoid":"45083","name":"Spartanburg"},"id":"45083"},{"arcs":[[2117,2118,2119,2120,2121]],"type":"Polygon","properties":{"geoid":"45019","name":"Charleston"},"id":"45019"},{"arcs":[[2122,2123,2124,2125,2126,2127]],"type":"Polygon","properties":{"geoid":"45027","name":"Clarendon"},"id":"45027"},{"arcs":[[-2126,2128,2129,-2119,2130,2131]],"type":"Polygon","properties":{"geoid":"45015","name":"Berkeley"},"id":"45015"},{"arcs":[[2132,2133,-655,-1434,2134,2135,2136]],"type":"Polygon","properties":{"geoid":"45055","name":"Kershaw"},"id":"45055"},{"arcs":[[2137,2138,2139,-2120,-2130,2140]],"type":"Polygon","properties":{"geoid":"45043","name":"Georgetown"},"id":"45043"},{"arcs":[[2141,-828,2142,2143,2144,2145]],"type":"Polygon","properties":{"geoid":"41051","name":"Multnomah"},"id":"41051"},{"arcs":[[2146,2147,2148,2149]],"type":"Polygon","properties":{"geoid":"41007","name":"Clatsop"},"id":"41007"},{"arcs":[[2150,2151,2152,-624,-2091,-711,-1431]],"type":"Polygon","properties":{"geoid":"42043","name":"Dauphin"},"id":"42043"},{"arcs":[[2153,2154,-651,2155,-1409,2156]],"type":"Polygon","properties":{"geoid":"45049","name":"Hampton"},"id":"45049"},{"arcs":[[-2156,-654,2157,-1163,-1410]],"type":"Polygon","properties":{"geoid":"45053","name":"Jasper"},"id":"45053"},{"arcs":[[2158,2159,2160,2161,-1730,2162,2163]],"type":"Polygon","properties":{"geoid":"39095","name":"Lucas"},"id":"39095"},{"arcs":[[2164,2165,2166,2167,2168,2169]],"type":"Polygon","properties":{"geoid":"39011","name":"Auglaize"},"id":"39011"},{"arcs":[[2170,2171,-523,2172,-1439]],"type":"Polygon","properties":{"geoid":"41033","name":"Josephine"},"id":"41033"},{"arcs":[[2173,2174,2175,2176,-1421,2177]],"type":"Polygon","properties":{"geoid":"41031","name":"Jefferson"},"id":"41031"},{"arcs":[[[2178,2179]],[[2180]]],"type":"MultiPolygon","properties":{"geoid":"44005","name":"Newport"},"id":"44005"},{"arcs":[[2181,-1429,2182,-1426,2183,2184,2185]],"type":"Polygon","properties":{"geoid":"41039","name":"Lane"},"id":"41039"},{"arcs":[[2186,2187,2188,2189,-696]],"type":"Polygon","properties":{"geoid":"42103","name":"Pike"},"id":"42103"},{"arcs":[[2190,2191,2192,2193]],"type":"Polygon","properties":{"geoid":"45009","name":"Bamberg"},"id":"45009"},{"arcs":[[2194,2195,2196,-1419,2197,-726,2198]],"type":"Polygon","properties":{"geoid":"40125","name":"Pottawatomie"},"id":"40125"},{"arcs":[[2199,2200,2201,2202,2203,2204,2205]],"type":"Polygon","properties":{"geoid":"40135","name":"Sequoyah"},"id":"40135"},{"arcs":[[2206,-2199,-725,2207]],"type":"Polygon","properties":{"geoid":"40027","name":"Cleveland"},"id":"40027"},{"arcs":[[2208,2209,-2138,2210,2211]],"type":"Polygon","properties":{"geoid":"45067","name":"Marion"},"id":"45067"},{"arcs":[[2212,2213,2214,2215,-2032,2216,2217]],"type":"Polygon","properties":{"geoid":"40113","name":"Osage"},"id":"40113"},{"arcs":[[2218,2219,-1150,2220,2221,2222,-657,2223]],"type":"Polygon","properties":{"geoid":"45069","name":"Marlboro"},"id":"45069"},{"arcs":[[2224,2225,2226,2227,2228,2229]],"type":"Polygon","properties":{"geoid":"48453","name":"Travis"},"id":"48453"},{"arcs":[[2230,2231,2232,-2002,-814]],"type":"Polygon","properties":{"geoid":"48345","name":"Motley"},"id":"48345"},{"arcs":[[2233,-776,2234,2235,2236,2237,2238]],"type":"Polygon","properties":{"geoid":"48423","name":"Smith"},"id":"48423"},{"arcs":[[2239,2240,-2238,2241,2242,2243,2244,2245]],"type":"Polygon","properties":{"geoid":"48213","name":"Henderson"},"id":"48213"},{"arcs":[[-1198,2246,2247,2248,2249]],"type":"Polygon","properties":{"geoid":"48157","name":"Fort Bend"},"id":"48157"},{"arcs":[[2250,2251,2252,2253,2254]],"type":"Polygon","properties":{"geoid":"48427","name":"Starr"},"id":"48427"},{"arcs":[[2255,-37,-1188,2256,2257]],"type":"Polygon","properties":{"geoid":"48347","name":"Nacogdoches"},"id":"48347"},{"arcs":[[2258,-2244,2259,2260,2261]],"type":"Polygon","properties":{"geoid":"48161","name":"Freestone"},"id":"48161"},{"arcs":[[2262,-1799,2263,2264]],"type":"Polygon","properties":{"geoid":"48141","name":"El Paso"},"id":"48141"},{"arcs":[[2265,2266,2267,2268,2269,2270]],"type":"Polygon","properties":{"geoid":"48135","name":"Ector"},"id":"48135"},{"arcs":[[2271,-766,2272,2273,2274,2275]],"type":"Polygon","properties":{"geoid":"48245","name":"Jefferson"},"id":"48245"},{"arcs":[[-24,2276,2277,2278]],"type":"Polygon","properties":{"geoid":"48379","name":"Rains"},"id":"48379"},{"arcs":[[-2245,-2259,2279,2280,2281]],"type":"Polygon","properties":{"geoid":"48349","name":"Navarro"},"id":"48349"},{"arcs":[[2282,-257,2283,2284,2285,-763,-759]],"type":"Polygon","properties":{"geoid":"48351","name":"Newton"},"id":"48351"},{"arcs":[[2288,-2275,2289,2290,2291,2292,2293,2294]],"type":"Polygon","properties":{"geoid":"48071","name":"Chambers"},"id":"48071"},{"arcs":[[2301,2302,2303,2304,2305,2306]],"type":"Polygon","properties":{"geoid":"48287","name":"Lee"},"id":"48287"},{"arcs":[[2307,-19,2308,-38,-2256,2309,-2236]],"type":"Polygon","properties":{"geoid":"48401","name":"Rusk"},"id":"48401"},{"arcs":[[-1200,2310,-2006,2311,2312]],"type":"Polygon","properties":{"geoid":"48089","name":"Colorado"},"id":"48089"},{"arcs":[[-2228,2313,2314,2315,-780,2316]],"type":"Polygon","properties":{"geoid":"48055","name":"Caldwell"},"id":"48055"},{"arcs":[[2317,-2257,-1187,-756,2318,2319,2320,2321]],"type":"Polygon","properties":{"geoid":"48005","name":"Angelina"},"id":"48005"},{"arcs":[[2322,2323,2324,2325,2326,2327,2328]],"type":"Polygon","properties":{"geoid":"48035","name":"Bosque"},"id":"48035"},{"arcs":[[2329,2330,2331,2332,2333]],"type":"Polygon","properties":{"geoid":"48333","name":"Mills"},"id":"48333"},{"arcs":[[2334,2335,2336,2337,2338,2339]],"type":"Polygon","properties":{"geoid":"48083","name":"Coleman"},"id":"48083"},{"arcs":[[-47,2342,2343,-801,2344,-802,2345,-809,2346,2347]],"type":"Polygon","properties":{"geoid":"48409","name":"San Patricio"},"id":"48409"},{"arcs":[[2348,2349,2350,-349]],"type":"Polygon","properties":{"geoid":"30035","name":"Glacier"},"id":"30035"},{"arcs":[[-355,2351,2352]],"type":"Polygon","properties":{"geoid":"30047","name":"Lake"},"id":"30047"},{"arcs":[[2353,2354,2355,-435,2356,-394,2357]],"type":"Polygon","properties":{"geoid":"30043","name":"Jefferson"},"id":"30043"},{"arcs":[[2358,2359,2360,2361,-351]],"type":"Polygon","properties":{"geoid":"30099","name":"Teton"},"id":"30099"},{"arcs":[[2362,2363,2364,2365,2366,2367]],"type":"Polygon","properties":{"geoid":"29087","name":"Holt"},"id":"29087"},{"arcs":[[-1405,2368,-430,2369,2370,2371]],"type":"Polygon","properties":{"geoid":"29171","name":"Putnam"},"id":"29171"},{"arcs":[[2372,2373,2374,2375,2376,2377]],"type":"Polygon","properties":{"geoid":"30071","name":"Phillips"},"id":"30071"},{"arcs":[[-386,-356,-2353,2378,-431,2379,2380]],"type":"Polygon","properties":{"geoid":"30089","name":"Sanders"},"id":"30089"},{"arcs":[[2381,2382,2383,-1695,2384,-2374]],"type":"Polygon","properties":{"geoid":"30105","name":"Valley"},"id":"30105"},{"arcs":[[-395,-2357,-442,2385,2386]],"type":"Polygon","properties":{"geoid":"30057","name":"Madison"},"id":"30057"},{"arcs":[[2387,2388,-436,-2356]],"type":"Polygon","properties":{"geoid":"30007","name":"Broadwater"},"id":"30007"},{"arcs":[[2389,2390,2391,2392,2393,2394,2395]],"type":"Polygon","properties":{"geoid":"37119","name":"Mecklenburg"},"id":"37119"},{"arcs":[[2396,2397,2398,2399,2400,2401,2402,2403]],"type":"Polygon","properties":{"geoid":"37183","name":"Wake"},"id":"37183"},{"arcs":[[2404,2405,2406,2407,2408,-1099,2409]],"type":"Polygon","properties":{"geoid":"37163","name":"Sampson"},"id":"37163"},{"arcs":[[-450,2410,2411,2412]],"type":"Polygon","properties":{"geoid":"13113","name":"Fayette"},"id":"13113"},{"arcs":[[-1183,2413,-1115,2414,-1119,2415]],"type":"Polygon","properties":{"geoid":"37021","name":"Buncombe"},"id":"37021"},{"arcs":[[2416,2417,2418,2419,2420,2421]],"type":"Polygon","properties":{"geoid":"37173","name":"Swain"},"id":"37173"},{"arcs":[[2422,-1129,2423,2424,2425,-2394]],"type":"Polygon","properties":{"geoid":"37179","name":"Union"},"id":"37179"},{"arcs":[[2426,2427,2428,2429,2430,-1093,2431]],"type":"Polygon","properties":{"geoid":"37147","name":"Pitt"},"id":"37147"},{"arcs":[[2432,-1178,2433,2434,2435,2436]],"type":"Polygon","properties":{"geoid":"37083","name":"Halifax"},"id":"37083"},{"arcs":[[-1377,2437,2438,2439,2440,2441]],"type":"Polygon","properties":{"geoid":"17189","name":"Washington"},"id":"17189"},{"arcs":[[2442,2443,2444,2445]],"type":"Polygon","properties":{"geoid":"17097","name":"Lake"},"id":"17097"},{"arcs":[[2446,2447,2448,2449,2450,2451]],"type":"Polygon","properties":{"geoid":"17197","name":"Will"},"id":"17197"},{"arcs":[[2452,-2445,2453,2454,-2448,2455,2456]],"type":"Polygon","properties":{"geoid":"17031","name":"Cook"},"id":"17031"},{"arcs":[[-2456,-2447,2457]],"type":"Polygon","properties":{"geoid":"17043","name":"DuPage"},"id":"17043"},{"arcs":[[2458,-2432,-1092,2459]],"type":"Polygon","properties":{"geoid":"37079","name":"Greene"},"id":"37079"},{"arcs":[[-2401,2460,2461,-2437,2462,2463,2464]],"type":"Polygon","properties":{"geoid":"37127","name":"Nash"},"id":"37127"},{"arcs":[[-2409,2465,2466,2467,2468,2469,2470,-1100]],"type":"Polygon","properties":{"geoid":"37141","name":"Pender"},"id":"37141"},{"arcs":[[2471,2472,2473,2474,2475,2476,-1113]],"type":"Polygon","properties":{"geoid":"37023","name":"Burke"},"id":"37023"},{"arcs":[[-2415,-1114,-2477,2477,-681,-2116,2478,-1116]],"type":"Polygon","properties":{"geoid":"37161","name":"Rutherford"},"id":"37161"},{"arcs":[[-2469,2479,2480]],"type":"Polygon","properties":{"geoid":"37129","name":"New Hanover"},"id":"37129"},{"arcs":[[2481,2482,2483,2484,-1127]],"type":"Polygon","properties":{"geoid":"37123","name":"Montgomery"},"id":"37123"},{"arcs":[[2485,2486,-2410,-1098,2487,2488]],"type":"Polygon","properties":{"geoid":"37051","name":"Cumberland"},"id":"37051"},{"arcs":[[2489,2490,2491,2492,2493]],"type":"Polygon","properties":{"geoid":"13123","name":"Gilmer"},"id":"13123"},{"arcs":[[2494,-1184,-2416,-1141,2495,-2418,2496]],"type":"Polygon","properties":{"geoid":"37087","name":"Haywood"},"id":"37087"},{"arcs":[[2497,2498,2499,2500,2501,2502]],"type":"Polygon","properties":{"geoid":"37053","name":"Currituck"},"id":"37053"},{"arcs":[[2503,2504,2505,2506,2507]],"type":"Polygon","properties":{"geoid":"13157","name":"Jackson"},"id":"13157"},{"arcs":[[2508,2509,2510,-2404,2511,-1145,2512,2513]],"type":"Polygon","properties":{"geoid":"37037","name":"Chatham"},"id":"37037"},{"arcs":[[2514,-2513,-1147,2515,-2486,2516,2517,-2484]],"type":"Polygon","properties":{"geoid":"37125","name":"Moore"},"id":"37125"},{"arcs":[[2518,2519,2520,2521,2522]],"type":"Polygon","properties":{"geoid":"13215","name":"Muscogee"},"id":"13215"},{"arcs":[[2523,2524,-1126,2525,2526]],"type":"Polygon","properties":{"geoid":"13311","name":"White"},"id":"13311"},{"arcs":[[2527,2528,2529,2530,2531,2532]],"type":"Polygon","properties":{"geoid":"37157","name":"Rockingham"},"id":"37157"},{"arcs":[[2533,-2488,-1102,2534,2535,-2221,-1149]],"type":"Polygon","properties":{"geoid":"37155","name":"Robeson"},"id":"37155"},{"arcs":[[-1863,2536,-1111,2537,2538]],"type":"Polygon","properties":{"geoid":"37121","name":"Mitchell"},"id":"37121"},{"arcs":[[-2538,-1110,-2414,-1182,2539]],"type":"Polygon","properties":{"geoid":"37199","name":"Yancey"},"id":"37199"},{"arcs":[[-1128,2540,-2219,2541,-2424]],"type":"Polygon","properties":{"geoid":"37007","name":"Anson"},"id":"37007"},{"arcs":[[-2489,-2534,-1148,-2517]],"type":"Polygon","properties":{"geoid":"37093","name":"Hoke"},"id":"37093"},{"arcs":[[-2435,2542,2543,2544,-2429,2545]],"type":"Polygon","properties":{"geoid":"37117","name":"Martin"},"id":"37117"},{"arcs":[[-2485,-2518,-1151,-2220,-2541]],"type":"Polygon","properties":{"geoid":"37153","name":"Richmond"},"id":"37153"},{"arcs":[[2546,2547,2548,2549,2550,2551]],"type":"Polygon","properties":{"geoid":"48267","name":"Kimble"},"id":"48267"},{"arcs":[[2552,-2008,2553,2554,2555]],"type":"Polygon","properties":{"geoid":"48321","name":"Matagorda"},"id":"48321"},{"arcs":[[2556,2557,2558,-772,2559]],"type":"Polygon","properties":{"geoid":"48063","name":"Camp"},"id":"48063"},{"arcs":[[2560,2561,-2558,2562]],"type":"Polygon","properties":{"geoid":"48449","name":"Titus"},"id":"48449"},{"arcs":[[2563,-181,2564,-39,2565,2566]],"type":"Polygon","properties":{"geoid":"48037","name":"Bowie"},"id":"48037"},{"arcs":[[2567,2568,2569,-732,2570]],"type":"Polygon","properties":{"geoid":"48407","name":"San Jacinto"},"id":"48407"},{"arcs":[[2571,2572,2573,2574,2575]],"type":"Polygon","properties":{"geoid":"48043","name":"Brewster"},"id":"48043"},{"arcs":[[2576,2577,2578,-744,2579]],"type":"Polygon","properties":{"geoid":"48323","name":"Maverick"},"id":"48323"},{"arcs":[[2580,-2321,2581,-2568,2582]],"type":"Polygon","properties":{"geoid":"48455","name":"Trinity"},"id":"48455"},{"arcs":[[2583,2584,2585,2586,2587]],"type":"Polygon","properties":{"geoid":"26163","name":"Wayne"},"id":"26163"},{"arcs":[[[2588]],[[2589,2590,2591,-1215,-1239]]],"type":"MultiPolygon","properties":{"geoid":"26003","name":"Alger"},"id":"26003"},{"arcs":[[2592]],"type":"Polygon","properties":{"geoid":"51600","name":"Fairfax"},"id":"51600"},{"arcs":[[2593,-1646,2594,2595,2596,2597]],"type":"Polygon","properties":{"geoid":"21165","name":"Menifee"},"id":"21165"},{"arcs":[[2598,2599,2600,2601,2602,2603]],"type":"Polygon","properties":{"geoid":"21055","name":"Crittenden"},"id":"21055"},{"arcs":[[-1048,2604,-1672,-1679]],"type":"Polygon","properties":{"geoid":"21131","name":"Leslie"},"id":"21131"},{"arcs":[[2605,2606,-1618,2607,2608,2609]],"type":"Polygon","properties":{"geoid":"21027","name":"Breckinridge"},"id":"21027"},{"arcs":[[-1663,2610,2611,2612,2613,2614]],"type":"Polygon","properties":{"geoid":"21153","name":"Magoffin"},"id":"21153"},{"arcs":[[-1645,2615,2616,-1664,-2615,2617,-2595]],"type":"Polygon","properties":{"geoid":"21175","name":"Morgan"},"id":"21175"},{"arcs":[[-1644,2618,2619,-2616]],"type":"Polygon","properties":{"geoid":"21063","name":"Elliott"},"id":"21063"},{"arcs":[[2620,2621,-118,2622]],"type":"Polygon","properties":{"geoid":"51091","name":"Highland"},"id":"51091"},{"arcs":[[2623]],"type":"Polygon","properties":{"geoid":"51690","name":"Martinsville"},"id":"51690"},{"arcs":[[-795,2624,2625,-2574,2626]],"type":"Polygon","properties":{"geoid":"48443","name":"Terrell"},"id":"48443"},{"arcs":[[2627,2628,2629,2630]],"type":"Polygon","properties":{"geoid":"48311","name":"McMullen"},"id":"48311"},{"arcs":[[2631,2632,-1259,2633]],"type":"Polygon","properties":{"geoid":"06073","name":"San Diego"},"id":"06073"},{"arcs":[[2634,2635,2636,-562,2637,2638]],"type":"Polygon","properties":{"geoid":"06033","name":"Lake"},"id":"06033"},{"arcs":[[2639,-2638,-564,-521,2640,2641,2642]],"type":"Polygon","properties":{"geoid":"06097","name":"Sonoma"},"id":"06097"},{"arcs":[[-519,2643,2644,-496,2645]],"type":"Polygon","properties":{"geoid":"06013","name":"Contra Costa"},"id":"06013"},{"arcs":[[2646,-529,-1354,2647,2648]],"type":"Polygon","properties":{"geoid":"06023","name":"Humboldt"},"id":"06023"},{"arcs":[[-2648,-1353,-568,2649,-2639,-2640,2650]],"type":"Polygon","properties":{"geoid":"06045","name":"Mendocino"},"id":"06045"},{"arcs":[[2651,2652,2653,-547,2654,2655]],"type":"Polygon","properties":{"geoid":"06047","name":"Merced"},"id":"06047"},{"arcs":[[-1246,2656,2657,2658,2659]],"type":"Polygon","properties":{"geoid":"06009","name":"Calaveras"},"id":"06009"},{"arcs":[[-2654,2660,2661,-1253,-540]],"type":"Polygon","properties":{"geoid":"06039","name":"Madera"},"id":"06039"},{"arcs":[[-2059,-2048,2662]],"type":"Polygon","properties":{"geoid":"12117","name":"Seminole"},"id":"12117"},{"arcs":[[2663,2664,2665,2666,2667]],"type":"Polygon","properties":{"geoid":"35011","name":"De Baca"},"id":"35011"},{"arcs":[[-1078,-1459,-960,2668,2669]],"type":"Polygon","properties":{"geoid":"13265","name":"Taliaferro"},"id":"13265"},{"arcs":[[[-8,2670,2671,2672]],[[-12,2673,2674,2675,2676]]],"type":"MultiPolygon","properties":{"geoid":"48261","name":"Kenedy"},"id":"48261"},{"arcs":[[-1061,2677,2678,2679,2680]],"type":"Polygon","properties":{"geoid":"16033","name":"Clark"},"id":"16033"},{"arcs":[[2681,2682,2683,2684,2685,2686]],"type":"Polygon","properties":{"geoid":"20203","name":"Wichita"},"id":"20203"},{"arcs":[[2687,2688,2689,2690,2691]],"type":"Polygon","properties":{"geoid":"20077","name":"Harper"},"id":"20077"},{"arcs":[[-2685,2692,2693,2694,2695]],"type":"Polygon","properties":{"geoid":"20093","name":"Kearny"},"id":"20093"},{"arcs":[[2696,-1540,2697,-975,2698,2699]],"type":"Polygon","properties":{"geoid":"35033","name":"Mora"},"id":"35033"},{"arcs":[[2700,2701,2702,-2001,-790,2703]],"type":"Polygon","properties":{"geoid":"48383","name":"Reagan"},"id":"48383"},{"arcs":[[2704,2705,2706,2707,2708,2709,-1610]],"type":"Polygon","properties":{"geoid":"21097","name":"Harrison"},"id":"21097"},{"arcs":[[-1987,2710,2711,2712,-1089]],"type":"Polygon","properties":{"geoid":"46123","name":"Tripp"},"id":"46123"},{"arcs":[[2713,2714,2715,2716,2717,2718,2719]],"type":"Polygon","properties":{"geoid":"27163","name":"Washington"},"id":"27163"},{"arcs":[[2720,2721,2722,2723,2724,2725]],"type":"Polygon","properties":{"geoid":"27027","name":"Clay"},"id":"27027"},{"arcs":[[2726,2727,2728,2729]],"type":"Polygon","properties":{"geoid":"27075","name":"Lake"},"id":"27075"},{"arcs":[[-1830,2730,2731,2732,2733,2734]],"type":"Polygon","properties":{"geoid":"47119","name":"Maury"},"id":"47119"},{"arcs":[[-1835,2735,-1820,2736,2737]],"type":"Polygon","properties":{"geoid":"47121","name":"Meigs"},"id":"47121"},{"arcs":[[2738,2739,2740,-1869,2741,2742,2743]],"type":"Polygon","properties":{"geoid":"47005","name":"Benton"},"id":"47005"},{"arcs":[[-1856,-1896,2744,2745,2746,2747,2748]],"type":"Polygon","properties":{"geoid":"47031","name":"Coffee"},"id":"47031"},{"arcs":[[2749,2750,2751,2752,2753,2754]],"type":"Polygon","properties":{"geoid":"47183","name":"Weakley"},"id":"47183"},{"arcs":[[2755,2756,2757,2758,-1840]],"type":"Polygon","properties":{"geoid":"47089","name":"Jefferson"},"id":"47089"},{"arcs":[[2759,2760,-1836,-2738,2761,2762,2763,2764,2765,2766]],"type":"Polygon","properties":{"geoid":"47065","name":"Hamilton"},"id":"47065"},{"arcs":[[2767,2768,-2655,-546,-571]],"type":"Polygon","properties":{"geoid":"06069","name":"San Benito"},"id":"06069"},{"arcs":[[2769,-1304,2770,2771,-1538,2772]],"type":"Polygon","properties":{"geoid":"08023","name":"Costilla"},"id":"08023"},{"arcs":[[-1303,2773,2774,2775,2776,2777,2778,-2771]],"type":"Polygon","properties":{"geoid":"08071","name":"Las Animas"},"id":"08071"},{"arcs":[[2779,2780,2781,2782]],"type":"Polygon","properties":{"geoid":"11001","name":"District of Columbia"},"id":"11001"},{"arcs":[[2783,2784,2785,2786,-1336,2787]],"type":"Polygon","properties":{"geoid":"08069","name":"Larimer"},"id":"08069"},{"arcs":[[2788,2789,-2788,-1335,-1269]],"type":"Polygon","properties":{"geoid":"08057","name":"Jackson"},"id":"08057"},{"arcs":[[2790,2791,2792,2793]],"type":"Polygon","properties":{"geoid":"08033","name":"Dolores"},"id":"08033"},{"arcs":[[-2793,2794,-1530,2795]],"type":"Polygon","properties":{"geoid":"08083","name":"Montezuma"},"id":"08083"},{"arcs":[[2796,2797,2798,2799,2800]],"type":"Polygon","properties":{"geoid":"09009","name":"New Haven"},"id":"09009"},{"arcs":[[2801,2802,-2798,2803]],"type":"Polygon","properties":{"geoid":"09007","name":"Middlesex"},"id":"09007"},{"arcs":[[[2804]],[[2805,-1286,2806,2807,2808,2809]]],"type":"MultiPolygon","properties":{"geoid":"01097","name":"Mobile"},"id":"01097"},{"arcs":[[2810,-2522,2811,2812,-986,2813,2814]],"type":"Polygon","properties":{"geoid":"01113","name":"Russell"},"id":"01113"},{"arcs":[[-1296,2815,2816,2817,2818,2819,2820]],"type":"Polygon","properties":{"geoid":"01049","name":"DeKalb"},"id":"01049"},{"arcs":[[2821,2822,2823,-2791,2824]],"type":"Polygon","properties":{"geoid":"08113","name":"San Miguel"},"id":"08113"},{"arcs":[[-2787,2825,2826,-1318,2827,-1337]],"type":"Polygon","properties":{"geoid":"08013","name":"Boulder"},"id":"08013"},{"arcs":[[-1271,-1341,2828,-1348,2829,2830]],"type":"Polygon","properties":{"geoid":"08037","name":"Eagle"},"id":"08037"},{"arcs":[[2831,-1345,2832,2833,-1300,2834,2835,2836,2837]],"type":"Polygon","properties":{"geoid":"08109","name":"Saguache"},"id":"08109"},{"arcs":[[-2824,2838,2839,2840,-2792]],"type":"Polygon","properties":{"geoid":"08111","name":"San Juan"},"id":"08111"},{"arcs":[[2841,2842,-1301,-2834]],"type":"Polygon","properties":{"geoid":"08027","name":"Custer"},"id":"08027"},{"arcs":[[-2661,-2653,2843]],"type":"Polygon","properties":{"geoid":"06043","name":"Mariposa"},"id":"06043"},{"arcs":[[2844,2845,2846,2847,2848,2849]],"type":"Polygon","properties":{"geoid":"18017","name":"Cass"},"id":"18017"},{"arcs":[[2850,2851,2852,2853,2854,2855]],"type":"Polygon","properties":{"geoid":"18177","name":"Wayne"},"id":"18177"},{"arcs":[[-978,2856,2857,2858]],"type":"Polygon","properties":{"geoid":"19021","name":"Buena Vista"},"id":"19021"},{"arcs":[[2859,2860,2861,2862,2863,2864]],"type":"Polygon","properties":{"geoid":"19111","name":"Lee"},"id":"19111"},{"arcs":[[2865,2866,2867,2868,-1355,2869,2870]],"type":"Polygon","properties":{"geoid":"18071","name":"Jackson"},"id":"18071"},{"arcs":[[2871,-2855,2872,2873,2874]],"type":"Polygon","properties":{"geoid":"18041","name":"Fayette"},"id":"18041"},{"arcs":[[2875,2876,2877,2878,-487,2879,2880]],"type":"Polygon","properties":{"geoid":"19045","name":"Clinton"},"id":"19045"},{"arcs":[[2881,2882,2883,2884,2885]],"type":"Polygon","properties":{"geoid":"18069","name":"Huntington"},"id":"18069"},{"arcs":[[2886,2887,-976,2888]],"type":"Polygon","properties":{"geoid":"19059","name":"Dickinson"},"id":"19059"},{"arcs":[[2889,2890,2891,2892]],"type":"Polygon","properties":{"geoid":"17047","name":"Edwards"},"id":"17047"},{"arcs":[[2893,2894,2895,2896]],"type":"Polygon","properties":{"geoid":"18009","name":"Blackford"},"id":"18009"},{"arcs":[[-1390,2897,2898,2899,-1398]],"type":"Polygon","properties":{"geoid":"18125","name":"Pike"},"id":"18125"},{"arcs":[[[2900,2901]],[[2902]]],"type":"MultiPolygon","properties":{"geoid":"26083","name":"Keweenaw"},"id":"26083"},{"arcs":[[2903,2904,2905,2906]],"type":"Polygon","properties":{"geoid":"26107","name":"Mecosta"},"id":"26107"},{"arcs":[[2907,-2587,2908,-2161,2909]],"type":"Polygon","properties":{"geoid":"26115","name":"Monroe"},"id":"26115"},{"arcs":[[[2910,2911]],[[2912]],[[2913,2914,2915,2916]]],"type":"MultiPolygon","properties":{"geoid":"26097","name":"Mackinac"},"id":"26097"},{"arcs":[[2917,-1237,-1225,2918]],"type":"Polygon","properties":{"geoid":"26013","name":"Baraga"},"id":"26013"},{"arcs":[[2919,2920,2921,2922,2923]],"type":"Polygon","properties":{"geoid":"26129","name":"Ogemaw"},"id":"26129"},{"arcs":[[-2243,2924,2925,2926,-2260]],"type":"Polygon","properties":{"geoid":"48001","name":"Anderson"},"id":"48001"},{"arcs":[[-1192,2927,-736,2928,2929,2930]],"type":"Polygon","properties":{"geoid":"48185","name":"Grimes"},"id":"48185"},{"arcs":[[-2582,-2320,2931,2932,2933,-2569]],"type":"Polygon","properties":{"geoid":"48373","name":"Polk"},"id":"48373"},{"arcs":[[2934,2935,2936,2937,2938]],"type":"Polygon","properties":{"geoid":"48359","name":"Oldham"},"id":"48359"},{"arcs":[[2939,2940,2941,-2225,2942,2943,2944]],"type":"Polygon","properties":{"geoid":"48053","name":"Burnet"},"id":"48053"},{"arcs":[[2945,2946,2947,2948,2949,2950]],"type":"Polygon","properties":{"geoid":"48395","name":"Robertson"},"id":"48395"},{"arcs":[[-2933,2951,-761,-767,-2272,2952]],"type":"Polygon","properties":{"geoid":"48199","name":"Hardin"},"id":"48199"},{"arcs":[[2953,2954,-1877,2955,2956,2957,2958,2959,-53]],"type":"Polygon","properties":{"geoid":"51191","name":"Washington"},"id":"51191"},{"arcs":[[2960,-60,2961,2962,2963,-64]],"type":"Polygon","properties":{"geoid":"51139","name":"Page"},"id":"51139"},{"arcs":[[2964,2965,2966,2967,2968,2969]],"type":"Polygon","properties":{"geoid":"51073","name":"Gloucester"},"id":"51073"},{"arcs":[[-923,2970,2971,2972,-56,2973,2974],[2975]],"type":"Polygon","properties":{"geoid":"51069","name":"Frederick"},"id":"51069"},{"arcs":[[2976,-128,2977,2978,2979,2980]],"type":"Polygon","properties":{"geoid":"51093","name":"Isle of Wight"},"id":"51093"},{"arcs":[[-125,2981,-2969,2982,2983,2984,2985,2986,-111]],"type":"Polygon","properties":{"geoid":"51095","name":"James City"},"id":"51095"},{"arcs":[[2987,2988,2989,2990,2991,2992]],"type":"Polygon","properties":{"geoid":"51067","name":"Franklin"},"id":"51067"},{"arcs":[[-66,2993,2994,2995,2996,2997,2998,2999],[3000]],"type":"Polygon","properties":{"geoid":"51003","name":"Albemarle"},"id":"51003"},{"arcs":[[3001,3002,3003,3004,3005]],"type":"Polygon","properties":{"geoid":"51099","name":"King George"},"id":"51099"},{"arcs":[[3006,-2999,3007,3008,3009,3010]],"type":"Polygon","properties":{"geoid":"51125","name":"Nelson"},"id":"51125"},{"arcs":[[3011,-129,-2977,3012,-2980,3013,3014,3015,-1175,3016]],"type":"Polygon","properties":{"geoid":"51175","name":"Southampton"},"id":"51175"},{"arcs":[[3017,3018,3019,3020,3021,3022,-58]],"type":"Polygon","properties":{"geoid":"51061","name":"Fauquier"},"id":"51061"},{"arcs":[[-121,3023,3024,3025,3026,3027],[3028]],"type":"Polygon","properties":{"geoid":"51005","name":"Alleghany"},"id":"51005"},{"arcs":[[3029,3030,3031,3032,-3020],[3033,3034]],"type":"Polygon","properties":{"geoid":"51153","name":"Prince William"},"id":"51153"},{"arcs":[[3035,3036,3037,3038,-115,3039,3040,3041,3042,3043,3044,-85,-105]],"type":"Polygon","properties":{"geoid":"51041","name":"Chesterfield"},"id":"51041"},{"arcs":[[3045,3046,3047,3048,-50,3049]],"type":"Polygon","properties":{"geoid":"51027","name":"Buchanan"},"id":"51027"},{"arcs":[[3050,-3042,3051,-3040,-114,-131,3052,-87]],"type":"Polygon","properties":{"geoid":"51149","name":"Prince George"},"id":"51149"},{"arcs":[[-2991,3053,-2528,3054,3055],[-2624]],"type":"Polygon","properties":{"geoid":"51089","name":"Henry"},"id":"51089"},{"arcs":[[-3049,3056,3057,3058,3059,-51]],"type":"Polygon","properties":{"geoid":"51185","name":"Tazewell"},"id":"51185"},{"arcs":[[3060,3061]],"type":"Polygon","properties":{"geoid":"51131","name":"Northampton"},"id":"51131"},{"arcs":[[3062,-2992,-3056,3063,-479,3064]],"type":"Polygon","properties":{"geoid":"51141","name":"Patrick"},"id":"51141"},{"arcs":[[3065,3066,-3036,-104]],"type":"Polygon","properties":{"geoid":"51145","name":"Powhatan"},"id":"51145"},{"arcs":[[-2974,-61,-2961,-63,3067]],"type":"Polygon","properties":{"geoid":"51171","name":"Shenandoah"},"id":"51171"},{"arcs":[[3068,3069,3070,3071,-3003]],"type":"Polygon","properties":{"geoid":"51193","name":"Westmoreland"},"id":"51193"},{"arcs":[[3072,3073,3074,3075,3076,3077,3078,3079]],"type":"Polygon","properties":{"geoid":"51177","name":"Spotsylvania"},"id":"51177"},{"arcs":[[-3078,3080,-3005,3081,3082,3083,3084]],"type":"Polygon","properties":{"geoid":"51033","name":"Caroline"},"id":"51033"},{"arcs":[[-3025,3085,3086,3087,3088]],"type":"Polygon","properties":{"geoid":"51023","name":"Botetourt"},"id":"51023"},{"arcs":[[-3024,-120,3089,-3011,3090,3091,-3086],[3092],[3093]],"type":"Polygon","properties":{"geoid":"51163","name":"Rockbridge"},"id":"51163"},{"arcs":[[3094,3095,3096,3097,3098]],"type":"Polygon","properties":{"geoid":"31151","name":"Saline"},"id":"31151"},{"arcs":[[3099,3100,3101,3102,3103,3104]],"type":"Polygon","properties":{"geoid":"31101","name":"Keith"},"id":"31101"},{"arcs":[[-606,3107,3108,-137,3109]],"type":"Polygon","properties":{"geoid":"12029","name":"Dixie"},"id":"12029"},{"arcs":[[-3103,3110,3111,3112,3113,3114,3115]],"type":"Polygon","properties":{"geoid":"31135","name":"Perkins"},"id":"31135"},{"arcs":[[3116,3117,-171,3118,-150,3119]],"type":"Polygon","properties":{"geoid":"05085","name":"Lonoke"},"id":"05085"},{"arcs":[[3120,3121,3122,3123,3124,3125,3126]],"type":"Polygon","properties":{"geoid":"05007","name":"Benton"},"id":"05007"},{"arcs":[[3127,3128,3129,3130,-196,3131]],"type":"Polygon","properties":{"geoid":"05039","name":"Dallas"},"id":"05039"},{"arcs":[[3132,3133,3134,3135,-3120,-149,3136]],"type":"Polygon","properties":{"geoid":"05045","name":"Faulkner"},"id":"05045"},{"arcs":[[3137,3138,3139,-200,-173,3140]],"type":"Polygon","properties":{"geoid":"05095","name":"Monroe"},"id":"05095"},{"arcs":[[3141,3142,-3141,-172,-3118]],"type":"Polygon","properties":{"geoid":"05117","name":"Prairie"},"id":"05117"},{"arcs":[[3143,3144,3145,-194,3146,3147]],"type":"Polygon","properties":{"geoid":"05099","name":"Nevada"},"id":"05099"},{"arcs":[[3148,3149,3150,3151,-185]],"type":"Polygon","properties":{"geoid":"05021","name":"Clay"},"id":"05021"},{"arcs":[[-191,3152,3153,3154,3155]],"type":"Polygon","properties":{"geoid":"05037","name":"Cross"},"id":"05037"},{"arcs":[[3156,-192,-3156,3157,-3138,-3143]],"type":"Polygon","properties":{"geoid":"05147","name":"Woodruff"},"id":"05147"},{"arcs":[[3158,3159,3160,3161,3162,3163,-3122]],"type":"Polygon","properties":{"geoid":"05015","name":"Carroll"},"id":"05015"},{"arcs":[[3164,3165,-3132,-195,-3146,3166]],"type":"Polygon","properties":{"geoid":"05019","name":"Clark"},"id":"05019"},{"arcs":[[3167,3168,-178,3169]],"type":"Polygon","properties":{"geoid":"05133","name":"Sevier"},"id":"05133"},{"arcs":[[3170,3171,3172,3173,3174,3175,3176,3177,-208]],"type":"Polygon","properties":{"geoid":"05017","name":"Chicot"},"id":"05017"},{"arcs":[[3178,-3167,-3145,3179,3180]],"type":"Polygon","properties":{"geoid":"05109","name":"Pike"},"id":"05109"},{"arcs":[[-3181,3181,-3169,3182]],"type":"Polygon","properties":{"geoid":"05061","name":"Howard"},"id":"05061"},{"arcs":[[-221,3183,3184,3185,-271,3186,3187]],"type":"Polygon","properties":{"geoid":"22079","name":"Rapides"},"id":"22079"},{"arcs":[[3188,-267,3189,3190,3191,3192]],"type":"Polygon","properties":{"geoid":"22073","name":"Ouachita"},"id":"22073"},{"arcs":[[-3177,3193,3194,3195]],"type":"Polygon","properties":{"geoid":"22123","name":"West Carroll"},"id":"22123"},{"arcs":[[3196,-277,3197,3198,3199,3200]],"type":"Polygon","properties":{"geoid":"22005","name":"Ascension"},"id":"22005"},{"arcs":[[[-214,-234,3201,3202,-229,3203,3204,3205]],[[3206]]],"type":"MultiPolygon","properties":{"geoid":"22045","name":"Iberia"},"id":"22045"},{"arcs":[[3207,3208,-3184,-220]],"type":"Polygon","properties":{"geoid":"22043","name":"Grant"},"id":"22043"},{"arcs":[[3209,-298,3210,-293,3211,3212,3213,3214,-300,3215]],"type":"Polygon","properties":{"geoid":"22107","name":"Tensas"},"id":"22107"},{"arcs":[[-3204,-231,3218,3219,3220]],"type":"Polygon","properties":{"geoid":"22101","name":"St. Mary"},"id":"22101"},{"arcs":[[3221,3222,3223,-3216,-306,3224]],"type":"Polygon","properties":{"geoid":"22025","name":"Catahoula"},"id":"22025"},{"arcs":[[3225,-263,3226,-217,3227]],"type":"Polygon","properties":{"geoid":"22081","name":"Red River"},"id":"22081"},{"arcs":[[3228,3229,3230,3231,3232]],"type":"Polygon","properties":{"geoid":"33017","name":"Strafford"},"id":"33017"},{"arcs":[[3233,-3232,3234,3235,3236,3237]],"type":"Polygon","properties":{"geoid":"33015","name":"Rockingham"},"id":"33015"},{"arcs":[[3238,3239,3240,-315,3241,3242,3243,3244,3245]],"type":"Polygon","properties":{"geoid":"33009","name":"Grafton"},"id":"33009"},{"arcs":[[3246,3247,3248,-634]],"type":"Polygon","properties":{"geoid":"34007","name":"Camden"},"id":"34007"},{"arcs":[[3249,3250,3251,3252,-317,3253]],"type":"Polygon","properties":{"geoid":"34031","name":"Passaic"},"id":"34031"},{"arcs":[[3254,3255,3256,3257,3258,3259,3260]],"type":"Polygon","properties":{"geoid":"34011","name":"Cumberland"},"id":"34011"},{"arcs":[[3261,-3248,3262,3263,3264,3265,-3256]],"type":"Polygon","properties":{"geoid":"34001","name":"Atlantic"},"id":"34001"},{"arcs":[[-325,3266,3267,3268,3269,-685]],"type":"Polygon","properties":{"geoid":"34021","name":"Mercer"},"id":"34021"},{"arcs":[[3270,3271,3272,-3267,-324]],"type":"Polygon","properties":{"geoid":"34035","name":"Somerset"},"id":"34035"},{"arcs":[[3273,3274,3275,3276,3277,-358,3278]],"type":"Polygon","properties":{"geoid":"29189","name":"St. Louis"},"id":"29189"},{"arcs":[[3279,3280,3281,3282,3283]],"type":"Polygon","properties":{"geoid":"29113","name":"Lincoln"},"id":"29113"},{"arcs":[[3284,-340,3285,-3150,3286,3287]],"type":"Polygon","properties":{"geoid":"29023","name":"Butler"},"id":"29023"},{"arcs":[[3288,-377,3289,3290,3291]],"type":"Polygon","properties":{"geoid":"29123","name":"Madison"},"id":"29123"},{"arcs":[[3292,-396,-2387,3293,-2678,-1060,3294]],"type":"Polygon","properties":{"geoid":"30001","name":"Beaverhead"},"id":"30001"},{"arcs":[[-1691,3295,3296,3297,3298]],"type":"Polygon","properties":{"geoid":"30083","name":"Richland"},"id":"30083"},{"arcs":[[-2362,3299,3300,-2388,-2355,3301,-352]],"type":"Polygon","properties":{"geoid":"30049","name":"Lewis and Clark"},"id":"30049"},{"arcs":[[3302,3303,3304,3305,-379,3306]],"type":"Polygon","properties":{"geoid":"29037","name":"Cass"},"id":"29037"},{"arcs":[[-375,3307,-1384,3308,-336,3309]],"type":"Polygon","properties":{"geoid":"29031","name":"Cape Girardeau"},"id":"29031"},{"arcs":[[3310,3311,-400,3312,3313,3314,3315]],"type":"Polygon","properties":{"geoid":"29159","name":"Pettis"},"id":"29159"},{"arcs":[[3316,3317,3318,3319,3320,3321,3322]],"type":"Polygon","properties":{"geoid":"25017","name":"Middlesex"},"id":"25017"},{"arcs":[[3323,3324,3325,3326,3327]],"type":"Polygon","properties":{"geoid":"36013","name":"Chautauqua"},"id":"36013"},{"arcs":[[3328,3329,3330,3331,3332,-3326]],"type":"Polygon","properties":{"geoid":"36009","name":"Cattaraugus"},"id":"36009"},{"arcs":[[-1593,3333,3334,3335,3336,-1784,3337]],"type":"Polygon","properties":{"geoid":"36115","name":"Washington"},"id":"36115"},{"arcs":[[[3338]],[[3339,3340,3341,3342,3343,3344,3345,3346,3347]],[[3348]],[[3349]],[[3352]],[[3353,3354,3355,3356,-1586]]],"type":"MultiPolygon","properties":{"geoid":"02122","name":"Kenai Peninsula"},"id":"02122"},{"arcs":[[-1774,3357,3358,3359,-3251,3360,-2188,3361]],"type":"Polygon","properties":{"geoid":"36071","name":"Orange"},"id":"36071"},{"arcs":[[[3362]],[[3363,3364,-981,3365]],[[3366]]],"type":"MultiPolygon","properties":{"geoid":"02180","name":"Nome"},"id":"02180"},{"arcs":[[3367,3368,3369,3370,3371,-3355,3372,3373]],"type":"Polygon","properties":{"geoid":"02170","name":"Matanuska-Susitna"},"id":"02170"},{"arcs":[[[3374]],[[3375,3376]],[[-2501,3377]],[[3378,3379]]],"type":"MultiPolygon","properties":{"geoid":"37055","name":"Dare"},"id":"37055"},{"arcs":[[3380,3381,3382,3383,-1642,3384,3385]],"type":"Polygon","properties":{"geoid":"21135","name":"Lewis"},"id":"21135"},{"arcs":[[3386,-2503,3387,-1158,3388,3389]],"type":"Polygon","properties":{"geoid":"37029","name":"Camden"},"id":"37029"},{"arcs":[[-2605,-1047,-1617,-75,3390,-1673]],"type":"Polygon","properties":{"geoid":"21095","name":"Harlan"},"id":"21095"},{"arcs":[[3391,-1653,3392,3393,3394]],"type":"Polygon","properties":{"geoid":"21229","name":"Washington"},"id":"21229"},{"arcs":[[-2479,-2115,-646,-1117]],"type":"Polygon","properties":{"geoid":"37149","name":"Polk"},"id":"37149"},{"arcs":[[3395,3396,3397,3398,-3046,3399,-71,-1616]],"type":"Polygon","properties":{"geoid":"21195","name":"Pike"},"id":"21195"},{"arcs":[[3400,3401,-1647,-2594,3402]],"type":"Polygon","properties":{"geoid":"21011","name":"Bath"},"id":"21011"},{"arcs":[[3403,-1536,3404,3405,3406,3407,-1936,3408]],"type":"Polygon","properties":{"geoid":"04001","name":"Apache"},"id":"04001"},{"arcs":[[-1662,3409,-3397,3410,-2611]],"type":"Polygon","properties":{"geoid":"21071","name":"Floyd"},"id":"21071"},{"arcs":[[3411,3412,-3401,3413,-2709]],"type":"Polygon","properties":{"geoid":"21181","name":"Nicholas"},"id":"21181"},{"arcs":[[3414,3415,-1676,3416,-1846,-2018]],"type":"Polygon","properties":{"geoid":"21235","name":"Whitley"},"id":"21235"},{"arcs":[[3417,-1680,-1670,-3416]],"type":"Polygon","properties":{"geoid":"21121","name":"Knox"},"id":"21121"},{"arcs":[[-1606,3418,3419,-1684,-1677,3420,-2013]],"type":"Polygon","properties":{"geoid":"21109","name":"Jackson"},"id":"21109"},{"arcs":[[3421,3422,3423,3424,3425,3426]],"type":"Polygon","properties":{"geoid":"21031","name":"Butler"},"id":"21031"},{"arcs":[[3427,3428,3429,3430,3431]],"type":"Polygon","properties":{"geoid":"30051","name":"Liberty"},"id":"30051"},{"arcs":[[3432,-2358,-393,-3293,3433,3434]],"type":"Polygon","properties":{"geoid":"30023","name":"Deer Lodge"},"id":"30023"},{"arcs":[[3435,3436,3437,3438,3439,3440]],"type":"Polygon","properties":{"geoid":"17125","name":"Mason"},"id":"17125"},{"arcs":[[-1714,-1710,-1701,-1703,3441,3442]],"type":"Polygon","properties":{"geoid":"24027","name":"Howard"},"id":"24027"},{"arcs":[[3443,-2781,3444,-3442,-1707,3445,3446,3447]],"type":"Polygon","properties":{"geoid":"24033","name":"Prince George's"},"id":"24033"},{"arcs":[[3448,-3447,3449,3450,3451]],"type":"Polygon","properties":{"geoid":"24017","name":"Charles"},"id":"24017"},{"arcs":[[3454,-3319,3455,3456,3457,-3321]],"type":"Polygon","properties":{"geoid":"25025","name":"Suffolk"},"id":"25025"},{"arcs":[[3458,3459]],"type":"Polygon","properties":{"geoid":"25001","name":"Barnstable"},"id":"25001"},{"arcs":[[3460,3461,-3323,3462,3463,3464,3465,3466,3467,3468]],"type":"Polygon","properties":{"geoid":"25027","name":"Worcester"},"id":"25027"},{"arcs":[[3469,3470,3471,-3469,3472,3473]],"type":"Polygon","properties":{"geoid":"25011","name":"Franklin"},"id":"25011"},{"arcs":[[3474,3475,-3451]],"type":"Polygon","properties":{"geoid":"24037","name":"St. Mary's"},"id":"24037"},{"arcs":[[-1528,3476,3477,3478]],"type":"Polygon","properties":{"geoid":"24041","name":"Talbot"},"id":"24041"},{"arcs":[[3479,3480,3481,3482,3483,3484]],"type":"Polygon","properties":{"geoid":"24023","name":"Garrett"},"id":"24023"},{"arcs":[[[3485]],[[-3478,3486,3487,3488,3489]]],"type":"MultiPolygon","properties":{"geoid":"24019","name":"Dorchester"},"id":"24019"},{"arcs":[[3490,-3467,3491,3492,3493,3494]],"type":"Polygon","properties":{"geoid":"25013","name":"Hampden"},"id":"25013"},{"arcs":[[-3473,-3468,-3491,3495]],"type":"Polygon","properties":{"geoid":"25015","name":"Hampshire"},"id":"25015"},{"arcs":[[3496,3497,3498,3499]],"type":"Polygon","properties":{"geoid":"39043","name":"Erie"},"id":"39043"},{"arcs":[[3500,3501,-2159,3502,3503]],"type":"Polygon","properties":{"geoid":"39051","name":"Fulton"},"id":"39051"},{"arcs":[[3504,3505,3506,3507,3508,3509]],"type":"Polygon","properties":{"geoid":"28029","name":"Copiah"},"id":"28029"},{"arcs":[[-297,3510,3511,3512,3513,3514,-3212,-294,-3211]],"type":"Polygon","properties":{"geoid":"28149","name":"Warren"},"id":"28149"},{"arcs":[[-1752,3515,3516,3517,-1761]],"type":"Polygon","properties":{"geoid":"28051","name":"Holmes"},"id":"28051"},{"arcs":[[3518,-204,3519,3520,3521,-3173]],"type":"Polygon","properties":{"geoid":"28011","name":"Bolivar"},"id":"28011"},{"arcs":[[3522,3523,3524,3525,3526,-302]],"type":"Polygon","properties":{"geoid":"28157","name":"Wilkinson"},"id":"28157"},{"arcs":[[-3215,3527,3528,-3523,-301]],"type":"Polygon","properties":{"geoid":"28001","name":"Adams"},"id":"28001"},{"arcs":[[-1762,-3518,3529,3530,-3513,3531,3532]],"type":"Polygon","properties":{"geoid":"28163","name":"Yazoo"},"id":"28163"},{"arcs":[[3533,3534,3535,3536,3537]],"type":"Polygon","properties":{"geoid":"28121","name":"Rankin"},"id":"28121"},{"arcs":[[3538,-1758,3539,3540,3541,3542]],"type":"Polygon","properties":{"geoid":"28103","name":"Noxubee"},"id":"28103"},{"arcs":[[3543,-1746,-1743,3544,3545,3546,-202,3547]],"type":"Polygon","properties":{"geoid":"28143","name":"Tunica"},"id":"28143"},{"arcs":[[3548,3549,3550,3551,3552,3553]],"type":"Polygon","properties":{"geoid":"36051","name":"Livingston"},"id":"36051"},{"arcs":[[3554,3555,3556,3557]],"type":"Polygon","properties":{"geoid":"36067","name":"Onondaga"},"id":"36067"},{"arcs":[[-1594,-3338,-1783,3558]],"type":"Polygon","properties":{"geoid":"36113","name":"Warren"},"id":"36113"},{"arcs":[[3559,-1782,3560,3561,3562]],"type":"Polygon","properties":{"geoid":"36065","name":"Oneida"},"id":"36065"},{"arcs":[[3563,3564,3565,3566,3567,3568,3569]],"type":"Polygon","properties":{"geoid":"47147","name":"Robertson"},"id":"47147"},{"arcs":[[-2732,3570,-1897,-1859,3571,3572]],"type":"Polygon","properties":{"geoid":"47117","name":"Marshall"},"id":"47117"},{"arcs":[[3573,3574,-1825,3575,-1803,-1882,-1084]],"type":"Polygon","properties":{"geoid":"47141","name":"Putnam"},"id":"47141"},{"arcs":[[3576,3577,3578,3579]],"type":"Polygon","properties":{"geoid":"48501","name":"Yoakum"},"id":"48501"},{"arcs":[[3580,3581,3582,3583,3584,-1886,-1952]],"type":"Polygon","properties":{"geoid":"49047","name":"Uintah"},"id":"49047"},{"arcs":[[3585,3586,3587,-1898,-3571,-2731,-1829]],"type":"Polygon","properties":{"geoid":"47187","name":"Williamson"},"id":"47187"},{"arcs":[[3588,-1812,3589,3590,-1823]],"type":"Polygon","properties":{"geoid":"47129","name":"Morgan"},"id":"47129"},{"arcs":[[-1804,-3576,-1824,-3591,3591,-1833,3592,3593,-1800,3594]],"type":"Polygon","properties":{"geoid":"47035","name":"Cumberland"},"id":"47035"},{"arcs":[[3595,3596,3597,3598,-1180,3599]],"type":"Polygon","properties":{"geoid":"47059","name":"Greene"},"id":"47059"},{"arcs":[[3600,3601,-1497,3602,-1493,3603]],"type":"Polygon","properties":{"geoid":"01115","name":"St. Clair"},"id":"01115"},{"arcs":[[3604,3605,3606,-2815,3607,3608]],"type":"Polygon","properties":{"geoid":"01087","name":"Macon"},"id":"01087"},{"arcs":[[3609,-1298,-1297,-2821,3610,3611,3612,3613]],"type":"Polygon","properties":{"geoid":"01095","name":"Marshall"},"id":"01095"},{"arcs":[[3614,3615,3616,-1515,3617,3618,3619]],"type":"Polygon","properties":{"geoid":"01023","name":"Choctaw"},"id":"01023"},{"arcs":[[-1506,3620,-1516,3621,3622,3623]],"type":"Polygon","properties":{"geoid":"01085","name":"Lowndes"},"id":"01085"},{"arcs":[[3624,3625,3626,3627,-1250]],"type":"Polygon","properties":{"geoid":"32021","name":"Mineral"},"id":"32021"},{"arcs":[[-2772,-2779,3628,-971,-2698,-1539]],"type":"Polygon","properties":{"geoid":"35007","name":"Colfax"},"id":"35007"},{"arcs":[[-3540,-1757,3629,3630,3631,3632,3633]],"type":"Polygon","properties":{"geoid":"01107","name":"Pickens"},"id":"01107"},{"arcs":[[3634,3635,3636,3637,3638,3639]],"type":"Polygon","properties":{"geoid":"35015","name":"Eddy"},"id":"35015"},{"arcs":[[3641,-1542,3642,3643]],"type":"Polygon","properties":{"geoid":"36059","name":"Nassau"},"id":"36059"},{"arcs":[[3644,-1842,3645,-2422,3646,-1851]],"type":"Polygon","properties":{"geoid":"47009","name":"Blount"},"id":"47009"},{"arcs":[[-3567,3647,3648,3649,3650,3651,3652]],"type":"Polygon","properties":{"geoid":"47165","name":"Sumner"},"id":"47165"},{"arcs":[[-1857,-2749,3653,3654]],"type":"Polygon","properties":{"geoid":"47127","name":"Moore"},"id":"47127"},{"arcs":[[-3652,3655,-1086,-1885,3656,-1894,3657]],"type":"Polygon","properties":{"geoid":"47189","name":"Wilson"},"id":"47189"},{"arcs":[[-3568,-3653,-3658,-1893,-3588,3658]],"type":"Polygon","properties":{"geoid":"47037","name":"Davidson"},"id":"47037"},{"arcs":[[-2000,3659,3660,3661,-792]],"type":"Polygon","properties":{"geoid":"48413","name":"Schleicher"},"id":"48413"},{"arcs":[[3662,-2959,3663,-2956,-1876,-1860,3664,3665]],"type":"Polygon","properties":{"geoid":"47163","name":"Sullivan"},"id":"47163"},{"arcs":[[3666,3667,3668,-1631,3669]],"type":"Polygon","properties":{"geoid":"18147","name":"Spencer"},"id":"18147"},{"arcs":[[3670,3671,3672,-3235,-3231,3673]],"type":"Polygon","properties":{"geoid":"23031","name":"York"},"id":"23031"},{"arcs":[[3674,3675,3676,3677,3678]],"type":"Polygon","properties":{"geoid":"23007","name":"Franklin"},"id":"23007"},{"arcs":[[-1915,3679,3680]],"type":"Polygon","properties":{"geoid":"23021","name":"Piscataquis"},"id":"23021"},{"arcs":[[-1902,3681,3682,3683,-1930,3684]],"type":"Polygon","properties":{"geoid":"04005","name":"Coconino"},"id":"04005"},{"arcs":[[-1932,3685,3686,3687,3688,3689]],"type":"Polygon","properties":{"geoid":"04013","name":"Maricopa"},"id":"04013"},{"arcs":[[-3684,3690,-1941,3691,-3686,-1931]],"type":"Polygon","properties":{"geoid":"04007","name":"Gila"},"id":"04007"},{"arcs":[[3692,3693,3694,-1933,-3690,3695,-1256]],"type":"Polygon","properties":{"geoid":"04012","name":"La Paz"},"id":"04012"},{"arcs":[[-3692,-1940,3696,-3687]],"type":"Polygon","properties":{"geoid":"04021","name":"Pinal"},"id":"04021"},{"arcs":[[3697,3698,3699,-850,3700]],"type":"Polygon","properties":{"geoid":"53031","name":"Jefferson"},"id":"53031"},{"arcs":[[-2620,3701,3702,-889,3703,-1660,-2617]],"type":"Polygon","properties":{"geoid":"21127","name":"Lawrence"},"id":"21127"},{"arcs":[[3704,3705,3706,3707,3708,3709,3710]],"type":"Polygon","properties":{"geoid":"27053","name":"Hennepin"},"id":"27053"},{"arcs":[[3711,3712,3713,3714,3715]],"type":"Polygon","properties":{"geoid":"27121","name":"Pope"},"id":"27121"},{"arcs":[[3716,3717,3718,3719,3720,3721,3722,3723]],"type":"Polygon","properties":{"geoid":"27021","name":"Cass"},"id":"27021"},{"arcs":[[3724,3725,3726,3727,3728,-1977,-1968,3729,-2023]],"type":"Polygon","properties":{"geoid":"27129","name":"Renville"},"id":"27129"},{"arcs":[[3730,-2728]],"type":"Polygon","properties":{"geoid":"27031","name":"Cook"},"id":"27031"},{"arcs":[[3731,-1976,3732,-2721,3733,-1029]],"type":"Polygon","properties":{"geoid":"27107","name":"Norman"},"id":"27107"},{"arcs":[[3734,-1972,3735,3736,3737]],"type":"Polygon","properties":{"geoid":"27083","name":"Lyon"},"id":"27083"},{"arcs":[[3738,-3705,3739,3740,3741,3742]],"type":"Polygon","properties":{"geoid":"27171","name":"Wright"},"id":"27171"},{"arcs":[[3743,3744,3745,3746,3747,3748,3749,-1019]],"type":"Polygon","properties":{"geoid":"27089","name":"Marshall"},"id":"27089"},{"arcs":[[3750,3751,-3745,3752]],"type":"Polygon","properties":{"geoid":"27069","name":"Kittson"},"id":"27069"},{"arcs":[[-2724,3753,3754,3755,3756]],"type":"Polygon","properties":{"geoid":"27167","name":"Wilkin"},"id":"27167"},{"arcs":[[-2376,3757,-420,3758,3759]],"type":"Polygon","properties":{"geoid":"30069","name":"Petroleum"},"id":"30069"},{"arcs":[[3760,3761,3762,3763]],"type":"Polygon","properties":{"geoid":"46043","name":"Douglas"},"id":"46043"},{"arcs":[[-3662,-2552,3764,3765,-793]],"type":"Polygon","properties":{"geoid":"48435","name":"Sutton"},"id":"48435"},{"arcs":[[3766,3767,3768,3769,3770]],"type":"Polygon","properties":{"geoid":"48433","name":"Stonewall"},"id":"48433"},{"arcs":[[-2710,-3414,3771,-1051,-1627,-1611]],"type":"Polygon","properties":{"geoid":"21017","name":"Bourbon"},"id":"21017"},{"arcs":[[-3384,3772,3773,-3702,-2619,-1643]],"type":"Polygon","properties":{"geoid":"21043","name":"Carter"},"id":"21043"},{"arcs":[[3774,-1669,3775,3776,3777,-2601]],"type":"Polygon","properties":{"geoid":"21033","name":"Caldwell"},"id":"21033"},{"arcs":[[3778,3779,-1995,3780,3781]],"type":"Polygon","properties":{"geoid":"46137","name":"Ziebach"},"id":"46137"},{"arcs":[[3782,-1263,-1524,3783,-3694,3784,3785,-513]],"type":"Polygon","properties":{"geoid":"06071","name":"San Bernardino"},"id":"06071"},{"arcs":[[-180,3786,3787,-259,3788,-40,-2565]],"type":"Polygon","properties":{"geoid":"05091","name":"Miller"},"id":"05091"},{"arcs":[[3789,3790,3791,-517,-563,-2637]],"type":"Polygon","properties":{"geoid":"06113","name":"Yolo"},"id":"06113"},{"arcs":[[3792,3793,3794,3795,3796]],"type":"Polygon","properties":{"geoid":"12055","name":"Highlands"},"id":"12055"},{"arcs":[[3797,3798,-588,3799,3800,3801]],"type":"Polygon","properties":{"geoid":"12077","name":"Liberty"},"id":"12077"},{"arcs":[[3802,3803,3804,3805,-3481,3806]],"type":"Polygon","properties":{"geoid":"42111","name":"Somerset"},"id":"42111"},{"arcs":[[-3464,3807,3808,3809,3810,3811,3812]],"type":"Polygon","properties":{"geoid":"44007","name":"Providence"},"id":"44007"},{"arcs":[[3813,3814,3815,-649,3816,-1153,3817,3818]],"type":"Polygon","properties":{"geoid":"45007","name":"Anderson"},"id":"45007"},{"arcs":[[-2425,-2542,-2224,-656,-2134,3819]],"type":"Polygon","properties":{"geoid":"45025","name":"Chesterfield"},"id":"45025"},{"arcs":[[3820,3821,3822,3823,3824,3825,3826,-2151]],"type":"Polygon","properties":{"geoid":"42097","name":"Northumberland"},"id":"42097"},{"arcs":[[3827,3828,-2128,3829,3830]],"type":"Polygon","properties":{"geoid":"45017","name":"Calhoun"},"id":"45017"},{"arcs":[[-734,3832,-2295,3833,-2297,3834,-2301,3835,-2299,3836,3837,3838,-2248,3839]],"type":"Polygon","properties":{"geoid":"48201","name":"Harris"},"id":"48201"},{"arcs":[[3840,3841,-2335,3842,3843,-3]],"type":"Polygon","properties":{"geoid":"48399","name":"Runnels"},"id":"48399"},{"arcs":[[[3846,3847]],[[-2009,-2553,3848,3849,3850,3851,3852,3853,3854]]],"type":"MultiPolygon","properties":{"geoid":"48057","name":"Calhoun"},"id":"48057"},{"arcs":[[3855,3856,-2010,-3855,3857,3858]],"type":"Polygon","properties":{"geoid":"48469","name":"Victoria"},"id":"48469"},{"arcs":[[3859,3860,3861,-3070]],"type":"Polygon","properties":{"geoid":"51133","name":"Northumberland"},"id":"51133"},{"arcs":[[-3050,-49,-72,-3400]],"type":"Polygon","properties":{"geoid":"51051","name":"Dickenson"},"id":"51051"},{"arcs":[[-1901,3862,3863,-1888,3864,-2825,-2794,-2796,-3404,3865,-3682]],"type":"Polygon","properties":{"geoid":"49037","name":"San Juan"},"id":"49037"},{"arcs":[[3866,-1953,-1889,3867,3868]],"type":"Polygon","properties":{"geoid":"49015","name":"Emery"},"id":"49015"},{"arcs":[[3869,3870,3871,-3863,-1900,3872]],"type":"Polygon","properties":{"geoid":"49017","name":"Garfield"},"id":"49017"},{"arcs":[[[3873,3874,3875,3876,3877]],[[3878]]],"type":"MultiPolygon","properties":{"geoid":"53033","name":"King"},"id":"53033"},{"arcs":[[[3879]],[[3880,3881,3882]]],"type":"MultiPolygon","properties":{"geoid":"53073","name":"Whatcom"},"id":"53073"},{"arcs":[[3883,3884,-861,3885,3886,3887,3888]],"type":"Polygon","properties":{"geoid":"53077","name":"Yakima"},"id":"53077"},{"arcs":[[3889,3890,3891,-3884,-3876]],"type":"Polygon","properties":{"geoid":"53037","name":"Kittitas"},"id":"53037"},{"arcs":[[-853,-1961,3892,-3888,3893,-908,3894,3895]],"type":"Polygon","properties":{"geoid":"53041","name":"Lewis"},"id":"53041"},{"arcs":[[-854,-3896,3896,3897]],"type":"Polygon","properties":{"geoid":"53049","name":"Pacific"},"id":"53049"},{"arcs":[[3898,3899,3900,-2623,-117,3901]],"type":"Polygon","properties":{"geoid":"54075","name":"Pocahontas"},"id":"54075"},{"arcs":[[3902,3903,3904,3905,3906,3907]],"type":"Polygon","properties":{"geoid":"54109","name":"Wyoming"},"id":"54109"},{"arcs":[[-835,3908,3909,3910,-3905,3911]],"type":"Polygon","properties":{"geoid":"54081","name":"Raleigh"},"id":"54081"},{"arcs":[[3912,-842,3913,3914,3915,-833]],"type":"Polygon","properties":{"geoid":"54067","name":"Nicholas"},"id":"54067"},{"arcs":[[-924,-2975,-3068,-62,3916,3917]],"type":"Polygon","properties":{"geoid":"54031","name":"Hardy"},"id":"54031"},{"arcs":[[[3918]],[[3919]],[[3920]],[[3921]],[[3922,3923,3924,3925,3926]]],"type":"MultiPolygon","properties":{"geoid":"55003","name":"Ashland"},"id":"55003"},{"arcs":[[3927,3928,3929,3930,3931]],"type":"Polygon","properties":{"geoid":"53065","name":"Stevens"},"id":"53065"},{"arcs":[[3932,3933,3934,-3890,-3875,3935]],"type":"Polygon","properties":{"geoid":"53007","name":"Chelan"},"id":"53007"},{"arcs":[[3936,3937,3938,-831,3939]],"type":"Polygon","properties":{"geoid":"54087","name":"Roane"},"id":"54087"},{"arcs":[[-887,-935,3940,-3908,3941,-3047,-3399,3942]],"type":"Polygon","properties":{"geoid":"54059","name":"Mingo"},"id":"54059"},{"arcs":[[3943,3944,3945,3946]],"type":"Polygon","properties":{"geoid":"54037","name":"Jefferson"},"id":"54037"},{"arcs":[[-1228,3947,-926,3948]],"type":"Polygon","properties":{"geoid":"55037","name":"Florence"},"id":"55037"},{"arcs":[[3949,3950,-857,-824]],"type":"Polygon","properties":{"geoid":"53071","name":"Walla Walla"},"id":"53071"},{"arcs":[[-3915,3951,-3902,-116,-3028,3952,3953,3954]],"type":"Polygon","properties":{"geoid":"54025","name":"Greenbrier"},"id":"54025"},{"arcs":[[3955,3956,3957,3958]],"type":"Polygon","properties":{"geoid":"54093","name":"Tucker"},"id":"54093"},{"arcs":[[3959,3960,3961,3962,3963,3964,3965]],"type":"Polygon","properties":{"geoid":"13019","name":"Berrien"},"id":"13019"},{"arcs":[[-463,3966,3967,-2524,3968,3969]],"type":"Polygon","properties":{"geoid":"13291","name":"Union"},"id":"13291"},{"arcs":[[3970,3971,3972,3973,3974]],"type":"Polygon","properties":{"geoid":"13171","name":"Lamar"},"id":"13171"},{"arcs":[[3975,3976,-433,3977,3978,3979,-950]],"type":"Polygon","properties":{"geoid":"16035","name":"Clearwater"},"id":"16035"},{"arcs":[[3980,3981,-1057,-1073,3982,3983]],"type":"Polygon","properties":{"geoid":"16085","name":"Valley"},"id":"16085"},{"arcs":[[-3980,3984,-951]],"type":"Polygon","properties":{"geoid":"16061","name":"Lewis"},"id":"16061"},{"arcs":[[3985,3986,3987,3988,3989,-2520,3990]],"type":"Polygon","properties":{"geoid":"13263","name":"Talbot"},"id":"13263"},{"arcs":[[3991,3992,3993,3994]],"type":"Polygon","properties":{"geoid":"16025","name":"Camas"},"id":"16025"},{"arcs":[[-2679,-3294,-2386,-441,3995,3996,3997,3998]],"type":"Polygon","properties":{"geoid":"16043","name":"Fremont"},"id":"16043"},{"arcs":[[3999,4000,-3981,4001,4002,4003]],"type":"Polygon","properties":{"geoid":"16003","name":"Adams"},"id":"16003"},{"arcs":[[4004,4005,4006,4007,4008,4009,4010]],"type":"Polygon","properties":{"geoid":"35051","name":"Sierra"},"id":"35051"},{"arcs":[[4011,-4010,4012,4013,4014]],"type":"Polygon","properties":{"geoid":"35017","name":"Grant"},"id":"35017"},{"arcs":[[4015,4016,4017,-2578]],"type":"Polygon","properties":{"geoid":"48507","name":"Zavala"},"id":"48507"},{"arcs":[[4018,4019,-2334,4020,-2945,4021,4022]],"type":"Polygon","properties":{"geoid":"48411","name":"San Saba"},"id":"48411"},{"arcs":[[4023,4024,-1444,4025,4026,4027,4028,4029]],"type":"Polygon","properties":{"geoid":"41023","name":"Grant"},"id":"41023"},{"arcs":[[-3633,4030,4031,-1509,4032]],"type":"Polygon","properties":{"geoid":"01063","name":"Greene"},"id":"01063"},{"arcs":[[-3365,4033,4034,4035,4036,4037,4038,-3374,4039,-982]],"type":"Polygon","properties":{"geoid":"02290","name":"Yukon-Koyukuk"},"id":"02290"},{"arcs":[[4040,4041,4042,-784,-1008,4043]],"type":"Polygon","properties":{"geoid":"40023","name":"Choctaw"},"id":"40023"},{"arcs":[[[4044]],[[4045]],[[4046]],[[4047,4048,4049,4050]]],"type":"MultiPolygon","properties":{"geoid":"02130","name":"Ketchikan Gateway"},"id":"02130"},{"arcs":[[4051,4052,4053,-2606,4054,-3668]],"type":"Polygon","properties":{"geoid":"18123","name":"Perry"},"id":"18123"},{"arcs":[[[4055]],[[4056,4057]]],"type":"MultiPolygon","properties":{"geoid":"55029","name":"Door"},"id":"55029"},{"arcs":[[4058,4059,-901,4060,4061]],"type":"Polygon","properties":{"geoid":"55023","name":"Crawford"},"id":"55023"},{"arcs":[[4062,4063,4064,4065,4066,4067,4068,-439]],"type":"Polygon","properties":{"geoid":"56029","name":"Park"},"id":"56029"},{"arcs":[[4069,4070,4071,4072,4073,4074]],"type":"Polygon","properties":{"geoid":"55001","name":"Adams"},"id":"55001"},{"arcs":[[4075,-3927,4076,4077]],"type":"Polygon","properties":{"geoid":"55007","name":"Bayfield"},"id":"55007"},{"arcs":[[4078,4079,4080,4081,-3924]],"type":"Polygon","properties":{"geoid":"55051","name":"Iron"},"id":"55051"},{"arcs":[[4082,4083,4084,4085,4086,4087]],"type":"Polygon","properties":{"geoid":"40067","name":"Jefferson"},"id":"40067"},{"arcs":[[4088,4089,4090,4091,4092,4093,4094]],"type":"Polygon","properties":{"geoid":"40075","name":"Kiowa"},"id":"40075"},{"arcs":[[4095,4096,-2971,-922,4097]],"type":"Polygon","properties":{"geoid":"54065","name":"Morgan"},"id":"54065"},{"arcs":[[-873,4098,4099,-839,4100]],"type":"Polygon","properties":{"geoid":"54021","name":"Gilmer"},"id":"54021"},{"arcs":[[4101,4102,4103,4104,4105]],"type":"Polygon","properties":{"geoid":"20069","name":"Gray"},"id":"20069"},{"arcs":[[4106,-3953,-3027,4107,4108]],"type":"Polygon","properties":{"geoid":"54063","name":"Monroe"},"id":"54063"},{"arcs":[[4109,4110,4111,4112,4113,4114]],"type":"Polygon","properties":{"geoid":"20161","name":"Riley"},"id":"20161"},{"arcs":[[-3484,4115,-3918,4116,4117,-3957,4118]],"type":"Polygon","properties":{"geoid":"54023","name":"Grant"},"id":"54023"},{"arcs":[[4119,4120,4121,4122,4123]],"type":"Polygon","properties":{"geoid":"20175","name":"Seward"},"id":"20175"},{"arcs":[[4124,4125,4126,4127,4128,4129,4130]],"type":"Polygon","properties":{"geoid":"46127","name":"Union"},"id":"46127"},{"arcs":[[4131,4132,-1949,-1955,4133,4134]],"type":"Polygon","properties":{"geoid":"49035","name":"Salt Lake"},"id":"49035"},{"arcs":[[4135,4136,4137,-4135,4138,4139,4140]],"type":"Polygon","properties":{"geoid":"49045","name":"Tooele"},"id":"49045"},{"arcs":[[-4134,-1957,4141,-1950,4142,4143,-4139]],"type":"Polygon","properties":{"geoid":"49049","name":"Utah"},"id":"49049"},{"arcs":[[4144,-1067,4145,4146,4147]],"type":"Polygon","properties":{"geoid":"49005","name":"Cache"},"id":"49005"},{"arcs":[[4148,-4147,4149,4150,4151]],"type":"Polygon","properties":{"geoid":"49057","name":"Weber"},"id":"49057"},{"arcs":[[4152,4153,-4148,-4149,-4137,4154]],"type":"Polygon","properties":{"geoid":"49003","name":"Box Elder"},"id":"49003"},{"arcs":[[4155,-3246,4156,4157,4158,4159,4160]],"type":"Polygon","properties":{"geoid":"50027","name":"Windsor"},"id":"50027"},{"arcs":[[4161,-1942,-4133,4162,-4151]],"type":"Polygon","properties":{"geoid":"49029","name":"Morgan"},"id":"49029"},{"arcs":[[4163,4164,4165,4166]],"type":"Polygon","properties":{"geoid":"20101","name":"Lane"},"id":"20101"},{"arcs":[[4167,4168,4169,-1510,-4032]],"type":"Polygon","properties":{"geoid":"01065","name":"Hale"},"id":"01065"},{"arcs":[[4170,4171,4172,4173,-1381]],"type":"Polygon","properties":{"geoid":"21007","name":"Ballard"},"id":"21007"},{"arcs":[[4174,4175,4176,4177,-3649,4178]],"type":"Polygon","properties":{"geoid":"21003","name":"Allen"},"id":"21003"},{"arcs":[[4179,-2950,4180,4181,-2303]],"type":"Polygon","properties":{"geoid":"48051","name":"Burleson"},"id":"48051"},{"arcs":[[4182,4183,4184,-236,4185]],"type":"Polygon","properties":{"geoid":"28113","name":"Pike"},"id":"28113"},{"arcs":[[4186,4187,4188,4189,4190,4191,-3517]],"type":"Polygon","properties":{"geoid":"28007","name":"Attala"},"id":"28007"},{"arcs":[[-3637,4192,4193,4194,4195]],"type":"Polygon","properties":{"geoid":"48301","name":"Loving"},"id":"48301"},{"arcs":[[4196,4197,4198,4199]],"type":"Polygon","properties":{"geoid":"19009","name":"Audubon"},"id":"19009"},{"arcs":[[4200,4201,4202,4203,-2888]],"type":"Polygon","properties":{"geoid":"19063","name":"Emmet"},"id":"19063"},{"arcs":[[-944,4204,4205,4206,4207,4208]],"type":"Polygon","properties":{"geoid":"13001","name":"Appling"},"id":"13001"},{"arcs":[[4209,4210,-3644,4211,4212,4213]],"type":"Polygon","properties":{"geoid":"36081","name":"Queens"},"id":"36081"},{"arcs":[[4214,-3821,-1433,4215,4216,4217]],"type":"Polygon","properties":{"geoid":"42067","name":"Juniata"},"id":"42067"},{"arcs":[[4218,4219,-4216,-1432,-714,4220,-1712,4221]],"type":"Polygon","properties":{"geoid":"42055","name":"Franklin"},"id":"42055"},{"arcs":[[4222,-2204,4223,4224,4225,4226,4227,-1413]],"type":"Polygon","properties":{"geoid":"40079","name":"Le Flore"},"id":"40079"},{"arcs":[[-2185,4228,4229,-2171,-1438,4230,4231]],"type":"Polygon","properties":{"geoid":"41019","name":"Douglas"},"id":"41019"},{"arcs":[[4232,4233,4234,4235,4236,4237,4238,-4027]],"type":"Polygon","properties":{"geoid":"41045","name":"Malheur"},"id":"41045"},{"arcs":[[4239,4240,-2178,-1420,-2183,-1428]],"type":"Polygon","properties":{"geoid":"41043","name":"Linn"},"id":"41043"},{"arcs":[[4241,4242,4243,4244,4245]],"type":"Polygon","properties":{"geoid":"42023","name":"Cameron"},"id":"42023"},{"arcs":[[4246,4247,4248,4249,4250,-1451]],"type":"Polygon","properties":{"geoid":"13303","name":"Washington"},"id":"13303"},{"arcs":[[[4251]],[[4252]],[[4253]],[[4254,4255]]],"type":"MultiPolygon","properties":{"geoid":"15009","name":"Maui"},"id":"15009"},{"arcs":[[4256,4257,4258,-1489,4259,-4153,4260,-1462]],"type":"Polygon","properties":{"geoid":"16031","name":"Cassia"},"id":"16031"},{"arcs":[[-3983,-1072,4261,4262,4263]],"type":"Polygon","properties":{"geoid":"16015","name":"Boise"},"id":"16015"},{"arcs":[[4264,-4262,-1071,4265,-3995,4266,-1465,4267]],"type":"Polygon","properties":{"geoid":"16039","name":"Elmore"},"id":"16039"},{"arcs":[[4269,4270,4271,-2080,4272,4273]],"type":"Polygon","properties":{"geoid":"13027","name":"Brooks"},"id":"13027"},{"arcs":[[4274,4275,4276,-491,4277,4278,-4206]],"type":"Polygon","properties":{"geoid":"13305","name":"Wayne"},"id":"13305"},{"arcs":[[4279,-1064,4280,-1487,4281]],"type":"Polygon","properties":{"geoid":"16005","name":"Bannock"},"id":"16005"},{"arcs":[[4282,-1079,-2670,4283,4284,4285]],"type":"Polygon","properties":{"geoid":"13133","name":"Greene"},"id":"13133"},{"arcs":[[-1475,4286,-2157,-1408,4287,4288]],"type":"Polygon","properties":{"geoid":"13251","name":"Screven"},"id":"13251"},{"arcs":[[4289,-957,-1171,4290,-1470,4291,4292,-4250]],"type":"Polygon","properties":{"geoid":"13163","name":"Jefferson"},"id":"13163"},{"arcs":[[-3611,-2820,4293,4294,-3601,4295]],"type":"Polygon","properties":{"geoid":"01055","name":"Etowah"},"id":"01055"},{"arcs":[[4296,-3612,-4296,-3604,-1492,4297]],"type":"Polygon","properties":{"geoid":"01009","name":"Blount"},"id":"01009"},{"arcs":[[4298,4299,-1507,-3624,4300,-1512]],"type":"Polygon","properties":{"geoid":"01047","name":"Dallas"},"id":"01047"},{"arcs":[[-4301,-3623,4301,4302,4303,-1513]],"type":"Polygon","properties":{"geoid":"01131","name":"Wilcox"},"id":"01131"},{"arcs":[[4304,4305,-1299,-3610,4306,4307]],"type":"Polygon","properties":{"geoid":"01089","name":"Madison"},"id":"01089"},{"arcs":[[4308,4309,4310,4311,4312,4313,4314,4315]],"type":"Polygon","properties":{"geoid":"38055","name":"McLean"},"id":"38055"},{"arcs":[[4316,4317,4318,4319,4320,4321]],"type":"Polygon","properties":{"geoid":"38105","name":"Williams"},"id":"38105"},{"arcs":[[4322,4323,4324,4325,4326]],"type":"Polygon","properties":{"geoid":"38085","name":"Sioux"},"id":"38085"},{"arcs":[[4327,4328,-4268,-1464,4329,4330,-4237]],"type":"Polygon","properties":{"geoid":"16073","name":"Owyhee"},"id":"16073"},{"arcs":[[4331,4332,4333,4334,-1891]],"type":"Polygon","properties":{"geoid":"47033","name":"Crockett"},"id":"47033"},{"arcs":[[-2019,-1849,-1807,-3589,-1822,4335,4336]],"type":"Polygon","properties":{"geoid":"47151","name":"Scott"},"id":"47151"},{"arcs":[[4337,-2631,-746,4338]],"type":"Polygon","properties":{"geoid":"48283","name":"La Salle"},"id":"48283"},{"arcs":[[-2028,4339,-2025,4340,4341,4342]],"type":"Polygon","properties":{"geoid":"27073","name":"Lac qui Parle"},"id":"27073"},{"arcs":[[-3755,4343,4344,4345,4346]],"type":"Polygon","properties":{"geoid":"27051","name":"Grant"},"id":"27051"},{"arcs":[[4347,-4093,4348,4349,4350,4351]],"type":"Polygon","properties":{"geoid":"40065","name":"Jackson"},"id":"40065"},{"arcs":[[-1994,4352,4353,-1989,-1997,4354]],"type":"Polygon","properties":{"geoid":"46117","name":"Stanley"},"id":"46117"},{"arcs":[[4355,4356,4357,-2547,-3661]],"type":"Polygon","properties":{"geoid":"48327","name":"Menard"},"id":"48327"},{"arcs":[[4358,4359,4360,-2603,4361,4362,4363]],"type":"Polygon","properties":{"geoid":"21139","name":"Livingston"},"id":"21139"},{"arcs":[[4364,4365,4366,4367,4368,4369]],"type":"Polygon","properties":{"geoid":"42027","name":"Centre"},"id":"42027"},{"arcs":[[4370,4371,-3859,4372,-45]],"type":"Polygon","properties":{"geoid":"48175","name":"Goliad"},"id":"48175"},{"arcs":[[-2463,-2436,-2546,-2428,4373]],"type":"Polygon","properties":{"geoid":"37065","name":"Edgecombe"},"id":"37065"},{"arcs":[[4374,4375,-2462,-2399,4376]],"type":"Polygon","properties":{"geoid":"37069","name":"Franklin"},"id":"37069"},{"arcs":[[-2285,4377,4378,4379,4380]],"type":"Polygon","properties":{"geoid":"22011","name":"Beauregard"},"id":"22011"},{"arcs":[[-3194,-3176,4381,-3511,-296,4382]],"type":"Polygon","properties":{"geoid":"22035","name":"East Carroll"},"id":"22035"},{"arcs":[[4383,-2278,4384,-2239,-2241,4385]],"type":"Polygon","properties":{"geoid":"48467","name":"Van Zandt"},"id":"48467"},{"arcs":[[-3033,4386,-3006,-3081,-3077,4387,-3075,4388,-3021]],"type":"Polygon","properties":{"geoid":"51179","name":"Stafford"},"id":"51179"},{"arcs":[[-3079,-3085,4389,-122,4390,4391,4392]],"type":"Polygon","properties":{"geoid":"51085","name":"Hanover"},"id":"51085"},{"arcs":[[-2622,4393,-67,-3000,-3007,-3090,-119],[-132],[4394]],"type":"Polygon","properties":{"geoid":"51015","name":"Augusta"},"id":"51015"},{"arcs":[[[4395,4396]],[[4397]]],"type":"MultiPolygon","properties":{"geoid":"53029","name":"Island"},"id":"53029"},{"arcs":[[4398,-89,4399,-3017,-1174],[4400]],"type":"Polygon","properties":{"geoid":"51081","name":"Greensville"},"id":"51081"},{"arcs":[[-102,4401,4402,4403,-92,-78]],"type":"Polygon","properties":{"geoid":"51037","name":"Charlotte"},"id":"51037"},{"arcs":[[-3182,-3180,-3144,4404,-3787,-179]],"type":"Polygon","properties":{"geoid":"05057","name":"Hempstead"},"id":"05057"},{"arcs":[[4405,4406,-3133,4407,4408]],"type":"Polygon","properties":{"geoid":"05029","name":"Conway"},"id":"05029"},{"arcs":[[-4185,4409,4410,4411,4412,-237]],"type":"Polygon","properties":{"geoid":"22117","name":"Washington"},"id":"22117"},{"arcs":[[4413,-215,-3206,4414,4415,4416]],"type":"Polygon","properties":{"geoid":"22113","name":"Vermilion"},"id":"22113"},{"arcs":[[4417,-3192,4418,4419,-3223,4420,4421]],"type":"Polygon","properties":{"geoid":"22021","name":"Caldwell"},"id":"22021"},{"arcs":[[-3218,-3220,4423,-253,4424]],"type":"Polygon","properties":{"geoid":"22109","name":"Terrebonne"},"id":"22109"},{"arcs":[[4425,-3254,-321,4426,-3271,-323,4427]],"type":"Polygon","properties":{"geoid":"34027","name":"Morris"},"id":"34027"},{"arcs":[[4428,4429,4430,4431,4432,-3304,4433]],"type":"Polygon","properties":{"geoid":"29095","name":"Jackson"},"id":"29095"},{"arcs":[[4434,-2378,4435,4436,4437]],"type":"Polygon","properties":{"geoid":"30005","name":"Blaine"},"id":"30005"},{"arcs":[[-3647,-2421,4438,-460,-1852]],"type":"Polygon","properties":{"geoid":"37075","name":"Graham"},"id":"37075"},{"arcs":[[4439,4440,4441,-1157,-1075,4442,-2506]],"type":"Polygon","properties":{"geoid":"13195","name":"Madison"},"id":"13195"},{"arcs":[[-2508,4443,4444,-468]],"type":"Polygon","properties":{"geoid":"13013","name":"Barrow"},"id":"13013"},{"arcs":[[4445,4446,4447,-1134,4448,4449,4450,4451]],"type":"Polygon","properties":{"geoid":"13153","name":"Houston"},"id":"13153"},{"arcs":[[4452,4453,4454,4455,4456,4457,-963]],"type":"Polygon","properties":{"geoid":"13205","name":"Mitchell"},"id":"13205"},{"arcs":[[-2535,-1101,-2471,4458,4459]],"type":"Polygon","properties":{"geoid":"37047","name":"Columbus"},"id":"37047"},{"arcs":[[-1177,4460,4461,4462,-2543,-2434]],"type":"Polygon","properties":{"geoid":"37015","name":"Bertie"},"id":"37015"},{"arcs":[[4463,4464,4465,4466,4467]],"type":"Polygon","properties":{"geoid":"48279","name":"Lamb"},"id":"48279"},{"arcs":[[-4373,-3858,-3854,4468,-3846,4469,4470,4471,4472,-2343,-46]],"type":"Polygon","properties":{"geoid":"48391","name":"Refugio"},"id":"48391"},{"arcs":[[4473,4474,4475,4476]],"type":"Polygon","properties":{"geoid":"26147","name":"St. Clair"},"id":"26147"},{"arcs":[[4477,-4476,4478,-2585,4479]],"type":"Polygon","properties":{"geoid":"26099","name":"Macomb"},"id":"26099"},{"arcs":[[4480,-1240,-1218,4481,-928]],"type":"Polygon","properties":{"geoid":"26109","name":"Menominee"},"id":"26109"},{"arcs":[[-1344,4482,4483,4484,4485,-2842,-2833]],"type":"Polygon","properties":{"geoid":"08043","name":"Fremont"},"id":"08043"},{"arcs":[[-4412,4486,4487,4488,-1770,4489,4490]],"type":"Polygon","properties":{"geoid":"28109","name":"Pearl River"},"id":"28109"},{"arcs":[[-3175,4491,4492,-3532,-3512,-4382]],"type":"Polygon","properties":{"geoid":"28055","name":"Issaquena"},"id":"28055"},{"arcs":[[-3562,4493,-1791,4494,-3556,4495]],"type":"Polygon","properties":{"geoid":"36053","name":"Madison"},"id":"36053"},{"arcs":[[4496,4497,-3666,4498,-3597,4499,4500]],"type":"Polygon","properties":{"geoid":"47073","name":"Hawkins"},"id":"47073"},{"arcs":[[4501,-2754,4502,4503,-4333,4504]],"type":"Polygon","properties":{"geoid":"47053","name":"Gibson"},"id":"47053"},{"arcs":[[-4500,-3596,4505,-2757,4506]],"type":"Polygon","properties":{"geoid":"47063","name":"Hamblen"},"id":"47063"},{"arcs":[[-1340,4507,4508,-1349,-2829]],"type":"Polygon","properties":{"geoid":"08117","name":"Summit"},"id":"08117"},{"arcs":[[4509,-1247,-2660,4510,4511]],"type":"Polygon","properties":{"geoid":"06005","name":"Amador"},"id":"06005"},{"arcs":[[4512,4513,4514,4515,4516,4517]],"type":"Polygon","properties":{"geoid":"32015","name":"Lander"},"id":"32015"},{"arcs":[[4518,-4518,4519,-3626,4520,4521]],"type":"Polygon","properties":{"geoid":"32001","name":"Churchill"},"id":"32001"},{"arcs":[[4522,-3753,-3744,-1018,4523]],"type":"Polygon","properties":{"geoid":"38067","name":"Pembina"},"id":"38067"},{"arcs":[[4524,-2725,-3757,4525,4526,4527,4528]],"type":"Polygon","properties":{"geoid":"38077","name":"Richland"},"id":"38077"},{"arcs":[[4529,4530,-1022,4531,-1033]],"type":"Polygon","properties":{"geoid":"38071","name":"Ramsey"},"id":"38071"},{"arcs":[[4532,4533,4534,4535,-4324,4536,4537]],"type":"Polygon","properties":{"geoid":"38059","name":"Morton"},"id":"38059"},{"arcs":[[-4537,-4323,4538,4539,4540]],"type":"Polygon","properties":{"geoid":"38037","name":"Grant"},"id":"38037"},{"arcs":[[4541,-1036,4542,-1026,4543,4544,4545]],"type":"Polygon","properties":{"geoid":"38103","name":"Wells"},"id":"38103"},{"arcs":[[4546,-3932,4547,4548]],"type":"Polygon","properties":{"geoid":"53019","name":"Ferry"},"id":"53019"},{"arcs":[[4549,4550,4551,4552,4553,4554]],"type":"Polygon","properties":{"geoid":"20143","name":"Ottawa"},"id":"20143"},{"arcs":[[-3985,-3979,4555,4556,-1058,-3982,-4001,4557,-952]],"type":"Polygon","properties":{"geoid":"16049","name":"Idaho"},"id":"16049"},{"arcs":[[-2375,-2385,-1694,4558,4559,-414,-3758]],"type":"Polygon","properties":{"geoid":"30033","name":"Garfield"},"id":"30033"},{"arcs":[[-1070,4560,4561,-1490,-4259,4562,4563,-3992,-4266]],"type":"Polygon","properties":{"geoid":"16013","name":"Blaine"},"id":"16013"},{"arcs":[[4564,4565,4566,-4516]],"type":"Polygon","properties":{"geoid":"32011","name":"Eureka"},"id":"32011"},{"arcs":[[4567,4568,4569,4570,4571]],"type":"Polygon","properties":{"geoid":"48075","name":"Childress"},"id":"48075"},{"arcs":[[4572,4573,4574,-2701,4575]],"type":"Polygon","properties":{"geoid":"48173","name":"Glasscock"},"id":"48173"},{"arcs":[[4576,-4278,-495,4577,4578,4579]],"type":"Polygon","properties":{"geoid":"13025","name":"Brantley"},"id":"13025"},{"arcs":[[4580,4581,-4167,4582,-2693,-2684]],"type":"Polygon","properties":{"geoid":"20171","name":"Scott"},"id":"20171"},{"arcs":[[-2695,4583,4584,4585]],"type":"Polygon","properties":{"geoid":"20067","name":"Grant"},"id":"20067"},{"arcs":[[4586,4587,-1635,4588,4589,4590,-1909]],"type":"Polygon","properties":{"geoid":"21101","name":"Henderson"},"id":"21101"},{"arcs":[[4591,4592,4593,-2739,4594,-2752]],"type":"Polygon","properties":{"geoid":"47079","name":"Henry"},"id":"47079"},{"arcs":[[4595,4596,-1541,-2697,4597,4598,4599,-1533]],"type":"Polygon","properties":{"geoid":"35039","name":"Rio Arriba"},"id":"35039"},{"arcs":[[4600,-3581,-1951,-4142,-1956,-1947]],"type":"Polygon","properties":{"geoid":"49013","name":"Duchesne"},"id":"49013"},{"arcs":[[-3704,-888,-3943,-3398,-3410,-1661]],"type":"Polygon","properties":{"geoid":"21159","name":"Martin"},"id":"21159"},{"arcs":[[4601,-4247,-1450,4602,4603]],"type":"Polygon","properties":{"geoid":"13009","name":"Baldwin"},"id":"13009"},{"arcs":[[-3749,4604,4605,4606,4607,-1973,-3732,-1028,4608]],"type":"Polygon","properties":{"geoid":"27119","name":"Polk"},"id":"27119"},{"arcs":[[-3297,-4320,4609,4610,4611,4612,4613]],"type":"Polygon","properties":{"geoid":"38053","name":"McKenzie"},"id":"38053"},{"arcs":[[4614,4615,4616,4617,4618,-4112]],"type":"Polygon","properties":{"geoid":"20149","name":"Pottawatomie"},"id":"20149"},{"arcs":[[-3693,-1255,-2633,4619,-3785]],"type":"Polygon","properties":{"geoid":"06065","name":"Riverside"},"id":"06065"},{"arcs":[[-2063,-2061,4620,-3793,4621,-590,4622]],"type":"Polygon","properties":{"geoid":"12105","name":"Polk"},"id":"12105"},{"arcs":[[4623,-2136,4624,-3828,4625,4626]],"type":"Polygon","properties":{"geoid":"45079","name":"Richland"},"id":"45079"},{"arcs":[[-2100,4627,4628,-878,4629]],"type":"Polygon","properties":{"geoid":"42059","name":"Greene"},"id":"42059"},{"arcs":[[-2949,-1193,-2931,4630,-4181]],"type":"Polygon","properties":{"geoid":"48041","name":"Brazos"},"id":"48041"},{"arcs":[[-2990,4631,-103,-83,4632,4633,4634,-2529,-3054]],"type":"Polygon","properties":{"geoid":"51143","name":"Pittsylvania"},"id":"51143"},{"arcs":[[4635,4636,4637,-2965,4638]],"type":"Polygon","properties":{"geoid":"51119","name":"Middlesex"},"id":"51119"},{"arcs":[[-3862,4639,4640,4641,-3071]],"type":"Polygon","properties":{"geoid":"51159","name":"Richmond"},"id":"51159"},{"arcs":[[-2203,4642,4643,4644,4645,-4224]],"type":"Polygon","properties":{"geoid":"05131","name":"Sebastian"},"id":"05131"},{"arcs":[[-41,-3789,-264,-3226,4646,4647,-17,4648]],"type":"Polygon","properties":{"geoid":"22017","name":"Caddo"},"id":"22017"},{"arcs":[[-353,-3302,-2354,-3433,4649,4650]],"type":"Polygon","properties":{"geoid":"30077","name":"Powell"},"id":"30077"},{"arcs":[[4651,4652,-416,-412,4653,4654,4655]],"type":"Polygon","properties":{"geoid":"30003","name":"Big Horn"},"id":"30003"},{"arcs":[[4656,4657,4658,-2467,4659]],"type":"Polygon","properties":{"geoid":"37133","name":"Onslow"},"id":"37133"},{"arcs":[[4660,4661,-1135,-4448,4662]],"type":"Polygon","properties":{"geoid":"13021","name":"Bibb"},"id":"13021"},{"arcs":[[4663,4664,4665,4666,4667,4668]],"type":"Polygon","properties":{"geoid":"13217","name":"Newton"},"id":"13217"},{"arcs":[[4669,4670,4671,-2494,4672,4673]],"type":"Polygon","properties":{"geoid":"13213","name":"Murray"},"id":"13213"},{"arcs":[[4674,4675,4676]],"type":"Polygon","properties":{"geoid":"26063","name":"Huron"},"id":"26063"},{"arcs":[[-1339,4677,-1325,4678,-4508]],"type":"Polygon","properties":{"geoid":"08019","name":"Clear Creek"},"id":"08019"},{"arcs":[[4679,4680,-3605,4681,-1504,4682]],"type":"Polygon","properties":{"geoid":"01051","name":"Elmore"},"id":"01051"},{"arcs":[[-1601,-1775,-3362,-2187,-695]],"type":"Polygon","properties":{"geoid":"36105","name":"Sullivan"},"id":"36105"},{"arcs":[[4683,4684,-4038]],"type":"Polygon","properties":{"geoid":"02090","name":"Fairbanks North Star"},"id":"02090"},{"arcs":[[4685,-3151,-3286,-339,4686,4687,-170,4688]],"type":"Polygon","properties":{"geoid":"29069","name":"Dunklin"},"id":"29069"},{"arcs":[[-2733,-3573,4689,4690,4691,4692]],"type":"Polygon","properties":{"geoid":"47055","name":"Giles"},"id":"47055"},{"arcs":[[-3569,-3659,-3587,4693,4694]],"type":"Polygon","properties":{"geoid":"47021","name":"Cheatham"},"id":"47021"},{"arcs":[[4695,-1928,4696,4697,4698]],"type":"Polygon","properties":{"geoid":"23015","name":"Lincoln"},"id":"23015"},{"arcs":[[4699,4700,-882,4701,-871,4702]],"type":"Polygon","properties":{"geoid":"54095","name":"Tyler"},"id":"54095"},{"arcs":[[4703,4704,4705,-1944]],"type":"Polygon","properties":{"geoid":"56041","name":"Uinta"},"id":"56041"},{"arcs":[[4706,4707,4708,4709,4710]],"type":"Polygon","properties":{"geoid":"48023","name":"Baylor"},"id":"48023"},{"arcs":[[4711,4712,4713,4714,4715,4716,-1979]],"type":"Polygon","properties":{"geoid":"27013","name":"Blue Earth"},"id":"27013"},{"arcs":[[4717,-2768,-570,4718,4719]],"type":"Polygon","properties":{"geoid":"06087","name":"Santa Cruz"},"id":"06087"},{"arcs":[[-2083,-618,-2073,4720,4721]],"type":"Polygon","properties":{"geoid":"12121","name":"Suwannee"},"id":"12121"},{"arcs":[[4722,4723,-2108,4724,4725]],"type":"Polygon","properties":{"geoid":"42031","name":"Clarion"},"id":"42031"},{"arcs":[[-621,-2110,-2106,4726,-3803,4727,-2098]],"type":"Polygon","properties":{"geoid":"42129","name":"Westmoreland"},"id":"42129"},{"arcs":[[-718,4728,-2206,4729,4730,4731]],"type":"Polygon","properties":{"geoid":"40101","name":"Muskogee"},"id":"40101"},{"arcs":[[-4195,4732,-2270,4733,4734,4735]],"type":"Polygon","properties":{"geoid":"48475","name":"Ward"},"id":"48475"},{"arcs":[[4736,4737,-4669,4738,4739,4740]],"type":"Polygon","properties":{"geoid":"13151","name":"Henry"},"id":"13151"},{"arcs":[[4741,4742,-1392,-1397,4743,-2891]],"type":"Polygon","properties":{"geoid":"17185","name":"Wabash"},"id":"17185"},{"arcs":[[4744,-3965,4745,4746,-615,-4269,-2081,-4272]],"type":"Polygon","properties":{"geoid":"13185","name":"Lowndes"},"id":"13185"},{"arcs":[[-1146,-2512,-2403,4747,-2405,-2487,-2516]],"type":"Polygon","properties":{"geoid":"37085","name":"Harnett"},"id":"37085"},{"arcs":[[-2311,-1199,-2250,4748,-2554,-2007]],"type":"Polygon","properties":{"geoid":"48481","name":"Wharton"},"id":"48481"},{"arcs":[[4749,4750,4751,4752,4753,4754,-3448,-3449,4755,-3031],[-2593]],"type":"Polygon","properties":{"geoid":"51059","name":"Fairfax"},"id":"51059"},{"arcs":[[-2998,4756,4757,4758,4759,-3008]],"type":"Polygon","properties":{"geoid":"51029","name":"Buckingham"},"id":"51029"},{"arcs":[[-4405,-3148,4760,4761,-260,-3788]],"type":"Polygon","properties":{"geoid":"05073","name":"Lafayette"},"id":"05073"},{"arcs":[[-256,-222,-3188,4762,-4378,-2284]],"type":"Polygon","properties":{"geoid":"22115","name":"Vernon"},"id":"22115"},{"arcs":[[[4763]],[[-3801,4764,4765,4766]]],"type":"MultiPolygon","properties":{"geoid":"12037","name":"Franklin"},"id":"12037"},{"arcs":[[-2608,-1626,-1641,4767,-3423,4768]],"type":"Polygon","properties":{"geoid":"21085","name":"Grayson"},"id":"21085"},{"arcs":[[-3806,4769,4770,4771,-4098,-921,4772,-3482]],"type":"Polygon","properties":{"geoid":"24001","name":"Allegany"},"id":"24001"},{"arcs":[[4773,-2838,4774,4775,4776,-2840,4777]],"type":"Polygon","properties":{"geoid":"08053","name":"Hinsdale"},"id":"08053"},{"arcs":[[-1366,4778,-2845,4779,4780]],"type":"Polygon","properties":{"geoid":"18131","name":"Pulaski"},"id":"18131"},{"arcs":[[-1095,4781,4782,-4657,4783]],"type":"Polygon","properties":{"geoid":"37103","name":"Jones"},"id":"37103"},{"arcs":[[-1155,-702,-1165,-1169,-1458]],"type":"Polygon","properties":{"geoid":"13181","name":"Lincoln"},"id":"13181"},{"arcs":[[4784,4785,4786,4787,4788,4789]],"type":"Polygon","properties":{"geoid":"01069","name":"Houston"},"id":"01069"},{"arcs":[[-834,-3916,-3955,4790,-3909]],"type":"Polygon","properties":{"geoid":"54019","name":"Fayette"},"id":"54019"},{"arcs":[[-4035,4791,4792]],"type":"Polygon","properties":{"geoid":"02185","name":"North Slope"},"id":"02185"},{"arcs":[[-2642,4795]],"type":"Polygon","properties":{"geoid":"06041","name":"Marin"},"id":"06041"},{"arcs":[[-1440,-2173,-530,-2647,4796]],"type":"Polygon","properties":{"geoid":"06015","name":"Del Norte"},"id":"06015"},{"arcs":[[-552,-539,-509,4797,-3791,4798]],"type":"Polygon","properties":{"geoid":"06101","name":"Sutter"},"id":"06101"},{"arcs":[[-507,4799,-1242,-4510,4800]],"type":"Polygon","properties":{"geoid":"06017","name":"El Dorado"},"id":"06017"},{"arcs":[[-2047,4801,4802,4803,4804]],"type":"Polygon","properties":{"geoid":"12009","name":"Brevard"},"id":"12009"},{"arcs":[[4805,4806,-3802,-4767,4807]],"type":"Polygon","properties":{"geoid":"12045","name":"Gulf"},"id":"12045"},{"arcs":[[-2089,4808,4809,-609,4810]],"type":"Polygon","properties":{"geoid":"12007","name":"Bradford"},"id":"12007"},{"arcs":[[-676,4811,-4627,4812,4813,-666,4814]],"type":"Polygon","properties":{"geoid":"45071","name":"Newberry"},"id":"45071"},{"arcs":[[4815,4816,-2396,4817,4818,-673,-679]],"type":"Polygon","properties":{"geoid":"45091","name":"York"},"id":"45091"},{"arcs":[[-3503,-2164,4819,4820,4821,4822]],"type":"Polygon","properties":{"geoid":"39069","name":"Henry"},"id":"39069"},{"arcs":[[-2193,-2154,-4287,-1474,4823]],"type":"Polygon","properties":{"geoid":"45005","name":"Allendale"},"id":"45005"},{"arcs":[[-4043,4824,-2567,4825,-2561,4826,4827,-785]],"type":"Polygon","properties":{"geoid":"48387","name":"Red River"},"id":"48387"},{"arcs":[[-2304,-4182,-4631,-2930,4828,-1202,4829]],"type":"Polygon","properties":{"geoid":"48477","name":"Washington"},"id":"48477"},{"arcs":[[-2968,4830,4831,4832,4833,-2985,4834,-2983]],"type":"Polygon","properties":{"geoid":"51199","name":"York"},"id":"51199"},{"arcs":[[4835,-4759,4836,-107,4837,4838,-4403]],"type":"Polygon","properties":{"geoid":"51147","name":"Prince Edward"},"id":"51147"},{"arcs":[[-3004,-3072,-4642,4839,-4636,4840,-3082]],"type":"Polygon","properties":{"geoid":"51057","name":"Essex"},"id":"51057"},{"arcs":[[-4841,-4639,-2970,-2982,-124,4841,-3083]],"type":"Polygon","properties":{"geoid":"51097","name":"King and Queen"},"id":"51097"},{"arcs":[[-59,-3023,4842,4843,-2962]],"type":"Polygon","properties":{"geoid":"51157","name":"Rappahannock"},"id":"51157"},{"arcs":[[4844,4845,4846,4847,4848,4849,-3130]],"type":"Polygon","properties":{"geoid":"05025","name":"Cleveland"},"id":"05025"},{"arcs":[[-198,4850,4851,-210,-265,4852,4853]],"type":"Polygon","properties":{"geoid":"05139","name":"Union"},"id":"05139"},{"arcs":[[4854,4855,-4422,4856,-3208,-219]],"type":"Polygon","properties":{"geoid":"22127","name":"Winn"},"id":"22127"},{"arcs":[[4857,4858,4859,-309,-283]],"type":"Polygon","properties":{"geoid":"22071","name":"Orleans"},"id":"22071"},{"arcs":[[4860,-3195,-4383,-295,4861,-4419,-3191]],"type":"Polygon","properties":{"geoid":"22083","name":"Richland"},"id":"22083"},{"arcs":[[-4762,4862,4863,4864,-261]],"type":"Polygon","properties":{"geoid":"22119","name":"Webster"},"id":"22119"},{"arcs":[[-3526,4865,4866,4867,4868,4869]],"type":"Polygon","properties":{"geoid":"22037","name":"East Feliciana"},"id":"22037"},{"arcs":[[-4867,4870,-241,-275,4871]],"type":"Polygon","properties":{"geoid":"22091","name":"St. Helena"},"id":"22091"},{"arcs":[[-3273,4872,4873,4874,-3268]],"type":"Polygon","properties":{"geoid":"34023","name":"Middlesex"},"id":"34023"},{"arcs":[[-3282,4875,4876,4877,-3274,4878,4879]],"type":"Polygon","properties":{"geoid":"29183","name":"St. Charles"},"id":"29183"},{"arcs":[[-3309,-1383,4880,4881,-337]],"type":"Polygon","properties":{"geoid":"29201","name":"Scott"},"id":"29201"},{"arcs":[[4882,-4436,-2377,-3760,4883,4884,4885,-389]],"type":"Polygon","properties":{"geoid":"30027","name":"Fergus"},"id":"30027"},{"arcs":[[4886,4887,-4321,-3296,-1690,-2384]],"type":"Polygon","properties":{"geoid":"30085","name":"Roosevelt"},"id":"30085"},{"arcs":[[4888,-2763,4889,-4674,4890,4891]],"type":"Polygon","properties":{"geoid":"13313","name":"Whitfield"},"id":"13313"},{"arcs":[[4892,4893,4894,-2482,-473,4895]],"type":"Polygon","properties":{"geoid":"37057","name":"Davidson"},"id":"37057"},{"arcs":[[-3016,4896,4897,4898,-4461,-1176]],"type":"Polygon","properties":{"geoid":"37091","name":"Hertford"},"id":"37091"},{"arcs":[[-2470,-2481,4899,4900,-4459]],"type":"Polygon","properties":{"geoid":"37019","name":"Brunswick"},"id":"37019"},{"arcs":[[[4901]],[[4902,4903,-4658,-4783]]],"type":"MultiPolygon","properties":{"geoid":"37031","name":"Carteret"},"id":"37031"},{"arcs":[[4904,-1466,4905,-3967,-462]],"type":"Polygon","properties":{"geoid":"37043","name":"Clay"},"id":"37043"},{"arcs":[[4906,4907,4908,4909,4910]],"type":"Polygon","properties":{"geoid":"17035","name":"Cumberland"},"id":"17035"},{"arcs":[[-2319,-762,-2952,-2932]],"type":"Polygon","properties":{"geoid":"48457","name":"Tyler"},"id":"48457"},{"arcs":[[4911,-42,-4649,-16,-774]],"type":"Polygon","properties":{"geoid":"48315","name":"Marion"},"id":"48315"},{"arcs":[[-1234,4912,4913,4914]],"type":"Polygon","properties":{"geoid":"26007","name":"Alpena"},"id":"26007"},{"arcs":[[-1220,4915,4916,4917,4918,4919]],"type":"Polygon","properties":{"geoid":"26055","name":"Grand Traverse"},"id":"26055"},{"arcs":[[4920,4921,4922]],"type":"Polygon","properties":{"geoid":"26047","name":"Emmet"},"id":"26047"},{"arcs":[[4923,4924,-1231,4925,-4080]],"type":"Polygon","properties":{"geoid":"26053","name":"Gogebic"},"id":"26053"},{"arcs":[[-1267,4926,4927,4928,-537]],"type":"Polygon","properties":{"geoid":"06091","name":"Sierra"},"id":"06091"},{"arcs":[[4929,4930,4931,4932,-2112,4933,-2802]],"type":"Polygon","properties":{"geoid":"09011","name":"New London"},"id":"09011"},{"arcs":[[-3619,4934,-1287,-2806,4935,4936]],"type":"Polygon","properties":{"geoid":"01129","name":"Washington"},"id":"01129"},{"arcs":[[-1311,-1328,-1316,-1327,-1314,-1326,-1320]],"type":"Polygon","properties":{"geoid":"08031","name":"Denver"},"id":"08031"},{"arcs":[[-2880,-486,4937,4938]],"type":"Polygon","properties":{"geoid":"19163","name":"Scott"},"id":"19163"},{"arcs":[[4939,4940,4941,4942,4943]],"type":"Polygon","properties":{"geoid":"19127","name":"Marshall"},"id":"19127"},{"arcs":[[4944,4945,4946,-2174,-4241,4947]],"type":"Polygon","properties":{"geoid":"41047","name":"Marion"},"id":"41047"},{"arcs":[[4948,4949,-1448,4950,4951,-2175,-4947,4952]],"type":"Polygon","properties":{"geoid":"41065","name":"Wasco"},"id":"41065"},{"arcs":[[-4092,4953,4954,4955,4956,-4349]],"type":"Polygon","properties":{"geoid":"40141","name":"Tillman"},"id":"40141"},{"arcs":[[4957,4958,-4276,4959]],"type":"Polygon","properties":{"geoid":"13183","name":"Long"},"id":"13183"},{"arcs":[[4960,-3541,-3634,-4033,-1508,-3617,4961]],"type":"Polygon","properties":{"geoid":"01119","name":"Sumter"},"id":"01119"},{"arcs":[[4962,4963,-992,4964,4965,-1518]],"type":"Polygon","properties":{"geoid":"01109","name":"Pike"},"id":"01109"},{"arcs":[[-1514,-4304,4966,-1288,-4935,-3618]],"type":"Polygon","properties":{"geoid":"01025","name":"Clarke"},"id":"01025"},{"arcs":[[4967,4968,4969,4970,4971,-4213,4972]],"type":"Polygon","properties":{"geoid":"36047","name":"Kings"},"id":"36047"},{"arcs":[[-4684,-4037,4973,4974,-3369,4975]],"type":"Polygon","properties":{"geoid":"02240","name":"Southeast Fairbanks"},"id":"02240"},{"arcs":[[[4976,4977,4978,4979]],[[4980]],[[4981,4982,4983,4984,4985,4986]]],"type":"MultiPolygon","properties":{"geoid":"02110","name":"Juneau"},"id":"02110"},{"arcs":[[4987,-2014,-3421,-1681,-3418,-3415,-2017]],"type":"Polygon","properties":{"geoid":"21125","name":"Laurel"},"id":"21125"},{"arcs":[[[-1584,4988,4989]],[[4990]],[[4991,4992]]],"type":"MultiPolygon","properties":{"geoid":"02070","name":"Dillingham"},"id":"02070"},{"arcs":[[-3489,4993,-1726,-1718,4994]],"type":"Polygon","properties":{"geoid":"24045","name":"Wicomico"},"id":"24045"},{"arcs":[[4995,-4222,-1717,4996,-3944,4997,-4096,-4772]],"type":"Polygon","properties":{"geoid":"24043","name":"Washington"},"id":"24043"},{"arcs":[[-3515,4998,-3505,4999,-3213]],"type":"Polygon","properties":{"geoid":"28021","name":"Claiborne"},"id":"28021"},{"arcs":[[-3531,5000,-3538,-3506,-4999,-3514]],"type":"Polygon","properties":{"geoid":"28049","name":"Hinds"},"id":"28049"},{"arcs":[[5001,5002,5003,-4501,-4507,-2756,-1839]],"type":"Polygon","properties":{"geoid":"47057","name":"Grainger"},"id":"47057"},{"arcs":[[-3417,-1675,5004,5005,-5003,5006,-1847]],"type":"Polygon","properties":{"geoid":"47025","name":"Claiborne"},"id":"47025"},{"arcs":[[5007,5008,5009,5010,5011]],"type":"Polygon","properties":{"geoid":"48211","name":"Hemphill"},"id":"48211"},{"arcs":[[5012,5013,-4704,-1943,-4162,-4150,-4146]],"type":"Polygon","properties":{"geoid":"49033","name":"Rich"},"id":"49033"},{"arcs":[[5014,5015,-2271,-4733,-4194]],"type":"Polygon","properties":{"geoid":"48495","name":"Winkler"},"id":"48495"},{"arcs":[[-1359,5016,5017,-1620,5018,5019]],"type":"Polygon","properties":{"geoid":"18061","name":"Harrison"},"id":"18061"},{"arcs":[[5020,-4699,5021,5022,5023]],"type":"Polygon","properties":{"geoid":"23023","name":"Sagadahoc"},"id":"23023"},{"arcs":[[5024,5025,5026,-3239,-4156]],"type":"Polygon","properties":{"geoid":"50017","name":"Orange"},"id":"50017"},{"arcs":[[[5027,-3877,-3889,-3893,-1960]],[[5028]],[[5029,-817,5030]]],"type":"MultiPolygon","properties":{"geoid":"53053","name":"Pierce"},"id":"53053"},{"arcs":[[5031,-818,-5030,5032,-1958,-851,-3700]],"type":"Polygon","properties":{"geoid":"53045","name":"Mason"},"id":"53045"},{"arcs":[[-3942,-3907,5033,-3057,-3048]],"type":"Polygon","properties":{"geoid":"54047","name":"McDowell"},"id":"54047"},{"arcs":[[[-3882,5034,-3933,5035,5036]],[[5037]]],"type":"MultiPolygon","properties":{"geoid":"53057","name":"Skagit"},"id":"53057"},{"arcs":[[5038,-5013,-1066,5039]],"type":"Polygon","properties":{"geoid":"16007","name":"Bear Lake"},"id":"16007"},{"arcs":[[5040,-2730,5041,5042,5043,5044,5045,5046]],"type":"Polygon","properties":{"geoid":"27137","name":"St. Louis"},"id":"27137"},{"arcs":[[5047,5048,5049,5050]],"type":"Polygon","properties":{"geoid":"02282","name":"Yakutat"},"id":"02282"},{"arcs":[[5051,5052,5053,5054]],"type":"Polygon","properties":{"geoid":"56035","name":"Sublette"},"id":"56035"},{"arcs":[[5055,-849,5056,5057,5058]],"type":"Polygon","properties":{"geoid":"55011","name":"Buffalo"},"id":"55011"},{"arcs":[[-4654,-411,5059,5060,5061]],"type":"Polygon","properties":{"geoid":"56033","name":"Sheridan"},"id":"56033"},{"arcs":[[-3483,-4773,-925,-4116]],"type":"Polygon","properties":{"geoid":"54057","name":"Mineral"},"id":"54057"},{"arcs":[[5062,-5036,-3936,-3874,5063,-4396]],"type":"Polygon","properties":{"geoid":"53061","name":"Snohomish"},"id":"53061"},{"arcs":[[5064,-3958,-4118,5065,-3900,5066,5067]],"type":"Polygon","properties":{"geoid":"54083","name":"Randolph"},"id":"54083"},{"arcs":[[-4998,-3947,-2972,-4097]],"type":"Polygon","properties":{"geoid":"54003","name":"Berkeley"},"id":"54003"},{"arcs":[[5068,-867,5069,5070,-840,-4100]],"type":"Polygon","properties":{"geoid":"54041","name":"Lewis"},"id":"54041"},{"arcs":[[5071,-4288,-1411,-453,5072,5073,5074]],"type":"Polygon","properties":{"geoid":"13031","name":"Bulloch"},"id":"13031"},{"arcs":[[-1167,5075,5076,-1471,-4291,-1170]],"type":"Polygon","properties":{"geoid":"13245","name":"Richmond"},"id":"13245"},{"arcs":[[-2380,-434,-3977,5077,5078,5079,5080]],"type":"Polygon","properties":{"geoid":"16079","name":"Shoshone"},"id":"16079"},{"arcs":[[-4284,-2669,-959,5081,-4248,-4602,5082]],"type":"Polygon","properties":{"geoid":"13141","name":"Hancock"},"id":"13141"},{"arcs":[[-4959,5083,5084,-492,-4277]],"type":"Polygon","properties":{"geoid":"13191","name":"McIntosh"},"id":"13191"},{"arcs":[[-1020,-3750,-4609,-1027,5085,5086]],"type":"Polygon","properties":{"geoid":"38035","name":"Grand Forks"},"id":"38035"},{"arcs":[[5087,5088,5089,5090,5091,-4617]],"type":"Polygon","properties":{"geoid":"20085","name":"Jackson"},"id":"20085"},{"arcs":[[-2351,5092,-3432,5093,-2359,-350]],"type":"Polygon","properties":{"geoid":"30073","name":"Pondera"},"id":"30073"},{"arcs":[[-4579,5094,-2079,5095,5096]],"type":"Polygon","properties":{"geoid":"13049","name":"Charlton"},"id":"13049"},{"arcs":[[5097,5098,5099,5100,5101,5102]],"type":"Polygon","properties":{"geoid":"20145","name":"Pawnee"},"id":"20145"},{"arcs":[[-2402,-2465,5103,5104,-2406,-4748]],"type":"Polygon","properties":{"geoid":"37101","name":"Johnston"},"id":"37101"},{"arcs":[[-3440,5105,5106,5107]],"type":"Polygon","properties":{"geoid":"17129","name":"Menard"},"id":"17129"},{"arcs":[[5108,-1608,-2012,5109,5110,5111]],"type":"Polygon","properties":{"geoid":"21079","name":"Garrard"},"id":"21079"},{"arcs":[[5112,5113,-4663,-4447,5114,5115]],"type":"Polygon","properties":{"geoid":"13079","name":"Crawford"},"id":"13079"},{"arcs":[[5116,5117,5118,5119,5120,-1472,-5077]],"type":"Polygon","properties":{"geoid":"45003","name":"Aiken"},"id":"45003"},{"arcs":[[-527,5121,5122,-1265,-565,-1352]],"type":"Polygon","properties":{"geoid":"06089","name":"Shasta"},"id":"06089"},{"arcs":[[5123,-4511,-2659,5124,-497,-2645]],"type":"Polygon","properties":{"geoid":"06077","name":"San Joaquin"},"id":"06077"},{"arcs":[[-2099,-4728,-3807,-3480,5125,5126,-4628]],"type":"Polygon","properties":{"geoid":"42051","name":"Fayette"},"id":"42051"},{"arcs":[[-1468,5127,-1143,5128,-3815,5129,-3819,5130,5131,5132,-1122]],"type":"Polygon","properties":{"geoid":"45073","name":"Oconee"},"id":"45073"},{"arcs":[[5133,5134,5135,-2246,-2282,5136,5137]],"type":"Polygon","properties":{"geoid":"48139","name":"Ellis"},"id":"48139"},{"arcs":[[-3638,-4196,-4736,5138,5139,5140]],"type":"Polygon","properties":{"geoid":"48389","name":"Reeves"},"id":"48389"},{"arcs":[[5141,5142,5143,5144,5145]],"type":"Polygon","properties":{"geoid":"29205","name":"Shelby"},"id":"29205"},{"arcs":[[-4494,-3561,-1781,5146,5147,-1597,-1792]],"type":"Polygon","properties":{"geoid":"36077","name":"Otsego"},"id":"36077"},{"arcs":[[-2742,-1868,-1832,5148,5149,5150]],"type":"Polygon","properties":{"geoid":"47135","name":"Perry"},"id":"47135"},{"arcs":[[-4140,-4144,5151,5152,5153]],"type":"Polygon","properties":{"geoid":"49023","name":"Juab"},"id":"49023"},{"arcs":[[-3678,5154,5155,-3671,5156,-313,5157]],"type":"Polygon","properties":{"geoid":"23017","name":"Oxford"},"id":"23017"},{"arcs":[[5158,5159,5160,-4951,-1447]],"type":"Polygon","properties":{"geoid":"41021","name":"Gilliam"},"id":"41021"},{"arcs":[[5161,-4549,5162,5163,5164,-3934,-5035,-3881]],"type":"Polygon","properties":{"geoid":"53047","name":"Okanogan"},"id":"53047"},{"arcs":[[-5066,-4117,-3917,-68,-4394,-2621,-3901]],"type":"Polygon","properties":{"geoid":"54071","name":"Pendleton"},"id":"54071"},{"arcs":[[-5165,5165,-3891,-3935]],"type":"Polygon","properties":{"geoid":"53017","name":"Douglas"},"id":"53017"},{"arcs":[[-5163,-4548,-3931,5166,-913,5167,5168]],"type":"Polygon","properties":{"geoid":"53043","name":"Lincoln"},"id":"53043"},{"arcs":[[5169,-1457,-2043,5170]],"type":"Polygon","properties":{"geoid":"13283","name":"Treutlen"},"id":"13283"},{"arcs":[[[5171]],[[5172]],[[5173,5174,-4048,5175]],[[5176]]],"type":"MultiPolygon","properties":{"geoid":"02275","name":"Wrangell"},"id":"02275"},{"arcs":[[5177,5178,-4075,-895,5179,5180]],"type":"Polygon","properties":{"geoid":"55057","name":"Juneau"},"id":"55057"},{"arcs":[[5181,-4655,-5062,5182,5183,-4065]],"type":"Polygon","properties":{"geoid":"56003","name":"Big Horn"},"id":"56003"},{"arcs":[[-4069,5184,-5052,5185,5186,5187,-3996,-440]],"type":"Polygon","properties":{"geoid":"56039","name":"Teton"},"id":"56039"},{"arcs":[[-4003,5188,5189,-4234,5190]],"type":"Polygon","properties":{"geoid":"16087","name":"Washington"},"id":"16087"},{"arcs":[[5191,-2766,5192,-2816,-1295]],"type":"Polygon","properties":{"geoid":"13083","name":"Dade"},"id":"13083"},{"arcs":[[5193,5194,5195,-3773,-3383]],"type":"Polygon","properties":{"geoid":"21089","name":"Greenup"},"id":"21089"},{"arcs":[[5196,5197,5198,5199,-1962,5200,5201]],"type":"Polygon","properties":{"geoid":"27131","name":"Rice"},"id":"27131"},{"arcs":[[5202,5203,5204,5205,5206,-3743,5207,5208,-3713]],"type":"Polygon","properties":{"geoid":"27145","name":"Stearns"},"id":"27145"},{"arcs":[[5209,-3710,5210,-5197,5211,5212]],"type":"Polygon","properties":{"geoid":"27139","name":"Scott"},"id":"27139"},{"arcs":[[5213,-3395,5214,5215,5216,-1657]],"type":"Polygon","properties":{"geoid":"21155","name":"Marion"},"id":"21155"},{"arcs":[[-1054,5217,5218,-3419,-1605]],"type":"Polygon","properties":{"geoid":"21065","name":"Estill"},"id":"21065"},{"arcs":[[5219,-2597,5220,5221,-5218,-1053]],"type":"Polygon","properties":{"geoid":"21197","name":"Powell"},"id":"21197"},{"arcs":[[-2269,5222,-788,5223,-4734]],"type":"Polygon","properties":{"geoid":"48103","name":"Crane"},"id":"48103"},{"arcs":[[5224,5225,-4711,5226,5227,5228]],"type":"Polygon","properties":{"geoid":"48155","name":"Foard"},"id":"48155"},{"arcs":[[5229,-498,5230,-2656,-2769,-4718,5231]],"type":"Polygon","properties":{"geoid":"06085","name":"Santa Clara"},"id":"06085"},{"arcs":[[5232,-553,-4799,-3790,-2636]],"type":"Polygon","properties":{"geoid":"06011","name":"Colusa"},"id":"06011"},{"arcs":[[-2663,-4805,5233,-2060]],"type":"Polygon","properties":{"geoid":"12095","name":"Orange"},"id":"12095"},{"arcs":[[5234,5235,5236,5237,5238,5239,5240]],"type":"Polygon","properties":{"geoid":"12131","name":"Walton"},"id":"12131"},{"arcs":[[-587,5241,5242,-4765,-3800]],"type":"Polygon","properties":{"geoid":"12129","name":"Wakulla"},"id":"12129"},{"arcs":[[-1142,-650,-3816,-5129]],"type":"Polygon","properties":{"geoid":"45077","name":"Pickens"},"id":"45077"},{"arcs":[[-658,-2223,5243,-2212,5244,-2124,5245,-1435]],"type":"Polygon","properties":{"geoid":"45041","name":"Florence"},"id":"45041"},{"arcs":[[5246,-2131,-2118,5247]],"type":"Polygon","properties":{"geoid":"45035","name":"Dorchester"},"id":"45035"},{"arcs":[[-2125,-5245,-2211,-2141,-2129]],"type":"Polygon","properties":{"geoid":"45089","name":"Williamsburg"},"id":"45089"},{"arcs":[[-2942,5248,5249,-2307,5250,-2226]],"type":"Polygon","properties":{"geoid":"48491","name":"Williamson"},"id":"48491"},{"arcs":[[-2926,5251,-2322,-2581,5252,-1190,5253]],"type":"Polygon","properties":{"geoid":"48225","name":"Houston"},"id":"48225"},{"arcs":[[5254,-2676,5255,-753,5256,-2254]],"type":"Polygon","properties":{"geoid":"48215","name":"Hidalgo"},"id":"48215"},{"arcs":[[5257,5258,5259,-778,-739]],"type":"Polygon","properties":{"geoid":"48091","name":"Comal"},"id":"48091"},{"arcs":[[-3431,5260,-4437,-4883,-388,5261,-2360,-5094]],"type":"Polygon","properties":{"geoid":"30015","name":"Chouteau"},"id":"30015"},{"arcs":[[-2496,-1144,-5128,5262,-2419]],"type":"Polygon","properties":{"geoid":"37099","name":"Jackson"},"id":"37099"},{"arcs":[[5263,5264,-2526,-1125,5265,-2504,-467,5266]],"type":"Polygon","properties":{"geoid":"13139","name":"Hall"},"id":"13139"},{"arcs":[[5267,-4292,-1477,5268,-5075,5269,-942,-5170]],"type":"Polygon","properties":{"geoid":"13107","name":"Emanuel"},"id":"13107"},{"arcs":[[-2545,5270,5271,5272,5273,5274,-2430]],"type":"Polygon","properties":{"geoid":"37013","name":"Beaufort"},"id":"37013"},{"arcs":[[5275,5276,-457,5277,-5084,-4958]],"type":"Polygon","properties":{"geoid":"13179","name":"Liberty"},"id":"13179"},{"arcs":[[-5274,5278,5279]],"type":"Polygon","properties":{"geoid":"37137","name":"Pamlico"},"id":"37137"},{"arcs":[[[-3850,5281]],[[-797,5282]],[[5283,-3847,5284,-4471]],[[-4473,5285,-799,-2344]]],"type":"MultiPolygon","properties":{"geoid":"48007","name":"Aransas"},"id":"48007"},{"arcs":[[5286,-786,-4828,5287,-21,5288]],"type":"Polygon","properties":{"geoid":"48119","name":"Delta"},"id":"48119"},{"arcs":[[-2929,-735,-3840,-2247,-1197,-4829]],"type":"Polygon","properties":{"geoid":"48473","name":"Waller"},"id":"48473"},{"arcs":[[5289,5290,5291,5292,5293]],"type":"Polygon","properties":{"geoid":"26137","name":"Otsego"},"id":"26137"},{"arcs":[[-3087,-3092,5294,5295,-98,-4632,-2989,5296]],"type":"Polygon","properties":{"geoid":"51019","name":"Bedford"},"id":"51019"},{"arcs":[[5297,5298,5299,5300,5301,5302,5303]],"type":"Polygon","properties":{"geoid":"51121","name":"Montgomery"},"id":"51121"},{"arcs":[[-3945,-4997,-1716,5304,-4750,-3030,-3019,5305]],"type":"Polygon","properties":{"geoid":"51107","name":"Loudoun"},"id":"51107"},{"arcs":[[5306,-3080,-4393,5307,5308,-2996]],"type":"Polygon","properties":{"geoid":"51109","name":"Louisa"},"id":"51109"},{"arcs":[[-146,5309,5310,5311,5312,5313]],"type":"Polygon","properties":{"geoid":"31077","name":"Greeley"},"id":"31077"},{"arcs":[[-1282,5314,-1727,-4994,-3488,5315]],"type":"Polygon","properties":{"geoid":"10005","name":"Sussex"},"id":"10005"},{"arcs":[[-4857,-4421,-3222,5316,-3185,-3209]],"type":"Polygon","properties":{"geoid":"22059","name":"LaSalle"},"id":"22059"},{"arcs":[[-3186,-5317,-3225,-305,5317,-292,-224,-272]],"type":"Polygon","properties":{"geoid":"22009","name":"Avoyelles"},"id":"22009"},{"arcs":[[-209,-3178,-3196,-4861,-3190,-266]],"type":"Polygon","properties":{"geoid":"22067","name":"Morehouse"},"id":"22067"},{"arcs":[[5318,-661,-635,-3249,-3262,-3255,5319]],"type":"Polygon","properties":{"geoid":"34015","name":"Gloucester"},"id":"34015"},{"arcs":[[5320,5321,-4428,-322,-684,-689]],"type":"Polygon","properties":{"geoid":"34041","name":"Warren"},"id":"34041"},{"arcs":[[5322,5323,5324,5325,-329]],"type":"Polygon","properties":{"geoid":"29027","name":"Callaway"},"id":"29027"},{"arcs":[[5326,5327,-3434,-3295,-1059,-4557]],"type":"Polygon","properties":{"geoid":"30081","name":"Ravalli"},"id":"30081"},{"arcs":[[5328,5329,5330,5331]],"type":"Polygon","properties":{"geoid":"36063","name":"Niagara"},"id":"36063"},{"arcs":[[5332,5333,-1654,-3392,-5214,-1656,-1623]],"type":"Polygon","properties":{"geoid":"21179","name":"Nelson"},"id":"21179"},{"arcs":[[5334,-5333,-1622,5335]],"type":"Polygon","properties":{"geoid":"21029","name":"Bullitt"},"id":"21029"},{"arcs":[[-1652,5336,5337,-5112,5338,-3393]],"type":"Polygon","properties":{"geoid":"21167","name":"Mercer"},"id":"21167"},{"arcs":[[[5341,5342,-4982,5343]],[[5344,5345,5346,5347]]],"type":"MultiPolygon","properties":{"geoid":"02100","name":"Haines"},"id":"02100"},{"arcs":[[-1715,-3443,-3445,-2780,5348,-4751,-5305]],"type":"Polygon","properties":{"geoid":"24031","name":"Montgomery"},"id":"24031"},{"arcs":[[[5349,5350]],[[-3322,-3458,5351,-3453,5352,5353,5354,-3808,-3463]]],"type":"MultiPolygon","properties":{"geoid":"25021","name":"Norfolk"},"id":"25021"},{"arcs":[[-5355,5355,5356,-2179,5357,5358,-3809]],"type":"Polygon","properties":{"geoid":"25005","name":"Bristol"},"id":"25005"},{"arcs":[[-1505,-4682,-3609,5359,-4963,-1517,-3621]],"type":"Polygon","properties":{"geoid":"01101","name":"Montgomery"},"id":"01101"},{"arcs":[[5360,-3237,5361,-3456,-3318]],"type":"Polygon","properties":{"geoid":"25009","name":"Essex"},"id":"25009"},{"arcs":[[5362,5363,5364,5365]],"type":"Polygon","properties":{"geoid":"36045","name":"Jefferson"},"id":"36045"},{"arcs":[[[5366]],[[5367]],[[5368]],[[5369]],[[5370]],[[5371]],[[5372]],[[5373]],[[5374]],[[5375]],[[5376,5377,5378,5379]],[[5380,5381]],[[5382,-4050]],[[5383]]],"type":"MultiPolygon","properties":{"geoid":"02198","name":"Prince of Wales-Hyder"},"id":"02198"},{"arcs":[[-1257,-3696,-3689,5384,5385]],"type":"Polygon","properties":{"geoid":"04027","name":"Yuma"},"id":"04027"},{"arcs":[[5386,5387,-3764,5388,5389,5390,5391,5392]],"type":"Polygon","properties":{"geoid":"46023","name":"Charles Mix"},"id":"46023"},{"arcs":[[-3729,5393,5394,-4712,-1978]],"type":"Polygon","properties":{"geoid":"27103","name":"Nicollet"},"id":"27103"},{"arcs":[[-3748,5395,5396,-4607,5397,-4605]],"type":"Polygon","properties":{"geoid":"27113","name":"Pennington"},"id":"27113"},{"arcs":[[5398,-3781,-4355,-1996,5399,5400]],"type":"Polygon","properties":{"geoid":"46055","name":"Haakon"},"id":"46055"},{"arcs":[[[-2291,5402]],[[5403]],[[-3838,5404,5405]]],"type":"MultiPolygon","properties":{"geoid":"48167","name":"Galveston"},"id":"48167"},{"arcs":[[-934,5406,-3903,-3941]],"type":"Polygon","properties":{"geoid":"54045","name":"Logan"},"id":"54045"},{"arcs":[[5407,5408,-3959,-5065,5409,-865]],"type":"Polygon","properties":{"geoid":"54001","name":"Barbour"},"id":"54001"},{"arcs":[[-1062,-2681,5410,5411,-4561,-1069]],"type":"Polygon","properties":{"geoid":"16023","name":"Butte"},"id":"16023"},{"arcs":[[5412,5413,-2664,5414,5415]],"type":"Polygon","properties":{"geoid":"35019","name":"Guadalupe"},"id":"35019"},{"arcs":[[-1443,5416,-4004,-5191,-4233,-4026]],"type":"Polygon","properties":{"geoid":"41001","name":"Baker"},"id":"41001"},{"arcs":[[5417,-4703,-870,5418]],"type":"Polygon","properties":{"geoid":"54073","name":"Pleasants"},"id":"54073"},{"arcs":[[5419,-1030,-3734,-2726,-4525,5420,5421]],"type":"Polygon","properties":{"geoid":"38017","name":"Cass"},"id":"38017"},{"arcs":[[5422,5423,5424,5425,5426,5427]],"type":"Polygon","properties":{"geoid":"48417","name":"Shackelford"},"id":"48417"},{"arcs":[[5428,5429,5430,5431,5432,5433]],"type":"Polygon","properties":{"geoid":"20163","name":"Rooks"},"id":"20163"},{"arcs":[[-5221,-2596,-2618,-2614,5434,5435]],"type":"Polygon","properties":{"geoid":"21237","name":"Wolfe"},"id":"21237"},{"arcs":[[5436,-4650,-3435,-5328]],"type":"Polygon","properties":{"geoid":"30039","name":"Granite"},"id":"30039"},{"arcs":[[5437,-697,-2190,5438,-5321,-688,5439,5440]],"type":"Polygon","properties":{"geoid":"42089","name":"Monroe"},"id":"42089"},{"arcs":[[-3022,-4389,-3074,5441,5442,-4843]],"type":"Polygon","properties":{"geoid":"51047","name":"Culpeper"},"id":"51047"},{"arcs":[[-273,-227,-211,-4414,5443]],"type":"Polygon","properties":{"geoid":"22001","name":"Acadia"},"id":"22001"},{"arcs":[[-2379,-2352,-354,-4651,-5437,-5327,-4556,-3978,-432]],"type":"Polygon","properties":{"geoid":"30063","name":"Missoula"},"id":"30063"},{"arcs":[[5444,5445,-4576,5446,-2267]],"type":"Polygon","properties":{"geoid":"48329","name":"Midland"},"id":"48329"},{"arcs":[[-5253,-2583,-2571,-731,-2928,-1191]],"type":"Polygon","properties":{"geoid":"48471","name":"Walker"},"id":"48471"},{"arcs":[[5447,-4391,-126,-109,-3039,5448,-3037]],"type":"Polygon","properties":{"geoid":"51087","name":"Henrico"},"id":"51087"},{"arcs":[[5449,-5304,5450,-5302,5451,5452,5453,5454]],"type":"Polygon","properties":{"geoid":"51155","name":"Pulaski"},"id":"51155"},{"arcs":[[-4842,-123,-4390,-3084]],"type":"Polygon","properties":{"geoid":"51101","name":"King William"},"id":"51101"},{"arcs":[[-151,-3119,-177,5455,-4846,5456]],"type":"Polygon","properties":{"geoid":"05069","name":"Jefferson"},"id":"05069"},{"arcs":[[-4849,5457,-206,-4852,5458]],"type":"Polygon","properties":{"geoid":"05011","name":"Bradley"},"id":"05011"},{"arcs":[[-4868,-4872,-278,-3197,5459,5460]],"type":"Polygon","properties":{"geoid":"22033","name":"East Baton Rouge"},"id":"22033"},{"arcs":[[-4647,-3228,-216,-255,-33,5461]],"type":"Polygon","properties":{"geoid":"22031","name":"De Soto"},"id":"22031"},{"arcs":[[5462,-1550,5463,5464,5465,-318,-3253]],"type":"Polygon","properties":{"geoid":"34003","name":"Bergen"},"id":"34003"},{"arcs":[[-5262,-392,5466,-3300,-2361]],"type":"Polygon","properties":{"geoid":"30013","name":"Cascade"},"id":"30013"},{"arcs":[[5467,-1333,-1205,5468,-1346,-2832,-4774,5469]],"type":"Polygon","properties":{"geoid":"08051","name":"Gunnison"},"id":"08051"},{"arcs":[[-2848,5470,5471,5472,5473,5474]],"type":"Polygon","properties":{"geoid":"18067","name":"Howard"},"id":"18067"},{"arcs":[[5475,5476,5477,5478,5479]],"type":"Polygon","properties":{"geoid":"19025","name":"Calhoun"},"id":"19025"},{"arcs":[[5480,5481,5482,-4896,-472]],"type":"Polygon","properties":{"geoid":"37059","name":"Davie"},"id":"37059"},{"arcs":[[5483,5484,5485,5486,5487]],"type":"Polygon","properties":{"geoid":"42113","name":"Sullivan"},"id":"42113"},{"arcs":[[5488,-4207,-4279,-4577,5489]],"type":"Polygon","properties":{"geoid":"13229","name":"Pierce"},"id":"13229"},{"arcs":[[-4303,5490,5491,5492,-1289,-4967]],"type":"Polygon","properties":{"geoid":"01099","name":"Monroe"},"id":"01099"},{"arcs":[[-629,5493,5494,-1697,-2092]],"type":"Polygon","properties":{"geoid":"24025","name":"Harford"},"id":"24025"},{"arcs":[[5495,-5365,5496,-3563,-4496,-3555,5497]],"type":"Polygon","properties":{"geoid":"36075","name":"Oswego"},"id":"36075"},{"arcs":[[-1658,-5217,5498,5499,5500]],"type":"Polygon","properties":{"geoid":"21217","name":"Taylor"},"id":"21217"},{"arcs":[[5501,-1633,5502,-2609,-4769,-3422,5503]],"type":"Polygon","properties":{"geoid":"21183","name":"Ohio"},"id":"21183"},{"arcs":[[5504,5505,5506,5507]],"type":"Polygon","properties":{"geoid":"27077","name":"Lake of the Woods"},"id":"27077"},{"arcs":[[-1527,-1283,-5316,-3487,-3477]],"type":"Polygon","properties":{"geoid":"24011","name":"Caroline"},"id":"24011"},{"arcs":[[5508,-4199,5509,-1368,5510,5511]],"type":"Polygon","properties":{"geoid":"19029","name":"Cass"},"id":"19029"},{"arcs":[[5512,5513,5514,5515,5516,5517]],"type":"Polygon","properties":{"geoid":"19123","name":"Mahaska"},"id":"19123"},{"arcs":[[5518,5519,-1005,5520,5521]],"type":"Polygon","properties":{"geoid":"40095","name":"Marshall"},"id":"40095"},{"arcs":[[5522,-3966,-4745,-4271,5523]],"type":"Polygon","properties":{"geoid":"13075","name":"Cook"},"id":"13075"},{"arcs":[[5524,5525,-5276,-4960,-4275,-4205,-943]],"type":"Polygon","properties":{"geoid":"13267","name":"Tattnall"},"id":"13267"},{"arcs":[[5526,5527,5528,5529]],"type":"Polygon","properties":{"geoid":"01033","name":"Colbert"},"id":"01033"},{"arcs":[[5530,-4928,5531,5532,5533,5534,5535,5536,-4522,5537,5538,5539,-504]],"type":"Polygon","properties":{"geoid":"32031","name":"Washoe"},"id":"32031"},{"arcs":[[5540,5541,5542,-5492]],"type":"Polygon","properties":{"geoid":"01035","name":"Conecuh"},"id":"01035"},{"arcs":[[-5465,5545,-4214,-4972,5546,5547]],"type":"Polygon","properties":{"geoid":"36061","name":"New York"},"id":"36061"},{"arcs":[[5548,-1843,-3645,-1850,-1814,5549]],"type":"Polygon","properties":{"geoid":"47105","name":"Loudon"},"id":"47105"},{"arcs":[[5550,5551,5552,-2898,-1389]],"type":"Polygon","properties":{"geoid":"18027","name":"Daviess"},"id":"18027"},{"arcs":[[-1916,-3681,5553,-1923,5554,-3675,5555]],"type":"Polygon","properties":{"geoid":"23025","name":"Somerset"},"id":"23025"},{"arcs":[[-4163,-4132,-4138,-4152]],"type":"Polygon","properties":{"geoid":"49011","name":"Davis"},"id":"49011"},{"arcs":[[5556,-316,-3241,5557,5558]],"type":"Polygon","properties":{"geoid":"50009","name":"Essex"},"id":"50009"},{"arcs":[[5559,5560,-2020,-4337,5561,5562]],"type":"Polygon","properties":{"geoid":"21231","name":"Wayne"},"id":"21231"},{"arcs":[[5563,5564,5565,-5390]],"type":"Polygon","properties":{"geoid":"46009","name":"Bon Homme"},"id":"46009"},{"arcs":[[5566,-5046,5567,-3719,5568]],"type":"Polygon","properties":{"geoid":"27061","name":"Itasca"},"id":"27061"},{"arcs":[[5569,-3737,5570,5571,5572]],"type":"Polygon","properties":{"geoid":"27117","name":"Pipestone"},"id":"27117"},{"arcs":[[-2086,-2065,5573,5574]],"type":"Polygon","properties":{"geoid":"12053","name":"Hernando"},"id":"12053"},{"arcs":[[-2237,-2310,-2258,-2318,-5252,-2925,-2242]],"type":"Polygon","properties":{"geoid":"48073","name":"Cherokee"},"id":"48073"},{"arcs":[[-3091,-3010,5575,-100,5576,-5295]],"type":"Polygon","properties":{"geoid":"51009","name":"Amherst"},"id":"51009"},{"arcs":[[5577,5578,5579,-3870,5580,5581]],"type":"Polygon","properties":{"geoid":"49001","name":"Beaver"},"id":"49001"},{"arcs":[[5582,5583,5584,5585,5586,5587,5588]],"type":"Polygon","properties":{"geoid":"39025","name":"Clermont"},"id":"39025"},{"arcs":[[-4230,5589,-524,-2172]],"type":"Polygon","properties":{"geoid":"41029","name":"Jackson"},"id":"41029"},{"arcs":[[5590,5591,5592,5593,-4770,-3805]],"type":"Polygon","properties":{"geoid":"42009","name":"Bedford"},"id":"42009"},{"arcs":[[-4819,5594,5595,-674]],"type":"Polygon","properties":{"geoid":"45023","name":"Chester"},"id":"45023"},{"arcs":[[-4560,5596,5597,5598,-407,-415]],"type":"Polygon","properties":{"geoid":"30017","name":"Custer"},"id":"30017"},{"arcs":[[-494,5599,-2076,-5095,-4578]],"type":"Polygon","properties":{"geoid":"13039","name":"Camden"},"id":"13039"},{"arcs":[[-5470,-4778,-2839,-2823,5600]],"type":"Polygon","properties":{"geoid":"08091","name":"Ouray"},"id":"08091"},{"arcs":[[-4368,5601,-4217,-4220,5602,-5593,5603]],"type":"Polygon","properties":{"geoid":"42061","name":"Huntingdon"},"id":"42061"},{"arcs":[[-2612,-3411,-3396,-1615,-1045,5604]],"type":"Polygon","properties":{"geoid":"21119","name":"Knott"},"id":"21119"},{"arcs":[[5605,5606,-3441,-5108,5607,5608]],"type":"Polygon","properties":{"geoid":"17017","name":"Cass"},"id":"17017"},{"arcs":[[5609,-874,-4101,-844,5610,-3938]],"type":"Polygon","properties":{"geoid":"54013","name":"Calhoun"},"id":"54013"},{"arcs":[[5611,5612,-5401,5613,5614,5615,-1000]],"type":"Polygon","properties":{"geoid":"46103","name":"Pennington"},"id":"46103"},{"arcs":[[-3786,-4620,-2632,5616,-514]],"type":"Polygon","properties":{"geoid":"06059","name":"Orange"},"id":"06059"},{"arcs":[[5617,5618,-5533,5619,-5122,-526]],"type":"Polygon","properties":{"geoid":"06049","name":"Modoc"},"id":"06049"},{"arcs":[[-5125,-2658,5620,-2652,-5231]],"type":"Polygon","properties":{"geoid":"06099","name":"Stanislaus"},"id":"06099"},{"arcs":[[-567,-554,-5233,-2635,-2650]],"type":"Polygon","properties":{"geoid":"06021","name":"Glenn"},"id":"06021"},{"arcs":[[5621,5622,-5232,-4720,5623]],"type":"Polygon","properties":{"geoid":"06081","name":"San Mateo"},"id":"06081"},{"arcs":[[-573,5624,5625,-559,5626]],"type":"Polygon","properties":{"geoid":"06079","name":"San Luis Obispo"},"id":"06079"},{"arcs":[[5627,-549,-1264,-3783,-512,-531,-560,-5626]],"type":"Polygon","properties":{"geoid":"06029","name":"Kern"},"id":"06029"},{"arcs":[[5628,5629,5630,5631,5632]],"type":"Polygon","properties":{"geoid":"17139","name":"Moultrie"},"id":"17139"},{"arcs":[[-4439,-2420,-5263,-1467,-4905,-461]],"type":"Polygon","properties":{"geoid":"37113","name":"Macon"},"id":"37113"},{"arcs":[[5633,5634,-1103,5635,-1879]],"type":"Polygon","properties":{"geoid":"37009","name":"Ashe"},"id":"37009"},{"arcs":[[[-4922,5636,-5290,5637,5638]],[[5639]],[[5640]]],"type":"MultiPolygon","properties":{"geoid":"26029","name":"Charlevoix"},"id":"26029"},{"arcs":[[-4929,-5531,-503,-538]],"type":"Polygon","properties":{"geoid":"06057","name":"Nevada"},"id":"06057"},{"arcs":[[5641,-2875,5642,5643,5644,5645]],"type":"Polygon","properties":{"geoid":"18139","name":"Rush"},"id":"18139"},{"arcs":[[5646,-5331,5647,5648,-3329,-3325]],"type":"Polygon","properties":{"geoid":"36029","name":"Erie"},"id":"36029"},{"arcs":[[-4229,-2184,-1425,5649,-5618,-525,-5590]],"type":"Polygon","properties":{"geoid":"41035","name":"Klamath"},"id":"41035"},{"arcs":[[5650]],"type":"Polygon","properties":{"geoid":"15001","name":"Hawaii"},"id":"15001"},{"arcs":[[5651,5652,5653,-3613,-4297,5654]],"type":"Polygon","properties":{"geoid":"01043","name":"Cullman"},"id":"01043"},{"arcs":[[[-4984,5655,5656,5657]],[[5658,-4986]],[[5659]],[[-4978,5660]],[[-4980,5661]],[[5663]],[[5664]],[[5665,5666,5667,5668]],[[-5049,5669,-5347,5670]]],"type":"MultiPolygon","properties":{"geoid":"02105","name":"Hoonah-Angoon"},"id":"02105"},{"arcs":[[5671,-5504,-3427,5672,5673,5674,-1667]],"type":"Polygon","properties":{"geoid":"21177","name":"Muhlenberg"},"id":"21177"},{"arcs":[[5675,5676,5677,5678,-4171,-1380]],"type":"Polygon","properties":{"geoid":"17153","name":"Pulaski"},"id":"17153"},{"arcs":[[5679,-5351,5680,-3459,5681,-5356,-5354]],"type":"Polygon","properties":{"geoid":"25023","name":"Plymouth"},"id":"25023"},{"arcs":[[-4192,5682,5683,-3534,-5001,-3530]],"type":"Polygon","properties":{"geoid":"28089","name":"Madison"},"id":"28089"},{"arcs":[[5684,5685,-1903,-3685,-1934,-3695,-3784,-1523]],"type":"Polygon","properties":{"geoid":"04015","name":"Mohave"},"id":"04015"},{"arcs":[[-5166,-5164,-5169,5686,-820,-856,-3885,-3892]],"type":"Polygon","properties":{"geoid":"53025","name":"Grant"},"id":"53025"},{"arcs":[[-4702,-881,-868,-5069,-4099,-872]],"type":"Polygon","properties":{"geoid":"54017","name":"Doddridge"},"id":"54017"},{"arcs":[[-933,-836,-3912,-3904,-5407]],"type":"Polygon","properties":{"geoid":"54005","name":"Boone"},"id":"54005"},{"arcs":[[5687,5688,5689,5690]],"type":"Polygon","properties":{"geoid":"35061","name":"Valencia"},"id":"35061"},{"arcs":[[-4068,5691,5692,-997,5693,5694,-5053,-5185]],"type":"Polygon","properties":{"geoid":"56013","name":"Fremont"},"id":"56013"},{"arcs":[[5695,-4227,5696,-3170,-182,-2564,-4825,-4042]],"type":"Polygon","properties":{"geoid":"40089","name":"McCurtain"},"id":"40089"},{"arcs":[[-5467,-391,5697,5698,5699,-437,-2389,-3301]],"type":"Polygon","properties":{"geoid":"30059","name":"Meagher"},"id":"30059"},{"arcs":[[5700,5701,-4555,5702,5703]],"type":"Polygon","properties":{"geoid":"20123","name":"Mitchell"},"id":"20123"},{"arcs":[[-3522,5704,-1764,5705,-4492,-3174]],"type":"Polygon","properties":{"geoid":"28151","name":"Washington"},"id":"28151"},{"arcs":[[-3722,5706,5707,5708,-5205,5709]],"type":"Polygon","properties":{"geoid":"27097","name":"Morrison"},"id":"27097"},{"arcs":[[-4341,-2024,-3730,-1967,-3735,5710,5711]],"type":"Polygon","properties":{"geoid":"27173","name":"Yellow Medicine"},"id":"27173"},{"arcs":[[5712,5713,-3782,-5399,-5613,5714]],"type":"Polygon","properties":{"geoid":"46093","name":"Meade"},"id":"46093"},{"arcs":[[-4844,-5443,5715,5716,-2963]],"type":"Polygon","properties":{"geoid":"51113","name":"Madison"},"id":"51113"},{"arcs":[[5717,-5435,-2613,-5605,-1044,-1683]],"type":"Polygon","properties":{"geoid":"21025","name":"Breathitt"},"id":"21025"},{"arcs":[[-175,-205,-3519,-3172,5718,5719]],"type":"Polygon","properties":{"geoid":"05041","name":"Desha"},"id":"05041"},{"arcs":[[-5234,-4804,5720,5721,-4621]],"type":"Polygon","properties":{"geoid":"12097","name":"Osceola"},"id":"12097"},{"arcs":[[-586,5722,-4273,-2085,-608,5723,-5242]],"type":"Polygon","properties":{"geoid":"12065","name":"Jefferson"},"id":"12065"},{"arcs":[[5724,-687,-631,-660,-640,5725]],"type":"Polygon","properties":{"geoid":"42091","name":"Montgomery"},"id":"42091"},{"arcs":[[-4813,-4626,-3831,5726,-5119,5727]],"type":"Polygon","properties":{"geoid":"45063","name":"Lexington"},"id":"45063"},{"arcs":[[5728,5729,-4245,5730,-4370,5731,5732,-2104]],"type":"Polygon","properties":{"geoid":"42033","name":"Clearfield"},"id":"42033"},{"arcs":[[-4749,-2249,-3839,-5406,5733,-2555]],"type":"Polygon","properties":{"geoid":"48039","name":"Brazoria"},"id":"48039"},{"arcs":[[-23,5734,-2560,-777,-2234,-4385,-2277]],"type":"Polygon","properties":{"geoid":"48499","name":"Wood"},"id":"48499"},{"arcs":[[5735,-2261,-2927,-5254,-1189,-2948]],"type":"Polygon","properties":{"geoid":"48289","name":"Leon"},"id":"48289"},{"arcs":[[5736,5737,5738,-4573,-5446,5739]],"type":"Polygon","properties":{"geoid":"48317","name":"Martin"},"id":"48317"},{"arcs":[[-2431,-5275,-5280,5740,-4903,-4782,-1094]],"type":"Polygon","properties":{"geoid":"37049","name":"Craven"},"id":"37049"},{"arcs":[[-451,-2413,5741,5742,5743,5744,5745]],"type":"Polygon","properties":{"geoid":"13077","name":"Coweta"},"id":"13077"},{"arcs":[[5746,5747,5748,5749,-5630]],"type":"Polygon","properties":{"geoid":"17041","name":"Douglas"},"id":"17041"},{"arcs":[[5750,5751,5752]],"type":"Polygon","properties":{"geoid":"37177","name":"Tyrrell"},"id":"37177"},{"arcs":[[5753,5754,5755,5756,-4465,5757]],"type":"Polygon","properties":{"geoid":"48069","name":"Castro"},"id":"48069"},{"arcs":[[-4826,-2566,-43,-4912,-773,-2559,-2562]],"type":"Polygon","properties":{"geoid":"48343","name":"Morris"},"id":"48343"},{"arcs":[[-794,-3766,5758,5759,5760,-2625]],"type":"Polygon","properties":{"geoid":"48465","name":"Val Verde"},"id":"48465"},{"arcs":[[5761,-2576,5762]],"type":"Polygon","properties":{"geoid":"48377","name":"Presidio"},"id":"48377"},{"arcs":[[-5716,-5442,-3073,-5307,-2995,5763]],"type":"Polygon","properties":{"geoid":"51137","name":"Orange"},"id":"51137"},{"arcs":[[-1720,-1729,5764,-3061,5765]],"type":"Polygon","properties":{"geoid":"51001","name":"Accomack"},"id":"51001"},{"arcs":[[5767,-3088,-5297,-2988,5768,-5300],[5769,5770]],"type":"Polygon","properties":{"geoid":"51161","name":"Roanoke"},"id":"51161"},{"arcs":[[5771,5772,-159,-188,5773,5774,5775]],"type":"Polygon","properties":{"geoid":"05063","name":"Independence"},"id":"05063"},{"arcs":[[-3131,-4850,-5459,-4851,-197]],"type":"Polygon","properties":{"geoid":"05013","name":"Calhoun"},"id":"05013"},{"arcs":[[-686,-3270,5776,5777,-3263,-3247,-633]],"type":"Polygon","properties":{"geoid":"34005","name":"Burlington"},"id":"34005"},{"arcs":[[5778,5779,-4656,-5182,-4064,5780]],"type":"Polygon","properties":{"geoid":"30009","name":"Carbon"},"id":"30009"},{"arcs":[[5781,-3553,5782,5783,5784,-3331]],"type":"Polygon","properties":{"geoid":"36003","name":"Allegany"},"id":"36003"},{"arcs":[[-628,-643,-1280,-1724,5785,-5494]],"type":"Polygon","properties":{"geoid":"24015","name":"Cecil"},"id":"24015"},{"arcs":[[-1706,5786,-3475,-3450,-3446]],"type":"Polygon","properties":{"geoid":"24009","name":"Calvert"},"id":"24009"},{"arcs":[[-1848,-5007,-5002,-1838,-1809]],"type":"Polygon","properties":{"geoid":"47173","name":"Union"},"id":"47173"},{"arcs":[[-3592,-3590,-1811,-1844,-5549,-5550,-1813,-2736,-1834]],"type":"Polygon","properties":{"geoid":"47145","name":"Roane"},"id":"47145"},{"arcs":[[5787,5788,5789,-4505,-4332,-1890,-162]],"type":"Polygon","properties":{"geoid":"47045","name":"Dyer"},"id":"47045"},{"arcs":[[5790,5791,5792,-2800,5793,-1547]],"type":"Polygon","properties":{"geoid":"09001","name":"Fairfield"},"id":"09001"},{"arcs":[[-1332,5794,5795,5796,-1322]],"type":"Polygon","properties":{"geoid":"08035","name":"Douglas"},"id":"08035"},{"arcs":[[5797,-2830,-1351,-1347,-5469,-1204]],"type":"Polygon","properties":{"geoid":"08097","name":"Pitkin"},"id":"08097"},{"arcs":[[-4509,-4679,-1324,5798,-4483,-1343,-1350]],"type":"Polygon","properties":{"geoid":"08093","name":"Park"},"id":"08093"},{"arcs":[[5799,5800,5801,5802,5803,5804,5805]],"type":"Polygon","properties":{"geoid":"18007","name":"Benton"},"id":"18007"},{"arcs":[[-4444,5806,-1080,-4283,5807,5808]],"type":"Polygon","properties":{"geoid":"13219","name":"Oconee"},"id":"13219"},{"arcs":[[5809,5810,5811,-941,5812,5813,5814]],"type":"Polygon","properties":{"geoid":"13315","name":"Wilcox"},"id":"13315"},{"arcs":[[-1494,-3603,-1502,5815,5816,5817]],"type":"Polygon","properties":{"geoid":"01117","name":"Shelby"},"id":"01117"},{"arcs":[[5818,-4460,-4901,5819,-2139,-2210]],"type":"Polygon","properties":{"geoid":"45051","name":"Horry"},"id":"45051"},{"arcs":[[-2135,-1436,-5246,-2123,-3829,-4625]],"type":"Polygon","properties":{"geoid":"45085","name":"Sumter"},"id":"45085"},{"arcs":[[-2395,-2426,-3820,-2133,5820,-5595,-4818]],"type":"Polygon","properties":{"geoid":"45057","name":"Lancaster"},"id":"45057"},{"arcs":[[5821,5822,5823,5824,5825,5826,5827,5828]],"type":"Polygon","properties":{"geoid":"39151","name":"Stark"},"id":"39151"},{"arcs":[[5829,5830,5831,5832,5833,5834]],"type":"Polygon","properties":{"geoid":"39129","name":"Pickaway"},"id":"39129"},{"arcs":[[5835,5836,5837,-5824,5838]],"type":"Polygon","properties":{"geoid":"39133","name":"Portage"},"id":"39133"},{"arcs":[[-2192,5839,-5248,-2122,5840,-652,-2155]],"type":"Polygon","properties":{"geoid":"45029","name":"Colleton"},"id":"45029"},{"arcs":[[5841,5842,5843,5844,5845,5846]],"type":"Polygon","properties":{"geoid":"39127","name":"Perry"},"id":"39127"},{"arcs":[[5847,5848,5849,-2166,5850]],"type":"Polygon","properties":{"geoid":"39003","name":"Allen"},"id":"39003"},{"arcs":[[-5827,5851,5852,5853,5854]],"type":"Polygon","properties":{"geoid":"39019","name":"Carroll"},"id":"39019"},{"arcs":[[5855,5856,5857,5858]],"type":"Polygon","properties":{"geoid":"12111","name":"St. Lucie"},"id":"12111"},{"arcs":[[5859,5860,-3796,5861,5862]],"type":"Polygon","properties":{"geoid":"12027","name":"DeSoto"},"id":"12027"},{"arcs":[[-5858,5863,5864,5865]],"type":"Polygon","properties":{"geoid":"12085","name":"Martin"},"id":"12085"},{"arcs":[[5866,5867,5868,-4806,5869,-5239]],"type":"Polygon","properties":{"geoid":"12005","name":"Bay"},"id":"12005"},{"arcs":[[5870,5871,5872,-575,5873,5874]],"type":"Polygon","properties":{"geoid":"12021","name":"Collier"},"id":"12021"},{"arcs":[[5875,-3327,-3333,5876,5877,5878,5879,5880]],"type":"Polygon","properties":{"geoid":"42123","name":"Warren"},"id":"42123"},{"arcs":[[5881,5882,-719,-4732,5883,5884]],"type":"Polygon","properties":{"geoid":"40111","name":"Okmulgee"},"id":"40111"},{"arcs":[[5885,5886,-2218,5887,5888,5889]],"type":"Polygon","properties":{"geoid":"40071","name":"Kay"},"id":"40071"},{"arcs":[[-728,5890,5891,5892,5893,5894]],"type":"Polygon","properties":{"geoid":"40049","name":"Garvin"},"id":"40049"},{"arcs":[[5895,5896,5897,5898,5899]],"type":"Polygon","properties":{"geoid":"39139","name":"Richland"},"id":"39139"},{"arcs":[[5900,-729,-5895,5901,5902,5903]],"type":"Polygon","properties":{"geoid":"40051","name":"Grady"},"id":"40051"},{"arcs":[[-5596,-5821,-2137,-4624,-4812,-675]],"type":"Polygon","properties":{"geoid":"45039","name":"Fairfield"},"id":"45039"},{"arcs":[[-5620,-5532,-4927,-1266,-5123]],"type":"Polygon","properties":{"geoid":"06035","name":"Lassen"},"id":"06035"},{"arcs":[[-2071,-2090,-4811,-614,-594,-139,5904]],"type":"Polygon","properties":{"geoid":"12001","name":"Alachua"},"id":"12001"},{"arcs":[[5905,5906,5907,-583,-3799,5908]],"type":"Polygon","properties":{"geoid":"12039","name":"Gadsden"},"id":"12039"},{"arcs":[[-2053,5909,-610,-4810,5910]],"type":"Polygon","properties":{"geoid":"12019","name":"Clay"},"id":"12019"},{"arcs":[[-668,5911,-5117,-5076,-1166,-700]],"type":"Polygon","properties":{"geoid":"45037","name":"Edgefield"},"id":"45037"},{"arcs":[[5912,5913,5914,-5583,5915,5916]],"type":"Polygon","properties":{"geoid":"39165","name":"Warren"},"id":"39165"},{"arcs":[[5917,5918,-5851,-2165,5919,5920,5921]],"type":"Polygon","properties":{"geoid":"39161","name":"Van Wert"},"id":"39161"},{"arcs":[[5922,-3770,5923,5924,5925]],"type":"Polygon","properties":{"geoid":"48151","name":"Fisher"},"id":"48151"},{"arcs":[[-3843,-2340,5926,-4356,5927]],"type":"Polygon","properties":{"geoid":"48095","name":"Concho"},"id":"48095"},{"arcs":[[5928,5929,-4572,5930,-2232,5931]],"type":"Polygon","properties":{"geoid":"48191","name":"Hall"},"id":"48191"},{"arcs":[[-5251,-2306,5932,-2314,-2227]],"type":"Polygon","properties":{"geoid":"48021","name":"Bastrop"},"id":"48021"},{"arcs":[[-4022,-2944,5933,5934,5935]],"type":"Polygon","properties":{"geoid":"48299","name":"Llano"},"id":"48299"},{"arcs":[[5936,5937,-2946,5938,5939]],"type":"Polygon","properties":{"geoid":"48145","name":"Falls"},"id":"48145"},{"arcs":[[-5933,-2305,-4830,-1201,-2313,5940,5941,-2315]],"type":"Polygon","properties":{"geoid":"48149","name":"Fayette"},"id":"48149"},{"arcs":[[-742,5942,5943,5944,-2628,5945,5946]],"type":"Polygon","properties":{"geoid":"48013","name":"Atascosa"},"id":"48013"},{"arcs":[[-5838,5947,5948,5949,5950,-5825]],"type":"Polygon","properties":{"geoid":"39099","name":"Mahoning"},"id":"39099"},{"arcs":[[-5784,5951,5952,5953,5954,-4243,5955]],"type":"Polygon","properties":{"geoid":"42105","name":"Potter"},"id":"42105"},{"arcs":[[5956,5957,5958,5959,-5135,5960]],"type":"Polygon","properties":{"geoid":"48113","name":"Dallas"},"id":"48113"},{"arcs":[[5961,-3328,-5876,5962,5963]],"type":"Polygon","properties":{"geoid":"42049","name":"Erie"},"id":"42049"},{"arcs":[[5964,5965,-5822,5966,5967]],"type":"Polygon","properties":{"geoid":"39169","name":"Wayne"},"id":"39169"},{"arcs":[[5968,-2146,5969,5970,5971]],"type":"Polygon","properties":{"geoid":"41067","name":"Washington"},"id":"41067"},{"arcs":[[5972,-5880,5973,-4726,5974,5975]],"type":"Polygon","properties":{"geoid":"42121","name":"Venango"},"id":"42121"},{"arcs":[[5976,5977,5978,5979,-5830,5980,5981]],"type":"Polygon","properties":{"geoid":"39097","name":"Madison"},"id":"39097"},{"arcs":[[-4366,5982,5983,-3823,5984,5985]],"type":"Polygon","properties":{"geoid":"42119","name":"Union"},"id":"42119"},{"arcs":[[-2853,5986,5987,5988,5989]],"type":"Polygon","properties":{"geoid":"39135","name":"Preble"},"id":"39135"},{"arcs":[[-29,5990,5991,-1,5992,5993]],"type":"Polygon","properties":{"geoid":"48335","name":"Mitchell"},"id":"48335"},{"arcs":[[5994,5995,5996,5997,5998]],"type":"Polygon","properties":{"geoid":"48503","name":"Young"},"id":"48503"},{"arcs":[[5999,6000,6001,6002]],"type":"Polygon","properties":{"geoid":"48111","name":"Dallam"},"id":"48111"},{"arcs":[[6003,6004,6005,6006,6007]],"type":"Polygon","properties":{"geoid":"48221","name":"Hood"},"id":"48221"},{"arcs":[[6008,6009,-5940,6010,-5249,-2941,6011]],"type":"Polygon","properties":{"geoid":"48027","name":"Bell"},"id":"48027"},{"arcs":[[6012,-770,6013,6014,6015,6016]],"type":"Polygon","properties":{"geoid":"48065","name":"Carson"},"id":"48065"},{"arcs":[[6017,6018,6019,-6015]],"type":"Polygon","properties":{"geoid":"48179","name":"Gray"},"id":"48179"},{"arcs":[[-4086,6020,6021,6022,6023,6024]],"type":"Polygon","properties":{"geoid":"48337","name":"Montague"},"id":"48337"},{"arcs":[[-775,-20,-2308,-2235]],"type":"Polygon","properties":{"geoid":"48183","name":"Gregg"},"id":"48183"},{"arcs":[[6025,-2328,6026,6027,-2332,6028]],"type":"Polygon","properties":{"geoid":"48193","name":"Hamilton"},"id":"48193"},{"arcs":[[6029,6030,-31,-5738,6031]],"type":"Polygon","properties":{"geoid":"48115","name":"Dawson"},"id":"48115"},{"arcs":[[6032,-1009,-787,-5287,6033,6034]],"type":"Polygon","properties":{"geoid":"48147","name":"Fannin"},"id":"48147"},{"arcs":[[6035,-6035,6036,6037,-5958,6038]],"type":"Polygon","properties":{"geoid":"48085","name":"Collin"},"id":"48085"},{"arcs":[[-5960,6039,6040,-4386,-2240,-5136]],"type":"Polygon","properties":{"geoid":"48257","name":"Kaufman"},"id":"48257"},{"arcs":[[-3769,6041,-5428,6042,6043,-5924]],"type":"Polygon","properties":{"geoid":"48253","name":"Jones"},"id":"48253"},{"arcs":[[-2570,-2934,-2953,-2276,-2289,-3833,-733]],"type":"Polygon","properties":{"geoid":"48291","name":"Liberty"},"id":"48291"},{"arcs":[[-3946,-5306,-3018,-57,-2973]],"type":"Polygon","properties":{"geoid":"51043","name":"Clarke"},"id":"51043"},{"arcs":[[-4395]],"type":"Polygon","properties":{"geoid":"51820","name":"Waynesboro"},"id":"51820"},{"arcs":[[-3053,-130,-3012,-4400,-88]],"type":"Polygon","properties":{"geoid":"51183","name":"Sussex"},"id":"51183"},{"arcs":[[-2964,-5717,-5764,-2994,-65]],"type":"Polygon","properties":{"geoid":"51079","name":"Greene"},"id":"51079"},{"arcs":[[6044,6045,6046,6047]],"type":"Polygon","properties":{"geoid":"51740","name":"Portsmouth"},"id":"51740"},{"arcs":[[-2958,-2957,-3664]],"type":"Polygon","properties":{"geoid":"51520","name":"Bristol"},"id":"51520"},{"arcs":[[-69]],"type":"Polygon","properties":{"geoid":"51660","name":"Harrisonburg"},"id":"51660"},{"arcs":[[-781,-2316,-5942,6048,6049,6050,6051]],"type":"Polygon","properties":{"geoid":"48177","name":"Gonzales"},"id":"48177"},{"arcs":[[6052,6053,-6007,6054,-2329,-6026,6055]],"type":"Polygon","properties":{"geoid":"48143","name":"Erath"},"id":"48143"},{"arcs":[[-748,6056,6057,-2252,6058]],"type":"Polygon","properties":{"geoid":"48247","name":"Jim Hogg"},"id":"48247"},{"arcs":[[6059,-4,-3844,-5928,-3660,-1999,-2703]],"type":"Polygon","properties":{"geoid":"48451","name":"Tom Green"},"id":"48451"},{"arcs":[[6060,6061,-737,6062,6063,6064]],"type":"Polygon","properties":{"geoid":"48019","name":"Bandera"},"id":"48019"},{"arcs":[[6065,-2782,-3444,-4755]],"type":"Polygon","properties":{"geoid":"51510","name":"Alexandria"},"id":"51510"},{"arcs":[[-4833,6068,6069,6070]],"type":"Polygon","properties":{"geoid":"51650","name":"Hampton"},"id":"51650"},{"arcs":[[6071,6072,-4130,6073,6074,6075]],"type":"Polygon","properties":{"geoid":"31051","name":"Dixon"},"id":"31051"},{"arcs":[[6076,6077,6078,6079,6080]],"type":"Polygon","properties":{"geoid":"31035","name":"Clay"},"id":"31035"},{"arcs":[[6081,6082,-5867,-5238]],"type":"Polygon","properties":{"geoid":"12133","name":"Washington"},"id":"12133"},{"arcs":[[6083,-5096,-2078,-2054,-5911,-4809,-2088,-2069,6084]],"type":"Polygon","properties":{"geoid":"12003","name":"Baker"},"id":"12003"},{"arcs":[[-1687,6085,6086,6087,6088]],"type":"Polygon","properties":{"geoid":"31113","name":"Logan"},"id":"31113"},{"arcs":[[-4645,6089,6090,6091,6092,6093]],"type":"Polygon","properties":{"geoid":"05083","name":"Logan"},"id":"05083"},{"arcs":[[6094,6095,-5455,6096,6097,-3059]],"type":"Polygon","properties":{"geoid":"51021","name":"Bland"},"id":"51021"},{"arcs":[[-3045,6098,-3043,-3051,-86]],"type":"Polygon","properties":{"geoid":"51730","name":"Petersburg"},"id":"51730"},{"arcs":[[6099,-4753]],"type":"Polygon","properties":{"geoid":"51610","name":"Falls Church"},"id":"51610"},{"arcs":[[-5454,6100,6101,6102,-6097]],"type":"Polygon","properties":{"geoid":"51197","name":"Wythe"},"id":"51197"},{"arcs":[[-5577,-99,-5296]],"type":"Polygon","properties":{"geoid":"51680","name":"Lynchburg"},"id":"51680"},{"arcs":[[6103,-6067,6104,6105,6106,-6046]],"type":"Polygon","properties":{"geoid":"51710","name":"Norfolk"},"id":"51710"},{"arcs":[[-2986,-4834,-6071,6107]],"type":"Polygon","properties":{"geoid":"51700","name":"Newport News"},"id":"51700"},{"arcs":[[-3001]],"type":"Polygon","properties":{"geoid":"51540","name":"Charlottesville"},"id":"51540"},{"arcs":[[-4752,-5349,-2783,-6066,-4754,-6100]],"type":"Polygon","properties":{"geoid":"51013","name":"Arlington"},"id":"51013"},{"arcs":[[-6047,-6107,6108,-2498,-3387,6109]],"type":"Polygon","properties":{"geoid":"51550","name":"Chesapeake"},"id":"51550"},{"arcs":[[-3041,-3052]],"type":"Polygon","properties":{"geoid":"51670","name":"Hopewell"},"id":"51670"},{"arcs":[[6110,6111,6112,6113,6114]],"type":"Polygon","properties":{"geoid":"31099","name":"Kearney"},"id":"31099"},{"arcs":[[6115,6116,6117,6118,6119,6120,6121,6122]],"type":"Polygon","properties":{"geoid":"31141","name":"Platte"},"id":"31141"},{"arcs":[[6123,6124,6125,6126,-144,6127]],"type":"Polygon","properties":{"geoid":"31003","name":"Antelope"},"id":"31003"},{"arcs":[[6128,6129,6130,6131,6132,6133,6134]],"type":"Polygon","properties":{"geoid":"31033","name":"Cheyenne"},"id":"31033"},{"arcs":[[6135,6136,6137,-3105,6138,-6131,6139]],"type":"Polygon","properties":{"geoid":"31069","name":"Garden"},"id":"31069"},{"arcs":[[6140,6141,6142,6143,6144,6145,-3096]],"type":"Polygon","properties":{"geoid":"31109","name":"Lancaster"},"id":"31109"},{"arcs":[[6146,6147,6148,-6117,6149]],"type":"Polygon","properties":{"geoid":"31167","name":"Stanton"},"id":"31167"},{"arcs":[[-6114,6150,6151,6152,6153]],"type":"Polygon","properties":{"geoid":"31061","name":"Franklin"},"id":"31061"},{"arcs":[[6154,6155,-2368,6156,6157,6158]],"type":"Polygon","properties":{"geoid":"31127","name":"Nemaha"},"id":"31127"},{"arcs":[[6159,6160,-6115,6161,6162,6163]],"type":"Polygon","properties":{"geoid":"31137","name":"Phelps"},"id":"31137"},{"arcs":[[6164,6165,6166,6167,6168]],"type":"Polygon","properties":{"geoid":"31079","name":"Hall"},"id":"31079"},{"arcs":[[6169,6170,6171,6172,6173]],"type":"Polygon","properties":{"geoid":"31153","name":"Sarpy"},"id":"31153"},{"arcs":[[6174,-6088,6175,6176,6177,6178,-3111,-3102]],"type":"Polygon","properties":{"geoid":"31111","name":"Lincoln"},"id":"31111"},{"arcs":[[-4157,-3245,6179,6180,6181,6182]],"type":"Polygon","properties":{"geoid":"33019","name":"Sullivan"},"id":"33019"},{"arcs":[[6183,-3287,-3149,-184,6184]],"type":"Polygon","properties":{"geoid":"29181","name":"Ripley"},"id":"29181"},{"arcs":[[6185,6186,6187,6188]],"type":"Polygon","properties":{"geoid":"29229","name":"Wright"},"id":"29229"},{"arcs":[[6189,-3315,6190,-347,6191,6192]],"type":"Polygon","properties":{"geoid":"29015","name":"Benton"},"id":"29015"},{"arcs":[[6193,6194,-1738,6195,6196,6197]],"type":"Polygon","properties":{"geoid":"29097","name":"Jasper"},"id":"29097"},{"arcs":[[6198,6199,6200,-3292,6201,6202,6203]],"type":"Polygon","properties":{"geoid":"29093","name":"Iron"},"id":"29093"},{"arcs":[[6204,6205,6206,-364,6207,6208]],"type":"Polygon","properties":{"geoid":"29025","name":"Caldwell"},"id":"29025"},{"arcs":[[6209,6210,6211,6212,6213,-2365]],"type":"Polygon","properties":{"geoid":"29003","name":"Andrew"},"id":"29003"},{"arcs":[[6214,6215,6216,-327,6217,-404]],"type":"Polygon","properties":{"geoid":"29175","name":"Randolph"},"id":"29175"},{"arcs":[[6218,6219,6220,6221,6222]],"type":"Polygon","properties":{"geoid":"31013","name":"Box Butte"},"id":"31013"},{"arcs":[[6223,6224,6225,-6155,6226,-6145]],"type":"Polygon","properties":{"geoid":"31131","name":"Otoe"},"id":"31131"},{"arcs":[[-135,-3099,6227,6228,-6078]],"type":"Polygon","properties":{"geoid":"31059","name":"Fillmore"},"id":"31059"},{"arcs":[[-6093,6229,-4409,6230,6231,6232,6233]],"type":"Polygon","properties":{"geoid":"05149","name":"Yell"},"id":"05149"},{"arcs":[[6234,-168,6235,-3153,-190]],"type":"Polygon","properties":{"geoid":"05111","name":"Poinsett"},"id":"05111"},{"arcs":[[6236,6237,-3127,6238,6239]],"type":"Polygon","properties":{"geoid":"29119","name":"McDonald"},"id":"29119"},{"arcs":[[-481,6240,6241,-4893,-5483,6242]],"type":"Polygon","properties":{"geoid":"37067","name":"Forsyth"},"id":"37067"},{"arcs":[[6243,-80,-97,6244,-4377,-2398,6245]],"type":"Polygon","properties":{"geoid":"37077","name":"Granville"},"id":"37077"},{"arcs":[[6246,-2531,6247,6248,-2509,6249]],"type":"Polygon","properties":{"geoid":"37001","name":"Alamance"},"id":"37001"},{"arcs":[[6250,-368,-401,-3312,6251,-4432]],"type":"Polygon","properties":{"geoid":"29107","name":"Lafayette"},"id":"29107"},{"arcs":[[-330,-5326,6252,6253,6254]],"type":"Polygon","properties":{"geoid":"29051","name":"Cole"},"id":"29051"},{"arcs":[[6255,6256,6257,-6091,6258]],"type":"Polygon","properties":{"geoid":"05071","name":"Johnson"},"id":"05071"},{"arcs":[[-3123,-3164,6259,-6256,6260,6261,6262]],"type":"Polygon","properties":{"geoid":"05087","name":"Madison"},"id":"05087"},{"arcs":[[-5456,-176,-5720,6263,-4847]],"type":"Polygon","properties":{"geoid":"05079","name":"Lincoln"},"id":"05079"},{"arcs":[[6264,6265,6266,6267,6268,6269,6270]],"type":"Polygon","properties":{"geoid":"05129","name":"Searcy"},"id":"05129"},{"arcs":[[-4413,-4491,6271,6272,-4858,-282,6273,-238]],"type":"Polygon","properties":{"geoid":"22103","name":"St. Tammany"},"id":"22103"},{"arcs":[[[-303,-3527,-4870,6274,-289]],[[-5318,-304,-287]]],"type":"MultiPolygon","properties":{"geoid":"22125","name":"West Feliciana"},"id":"22125"},{"arcs":[[-4763,-3187,-270,6275,-4379]],"type":"Polygon","properties":{"geoid":"22003","name":"Allen"},"id":"22003"},{"arcs":[[-4862,-299,-3210,-3224,-4420]],"type":"Polygon","properties":{"geoid":"22041","name":"Franklin"},"id":"22041"},{"arcs":[[-4865,6276,6277,6278,-4855,-218,-3227,-262]],"type":"Polygon","properties":{"geoid":"22013","name":"Bienville"},"id":"22013"},{"arcs":[[-6276,-274,-5444,-4417,6279,6280,-4380]],"type":"Polygon","properties":{"geoid":"22053","name":"Jefferson Davis"},"id":"22053"},{"arcs":[[-765,6281,-6280,-4416,6282,-2273]],"type":"Polygon","properties":{"geoid":"22023","name":"Cameron"},"id":"22023"},{"arcs":[[[6283]],[[6284,-308,6285,-310,-4860]]],"type":"MultiPolygon","properties":{"geoid":"22087","name":"St. Bernard"},"id":"22087"},{"arcs":[[6286,-3200,6287,-254,-4424,-3219,-230,-3203]],"type":"Polygon","properties":{"geoid":"22007","name":"Assumption"},"id":"22007"},{"arcs":[[6288,-3798,-4807,-5869]],"type":"Polygon","properties":{"geoid":"12013","name":"Calhoun"},"id":"12013"},{"arcs":[[6290,-5320,-3261,6291,-1275]],"type":"Polygon","properties":{"geoid":"34033","name":"Salem"},"id":"34033"},{"arcs":[[-3257,-3266,6292]],"type":"Polygon","properties":{"geoid":"34009","name":"Cape May"},"id":"34009"},{"arcs":[[6293,-4879,-3279,-363,6294,6295,6296]],"type":"Polygon","properties":{"geoid":"29071","name":"Franklin"},"id":"29071"},{"arcs":[[6297,6298,6299,6300,-1735,-423]],"type":"Polygon","properties":{"geoid":"29167","name":"Polk"},"id":"29167"},{"arcs":[[6301,-6254,6302,6303,6304,-342,6305]],"type":"Polygon","properties":{"geoid":"29131","name":"Miller"},"id":"29131"},{"arcs":[[6306,-6197,6307,6308,-6237,6309]],"type":"Polygon","properties":{"geoid":"29145","name":"Newton"},"id":"29145"},{"arcs":[[6310,6311,6312,6313,6314,6315]],"type":"Polygon","properties":{"geoid":"29079","name":"Grundy"},"id":"29079"},{"arcs":[[-6309,6316,6317,-3159,-3121,-6238]],"type":"Polygon","properties":{"geoid":"29009","name":"Barry"},"id":"29009"},{"arcs":[[6318,-4438,-5261,-3430]],"type":"Polygon","properties":{"geoid":"30041","name":"Hill"},"id":"30041"},{"arcs":[[6319,6320,6321,6322,6323,6324]],"type":"Polygon","properties":{"geoid":"29153","name":"Ozark"},"id":"29153"},{"arcs":[[6325,6326,6327,6328,6329,-6211]],"type":"Polygon","properties":{"geoid":"29075","name":"Gentry"},"id":"29075"},{"arcs":[[-6330,6330,-6205,6331,6332,-6212]],"type":"Polygon","properties":{"geoid":"29063","name":"DeKalb"},"id":"29063"},{"arcs":[[-6295,-362,6333,-6200,6334]],"type":"Polygon","properties":{"geoid":"29221","name":"Washington"},"id":"29221"},{"arcs":[[-4884,-3759,-419,6335,6336]],"type":"Polygon","properties":{"geoid":"30065","name":"Musselshell"},"id":"30065"},{"arcs":[[6337,6338,-4539,-4327,6339,6340,6341,6342]],"type":"Polygon","properties":{"geoid":"38001","name":"Adams"},"id":"38001"},{"arcs":[[-4313,6343,-4534,6344]],"type":"Polygon","properties":{"geoid":"38065","name":"Oliver"},"id":"38065"},{"arcs":[[6345,6346,6347,-1011,6348,6349]],"type":"Polygon","properties":{"geoid":"20133","name":"Neosho"},"id":"20133"},{"arcs":[[-5703,-4554,6350,6351,6352,6353]],"type":"Polygon","properties":{"geoid":"20105","name":"Lincoln"},"id":"20105"},{"arcs":[[6354,6355,6356,6357,6358]],"type":"Polygon","properties":{"geoid":"20079","name":"Harvey"},"id":"20079"},{"arcs":[[6359,6360,-5886,6361,-2689,6362]],"type":"Polygon","properties":{"geoid":"20191","name":"Sumner"},"id":"20191"},{"arcs":[[6363,6364,6365,-4550,-5702,6366]],"type":"Polygon","properties":{"geoid":"20029","name":"Cloud"},"id":"20029"},{"arcs":[[6367,6368,-6346,6369]],"type":"Polygon","properties":{"geoid":"20001","name":"Allen"},"id":"20001"},{"arcs":[[6370,6371,-2692,6372,6373,6374,6375]],"type":"Polygon","properties":{"geoid":"20007","name":"Barber"},"id":"20007"},{"arcs":[[6376,6377,-4949,6378,-2144]],"type":"Polygon","properties":{"geoid":"41027","name":"Hood River"},"id":"41027"},{"arcs":[[6379,-2029,-4343,6380,6381,6382]],"type":"Polygon","properties":{"geoid":"46051","name":"Grant"},"id":"46051"},{"arcs":[[6383,6384,-6325,6385,6386,-3161,6387]],"type":"Polygon","properties":{"geoid":"29213","name":"Taney"},"id":"29213"},{"arcs":[[6388,6389,-6388,-3160,-6318]],"type":"Polygon","properties":{"geoid":"29209","name":"Stone"},"id":"29209"},{"arcs":[[-6314,6390,6391,6392,-402,6393]],"type":"Polygon","properties":{"geoid":"29115","name":"Linn"},"id":"29115"},{"arcs":[[-5599,6394,6395,6396,6397,-408]],"type":"Polygon","properties":{"geoid":"30011","name":"Carter"},"id":"30011"},{"arcs":[[6398,-6246,-2397,-2511,6399]],"type":"Polygon","properties":{"geoid":"37063","name":"Durham"},"id":"37063"},{"arcs":[[6400,6401,-1385,-4743]],"type":"Polygon","properties":{"geoid":"17101","name":"Lawrence"},"id":"17101"},{"arcs":[[6402,-6316,6403,-6206,-6331,-6329]],"type":"Polygon","properties":{"geoid":"29061","name":"Daviess"},"id":"29061"},{"arcs":[[6404,-3868,-3864,-3872,6405]],"type":"Polygon","properties":{"geoid":"49055","name":"Wayne"},"id":"49055"},{"arcs":[[-5581,-3873,-1899,6406,6407]],"type":"Polygon","properties":{"geoid":"49021","name":"Iron"},"id":"49021"},{"arcs":[[6408,6409,6410,6411,6412]],"type":"Polygon","properties":{"geoid":"36097","name":"Schuyler"},"id":"36097"},{"arcs":[[-2680,-3999,6413,6414,6415,-5411]],"type":"Polygon","properties":{"geoid":"16051","name":"Jefferson"},"id":"16051"},{"arcs":[[6416,-5415,-2668,6417,6418,-4006,6419]],"type":"Polygon","properties":{"geoid":"35027","name":"Lincoln"},"id":"35027"},{"arcs":[[6420,6421,6422,6423,-5099,6424]],"type":"Polygon","properties":{"geoid":"20009","name":"Barton"},"id":"20009"},{"arcs":[[6425,6426,6427,-2214,6428]],"type":"Polygon","properties":{"geoid":"20019","name":"Chautauqua"},"id":"20019"},{"arcs":[[6429,-383,6430,6431,6432]],"type":"Polygon","properties":{"geoid":"20107","name":"Linn"},"id":"20107"},{"arcs":[[6433,6434,6435,6436,6437,6438]],"type":"Polygon","properties":{"geoid":"20127","name":"Morris"},"id":"20127"},{"arcs":[[6439,6440,6441,-768,6442]],"type":"Polygon","properties":{"geoid":"48195","name":"Hansford"},"id":"48195"},{"arcs":[[-6369,-6432,6443,6444,-6347]],"type":"Polygon","properties":{"geoid":"20011","name":"Bourbon"},"id":"20011"},{"arcs":[[-6341,6445,-3779,-5714,6446,6447]],"type":"Polygon","properties":{"geoid":"46105","name":"Perkins"},"id":"46105"},{"arcs":[[-4527,6448,-2030,-6380,6449,6450]],"type":"Polygon","properties":{"geoid":"46109","name":"Roberts"},"id":"46109"},{"arcs":[[6451,-6451,6452,6453]],"type":"Polygon","properties":{"geoid":"46091","name":"Marshall"},"id":"46091"},{"arcs":[[-5538,-4521,-3625,-1249,6454,6455,6456]],"type":"Polygon","properties":{"geoid":"32019","name":"Lyon"},"id":"32019"},{"arcs":[[6457,-5946,-4338,6458,-4017]],"type":"Polygon","properties":{"geoid":"48163","name":"Frio"},"id":"48163"},{"arcs":[[-6016,6459,6460,6461,6462]],"type":"Polygon","properties":{"geoid":"48011","name":"Armstrong"},"id":"48011"},{"arcs":[[-6020,6463,-5929,6464,-6460]],"type":"Polygon","properties":{"geoid":"48129","name":"Donley"},"id":"48129"},{"arcs":[[6465,6466,6467,-4488,6468]],"type":"Polygon","properties":{"geoid":"28073","name":"Lamar"},"id":"28073"},{"arcs":[[6469,6470,6471,-4410,-4184]],"type":"Polygon","properties":{"geoid":"28147","name":"Walthall"},"id":"28147"},{"arcs":[[6472,6473,6474,6475,6476]],"type":"Polygon","properties":{"geoid":"28061","name":"Jasper"},"id":"28061"},{"arcs":[[-4295,6477,6478,-1498,-3602]],"type":"Polygon","properties":{"geoid":"01015","name":"Calhoun"},"id":"01015"},{"arcs":[[6479,6480,6481,-3630,-1756]],"type":"Polygon","properties":{"geoid":"01075","name":"Lamar"},"id":"01075"},{"arcs":[[6482,6483,6484,6485,-3606,-4681,6486]],"type":"Polygon","properties":{"geoid":"01123","name":"Tallapoosa"},"id":"01123"},{"arcs":[[-3278,6487,6488,6489,-359]],"type":"Polygon","properties":{"geoid":"17133","name":"Monroe"},"id":"17133"},{"arcs":[[6490,6491,6492,6493,6494]],"type":"Polygon","properties":{"geoid":"17187","name":"Warren"},"id":"17187"},{"arcs":[[6495,6496,6497]],"type":"Polygon","properties":{"geoid":"17171","name":"Scott"},"id":"17171"},{"arcs":[[6498,6499,6500,-5747,-5629,6501]],"type":"Polygon","properties":{"geoid":"17147","name":"Piatt"},"id":"17147"},{"arcs":[[6502,-1260,-1251,-3628]],"type":"Polygon","properties":{"geoid":"32009","name":"Esmeralda"},"id":"32009"},{"arcs":[[-3622,-1521,6503,-5541,-5491,-4302]],"type":"Polygon","properties":{"geoid":"01013","name":"Butler"},"id":"01013"},{"arcs":[[-4008,6504,-2265,6505,6506]],"type":"Polygon","properties":{"geoid":"35013","name":"Doña Ana"},"id":"35013"},{"arcs":[[-5951,6507,6508,6509,6510,-5852,-5826]],"type":"Polygon","properties":{"geoid":"39029","name":"Columbiana"},"id":"39029"},{"arcs":[[6511,6512,6513,6514,-5584,-5915]],"type":"Polygon","properties":{"geoid":"39027","name":"Clinton"},"id":"39027"},{"arcs":[[-3498,6515,6516,-5896,6517,6518,6519]],"type":"Polygon","properties":{"geoid":"39077","name":"Huron"},"id":"39077"},{"arcs":[[6520,-910,-829,-2142,-5969,-2148]],"type":"Polygon","properties":{"geoid":"41009","name":"Columbia"},"id":"41009"},{"arcs":[[6521,6522,6523,6524,6525]],"type":"Polygon","properties":{"geoid":"35009","name":"Curry"},"id":"35009"},{"arcs":[[-1499,-6479,6526,6527,-970,6528,6529,6530]],"type":"Polygon","properties":{"geoid":"01029","name":"Cleburne"},"id":"01029"},{"arcs":[[-4909,6531,6532,6533,6534,6535]],"type":"Polygon","properties":{"geoid":"17079","name":"Jasper"},"id":"17079"},{"arcs":[[6536,6537,6538,-1765,-4489,-6468]],"type":"Polygon","properties":{"geoid":"28035","name":"Forrest"},"id":"28035"},{"arcs":[[6539,6540,-1754,6541,6542]],"type":"Polygon","properties":{"geoid":"28025","name":"Clay"},"id":"28025"},{"arcs":[[-2439,6543,6544,6545,6546,6547]],"type":"Polygon","properties":{"geoid":"17081","name":"Jefferson"},"id":"17081"},{"arcs":[[-4898,6548,6549,6550]],"type":"Polygon","properties":{"geoid":"37041","name":"Chowan"},"id":"37041"},{"arcs":[[6551,6552,6553,6554,6555]],"type":"Polygon","properties":{"geoid":"31017","name":"Brown"},"id":"31017"},{"arcs":[[6556,-4676,6557,6558,6559,6560,6561]],"type":"Polygon","properties":{"geoid":"26157","name":"Tuscola"},"id":"26157"},{"arcs":[[6562,-2901,6563,-2919,-1224,6564]],"type":"Polygon","properties":{"geoid":"26061","name":"Houghton"},"id":"26061"},{"arcs":[[-5464,-1549,6565,-4210,-5546]],"type":"Polygon","properties":{"geoid":"36005","name":"Bronx"},"id":"36005"},{"arcs":[[-1862,-1881,6566,6567,-2472,-1112,-2537]],"type":"Polygon","properties":{"geoid":"37011","name":"Avery"},"id":"37011"},{"arcs":[[-6157,-2367,6568,6569,6570,6571]],"type":"Polygon","properties":{"geoid":"31147","name":"Richardson"},"id":"31147"},{"arcs":[[6572,6573,6574,-6556,6575,-1685,6576,6577,6578]],"type":"Polygon","properties":{"geoid":"31031","name":"Cherry"},"id":"31031"},{"arcs":[[-6168,6579,-6081,6580,-6112,6581]],"type":"Polygon","properties":{"geoid":"31001","name":"Adams"},"id":"31001"},{"arcs":[[6582,6583,-1140,6584,6585]],"type":"Polygon","properties":{"geoid":"17201","name":"Winnebago"},"id":"17201"},{"arcs":[[-5750,6586,6587,-4907,6588,-5631]],"type":"Polygon","properties":{"geoid":"17029","name":"Coles"},"id":"17029"},{"arcs":[[-723,6589,6590,-2200,-4729,-717]],"type":"Polygon","properties":{"geoid":"40021","name":"Cherokee"},"id":"40021"},{"arcs":[[6591,6592,6593,6594,6595,6596,6597,6598,6599]],"type":"Polygon","properties":{"geoid":"17099","name":"LaSalle"},"id":"17099"},{"arcs":[[6600,6601,-2882,6602,6603]],"type":"Polygon","properties":{"geoid":"18183","name":"Whitley"},"id":"18183"},{"arcs":[[6604,-5644,6605,6606,6607,6608]],"type":"Polygon","properties":{"geoid":"18031","name":"Decatur"},"id":"18031"},{"arcs":[[6609,-5517,6610,6611,6612]],"type":"Polygon","properties":{"geoid":"19135","name":"Monroe"},"id":"19135"},{"arcs":[[6613,6614,6615,6616,6617]],"type":"Polygon","properties":{"geoid":"19011","name":"Benton"},"id":"19011"},{"arcs":[[-96,6618,-4375,-6245]],"type":"Polygon","properties":{"geoid":"37181","name":"Vance"},"id":"37181"},{"arcs":[[6619,-5744,6620,6621,6622,6623]],"type":"Polygon","properties":{"geoid":"13285","name":"Troup"},"id":"13285"},{"arcs":[[6624,6625,6626,6627,6628,-5551,-1388,6629]],"type":"Polygon","properties":{"geoid":"18055","name":"Greene"},"id":"18055"},{"arcs":[[6630,6631,-2871,6632,-6627,6633]],"type":"Polygon","properties":{"geoid":"18105","name":"Monroe"},"id":"18105"},{"arcs":[[-4381,-6281,-6282,-764,-2286]],"type":"Polygon","properties":{"geoid":"22019","name":"Calcasieu"},"id":"22019"},{"arcs":[[-6275,-4869,-5461,6634,-290]],"type":"Polygon","properties":{"geoid":"22121","name":"West Baton Rouge"},"id":"22121"},{"arcs":[[6635,6636,-4062,6637,6638]],"type":"Polygon","properties":{"geoid":"19005","name":"Allamakee"},"id":"19005"},{"arcs":[[6639,6640,6641,6642,6643,6644,6645]],"type":"Polygon","properties":{"geoid":"21015","name":"Boone"},"id":"21015"},{"arcs":[[6646,6647,6648,-6540,6649,6650]],"type":"Polygon","properties":{"geoid":"28017","name":"Chickasaw"},"id":"28017"},{"arcs":[[6651,6652,-6469,-4487,-4411,-6472]],"type":"Polygon","properties":{"geoid":"28091","name":"Marion"},"id":"28091"},{"arcs":[[-1769,6653,6654,6655]],"type":"Polygon","properties":{"geoid":"28047","name":"Harrison"},"id":"28047"},{"arcs":[[6656,6657,6658,6659,6660]],"type":"Polygon","properties":{"geoid":"28009","name":"Benton"},"id":"28009"},{"arcs":[[6661,6662,6663,-1396,-1364,6664]],"type":"Polygon","properties":{"geoid":"18141","name":"St. Joseph"},"id":"18141"},{"arcs":[[6665,6666,-6603,-2886,6667,6668]],"type":"Polygon","properties":{"geoid":"18169","name":"Wabash"},"id":"18169"},{"arcs":[[6669,6670,-2208,-730,-5901,6671,6672]],"type":"Polygon","properties":{"geoid":"40017","name":"Canadian"},"id":"40017"},{"arcs":[[6673,6674,-2809,6675,-1767]],"type":"Polygon","properties":{"geoid":"28039","name":"George"},"id":"28039"},{"arcs":[[6676,6677,6678,6679,6680,6681]],"type":"Polygon","properties":{"geoid":"28003","name":"Alcorn"},"id":"28003"},{"arcs":[[6682,6683,6684,6685,6686,-6411]],"type":"Polygon","properties":{"geoid":"36109","name":"Tompkins"},"id":"36109"},{"arcs":[[6687,6688,-6072,6689,6690,6691]],"type":"Polygon","properties":{"geoid":"31027","name":"Cedar"},"id":"31027"},{"arcs":[[6692,6693,-2015,-4988,-2016,-5561,6694]],"type":"Polygon","properties":{"geoid":"21199","name":"Pulaski"},"id":"21199"},{"arcs":[[6695,6696,6697,-3535,-5684]],"type":"Polygon","properties":{"geoid":"28123","name":"Scott"},"id":"28123"},{"arcs":[[6698,-1789,6699,-1779]],"type":"Polygon","properties":{"geoid":"36035","name":"Fulton"},"id":"36035"},{"arcs":[[6700,-5964,6701,6702,6703,6704]],"type":"Polygon","properties":{"geoid":"39007","name":"Ashtabula"},"id":"39007"},{"arcs":[[6705,-6518,-5900,6706,6707,6708]],"type":"Polygon","properties":{"geoid":"39033","name":"Crawford"},"id":"39033"},{"arcs":[[6709,-5845,6710,6711,6712,6713,6714]],"type":"Polygon","properties":{"geoid":"39009","name":"Athens"},"id":"39009"},{"arcs":[[-5981,-5835,6715,6716,-6513,6717]],"type":"Polygon","properties":{"geoid":"39047","name":"Fayette"},"id":"39047"},{"arcs":[[6718,6719,6720,-1777,6721,-5363]],"type":"Polygon","properties":{"geoid":"36089","name":"St. Lawrence"},"id":"36089"},{"arcs":[[6722,6723,6724,-3550,6725,6726]],"type":"Polygon","properties":{"geoid":"36055","name":"Monroe"},"id":"36055"},{"arcs":[[-6181,6727,-3238,-5361,-3317,-3462,6728]],"type":"Polygon","properties":{"geoid":"33011","name":"Hillsborough"},"id":"33011"},{"arcs":[[-6514,-6717,6729,6730,6731,6732]],"type":"Polygon","properties":{"geoid":"39071","name":"Highland"},"id":"39071"},{"arcs":[[6733,6734,6735,6736,6737,6738]],"type":"Polygon","properties":{"geoid":"39059","name":"Guernsey"},"id":"39059"},{"arcs":[[-2675,6741,-754,-5256]],"type":"Polygon","properties":{"geoid":"48489","name":"Willacy"},"id":"48489"},{"arcs":[[6742,6743,6744,6745,6746,6747]],"type":"Polygon","properties":{"geoid":"26015","name":"Barry"},"id":"26015"},{"arcs":[[6748,6749,6750,6751,6752,6753]],"type":"Polygon","properties":{"geoid":"19183","name":"Washington"},"id":"19183"},{"arcs":[[6754,6755,6756,6757,6758,-6745]],"type":"Polygon","properties":{"geoid":"26045","name":"Eaton"},"id":"26045"},{"arcs":[[-2922,6759,6760,6761,6762]],"type":"Polygon","properties":{"geoid":"26011","name":"Arenac"},"id":"26011"},{"arcs":[[6763,6764,6765,6766,6767,6768]],"type":"Polygon","properties":{"geoid":"26155","name":"Shiawassee"},"id":"26155"},{"arcs":[[6769,6770,6771,-4453,-962,6772]],"type":"Polygon","properties":{"geoid":"13095","name":"Dougherty"},"id":"13095"},{"arcs":[[6773,6774,6775,6776,6777,6778]],"type":"Polygon","properties":{"geoid":"17143","name":"Peoria"},"id":"17143"},{"arcs":[[6779,6780,6781,6782,6783,-1375,6784]],"type":"Polygon","properties":{"geoid":"17051","name":"Fayette"},"id":"17051"},{"arcs":[[6785,6786,6787,-2604,-4361,6788]],"type":"Polygon","properties":{"geoid":"17069","name":"Hardin"},"id":"17069"},{"arcs":[[6789,-1704,-1699]],"type":"Polygon","properties":{"geoid":"24510","name":"Baltimore"},"id":"24510"},{"arcs":[[6790,6791,6792,-3524,-3529]],"type":"Polygon","properties":{"geoid":"28037","name":"Franklin"},"id":"28037"},{"arcs":[[-6617,6793,-6749,6794,6795]],"type":"Polygon","properties":{"geoid":"19095","name":"Iowa"},"id":"19095"},{"arcs":[[-2879,6796,6797,6798,6799,6800,-488]],"type":"Polygon","properties":{"geoid":"17195","name":"Whiteside"},"id":"17195"},{"arcs":[[-5219,-5222,-5436,-5718,-1682,-3420]],"type":"Polygon","properties":{"geoid":"21129","name":"Lee"},"id":"21129"},{"arcs":[[6801,6802,6803,6804,-2876,6805]],"type":"Polygon","properties":{"geoid":"19105","name":"Jones"},"id":"19105"},{"arcs":[[6806,6807,6808,6809,6810,-5477,6811]],"type":"Polygon","properties":{"geoid":"19187","name":"Webster"},"id":"19187"},{"arcs":[[-374,6812,6813,6814,-5676,-1379,-3308]],"type":"Polygon","properties":{"geoid":"17181","name":"Union"},"id":"17181"},{"arcs":[[6815,6816,6817,6818,6819]],"type":"Polygon","properties":{"geoid":"18033","name":"DeKalb"},"id":"18033"},{"arcs":[[6820,6821,6822,6823,6824]],"type":"Polygon","properties":{"geoid":"19195","name":"Worth"},"id":"19195"},{"arcs":[[-1400,6825,-4587,-1908]],"type":"Polygon","properties":{"geoid":"18163","name":"Vanderburgh"},"id":"18163"},{"arcs":[[6826,6827,6828,6829,6830,6831,-5804]],"type":"Polygon","properties":{"geoid":"18157","name":"Tippecanoe"},"id":"18157"},{"arcs":[[6832,6833,-1367,-4781,6834,-5802,6835]],"type":"Polygon","properties":{"geoid":"18073","name":"Jasper"},"id":"18073"},{"arcs":[[-6608,6836,6837,6838,-2868,6839]],"type":"Polygon","properties":{"geoid":"18079","name":"Jennings"},"id":"18079"},{"arcs":[[-6075,6840,6841,6842,6843,6844,6845]],"type":"Polygon","properties":{"geoid":"31173","name":"Thurston"},"id":"31173"},{"arcs":[[-3198,-276,-239,-6274,-281,6846,-245,6847]],"type":"Polygon","properties":{"geoid":"22095","name":"St. John the Baptist"},"id":"22095"},{"arcs":[[-3199,-6848,-244,-6288]],"type":"Polygon","properties":{"geoid":"22093","name":"St. James"},"id":"22093"},{"arcs":[[6848,6849,-4179,-3648,-3566]],"type":"Polygon","properties":{"geoid":"21213","name":"Simpson"},"id":"21213"},{"arcs":[[6850,6851,-4821,6852,-5848,-5919]],"type":"Polygon","properties":{"geoid":"39137","name":"Putnam"},"id":"39137"},{"arcs":[[-6656,6853,-6272,-4490]],"type":"Polygon","properties":{"geoid":"28045","name":"Hancock"},"id":"28045"},{"arcs":[[-3508,6854,6855,-6652,-6471,6856]],"type":"Polygon","properties":{"geoid":"28077","name":"Lawrence"},"id":"28077"},{"arcs":[[6857,-3542,-4961,6858,6859]],"type":"Polygon","properties":{"geoid":"28069","name":"Kemper"},"id":"28069"},{"arcs":[[6860,6861,-6647,6862,6863]],"type":"Polygon","properties":{"geoid":"28115","name":"Pontotoc"},"id":"28115"},{"arcs":[[6864,-6542,-1759,-3539,6865,6866]],"type":"Polygon","properties":{"geoid":"28105","name":"Oktibbeha"},"id":"28105"},{"arcs":[[-727,-2198,-1418,6867,6868,6869,6870,-5891]],"type":"Polygon","properties":{"geoid":"40123","name":"Pontotoc"},"id":"40123"},{"arcs":[[-5485,6871,6872,6873,6874]],"type":"Polygon","properties":{"geoid":"42131","name":"Wyoming"},"id":"42131"},{"arcs":[[6875,-5903,6876,6877,-4954,-4091]],"type":"Polygon","properties":{"geoid":"40031","name":"Comanche"},"id":"40031"},{"arcs":[[6878,6879,6880,-4328,-4236]],"type":"Polygon","properties":{"geoid":"16027","name":"Canyon"},"id":"16027"},{"arcs":[[-3371,6881,-3340,6882]],"type":"Polygon","properties":{"geoid":"02020","name":"Anchorage"},"id":"02020"},{"arcs":[[-1613,-1629,6883,-5337,-1651,6884]],"type":"Polygon","properties":{"geoid":"21239","name":"Woodford"},"id":"21239"},{"arcs":[[6885,-6707,-5899,6886,6887]],"type":"Polygon","properties":{"geoid":"39117","name":"Morrow"},"id":"39117"},{"arcs":[[6888,6889,6890,-1771,-1599]],"type":"Polygon","properties":{"geoid":"36039","name":"Greene"},"id":"36039"},{"arcs":[[-6722,-1776,-3560,-5497,-5364]],"type":"Polygon","properties":{"geoid":"36049","name":"Lewis"},"id":"36049"},{"arcs":[[-1227,-1241,-4481,-927,-3948]],"type":"Polygon","properties":{"geoid":"26043","name":"Dickinson"},"id":"26043"},{"arcs":[[-6766,6891,6892,6893,6894,6895]],"type":"Polygon","properties":{"geoid":"26093","name":"Livingston"},"id":"26093"},{"arcs":[[6896,6897,6898,-1373,6899,6900,-3275,-4878,6901]],"type":"Polygon","properties":{"geoid":"17119","name":"Madison"},"id":"17119"},{"arcs":[[6902,6903,6904,6905,6906,6907]],"type":"Polygon","properties":{"geoid":"17053","name":"Ford"},"id":"17053"},{"arcs":[[-2464,-4374,-2427,-2459,6908,-5104]],"type":"Polygon","properties":{"geoid":"37195","name":"Wilson"},"id":"37195"},{"arcs":[[6909,-2923,-6763,6910,6911,6912]],"type":"Polygon","properties":{"geoid":"26051","name":"Gladwin"},"id":"26051"},{"arcs":[[6913,6914,-5498,-3558,6915,-6684,6916]],"type":"Polygon","properties":{"geoid":"36011","name":"Cayuga"},"id":"36011"},{"arcs":[[-6412,-6687,6917,6918,6919,6920]],"type":"Polygon","properties":{"geoid":"36015","name":"Chemung"},"id":"36015"},{"arcs":[[6921,-3777,6922,6923,6924,6925]],"type":"Polygon","properties":{"geoid":"21221","name":"Trigg"},"id":"21221"},{"arcs":[[6926,6927,6928,6929,6930,6931]],"type":"Polygon","properties":{"geoid":"13115","name":"Floyd"},"id":"13115"},{"arcs":[[6932,6933,-5632,-6589,-4911,6934,-6781,6935]],"type":"Polygon","properties":{"geoid":"17173","name":"Shelby"},"id":"17173"},{"arcs":[[6936,6937,6938,-6897,6939,6940]],"type":"Polygon","properties":{"geoid":"17117","name":"Macoupin"},"id":"17117"},{"arcs":[[-1399,-2900,6941,-3670,-1630,-4588,-6826]],"type":"Polygon","properties":{"geoid":"18173","name":"Warrick"},"id":"18173"},{"arcs":[[6942,-2859,6943,6944,6945]],"type":"Polygon","properties":{"geoid":"19035","name":"Cherokee"},"id":"19035"},{"arcs":[[6946,6947,6948,6949,-6172]],"type":"Polygon","properties":{"geoid":"19129","name":"Mills"},"id":"19129"},{"arcs":[[6950,-1213,6951,6952]],"type":"Polygon","properties":{"geoid":"26105","name":"Mason"},"id":"26105"},{"arcs":[[6953,6954,6955,6956,6957]],"type":"Polygon","properties":{"geoid":"26113","name":"Missaukee"},"id":"26113"},{"arcs":[[-1212,-2907,6958,6959,6960,6961]],"type":"Polygon","properties":{"geoid":"26123","name":"Newaygo"},"id":"26123"},{"arcs":[[6962,6963,6964,6965,6966]],"type":"Polygon","properties":{"geoid":"19065","name":"Fayette"},"id":"19065"},{"arcs":[[-5673,-3426,6967,-6849,-3565,6968]],"type":"Polygon","properties":{"geoid":"21141","name":"Logan"},"id":"21141"},{"arcs":[[6969,-5058,6970,6971,6972]],"type":"Polygon","properties":{"geoid":"27157","name":"Wabasha"},"id":"27157"},{"arcs":[[6973,-4885,-6337,6974,6975,6976]],"type":"Polygon","properties":{"geoid":"30037","name":"Golden Valley"},"id":"30037"},{"arcs":[[6977,-1235,-4915,6978,-5292]],"type":"Polygon","properties":{"geoid":"26119","name":"Montmorency"},"id":"26119"},{"arcs":[[-2841,-4777,6979,-1531,-2795]],"type":"Polygon","properties":{"geoid":"08067","name":"La Plata"},"id":"08067"},{"arcs":[[6980,6981,6982,6983,6984,6985,6986]],"type":"Polygon","properties":{"geoid":"08125","name":"Yuma"},"id":"08125"},{"arcs":[[6987,-6986,6988,6989,6990,6991,6992]],"type":"Polygon","properties":{"geoid":"08063","name":"Kit Carson"},"id":"08063"},{"arcs":[[6993,6994,6995,-1274,6996,-3583]],"type":"Polygon","properties":{"geoid":"08081","name":"Moffat"},"id":"08081"},{"arcs":[[-3585,6997,-1272,-2831,-5798,-1203,-1887]],"type":"Polygon","properties":{"geoid":"08045","name":"Garfield"},"id":"08045"},{"arcs":[[6998,6999,7000,-890,-884,7001,-5195]],"type":"Polygon","properties":{"geoid":"39087","name":"Lawrence"},"id":"39087"},{"arcs":[[7002,-4822,-6852,7003,7004,-6818]],"type":"Polygon","properties":{"geoid":"39039","name":"Defiance"},"id":"39039"},{"arcs":[[7005,7006,7007,-5978,7008,7009]],"type":"Polygon","properties":{"geoid":"39021","name":"Champaign"},"id":"39021"},{"arcs":[[7010,-1406,-2372,7011,-6312,7012]],"type":"Polygon","properties":{"geoid":"29129","name":"Mercer"},"id":"29129"},{"arcs":[[7013,7014,7015,7016,-4198]],"type":"Polygon","properties":{"geoid":"19077","name":"Guthrie"},"id":"19077"},{"arcs":[[7017,7018,-2851,7019,7020]],"type":"Polygon","properties":{"geoid":"18135","name":"Randolph"},"id":"18135"},{"arcs":[[-1358,7021,7022,-5017]],"type":"Polygon","properties":{"geoid":"18043","name":"Floyd"},"id":"18043"},{"arcs":[[-5190,7023,-6879,-4235]],"type":"Polygon","properties":{"geoid":"16075","name":"Payette"},"id":"16075"},{"arcs":[[-5453,7024,-3065,-478,7025,7026,7027,-6101]],"type":"Polygon","properties":{"geoid":"51035","name":"Carroll"},"id":"51035"},{"arcs":[[7028,7029,-3548,-201,-3140]],"type":"Polygon","properties":{"geoid":"05077","name":"Lee"},"id":"05077"},{"arcs":[[7030,-1179,-2433,-4376,-6619,-95]],"type":"Polygon","properties":{"geoid":"37185","name":"Warren"},"id":"37185"},{"arcs":[[-482,-6243,-5482,7031,-1105]],"type":"Polygon","properties":{"geoid":"37197","name":"Yadkin"},"id":"37197"},{"arcs":[[7032,7033,7034,-6775,7035]],"type":"Polygon","properties":{"geoid":"17175","name":"Stark"},"id":"17175"},{"arcs":[[7036,7037,-3474,-3496,-3495,7038,7039,7040]],"type":"Polygon","properties":{"geoid":"25003","name":"Berkshire"},"id":"25003"},{"arcs":[[7041]],"type":"Polygon","properties":{"geoid":"25007","name":"Dukes"},"id":"25007"},{"arcs":[[7042,7043,7044,-6711,-5844]],"type":"Polygon","properties":{"geoid":"39115","name":"Morgan"},"id":"39115"},{"arcs":[[7045,-5817,7046,-4683,-1503,-4300,7047]],"type":"Polygon","properties":{"geoid":"01021","name":"Chilton"},"id":"01021"},{"arcs":[[7048,-5115,-4446,7049,7050]],"type":"Polygon","properties":{"geoid":"13225","name":"Peach"},"id":"13225"},{"arcs":[[-4646,-6094,-6234,7051,7052,-4225]],"type":"Polygon","properties":{"geoid":"05127","name":"Scott"},"id":"05127"},{"arcs":[[-3359,7053,-5791,-1546,7054]],"type":"Polygon","properties":{"geoid":"36079","name":"Putnam"},"id":"36079"},{"arcs":[[7055,-5609,7056,-6937,7057,-6496,7058]],"type":"Polygon","properties":{"geoid":"17137","name":"Morgan"},"id":"17137"},{"arcs":[[-2712,7059,7060,7061,-6552,-6575]],"type":"Polygon","properties":{"geoid":"31103","name":"Keya Paha"},"id":"31103"},{"arcs":[[-4965,-991,7062,-4790,7063,7064]],"type":"Polygon","properties":{"geoid":"01045","name":"Dale"},"id":"01045"},{"arcs":[[7065,7066,7067,-6662,7068]],"type":"Polygon","properties":{"geoid":"26021","name":"Berrien"},"id":"26021"},{"arcs":[[-6558,-4675,7069,-4474,7070]],"type":"Polygon","properties":{"geoid":"26151","name":"Sanilac"},"id":"26151"},{"arcs":[[-1880,-5636,-1109,7071,-6567]],"type":"Polygon","properties":{"geoid":"37189","name":"Watauga"},"id":"37189"},{"arcs":[[-5796,7072,7073,7074,-4485,7075]],"type":"Polygon","properties":{"geoid":"08041","name":"El Paso"},"id":"08041"},{"arcs":[[7076,7077,-6954,-4918]],"type":"Polygon","properties":{"geoid":"26079","name":"Kalkaska"},"id":"26079"},{"arcs":[[-6976,7078,-5779,7079,7080]],"type":"Polygon","properties":{"geoid":"30095","name":"Stillwater"},"id":"30095"},{"arcs":[[-6547,7081,7082,7083,7084,7085]],"type":"Polygon","properties":{"geoid":"17055","name":"Franklin"},"id":"17055"},{"arcs":[[-6598,7086,7087]],"type":"Polygon","properties":{"geoid":"17155","name":"Putnam"},"id":"17155"},{"arcs":[[-969,7088,7089,-452,-5746,7090,7091,-6529]],"type":"Polygon","properties":{"geoid":"13045","name":"Carroll"},"id":"13045"},{"arcs":[[-4739,-4668,7092,7093,-3972,7094]],"type":"Polygon","properties":{"geoid":"13035","name":"Butts"},"id":"13035"},{"arcs":[[7095,7096,7097,7098,7099]],"type":"Polygon","properties":{"geoid":"19159","name":"Ringgold"},"id":"19159"},{"arcs":[[7100,7101,7102,-6808,7103]],"type":"Polygon","properties":{"geoid":"19197","name":"Wright"},"id":"19197"},{"arcs":[[-6638,-4061,-907,7104,7105,-6965]],"type":"Polygon","properties":{"geoid":"19043","name":"Clayton"},"id":"19043"},{"arcs":[[7106,-6192,-346,7107,-6299]],"type":"Polygon","properties":{"geoid":"29085","name":"Hickory"},"id":"29085"},{"arcs":[[7108,-2917,7109,-1216,-2592]],"type":"Polygon","properties":{"geoid":"26153","name":"Schoolcraft"},"id":"26153"},{"arcs":[[7110,-6967,7111,7112]],"type":"Polygon","properties":{"geoid":"19017","name":"Bremer"},"id":"19017"},{"arcs":[[7113,7114,7115,7116,-5677,-6815]],"type":"Polygon","properties":{"geoid":"17087","name":"Johnson"},"id":"17087"},{"arcs":[[7117,7118,7119,-6169,-6582,-6111,-6161,7120]],"type":"Polygon","properties":{"geoid":"31019","name":"Buffalo"},"id":"31019"},{"arcs":[[-6228,7121,7122,7123]],"type":"Polygon","properties":{"geoid":"31169","name":"Thayer"},"id":"31169"},{"arcs":[[-6227,-6159,7124,7125]],"type":"Polygon","properties":{"geoid":"31097","name":"Johnson"},"id":"31097"},{"arcs":[[7126,7127,7128,7129,7130,7131]],"type":"Polygon","properties":{"geoid":"08099","name":"Prowers"},"id":"08099"},{"arcs":[[7132,7133,-2523,-2811,-3607,-6486]],"type":"Polygon","properties":{"geoid":"01081","name":"Lee"},"id":"01081"},{"arcs":[[-1245,-1254,-2662,-2844,-5621,-2657]],"type":"Polygon","properties":{"geoid":"06109","name":"Tuolumne"},"id":"06109"},{"arcs":[[-6997,-1273,-6998,-3584]],"type":"Polygon","properties":{"geoid":"08103","name":"Rio Blanco"},"id":"08103"},{"arcs":[[-3107,7134,-4721,-2072,-5905,-138,-3109]],"type":"Polygon","properties":{"geoid":"12041","name":"Gilchrist"},"id":"12041"},{"arcs":[[-360,-6490,7135,-371,7136]],"type":"Polygon","properties":{"geoid":"29186","name":"Ste. Genevieve"},"id":"29186"},{"arcs":[[7137,-6860,7138,7139]],"type":"Polygon","properties":{"geoid":"28099","name":"Neshoba"},"id":"28099"},{"arcs":[[7140,-6682,7141,7142,-6659]],"type":"Polygon","properties":{"geoid":"28139","name":"Tippah"},"id":"28139"},{"arcs":[[7143,7144,-6816,7145,7146]],"type":"Polygon","properties":{"geoid":"18151","name":"Steuben"},"id":"18151"},{"arcs":[[-2837,7147,7148,-4775]],"type":"Polygon","properties":{"geoid":"08079","name":"Mineral"},"id":"08079"},{"arcs":[[-6386,-6324,7149,-6266,7150]],"type":"Polygon","properties":{"geoid":"05089","name":"Marion"},"id":"05089"},{"arcs":[[-268,-3189,7151,-6278,7152]],"type":"Polygon","properties":{"geoid":"22061","name":"Lincoln"},"id":"22061"},{"arcs":[[-5603,-4219,-4996,-4771,-5594]],"type":"Polygon","properties":{"geoid":"42057","name":"Fulton"},"id":"42057"},{"arcs":[[-4231,-1437,7153]],"type":"Polygon","properties":{"geoid":"41011","name":"Coos"},"id":"41011"},{"arcs":[[-2177,7154,-4029,7155,-1422]],"type":"Polygon","properties":{"geoid":"41013","name":"Crook"},"id":"41013"},{"arcs":[[-3714,-5209,7156,-3725,-2022,7157]],"type":"Polygon","properties":{"geoid":"27067","name":"Kandiyohi"},"id":"27067"},{"arcs":[[7158,7159,7160,7161,7162,7163]],"type":"Polygon","properties":{"geoid":"55013","name":"Burnett"},"id":"55013"},{"arcs":[[-5694,-996,7164,-2789,-1268,-6996,7165]],"type":"Polygon","properties":{"geoid":"56007","name":"Carbon"},"id":"56007"},{"arcs":[[-5473,7166,7167,7168,7169]],"type":"Polygon","properties":{"geoid":"18159","name":"Tipton"},"id":"18159"},{"arcs":[[7170,7171,7172,-4126,7173]],"type":"Polygon","properties":{"geoid":"19167","name":"Sioux"},"id":"19167"},{"arcs":[[7174,7175,-6812,-5476,-2857]],"type":"Polygon","properties":{"geoid":"19151","name":"Pocahontas"},"id":"19151"},{"arcs":[[-6824,7176,7177,7178,7179]],"type":"Polygon","properties":{"geoid":"19033","name":"Cerro Gordo"},"id":"19033"},{"arcs":[[7180,7181,7182,7183,7184,7185]],"type":"Polygon","properties":{"geoid":"55139","name":"Winnebago"},"id":"55139"},{"arcs":[[-938,-2044,-1455,-945,-4209,7186,7187]],"type":"Polygon","properties":{"geoid":"13161","name":"Jeff Davis"},"id":"13161"},{"arcs":[[7188,7189,-1649,7190,7191,7192]],"type":"Polygon","properties":{"geoid":"21211","name":"Shelby"},"id":"21211"},{"arcs":[[[7193]],[[-983,-4040,-3373,-3354,-1585,-4990,7194,-4993,7195]],[[7196]],[[7197]]],"type":"MultiPolygon","properties":{"geoid":"02050","name":"Bethel"},"id":"02050"},{"arcs":[[7198,7199,-443,-7090]],"type":"Polygon","properties":{"geoid":"13097","name":"Douglas"},"id":"13097"},{"arcs":[[7200,7201,-5524,-4270,7202,-4455]],"type":"Polygon","properties":{"geoid":"13071","name":"Colquitt"},"id":"13071"},{"arcs":[[7203,7204,7205,-5408,-864]],"type":"Polygon","properties":{"geoid":"54091","name":"Taylor"},"id":"54091"},{"arcs":[[7206,7207,7208,7209,7210,7211]],"type":"Polygon","properties":{"geoid":"19153","name":"Polk"},"id":"19153"},{"arcs":[[7212,7213,7214,-7096,-1370]],"type":"Polygon","properties":{"geoid":"19175","name":"Union"},"id":"19175"},{"arcs":[[7215,7216,-4175,-6850,-6968,-3425]],"type":"Polygon","properties":{"geoid":"21227","name":"Warren"},"id":"21227"},{"arcs":[[-3709,7217,-2720,7218,7219,-5198,-5211]],"type":"Polygon","properties":{"geoid":"27037","name":"Dakota"},"id":"27037"},{"arcs":[[-1773,7220,-7040,7221,-5792,-7054,-3358]],"type":"Polygon","properties":{"geoid":"36027","name":"Dutchess"},"id":"36027"},{"arcs":[[[7222]],[[7223]],[[-3357,7224,-3351,7225,-1587]],[[7226]],[[7227]],[[7228]],[[7229]],[[7230]],[[7231]],[[7232]],[[7233]]],"type":"MultiPolygon","properties":{"geoid":"02150","name":"Kodiak Island"},"id":"02150"},{"arcs":[[-5699,7234,-6977,-7081,7235]],"type":"Polygon","properties":{"geoid":"30097","name":"Sweet Grass"},"id":"30097"},{"arcs":[[7236,-6578,7237,7238,-6137]],"type":"Polygon","properties":{"geoid":"31075","name":"Grant"},"id":"31075"},{"arcs":[[7239,7240,7241,-4110,7242,-6365,7243]],"type":"Polygon","properties":{"geoid":"20201","name":"Washington"},"id":"20201"},{"arcs":[[7244,7245,7246,7247,7248,7249]],"type":"Polygon","properties":{"geoid":"20031","name":"Coffey"},"id":"20031"},{"arcs":[[7250,7251,7252,7253,-6371,7254]],"type":"Polygon","properties":{"geoid":"20151","name":"Pratt"},"id":"20151"},{"arcs":[[7255,-4014,7256,7257,7258]],"type":"Polygon","properties":{"geoid":"35023","name":"Hidalgo"},"id":"35023"},{"arcs":[[-5018,-7023,7259,7260,-7192,7261,-5336,-1621]],"type":"Polygon","properties":{"geoid":"21111","name":"Jefferson"},"id":"21111"},{"arcs":[[7262,-2863,7263,7264,7265,7266,7267]],"type":"Polygon","properties":{"geoid":"17067","name":"Hancock"},"id":"17067"},{"arcs":[[-5057,-848,7268,7269,7270,7271,-6971]],"type":"Polygon","properties":{"geoid":"27169","name":"Winona"},"id":"27169"},{"arcs":[[-3930,7272,7273,7274,7275,-914,-5167]],"type":"Polygon","properties":{"geoid":"53063","name":"Spokane"},"id":"53063"},{"arcs":[[7276,-6585,7277,7278,-6798,7279]],"type":"Polygon","properties":{"geoid":"17141","name":"Ogle"},"id":"17141"},{"arcs":[[7280,-4285,-5083,-4604,7281,7282]],"type":"Polygon","properties":{"geoid":"13237","name":"Putnam"},"id":"13237"},{"arcs":[[7283,-5815,7284,7285,7286,-1482]],"type":"Polygon","properties":{"geoid":"13081","name":"Crisp"},"id":"13081"},{"arcs":[[-6612,7287,-426,-2369,-1404]],"type":"Polygon","properties":{"geoid":"19007","name":"Appanoose"},"id":"19007"},{"arcs":[[-1831,-2735,7288,7289,-5149]],"type":"Polygon","properties":{"geoid":"47101","name":"Lewis"},"id":"47101"},{"arcs":[[7290,-5562,-4336,-1821,7291,7292]],"type":"Polygon","properties":{"geoid":"47137","name":"Pickett"},"id":"47137"},{"arcs":[[-6546,7293,7294,7295,7296,-7082]],"type":"Polygon","properties":{"geoid":"17065","name":"Hamilton"},"id":"17065"},{"arcs":[[-1124,7297,7298,-4440,-2505,-5266]],"type":"Polygon","properties":{"geoid":"13011","name":"Banks"},"id":"13011"},{"arcs":[[7299,-5935,7300,7301,7302,-2549]],"type":"Polygon","properties":{"geoid":"48171","name":"Gillespie"},"id":"48171"},{"arcs":[[-2268,-5447,-2704,-789,-5223]],"type":"Polygon","properties":{"geoid":"48461","name":"Upton"},"id":"48461"},{"arcs":[[7303,7304,7305,7306,-6441]],"type":"Polygon","properties":{"geoid":"48357","name":"Ochiltree"},"id":"48357"},{"arcs":[[-5934,-2943,-2230,7307,-5259,7308,-7301]],"type":"Polygon","properties":{"geoid":"48031","name":"Blanco"},"id":"48031"},{"arcs":[[7309,-898,7310,7311,7312,-903]],"type":"Polygon","properties":{"geoid":"55049","name":"Iowa"},"id":"55049"},{"arcs":[[-7162,7313,7314,7315,7316,7317]],"type":"Polygon","properties":{"geoid":"55005","name":"Barron"},"id":"55005"},{"arcs":[[-5054,-5695,-7166,-6995,7318,-1945,-4706,7319]],"type":"Polygon","properties":{"geoid":"56037","name":"Sweetwater"},"id":"56037"},{"arcs":[[7320,7321,7322,7323,7324]],"type":"Polygon","properties":{"geoid":"47077","name":"Henderson"},"id":"47077"},{"arcs":[[-35,-258,-2283,-758,-1186]],"type":"Polygon","properties":{"geoid":"48403","name":"Sabine"},"id":"48403"},{"arcs":[[7325,-4160,7326,-3335]],"type":"Polygon","properties":{"geoid":"50021","name":"Rutland"},"id":"50021"},{"arcs":[[7327,7328,-5512,7329,-6947,-6171,7330,7331]],"type":"Polygon","properties":{"geoid":"19155","name":"Pottawattamie"},"id":"19155"},{"arcs":[[-7106,7332,-6803,7333,7334]],"type":"Polygon","properties":{"geoid":"19055","name":"Delaware"},"id":"19055"},{"arcs":[[7335,7336,-4940,7337,7338]],"type":"Polygon","properties":{"geoid":"19083","name":"Hardin"},"id":"19083"},{"arcs":[[7339,-5518,-6610,7340,7341,-7210]],"type":"Polygon","properties":{"geoid":"19125","name":"Marion"},"id":"19125"},{"arcs":[[7342,-3554,-5782,-3330,-5649]],"type":"Polygon","properties":{"geoid":"36121","name":"Wyoming"},"id":"36121"},{"arcs":[[7343,7344,-2767,-5192,-1294,7345]],"type":"Polygon","properties":{"geoid":"47115","name":"Marion"},"id":"47115"},{"arcs":[[-2758,-4506,-3600,-1185,-2495,7346]],"type":"Polygon","properties":{"geoid":"47029","name":"Cocke"},"id":"47029"},{"arcs":[[7347,-5073,-458,-5277,-5526]],"type":"Polygon","properties":{"geoid":"13109","name":"Evans"},"id":"13109"},{"arcs":[[-5813,-940,7348,7349,7350]],"type":"Polygon","properties":{"geoid":"13017","name":"Ben Hill"},"id":"13017"},{"arcs":[[7351,7352,-7059,-6498,7353,7354,7355,7356,7357]],"type":"Polygon","properties":{"geoid":"17149","name":"Pike"},"id":"17149"},{"arcs":[[7358,7359,7360,-6480,-1755,-6541,-6649]],"type":"Polygon","properties":{"geoid":"28095","name":"Monroe"},"id":"28095"},{"arcs":[[7361,-3715,-7158,-2021,-4340,-2027]],"type":"Polygon","properties":{"geoid":"27151","name":"Swift"},"id":"27151"},{"arcs":[[-5044,7362,7363,7364]],"type":"Polygon","properties":{"geoid":"27017","name":"Carlton"},"id":"27017"},{"arcs":[[7365,7366,-2715,7367,-3707,7368]],"type":"Polygon","properties":{"geoid":"27003","name":"Anoka"},"id":"27003"},{"arcs":[[-3720,-5568,-5045,-7365,7369,7370,7371,7372]],"type":"Polygon","properties":{"geoid":"27001","name":"Aitkin"},"id":"27001"},{"arcs":[[7373,7374,7375,7376,7377]],"type":"Polygon","properties":{"geoid":"55085","name":"Oneida"},"id":"55085"},{"arcs":[[7378,7379,7380,7381]],"type":"Polygon","properties":{"geoid":"55079","name":"Milwaukee"},"id":"55079"},{"arcs":[[7382,7383,7384,-845,-5056,7385,7386]],"type":"Polygon","properties":{"geoid":"55035","name":"Eau Claire"},"id":"55035"},{"arcs":[[-5540,-6456,7387,-505]],"type":"Polygon","properties":{"geoid":"32510","name":"Carson City"},"id":"32510"},{"arcs":[[-1035,7388,7389,-1023,-4543]],"type":"Polygon","properties":{"geoid":"38027","name":"Eddy"},"id":"38027"},{"arcs":[[-1034,-4532,-1021,-5087,7390,7391,-7389]],"type":"Polygon","properties":{"geoid":"38063","name":"Nelson"},"id":"38063"},{"arcs":[[7392,7393,7394,7395,7396]],"type":"Polygon","properties":{"geoid":"38075","name":"Renville"},"id":"38075"},{"arcs":[[7397,7398,-4530,-1032,7399,7400]],"type":"Polygon","properties":{"geoid":"38095","name":"Towner"},"id":"38095"},{"arcs":[[-5927,-2339,7401,-4019,7402,-4357]],"type":"Polygon","properties":{"geoid":"48307","name":"McCulloch"},"id":"48307"},{"arcs":[[-7105,-906,7403,7404,-6804,-7333]],"type":"Polygon","properties":{"geoid":"19061","name":"Dubuque"},"id":"19061"},{"arcs":[[7405,-7180,-7101,7406]],"type":"Polygon","properties":{"geoid":"19081","name":"Hancock"},"id":"19081"},{"arcs":[[7407,-7204,-863,-880]],"type":"Polygon","properties":{"geoid":"54049","name":"Marion"},"id":"54049"},{"arcs":[[-5126,-3485,-4119,-3956,-5409,-7206,7408]],"type":"Polygon","properties":{"geoid":"54077","name":"Preston"},"id":"54077"},{"arcs":[[-4791,-3954,-4107,7409,7410,-3910]],"type":"Polygon","properties":{"geoid":"54089","name":"Summers"},"id":"54089"},{"arcs":[[-7266,7411,7412,-3436,-5607,7413,7414]],"type":"Polygon","properties":{"geoid":"17169","name":"Schuyler"},"id":"17169"},{"arcs":[[-2412,7415,-4740,-7095,-3971,7416,7417,-5742]],"type":"Polygon","properties":{"geoid":"13255","name":"Spalding"},"id":"13255"},{"arcs":[[7418,7419,-7193,-7261,7420]],"type":"Polygon","properties":{"geoid":"21185","name":"Oldham"},"id":"21185"},{"arcs":[[7421,-5019,-1619,-2607,-4054]],"type":"Polygon","properties":{"geoid":"21163","name":"Meade"},"id":"21163"},{"arcs":[[7422,7423,7424,-2784,-2790,-7165]],"type":"Polygon","properties":{"geoid":"56001","name":"Albany"},"id":"56001"},{"arcs":[[7425,7426,7427,7428,7429,-2785,-7425]],"type":"Polygon","properties":{"geoid":"56021","name":"Laramie"},"id":"56021"},{"arcs":[[7430,7431,-1003,7432,7433,-7423,-995]],"type":"Polygon","properties":{"geoid":"56009","name":"Converse"},"id":"56009"},{"arcs":[[7434,7435,7436,7437,-7427,7438]],"type":"Polygon","properties":{"geoid":"56015","name":"Goshen"},"id":"56015"},{"arcs":[[7439,7440,7441,-6355,7442,7443]],"type":"Polygon","properties":{"geoid":"20113","name":"McPherson"},"id":"20113"},{"arcs":[[7444,7445,-7250,7446,7447,7448,7449]],"type":"Polygon","properties":{"geoid":"20073","name":"Greenwood"},"id":"20073"},{"arcs":[[-6577,-1689,7450,7451,-7238]],"type":"Polygon","properties":{"geoid":"31091","name":"Hooker"},"id":"31091"},{"arcs":[[-4335,7452,7453,7454,-1871,-1892]],"type":"Polygon","properties":{"geoid":"47075","name":"Haywood"},"id":"47075"},{"arcs":[[-1818,-1853,-465,7455,-4671,7456]],"type":"Polygon","properties":{"geoid":"47139","name":"Polk"},"id":"47139"},{"arcs":[[-2884,7457,7458,7459,-2894,7460]],"type":"Polygon","properties":{"geoid":"18179","name":"Wells"},"id":"18179"},{"arcs":[[7461,7462,-6644,7463,7464,7465]],"type":"Polygon","properties":{"geoid":"18155","name":"Switzerland"},"id":"18155"},{"arcs":[[7466,-5023,7467,-3672,-5156]],"type":"Polygon","properties":{"geoid":"23005","name":"Cumberland"},"id":"23005"},{"arcs":[[-3677,7468,-5024,-7467,-5155]],"type":"Polygon","properties":{"geoid":"23001","name":"Androscoggin"},"id":"23001"},{"arcs":[[7469,-6618,7470,-4942,7471]],"type":"Polygon","properties":{"geoid":"19171","name":"Tama"},"id":"19171"},{"arcs":[[-4792,-4034,-3364,7472]],"type":"Polygon","properties":{"geoid":"02188","name":"Northwest Arctic"},"id":"02188"},{"arcs":[[7473,7474,-5530,7475,7476,7477,-6680]],"type":"Polygon","properties":{"geoid":"28141","name":"Tishomingo"},"id":"28141"},{"arcs":[[[7479,-5377]],[[-5657,7480,-5174,7481]]],"type":"MultiPolygon","properties":{"geoid":"02195","name":"Petersburg"},"id":"02195"},{"arcs":[[7482,-6198,-6307,7483,7484,-1013]],"type":"Polygon","properties":{"geoid":"20021","name":"Cherokee"},"id":"20021"},{"arcs":[[7485,7486,-7344,7487,-2747]],"type":"Polygon","properties":{"geoid":"47061","name":"Grundy"},"id":"47061"},{"arcs":[[7488,-7324,7489,7490,7491,-7474,-6679,7492]],"type":"Polygon","properties":{"geoid":"47071","name":"Hardin"},"id":"47071"},{"arcs":[[-6783,7493,-6535,7494,7495,7496]],"type":"Polygon","properties":{"geoid":"17025","name":"Clay"},"id":"17025"},{"arcs":[[7497,-5079,7498,-915,-7276]],"type":"Polygon","properties":{"geoid":"16009","name":"Benewah"},"id":"16009"},{"arcs":[[-3989,7499,-2040,-1478,7500,7501,7502]],"type":"Polygon","properties":{"geoid":"13197","name":"Marion"},"id":"13197"},{"arcs":[[7503,-5715,-5612,-999,7504]],"type":"Polygon","properties":{"geoid":"46081","name":"Lawrence"},"id":"46081"},{"arcs":[[-5615,7505,7506,7507,7508,7509,7510]],"type":"Polygon","properties":{"geoid":"46102","name":"Oglala Lakota"},"id":"46102"},{"arcs":[[-3741,7511,7512,-3727,7513]],"type":"Polygon","properties":{"geoid":"27085","name":"McLeod"},"id":"27085"},{"arcs":[[-4715,7514,7515,7516,7517,7518]],"type":"Polygon","properties":{"geoid":"27043","name":"Faribault"},"id":"27043"},{"arcs":[[7519,-6375,7520,7521,7522]],"type":"Polygon","properties":{"geoid":"20033","name":"Comanche"},"id":"20033"},{"arcs":[[-2690,-6362,-5890,7523,7524]],"type":"Polygon","properties":{"geoid":"40053","name":"Grant"},"id":"40053"},{"arcs":[[7525,-1015,7526,7527,7528]],"type":"Polygon","properties":{"geoid":"40105","name":"Nowata"},"id":"40105"},{"arcs":[[7529,7530,7531,-1136,-6584,7532]],"type":"Polygon","properties":{"geoid":"55105","name":"Rock"},"id":"55105"},{"arcs":[[7533,7534,-7382,7535,7536,7537]],"type":"Polygon","properties":{"geoid":"55133","name":"Waukesha"},"id":"55133"},{"arcs":[[-3939,-5611,-843,-3913,-832]],"type":"Polygon","properties":{"geoid":"54015","name":"Clay"},"id":"54015"},{"arcs":[[-4312,7538,7539,7540,-4535,-6344]],"type":"Polygon","properties":{"geoid":"38015","name":"Burleigh"},"id":"38015"},{"arcs":[[7541,-4545,7542,7543,7544,-7540]],"type":"Polygon","properties":{"geoid":"38043","name":"Kidder"},"id":"38043"},{"arcs":[[7545,7546,7547,7548,7549,7550]],"type":"Polygon","properties":{"geoid":"38045","name":"LaMoure"},"id":"38045"},{"arcs":[[7551,-7271,7552,7553,7554,7555]],"type":"Polygon","properties":{"geoid":"27045","name":"Fillmore"},"id":"27045"},{"arcs":[[-3906,-3911,-7411,7556,-6095,-3058,-5034]],"type":"Polygon","properties":{"geoid":"54055","name":"Mercer"},"id":"54055"},{"arcs":[[7557,-838,-932,-893,7558]],"type":"Polygon","properties":{"geoid":"54079","name":"Putnam"},"id":"54079"},{"arcs":[[7559,7560,7561,7562,7563,7564]],"type":"Polygon","properties":{"geoid":"20039","name":"Decatur"},"id":"20039"},{"arcs":[[7565,-7443,-6359,7566,7567,-7253,7568]],"type":"Polygon","properties":{"geoid":"20155","name":"Reno"},"id":"20155"},{"arcs":[[-875,-5610,-3937,7569,7570]],"type":"Polygon","properties":{"geoid":"54105","name":"Wirt"},"id":"54105"},{"arcs":[[-3993,-4564,7571,7572,7573]],"type":"Polygon","properties":{"geoid":"16063","name":"Lincoln"},"id":"16063"},{"arcs":[[7574,-5998,7575,7576,-5425]],"type":"Polygon","properties":{"geoid":"48429","name":"Stephens"},"id":"48429"},{"arcs":[[7577,7578,7579,7580,-3963]],"type":"Polygon","properties":{"geoid":"13003","name":"Atkinson"},"id":"13003"},{"arcs":[[-6352,7581,-7440,7582,-6422,7583]],"type":"Polygon","properties":{"geoid":"20053","name":"Ellsworth"},"id":"20053"},{"arcs":[[7584,7585,-5025,-4161,-7326,-3334,-1592]],"type":"Polygon","properties":{"geoid":"50001","name":"Addison"},"id":"50001"},{"arcs":[[-4143,-1954,-3867,7586,7587,-5152]],"type":"Polygon","properties":{"geoid":"49039","name":"Sanpete"},"id":"49039"},{"arcs":[[-5342,7588,-5345,7589]],"type":"Polygon","properties":{"geoid":"02230","name":"Skagway"},"id":"02230"},{"arcs":[[-7376,7590,7591,7592,7593,7594,7595]],"type":"Polygon","properties":{"geoid":"55067","name":"Langlade"},"id":"55067"},{"arcs":[[-5181,7596,7597,7598]],"type":"Polygon","properties":{"geoid":"55081","name":"Monroe"},"id":"55081"},{"arcs":[[7599,7600,7601,7602,-7219,-2719]],"type":"Polygon","properties":{"geoid":"55093","name":"Pierce"},"id":"55093"},{"arcs":[[7603,7604,-7314,-7161]],"type":"Polygon","properties":{"geoid":"55129","name":"Washburn"},"id":"55129"},{"arcs":[[-6924,7605,7606,7607,-2740,-4594,7608]],"type":"Polygon","properties":{"geoid":"47161","name":"Stewart"},"id":"47161"},{"arcs":[[-4334,-4504,7609,-7321,7610,7611,-7453]],"type":"Polygon","properties":{"geoid":"47113","name":"Madison"},"id":"47113"},{"arcs":[[7612,7613,7614,7615,7616,-5789,7617]],"type":"Polygon","properties":{"geoid":"47095","name":"Lake"},"id":"47095"},{"arcs":[[7618,7619,-4123,7620,-7304,-6440,7621,7622]],"type":"Polygon","properties":{"geoid":"40139","name":"Texas"},"id":"40139"},{"arcs":[[7623,7624,7625,-953,-4558,-4000,-5417,-1442,7626]],"type":"Polygon","properties":{"geoid":"41063","name":"Wallowa"},"id":"41063"},{"arcs":[[7627,7628,7629]],"type":"Polygon","properties":{"geoid":"04023","name":"Santa Cruz"},"id":"04023"},{"arcs":[[7630,7631,7632,-4073]],"type":"Polygon","properties":{"geoid":"55077","name":"Marquette"},"id":"55077"},{"arcs":[[7633,7634,7635,-7535,7636]],"type":"Polygon","properties":{"geoid":"55131","name":"Washington"},"id":"55131"},{"arcs":[[-6397,7637,-6447,-5713,-7504,7638]],"type":"Polygon","properties":{"geoid":"46019","name":"Butte"},"id":"46019"},{"arcs":[[-7611,-7325,-7489,7639,7640]],"type":"Polygon","properties":{"geoid":"47023","name":"Chester"},"id":"47023"},{"arcs":[[-2753,-4595,-2744,7641,-7322,-7610,-4503]],"type":"Polygon","properties":{"geoid":"47017","name":"Carroll"},"id":"47017"},{"arcs":[[-6002,7642,-2935,7643,7644]],"type":"Polygon","properties":{"geoid":"48205","name":"Hartley"},"id":"48205"},{"arcs":[[-5888,-2217,-2036,7645,7646,7647]],"type":"Polygon","properties":{"geoid":"40103","name":"Noble"},"id":"40103"},{"arcs":[[7648,-4263,-4265,-4329,-6881]],"type":"Polygon","properties":{"geoid":"16001","name":"Ada"},"id":"16001"},{"arcs":[[7649,-4497,-5004,-5006,7650]],"type":"Polygon","properties":{"geoid":"47067","name":"Hancock"},"id":"47067"},{"arcs":[[-7370,-7364,7651,-7159,7652,7653]],"type":"Polygon","properties":{"geoid":"27115","name":"Pine"},"id":"27115"},{"arcs":[[-919,7654,-7625,7655]],"type":"Polygon","properties":{"geoid":"53023","name":"Garfield"},"id":"53023"},{"arcs":[[7656,7657,7658,7659,7660,7661]],"type":"Polygon","properties":{"geoid":"46115","name":"Spink"},"id":"46115"},{"arcs":[[7662,7663,7664,7665,7666,-1992]],"type":"Polygon","properties":{"geoid":"46107","name":"Potter"},"id":"46107"},{"arcs":[[7667,7668,7669,-3386,7670,7671]],"type":"Polygon","properties":{"geoid":"21161","name":"Mason"},"id":"21161"},{"arcs":[[7672,7673,7674,7675,7676]],"type":"Polygon","properties":{"geoid":"46061","name":"Hanson"},"id":"46061"},{"arcs":[[7677,7678,7679,7680,7681,7682,7683]],"type":"Polygon","properties":{"geoid":"46077","name":"Kingsbury"},"id":"46077"},{"arcs":[[-7660,7684,-7684,7685,7686,7687]],"type":"Polygon","properties":{"geoid":"46005","name":"Beadle"},"id":"46005"},{"arcs":[[-6686,7688,7689,7690,7691,-6918]],"type":"Polygon","properties":{"geoid":"36107","name":"Tioga"},"id":"36107"},{"arcs":[[7692,-1793,-1602,-693,7693,-7690]],"type":"Polygon","properties":{"geoid":"36007","name":"Broome"},"id":"36007"},{"arcs":[[-3740,-3711,-5210,7694,-7512]],"type":"Polygon","properties":{"geoid":"27019","name":"Carver"},"id":"27019"},{"arcs":[[-4638,7695,-2966]],"type":"Polygon","properties":{"geoid":"51115","name":"Mathews"},"id":"51115"},{"arcs":[[-7163,-7318,7696,-2717,7697]],"type":"Polygon","properties":{"geoid":"55095","name":"Polk"},"id":"55095"},{"arcs":[[-6510,7698,-2096,7699,7700]],"type":"Polygon","properties":{"geoid":"54029","name":"Hancock"},"id":"54029"},{"arcs":[[7701,7702,-7595,7703,7704,7705,7706]],"type":"Polygon","properties":{"geoid":"55073","name":"Marathon"},"id":"55073"},{"arcs":[[-897,7707,7708,7709,-7530,7710,-7311]],"type":"Polygon","properties":{"geoid":"55025","name":"Dane"},"id":"55025"},{"arcs":[[7711,7712,7713,-7182,7714]],"type":"Polygon","properties":{"geoid":"55087","name":"Outagamie"},"id":"55087"},{"arcs":[[-3886,-860,7715,-5159,-1446,-4950,-6378,7716]],"type":"Polygon","properties":{"geoid":"53039","name":"Klickitat"},"id":"53039"},{"arcs":[[7717,-2452,7718,-6593,7719]],"type":"Polygon","properties":{"geoid":"17093","name":"Kendall"},"id":"17093"},{"arcs":[[-7279,7720,-6600,7721,-6799]],"type":"Polygon","properties":{"geoid":"17103","name":"Lee"},"id":"17103"},{"arcs":[[-6930,7722,7723,7724,7725,7726]],"type":"Polygon","properties":{"geoid":"13015","name":"Bartow"},"id":"13015"},{"arcs":[[7727,-6907,7728,-5748,-6501]],"type":"Polygon","properties":{"geoid":"17019","name":"Champaign"},"id":"17019"},{"arcs":[[-2955,7729,-6102,-7028,7730,-7026,-477,7731,-5634,-1878]],"type":"Polygon","properties":{"geoid":"51077","name":"Grayson"},"id":"51077"},{"arcs":[[-7697,7732,-7600,-2718]],"type":"Polygon","properties":{"geoid":"55109","name":"St. Croix"},"id":"55109"},{"arcs":[[-7363,-5043,7733,-4078,-7604,-7160,-7652]],"type":"Polygon","properties":{"geoid":"55031","name":"Douglas"},"id":"55031"},{"arcs":[[7734,7735,-4057,7736,7737]],"type":"Polygon","properties":{"geoid":"55061","name":"Kewaunee"},"id":"55061"},{"arcs":[[7738,7739,7740,7741,-891,-7001]],"type":"Polygon","properties":{"geoid":"39053","name":"Gallia"},"id":"39053"},{"arcs":[[7742,7743,7744,7745,-5979,-7008,7746]],"type":"Polygon","properties":{"geoid":"39159","name":"Union"},"id":"39159"},{"arcs":[[-6737,7747,7748,7749,7750,7751,7752]],"type":"Polygon","properties":{"geoid":"39013","name":"Belmont"},"id":"39013"},{"arcs":[[-6236,-167,-1875,-1907,-1747,-3544,-7030,7753,-3154]],"type":"Polygon","properties":{"geoid":"05035","name":"Crittenden"},"id":"05035"},{"arcs":[[7754,7755,7756,7757,-5842,7758,7759]],"type":"Polygon","properties":{"geoid":"39089","name":"Licking"},"id":"39089"},{"arcs":[[-3332,-5785,-5956,-4242,7760,-5877]],"type":"Polygon","properties":{"geoid":"42083","name":"McKean"},"id":"42083"},{"arcs":[[7761,7762,7763,-6508,-5950]],"type":"Polygon","properties":{"geoid":"42073","name":"Lawrence"},"id":"42073"},{"arcs":[[7764,7765,7766,-5142,7767,7768]],"type":"Polygon","properties":{"geoid":"29103","name":"Knox"},"id":"29103"},{"arcs":[[7769,7770,-2045,-612]],"type":"Polygon","properties":{"geoid":"12035","name":"Flagler"},"id":"12035"},{"arcs":[[-4956,7771,7772,7773,7774]],"type":"Polygon","properties":{"geoid":"48485","name":"Wichita"},"id":"48485"},{"arcs":[[7775,7776,7777,7778,-6004,7779]],"type":"Polygon","properties":{"geoid":"48367","name":"Parker"},"id":"48367"},{"arcs":[[-7666,7780,7781,7782,-1983,7783,7784]],"type":"Polygon","properties":{"geoid":"46069","name":"Hyde"},"id":"46069"},{"arcs":[[7785,7786,-2682,7787,7788,-6991]],"type":"Polygon","properties":{"geoid":"20199","name":"Wallace"},"id":"20199"},{"arcs":[[-5878,-7761,-4246,-5730,7789,7790]],"type":"Polygon","properties":{"geoid":"42047","name":"Elk"},"id":"42047"},{"arcs":[[-3812,7791,-2113,-4933,7792]],"type":"Polygon","properties":{"geoid":"44003","name":"Kent"},"id":"44003"},{"arcs":[[-5614,-5400,-1998,-1091,7793,-7506]],"type":"Polygon","properties":{"geoid":"46071","name":"Jackson"},"id":"46071"},{"arcs":[[7794,7795,7796,7797,7798,-7675]],"type":"Polygon","properties":{"geoid":"46087","name":"McCook"},"id":"46087"},{"arcs":[[-4456,-7203,-4274,-5723,-585,7799]],"type":"Polygon","properties":{"geoid":"13275","name":"Thomas"},"id":"13275"},{"arcs":[[-417,-4653,7800]],"type":"Polygon","properties":{"geoid":"30103","name":"Treasure"},"id":"30103"},{"arcs":[[7801,-425,-1734,-6195,7802]],"type":"Polygon","properties":{"geoid":"29011","name":"Barton"},"id":"29011"},{"arcs":[[-2478,-2476,7803,7804,-4816,-678]],"type":"Polygon","properties":{"geoid":"37045","name":"Cleveland"},"id":"37045"},{"arcs":[[-1195,7805,7806,-27,7807]],"type":"Polygon","properties":{"geoid":"48169","name":"Garza"},"id":"48169"},{"arcs":[[-7807,7808,-5926,-5991,-28]],"type":"Polygon","properties":{"geoid":"48415","name":"Scurry"},"id":"48415"},{"arcs":[[7809,7810,-13,-2677,-5255,-2253,-6058]],"type":"Polygon","properties":{"geoid":"48047","name":"Brooks"},"id":"48047"},{"arcs":[[-7302,-7309,-5258,-738,-6062,7811]],"type":"Polygon","properties":{"geoid":"48259","name":"Kendall"},"id":"48259"},{"arcs":[[-30,-5994,7812,-4574,-5739]],"type":"Polygon","properties":{"geoid":"48227","name":"Howard"},"id":"48227"},{"arcs":[[7813,-5976,7814,-7762,-5949,7815]],"type":"Polygon","properties":{"geoid":"42085","name":"Mercer"},"id":"42085"},{"arcs":[[7816,-5808,-4286,-7281,7817,-4666]],"type":"Polygon","properties":{"geoid":"13211","name":"Morgan"},"id":"13211"},{"arcs":[[-4450,7818,7819,-5811,7820]],"type":"Polygon","properties":{"geoid":"13235","name":"Pulaski"},"id":"13235"},{"arcs":[[-4457,-7800,-584,-5908,7821]],"type":"Polygon","properties":{"geoid":"13131","name":"Grady"},"id":"13131"},{"arcs":[[-7580,7822,-6085,-2068,7823,7824]],"type":"Polygon","properties":{"geoid":"13065","name":"Clinch"},"id":"13065"},{"arcs":[[7825,7826,-3974,7827,-5113,7828,-3987,7829]],"type":"Polygon","properties":{"geoid":"13293","name":"Upson"},"id":"13293"},{"arcs":[[7830,-5110,-2011,-6694,7831]],"type":"Polygon","properties":{"geoid":"21137","name":"Lincoln"},"id":"21137"},{"arcs":[[-7773,7832,-4087,-6025,7833,7834]],"type":"Polygon","properties":{"geoid":"48077","name":"Clay"},"id":"48077"},{"arcs":[[-6461,-6465,-5932,-2231,-813,7835]],"type":"Polygon","properties":{"geoid":"48045","name":"Briscoe"},"id":"48045"},{"arcs":[[-7686,-7683,7836,-7673,7837,7838,7839]],"type":"Polygon","properties":{"geoid":"46111","name":"Sanborn"},"id":"46111"},{"arcs":[[7840,7841,7842,-7679,7843]],"type":"Polygon","properties":{"geoid":"46057","name":"Hamlin"},"id":"46057"},{"arcs":[[7844,7845,7846,7847,-4044,-1007]],"type":"Polygon","properties":{"geoid":"40005","name":"Atoka"},"id":"40005"},{"arcs":[[7848,-6250,-2514,-2515,-2483,-4895]],"type":"Polygon","properties":{"geoid":"37151","name":"Randolph"},"id":"37151"},{"arcs":[[-7646,-2035,7849,7850,7851]],"type":"Polygon","properties":{"geoid":"40119","name":"Payne"},"id":"40119"},{"arcs":[[7852,7853,7854,7855,7856]],"type":"Polygon","properties":{"geoid":"40153","name":"Woodward"},"id":"40153"},{"arcs":[[-5814,-7351,7857,7858,7859,-7285]],"type":"Polygon","properties":{"geoid":"13287","name":"Turner"},"id":"13287"},{"arcs":[[7860,7861,-3264,-5778]],"type":"Polygon","properties":{"geoid":"34029","name":"Ocean"},"id":"34029"},{"arcs":[[-5622,7864]],"type":"Polygon","properties":{"geoid":"06075","name":"San Francisco"},"id":"06075"},{"arcs":[[7865,-5862,7866,7867,7868,7869,7870]],"type":"Polygon","properties":{"geoid":"12015","name":"Charlotte"},"id":"12015"},{"arcs":[[7871,7872,7873,-5872,7874]],"type":"Polygon","properties":{"geoid":"12051","name":"Hendry"},"id":"12051"},{"arcs":[[-5722,7875,-5859,-5866,7876,-3794]],"type":"Polygon","properties":{"geoid":"12093","name":"Okeechobee"},"id":"12093"},{"arcs":[[7877,7878,7879,7880,-6868,-1417]],"type":"Polygon","properties":{"geoid":"40063","name":"Hughes"},"id":"40063"},{"arcs":[[7881,-1414,-4228,-5696,-4041,-7848]],"type":"Polygon","properties":{"geoid":"40127","name":"Pushmataha"},"id":"40127"},{"arcs":[[-3795,-7877,-7872,-7867]],"type":"Polygon","properties":{"geoid":"12043","name":"Glades"},"id":"12043"},{"arcs":[[[-580,7883]],[[-5874,-582,7884]],[[7885]]],"type":"MultiPolygon","properties":{"geoid":"12087","name":"Monroe"},"id":"12087"},{"arcs":[[-7390,-7392,7886,7887,7888,-1024]],"type":"Polygon","properties":{"geoid":"38039","name":"Griggs"},"id":"38039"},{"arcs":[[-7541,-7545,7889,7890,7891,7892,-4325,-4536]],"type":"Polygon","properties":{"geoid":"38029","name":"Emmons"},"id":"38029"},{"arcs":[[7893,-4528,-6452,7894,7895]],"type":"Polygon","properties":{"geoid":"38081","name":"Sargent"},"id":"38081"},{"arcs":[[-544,-550,-5628,-5625,-572]],"type":"Polygon","properties":{"geoid":"06031","name":"Kings"},"id":"06031"},{"arcs":[[-2862,7896,7897,-6495,7898,-7264]],"type":"Polygon","properties":{"geoid":"17071","name":"Henderson"},"id":"17071"},{"arcs":[[7899,7900,-2195,-2207,-6671]],"type":"Polygon","properties":{"geoid":"40109","name":"Oklahoma"},"id":"40109"},{"arcs":[[-7880,7901,7902,-1415,-7882,-7847,7903]],"type":"Polygon","properties":{"geoid":"40121","name":"Pittsburg"},"id":"40121"},{"arcs":[[-5879,-7791,7904,-4723,-5974]],"type":"Polygon","properties":{"geoid":"42053","name":"Forest"},"id":"42053"},{"arcs":[[-713,-2093,-1708,-1713,-4221]],"type":"Polygon","properties":{"geoid":"42001","name":"Adams"},"id":"42001"},{"arcs":[[-2630,7905,7906,-7810,-6057,-747]],"type":"Polygon","properties":{"geoid":"48131","name":"Duval"},"id":"48131"},{"arcs":[[-6044,7907,-2336,-3842,7908]],"type":"Polygon","properties":{"geoid":"48441","name":"Taylor"},"id":"48441"},{"arcs":[[-7779,7909,-5138,7910,-2324,7911,-6005]],"type":"Polygon","properties":{"geoid":"48251","name":"Johnson"},"id":"48251"},{"arcs":[[7912,7913,7914,-7663,-1991,7915]],"type":"Polygon","properties":{"geoid":"46129","name":"Walworth"},"id":"46129"},{"arcs":[[7916,7917,-7844,-7678,-7685,-7659]],"type":"Polygon","properties":{"geoid":"46025","name":"Clark"},"id":"46025"},{"arcs":[[7918,7919,7920,-7293,7921,7922,7923]],"type":"Polygon","properties":{"geoid":"47027","name":"Clay"},"id":"47027"},{"arcs":[[-7682,7924,-7795,-7674,-7837]],"type":"Polygon","properties":{"geoid":"46097","name":"Miner"},"id":"46097"},{"arcs":[[-7858,-7350,7925,-3961,7926]],"type":"Polygon","properties":{"geoid":"13155","name":"Irwin"},"id":"13155"},{"arcs":[[7927,-5140,7928,-2572,-5762,-1797]],"type":"Polygon","properties":{"geoid":"48243","name":"Jeff Davis"},"id":"48243"},{"arcs":[[-6437,7929,-7445,7930,7931]],"type":"Polygon","properties":{"geoid":"20017","name":"Chase"},"id":"20017"},{"arcs":[[7932,-6747,7933,7934,7935]],"type":"Polygon","properties":{"geoid":"26077","name":"Kalamazoo"},"id":"26077"},{"arcs":[[7936,-6134,7937,7938,-6981,7939,7940,7941]],"type":"Polygon","properties":{"geoid":"08075","name":"Logan"},"id":"08075"},{"arcs":[[-5638,-5294,-7077,-4917,7942]],"type":"Polygon","properties":{"geoid":"26009","name":"Antrim"},"id":"26009"},{"arcs":[[-5293,7943,7944,-7078]],"type":"Polygon","properties":{"geoid":"26039","name":"Crawford"},"id":"26039"},{"arcs":[[-4919,-6958,7945,-1210,7946]],"type":"Polygon","properties":{"geoid":"26165","name":"Wexford"},"id":"26165"},{"arcs":[[7947,7948,-6064,7949,-4016,7950]],"type":"Polygon","properties":{"geoid":"48463","name":"Uvalde"},"id":"48463"},{"arcs":[[7951,-7834,-6024,7952,-7776,7953,-5996]],"type":"Polygon","properties":{"geoid":"48237","name":"Jack"},"id":"48237"},{"arcs":[[-2474,7954,7955,7956,7957]],"type":"Polygon","properties":{"geoid":"37035","name":"Catawba"},"id":"37035"},{"arcs":[[-7072,-1108,7958,-7955,-2473,-6568]],"type":"Polygon","properties":{"geoid":"37027","name":"Caldwell"},"id":"37027"},{"arcs":[[-3064,-3055,-2533,-6241,-480]],"type":"Polygon","properties":{"geoid":"37169","name":"Stokes"},"id":"37169"},{"arcs":[[-2492,7959,7960,7961]],"type":"Polygon","properties":{"geoid":"13227","name":"Pickens"},"id":"13227"},{"arcs":[[-7705,7962,7963,-4071,7964]],"type":"Polygon","properties":{"geoid":"55097","name":"Portage"},"id":"55097"},{"arcs":[[-5168,-912,-821,-5687]],"type":"Polygon","properties":{"geoid":"53001","name":"Adams"},"id":"53001"},{"arcs":[[-823,-920,-7656,-7624,7965,-3950]],"type":"Polygon","properties":{"geoid":"53013","name":"Columbia"},"id":"53013"},{"arcs":[[-841,-5071,7966,-5067,-3899,-3952,-3914]],"type":"Polygon","properties":{"geoid":"54101","name":"Webster"},"id":"54101"},{"arcs":[[7967,7968,7969,-5387,-1985]],"type":"Polygon","properties":{"geoid":"46015","name":"Brule"},"id":"46015"},{"arcs":[[-6442,-7307,7970,-5012,-6018,-6014,-769]],"type":"Polygon","properties":{"geoid":"48393","name":"Roberts"},"id":"48393"},{"arcs":[[-3579,7971,-6032,-5737,7972,7973]],"type":"Polygon","properties":{"geoid":"48165","name":"Gaines"},"id":"48165"},{"arcs":[[7974,-771,-6013,7975,-2936,-7643]],"type":"Polygon","properties":{"geoid":"48341","name":"Moore"},"id":"48341"},{"arcs":[[-7774,-7835,-7952,-5995,-4708]],"type":"Polygon","properties":{"geoid":"48009","name":"Archer"},"id":"48009"},{"arcs":[[7976,-6961,7977,7978,7979]],"type":"Polygon","properties":{"geoid":"26121","name":"Muskegon"},"id":"26121"},{"arcs":[[7980,-4094,-4348,7981]],"type":"Polygon","properties":{"geoid":"40055","name":"Greer"},"id":"40055"},{"arcs":[[7982,-7522,7983,-7853,7984,7985]],"type":"Polygon","properties":{"geoid":"40059","name":"Harper"},"id":"40059"},{"arcs":[[-7027,-7731]],"type":"Polygon","properties":{"geoid":"51640","name":"Galax"},"id":"51640"},{"arcs":[[7986,7987,-4434,-3303,7988,7989]],"type":"Polygon","properties":{"geoid":"20091","name":"Johnson"},"id":"20091"},{"arcs":[[7990,-1042,-1614,-6885,-1650,-7190]],"type":"Polygon","properties":{"geoid":"21073","name":"Franklin"},"id":"21073"},{"arcs":[[7991,7992,-5704,-6354,7993,7994,-5431]],"type":"Polygon","properties":{"geoid":"20141","name":"Osborne"},"id":"20141"},{"arcs":[[-3998,7995,7996,-6414]],"type":"Polygon","properties":{"geoid":"16065","name":"Madison"},"id":"16065"},{"arcs":[[-7581,-7825,7997,-4746,-3964]],"type":"Polygon","properties":{"geoid":"13173","name":"Lanier"},"id":"13173"},{"arcs":[[-5574,-2064,-4623,-589,-2057,7998]],"type":"Polygon","properties":{"geoid":"12101","name":"Pasco"},"id":"12101"},{"arcs":[[8000,-5863,-7866,8001]],"type":"Polygon","properties":{"geoid":"12115","name":"Sarasota"},"id":"12115"},{"arcs":[[-6509,-7764,8002,-623,-2097,-7699]],"type":"Polygon","properties":{"geoid":"42007","name":"Beaver"},"id":"42007"},{"arcs":[[-6874,8003,-698,-5438,8004]],"type":"Polygon","properties":{"geoid":"42069","name":"Lackawanna"},"id":"42069"},{"arcs":[[8005,8006,8007,8008,-6338,8009,8010]],"type":"Polygon","properties":{"geoid":"38087","name":"Slope"},"id":"38087"},{"arcs":[[-6357,8011,-7931,-7450,8012,8013,8014]],"type":"Polygon","properties":{"geoid":"20015","name":"Butler"},"id":"20015"},{"arcs":[[8015,8016,8017,8018,8019,-4164,-4582,8020]],"type":"Polygon","properties":{"geoid":"20063","name":"Gove"},"id":"20063"},{"arcs":[[-4552,8021,8022,-6439,8023,8024]],"type":"Polygon","properties":{"geoid":"20041","name":"Dickinson"},"id":"20041"},{"arcs":[[8025,8026,8027,8028,8029]],"type":"Polygon","properties":{"geoid":"18081","name":"Johnson"},"id":"18081"},{"arcs":[[-1371,-7100,8030,8031,8032]],"type":"Polygon","properties":{"geoid":"19173","name":"Taylor"},"id":"19173"},{"arcs":[[8033,-6888,8034,-7755,8035,-7745]],"type":"Polygon","properties":{"geoid":"39041","name":"Delaware"},"id":"39041"},{"arcs":[[-2222,-2536,-5819,-2209,-5244]],"type":"Polygon","properties":{"geoid":"45033","name":"Dillon"},"id":"45033"},{"arcs":[[8036,-7009,-5977,8037,8038]],"type":"Polygon","properties":{"geoid":"39023","name":"Clark"},"id":"39023"},{"arcs":[[8039,-6739,8040,-7043,-5843,-7758]],"type":"Polygon","properties":{"geoid":"39119","name":"Muskingum"},"id":"39119"},{"arcs":[[8041,8042,-6673,8043,8044,8045]],"type":"Polygon","properties":{"geoid":"40011","name":"Blaine"},"id":"40011"},{"arcs":[[-7911,-5137,-2281,8046,8047,-2325]],"type":"Polygon","properties":{"geoid":"48217","name":"Hill"},"id":"48217"},{"arcs":[[8048,-5521,-1010,-6033,-6036,8049,8050]],"type":"Polygon","properties":{"geoid":"48181","name":"Grayson"},"id":"48181"},{"arcs":[[8051,-7839,8052,-3761,-5388,-7970]],"type":"Polygon","properties":{"geoid":"46003","name":"Aurora"},"id":"46003"},{"arcs":[[-7798,8053,8054,8055,8056,8057]],"type":"Polygon","properties":{"geoid":"46125","name":"Turner"},"id":"46125"},{"arcs":[[8058,8059,8060,-7920,8061,8062]],"type":"Polygon","properties":{"geoid":"21057","name":"Cumberland"},"id":"21057"},{"arcs":[[8063,-8032,8064,-6326,-6210,-2364,8065]],"type":"Polygon","properties":{"geoid":"29147","name":"Nodaway"},"id":"29147"},{"arcs":[[-1382,-4174,8066,8067,8068,8069,-4881]],"type":"Polygon","properties":{"geoid":"29133","name":"Mississippi"},"id":"29133"},{"arcs":[[8070,8071,-4887,-2383]],"type":"Polygon","properties":{"geoid":"30019","name":"Daniels"},"id":"30019"},{"arcs":[[8072,-6767,-6896,8073,-6757]],"type":"Polygon","properties":{"geoid":"26065","name":"Ingham"},"id":"26065"},{"arcs":[[8074,8075,8076,-7979]],"type":"Polygon","properties":{"geoid":"26139","name":"Ottawa"},"id":"26139"},{"arcs":[[8077,-6768,-8073,-6756,8078]],"type":"Polygon","properties":{"geoid":"26037","name":"Clinton"},"id":"26037"},{"arcs":[[8079,8080,-6400,-2510,-6249]],"type":"Polygon","properties":{"geoid":"37135","name":"Orange"},"id":"37135"},{"arcs":[[-7726,8081,-7199,-7089,-968,8082]],"type":"Polygon","properties":{"geoid":"13223","name":"Paulding"},"id":"13223"},{"arcs":[[-7859,-7927,-3960,-5523,-7202,8083]],"type":"Polygon","properties":{"geoid":"13277","name":"Tift"},"id":"13277"},{"arcs":[[8084,-5771]],"type":"Polygon","properties":{"geoid":"51775","name":"Salem"},"id":"51775"},{"arcs":[[-4074,-7633,8085,8086,-7708,-896]],"type":"Polygon","properties":{"geoid":"55021","name":"Columbia"},"id":"55021"},{"arcs":[[-6622,8087,-3991,-2519,-7134,8088]],"type":"Polygon","properties":{"geoid":"13145","name":"Harris"},"id":"13145"},{"arcs":[[-4445,-5809,-7817,-4665,8089,-469]],"type":"Polygon","properties":{"geoid":"13297","name":"Walton"},"id":"13297"},{"arcs":[[8090,-4891,-4673,-2493,-7962,-7723,-6929]],"type":"Polygon","properties":{"geoid":"13129","name":"Gordon"},"id":"13129"},{"arcs":[[-8076,8091,-6748,-7933,8092,8093]],"type":"Polygon","properties":{"geoid":"26005","name":"Allegan"},"id":"26005"},{"arcs":[[-6960,8094,8095,-6743,-8092,-8075,-7978]],"type":"Polygon","properties":{"geoid":"26081","name":"Kent"},"id":"26081"},{"arcs":[[8096,-7947,-1209,-6951,8097]],"type":"Polygon","properties":{"geoid":"26101","name":"Manistee"},"id":"26101"},{"arcs":[[-2981,-3013]],"type":"Polygon","properties":{"geoid":"51620","name":"Franklin"},"id":"51620"},{"arcs":[[-4835,-2984]],"type":"Polygon","properties":{"geoid":"51830","name":"Williamsburg"},"id":"51830"},{"arcs":[[-6099,-3044]],"type":"Polygon","properties":{"geoid":"51570","name":"Colonial Heights"},"id":"51570"},{"arcs":[[-76]],"type":"Polygon","properties":{"geoid":"51720","name":"Norton"},"id":"51720"},{"arcs":[[-5092,8098,8099,8100,8101,-4618]],"type":"Polygon","properties":{"geoid":"20177","name":"Shawnee"},"id":"20177"},{"arcs":[[-5091,8102,8103,8104,-8099]],"type":"Polygon","properties":{"geoid":"20087","name":"Jefferson"},"id":"20087"},{"arcs":[[8105,-6571,8106,-5088,-4616,8107]],"type":"Polygon","properties":{"geoid":"20131","name":"Nemaha"},"id":"20131"},{"arcs":[[-1659,-5501,8108,8109,-1637]],"type":"Polygon","properties":{"geoid":"21087","name":"Green"},"id":"21087"},{"arcs":[[8110,8111,-8062,-7919,8112,-4177]],"type":"Polygon","properties":{"geoid":"21171","name":"Monroe"},"id":"21171"},{"arcs":[[8113,-4788,8114,-5909,-6289,-5868,-6083,8115]],"type":"Polygon","properties":{"geoid":"12063","name":"Jackson"},"id":"12063"},{"arcs":[[-4803,8116,-5856,-7876,-5721]],"type":"Polygon","properties":{"geoid":"12061","name":"Indian River"},"id":"12061"},{"arcs":[[-5486,-6875,-8005,-5441,8117,8118,8119]],"type":"Polygon","properties":{"geoid":"42079","name":"Luzerne"},"id":"42079"},{"arcs":[[-5359,8120,-3810]],"type":"Polygon","properties":{"geoid":"44001","name":"Bristol"},"id":"44001"},{"arcs":[[-648,-2117,-677,-4815,-665,8121]],"type":"Polygon","properties":{"geoid":"45059","name":"Laurens"},"id":"45059"},{"arcs":[[-5727,-3830,-2127,-2132,-5247,-5840,-2191,8122,-5120]],"type":"Polygon","properties":{"geoid":"45075","name":"Orangeburg"},"id":"45075"},{"arcs":[[-2550,-7303,-7812,-6061,8123,8124]],"type":"Polygon","properties":{"geoid":"48265","name":"Kerr"},"id":"48265"},{"arcs":[[8125,-8101,8126,8127,-7246,8128]],"type":"Polygon","properties":{"geoid":"20139","name":"Osage"},"id":"20139"},{"arcs":[[-18,-4648,-5462,-32,-2309]],"type":"Polygon","properties":{"geoid":"48365","name":"Panola"},"id":"48365"},{"arcs":[[-7746,-8036,-7760,8129,-5831,-5980]],"type":"Polygon","properties":{"geoid":"39049","name":"Franklin"},"id":"39049"},{"arcs":[[8130,-709,8131,8132,-6516,-3497]],"type":"Polygon","properties":{"geoid":"39093","name":"Lorain"},"id":"39093"},{"arcs":[[-5939,-2951,-4180,-2302,-5250,-6011]],"type":"Polygon","properties":{"geoid":"48331","name":"Milam"},"id":"48331"},{"arcs":[[-5426,-7577,8133,-6053,8134,8135,8136]],"type":"Polygon","properties":{"geoid":"48133","name":"Eastland"},"id":"48133"},{"arcs":[[8137,8138,8139,8140,-2905]],"type":"Polygon","properties":{"geoid":"26073","name":"Isabella"},"id":"26073"},{"arcs":[[8141,8142,-6030,-7972,-3578]],"type":"Polygon","properties":{"geoid":"48445","name":"Terry"},"id":"48445"},{"arcs":[[-8135,-6056,-6029,-2331,8143]],"type":"Polygon","properties":{"geoid":"48093","name":"Comanche"},"id":"48093"},{"arcs":[[-7973,-5740,-5445,-2266,-5016,8144]],"type":"Polygon","properties":{"geoid":"48003","name":"Andrews"},"id":"48003"},{"arcs":[[-6043,-5427,-8137,8145,-2337,-7908]],"type":"Polygon","properties":{"geoid":"48059","name":"Callahan"},"id":"48059"},{"arcs":[[-6063,-743,-5947,-6458,-7950]],"type":"Polygon","properties":{"geoid":"48325","name":"Medina"},"id":"48325"},{"arcs":[[-1693,8146,8147,8148,-5597,-4559]],"type":"Polygon","properties":{"geoid":"30079","name":"Prairie"},"id":"30079"},{"arcs":[[-3403,-2598,-5220,-1052,-3772]],"type":"Polygon","properties":{"geoid":"21173","name":"Montgomery"},"id":"21173"},{"arcs":[[-1638,-8110,8149,-8063,-8112,8150]],"type":"Polygon","properties":{"geoid":"21169","name":"Metcalfe"},"id":"21169"},{"arcs":[[8151,-7661,-7688,8152,8153,-7782]],"type":"Polygon","properties":{"geoid":"46059","name":"Hand"},"id":"46059"},{"arcs":[[-2370,-429,8154,-7769,8155,-6392,8156]],"type":"Polygon","properties":{"geoid":"29001","name":"Adair"},"id":"29001"},{"arcs":[[-6431,-382,8157,-421,-7802,8158,-6444]],"type":"Polygon","properties":{"geoid":"29217","name":"Vernon"},"id":"29217"},{"arcs":[[8159,8160,-8066,-2363,-6156,-6226]],"type":"Polygon","properties":{"geoid":"29005","name":"Atchison"},"id":"29005"},{"arcs":[[-7976,-6017,8161,-2937]],"type":"Polygon","properties":{"geoid":"48375","name":"Potter"},"id":"48375"},{"arcs":[[8162,-8051,8163,8164,-6022]],"type":"Polygon","properties":{"geoid":"48097","name":"Cooke"},"id":"48097"},{"arcs":[[8165,8166,8167,-3501,8168,-7144,8169]],"type":"Polygon","properties":{"geoid":"26059","name":"Hillsdale"},"id":"26059"},{"arcs":[[8170,8171,-2910,-2160,-3502,-8168]],"type":"Polygon","properties":{"geoid":"26091","name":"Lenawee"},"id":"26091"},{"arcs":[[8172,-5800,8173,-6905,8174]],"type":"Polygon","properties":{"geoid":"17075","name":"Iroquois"},"id":"17075"},{"arcs":[[-81,-6244,-6399,-8081,8175]],"type":"Polygon","properties":{"geoid":"37145","name":"Person"},"id":"37145"},{"arcs":[[-7958,8176,-2391,8177,-7804,-2475]],"type":"Polygon","properties":{"geoid":"37109","name":"Lincoln"},"id":"37109"},{"arcs":[[-5193,-2765,8178,-4892,-8091,-6928,8179,-2817]],"type":"Polygon","properties":{"geoid":"13295","name":"Walker"},"id":"13295"},{"arcs":[[-8180,-6927,8180,-2818]],"type":"Polygon","properties":{"geoid":"13055","name":"Chattooga"},"id":"13055"},{"arcs":[[-4289,-5072,-5269,-1476]],"type":"Polygon","properties":{"geoid":"13165","name":"Jenkins"},"id":"13165"},{"arcs":[[8181,8182,8183,8184,8185,8186]],"type":"Polygon","properties":{"geoid":"13243","name":"Randolph"},"id":"13243"},{"arcs":[[-2764,-4889,-8179]],"type":"Polygon","properties":{"geoid":"13047","name":"Catoosa"},"id":"13047"},{"arcs":[[8187,-6933,8188,8189]],"type":"Polygon","properties":{"geoid":"17021","name":"Christian"},"id":"17021"},{"arcs":[[8190,-2450,8191,8192,-8175,-6904,8193]],"type":"Polygon","properties":{"geoid":"17091","name":"Kankakee"},"id":"17091"},{"arcs":[[-2906,-8141,8194,8195,-8095,-6959]],"type":"Polygon","properties":{"geoid":"26117","name":"Montcalm"},"id":"26117"},{"arcs":[[-2052,8196,-7770,-611,-5910]],"type":"Polygon","properties":{"geoid":"12109","name":"St. Johns"},"id":"12109"},{"arcs":[[-409,-6398,-7639,-7505,-998,8197]],"type":"Polygon","properties":{"geoid":"56011","name":"Crook"},"id":"56011"},{"arcs":[[-5184,8198,-993,-5693,8199,-4066]],"type":"Polygon","properties":{"geoid":"56043","name":"Washakie"},"id":"56043"},{"arcs":[[-4612,8200,8201,-8007,8202]],"type":"Polygon","properties":{"geoid":"38007","name":"Billings"},"id":"38007"},{"arcs":[[-8109,-5500,8203,8204,-8059,-8150]],"type":"Polygon","properties":{"geoid":"21001","name":"Adair"},"id":"21001"},{"arcs":[[-7671,-3385,-1648,-3402,-3413,8205]],"type":"Polygon","properties":{"geoid":"21069","name":"Fleming"},"id":"21069"},{"arcs":[[8206,8207,-5587,8208,-2706,8209]],"type":"Polygon","properties":{"geoid":"21191","name":"Pendleton"},"id":"21191"},{"arcs":[[8210,8211,8212,8213,8214,-8103,-5090]],"type":"Polygon","properties":{"geoid":"20005","name":"Atchison"},"id":"20005"},{"arcs":[[-7681,8215,8216,8217,-7796,-7925]],"type":"Polygon","properties":{"geoid":"46079","name":"Lake"},"id":"46079"},{"arcs":[[8218,-6789,-4360,8219,-7116]],"type":"Polygon","properties":{"geoid":"17151","name":"Pope"},"id":"17151"},{"arcs":[[8220,-4590,8221,-1665,-3775,-2600]],"type":"Polygon","properties":{"geoid":"21233","name":"Webster"},"id":"21233"},{"arcs":[[-8205,8222,-6695,-5560,8223,-8060]],"type":"Polygon","properties":{"geoid":"21207","name":"Russell"},"id":"21207"},{"arcs":[[-8132,-708,8224,-5965,8225]],"type":"Polygon","properties":{"geoid":"39103","name":"Medina"},"id":"39103"},{"arcs":[[-3098,8226,-7240,-7122]],"type":"Polygon","properties":{"geoid":"31095","name":"Jefferson"},"id":"31095"},{"arcs":[[-3124,-6263,8227,8228]],"type":"Polygon","properties":{"geoid":"05143","name":"Washington"},"id":"05143"},{"arcs":[[-6901,8229,-3276]],"type":"Polygon","properties":{"geoid":"29510","name":"St. Louis"},"id":"29510"},{"arcs":[[-5449,-3038]],"type":"Polygon","properties":{"geoid":"51760","name":"Richmond"},"id":"51760"},{"arcs":[[-3391,-74,8230,-7651,-5005,-1674]],"type":"Polygon","properties":{"geoid":"51105","name":"Lee"},"id":"51105"},{"arcs":[[8231,-6270,8232,-4406,-6230,-6092,-6258]],"type":"Polygon","properties":{"geoid":"05115","name":"Pope"},"id":"05115"},{"arcs":[[-5963,-5881,-5973,-7814,8233,-6702]],"type":"Polygon","properties":{"geoid":"42039","name":"Crawford"},"id":"42039"},{"arcs":[[8234,-5487,-8120,8235,-3826,8236]],"type":"Polygon","properties":{"geoid":"42037","name":"Columbia"},"id":"42037"},{"arcs":[[-3817,-8122,-670,-699,-1154]],"type":"Polygon","properties":{"geoid":"45001","name":"Abbeville"},"id":"45001"},{"arcs":[[8237,-6845,8238,8239,8240,-6148]],"type":"Polygon","properties":{"geoid":"31039","name":"Cuming"},"id":"31039"},{"arcs":[[-6149,-8241,8241,8242,-6118]],"type":"Polygon","properties":{"geoid":"31037","name":"Colfax"},"id":"31037"},{"arcs":[[-6887,-5898,8243,8244,8245,-7756,-8035]],"type":"Polygon","properties":{"geoid":"39083","name":"Knox"},"id":"39083"},{"arcs":[[8246,-1096,-4784,-4660,-2466,-2408]],"type":"Polygon","properties":{"geoid":"37061","name":"Duplin"},"id":"37061"},{"arcs":[[-7557,-7410,-4109,8247,-5298,-5450,-6096]],"type":"Polygon","properties":{"geoid":"51071","name":"Giles"},"id":"51071"},{"arcs":[[8248,-4634]],"type":"Polygon","properties":{"geoid":"51590","name":"Danville"},"id":"51590"},{"arcs":[[-3669,-4055,-2610,-5503,-1632]],"type":"Polygon","properties":{"geoid":"21091","name":"Hancock"},"id":"21091"},{"arcs":[[-6703,-8234,-7816,-5948,-5837,8249]],"type":"Polygon","properties":{"geoid":"39155","name":"Trumbull"},"id":"39155"},{"arcs":[[8250,8251,-6174,8252,-6143,8253]],"type":"Polygon","properties":{"geoid":"31155","name":"Saunders"},"id":"31155"},{"arcs":[[8254,8255,8256,-3288,-6184,8257]],"type":"Polygon","properties":{"geoid":"29035","name":"Carter"},"id":"29035"},{"arcs":[[8258,8259,8260,8261,8262,8263,8264,-6187]],"type":"Polygon","properties":{"geoid":"29215","name":"Texas"},"id":"29215"},{"arcs":[[-6906,-8174,-5806,8265,8266,8267,-7729]],"type":"Polygon","properties":{"geoid":"17183","name":"Vermilion"},"id":"17183"},{"arcs":[[8268,8269,-1386,-6402,8270,-6533]],"type":"Polygon","properties":{"geoid":"17033","name":"Crawford"},"id":"17033"},{"arcs":[[-6931,-7727,-8083,-967,-6528,8271]],"type":"Polygon","properties":{"geoid":"13233","name":"Polk"},"id":"13233"},{"arcs":[[-4226,-7053,8272,-3183,-3168,-5697]],"type":"Polygon","properties":{"geoid":"05113","name":"Polk"},"id":"05113"},{"arcs":[[8273,-5774,-193,-3157,-3142,-3117,-3136]],"type":"Polygon","properties":{"geoid":"05145","name":"White"},"id":"05145"},{"arcs":[[-3163,8274,-6271,-8232,-6257,-6260]],"type":"Polygon","properties":{"geoid":"05101","name":"Newton"},"id":"05101"},{"arcs":[[-4848,-6264,-5719,-3171,-207,-5458]],"type":"Polygon","properties":{"geoid":"05043","name":"Drew"},"id":"05043"},{"arcs":[[-2033,-2216,8275,8276,-720,-5883,8277]],"type":"Polygon","properties":{"geoid":"40143","name":"Tulsa"},"id":"40143"},{"arcs":[[-6911,-6762,8278,-6562,8279,8280]],"type":"Polygon","properties":{"geoid":"26017","name":"Bay"},"id":"26017"},{"arcs":[[[8281]],[[8282,-2911,8283,-2915,8284]]],"type":"MultiPolygon","properties":{"geoid":"26033","name":"Chippewa"},"id":"26033"},{"arcs":[[-343,-6305,8285,8286,-8260,8287]],"type":"Polygon","properties":{"geoid":"29169","name":"Pulaski"},"id":"29169"},{"arcs":[[8288,8289,8290,-4430,8291]],"type":"Polygon","properties":{"geoid":"29047","name":"Clay"},"id":"29047"},{"arcs":[[-6511,-7701,8292,8293,-7749,8294,-5853]],"type":"Polygon","properties":{"geoid":"39081","name":"Jefferson"},"id":"39081"},{"arcs":[[-8146,-8136,-8144,-2330,-4020,-7402,-2338]],"type":"Polygon","properties":{"geoid":"48049","name":"Brown"},"id":"48049"},{"arcs":[[8295,8296,8297,-1590,8298]],"type":"Polygon","properties":{"geoid":"36019","name":"Clinton"},"id":"36019"},{"arcs":[[8299,-4363,8300,-6926,8301,8302]],"type":"Polygon","properties":{"geoid":"21157","name":"Marshall"},"id":"21157"},{"arcs":[[-4914,8303,8304,8305]],"type":"Polygon","properties":{"geoid":"26001","name":"Alcona"},"id":"26001"},{"arcs":[[-6912,-8281,8306,8307,-8139]],"type":"Polygon","properties":{"geoid":"26111","name":"Midland"},"id":"26111"},{"arcs":[[-741,-782,-6052,8308,-5943]],"type":"Polygon","properties":{"geoid":"48493","name":"Wilson"},"id":"48493"},{"arcs":[[-2938,8309,-5754,8310,-6523,8311]],"type":"Polygon","properties":{"geoid":"48117","name":"Deaf Smith"},"id":"48117"},{"arcs":[[-2327,8312,-6009,8313,-6027]],"type":"Polygon","properties":{"geoid":"48099","name":"Coryell"},"id":"48099"},{"arcs":[[-7019,8314,8315,8316,8317,8318,-5987,-2852]],"type":"Polygon","properties":{"geoid":"39037","name":"Darke"},"id":"39037"},{"arcs":[[-8133,-8226,-5968,8319,-8244,-5897,-6517]],"type":"Polygon","properties":{"geoid":"39005","name":"Ashland"},"id":"39005"},{"arcs":[[8320,8321,8322,-3128,-3166,8323]],"type":"Polygon","properties":{"geoid":"05059","name":"Hot Spring"},"id":"05059"},{"arcs":[[-6387,-7151,-6265,-8275,-3162]],"type":"Polygon","properties":{"geoid":"05009","name":"Boone"},"id":"05009"},{"arcs":[[-3306,8324,-3316,-6190,8325,-380]],"type":"Polygon","properties":{"geoid":"29083","name":"Henry"},"id":"29083"},{"arcs":[[-2544,-4463,8326,-5753,8327,-5271]],"type":"Polygon","properties":{"geoid":"37187","name":"Washington"},"id":"37187"},{"arcs":[[-7262,-7191,-1655,-5334,-5335]],"type":"Polygon","properties":{"geoid":"21215","name":"Spencer"},"id":"21215"},{"arcs":[[-7319,-6994,-3582,-4601,-1946]],"type":"Polygon","properties":{"geoid":"49009","name":"Daggett"},"id":"49009"},{"arcs":[[8328,-7788,-2687,8329,-7128,8330]],"type":"Polygon","properties":{"geoid":"20071","name":"Greeley"},"id":"20071"},{"arcs":[[8331,8332,-187,-160,-5773,8333]],"type":"Polygon","properties":{"geoid":"05135","name":"Sharp"},"id":"05135"},{"arcs":[[8334,-7923,8335,-3574,-1083]],"type":"Polygon","properties":{"geoid":"47087","name":"Jackson"},"id":"47087"},{"arcs":[[8336,-147,-5314,8337,8338]],"type":"Polygon","properties":{"geoid":"31175","name":"Valley"},"id":"31175"},{"arcs":[[-7125,-6158,-6572,-8106,8339,8340]],"type":"Polygon","properties":{"geoid":"31133","name":"Pawnee"},"id":"31133"},{"arcs":[[-6301,8341,8342,8343,8344,-1736]],"type":"Polygon","properties":{"geoid":"29077","name":"Greene"},"id":"29077"},{"arcs":[[-3290,-376,-3310,-335,8345]],"type":"Polygon","properties":{"geoid":"29017","name":"Bollinger"},"id":"29017"},{"arcs":[[-7108,-345,8346,8347,-8342,-6300]],"type":"Polygon","properties":{"geoid":"29059","name":"Dallas"},"id":"29059"},{"arcs":[[-3009,-4760,-4836,-4402,-101,-5576]],"type":"Polygon","properties":{"geoid":"51011","name":"Appomattox"},"id":"51011"},{"arcs":[[-4388,-3076]],"type":"Polygon","properties":{"geoid":"51630","name":"Fredericksburg"},"id":"51630"},{"arcs":[[-8305,8348,-6760,-2921]],"type":"Polygon","properties":{"geoid":"26069","name":"Iosco"},"id":"26069"},{"arcs":[[-8307,-8280,-6561,8349,-6764,8350]],"type":"Polygon","properties":{"geoid":"26145","name":"Saginaw"},"id":"26145"},{"arcs":[[-6956,8351,-6913,-8138,8352]],"type":"Polygon","properties":{"geoid":"26035","name":"Clare"},"id":"26035"},{"arcs":[[-6113,-6581,-6080,8353,8354,8355,-6151]],"type":"Polygon","properties":{"geoid":"31181","name":"Webster"},"id":"31181"},{"arcs":[[-6690,-6076,-6846,-8238,-6147,8356]],"type":"Polygon","properties":{"geoid":"31179","name":"Wayne"},"id":"31179"},{"arcs":[[-399,8357,-332,8358,8359,-3313]],"type":"Polygon","properties":{"geoid":"29053","name":"Cooper"},"id":"29053"},{"arcs":[[-8344,8360,8361,-6384,-6390,8362]],"type":"Polygon","properties":{"geoid":"29043","name":"Christian"},"id":"29043"},{"arcs":[[-1910,-4591,-8221,-2599,-6788,8363]],"type":"Polygon","properties":{"geoid":"21225","name":"Union"},"id":"21225"},{"arcs":[[8364,8365,-8303,8366,-4592,-2751,8367]],"type":"Polygon","properties":{"geoid":"21083","name":"Graves"},"id":"21083"},{"arcs":[[-2979,8368,-6048,-6110,-3390,8369,-3014]],"type":"Polygon","properties":{"geoid":"51800","name":"Suffolk"},"id":"51800"},{"arcs":[[-6242,-2532,-6247,-7849,-4894]],"type":"Polygon","properties":{"geoid":"37081","name":"Guilford"},"id":"37081"},{"arcs":[[8370,-3969,-2527,-5265,8371]],"type":"Polygon","properties":{"geoid":"13187","name":"Lumpkin"},"id":"13187"},{"arcs":[[8372,-5267,-466,-446,8373]],"type":"Polygon","properties":{"geoid":"13117","name":"Forsyth"},"id":"13117"},{"arcs":[[8374,8375,-6908,-7728,-6500,8376,8377,8378]],"type":"Polygon","properties":{"geoid":"17113","name":"McLean"},"id":"17113"},{"arcs":[[8379,-6462,-7836,-812,8380,-5756]],"type":"Polygon","properties":{"geoid":"48437","name":"Swisher"},"id":"48437"},{"arcs":[[-8311,-5758,-4464,8381,-6524]],"type":"Polygon","properties":{"geoid":"48369","name":"Parmer"},"id":"48369"},{"arcs":[[8382,-6208,-369,-6251,-4431,-8291]],"type":"Polygon","properties":{"geoid":"29177","name":"Ray"},"id":"29177"},{"arcs":[[8383,-5920,-2170,8384,-8316,8385]],"type":"Polygon","properties":{"geoid":"39107","name":"Mercer"},"id":"39107"},{"arcs":[[-3509,-6857,-6470,-4183,8386,-6792,8387]],"type":"Polygon","properties":{"geoid":"28085","name":"Lincoln"},"id":"28085"},{"arcs":[[8388,-7139,8389,-6473,-6697]],"type":"Polygon","properties":{"geoid":"28101","name":"Newton"},"id":"28101"},{"arcs":[[-5308,-4392,-5448,-3067,8390,8391]],"type":"Polygon","properties":{"geoid":"51075","name":"Goochland"},"id":"51075"},{"arcs":[[-6322,8392,8393,-8332,8394,8395]],"type":"Polygon","properties":{"geoid":"05049","name":"Fulton"},"id":"05049"},{"arcs":[[-3158,-3155,-7754,-7029,-3139]],"type":"Polygon","properties":{"geoid":"05123","name":"St. Francis"},"id":"05123"},{"arcs":[[-7456,-464,-3970,-8371,8396,-2490,-4672]],"type":"Polygon","properties":{"geoid":"13111","name":"Fannin"},"id":"13111"},{"arcs":[[8397,-2457,-2458,-7718,8398]],"type":"Polygon","properties":{"geoid":"17089","name":"Kane"},"id":"17089"},{"arcs":[[8399,-8045,8400,8401,8402,8403]],"type":"Polygon","properties":{"geoid":"40039","name":"Custer"},"id":"40039"},{"arcs":[[-5985,-3822,-4215,8404]],"type":"Polygon","properties":{"geoid":"42109","name":"Snyder"},"id":"42109"},{"arcs":[[8405,-6920,8406,8407,-5953]],"type":"Polygon","properties":{"geoid":"42117","name":"Tioga"},"id":"42117"},{"arcs":[[8408,8409,8410,-7359,-6648,-6862]],"type":"Polygon","properties":{"geoid":"28081","name":"Lee"},"id":"28081"},{"arcs":[[-6992,-7789,-8329,8411,8412]],"type":"Polygon","properties":{"geoid":"08017","name":"Cheyenne"},"id":"08017"},{"arcs":[[-7430,8413,-7942,8414,-1307,8415,-2826,-2786]],"type":"Polygon","properties":{"geoid":"08123","name":"Weld"},"id":"08123"},{"arcs":[[-6133,8416,-3115,8417,-7938]],"type":"Polygon","properties":{"geoid":"08115","name":"Sedgwick"},"id":"08115"},{"arcs":[[-153,8418,-8322,8419,8420]],"type":"Polygon","properties":{"geoid":"05125","name":"Saline"},"id":"05125"},{"arcs":[[8421,-6204,8422,8423,-8262,8424]],"type":"Polygon","properties":{"geoid":"29065","name":"Dent"},"id":"29065"},{"arcs":[[-6334,-361,-7137,-370,-3289,-6201]],"type":"Polygon","properties":{"geoid":"29187","name":"St. Francois"},"id":"29187"},{"arcs":[[-8124,-6065,-7949,8425]],"type":"Polygon","properties":{"geoid":"48385","name":"Real"},"id":"48385"},{"arcs":[[-5760,8426,-7951,-2577,8427]],"type":"Polygon","properties":{"geoid":"48271","name":"Kinney"},"id":"48271"},{"arcs":[[-5148,8428,8429,8430,-6889,-1598]],"type":"Polygon","properties":{"geoid":"36095","name":"Schoharie"},"id":"36095"},{"arcs":[[8431,8432,-6128,-143,8433,8434,8435]],"type":"Polygon","properties":{"geoid":"31089","name":"Holt"},"id":"31089"},{"arcs":[[-5391,-5566,8436,-6692,8437,-6124,-8433,8438]],"type":"Polygon","properties":{"geoid":"31107","name":"Knox"},"id":"31107"},{"arcs":[[-3097,-6146,-7126,-8341,8439,-7241,-8227]],"type":"Polygon","properties":{"geoid":"31067","name":"Gage"},"id":"31067"},{"arcs":[[-6119,-8243,8440,-8254,-6142,8441,8442]],"type":"Polygon","properties":{"geoid":"31023","name":"Butler"},"id":"31023"},{"arcs":[[8443,8444,-4322,-4888,-8072]],"type":"Polygon","properties":{"geoid":"30091","name":"Sheridan"},"id":"30091"},{"arcs":[[8445,-1160,8446,-6550]],"type":"Polygon","properties":{"geoid":"37143","name":"Perquimans"},"id":"37143"},{"arcs":[[-5732,-4369,-5604,-5592,8447]],"type":"Polygon","properties":{"geoid":"42013","name":"Blair"},"id":"42013"},{"arcs":[[8448,-690,-682,-5725,8449,8450]],"type":"Polygon","properties":{"geoid":"42077","name":"Lehigh"},"id":"42077"},{"arcs":[[8451,8452,8453,-8339,8454,-7118,8455,-6176,-6087]],"type":"Polygon","properties":{"geoid":"31041","name":"Custer"},"id":"31041"},{"arcs":[[-8442,-6141,-3095,-134]],"type":"Polygon","properties":{"geoid":"31159","name":"Seward"},"id":"31159"},{"arcs":[[-4622,-3797,-5861,8456]],"type":"Polygon","properties":{"geoid":"12049","name":"Hardee"},"id":"12049"},{"arcs":[[8457,8458,8459,-8286,-6304]],"type":"Polygon","properties":{"geoid":"29125","name":"Maries"},"id":"29125"},{"arcs":[[-6253,-5325,8460,8461,-8458,-6303]],"type":"Polygon","properties":{"geoid":"29151","name":"Osage"},"id":"29151"},{"arcs":[[-5700,-7236,-7080,-5781,-4063,-438]],"type":"Polygon","properties":{"geoid":"30067","name":"Park"},"id":"30067"},{"arcs":[[8462,8463,-8207,8464,-6641]],"type":"Polygon","properties":{"geoid":"21117","name":"Kenton"},"id":"21117"},{"arcs":[[8465,8466,-90,-4399,-1173,-7031,-94]],"type":"Polygon","properties":{"geoid":"51025","name":"Brunswick"},"id":"51025"},{"arcs":[[8467,-4741,-7416,-2411,-449]],"type":"Polygon","properties":{"geoid":"13063","name":"Clayton"},"id":"13063"},{"arcs":[[-7732,-484,-1104,-5635]],"type":"Polygon","properties":{"geoid":"37005","name":"Alleghany"},"id":"37005"},{"arcs":[[-2189,-3361,-3250,-4426,-5322,-5439]],"type":"Polygon","properties":{"geoid":"34037","name":"Sussex"},"id":"34037"},{"arcs":[[-5466,-5548,8468,8469,8470,-319]],"type":"Polygon","properties":{"geoid":"34017","name":"Hudson"},"id":"34017"},{"arcs":[[-5000,-3510,-8388,-6791,-3528,-3214]],"type":"Polygon","properties":{"geoid":"28063","name":"Jefferson"},"id":"28063"},{"arcs":[[-3547,8471,8472,8473,-3520,-203]],"type":"Polygon","properties":{"geoid":"28027","name":"Coahoma"},"id":"28027"},{"arcs":[[8474,8475,8476,8477,8478]],"type":"Polygon","properties":{"geoid":"28161","name":"Yalobusha"},"id":"28161"},{"arcs":[[-106,-91,-8467,8479,-4838]],"type":"Polygon","properties":{"geoid":"51135","name":"Nottoway"},"id":"51135"},{"arcs":[[-186,-3152,-4686,8480,-156]],"type":"Polygon","properties":{"geoid":"05055","name":"Greene"},"id":"05055"},{"arcs":[[8481,-2441,8482,8483,-372,-7136,-6489]],"type":"Polygon","properties":{"geoid":"17157","name":"Randolph"},"id":"17157"},{"arcs":[[-5107,8484,8485,-8190,8486,-6938,-7057,-5608]],"type":"Polygon","properties":{"geoid":"17167","name":"Sangamon"},"id":"17167"},{"arcs":[[-2163,-1733,8487,8488,8489,-4820]],"type":"Polygon","properties":{"geoid":"39173","name":"Wood"},"id":"39173"},{"arcs":[[-5850,8490,8491,8492,-7743,8493,-2167]],"type":"Polygon","properties":{"geoid":"39065","name":"Hardin"},"id":"39065"},{"arcs":[[8494,8495,8496,-7739,-7000,8497]],"type":"Polygon","properties":{"geoid":"39079","name":"Jackson"},"id":"39079"},{"arcs":[[-6721,8498,-1595,-3559,-1790,-6699,-1778]],"type":"Polygon","properties":{"geoid":"36041","name":"Hamilton"},"id":"36041"},{"arcs":[[8499,8500,-4694,-3586,-1828,-1867]],"type":"Polygon","properties":{"geoid":"47043","name":"Dickson"},"id":"47043"},{"arcs":[[-3657,-1884,8501,-2745,-1895]],"type":"Polygon","properties":{"geoid":"47015","name":"Cannon"},"id":"47015"},{"arcs":[[-2759,-7347,-2497,-2417,-3646,-1841]],"type":"Polygon","properties":{"geoid":"47155","name":"Sevier"},"id":"47155"},{"arcs":[[8502,-5775,-8274,-3135,8503]],"type":"Polygon","properties":{"geoid":"05023","name":"Cleburne"},"id":"05023"},{"arcs":[[-7052,-6233,8504,-8324,-3165,-3179,-8273]],"type":"Polygon","properties":{"geoid":"05097","name":"Montgomery"},"id":"05097"},{"arcs":[[8505,-6914,8506,8507,-6724]],"type":"Polygon","properties":{"geoid":"36117","name":"Wayne"},"id":"36117"},{"arcs":[[-3026,-3089,-5768,-5299,-8248,-4108]],"type":"Polygon","properties":{"geoid":"51045","name":"Craig"},"id":"51045"},{"arcs":[[-3029]],"type":"Polygon","properties":{"geoid":"51580","name":"Covington"},"id":"51580"},{"arcs":[[-3093]],"type":"Polygon","properties":{"geoid":"51678","name":"Lexington"},"id":"51678"},{"arcs":[[-6869,-7881,-7904,-7846,8508]],"type":"Polygon","properties":{"geoid":"40029","name":"Coal"},"id":"40029"},{"arcs":[[-3665,-1865,8509,-3598,-4499]],"type":"Polygon","properties":{"geoid":"47179","name":"Washington"},"id":"47179"},{"arcs":[[8510,8511,8512,-4568,-5930,-6464]],"type":"Polygon","properties":{"geoid":"48087","name":"Collingsworth"},"id":"48087"},{"arcs":[[-5312,8513,8514,-6165,-7120,8515]],"type":"Polygon","properties":{"geoid":"31093","name":"Howard"},"id":"31093"},{"arcs":[[-3112,-6179,8516,8517,8518,8519]],"type":"Polygon","properties":{"geoid":"31085","name":"Hayes"},"id":"31085"},{"arcs":[[-6844,8520,8521,8522,8523,-8239]],"type":"Polygon","properties":{"geoid":"31021","name":"Burt"},"id":"31021"},{"arcs":[[8524,-6122,8525,-8514,-5311]],"type":"Polygon","properties":{"geoid":"31125","name":"Nance"},"id":"31125"},{"arcs":[[-6576,-6555,8526,-8452,-6086,-1686]],"type":"Polygon","properties":{"geoid":"31009","name":"Blaine"},"id":"31009"},{"arcs":[[8527,-6164,8528,8529]],"type":"Polygon","properties":{"geoid":"31073","name":"Gosper"},"id":"31073"},{"arcs":[[-4589,-1634,-5502,-5672,-1666,-8222]],"type":"Polygon","properties":{"geoid":"21149","name":"McLean"},"id":"21149"},{"arcs":[[8530,-5588,-8208,-8464]],"type":"Polygon","properties":{"geoid":"21037","name":"Campbell"},"id":"21037"},{"arcs":[[-4814,-5728,-5118,-5912,-667]],"type":"Polygon","properties":{"geoid":"45081","name":"Saluda"},"id":"45081"},{"arcs":[[8531,-7010,-8037,8532,-8318]],"type":"Polygon","properties":{"geoid":"39109","name":"Miami"},"id":"39109"},{"arcs":[[8533,-8519,8534,8535,8536,-6984]],"type":"Polygon","properties":{"geoid":"31057","name":"Dundy"},"id":"31057"},{"arcs":[[8537,-6120,-8443,-133,8538]],"type":"Polygon","properties":{"geoid":"31143","name":"Polk"},"id":"31143"},{"arcs":[[-4427,-320,-8471,8539,8540,-4873,-3272]],"type":"Polygon","properties":{"geoid":"34039","name":"Union"},"id":"34039"},{"arcs":[[-6975,-6336,-418,-7801,-4652,-5780,-7079]],"type":"Polygon","properties":{"geoid":"30111","name":"Yellowstone"},"id":"30111"},{"arcs":[[-8359,-331,-6255,-6302,8541]],"type":"Polygon","properties":{"geoid":"29135","name":"Moniteau"},"id":"29135"},{"arcs":[[-8263,-8424,8542,-8255,8543,8544]],"type":"Polygon","properties":{"geoid":"29203","name":"Shannon"},"id":"29203"},{"arcs":[[-7356,8545,-3280,8546,8547,8548]],"type":"Polygon","properties":{"geoid":"29163","name":"Pike"},"id":"29163"},{"arcs":[[8549,8550,-7357,-8549,8551]],"type":"Polygon","properties":{"geoid":"29173","name":"Ralls"},"id":"29173"},{"arcs":[[[8552]],[[8553]],[[8554]],[[8555]],[[8556]],[[8557]],[[8558]],[[8559]],[[8560]],[[8561]],[[8562]],[[8563]],[[8564]],[[8565]],[[8566]],[[8567]],[[8568]],[[8569]],[[8570]],[[8571]],[[8572]],[[8573]],[[8574]],[[8575]],[[8576]],[[8577]],[[8578]],[[8579]],[[8580]],[[8581]]],"type":"MultiPolygon","properties":{"geoid":"02016","name":"Aleutians West"},"id":"02016"},{"arcs":[[8582,-6727,8583,-5329]],"type":"Polygon","properties":{"geoid":"36073","name":"Orleans"},"id":"36073"},{"arcs":[[-7725,8584,-444,-7200,-8082]],"type":"Polygon","properties":{"geoid":"13067","name":"Cobb"},"id":"13067"},{"arcs":[[-6800,-7722,-6599,-7088,8585,-7034,8586]],"type":"Polygon","properties":{"geoid":"17011","name":"Bureau"},"id":"17011"},{"arcs":[[8587,-8116,-6082,-5237]],"type":"Polygon","properties":{"geoid":"12059","name":"Holmes"},"id":"12059"},{"arcs":[[-1732,8588,-3499,-6520,8589,-8488]],"type":"Polygon","properties":{"geoid":"39143","name":"Sandusky"},"id":"39143"},{"arcs":[[8590,-6866,-3543,-6858,-7138,-4190]],"type":"Polygon","properties":{"geoid":"28159","name":"Winston"},"id":"28159"},{"arcs":[[-5683,-4191,-7140,-8389,-6696]],"type":"Polygon","properties":{"geoid":"28079","name":"Leake"},"id":"28079"},{"arcs":[[8591,-8478,8592,8593,8594,8595,-1750]],"type":"Polygon","properties":{"geoid":"28043","name":"Grenada"},"id":"28043"},{"arcs":[[-8595,8596,8597,-4188,8598]],"type":"Polygon","properties":{"geoid":"28097","name":"Montgomery"},"id":"28097"},{"arcs":[[8599,-3615,8600,-6474]],"type":"Polygon","properties":{"geoid":"28023","name":"Clarke"},"id":"28023"},{"arcs":[[8601,-6863,-6651,8602,-8593,-8477]],"type":"Polygon","properties":{"geoid":"28013","name":"Calhoun"},"id":"28013"},{"arcs":[[-7217,8603,-1639,-8151,-8111,-4176]],"type":"Polygon","properties":{"geoid":"21009","name":"Barren"},"id":"21009"},{"arcs":[[-6106,8604,-2499,-6109]],"type":"Polygon","properties":{"geoid":"51810","name":"Virginia Beach"},"id":"51810"},{"arcs":[[-3973,-7094,8605,8606,-4661,-5114,-7828]],"type":"Polygon","properties":{"geoid":"13207","name":"Monroe"},"id":"13207"},{"arcs":[[-7719,-2451,-8191,8607,-6594]],"type":"Polygon","properties":{"geoid":"17063","name":"Grundy"},"id":"17063"},{"arcs":[[-7998,-7824,-2067,-616,-4747]],"type":"Polygon","properties":{"geoid":"13101","name":"Echols"},"id":"13101"},{"arcs":[[-8130,-7759,-5847,8608,-5832]],"type":"Polygon","properties":{"geoid":"39045","name":"Fairfield"},"id":"39045"},{"arcs":[[8609,-6409,8610,8611]],"type":"Polygon","properties":{"geoid":"36123","name":"Yates"},"id":"36123"},{"arcs":[[-3557,-4495,-1794,-7693,-7689,-6685,-6916]],"type":"Polygon","properties":{"geoid":"36023","name":"Cortland"},"id":"36023"},{"arcs":[[-52,-3060,-6098,-6103,-7730,-2954]],"type":"Polygon","properties":{"geoid":"51173","name":"Smyth"},"id":"51173"},{"arcs":[[8612,-3035]],"type":"Polygon","properties":{"geoid":"51683","name":"Manassas"},"id":"51683"},{"arcs":[[-8438,-6691,-8357,8613,-6125]],"type":"Polygon","properties":{"geoid":"31139","name":"Pierce"},"id":"31139"},{"arcs":[[-8434,-148,-8337,-8454,8614]],"type":"Polygon","properties":{"geoid":"31071","name":"Garfield"},"id":"31071"},{"arcs":[[8615,8616,-7036,-6774,8617,-6492]],"type":"Polygon","properties":{"geoid":"17095","name":"Knox"},"id":"17095"},{"arcs":[[-7355,8618,8619,-4876,-3281,-8546]],"type":"Polygon","properties":{"geoid":"17013","name":"Calhoun"},"id":"17013"},{"arcs":[[-2874,8620,8621,8622,8623,-6606,-5643]],"type":"Polygon","properties":{"geoid":"18047","name":"Franklin"},"id":"18047"},{"arcs":[[8624,-6705,8625,-705]],"type":"Polygon","properties":{"geoid":"39085","name":"Lake"},"id":"39085"},{"arcs":[[-8085,-5770]],"type":"Polygon","properties":{"geoid":"51770","name":"Roanoke"},"id":"51770"},{"arcs":[[-2836,8626,8627,8628,-7148]],"type":"Polygon","properties":{"geoid":"08105","name":"Rio Grande"},"id":"08105"},{"arcs":[[8629,-1330,8630,-6993,-8413,8631,8632,-7074]],"type":"Polygon","properties":{"geoid":"08073","name":"Lincoln"},"id":"08073"},{"arcs":[[-2827,-8416,-1306,-1319]],"type":"Polygon","properties":{"geoid":"08014","name":"Broomfield"},"id":"08014"},{"arcs":[[8633,-6382,8634,-7841,-7918]],"type":"Polygon","properties":{"geoid":"46029","name":"Codington"},"id":"46029"},{"arcs":[[-4526,-3756,-4347,8635,-2031,-6449]],"type":"Polygon","properties":{"geoid":"27155","name":"Traverse"},"id":"27155"},{"arcs":[[-7856,8636,-8046,-8400,8637,8638]],"type":"Polygon","properties":{"geoid":"40043","name":"Dewey"},"id":"40043"},{"arcs":[[-4758,8639,-8391,-3066,-108,-4837]],"type":"Polygon","properties":{"geoid":"51049","name":"Cumberland"},"id":"51049"},{"arcs":[[-899,-7310,-902,-4060,8640]],"type":"Polygon","properties":{"geoid":"55103","name":"Richland"},"id":"55103"},{"arcs":[[-6323,-8396,8641,8642,-6267,-7150]],"type":"Polygon","properties":{"geoid":"05005","name":"Baxter"},"id":"05005"},{"arcs":[[8643,8644,8645,-7897,-2861]],"type":"Polygon","properties":{"geoid":"19057","name":"Des Moines"},"id":"19057"},{"arcs":[[8646,8647,-7212,8648,-7016]],"type":"Polygon","properties":{"geoid":"19049","name":"Dallas"},"id":"19049"},{"arcs":[[8649,-7338,-4944,8650,-7208,8651]],"type":"Polygon","properties":{"geoid":"19169","name":"Story"},"id":"19169"},{"arcs":[[8652,-3723,-5710,-5204,8653,8654]],"type":"Polygon","properties":{"geoid":"27153","name":"Todd"},"id":"27153"},{"arcs":[[8655,-3717,8656,8657,8658]],"type":"Polygon","properties":{"geoid":"27057","name":"Hubbard"},"id":"27057"},{"arcs":[[-1970,-1981,8659,8660,8661,8662]],"type":"Polygon","properties":{"geoid":"27033","name":"Cottonwood"},"id":"27033"},{"arcs":[[8663,8664,-7379,-7636]],"type":"Polygon","properties":{"geoid":"55089","name":"Ozaukee"},"id":"55089"},{"arcs":[[8665,8666,8667,8668,-8026,8669,8670]],"type":"Polygon","properties":{"geoid":"18097","name":"Marion"},"id":"18097"},{"arcs":[[-8651,-4943,8671,-5513,-7340,-7209]],"type":"Polygon","properties":{"geoid":"19099","name":"Jasper"},"id":"19099"},{"arcs":[[8672,-7554,8673,-6639,-6964,8674]],"type":"Polygon","properties":{"geoid":"19191","name":"Winneshiek"},"id":"19191"},{"arcs":[[-4251,-4293,-5268,8675,-1452]],"type":"Polygon","properties":{"geoid":"13167","name":"Johnson"},"id":"13167"},{"arcs":[[[-7049,8676,8677]],[[8678,8679,-7050,-4452,8680,-1480,-2039]]],"type":"MultiPolygon","properties":{"geoid":"13193","name":"Macon"},"id":"13193"},{"arcs":[[8681,-973,8682,-7644,-2939,-8312,-6522,8683,-2665,-5414]],"type":"Polygon","properties":{"geoid":"35037","name":"Quay"},"id":"35037"},{"arcs":[[8684,8685,-4692,8686,8687,-5527,-7475,-7492]],"type":"Polygon","properties":{"geoid":"01077","name":"Lauderdale"},"id":"01077"},{"arcs":[[-8267,8688,8689,8690,8691,8692]],"type":"Polygon","properties":{"geoid":"18165","name":"Vermillion"},"id":"18165"},{"arcs":[[-291,-6635,-5460,-3201,-6287,-3202,-233]],"type":"Polygon","properties":{"geoid":"22047","name":"Iberville"},"id":"22047"},{"arcs":[[-8348,8693,-6189,8694,-8361,-8343]],"type":"Polygon","properties":{"geoid":"29225","name":"Webster"},"id":"29225"},{"arcs":[[8695,8696,-4938,-485,8697]],"type":"Polygon","properties":{"geoid":"19139","name":"Muscatine"},"id":"19139"},{"arcs":[[-8118,-5440,-691,-8449,8698]],"type":"Polygon","properties":{"geoid":"42025","name":"Carbon"},"id":"42025"},{"arcs":[[-8169,-3504,-4823,-7003,-6817,-7145]],"type":"Polygon","properties":{"geoid":"39171","name":"Williams"},"id":"39171"},{"arcs":[[8699,8700,-387,-2381,-5081,8701,-7274]],"type":"Polygon","properties":{"geoid":"16017","name":"Bonner"},"id":"16017"},{"arcs":[[-5805,-6832,8702,-8689,-8266]],"type":"Polygon","properties":{"geoid":"18171","name":"Warren"},"id":"18171"},{"arcs":[[-1331,-8630,-7073,-5795]],"type":"Polygon","properties":{"geoid":"08039","name":"Elbert"},"id":"08039"},{"arcs":[[-2835,-1305,-2770,8703,-8627]],"type":"Polygon","properties":{"geoid":"08003","name":"Alamosa"},"id":"08003"},{"arcs":[[-5398,-4606]],"type":"Polygon","properties":{"geoid":"27125","name":"Red Lake"},"id":"27125"},{"arcs":[[8704,-7439,-7426,-7424,-7434]],"type":"Polygon","properties":{"geoid":"56031","name":"Platte"},"id":"56031"},{"arcs":[[-4401]],"type":"Polygon","properties":{"geoid":"51595","name":"Emporia"},"id":"51595"},{"arcs":[[-8228,-6262,8705,-4643,-2202,8706]],"type":"Polygon","properties":{"geoid":"05033","name":"Crawford"},"id":"05033"},{"arcs":[[8707,-8182,8708,-988]],"type":"Polygon","properties":{"geoid":"13239","name":"Quitman"},"id":"13239"},{"arcs":[[-7091,-5745,-6620,8709]],"type":"Polygon","properties":{"geoid":"13149","name":"Heard"},"id":"13149"},{"arcs":[[8710,-7510,8711,8712,8713]],"type":"Polygon","properties":{"geoid":"46047","name":"Fall River"},"id":"46047"},{"arcs":[[-1323,-5797,-7076,-4484,-5799]],"type":"Polygon","properties":{"geoid":"08119","name":"Teller"},"id":"08119"},{"arcs":[[-1309,8714,-7940,-6987,-6988,-8631,-1329]],"type":"Polygon","properties":{"geoid":"08121","name":"Washington"},"id":"08121"},{"arcs":[[-7017,8715,-7213,-1369,-5510]],"type":"Polygon","properties":{"geoid":"19001","name":"Adair"},"id":"19001"},{"arcs":[[8716,8717,-7280,-6797,-2878,8718]],"type":"Polygon","properties":{"geoid":"17015","name":"Carroll"},"id":"17015"},{"arcs":[[-6894,8719,-2588,-2908,-8172,8720]],"type":"Polygon","properties":{"geoid":"26161","name":"Washtenaw"},"id":"26161"},{"arcs":[[-7935,8721,8722,8723,8724]],"type":"Polygon","properties":{"geoid":"26149","name":"St. Joseph"},"id":"26149"},{"arcs":[[-6746,-6759,8725,-8166,8726,-7934]],"type":"Polygon","properties":{"geoid":"26025","name":"Calhoun"},"id":"26025"},{"arcs":[[-8703,-6831,8727,8728,-8690]],"type":"Polygon","properties":{"geoid":"18045","name":"Fountain"},"id":"18045"},{"arcs":[[8729,-1407,-7011,8730,-7097]],"type":"Polygon","properties":{"geoid":"19053","name":"Decatur"},"id":"19053"},{"arcs":[[8731,8732,-2865,8733,8734,8735]],"type":"Polygon","properties":{"geoid":"19177","name":"Van Buren"},"id":"19177"},{"arcs":[[8736,8737,-2889,8738,8739]],"type":"Polygon","properties":{"geoid":"19143","name":"Osceola"},"id":"19143"},{"arcs":[[-7794,8740,-6573,-7507]],"type":"Polygon","properties":{"geoid":"46007","name":"Bennett"},"id":"46007"},{"arcs":[[8741,8742,8743,8744,-7914,8745]],"type":"Polygon","properties":{"geoid":"46089","name":"McPherson"},"id":"46089"},{"arcs":[[8746,-6945,8747,8748,-6842,8749,-4128]],"type":"Polygon","properties":{"geoid":"19193","name":"Woodbury"},"id":"19193"},{"arcs":[[8750,-6806,-2881,-4939,-8697,8751]],"type":"Polygon","properties":{"geoid":"19031","name":"Cedar"},"id":"19031"},{"arcs":[[-2869,-6839,8752,8753,-1356]],"type":"Polygon","properties":{"geoid":"18143","name":"Scott"},"id":"18143"},{"arcs":[[-6504,-1520,8754,8755,-5235,8756,8757,-5542]],"type":"Polygon","properties":{"geoid":"01039","name":"Covington"},"id":"01039"},{"arcs":[[8758,-5522,-8049,-8163,-6021,-4085]],"type":"Polygon","properties":{"geoid":"40085","name":"Love"},"id":"40085"},{"arcs":[[8759,-6453,-6450,-6383,-8634,-7917,-7658]],"type":"Polygon","properties":{"geoid":"46037","name":"Day"},"id":"46037"},{"arcs":[[-2105,-5733,-8448,-5591,-3804,-4727]],"type":"Polygon","properties":{"geoid":"42021","name":"Cambria"},"id":"42021"},{"arcs":[[-7484,-6310,-6240,8760,8761]],"type":"Polygon","properties":{"geoid":"40115","name":"Ottawa"},"id":"40115"},{"arcs":[[8762,8763,-7560,8764,8765]],"type":"Polygon","properties":{"geoid":"31145","name":"Red Willow"},"id":"31145"},{"arcs":[[-6127,8766,-6123,-8525,-5310,-145]],"type":"Polygon","properties":{"geoid":"31011","name":"Boone"},"id":"31011"},{"arcs":[[8767,8768,8769,8770,8771,8772]],"type":"Polygon","properties":{"geoid":"19047","name":"Crawford"},"id":"19047"},{"arcs":[[8773,-7104,-6807,-7176]],"type":"Polygon","properties":{"geoid":"19091","name":"Humboldt"},"id":"19091"},{"arcs":[[-7926,-7349,-939,-7188,8774,8775,-7578,-3962]],"type":"Polygon","properties":{"geoid":"13069","name":"Coffee"},"id":"13069"},{"arcs":[[8776,-4307,-3614,-5654,8777]],"type":"Polygon","properties":{"geoid":"01103","name":"Morgan"},"id":"01103"},{"arcs":[[-3676,-5555,-1929,-4696,-5021,-7469]],"type":"Polygon","properties":{"geoid":"23011","name":"Kennebec"},"id":"23011"},{"arcs":[[[8778]],[[8779]],[[8780]],[[-1927,8782,-4697]]],"type":"MultiPolygon","properties":{"geoid":"23013","name":"Knox"},"id":"23013"},{"arcs":[[8783,-8547,-3284,8784,8785,-8461,-5324]],"type":"Polygon","properties":{"geoid":"29139","name":"Montgomery"},"id":"29139"},{"arcs":[[8786,-8734,-2864,-7263,8787,-7766]],"type":"Polygon","properties":{"geoid":"29045","name":"Clark"},"id":"29045"},{"arcs":[[-6296,-6335,-6199,-8422,8788,8789]],"type":"Polygon","properties":{"geoid":"29055","name":"Crawford"},"id":"29055"},{"arcs":[[8790,-8638,-8404,8791,8792,-5010]],"type":"Polygon","properties":{"geoid":"40129","name":"Roger Mills"},"id":"40129"},{"arcs":[[8793,8794,8795,8796,8797,-7562]],"type":"Polygon","properties":{"geoid":"20137","name":"Norton"},"id":"20137"},{"arcs":[[8798,8799,8800,8801,8802,-6481,-7361]],"type":"Polygon","properties":{"geoid":"01093","name":"Marion"},"id":"01093"},{"arcs":[[-2723,8803,8804,-8655,8805,-4344,-3754]],"type":"Polygon","properties":{"geoid":"27111","name":"Otter Tail"},"id":"27111"},{"arcs":[[-7941,-8715,-1308,-8415]],"type":"Polygon","properties":{"geoid":"08087","name":"Morgan"},"id":"08087"},{"arcs":[[-8633,8806,8807,8808]],"type":"Polygon","properties":{"geoid":"08025","name":"Crowley"},"id":"08025"},{"arcs":[[-2084,-4722,-7135,-3106,-3108,-605]],"type":"Polygon","properties":{"geoid":"12067","name":"Lafayette"},"id":"12067"},{"arcs":[[-4173,8809,-8365,8810,-8067]],"type":"Polygon","properties":{"geoid":"21039","name":"Carlisle"},"id":"21039"},{"arcs":[[-5674,-6969,-3564,8811,8812]],"type":"Polygon","properties":{"geoid":"21219","name":"Todd"},"id":"21219"},{"arcs":[[-3792,-4798,-508,-4801,-4512,-5124,-2644,-518]],"type":"Polygon","properties":{"geoid":"06067","name":"Sacramento"},"id":"06067"},{"arcs":[[-8727,-8170,-7147,8813,-8722]],"type":"Polygon","properties":{"geoid":"26023","name":"Branch"},"id":"26023"},{"arcs":[[-5757,-8381,-816,8814,-4466]],"type":"Polygon","properties":{"geoid":"48189","name":"Hale"},"id":"48189"},{"arcs":[[-5997,-7954,-7780,-6008,-6054,-8134,-7576]],"type":"Polygon","properties":{"geoid":"48363","name":"Palo Pinto"},"id":"48363"},{"arcs":[[-5945,8815,-48,-2348,8816,-7906,-2629]],"type":"Polygon","properties":{"geoid":"48297","name":"Live Oak"},"id":"48297"},{"arcs":[[-8149,8817,8818,-8011,8819,8820,-6395,-5598]],"type":"Polygon","properties":{"geoid":"30025","name":"Fallon"},"id":"30025"},{"arcs":[[-6332,-6209,-8383,-8290,8821,8822]],"type":"Polygon","properties":{"geoid":"29049","name":"Clinton"},"id":"29049"},{"arcs":[[8823,-8662,8824,-8737,8825,8826]],"type":"Polygon","properties":{"geoid":"27105","name":"Nobles"},"id":"27105"},{"arcs":[[8827,-6342,-6448,-7638,-6396,-8821]],"type":"Polygon","properties":{"geoid":"46063","name":"Harding"},"id":"46063"},{"arcs":[[-6628,-6633,-2870,-1362,8828,8829]],"type":"Polygon","properties":{"geoid":"18093","name":"Lawrence"},"id":"18093"},{"arcs":[[8830,-6949,8831,-8160,-6225]],"type":"Polygon","properties":{"geoid":"19071","name":"Fremont"},"id":"19071"},{"arcs":[[8832,-6752,8833,-8644,-2860,-8733]],"type":"Polygon","properties":{"geoid":"19087","name":"Henry"},"id":"19087"},{"arcs":[[-5516,8834,8835,8836,-6611]],"type":"Polygon","properties":{"geoid":"19179","name":"Wapello"},"id":"19179"},{"arcs":[[-4779,-1395,8837,-6666,8838,-2846]],"type":"Polygon","properties":{"geoid":"18049","name":"Fulton"},"id":"18049"},{"arcs":[[-8309,-6051,8839,-4371,-44,-8816,-5944]],"type":"Polygon","properties":{"geoid":"48255","name":"Karnes"},"id":"48255"},{"arcs":[[8840,-4350,-4957,-7775,-4707,-5226]],"type":"Polygon","properties":{"geoid":"48487","name":"Wilbarger"},"id":"48487"},{"arcs":[[8841,-7555,-8673,8842,8843]],"type":"Polygon","properties":{"geoid":"19089","name":"Howard"},"id":"19089"},{"arcs":[[-2440,-6548,-7086,8844,-8483]],"type":"Polygon","properties":{"geoid":"17145","name":"Perry"},"id":"17145"},{"arcs":[[8845,-4238,-4331,8846,-4514,8847,-5536]],"type":"Polygon","properties":{"geoid":"32013","name":"Humboldt"},"id":"32013"},{"arcs":[[-4203,8848,-7518,8849,-7407,-8774,8850]],"type":"Polygon","properties":{"geoid":"19109","name":"Kossuth"},"id":"19109"},{"arcs":[[-7296,8851,-1911,-8364,-6787,8852]],"type":"Polygon","properties":{"geoid":"17059","name":"Gallatin"},"id":"17059"},{"arcs":[[-7117,-8220,-4359,8853,-5678]],"type":"Polygon","properties":{"geoid":"17127","name":"Massac"},"id":"17127"},{"arcs":[[8854,-8378,8855,8856,-8485,-5106,-3439]],"type":"Polygon","properties":{"geoid":"17107","name":"Logan"},"id":"17107"},{"arcs":[[-5816,-1501,8857,-6487,-4680,-7047]],"type":"Polygon","properties":{"geoid":"01037","name":"Coosa"},"id":"01037"},{"arcs":[[-4170,8858,-7048,-4299,-1511]],"type":"Polygon","properties":{"geoid":"01105","name":"Perry"},"id":"01105"},{"arcs":[[8859,-7064,-4789,-8114,-8588,-5236,-8756]],"type":"Polygon","properties":{"geoid":"01061","name":"Geneva"},"id":"01061"},{"arcs":[[8860,-4141,-5154,8861,8862,8863,-4566]],"type":"Polygon","properties":{"geoid":"32033","name":"White Pine"},"id":"32033"},{"arcs":[[-4724,-7905,-7790,-5729,-2103,-2109]],"type":"Polygon","properties":{"geoid":"42065","name":"Jefferson"},"id":"42065"},{"arcs":[[-7312,-7711,-7533,-6583,8864,8865]],"type":"Polygon","properties":{"geoid":"55045","name":"Green"},"id":"55045"},{"arcs":[[-7385,8866,8867,-5178,-7599,8868,-846]],"type":"Polygon","properties":{"geoid":"55053","name":"Jackson"},"id":"55053"},{"arcs":[[8869,8870,8871,-3580,-7974,-8145,-5015,-4193,-3636]],"type":"Polygon","properties":{"geoid":"35025","name":"Lea"},"id":"35025"},{"arcs":[[-4691,8872,-4308,-8777,8873,-8687]],"type":"Polygon","properties":{"geoid":"01083","name":"Limestone"},"id":"01083"},{"arcs":[[-8635,-6381,-4342,-5712,8874,8875,-7842]],"type":"Polygon","properties":{"geoid":"46039","name":"Deuel"},"id":"46039"},{"arcs":[[8876,-5655,-4298,-1491,8877,8878,-8802]],"type":"Polygon","properties":{"geoid":"01127","name":"Walker"},"id":"01127"},{"arcs":[[8879,-8878,-1496,8880,-4168,-4031,-3632]],"type":"Polygon","properties":{"geoid":"01125","name":"Tuscaloosa"},"id":"01125"},{"arcs":[[-4346,-3716,-7362,-2026,-8636]],"type":"Polygon","properties":{"geoid":"27149","name":"Stevens"},"id":"27149"},{"arcs":[[-3866,-3409,-1935,-3691,-3683]],"type":"Polygon","properties":{"geoid":"04017","name":"Navajo"},"id":"04017"},{"arcs":[[-4122,8881,8882,-7986,8883,8884,-7305,-7621]],"type":"Polygon","properties":{"geoid":"40007","name":"Beaver"},"id":"40007"},{"arcs":[[8885,8886,-7358,-8551,8887,-5144]],"type":"Polygon","properties":{"geoid":"29127","name":"Marion"},"id":"29127"},{"arcs":[[-3493,8888,-4930,-2804,-2797,8889]],"type":"Polygon","properties":{"geoid":"09003","name":"Hartford"},"id":"09003"},{"arcs":[[8890,-5573,8891,-8217]],"type":"Polygon","properties":{"geoid":"46101","name":"Moody"},"id":"46101"},{"arcs":[[-6340,-4326,-7893,8892,-7916,-1990,-3780,-6446]],"type":"Polygon","properties":{"geoid":"46031","name":"Corson"},"id":"46031"},{"arcs":[[-5507,8893,-5569,-3718,-8656,8894,-5396,-3747,8895]],"type":"Polygon","properties":{"geoid":"27007","name":"Beltrami"},"id":"27007"},{"arcs":[[-8628,-8704,-2773,-1537,-4597,8896]],"type":"Polygon","properties":{"geoid":"08021","name":"Conejos"},"id":"08021"},{"arcs":[[8897,-6596,8898,-8375,8899,-6777]],"type":"Polygon","properties":{"geoid":"17203","name":"Woodford"},"id":"17203"},{"arcs":[[-6778,-8900,-8379,-8855,-3438,8900]],"type":"Polygon","properties":{"geoid":"17179","name":"Tazewell"},"id":"17179"},{"arcs":[[8901,8902,8903,-8269,-6532,-4908,-6588]],"type":"Polygon","properties":{"geoid":"17023","name":"Clark"},"id":"17023"},{"arcs":[[8904,8905,-576,-5873,-7874]],"type":"Polygon","properties":{"geoid":"12011","name":"Broward"},"id":"12011"},{"arcs":[[-8450,-5726,-639,-626,8906,8907]],"type":"Polygon","properties":{"geoid":"42011","name":"Berks"},"id":"42011"},{"arcs":[[8908,-5916,-5589,-8531,-8463,-6640,8909]],"type":"Polygon","properties":{"geoid":"39061","name":"Hamilton"},"id":"39061"},{"arcs":[[-2280,-2262,-5736,-2947,-5938,8910,-8047]],"type":"Polygon","properties":{"geoid":"48293","name":"Limestone"},"id":"48293"},{"arcs":[[8911,8912,-6645,-7463]],"type":"Polygon","properties":{"geoid":"18115","name":"Ohio"},"id":"18115"},{"arcs":[[-1394,8913,8914,-6604,-6667,-8838]],"type":"Polygon","properties":{"geoid":"18085","name":"Kosciusko"},"id":"18085"},{"arcs":[[-6669,8915,-5471,-2847,-8839]],"type":"Polygon","properties":{"geoid":"18103","name":"Miami"},"id":"18103"},{"arcs":[[8916,-5921,-8384,8917,-7459]],"type":"Polygon","properties":{"geoid":"18001","name":"Adams"},"id":"18001"},{"arcs":[[8918,-6623,-8089,-7133,-6485]],"type":"Polygon","properties":{"geoid":"01017","name":"Chambers"},"id":"01017"},{"arcs":[[-7476,-5529,8919,8920,-8800,8921]],"type":"Polygon","properties":{"geoid":"01059","name":"Franklin"},"id":"01059"},{"arcs":[[-8904,8922,8923,-6630,-1387,-8270]],"type":"Polygon","properties":{"geoid":"18153","name":"Sullivan"},"id":"18153"},{"arcs":[[-6830,8924,8925,8926,8927,8928,-8728]],"type":"Polygon","properties":{"geoid":"18107","name":"Montgomery"},"id":"18107"},{"arcs":[[-7517,8929,-6825,-7406,-8850]],"type":"Polygon","properties":{"geoid":"19189","name":"Winnebago"},"id":"19189"},{"arcs":[[-4204,-8851,-7175,-977]],"type":"Polygon","properties":{"geoid":"19147","name":"Palo Alto"},"id":"19147"},{"arcs":[[-8829,-1361,8930,8931,8932]],"type":"Polygon","properties":{"geoid":"18117","name":"Orange"},"id":"18117"},{"arcs":[[8933,8934,8935,-8730,-7215]],"type":"Polygon","properties":{"geoid":"19039","name":"Clarke"},"id":"19039"},{"arcs":[[-6944,8936,-8768,-8748]],"type":"Polygon","properties":{"geoid":"19093","name":"Ida"},"id":"19093"},{"arcs":[[8937,-6785,-1374,-6899]],"type":"Polygon","properties":{"geoid":"17005","name":"Bond"},"id":"17005"},{"arcs":[[-314,-5157,-3674,-3230,8938,-3242]],"type":"Polygon","properties":{"geoid":"33003","name":"Carroll"},"id":"33003"},{"arcs":[[-405,-6218,-333,-8358,-398]],"type":"Polygon","properties":{"geoid":"29089","name":"Howard"},"id":"29089"},{"arcs":[[8939,-5690,8940,-6420,-4005,8941]],"type":"Polygon","properties":{"geoid":"35053","name":"Socorro"},"id":"35053"},{"arcs":[[8942,-5228,8943,-3767,-2003]],"type":"Polygon","properties":{"geoid":"48269","name":"King"},"id":"48269"},{"arcs":[[8944,-8865,-6586,-7277,-8718,8945]],"type":"Polygon","properties":{"geoid":"17177","name":"Stephenson"},"id":"17177"},{"arcs":[[-2895,-7460,-8918,-8386,-8315,-7018,8946]],"type":"Polygon","properties":{"geoid":"18075","name":"Jay"},"id":"18075"},{"arcs":[[-8268,-8693,8947,-8902,-6587,-5749]],"type":"Polygon","properties":{"geoid":"17045","name":"Edgar"},"id":"17045"},{"arcs":[[-4635,-8249,-4633,-82,-8176,-8080,-6248,-2530]],"type":"Polygon","properties":{"geoid":"37033","name":"Caswell"},"id":"37033"},{"arcs":[[-8684,-6526,8948,8949,-8871,8950,-2666]],"type":"Polygon","properties":{"geoid":"35041","name":"Roosevelt"},"id":"35041"},{"arcs":[[-7103,-7339,-8650,8951,-6809]],"type":"Polygon","properties":{"geoid":"19079","name":"Hamilton"},"id":"19079"},{"arcs":[[-5528,-8688,-8874,-8778,-5653,8952,-8920]],"type":"Polygon","properties":{"geoid":"01079","name":"Lawrence"},"id":"01079"},{"arcs":[[-8881,-1495,-5818,-7046,-8859,-4169]],"type":"Polygon","properties":{"geoid":"01007","name":"Bibb"},"id":"01007"},{"arcs":[[-4330,-1463,-4261,-4155,-4136,-8861,-4565,-4515,-8847]],"type":"Polygon","properties":{"geoid":"32007","name":"Elko"},"id":"32007"},{"arcs":[[-8863,8953,-5582,-6408,8954,-5685,-1522,8955]],"type":"Polygon","properties":{"geoid":"32017","name":"Lincoln"},"id":"32017"},{"arcs":[[-4520,-4517,-4567,-8864,-8956,-1525,-1261,-6503,-3627]],"type":"Polygon","properties":{"geoid":"32023","name":"Nye"},"id":"32023"},{"arcs":[[8956,-6753,-8833,-8732,-8836]],"type":"Polygon","properties":{"geoid":"19101","name":"Jefferson"},"id":"19101"},{"arcs":[[8957,-7537,8958,8959,8960,-1137,-7532]],"type":"Polygon","properties":{"geoid":"55127","name":"Walworth"},"id":"55127"},{"arcs":[[-8808,8961,8962,-2775,8963]],"type":"Polygon","properties":{"geoid":"08089","name":"Otero"},"id":"08089"},{"arcs":[[-2778,8964,8965,-6003,-7645,-8683,-972,-3629]],"type":"Polygon","properties":{"geoid":"35059","name":"Union"},"id":"35059"},{"arcs":[[-4007,-6419,8966,-3640,8967,-1795,-2263,-6505]],"type":"Polygon","properties":{"geoid":"35035","name":"Otero"},"id":"35035"},{"arcs":[[8968,8969,-5026,-7586,8970]],"type":"Polygon","properties":{"geoid":"50023","name":"Washington"},"id":"50023"},{"arcs":[[-8294,8971,-2094,8972,-7750]],"type":"Polygon","properties":{"geoid":"54069","name":"Ohio"},"id":"54069"},{"arcs":[[-1883,-1806,8973,8974,-7486,-2746,-8502]],"type":"Polygon","properties":{"geoid":"47177","name":"Warren"},"id":"47177"},{"arcs":[[8975,8976,-2755,-4502,-5790,-7617]],"type":"Polygon","properties":{"geoid":"47131","name":"Obion"},"id":"47131"},{"arcs":[[8977,-1938,8978,-7259,8979,-7628]],"type":"Polygon","properties":{"geoid":"04003","name":"Cochise"},"id":"04003"},{"arcs":[[8980,-3125,-8229,-8707,-2201,-6591]],"type":"Polygon","properties":{"geoid":"40001","name":"Adair"},"id":"40001"},{"arcs":[[-3408,8981,-4015,-7256,-8979,-1937]],"type":"Polygon","properties":{"geoid":"04011","name":"Greenlee"},"id":"04011"},{"arcs":[[-905,8982,-8946,-8717,8983,-7404]],"type":"Polygon","properties":{"geoid":"17085","name":"Jo Daviess"},"id":"17085"},{"arcs":[[-5971,8984,-4945,8985,8986]],"type":"Polygon","properties":{"geoid":"41071","name":"Yamhill"},"id":"41071"},{"arcs":[[-3895,-911,-6521,-2147,8987,-3897]],"type":"Polygon","properties":{"geoid":"53069","name":"Wahkiakum"},"id":"53069"},{"arcs":[[8988,8989,-7593]],"type":"Polygon","properties":{"geoid":"55078","name":"Menominee"},"id":"55078"},{"arcs":[[8990,8991,-6349,-1016,-7526,8992,-6427]],"type":"Polygon","properties":{"geoid":"20125","name":"Montgomery"},"id":"20125"},{"arcs":[[8993,8994,8995,-7247,-8128]],"type":"Polygon","properties":{"geoid":"20059","name":"Franklin"},"id":"20059"},{"arcs":[[-8024,-6438,-7932,-8012,-6356,-7442]],"type":"Polygon","properties":{"geoid":"20115","name":"Marion"},"id":"20115"},{"arcs":[[-6530,-7092,-8710,-6624,-8919,-6484,8996]],"type":"Polygon","properties":{"geoid":"01111","name":"Randolph"},"id":"01111"},{"arcs":[[8997,-7393,8998,8999,-4318,9000]],"type":"Polygon","properties":{"geoid":"38013","name":"Burke"},"id":"38013"},{"arcs":[[-4039,-4685,-4976,-3368]],"type":"Polygon","properties":{"geoid":"02068","name":"Denali"},"id":"02068"},{"arcs":[[-7316,9001,9002,9003,-7383,9004]],"type":"Polygon","properties":{"geoid":"55017","name":"Chippewa"},"id":"55017"},{"arcs":[[9005,-3925,-4082,9006,-7378,9007,9008,9009]],"type":"Polygon","properties":{"geoid":"55099","name":"Price"},"id":"55099"},{"arcs":[[9010,-7538,-8958,-7531,-7710]],"type":"Polygon","properties":{"geoid":"55055","name":"Jefferson"},"id":"55055"},{"arcs":[[-1423,-7156,-4028,-4239,-8846,-5535,9011]],"type":"Polygon","properties":{"geoid":"41025","name":"Harney"},"id":"41025"},{"arcs":[[9012,-6870,-8509,-7845,-1006,-5520,9013]],"type":"Polygon","properties":{"geoid":"40069","name":"Johnston"},"id":"40069"},{"arcs":[[9014,-384,-8701,9015]],"type":"Polygon","properties":{"geoid":"16021","name":"Boundary"},"id":"16021"},{"arcs":[[9016,-1787,9017,-8430]],"type":"Polygon","properties":{"geoid":"36093","name":"Schenectady"},"id":"36093"},{"arcs":[[-6418,-2667,-8951,-8870,-3635,-8967]],"type":"Polygon","properties":{"geoid":"35005","name":"Chaves"},"id":"35005"},{"arcs":[[9018,9019,9020,-5416,-6417,-8941,-5689]],"type":"Polygon","properties":{"geoid":"35057","name":"Torrance"},"id":"35057"},{"arcs":[[-4018,-6459,-4339,-745,-2579]],"type":"Polygon","properties":{"geoid":"48127","name":"Dimmit"},"id":"48127"},{"arcs":[[-5931,-4571,9021,-5229,-8943,-2233]],"type":"Polygon","properties":{"geoid":"48101","name":"Cottle"},"id":"48101"},{"arcs":[[-3736,-1971,-8663,-8824,9022,-5571]],"type":"Polygon","properties":{"geoid":"27101","name":"Murray"},"id":"27101"},{"arcs":[[9023,-5508,-8896,-3746,-3752]],"type":"Polygon","properties":{"geoid":"27135","name":"Roseau"},"id":"27135"},{"arcs":[[-7642,-2743,-5151,9024,-7490,-7323]],"type":"Polygon","properties":{"geoid":"47039","name":"Decatur"},"id":"47039"},{"arcs":[[-8950,9025,9026,-3577,-8872]],"type":"Polygon","properties":{"geoid":"48079","name":"Cochran"},"id":"48079"},{"arcs":[[9027,-8057,9028,-6688,-8437,-5565]],"type":"Polygon","properties":{"geoid":"46135","name":"Yankton"},"id":"46135"},{"arcs":[[-6475,-8601,-3620,-4937,9029,9030,9031]],"type":"Polygon","properties":{"geoid":"28153","name":"Wayne"},"id":"28153"},{"arcs":[[-3537,9032,9033,9034,-6855,-3507]],"type":"Polygon","properties":{"geoid":"28127","name":"Simpson"},"id":"28127"},{"arcs":[[-5553,9035,-8932,9036,-4052,-3667,-6942,-2899]],"type":"Polygon","properties":{"geoid":"18037","name":"Dubois"},"id":"18037"},{"arcs":[[-8895,-8659,9037,-1974,-4608,-5397]],"type":"Polygon","properties":{"geoid":"27029","name":"Clearwater"},"id":"27029"},{"arcs":[[9038,-8752,-8696,9039,-6750,-6794]],"type":"Polygon","properties":{"geoid":"19103","name":"Johnson"},"id":"19103"},{"arcs":[[-6810,-8952,-8652,-7207,-8648,9040]],"type":"Polygon","properties":{"geoid":"19015","name":"Boone"},"id":"19015"},{"arcs":[[-7471,-6796,9041,-5514,-8672]],"type":"Polygon","properties":{"geoid":"19157","name":"Poweshiek"},"id":"19157"},{"arcs":[[9042,-7341,-6613,-1403,-8936]],"type":"Polygon","properties":{"geoid":"19117","name":"Lucas"},"id":"19117"},{"arcs":[[9043,9044,-7174,-4125,9045,-8055]],"type":"Polygon","properties":{"geoid":"46083","name":"Lincoln"},"id":"46083"},{"arcs":[[9046,-2896,-8947,-7021,9047,9048]],"type":"Polygon","properties":{"geoid":"18035","name":"Delaware"},"id":"18035"},{"arcs":[[-7169,9049,9050,-8667,9051,9052]],"type":"Polygon","properties":{"geoid":"18057","name":"Hamilton"},"id":"18057"},{"arcs":[[-6595,-8608,-8194,-6903,-8376,-8899]],"type":"Polygon","properties":{"geoid":"17105","name":"Livingston"},"id":"17105"},{"arcs":[[-7985,-7857,-8639,-8791,-5009,9053,-8884]],"type":"Polygon","properties":{"geoid":"40045","name":"Ellis"},"id":"40045"},{"arcs":[[-5941,-2312,-2005,-3857,9054,-6049]],"type":"Polygon","properties":{"geoid":"48285","name":"Lavaca"},"id":"48285"},{"arcs":[[9055,9056,-7472,-4941,-7337]],"type":"Polygon","properties":{"geoid":"19075","name":"Grundy"},"id":"19075"},{"arcs":[[-4290,-4249,-5082,-958]],"type":"Polygon","properties":{"geoid":"13125","name":"Glascock"},"id":"13125"},{"arcs":[[-8397,-8372,-5264,-8373,9057,-7960,-2491]],"type":"Polygon","properties":{"geoid":"13085","name":"Dawson"},"id":"13085"},{"arcs":[[-4780,-2850,9058,-6827,-5803,-6835]],"type":"Polygon","properties":{"geoid":"18181","name":"White"},"id":"18181"},{"arcs":[[9059,-7069,-6665,-1363,9060]],"type":"Polygon","properties":{"geoid":"18091","name":"LaPorte"},"id":"18091"},{"arcs":[[-8584,-6726,-3549,-7343,-5648,-5330]],"type":"Polygon","properties":{"geoid":"36037","name":"Genesee"},"id":"36037"},{"arcs":[[-7691,-7694,-692,-8004,-6873,9061]],"type":"Polygon","properties":{"geoid":"42115","name":"Susquehanna"},"id":"42115"},{"arcs":[[9062,-7496,9063,-2893,9064,-7294,-6545]],"type":"Polygon","properties":{"geoid":"17191","name":"Wayne"},"id":"17191"},{"arcs":[[-2854,-5990,9065,-8621,-2873]],"type":"Polygon","properties":{"geoid":"18161","name":"Union"},"id":"18161"},{"arcs":[[9066,-8724,9067,9068,-8914,-1393,-6664]],"type":"Polygon","properties":{"geoid":"18039","name":"Elkhart"},"id":"18039"},{"arcs":[[-5189,-4002,-3984,-4264,-7649,-6880,-7024]],"type":"Polygon","properties":{"geoid":"16045","name":"Gem"},"id":"16045"},{"arcs":[[-5288,-4827,-2563,-2557,-5735,-22]],"type":"Polygon","properties":{"geoid":"48159","name":"Franklin"},"id":"48159"},{"arcs":[[-8817,-2347,-811,-14,-7811,-7907]],"type":"Polygon","properties":{"geoid":"48249","name":"Jim Wells"},"id":"48249"},{"arcs":[[-7397,9069,-4309,9070,-8999]],"type":"Polygon","properties":{"geoid":"38101","name":"Ward"},"id":"38101"},{"arcs":[[9071,-4540,-6339,-8009]],"type":"Polygon","properties":{"geoid":"38041","name":"Hettinger"},"id":"38041"},{"arcs":[[9072,9073,-4538,-4541,-9072,-8008,-8202]],"type":"Polygon","properties":{"geoid":"38089","name":"Stark"},"id":"38089"},{"arcs":[[-7888,9074,-5422,9075,-7547,9076]],"type":"Polygon","properties":{"geoid":"38003","name":"Barnes"},"id":"38003"},{"arcs":[[-8401,-8044,-6672,-5904,-6876,-4090,9077]],"type":"Polygon","properties":{"geoid":"40015","name":"Caddo"},"id":"40015"},{"arcs":[[-2737,-1819,-7457,-4670,-4890,-2762]],"type":"Polygon","properties":{"geoid":"47011","name":"Bradley"},"id":"47011"},{"arcs":[[-6415,-7997,9078,-5187,9079,9080,9081]],"type":"Polygon","properties":{"geoid":"16019","name":"Bonneville"},"id":"16019"},{"arcs":[[[-8069,9082,-8976,-7616,9083]],[[-7614,9084]]],"type":"MultiPolygon","properties":{"geoid":"21075","name":"Fulton"},"id":"21075"},{"arcs":[[-5161,9085,-4030,-7155,-2176,-4952]],"type":"Polygon","properties":{"geoid":"41069","name":"Wheeler"},"id":"41069"},{"arcs":[[9086,-4255]],"type":"Polygon","properties":{"geoid":"15005","name":"Kalawao"},"id":"15005"},{"arcs":[[-8031,-7099,9087,-6327,-8065]],"type":"Polygon","properties":{"geoid":"29227","name":"Worth"},"id":"29227"},{"arcs":[[9088,-5479,9089,-7014,-4197,-8770]],"type":"Polygon","properties":{"geoid":"19027","name":"Carroll"},"id":"19027"},{"arcs":[[-7653,-7164,-7698,-2716,-7367,9090]],"type":"Polygon","properties":{"geoid":"27025","name":"Chisago"},"id":"27025"},{"arcs":[[9091,9092,-6972,-7272,-7552,9093]],"type":"Polygon","properties":{"geoid":"27109","name":"Olmsted"},"id":"27109"},{"arcs":[[9094,-5201,-1966,9095,-7515,-4714]],"type":"Polygon","properties":{"geoid":"27161","name":"Waseca"},"id":"27161"},{"arcs":[[-5200,9096,-9092,9097,-1963]],"type":"Polygon","properties":{"geoid":"27039","name":"Dodge"},"id":"27039"},{"arcs":[[9098,9099,9100,-8971,-7585,-1591,-8298]],"type":"Polygon","properties":{"geoid":"50007","name":"Chittenden"},"id":"50007"},{"arcs":[[9101,-7587,-3869,-6405,9102,-5579]],"type":"Polygon","properties":{"geoid":"49041","name":"Sevier"},"id":"49041"},{"arcs":[[9103,-5101,9104,-7251,9105,9106]],"type":"Polygon","properties":{"geoid":"20047","name":"Edwards"},"id":"20047"},{"arcs":[[-7448,9107,-6350,-8992,9108]],"type":"Polygon","properties":{"geoid":"20205","name":"Wilson"},"id":"20205"},{"arcs":[[-5706,-1763,-3533,-4493]],"type":"Polygon","properties":{"geoid":"28125","name":"Sharkey"},"id":"28125"},{"arcs":[[-8931,-1360,-5020,-7422,-4053,-9037]],"type":"Polygon","properties":{"geoid":"18025","name":"Crawford"},"id":"18025"},{"arcs":[[-8702,-5080,-7498,-7275]],"type":"Polygon","properties":{"geoid":"16055","name":"Kootenai"},"id":"16055"},{"arcs":[[-8862,-5153,-7588,-9102,-5578,-8954]],"type":"Polygon","properties":{"geoid":"49027","name":"Millard"},"id":"49027"},{"arcs":[[-7838,-7677,9109,-3762,-8053]],"type":"Polygon","properties":{"geoid":"46035","name":"Davison"},"id":"46035"},{"arcs":[[-1229,-3949,-931,9110,-7591,-7375,9111]],"type":"Polygon","properties":{"geoid":"55041","name":"Forest"},"id":"55041"},{"arcs":[[-918,-954,-7626,-7655]],"type":"Polygon","properties":{"geoid":"53003","name":"Asotin"},"id":"53003"},{"arcs":[[-6445,-8159,-7803,-6194,-7483,-1012,-6348]],"type":"Polygon","properties":{"geoid":"20037","name":"Crawford"},"id":"20037"},{"arcs":[[-8355,9112,9113,-6367,-5701,-7993,9114]],"type":"Polygon","properties":{"geoid":"20089","name":"Jewell"},"id":"20089"},{"arcs":[[9115,-8928,9116,9117,9118,9119]],"type":"Polygon","properties":{"geoid":"18133","name":"Putnam"},"id":"18133"},{"arcs":[[-9051,9120,9121,-5646,9122,-8668]],"type":"Polygon","properties":{"geoid":"18059","name":"Hancock"},"id":"18059"},{"arcs":[[-9042,-6795,-6754,-8957,-8835,-5515]],"type":"Polygon","properties":{"geoid":"19107","name":"Keokuk"},"id":"19107"},{"arcs":[[9123,9124,9125,-7178]],"type":"Polygon","properties":{"geoid":"19067","name":"Floyd"},"id":"19067"},{"arcs":[[9126,9127,-2041,-936,-5812,-7820]],"type":"Polygon","properties":{"geoid":"13091","name":"Dodge"},"id":"13091"},{"arcs":[[-4158,-6183,9128,-3471,9129]],"type":"Polygon","properties":{"geoid":"50025","name":"Windham"},"id":"50025"},{"arcs":[[9130,-7597,-5180,-900,-8641,-4059,-6637,9131]],"type":"Polygon","properties":{"geoid":"55123","name":"Vernon"},"id":"55123"},{"arcs":[[-4575,-7813,-5993,-5,-6060,-2702]],"type":"Polygon","properties":{"geoid":"48431","name":"Sterling"},"id":"48431"},{"arcs":[[-7714,9132,9133,9134,9135,-7183]],"type":"Polygon","properties":{"geoid":"55015","name":"Calumet"},"id":"55015"},{"arcs":[[9136,-7185,9137,9138,-8086,-7632]],"type":"Polygon","properties":{"geoid":"55047","name":"Green Lake"},"id":"55047"},{"arcs":[[9139,-9080,-5186,-5055,-7320,-4705,-5014,-5039]],"type":"Polygon","properties":{"geoid":"56023","name":"Lincoln"},"id":"56023"},{"arcs":[[-410,-8198,-1004,-7432,9140,-5060]],"type":"Polygon","properties":{"geoid":"56005","name":"Campbell"},"id":"56005"},{"arcs":[[-8723,-8814,-7146,9141,-9068]],"type":"Polygon","properties":{"geoid":"18087","name":"LaGrange"},"id":"18087"},{"arcs":[[9142,-8670,-8030,9143,-6631,9144,-9118]],"type":"Polygon","properties":{"geoid":"18109","name":"Morgan"},"id":"18109"},{"arcs":[[-858,-3951,-7966,-7627,-1445,-4025,9145]],"type":"Polygon","properties":{"geoid":"41059","name":"Umatilla"},"id":"41059"},{"arcs":[[-1906,9146,-6661,9147,9148,-1740,-1745]],"type":"Polygon","properties":{"geoid":"28093","name":"Marshall"},"id":"28093"},{"arcs":[[-5925,-7909,-3841,-2,-5992]],"type":"Polygon","properties":{"geoid":"48353","name":"Nolan"},"id":"48353"},{"arcs":[[-2004,-3771,-5923,-7809,-7806]],"type":"Polygon","properties":{"geoid":"48263","name":"Kent"},"id":"48263"},{"arcs":[[9149,9150,-9099,-8297]],"type":"Polygon","properties":{"geoid":"50013","name":"Grand Isle"},"id":"50013"},{"arcs":[[-3698,9151]],"type":"Polygon","properties":{"geoid":"53009","name":"Clallam"},"id":"53009"},{"arcs":[[-6713,9152,-5419,-869,-7571,9153,9154]],"type":"Polygon","properties":{"geoid":"54107","name":"Wood"},"id":"54107"},{"arcs":[[-8843,-8675,-6963,-7111,-9125]],"type":"Polygon","properties":{"geoid":"19037","name":"Chickasaw"},"id":"19037"},{"arcs":[[-9076,-5421,-4529,-7894,9155,-7548]],"type":"Polygon","properties":{"geoid":"38073","name":"Ransom"},"id":"38073"},{"arcs":[[9156,9157,-4546,-7542,-7539,-4311]],"type":"Polygon","properties":{"geoid":"38083","name":"Sheridan"},"id":"38083"},{"arcs":[[9158,-7549,-9156,-7896,9159,-8743]],"type":"Polygon","properties":{"geoid":"38021","name":"Dickey"},"id":"38021"},{"arcs":[[9160,-7401,9161,9162]],"type":"Polygon","properties":{"geoid":"38079","name":"Rolette"},"id":"38079"},{"arcs":[[9163,-4730,-2205,-4223,-1412,-7903]],"type":"Polygon","properties":{"geoid":"40061","name":"Haskell"},"id":"40061"},{"arcs":[[9164,9165,-8969,-9101,9166]],"type":"Polygon","properties":{"geoid":"50015","name":"Lamoille"},"id":"50015"},{"arcs":[[9167,9168,-7523,-7983,-8883,9169]],"type":"Polygon","properties":{"geoid":"20025","name":"Clark"},"id":"20025"},{"arcs":[[-9066,-5989,9170,-5917,-8909,-8622]],"type":"Polygon","properties":{"geoid":"39017","name":"Butler"},"id":"39017"},{"arcs":[[-1488,-4281,-1068,-4145,-4154,-4260]],"type":"Polygon","properties":{"geoid":"16071","name":"Oneida"},"id":"16071"},{"arcs":[[-965,9171,9172,9173]],"type":"Polygon","properties":{"geoid":"13201","name":"Miller"},"id":"13201"},{"arcs":[[-8837,-8736,9174,-427,-7288]],"type":"Polygon","properties":{"geoid":"19051","name":"Davis"},"id":"19051"},{"arcs":[[-1582,9175]],"type":"Polygon","properties":{"geoid":"02060","name":"Bristol Bay"},"id":"02060"},{"arcs":[[-8056,-9046,-4131,-6073,-6689,-9029]],"type":"Polygon","properties":{"geoid":"46027","name":"Clay"},"id":"46027"},{"arcs":[[9176,-7706,-7965,-4070,-5179,-8868]],"type":"Polygon","properties":{"geoid":"55141","name":"Wood"},"id":"55141"},{"arcs":[[-7002,-883,-3703,-3774,-5196]],"type":"Polygon","properties":{"geoid":"21019","name":"Boyd"},"id":"21019"},{"arcs":[[-7521,-6374,9177,9178,-7854,-7984]],"type":"Polygon","properties":{"geoid":"40151","name":"Woods"},"id":"40151"},{"arcs":[[-8709,-8187,9179,9180,9181,-989]],"type":"Polygon","properties":{"geoid":"13061","name":"Clay"},"id":"13061"},{"arcs":[[9182,-7622,-6443,-7975,-6001]],"type":"Polygon","properties":{"geoid":"48421","name":"Sherman"},"id":"48421"},{"arcs":[[-7403,-4023,-5936,-7300,-2548,-4358]],"type":"Polygon","properties":{"geoid":"48319","name":"Mason"},"id":"48319"},{"arcs":[[-7449,-9109,-8991,-6426,9183,-8013]],"type":"Polygon","properties":{"geoid":"20049","name":"Elk"},"id":"20049"},{"arcs":[[-8996,-6433,-6368,-7248]],"type":"Polygon","properties":{"geoid":"20003","name":"Anderson"},"id":"20003"},{"arcs":[[-4583,-4166,9184,9185,-4106,9186,-2694]],"type":"Polygon","properties":{"geoid":"20055","name":"Finney"},"id":"20055"},{"arcs":[[-8330,-2686,-2696,9187,-7129]],"type":"Polygon","properties":{"geoid":"20075","name":"Hamilton"},"id":"20075"},{"arcs":[[9188,-4114,9189,-6434,-8023]],"type":"Polygon","properties":{"geoid":"20061","name":"Geary"},"id":"20061"},{"arcs":[[9190,9191,-8021,-4581,-2683,-7787]],"type":"Polygon","properties":{"geoid":"20109","name":"Logan"},"id":"20109"},{"arcs":[[-6366,-7243,-4115,-9189,-8022,-4551]],"type":"Polygon","properties":{"geoid":"20027","name":"Clay"},"id":"20027"},{"arcs":[[-8010,-6343,-8828,-8820]],"type":"Polygon","properties":{"geoid":"38011","name":"Bowman"},"id":"38011"},{"arcs":[[-8164,-8050,-6039,-5957,9192,9193]],"type":"Polygon","properties":{"geoid":"48121","name":"Denton"},"id":"48121"},{"arcs":[[-6038,9194,-6040,-5959]],"type":"Polygon","properties":{"geoid":"48397","name":"Rockwall"},"id":"48397"},{"arcs":[[-7317,-9005,-7387,9195,-7601,-7733]],"type":"Polygon","properties":{"geoid":"55033","name":"Dunn"},"id":"55033"},{"arcs":[[-9135,9196,9197,-8664,-7635,9198]],"type":"Polygon","properties":{"geoid":"55117","name":"Sheboygan"},"id":"55117"},{"arcs":[[9199,-7715,-7181,9200,-7963]],"type":"Polygon","properties":{"geoid":"55135","name":"Waupaca"},"id":"55135"},{"arcs":[[-5227,-4710,9201,-8944]],"type":"Polygon","properties":{"geoid":"48275","name":"Knox"},"id":"48275"},{"arcs":[[-2849,-5475,9202,-6828,-9059]],"type":"Polygon","properties":{"geoid":"18015","name":"Carroll"},"id":"18015"},{"arcs":[[-8669,-9123,-5645,-6605,9203,-8027]],"type":"Polygon","properties":{"geoid":"18145","name":"Shelby"},"id":"18145"},{"arcs":[[-6878,9204,-4088,-7833,-7772,-4955]],"type":"Polygon","properties":{"geoid":"40033","name":"Cotton"},"id":"40033"},{"arcs":[[9205,9206,-6709,9207,-8492]],"type":"Polygon","properties":{"geoid":"39175","name":"Wyandot"},"id":"39175"},{"arcs":[[-3546,9208,9209,-8472]],"type":"Polygon","properties":{"geoid":"28119","name":"Quitman"},"id":"28119"},{"arcs":[[-3721,-7373,9210,-5707]],"type":"Polygon","properties":{"geoid":"27035","name":"Crow Wing"},"id":"27035"},{"arcs":[[-7371,-7654,9211,9212]],"type":"Polygon","properties":{"geoid":"27065","name":"Kanabec"},"id":"27065"},{"arcs":[[-8806,-8654,-5203,-3712,-4345]],"type":"Polygon","properties":{"geoid":"27041","name":"Douglas"},"id":"27041"},{"arcs":[[9213,-8657,-3724,-8653,-8805]],"type":"Polygon","properties":{"geoid":"27159","name":"Wadena"},"id":"27159"},{"arcs":[[-4081,-4926,-1230,-9112,-7374,-9007]],"type":"Polygon","properties":{"geoid":"55125","name":"Vilas"},"id":"55125"},{"arcs":[[-7602,-9196,-7386,-5059,-6970,9214]],"type":"Polygon","properties":{"geoid":"55091","name":"Pepin"},"id":"55091"},{"arcs":[[-7964,-9201,-7186,-9137,-7631,-4072]],"type":"Polygon","properties":{"geoid":"55137","name":"Waushara"},"id":"55137"},{"arcs":[[-5893,9215,-9014,-5519,-8759,-4084,9216]],"type":"Polygon","properties":{"geoid":"40019","name":"Carter"},"id":"40019"},{"arcs":[[-8754,9217,9218,-7421,-7260,-7022,-1357]],"type":"Polygon","properties":{"geoid":"18019","name":"Clark"},"id":"18019"},{"arcs":[[-6829,-9203,-5474,-7170,-9053,9219,-8925]],"type":"Polygon","properties":{"geoid":"18023","name":"Clinton"},"id":"18023"},{"arcs":[[9220,-7647,-7852,9221,-7900,9222]],"type":"Polygon","properties":{"geoid":"40083","name":"Logan"},"id":"40083"},{"arcs":[[9223,-8986,-4948,-4240,-1427,9224]],"type":"Polygon","properties":{"geoid":"41053","name":"Polk"},"id":"41053"},{"arcs":[[-8490,9225,-9206,-8491,-5849,-6853]],"type":"Polygon","properties":{"geoid":"39063","name":"Hancock"},"id":"39063"},{"arcs":[[9226,-9154,-7570,-3940,-830,-7558,9227]],"type":"Polygon","properties":{"geoid":"54035","name":"Jackson"},"id":"54035"},{"arcs":[[-4629,-5127,-7409,-7205,-7408,-879]],"type":"Polygon","properties":{"geoid":"54061","name":"Monongalia"},"id":"54061"},{"arcs":[[-9000,-9071,-4316,9228,-4610,-4319]],"type":"Polygon","properties":{"geoid":"38061","name":"Mountrail"},"id":"38061"},{"arcs":[[-7391,-5086,-1031,-5420,-9075,-7887]],"type":"Polygon","properties":{"geoid":"38091","name":"Steele"},"id":"38091"},{"arcs":[[-7544,9229,-7551,9230,-7890]],"type":"Polygon","properties":{"geoid":"38047","name":"Logan"},"id":"38047"},{"arcs":[[9231,-5884,-4731,-9164,-7902,-7879]],"type":"Polygon","properties":{"geoid":"40091","name":"McIntosh"},"id":"40091"},{"arcs":[[-8020,9232,9233,9234,-5103,9235,-9185,-4165]],"type":"Polygon","properties":{"geoid":"20135","name":"Ness"},"id":"20135"},{"arcs":[[-1534,-4600,9238,9239,9240,9241,9242]],"type":"Polygon","properties":{"geoid":"35043","name":"Sandoval"},"id":"35043"},{"arcs":[[9243,-9242,9244,-5691,-8940,9245,-3406]],"type":"Polygon","properties":{"geoid":"35006","name":"Cibola"},"id":"35006"},{"arcs":[[-5432,-7995,9246,9247,-9234,9248]],"type":"Polygon","properties":{"geoid":"20051","name":"Ellis"},"id":"20051"},{"arcs":[[-8181,-6932,-8272,-6527,-6478,-4294,-2819]],"type":"Polygon","properties":{"geoid":"01019","name":"Cherokee"},"id":"01019"},{"arcs":[[9249,9250,-7619,9251,9252]],"type":"Polygon","properties":{"geoid":"20129","name":"Morton"},"id":"20129"},{"arcs":[[-8537,9253,9254,-6989,-6985]],"type":"Polygon","properties":{"geoid":"20023","name":"Cheyenne"},"id":"20023"},{"arcs":[[9255,-6153,9256,-5429,9257,-8796]],"type":"Polygon","properties":{"geoid":"20147","name":"Phillips"},"id":"20147"},{"arcs":[[9258,-7982,-4352,9259,-4569,-8513]],"type":"Polygon","properties":{"geoid":"40057","name":"Harmon"},"id":"40057"},{"arcs":[[-8745,9260,9261,-7664,-7915]],"type":"Polygon","properties":{"geoid":"46045","name":"Edmunds"},"id":"46045"},{"arcs":[[-9262,9262,-7662,-8152,-7781,-7665]],"type":"Polygon","properties":{"geoid":"46049","name":"Faulk"},"id":"46049"},{"arcs":[[9263,-7784,-1982,-4354]],"type":"Polygon","properties":{"geoid":"46065","name":"Hughes"},"id":"46065"},{"arcs":[[-7563,-8798,9264,-8017,9265]],"type":"Polygon","properties":{"geoid":"20179","name":"Sheridan"},"id":"20179"},{"arcs":[[-6152,-8356,-9115,-7992,-5430,-9257]],"type":"Polygon","properties":{"geoid":"20183","name":"Smith"},"id":"20183"},{"arcs":[[9266,-5433,-9249,-9233,-8019]],"type":"Polygon","properties":{"geoid":"20195","name":"Trego"},"id":"20195"},{"arcs":[[-3299,9267,-8147,-1692]],"type":"Polygon","properties":{"geoid":"30021","name":"Dawson"},"id":"30021"},{"arcs":[[9268,-8292,-4429,-7988,9269]],"type":"Polygon","properties":{"geoid":"20209","name":"Wyandotte"},"id":"20209"},{"arcs":[[-9236,-5102,-9104,9270,-4102,-9186]],"type":"Polygon","properties":{"geoid":"20083","name":"Hodgeman"},"id":"20083"},{"arcs":[[-5572,-9023,-8827,9271,9272]],"type":"Polygon","properties":{"geoid":"27133","name":"Rock"},"id":"27133"},{"arcs":[[9273,-4716,-7519,-8849,-4202,9274]],"type":"Polygon","properties":{"geoid":"27091","name":"Martin"},"id":"27091"},{"arcs":[[-7372,-9213,9275,9276,9277,-5708,-9211]],"type":"Polygon","properties":{"geoid":"27095","name":"Mille Lacs"},"id":"27095"},{"arcs":[[-2714,-7218,-3708,-7368]],"type":"Polygon","properties":{"geoid":"27123","name":"Ramsey"},"id":"27123"},{"arcs":[[-7513,-7695,-5213,9278,-5394,-3728]],"type":"Polygon","properties":{"geoid":"27143","name":"Sibley"},"id":"27143"},{"arcs":[[-9096,-1965,9279,-6821,-8930,-7516]],"type":"Polygon","properties":{"geoid":"27047","name":"Freeborn"},"id":"27047"},{"arcs":[[9280,-9277,9281,-7369,-3706,-3739,-5207]],"type":"Polygon","properties":{"geoid":"27141","name":"Sherburne"},"id":"27141"},{"arcs":[[9282,-6819,-7005,9283,-5922,-8917,-7458,-2883,-6602]],"type":"Polygon","properties":{"geoid":"18003","name":"Allen"},"id":"18003"},{"arcs":[[9284,-7466,9285,9286,-9218,-8753,-6838]],"type":"Polygon","properties":{"geoid":"18077","name":"Jefferson"},"id":"18077"},{"arcs":[[-2699,-974,-8682,-5413,-9021,9287]],"type":"Polygon","properties":{"geoid":"35047","name":"San Miguel"},"id":"35047"},{"arcs":[[-9008,-7377,-7596,-7703,9288]],"type":"Polygon","properties":{"geoid":"55069","name":"Lincoln"},"id":"55069"},{"arcs":[[9289,-9162,-7400,-1037,-4542,-9158,9290]],"type":"Polygon","properties":{"geoid":"38069","name":"Pierce"},"id":"38069"},{"arcs":[[-7239,-7452,9291,-3100,-6138]],"type":"Polygon","properties":{"geoid":"31005","name":"Arthur"},"id":"31005"},{"arcs":[[-8968,-3639,-5141,-7928,-1796]],"type":"Polygon","properties":{"geoid":"48109","name":"Culberson"},"id":"48109"},{"arcs":[[-8661,9292,-9275,-4201,-2887,-8738,-8825]],"type":"Polygon","properties":{"geoid":"27063","name":"Jackson"},"id":"27063"},{"arcs":[[-7700,-2095,-8972,-8293]],"type":"Polygon","properties":{"geoid":"54009","name":"Brooke"},"id":"54009"},{"arcs":[[9293,-7738,9294,-9197,-9134]],"type":"Polygon","properties":{"geoid":"55071","name":"Manitowoc"},"id":"55071"},{"arcs":[[-847,-8869,-7598,-9131,9295,-7269]],"type":"Polygon","properties":{"geoid":"55063","name":"La Crosse"},"id":"55063"},{"arcs":[[9296,9297,-2443,9298,-8960]],"type":"Polygon","properties":{"geoid":"55059","name":"Kenosha"},"id":"55059"},{"arcs":[[-8772,9299,-7328,9300,-8522,9301]],"type":"Polygon","properties":{"geoid":"19085","name":"Harrison"},"id":"19085"},{"arcs":[[-4367,-5986,-8405,-4218,-5602]],"type":"Polygon","properties":{"geoid":"42087","name":"Mifflin"},"id":"42087"},{"arcs":[[-8408,9302,-5488,-8235,9303,-3824,-5984,9304,-5954]],"type":"Polygon","properties":{"geoid":"42081","name":"Lycoming"},"id":"42081"},{"arcs":[[-6716,-5834,9305,9306,-8496,9307,-6730]],"type":"Polygon","properties":{"geoid":"39141","name":"Ross"},"id":"39141"},{"arcs":[[-8162,-6463,-8380,-5755,-8310]],"type":"Polygon","properties":{"geoid":"48381","name":"Randall"},"id":"48381"},{"arcs":[[-6569,-2366,-6214,9308,-8212,9309]],"type":"Polygon","properties":{"geoid":"20043","name":"Doniphan"},"id":"20043"},{"arcs":[[-3776,-1668,-5675,-8813,9310,-7606,-6923]],"type":"Polygon","properties":{"geoid":"21047","name":"Christian"},"id":"21047"},{"arcs":[[9311,-7528,9312,-724,-715,-8277]],"type":"Polygon","properties":{"geoid":"40131","name":"Rogers"},"id":"40131"},{"arcs":[[-8632,-8412,-8331,-7127,9313,-8962,-8807]],"type":"Polygon","properties":{"geoid":"08061","name":"Kiowa"},"id":"08061"},{"arcs":[[-6534,-8271,-6401,-4742,-2890,-9064,-7495]],"type":"Polygon","properties":{"geoid":"17159","name":"Richland"},"id":"17159"},{"arcs":[[-8857,9314,-6502,-5633,-6934,-8188,-8486]],"type":"Polygon","properties":{"geoid":"17115","name":"Macon"},"id":"17115"},{"arcs":[[-7640,-7493,-6678,9315]],"type":"Polygon","properties":{"geoid":"47109","name":"McNairy"},"id":"47109"},{"arcs":[[-9040,-8698,9316,-8645,-8834,-6751]],"type":"Polygon","properties":{"geoid":"19115","name":"Louisa"},"id":"19115"},{"arcs":[[-8377,-6499,-9315,-8856]],"type":"Polygon","properties":{"geoid":"17039","name":"De Witt"},"id":"17039"},{"arcs":[[-7899,-6494,9317,-7412,-7265]],"type":"Polygon","properties":{"geoid":"17109","name":"McDonough"},"id":"17109"},{"arcs":[[9318,-7524,-5889,-7648,-9221,9319,9320]],"type":"Polygon","properties":{"geoid":"40047","name":"Garfield"},"id":"40047"},{"arcs":[[-6428,-8993,-7529,-9312,-8276,-2215]],"type":"Polygon","properties":{"geoid":"40147","name":"Washington"},"id":"40147"},{"arcs":[[-6315,-6394,-406,-365,-6207,-6404]],"type":"Polygon","properties":{"geoid":"29117","name":"Livingston"},"id":"29117"},{"arcs":[[9321,-475,-1130,-2423,-2393]],"type":"Polygon","properties":{"geoid":"37025","name":"Cabarrus"},"id":"37025"},{"arcs":[[-7751,-8973,-2101,-4630,-877,9322]],"type":"Polygon","properties":{"geoid":"54051","name":"Marshall"},"id":"54051"},{"arcs":[[-490,9323,-8616,-6491,-7898,-8646,-9317]],"type":"Polygon","properties":{"geoid":"17131","name":"Mercer"},"id":"17131"},{"arcs":[[[9324]],[[-5382,9325]],[[9326]],[[-5666,9327]]],"type":"MultiPolygon","properties":{"geoid":"02220","name":"Sitka"},"id":"02220"},{"arcs":[[9329,-9009,-9289,-7702,9330,-9003]],"type":"Polygon","properties":{"geoid":"55119","name":"Taylor"},"id":"55119"},{"arcs":[[-1519,-4966,-7065,-8860,-8755]],"type":"Polygon","properties":{"geoid":"01031","name":"Coffee"},"id":"01031"},{"arcs":[[-2748,-7488,-7346,-1293,-4306,9331,-3654]],"type":"Polygon","properties":{"geoid":"47051","name":"Franklin"},"id":"47051"},{"arcs":[[-8603,-6650,-6543,-6865,9332,-8597,-8594]],"type":"Polygon","properties":{"geoid":"28155","name":"Webster"},"id":"28155"},{"arcs":[[-6698,-6477,9333,9334,-9033,-3536]],"type":"Polygon","properties":{"geoid":"28129","name":"Smith"},"id":"28129"},{"arcs":[[-5121,-8123,-2194,-4824,-1473]],"type":"Polygon","properties":{"geoid":"45011","name":"Barnwell"},"id":"45011"},{"arcs":[[-7045,9335,9336,-4700,-5418,-9153,-6712]],"type":"Polygon","properties":{"geoid":"39167","name":"Washington"},"id":"39167"},{"arcs":[[-9025,-5150,-7290,9337,-8685,-7491]],"type":"Polygon","properties":{"geoid":"47181","name":"Wayne"},"id":"47181"},{"arcs":[[-7843,-8876,9338,-8891,-8216,-7680]],"type":"Polygon","properties":{"geoid":"46011","name":"Brookings"},"id":"46011"},{"arcs":[[-1535,-9243,-9244,-3405]],"type":"Polygon","properties":{"geoid":"35031","name":"McKinley"},"id":"35031"},{"arcs":[[9339,-6714,-9155,-9227,9340,-7741]],"type":"Polygon","properties":{"geoid":"39105","name":"Meigs"},"id":"39105"},{"arcs":[[-6725,-8508,9341,-8612,9342,-3551]],"type":"Polygon","properties":{"geoid":"36069","name":"Ontario"},"id":"36069"},{"arcs":[[-9318,-6493,-8618,-6779,-8901,-3437,-7413]],"type":"Polygon","properties":{"geoid":"17057","name":"Fulton"},"id":"17057"},{"arcs":[[-4761,-3147,-199,-4854,9343,-4863]],"type":"Polygon","properties":{"geoid":"05027","name":"Columbia"},"id":"05027"},{"arcs":[[-6268,-8643,9344,-5776,-8503,9345]],"type":"Polygon","properties":{"geoid":"05137","name":"Stone"},"id":"05137"},{"arcs":[[-7286,-7860,-8084,-7201,-4454,-6772,9346]],"type":"Polygon","properties":{"geoid":"13321","name":"Worth"},"id":"13321"},{"arcs":[[9347,-7564,-9266,-8016,-9192,9348]],"type":"Polygon","properties":{"geoid":"20193","name":"Thomas"},"id":"20193"},{"arcs":[[-7249,-6370,-9108,-7447]],"type":"Polygon","properties":{"geoid":"20207","name":"Woodson"},"id":"20207"},{"arcs":[[-7815,-5975,-4725,-2107,-620,-8003,-7763]],"type":"Polygon","properties":{"geoid":"42019","name":"Butler"},"id":"42019"},{"arcs":[[-8302,-6925,-7609,-4593,-8367]],"type":"Polygon","properties":{"geoid":"21035","name":"Calloway"},"id":"21035"},{"arcs":[[-9344,-4853,-269,-7153,-6277,-4864]],"type":"Polygon","properties":{"geoid":"22027","name":"Claiborne"},"id":"22027"},{"arcs":[[-8975,9349,9350,-2760,-7345,-7487]],"type":"Polygon","properties":{"geoid":"47153","name":"Sequatchie"},"id":"47153"},{"arcs":[[-9260,-4351,-8841,-5225,-9022,-4570]],"type":"Polygon","properties":{"geoid":"48197","name":"Hardeman"},"id":"48197"},{"arcs":[[-7112,9351,-6614,-7470,-9057,9352]],"type":"Polygon","properties":{"geoid":"19013","name":"Black Hawk"},"id":"19013"},{"arcs":[[-7405,-8984,-8719,-2877,-6805]],"type":"Polygon","properties":{"geoid":"19097","name":"Jackson"},"id":"19097"},{"arcs":[[-6668,-2885,-7461,-2897,-9047,9353,-7167,-5472,-8916]],"type":"Polygon","properties":{"geoid":"18053","name":"Grant"},"id":"18053"},{"arcs":[[-390,-4886,-6974,-7235,-5698]],"type":"Polygon","properties":{"geoid":"30107","name":"Wheatland"},"id":"30107"},{"arcs":[[9354,-8539,-136,-6077,-6580,-6167]],"type":"Polygon","properties":{"geoid":"31081","name":"Hamilton"},"id":"31081"},{"arcs":[[9355,-5392,-8439,-8432,-7061]],"type":"Polygon","properties":{"geoid":"31015","name":"Boyd"},"id":"31015"},{"arcs":[[-5752,9357,-3379,9358,-5272,-8328]],"type":"Polygon","properties":{"geoid":"37095","name":"Hyde"},"id":"37095"},{"arcs":[[-6859,-4962,-3616,-8600,-8390]],"type":"Polygon","properties":{"geoid":"28075","name":"Lauderdale"},"id":"28075"},{"arcs":[[-286,-246,-6847]],"type":"Polygon","properties":{"geoid":"22089","name":"St. Charles"},"id":"22089"},{"arcs":[[-5061,-9141,-7431,-994,-8199,-5183]],"type":"Polygon","properties":{"geoid":"56019","name":"Johnson"},"id":"56019"},{"arcs":[[-7173,-6946,-8747,-4127]],"type":"Polygon","properties":{"geoid":"19149","name":"Plymouth"},"id":"19149"},{"arcs":[[-8402,-9078,-4089,9359]],"type":"Polygon","properties":{"geoid":"40149","name":"Washita"},"id":"40149"},{"arcs":[[-9309,-6213,-6333,-8823,9360,-8213]],"type":"Polygon","properties":{"geoid":"29021","name":"Buchanan"},"id":"29021"},{"arcs":[[-4408,-3137,-154,-8421,9361,-6231]],"type":"Polygon","properties":{"geoid":"05105","name":"Perry"},"id":"05105"},{"arcs":[[-8845,-7085,9362,-6813,-373,-8484]],"type":"Polygon","properties":{"geoid":"17077","name":"Jackson"},"id":"17077"},{"arcs":[[9363,-7282,-4603,-1454,-1131,-4662,-8607]],"type":"Polygon","properties":{"geoid":"13169","name":"Jones"},"id":"13169"},{"arcs":[[-8487,-8189,-6936,-6780,-8938,-6898,-6939]],"type":"Polygon","properties":{"geoid":"17135","name":"Montgomery"},"id":"17135"},{"arcs":[[-4067,-8200,-5692]],"type":"Polygon","properties":{"geoid":"56017","name":"Hot Springs"},"id":"56017"},{"arcs":[[-6436,9364,-8129,-7245,-7446,-7930]],"type":"Polygon","properties":{"geoid":"20111","name":"Lyon"},"id":"20111"},{"arcs":[[-5586,9365,-7668,9366,-2707,-8209]],"type":"Polygon","properties":{"geoid":"21023","name":"Bracken"},"id":"21023"},{"arcs":[[-866,-5410,-5068,-7967,-5070]],"type":"Polygon","properties":{"geoid":"54097","name":"Upshur"},"id":"54097"},{"arcs":[[9367,-8623,-8910,-6646,-8913]],"type":"Polygon","properties":{"geoid":"18029","name":"Dearborn"},"id":"18029"},{"arcs":[[-8395,-8334,-5772,-9345,-8642]],"type":"Polygon","properties":{"geoid":"05065","name":"Izard"},"id":"05065"},{"arcs":[[-1741,-9149,9368,-6864,-8602,-8476,9369]],"type":"Polygon","properties":{"geoid":"28071","name":"Lafayette"},"id":"28071"},{"arcs":[[-3015,-8370,-3389,-1161,-8446,-6549,-4897]],"type":"Polygon","properties":{"geoid":"37073","name":"Gates"},"id":"37073"},{"arcs":[[9370,-5558,-3240,-5027,-8970,-9166]],"type":"Polygon","properties":{"geoid":"50005","name":"Caledonia"},"id":"50005"},{"arcs":[[-9367,-7672,-8206,-3412,-2708]],"type":"Polygon","properties":{"geoid":"21201","name":"Robertson"},"id":"21201"},{"arcs":[[-4362,-2602,-3778,-6922,-8301]],"type":"Polygon","properties":{"geoid":"21143","name":"Lyon"},"id":"21143"},{"arcs":[[-8218,-8892,-9273,9371,-9044,-8054,-7797]],"type":"Polygon","properties":{"geoid":"46099","name":"Minnehaha"},"id":"46099"},{"arcs":[[-1207,-1334,-5468,-5601,-2822,-3865]],"type":"Polygon","properties":{"geoid":"08085","name":"Montrose"},"id":"08085"},{"arcs":[[-7168,-9354,-9049,9372,-9121,-9050]],"type":"Polygon","properties":{"geoid":"18095","name":"Madison"},"id":"18095"},{"arcs":[[-3521,-8474,9373,-1748,-1760,-5705]],"type":"Polygon","properties":{"geoid":"28133","name":"Sunflower"},"id":"28133"},{"arcs":[[-8749,-8773,-9302,-8521,-6843]],"type":"Polygon","properties":{"geoid":"19133","name":"Monona"},"id":"19133"},{"arcs":[[-9220,-9052,-8666,9374,-8926]],"type":"Polygon","properties":{"geoid":"18011","name":"Boone"},"id":"18011"},{"arcs":[[-9314,-7132,9375,-2776,-8963]],"type":"Polygon","properties":{"geoid":"08011","name":"Bent"},"id":"08011"},{"arcs":[[-4113,-4619,-8102,-8126,-9365,-6435,-9190]],"type":"Polygon","properties":{"geoid":"20197","name":"Wabaunsee"},"id":"20197"},{"arcs":[[-4906,-1469,-1120,-2525,-3968]],"type":"Polygon","properties":{"geoid":"13281","name":"Towns"},"id":"13281"},{"arcs":[[9376,-6940,-6902,-4877,-8620]],"type":"Polygon","properties":{"geoid":"17083","name":"Jersey"},"id":"17083"},{"arcs":[[-5833,-8609,-5846,-6710,9377,-9306]],"type":"Polygon","properties":{"geoid":"39073","name":"Hocking"},"id":"39073"},{"arcs":[[-8939,-3229,9378,-3243]],"type":"Polygon","properties":{"geoid":"33001","name":"Belknap"},"id":"33001"},{"arcs":[[-2229,-2317,-779,-5260,-7308]],"type":"Polygon","properties":{"geoid":"48209","name":"Hays"},"id":"48209"},{"arcs":[[-6570,-9310,-8211,-5089,-8107]],"type":"Polygon","properties":{"geoid":"20013","name":"Brown"},"id":"20013"},{"arcs":[[9379,-5559,-9371,-9165,9380]],"type":"Polygon","properties":{"geoid":"50019","name":"Orleans"},"id":"50019"},{"arcs":[[-6919,-7692,-9062,-6872,-5484,-9303,-8407]],"type":"Polygon","properties":{"geoid":"42015","name":"Bradford"},"id":"42015"},{"arcs":[[-7142,-6681,-7478,9381,-8410,9382]],"type":"Polygon","properties":{"geoid":"28117","name":"Prentiss"},"id":"28117"},{"arcs":[[-8507,-6917,-6683,-6410,-8610,-9342]],"type":"Polygon","properties":{"geoid":"36099","name":"Seneca"},"id":"36099"},{"arcs":[[-9299,-2446,-2453,-8398,9383,-1138,-8961]],"type":"Polygon","properties":{"geoid":"17111","name":"McHenry"},"id":"17111"},{"arcs":[[-344,-8288,-8259,-6186,-8694,-8347]],"type":"Polygon","properties":{"geoid":"29105","name":"Laclede"},"id":"29105"},{"arcs":[[-4613,-8203,-8006,-8819,9384]],"type":"Polygon","properties":{"geoid":"38033","name":"Golden Valley"},"id":"38033"},{"arcs":[[-2858,-5480,-9089,-8769,-8937]],"type":"Polygon","properties":{"geoid":"19161","name":"Sac"},"id":"19161"},{"arcs":[[9385,9386,-9120,9387,-6625,-8924]],"type":"Polygon","properties":{"geoid":"18021","name":"Clay"},"id":"18021"},{"arcs":[[-6966,-7335,9388,-6615,-9352]],"type":"Polygon","properties":{"geoid":"19019","name":"Buchanan"},"id":"19019"},{"arcs":[[9389,-8498,-6999,-5194,-3382,9390]],"type":"Polygon","properties":{"geoid":"39145","name":"Scioto"},"id":"39145"},{"arcs":[[-7667,-7785,-9264,-4353,-1993]],"type":"Polygon","properties":{"geoid":"46119","name":"Sully"},"id":"46119"},{"arcs":[[-9106,-7255,-6376,-7520,-9169,9391]],"type":"Polygon","properties":{"geoid":"20097","name":"Kiowa"},"id":"20097"},{"arcs":[[-6182,-6729,-3461,-3472,-9129]],"type":"Polygon","properties":{"geoid":"33005","name":"Cheshire"},"id":"33005"},{"arcs":[[-8776,9392,-5490,-4580,-5097,-6084,-7823,-7579]],"type":"Polygon","properties":{"geoid":"13299","name":"Ware"},"id":"13299"},{"arcs":[[9393,-7808,-26,-6031,-8143]],"type":"Polygon","properties":{"geoid":"48305","name":"Lynn"},"id":"48305"},{"arcs":[[-7313,-8866,-8945,-8983,-904]],"type":"Polygon","properties":{"geoid":"55065","name":"Lafayette"},"id":"55065"},{"arcs":[[-4314,-6345,-4533,-9074,9394]],"type":"Polygon","properties":{"geoid":"38057","name":"Mercer"},"id":"38057"},{"arcs":[[-8186,9395,-6773,-961,9396,-9180]],"type":"Polygon","properties":{"geoid":"13037","name":"Calhoun"},"id":"13037"},{"arcs":[[-9144,-8029,9397,-2866,-6632]],"type":"Polygon","properties":{"geoid":"18013","name":"Brown"},"id":"18013"},{"arcs":[[-7499,-5078,-3976,-949,-916]],"type":"Polygon","properties":{"geoid":"16057","name":"Latah"},"id":"16057"},{"arcs":[[9398,-9237,9399,-4598,-2700,-9288,-9020,9400,-9240]],"type":"Polygon","properties":{"geoid":"35049","name":"Santa Fe"},"id":"35049"},{"arcs":[[-8544,-8258,-6185,-183,-8333,-8394,9401]],"type":"Polygon","properties":{"geoid":"29149","name":"Oregon"},"id":"29149"},{"arcs":[[-6321,9402,-8264,-8545,-9402,-8393]],"type":"Polygon","properties":{"geoid":"29091","name":"Howell"},"id":"29091"},{"arcs":[[-8387,-4186,-235,-4871,-4866,-3525,-6793]],"type":"Polygon","properties":{"geoid":"28005","name":"Amite"},"id":"28005"},{"arcs":[[-9111,-930,9403,9404,9405,-8989,-7592]],"type":"Polygon","properties":{"geoid":"55083","name":"Oconto"},"id":"55083"},{"arcs":[[-9331,-7707,-9177,-8867,-7384,-9004]],"type":"Polygon","properties":{"geoid":"55019","name":"Clark"},"id":"55019"},{"arcs":[[-7752,-9323,-876,-4701,-9337,9406]],"type":"Polygon","properties":{"geoid":"39111","name":"Monroe"},"id":"39111"},{"arcs":[[-9175,-8735,-8787,-7765,-8155,-428]],"type":"Polygon","properties":{"geoid":"29199","name":"Scotland"},"id":"29199"},{"arcs":[[-9382,-7477,-8922,-8799,-7360,-8411]],"type":"Polygon","properties":{"geoid":"28057","name":"Itawamba"},"id":"28057"},{"arcs":[[-8649,9407,-8934,-7214,-8716]],"type":"Polygon","properties":{"geoid":"19121","name":"Madison"},"id":"19121"},{"arcs":[[-8385,-2169,9408,-7006,-8532,-8317]],"type":"Polygon","properties":{"geoid":"39149","name":"Shelby"},"id":"39149"},{"arcs":[[-9208,-6708,-6886,-8034,-7744,-8493]],"type":"Polygon","properties":{"geoid":"39101","name":"Marion"},"id":"39101"},{"arcs":[[-9212,-9091,-7366,-9282,-9276]],"type":"Polygon","properties":{"geoid":"27059","name":"Isanti"},"id":"27059"},{"arcs":[[9409,-9016,-8700,-7273,-3929]],"type":"Polygon","properties":{"geoid":"53051","name":"Pend Oreille"},"id":"53051"},{"arcs":[[-7994,-6353,-7584,-6421,9410,-9247]],"type":"Polygon","properties":{"geoid":"20167","name":"Russell"},"id":"20167"},{"arcs":[[-1785,-3337,9411,-7037,9412,9413]],"type":"Polygon","properties":{"geoid":"36083","name":"Rensselaer"},"id":"36083"},{"arcs":[[9414,-9163,-9290,9415,-7395]],"type":"Polygon","properties":{"geoid":"38009","name":"Bottineau"},"id":"38009"},{"arcs":[[-7568,9416,-6363,-2688,-6372,-7254]],"type":"Polygon","properties":{"geoid":"20095","name":"Kingman"},"id":"20095"},{"arcs":[[-8797,-9258,-5434,-9267,-8018,-9265]],"type":"Polygon","properties":{"geoid":"20065","name":"Graham"},"id":"20065"},{"arcs":[[-5616,-7511,-8711,9417,-1001]],"type":"Polygon","properties":{"geoid":"46033","name":"Custer"},"id":"46033"},{"arcs":[[-3572,-1858,-3655,-9332,-4305,-8873,-4690]],"type":"Polygon","properties":{"geoid":"47103","name":"Lincoln"},"id":"47103"},{"arcs":[[-3283,-4880,-6294,9418,-8785]],"type":"Polygon","properties":{"geoid":"29219","name":"Warren"},"id":"29219"},{"arcs":[[-6891,-9413,-7041,-7221,-1772]],"type":"Polygon","properties":{"geoid":"36021","name":"Columbia"},"id":"36021"},{"arcs":[[-6935,-4910,-6536,-7494,-6782]],"type":"Polygon","properties":{"geoid":"17049","name":"Effingham"},"id":"17049"},{"arcs":[[[9419]],[[9420]],[[9421]],[[9422]]],"type":"MultiPolygon","properties":{"geoid":"53055","name":"San Juan"},"id":"53055"},{"arcs":[[-6758,-8074,-6895,-8721,-8171,-8167,-8726]],"type":"Polygon","properties":{"geoid":"26075","name":"Jackson"},"id":"26075"},{"arcs":[[-8196,-8079,-6755,-6744,-8096]],"type":"Polygon","properties":{"geoid":"26067","name":"Ionia"},"id":"26067"},{"arcs":[[-7451,-1688,-6089,-6175,-3101,-9292]],"type":"Polygon","properties":{"geoid":"31117","name":"McPherson"},"id":"31117"},{"arcs":[[9423,-8299,-1589,-8499,-6720]],"type":"Polygon","properties":{"geoid":"36033","name":"Franklin"},"id":"36033"},{"arcs":[[9424,9425,-7419,-9219,-9287]],"type":"Polygon","properties":{"geoid":"21223","name":"Trimble"},"id":"21223"},{"arcs":[[-5967,-5829,9426,9427,-8245,-8320]],"type":"Polygon","properties":{"geoid":"39075","name":"Holmes"},"id":"39075"},{"arcs":[[-8788,-7268,9428,-8886,-5143,-7767]],"type":"Polygon","properties":{"geoid":"29111","name":"Lewis"},"id":"29111"},{"arcs":[[-4433,-6252,-3311,-8325,-3305]],"type":"Polygon","properties":{"geoid":"29101","name":"Johnson"},"id":"29101"},{"arcs":[[-3492,-3466,9429,-4931,-8889]],"type":"Polygon","properties":{"geoid":"09013","name":"Tolland"},"id":"09013"},{"arcs":[[9430,-4480,-2584,-8720,-6893,9431]],"type":"Polygon","properties":{"geoid":"26125","name":"Oakland"},"id":"26125"},{"arcs":[[-707,-5839,-5823,-5966,-8225]],"type":"Polygon","properties":{"geoid":"39153","name":"Summit"},"id":"39153"},{"arcs":[[-9333,-6867,-8591,-4189,-8598]],"type":"Polygon","properties":{"geoid":"28019","name":"Choctaw"},"id":"28019"},{"arcs":[[-3650,-4178,-8113,-7924,-8335,-1082,9432]],"type":"Polygon","properties":{"geoid":"47111","name":"Macon"},"id":"47111"},{"arcs":[[-1640,-8604,-7216,-3424,-4768]],"type":"Polygon","properties":{"geoid":"21061","name":"Edmonson"},"id":"21061"},{"arcs":[[-8695,-6188,-8265,-9403,-6320,-6385,-8362]],"type":"Polygon","properties":{"geoid":"29067","name":"Douglas"},"id":"29067"},{"arcs":[[-9148,-6660,-7143,-9383,-8409,-6861,-9369]],"type":"Polygon","properties":{"geoid":"28145","name":"Union"},"id":"28145"},{"arcs":[[-9179,9433,-9321,9434,-8042,-8637,-7855]],"type":"Polygon","properties":{"geoid":"40093","name":"Major"},"id":"40093"},{"arcs":[[-6196,-1737,-8345,-8363,-6389,-6317,-6308]],"type":"Polygon","properties":{"geoid":"29109","name":"Lawrence"},"id":"29109"},{"arcs":[[-8462,-8786,-9419,-6297,-8790,9435,-8459]],"type":"Polygon","properties":{"geoid":"29073","name":"Gasconade"},"id":"29073"},{"arcs":[[-6700,-1788,-9017,-8429,-5147,-1780]],"type":"Polygon","properties":{"geoid":"36057","name":"Montgomery"},"id":"36057"},{"arcs":[[9436,-8093,-7936,9437,-7067]],"type":"Polygon","properties":{"geoid":"26159","name":"Van Buren"},"id":"26159"},{"arcs":[[-7068,-9438,-8725,-9067,-6663]],"type":"Polygon","properties":{"geoid":"26027","name":"Cass"},"id":"26027"},{"arcs":[[-9341,-9228,-7559,-892,-7742]],"type":"Polygon","properties":{"geoid":"54053","name":"Mason"},"id":"54053"},{"arcs":[[-9018,-1786,-9414,-6890,-8431]],"type":"Polygon","properties":{"geoid":"36001","name":"Albany"},"id":"36001"},{"arcs":[[-7083,-7297,-8853,-6786,-8219,-7115,9438]],"type":"Polygon","properties":{"geoid":"17165","name":"Saline"},"id":"17165"},{"arcs":[[-7716,-859,-9146,-4024,-9086,-5160]],"type":"Polygon","properties":{"geoid":"41049","name":"Morrow"},"id":"41049"},{"arcs":[[-3765,-2551,-8125,-8426,-7948,-8427,-5759]],"type":"Polygon","properties":{"geoid":"48137","name":"Edwards"},"id":"48137"},{"arcs":[[-5865,9439,-8905,-7873]],"type":"Polygon","properties":{"geoid":"12099","name":"Palm Beach"},"id":"12099"},{"arcs":[[-9433,-1081,-3656,-3651]],"type":"Polygon","properties":{"geoid":"47169","name":"Trousdale"},"id":"47169"},{"arcs":[[-2521,-3990,-7503,9440,-2812]],"type":"Polygon","properties":{"geoid":"13053","name":"Chattahoochee"},"id":"13053"},{"arcs":[[-4077,-3926,-9006,9441,-7605]],"type":"Polygon","properties":{"geoid":"55113","name":"Sawyer"},"id":"55113"},{"arcs":[[-3994,-7574,9442,-1460,-4267]],"type":"Polygon","properties":{"geoid":"16047","name":"Gooding"},"id":"16047"},{"arcs":[[-9426,9443,-1043,-7991,-7189,-7420]],"type":"Polygon","properties":{"geoid":"21103","name":"Henry"},"id":"21103"},{"arcs":[[-6178,9444,-8530,9445,-8763,9446,-8517]],"type":"Polygon","properties":{"geoid":"31063","name":"Frontier"},"id":"31063"},{"arcs":[[-8523,-9301,-7332,9447,9448]],"type":"Polygon","properties":{"geoid":"31177","name":"Washington"},"id":"31177"},{"arcs":[[-8712,-7509,9449,-6219,9450]],"type":"Polygon","properties":{"geoid":"31045","name":"Dawes"},"id":"31045"},{"arcs":[[-6554,9451,-8435,-8615,-8453,-8527]],"type":"Polygon","properties":{"geoid":"31115","name":"Loup"},"id":"31115"},{"arcs":[[-6909,-2460,-1097,-8247,-2407,-5105]],"type":"Polygon","properties":{"geoid":"37191","name":"Wayne"},"id":"37191"},{"arcs":[[-5139,-4735,-5224,-796,-2627,-2573,-7929]],"type":"Polygon","properties":{"geoid":"48371","name":"Pecos"},"id":"48371"},{"arcs":[[-6560,9452,-9432,-6892,-6765,-8350]],"type":"Polygon","properties":{"geoid":"26049","name":"Genesee"},"id":"26049"},{"arcs":[[-4404,-4839,-8480,-8466,-93]],"type":"Polygon","properties":{"geoid":"51111","name":"Lunenburg"},"id":"51111"},{"arcs":[[-489,-6801,-8587,-7033,-8617,-9324]],"type":"Polygon","properties":{"geoid":"17073","name":"Henry"},"id":"17073"},{"arcs":[[-6629,-8830,-8933,-9036,-5552]],"type":"Polygon","properties":{"geoid":"18101","name":"Martin"},"id":"18101"},{"arcs":[[-7179,9453,-7336,-7102]],"type":"Polygon","properties":{"geoid":"19069","name":"Franklin"},"id":"19069"},{"arcs":[[-8811,-8368,-2750,-8977,-9083,-8068]],"type":"Polygon","properties":{"geoid":"21105","name":"Hickman"},"id":"21105"},{"arcs":[[9454,-5854,-8295,-7748,-6736]],"type":"Polygon","properties":{"geoid":"39067","name":"Harrison"},"id":"39067"},{"arcs":[[9455,-9448,-7331,-6170,-8252]],"type":"Polygon","properties":{"geoid":"31055","name":"Douglas"},"id":"31055"},{"arcs":[[-9103,-6406,-3871,-5580]],"type":"Polygon","properties":{"geoid":"49031","name":"Piute"},"id":"49031"},{"arcs":[[-909,-3894,-3887,-7717,-6377,-2143,-827]],"type":"Polygon","properties":{"geoid":"53059","name":"Skamania"},"id":"53059"},{"arcs":[[-990,-9182,9456,-4785,-7063]],"type":"Polygon","properties":{"geoid":"01067","name":"Henry"},"id":"01067"},{"arcs":[[-3688,-3697,-1939,-8978,-7630,9457,-5385]],"type":"Polygon","properties":{"geoid":"04019","name":"Pima"},"id":"04019"},{"arcs":[[9458,-9252,-7623,-9183,-6000,-8966]],"type":"Polygon","properties":{"geoid":"40025","name":"Cimarron"},"id":"40025"},{"arcs":[[-7608,9459,-8500,-1866,-2741]],"type":"Polygon","properties":{"geoid":"47083","name":"Houston"},"id":"47083"},{"arcs":[[-1986,-5393,-9356,-7060,-2711]],"type":"Polygon","properties":{"geoid":"46053","name":"Gregory"},"id":"46053"},{"arcs":[[-8440,-8340,-8108,-4615,-4111,-7242]],"type":"Polygon","properties":{"geoid":"20117","name":"Marshall"},"id":"20117"},{"arcs":[[-9334,-6476,-9032,9460,-6538,9461]],"type":"Polygon","properties":{"geoid":"28067","name":"Jones"},"id":"28067"},{"arcs":[[-8240,-8524,-9449,-9456,-8251,-8441,-8242]],"type":"Polygon","properties":{"geoid":"31053","name":"Dodge"},"id":"31053"},{"arcs":[[-6139,-3104,-3116,-8417,-6132]],"type":"Polygon","properties":{"geoid":"31049","name":"Deuel"},"id":"31049"},{"arcs":[[-6232,-9362,-8420,-8321,-8505]],"type":"Polygon","properties":{"geoid":"05051","name":"Garland"},"id":"05051"},{"arcs":[[-6269,-9346,-8504,-3134,-4407,-8233]],"type":"Polygon","properties":{"geoid":"05141","name":"Van Buren"},"id":"05141"},{"arcs":[[-8706,-6261,-6259,-6090,-4644]],"type":"Polygon","properties":{"geoid":"05047","name":"Franklin"},"id":"05047"},{"arcs":[[-7501,-1485,9462,-8184,9463]],"type":"Polygon","properties":{"geoid":"13307","name":"Webster"},"id":"13307"},{"arcs":[[-7583,-7444,-7566,9464,-6423]],"type":"Polygon","properties":{"geoid":"20159","name":"Rice"},"id":"20159"},{"arcs":[[-6050,-9055,-3856,-4372,-8840]],"type":"Polygon","properties":{"geoid":"48123","name":"DeWitt"},"id":"48123"},{"arcs":[[-6023,-8165,-9194,9465,-7777,-7953]],"type":"Polygon","properties":{"geoid":"48497","name":"Wise"},"id":"48497"},{"arcs":[[-5303,-5451]],"type":"Polygon","properties":{"geoid":"51750","name":"Radford"},"id":"51750"},{"arcs":[[-8456,-7121,-6160,-8528,-9445,-6177]],"type":"Polygon","properties":{"geoid":"31047","name":"Dawson"},"id":"31047"},{"arcs":[[-7220,-7603,-9215,-6973,-9093,-9097,-5199]],"type":"Polygon","properties":{"geoid":"27049","name":"Goodhue"},"id":"27049"},{"arcs":[[-9279,-5212,-5202,-9095,-4713,-5395]],"type":"Polygon","properties":{"geoid":"27079","name":"Le Sueur"},"id":"27079"},{"arcs":[[-7152,-3193,-4418,-4856,-6279]],"type":"Polygon","properties":{"geoid":"22049","name":"Jackson"},"id":"22049"},{"arcs":[[-3244,-9379,-3233,-3234,-6728,-6180]],"type":"Polygon","properties":{"geoid":"33013","name":"Merrimack"},"id":"33013"},{"arcs":[[-9268,-3298,-4614,-9385,-8818,-8148]],"type":"Polygon","properties":{"geoid":"30109","name":"Wibaux"},"id":"30109"},{"arcs":[[-9463,-1484,9466,9467,-6770,-9396,-8185]],"type":"Polygon","properties":{"geoid":"13273","name":"Terrell"},"id":"13273"},{"arcs":[[-3552,-9343,-8611,-6413,-6921,-8406,-5952,-5783]],"type":"Polygon","properties":{"geoid":"36101","name":"Steuben"},"id":"36101"},{"arcs":[[-6643,9468,-1039,9469,-7464]],"type":"Polygon","properties":{"geoid":"21077","name":"Gallatin"},"id":"21077"},{"arcs":[[-3394,-5339,-5111,-7831,9470,-5215]],"type":"Polygon","properties":{"geoid":"21021","name":"Boyle"},"id":"21021"},{"arcs":[[-8061,-8224,-5563,-7291,-7921]],"type":"Polygon","properties":{"geoid":"21053","name":"Clinton"},"id":"21053"},{"arcs":[[-5208,-3742,-7514,-3726,-7157]],"type":"Polygon","properties":{"geoid":"27093","name":"Meeker"},"id":"27093"},{"arcs":[[-6373,-2691,-7525,-9319,-9434,-9178]],"type":"Polygon","properties":{"geoid":"40003","name":"Alfalfa"},"id":"40003"},{"arcs":[[-7536,-7381,9471,-9297,-8959]],"type":"Polygon","properties":{"geoid":"55101","name":"Racine"},"id":"55101"},{"arcs":[[-8739,-979,-6943,-7172]],"type":"Polygon","properties":{"geoid":"19141","name":"O'Brien"},"id":"19141"},{"arcs":[[-6079,-6229,-7124,9472,-9113,-8354]],"type":"Polygon","properties":{"geoid":"31129","name":"Nuckolls"},"id":"31129"},{"arcs":[[-8526,-6121,-8538,-9355,-6166,-8515]],"type":"Polygon","properties":{"geoid":"31121","name":"Merrick"},"id":"31121"},{"arcs":[[-8535,-8518,-9447,-8766,9473]],"type":"Polygon","properties":{"geoid":"31087","name":"Hitchcock"},"id":"31087"},{"arcs":[[9474,-8713,-9451,-6223,9475,-7436]],"type":"Polygon","properties":{"geoid":"31165","name":"Sioux"},"id":"31165"},{"arcs":[[-8854,-4364,-8300,-8366,-8810,-4172,-5679]],"type":"Polygon","properties":{"geoid":"21145","name":"McCracken"},"id":"21145"},{"arcs":[[-7567,-6358,-8015,-6360,-9417]],"type":"Polygon","properties":{"geoid":"20173","name":"Sedgwick"},"id":"20173"},{"arcs":[[-1805,-3595,-1801,-3594,9476,-9350,-8974]],"type":"Polygon","properties":{"geoid":"47175","name":"Van Buren"},"id":"47175"},{"arcs":[[-9376,-7131,9477,-9253,-9459,-8965,-2777]],"type":"Polygon","properties":{"geoid":"08009","name":"Baca"},"id":"08009"},{"arcs":[[-8418,-3114,9478,-6982,-7939]],"type":"Polygon","properties":{"geoid":"08095","name":"Phillips"},"id":"08095"},{"arcs":[[9479,9480,-6129,9481,-7428,-7438]],"type":"Polygon","properties":{"geoid":"31007","name":"Banner"},"id":"31007"},{"arcs":[[-7211,-7342,-9043,-8935,-9408]],"type":"Polygon","properties":{"geoid":"19181","name":"Warren"},"id":"19181"},{"arcs":[[-8948,-8692,9482,-9386,-8923,-8903]],"type":"Polygon","properties":{"geoid":"18167","name":"Vigo"},"id":"18167"},{"arcs":[[-8771,-4200,-5509,-7329,-9300]],"type":"Polygon","properties":{"geoid":"19165","name":"Shelby"},"id":"19165"},{"arcs":[[-9142,-6820,-9283,-6601,-8915,-9069]],"type":"Polygon","properties":{"geoid":"18113","name":"Noble"},"id":"18113"},{"arcs":[[-7354,-6497,-7058,-6941,-9377,-8619]],"type":"Polygon","properties":{"geoid":"17061","name":"Greene"},"id":"17061"},{"arcs":[[9483,-6732,9484,-9391,-3381,-7670]],"type":"Polygon","properties":{"geoid":"39001","name":"Adams"},"id":"39001"},{"arcs":[[-7004,-6851,-5918,-9284]],"type":"Polygon","properties":{"geoid":"39125","name":"Paulding"},"id":"39125"},{"arcs":[[-8230,-6900,-1378,-2442,-8482,-6488,-3277]],"type":"Polygon","properties":{"geoid":"17163","name":"St. Clair"},"id":"17163"},{"arcs":[[-7084,-9439,-7114,-6814,-9363]],"type":"Polygon","properties":{"geoid":"17199","name":"Williamson"},"id":"17199"},{"arcs":[[-1139,-9384,-8399,-7720,-6592,-7721,-7278]],"type":"Polygon","properties":{"geoid":"17037","name":"DeKalb"},"id":"17037"},{"arcs":[[9485,-9381,-9167,-9100,-9151]],"type":"Polygon","properties":{"geoid":"50011","name":"Franklin"},"id":"50011"},{"arcs":[[-9248,-9411,-6425,-5098,-9235]],"type":"Polygon","properties":{"geoid":"20165","name":"Rush"},"id":"20165"},{"arcs":[[-6642,-8465,-8210,-2705,-1609,-1040,-9469]],"type":"Polygon","properties":{"geoid":"21081","name":"Grant"},"id":"21081"},{"arcs":[[9486,-6069,-4832]],"type":"Polygon","properties":{"geoid":"51735","name":"Poquoson"},"id":"51735"},{"arcs":[[-3314,-8360,-8542,-6306,-341,-6191]],"type":"Polygon","properties":{"geoid":"29141","name":"Morgan"},"id":"29141"},{"arcs":[[-6203,9487,-8256,-8543,-8423]],"type":"Polygon","properties":{"geoid":"29179","name":"Reynolds"},"id":"29179"},{"arcs":[[-9202,9488,-5423,-6042,-3768]],"type":"Polygon","properties":{"geoid":"48207","name":"Haskell"},"id":"48207"},{"arcs":[[-5216,-9471,-7832,-6693,-8223,-8204,-5499]],"type":"Polygon","properties":{"geoid":"21045","name":"Casey"},"id":"21045"},{"arcs":[[-7039,-3494,-8890,-2801,-5793,-7222]],"type":"Polygon","properties":{"geoid":"09005","name":"Litchfield"},"id":"09005"},{"arcs":[[-8028,-9204,-6609,-6840,-2867,-9398]],"type":"Polygon","properties":{"geoid":"18005","name":"Bartholomew"},"id":"18005"},{"arcs":[[9489,-9061,-6834,9490]],"type":"Polygon","properties":{"geoid":"18127","name":"Porter"},"id":"18127"},{"arcs":[[-1980,-4717,-9274,-9293,-8660]],"type":"Polygon","properties":{"geoid":"27165","name":"Watonwan"},"id":"27165"},{"arcs":[[-8038,-5982,-6718,-6512,-5914,9491]],"type":"Polygon","properties":{"geoid":"39057","name":"Greene"},"id":"39057"},{"arcs":[[-381,-8326,-6193,-7107,-6298,-422,-8158]],"type":"Polygon","properties":{"geoid":"29185","name":"St. Clair"},"id":"29185"},{"arcs":[[-6221,9492,-6140,-6130,-9481,9493]],"type":"Polygon","properties":{"geoid":"31123","name":"Morrill"},"id":"31123"},{"arcs":[[-9476,-6222,-9494,-9480,-7437]],"type":"Polygon","properties":{"geoid":"31157","name":"Scotts Bluff"},"id":"31157"},{"arcs":[[-7062,-8436,-9452,-6553]],"type":"Polygon","properties":{"geoid":"31149","name":"Rock"},"id":"31149"},{"arcs":[[-8154,9494,-7968,-1984,-7783]],"type":"Polygon","properties":{"geoid":"46017","name":"Buffalo"},"id":"46017"},{"arcs":[[-2976]],"type":"Polygon","properties":{"geoid":"51840","name":"Winchester"},"id":"51840"},{"arcs":[[-8614,-6150,-6116,-8767,-6126]],"type":"Polygon","properties":{"geoid":"31119","name":"Madison"},"id":"31119"},{"arcs":[[-9401,-9019,-5688,-9245,-9241]],"type":"Polygon","properties":{"geoid":"35001","name":"Bernalillo"},"id":"35001"},{"arcs":[[-9482,-6135,-7937,-8414,-7429]],"type":"Polygon","properties":{"geoid":"31105","name":"Kimball"},"id":"31105"},{"arcs":[[-8419,-152,-5457,-4845,-3129,-8323]],"type":"Polygon","properties":{"geoid":"05053","name":"Grant"},"id":"05053"},{"arcs":[[-9427,-5828,-5855,-9455,-6735,9495]],"type":"Polygon","properties":{"geoid":"39157","name":"Tuscarawas"},"id":"39157"},{"arcs":[[-3407,-9246,-8942,-4011,-4012,-8982]],"type":"Polygon","properties":{"geoid":"35003","name":"Catron"},"id":"35003"},{"arcs":[[-7414,-5606,-7056,-7353,9496]],"type":"Polygon","properties":{"geoid":"17009","name":"Brown"},"id":"17009"},{"arcs":[[-5309,-8392,-8640,-4757,-2997]],"type":"Polygon","properties":{"geoid":"51065","name":"Fluvanna"},"id":"51065"},{"arcs":[[[-7868,-7875,-5871,9497]],[[9498]],[[-7870,9499]]],"type":"MultiPolygon","properties":{"geoid":"12071","name":"Lee"},"id":"12071"},{"arcs":[[-9477,-3593,-1837,-2761,-9351]],"type":"Polygon","properties":{"geoid":"47007","name":"Bledsoe"},"id":"47007"},{"arcs":[[9500,-6836,-5801,-8173,-8193]],"type":"Polygon","properties":{"geoid":"18111","name":"Newton"},"id":"18111"},{"arcs":[[-6407,-1904,-5686,-8955]],"type":"Polygon","properties":{"geoid":"49053","name":"Washington"},"id":"49053"},{"arcs":[[-9271,-9107,-9392,-9168,9501,-4103]],"type":"Polygon","properties":{"geoid":"20057","name":"Ford"},"id":"20057"},{"arcs":[[-5892,-6871,-9013,-9216]],"type":"Polygon","properties":{"geoid":"40099","name":"Murray"},"id":"40099"},{"arcs":[[-8848,-4513,-4519,-5537]],"type":"Polygon","properties":{"geoid":"32027","name":"Pershing"},"id":"32027"},{"arcs":[[-8729,-8929,-9116,-9387,-9483,-8691]],"type":"Polygon","properties":{"geoid":"18121","name":"Parke"},"id":"18121"},{"arcs":[[9502,-8844,-9124,-7177,-6823]],"type":"Polygon","properties":{"geoid":"19131","name":"Mitchell"},"id":"19131"},{"arcs":[[-8489,-8590,-6519,-6706,-9207,-9226]],"type":"Polygon","properties":{"geoid":"39147","name":"Seneca"},"id":"39147"},{"arcs":[[9503,-7618,-5788,-161,-4688]],"type":"Polygon","properties":{"geoid":"29155","name":"Pemiscot"},"id":"29155"},{"arcs":[[-9372,-9272,-8826,-8740,-7171,-9045]],"type":"Polygon","properties":{"geoid":"19119","name":"Lyon"},"id":"19119"},{"arcs":[[-1376,-6784,-7497,-9063,-6544,-2438]],"type":"Polygon","properties":{"geoid":"17121","name":"Marion"},"id":"17121"},{"arcs":[[9504]],"type":"Polygon","properties":{"geoid":"25019","name":"Nantucket"},"id":"25019"},{"arcs":[[-9378,-6715,-9340,-7740,-8497,-9307]],"type":"Polygon","properties":{"geoid":"39163","name":"Vinton"},"id":"39163"},{"arcs":[[-9428,-9496,-6734,-8040,-7757,-8246]],"type":"Polygon","properties":{"geoid":"39031","name":"Coshocton"},"id":"39031"},{"arcs":[[9505,-4585,9506,-4124,-7620,-9251]],"type":"Polygon","properties":{"geoid":"20189","name":"Stevens"},"id":"20189"},{"arcs":[[-1964,-9098,-9094,-7556,-8842,-9503,-6822,-9280]],"type":"Polygon","properties":{"geoid":"27099","name":"Mower"},"id":"27099"},{"arcs":[[-9034,-9335,-9462,-6537,-6467,9507]],"type":"Polygon","properties":{"geoid":"28031","name":"Covington"},"id":"28031"},{"arcs":[[-5478,-6811,-9041,-8647,-7015,-9090]],"type":"Polygon","properties":{"geoid":"19073","name":"Greene"},"id":"19073"},{"arcs":[[-2034,-8278,-5882,9508,9509,-7850]],"type":"Polygon","properties":{"geoid":"40037","name":"Creek"},"id":"40037"},{"arcs":[[-2333,-6028,-8314,-6012,-2940,-4021]],"type":"Polygon","properties":{"geoid":"48281","name":"Lampasas"},"id":"48281"},{"arcs":[[9510,-8552,-8548,-8784,-5323,-328,-6217]],"type":"Polygon","properties":{"geoid":"29007","name":"Audrain"},"id":"29007"},{"arcs":[[-6202,-3291,-8346,-334,-3285,-8257,-9488]],"type":"Polygon","properties":{"geoid":"29223","name":"Wayne"},"id":"29223"},{"arcs":[[-8822,-8289,-9269,9511,-8214,-9361]],"type":"Polygon","properties":{"geoid":"29165","name":"Platte"},"id":"29165"},{"arcs":[[-9442,-9010,-9330,-9002,-7315]],"type":"Polygon","properties":{"geoid":"55107","name":"Rusk"},"id":"55107"},{"arcs":[[-9405,9512,-7735,-9294,-9133,-7713,9513]],"type":"Polygon","properties":{"geoid":"55009","name":"Brown"},"id":"55009"},{"arcs":[[-9222,-7851,-9510,9514,-2196,-7901]],"type":"Polygon","properties":{"geoid":"40081","name":"Lincoln"},"id":"40081"},{"arcs":[[-9035,-9508,-6466,-6653,-6856]],"type":"Polygon","properties":{"geoid":"28065","name":"Jefferson Davis"},"id":"28065"},{"arcs":[[-9160,-7895,-6454,-8760,-7657,-9263,-9261,-8744]],"type":"Polygon","properties":{"geoid":"46013","name":"Brown"},"id":"46013"},{"arcs":[[-4599,-9400,-9238,-9399,-9239]],"type":"Polygon","properties":{"geoid":"35028","name":"Los Alamos"},"id":"35028"},{"arcs":[[-4667,-7818,-7283,-9364,-8606,-7093]],"type":"Polygon","properties":{"geoid":"13159","name":"Jasper"},"id":"13159"},{"arcs":[[-4129,-8750,-6841,-6074]],"type":"Polygon","properties":{"geoid":"31043","name":"Dakota"},"id":"31043"},{"arcs":[[9515,-5145,-8888,-8550,-9511,-6216]],"type":"Polygon","properties":{"geoid":"29137","name":"Monroe"},"id":"29137"},{"arcs":[[-2371,-8157,-6391,-6313,-7012]],"type":"Polygon","properties":{"geoid":"29211","name":"Sullivan"},"id":"29211"},{"arcs":[[[-8540,-8470,9516]],[[9517]]],"type":"MultiPolygon","properties":{"geoid":"36085","name":"Richmond"},"id":"36085"},{"arcs":[[[9518]],[[9519]],[[9520]],[[9521]],[[9522]],[[9523]],[[9524]],[[9525]],[[9526]],[[9527]],[[9528]],[[9529]],[[9530]],[[9531]],[[9532]],[[9533,-3345]],[[-3347,9535]],[[-3370,-4975,9536,-5051,9537,-3341,-6882]]],"type":"MultiPolygon","properties":{"geoid":"02261","name":"Valdez-Cordova"},"id":"02261"},{"arcs":[[-8792,-8403,-9360,-4095,-7981,-9259,-8512,9538]],"type":"Polygon","properties":{"geoid":"40009","name":"Beckham"},"id":"40009"},{"arcs":[[-7454,-7612,-7641,-9316,-6677,-7141,-6658,9539]],"type":"Polygon","properties":{"geoid":"47069","name":"Hardeman"},"id":"47069"},{"arcs":[[-1133,9540,-9127,-7819,-4449]],"type":"Polygon","properties":{"geoid":"13023","name":"Bleckley"},"id":"13023"},{"arcs":[[-7184,-9136,-9199,-7634,9541,-9138]],"type":"Polygon","properties":{"geoid":"55039","name":"Fond du Lac"},"id":"55039"},{"arcs":[[-1002,-9418,-8714,-9475,-7435,-8705,-7433]],"type":"Polygon","properties":{"geoid":"56027","name":"Niobrara"},"id":"56027"},{"arcs":[[-2149,-5972,-8987,-9224,9542,9543]],"type":"Polygon","properties":{"geoid":"41057","name":"Tillamook"},"id":"41057"},{"arcs":[[-3997,-5188,-9079,-7996]],"type":"Polygon","properties":{"geoid":"16081","name":"Teton"},"id":"16081"},{"arcs":[[-8215,-9512,-9270,-7987,9544,-8104]],"type":"Polygon","properties":{"geoid":"20103","name":"Leavenworth"},"id":"20103"},{"arcs":[[-8014,-9184,-6429,-2213,-5887,-6361]],"type":"Polygon","properties":{"geoid":"20035","name":"Cowley"},"id":"20035"},{"arcs":[[9545,-8757,-5241,9546,-601]],"type":"Polygon","properties":{"geoid":"12091","name":"Okaloosa"},"id":"12091"},{"arcs":[[-8236,-8119,-8699,-8451,-8908,9547,-2152,-3827]],"type":"Polygon","properties":{"geoid":"42107","name":"Schuylkill"},"id":"42107"},{"arcs":[[-8319,-8533,-8039,-9492,-5913,-9171,-5988]],"type":"Polygon","properties":{"geoid":"39113","name":"Montgomery"},"id":"39113"},{"arcs":[[-9473,-7123,-7244,-6364,-9114]],"type":"Polygon","properties":{"geoid":"20157","name":"Republic"},"id":"20157"},{"arcs":[[-2168,-8494,-7747,-7007,-9409]],"type":"Polygon","properties":{"geoid":"39091","name":"Logan"},"id":"39091"},{"arcs":[[-4244,-5955,-9305,-5983,-4365,-5731]],"type":"Polygon","properties":{"geoid":"42035","name":"Clinton"},"id":"42035"},{"arcs":[[-7573,9548,-4257,-1461,-9443]],"type":"Polygon","properties":{"geoid":"16053","name":"Jerome"},"id":"16053"},{"arcs":[[9549,-8761,-6239,-3126,-8981,-6590,-722]],"type":"Polygon","properties":{"geoid":"40041","name":"Delaware"},"id":"40041"},{"arcs":[[-9515,-9509,-5885,-9232,-7878,-1416,-2197]],"type":"Polygon","properties":{"geoid":"40107","name":"Okfuskee"},"id":"40107"},{"arcs":[[-7098,-8731,-7013,-6311,-6403,-6328,-9088]],"type":"Polygon","properties":{"geoid":"29081","name":"Harrison"},"id":"29081"},{"arcs":[[-8473,-9210,9550,-8479,-8592,-1749,-9374]],"type":"Polygon","properties":{"geoid":"28135","name":"Tallahatchie"},"id":"28135"},{"arcs":[[-9255,9551,-9349,-9191,-7786,-6990]],"type":"Polygon","properties":{"geoid":"20181","name":"Sherman"},"id":"20181"},{"arcs":[[-4009,-6507,9552,-7257,-4013]],"type":"Polygon","properties":{"geoid":"35029","name":"Luna"},"id":"35029"},{"arcs":[[[9553]],[[9554]],[[9555,-1920,9556,-1925]]],"type":"MultiPolygon","properties":{"geoid":"23009","name":"Hancock"},"id":"23009"},{"arcs":[[-1090,-2713,-6574,-8741]],"type":"Polygon","properties":{"geoid":"46121","name":"Todd"},"id":"46121"},{"arcs":[[-9187,-4105,9557,-4120,-9507,-4584]],"type":"Polygon","properties":{"geoid":"20081","name":"Haskell"},"id":"20081"},{"arcs":[[-8596,-8599,-4187,-3516,-1751]],"type":"Polygon","properties":{"geoid":"28015","name":"Carroll"},"id":"28015"},{"arcs":[[-4562,-5412,-6416,-9082,9558,-4282,-1486]],"type":"Polygon","properties":{"geoid":"16011","name":"Bingham"},"id":"16011"},{"arcs":[[-8681,-4451,-7821,-5810,-7284,-1481]],"type":"Polygon","properties":{"geoid":"13093","name":"Dooly"},"id":"13093"},{"arcs":[[-8178,-2390,-4817,-7805]],"type":"Polygon","properties":{"geoid":"37071","name":"Gaston"},"id":"37071"},{"arcs":[[-1107,9559,-7956,-7959]],"type":"Polygon","properties":{"geoid":"37003","name":"Alexander"},"id":"37003"},{"arcs":[[-6457,-5539]],"type":"Polygon","properties":{"geoid":"32029","name":"Storey"},"id":"32029"},{"arcs":[[-4544,-1025,-7889,-9077,-7546,-9230,-7543]],"type":"Polygon","properties":{"geoid":"38093","name":"Stutsman"},"id":"38093"},{"arcs":[[-4486,-7075,-8809,-8964,-2774,-1302,-2843]],"type":"Polygon","properties":{"geoid":"08101","name":"Pueblo"},"id":"08101"},{"arcs":[[-2455,9560,-9491,-6833,-9501,-8192,-2449]],"type":"Polygon","properties":{"geoid":"18089","name":"Lake"},"id":"18089"},{"arcs":[[-9373,-9048,-7020,-2856,-2872,-5642,-9122]],"type":"Polygon","properties":{"geoid":"18065","name":"Henry"},"id":"18065"},{"arcs":[[-7330,-5511,-1372,9561,-6948]],"type":"Polygon","properties":{"geoid":"19137","name":"Montgomery"},"id":"19137"},{"arcs":[[-9126,-7113,-9353,-9056,-9454]],"type":"Polygon","properties":{"geoid":"19023","name":"Butler"},"id":"19023"},{"arcs":[[-7267,-7415,-9497,-7352,-8887,-9429]],"type":"Polygon","properties":{"geoid":"17001","name":"Adams"},"id":"17001"},{"arcs":[[-7287,-9347,-6771,-9468,-9467,-1483]],"type":"Polygon","properties":{"geoid":"13177","name":"Lee"},"id":"13177"},{"arcs":[[-9446,-8529,-6163,9562,-8794,-7561,-8764]],"type":"Polygon","properties":{"geoid":"31065","name":"Furnas"},"id":"31065"},{"arcs":[[-9479,-3113,-8520,-8534,-6983]],"type":"Polygon","properties":{"geoid":"31029","name":"Chase"},"id":"31029"},{"arcs":[[-8253,-6173,-6950,-8831,-6224,-6144]],"type":"Polygon","properties":{"geoid":"31025","name":"Cass"},"id":"31025"},{"arcs":[[-9375,-8671,-9143,-9117,-8927]],"type":"Polygon","properties":{"geoid":"18063","name":"Hendricks"},"id":"18063"},{"arcs":[[-9119,-9145,-6634,-6626,-9388]],"type":"Polygon","properties":{"geoid":"18119","name":"Owen"},"id":"18119"},{"arcs":[[-9548,-8907,-625,-2153]],"type":"Polygon","properties":{"geoid":"42075","name":"Lebanon"},"id":"42075"},{"arcs":[[-8041,-6738,-7753,-9407,-9336,-7044]],"type":"Polygon","properties":{"geoid":"39121","name":"Noble"},"id":"39121"},{"arcs":[[-5100,-6424,-9465,-7569,-7252,-9105]],"type":"Polygon","properties":{"geoid":"20185","name":"Stafford"},"id":"20185"},{"arcs":[[-5902,-5894,-9217,-4083,-9205,-6877]],"type":"Polygon","properties":{"geoid":"40137","name":"Stephens"},"id":"40137"},{"arcs":[[-4640,-3861,9563]],"type":"Polygon","properties":{"geoid":"51103","name":"Lancaster"},"id":"51103"},{"arcs":[[-8338,-5313,-8516,-7119,-8455]],"type":"Polygon","properties":{"geoid":"31163","name":"Sherman"},"id":"31163"},{"arcs":[[9564,-3428,-5093,-2350]],"type":"Polygon","properties":{"geoid":"30101","name":"Toole"},"id":"30101"},{"arcs":[[-8885,-9054,-5008,-7971,-7306]],"type":"Polygon","properties":{"geoid":"48295","name":"Lipscomb"},"id":"48295"},{"arcs":[[-9543,-9225,-1430,-2182,9565]],"type":"Polygon","properties":{"geoid":"41041","name":"Lincoln"},"id":"41041"},{"arcs":[[-9229,-4315,-9395,-9073,-8201,-4611]],"type":"Polygon","properties":{"geoid":"38025","name":"Dunn"},"id":"38025"},{"arcs":[[-9231,-7550,-9159,-8742,9566,-7891]],"type":"Polygon","properties":{"geoid":"38051","name":"McIntosh"},"id":"38051"},{"arcs":[[-7989,-3307,-378,-6430,-8995]],"type":"Polygon","properties":{"geoid":"20121","name":"Miami"},"id":"20121"},{"arcs":[[-6515,-6733,-9484,-7669,-9366,-5585]],"type":"Polygon","properties":{"geoid":"39015","name":"Brown"},"id":"39015"},{"arcs":[[-8048,-8911,-5937,-6010,-8313,-2326]],"type":"Polygon","properties":{"geoid":"48309","name":"McLennan"},"id":"48309"},{"arcs":[[-9466,-9193,-5961,-5134,-7910,-7778]],"type":"Polygon","properties":{"geoid":"48439","name":"Tarrant"},"id":"48439"},{"arcs":[[-8231,-73,-54,-2960,-3663,-4498,-7650]],"type":"Polygon","properties":{"geoid":"51169","name":"Scott"},"id":"51169"},{"arcs":[[-4467,9567,-8142,-9027]],"type":"Polygon","properties":{"geoid":"48219","name":"Hockley"},"id":"48219"},{"arcs":[[-8815,-1196,-9394,-9568]],"type":"Polygon","properties":{"geoid":"48303","name":"Lubbock"},"id":"48303"},{"arcs":[[-7572,-4563,-4258,-9549]],"type":"Polygon","properties":{"geoid":"16067","name":"Minidoka"},"id":"16067"},{"arcs":[[-3608,-2814,-985,-4964,-5360]],"type":"Polygon","properties":{"geoid":"01011","name":"Bullock"},"id":"01011"},{"arcs":[[-1014,-7485,-8762,-9550,-721,-9313,-7527]],"type":"Polygon","properties":{"geoid":"40035","name":"Craig"},"id":"40035"},{"arcs":[[-9559,-9081,-9140,-5040,-1065,-4280]],"type":"Polygon","properties":{"geoid":"16029","name":"Caribou"},"id":"16029"},{"arcs":[[-8803,-8879,-8880,-3631,-6482]],"type":"Polygon","properties":{"geoid":"01057","name":"Fayette"},"id":"01057"},{"arcs":[[-6531,-8997,-6483,-8858,-1500]],"type":"Polygon","properties":{"geoid":"01027","name":"Clay"},"id":"01027"},{"arcs":[[-7388,-6455,-1248,-1243,-4800,-506]],"type":"Polygon","properties":{"geoid":"32005","name":"Douglas"},"id":"32005"},{"arcs":[[-6676,-2808,9568,-6654,-1768]],"type":"Polygon","properties":{"geoid":"28059","name":"Jackson"},"id":"28059"},{"arcs":[[-9311,-8812,-3570,-4695,-8501,-9460,-7607]],"type":"Polygon","properties":{"geoid":"47125","name":"Montgomery"},"id":"47125"},{"arcs":[[-7289,-2734,-4693,-8686,-9338]],"type":"Polygon","properties":{"geoid":"47099","name":"Lawrence"},"id":"47099"},{"arcs":[[-3599,-8510,-1864,-2539,-2540,-1181]],"type":"Polygon","properties":{"geoid":"47171","name":"Unicoi"},"id":"47171"},{"arcs":[[-7055,-1551,-5463,-3252,-3360]],"type":"Polygon","properties":{"geoid":"36087","name":"Rockland"},"id":"36087"},{"arcs":[[-6952,-6962,-7977,9569]],"type":"Polygon","properties":{"geoid":"26127","name":"Oceana"},"id":"26127"},{"arcs":[[-6979,-8306,-2920,-7944]],"type":"Polygon","properties":{"geoid":"26135","name":"Oscoda"},"id":"26135"},{"arcs":[[-4776,-7149,-8629,-8897,-4596,-1532,-6980]],"type":"Polygon","properties":{"geoid":"08007","name":"Archuleta"},"id":"08007"},{"arcs":[[-9461,-9031,9570,-6674,-1766,-6539]],"type":"Polygon","properties":{"geoid":"28111","name":"Perry"},"id":"28111"},{"arcs":[[-5133,9571,-7298,-1123]],"type":"Polygon","properties":{"geoid":"13257","name":"Stephens"},"id":"13257"},{"arcs":[[-1453,-8676,-5171,-2042,-9128,-9541]],"type":"Polygon","properties":{"geoid":"13175","name":"Laurens"},"id":"13175"},{"arcs":[[-157,-8481,-4689,-169,-6235,-189]],"type":"Polygon","properties":{"geoid":"05031","name":"Craighead"},"id":"05031"},{"arcs":[[9572,-9001,-4317,-8445]],"type":"Polygon","properties":{"geoid":"38023","name":"Divide"},"id":"38023"},{"arcs":[[-8536,-9474,-8765,-7565,-9348,-9552,-9254]],"type":"Polygon","properties":{"geoid":"20153","name":"Rawlins"},"id":"20153"},{"arcs":[[-4921,9573,-1236,-6978,-5291,-5637]],"type":"Polygon","properties":{"geoid":"26031","name":"Cheboygan"},"id":"26031"},{"arcs":[[-4875,9574,-7861,-5777,-3269]],"type":"Polygon","properties":{"geoid":"34025","name":"Monmouth"},"id":"34025"},{"arcs":[[-5970,-2145,-6379,-4953,-4946,-8985]],"type":"Polygon","properties":{"geoid":"41005","name":"Clackamas"},"id":"41005"},{"arcs":[[[-8677,-7051,-8680]],[[-3988,-7829,-5116,-8678,-8679,-2038,-2037,-7500]]],"type":"MultiPolygon","properties":{"geoid":"13269","name":"Taylor"},"id":"13269"},{"arcs":[[-1221,-4920,-8097,9575]],"type":"Polygon","properties":{"geoid":"26019","name":"Benzie"},"id":"26019"},{"arcs":[[-7945,-2924,-6910,-8352,-6955]],"type":"Polygon","properties":{"geoid":"26143","name":"Roscommon"},"id":"26143"},{"arcs":[[-7946,-6957,-8353,-2904,-1211]],"type":"Polygon","properties":{"geoid":"26133","name":"Osceola"},"id":"26133"},{"arcs":[[-5301,-5769,-2993,-3063,-7025,-5452]],"type":"Polygon","properties":{"geoid":"51063","name":"Floyd"},"id":"51063"},{"arcs":[[-6162,-6154,-9256,-8795,-9563]],"type":"Polygon","properties":{"geoid":"31083","name":"Harlan"},"id":"31083"},{"arcs":[[-8153,-7687,-7840,-8052,-7969,-9495]],"type":"Polygon","properties":{"geoid":"46073","name":"Jerauld"},"id":"46073"},{"arcs":[[-9435,-9320,-9223,-6670,-8043]],"type":"Polygon","properties":{"geoid":"40073","name":"Kingfisher"},"id":"40073"},{"arcs":[[-7130,-9188,-4586,-9506,-9250,-9478]],"type":"Polygon","properties":{"geoid":"20187","name":"Stanton"},"id":"20187"},{"arcs":[[-3094]],"type":"Polygon","properties":{"geoid":"51530","name":"Buena Vista"},"id":"51530"},{"arcs":[[9576,-4524,-1017,-4531,-7399]],"type":"Polygon","properties":{"geoid":"38019","name":"Cavalier"},"id":"38019"},{"arcs":[[-8460,-9436,-8789,-8425,-8261,-8287]],"type":"Polygon","properties":{"geoid":"29161","name":"Phelps"},"id":"29161"},{"arcs":[[-8156,-7768,-5146,-9516,-6215,-403,-6393]],"type":"Polygon","properties":{"geoid":"29121","name":"Macon"},"id":"29121"},{"arcs":[[-9560,-1106,-7032,-5481,-476,-9322,-2392,-8177,-7957]],"type":"Polygon","properties":{"geoid":"37097","name":"Iredell"},"id":"37097"},{"arcs":[[-7922,-7292,-1826,-3575,-8336]],"type":"Polygon","properties":{"geoid":"47133","name":"Overton"},"id":"47133"},{"arcs":[[-3680,-1914,-1918,-9556,-1924,-5554]],"type":"Polygon","properties":{"geoid":"23019","name":"Penobscot"},"id":"23019"},{"arcs":[[-3336,-7327,-4159,-9130,-3470,-7038,-9412]],"type":"Polygon","properties":{"geoid":"50003","name":"Bennington"},"id":"50003"},{"arcs":[[-7270,-9296,-9132,-6636,-8674,-7553]],"type":"Polygon","properties":{"geoid":"27055","name":"Houston"},"id":"27055"},{"arcs":[[-8613,-3034]],"type":"Polygon","properties":{"geoid":"51685","name":"Manassas Park"},"id":"51685"},{"arcs":[[-2507,-4443,-1074,-5807]],"type":"Polygon","properties":{"geoid":"13059","name":"Clarke"},"id":"13059"},{"arcs":[[-8105,-9545,-7990,-8994,-8127,-8100]],"type":"Polygon","properties":{"geoid":"20045","name":"Douglas"},"id":"20045"},{"arcs":[[-1872,-7455,-9540,-6657,-9147,-1905]],"type":"Polygon","properties":{"geoid":"47047","name":"Fayette"},"id":"47047"},{"arcs":[[-471,9577,-4737,-8468,-448]],"type":"Polygon","properties":{"geoid":"13089","name":"DeKalb"},"id":"13089"},{"arcs":[[-5074,-7348,-5525,-5270]],"type":"Polygon","properties":{"geoid":"13043","name":"Candler"},"id":"13043"},{"arcs":[[9578,-5131,-3818,-1152,-4442]],"type":"Polygon","properties":{"geoid":"13147","name":"Hart"},"id":"13147"},{"arcs":[[-1742,-9370,-8475,-9551,-9209,-3545]],"type":"Polygon","properties":{"geoid":"28107","name":"Panola"},"id":"28107"},{"arcs":[[-7961,-9058,-8374,-445,-8585,-7724]],"type":"Polygon","properties":{"geoid":"13057","name":"Cherokee"},"id":"13057"},{"arcs":[[-7417,-3975,-7827,-7826,9579]],"type":"Polygon","properties":{"geoid":"13231","name":"Pike"},"id":"13231"},{"arcs":[[9580,-9173,9581,-5906,-8115,-4787]],"type":"Polygon","properties":{"geoid":"13253","name":"Seminole"},"id":"13253"},{"arcs":[[-9286,-7465,-9470,-1038,-9444,-9425]],"type":"Polygon","properties":{"geoid":"21041","name":"Carroll"},"id":"21041"},{"arcs":[[-7508,-6579,-7237,-6136,-9493,-6220,-9450]],"type":"Polygon","properties":{"geoid":"31161","name":"Sheridan"},"id":"31161"},{"arcs":[[-2591,9582,-8285,-2914,-7109]],"type":"Polygon","properties":{"geoid":"26095","name":"Luce"},"id":"26095"},{"arcs":[[-7594,-8990,-9406,-9514,-7712,-9200,-7704]],"type":"Polygon","properties":{"geoid":"55115","name":"Shawano"},"id":"55115"},{"arcs":[[-9172,-964,-4458,-7822,-5907,-9582]],"type":"Polygon","properties":{"geoid":"13087","name":"Decatur"},"id":"13087"},{"arcs":[[-7187,-4208,-5489,-9393,-8775]],"type":"Polygon","properties":{"geoid":"13005","name":"Bacon"},"id":"13005"},{"arcs":[[-9572,-5132,-9579,-4441,-7299]],"type":"Polygon","properties":{"geoid":"13119","name":"Franklin"},"id":"13119"},{"arcs":[[-6884,-1628,-1603,-5109,-5338]],"type":"Polygon","properties":{"geoid":"21113","name":"Jessamine"},"id":"21113"},{"arcs":[[-9578,-470,-8090,-4664,-4738]],"type":"Polygon","properties":{"geoid":"13247","name":"Rockdale"},"id":"13247"},{"arcs":[[-9065,-2892,-4744,-1402,-1912,-8852,-7295]],"type":"Polygon","properties":{"geoid":"17193","name":"White"},"id":"17193"},{"arcs":[[-8586,-7087,-6597,-8898,-6776,-7035]],"type":"Polygon","properties":{"geoid":"17123","name":"Marshall"},"id":"17123"},{"arcs":[[-8921,-8953,-5652,-8877,-8801]],"type":"Polygon","properties":{"geoid":"01133","name":"Winston"},"id":"01133"},{"arcs":[[-338,-4882,-8070,-9084,-7615,-9085,-7613,-9504,-4687]],"type":"Polygon","properties":{"geoid":"29143","name":"New Madrid"},"id":"29143"},{"arcs":[[-4709,-5999,-7575,-5424,-9489]],"type":"Polygon","properties":{"geoid":"48447","name":"Throckmorton"},"id":"48447"},{"arcs":[[-5011,-8793,-9539,-8511,-6019]],"type":"Polygon","properties":{"geoid":"48483","name":"Wheeler"},"id":"48483"},{"arcs":[[-8140,-8308,-8351,-6769,-8078,-8195]],"type":"Polygon","properties":{"geoid":"26057","name":"Gratiot"},"id":"26057"},{"arcs":[[-749,-6059,-2251,9583]],"type":"Polygon","properties":{"geoid":"48505","name":"Zapata"},"id":"48505"},{"arcs":[[-1424,-9012,-5534,-5619,-5650]],"type":"Polygon","properties":{"geoid":"41037","name":"Lake"},"id":"41037"},{"arcs":[[-9457,-9181,-9397,-966,-9174,-9581,-4786]],"type":"Polygon","properties":{"geoid":"13099","name":"Early"},"id":"13099"},{"arcs":[[9584,-5047,-5567,-8894,-5506]],"type":"Polygon","properties":{"geoid":"27071","name":"Koochiching"},"id":"27071"},{"arcs":[[-9308,-8495,-9390,-9485,-6731]],"type":"Polygon","properties":{"geoid":"39131","name":"Pike"},"id":"39131"},{"arcs":[[-5743,-7418,-9580,-7830,-3986,-8088,-6621]],"type":"Polygon","properties":{"geoid":"13199","name":"Meriwether"},"id":"13199"},{"arcs":[[-6525,-8382,-4468,-9026,-8949]],"type":"Polygon","properties":{"geoid":"48017","name":"Bailey"},"id":"48017"},{"arcs":[[-7071,-4477,-4478,-9431,-9453,-6559]],"type":"Polygon","properties":{"geoid":"26087","name":"Lapeer"},"id":"26087"},{"arcs":[[-9304,-8237,-3825]],"type":"Polygon","properties":{"geoid":"42093","name":"Montour"},"id":"42093"},{"arcs":[[-6037,-6034,-5289,-25,-2279,-4384,-6041,-9195]],"type":"Polygon","properties":{"geoid":"48231","name":"Hunt"},"id":"48231"},{"arcs":[[-9030,-4936,-2810,-6675,-9571]],"type":"Polygon","properties":{"geoid":"28041","name":"Greene"},"id":"28041"},{"arcs":[[-3733,-1975,-9038,-8658,-9214,-8804,-2722]],"type":"Polygon","properties":{"geoid":"27005","name":"Becker"},"id":"27005"},{"arcs":[[-9278,-9281,-5206,-5709]],"type":"Polygon","properties":{"geoid":"27009","name":"Benton"},"id":"27009"},{"arcs":[[-7676,-7799,-8058,-9028,-5564,-5389,-3763,-9110]],"type":"Polygon","properties":{"geoid":"46067","name":"Hutchinson"},"id":"46067"},{"arcs":[[-591,-8457,-5860,-8001,9585]],"type":"Polygon","properties":{"geoid":"12081","name":"Manatee"},"id":"12081"},{"arcs":[[-8626,-6704,-8250,-5836,-706]],"type":"Polygon","properties":{"geoid":"39055","name":"Geauga"},"id":"39055"},{"arcs":[[-6006,-7912,-2323,-6055]],"type":"Polygon","properties":{"geoid":"48425","name":"Somervell"},"id":"48425"},{"arcs":[[-5493,-5543,-8758,-9546,-600,-2074,-1290]],"type":"Polygon","properties":{"geoid":"01053","name":"Escambia"},"id":"01053"},{"arcs":[[-2813,-9441,-7502,-9464,-8183,-8708,-987]],"type":"Polygon","properties":{"geoid":"13259","name":"Stewart"},"id":"13259"},{"arcs":[[-4553,-8025,-7441,-7582,-6351]],"type":"Polygon","properties":{"geoid":"20169","name":"Saline"},"id":"20169"},{"arcs":[[9586,-6565,-1232,-4925]],"type":"Polygon","properties":{"geoid":"26131","name":"Ontonagon"},"id":"26131"},{"arcs":[[-3465,-3813,-7793,-4932,-9430]],"type":"Polygon","properties":{"geoid":"09015","name":"Windham"},"id":"09015"},{"arcs":[[-2828,-1317,-4678,-1338]],"type":"Polygon","properties":{"geoid":"08047","name":"Gilpin"},"id":"08047"},{"arcs":[[-9389,-7334,-6802,-8751,-9039,-6616]],"type":"Polygon","properties":{"geoid":"19113","name":"Linn"},"id":"19113"},{"arcs":[[-9562,-8033,-8064,-8161,-8832]],"type":"Polygon","properties":{"geoid":"19145","name":"Page"},"id":"19145"},{"arcs":[[-6607,-8624,-9368,-8912,-7462,-9285,-6837]],"type":"Polygon","properties":{"geoid":"18137","name":"Ripley"},"id":"18137"},{"arcs":[[-9139,-9542,-7637,-7534,-9011,-7709,-8087]],"type":"Polygon","properties":{"geoid":"55027","name":"Dodge"},"id":"55027"},{"arcs":[[-4104,-9502,-9170,-8882,-4121,-9558]],"type":"Polygon","properties":{"geoid":"20119","name":"Meade"},"id":"20119"},{"arcs":[[-7396,-9416,-9291,-9157,-4310,-9070]],"type":"Polygon","properties":{"geoid":"38049","name":"McHenry"},"id":"38049"},{"arcs":[[-7892,-9567,-8746,-7913,-8893]],"type":"Polygon","properties":{"geoid":"46021","name":"Campbell"},"id":"46021"},{"arcs":[[-8875,-5711,-3738,-5570,-9339]],"type":"Polygon","properties":{"geoid":"27081","name":"Lincoln"},"id":"27081"}]}}}