{"type":"Topology","arcs":[[[22899,39365],[42,0]],[[22941,39365],[63,-1]],[[23004,39364],[-2,-38],[-16,-52],[-6,-83],[-15,-60],[1,-97],[22,-191],[16,-111],[17,-55],[5,-73],[12,43],[19,-33]],[[23057,38614],[0,-247],[-31,1]],[[23026,38368],[0,55],[-57,1],[-10,28],[-30,1],[0,249],[-31,2]],[[22898,38704],[1,661]],[[23592,41907],[127,-5]],[[23719,41902],[0,-616]],[[23719,41286],[-61,-4]],[[23658,41282],[-66,-2]],[[23592,41280],[0,627]],[[19321,50045],[31,0],[0,179],[22,0],[13,194],[23,110],[12,0],[5,55],[18,28],[46,0],[0,112],[17,0],[0,122],[17,-7],[25,63],[12,-26],[26,16]],[[19588,50891],[11,-45],[0,-68],[12,-55],[17,-1],[0,-111],[15,0]],[[19643,50611],[-11,-59],[-4,-161],[0,-250],[167,5],[-10,-30],[-15,-200],[-17,-130],[0,-60]],[[19753,49726],[-104,0]],[[19649,49726],[-128,-1],[-6,12],[-194,-7]],[[19321,49730],[0,315]],[[18974,44985],[0,-977]],[[18974,44008],[-129,-4]],[[18845,44004],[-2,132],[-22,49],[2,91],[-11,125],[4,73],[13,53],[-6,97],[8,75],[-11,51],[0,47]],[[18820,44797],[4,59],[-11,138],[-3,99],[9,38],[65,0],[25,-72],[16,38],[-4,-177],[20,-7],[20,27],[13,45]],[[24378,48957],[33,-1]],[[24411,48956],[0,-667],[-20,-68],[3,-106],[7,-13],[9,-100],[-10,-111],[3,-24]],[[24403,47867],[-24,72],[-18,110],[-30,83],[-11,55]],[[24320,48187],[-18,178],[-1,90],[-9,49],[-35,91]],[[24257,48595],[11,201],[4,141],[7,20],[99,0]],[[22657,42187],[128,1]],[[22785,42188],[0,-664]],[[22785,41524],[-128,0]],[[22657,41524],[0,663]],[[20092,40037],[87,3],[26,8]],[[20205,40048],[54,0]],[[20259,40048],[0,-112],[13,-188],[14,-34],[21,-99],[12,-82],[10,-5],[2,-72],[-20,-133],[-1,-152],[8,-60],[4,-102]],[[20322,39009],[-20,-52],[-20,2],[-14,52],[-7,-36]],[[20261,38975],[-88,1],[-103,7]],[[20070,38983],[-1,1054],[23,0]],[[27659,40568],[25,58],[-3,103],[6,178],[19,97],[1,189],[-18,46],[-2,62],[14,48],[9,73],[-1,46]],[[27709,41468],[0,1]],[[27709,41469],[15,-8],[14,-93],[8,-102],[20,-71],[11,7]],[[27777,41202],[5,-78],[10,-63],[26,11],[8,-43],[33,-52],[9,-79],[18,20],[12,75],[12,-47]],[[27910,40946],[-23,-211]],[[27887,40735],[-19,-174],[-11,-62],[-2,-63],[-24,-76],[-11,-91]],[[27820,40269],[-13,7],[-4,57],[-23,80],[-6,53],[-13,-6],[-9,-51],[-28,-59],[-14,57],[-16,29],[-36,-2]],[[27658,40434],[5,69],[-4,65]],[[23465,30768],[0,276],[31,-1],[0,231]],[[23496,31274],[10,52],[14,2],[12,-47],[5,-61],[14,17],[6,46],[28,-51],[3,130],[14,32]],[[23602,31394],[1,-32],[-5,-830]],[[23598,30532],[-2,-392]],[[23596,30140],[-1,-422]],[[23595,29718],[-133,0]],[[23462,29718],[0,331],[-34,0]],[[23428,30049],[0,332],[17,0],[0,166],[20,0],[0,221]],[[22486,23086],[147,11]],[[22633,23097],[24,-249]],[[22657,22848],[-38,-227],[-24,-308]],[[22595,22313],[-21,-261],[7,-37],[-7,-79]],[[22574,21936],[-63,114]],[[22511,22050],[0,138],[-14,79],[-5,88],[1,106],[11,86],[-13,7],[0,49],[8,128],[-15,52],[0,97]],[[22484,22880],[2,206]],[[28769,45385],[128,42],[37,-3]],[[28934,45424],[-10,-158],[0,-181],[-10,-27],[-10,-139],[8,-131],[-9,-57],[4,-52],[-6,-75]],[[28901,44604],[-1,-227]],[[28900,44377],[-61,1],[0,101],[-51,1],[-6,20],[-6,298]],[[28776,44798],[-7,587]],[[21640,38542],[24,0]],[[21664,38542],[84,-3],[77,0]],[[21825,38539],[-2,-827]],[[21823,37712],[-86,2]],[[21737,37714],[-99,-1]],[[21638,37713],[2,829]],[[25073,32954],[54,-5],[0,40]],[[25127,32989],[21,-105],[14,-89],[19,-17],[21,-94]],[[25202,32684],[-4,-518]],[[25198,32166],[-59,12]],[[25139,32178],[-14,56],[-40,71],[-5,68],[-2,130],[-14,61]],[[25064,32564],[6,50],[3,340]],[[23606,55152],[179,1],[1,101],[86,-8],[107,-6]],[[23979,55240],[0,-327],[6,0],[-3,-611],[2,-54],[-1,-500],[3,-158]],[[23986,53590],[-200,7]],[[23786,53597],[0,345],[-10,41],[7,82],[-20,83],[-22,-26],[-11,62],[-14,27],[-1,108],[-14,114],[-11,23],[-58,-124],[-25,56]],[[23607,54388],[-1,764]],[[29881,45362],[168,-28],[11,76]],[[30060,45410],[5,-126],[-5,-26],[33,-110],[22,13],[7,-39],[-12,-104],[11,-46],[-5,-57],[8,-62]],[[30124,44853],[-4,-82],[-11,-82],[-14,29],[-8,-83]],[[30087,44635],[-2,-50]],[[30085,44585],[-7,-40]],[[30078,44545],[-11,68],[-11,18],[-17,-29],[8,-123],[-13,-66],[-36,-109]],[[29998,44304],[-8,61],[-21,13],[-6,43],[5,79],[22,26],[5,109],[-27,-37],[-11,74],[18,119],[8,206],[-2,44],[-23,18],[-4,-55],[-12,13],[4,154],[-31,63],[-19,-12],[-4,70],[-11,70]],[[29300,42712],[122,85]],[[29422,42797],[-2,-135],[19,-158],[-68,-214],[20,-169],[0,-51]],[[29391,42070],[-8,-69],[-10,-15],[-17,-114]],[[29356,41872],[-38,69]],[[29318,41941],[7,152]],[[29325,42093],[1,282],[-23,196],[7,70],[-10,71]],[[21057,48971],[169,0],[1,165],[0,665]],[[21227,49801],[90,-2],[177,0]],[[21494,49799],[0,-1004]],[[21494,48795],[0,-2]],[[21494,48793],[-10,-14],[-21,-129],[-12,18],[-10,-35],[-9,48],[-17,-21],[-4,-118],[-12,-58],[-7,-136],[3,-89],[-9,-47],[0,-126],[-151,1],[-145,0]],[[21090,48087],[-1,221],[-33,-1],[1,168],[0,496]],[[27134,38629],[9,67]],[[27143,38696],[9,23],[4,88],[30,-12],[4,136],[28,134],[14,-40],[10,-88]],[[27242,38937],[13,-78],[16,-10],[7,-53]],[[27278,38796],[-8,-16],[-8,-141]],[[27262,38639],[-26,-85],[-9,-11],[-44,-208]],[[27183,38335],[-46,132]],[[27137,38467],[-3,162]],[[23336,45740],[132,0]],[[23468,45740],[0,-666]],[[23468,45074],[-132,2]],[[23336,45076],[0,664]],[[25640,33433],[38,-161],[20,22]],[[25698,33294],[1,-32],[-11,-159],[-8,-62],[-6,-232],[-11,-65],[-5,-93]],[[25658,32651],[-36,8]],[[25622,32659],[5,200],[5,42],[-11,73],[6,39],[4,133],[-22,43],[-15,-11]],[[25594,33178],[1,61],[9,46],[19,55],[8,73],[9,20]],[[23868,29400],[20,-2]],[[23888,29398],[15,-2],[-1,-111],[44,-6],[0,-56],[31,-4],[15,-17],[3,-146],[38,-9]],[[24033,29047],[-2,-328],[-15,5],[4,-104],[7,-25],[1,-104],[8,-36],[-5,-67]],[[24031,28388],[-38,-76],[-11,35],[-9,-22]],[[23973,28325],[-10,74],[-11,-29],[-11,53],[-20,30],[-3,101],[-20,115]],[[23898,28669],[-2,55],[-15,123],[-6,152],[2,139],[-15,21],[6,74],[0,167]],[[26659,33832],[75,142],[16,7],[1,77],[17,136],[28,6],[26,67]],[[26822,34267],[12,-86],[17,-91]],[[26851,34090],[-16,-101],[2,-26],[-35,-110],[-10,-157]],[[26792,33696],[-77,1],[-4,8],[-55,-2]],[[26656,33703],[-56,7]],[[26600,33710],[17,63],[23,59],[19,0]],[[23620,48323],[22,-47],[11,-48],[30,-39],[17,-64],[22,17],[-6,100],[4,34]],[[23720,48276],[68,-1],[0,-83]],[[23788,48192],[0,-663]],[[23788,47529],[-134,0]],[[23654,47529],[-34,0]],[[23620,47529],[0,497]],[[23620,48026],[0,297]],[[19847,49727],[219,-2],[12,-6],[228,-5]],[[20306,49714],[67,-1]],[[20373,49713],[0,-237],[3,-21],[0,-288],[1,-273]],[[20377,48894],[-117,-4],[-65,-9],[-197,5]],[[19998,48886],[-6,69],[-38,74],[-6,84],[-20,38],[-14,-35],[-19,65],[-4,107],[-16,36],[-6,106],[-9,55],[3,78],[-8,36],[1,99],[-9,29]],[[25021,21236],[11,62],[21,53],[2,-92],[12,-20],[-2,-53],[-35,13],[-9,37]],[[24877,21127],[6,-107],[13,-25],[12,24],[1,-71],[11,-64],[19,-22],[11,31],[7,157],[-3,55],[25,90],[3,70],[14,-77],[2,-135],[12,-41],[3,-95],[15,56],[11,131],[14,-44],[-4,-68],[-11,-8],[-10,-47],[0,-95],[-19,-24],[13,-105],[-16,10],[-10,-94],[2,-82],[-26,8],[-4,-68],[7,-59]],[[24975,20428],[-6,31]],[[24969,20459],[-5,2]],[[24964,20461],[-23,53],[-25,146],[-17,-2],[-8,81],[-17,-6],[-12,138]],[[24862,20871],[-2,91],[-26,58],[6,83],[11,-16],[16,41],[10,-1]],[[23677,44405],[65,0]],[[23742,44405],[65,-1]],[[23807,44404],[0,-659]],[[23807,43745],[-33,0]],[[23774,43745],[-97,-1]],[[23677,43744],[0,661]],[[27075,43061],[29,-42],[15,24],[18,-16],[41,140],[19,102],[12,33]],[[27209,43302],[0,-117],[27,0]],[[27236,43185],[0,-423]],[[27236,42762],[-58,6],[10,-138],[-34,-3]],[[27154,42627],[-54,-4]],[[27100,42623],[1,144],[-27,1],[1,293]],[[27475,28071],[10,58],[5,77],[24,2],[-1,100],[35,35],[4,34],[34,123],[45,149]],[[27631,28649],[8,-116],[19,-1]],[[27658,28532],[-11,-127],[-8,-16],[-14,-81],[6,-88],[-13,-145],[-23,-284]],[[27595,27791],[-14,-35],[1,-55],[-20,-11]],[[27562,27690],[-15,6],[-22,-32],[-23,91],[-5,86],[-12,68]],[[27485,27909],[-5,31],[-5,131]],[[15843,45905],[0,136],[53,16],[7,141],[11,133],[13,87],[-5,31],[-6,153],[-18,116],[-13,33]],[[15885,46751],[1,109],[-6,45],[6,70],[35,111]],[[15921,47086],[187,2]],[[16108,47088],[0,-496],[-4,0],[-1,-833],[0,-330],[130,-5],[1,-776],[0,-655]],[[16234,43993],[-158,7]],[[16076,44000],[-137,12],[-98,9]],[[15841,44021],[1,227],[0,662],[1,444],[0,551]],[[27595,27791],[6,17],[32,-14],[24,-106],[7,-76],[17,-48],[15,-106],[18,-33]],[[27714,27425],[32,-62],[7,-43],[21,-28],[4,-41]],[[27778,27251],[-11,-19],[-8,-88],[-10,-4],[-26,-61],[-5,-62],[-19,-146],[-9,-48],[-1,-59],[-21,-87],[-4,-74],[-21,-46],[-10,61],[-13,35],[-12,189],[-12,-21],[-14,64]],[[27582,26885],[-52,236],[11,69],[-10,32],[-8,113]],[[27523,27335],[12,12],[17,69],[10,174],[0,100]],[[30025,43977],[5,0],[79,210]],[[30109,44187],[8,-252],[15,-73],[6,-122],[-17,-85],[3,-71],[29,23],[10,-59],[12,-251]],[[30175,43297],[-25,-29],[-1,-123],[-29,-98],[-23,0]],[[30097,43047],[-3,310],[-17,29]],[[30077,43386],[-9,67]],[[30068,43453],[-10,80],[-15,45]],[[30043,43578],[-9,90],[3,143],[-12,-9],[0,175]],[[29581,45065],[27,-28],[2,-109],[27,-33],[4,-40],[16,14],[-1,-90],[60,53],[2,-50],[30,26],[7,-165],[10,18]],[[29765,44661],[11,-80],[18,18],[-3,-126]],[[29791,44473],[-32,-48],[-17,-66],[-2,88],[-53,-38],[-8,45],[-19,-42],[1,-57],[-26,31],[-4,71],[-33,4],[9,50],[-1,128],[-19,22],[-13,-60]],[[29574,44601],[-18,31],[0,115],[15,-18],[12,306],[-2,30]],[[18457,35424],[0,83],[61,1]],[[18518,35508],[89,-1],[0,-13],[145,-1],[91,7],[124,1],[118,2]],[[19085,35503],[-7,-122],[-13,8],[-1,-157],[-5,-104],[-20,-37],[-15,-66],[1,-50],[-10,-168],[-16,-55],[-10,-69],[-17,-23],[-19,17],[-16,-10],[-19,-155],[-10,33],[-24,-70],[-12,-1]],[[18872,34474],[-126,-1],[-188,-1]],[[18558,34472],[-100,0]],[[18458,34472],[-1,952]],[[28110,32217],[20,230],[49,504]],[[28179,32951],[7,-44],[18,3],[8,-69],[29,-7],[24,22]],[[28265,32856],[-3,-82],[-18,-197],[-15,-266]],[[28229,32311],[-5,-56],[-15,11],[-82,-216]],[[28127,32050],[-16,80],[-1,87]],[[29908,44021],[84,17]],[[29992,44038],[33,3],[0,-64]],[[30043,43578],[-11,-59]],[[30032,43519],[-8,26]],[[30024,43545],[-15,2],[-5,-52],[-93,-14]],[[29911,43481],[-3,540]],[[27887,40735],[35,-1],[11,-65],[12,-10],[52,-4]],[[27997,40655],[-22,-331],[-7,-24],[2,-445],[-14,-192]],[[27956,39663],[-34,0]],[[27922,39663],[-129,-3]],[[27793,39660],[-2,71],[9,118],[-14,64],[5,89],[29,267]],[[26979,29674],[22,97],[0,102],[25,375]],[[27026,30248],[8,-69],[8,-8],[6,-84],[17,-74],[15,-24],[11,-89],[17,-15]],[[27108,29885],[37,-83],[21,-34]],[[27166,29768],[-17,-148],[-5,-12],[-17,-161],[-15,-43],[-16,-81],[-3,-70],[-11,-115]],[[27082,29138],[-10,67],[-8,6],[-21,110],[-24,60],[-1,38],[-20,113]],[[26998,29532],[-19,142]],[[22940,17730],[3,106]],[[22943,17836],[4,-89],[-7,-17]],[[22987,18667],[16,24],[3,-36],[40,-4],[7,-56],[23,3]],[[23076,18598],[0,-63],[-16,-480]],[[23060,18055],[-18,-140],[-32,-102],[-20,-79],[-34,-155],[-28,-154]],[[22928,17425],[7,101]],[[22935,17526],[2,95]],[[22937,17621],[1,9]],[[22938,17630],[9,41],[24,24],[12,84],[21,105],[39,79],[-3,145],[-17,-68],[-20,-62],[-11,-66],[-17,-3],[-6,66],[0,106],[-12,9],[-10,71]],[[22947,18161],[-8,-31],[-21,147]],[[22918,18277],[-4,114],[-7,37],[21,93],[36,66],[23,80]],[[18575,36659],[9,5]],[[18584,36664],[107,-2],[61,4]],[[18752,36666],[119,-2],[164,4],[250,-1]],[[19285,36667],[-10,-71],[-14,-16],[-21,-212],[-13,20],[-18,-112],[-4,-103],[-13,13],[-28,-14],[-11,-23],[0,-53],[-10,-86],[-10,-12],[8,-122],[-11,-63],[-4,-103],[-28,-92],[-1,-58],[-12,-57]],[[18518,35508],[-2,499],[31,-2],[0,148],[31,16],[-3,166],[0,324]],[[21449,32670],[150,0]],[[21599,32670],[0,-823]],[[21599,31847],[0,-7]],[[21599,31840],[-150,0]],[[21449,31840],[0,14]],[[21449,31854],[0,816]],[[22947,52835],[141,0]],[[23088,52835],[0,-664],[4,0],[0,-331]],[[23092,51840],[0,-166]],[[23092,51674],[-87,0]],[[23005,51674],[6,119],[-10,192],[-2,275],[-19,87],[-14,125],[-9,209],[1,49],[-11,105]],[[23119,22692],[85,79]],[[23204,22771],[9,-446]],[[23213,22325],[7,-558],[0,-176]],[[23220,21591],[-79,-32],[-1,-6]],[[23140,21553],[2,119],[-19,81]],[[23123,21753],[2,104],[11,64],[-7,137],[-15,187],[6,107],[-4,124],[5,114],[-6,49],[4,53]],[[23801,27763],[66,-11]],[[23867,27752],[0,-55],[33,-6]],[[23900,27691],[-6,-61],[-12,-185],[-3,-109],[-12,4],[-2,-461]],[[23865,26879],[-8,0]],[[23857,26879],[-80,2]],[[23777,26881],[-16,143],[4,87],[21,47],[14,110],[10,106],[5,107],[-10,9],[2,69],[-13,127],[7,77]],[[19272,39822],[0,562],[0,853],[0,498]],[[19272,41735],[29,-87],[30,36],[18,40],[47,46],[5,-147],[21,13],[12,64],[0,128],[53,0],[1,-138],[10,0],[1,-195],[11,-40],[20,0]],[[19530,41455],[0,-839]],[[19530,40616],[0,-1072]],[[19530,39544],[0,-310]],[[19530,39234],[-10,-11],[-6,-57],[-139,0],[-97,-1],[-19,14]],[[19259,39179],[2,43],[-6,143],[5,36],[3,118],[7,32],[-1,147],[16,17],[3,69],[-16,38]],[[16765,55338],[34,28]],[[16799,55366],[11,-72],[23,-38],[12,81],[10,-30],[23,10],[10,-33],[0,-76],[21,0],[3,-56],[15,-29],[10,21],[4,101]],[[16941,55245],[25,92],[15,-27],[15,-84],[8,-99],[11,-62],[18,11],[6,55],[15,-22],[16,47],[16,-42]],[[17086,55114],[0,-1078]],[[17086,54036],[-39,0]],[[17047,54036],[-134,1],[-150,1]],[[16763,54038],[1,732],[1,568]],[[30085,44585],[2,50]],[[30124,44853],[17,-2]],[[30141,44851],[-7,-70],[-7,-146],[-7,-56]],[[30120,44579],[-29,-124],[-13,90]],[[28901,44604],[30,14],[11,57],[34,66],[15,66],[20,17],[49,159],[19,-12],[18,22]],[[29097,44993],[26,-179],[49,-132]],[[29172,44682],[4,-11],[-30,-282],[23,-61]],[[29169,44328],[-91,-292]],[[29078,44036],[-102,-314]],[[28976,43722],[-14,33],[-19,4],[-4,130],[-9,19],[-14,96]],[[28916,44004],[-11,22],[-6,59],[1,292]],[[17097,28648],[31,-143]],[[17128,28505],[25,-194],[13,-23],[0,-90],[17,-12],[17,-88],[-27,-236],[0,-55]],[[17173,27807],[0,-64],[-19,-34],[-5,-126]],[[17149,27583],[-7,65],[-29,117],[-16,112],[-25,97],[-15,27],[-21,90],[-24,147],[-8,23]],[[17004,28261],[15,146],[1,50],[23,108],[0,83],[54,0]],[[29452,47445],[16,9]],[[29468,47454],[5,-106]],[[29473,47348],[-18,-226],[-1,-96],[9,-31],[11,109],[16,-1],[15,-188],[-2,-403]],[[29503,46512],[-6,-707]],[[29497,45805],[-100,-5]],[[29397,45800],[12,156],[5,148],[-5,74],[3,132],[-4,68],[0,117]],[[29408,46495],[-11,386],[9,114],[6,12],[15,118],[9,34],[16,286]],[[26582,30955],[25,-6],[9,-90],[8,-27],[20,-176],[9,-11]],[[26653,30645],[-18,-2]],[[26635,30643],[-20,-11],[-88,1]],[[26527,30633],[-19,0]],[[26508,30633],[13,75],[0,50],[14,48],[19,126],[28,23]],[[16634,30469],[17,-1],[0,-51],[30,-3],[9,-28],[0,-83],[74,-5],[0,-41],[27,-3]],[[16791,30254],[68,-947],[1,-98],[-10,0],[0,-138],[-33,0],[-43,-178],[-1,-55]],[[16773,28838],[-39,102],[-12,3],[-24,86],[-18,230],[-31,98],[-11,71],[-13,36]],[[16625,29464],[7,43],[3,113],[-1,849]],[[16597,27375],[14,13],[19,-55],[-3,-80],[-21,34],[-9,88]],[[22941,46072],[98,-1]],[[23039,46071],[-15,-64],[5,-76],[-3,-96],[-10,-97]],[[23016,45738],[-3,-130],[-24,-147],[2,-101],[25,-105],[6,-48],[5,-132]],[[23027,45075],[6,-9],[0,-127],[9,2]],[[23042,44941],[-16,-15],[-16,71],[-12,-30],[-8,38]],[[22990,45005],[-2,53],[-20,107],[6,86],[-32,36],[-1,61]],[[22941,45348],[0,724]],[[26539,26554],[51,200]],[[26590,26754],[4,-69],[10,-55],[17,0],[24,-82]],[[26645,26548],[3,-84],[-21,-120],[-9,-86],[3,-54]],[[26621,26204],[-21,23],[-8,30]],[[26592,26257],[-9,2],[-23,81],[-12,118],[-9,42],[0,54]],[[15663,51101],[40,-1],[7,15]],[[15710,51115],[-1,-136],[25,-75],[56,-76],[10,-28],[16,24],[14,-53],[23,-1]],[[15853,50770],[18,57],[23,11],[50,126]],[[15944,50964],[4,-246],[9,-9],[15,-103]],[[15972,50606],[-91,-2],[-138,2],[-2,-55],[-26,1]],[[15715,50552],[0,164],[-40,193],[-12,28],[0,164]],[[22646,25103],[65,229],[5,-7]],[[22716,25325],[12,-48],[5,-55],[22,46]],[[22755,25268],[-6,-87],[7,-79],[-6,-51],[2,-81],[17,-18],[12,-67],[-16,-75],[11,-45],[10,-86],[10,-45],[14,-15],[-14,-86],[14,-82]],[[22810,24451],[-91,-300]],[[22719,24151],[-24,235],[-21,-74]],[[22674,24312],[-67,659]],[[22607,24971],[39,132]],[[24675,39957],[13,86],[6,125]],[[24694,40168],[23,70],[1,69],[9,31],[12,90]],[[24739,40428],[11,-16],[7,-108],[43,6],[26,89],[13,0]],[[24839,40399],[0,-394]],[[24839,40005],[0,-56]],[[24839,39949],[-68,1],[-96,7]],[[27030,23050],[14,0],[5,125],[35,-54]],[[27084,23121],[9,-15],[3,-248],[-3,-155]],[[27093,22703],[-17,-20],[-2,-75],[-18,-46],[-3,-189],[10,-118],[-2,-226],[-5,-77],[-4,-138]],[[27052,21814],[-15,11],[-18,-17],[-11,125],[2,115],[-11,101],[8,58]],[[27007,22207],[18,412],[-8,12],[-68,8],[2,417],[79,-6]],[[23790,39285],[0,166]],[[23790,39451],[134,8]],[[23924,39459],[4,-140],[-3,-111],[19,-104],[12,13],[12,-35],[5,-66]],[[23973,39016],[-27,35],[2,-69],[-8,-66],[-16,-37],[-15,-4],[0,-114],[-19,-44],[-1,64],[-20,62]],[[23869,38843],[-7,-143],[-17,4],[-6,39],[-19,15],[-13,-73],[-17,-6]],[[23790,38679],[0,606]],[[20922,44009],[50,-3],[132,6]],[[21104,44012],[10,-1]],[[21114,44011],[1,-495],[-3,-84]],[[21112,43432],[-190,-3]],[[20922,43429],[0,580]],[[26407,50105],[33,0]],[[26440,50105],[66,-1],[36,7]],[[26542,50111],[1,-327],[-3,0],[0,-332]],[[26540,49452],[-134,-3]],[[26406,49449],[1,656]],[[29722,43212],[16,35]],[[29738,43247],[7,-24],[16,30],[-2,73],[16,54],[11,80]],[[29786,43460],[24,-89],[56,-63],[26,19],[20,-8]],[[29912,43319],[-1,-83]],[[29911,43236],[-2,-343],[-13,-21],[4,-121],[-9,-42]],[[29891,42709],[-4,30],[-29,-11],[-9,-44],[-10,23],[-24,-38],[-12,44],[-23,-75],[-16,-10],[-9,64]],[[29755,42692],[-8,73],[-2,68],[-11,13],[-1,60],[34,24],[-5,187],[-30,-18],[-10,113]],[[26886,25914],[41,-27],[33,-110],[-8,-166]],[[26952,25611],[-66,-80],[-2,-27]],[[26884,25504],[-19,23]],[[26865,25527],[-3,62],[10,144],[3,82],[11,16],[0,83]],[[27333,30942],[10,15],[-2,213],[17,250]],[[27358,31420],[2,169]],[[27360,31589],[11,50],[34,-17]],[[27405,31622],[9,-174],[-4,-25],[21,-105],[7,-148],[32,-115]],[[27470,31055],[-60,-328],[-21,-67]],[[27389,30660],[-18,143]],[[27371,30803],[-8,59],[-30,-119],[-4,79],[7,52],[-3,68]],[[26981,36270],[32,196],[-10,46],[-12,189],[2,114]],[[26993,36815],[5,75],[9,34],[5,71],[41,97]],[[27053,37092],[0,-161],[16,-40],[21,108]],[[27090,36999],[27,-17],[4,-129],[-8,-76]],[[27113,36777],[-5,-66],[-23,-47],[-6,-61],[-5,-134],[11,-43]],[[27085,36426],[-31,-20],[-41,-76]],[[27013,36330],[-32,-60]],[[27403,27188],[81,293],[5,-103],[16,-43],[18,0]],[[27582,26885],[-5,-37],[25,-142],[-6,-79],[-13,2],[-5,-63],[2,-69],[-40,63],[-28,14]],[[27512,26574],[1,130],[-6,77],[2,151],[-34,44],[-13,-23],[-12,18],[-19,135],[-13,63],[-15,19]],[[28983,42039],[-3,42],[29,93],[17,104]],[[29026,42278],[55,-349]],[[29081,41929],[-23,-204],[-11,-31]],[[29047,41694],[-22,-149],[-13,-29],[-26,-105],[-10,-20],[-12,-71]],[[28964,41320],[-2,32]],[[28962,41352],[-2,158],[9,165],[17,25],[16,157],[-19,182]],[[27229,18807],[-2,-95],[-10,-42],[0,-140],[36,-1],[1,-55],[95,4]],[[27349,18478],[9,-22],[6,-73],[-1,-57],[14,-43],[-3,-83],[2,-142],[7,-86]],[[27383,17972],[-87,1],[-134,-2]],[[27162,17971],[-1,800],[4,37],[64,-1]],[[26386,32876],[7,8],[12,94]],[[26405,32978],[20,8],[17,-83],[4,128],[44,-28],[-2,34],[14,94],[6,-51]],[[26508,33080],[10,-115],[7,-45]],[[26525,32920],[-20,-98],[-22,-126],[10,-63],[-26,-93],[-11,16],[-9,-95],[-14,-68]],[[26433,32393],[-13,156],[-6,109]],[[26414,32658],[-10,88],[-12,25],[-8,59],[2,46]],[[24619,33515],[58,0]],[[24677,33515],[100,-2]],[[24777,33513],[17,-1],[6,-159],[20,-60],[-6,-210],[-9,-12],[-7,-73],[-14,-50]],[[24784,32948],[-36,-1],[0,111],[-135,15]],[[24613,33073],[15,32],[1,246],[-9,51],[-1,113]],[[28846,36909],[69,23],[16,122],[-9,186]],[[28922,37240],[81,-2]],[[29003,37238],[-10,-242],[-5,-24],[-25,-411],[-14,-132]],[[28949,36429],[-106,-62]],[[28843,36367],[-11,91],[23,50],[10,73],[-9,65],[9,73],[-17,134],[-2,56]],[[23406,51173],[0,28]],[[23406,51201],[138,1]],[[23544,51202],[103,2]],[[23647,51204],[4,-63],[14,-78],[1,-156],[15,-115]],[[23681,50792],[3,-126],[26,-134]],[[23710,50532],[-14,-152],[-17,-75],[-10,29],[-16,-20],[-3,-47]],[[23650,50267],[-34,-2],[0,84],[-106,-1]],[[23510,50348],[1,165],[-103,-1]],[[23408,50512],[-3,329],[1,332]],[[23272,22897],[51,244]],[[23323,23141],[0,-230],[11,-87],[3,-73],[16,11]],[[23353,22762],[-9,-677]],[[23344,22085],[0,9],[-66,0],[-65,231]],[[23204,22771],[22,29],[20,59],[23,-20],[3,58]],[[28544,38693],[22,44]],[[28566,38737],[9,-56],[15,0]],[[28590,38681],[2,-57],[26,-87],[2,-106],[-4,-46],[12,-76],[-23,-60],[8,-77],[-18,-169],[4,-71],[-16,-134],[8,-61]],[[28591,37737],[-24,15],[-3,89],[-17,-36]],[[28547,37805],[-8,62],[13,235],[-6,39],[-3,113],[-13,94],[-24,69],[-2,64]],[[28504,38481],[14,43],[12,103],[14,66]],[[18803,53374],[33,0],[0,166],[71,1],[36,21],[0,146],[21,-1],[3,-157],[21,-1],[23,-46],[15,-66],[0,-45],[27,-50],[3,-70],[27,-69]],[[19083,53203],[9,-98],[16,-2],[0,-62],[31,-113],[22,26],[13,-33],[15,66]],[[19189,52987],[0,-420],[-2,0],[0,-514]],[[19187,52053],[0,-69]],[[19187,51984],[-36,15],[-104,1]],[[19047,52000],[-78,0]],[[18969,52000],[-4,106],[-14,47],[3,84],[17,155],[-12,66],[-14,34],[-11,-38],[-16,14],[-2,97],[-11,73],[-13,22],[6,58],[-3,122],[-23,14],[-9,96],[-3,98],[-12,39]],[[18848,53087],[1,52],[-30,38],[-12,64],[12,91],[-16,42]],[[23965,21931],[18,29],[81,-2],[1,96],[40,0]],[[24105,22054],[-1,-13]],[[24104,22041],[10,-100],[-8,-89],[0,-290],[10,-54],[-9,-103],[-1,-106]],[[24106,21299],[-31,-104]],[[24075,21195],[-72,1]],[[24003,21196],[0,85],[30,0],[-5,90],[3,51],[-28,0],[-1,198],[-9,0],[0,227],[-28,1],[0,44]],[[23965,21892],[0,39]],[[24201,21404],[9,45],[1,77],[20,57],[0,55],[10,55]],[[24241,21693],[15,78],[9,73],[8,-32],[10,14]],[[24283,21826],[10,-16],[2,-159],[-9,-180],[16,10],[5,-63],[-8,-66],[-5,-90]],[[24294,21262],[-4,-68]],[[24290,21194],[-28,70],[-7,104],[-10,-24],[-21,51],[-23,9]],[[26969,42915],[2,-275]],[[26971,42640],[-28,0],[-111,11]],[[26832,42651],[-2,268],[-15,0]],[[26815,42919],[25,75],[13,-46],[24,61],[22,-111],[25,-69],[8,-3],[37,89]],[[25367,30452],[14,26],[21,-45],[10,-67],[5,-82],[23,-120],[9,-18],[21,31],[6,47],[26,50],[10,44],[15,20],[28,-62]],[[25555,30276],[2,-63],[-9,-135],[0,-90],[-9,-2],[-7,-118],[-6,-36]],[[25526,29832],[-124,17],[-46,11]],[[25356,29860],[11,592]],[[20924,56655],[184,-1],[139,0]],[[21247,56654],[0,-166]],[[21247,56488],[1,-331],[15,0],[0,-475]],[[21263,55682],[-21,-4],[-19,31],[-33,-19],[-4,36],[-27,-22],[-21,-147],[-28,-63],[-14,21],[-16,-56],[-27,90],[9,46],[-16,69],[-19,16],[-18,-56],[8,-67],[-10,-33],[-10,36],[-5,-125],[-15,2],[-18,-75],[-13,57],[-11,-36],[-10,56]],[[20925,55439],[-1,750]],[[20924,56189],[0,466]],[[23795,21892],[12,65],[-5,85],[3,56],[-8,38],[6,107],[10,13],[-2,89],[18,102],[3,102],[16,163],[-2,68]],[[23846,22780],[10,20],[12,-38],[16,45],[80,0],[44,-9]],[[24008,22798],[0,-535],[-43,1],[0,-333]],[[23965,21892],[-71,-1],[1,167],[-29,0],[0,-167],[-71,1]],[[23353,22762],[4,73],[17,17],[6,-38],[0,-87],[9,-32]],[[23389,22695],[19,-81],[-5,-123],[15,-108],[11,37],[9,-58],[4,-83],[12,-56],[37,-88],[-5,-71]],[[23486,22064],[2,-11],[-90,-272]],[[23398,21781],[-10,13],[-10,53],[-19,49],[-15,189]],[[26808,25195],[15,90],[-3,26]],[[26820,25311],[7,-4],[38,220]],[[26884,25504],[5,-54],[1,-140],[5,-87],[5,-259],[14,-62],[1,-44]],[[26915,24858],[-29,-76]],[[26886,24782],[-13,73],[-10,95],[-16,30],[-4,42],[-24,67],[-11,106]],[[26952,25611],[15,-76],[1,-40],[20,3],[14,47]],[[27002,25545],[5,-171],[8,-94],[-3,-75],[-8,-434]],[[27004,24771],[-19,56],[-22,-2],[-17,47]],[[26946,24872],[-14,6]],[[26932,24878],[11,474],[1,144],[8,115]],[[28448,37875],[1,12]],[[28449,37887],[36,193],[-26,139]],[[28459,38219],[3,51],[28,264]],[[28490,38534],[14,-53]],[[28547,37805],[-5,-72],[9,-178],[-1,-155]],[[28550,37400],[-18,43],[-2,112],[-32,79],[-12,-14],[-17,19],[-15,-25],[-9,-53],[-10,163]],[[28435,37724],[13,38],[0,113]],[[24849,33764],[72,-3],[-1,442],[3,0]],[[24923,34203],[48,19]],[[24971,34222],[21,-153],[0,-41],[20,-123],[13,-135]],[[25025,33770],[-11,-14],[-14,-240]],[[25000,33516],[-13,-80],[-6,77]],[[24981,33513],[5,62],[-5,80],[-19,10],[-5,-57],[9,-94]],[[24966,33514],[4,-32],[-5,-117],[9,-88],[-10,-71]],[[24964,33206],[0,45],[-18,97],[-19,-19],[-13,50],[-7,-78],[-59,5]],[[24848,33306],[1,458]],[[28476,41408],[17,94],[6,67],[2,166],[14,138]],[[28515,41873],[-15,64],[-8,107],[4,51],[3,141],[-7,41],[-4,87]],[[28488,42364],[4,34],[26,35],[16,-7]],[[28534,42426],[-1,-154],[-11,-158],[-5,-117],[37,40],[16,-49],[21,-113]],[[28591,41875],[7,-111],[25,17],[9,-111]],[[28632,41670],[-89,-224]],[[28543,41446],[-46,-58],[-17,-35],[-6,36]],[[28474,41389],[2,19]],[[24839,40399],[6,51],[29,2],[16,-28],[17,9],[23,65],[18,-73]],[[24948,40425],[7,-57],[0,-222]],[[24955,40146],[-33,-2],[-1,-111],[-19,-28],[-63,0]],[[26939,21383],[27,9],[61,4]],[[27027,21396],[-2,-63],[-21,-145],[-10,-11],[-13,-137],[-31,-64]],[[26950,20976],[-26,43],[-5,-9]],[[26919,21010],[-11,65],[-1,69],[10,27],[0,57],[10,64],[12,32],[0,59]],[[24913,26146],[0,478]],[[24913,26624],[0,86],[114,3]],[[25027,26713],[1,-677]],[[25028,26036],[-2,0]],[[25026,26036],[-113,2],[0,108]],[[21654,44181],[162,-8]],[[21816,44173],[1,-663]],[[21817,43510],[-157,6]],[[21660,43516],[-6,-1]],[[21654,43515],[0,666]],[[15602,49192],[1,55]],[[15603,49247],[29,-21],[9,-95],[21,53],[10,55],[27,89],[23,-4],[8,-27],[21,25],[31,-73],[49,17],[11,-11],[16,-105],[8,-4],[17,56],[30,-76],[65,-4]],[[15978,49122],[-3,-132],[4,-38],[-6,-114],[-8,-83],[1,-187]],[[15966,48568],[1,-171],[11,-86]],[[15978,48311],[-64,-8],[-83,-2],[0,-41],[-16,-27],[-33,9],[-9,25],[-29,27],[-2,33],[-32,46],[-29,-6],[-11,-54],[0,-111],[-73,-2],[5,51],[-9,109]],[[15593,48360],[-10,57],[-6,117],[3,105],[6,25],[-2,118],[-13,95],[27,158],[16,3],[9,34],[-21,120]],[[26272,27819],[64,-2],[3,-15]],[[26339,27802],[-4,-52],[2,-128],[12,-96],[13,-59],[9,-132]],[[26371,27335],[-2,-70]],[[26369,27265],[-97,5],[-3,-62]],[[26269,27208],[0,62],[-21,2]],[[26248,27272],[-22,383]],[[26226,27655],[8,30],[12,-9],[26,143]],[[23290,40696],[104,-5]],[[23394,40691],[31,-2],[4,-238],[3,-11]],[[23432,40440],[0,-99],[10,-60],[6,-199],[-2,-85]],[[23446,39997],[-12,-62],[-12,-7],[-17,38],[-1,38],[-17,13],[-28,175]],[[23359,40192],[-32,112],[6,129],[-21,106],[-1,115],[-20,37]],[[23291,40691],[-1,5]],[[28815,37960],[47,11],[25,144],[13,6],[5,64],[11,19],[14,-22]],[[28930,38182],[2,-63],[32,-203],[30,-66],[4,-212],[5,-400]],[[28922,37240],[-99,15],[-2,192]],[[28821,37447],[-1,142]],[[28820,37589],[-5,371]],[[16062,41041],[47,0]],[[16109,41041],[75,2],[-1,-363],[17,-67],[16,0],[5,-55],[15,14],[0,80],[21,69],[9,73],[32,-16],[8,-42],[13,0],[34,-152],[5,-69],[26,-104],[26,-14],[11,-41],[2,-139],[26,-141],[-1,-331],[-10,-56],[0,-55]],[[16438,39634],[-141,-3],[-7,-56],[-20,82],[-11,-18],[-6,61],[-17,64],[-17,-71],[-2,-99],[-19,-90]],[[16198,39504],[-19,-80]],[[16179,39424],[-16,58],[-21,138],[-11,103],[-19,81],[-12,112],[-14,30],[-3,111],[1,165],[10,68],[2,109],[-17,82]],[[16079,40481],[21,141],[4,166],[-10,53],[-24,18],[-3,132],[-5,50]],[[27079,19140],[82,1],[0,166],[6,0],[-1,437]],[[27166,19744],[9,-141],[14,-5],[8,-43],[8,-152],[12,-37],[29,-179],[0,-164],[-3,-37]],[[27243,18986],[-15,-122],[1,-57]],[[27162,17971],[-84,-3]],[[27078,17968],[1,449],[0,723]],[[28659,42818],[18,312]],[[28677,43130],[6,204],[23,7]],[[28706,43341],[0,-16],[110,-2]],[[28816,43323],[-23,-225],[9,-35],[-18,-150]],[[28784,42913],[-47,-81],[-78,-14]],[[27714,35926],[19,188],[-11,25]],[[27722,36139],[10,116],[8,36],[20,154],[8,97]],[[27768,36542],[83,-328],[7,-44]],[[27858,36170],[4,-67],[-8,-101]],[[27854,36002],[-7,-28],[-10,46],[-18,-118],[-13,-171],[-26,-83]],[[27780,35648],[-1,-103],[-16,-58]],[[27763,35487],[-22,91],[1,30],[-30,125],[3,24],[-5,115],[4,54]],[[27774,35969],[1,-39],[10,45],[-5,11],[-6,-17]],[[27796,35883],[6,-72],[8,79],[-14,-7]],[[24106,21299],[25,30],[8,-55],[23,-57],[13,33],[26,154]],[[24290,21194],[-7,-127],[5,-261]],[[24288,20806],[-1,-58],[-17,-41],[-22,-81],[-4,51],[-19,-77],[8,-49],[18,-2],[-9,-69],[17,-151],[-20,4],[-30,-87],[-19,-16],[-40,59],[-41,44]],[[24109,20333],[0,863],[-34,-1]],[[28836,36314],[7,53]],[[28949,36429],[-31,-262],[-16,14],[-22,-123],[-20,-183],[-15,-242],[4,-73],[-19,-165],[-2,-41]],[[28828,35354],[-31,3],[-5,95],[-8,76],[-28,-4]],[[28756,35524],[7,134],[16,120],[6,95],[12,42],[-8,61],[13,29],[7,-35],[18,195],[-17,45],[26,104]],[[28725,36289],[15,0]],[[28740,36289],[-15,0]],[[28379,37043],[14,-34],[21,29],[7,41],[15,1],[9,58],[9,-32],[1,-94],[-4,-40],[8,-68]],[[28459,36904],[-12,-30],[-1,-144],[-4,-44]],[[28442,36686],[-15,-22]],[[28427,36664],[-20,47],[-15,69],[-24,65]],[[28368,36845],[-5,31],[7,160],[9,7]],[[21467,53001],[106,0],[0,-165],[116,-1],[1,-494],[69,0],[0,-166],[7,0]],[[21766,52175],[-18,-17],[-7,-116],[-21,-45],[-11,-96],[-18,-14],[-3,-53],[-35,-94],[-19,-28],[-14,-59],[-34,5],[-16,43],[-32,-5],[-15,68],[-17,-35],[-11,5]],[[21495,51734],[0,290]],[[21495,52024],[0,149],[-14,0],[-1,663],[-13,0]],[[21467,52836],[0,165]],[[26106,41438],[31,1],[0,501]],[[26137,41940],[73,2]],[[26210,41942],[1,-667]],[[26211,41275],[-36,-2]],[[26175,41273],[-69,0]],[[26106,41273],[0,165]],[[16477,38888],[1,245]],[[16478,39133],[1,529]],[[16479,39662],[1,447],[0,1036],[-1,711],[0,593]],[[16479,42449],[1,829],[-1,718]],[[16479,43996],[35,4],[144,-6]],[[16658,43994],[10,0]],[[16668,43994],[-1,-769],[1,-336],[5,0],[0,-343],[-7,1],[0,-524],[6,0]],[[16672,42023],[-1,-843],[-7,-1],[-1,-990],[32,1]],[[16695,40190],[0,-190],[5,0],[0,-171],[10,-41],[0,-206],[-5,-55]],[[16705,39527],[-19,0],[-7,-56]],[[16679,39471],[-24,-67],[-28,-6],[-35,-79],[-8,-59],[-20,16],[0,-138],[11,0],[0,-83],[-8,-55],[2,-180],[-10,-57]],[[16559,38763],[-11,-12],[-25,-83],[-11,-68],[-34,0]],[[16478,38600],[-1,288]],[[22636,55818],[212,-2]],[[22848,55816],[-2,-39]],[[22846,55777],[20,-230],[6,-203],[10,-51],[-1,-90],[12,-130],[12,-72],[1,-56],[13,-124]],[[22919,54821],[-163,0]],[[22756,54821],[-115,0]],[[22641,54821],[0,665],[-6,0],[1,332]],[[24587,43903],[0,166]],[[24587,44069],[35,-1],[173,0]],[[24795,44068],[3,-70],[-6,-67],[3,-61]],[[24795,43870],[-10,-240],[-15,-39]],[[24770,43591],[-21,-103]],[[24749,43488],[-25,2],[-12,65],[-18,10],[-27,-21],[-14,14],[-16,-55],[-19,66],[-31,0]],[[24587,43569],[0,334]],[[23865,26879],[70,-1]],[[23935,26878],[0,-576],[15,1],[2,-101],[0,-150]],[[23952,26052],[9,-248],[-25,-1],[0,-84],[-38,0]],[[23898,25719],[-19,0],[-2,167],[1,503],[-8,50],[6,130],[-19,186],[0,124]],[[25875,35603],[35,391]],[[25910,35994],[40,38],[9,109],[-7,237]],[[25952,36378],[15,10]],[[25967,36388],[2,-13]],[[25969,36375],[9,-14],[0,-93],[14,6],[11,-166],[22,-89]],[[26025,36019],[3,-72],[12,-31],[1,-49]],[[26041,35867],[-16,-148],[-18,-63],[-5,-71],[-16,-78],[-4,-196]],[[25982,35311],[-43,18]],[[25939,35329],[-5,110],[-14,114],[-23,-4],[-13,64],[-9,-10]],[[23830,25390],[41,-1]],[[23871,25389],[11,-4]],[[23882,25385],[60,2],[1,-84],[7,-83]],[[23950,25220],[9,-88],[4,-101],[-5,-76],[9,-71],[-32,1],[-4,-114],[-8,-49],[-19,22],[-1,64]],[[23903,24808],[-15,106],[-9,3],[-12,133],[-16,89],[5,37],[0,98],[-20,55],[-6,61]],[[24399,24714],[17,89],[1,174],[5,136],[-4,45],[3,166]],[[24421,25324],[48,0],[7,32],[17,-19],[15,68],[14,7],[2,-73]],[[24524,25339],[-11,-27],[1,-122],[30,-16]],[[24544,25174],[6,-7]],[[24550,25167],[0,-12]],[[24550,25155],[-13,-67],[-6,-59],[7,-60],[-12,-57],[-13,-8],[-7,-42],[-3,-98],[-13,-75]],[[24490,24689],[0,-70],[-12,-9],[-1,60],[-14,-33],[-6,-155],[13,-22]],[[24470,24460],[-17,-32]],[[24453,24428],[1,27],[-47,8]],[[24407,24463],[-9,96],[1,155]],[[26508,33080],[8,53],[2,92],[13,79],[4,61]],[[26535,33365],[13,28],[26,-68],[10,-103],[8,34],[10,-35]],[[26602,33221],[-10,-136],[3,-68],[-11,-139]],[[26584,32878],[-53,9],[-6,33]],[[27094,34743],[8,41],[32,83],[5,59]],[[27139,34926],[17,-71],[33,10],[34,129],[21,121]],[[27244,35115],[12,-73],[26,-123]],[[27282,34919],[-16,-37],[5,-81],[-19,-46],[20,-65],[-2,-42],[-25,-66],[-11,-1],[-18,-42],[7,-49]],[[27223,34490],[-39,-39],[-29,-108],[-7,84],[-20,-35]],[[27128,34392],[-13,182],[-18,113],[-3,56]],[[22700,31301],[15,-62],[17,-32],[1,-122],[41,-164],[1,-99],[11,-3],[6,-230],[12,1],[44,-70]],[[22848,30520],[15,7],[20,-46],[24,108]],[[22907,30589],[-1,-209]],[[22906,30380],[-205,1]],[[22701,30381],[-1,28],[0,889]],[[22700,31298],[0,3]],[[24586,41410],[32,-6]],[[24618,41404],[95,-16]],[[24713,41388],[-1,-670]],[[24712,40718],[-63,5],[-65,11]],[[24584,40734],[2,676]],[[23140,49021],[136,-1],[3,-167]],[[23279,48853],[0,-661]],[[23279,48192],[-131,1]],[[23148,48193],[-4,1]],[[23144,48194],[-1,661],[-3,166]],[[21455,47249],[25,-23],[9,37],[0,545],[3,0]],[[21492,47808],[97,1],[166,0]],[[21755,47809],[0,-293]],[[21755,47516],[-17,6],[-29,-93],[0,-775]],[[21709,46654],[-147,0],[-99,2]],[[21463,46656],[0,165],[-8,0],[0,428]],[[26552,25830],[14,-41],[0,95],[13,16],[8,51],[1,197],[4,108]],[[26592,26256],[0,1]],[[26621,26204],[10,-9],[8,-140],[-1,-112],[13,-78],[-2,-66]],[[26649,25799],[0,-96]],[[26649,25703],[-7,1],[-26,-217]],[[26616,25487],[-65,5]],[[26551,25492],[4,282],[-3,56]],[[27624,40160],[23,72],[21,136],[-10,66]],[[27793,39660],[-24,0]],[[27769,39660],[-80,-1]],[[27689,39659],[-42,0]],[[27647,39659],[-4,69],[3,108],[-3,102],[2,108],[-8,53],[-12,-4],[-1,65]],[[16297,51132],[18,17],[23,-88],[29,-2],[34,42],[20,9],[11,69],[28,44],[19,52]],[[16479,51275],[0,-562],[-1,-1],[-1,-495],[35,-1],[0,-168],[34,0],[0,-167],[-8,-26]],[[16538,49855],[-67,-5],[-130,6]],[[16341,49856],[-2,29]],[[16339,49885],[13,68],[-4,87],[-19,86],[4,183],[-2,125],[12,87],[0,99],[18,60],[17,-6],[-4,77],[-8,42],[-1,69],[-16,45],[-6,67],[-32,92],[-14,66]],[[25847,26374],[103,2]],[[25950,26376],[35,0],[-8,-147],[6,-57],[-2,-85],[3,-210]],[[25984,25877],[-3,-87],[-22,-2],[-13,-50]],[[25946,25738],[-7,-27],[-19,21],[-24,67],[-10,82],[-20,-51],[-2,-60],[-23,-19],[-4,-33]],[[25837,25718],[0,568]],[[25837,26286],[0,82],[10,6]],[[24441,28773],[11,-62],[7,47],[11,4],[8,-91],[21,-7],[16,46],[-11,108],[2,73],[20,86]],[[24526,28977],[45,0]],[[24571,28977],[10,-48],[14,-24],[-7,-106],[-26,-12],[8,-75],[-11,-26],[-5,71],[-20,-74],[22,-63],[-17,-112],[6,-108],[16,-45],[-2,-46],[-37,27],[-5,-98],[9,-50],[16,19],[8,-68],[-17,-41],[-19,93],[-14,-12],[0,-83],[21,-57],[0,-70],[-10,-42],[-17,-13]],[[24494,27914],[-4,-84],[-22,3],[-7,85],[-28,0]],[[24433,27918],[0,414],[-29,5]],[[24404,28337],[2,369],[23,-2],[0,56],[12,13]],[[25322,43480],[64,8],[1,-83]],[[25387,43405],[0,-83],[32,4],[1,-166],[32,3],[1,-169],[74,1]],[[25527,42995],[0,-328]],[[25527,42667],[-136,-11],[0,-166],[-64,-7]],[[25327,42483],[-3,498]],[[25324,42981],[-2,499]],[[26802,35430],[7,-31]],[[26809,35399],[26,-38],[6,-105],[13,16],[-1,-129],[5,-68],[10,-60]],[[26868,35015],[-6,-26]],[[26862,34989],[-24,-6],[-15,-50],[-10,-69],[-14,-31],[-11,11]],[[26788,34844],[-15,39],[-5,62],[-13,-15],[-3,53],[5,100],[-4,160]],[[26753,35243],[-3,100],[24,130],[7,-35],[21,-8]],[[27115,24965],[9,-71],[12,-8],[1,-71],[-5,-117],[34,-208],[42,-126]],[[27208,24364],[-21,-235],[-27,-72]],[[27160,24057],[-20,133],[-25,83],[-22,138],[-1,50],[-17,74]],[[27075,24535],[16,186],[8,60],[-2,55],[18,129]],[[23741,29418],[0,-166],[3,-146],[29,-5],[-1,-334]],[[23772,28767],[-2,-497],[-35,6]],[[23735,28276],[-6,121],[-20,129],[-6,86],[2,137],[-6,56],[2,185],[-5,125],[-41,3]],[[23655,29118],[-3,146],[0,165],[89,-11]],[[27155,19835],[64,103],[5,38]],[[27224,19976],[4,2],[1,-264],[74,9],[-1,277],[15,31]],[[27317,20031],[15,-228],[22,-305],[16,-146],[9,-114],[40,-420]],[[27419,18818],[-65,-2],[1,-338],[-6,0]],[[27349,18478],[-9,153],[-12,109],[-2,120],[-10,29],[-9,-71],[-11,-10],[-11,35],[-3,54],[-26,4],[-13,85]],[[27166,19744],[-11,91]],[[26626,35436],[16,253]],[[26642,35689],[8,-37],[10,21],[11,115],[10,2],[37,-42]],[[26718,35748],[38,-111],[8,35],[25,-194],[13,-48]],[[26753,35243],[-21,19],[-4,55],[-15,-86],[-18,-36],[-20,-78],[-20,72],[-7,-54],[-13,-26]],[[26635,35109],[2,122],[-4,131],[-7,74]],[[21482,36878],[133,2]],[[21615,36880],[7,0]],[[21622,36880],[0,-831],[4,0],[0,-174]],[[21626,35875],[-144,4]],[[21482,35879],[0,999]],[[23788,49040],[8,11],[20,94],[13,22],[-1,102],[12,65],[17,20]],[[23857,49354],[22,15],[21,-46],[10,4]],[[23910,49327],[3,-140],[0,-166],[11,1],[-1,-166]],[[23923,48856],[-67,-1]],[[23856,48855],[-108,0]],[[23748,48855],[6,102],[20,69],[14,14]],[[23414,48191],[1,165],[67,1],[0,412]],[[23482,48769],[24,-79]],[[23506,48690],[24,-59],[7,-60],[19,-16],[30,-64],[22,-150],[12,-18]],[[23620,48026],[-136,-1]],[[23484,48025],[-67,0],[-3,166]],[[23788,49683],[0,158],[23,171],[7,83],[18,29],[20,72]],[[23856,50196],[3,-2]],[[23859,50194],[56,-194],[9,-78],[-1,-129],[15,1]],[[23938,49794],[6,0],[2,-241],[6,-40]],[[23952,49513],[-9,-93],[-11,-54],[-22,-39]],[[23857,49354],[0,165],[-69,-1],[0,165]],[[28170,42391],[18,37],[0,60],[14,42],[9,-92],[26,7],[16,-141],[9,11],[24,-43],[32,-244],[47,46],[54,109]],[[28419,42183],[-16,-99],[-21,-158],[-24,-120]],[[28358,41806],[-21,-43],[-67,-180]],[[28270,41583],[-25,-20],[-15,47],[-34,-100],[-48,91]],[[28148,41601],[-4,7],[-63,-20]],[[28081,41588],[-5,42],[17,104],[9,80],[9,9],[9,109],[10,18],[7,74],[13,-21],[15,111],[-15,202],[10,14],[10,61]],[[28264,31901],[10,43]],[[28274,31944],[42,166],[12,75],[13,8],[10,53],[11,-27]],[[28362,32219],[26,-62],[23,-102]],[[28411,32055],[-6,-45],[7,-48],[1,-101],[6,-57],[15,-61],[-24,-96],[1,-119],[-4,-73]],[[28407,31455],[-14,-70],[-16,-5],[-15,-96],[-12,21]],[[28350,31305],[-11,54],[-12,112]],[[28327,31471],[-8,175],[-16,29],[-14,64],[-25,162]],[[26386,36918],[19,-7],[26,63],[24,113]],[[26455,37087],[8,-32],[17,-163],[13,-26],[8,-72],[14,3],[0,-53]],[[26515,36744],[-3,-32],[-25,-115]],[[26487,36597],[-58,-91]],[[26429,36506],[-26,84],[7,127],[-13,57]],[[26397,36774],[-11,144]],[[27814,28331],[12,-136],[8,-25],[15,19]],[[27849,28189],[11,-54],[14,-199],[28,0]],[[27902,27936],[-10,-93],[-13,-77],[-18,-201],[-6,-103],[-3,-134],[1,-82],[-5,-79],[-14,-83],[-13,-30]],[[27821,27054],[0,69],[-17,13],[-26,115]],[[27714,27425],[0,61],[11,67],[13,136],[14,102],[13,46],[16,98],[-2,45],[9,175],[22,170],[4,6]],[[18974,49727],[71,0],[24,-16],[72,3],[11,11],[62,-5],[22,12],[85,-2]],[[19649,49726],[1,-245],[8,0],[-1,-669],[6,0],[0,-672],[6,0]],[[19669,48140],[0,-170]],[[19669,47970],[-67,1],[0,-169],[-35,-1],[1,-164],[-50,0],[0,-166],[-61,-8]],[[19457,47463],[-15,57],[-4,75],[-17,91],[-35,47],[-21,-61],[-8,-105],[1,-42],[-18,-24],[-16,-57],[-19,48],[9,51],[-16,179],[-21,29],[-10,-28],[-16,111]],[[19251,47834],[-1,238],[-18,0],[1,110],[-10,190],[-16,48],[-5,112],[-19,103],[5,169],[-8,71],[-15,-1],[-4,57],[-82,-1],[0,159],[-107,0]],[[18972,49089],[0,639],[2,-1]],[[25646,35264],[-1,124],[18,152]],[[25663,35540],[25,133],[8,-9],[28,92],[-13,67],[12,55]],[[25723,35878],[51,-145]],[[25774,35733],[-1,-81],[14,-105]],[[25787,35547],[-19,-43],[13,-280]],[[25781,35224],[-41,-173],[-16,2],[-10,-104],[-13,-73]],[[25701,34876],[-6,55],[-17,54],[-1,90],[-12,89],[-11,13],[-9,-79],[-10,24],[12,66],[-1,76]],[[30408,48056],[30,-32],[12,115],[26,-28],[1,-26]],[[30477,48085],[-8,-100],[-1,-85],[-6,-32],[31,-37],[-6,-143],[-6,-72],[11,-74]],[[30492,47542],[-5,-139],[-9,-73],[-22,-49],[-15,113]],[[30441,47394],[5,75],[-7,118],[8,78],[-2,65],[-17,-78],[-12,5],[-16,115]],[[30400,47772],[-4,36],[12,248]],[[23592,42399],[64,-1]],[[23656,42398],[63,-1]],[[23719,42397],[0,-495]],[[23592,41907],[0,492]],[[23004,39364],[95,0]],[[23099,39364],[57,0]],[[23156,39364],[0,-666]],[[23156,38698],[-1,-172]],[[23155,38526],[-12,128],[-26,-9],[-2,34],[-18,-4],[-22,-36],[-6,-61],[-12,36]],[[23995,45736],[131,-1]],[[24126,45735],[0,-505]],[[24126,45230],[0,-165]],[[24126,45065],[-132,2]],[[23994,45067],[1,669]],[[16632,52928],[23,-2],[0,113]],[[16655,53039],[185,-3],[138,5]],[[16978,53041],[-11,-12],[9,-101],[-4,-44],[9,-87],[-5,-41]],[[16976,52756],[-3,8]],[[16973,52764],[-23,25],[-22,-49],[-24,27],[-20,-74],[-19,-98],[-5,-173],[-31,-104],[-7,-126],[-14,-14],[-11,-64],[-32,-26],[-19,-88]],[[16746,52000],[-23,61],[-24,27],[-14,58],[3,87],[-5,108],[3,122],[-3,164],[-28,117],[-11,70],[-1,63],[-11,51]],[[25068,34601],[19,122],[8,82],[13,69],[15,35],[11,-9]],[[25134,34900],[33,-517]],[[25167,34383],[-28,-25],[-20,-41],[-9,18],[-13,-25],[-9,54]],[[25088,34364],[-9,73]],[[25079,34437],[-9,40],[-2,124]],[[27543,29445],[0,4]],[[27543,29449],[68,241],[18,17],[4,-27],[23,7],[15,78]],[[27671,29765],[6,-88],[15,35],[1,-129],[22,-119],[-4,-38],[8,-94]],[[27719,29332],[-6,-33],[-14,14],[-6,-85],[-19,-10],[-70,-303]],[[27604,28915],[-17,76],[-8,68],[13,67],[0,60],[-6,107],[-11,80],[-9,24],[-10,-28],[-13,76]],[[23711,25311],[26,-1],[25,107],[3,75],[22,102],[15,-53],[14,1],[12,-65],[2,-87]],[[23903,24808],[-24,-36],[0,-130]],[[23879,24642],[-122,-3]],[[23757,24639],[-14,130],[-7,-3],[-17,133]],[[23719,24899],[-8,36],[0,376]],[[16973,52764],[-4,-64],[0,-505],[35,1],[0,-167],[35,0],[-2,-395]],[[17037,51634],[-139,0],[-137,-2]],[[16761,51632],[13,52],[0,90],[-7,108],[-21,118]],[[25263,24734],[12,637]],[[25275,25371],[2,154]],[[25277,25525],[73,-1],[64,5]],[[25414,25529],[-25,-48],[4,-191],[-8,-77],[-10,-159],[-12,-6],[-1,-79],[12,-51]],[[25374,24918],[-4,-151],[-11,-11],[-4,-78],[-11,-95],[11,-118],[10,16],[5,-118]],[[25370,24363],[-105,-2]],[[25265,24361],[-2,373]],[[25647,41265],[90,-2]],[[25737,41263],[21,0],[0,-247]],[[25758,41016],[0,-416]],[[25758,40600],[-110,1]],[[25648,40601],[0,290]],[[25648,40891],[-1,208]],[[25647,41099],[0,166]],[[23444,23842],[38,193]],[[23482,24035],[12,-77],[12,-10],[14,-46],[48,-42],[5,-70],[10,23],[10,-58],[5,-112],[16,-43],[5,-63],[13,-78]],[[23632,23459],[29,-94],[8,-75],[18,-71]],[[23687,23219],[-91,-125]],[[23596,23094],[-29,48]],[[23567,23142],[-17,54],[-10,-4],[-23,36],[-29,81]],[[23488,23309],[-6,164],[-9,49],[4,56],[-7,94],[-13,11],[-1,85]],[[23456,23768],[-12,74]],[[20643,39482],[0,-7]],[[20643,39475],[0,7]],[[20643,39489],[0,-4]],[[20643,39485],[0,4]],[[20547,39707],[1,318]],[[20548,40025],[69,2]],[[20617,40027],[21,-26],[6,27]],[[20644,40028],[0,-235]],[[20644,39793],[-1,-324]],[[20643,39469],[2,-105]],[[20645,39364],[-7,-41],[-7,-113],[-10,-28],[3,-70],[-13,-52],[1,-83],[-15,-177],[-12,-79],[-7,-94],[-11,-95]],[[20567,38532],[-1,0]],[[20566,38532],[-18,0],[-1,832]],[[20547,39364],[0,343]],[[19831,35691],[136,-1]],[[19967,35690],[0,-413]],[[19967,35277],[0,-806]],[[19967,34471],[-145,0],[-105,-1]],[[19717,34470],[12,108],[7,140],[6,47],[-2,113],[10,41],[11,100],[4,108],[9,43],[19,30],[8,108],[12,50],[-1,72],[5,156],[14,105]],[[28001,35869],[9,44],[32,16],[2,62]],[[28044,35991],[8,-70],[16,-48],[46,-85]],[[28114,35788],[-3,-105],[-60,-564]],[[28051,35119],[-13,-19],[-22,97],[-1,33]],[[28015,35230],[-25,59],[-6,53],[-33,183]],[[27951,35525],[10,170],[14,-20],[5,57],[22,41],[-1,96]],[[26789,46206],[137,28]],[[26926,46234],[5,-127],[17,-162],[3,-77],[-12,-96],[-7,-225],[4,-90],[-12,-185],[-4,-112],[-22,-110],[-16,39],[-6,104],[17,81],[-23,41]],[[26870,45315],[-7,37],[-3,365],[-68,-8]],[[26792,45709],[-3,497]],[[23177,36704],[3,169],[0,333]],[[23180,37206],[123,-1]],[[23303,37205],[0,-83]],[[23303,37122],[-3,-250],[0,-421]],[[23300,36451],[-123,3]],[[23177,36454],[0,250]],[[27278,38796],[5,76],[14,-3],[26,47],[10,-4],[10,42]],[[27343,38954],[12,-22],[7,90],[16,-54],[-2,-122]],[[27376,38846],[-7,-41],[28,-312]],[[27397,38493],[1,-19],[-30,-106],[-32,-65]],[[27336,38303],[-12,1],[-15,67],[-9,-28]],[[27300,38343],[-13,27],[-12,-18],[-3,129],[-17,76],[7,82]],[[21112,43432],[1,-499]],[[21113,42933],[-3,-82]],[[21110,42851],[-116,-3],[-72,0]],[[20922,42848],[0,326]],[[20922,43174],[0,255]],[[21559,22368],[16,0],[10,-26],[8,-168],[-27,-247],[12,-38],[11,-84],[-22,-58],[-5,-75]],[[21562,21672],[-1,-965]],[[21561,20707],[-12,41],[-13,9],[-9,-28],[-28,42],[-25,-54],[-24,52],[-9,62],[-9,-12],[-27,73]],[[21405,20892],[-69,332]],[[21336,21224],[0,439],[63,2],[0,600],[57,-3],[0,112],[103,-6]],[[24819,25699],[13,146],[16,29],[25,133],[3,42],[22,7]],[[24898,26056],[15,-447],[0,-249]],[[24913,25360],[0,-333]],[[24913,25027],[-140,5]],[[24773,25032],[-4,102],[0,130],[18,58],[-7,95],[15,137],[6,12],[10,113],[8,20]],[[18137,34172],[0,300]],[[18137,34472],[178,-1],[143,1]],[[18558,34472],[3,-92],[-12,-108],[-8,-167],[-6,-48],[3,-88],[-8,-119],[5,-149],[-10,-128],[10,-104],[-7,-33],[5,-125],[-15,-95],[-12,8],[-10,-69],[-39,-107],[-22,-42],[-7,13],[-37,-137],[-16,-26],[-8,-118],[-25,17],[-11,-114],[10,-150],[-5,-91],[7,-39],[-7,-177],[0,-519]],[[18336,31665],[1,-792],[-1,-1052],[1,-464]],[[18337,29357],[-11,-50],[-8,15],[-39,13],[-16,-140],[-30,-44],[-7,58],[-30,-32],[-4,53],[-21,-4],[-29,20],[-10,58],[-20,25]],[[18112,29329],[-10,88],[-14,31],[-11,68],[-22,95],[-12,13],[2,137],[-16,127],[-4,130],[-6,94],[-22,101],[-10,131],[-12,58],[-1,259]],[[17974,30661],[-1,50],[9,89],[-11,52],[19,51],[2,64],[-7,309],[-9,162],[-7,41],[-7,129],[6,64],[1,150],[-10,75],[2,73],[-7,45],[2,149],[-2,112],[12,47],[-10,54],[-11,141],[4,98],[-8,110],[5,37],[15,9],[14,63],[34,15],[18,-46],[8,37],[13,-5],[38,-247],[23,19],[23,295],[7,30],[0,355],[-2,884]],[[21449,33518],[36,1]],[[21485,33519],[114,-2]],[[21599,33517],[0,-847]],[[21449,32670],[0,848]],[[18434,55358],[3,-80],[17,-163],[-4,-123],[7,-64],[-4,-59],[16,-129],[24,-59],[11,35],[43,31],[7,36],[17,-74],[18,-19],[15,-109],[15,-6],[12,-71],[20,-7],[44,26]],[[18695,54523],[1,-616],[18,-17],[10,-77],[19,-28],[24,0],[0,-410],[36,-1]],[[18848,53087],[-25,36],[-14,-83],[-1,-297],[-41,-25]],[[18767,52718],[-67,-1],[-1,-49],[-15,-50],[-13,6],[-14,-36],[-1,-96],[-23,-68],[-11,12]],[[18622,52436],[1,170],[3,39],[-6,84],[6,57],[-7,97],[-25,0],[0,83],[-35,0],[0,257],[-73,-5],[0,659],[-73,5],[0,589],[-15,4],[-1,152],[-8,48]],[[18389,54675],[5,125],[-11,112],[8,49],[16,8],[6,111],[-1,148],[-7,62],[18,17],[11,51]],[[21907,29349],[28,-1]],[[21935,29348],[117,-3]],[[22052,29345],[0,-167]],[[22052,29178],[-14,11],[0,-751]],[[22038,28438],[-131,-1]],[[21907,28437],[0,912]],[[28199,37705],[8,0],[10,-139],[-2,-73],[18,-115],[14,-159],[8,-53],[12,26],[16,-32]],[[28283,37160],[4,-81]],[[28287,37079],[-6,18],[-17,-31]],[[28264,37066],[-19,61],[-5,-31],[-34,9],[-4,-33],[-36,-88],[-12,-13]],[[28154,36971],[-5,81],[5,97],[-38,244]],[[28116,37393],[18,-16],[22,139],[43,189]],[[18151,45009],[19,17]],[[18170,45026],[15,27],[11,-28],[14,41],[14,-64],[23,26],[9,96],[18,134],[24,24]],[[18298,45282],[27,35],[20,-113],[18,-7]],[[18363,45197],[18,4],[0,-72],[48,-3],[1,-496]],[[18430,44630],[-1,-628]],[[18429,44002],[-146,-11],[-105,-8],[-39,11]],[[18139,43994],[-67,0]],[[18072,43994],[1,642],[-2,165],[61,0],[0,185],[19,23]],[[19530,38984],[178,-1],[183,0],[90,0]],[[19981,38983],[-7,-113],[21,-60],[-4,-37]],[[19991,38773],[-29,-73]],[[19962,38700],[-39,-145],[-14,-104],[-21,-81],[-26,67],[-36,-51],[-18,-75],[-25,-200],[-66,-152],[0,-307]],[[19717,37652],[0,-321],[-190,0]],[[19527,37331],[0,420],[2,295],[1,938]],[[28311,37439],[16,68],[41,-163],[8,9]],[[28376,37353],[-7,-129],[10,-181]],[[28368,36845],[-12,3]],[[28356,36848],[-14,22],[-7,51]],[[28335,36921],[-6,64],[-17,-18]],[[28312,36967],[-25,112]],[[28283,37160],[0,108],[28,171]],[[17875,47549],[57,-107],[23,6],[11,-276],[-5,-129],[26,-65],[-2,-53],[9,-62],[12,-10],[2,-68],[-10,-42],[6,-71],[-2,-124],[29,1],[10,-15],[0,-131],[5,-110]],[[18046,46293],[-61,-3]],[[17985,46290],[-137,0]],[[17848,46290],[1,775],[14,33],[0,106],[7,37],[-10,93],[7,147],[8,68]],[[23205,46866],[113,0]],[[23318,46866],[18,0]],[[23336,46866],[0,-467]],[[23336,46399],[-65,6],[-67,-2]],[[23204,46403],[1,463]],[[28237,35864],[31,529]],[[28268,36393],[12,-33]],[[28280,36360],[0,-21],[45,-184],[10,22],[11,-216],[17,15]],[[28363,35976],[19,-144],[13,0],[19,-91],[15,-14],[-4,-61]],[[28425,35666],[-33,-169]],[[28392,35497],[-42,114],[-13,134],[-15,64],[-18,-38],[-20,46]],[[28284,35817],[-23,1],[-24,46]],[[27397,38493],[24,-26]],[[27421,38467],[3,-166],[31,-199]],[[27455,38102],[-27,-48],[-79,-307]],[[27349,37747],[-3,56],[-16,83],[14,105],[-3,147],[3,72],[-8,93]],[[23401,29050],[1,165],[29,0],[0,503],[31,0]],[[23595,29718],[-3,-605]],[[23592,29113],[-2,-475]],[[23590,28638],[-2,-578]],[[23588,28060],[-6,-33],[-13,15],[-8,96],[-43,24],[-3,22]],[[23515,28184],[3,45],[-32,25],[-7,18],[-32,197],[-16,19],[-3,75],[-27,67]],[[23401,28630],[0,420]],[[24470,24460],[6,-147],[18,-83],[22,2],[0,-39]],[[24516,24193],[-1,-502]],[[24515,23691],[-41,27],[-33,-87],[-13,8],[-3,-153],[-14,-46],[-12,18],[-4,-64]],[[24395,23394],[-16,83],[2,63],[18,-12],[15,27],[3,79],[-11,58],[-8,99],[8,64],[9,-119],[12,49],[-11,92],[-1,165],[19,17],[11,57],[-4,52],[-17,-20],[-9,49],[5,64],[10,-48],[12,-17],[7,62],[-1,128],[5,42]],[[25048,29696],[0,167]],[[25048,29863],[0,27],[43,1]],[[25091,29891],[99,-3]],[[25190,29888],[0,-167]],[[25190,29721],[-15,-27],[0,-193],[-10,-55]],[[25165,29446],[-29,0],[0,28],[-89,0]],[[25047,29474],[1,222]],[[20645,39364],[108,0]],[[20753,39364],[-1,-832]],[[20752,38532],[-103,0]],[[20649,38532],[-82,0]],[[24721,52712],[24,81],[7,-11],[40,81],[38,54],[39,175]],[[24869,53092],[6,0],[0,-329],[35,-1],[0,-165],[104,0],[0,-329],[105,-2]],[[25119,52266],[0,-448]],[[25119,51818],[-28,79],[-113,148],[-121,159]],[[24857,52204],[-53,71],[0,43],[-27,271],[-13,4],[-13,68],[-23,-13],[-7,64]],[[25899,24873],[54,2],[0,159]],[[25953,25034],[29,-7],[2,-153],[26,0],[0,-165],[37,0]],[[26047,24709],[-5,-54],[3,-138],[-8,-61],[-6,-95],[0,-72],[-9,-81]],[[26022,24208],[-11,0]],[[26011,24208],[-100,0]],[[25911,24208],[0,330],[-15,-1],[5,80],[2,187],[-4,69]],[[27854,36002],[27,-41],[2,-117],[23,-47],[24,-283],[9,-9]],[[27939,35505],[-8,-55],[-19,-71],[-16,-90]],[[27896,35289],[-12,-12],[-6,-53]],[[27878,35224],[-11,15],[-17,120]],[[27850,35359],[-15,77],[-16,-10],[-11,30],[-12,141],[-16,51]],[[29033,40843],[24,10],[-4,59],[19,14],[-2,60],[17,14]],[[29087,41000],[7,-93],[19,30],[9,-33]],[[29122,40904],[-3,-64],[23,-94],[19,-32],[-1,-39]],[[29160,40675],[-30,-141],[1,-79]],[[29131,40455],[-9,9],[-21,76],[-7,-62]],[[29094,40478],[-14,124],[-19,67],[-8,85],[-20,89]],[[25774,31965],[4,32],[23,-9],[12,-69],[26,-75],[19,76],[26,-58]],[[25884,31862],[1,-243],[-5,-175]],[[25880,31444],[-31,-123],[-11,-3],[-4,-53],[-28,69]],[[25806,31334],[-21,19]],[[25785,31353],[-5,4],[-11,130],[-2,108],[7,370]],[[26543,33875],[19,116],[8,104],[12,11],[30,152],[14,31],[4,53],[-6,45]],[[26624,34387],[22,-33]],[[26646,34354],[5,-82]],[[26651,34272],[3,-89],[-9,-79],[7,-46],[-4,-96],[12,-68],[-1,-62]],[[26600,33710],[-5,-35],[-67,10]],[[26528,33685],[-7,110],[22,80]],[[23409,31875],[89,0]],[[23498,31875],[93,0]],[[23591,31875],[12,-467]],[[23603,31408],[-1,-14]],[[23496,31274],[-8,91],[-6,-28],[-23,97],[-20,34],[-8,64]],[[23431,31532],[-11,12],[-12,116],[1,215]],[[15306,44002],[108,-5]],[[15414,43997],[46,-1],[39,11]],[[15499,44007],[-13,-186],[-39,-142],[4,-49],[7,-213],[-4,-104],[-11,-80],[7,-73],[12,-33],[4,-111],[7,-37],[-14,-152]],[[15459,42827],[-30,-3],[0,160],[-82,1]],[[15347,42985],[-10,262],[-10,105],[-2,99],[-6,59],[-10,9],[-15,63],[10,130],[4,181],[-2,109]],[[26882,27085],[24,-4],[-3,90],[43,197]],[[26946,27368],[13,71]],[[26959,27439],[9,0]],[[26968,27439],[24,-85]],[[26992,27354],[9,-76],[-9,-143],[-7,-172],[5,-238],[-12,-195]],[[26978,26530],[-12,-36],[-14,-3],[3,-73],[-10,-28]],[[26945,26390],[-10,29],[-14,86]],[[26921,26505],[3,182],[-8,57],[-5,127],[-10,38],[-13,96],[-6,80]],[[27051,17906],[8,19],[19,-27],[0,70]],[[27162,17971],[0,-167],[28,0],[9,-111],[0,-111],[19,0],[0,-111],[30,0],[-4,-90],[-9,-18],[5,-95],[19,-108],[3,-118],[23,-59],[17,-211],[3,-143]],[[27305,16629],[-117,7]],[[27188,16636],[-137,-1]],[[27051,16635],[0,1002],[-14,0]],[[27037,17637],[0,167],[14,-1],[0,103]],[[24750,47134],[147,0]],[[24897,47134],[16,-136],[36,-22],[0,-338],[-22,-37],[-11,-79],[-1,-51]],[[24915,46471],[-3,-80],[-19,-22],[-10,-64]],[[24883,46305],[-19,-34],[-27,12],[-22,-64],[-31,7]],[[24784,46226],[0,744],[-33,-2]],[[24751,46968],[-1,166]],[[18821,41292],[12,61]],[[18833,41353],[17,-18],[5,86],[23,63],[4,-86],[14,-19],[17,-68],[33,-71],[7,77],[12,8],[13,-35],[15,33],[12,166],[9,-4]],[[19014,41485],[0,-471],[2,0],[0,-665],[1,-349]],[[19017,40000],[-53,1],[0,82],[-24,100],[-11,99],[-12,16],[8,132],[-1,81],[-13,104],[2,39],[-12,79],[-19,26],[-15,-19],[-2,65],[-12,77],[-21,1],[-11,131],[-7,45],[11,52],[4,124],[-8,57]],[[15491,52127],[19,19],[14,-76],[-1,-91],[19,-67]],[[15542,51912],[1,-204],[0,-496]],[[15543,51212],[-100,-12],[0,19],[-70,0]],[[15373,51219],[3,103],[-2,135],[-7,73],[15,59],[1,180],[-11,185],[0,84],[33,-105],[9,62],[18,44],[11,-46],[28,50],[20,84]],[[27376,38846],[17,93],[26,100],[5,64],[16,7],[11,33]],[[27451,39143],[21,-40]],[[27472,39103],[0,-147],[-17,-126],[21,-140],[-18,-87]],[[27458,38603],[-17,-49],[-13,-97],[-7,10]],[[18427,46124],[0,-473],[54,0],[9,47],[9,122]],[[18499,45820],[15,-27],[15,8],[14,60],[12,-36],[9,-85],[0,-227],[6,-110],[11,0],[0,-69],[11,-41],[8,-97],[-1,-107],[-8,-21],[0,-104]],[[18591,44964],[-22,0],[0,-166],[-43,1],[0,-167],[-96,-2]],[[18363,45197],[1,96],[16,0],[0,166],[-17,0],[-1,164],[0,501],[65,0]],[[24745,27421],[11,31],[-1,82],[34,-55]],[[24789,27479],[118,-226]],[[24907,27253],[-20,-192],[-1,-95],[-17,-159],[-3,-96],[-19,-97]],[[24847,26614],[-104,249],[-7,1]],[[24736,26864],[-8,75],[-10,21],[-1,68],[28,78],[0,315]],[[22987,19689],[82,303],[11,205],[37,228]],[[23117,20425],[16,-20],[8,-41]],[[23141,20364],[7,-20],[5,-156],[-4,-38],[7,-84],[17,-65],[7,-143],[16,-49],[3,-84],[9,-8]],[[23208,19717],[-7,-63]],[[23201,19654],[-25,-158],[-96,-350]],[[23080,19146],[-93,543]],[[21992,17685],[28,2]],[[22020,17687],[66,3],[134,10]],[[22220,17700],[2,-333],[117,40],[46,12]],[[22385,17419],[0,-504],[1,-837]],[[22386,16078],[0,-164],[-43,2]],[[22343,15916],[-106,8],[-10,87],[-23,-103]],[[22204,15908],[-12,13],[-3,130],[5,138],[-2,75],[5,51],[-14,39],[5,125],[-9,79],[-17,69],[-10,-29],[-8,63],[-15,12],[-14,126],[-18,58],[-12,72],[-4,176],[-12,117],[1,51],[-16,23],[-8,137],[-9,38],[-9,113],[-21,45],[-15,56]],[[24934,23857],[19,0]],[[24953,23857],[37,1]],[[24990,23858],[0,-168],[29,1],[0,-641]],[[25019,23050],[-21,-1],[0,-53],[-15,1],[-7,64],[-14,-27],[-28,1]],[[24934,23035],[0,822]],[[26305,51229],[1,-738],[-1,-213]],[[26305,50278],[-65,4],[-10,-36],[-12,118],[-14,2],[0,59]],[[26204,50425],[30,4],[20,46],[-2,55],[-32,25],[-16,89],[-7,167],[13,115],[16,42],[20,110],[-5,68],[11,23],[32,-23],[10,85],[11,-2]],[[25362,52433],[0,493],[35,2],[0,164],[-15,0],[0,280]],[[25382,53372],[41,-6],[15,-48],[8,14],[21,-50],[4,-71],[14,18],[22,-120],[4,-83],[16,-77],[6,-82],[31,-146],[0,-72],[9,-56],[14,-22],[54,5]],[[25641,52576],[0,-640]],[[25641,51936],[-35,0],[0,-332],[-35,1]],[[25571,51605],[-70,1]],[[25501,51606],[1,497],[-140,0]],[[25362,52103],[0,330]],[[26307,36750],[3,-38],[16,8],[9,-120]],[[26335,36600],[-10,-215]],[[26325,36385],[-14,-270]],[[26311,36115],[-15,-27],[-16,150],[7,83]],[[26287,36321],[-11,72],[3,143],[-11,65]],[[26268,36601],[0,46],[39,103]],[[25698,33294],[5,12],[19,-73],[11,17],[9,87]],[[25742,33337],[9,-121],[22,-102],[1,-63],[12,-19]],[[25786,33032],[11,-191],[8,-14],[3,-71]],[[25808,32756],[-12,-116],[-15,-57],[-1,-79]],[[25780,32504],[-48,130],[-39,31],[-28,-120],[-7,106]],[[27546,31031],[7,16],[8,-92],[14,-15],[6,51],[12,1],[10,-62]],[[27603,30930],[3,-62],[20,-47],[13,62],[6,-6],[4,-94],[9,-58],[-6,-61],[10,-51],[-3,-50],[6,-99],[-13,-77],[-8,-99]],[[27644,30288],[-1,1]],[[27643,30289],[-109,14]],[[27534,30303],[12,728]],[[28646,30367],[29,149],[8,63],[30,164],[4,-11],[-47,-251],[-24,-114]],[[28438,30298],[34,-5],[0,30],[20,39],[35,2],[18,44],[11,130],[-7,39]],[[28549,30577],[13,59],[15,-24],[4,42],[18,19],[10,130],[8,-35],[3,-205],[12,38],[17,10],[-12,116],[32,-68],[-9,-113],[-19,-130],[-29,-125],[-6,-73],[-11,-29],[0,-65],[-17,37],[-8,96],[-7,-135],[-60,19],[-13,-7],[-56,-100],[-6,19]],[[28428,30053],[2,56],[-5,80],[-12,58]],[[28413,30247],[25,51]],[[26254,32110],[33,121],[4,-1]],[[26291,32230],[12,-71],[4,-66]],[[26307,32093],[1,-121],[-12,20],[-5,-50],[0,-150],[-7,-24],[-2,-71],[-18,-6],[6,-64],[-10,-49],[-8,-87],[-16,4],[-10,-58]],[[26226,31437],[-14,53],[-10,-14],[-8,55]],[[26194,31531],[-4,66],[10,93],[1,57],[16,90],[37,273]],[[26003,49296],[49,1]],[[26052,49297],[12,-18],[5,99],[13,106],[-2,83],[6,109],[12,34],[-7,-259],[-15,-72],[-6,-111],[14,-24],[7,109],[16,105]],[[26107,49458],[17,0],[2,-58],[12,-32]],[[26138,49368],[-1,-572]],[[26137,48796],[-134,1]],[[26003,48797],[0,499]],[[25863,38378],[67,3]],[[25930,38381],[0,-28],[61,10],[17,52]],[[26008,38415],[1,-497]],[[26009,37918],[-13,-127],[-13,-13]],[[25983,37778],[-20,57],[-22,-6],[-6,31],[-21,-28],[-14,39],[-25,-37]],[[25875,37834],[-1,434],[-11,-1]],[[25863,38267],[0,111]],[[29000,40176],[13,-22],[-1,-64],[15,-50],[9,-66],[8,-181],[23,-6],[23,-111]],[[29090,39676],[-39,-231]],[[29051,39445],[-17,165],[-16,29],[-26,210],[-2,60],[-12,69]],[[28978,39978],[2,135],[20,63]],[[28009,31126],[10,100],[12,35]],[[28031,31261],[13,-102],[22,-16],[29,63]],[[28095,31206],[17,-117],[24,-42],[-1,-28]],[[28135,31019],[-2,-183],[3,-26],[4,-339],[-15,-306],[18,-60],[6,22]],[[28149,30127],[-12,-82],[-27,-239]],[[28110,29806],[-4,58],[-10,35],[-2,79],[-15,94],[-8,111],[-12,63],[-3,56],[-13,81]],[[28043,30383],[-22,155],[-20,105],[-5,163],[7,121],[0,108],[6,91]],[[23204,27262],[22,69],[16,94],[23,14],[9,72],[9,17],[26,-17],[20,40],[22,-18],[7,30]],[[23358,27563],[0,-791]],[[23358,26772],[-99,-4]],[[23259,26768],[-1,37],[-54,0]],[[23204,26805],[0,457]],[[26369,35098],[16,300]],[[26385,35398],[20,-26],[7,127]],[[26412,35499],[24,-45],[18,14]],[[26454,35468],[-2,-70],[13,-131],[-3,-61],[11,-54],[-2,-71]],[[26471,35081],[-22,-76],[-1,-72],[-10,-6],[-4,-114],[-5,-53]],[[26429,34760],[-60,338]],[[26925,37161],[29,55],[22,19],[6,89],[4,165]],[[26986,37489],[19,17]],[[27005,37506],[46,-223]],[[27051,37283],[2,-191]],[[26993,36815],[-13,51],[3,136],[-15,-33],[-43,192]],[[26389,25192],[0,62]],[[26389,25254],[69,-15],[1,136]],[[26459,25375],[13,-3],[2,-74],[21,-8],[6,-27]],[[26501,25263],[14,-242],[5,-26]],[[26520,24995],[10,-158],[1,-72]],[[26531,24765],[-25,7],[-91,5],[0,-81]],[[26415,24696],[-29,179]],[[26386,24875],[3,142],[0,175]],[[20377,37229],[20,109],[8,4],[8,194],[-10,43],[-3,95],[-12,26]],[[20388,37700],[179,8]],[[20567,37708],[25,-1],[0,-95],[82,6]],[[20674,37618],[1,-249]],[[20675,37369],[0,-499],[-30,0]],[[20645,36870],[-89,2],[-63,11],[-57,0]],[[20436,36883],[-19,78],[-9,84],[-31,184]],[[27728,37644],[18,102],[14,121],[-8,115],[16,86],[10,25],[-3,58],[25,-10],[5,63]],[[27805,38204],[60,-275]],[[27865,37929],[21,-99]],[[27886,37830],[-10,-113],[0,-82],[-10,-12],[-9,-133],[-12,-112],[-5,-89]],[[27840,37289],[-16,-102],[-9,-24]],[[27815,37163],[-46,87],[-16,178],[-32,78]],[[27721,37506],[9,59],[-2,79]],[[18340,48263],[91,2]],[[18431,48265],[0,-499],[83,-1]],[[18514,47765],[0,-665]],[[18514,47100],[-1,-158],[-32,-8],[0,-165],[-34,0],[-3,-314],[-17,0]],[[18427,46455],[-98,0],[0,157],[-76,1],[0,248],[-14,66],[-5,100],[-7,10],[-20,-40]],[[18207,46997],[10,100],[23,73],[42,113],[23,107],[1,64],[18,2],[-9,98],[-12,24],[3,86],[-4,268],[12,0],[-1,332],[27,-1]],[[24486,38551],[21,-1],[1,168],[51,-5],[77,-1]],[[24636,38712],[4,-132],[7,-127],[-8,-60],[10,-124],[4,-110]],[[24653,38159],[-17,-46],[-15,24],[-11,-89],[-13,23],[-19,-4],[-8,-29]],[[24570,38038],[-42,4],[0,113],[-22,0],[0,114],[-21,2]],[[24485,38271],[1,280]],[[27087,35448],[20,70]],[[27107,35518],[10,-81],[25,-23],[21,55],[14,-53],[29,-42],[9,21],[8,-62],[35,-53]],[[27258,35280],[-14,-165]],[[27139,34926],[-6,71],[-26,23],[0,36],[-17,81],[-6,56],[-4,128],[-13,59],[20,68]],[[21626,35875],[122,0]],[[21748,35875],[0,-665]],[[21748,35210],[-122,2]],[[21626,35212],[0,663]],[[27051,17906],[0,316]],[[27051,18222],[0,82],[-10,3],[-13,81],[-8,-3],[-15,56],[-11,83],[-1,59]],[[26993,18583],[4,94],[22,139],[-3,60],[-26,144],[-10,121]],[[26980,19141],[99,-1]],[[28828,35354],[1,-60],[-16,-166],[-13,-90],[-11,-198],[-22,-144],[-19,0],[-14,168],[-3,98],[4,145],[12,126],[-4,31],[6,161],[7,99]],[[23358,28517],[16,32],[1,84],[10,45],[16,-48]],[[23515,28184],[0,-713]],[[23515,27471],[-7,-17],[-10,83]],[[23498,27537],[-19,58],[-14,-20],[-25,14],[-6,-19],[-18,30],[-6,-14]],[[23410,27586],[-28,-21],[-5,-20],[-18,19]],[[23359,27564],[-1,5]],[[23358,27569],[0,948]],[[20664,22323],[90,-123],[155,-214],[56,-77],[28,1]],[[20993,21910],[0,-787],[2,-947],[0,-459]],[[20995,19717],[-13,30],[-22,13],[-28,51],[-18,65],[-8,54],[-16,42],[-11,161],[-15,62],[-21,13],[-17,100],[-33,130],[-6,72],[-3,119],[-18,200],[-17,124],[-2,126],[-7,141],[6,60],[-3,98],[3,86],[-21,232],[-10,57],[-4,62],[-13,53],[-4,229],[-7,114],[-23,112]],[[21977,44169],[28,0]],[[22005,44169],[134,0]],[[22139,44169],[0,-659]],[[22139,43510],[-89,-3],[-69,2]],[[21981,43509],[-4,0]],[[21977,43509],[0,660]],[[27472,39103],[14,77]],[[27486,39180],[56,-67],[27,-79]],[[27569,39034],[-2,-218],[10,-69]],[[27577,38747],[-16,-136],[-1,-111]],[[27560,38500],[-20,-17]],[[27540,38483],[-42,66],[-19,14],[-21,40]],[[9773,87259],[-1,-56],[-67,-20],[-1,-49],[-40,-66],[-25,33],[-34,-34],[-21,19],[-21,-50],[-45,4],[-27,-117],[-35,2],[-46,-47],[0,-52],[-35,-63],[-33,6],[-34,64],[-18,-56],[-24,-3],[-32,-92],[-43,3],[-23,-51],[3,-86],[-32,-65],[-39,10],[-47,-47],[-96,0]],[[8957,86446],[-212,0],[-68,171],[-12,-6]],[[8665,86611],[-49,175],[-13,107],[-37,76],[-6,83],[-35,81],[-27,-61],[0,530],[-4,0],[0,661],[307,0],[16,43],[52,81],[45,25],[70,-9],[30,21],[49,91],[20,5],[16,73],[7,98],[19,-31],[53,66],[27,-93],[34,8],[-6,-93],[-36,-84],[16,-125],[36,-85],[20,19],[68,-117],[-11,-72],[-29,-69],[29,-15],[5,-69],[38,51],[82,13],[18,53],[21,2],[29,74],[23,2],[53,-84],[7,23],[40,-73],[22,-14],[34,49],[2,41],[39,21],[15,-18],[46,19],[22,-53],[-7,-62],[-46,-71],[-3,-38],[30,-66],[-33,-225],[-1,-86],[21,-51],[-23,-100],[13,-79]],[[25827,24869],[12,-1],[0,166]],[[25839,25034],[28,1],[1,-165],[31,3]],[[25911,24208],[1,-153],[-14,-15],[0,-171]],[[25898,23869],[-19,2],[-4,28],[-1,139],[-16,-78],[-7,-2],[-10,-67],[0,144],[-28,-3]],[[25813,24032],[0,247],[14,1],[1,87],[-1,502]],[[21494,48795],[16,41],[15,10],[16,-29],[14,25],[19,82],[9,-16],[28,13],[14,-19],[10,37],[14,97],[18,29],[14,71],[28,3],[18,54],[8,51]],[[21735,49244],[-5,-110],[0,-661],[-4,0],[0,-334],[34,1]],[[21760,48140],[0,-331],[-5,0]],[[21492,47808],[0,666],[2,319]],[[21987,47273],[31,-48],[25,17],[29,-20],[9,22],[16,-18],[23,55],[4,56],[27,22],[5,-31],[0,-463],[25,0]],[[22181,46865],[0,-957]],[[22181,45908],[-185,1]],[[21996,45909],[0,248],[-4,0],[0,499]],[[21992,46656],[0,166],[-5,1],[0,450]],[[28209,33603],[37,1]],[[28246,33604],[131,-1]],[[28377,33603],[37,3]],[[28414,33606],[4,-41],[15,-13],[-32,-518]],[[28401,33034],[-5,-55],[-20,-19],[2,-75]],[[28378,32885],[-26,86],[3,56],[-10,46],[-10,111],[-26,-42],[-13,65],[11,70],[-1,77],[-22,68],[-5,60],[-35,1],[-13,36],[-22,7]],[[28209,33526],[0,77]],[[27608,36287],[15,77],[12,135]],[[27635,36499],[9,83],[-5,47],[13,117],[14,89],[14,51]],[[27680,36886],[25,-86],[41,-43],[14,-35]],[[27760,36722],[18,-63],[-10,-117]],[[27722,36139],[-13,-58],[-16,78],[-16,-9],[-22,24],[-13,117],[-19,12],[-15,-16]],[[26329,21864],[35,120],[27,23],[13,210],[22,131],[4,82]],[[26430,22430],[56,-18]],[[26486,22412],[21,-7]],[[26507,22405],[0,-120],[9,-167],[-18,0],[0,-111],[-10,-56],[0,-306]],[[26488,21645],[-46,1],[-2,56],[-130,-7]],[[26310,21695],[0,58],[19,111]],[[19735,54652],[65,16],[42,-43],[9,-113],[-3,-113]],[[19848,54399],[0,-94],[-15,-91],[5,-64],[-7,-134],[9,-62],[1,-229],[14,-215],[-6,-22],[-10,-149],[14,-83]],[[19853,53256],[14,-91],[4,-91]],[[19871,53074],[-121,-3],[-33,-9],[-70,0]],[[19647,53062],[0,166],[5,0],[1,499],[-36,0],[5,162],[0,166],[36,0],[0,69],[71,3],[6,13],[0,512]],[[26714,36598],[12,32],[3,61],[-9,54]],[[26720,36745],[9,95],[13,44],[20,-71],[13,-66],[9,11],[11,-52],[14,6]],[[26809,36712],[10,-121],[-15,-91],[-17,-56],[-5,-53]],[[26782,36391],[-23,5],[-12,-18],[-13,20],[-8,64],[-13,28],[1,108]],[[24580,49785],[137,0],[33,5]],[[24750,49790],[-1,-665]],[[24749,49125],[0,-497]],[[24749,48628],[-135,-4],[0,167],[-34,0],[1,165]],[[24581,48956],[0,498]],[[24581,49454],[-1,331]],[[18691,45955],[2,-60],[-20,-89],[-3,-123],[5,-93],[-7,-77],[11,-175],[13,36],[25,0],[6,-82],[0,-75],[8,-35],[0,-177],[9,-68],[3,-138]],[[18743,44799],[-6,0],[0,-305],[-24,0],[0,56],[-40,-1]],[[18673,44549],[-18,125],[-19,0],[-6,-65],[-14,58],[11,96],[-2,108],[-12,-12],[-22,105]],[[18499,45820],[2,71],[24,63],[166,1]],[[26690,30116],[9,93],[-2,43],[20,108],[3,64],[10,4],[11,74],[16,33],[0,125]],[[26757,30660],[1,0]],[[26758,30660],[27,50]],[[26785,30710],[31,54]],[[26816,30764],[-11,-143],[10,-88],[-2,-77],[6,-227],[-2,-74],[11,-22],[4,-194]],[[26832,29939],[-1,-9]],[[26831,29930],[-3,-18]],[[26828,29912],[-38,-248]],[[26790,29664],[-17,28]],[[26773,29692],[-14,82]],[[26759,29774],[-18,103],[-18,39],[-6,49],[-23,96]],[[26694,30061],[-4,55]],[[28246,33604],[31,321],[-1,345]],[[28276,34270],[11,-32]],[[28287,34238],[17,-61],[13,-1],[15,34],[-9,-271],[17,-25]],[[28340,33914],[-18,-69],[9,-36],[13,2],[16,-101],[-1,-69],[18,-38]],[[28302,33905],[2,-54],[14,16],[0,63],[-16,-25]],[[20451,35151],[69,395],[3,27]],[[20523,35573],[12,65],[14,12],[27,69],[17,-64],[9,-3],[9,-193],[-2,-117],[13,-91],[-10,-39],[0,-143],[3,-39]],[[20615,35030],[0,-568]],[[20615,34462],[-18,0]],[[20597,34462],[-139,1]],[[20458,34463],[-12,58],[-2,73],[8,71],[-2,63],[5,88],[-4,71],[7,139],[-7,125]],[[21498,43514],[156,1]],[[21660,43516],[-1,-664]],[[21659,42852],[-161,0]],[[21498,42852],[0,662]],[[24009,24382],[98,1],[1,167],[71,-1]],[[24179,24549],[5,-80],[-7,-101],[1,-159],[17,-55],[1,-78],[10,-106],[8,12],[12,-41]],[[24226,23941],[-30,-36],[-92,-130],[-17,31],[-3,83],[2,79],[-6,49]],[[24080,24017],[-24,154],[-10,5],[-19,53],[1,61],[-16,37],[-3,55]],[[26190,30214],[4,99],[19,0],[0,84],[11,15],[0,56],[12,166]],[[26236,30634],[1,0]],[[26237,30634],[46,0]],[[26283,30634],[-9,-133],[7,-83],[-7,-40],[-10,-142],[6,-45],[-2,-92],[-19,-1],[6,-138]],[[26255,29960],[-6,-35],[-33,12]],[[26216,29937],[0,186],[-32,1],[6,90]],[[18425,55696],[53,4],[181,-5],[0,-83],[36,-1],[0,-83],[18,0],[-1,-111],[161,5]],[[18873,55422],[0,-551]],[[18873,54871],[-72,-1],[0,-165],[-71,0],[0,-203],[-35,21]],[[18434,55358],[20,-14],[8,74],[-15,144],[-12,25],[-10,109]],[[26119,35864],[7,65],[10,30],[14,97],[23,61],[15,66]],[[26188,36183],[8,35],[10,-54],[16,7]],[[26222,36171],[8,-70],[-6,-336]],[[26224,35765],[-2,-90]],[[26222,35675],[-63,-1],[-33,81],[-7,109]],[[24723,19615],[0,-11]],[[24723,19604],[0,11]],[[24591,20943],[28,4],[36,-35]],[[24655,20912],[28,8],[7,-16]],[[24690,20904],[14,-72],[1,-66],[13,-69],[16,-33],[7,-126],[33,-2]],[[24774,20536],[16,-16],[4,-50],[1,-133],[-9,-47],[13,-164],[25,-42],[8,-51],[-3,-102]],[[24829,19931],[-1,-33]],[[24828,19898],[1,-24]],[[24829,19874],[-1,-121],[-11,28],[-10,-59],[13,-108]],[[24820,19614],[-7,-79]],[[24813,19535],[-27,-122],[-11,-31],[-8,108],[-7,128],[-8,115],[-19,43],[-6,-56]],[[24727,19720],[6,74],[-3,124],[-34,209],[-19,155],[-13,77],[-10,16],[-13,107],[-17,61],[-6,99],[-11,32],[-15,-35],[0,-56],[-35,-3]],[[24557,20580],[23,220],[11,143]],[[22181,45908],[78,0]],[[22259,45908],[-1,-369]],[[22258,45539],[-22,-46],[-22,-16],[-15,-64],[-19,-39],[-39,25]],[[22141,45399],[-27,8],[-34,58],[-44,38],[-22,44],[-4,46],[-14,26]],[[21996,45619],[0,290]],[[25021,22858],[57,0]],[[25078,22858],[70,2]],[[25148,22860],[0,-334]],[[25148,22526],[0,-111]],[[25148,22415],[-99,-1],[0,-56],[-28,0]],[[25021,22358],[0,500]],[[21200,27584],[128,0]],[[21328,27584],[0,-819]],[[21328,26765],[-130,1]],[[21198,26766],[2,818]],[[19457,47463],[21,-94],[18,-124],[0,-151],[66,-1],[0,-28],[34,1],[0,-56],[33,0],[0,-83],[33,1],[0,-56],[33,-1],[0,-55],[33,0],[0,-27],[51,-1],[0,21],[156,4],[0,55]],[[19935,46868],[17,0]],[[19952,46868],[5,-55],[0,-657],[4,0],[0,-661],[-11,0],[0,-662],[5,0]],[[19955,44833],[1,-329]],[[19956,44504],[-168,2],[-160,1],[-96,1]],[[19532,44508],[0,324],[-7,0],[-1,496],[-18,1],[-4,93],[-19,32],[-18,167],[-9,17],[-9,122],[-14,38],[-29,134],[-14,4],[0,106],[-11,90],[-8,20],[-15,170],[-5,95],[6,86],[-8,39],[1,68],[-16,0],[0,185],[-83,3]],[[19251,46798],[0,1036]],[[28671,39660],[2,0]],[[28673,39660],[6,-66],[14,-71],[24,-202]],[[28717,39321],[-13,-104],[14,-26],[-5,-58],[-30,-147],[-26,-97],[-6,136],[-13,3]],[[28638,39028],[-9,142],[-13,72],[-20,43],[-15,171],[-2,204]],[[28579,39660],[92,0]],[[15459,42827],[44,1],[16,-203],[-2,-77],[13,-107]],[[15530,42441],[-7,-33],[1,-85],[-10,-79],[11,-35],[5,-86],[-6,-23],[-5,-109],[-10,-55],[-22,68],[-15,-69],[15,-162],[5,-172],[0,-947],[0,-459]],[[15492,40195],[-134,-1]],[[15358,40194],[-16,59],[0,65],[-8,71],[-22,51],[-7,58],[-21,81],[-20,110],[4,102],[-7,150],[-10,96],[6,117],[16,213],[48,495],[6,95],[7,193],[-14,89],[5,135],[10,162],[10,277],[2,172]],[[21988,36380],[0,-166]],[[21988,36214],[4,-166],[-1,-671]],[[21991,35377],[-121,-1]],[[21870,35376],[0,499]],[[21870,35875],[-4,176],[0,332],[122,-3]],[[26667,23698],[17,97],[1,122],[8,21]],[[26693,23938],[54,-7]],[[26747,23931],[2,-99]],[[26749,23832],[8,-100],[15,-82],[6,-96],[-4,-81],[1,-93]],[[26775,23380],[2,-70],[-35,1],[-1,-162],[-8,-71]],[[26733,23078],[-27,4]],[[26706,23082],[4,69],[-12,66],[5,132],[-8,46],[-1,101],[-14,31],[-13,80],[0,91]],[[28651,33614],[53,0]],[[28704,33614],[71,0]],[[28775,33614],[14,-368],[12,-240]],[[28801,33006],[-6,-9]],[[28795,32997],[-4,42],[-9,326],[-13,41],[-3,77],[-25,23],[-4,82],[-11,-50],[9,-121],[11,-19],[13,-133],[17,-233],[9,-93],[-2,-37],[11,-113],[0,-86],[-14,56],[-4,110],[-13,100],[-3,61],[-11,22]],[[28749,33052],[3,56],[-14,50],[-10,83],[-22,5],[-12,77],[0,52],[-43,239]],[[26688,26703],[59,157],[20,-118]],[[26767,26742],[13,-173],[14,-22],[9,-162]],[[26803,26385],[-3,-98]],[[26800,26287],[-24,-66],[-51,-170]],[[26725,26051],[-51,599]],[[26674,26650],[14,53]],[[26123,30938],[39,328],[6,67]],[[26168,31333],[16,193],[10,5]],[[26226,31437],[11,-97],[9,-134]],[[26246,31206],[-18,-198],[-4,-112],[8,-172],[9,-38],[-4,-52]],[[26236,30634],[-79,-5]],[[26157,30629],[-28,-3]],[[26129,30626],[-31,-1]],[[26098,30625],[26,118],[6,82],[-10,34],[3,79]],[[17880,47701],[28,104],[16,0],[0,-124],[37,0],[43,-156],[5,101],[28,-6],[14,-41],[18,25],[5,-107],[32,-108],[12,-65],[13,-11],[5,50],[14,8],[8,-109],[28,-110],[17,-96],[4,-59]],[[18427,46455],[0,-331]],[[18298,45282],[0,342],[16,0],[0,669],[-84,0]],[[18230,46293],[-184,0]],[[17875,47549],[-2,107],[7,45]],[[24938,32385],[23,60],[14,-25],[4,44],[24,-2],[18,-125]],[[25021,32337],[-4,-121]],[[25017,32216],[-13,10],[-10,-108],[2,-69],[-10,-90],[-1,-167],[-9,-28]],[[24976,31764],[-21,69],[-10,51],[-30,-10],[-8,16],[-34,-116],[-10,-91]],[[24863,31683],[-9,36],[-3,78],[26,70],[-13,32],[-14,82],[-1,62],[15,61],[18,-32],[11,29],[0,60],[12,42],[8,-15],[9,65],[-20,45],[0,58],[15,29],[11,-56],[10,56]],[[16672,35954],[-77,-415],[0,-125],[-9,-63],[-10,0],[0,-83],[-30,-2],[-81,-446]],[[16465,34820],[-12,75],[-14,32],[-34,308],[-2,82],[-32,362]],[[16371,35679],[11,72],[1,102],[22,21],[7,53],[11,-1],[5,58],[16,-23],[10,59],[18,-1],[24,-93],[37,-7],[39,80],[3,63],[16,51],[3,55],[15,25],[8,-64],[15,3],[40,-178]],[[24427,21040],[61,29]],[[24488,21069],[13,-143],[6,-95],[15,-19],[11,-67],[-2,-195]],[[24531,20550],[-9,47],[-14,9],[-32,69],[-15,3],[-10,33],[4,96],[-10,127],[-18,106]],[[24348,22073],[15,-1]],[[24363,22072],[18,-105],[3,-55],[2,-198],[16,-130],[15,-3],[10,-102],[3,-160],[21,-1],[5,-83]],[[24456,21235],[-33,-1],[-6,-47],[-25,-1],[-17,143],[-19,28],[-10,-27],[-15,-123],[-16,45],[-21,10]],[[24283,21826],[3,74],[12,-24],[19,43],[15,-44],[33,14],[-17,184]],[[26779,37761],[15,1],[23,59],[7,-55],[6,-253],[9,-47]],[[26839,37466],[25,-25],[17,-99]],[[26881,37342],[-29,-137],[-13,-114]],[[26839,37091],[-27,48],[-15,-10],[-24,136],[-32,74]],[[26741,37339],[14,67],[13,107],[-3,29],[16,138],[-2,81]],[[26804,35837],[14,-15],[36,91],[34,-69]],[[26888,35844],[21,-67]],[[26909,35777],[-14,-28],[5,-53],[-7,-264],[7,-2],[2,-107],[-17,-182],[-6,-85],[-11,-41]],[[26809,35399],[7,53],[-2,239],[-10,56],[0,90]],[[18138,40012],[96,-1],[126,0],[126,-3],[127,1],[0,71],[20,-5],[12,92],[13,47]],[[18658,40214],[19,-72],[2,-86],[12,-46],[-6,-76],[4,-71],[-6,-87],[16,-2],[17,49],[17,167],[12,22],[11,78],[25,-158],[-5,-98],[32,1]],[[18808,39835],[5,-56],[11,1],[0,-84],[-37,-87],[1,-447],[-10,0],[1,-147],[-49,-3],[-10,-29],[0,-56],[-16,-43]],[[18704,38884],[-16,29],[-33,0],[-1,375],[-5,53],[-116,-3],[-82,0],[-249,0],[0,-16],[-64,-2]],[[18138,39320],[0,692]],[[19924,36954],[13,-96],[7,-179],[-1,-20]],[[19943,36659],[4,-130],[10,-18],[-6,-116],[-15,-32],[7,-52]],[[19943,36311],[-21,0],[1,-84],[-16,-54],[-12,25]],[[19895,36198],[-2,90],[-13,68],[-25,36],[-5,35],[3,172],[-17,0],[-4,69]],[[19832,36668],[8,42],[0,85],[-21,70],[-21,-1],[-5,112],[-7,34],[138,1],[0,-57]],[[20924,54297],[1,887],[0,255]],[[21263,55682],[18,13],[9,-80],[19,-23],[-1,-49],[17,-8],[12,-148],[-22,-119],[-4,-85],[4,-73]],[[21315,55110],[0,-285],[-127,1],[0,-660]],[[21188,54166],[-158,1]],[[21030,54167],[-106,2]],[[20924,54169],[0,128]],[[28673,39660],[27,1]],[[28700,39661],[97,1]],[[28797,39662],[0,-122],[6,-535]],[[28803,39005],[-14,9],[-11,-34],[-37,19]],[[28741,38999],[-12,54],[14,62],[-5,58],[8,175],[-29,-27]],[[26314,26547],[36,1],[18,70]],[[26368,26618],[14,-99],[12,9],[6,-91],[29,-75]],[[26429,26362],[-14,-51],[-10,-158],[-10,-52],[0,-93],[-10,1]],[[26385,26009],[-13,-1],[-3,-38],[-37,-13]],[[26332,25957],[-16,-31]],[[26316,25926],[7,86],[-7,38]],[[26316,26050],[0,468],[-2,29]],[[25447,35140],[61,212],[26,48],[35,158]],[[25569,35558],[7,-107],[-3,-49],[3,-121],[15,-63]],[[25591,35218],[-14,-156],[-7,-20],[-5,-84],[12,-82],[11,-34],[-8,-71]],[[25580,34771],[-11,-45],[-31,-13],[-10,-41],[-44,84]],[[25484,34756],[-10,56],[-17,37],[-5,108],[-1,116],[-4,67]],[[22551,24780],[56,191]],[[22674,24312],[-116,-398]],[[22558,23914],[-25,-90]],[[22533,23824],[-54,510]],[[22479,24334],[86,301],[-14,145]],[[20930,24937],[13,0]],[[20943,24937],[7,-24],[3,-82],[8,-80],[28,-96],[1,-110],[15,-102],[15,14],[25,-184]],[[21045,24273],[11,-37],[17,-13],[-1,-89],[5,-59],[-2,-65],[6,-127],[8,-41],[17,10],[18,-34],[17,27],[6,-66],[18,-43],[32,-10],[16,12]],[[21213,23738],[-102,-732],[-58,-421]],[[21053,22585],[-145,646]],[[20908,23231],[4,297],[18,1409]],[[26618,24990],[0,173]],[[26618,25163],[48,-3],[21,13],[7,-34]],[[26694,25139],[10,-45],[3,-190],[20,-108],[3,-49]],[[26730,24747],[8,-100]],[[26738,24647],[-9,-6],[-75,5]],[[26654,24646],[-37,13]],[[26617,24659],[1,331]],[[26950,23825],[20,25],[33,192]],[[27003,24042],[20,-114],[6,1]],[[27029,23929],[12,16],[10,-46],[4,-156]],[[27055,23743],[11,-122],[-4,-63],[-28,-13],[-8,-80],[-11,-42],[-28,35]],[[26987,23458],[-9,13],[-19,114],[-1,141],[-8,99]],[[26197,33341],[5,5],[4,172],[12,112],[28,43],[23,-22],[22,-86],[14,0]],[[26305,33565],[11,-170],[10,-77],[-12,-47]],[[26314,33271],[-11,-62],[-13,-27],[-3,-50],[-19,-9],[-14,-162],[2,-99]],[[26256,32862],[-26,-10],[-7,37],[-15,-72],[-5,11]],[[26203,32828],[-6,12]],[[26197,32840],[11,98],[-12,207],[1,196]],[[26702,22333],[48,-20]],[[26750,22313],[124,-50]],[[26874,22263],[-10,-73],[3,-103],[16,-124],[4,-65],[-10,-121],[-11,-41],[-21,30]],[[26845,21766],[-38,102],[-7,44],[-34,47],[-21,-40],[-5,-61]],[[26740,21858],[-13,64],[-6,189],[-10,211],[-9,11]],[[15540,53143],[59,2]],[[15599,53145],[0,-55],[151,-4],[115,2]],[[15865,53088],[7,-15],[48,-5],[48,-44],[21,103],[85,0]],[[16074,53127],[6,-80],[18,-30],[-2,-75],[-11,-21],[8,-76],[-18,-194],[18,-235],[-3,-43],[-35,0]],[[16055,52373],[-130,1],[-70,-7]],[[15855,52367],[-243,5],[-29,-4]],[[15583,52368],[-39,-3]],[[15544,52365],[-1,340],[-3,438]],[[20644,40028],[10,14],[0,114],[15,36]],[[20669,40192],[100,1],[126,0]],[[20895,40193],[124,1]],[[21019,40194],[0,-498]],[[21019,39696],[-192,-4],[-136,4]],[[20691,39696],[7,54],[34,1],[-7,104],[39,-2],[0,97],[6,49],[-22,15],[-15,-21],[0,-97],[-16,-6],[0,-83],[-32,0],[-41,-14]],[[26789,28166],[13,76]],[[26802,28242],[16,-192],[19,42],[19,-69],[21,-36]],[[26877,27987],[-7,-23],[-5,-92],[-8,-56],[-18,21],[-14,-104],[4,-44]],[[26829,27689],[-14,-9],[-23,17],[-8,41]],[[26784,27738],[8,98],[-8,114],[3,76],[14,72],[-12,68]],[[26549,30128],[7,15],[2,92],[12,27]],[[26570,30262],[28,16]],[[26598,30278],[16,-131],[-10,-139],[6,-71],[0,-81],[6,-64],[-14,-81]],[[26602,29711],[-49,3]],[[26553,29714],[-6,86],[-3,165],[5,163]],[[26452,50920],[21,-123],[2,-70],[17,-69],[25,12],[17,-18],[28,-124],[31,-44],[35,-96],[10,20],[24,-80],[19,-88],[-9,-24],[8,-95]],[[26680,50121],[-138,-10]],[[26440,50105],[-1,814],[13,1]],[[23002,28550],[3,133],[-10,62],[18,127],[-10,97]],[[23003,28969],[36,-1],[0,83],[13,-1]],[[23052,29050],[116,-1]],[[23168,29049],[15,-59],[0,-338],[17,-62],[11,-81],[21,0]],[[23232,28509],[-23,-64]],[[23209,28445],[-22,86],[-5,-44],[-30,-48],[-14,22],[-13,-20],[-9,-147],[-14,-24],[-19,34],[-4,-106],[-14,-35],[-5,65]],[[23060,28228],[-12,95],[-22,-6],[-7,92],[-13,-3],[-14,42],[10,102]],[[24849,32562],[63,4]],[[24912,32566],[5,-78],[18,-62],[3,-41]],[[24863,31683],[-14,-27],[-9,69],[-14,-25],[-2,-59],[13,-163],[-11,-64]],[[24826,31414],[-4,-14]],[[24822,31400],[-5,85],[2,61],[-12,21],[-9,-77]],[[24798,31490],[-40,3]],[[24758,31493],[0,499]],[[24758,31992],[-1,565]],[[24757,32557],[92,5]],[[25616,32486],[6,173]],[[25780,32504],[-3,-111],[8,-109],[-4,-120],[-14,2],[-9,-74],[3,-81]],[[25761,32011],[-27,-6]],[[25734,32005],[-8,26],[-113,248]],[[25613,32279],[3,207]],[[21581,25938],[143,-2]],[[21724,25936],[-2,-833]],[[21722,25103],[-23,0]],[[21699,25103],[-120,1]],[[21579,25104],[2,834]],[[25300,26827],[10,566]],[[25310,27393],[8,469]],[[25318,27862],[92,-19]],[[25410,27843],[29,1]],[[25439,27844],[1,-707]],[[25440,27137],[-30,-87],[-7,-58],[-17,-32],[0,-35],[-33,-14],[-6,-75]],[[25347,26836],[-47,-9]],[[26457,31822],[10,32],[5,71],[-8,35],[-5,163],[4,70]],[[26463,32193],[9,49],[15,38],[20,-13],[17,61],[16,-60],[10,-7],[16,88]],[[26566,32349],[25,-335],[12,-40],[0,-231]],[[26603,31743],[-30,-14],[-15,-73],[-16,-12],[-8,-79],[-12,-29]],[[26522,31536],[-2,6]],[[26520,31542],[5,32],[-19,67],[5,65],[-25,-17],[-4,66],[-20,34],[-5,33]],[[15680,50331],[6,54],[29,-26],[0,193]],[[15972,50606],[12,-112],[21,-46],[-1,-73],[7,-96],[-4,-61]],[[16007,50218],[2,-47],[-17,-80],[11,-110],[16,-61],[-24,-130],[-9,12],[-10,-65],[7,-135],[18,-67],[-5,-27]],[[15996,49508],[-186,0],[-36,94],[-18,161],[-28,66],[-25,140],[8,86],[2,133],[-10,60],[-18,-27]],[[15685,50221],[-5,110]],[[24975,20428],[-6,31]],[[24835,20924],[21,-5],[6,-48]],[[24964,20461],[-36,-50],[-1,-169],[11,-66],[19,-54],[9,-63],[0,-105],[19,28],[9,-26],[15,1],[13,-63],[8,31],[12,-41],[9,-87],[9,76],[17,-102],[7,-72],[-2,-97],[14,-17],[13,42],[2,-74],[-17,-11],[-5,-61],[16,-6],[-7,-86],[-11,50],[-3,-81],[-9,-6],[-3,-94],[-17,1],[-1,80],[-17,-21],[-34,-232],[2,76],[8,55],[8,109],[6,0],[12,221],[-12,54],[-3,-101],[-6,-37],[-13,-11],[-23,174],[-35,74],[-9,70],[-57,54],[5,69],[10,-51],[8,42],[20,17],[23,54],[-45,4],[-21,61],[2,102],[-15,-57],[-24,28]],[[24844,20093],[-1,230],[-10,179],[-14,123],[-1,172],[12,46],[5,81]],[[22019,22478],[176,0]],[[22195,22478],[0,-402],[50,0]],[[22245,22076],[1,-406]],[[22246,21670],[-126,7]],[[22120,21677],[-101,0]],[[22019,21677],[0,801]],[[28327,31094],[41,-151],[50,-178],[11,21],[2,-96],[-2,-355],[9,-37]],[[28413,30247],[-8,47],[-8,138],[-12,84],[-18,25],[-10,-58],[-38,116],[-38,29],[-10,-20]],[[28271,30608],[-15,65]],[[28256,30673],[36,120],[26,194],[-5,134],[14,-27]],[[17304,52445],[0,221]],[[17304,52666],[89,2],[4,59],[26,109],[44,-4]],[[17467,52832],[2,-249],[22,4],[0,-64]],[[17491,52523],[-10,-48],[10,-48],[0,-140],[-28,15],[-6,-49],[-62,0],[8,-157],[-5,-10],[0,-460]],[[17398,51626],[-15,-108],[7,-87],[-18,-73]],[[17372,51358],[-20,116],[-2,72],[-12,78]],[[17338,51624],[-12,197],[11,118],[-12,74],[2,50],[-8,128],[-20,100],[5,154]],[[24160,38759],[33,-4]],[[24193,38755],[58,-13],[-1,-335]],[[24250,38407],[-12,-230],[-2,-150],[7,-97],[-9,-60],[-7,-108],[-7,-22],[-1,-136]],[[24219,37604],[-38,70],[4,48],[-15,65]],[[24170,37787],[-4,48],[9,68],[-11,36],[-17,106],[-6,91]],[[24141,38136],[-16,93]],[[24125,38229],[-1,62],[36,468]],[[23125,21257],[17,-124],[-13,-136],[2,-67],[8,-42],[-7,-71],[5,-57],[15,-12],[5,-144]],[[23157,20604],[5,-74],[-3,-164],[-18,-2]],[[23117,20425],[-7,43],[-17,25],[-14,165],[-5,111],[-23,20],[-6,44],[-14,37],[-14,76],[-10,104]],[[23007,21050],[-14,158]],[[22993,21208],[10,38],[18,1],[65,60],[34,-83],[5,33]],[[24437,26855],[48,-2]],[[24485,26853],[-4,-103],[-16,-162],[-2,-208],[-16,-143],[-1,-113],[-11,-78]],[[24435,26046],[-42,1],[0,162],[-12,0]],[[24381,26209],[0,67],[12,89],[-3,65],[11,137],[15,46],[21,242]],[[27851,31243],[60,409]],[[27911,31652],[15,118]],[[27926,31770],[57,-122]],[[27983,31648],[14,-44],[35,-289],[-1,-54]],[[28009,31126],[-30,40],[-19,-2],[-21,-39],[-3,-28],[-33,-31],[-27,-42]],[[27876,31024],[-16,41],[-4,52],[-16,52],[11,74]],[[26400,25726],[8,-31]],[[26408,25695],[11,-48],[19,-1]],[[26438,25646],[0,-144],[10,-3],[0,-121],[11,-3]],[[26389,25254],[1,125],[5,100],[6,25],[-1,222]],[[20434,56520],[232,0]],[[20666,56520],[60,0],[0,-165],[36,0],[0,-166],[162,0]],[[20925,55439],[-16,7],[-9,105],[-10,-37],[-22,-9],[-12,38],[-43,84],[-4,47],[-15,-18],[-47,-13],[-22,44],[-17,-14],[-20,60],[-8,-27],[-4,-77],[-19,-20],[-9,-42],[-38,35],[-6,-29]],[[20604,55573],[-9,43],[-25,-19],[-4,26],[-34,-6],[-12,16],[-12,-60],[-15,29],[-28,-54],[-16,-53],[-8,32],[-18,-61]],[[20423,55466],[0,398],[11,0],[0,656]],[[26645,23654],[14,-2],[8,46]],[[26706,23082],[-51,9]],[[26655,23091],[-6,36],[-12,0],[-9,52]],[[26628,23179],[8,176],[10,68],[-1,231]],[[28100,36898],[11,-74],[8,-7],[19,99],[16,55]],[[28264,37066],[-7,-71],[-63,-391]],[[28194,36604],[-14,36],[-10,-5],[-18,34],[-19,-44],[-11,3]],[[28122,36628],[-44,101]],[[28078,36729],[22,169]],[[28093,38300],[42,19],[4,36]],[[28139,38355],[15,-46],[11,13],[15,-77]],[[28180,38245],[-20,-128],[0,-49],[-16,-41]],[[28144,38027],[-10,-59],[-5,-78],[-19,-69],[-9,5]],[[28101,37826],[-2,47],[-28,74]],[[28071,37947],[17,112],[9,118],[-9,16],[5,107]],[[26515,36744],[36,200]],[[26551,36944],[33,-26],[13,-132],[14,-51]],[[26611,36735],[6,-103],[13,24],[13,-57],[6,-125]],[[26649,36474],[-21,16],[-1,-87],[-23,29],[-28,-57]],[[26576,36375],[-12,82],[-5,76],[-17,105],[-21,42],[-6,64]],[[22054,27601],[144,4]],[[22198,27605],[1,-843]],[[22199,26762],[-39,0]],[[22160,26762],[-105,6]],[[22055,26768],[-1,833]],[[21557,24272],[141,-1]],[[21698,24271],[0,-180]],[[21698,24091],[0,-53]],[[21698,24038],[-2,-857]],[[21696,23181],[-139,1]],[[21557,23182],[0,1090]],[[25579,31914],[9,52],[14,27],[6,46],[5,240]],[[25734,32005],[-8,-20],[-5,-218],[-6,-108],[-13,-84],[-16,-57],[-2,-65]],[[25684,31453],[-16,-3],[-28,76],[-24,-43]],[[25616,31483],[-25,22]],[[25591,31505],[6,74],[-4,123],[-18,70],[4,142]],[[19861,35950],[21,135],[13,113]],[[19943,36311],[10,-40],[3,-81],[-4,-51],[5,-92],[14,-32],[-4,-79],[0,-246]],[[19831,35691],[0,108],[27,50],[3,101]],[[20943,24937],[71,0]],[[21014,24937],[111,1]],[[21125,24938],[-1,-666]],[[21124,24272],[-79,1]],[[17580,55858],[9,-19],[2,-88],[15,-21],[5,67],[38,74],[8,69],[18,-20],[10,-80],[-7,-55],[14,-83],[3,-113],[27,-181],[-5,-72],[9,-63],[18,21],[22,-30],[17,33],[11,-60],[28,80],[2,76],[10,23],[-5,64],[40,0]],[[17869,55480],[6,-28],[0,-248],[107,5],[0,-163]],[[17982,55046],[6,-83],[0,-276],[65,1],[6,-91],[-9,-26],[10,-141],[-7,-147],[17,-65],[24,0],[0,-332],[5,-83]],[[18099,53803],[-19,-33],[-28,76],[-19,94],[-19,19],[-20,66],[-35,38],[-6,-38],[-24,27]],[[17929,54052],[-13,56],[-18,0],[-17,28],[-4,160],[-83,172],[-7,-29],[-27,25],[-13,-35],[-50,25]],[[17697,54454],[-16,10],[-19,129],[18,82],[-1,54],[-12,59],[4,76],[-29,110],[-5,119],[-21,81],[-36,229]],[[17580,55403],[0,455]],[[27826,38911],[17,67],[40,221]],[[27883,39199],[31,-75],[7,88],[16,69],[14,126],[16,-2],[31,-100]],[[27998,39305],[-21,-137],[-11,-33],[-11,-132],[-11,-87],[-10,-11],[-11,-89],[-15,-78]],[[27908,38738],[-43,143],[-39,30]],[[25880,31444],[-6,-48],[10,-76],[-5,-27]],[[25879,31293],[2,-72],[-12,-114],[1,-54],[-7,-88],[0,-66]],[[25863,30899],[-14,18],[0,82],[-6,107],[-20,110],[-18,35],[1,83]],[[24976,31764],[9,-64],[-1,-274]],[[24984,31426],[-18,3],[-26,-55]],[[24940,31374],[-40,56],[-7,-27],[-67,11]],[[24822,31400],[-7,-7]],[[24815,31393],[-9,45],[-8,-42],[-8,66],[8,28]],[[28555,35196],[16,-129],[26,-132]],[[28597,34935],[10,-52],[23,19],[-5,-126]],[[28625,34776],[3,-101]],[[28628,34675],[-12,-25]],[[28616,34650],[-6,14],[-29,228],[-8,-14]],[[28573,34878],[-2,46],[-14,3],[-8,51]],[[28549,34978],[-14,76]],[[28535,35054],[-7,66],[3,57],[19,-5],[5,24]],[[23040,25621],[105,-2]],[[23145,25619],[174,-5]],[[23319,25614],[1,-105],[-11,-142],[7,-45],[-5,-95],[5,-32]],[[23316,25195],[9,-97]],[[23325,25098],[-102,-91],[-72,-59]],[[23151,24948],[0,13]],[[23151,24961],[-4,139],[-14,18],[1,118],[-9,-8],[-23,159],[-15,53],[-4,65],[-24,59]],[[23059,25564],[-13,6],[-6,51]],[[29422,42797],[4,307]],[[29426,43104],[3,266]],[[29429,43370],[21,-270],[1,-65],[15,45],[3,-49],[18,-39]],[[29487,42992],[26,-75],[17,-88],[12,-97],[13,-60],[-12,-136],[1,-116]],[[29544,42420],[-6,-42],[-21,22],[-16,-76],[-7,18],[-32,-80],[-9,-57],[-10,8],[-23,-68],[-12,-16],[-17,-59]],[[21414,25103],[21,-1]],[[21435,25102],[122,1]],[[21557,25103],[0,-831]],[[21557,24272],[-143,0]],[[21414,24272],[0,831]],[[26156,32170],[7,31],[6,129],[-12,194]],[[26157,32524],[8,242],[23,-12],[15,74]],[[26256,32862],[11,-37],[10,-101],[12,-47],[19,-123],[12,-164]],[[26320,32390],[-14,-94],[-15,-66]],[[26254,32110],[-4,13],[-27,-43],[-4,49],[-59,-12]],[[26160,32117],[0,3]],[[26160,32120],[-5,39]],[[26155,32159],[1,11]],[[25251,33520],[7,0]],[[25258,33520],[122,-8]],[[25380,33512],[-2,-110],[19,-151]],[[25397,33251],[-27,-2],[-4,-92],[6,-97],[-36,-266]],[[25336,32794],[0,49],[-89,11]],[[25247,32854],[4,666]],[[26307,32093],[14,-68],[15,-10],[0,-128]],[[26336,31887],[-29,-236],[-25,-160],[-12,-166]],[[26270,31325],[-19,-113],[-5,-6]],[[25808,32756],[37,-141],[16,-79],[48,-59]],[[25909,32477],[-1,-140],[-4,-15],[-4,-208],[-6,-115]],[[25894,31999],[-11,-35],[1,-102]],[[25774,31965],[-13,46]],[[27305,16629],[75,-2]],[[27380,16627],[27,2],[0,-161],[27,0]],[[27434,16468],[1,-673]],[[27435,15795],[0,-160],[-58,-311]],[[27377,15324],[4,374],[-19,97]],[[27362,15795],[-15,85],[-1,82],[-9,24],[-1,97],[-10,49],[-13,5],[-7,93],[-12,93],[-6,13],[0,102],[18,111],[-1,80]],[[25785,31353],[-1,-72],[-27,-61],[-13,-80],[-23,20]],[[25721,31160],[0,57],[-20,43],[-7,165],[-10,28]],[[26897,33697],[87,3]],[[26984,33700],[16,0]],[[27000,33700],[26,-2]],[[27026,33698],[59,-1],[3,42],[27,-4]],[[27115,33735],[-29,-88],[-15,-114]],[[27071,33533],[-32,-94],[-25,-111],[-18,37],[-13,-45]],[[26983,33320],[-20,13],[-19,81],[-45,-42],[-22,16]],[[26877,33388],[-5,39],[20,82],[4,45],[1,143]],[[25894,31999],[33,-108],[29,25]],[[25956,31916],[14,-185],[16,-74]],[[25986,31657],[-3,-153],[2,-182],[-7,-35],[-2,-78]],[[25976,31209],[-9,36],[-16,12],[-9,56],[-34,36],[-14,-47],[-15,-9]],[[26932,24878],[-3,-39],[-14,19]],[[20993,21910],[100,483]],[[21093,22393],[116,-556],[127,-613]],[[21405,20892],[-12,-64],[-7,-119],[-6,-35],[-22,42],[-17,-80],[-6,23],[-33,-67],[-4,-96],[-11,-74],[1,-63],[-10,-99],[-9,-48],[0,-54],[-6,-95],[1,-90],[-4,-72],[-10,-9],[-3,-119],[-5,-57],[9,-39],[-1,-51],[-34,-75],[-10,-146],[-13,-23],[-5,-114],[-15,-106],[-32,47],[-41,80],[-38,225],[-11,-11],[-32,65],[-4,-6],[-20,155]],[[23208,19717],[14,87],[13,31],[34,-61],[11,67],[5,107],[7,22],[-1,82],[25,2],[10,269]],[[23326,20323],[22,10],[4,25],[20,-11],[2,-74],[10,4]],[[23384,20277],[-4,-173],[49,-505]],[[23429,19599],[-12,-45],[-14,4],[-5,-111],[12,-96],[-36,-175],[-12,-80],[-24,-128],[-35,-84]],[[23303,18884],[-17,8],[-3,57],[-17,84],[-4,91],[-12,34],[-19,-4],[-3,147],[-8,88],[-10,16],[-1,202],[-8,47]],[[30157,44510],[23,2]],[[30180,44512],[-8,-50],[7,-74],[13,91]],[[30192,44479],[14,-72],[13,-148],[12,-85],[-1,-81],[-14,-62],[-1,-50],[13,-66],[19,-5],[11,-45],[5,-129],[-3,-91]],[[30260,43645],[-8,-47],[-19,-45],[-2,-86]],[[30231,43467],[-22,34],[2,-65],[-27,-146],[-9,7]],[[30109,44187],[43,119],[5,204]],[[27063,27858],[100,539]],[[27163,28397],[23,120]],[[27186,28517],[19,-133],[12,-20],[12,-120],[14,-11],[50,-144]],[[27293,28089],[-52,-310]],[[27241,27779],[-107,-558]],[[27134,27221],[-14,30],[-12,65]],[[27108,27316],[1,70],[-6,56],[-14,37],[-7,59],[9,141],[-4,47],[-17,45],[-7,87]],[[21482,37551],[0,157]],[[21482,37708],[133,4]],[[21615,37712],[0,-832]],[[21482,36878],[0,12]],[[21482,36890],[0,661]],[[21562,21672],[106,0],[116,0]],[[21784,21672],[72,1]],[[21856,21673],[0,-1267]],[[21856,20406],[1,-389],[-4,-156],[-10,-24],[1,-135],[-14,-25]],[[21830,19677],[-23,75],[-3,51],[-17,75],[-15,34],[-9,79],[-7,100],[-26,35],[-6,71],[-24,43],[6,54],[-3,74],[-11,-62],[-6,27],[3,105],[-4,35],[-16,40],[-7,70],[-3,103],[-12,-33],[-3,69],[-11,-48],[-9,63],[-9,2],[-22,-84],[-5,32],[-14,-16],[-13,36]],[[28566,46709],[36,109],[22,92],[33,-18],[15,29],[9,87],[1,201]],[[28682,47209],[50,-23],[-1,74],[70,-35]],[[28801,47225],[5,-416]],[[28806,46809],[-16,25],[-20,-302],[6,-11],[-6,-312]],[[28770,46209],[-30,53]],[[28740,46262],[-49,120],[-15,-79],[-24,49],[-47,-6]],[[28605,46346],[-1,55],[-35,-5],[-3,313]],[[22184,57352],[146,1]],[[22330,57353],[0,-537],[8,0],[0,-332]],[[22338,56484],[0,-331],[-64,0]],[[22274,56153],[-81,1]],[[22193,56154],[0,331]],[[22193,56485],[0,331],[-9,0],[0,536]],[[25328,44299],[11,0]],[[25339,44299],[123,-3]],[[25462,44296],[21,-146],[12,-209],[9,-231],[10,-126],[11,-59],[2,-76]],[[25527,43449],[0,-454]],[[25387,43405],[17,3],[15,57],[-2,529],[-96,-15]],[[25321,43979],[0,154],[7,0],[0,166]],[[16868,27756],[17,-8],[27,-87],[18,-36],[20,-143],[-4,-68],[-14,40],[-18,-3],[-13,62],[-1,131],[-21,28],[-11,84]],[[16866,26906],[9,3],[8,-85],[17,-126],[32,-161],[-16,-72],[-21,98],[-11,113],[-18,230]],[[16791,30254],[8,56],[85,1],[105,4],[140,4]],[[17129,30319],[0,-505],[6,-512],[-9,-243],[-16,-273],[-9,9],[-10,-91],[6,-56]],[[17004,28261],[-18,41],[-7,-79],[-23,-33],[-21,61],[-13,6],[-4,78],[9,42],[1,61],[-17,235],[-15,110],[-11,42],[-33,0],[-34,-34],[-6,-40],[-14,66],[-25,21]],[[26542,43028],[0,443]],[[26542,43471],[33,7]],[[26575,43478],[86,18]],[[26661,43496],[-6,-66],[35,-22],[4,36],[36,-134],[11,-23]],[[26741,43287],[-69,-8]],[[26672,43279],[-43,-4],[-12,-88],[-23,-62],[-4,-82],[-27,-112],[-21,-42]],[[26542,42889],[0,139]],[[26951,36102],[30,168]],[[27013,36330],[8,-119],[9,-22],[5,-93],[-9,-27],[13,-97],[5,-166],[11,3],[5,-64],[33,-10],[19,18],[9,-23]],[[27121,35730],[2,-55],[-16,-157]],[[27087,35448],[-12,49]],[[27075,35497],[-27,-2],[-25,106],[-7,66],[-25,70],[-17,147]],[[26974,35884],[5,47],[-24,107],[-4,64]],[[26937,40059],[13,-15],[51,-18]],[[27001,40026],[20,-7],[-2,-169],[27,-9],[-1,-86]],[[27045,39755],[-1,-83],[16,-5],[-5,-333],[-2,1]],[[27053,39335],[-31,11]],[[27022,39346],[-29,11],[0,54],[-32,12],[1,111]],[[26962,39534],[2,167],[-10,4],[2,168],[-21,8],[2,178]],[[21642,50627],[103,0],[211,0]],[[21956,50627],[3,-54],[16,-119],[-12,-122],[16,-136]],[[21979,50196],[-5,-167],[-13,-114],[2,-159],[-21,19],[-9,-68],[6,-176]],[[21939,49531],[-4,-104],[-16,-51],[-19,-106],[-18,16],[-19,103],[-13,-30],[1,-70]],[[21851,49289],[-26,-6],[-5,30],[-24,-27],[-29,-86],[-10,30],[-22,14]],[[21735,49244],[0,470],[-102,0],[4,85],[0,662],[5,166]],[[18872,34474],[77,-2],[107,5]],[[19056,34477],[0,-759],[0,-837],[0,-708],[0,-929],[0,-669],[0,-611],[0,-711]],[[19056,29253],[-4,55],[-16,6],[-7,-54],[-14,67],[-20,42],[-11,68],[-22,67],[-14,-20],[-19,48],[-13,81],[-16,-46],[-17,22],[-15,-86],[-23,53],[0,61],[-13,33]],[[18832,29650],[1,631],[-63,1],[0,339],[-9,-9],[-146,-6],[0,334],[-30,2],[0,210],[-9,-40],[-29,9],[-11,91],[-17,33],[-16,-6],[-43,73],[-17,18],[-7,76],[-30,113],[-18,52],[-7,53],[-12,4],[-14,42],[-19,-5]],[[21761,28433],[146,4]],[[21907,28437],[0,-835]],[[21907,27602],[-145,-1]],[[21762,27601],[-1,832]],[[24362,29671],[8,-2]],[[24370,29669],[23,-2],[0,167],[61,-9]],[[24454,29825],[24,-3],[0,-62],[27,-171],[9,-8],[4,-65],[25,-124]],[[24543,29392],[-4,-77],[2,-79],[-5,-207],[-10,-52]],[[24441,28773],[-6,131]],[[24435,28904],[-2,102],[-17,15],[-8,158],[-47,17],[1,475]],[[24230,41907],[129,3]],[[24359,41910],[0,-167]],[[24359,41743],[0,-410]],[[24359,41333],[-3,29],[-60,-15]],[[24296,41347],[-66,-10]],[[24230,41337],[0,570]],[[23156,50016],[106,-2],[114,2]],[[23376,50016],[-1,-498]],[[23375,49518],[-65,-1],[0,-263]],[[23310,49254],[-4,65],[-29,108],[-20,116],[-13,3],[-5,58]],[[23239,49604],[-19,25],[-5,72],[-44,211],[-15,104]],[[25984,25877],[24,2],[0,166],[24,1],[5,27]],[[26037,26073],[9,-53],[48,-136],[14,1],[2,-167]],[[26110,25718],[0,-334]],[[26110,25384],[-117,-5],[-7,28],[0,86],[-12,-33]],[[25974,25460],[-19,118],[-9,160]],[[24222,29690],[50,-6]],[[24272,29684],[90,-13]],[[24435,28904],[-10,-42],[-16,84],[-18,-29],[-3,78],[-24,88],[-8,2],[-5,-155],[-58,-1],[0,-56]],[[24293,28873],[-78,-4]],[[24215,28869],[1,322],[5,-1],[1,500]],[[23711,27895],[9,25],[19,-21],[23,109],[10,-1]],[[23772,28007],[12,-157],[17,-87]],[[23777,26881],[-2,0]],[[23775,26881],[-64,-1]],[[23711,26880],[0,481]],[[23711,27361],[0,534]],[[18030,28903],[-1,-109],[-27,-184],[8,-94],[-7,-41],[7,-167],[3,-135],[-8,-22],[0,-142],[-5,-38],[5,-74],[-10,-39],[-18,-144],[-1,-44]],[[17976,27670],[-121,-10],[-113,-2],[-172,-2]],[[17570,27656],[-31,5],[-90,-3],[-143,0],[-58,9],[0,33],[-36,79],[2,28],[-41,0]],[[17128,28505],[4,103],[13,0],[0,88],[14,32],[1,86],[51,1],[-1,-28],[42,-2],[0,-27],[83,2],[0,56],[87,-3],[88,0],[186,5],[88,-2],[0,83],[158,3],[88,1]],[[15948,38864],[77,4],[2,-20]],[[16027,38848],[-4,-94],[7,-60],[-1,-89],[8,-149],[-6,-63],[7,-193],[28,72],[19,6]],[[16085,38278],[0,-134],[-15,0],[0,-332],[-4,-33]],[[16066,37779],[-33,2]],[[16033,37781],[-2,86],[-14,-49],[-18,92],[-2,106],[-23,33],[2,73],[-8,19]],[[15968,38141],[4,121],[-1,83],[-7,75],[-11,3],[-16,205],[5,36],[-6,79],[12,121]],[[15827,38140],[141,1]],[[16033,37781],[-9,-88],[21,-155],[15,-42],[-2,-76],[-11,-62],[2,-69],[10,-10],[1,-63],[-5,-152],[-20,-89]],[[16035,36975],[-28,1],[0,407],[-20,-2],[-23,20],[-25,-6],[-20,-84],[-13,54],[-13,-8]],[[15893,37357],[-10,182],[-8,88],[-15,78],[-3,84],[-15,190],[-17,-7],[-13,54]],[[15812,38026],[-8,70],[5,46],[18,-2]],[[20322,39009],[20,-1]],[[20342,39008],[-1,-76],[-12,-57],[-1,-191],[5,-234],[-6,-58]],[[20327,38392],[-108,3]],[[20219,38395],[-3,57],[8,62],[-1,60],[12,11],[7,78],[3,142],[-5,48],[21,48],[0,74]],[[27710,42422],[7,-230],[13,-30],[5,-122],[8,30],[14,-19],[66,65],[19,79]],[[27842,42195],[0,-266]],[[27842,41929],[0,-258],[-65,-469]],[[27709,41469],[1,953]],[[26675,28175],[32,69],[3,52]],[[26710,28296],[45,-120],[19,32],[15,-42]],[[26784,27738],[-42,-217]],[[26742,27521],[-9,76],[-18,93],[-5,75]],[[26710,27765],[-2,113],[-17,111],[-6,105],[-10,81]],[[23077,23711],[0,34],[23,73]],[[23100,23818],[125,391]],[[23225,24209],[22,-5],[-3,-118],[-9,-4],[3,-91]],[[23238,23991],[8,-95],[0,-58],[16,-179],[-20,-112],[0,-89],[-6,-31],[5,-84],[-13,-54],[3,-79]],[[23231,23210],[-58,-4],[-21,-46],[-34,-141],[-19,-39]],[[23099,22980],[-6,66],[4,82],[-9,85],[-14,363],[3,135]],[[22162,39366],[150,2]],[[22312,39368],[6,0]],[[22318,39368],[-1,-830]],[[22317,38538],[-152,-1]],[[22165,38537],[-4,0]],[[22161,38537],[1,829]],[[16514,52831],[15,-5],[31,44],[24,-8],[30,158],[18,-92]],[[16761,51632],[-6,-39],[-32,-88],[-20,-10],[-17,23],[-30,-35],[-19,-6]],[[16637,51477],[-15,-23],[-23,36],[-15,-37],[-13,-93],[-55,-40]],[[16516,51320],[1,390]],[[16517,51710],[-3,332],[0,789]],[[27283,27683],[9,-54],[32,-73],[6,-37],[29,-88],[29,-133],[0,-50],[13,-67]],[[27401,27181],[-27,-98],[5,-62],[-5,-60],[-12,78],[-40,-145]],[[27322,26894],[-12,51],[-19,125]],[[27291,27070],[-9,84],[4,448],[-3,81]],[[15703,51348],[12,37],[6,118],[29,7],[17,35],[9,57],[13,8],[40,-44],[11,160],[14,9]],[[15854,51735],[-2,-357],[1,-608]],[[15710,51115],[-2,99],[-8,56],[3,78]],[[28440,36311],[10,-75],[0,-114],[9,-57],[16,-15],[20,-86],[8,29],[15,-22],[11,-111]],[[28529,35860],[0,-32],[19,-180],[8,-27]],[[28556,35621],[-4,-140],[5,-64],[-5,-77],[-12,-47]],[[28540,35293],[-9,69]],[[28531,35362],[-14,96]],[[28517,35458],[4,54],[-28,211],[-13,65],[-31,66],[-10,91],[-8,25],[-13,173],[-9,28]],[[28409,36171],[0,111],[9,42],[22,-13]],[[22691,53997],[70,-2]],[[22761,53995],[173,-1]],[[22934,53994],[2,-123],[-4,-45]],[[22932,53826],[6,-79],[0,-120],[-4,-68],[11,-156],[9,-1],[-6,-109],[-4,-178],[6,-18],[-6,-263]],[[22944,52834],[-135,-1]],[[22809,52833],[-112,1]],[[22697,52834],[0,664],[-7,1],[1,498]],[[23588,28060],[10,-6],[5,-83],[12,-85],[10,27],[12,-17],[3,46],[38,25],[4,-45],[18,19],[11,-46]],[[23711,27361],[-5,54],[-22,-11],[-7,33],[-13,-29],[-7,-105],[-40,28],[-24,74],[-14,-23],[-19,-62],[-19,36]],[[23541,27356],[-20,73],[-6,42]],[[28288,40570],[22,39],[31,129],[11,-46],[16,57],[16,-26],[49,41],[33,18],[17,36]],[[28483,40818],[-2,-74],[18,-121]],[[28499,40623],[-11,-22],[-9,-102],[-28,-26],[-30,-148]],[[28421,40325],[-13,-77],[-61,-67],[-19,-96]],[[28328,40085],[5,54],[-22,145],[-8,135],[-13,64],[-2,87]],[[18517,50917],[38,113],[9,120],[15,-8],[76,11]],[[18655,51153],[15,44],[5,119],[27,47],[11,-23],[15,17],[6,-52],[18,-13],[10,-44]],[[18762,51248],[24,-49],[0,-56],[17,0],[34,-193],[52,0],[0,-556],[-6,0],[0,-836],[-1,-307]],[[18882,49251],[-6,-51],[-22,-30]],[[18854,49170],[-85,1],[0,137],[-79,5],[0,81],[-28,1],[0,164],[-7,0],[0,168],[-40,0],[0,167],[-34,0],[-1,499],[-1,84],[-12,93],[-26,-24],[-26,112],[-3,85],[5,69],[0,105]],[[29774,45381],[98,-18]],[[29872,45363],[9,-1]],[[29998,44304],[-7,-76],[1,-190]],[[29908,44021],[0,29],[-84,10]],[[29824,44060],[-9,3]],[[29815,44063],[0,251],[-18,-1],[-18,43],[12,117]],[[29765,44661],[0,105],[9,80],[-3,74],[13,64],[-7,38],[-2,84],[14,74],[0,89],[-12,23],[-3,89]],[[26608,28572],[30,113]],[[26638,28685],[8,-66],[26,-24],[39,-134]],[[26711,28461],[-6,-67],[5,-98]],[[26675,28175],[-11,48],[-4,86],[-13,94]],[[26647,28403],[-19,60],[-2,62],[-14,9],[-4,38]],[[22198,28434],[145,0]],[[22343,28434],[0,-832]],[[22343,27602],[-145,3]],[[22198,27605],[0,638]],[[22198,28243],[0,191]],[[27929,34513],[22,350]],[[27951,34863],[13,45],[14,-7],[13,44]],[[27991,34945],[-3,-84],[13,-19],[3,-47],[14,-56],[10,19],[9,-33],[10,-92],[10,-11]],[[28057,34622],[-14,-358]],[[28043,34264],[-43,-369]],[[28000,33895],[-12,84],[7,43],[-6,116],[5,62],[-22,136],[4,38],[-6,67],[-9,-60],[-8,60],[-15,3],[-9,69]],[[22274,56153],[0,-411],[36,-90],[0,-164],[13,56],[12,-106],[15,2],[34,120],[6,-111],[10,-36],[21,34],[13,-160],[28,-3]],[[22462,55284],[0,-131]],[[22462,55153],[-215,1]],[[22247,55154],[-143,1]],[[22104,55155],[0,332],[-10,0],[0,667],[99,0]],[[19757,57352],[221,0],[73,1]],[[20051,57353],[0,-166],[-7,0],[0,-657],[3,-112],[-18,10],[-12,-65],[0,-164],[12,-1],[0,-171],[-31,1],[0,-165],[-10,0],[0,-664],[-2,0],[0,-341]],[[19986,54858],[-11,-132],[-19,39],[-20,13],[-15,-38],[-13,0],[-11,-110],[-25,-51],[-12,-62],[1,-108],[-13,-10]],[[19735,54652],[-3,-24],[-32,60],[-19,-2],[-29,44],[-17,-9],[-15,58],[-12,-9],[-4,70],[-10,52],[-20,48]],[[19574,54940],[1,359],[73,-5],[5,135],[11,-18],[38,-9],[0,463],[6,0],[0,430],[18,-43],[0,278],[8,0],[0,332],[16,0],[0,326],[7,0],[0,164]],[[22842,56481],[0,2]],[[22842,56483],[70,-1],[146,2]],[[23058,56484],[110,-2],[109,-8]],[[23277,56474],[2,-331],[0,-367]],[[23279,55776],[-143,-2],[-110,4]],[[23026,55778],[-180,-1]],[[22848,55816],[4,113],[-3,112],[3,50],[-9,91],[8,142],[-8,41],[-1,116]],[[23996,49517],[10,1],[0,443],[-10,1]],[[23996,49962],[0,330]],[[23996,50292],[77,-2]],[[24073,50290],[-5,-33],[1,-132]],[[24069,50125],[4,-193],[-13,-54],[-2,-56],[9,-41],[-1,-108],[5,-67],[-7,-85],[2,-58]],[[24066,49463],[1,-40],[-10,-182]],[[24057,49241],[-15,4],[-20,63],[-22,-18],[-4,227]],[[20380,24941],[147,-3],[154,0]],[[20681,24938],[0,-451],[1,-197],[2,-953],[0,-620],[-2,0],[-1,-328]],[[20681,22389],[-17,-66]],[[20664,22323],[-8,109],[-11,-11],[-14,68],[-6,64],[-12,7],[-15,100],[-11,-22],[-10,61],[-29,43],[-5,96],[-21,84],[-3,43],[-16,44],[-13,183],[-12,59],[-17,39],[-9,53],[-9,5],[-6,68],[-21,165],[-17,46],[-6,98],[-12,43]],[[20381,23768],[10,69],[0,105],[-9,0],[-2,999]],[[17044,51367],[63,1],[0,-167],[-12,0],[1,-160],[11,-55],[5,-84],[0,-195],[12,1],[1,-165],[11,-175],[17,2],[0,-53],[17,-81],[0,-110],[12,0],[0,-83],[59,0],[0,-164]],[[17241,49879],[-83,-2],[0,-165],[-60,-1],[-18,126],[-35,-119],[-9,-2],[-36,96],[-18,-53],[-14,-113]],[[16968,49646],[-28,55],[-16,-23],[-18,39],[-14,1]],[[16892,49718],[0,162],[-8,0],[0,221],[-30,0],[0,116],[-12,0],[0,168],[24,18],[51,0],[0,141],[64,-4],[0,83],[23,0],[0,416],[14,-1],[0,163],[6,83],[20,-1],[0,84]],[[17320,47590],[8,-83],[11,0],[17,-83],[17,0],[22,27]],[[17395,47451],[56,0]],[[17451,47451],[0,-330],[11,0],[0,-333],[-11,0],[0,-322]],[[17451,46466],[-19,30],[-12,122],[-15,57],[-29,150],[0,96],[-18,124],[-17,12],[-20,137],[-13,16]],[[17308,47210],[-2,285],[14,95]],[[27049,14965],[138,-2]],[[27187,14963],[1,-488]],[[27188,14475],[0,-173],[-27,-3],[1,-198],[-45,-2],[-8,27]],[[27109,14126],[-6,92],[-12,92],[-12,49],[-4,45],[-12,21],[1,64],[-17,28],[-9,-47],[-6,84],[-5,170],[-11,72],[2,45],[13,-11],[10,-63],[8,198]],[[27004,14645],[3,0],[10,-191],[25,-90],[-3,-58],[-21,82],[-9,191],[-5,66]],[[26991,15001],[19,-36]],[[27010,14965],[-13,-14],[-6,50]],[[24632,37268],[12,8],[4,-48],[19,49],[6,57],[50,-1],[0,-91],[16,10],[3,-134]],[[24742,37118],[-7,-91],[-1,-103],[5,-138],[17,-83],[11,-81]],[[24767,36622],[-11,-74],[-10,10],[-24,-99]],[[24722,36459],[-47,-74],[-8,25],[0,104],[-8,10]],[[24659,36524],[-11,50],[-28,193]],[[24620,36767],[12,404],[0,97]],[[27002,25545],[57,-76]],[[27059,25469],[13,-377],[25,-59],[36,-5]],[[27133,25028],[-18,-63]],[[27075,24535],[-22,72]],[[27053,24607],[-16,70],[-1,42],[-32,52]],[[19530,39234],[0,-250]],[[19527,37331],[-165,0],[-104,0]],[[19258,37331],[9,52],[-11,147],[-1,92],[-14,46],[-7,105],[8,48],[-11,68],[5,35],[-16,101],[-2,121],[10,12],[-5,88],[5,42],[-6,59],[5,107],[8,46],[-2,76],[5,70],[12,74],[-6,91],[4,74],[11,71],[0,223]],[[26270,49948],[34,-3],[1,166]],[[26305,50111],[102,-6]],[[26406,49449],[-133,6]],[[26273,49455],[-1,327],[-2,166]],[[28042,32898],[24,-10],[9,124],[12,-1],[8,61]],[[28095,33072],[33,-36],[16,-2],[6,-69],[12,12],[17,-26]],[[28110,32217],[-7,94],[-8,53],[-24,80],[-9,73],[-33,89]],[[28029,32606],[0,112],[13,180]],[[28740,46262],[6,-82],[-1,-72],[16,-32],[6,-563]],[[28767,45513],[-105,-37]],[[28662,45476],[-9,80],[-14,69],[-27,-7],[-3,306],[-8,-2],[-2,175],[8,15],[-2,234]],[[24674,29973],[19,-19],[14,74],[-2,67],[-16,-17],[2,67],[14,-14],[8,29],[-8,104],[6,52],[-8,81],[6,54],[9,-48],[6,-76]],[[24724,30327],[19,61],[10,3]],[[24753,30391],[28,0],[1,-259]],[[24782,30132],[-9,-43],[4,-105],[-6,-102],[11,-74]],[[24782,29808],[0,-83]],[[24782,29725],[-29,-3],[0,-162],[-27,-1]],[[24726,29559],[-47,191]],[[24679,29750],[8,64],[-14,117],[1,42]],[[18691,45955],[131,-5]],[[18822,45950],[152,-1]],[[18974,45949],[1,-566],[-1,-398]],[[18820,44797],[-77,2]],[[22863,25984],[13,-1]],[[22876,25983],[142,-6]],[[23018,25977],[7,-42],[-1,-76],[9,-94],[11,-42],[-4,-102]],[[23059,25564],[-67,-233],[-76,-253]],[[22916,25078],[-12,-42],[-41,407]],[[22863,25443],[0,541]],[[17862,45744],[21,6],[17,-107],[-10,-84],[1,-91],[21,-23],[2,-79],[8,-84],[21,7],[36,-46]],[[17979,45243],[27,-35],[15,-59],[25,-3],[12,-49],[27,-29],[31,-117],[16,51],[19,7]],[[18072,43994],[-88,1],[-58,14],[-64,-11]],[[17862,43998],[0,582],[0,890]],[[17862,45470],[0,274]],[[27908,38738],[22,-74],[47,-93],[11,-7],[19,-53],[6,41],[11,-17],[15,-81]],[[28039,38454],[-10,-61]],[[28029,38393],[-2,-74],[-14,-102],[-12,7],[-10,-82],[-16,4],[-14,-80],[-22,-233]],[[27939,37833],[-35,166],[-18,-169]],[[27865,37929],[24,219],[-10,137],[-2,73],[15,154],[0,51],[16,175]],[[26883,20799],[18,61],[5,97],[13,53]],[[26950,20976],[8,-78],[15,-6],[18,-66],[22,7],[16,-23],[7,-101],[8,-13],[7,-110]],[[27051,20586],[0,-471]],[[27051,20115],[0,-56],[-25,-35],[-18,9],[-1,106],[-54,2]],[[26953,20141],[-42,-9],[0,109],[-27,-3],[0,55]],[[26884,20293],[-1,506]],[[30403,52726],[84,1]],[[30487,52727],[1,-343],[-4,0],[1,-796],[13,13],[10,-228],[-16,-34],[-6,-153],[-19,-8],[-4,-55],[7,-76],[17,-68],[6,-56],[-8,-116],[-14,-46],[22,-478],[-1,-37],[14,-330],[9,-169],[30,26],[4,55],[40,38]],[[30589,49866],[21,-505],[4,-166]],[[30614,49195],[-17,-14],[-4,68],[-11,8],[-10,-101],[-15,-16]],[[30557,49140],[-3,52],[-42,-38],[1,-53],[14,-87],[-7,-94],[-48,59],[-5,-59],[-16,84],[-22,-20]],[[30429,48984],[-8,134],[-10,-7],[-11,356],[-27,-26],[-6,174],[12,10],[-14,346],[-37,-36],[-4,102],[-31,-37],[-28,702],[4,3],[-13,294]],[[30256,50999],[7,-2],[17,75],[18,26],[3,57],[-7,87],[20,109],[17,38],[12,136],[-18,41],[-4,104],[8,142],[14,93],[-15,93],[6,39],[18,227],[16,53],[17,99],[9,8],[9,302]],[[15476,49194],[126,-2]],[[15593,48360],[-53,-5],[-113,5]],[[15427,48360],[0,62],[17,84],[-1,139],[34,0],[0,415],[-1,134]],[[24765,23031],[118,3]],[[24883,23034],[30,0]],[[24913,23034],[-12,-201],[-3,-132],[-14,-120],[1,-75],[-3,-114]],[[24882,22392],[-43,0],[-73,90]],[[24766,22482],[-2,101],[-15,239],[-8,28],[0,181]],[[24741,23031],[24,0]],[[28583,36428],[22,-23],[5,-53],[32,-75],[30,-108],[-8,-139],[-11,8],[-1,-155],[-6,-105]],[[28646,35778],[-13,53],[4,100],[-11,28],[-5,81],[-13,-1],[-11,31]],[[28597,36070],[-12,58],[-2,119],[-22,67]],[[28561,36314],[6,68],[16,46]],[[18665,47929],[34,-1],[0,166],[33,0],[0,83],[16,0],[1,246],[17,0],[0,162],[49,-1],[0,284]],[[18815,48868],[8,24],[18,-28],[-1,109],[15,118],[-1,79]],[[18882,49251],[22,-93],[21,-153],[-2,-86],[13,-15],[14,-131],[22,-42]],[[18972,48731],[1,-8],[0,-866],[1,-70]],[[18974,47787],[-19,-28],[-25,-65],[-9,27],[-19,-56],[-14,55],[-12,-48]],[[18876,47672],[-11,-20],[-18,32],[-16,-88],[-39,1],[0,27],[-39,2],[0,54],[-38,0]],[[18715,47680],[0,83],[-50,1],[0,165]],[[28885,41745],[25,31],[23,55],[19,76],[4,54],[27,78]],[[28962,41352],[-38,-136]],[[28924,41216],[-20,84],[6,82],[-13,84],[-14,-24],[-13,123],[-9,1],[-12,55],[-2,72]],[[28847,41693],[38,52]],[[22607,18626],[25,56],[9,-46],[29,-53]],[[22670,18583],[13,-76],[10,-165],[14,-39],[19,3],[7,-38],[0,-90],[10,-45],[10,4],[6,-51],[9,8],[15,-43]],[[22783,18051],[-47,-428]],[[22736,17623],[-7,-66],[-70,90]],[[22659,17647],[3,12],[-78,915],[23,52]],[[24765,34322],[10,26],[0,56],[16,82],[5,64],[11,0]],[[24807,34550],[32,-3],[10,28],[0,139],[26,-2]],[[24875,34712],[28,-1]],[[24903,34711],[-6,-73],[19,-192],[1,-66],[8,-46],[-2,-131]],[[24849,33764],[-53,3]],[[24796,33767],[-3,176],[-11,103],[-5,125],[-10,51],[-2,100]],[[23298,35868],[122,0]],[[23420,35868],[0,-111]],[[23420,35757],[0,-554]],[[23420,35203],[-121,0]],[[23299,35203],[-1,0]],[[23298,35203],[0,665]],[[22230,30880],[170,-1],[36,-35]],[[22436,30844],[0,-463]],[[22436,30381],[-58,1],[0,-498]],[[22378,29884],[-48,0],[0,83],[-29,0]],[[22301,29967],[2,59],[12,62],[-27,2],[-3,75],[4,160],[-10,65],[-18,-72]],[[22261,30318],[-16,68],[2,127],[-14,112],[6,68],[-14,139],[-9,44]],[[22216,30876],[14,4]],[[28752,38129],[6,138],[10,53],[12,101],[4,70],[24,67]],[[28808,38558],[7,-598]],[[28820,37589],[-12,68],[-14,11],[-11,52],[-30,-57]],[[28753,37663],[-19,104],[4,49],[29,116],[-9,45],[-6,87],[0,65]],[[15675,39391],[42,1],[1,-248],[-2,-128]],[[15716,39016],[-10,-135],[5,-52],[18,-73],[33,-82],[16,10],[12,-123],[-6,-22],[3,-127],[13,-87],[8,-111],[19,-74]],[[15812,38026],[6,-90],[-25,-213],[-46,-72]],[[15747,37651],[-5,73],[-13,9],[-15,169],[-21,97]],[[15693,37999],[-25,98],[-10,-3],[-8,89],[-3,96],[-11,-1],[-8,47],[-3,82],[-8,15],[5,194],[9,0],[9,119],[-2,163],[-16,164],[4,183],[10,29],[25,-5],[13,24],[1,98]],[[16328,34556],[18,99],[26,54],[12,0],[32,74],[34,8],[15,29]],[[16672,35954],[11,-73]],[[16683,35881],[15,-48],[5,43],[20,-5],[17,-95],[9,-103],[3,-85]],[[16752,35588],[-81,-444],[-7,-79],[2,-202],[-16,-107],[-6,22],[-24,-71],[-18,38],[-3,-153],[-10,14],[-4,-83],[-20,-29],[-13,-80],[-4,-87],[-9,-76],[-14,-61],[-43,-27],[-11,-46],[-14,21],[-25,-42],[-5,-51],[-28,-13],[-23,29],[-8,71],[-16,78],[2,92],[-10,114],[-16,140]],[[16069,35390],[75,408],[28,87],[21,0],[13,29],[17,-35],[-2,283],[0,363]],[[16221,36525],[76,-468]],[[16297,36057],[74,-378]],[[16371,35679],[-166,-446],[5,-103],[-73,-402]],[[16137,34728],[-2,43],[-26,16],[-7,35],[-14,-54],[-5,126],[-9,53],[0,66],[13,55],[-4,87],[3,59],[-17,64],[0,112]],[[27257,29207],[10,-17],[28,-107],[0,88],[23,-13],[38,73],[37,32]],[[27393,29263],[-11,-160],[41,-221],[29,58]],[[27452,28940],[-6,-31],[10,-83],[-11,-77],[5,-59],[-3,-97],[4,-74],[-4,-54],[10,-139],[-6,-65]],[[27451,28261],[-10,35],[-20,0],[-6,27],[-16,-3],[-21,79],[-29,63],[-7,60]],[[27342,28522],[-2,97],[-10,133],[-11,26],[-13,103],[-23,62],[-15,-7],[-11,93],[0,78],[-6,20]],[[27251,29127],[6,80]],[[27131,31001],[112,-29]],[[27243,30972],[-10,-54],[-2,-171],[-17,2],[-5,-35],[3,-87],[-4,-71],[10,-205]],[[27218,30351],[-16,72],[-21,20],[-11,-25],[-5,49],[-19,24]],[[27146,30491],[-11,34],[-9,169],[-25,314]],[[27101,31008],[30,-7]],[[26198,21504],[10,55],[8,112],[4,149],[6,39],[-5,66],[10,99],[2,100],[16,155]],[[26249,22279],[14,-1],[0,-138],[19,0],[9,-28],[1,-112],[18,1],[0,-82],[10,-56],[9,1]],[[26310,21695],[3,-92],[10,-132],[0,-109],[11,-115],[10,-67],[13,-36]],[[26357,21144],[-129,6],[-5,-81]],[[26223,21069],[-7,57],[-23,80],[-4,128],[3,118],[6,52]],[[30065,46455],[22,134],[-9,305],[8,46]],[[30086,46940],[9,64],[5,-126],[21,44],[3,-89],[18,111]],[[30142,46944],[0,-196],[-7,-46],[5,-134],[14,-45],[10,-91],[18,-66],[-5,-174],[4,-46]],[[30181,46146],[-12,3],[-3,-84],[-17,19],[-38,-16],[13,107],[-62,262]],[[30062,46437],[3,18]],[[27759,33595],[12,1]],[[27771,33596],[36,0]],[[27807,33596],[34,1]],[[27841,33597],[23,0]],[[27864,33597],[-5,-572]],[[27859,33025],[-29,3]],[[27830,33028],[-76,12]],[[27754,33040],[5,555]],[[27281,36881],[89,288],[26,121],[-18,55]],[[27378,37345],[27,96],[13,-48],[24,-11]],[[27442,37382],[-7,-44],[10,-151],[-6,-23],[15,-102],[48,-174]],[[27502,36888],[-20,-99],[-57,-260],[-47,46]],[[27378,36575],[-19,123],[2,49],[-11,55],[-29,-35],[-13,59],[-17,-9],[-11,63]],[[27280,36880],[1,1]],[[22268,44173],[129,1]],[[22397,44174],[0,-664]],[[22397,43510],[-126,1]],[[22271,43511],[-3,0]],[[22268,43511],[0,662]],[[27922,39663],[-39,-464]],[[27826,38911],[-29,-108],[-13,-83],[-17,-43]],[[27767,38677],[1,622],[1,361]],[[24321,20625],[40,205],[24,189],[42,21]],[[24531,20550],[-1,-103],[6,-35]],[[24536,20412],[-23,-66],[-5,30],[-22,-121],[-3,-125]],[[24483,20130],[-17,12],[-5,54],[-20,9],[-7,52],[-19,-31],[-11,203],[-20,-14],[3,174],[-3,40],[-24,-7],[-16,16],[-22,-71],[-1,58]],[[27383,17972],[0,-501],[-2,0],[1,-500]],[[27382,16971],[-2,-344]],[[6255,3802],[10,168],[6,36],[22,-18],[18,-158],[5,-63],[26,34],[18,60],[22,-22],[21,-134],[10,-11],[6,-67],[28,-53],[6,-44],[1,-99],[-18,-132],[-18,-24],[-7,-42],[-15,20],[-30,-86],[-21,-16],[-18,56],[-3,225],[-3,107],[-13,32],[-9,-39],[-22,63],[-15,102],[-7,105]],[[6254,3061],[7,52],[30,92],[8,-52],[-8,-114],[-31,-24],[-6,46]],[[6154,3775],[7,39],[13,12],[20,-18],[9,-29],[15,-92],[7,-65],[-7,-105],[-17,-61],[-20,-6],[-8,106],[-4,119],[-12,39],[-3,61]],[[6167,4312],[21,-58],[6,29]],[[6194,4283],[14,-14],[17,27],[18,-4],[8,-56],[-7,-57],[-18,-90],[-20,-41],[-62,111],[-15,-23],[-29,-7],[-13,11],[3,94],[11,67],[3,76],[15,-28],[48,-37]],[[26281,38867],[49,-1],[4,14],[77,-38]],[[26411,38842],[25,-7],[1,-34]],[[26437,38801],[-17,-90],[12,-38],[-6,-57],[-6,-289]],[[26420,38327],[-31,69],[0,68],[-11,52],[-10,-50]],[[26368,38466],[-12,8],[-21,-48]],[[26335,38426],[-18,57],[-8,63],[-10,18],[-18,-78]],[[26281,38486],[0,381]],[[25881,37184],[62,-9]],[[25943,37175],[0,-166],[11,-111],[10,-29],[0,-136],[16,-11]],[[25980,36722],[-2,-175],[-5,-128],[-6,-31]],[[25952,36378],[-14,-75],[-8,76],[-14,30],[-13,-12],[-26,89],[-5,193],[-12,45]],[[25860,36724],[15,87],[3,131],[-3,85],[6,157]],[[23468,46867],[17,0]],[[23485,46867],[115,-1]],[[23600,46866],[0,-468]],[[23600,46398],[-132,0]],[[23468,46398],[0,469]],[[23528,26180],[-1,269]],[[23527,26449],[55,-189],[32,1],[30,100],[11,7],[6,-90],[14,-12],[11,79],[13,-33],[-1,-61],[13,7]],[[23711,26258],[0,-573]],[[23711,25685],[-87,-121],[-8,73],[-15,-11],[-15,62]],[[23586,25688],[-18,26],[-6,-24]],[[23562,25690],[-18,6],[-17,45],[1,439]],[[28888,43322],[-6,682]],[[28882,44004],[34,0]],[[28976,43722],[17,-76],[-6,-71],[15,-42],[1,-229],[-6,-58]],[[28997,43246],[-27,-241],[-5,-62],[-17,-77],[-5,-58],[-17,-12],[4,-66],[-8,-146],[-5,-30]],[[28917,42554],[-41,-12]],[[28876,42542],[18,50],[-6,730]],[[20593,55047],[0,148],[11,0],[0,378]],[[20924,54297],[-24,0],[0,-83],[-80,1]],[[20820,54215],[-26,1],[0,333],[-23,0],[1,166],[-108,0],[0,165],[-71,1],[0,166]],[[22010,38537],[151,0]],[[22165,38537],[-2,-831]],[[22163,37706],[-154,2]],[[22009,37708],[1,829]],[[28144,35338],[12,331],[5,56]],[[28161,35725],[24,-63],[11,37],[0,69],[28,-75],[9,-66],[13,13],[31,-94]],[[28277,35546],[-40,-200],[-3,-62],[-13,-15]],[[28221,35269],[-12,109],[-32,30],[-15,-75],[-18,5]],[[27779,34578],[51,571]],[[27830,35149],[12,-43],[11,17],[25,101]],[[27896,35289],[27,-290],[2,-65],[16,-8],[10,-63]],[[27929,34513],[-20,51],[-7,-34],[-25,58]],[[27877,34588],[-10,54],[-19,-65],[-3,105],[-11,26],[-16,-35],[-9,47],[-19,-71],[0,-56],[-11,-15]],[[15195,55219],[48,4],[142,-3],[117,-1],[0,-27],[156,0],[0,378],[6,1]],[[15664,55571],[17,-51],[-6,130],[15,53],[20,15],[3,-49],[-14,-56],[14,-109],[5,116],[10,23],[7,-163],[-13,-57],[12,-55],[1,-77],[10,-96],[-22,-103],[-8,-8],[-4,-112],[-16,-68],[7,169],[-18,-46],[-8,-93],[1,-79],[-7,-85],[-22,-74]],[[15648,54696],[-107,2],[-39,-6],[0,-165]],[[15502,54527],[-150,1],[0,29],[-86,0]],[[15266,54557],[-3,93],[-18,312],[-11,42],[-8,104],[-31,111]],[[29632,47747],[5,-72],[18,-25],[69,-140],[34,-53],[37,-74]],[[29795,47383],[-26,-124],[-8,-203]],[[29761,47056],[-13,-39],[-7,-126],[5,-38],[-9,-249],[5,-95],[-10,-153]],[[29732,46356],[-33,6],[-37,-26],[-38,64]],[[29624,46400],[0,83],[-14,2]],[[29610,46485],[5,145],[25,-10],[11,185],[-19,50],[9,177],[17,185],[-34,62],[0,56],[10,110],[-4,48],[-21,20],[-24,-26]],[[29585,47487],[2,93],[21,53],[3,-78],[21,192]],[[27005,32863],[20,-14],[5,-82],[14,-1]],[[27044,32766],[11,-187],[-5,-39],[7,-86],[14,-59]],[[27071,32395],[-18,-111],[-24,-57]],[[27029,32227],[-6,186],[-12,60],[2,73],[-13,27],[-17,68],[-11,-19],[-2,88],[-20,-7]],[[26950,32703],[17,82],[19,38],[11,-9],[8,49]],[[27769,42835],[22,1],[0,94],[53,-10],[0,-189]],[[27844,42731],[-1,-483],[-1,-53]],[[27710,42422],[-1,6]],[[27709,42428],[12,86],[0,68],[13,45],[0,84],[17,28],[18,0],[0,96]],[[24548,31333],[0,169]],[[24548,31502],[30,-2],[89,13],[31,-14]],[[24698,31499],[-2,-501],[1,-66]],[[24697,30932],[-150,8]],[[24547,30940],[1,393]],[[27322,26894],[-38,-139],[-5,-89],[-11,-28],[4,-101],[-18,-92],[-3,-43],[-19,-45]],[[27232,26357],[-7,71],[3,101],[-16,81],[-7,117],[3,129],[-14,75]],[[27194,26931],[-6,0],[-14,94]],[[27174,27025],[20,120],[49,-95],[23,1],[25,19]],[[15659,56357],[7,139],[8,15],[17,-67],[7,-177],[-14,-20],[-25,110]],[[15639,56572],[27,-6],[-13,-73],[-14,79]],[[15635,56647],[6,48],[25,112],[12,-2],[37,-96],[-20,-108],[-19,-32],[-18,16],[-10,86],[-13,-24]],[[15587,56582],[6,50],[21,2],[31,-167],[-6,-32],[3,-91],[-10,-17],[-26,69],[-8,61],[-2,87],[-9,38]],[[29279,47332],[173,113]],[[29408,46495],[-13,-3],[-27,-74],[-1,-43],[-26,21],[3,98],[-9,48],[-7,129],[-77,-51]],[[29251,46620],[-16,682],[44,30]],[[28407,31455],[64,-224],[17,-90]],[[28488,31141],[-18,-106],[-4,-123],[11,-42],[-3,-115]],[[28474,30755],[-12,-14],[3,-66],[12,-69],[25,-70],[10,5],[14,-44],[15,73],[8,7]],[[28327,31094],[12,39],[0,153],[11,19]],[[28814,32442],[10,2],[18,-103],[3,-128],[-14,15],[2,74],[-19,140]],[[28813,31039],[17,36],[25,84],[6,-55],[-25,-22],[-23,-43]],[[28801,33006],[16,-225],[16,-178],[25,-300],[-15,56],[2,65],[-8,72],[-26,146],[-4,156],[2,41],[-8,140],[-6,18]],[[28772,31808],[-6,125],[-32,0]],[[28734,31933],[9,197],[-3,77],[5,49],[-3,96],[18,90],[-7,46],[21,35],[17,-36],[17,-144],[4,-89],[-1,-168],[6,-106],[-14,23],[-4,-40],[13,-106],[-11,-95],[-18,-16],[-11,62]],[[28193,45650],[0,83],[13,156]],[[28206,45889],[50,1],[0,-76],[26,-16],[16,7]],[[28298,45805],[9,-143],[-11,-28],[0,-174],[-7,0],[4,-173],[31,-4],[-1,-177]],[[28323,45106],[-47,6],[-1,-87],[-16,0],[-1,-121]],[[28258,44904],[-33,6],[0,83],[-55,7]],[[28170,45000],[-3,99],[10,25],[16,154],[0,372]],[[25606,38779],[1,498],[11,-1],[0,166]],[[25618,39442],[52,-4]],[[25670,39438],[-1,-250],[21,-1]],[[25690,39187],[-1,-250],[-31,1],[0,-333]],[[25658,38605],[-52,7]],[[25606,38612],[0,167]],[[24633,37597],[20,94],[34,-4],[3,88],[9,30],[7,81],[11,74],[14,-15],[9,38],[4,78],[10,10],[12,-68],[17,-59],[10,14],[12,-44]],[[24805,37914],[-14,-63]],[[24791,37851],[-24,-102],[-14,-121],[-5,-117],[18,-119]],[[24766,37392],[-2,-22]],[[24764,37370],[-8,-175],[-14,-77]],[[24632,37268],[1,329]],[[23863,38176],[6,667]],[[23973,39016],[8,-92],[14,-42],[18,-1],[0,-57],[12,-56],[3,-59],[16,7]],[[24044,38716],[-4,-50],[-22,-141],[2,-117]],[[24020,38408],[-32,-176],[0,-84]],[[23988,38148],[-125,28]],[[28999,39369],[22,-102]],[[29021,39267],[35,-172],[-1,-193]],[[29055,38902],[-6,-29],[-3,-140],[-9,-31],[3,-79]],[[29040,38623],[-31,68],[-39,-19],[-1,60],[-20,75],[-2,50],[-18,20],[-5,66],[-14,18],[-7,50]],[[28903,39011],[-1,7]],[[28902,39018],[-1,5]],[[28901,39023],[2,137],[11,-4],[36,195],[43,-194],[3,166],[3,46]],[[29047,41694],[18,-84],[28,-46]],[[29093,41564],[2,-130],[4,-58],[-2,-70],[-18,-152],[8,-154]],[[29033,40843],[-6,102],[-27,44],[-2,236],[-34,95]],[[19104,46361],[0,107],[65,-1],[0,166],[80,-1],[2,166]],[[19532,44508],[-126,-1],[-156,14]],[[19250,44521],[-42,12],[-94,1],[0,326],[-13,0],[0,499],[-9,0],[0,132],[10,0],[0,659],[2,211]],[[28563,35997],[18,71],[16,2]],[[28646,35778],[0,-106],[-20,-5],[-14,41],[-14,-9],[-9,32],[-2,90],[-12,121],[-12,55]],[[24919,37627],[31,2],[0,166]],[[24950,37795],[32,-5],[63,3]],[[25045,37793],[33,-11]],[[25078,37782],[-2,-445]],[[25076,37337],[-56,15],[-37,-75],[-14,18],[-24,-17],[-25,-107]],[[24920,37171],[-1,456]],[[21280,24273],[126,-1]],[[21406,24272],[1,-528],[3,-550]],[[21410,23194],[-24,2]],[[21386,23196],[-11,74],[-3,157],[-20,98],[-30,57],[-15,74],[-27,-66]],[[21280,23590],[0,683]],[[24750,48115],[0,178]],[[24750,48293],[115,2]],[[24865,48295],[-5,-59],[-1,-126],[-13,28],[-2,-85],[-14,-59],[6,-159],[12,-56],[3,-100],[-9,-20],[6,-99],[27,-154],[22,-272]],[[24750,47134],[1,173]],[[24751,47307],[-1,808]],[[26984,27520],[75,363]],[[27059,27883],[4,-25]],[[27108,27316],[-14,26],[-22,-65],[-22,29],[-8,-23],[-13,87],[-11,40],[-26,-56]],[[26968,27439],[16,81]],[[27882,29321],[10,27],[7,128],[12,32],[5,98],[15,26],[8,43]],[[27939,29675],[12,-44],[44,15],[62,-176],[30,-19],[22,61]],[[28109,29512],[18,-89],[9,8]],[[28136,29431],[-26,-268],[-33,-22],[1,-32],[-16,-92],[-19,53],[-14,-42],[-3,-150],[-10,-76],[-14,-32],[4,-58],[-6,-68]],[[28000,28644],[-118,677]],[[26990,32001],[22,58],[17,168]],[[27071,32395],[11,92]],[[27082,32487],[9,-103],[-4,-119],[-17,-69],[33,-166],[12,-276]],[[27115,31754],[-5,-63],[-17,0],[-18,-31],[-9,50],[-11,-37],[-31,-28],[-5,19]],[[27019,31664],[-23,61],[-11,60],[8,50],[-9,126],[6,40]],[[20686,46865],[236,7]],[[20922,46872],[0,-49]],[[20922,46823],[0,-910]],[[20922,45913],[0,-741]],[[20922,45172],[-168,-5]],[[20754,45167],[-66,-1]],[[20688,45166],[-1,332],[0,639],[-1,728]],[[27885,45031],[20,-17],[9,-108],[17,-60],[32,27],[15,52],[23,16],[51,87]],[[28052,45028],[-1,-33],[44,4]],[[28095,44999],[0,-995]],[[28095,44004],[-170,-2]],[[27925,44002],[-40,2]],[[27885,44004],[1,167],[-1,860]],[[24876,35614],[23,-17],[19,17],[30,-14],[7,-37],[16,-12]],[[24971,35551],[1,-59],[26,-264],[-3,-100],[-14,-19]],[[24981,35109],[-9,-94],[8,-64]],[[24980,34951],[-26,-22],[-29,-80],[-5,-82],[-17,-56]],[[24875,34712],[1,351],[0,551]],[[23040,49355],[168,0],[0,164],[31,0],[0,85]],[[23310,49254],[21,-42],[13,-61]],[[23344,49151],[0,-299],[-65,1]],[[23140,49021],[-100,2]],[[23040,49023],[0,332]],[[19952,46868],[118,-2]],[[20070,46866],[0,-15],[116,-1],[172,5]],[[20358,46855],[1,-42],[0,-659],[1,-665],[-1,-114],[0,-544]],[[20359,44831],[-153,-5],[-88,6],[-163,1]],[[30060,45410],[3,11]],[[30063,45421],[17,-9],[-1,101],[15,58],[19,-28],[9,100],[28,49],[23,-45],[9,22]],[[30182,45669],[3,-173],[10,-135],[-2,-38],[24,-67],[13,64],[13,-72],[-10,-98],[-21,-53],[-44,-46],[6,-104],[-13,-63],[-20,-33]],[[20643,39469],[0,6]],[[20643,39482],[0,3]],[[20643,39489],[14,69],[35,-28],[-4,76],[3,90]],[[21019,39696],[0,-331]],[[21019,39365],[-2,0]],[[21017,39365],[-199,-6],[-65,5]],[[26440,27204],[7,-18],[28,-2],[0,46]],[[26475,27230],[23,0]],[[26498,27230],[-1,-486],[-3,-31],[-19,1]],[[26475,26714],[0,110],[-41,2]],[[26434,26826],[6,93],[0,285]],[[27451,28261],[8,-111],[16,-79]],[[27485,27909],[-15,13],[-30,-180],[-10,97],[-31,157],[-21,29],[-11,-27],[-12,38],[-22,156]],[[27333,28192],[24,59],[-1,78],[-24,20],[2,155],[8,18]],[[26332,23857],[40,-11],[17,17]],[[26389,23863],[61,-2],[20,8]],[[26470,23869],[-15,-90],[-1,-67],[-31,-64],[-26,-231],[-13,-44],[-16,-108],[0,-86]],[[26368,23179],[-10,2]],[[26358,23181],[2,337],[-30,6]],[[26330,23524],[2,333]],[[17451,46466],[22,11],[16,-124],[-3,-72],[14,-61],[10,-81],[9,-13]],[[17519,46126],[17,-36],[1,-85],[17,-28],[14,-88],[12,-5],[10,-67],[10,-5],[4,79],[47,-30],[6,-66],[22,1],[20,32],[5,-35],[21,10],[9,-31],[15,9],[-3,-153],[0,-158],[116,0]],[[17862,43998],[-77,0],[-175,1],[-191,2],[-109,3]],[[17310,44004],[-2,1]],[[17308,44005],[0,1192],[0,763],[0,1250]],[[26701,32366],[5,27],[5,186],[11,147]],[[26722,32726],[-2,63],[19,17],[-3,94],[5,9]],[[26741,32909],[-1,-41],[12,-69],[9,-17],[39,-218],[16,-105]],[[26816,32459],[-4,-40],[5,-83],[-6,-74],[-13,-95]],[[26798,32167],[-8,-34],[-24,30],[-12,-45],[-11,-2],[-7,-67],[-19,-28]],[[26717,32021],[-9,153],[6,46],[-12,99],[-1,47]],[[28997,43246],[24,-182],[1,-50],[20,-15],[6,-65],[37,-25]],[[29085,42909],[17,-129]],[[29102,42780],[-17,-22],[-23,-131],[-13,-184],[-11,-81],[-19,-88]],[[29019,42274],[-13,-6],[-11,100],[-22,17],[8,194],[-64,-25]],[[28474,41389],[-12,-115],[2,-98],[9,-103],[-14,-68],[-8,-76],[9,-57],[17,1],[6,-55]],[[28288,40570],[-7,37],[-9,137]],[[28272,40744],[30,148],[7,61],[17,62],[53,165],[34,78],[-5,44],[45,42],[21,45]],[[24711,27472],[1,919]],[[24712,28391],[75,-4],[3,-42],[-9,-53],[-26,-16],[-5,-48],[13,-55],[4,66],[9,-18],[23,-1]],[[24799,28220],[3,-86]],[[24802,28134],[7,-46],[0,-369],[-10,0],[0,-81],[-10,1],[0,-160]],[[24745,27421],[-12,-40],[-2,-71],[-9,-17],[-11,60],[0,119]],[[28379,41514],[38,-31],[33,-1],[9,-73],[17,-1]],[[28272,40744],[-8,-50]],[[28264,40694],[-14,219]],[[28250,40913],[39,215],[0,44],[32,129],[0,53],[31,99],[27,61]],[[15782,35821],[30,1]],[[15812,35822],[10,-221],[27,-36],[28,-140],[9,0],[4,-65]],[[15890,35360],[-21,-67],[-3,-135],[14,-142]],[[15880,35016],[-1,-134],[-25,-1],[0,-48],[-20,-6],[6,-151]],[[15840,34676],[-12,25],[-8,100],[-11,43],[-4,101],[5,211],[-12,146],[-4,109],[-10,-1],[-6,55],[0,132],[6,102],[-2,122]],[[18808,41715],[8,23],[16,-59],[10,22],[9,155],[-11,97],[0,57],[-17,23],[-2,39],[11,88],[13,59],[17,36],[19,9],[4,79],[28,30]],[[18913,42373],[45,121],[16,84]],[[18974,42578],[0,-484],[141,-3],[84,-1],[53,4]],[[19252,42094],[13,-1]],[[19265,42093],[0,-350]],[[19265,41743],[-28,-11],[-44,51],[-19,-29],[-14,-61],[-41,-49],[-21,-9],[-16,-32],[-26,14],[-15,-69],[-20,32],[-7,-95]],[[18833,41353],[-15,109],[3,70],[-8,52],[-5,131]],[[15444,45500],[0,-84],[37,0],[11,-57],[27,-13],[22,55],[26,0],[12,-56]],[[15579,45345],[1,-521],[-1,-811]],[[15579,44013],[-32,-9],[-48,3]],[[15414,43997],[-7,95],[7,79],[-10,92],[12,59],[-1,71],[7,34],[-6,79],[-21,173],[-38,11],[-4,51],[8,52],[4,166],[30,1],[17,180],[0,71],[20,168],[12,121]],[[25641,33789],[15,2]],[[25656,33791],[83,11]],[[25739,33802],[49,6],[7,-36]],[[25795,33772],[-20,-185],[-5,-127],[-12,-88],[-16,-35]],[[25640,33433],[1,159],[-4,63],[4,134]],[[25693,42550],[16,53],[25,40],[12,69],[11,154],[16,57],[33,1]],[[25806,42924],[16,0]],[[25822,42924],[0,-499]],[[25822,42425],[-129,2]],[[25693,42427],[0,123]],[[21988,36214],[61,-2],[122,0]],[[22171,36212],[3,-167],[0,-173]],[[22174,35872],[1,-509]],[[22175,35363],[-51,-1],[-102,14]],[[22022,35376],[-31,1]],[[28310,37994],[58,401]],[[28368,38395],[23,-72],[0,-72],[28,-35],[7,-56]],[[28426,38160],[-15,-79]],[[28411,38081],[-4,-29],[11,-4]],[[28418,38048],[11,-62]],[[28429,37986],[-8,-86],[17,5],[10,-30]],[[28435,37724],[-12,-61],[0,-74]],[[28423,37589],[-20,-33],[-9,83]],[[28394,37639],[-19,89],[-16,30],[-15,66],[0,25],[-4,18],[-3,34],[-15,-2],[-12,95]],[[28366,38001],[18,-20],[0,48],[-18,-28]],[[23760,33515],[79,0]],[[23839,33515],[75,0]],[[23914,33515],[6,-1]],[[23920,33514],[-2,-718]],[[23918,32796],[-50,7]],[[23868,32803],[-20,2],[-9,56],[0,57],[-10,30],[0,110],[-11,84],[-43,7]],[[23775,33149],[-13,56],[-8,81],[6,30],[0,199]],[[23040,50239],[47,-42],[31,-104],[19,-30]],[[23137,50063],[19,-47]],[[23040,49355],[0,328]],[[23040,49683],[0,556]],[[22932,53826],[180,2]],[[23112,53828],[0,-332],[5,0],[0,-495]],[[23117,53001],[1,-166],[-30,0]],[[22947,52835],[-3,-1]],[[24456,21235],[28,1],[12,-64]],[[24496,21172],[-8,-103]],[[24321,20625],[8,83],[-2,90],[-14,11],[-15,-35],[-10,32]],[[24271,20318],[14,69],[12,-7],[10,52],[33,-83],[20,-73],[-14,-59],[-1,-66],[-22,-21],[-9,47],[-32,90],[-11,51]],[[22929,54491],[218,0]],[[23147,54491],[0,-662]],[[23147,53829],[-35,-1]],[[22934,53994],[0,131],[-8,204],[3,162]],[[27612,34079],[12,69],[55,-73],[37,68],[8,54]],[[27724,34197],[-21,-599]],[[27703,33598],[-87,1]],[[27616,33599],[-7,0]],[[27609,33599],[-2,218],[-10,129],[0,105],[15,28]],[[27651,33865],[16,-15],[2,57],[-11,21],[-7,-63]],[[30429,48984],[-6,-69],[-25,26],[-8,-113],[8,-84],[-24,4]],[[30374,48748],[-20,-18],[-11,-36]],[[30343,48694],[-3,85],[-9,3],[0,123],[-75,78],[11,32],[-29,321],[-43,-121],[-1,205],[-8,163],[-6,169],[12,9],[-15,492]],[[30177,50253],[8,84],[0,107],[-5,45],[12,59],[19,-77],[17,-26],[8,55],[-8,74],[-18,86],[8,137],[12,86],[15,44],[11,72]],[[22824,57354],[82,-1],[147,0]],[[23053,57353],[0,-539],[5,0],[0,-330]],[[22842,56483],[5,104],[9,61],[3,97],[-11,107],[-14,300],[-12,101],[2,101]],[[25283,46948],[67,-1]],[[25350,46947],[33,-1]],[[25383,46946],[1,-332],[-7,-2],[0,-334]],[[25377,46278],[-99,5]],[[25278,46283],[0,335],[5,0],[0,330]],[[27389,30660],[17,-125],[-5,-221],[66,-5]],[[27467,30309],[13,-111],[7,-101],[16,-88],[7,-86]],[[27510,29923],[-40,-104],[7,-90],[-6,-38],[-18,13],[-13,-41],[-8,70],[-13,-65],[-3,112],[-37,-157]],[[27379,29623],[0,163]],[[27379,29786],[-5,169],[2,70],[8,52],[-4,176],[-7,63]],[[27373,30316],[7,33],[-1,123],[3,91],[-12,126],[1,114]],[[27972,36772],[24,136]],[[27996,36908],[82,-179]],[[28122,36628],[-12,-130],[-15,-108]],[[28095,36390],[-51,-399]],[[28001,35869],[-11,8],[-2,113],[-41,478]],[[27947,36468],[17,71],[-3,80],[11,153]],[[28035,36420],[15,-20],[4,64],[-8,45],[-11,-89]],[[27866,29234],[16,87]],[[28000,28644],[30,-176]],[[28030,28468],[-12,-14],[-36,-85],[-28,-108],[-35,-197],[-17,-128]],[[27849,28189],[-1,43],[-15,107],[-4,206],[-14,50],[-7,96],[3,60],[22,108],[0,64],[12,81],[4,83],[16,79],[1,68]],[[23952,26052],[83,1]],[[24035,26053],[0,-250],[29,-1]],[[24064,25802],[1,-418],[-8,-45],[-4,-121]],[[24053,25218],[-34,1]],[[24019,25219],[-69,1]],[[23882,25385],[6,94],[-5,36],[6,125],[9,79]],[[26693,36987],[30,37],[-1,148],[19,167]],[[26839,37091],[10,-54],[-4,-194]],[[26845,36843],[-17,-103],[-19,-28]],[[26720,36745],[-16,32],[-11,210]],[[22802,18957],[92,458]],[[22894,19415],[10,-78]],[[22904,19337],[30,-80],[11,-197],[16,-55],[7,-72],[-3,-65],[14,-107],[8,-94]],[[22918,18277],[-10,-36],[-16,21],[-16,62],[-34,41]],[[22842,18365],[-6,109],[7,315],[-8,108],[-12,62],[-8,-34],[-13,32]],[[25276,51103],[102,-18],[0,129]],[[25378,51214],[19,29],[2,-50],[29,-28],[9,-62]],[[25437,51103],[10,-21],[9,-72],[-12,-21],[14,-115],[-8,-122],[2,-73],[-5,-68],[-14,-57],[4,-47],[-10,-89],[36,-26],[17,77],[13,-96],[-16,-140],[-9,-169],[15,-63],[6,-69],[19,-26]],[[25508,49906],[-9,-94],[-1,-112],[-37,-38]],[[25461,49662],[1,46],[-52,4],[1,53],[-50,6],[1,165],[-20,3],[1,164],[-34,7],[1,330],[-35,5]],[[25275,50445],[1,658]],[[23863,45069],[131,-2]],[[23994,45067],[0,-164],[7,0],[0,-499]],[[24001,44404],[-64,0]],[[23937,44404],[-64,0]],[[23873,44404],[0,499],[-10,0],[0,166]],[[15805,36117],[0,-6]],[[15805,36111],[0,6]],[[15643,36942],[10,40],[18,0],[45,-209],[25,-50],[23,7],[19,-140]],[[15783,36590],[4,-75],[-4,-100],[10,-31],[-8,-73],[2,-82],[13,-78],[-11,-41],[0,-65],[-20,21],[-26,116],[-17,-7],[-22,105],[-11,92],[-17,54],[-16,13],[-20,-55],[14,209],[3,98],[-8,97],[3,70],[-9,84]],[[24446,33512],[78,1]],[[24524,33513],[95,2]],[[24613,33073],[-1,-223]],[[24612,32850],[-68,3],[-19,8],[-12,96],[-17,35],[-9,64]],[[24487,33056],[0,139],[-5,83],[-20,89],[-4,98],[-12,47]],[[26560,28994],[55,320]],[[26615,29314],[16,-82],[23,16],[22,-121]],[[26676,29127],[10,-64],[2,-91],[-7,-130],[6,-14]],[[26687,28828],[-38,-101],[-11,-42]],[[26638,28685],[-7,126],[-26,40],[-18,5],[-19,60],[-8,78]],[[28039,38454],[14,47],[15,103],[-9,58],[10,88],[-5,26],[17,115],[5,68],[-2,214]],[[28084,39173],[33,-142]],[[28117,39031],[55,-242]],[[28172,38789],[-10,-100],[-2,-64],[-17,-199],[-4,-71]],[[28093,38300],[-9,99],[3,79],[-20,-21],[-11,-65],[-2,-54],[-25,55]],[[28125,38628],[8,-74],[10,82],[-15,39],[-3,-47]],[[29219,41903],[40,-148]],[[29259,41755],[-5,-64]],[[29254,41691],[-3,-99],[12,5],[1,-65],[-7,-54]],[[29257,41478],[-18,23],[-6,39],[-17,29],[-11,-10],[-13,43]],[[29192,41602],[2,114],[7,27],[5,96],[-4,79],[17,-15]],[[23519,22058],[54,1],[-2,69]],[[23571,22128],[132,-2]],[[23703,22126],[-13,-222],[10,-128],[-10,-109],[0,-83]],[[23690,21584],[7,-74],[-6,-81]],[[23691,21429],[-25,54],[-9,-45],[-11,10],[-4,-101],[-30,-38],[-13,30]],[[23599,21339],[-42,-2],[-38,721]],[[23099,40193],[64,0]],[[23163,40193],[62,-1]],[[23225,40192],[0,-662]],[[23225,39530],[0,-166],[-69,0]],[[23099,39364],[0,829]],[[19056,29253],[0,-502],[209,0],[0,-807]],[[19265,27944],[0,-212],[-47,-1],[-13,-56],[-16,12],[-19,-29],[-6,-55],[-14,6],[-8,-38],[-4,-164],[13,-197],[-11,5]],[[19140,27215],[-15,-16],[-25,-100],[-11,16],[-14,-103],[-12,-36],[-1,-80],[-15,-81],[-45,505],[-8,175],[-18,237]],[[18976,27732],[-32,403],[-16,-83],[-13,-24],[-16,115],[-6,75],[-14,56],[2,87],[-9,170],[2,66],[-13,1],[0,80],[5,43],[-17,29]],[[18849,28750],[1,73],[8,66],[-2,74],[-9,75],[-59,1],[6,102],[-1,87],[8,67],[2,192],[23,65],[6,98]],[[24335,30716],[27,61],[14,-21],[5,-47],[15,-3],[0,126],[33,-4]],[[24429,30828],[1,-71],[28,-1],[-2,-265]],[[24456,30491],[3,-62],[-3,-106],[-2,-303],[-20,3],[0,-111],[20,-31],[0,-56]],[[24370,29669],[0,54],[12,70],[-8,63],[7,100],[-17,76],[2,472],[-31,4],[0,208]],[[21784,22469],[93,2],[142,7]],[[22019,21677],[-163,-4]],[[21784,21672],[0,797]],[[22904,19337],[78,382]],[[22982,19719],[5,-30]],[[23080,19146],[-4,-548]],[[26068,35367],[15,-30],[7,54],[11,-32]],[[26101,35359],[31,10],[30,-96],[7,46],[14,37],[12,-21],[15,-75]],[[26210,35260],[-16,-56],[-9,-141]],[[26185,35063],[-8,-72],[-22,-24],[-12,-37],[-11,-92]],[[26132,34838],[-35,326],[-29,131],[0,72]],[[16104,32174],[183,-9],[133,-3]],[[16420,32162],[5,1]],[[16425,32163],[0,-334],[30,0],[0,-168],[10,-25],[15,-85],[1,-56],[32,0],[0,-168],[19,0],[0,-167],[40,-2],[0,-167],[32,10],[-3,-176],[20,7],[5,-28],[0,-335]],[[16626,30469],[-17,-7],[-23,101],[-16,44],[-20,0],[-24,61],[-6,51],[-14,11],[-7,41],[-13,-3],[-11,45],[-24,60],[-18,-72],[-6,-86],[-18,-2],[-16,-38],[-5,-43],[10,-108],[-10,-8],[-30,116],[-17,12],[-38,-64],[-5,29]],[[16298,30609],[6,166],[-5,157],[-14,52],[-25,12],[-19,55],[-12,79],[10,189],[-2,107],[-11,88],[-26,22],[-27,168],[-8,91],[-11,74],[-26,55],[-15,94],[-3,106],[-6,50]],[[29078,44036],[91,-268],[-34,-249],[50,-191],[8,-103]],[[29193,43225],[-18,-63],[-12,-102],[-77,-20],[-1,-131]],[[16571,49716],[141,3]],[[16712,49719],[136,2],[44,-3]],[[16968,49646],[6,-158],[-12,-11],[-14,-63],[6,-39],[3,-124],[-23,-7],[-8,-41],[-33,-45],[3,-70],[26,-43],[10,6],[19,-109],[-18,-110],[4,-89],[-5,-48],[-13,-20],[-4,-90],[6,-54],[-15,-74],[-8,-151],[74,1]],[[16972,48307],[1,-412]],[[16973,47895],[-100,1],[0,12],[-64,2],[0,-166],[-234,-3]],[[16575,47741],[0,663]],[[16575,48404],[1,985],[-5,0],[0,327]],[[22038,28438],[14,0]],[[22052,28438],[2,-837]],[[22054,27601],[-147,1]],[[27066,26094],[45,81]],[[27111,26175],[10,-25],[32,-172],[14,-26],[25,-82]],[[27192,25870],[6,-83],[-1,-75],[12,-139],[7,-17],[8,-159]],[[27224,25397],[-53,-98],[-44,-71]],[[27127,25228],[-9,162],[-22,71],[-21,-12]],[[27075,25449],[3,34],[11,246],[-15,104],[0,82],[-16,49]],[[27058,25964],[8,130]],[[24431,27585],[2,333]],[[24494,27914],[4,-61]],[[24498,27853],[9,-42],[-14,-130],[19,25],[8,-48],[-19,-45],[18,-45],[0,-153],[4,-59],[12,9],[10,-42],[-14,-61],[6,-94],[-2,-63],[-18,-12],[-9,21],[-5,-61],[21,-87],[0,-48],[-11,-53]],[[24513,26865],[0,-13]],[[24513,26852],[-28,1]],[[24437,26855],[-6,0]],[[24431,26855],[0,730]],[[22386,18544],[129,2],[0,-68]],[[22515,18478],[0,-1058]],[[22515,17420],[-130,-1]],[[22385,17419],[0,368],[1,757]],[[19532,36151],[62,0],[1,28],[123,-4],[33,2],[13,-140],[20,32],[42,35],[26,-102],[9,-52]],[[19831,35691],[-122,-15],[-142,0],[-35,-281]],[[19532,35395],[0,756]],[[27956,41919],[1,432],[10,134],[16,-2]],[[27983,42483],[17,30],[1,69],[114,-44]],[[28115,42538],[40,-26]],[[28155,42512],[15,-121]],[[28081,41588],[3,-17]],[[28084,41571],[-127,2]],[[27957,41573],[-1,346]],[[17550,48770],[-8,166],[8,223],[-14,122],[3,186],[10,71],[1,77],[12,65],[-6,47],[13,120],[-14,28],[-2,56]],[[17553,49931],[9,99],[11,-9],[30,93],[18,-14],[95,0],[242,2]],[[17958,50102],[-11,-88],[2,-278],[-3,-63],[1,-174],[-22,-139]],[[17925,49360],[-29,-97],[-4,-45],[-23,-37],[-7,69],[-15,31],[-17,-73],[3,-29],[-8,-125],[-31,-69],[-7,-61],[7,-116],[12,-15],[3,-167],[-19,-160]],[[17790,48466],[-15,19],[-1,-87],[-29,-116],[-18,-14],[-162,2],[-5,-128],[2,-41],[-28,7]],[[17534,48108],[0,329],[17,1],[-1,332]],[[18903,38346],[0,830],[15,0],[0,452]],[[18918,39628],[7,-26],[14,-167],[11,7],[4,-105],[9,-57],[2,-100],[89,0],[205,-1]],[[19258,37331],[-225,0],[-131,0],[0,20]],[[18902,37351],[1,309],[0,686]],[[15729,53738],[19,72],[9,65],[8,129],[9,62],[-1,77],[26,-104],[9,51],[-2,60]],[[15806,54150],[23,-120],[53,0],[12,-109],[15,-55],[9,9],[24,-55],[24,-8],[13,58],[31,-45],[15,7],[13,-66],[26,-4],[10,-52],[21,-4]],[[16095,53706],[1,-58],[-9,-111],[-11,-36],[-1,-87],[-13,-49],[0,-87],[12,-151]],[[15865,53088],[-18,7],[-12,55],[-2,62],[-48,74],[-2,80],[-31,111],[-17,91],[-10,119],[4,51]],[[15715,53835],[13,65],[6,-90],[-10,-27],[-9,52]],[[15699,54223],[0,86]],[[15699,54309],[70,0]],[[15769,54309],[3,-53],[-10,-109],[7,-63],[-10,-61],[-13,45],[-18,13],[7,109],[-17,-8],[-5,-85],[8,-136],[-14,-103],[-17,146],[12,108],[-3,111]],[[27311,39158],[23,156]],[[27334,39314],[27,128]],[[27361,39442],[16,-51],[9,42],[6,-69],[25,-101],[7,-72],[12,4],[15,-52]],[[27343,38954],[-5,212],[-8,26],[-19,-34]],[[29365,41684],[-2,98],[12,69],[18,-33],[3,83],[20,37],[7,-74],[21,-17]],[[29444,41847],[12,-375],[0,-118]],[[29456,41354],[-35,-47],[-57,2]],[[29364,41309],[-4,77],[12,49],[-1,112],[7,79],[-13,58]],[[22635,23162],[136,479]],[[22771,23641],[21,-145],[18,67]],[[22810,23563],[58,-560]],[[22868,23003],[-53,-184],[-16,-261]],[[22799,22558],[-86,224],[-56,66]],[[22633,23097],[2,65]],[[28803,39005],[2,-154]],[[28805,38851],[1,-97]],[[28806,38754],[-11,-9],[-19,38],[-21,-44],[-20,2],[-16,-90],[7,-50],[-11,-33],[-10,-79],[-11,-24]],[[28694,38465],[-7,3],[-13,-96],[-4,162],[-9,30],[15,212],[12,81],[-2,37],[21,101],[25,-20],[9,24]],[[28560,32002],[65,-15]],[[28625,31987],[38,-13],[-8,-155],[23,-21],[20,199],[14,-63],[13,-8]],[[28725,31926],[9,7]],[[28772,31808],[-10,-112],[-12,-35],[-16,-161],[-12,-16],[-9,-122],[-18,-61],[-6,18],[-26,-13],[-10,28],[-10,-24],[-20,8],[0,56],[14,-4],[-15,98],[-6,-51],[-20,-2],[-16,99],[1,80],[8,35],[18,19],[0,73]],[[28607,31721],[-19,48],[-14,72],[-4,94],[-10,67]],[[27267,25998],[74,375],[19,-126],[-3,-85],[15,-40],[9,75]],[[27381,26197],[11,-129],[-5,-120],[8,-75],[-8,-118],[2,-84],[-14,-60],[-8,-3],[-4,-99],[-20,12],[4,-64],[-6,-54],[4,-94],[13,-38],[-2,-80],[17,-41],[6,-59]],[[27379,25091],[-8,-81]],[[27371,25010],[-27,122],[-10,-36],[-21,60],[-1,134],[-7,78]],[[27305,25368],[6,151],[-5,86],[-18,140],[1,84],[-22,169]],[[25983,37778],[1,-303],[10,-27]],[[25994,37448],[-10,-110],[-20,-3],[-10,-26],[-1,-133]],[[25953,37176],[-10,-1]],[[25881,37184],[-15,0]],[[25866,37184],[0,506]],[[25866,37690],[0,81],[9,63]],[[25398,36868],[11,38],[17,16],[12,-14],[4,93],[24,167]],[[25466,37168],[12,14],[11,65],[17,-10],[8,77],[27,42],[3,38]],[[25544,37394],[0,-128],[5,-57],[11,1],[0,-116],[15,19],[10,-20],[0,-246]],[[25585,36847],[0,-84],[-42,-1],[0,-69]],[[25543,36693],[-61,6]],[[25482,36699],[0,62],[-31,2],[0,51],[-52,3]],[[25399,36817],[-1,51]],[[24186,28864],[29,5]],[[24293,28873],[0,-166],[-6,0],[0,-354]],[[24287,28353],[0,-166]],[[24287,28187],[-99,6]],[[24188,28193],[-3,73],[2,94]],[[24187,28360],[-1,71],[-16,103],[-1,51],[-16,113],[-5,0],[1,161],[37,5]],[[28043,34264],[9,-37],[36,-40],[25,-82],[40,-23],[20,-35]],[[28173,34047],[-5,-445]],[[28168,33602],[-77,-1]],[[28091,33601],[-37,-2]],[[28054,33599],[-78,-2]],[[27976,33597],[5,73],[5,188],[14,37]],[[26473,30633],[35,0]],[[26527,30633],[6,-115],[16,-54],[14,-4],[7,-198]],[[26549,30128],[-23,35],[-12,-47],[-3,-72],[-12,-69],[-25,42],[-9,-30]],[[26465,29987],[15,151],[3,141],[-13,10],[-2,71],[11,82],[-18,97],[0,41],[12,53]],[[26877,27987],[8,17]],[[26885,28004],[19,-303],[8,-64],[5,-112],[10,-37],[13,4],[19,-53]],[[26946,27368],[-36,100],[-23,-50],[-10,-51],[-21,-40]],[[26856,27327],[-8,32],[-4,161],[-8,68],[1,72],[-8,29]],[[16695,40190],[152,-1],[137,7],[180,-3]],[[17164,40193],[18,-117],[4,-100],[-7,-115],[-2,-149],[8,-138],[1,-82],[-6,-167],[-29,-53],[-16,-174],[-8,-8],[-6,-69],[-15,-5],[-3,-48],[11,-232],[-6,-86],[-17,-87],[8,-100]],[[17099,38463],[-25,-38]],[[17074,38425],[-105,0],[-143,2]],[[16826,38427],[0,73],[-31,163],[-7,55],[-48,252],[-15,56],[0,248],[8,0],[0,225],[3,164],[-22,-124],[-9,-12]],[[27690,44520],[22,54],[64,215],[13,81],[25,93],[50,129]],[[27864,45092],[12,-10],[9,-51]],[[27885,44004],[-153,-1]],[[27732,44003],[-42,0],[0,517]],[[23592,29113],[63,5]],[[23735,28276],[-24,4],[1,55],[-18,15],[-16,-9],[-7,51],[-12,-8],[-19,26],[-1,56],[-11,60],[-13,25],[-7,59],[-18,28]],[[21480,40197],[178,-1]],[[21658,40196],[-1,-828]],[[21657,39368],[-177,0]],[[21480,39368],[0,11]],[[21480,39379],[0,818]],[[28280,36360],[60,379],[16,109]],[[28427,36664],[0,-56],[-15,-78],[11,-113],[12,-13],[5,-93]],[[28409,36171],[-19,-36],[-27,-159]],[[21867,25938],[144,-4]],[[22011,25934],[-2,-840]],[[22009,25094],[-23,0]],[[21986,25094],[-25,-2],[-95,8]],[[21866,25100],[1,838]],[[28265,32856],[15,-28],[5,-48],[26,-42],[4,-104],[12,2],[20,-62]],[[28347,32574],[17,-190],[-2,-165]],[[28274,31944],[-15,103],[-9,189],[-21,75]],[[24912,32566],[13,63],[2,92],[24,86],[0,43],[-10,68]],[[24941,32918],[39,4],[2,48]],[[24982,32970],[91,-16]],[[25064,32564],[-10,-114],[-12,-51],[-4,-51],[-17,-11]],[[25867,28939],[29,149],[26,45]],[[25922,29133],[74,-1]],[[25996,29132],[0,-170],[8,27],[21,-259],[0,-40]],[[26025,28690],[-1,-63],[-39,29],[-5,-84],[-19,16],[-8,-95],[-19,-43]],[[25934,28450],[-9,36],[-4,81],[-9,-8],[-7,55],[0,70],[-12,43],[-10,-31],[-12,23],[-10,-83]],[[25861,28636],[-2,203],[8,100]],[[25542,25442],[27,-82],[3,-49],[12,-25],[16,-69],[8,-86],[9,-21],[7,-83],[75,1]],[[25699,25028],[14,1],[0,-164]],[[25713,24865],[-14,-1],[0,-250]],[[25699,24614],[-71,-4],[-18,5],[-76,-4]],[[25534,24611],[-33,-4],[-1,83],[-12,10],[-1,220]],[[25487,24920],[13,27],[-1,242],[29,1],[0,233],[14,19]],[[25700,24466],[-1,-230],[19,-205],[38,-2]],[[25756,24029],[1,-166],[7,-1],[2,-128],[-10,-60],[1,-278]],[[25757,23396],[-18,1],[0,131],[-185,-2]],[[25554,23526],[10,78],[9,31],[18,160],[18,100],[6,7],[12,122],[9,231],[12,19],[10,48],[-2,52],[20,26],[24,66]],[[22020,18545],[66,-8],[130,-6]],[[22216,18531],[4,0]],[[22220,18531],[0,-831]],[[22020,17687],[0,858]],[[26649,36474],[10,-64],[8,33]],[[26667,36443],[-3,-175],[-14,-99],[0,-54]],[[26650,36115],[-16,-77],[-22,7]],[[26612,36045],[-33,133],[-5,44]],[[26574,36222],[-2,104],[4,49]],[[25934,28450],[0,-85],[6,-65],[-26,-92],[-3,-69]],[[25911,28139],[-7,-37],[1,-78],[-14,-69],[8,-68],[-19,-111],[-6,42],[-8,-109],[-20,-120]],[[25846,27589],[1,213],[-29,0],[0,83],[-10,0]],[[25808,27885],[-10,28],[0,113],[8,55],[0,138],[-5,84],[-10,0]],[[25791,28303],[0,70],[48,65],[18,112],[4,86]],[[21173,39363],[97,4]],[[21270,39367],[118,6],[92,6]],[[21480,39368],[1,-829]],[[21481,38539],[0,-165]],[[21481,38374],[-89,-2],[-50,-9],[-172,-7]],[[21170,38356],[2,173],[1,834]],[[25322,43480],[-1,499]],[[25754,52672],[16,30],[7,-49],[-9,-124],[-12,78],[-2,65]],[[25641,52576],[11,39],[28,22],[9,-110],[19,-61],[17,2],[7,76],[10,3],[14,-77],[9,12],[9,-64],[24,160],[30,98],[26,59],[59,181],[14,-34],[63,67]],[[25990,52949],[0,-354]],[[25990,52595],[-140,2],[0,-332],[-70,3],[0,-333]],[[25780,51935],[-139,1]],[[17241,49879],[134,-4]],[[17375,49875],[-18,-106],[-2,-73],[6,-83],[-5,-102],[-13,-89]],[[17343,49422],[-10,-108],[-30,-74],[-15,-154],[-13,-227],[-23,-126],[3,-100],[-8,-58],[15,-114],[-8,-67]],[[17254,48394],[-75,-2],[0,165],[-11,55],[-12,0],[-6,55],[-106,-2],[-11,-27],[-21,-137],[-1,-55],[-17,-111],[-22,-28]],[[25646,38102],[54,0]],[[25700,38102],[0,-165],[-5,-1],[-1,-595]],[[25694,37341],[-41,18]],[[25653,37359],[-10,44],[-7,-35],[-12,47],[-18,2]],[[25606,37417],[0,143],[-7,154],[6,91],[1,135],[28,46],[1,55],[11,61]],[[19532,36670],[140,-1],[160,-1]],[[19532,36151],[0,519]],[[27732,43720],[0,283]],[[27925,44002],[-1,-319],[-7,-1],[-3,-395]],[[27914,43287],[-37,6],[-117,-4]],[[27760,43289],[-29,-1]],[[27731,43288],[1,432]],[[28277,38175],[16,-76],[12,-27],[5,-78]],[[28394,37639],[3,-29],[-11,-126],[2,-36],[-12,-95]],[[28311,37439],[-51,526],[17,210]],[[28332,37851],[8,-36],[2,44],[-7,-12],[-8,20]],[[28327,37867],[-7,-84],[14,3],[-2,65]],[[26409,34394],[10,196],[9,91],[1,79]],[[26471,35081],[22,-96],[15,-31],[17,-5]],[[26525,34949],[1,-83],[-8,-62],[12,-120],[11,13],[6,-52],[-2,-69]],[[26545,34576],[-14,-36],[-10,-112],[-29,-2],[-8,-39]],[[26484,34387],[-10,27],[-13,-57],[-17,6],[-7,37],[-11,-32]],[[26426,34368],[-17,26]],[[24543,29392],[15,0],[1,254],[-15,2],[0,334]],[[24544,29982],[130,-9]],[[24679,29750],[-7,-89],[5,-89],[-10,-77],[-44,-81],[9,-68],[-8,-82],[-19,9],[-1,-110],[-27,3],[13,-68],[20,1],[3,-40],[-15,-43],[-14,50],[-13,-87]],[[24571,28979],[0,-2]],[[21616,28427],[145,6]],[[21762,27601],[-144,-5]],[[21618,27596],[-2,831]],[[25237,34615],[21,-14]],[[25258,34601],[8,12],[10,149],[-6,97],[-17,112],[-2,42],[8,106],[3,90],[17,70]],[[25279,35279],[16,-36]],[[25295,35243],[16,-51],[2,-81],[21,-119],[6,-102],[-7,-70],[8,-68]],[[25341,34752],[-11,-125],[2,-102],[4,-54],[-8,-34]],[[25328,34437],[-21,132],[-13,24],[-18,-27],[-16,-52]],[[25260,34514],[-12,24],[-11,77]],[[26896,36148],[4,21],[5,121],[12,17],[11,-33]],[[26928,36274],[2,-50],[19,-62],[2,-60]],[[26974,35884],[-12,-3],[-11,-52],[1,-63],[-13,-20],[-18,49],[-12,-18]],[[26888,35844],[-10,128],[9,68],[-8,56],[17,52]],[[21901,31007],[150,-1]],[[22051,31006],[0,-292]],[[22051,30714],[0,-540]],[[22051,30174],[-115,2]],[[21936,30176],[-35,0]],[[21901,30176],[0,831]],[[23419,44406],[65,-1]],[[23484,44405],[64,-1]],[[23548,44404],[0,-660]],[[23548,43744],[-32,-1]],[[23516,43743],[-97,2]],[[23419,43745],[0,661]],[[24247,30784],[27,11],[40,-91],[21,12]],[[24272,29684],[0,252],[-22,2],[4,174],[4,15],[3,552],[-15,2]],[[24246,30681],[1,103]],[[22429,20637],[64,367]],[[22493,21004],[33,192]],[[22526,21196],[74,-362],[9,-183]],[[22609,20651],[-25,-131],[-62,-170]],[[22522,20350],[-8,35],[-2,80],[-9,15],[0,78],[6,58],[-33,-1],[-19,35],[-16,-23],[-12,10]],[[26584,32878],[18,-160]],[[26602,32718],[-2,-80]],[[26600,32638],[5,-127],[-39,-162]],[[26463,32193],[-27,175]],[[26436,32368],[-3,25]],[[31021,51023],[-67,-77]],[[30954,50946],[-60,-68],[-43,-60],[-5,11],[2,524],[-3,361],[0,647],[-72,1],[0,25],[-34,0]],[[30739,52387],[-1,337],[-156,1],[-95,2]],[[30403,52726],[8,232],[119,820],[96,638],[13,-6],[39,-80],[-5,-70],[4,-252],[37,-116],[12,7],[15,51],[26,49],[29,7],[10,82],[29,19],[25,-22],[1,109],[14,32],[30,-30],[19,-43],[5,-49],[51,-191],[18,-164],[27,-80],[1,-889],[2,-615],[0,-641],[8,-48],[-14,-67],[13,-113],[-13,-38],[-1,-235]],[[27588,34705],[14,72],[19,23],[13,-67],[19,85],[13,83]],[[27666,34901],[19,11],[6,-79],[11,0],[4,-77],[15,-43],[16,-162]],[[27737,34551],[-13,-354]],[[27612,34079],[-7,90],[-47,58]],[[27558,34227],[10,56],[5,76],[13,42],[6,96],[1,123],[-5,85]],[[22479,35868],[183,2]],[[22662,35870],[0,-495]],[[22662,35375],[0,-167]],[[22662,35208],[-151,-5]],[[22511,35203],[-32,0],[0,166]],[[22479,35369],[0,499]],[[16179,39424],[-8,-58],[-12,-22],[0,-55],[-43,-14],[-10,-104],[-1,-81],[-8,-110],[-10,-47],[-19,-13],[-7,-32],[-34,-40]],[[15948,38864],[5,153]],[[15953,39017],[5,132],[-2,107],[6,52],[-38,-5],[-3,48],[3,133],[14,132],[-29,190]],[[15909,39806],[-5,26],[6,138],[67,1],[14,43],[2,60],[12,88],[16,-4],[2,83],[12,61],[2,81],[21,0],[16,41],[5,57]],[[30260,43645],[18,-94],[25,-52],[11,-63],[26,12],[9,67],[27,30],[27,55],[6,40],[-3,186],[-18,71],[-5,171],[-17,56],[-14,-60],[-11,63],[16,35],[20,-28],[23,-95],[14,-130],[11,-199],[5,-198],[-2,-120],[-10,-63],[-7,42],[-26,-9],[-30,-28],[-14,-37],[-20,-6],[-33,-38],[-16,-102],[-15,-1],[-33,-35],[7,95],[-3,42],[9,182],[-6,33]],[[23300,36451],[123,-1]],[[23423,36450],[-1,-416],[-2,-166]],[[23298,35868],[2,167],[0,416]],[[28235,31360],[30,16],[5,-56],[12,13],[45,138]],[[28256,30673],[-4,27],[-1,164],[-6,71],[-18,61]],[[28227,30996],[3,317],[5,47]],[[25374,24918],[113,2]],[[25534,24611],[-5,-28],[1,-222],[-15,-2],[1,-273],[-15,-66],[15,-72],[-3,-91],[-7,-43],[-18,23],[-17,-94],[1,-58],[-17,-36],[5,-52]],[[25460,23597],[-20,-96],[-10,-87],[-20,-16]],[[25410,23398],[4,60],[-9,49],[3,94],[8,26],[10,97],[-4,47],[-5,150],[4,47],[-10,67],[-25,64],[-13,80],[-3,184]],[[28467,34945],[8,-26]],[[28475,34919],[12,-67],[23,11],[29,-110],[12,-11]],[[28551,34742],[-11,-163],[-39,-115]],[[28501,34464],[-29,-99]],[[28472,34365],[-9,201],[-47,119]],[[28416,34685],[23,137],[14,32],[3,61],[11,30]],[[22844,21995],[53,191]],[[22897,22186],[16,-66],[10,-167],[7,-7],[21,-127],[9,-88],[14,-3],[13,-39]],[[22987,21689],[-12,-77],[-13,-24],[-3,-91],[-15,-68]],[[22944,21429],[-14,-85],[-48,-160],[-2,37]],[[22880,21221],[-16,397],[-32,149],[-38,124]],[[22794,21891],[50,104]],[[15587,53702],[35,-1],[15,64],[6,63],[25,47],[15,-16]],[[15683,53859],[18,-29],[2,-49],[18,-54],[8,11]],[[15599,53145],[0,387],[-12,2],[0,168]],[[23741,29418],[54,-4],[73,-14]],[[23898,28669],[-24,-1]],[[23874,28668],[-20,-24],[-25,39],[-36,81],[-21,3]],[[25076,37337],[0,-56]],[[25076,37281],[-1,-497]],[[25075,36784],[-75,3],[-49,9]],[[24951,36796],[-31,0]],[[24920,36796],[0,375]],[[23026,55778],[0,-290],[5,-111]],[[23031,55377],[1,-222],[36,0],[0,-166],[143,1],[0,167],[36,1],[0,166]],[[23247,55324],[35,-4]],[[23282,55320],[1,-496],[7,0],[0,-331]],[[23290,54493],[-143,-2]],[[22929,54491],[-2,213],[-8,117]],[[26816,32459],[13,8],[7,-37],[11,43],[1,68],[28,111],[14,37],[8,-49]],[[26898,32640],[-2,-138],[17,-6],[13,26]],[[26926,32522],[2,-129],[13,-26],[9,-71],[3,-79]],[[26953,32217],[-30,-29],[-55,-162],[-23,-42],[-14,9],[-11,-42]],[[26820,31951],[-9,127],[-10,-5],[-3,94]],[[23541,52297],[33,-87],[29,56],[20,-61],[5,-43]],[[23628,52162],[-15,-125],[6,-105],[157,-1]],[[23776,51931],[0,-331],[11,-1],[2,-306]],[[23789,51293],[-49,4],[-115,-4],[22,-89]],[[23544,51202],[-2,304],[1,665],[-2,126]],[[27479,43962],[53,111],[49,151],[5,66],[13,44],[8,-53],[52,167],[31,72]],[[27732,43720],[-149,-3],[-104,1]],[[27479,43718],[0,244]],[[26572,44162],[65,6]],[[26637,44168],[34,16],[35,1],[22,-99]],[[26728,44086],[1,-88],[-11,-43],[-3,-65],[-16,-12],[-7,-103],[-11,-18],[-16,-117],[-4,-144]],[[26575,43478],[-3,684]],[[16477,53959],[1,191],[24,84],[0,56],[12,28],[0,56],[95,7],[0,165],[36,162],[18,-1],[12,111],[0,110],[12,27],[12,111],[0,166],[24,57],[6,84],[34,1]],[[16763,55374],[2,-36]],[[16763,54038],[0,-668],[-108,3],[0,-334]],[[16514,52831],[-20,90],[-7,117]],[[16487,53038],[12,153],[-10,79],[0,161],[-10,96],[-3,87],[-9,65],[12,101],[-2,179]],[[26051,27789],[81,-6],[14,-19]],[[26146,27764],[3,-104]],[[26149,27660],[16,-569]],[[26165,27091],[1,-41]],[[26166,27050],[-101,-2]],[[26065,27048],[-17,-1]],[[26048,27047],[1,201],[2,541]],[[15661,39807],[156,1],[92,-2]],[[15953,39017],[-34,0],[1,56],[-36,2],[0,-55],[-168,-4]],[[15675,39391],[-2,245],[-12,75],[0,96]],[[27322,26894],[17,-119],[10,-120],[24,-131],[20,-244]],[[27393,26280],[-12,-83]],[[27267,25998],[-12,6],[-18,68]],[[27237,26072],[-9,63],[7,40],[-7,96],[4,86]],[[26759,45700],[33,9]],[[26870,45315],[-30,-88],[8,-128],[-14,-11],[-11,-85],[-3,-89],[4,-49]],[[26824,44865],[-59,-7]],[[26765,44858],[-6,842]],[[28194,36604],[32,-33],[17,-81],[25,-97]],[[28237,35864],[-31,87],[1,87],[-24,68],[-20,91]],[[28163,36197],[-68,193]],[[26658,47301],[20,173],[3,65],[16,59],[-1,36],[14,73],[5,65],[51,49],[14,86],[27,42],[33,-68],[21,-89],[23,-225],[11,-169],[2,-169]],[[26897,47229],[-142,-29]],[[26755,47200],[-97,-15],[0,116]],[[28682,37995],[10,60],[17,5],[-3,60],[5,58],[41,-49]],[[28753,37663],[-10,-93],[-3,-63],[-10,-38]],[[28730,37469],[-17,102],[-7,-8],[-17,104],[-10,11],[-7,59],[-16,22],[-13,47],[12,151],[16,-21],[11,59]],[[23375,49518],[137,2]],[[23512,49520],[71,0]],[[23583,49520],[1,-334]],[[23584,49186],[-36,-1],[0,-332],[1,-165]],[[23549,48688],[-43,2]],[[23482,48769],[-56,141],[-33,100],[-18,81],[-11,-11],[-7,58],[-13,13]],[[25204,51660],[6,-51],[13,0],[14,54],[16,6],[26,-83],[10,31],[24,-78],[40,-26],[9,-30]],[[25362,51483],[11,-110],[-16,-78],[12,-71],[9,-10]],[[25276,51103],[-70,1],[1,492],[-3,64]],[[26529,37317],[19,-69],[39,91],[22,41]],[[26609,37380],[13,-70],[4,-112],[26,-48],[10,-44]],[[26662,37106],[-13,-62],[-3,-145],[-30,-152],[-5,-12]],[[26551,36944],[4,39],[-19,93],[-13,108],[-8,32]],[[26515,37216],[14,101]],[[24679,23029],[6,0]],[[24685,23029],[56,2]],[[24766,22482],[3,-261],[1,-408],[14,-97],[9,-146]],[[24793,21570],[-39,115],[-21,-21],[-31,-13]],[[24702,21651],[2,152],[-6,10],[-4,85],[-9,48],[-5,106],[0,311]],[[24680,22363],[-1,666]],[[23325,25098],[1,-126],[-8,-112],[8,-58],[-5,-166],[11,-39],[3,-118],[15,-47],[18,-149],[0,-123]],[[23368,24160],[-105,-97],[1,-28],[-26,-44]],[[23225,24209],[-2,108],[-24,54],[1,100],[-30,65],[3,56],[-3,78],[-12,34],[6,88],[-2,42],[-14,66],[3,48]],[[25544,37394],[32,17],[13,-60],[17,66]],[[25653,37359],[0,-538]],[[25653,36821],[-63,-1],[-5,27]],[[22761,53995],[0,163],[-6,0],[1,663]],[[22587,46233],[123,1]],[[22710,46234],[0,-605]],[[22710,45629],[-14,-17],[-25,14],[-19,34],[-9,-17],[-3,-79],[-17,-91],[-24,-11],[-33,143]],[[22566,45605],[11,80],[0,104],[5,82],[-5,43],[1,165],[9,154]],[[22343,28434],[148,4]],[[22491,28438],[0,-704]],[[22491,27734],[0,-135]],[[22491,27599],[-91,-1],[-57,4]],[[23205,45739],[131,1]],[[23336,45076],[-98,-1]],[[23238,45075],[-33,-1]],[[23205,45074],[0,665]],[[24033,29047],[58,-11]],[[24091,29036],[52,-10],[17,-35],[26,-127]],[[24187,28360],[-69,13]],[[24118,28373],[-87,15]],[[23897,41298],[78,7]],[[23975,41305],[106,11]],[[24081,41316],[3,-109],[8,-70],[-8,-41],[6,-250]],[[24090,40846],[-48,-1]],[[24042,40845],[0,82],[-64,1],[-79,-6]],[[23899,40922],[-2,171],[0,205]],[[24974,29060],[74,-2]],[[25048,29058],[0,-167],[29,1]],[[25077,28892],[1,-500],[-15,-1],[0,-139]],[[25063,28252],[0,-31],[-88,-1]],[[24975,28220],[0,278]],[[24975,28498],[-1,562]],[[27502,36888],[21,-80]],[[27523,36808],[-1,-212],[28,-129],[26,-20],[18,37],[41,15]],[[27608,36287],[-30,-147],[-15,-125],[-4,-60],[-18,-165]],[[27541,35790],[-25,2],[-4,41],[-13,-53],[-17,9],[-43,77]],[[27439,35866],[-2,60],[-23,139],[-15,63]],[[27399,36128],[16,-7],[-17,160],[11,68],[-14,153],[-13,-13],[-4,86]],[[18849,28750],[-65,1],[-122,91],[1,-58],[-15,-96],[-8,-118],[-9,-44],[-130,224],[-164,1]],[[18337,28751],[0,606]],[[27055,23743],[33,-54],[34,35],[19,-65]],[[27141,23659],[-12,-292],[3,-14]],[[27132,23353],[-15,-63],[-6,-74],[-20,-1],[-7,-94]],[[27030,23050],[-22,142],[0,164],[-21,40],[0,62]],[[26305,50278],[0,-167]],[[26270,49948],[-102,2],[1,168],[-47,4]],[[26122,50122],[5,120],[19,91],[8,-6],[20,89],[18,22],[12,-13]],[[26082,51252],[10,42],[12,-53],[-12,-42],[-10,53]],[[26056,50873],[6,72],[0,81],[17,133],[10,7],[4,-108],[1,-174],[-20,-67],[-18,56]],[[23232,32874],[40,0],[4,-55],[10,-8],[5,-72],[31,-31]],[[23322,32708],[65,-1]],[[23387,32707],[-5,-125],[-15,-86],[-1,-107],[14,-109],[-10,-72]],[[23370,32208],[-26,18],[-17,-44],[-16,9],[-23,-31],[-6,-43],[-16,49],[-3,125],[-32,-1]],[[23231,32290],[-15,0]],[[23216,32290],[0,86],[16,0],[0,498]],[[27864,45092],[7,83],[13,60],[5,88],[36,88],[15,66],[2,128],[-14,115],[-7,108],[-22,56],[-2,158]],[[27897,46042],[19,-1],[31,-92],[10,88],[17,10],[29,47],[10,-45],[14,40],[24,-8]],[[28051,46081],[0,-422]],[[28051,45659],[-6,1],[0,-166],[7,-1],[0,-465]],[[26041,35867],[12,-68],[12,-5],[-2,-69],[8,-37],[-14,-175],[15,-37],[13,52]],[[26085,35528],[5,-10],[11,-159]],[[26068,35367],[-14,3],[-7,-94]],[[26047,35276],[-65,35]],[[26110,25718],[29,2],[-1,110],[76,9],[0,69],[16,2]],[[26230,25910],[2,-114],[6,-15],[0,-124]],[[26238,25657],[-9,-62],[1,-44],[19,-45],[9,-78],[-6,-51]],[[26252,25377],[-14,-24],[-25,-164],[5,-87],[-3,-45]],[[26215,25057],[-36,-3],[-20,165],[-43,-3]],[[26116,25216],[-5,0],[-1,168]],[[28149,30127],[30,8],[7,-23],[17,11],[67,2]],[[28270,30125],[18,-276],[11,-186],[16,-73]],[[28315,29590],[-18,-76],[-36,-196]],[[28261,29318],[-8,-9],[-20,124],[-3,60],[-16,-44],[-10,16],[-18,-27],[-14,-55]],[[28172,29383],[-12,12],[-13,57],[-11,-21]],[[28109,29512],[23,126],[-17,52],[-10,87],[5,29]],[[19206,54334],[12,0],[20,47],[19,73],[11,-2],[15,63],[19,29],[7,42],[-3,71],[6,120],[1,128],[29,-26],[15,63],[37,6]],[[19394,54948],[35,-27],[28,65],[11,66],[39,-23],[19,38],[34,-18],[6,-107],[8,-2]],[[19647,53062],[-106,2]],[[19541,53064],[-106,1],[1,-110]],[[19436,52955],[-100,1]],[[19336,52956],[-3,165],[-12,41],[1,124],[11,55],[0,552],[-32,0],[0,83],[-36,0],[0,82],[-35,0],[0,166],[-24,0],[0,110]],[[18099,53803],[70,0],[0,83],[32,0],[0,166],[-14,37],[-5,127],[5,71],[-20,192],[6,108],[-3,94],[83,3]],[[18253,54684],[47,0]],[[18300,54684],[0,-803],[45,1],[0,-663]],[[18345,53219],[-32,0],[0,-56],[-17,0],[0,-110],[-18,-1],[-2,-53],[-33,-1],[0,-110],[-44,5]],[[18199,52893],[-141,-1]],[[18058,52892],[-25,0],[-12,-55],[-23,25],[-13,-21]],[[17985,52841],[-11,49],[3,100],[-14,48]],[[17963,53038],[35,20],[-5,164],[0,248],[12,87],[11,27],[0,84],[-23,0],[-6,107],[-17,28],[0,55],[-18,29],[0,83],[-17,0],[-6,82]],[[28238,34838],[13,1],[27,138]],[[28278,34977],[11,11],[14,-87],[11,-16],[21,11]],[[28335,34896],[-1,-65],[14,-34]],[[28348,34797],[0,-339]],[[28348,34458],[-61,-220]],[[28276,34270],[-10,23],[-20,130],[-21,40],[-13,-13]],[[28212,34450],[-3,295],[26,61],[3,32]],[[27113,36777],[19,35],[34,-13],[-2,-68],[11,-16],[11,-75],[15,-52],[-3,-66],[14,-29],[6,-139]],[[27218,36354],[-14,1],[-18,-115],[5,-64],[-2,-101],[11,-38],[2,-57]],[[27202,35980],[-14,-45],[-12,40]],[[27176,35975],[-15,83],[-15,-43],[-17,119],[5,47],[-8,76],[-21,22],[-14,52],[-19,31],[13,64]],[[23735,28276],[2,-84],[-5,-60],[8,-53],[21,-31],[11,-41]],[[26108,38658],[40,138]],[[26148,38796],[22,77],[42,-2]],[[26212,38871],[-18,-685]],[[26194,38186],[-1,-36]],[[26193,38150],[-19,-30]],[[26174,38120],[-67,-1]],[[26107,38119],[1,539]],[[22820,14280],[5,0]],[[22825,14280],[-5,0]],[[22647,13629],[0,531]],[[22647,14160],[93,-94],[10,72],[13,-23],[5,77],[12,86],[10,2]],[[22790,14280],[14,-220],[5,-29],[-10,-108],[13,-263],[17,-12],[4,-63],[12,-15],[1,-163],[-22,11],[-27,-67],[-12,-41],[-2,-119],[-19,15],[-4,69],[-18,3],[-7,90],[-10,11],[-18,130],[-15,46],[-21,-3],[-7,57],[-17,20]],[[25814,25594],[10,97],[13,27]],[[25974,25460],[-18,-4],[-4,-41],[1,-381]],[[25839,25034],[-1,369],[-22,93],[4,61],[-6,37]],[[28556,35621],[22,-77],[9,3],[29,-95]],[[28616,35452],[-4,-57],[2,-126],[9,-9]],[[28623,35260],[-9,-90],[23,-187],[-15,-6],[-25,-42]],[[28555,35196],[-15,97]],[[24498,27853],[127,0]],[[24625,27853],[0,-494],[13,0]],[[24638,27359],[-5,-71],[15,-59],[-6,-202]],[[24642,27027],[-59,2],[0,-171]],[[24583,26858],[-70,7]],[[26948,28084],[27,90],[14,-25],[16,3]],[[27005,28152],[7,-106],[17,-76],[5,11]],[[27034,27981],[25,-98]],[[26984,27520],[-11,118],[-14,97],[-5,93],[-9,64],[6,81],[-8,88],[5,23]],[[18300,54684],[89,-9]],[[18622,52436],[-11,-69],[-15,3],[-14,-70],[-23,-36],[-10,-66],[3,-59]],[[18552,52139],[-133,2]],[[18419,52141],[0,894],[-22,-42],[-18,39],[1,52],[-14,43],[-4,57],[-17,35]],[[21495,30177],[102,-1]],[[21597,30176],[44,0]],[[21641,30176],[0,-830]],[[21641,29346],[-26,0]],[[21615,29346],[-120,1]],[[21495,29347],[0,830]],[[26559,21702],[98,1],[0,-83],[28,0]],[[26685,21620],[-1,-711],[5,-125],[10,1]],[[26699,20785],[0,-85],[-8,-66],[-1,-92],[-6,-56],[-10,5]],[[26674,20491],[-21,38],[-3,46],[-13,30],[-13,105],[0,68],[-9,44],[-5,84],[-12,68],[-30,105],[-38,110],[-18,98]],[[26512,21287],[11,191],[6,9],[4,103],[21,68],[5,44]],[[26124,22204],[59,-5],[1,84],[65,-4]],[[26198,21504],[-76,2]],[[26122,21506],[2,698]],[[17375,49875],[15,118],[12,243]],[[17402,50236],[96,1],[12,-159],[4,-107],[-5,-38],[44,-2]],[[17550,48770],[-17,19],[-5,-84],[-18,-38]],[[17510,48667],[-30,-1],[-34,90],[0,236],[-20,0],[-6,97],[0,330],[-77,3]],[[26283,30634],[10,0]],[[26293,30634],[43,1]],[[26336,30635],[1,-253]],[[26337,30382],[10,-59],[-17,-90],[-4,-93],[1,-277]],[[26327,29863],[-14,14],[-3,61],[-18,-28],[-23,1],[-14,49]],[[26111,36604],[-11,-43],[-12,-159],[6,-42]],[[26094,36360],[-25,-204],[-18,-95],[-15,-43],[-11,1]],[[25969,36375],[17,83],[46,86],[43,-25],[36,85]],[[20681,24938],[20,-1]],[[20701,24937],[144,0],[85,0]],[[20908,23231],[-83,-307],[-144,-535]],[[28776,37102],[11,193],[17,49],[5,59],[12,44]],[[28846,36909],[-14,39],[-10,-65],[-18,40],[-11,-57]],[[28793,36866],[-22,-22],[-10,36],[15,222]],[[28230,31774],[5,-4],[29,131]],[[28235,31360],[-6,106],[1,308]],[[26213,34202],[28,109],[3,75],[12,-19],[20,99]],[[26276,34466],[19,-75],[25,44],[16,-162],[12,-55]],[[26348,34218],[0,-101],[-12,-39],[-15,-104],[-29,-260]],[[26292,33714],[-2,1]],[[26290,33715],[-52,23]],[[26238,33738],[-13,150],[4,118],[-16,196]],[[20275,24939],[105,2]],[[20381,23768],[-22,20],[-16,53],[-24,107],[-8,109],[-10,46],[-7,128],[-20,195],[-20,61],[-11,-30],[-10,66]],[[20233,24523],[-14,52],[-16,107],[-3,54],[6,58],[1,144],[68,1]],[[26454,35468],[7,66],[23,17]],[[26484,35551],[13,-5],[22,34],[16,-74]],[[26535,35506],[6,-48]],[[26541,35458],[0,-77],[10,-56],[11,-148],[7,-41]],[[26569,35136],[-22,-80],[-10,-76],[-12,-31]],[[21530,55156],[143,1],[108,1]],[[21781,55158],[107,-2]],[[21888,55156],[0,-331],[-24,-1],[0,-660]],[[21864,54164],[-21,0],[0,-325],[-61,0]],[[21782,53839],[-7,89],[4,88],[-17,71],[-14,18],[-26,-31],[-4,-60],[-17,31]],[[21701,54045],[-25,51],[-4,140],[-11,71],[-11,143],[19,95],[-18,70],[-39,-57],[-18,-11],[-18,19],[-29,-79],[-23,16],[-19,62],[-16,-4],[-5,70],[-34,-14],[-13,18]],[[21437,54635],[-17,95],[1,196],[-8,51],[8,52],[-20,38],[-14,-82]],[[21387,54985],[0,171],[143,0]],[[28390,35199],[8,54],[12,153]],[[28410,35406],[14,-36],[9,-59],[19,-22],[5,-29],[18,-6],[11,-63]],[[28486,35191],[9,-27],[-1,-196]],[[28494,34968],[-19,-49]],[[28467,34945],[-10,108],[-17,-68],[-5,79],[-10,-15],[-41,34]],[[28384,35083],[6,116]],[[26497,27846],[31,239],[5,178]],[[26533,28263],[44,-187],[6,-1],[15,-93]],[[26598,27982],[0,-135]],[[26598,27847],[-1,-83],[-14,-3],[-10,-55],[-14,-30],[-5,-89],[-7,-41]],[[26547,27546],[-17,145]],[[26530,27691],[-7,79],[-22,29],[-4,47]],[[29296,41526],[-1,-1]],[[29295,41525],[1,1]],[[29295,41525],[1,-4]],[[29296,41521],[-1,4]],[[29295,41517],[-2,-15]],[[29293,41502],[2,15]],[[29293,41501],[-1,-5]],[[29292,41496],[1,5]],[[29299,41713],[15,161]],[[29314,41874],[0,-94],[6,-70]],[[29320,41710],[-14,-114]],[[29306,41596],[-10,-68]],[[29296,41528],[-8,16]],[[29288,41544],[3,92],[8,77]],[[29284,41522],[-1,4]],[[29283,41526],[1,-4]],[[26600,32638],[5,8],[36,-149],[14,-80],[17,20],[17,-26],[12,-45]],[[26717,32021],[0,-36]],[[26717,31985],[-16,-79],[-37,-82],[-15,-93],[-29,29],[-17,-17]],[[25908,35111],[30,-229],[-2,-92]],[[25936,34790],[-5,-217],[-11,14]],[[25920,34587],[-22,30],[-7,52],[-18,-44],[-32,170]],[[25841,34795],[-20,288]],[[25821,35083],[87,28]],[[16035,36975],[-2,-175],[-4,-49],[-19,-69],[-8,-143],[-8,5],[-15,-50],[-19,10]],[[15960,36504],[-13,-40],[-20,42],[-22,-10],[-17,-49],[-17,34],[-24,12]],[[15847,36493],[-9,82],[-27,75]],[[15811,36650],[-2,25]],[[15809,36675],[59,-2],[-6,48],[5,96],[-4,55],[2,108],[39,0],[-2,86],[-15,130],[6,161]],[[15624,49868],[20,81],[-7,161],[6,110],[15,16],[27,-15]],[[15996,49508],[-5,-107]],[[15991,49401],[-16,-36],[5,-123],[-2,-120]],[[15603,49247],[0,41],[14,83],[-23,34],[19,189],[18,25],[2,76],[-11,58],[2,115]],[[26710,33317],[24,56],[-2,46],[27,140],[26,80],[17,-39],[33,96]],[[26835,33696],[62,1]],[[26877,33388],[-6,-41]],[[26871,33347],[-32,-89],[-7,13],[-27,-68],[-15,-89],[-11,-22],[-14,-66]],[[26765,33026],[-19,145],[-29,-56]],[[26717,33115],[-7,202]],[[22474,38038],[155,1]],[[22629,38039],[1,-498]],[[22630,37541],[0,-166]],[[22630,37375],[-155,-2]],[[22475,37373],[-2,334]],[[22473,37707],[1,331]],[[23711,26617],[0,263]],[[23775,26881],[-2,-58],[5,-109],[-5,-57],[10,-126],[-5,-74],[3,-72],[-9,-46],[12,-44],[-2,-65],[10,-91],[-3,-129],[5,-89],[12,-66],[8,-78],[-5,-33],[16,-57],[5,-86],[20,-40],[21,-172]],[[23711,25311],[0,374]],[[23711,26258],[0,359]],[[26292,33714],[66,-13],[78,-8]],[[26436,33693],[4,-52],[-3,-97],[-18,-9],[-7,-105],[4,-126],[1,-197],[-13,-47],[1,-82]],[[26386,32876],[-8,77],[-23,57],[-5,62],[-11,8],[-25,191]],[[26305,33565],[-15,150]],[[25914,33128],[10,77],[18,88],[15,26],[1,58]],[[25958,33377],[42,-28]],[[26000,33349],[-5,-235],[6,-71],[12,-25]],[[26013,33018],[-5,-60],[-2,-143]],[[26006,32815],[-16,-72],[-19,28],[-15,-41],[-21,-2]],[[25935,32728],[-21,400]],[[18969,52000],[-27,-9],[-52,0],[-1,-125],[-8,-17],[-12,-98],[1,-125],[-12,-13],[-9,-105],[-26,-53],[-20,-140]],[[18803,51315],[0,411],[-35,2],[-1,990]],[[21599,33517],[150,-1]],[[21749,33516],[0,-842]],[[21749,32674],[0,-4]],[[21749,32670],[-150,0]],[[15834,36181],[12,17],[37,-193],[26,-12],[14,-66],[10,-86],[112,187]],[[16045,36028],[1,-522],[15,-34],[8,-82]],[[16069,35390],[-109,5],[-20,-41],[-29,0]],[[15911,35354],[-4,61],[-15,10],[-1,54],[-10,114],[-6,169],[-23,91],[-8,83],[-13,24]],[[15831,35960],[-1,13]],[[15830,35973],[8,129],[-4,79]],[[24723,19604],[0,11]],[[24536,20412],[21,168]],[[24727,19720],[0,87],[-12,75],[-11,-109],[-15,21],[-15,-60],[-7,-108],[-7,-2],[-3,-80],[-8,4],[-5,-93],[-8,21],[-36,-118],[-13,131],[-17,83],[-14,-20],[-8,65],[-7,-50],[-18,70],[-24,12],[-20,55],[-14,90],[12,12],[8,99],[7,-10],[11,-97],[9,7],[1,-105],[10,-11],[3,111],[-4,67],[-24,107],[-1,74],[-10,17],[-4,65]],[[24395,23394],[-11,-141],[17,-89],[1,-60],[-21,-75]],[[24381,23029],[-7,-56]],[[24374,22973],[1,46]],[[24375,23019],[-1,96],[-17,-1]],[[24357,23114],[6,113],[-4,60],[11,102],[-8,39],[-29,54],[-7,56]],[[24326,23538],[-7,68],[-1,100],[5,41],[16,-3],[-19,94],[-2,81],[10,59],[5,-103],[20,-22],[2,65],[-19,15],[6,109],[-10,46],[-3,70],[5,75],[9,34],[11,-66],[8,55],[-2,71],[5,105],[17,-12],[9,63],[16,-20]],[[27243,30972],[11,-3]],[[27254,30969],[79,-27]],[[27373,30316],[-161,1]],[[27212,30317],[6,34]],[[17950,26307],[9,36],[20,-18],[25,55],[-1,65],[17,103],[1,130],[-14,219]],[[18007,26897],[69,4],[0,828],[87,0],[0,-165],[173,-1]],[[18336,27563],[1,-329],[0,-834],[-1,-500]],[[18336,25900],[0,-889]],[[18336,25011],[-116,248],[-139,295],[-157,325],[6,129],[-5,106],[13,48],[12,145]],[[26169,20512],[30,17],[9,-26],[-4,-80],[-13,2],[-22,87]],[[26357,21144],[9,-42],[13,25],[9,-44]],[[26388,21083],[27,-70],[-2,-82],[-22,8],[-8,49],[-11,-37],[-12,1],[-33,-127],[-64,-209],[3,90],[-12,4],[-17,-118],[-10,-23],[-30,12],[-28,-53]],[[26169,20528],[4,44],[27,125],[19,5],[6,54],[-10,180],[10,98],[-2,35]],[[26810,20788],[5,0]],[[26815,20788],[-5,0]],[[26699,20785],[111,3]],[[26810,20788],[-8,-111],[3,-41],[-5,-88],[0,-113],[-4,-58],[9,-33]],[[26805,20344],[-11,-97],[-2,-133],[-8,-47],[-6,-110],[-9,-85],[-28,-105]],[[26741,19767],[-2,82],[-12,169],[-20,32],[-5,60],[-24,110],[-4,84],[2,81],[-2,106]],[[5815,5062],[43,12],[16,106],[1,31],[15,86],[11,19],[14,-120],[0,-40],[12,-127],[11,-63],[-4,-39],[3,-95],[6,-4],[11,-81],[4,49],[16,-109],[3,-91],[12,-65],[-16,-74],[-3,47],[-21,-52],[-25,94],[-17,-5],[-9,23],[-20,-28],[-17,1],[-8,142],[-9,43],[-2,57],[-14,103],[0,104],[-13,76]],[[16085,38278],[12,60],[19,47],[7,-34]],[[16123,38351],[16,-44],[23,49],[9,-48],[18,3],[27,251],[21,67],[5,60],[17,55],[17,90],[23,52],[178,2]],[[16478,38600],[0,-100]],[[16478,38500],[1,-87]],[[16479,38413],[-40,0],[-11,-69],[-40,-17],[-30,11],[-10,-119],[-12,-66],[-18,-27],[-18,53],[-22,104],[-13,15],[-22,-57],[-3,-47],[-22,22],[-6,-48],[-26,-74],[-1,-93],[-9,-34],[-15,-232]],[[16161,37735],[-95,44]],[[25995,22464],[5,42],[2,125],[19,-2],[4,-83],[33,-4],[5,165]],[[26063,22707],[33,-2],[0,-83],[14,-1],[-1,-416]],[[26109,22205],[-14,0],[0,-249],[-102,7],[-9,-58],[-22,1],[-8,-41]],[[25954,21865],[3,77],[18,17],[14,94],[-13,285],[12,52],[7,74]],[[25721,31160],[-2,-518]],[[25719,30642],[-104,13]],[[25615,30655],[-4,1]],[[25611,30656],[0,90],[5,202],[-3,88],[1,369],[2,78]],[[6432,1541],[4,100],[19,115],[12,12],[13,151],[16,86],[3,102],[-12,93],[-7,94],[-4,135],[4,106],[14,32],[23,-57],[9,-71],[20,-69],[18,-88],[9,19],[33,-70],[44,-140],[29,-136],[23,-158],[3,-55],[-2,-193],[24,3],[7,-90],[0,-98],[21,-132],[25,-80],[-2,-91],[-19,-121],[-23,-125],[-28,-73],[-16,-72],[-18,-34],[-19,29],[-9,-14],[-14,-93],[-20,-58],[-9,-68],[-15,-27],[-15,-109],[1,-49],[-12,-108],[-1,-51],[-16,-88],[-19,84],[-10,21],[-11,62],[-22,45],[-11,155],[9,440],[-5,123],[-12,163],[-9,215],[-15,91],[2,38],[-10,104]],[[23259,26768],[9,-458]],[[23268,26310],[-45,106],[-14,-12],[-22,89],[-3,40]],[[23184,26533],[-14,69],[11,203],[23,0]],[[26488,21645],[0,-340]],[[26488,21305],[-45,-19],[-27,-92],[-8,-94],[-20,-17]],[[26730,24747],[78,448]],[[26886,24782],[-26,-80],[-21,-111],[-6,-5]],[[26833,24586],[-15,-68],[-24,24],[-5,-23]],[[26789,24519],[-9,-5],[-17,59],[-11,1],[-14,73]],[[25884,40904],[0,56],[106,7]],[[25990,40967],[0,-54]],[[25990,40913],[0,-304]],[[25990,40609],[-106,-6]],[[25884,40603],[0,301]],[[25410,23398],[-8,-58]],[[25402,23340],[-14,-35],[-85,-1],[0,-56],[-29,0]],[[25274,23248],[-5,613]],[[25269,23861],[-4,500]],[[15809,36675],[10,4],[3,138],[-13,98],[3,43],[-15,143],[-14,86],[-2,63],[-11,73],[0,46],[-21,77],[-7,73],[5,132]],[[27242,38937],[28,84],[13,0],[10,85],[18,52]],[[26736,31638],[12,-40],[1,-55],[13,-13],[13,-81],[1,-40],[13,-40],[9,-110],[12,-45]],[[26810,31214],[-3,-120],[-8,-26],[-10,-99],[3,-61],[-17,-104],[-3,-44],[13,-50]],[[26758,30660],[-12,100],[1,75],[-21,128],[-1,150],[-14,-21],[-18,196]],[[26693,31288],[2,44],[-9,139],[4,79],[9,-6],[23,113],[14,-19]],[[22897,22186],[96,331]],[[22993,22517],[15,-67]],[[23008,22450],[-9,-108],[25,-27],[11,-35],[14,-116],[17,-61],[10,-105],[11,-61],[-5,-91]],[[23082,21846],[-21,-44],[-12,-6],[-21,-54],[-19,-4],[-22,-49]],[[27192,25870],[3,37],[42,165]],[[27305,25368],[-15,22],[-54,-270]],[[27236,25120],[-7,195],[-5,82]],[[21698,24271],[1,832]],[[21722,25103],[101,-1]],[[21823,25102],[-2,-745]],[[21821,24357],[-9,18],[-2,-273],[-112,-11]],[[23402,26869],[7,41]],[[23409,26910],[9,5],[23,73],[19,-1],[23,-136],[12,-40]],[[23495,26811],[13,-106],[14,-43]],[[23522,26662],[-120,-4]],[[23402,26658],[0,211]],[[24847,26614],[66,10]],[[24913,26146],[-15,-90]],[[24819,25699],[-49,1],[0,166],[-58,1],[0,164]],[[24712,26031],[13,2],[19,61],[7,64],[23,50],[8,-5],[18,66],[10,3],[17,90],[6,152],[14,100]],[[27205,38128],[15,45],[29,-87],[18,36]],[[27267,38122],[16,-136],[-1,-98],[15,-99],[2,-151],[23,-93]],[[27322,37545],[-14,-88],[-17,-73]],[[27291,37384],[-22,-11],[-9,25],[-45,28],[-15,120]],[[27200,37546],[-7,114],[7,291],[-2,128],[7,49]],[[27998,39305],[9,8],[16,-38],[27,-5]],[[28050,39270],[34,-97]],[[25844,23019],[56,0]],[[25900,23019],[42,-2]],[[25942,23017],[-1,-550],[54,-3]],[[25954,21865],[-1,-229]],[[25953,21636],[-54,124],[-35,62],[-23,23]],[[25841,21845],[1,226],[2,948]],[[27361,39442],[17,26],[6,139],[7,52]],[[27391,39659],[88,1]],[[27479,39660],[27,0]],[[27506,39660],[7,-78],[0,-82]],[[27513,39500],[-13,-15],[-15,-126],[7,-147],[-6,-32]],[[27600,38184],[53,50],[9,189],[10,82]],[[27672,38505],[14,-74],[-3,-75],[77,-119],[28,-2],[15,-18]],[[27803,38217],[2,-13]],[[27728,37644],[-9,48],[-11,-44],[-11,88],[-11,53],[-15,-195],[-9,-166],[-46,-175],[-25,29],[-36,-163]],[[27555,37119],[17,261],[-26,323]],[[27546,37703],[12,93],[30,4],[8,181],[-3,108],[7,95]],[[26303,37050],[32,150],[12,80]],[[26347,37280],[7,38]],[[26354,37318],[9,-123],[18,-95],[5,-182]],[[26397,36774],[-61,-149],[-1,-25]],[[26307,36750],[-4,300]],[[26994,31407],[30,28],[12,-51],[8,-68],[31,-167],[0,-135]],[[27075,31014],[-69,17]],[[27006,31031],[-16,8],[-14,-29],[-8,14]],[[26968,31024],[2,179],[8,42],[16,162]],[[19924,36954],[38,0],[0,699]],[[19962,37653],[0,1047]],[[19991,38773],[12,-158],[16,-37],[6,-67],[58,0],[22,-107],[6,-65],[16,-69],[29,-27],[17,129],[24,-3],[16,-88]],[[20213,38281],[13,-9],[7,-64],[17,-94],[12,34],[13,-11],[14,-77],[-20,-113],[-5,2],[-1,-187],[-6,-74],[3,-64],[14,-31],[10,-131],[-1,-107],[28,-171]],[[20311,37184],[-210,5],[0,-531]],[[20101,36658],[-158,1]],[[16194,39031],[9,44],[17,5],[49,67],[22,126],[27,9],[12,-111],[8,-36],[140,-2]],[[16123,38351],[0,373],[3,79],[13,21],[4,64],[14,44],[9,77],[11,25],[17,-3]],[[28411,38081],[7,-33]],[[16021,34269],[18,10]],[[16039,34279],[18,87],[7,73],[12,-1],[8,-42],[57,1]],[[16141,34397],[-6,-65],[13,-26],[13,-146],[58,-162],[4,-22]],[[16223,33976],[88,-481],[2,-304],[-19,-27],[-4,-90]],[[16290,33074],[-11,-14],[4,-101],[-15,-10],[-30,173],[-15,35],[-9,-69],[-25,-7],[0,101],[-42,232],[-14,117],[-24,91],[3,105],[-13,89],[-12,0],[-17,57],[5,73],[-9,78],[-6,-13],[-26,150],[-7,17],[-6,91]],[[28284,35817],[-7,-124],[11,-121],[-11,-26]],[[28161,35725],[-11,39],[5,57],[-19,77]],[[28136,35898],[27,299]],[[26545,34576],[14,-55],[21,-1],[13,-75],[14,-43],[17,-15]],[[26543,33875],[-22,76],[-7,140],[-13,34],[-10,67],[-7,195]],[[19531,27242],[140,-2],[26,-13],[125,0]],[[19822,27227],[38,-2],[9,-232],[-5,-42],[1,-119],[5,-57],[14,-21],[4,-79],[-2,-110],[14,-143],[2,-109],[-5,-180],[35,-42]],[[19932,26091],[-88,-2],[0,-166],[-85,-1],[-1,-833],[4,0],[0,-411]],[[19762,24678],[-86,-1],[0,412],[-3,0],[0,833],[-31,0],[0,166],[-57,-1],[-1,332],[-53,1]],[[19531,26420],[0,822]],[[20815,32981],[120,-1]],[[20935,32980],[0,-83],[59,-1],[0,-168],[120,0],[-3,-166],[0,-495]],[[21111,32067],[-1,-165],[0,-488],[-3,-14],[-69,0]],[[21038,31400],[0,63],[-24,1],[-71,722],[-12,-38],[-97,-5]],[[20834,32143],[-6,151],[11,81],[-4,274],[-20,253],[0,79]],[[27426,32284],[4,378]],[[27430,32662],[55,-9]],[[27485,32653],[9,30],[13,-88],[7,-83]],[[27514,32512],[4,-20],[4,-131],[-7,-49],[-23,-81],[-1,-69],[5,-88]],[[27496,32074],[-48,196],[-22,14]],[[20198,41041],[7,-35],[4,-91],[23,-24],[11,85],[13,-124],[30,-13],[20,41],[7,-63],[29,14],[28,64],[13,-8],[23,67],[2,125],[12,40]],[[20420,41119],[14,-42],[-3,-82],[13,-117],[19,-68],[7,-109],[6,-13]],[[20476,40688],[-6,-120],[2,-75],[9,-23],[-1,-205],[-12,-87],[2,-115]],[[20470,40063],[-7,-78],[3,-76]],[[20466,39909],[-13,-88],[-17,-5],[-7,-33],[-18,21],[1,-114],[-11,-72]],[[20401,39618],[-28,-19],[-10,68],[-7,156],[-13,71],[-19,38],[-14,97],[-40,-1],[-11,20]],[[20205,40048],[-3,148],[0,337],[2,310],[-6,0],[0,198]],[[24732,32556],[24,226],[12,30],[8,104],[8,32]],[[24777,33513],[7,88],[3,97],[9,69]],[[24848,33306],[1,-744]],[[24757,32557],[-25,-1]],[[24653,38159],[10,-87],[12,-37],[11,11],[26,177]],[[24712,38223],[19,-23],[20,-60],[10,-1]],[[24761,38139],[45,-142],[-1,-83]],[[24633,37597],[-11,-85],[-11,-18],[-29,-97],[-13,25]],[[24569,37422],[1,616]],[[26639,27672],[71,93]],[[26742,27521],[5,-83],[-23,-68],[-13,-169]],[[26711,27201],[-15,-38],[-28,34]],[[26668,27197],[-32,-25]],[[26636,27172],[3,500]],[[24165,25882],[0,166]],[[24165,26048],[39,-4],[51,202],[7,69]],[[24262,26315],[27,-70],[12,-78],[-4,-92],[8,-174]],[[24305,25901],[-12,-122],[-14,-117],[-4,-158],[-4,-39]],[[24271,25465],[-20,0],[-13,-35],[-5,35],[-40,1]],[[24193,25466],[0,83],[-28,166],[0,167]],[[22609,20651],[15,104],[19,98]],[[22643,20853],[11,-57],[-1,-56],[17,-97],[12,-109],[29,-79]],[[22711,20455],[-58,-520]],[[22653,19935],[-79,3],[-3,121]],[[22571,20059],[-24,204],[-14,-6],[-11,93]],[[22799,22558],[13,-33],[32,-530]],[[22794,21891],[-10,32]],[[22784,21923],[-18,77],[-30,37],[-15,42],[-26,-76],[-34,-27],[-10,50],[-11,158],[-19,137],[-10,-35],[-16,27]],[[26741,43287],[26,-43],[10,-74],[19,-73],[23,-4],[15,125],[14,-89],[18,3],[-2,-57],[-33,-19],[-11,-26],[-21,0],[-4,-42],[-18,-17]],[[26777,42971],[-83,0],[-1,83],[-21,-2]],[[26672,43052],[0,227]],[[13117,70761],[10,121],[14,-134],[-8,-81],[-16,94]],[[12979,71438],[20,103],[24,-67],[-25,-96],[-19,60]],[[12981,72065],[24,30],[8,75],[38,54],[7,89],[18,88],[28,-2]],[[13104,72399],[-3,-32],[70,-129],[-8,-100],[12,-97],[7,-197],[71,24],[30,-113],[83,-197],[24,-83]],[[13390,71475],[-7,-90],[21,-113],[6,-95],[-25,-104],[-29,-20],[-12,42],[-23,-49],[-16,-79],[-13,-19],[21,-213],[-46,33],[-35,131],[-3,-69],[-47,-27],[-20,-142],[10,-58],[-7,-54],[-32,-125],[21,-107],[-12,-86],[4,-101],[-13,-26],[-13,46],[-9,-96],[-31,-51]],[[13080,70003],[-10,210],[12,-8],[2,121],[31,13],[-6,77],[13,61],[-6,79],[8,68],[21,17],[3,57],[-7,121],[2,212],[42,35],[-14,74],[-18,-71],[-22,-20],[-3,-94],[-13,-33],[-14,96],[-16,-15],[23,-105],[-15,-38],[-20,-6],[19,-138],[7,-125],[-40,-12],[-12,-91],[3,-49],[-18,-23],[-8,64],[11,84],[-23,48],[1,125],[-15,86],[-16,-14],[-9,41],[-16,-87],[-22,212],[7,44],[-6,92],[12,49],[20,-3],[8,110],[12,80],[27,27],[16,-84],[-6,-135],[19,-4],[-10,90],[7,112],[-7,61],[8,43],[-12,92],[-4,74],[39,-65],[5,-99],[16,3],[-9,110],[-41,135],[-2,128],[-32,16],[-24,49],[9,130],[-6,35]],[[12838,71378],[18,142],[14,45],[23,7],[13,-29],[21,31],[22,-30],[13,-102],[-15,-73],[6,-138],[-20,-41],[-40,-46],[-22,109],[-32,79],[-1,46]],[[18873,55865],[37,0],[1,661],[0,663],[1,159]],[[18912,57348],[146,2]],[[19058,57350],[-2,-161],[0,-663],[-1,0],[0,-661]],[[19055,55865],[-20,0],[0,-165],[-162,-2]],[[18873,55698],[0,167]],[[16039,36558],[-1,49],[13,60],[2,80],[16,126],[17,-53],[19,-7],[21,46],[13,-15],[13,20],[31,85],[10,1]],[[16193,36950],[9,-142]],[[16202,36808],[16,-262],[3,-21]],[[16045,36028],[6,57],[-12,49],[7,98],[-7,100],[6,78],[-7,51],[1,97]],[[17958,50102],[9,98],[16,90],[-19,90],[-13,101],[-21,77],[1,145],[34,-79],[10,92],[18,73]],[[17993,50789],[11,25],[27,-79],[18,-73],[6,-60],[18,39],[9,86],[31,61],[15,76],[4,59],[15,68],[6,76],[15,-15]],[[18168,51052],[5,-72],[32,-105],[2,-39],[-10,-118],[17,-12],[4,-64],[-7,-47],[3,-94],[11,-27],[-1,-122],[16,-94],[-3,-30],[28,-151],[4,-100],[15,-75],[20,-63],[2,-189],[-15,-35],[12,-146],[9,-53],[18,-34],[5,-67],[26,73],[18,-68],[22,-110],[10,-97],[3,-115],[-9,-36],[14,-66],[6,-93],[3,-119],[29,-104],[16,-79],[8,35]],[[18481,48536],[0,-278],[-50,7]],[[18340,48263],[-5,163],[-18,122],[-13,138],[-14,-62],[-43,52],[-14,48],[-31,37],[-8,56],[-21,80],[-24,136],[-24,225],[-13,-44],[-22,31],[8,149],[-2,70],[-11,-1],[-12,-75],[-17,-56],[-13,-230],[-13,-41],[-5,-74],[-18,-16],[-13,-54],[-11,35],[2,52],[-19,77],[-14,-22],[-29,180],[2,121]],[[26856,27327],[2,-29]],[[26858,27298],[-8,0],[-22,-80],[-9,-110],[-23,-56],[-11,-55],[-12,0]],[[26773,26997],[-13,-58],[-5,58],[6,136],[-28,47],[-22,21]],[[24278,23651],[0,898],[1,249]],[[24279,24798],[28,0],[4,85]],[[24311,24883],[10,-26],[21,-146],[13,-1],[17,84],[6,87],[15,-1],[0,-166],[6,0]],[[24326,23538],[-25,54],[-13,-132],[-9,96],[-1,95]],[[28329,39658],[3,0]],[[28332,39658],[67,0]],[[28399,39658],[-23,-206],[28,-64],[26,-166],[-12,-138],[-5,-124]],[[28413,38960],[-1,-1]],[[28412,38959],[-80,-254]],[[28332,38705],[-8,52],[-16,37],[-6,74],[-14,-6],[-17,41]],[[28271,38903],[17,275],[-2,61],[7,77],[8,151],[11,22],[17,169]],[[18132,57351],[104,-2],[191,1],[227,1]],[[18654,57351],[1,-162],[0,-663],[2,-169]],[[18657,56357],[-13,11],[-97,0],[-1,-331],[-214,1]],[[18332,56038],[-10,58],[13,58],[-5,101],[-16,-6],[-18,74],[3,167],[-22,71],[-15,-18],[-42,75],[2,73],[12,128],[-17,102],[2,86],[-24,71],[-32,-73],[-10,70],[-18,67],[12,37],[-15,172]],[[27496,32074],[12,-39],[25,-20],[-2,-63],[34,-186],[8,-147]],[[27573,31619],[-32,-3]],[[27541,31616],[-35,-2],[-88,8]],[[27418,31622],[-1,73],[-8,244],[17,345]],[[15809,55927],[5,87]],[[15814,56014],[263,-3],[123,0]],[[16200,56011],[-3,-34],[26,-174],[3,-46],[-16,-43],[4,-44],[-18,-81],[-28,-32],[-10,-35],[10,-81],[-13,-82],[-5,-106],[13,-106],[18,-31],[-14,-89]],[[16167,55027],[-93,1],[-36,-7],[-114,-3],[-112,5]],[[15812,55023],[0,55],[15,76],[9,195],[22,42],[3,94],[-35,147],[-6,72],[-1,151],[-7,30]],[[15812,55885],[-3,42]],[[28413,38960],[18,29],[22,-35],[9,20],[30,-22]],[[28492,38952],[8,-62],[17,-6],[0,-91],[27,-100]],[[28490,38534],[-16,-2],[-14,70],[-3,77],[-20,102],[-14,15],[-16,134],[5,29]],[[26339,27802],[4,31],[38,61]],[[26381,27894],[22,-167],[-6,-51],[4,-68],[0,-92]],[[26401,27516],[1,-62],[-10,-54],[-3,-67],[-18,2]],[[25304,21561],[28,30],[23,18],[5,55],[14,-66],[-35,-2],[-35,-35]],[[25402,23340],[10,-32],[-11,-121],[8,-28],[-4,-194],[4,-75],[-9,-72],[0,-51],[10,-67],[-12,-30],[-11,-110],[5,-134]],[[25392,22426],[-20,-211],[0,-84],[-5,-36],[-2,-253],[-9,-122],[-15,8],[2,87],[-32,43],[-10,37],[-16,-67]],[[25285,21828],[-5,698]],[[25280,22526],[-4,501]],[[25276,23027],[-2,221]],[[28085,39662],[68,0]],[[28153,39662],[176,-4]],[[28271,38903],[-12,-6]],[[28259,38897],[-10,24],[1,171],[-10,45],[-2,81],[-9,9]],[[28229,39227],[-11,45],[-3,87],[10,2],[1,79],[-13,19],[-15,-55],[-20,33],[-3,29]],[[28175,39466],[-16,94],[-26,51],[-23,-106],[-4,-40],[-18,33]],[[28088,39498],[4,120],[-7,44]],[[27714,35926],[-39,72],[-21,-120],[-7,-69],[-29,-103]],[[27618,35706],[-4,24],[-31,-121],[-21,59]],[[27562,35668],[-13,35],[-8,87]],[[27621,35922],[9,8],[-4,66],[-5,-74]],[[15960,36504],[13,-84],[22,9],[16,66],[5,65],[23,-2]],[[15834,36181],[-14,14],[-12,54],[-1,59],[13,28],[-1,57],[19,6],[9,94]],[[22399,43510],[127,2]],[[22526,43512],[1,-497]],[[22527,43015],[0,-166]],[[22527,42849],[-126,1]],[[22401,42850],[-2,0]],[[22399,42850],[0,660]],[[23316,25195],[133,5]],[[23449,25200],[0,-557],[13,-1]],[[23462,24642],[-5,-93],[5,-47],[-10,-61],[9,-215],[7,-109],[14,-82]],[[23444,23842],[-16,80],[-11,2],[0,95],[-13,40],[-9,86],[-9,-28],[-18,43]],[[28051,46620],[2,-296],[-2,-167]],[[28051,46157],[0,-76]],[[27897,46042],[-16,18],[9,126],[-3,211],[19,45],[38,65],[60,87],[41,33],[6,-7]],[[29320,41710],[35,10]],[[29355,41720],[10,-36]],[[29364,41309],[-6,9],[-40,-72],[-4,26]],[[29314,41272],[23,42],[5,76],[-18,103],[-9,86],[-9,17]],[[26975,34416],[15,58],[4,-23],[18,79],[13,20]],[[27025,34550],[20,-6],[10,19],[8,122],[31,58]],[[27128,34392],[-16,-56]],[[27112,34336],[-14,-76],[-17,-47],[-12,23],[-25,-42],[-8,-37],[-1,-73],[-25,-50],[-29,-84],[-7,-34]],[[26974,33916],[-7,135],[-14,184]],[[26953,34235],[10,33],[15,-11],[5,34],[-8,125]],[[17164,40193],[67,1002]],[[17231,41195],[15,222],[64,1],[0,681]],[[17310,42099],[120,0]],[[17430,42099],[-3,-103],[1,-1223],[-2,-440],[3,-4],[0,-836],[-1,-493],[-2,-407]],[[17426,38593],[-203,3],[-124,-133]],[[16981,57354],[214,0]],[[17195,57354],[0,-147],[-19,0],[0,-165],[-18,0],[0,-179],[-18,-1],[0,-165],[36,0],[0,-797],[-1,-197],[18,0],[0,-167]],[[17193,55536],[-28,2],[1,-482],[-12,-4],[-14,78],[-19,42],[-16,-56],[-19,-2]],[[16941,55245],[-2,147],[-14,98],[11,50],[24,-16],[11,47],[-2,134],[14,44],[-1,102],[15,107],[-9,97],[-8,172],[-1,116],[8,89],[7,6],[13,254],[-8,199],[-22,249],[-2,93],[6,121]],[[17254,48394],[14,-81],[18,40],[13,-94],[7,34],[16,-11],[1,-87],[13,-11],[8,-74]],[[17344,48110],[-13,-112],[-10,-16],[2,-70],[10,-53],[-13,-269]],[[17308,44005],[-167,-3],[-160,-3]],[[16981,43999],[1,532],[-5,0],[-1,1218],[-3,0],[0,828],[-1,0],[0,821],[1,497]],[[7905,77030],[18,96],[4,93],[23,-46],[-1,-82],[-29,-119],[-15,58]],[[8390,79941],[-1,-215],[81,0]],[[8470,79726],[25,-16]],[[8495,79710],[0,-60]],[[8495,79650],[0,-24]],[[8495,79626],[0,-28]],[[8495,79598],[0,-323]],[[8495,79275],[-2,-76]],[[8493,79199],[0,-79],[28,0],[0,-551],[-6,-122],[0,-236],[-24,-33]],[[8491,78178],[-21,68],[-15,-8],[-16,-54],[-17,89],[-20,-33],[-37,21],[0,33],[24,120],[-7,20],[-29,-51],[-16,-117],[-4,-73],[-18,-20],[-11,305],[-8,82],[-16,-11],[-4,-156],[15,-73],[-26,-123],[-24,-58],[-6,-106],[-20,18],[-1,140],[-24,-122],[-15,-23],[11,-283],[-33,70],[-9,58],[-16,-36],[15,-67],[-4,-91],[-31,-38],[-10,29],[-9,-183],[-23,-31],[-17,-129],[-16,-4],[3,-96],[-28,-83],[-2,67],[17,73],[-11,27],[6,76],[22,124],[-8,22],[-25,-63],[-6,-86],[-15,-104],[-30,169],[-20,-15],[23,-92],[0,-90],[-22,-55],[-22,15],[-9,-93],[-20,-34],[-9,-77],[-14,-18],[12,-77],[-15,-63],[-30,113],[-16,-74],[1,-47],[-19,-52],[-27,46],[-11,-33],[-21,67],[-15,16],[-23,-54],[-2,-55],[-26,-59],[-38,-7],[-1,74],[-30,20],[-32,82],[-4,113],[8,61],[24,30],[-1,119],[64,118],[23,-30],[18,27],[18,112],[70,127],[-5,62],[27,64],[-1,44],[27,120],[7,69],[-28,-20],[-31,-99],[-38,-96],[-24,-26],[-19,-71],[-42,30],[-45,113],[-19,122],[21,209],[10,56],[12,187],[28,164],[28,95],[27,129],[7,70],[5,215],[23,57],[8,299],[-19,74],[-8,125],[-13,128],[39,59],[14,55],[31,6],[27,50],[107,300],[64,136],[16,-27],[14,-110],[27,-124],[48,-33],[20,28],[27,131],[24,2],[27,-45],[7,-40],[22,22],[38,-64],[72,-28],[38,-79]],[[7540,78985],[21,52],[12,116],[-1,84],[12,73],[25,-55],[-16,-41],[-24,-133],[7,-46],[-36,-50]],[[7385,78644],[16,14],[9,-107],[-10,-6],[-15,99]],[[7215,76147],[-15,-2]],[[7200,76145],[15,2]],[[7125,77138],[43,73],[20,-76],[-4,-69],[-42,-34],[-17,106]],[[7162,80056],[0,496],[-12,0],[0,496],[135,0]],[[7285,81048],[245,0],[220,0],[0,-331],[100,0],[0,-119]],[[7850,80598],[-27,-87],[-27,-187],[-40,-29],[-9,-38],[-41,2],[-37,-104],[-41,-155],[-8,-75],[26,-200],[-16,-17],[-24,23],[-19,-34],[-34,-108],[-17,-127],[-45,-104],[-20,-127],[7,-107],[19,-47],[-37,-79],[-6,-91],[-60,-156],[-31,39],[-12,-90],[24,-75],[5,-65],[24,-82],[-7,-117],[-23,-102],[-8,-97],[-27,-67],[-64,10],[-44,-58],[13,-83],[16,47],[19,2],[9,-46],[-16,-198],[-30,-97],[-52,-65],[-13,81],[2,130],[-18,-29],[-6,-124],[-7,-28],[-37,15],[19,-107],[-8,-67],[-38,-5],[-15,-51],[20,-115],[-7,-55],[-26,-33],[-22,-1],[-14,-64],[-42,-33],[23,-68],[-25,-54],[-11,-196],[-22,-59],[-9,-78],[24,-14],[-7,-112],[10,-64],[12,6],[16,78],[58,-35],[19,47],[23,-6],[26,-133],[25,-43],[10,30],[34,-140],[9,-1],[4,-134]],[[7197,76145],[-90,0],[0,-220],[-50,0],[0,-166],[-138,0]],[[6919,75759],[-92,0],[0,166],[-14,0],[0,661],[-15,0],[0,330],[94,0],[0,331],[80,0],[0,165],[48,0],[0,331],[47,0],[0,165],[35,0],[0,661],[36,0],[0,661],[36,0],[0,661],[-12,0],[0,165]],[[21125,24938],[73,0],[0,165]],[[21198,25103],[74,-3]],[[21272,25100],[0,-827]],[[21272,24273],[-148,-1]],[[28347,32574],[21,126]],[[28368,32700],[3,-30],[34,-119],[-2,-87],[22,-40],[19,34],[8,-35],[-5,-124],[11,-5],[18,82],[13,-68],[-3,-54],[8,-45],[19,135],[13,-37]],[[28526,32307],[-5,-16],[-4,-127],[-15,-134]],[[28502,32030],[-39,-116],[-49,153],[-3,-12]],[[26208,26096],[48,-1],[0,-46],[60,1]],[[26316,25926],[-9,-27],[-13,-159],[-31,-21],[-15,-59],[-10,-3]],[[26230,25910],[-18,132],[-4,54]],[[16095,53706],[19,-20],[8,23],[54,-187],[17,-152],[109,2],[1,-165],[35,-2],[-1,-165],[150,-2]],[[16517,51710],[-212,1],[-250,5]],[[16055,51716],[0,657]],[[19055,55865],[36,0],[0,166],[217,-1],[2,-161],[31,0],[0,-169],[54,3]],[[19395,55703],[0,-503],[-1,-252]],[[19206,54334],[-119,0]],[[19087,54334],[0,56],[-36,0],[0,152],[-25,-2],[-52,127],[0,36],[19,169],[-120,-1]],[[18873,55422],[0,276]],[[16167,55027],[12,-78],[-3,-69],[-11,-51],[4,-151]],[[16169,54678],[-16,-13],[-32,-140],[-5,-59],[-21,-60],[-13,-65],[-4,-87],[2,-154],[26,-24],[12,-253],[-19,-13],[-12,-45],[8,-59]],[[15806,54150],[26,54],[-1,75],[-12,136],[2,42],[-10,69],[-6,112],[21,63],[-24,95],[16,134],[-6,93]],[[15775,54224],[4,171],[15,73],[9,-162],[-7,-112],[-19,-19],[-2,49]],[[24476,22362],[2,54],[11,52],[112,27]],[[24601,22495],[-17,-134]],[[24584,22361],[-21,-148],[4,-40],[0,-111],[-6,-58],[15,-182],[13,-41]],[[24589,21781],[-23,4],[-13,-49]],[[24553,21736],[-34,4]],[[24519,21740],[-3,30],[-19,3],[-5,32],[11,117],[1,168],[-3,30],[-15,-33],[5,91],[-20,78],[5,106]],[[22330,57353],[146,1],[147,0]],[[22623,57354],[0,-539],[6,-2],[0,-331]],[[22629,56482],[-109,1]],[[22520,56483],[-182,1]],[[25734,30642],[129,-2]],[[25863,30640],[2,0]],[[25865,30640],[5,-87],[-8,-37],[-7,-130],[2,-199],[-5,-35],[0,-195],[9,-64]],[[25861,29893],[6,-12],[-2,-102],[-6,-57],[-14,22],[-11,-79],[-13,-8],[-16,44],[-6,91]],[[25799,29792],[-8,67],[-10,-8],[-9,-54],[-10,65],[-11,1],[-9,-53],[-10,-9]],[[25732,29801],[2,841]],[[26592,31131],[6,59]],[[26598,31190],[51,38],[18,49],[26,11]],[[26757,30660],[-104,-15]],[[26582,30955],[10,176]],[[26428,31051],[0,36],[19,83],[7,-48],[25,15],[15,32],[7,45]],[[26501,31214],[6,-96],[14,-47],[35,75],[16,-20],[20,5]],[[26473,30633],[-54,2]],[[26419,30635],[9,416]],[[27385,34752],[15,62],[19,35],[35,89]],[[27454,34938],[-2,-56],[24,-156]],[[27476,34726],[-18,-11],[4,-73]],[[27462,34642],[9,-61],[1,-139]],[[27472,34442],[-15,-79],[-10,-22]],[[27447,34341],[-14,-70],[-16,-31]],[[27417,34240],[-26,191],[-16,92],[-6,88]],[[27369,34611],[-5,79],[21,62]],[[26992,31549],[7,0],[6,100],[14,15]],[[27115,31754],[29,59],[8,-50]],[[27152,31763],[-3,-424],[-16,-257],[-2,-81]],[[27101,31008],[-26,6]],[[26994,31407],[-6,96],[4,46]],[[21467,53504],[93,0]],[[21560,53504],[134,-1],[97,4]],[[21791,53507],[7,-61],[0,-87],[25,-217],[-5,-53],[14,-137],[11,1],[7,-70],[20,46],[-3,-86]],[[21867,52843],[26,-78],[-5,-39],[12,-76],[-10,-53],[-3,-149]],[[21887,52448],[-37,-72],[-13,15],[-13,-25],[-18,46],[-11,-26],[-6,-86],[-18,-51],[-5,-74]],[[21467,53001],[0,503]],[[21823,25102],[43,-2]],[[21986,25094],[0,-743]],[[21986,24351],[-92,2],[-73,4]],[[26886,25914],[23,38],[-8,89],[35,129],[-9,76],[13,82],[5,62]],[[26978,26530],[32,-59],[16,16]],[[27026,26487],[17,-286],[23,-107]],[[27058,25964],[-14,41],[-19,-76],[-9,-88],[-2,-77],[-18,-153],[6,-66]],[[28087,37574],[29,-181]],[[28100,36898],[-12,-2],[-9,39],[-18,143],[-2,167],[-4,40]],[[28055,37285],[5,97],[15,67],[-2,40],[14,85]],[[22384,20533],[8,57]],[[22392,20590],[11,-7],[10,39],[16,15]],[[22571,20059],[-76,-625]],[[22495,19434],[-111,260]],[[22384,19694],[0,839]],[[27858,36170],[19,38],[24,-56],[17,112],[12,17],[7,151],[10,36]],[[27951,35525],[-12,-20]],[[26513,33688],[15,-3]],[[26656,33703],[21,-119],[8,-144],[-5,-88]],[[26680,33352],[-15,-1],[-27,-114],[-17,8],[-12,-40],[-7,16]],[[26535,33365],[-4,18],[-18,251],[0,54]],[[25339,44951],[111,-7]],[[25450,44944],[0,-194],[-7,-67],[-2,-103],[9,-173],[12,-111]],[[25339,44299],[0,652]],[[25474,32257],[2,128],[18,30],[9,54],[14,-4],[7,86]],[[25524,32551],[92,-65]],[[25579,31914],[-34,-84],[-40,53],[-15,-64]],[[25490,31819],[-24,104],[8,334]],[[27131,26671],[63,260]],[[27111,26175],[-8,61],[28,435]],[[15648,54696],[-33,-275],[-11,-113],[-3,-102],[36,326]],[[15637,54532],[62,0],[0,-223]],[[15699,54223],[-19,-149],[8,-135],[-5,-80]],[[15587,53702],[-80,-5],[0,335],[-4,0],[-1,495]],[[26990,32001],[-17,85],[-7,137],[-13,-6]],[[26926,32522],[12,57],[12,124]],[[8749,81048],[150,0],[0,85],[74,0],[0,661],[-5,0],[0,660],[-6,166],[155,0],[0,495],[-3,0],[0,661],[-4,192],[-12,0],[0,403]],[[9098,84371],[46,41],[52,-12],[8,64],[267,0],[0,-165],[160,0],[0,-27],[268,0],[135,0],[3,-144],[7,-64],[27,-24],[-11,-50],[2,-71],[-37,-186],[31,-122],[-21,-207],[7,-89],[49,-7],[28,25],[40,165],[44,-54],[59,2],[0,-165],[53,0],[0,-165],[41,0],[0,-661],[-10,-89],[51,-1],[0,-406],[231,0]],[[10628,81959],[0,-560],[0,-716],[0,-804],[0,-804]],[[10628,79075],[-59,0],[0,83],[-161,0],[0,166],[-48,-1]],[[10360,79323],[0,164],[-250,-23],[-3,369],[-105,-50],[-44,-4],[0,171],[-85,0],[-1,357],[-198,0],[3,332],[-127,-1],[-146,-1],[-225,0],[-1,167],[-278,-3],[-1,82],[-150,0],[0,165]],[[28537,40420],[7,65],[36,81]],[[28580,40566],[37,80],[35,32],[44,116]],[[28696,40794],[77,-341]],[[28773,40453],[-19,-53],[2,-137],[-16,-163],[2,-114],[-23,-252],[-19,-73]],[[28671,39660],[-10,104],[-17,88],[-11,83],[-4,88],[-23,68],[-17,198],[-10,-10],[-26,33],[-16,108]],[[23977,56643],[29,-7],[71,-161],[26,6],[0,-82],[-17,-9],[-4,-61],[16,-50],[41,21],[14,-89],[-4,-94],[15,-107],[13,-144],[25,46],[-6,85],[4,103],[23,5],[12,34],[22,-18],[23,-62],[-2,-107],[32,-53],[8,-58],[18,-8]],[[24336,55833],[0,-735],[3,-413],[-1,-602],[0,-659]],[[24338,53424],[-14,-27],[-70,-262],[22,-155]],[[24276,52980],[-21,81],[-15,-63],[-19,-126],[-22,27]],[[24199,52899],[-3,191],[-211,4]],[[23985,53094],[1,496]],[[23979,55240],[0,165],[-4,171],[2,1067]],[[25527,43449],[26,-113],[18,-36],[22,-18],[18,7]],[[25611,43289],[1,-729]],[[25612,42560],[-16,-45]],[[25596,42515],[-13,-62],[-25,-45],[-8,20],[-23,-13]],[[25527,42415],[0,252]],[[22051,30174],[1,-355]],[[22052,29819],[0,-474]],[[21935,29348],[1,828]],[[24683,25905],[14,29],[15,97]],[[24773,25032],[-136,-3]],[[24637,25029],[-2,337]],[[24635,25366],[8,138],[-2,95],[22,-15],[0,74],[7,88],[-1,109],[14,50]],[[29217,48049],[52,32],[-13,514],[64,43]],[[29320,48638],[59,31],[36,37],[21,42],[9,96],[35,18]],[[29480,48862],[8,-89],[3,-137],[-10,-107],[6,-206]],[[29487,48323],[-22,-144],[-13,-274],[7,-35],[1,-179],[10,-112],[-2,-125]],[[29279,47332],[3,99],[-19,24],[-9,39],[-18,-36],[-35,218],[23,85],[-7,288]],[[27842,41929],[114,-10]],[[27957,41573],[-33,-458],[-14,-169]],[[17430,42099],[120,-1],[0,-636],[43,-1028],[47,1]],[[17640,40435],[2,-124],[-3,-130],[12,-270],[-5,-54],[1,-120],[-7,-61],[2,-159],[4,-101],[-7,-71],[-1,-85],[-10,-87],[-8,-3],[0,-577]],[[17620,38593],[-194,0]],[[5394,5926],[1,66],[11,62],[4,81],[20,64],[22,96],[17,-24],[9,35],[16,-23],[6,16],[19,-33],[13,-122],[-1,-75],[-10,-104],[1,-173],[-7,-54],[-25,-120],[-46,59],[-17,103],[-25,49],[-8,97]],[[5266,5531],[6,128],[11,66],[17,55],[4,76],[16,-2],[-8,-123],[2,-63],[-23,-56],[-13,-165],[-12,84]],[[26364,31837],[0,-21]],[[26364,31816],[0,21]],[[26359,31936],[12,87],[22,115],[10,78],[12,43],[3,94],[18,15]],[[26457,31822],[-17,12],[-14,77],[-44,16],[-16,-42],[-3,-37]],[[26363,31848],[-17,38]],[[26346,31886],[13,50]],[[28179,32951],[18,182],[8,160],[1,175],[3,58]],[[28378,32885],[11,-62],[-4,-68],[-17,-55]],[[23980,36880],[18,-42],[-3,-81],[72,-18],[3,44],[16,18]],[[24086,36801],[16,-17],[0,-79],[10,-60],[9,-140],[16,-85],[30,-2]],[[24167,36418],[-1,-309]],[[24166,36109],[-12,-67],[-13,7],[-14,-52],[-14,76],[-5,100],[-66,6]],[[24042,36179],[-61,13]],[[23981,36192],[3,305]],[[23984,36497],[1,235],[-6,1],[1,147]],[[23100,23818],[-73,730]],[[23027,24548],[124,413]],[[28312,36967],[5,-55],[18,9]],[[25780,51935],[35,-1],[0,-499],[9,0],[0,-265]],[[25824,51170],[-20,-21],[-12,-58],[-5,-97],[-10,-10],[-6,-84],[-18,79],[12,121],[24,111],[16,142],[-2,62],[-13,19],[-22,-118],[-34,50],[3,-93],[-9,-34],[-11,-141],[-17,-20],[-13,-46],[-9,40],[2,95],[-8,139],[-15,-31],[-3,-179],[-9,-61],[-18,-40],[-27,-220]],[[25600,50775],[-18,2],[1,662],[-12,1],[0,165]],[[26824,34422],[13,57],[11,8],[17,94],[0,119],[25,65],[19,80]],[[26909,34845],[3,13]],[[26912,34858],[2,-148],[22,-197],[33,-122],[6,25]],[[26953,34235],[-1,17],[-58,-8],[-11,-68],[-13,-43],[-12,19],[-7,-62]],[[26822,34267],[6,113],[-4,42]],[[26882,34316],[20,32],[-4,45],[-16,-77]],[[26286,41283],[0,297]],[[26286,41580],[96,0],[0,-83]],[[26382,41497],[0,-622],[6,-7]],[[26388,40868],[0,-1]],[[26388,40867],[-103,-3]],[[26285,40864],[1,419]],[[22957,34469],[62,0]],[[23019,34469],[147,0]],[[23166,34469],[0,-1097]],[[23166,33372],[0,-500],[-75,1]],[[23091,32873],[7,82],[-7,43],[-16,-2],[-17,78],[-13,35],[-6,89],[-17,-65],[-16,33],[4,63],[11,55],[-6,44],[-10,-50],[-16,98],[-11,-10],[-10,33],[1,76],[-9,138],[-9,29],[-14,-49],[-15,-131],[-18,-29],[-12,20],[-7,78]],[[22885,33531],[3,42],[27,46],[-3,87],[-26,-31],[-15,22]],[[22871,33697],[4,16],[-6,156],[10,33],[27,-30],[12,126],[15,-16],[4,46],[19,27],[1,414]],[[23731,46865],[90,0]],[[23821,46865],[42,0]],[[23863,46865],[0,-466]],[[23863,46399],[-132,0]],[[23731,46399],[0,466]],[[22784,15933],[6,0]],[[22790,15933],[-6,-215],[-2,-120],[0,-271],[4,-180],[7,-215],[13,-291]],[[22806,14641],[-4,-1]],[[22802,14640],[-6,89],[-18,323],[-2,99],[3,170],[-1,27],[2,216],[-3,75],[7,294]],[[22613,15802],[14,54],[26,12],[7,53],[16,21],[6,-18]],[[22682,15924],[2,-23],[23,29],[4,-66],[29,-24],[25,66],[5,-12],[-6,-179],[2,-36],[-2,-301],[-5,-267],[-5,-77],[4,-215],[6,-179]],[[22764,14640],[-117,-4],[-26,26]],[[22621,14662],[-8,8],[0,315]],[[22613,14985],[0,817]],[[23095,50842],[4,0],[0,-329],[34,-2]],[[23133,50511],[0,-328],[4,-120]],[[23040,50239],[-5,110]],[[23035,50349],[-5,58],[-36,97],[-18,4],[-14,89],[-9,123],[-20,123]],[[22933,50843],[162,-1]],[[25047,35110],[57,-10]],[[25104,35100],[7,-40],[25,-12]],[[25136,35048],[0,-146]],[[25136,34902],[-2,-2]],[[25068,34601],[-7,40],[-16,20],[-2,242],[7,84],[10,36],[-1,61],[-12,26]],[[30134,47423],[17,-4],[13,39],[28,6]],[[30192,47464],[4,-41],[29,-2],[5,-68],[-4,-85],[23,-46],[7,55],[26,-140],[-9,-68],[38,-136]],[[30311,46933],[-9,-75],[7,-109],[-18,-95],[3,-53],[-29,-33],[-12,-64],[-9,-117],[5,-52],[-12,-111],[-4,-83],[-11,-95],[-8,-20]],[[30214,46026],[-33,120]],[[30142,46944],[-3,55],[-5,424]],[[24684,52746],[13,11],[24,-45]],[[24857,52204],[0,-606],[-32,0]],[[24825,51598],[-72,-1]],[[24753,51597],[0,331],[-34,-2],[0,165],[-35,1],[1,168],[-1,486]],[[28713,36689],[11,77],[7,-41],[-18,-36]],[[28776,37102],[-13,-70],[-9,-94],[-11,-48],[-7,83],[12,20],[-3,82],[-10,-4],[-11,-113],[7,-44],[-5,-75],[-20,112],[-14,29],[-5,84],[-9,35],[-10,-27],[-23,225],[19,29],[5,51],[-12,86],[3,81],[21,-2],[8,33],[17,-86],[24,-20]],[[24429,30828],[11,25],[-8,128],[21,85],[-9,96],[-4,211],[16,62],[6,60]],[[24462,31495],[26,12],[1,-168],[59,-6]],[[24547,30940],[-1,-281],[-29,3]],[[24517,30662],[-24,3],[-16,-36],[0,-139],[-21,1]],[[25331,53921],[-19,-1],[-1,165],[-59,0]],[[25252,54085],[24,157],[68,170],[39,35],[29,7],[16,-22],[22,10],[24,-64],[-8,-65],[-20,-40],[-11,20],[-28,-15],[5,-86],[-33,-84],[-31,-158],[-17,-29]],[[25043,55198],[23,124],[52,129],[27,51],[61,174],[3,29],[33,75],[7,-19],[28,49],[1,-38],[-41,-147],[-2,-59],[-27,-98],[-51,-88],[-42,-108],[8,-67],[-41,-86],[-11,-9],[-28,88]],[[26591,35837],[21,208]],[[26650,36115],[17,-82],[13,-10],[17,-65],[18,-128]],[[26715,35830],[3,-82]],[[26642,35689],[-26,54],[-25,94]],[[20466,39909],[16,-16],[24,-106],[1,-25],[40,-55]],[[20547,39364],[-52,4],[-68,-6]],[[20427,39362],[15,79],[-4,57],[-16,15],[-5,44],[-12,-9],[-4,70]],[[24188,28193],[3,-48],[-2,-150],[5,-198],[-6,-110],[-13,-125],[0,-118],[8,-31]],[[24183,27413],[-9,-38],[-18,-8],[-8,37],[-1,64],[-13,-20],[-2,69],[-10,27]],[[24122,27544],[-7,69],[-12,-11],[-5,72],[-14,-9],[-5,110],[-12,7],[0,116],[14,7],[1,72],[-6,48],[2,54],[20,25],[19,144],[1,125]],[[25591,35218],[24,-18],[11,60],[20,4]],[[25701,34876],[-7,-99],[8,-131],[-12,-43]],[[25690,34603],[-10,8],[-21,-24]],[[25659,34587],[-19,-31],[-36,-8],[-3,61]],[[25601,34609],[-15,79],[-6,83]],[[10628,94533],[-295,3],[-279,0],[-278,0],[-260,0],[-281,0],[0,-953],[-155,0],[-265,0],[-237,0],[-269,0],[-188,0],[-180,0],[-257,0],[-267,0],[-244,0],[-216,0],[-318,0]],[[6639,93583],[0,67],[-256,0],[0,165],[-255,0],[0,165],[-268,0],[-169,0],[-271,0],[0,165],[-130,0],[0,-165],[-259,0],[0,165],[-130,0],[0,-165],[-130,0],[0,165],[-195,0],[0,-165],[-227,-1],[-268,0],[0,-330],[-244,0]],[[3837,93649],[-79,99],[-59,45],[-31,64],[-17,109],[-54,138],[-48,68],[-49,48],[-62,34],[122,141],[18,73],[1,97],[18,86],[13,440],[-10,162],[184,-47],[78,18],[299,141],[83,123],[25,73],[40,73],[35,101],[24,116],[32,100],[36,150],[22,188],[1,417],[33,310],[14,63],[78,273],[61,281],[40,133],[126,259],[121,-66],[44,4],[65,59],[78,108],[65,119],[93,224],[30,106],[84,212],[42,122],[93,105],[32,-5],[3,-57],[-44,-25],[0,-45],[41,-40],[58,9],[12,61],[78,-21],[44,15],[41,40],[93,32],[73,85],[74,139],[60,158],[90,344],[43,143],[67,125],[10,-108],[25,-10],[21,-55],[21,5],[59,-49],[-3,-32],[38,-68],[59,12],[49,-58],[14,-126],[-8,-68],[-47,-97],[-5,-51],[-72,-34],[-3,-30],[22,-175],[13,-54],[47,10],[28,-20],[33,61],[-7,166],[41,99],[31,39],[-1,115],[30,59],[22,88],[87,-158],[54,-153],[-14,-87],[9,-214],[66,-3],[25,-27],[21,-91],[51,95],[15,111],[53,23],[57,-9],[40,14],[43,52],[58,-14],[33,-40],[16,-75],[24,58],[56,0],[98,-104],[9,-51],[-30,-39],[-22,-123],[-27,-47],[15,-153],[68,-48],[-64,-23],[-7,-39],[59,-24],[48,10],[19,38],[70,-43],[-27,-108],[-24,-20],[11,-85],[85,16],[76,-73],[15,-54],[28,10],[54,156],[46,7],[74,38],[30,-45],[14,-96],[48,49],[22,-11],[69,156],[24,-46],[17,35],[38,-18],[31,39],[114,-100],[28,-76],[48,-41],[19,19],[36,-23],[31,-73],[-1,-102],[35,-11],[22,43],[27,-50],[14,50],[24,-5],[71,-120],[-19,-42],[52,-65],[38,1],[41,-36],[28,18],[32,-80],[51,1],[39,53],[52,-13],[38,23],[65,-17],[101,-86],[21,57],[64,-148],[41,-47],[11,-47],[47,-42],[24,-42],[75,-55],[21,38],[56,-30],[17,24],[34,107],[45,9],[11,34],[134,128],[62,37],[29,-37],[47,54],[78,-131],[63,-72],[76,-144],[-3,-32],[58,-81],[44,-90],[51,-79],[59,-57],[47,-81],[35,-94],[7,-82],[17,-50],[33,-4],[14,100],[55,-70],[0,-686],[0,-770],[0,-733]],[[22982,19719],[28,137],[-65,461],[-11,-1],[-3,75],[-9,32]],[[22922,20423],[44,305],[41,322]],[[25119,52433],[86,1]],[[25205,52434],[157,-1]],[[25362,52103],[0,-620]],[[25204,51660],[-15,25],[-12,-21],[-42,109]],[[25135,51773],[-16,45]],[[25119,52266],[0,167]],[[19643,50611],[91,-7],[0,55],[35,0],[0,55],[34,0],[0,506],[6,0],[0,221],[46,-1],[0,56],[24,109],[34,0],[0,111],[46,-1]],[[19959,51715],[24,0],[0,-165],[69,0],[0,-83],[35,1],[0,-83],[31,0]],[[20118,51385],[0,-74],[17,1],[0,-83],[-10,0],[0,-199],[51,-21],[1,-613],[-11,3],[0,-331],[103,-4],[33,4]],[[20302,50068],[4,0],[0,-354]],[[19847,49727],[-94,-1]],[[12381,74951],[4,-129],[44,41],[33,-24],[27,-50],[41,25]],[[12530,74814],[-68,-80],[-15,-40],[-18,8],[-5,-79],[-20,8],[-20,-55],[-20,104]],[[12364,74680],[-2,24]],[[12362,74704],[1,128],[18,119]],[[12321,75427],[6,7],[27,-205],[-10,2],[-23,196]],[[12252,76372],[64,-15],[173,-5]],[[12489,76352],[-4,-77],[22,-119],[79,-178],[37,-72],[37,-224],[42,-170],[50,-176],[-23,-82],[32,-212],[21,-94],[26,-146]],[[12808,74802],[-110,-518]],[[12698,74284],[-15,-72]],[[12683,74212],[-20,-94]],[[12663,74118],[-8,25],[-16,141],[-18,104],[4,65],[-26,32],[-35,168],[-10,218],[9,74],[-7,103],[32,73],[-21,160],[-4,-131],[-26,-98],[13,-70],[-12,-85],[-11,15],[-26,-33],[-57,74],[-30,1],[-27,135],[10,33],[2,127],[-26,-16],[-16,236],[-42,222],[-12,113],[12,49],[3,151],[-18,54],[-4,-94],[-34,133],[-10,188],[0,87]],[[26791,36309],[14,67],[30,-59],[26,-99],[35,-70]],[[26804,35837],[-2,149],[-11,44],[-5,79]],[[26786,36109],[12,103],[-7,97]],[[19903,27753],[137,2],[131,-5],[77,1],[28,8]],[[20276,27759],[0,-171],[7,0]],[[20283,27588],[2,-644]],[[20285,26944],[-153,-438],[0,-83],[-114,1],[0,-333]],[[20018,26091],[-86,0]],[[19822,27227],[0,528],[18,-7],[63,5]],[[25769,36078],[16,47],[3,103],[15,-8],[8,37],[-5,60],[0,114],[9,34]],[[25815,36465],[29,-144],[40,-178],[26,-149]],[[25875,35603],[-21,-13],[0,-46],[-27,26],[-15,87],[-9,-61],[-16,-49]],[[25774,35733],[-11,250],[6,95]],[[25861,29893],[50,0],[-1,-125]],[[25910,29768],[15,-40],[11,-70]],[[25936,29658],[-15,-92],[1,-433]],[[25867,28939],[-29,202],[-12,104]],[[25826,29245],[-7,83],[-29,3]],[[25790,29331],[0,127],[9,334]],[[24584,22361],[96,2]],[[24702,21651],[-6,-89],[-13,-66],[-22,49]],[[24661,21545],[-24,-60],[-8,98],[-5,-3],[-16,103],[-2,48],[-17,50]],[[30739,52387],[-1,-436],[-2,-919],[-36,-44],[2,-153],[-4,-132],[30,28],[23,-547],[-30,-29],[7,-157],[-139,-132]],[[18286,51516],[8,-48],[16,-158],[-2,-45],[20,-93],[5,88],[20,25],[13,93],[13,35],[23,-6],[4,-40]],[[18406,51367],[23,-100],[28,-53],[22,-12],[18,-50],[6,-118],[10,-18],[4,-99]],[[18815,48868],[-24,18],[-33,-97],[-14,104],[-22,-13],[-8,-39],[-15,20],[-19,-49],[-10,36],[-13,-13],[-13,60],[-16,8],[-19,-63],[0,-81],[-9,-86],[-60,82],[-17,-9],[-15,35],[-17,-38],[-17,-116],[7,-91]],[[18168,51052],[7,93],[12,71],[6,-55],[12,20],[26,143],[25,6],[12,60],[13,11],[5,115]],[[25599,27822],[16,49],[1,76],[7,67],[24,27],[15,110],[0,83],[5,83],[14,26],[5,55]],[[25686,28398],[20,54],[34,-5],[31,-125],[20,-19]],[[25808,27885],[-12,-55],[-13,-96],[-19,-1],[-12,-96],[-9,2],[-8,-96],[-14,-11],[0,-55],[-15,2],[-12,-105],[-16,-61],[-12,1]],[[25666,27314],[-11,0]],[[25655,27314],[0,56],[-17,28],[-15,58],[-5,71],[-24,157],[-14,30],[1,66],[13,-10],[5,52]],[[28591,37737],[-1,-66],[6,-119],[-2,-165],[7,-88],[31,-184],[-11,-121],[-14,4]],[[28607,36998],[-6,69],[-12,69],[-20,51],[-19,144]],[[28550,37331],[0,69]],[[24601,22495],[4,179],[-6,93],[2,54],[-4,98],[10,110]],[[24607,23029],[72,0]],[[25139,32178],[7,-26],[-36,-215],[-13,41]],[[25097,31978],[-13,13],[-25,91],[-18,15],[-20,68],[-4,51]],[[24350,23066],[15,2],[10,-49]],[[24374,22973],[5,-78],[-4,-132],[10,-38],[19,16],[-2,66],[12,13],[1,-54],[-6,-134],[-13,-35],[-3,-43],[12,-37],[12,18],[16,-8],[20,43],[8,-71],[6,-120]],[[24467,22379],[3,-49],[-22,-122],[-5,-110],[-19,-27]],[[24424,22071],[-61,1]],[[24348,22073],[7,42],[-7,81],[7,201],[-1,67],[-9,157],[-11,49],[-2,70]],[[24332,22740],[4,52],[-1,196],[15,78]],[[26114,23631],[67,-14],[25,2]],[[26206,23619],[-7,-85],[5,-74],[-1,-114],[6,-17],[12,-93],[2,-62]],[[26223,23174],[7,-143]],[[26230,23031],[-67,1],[-68,-8]],[[26095,23024],[0,387],[-62,-9]],[[26033,23402],[12,138],[18,9],[32,-50],[0,78],[19,-1],[0,55]],[[25440,27137],[1,-260],[33,-20]],[[25474,26857],[-17,-166],[-15,-105],[5,-104],[-11,-72],[12,-39],[6,-187],[-7,-39],[8,-54],[13,-28],[-18,-60],[-3,-66]],[[25447,25937],[-11,14]],[[25436,25951],[-15,158],[-6,33],[-14,-41],[-21,-33],[-7,50],[7,82],[-9,89],[-13,236],[-13,74],[-7,88],[9,149]],[[15321,47559],[59,-2],[33,157],[34,-1],[24,-45],[0,-56],[11,-44],[14,0],[0,-73],[16,-38],[34,-2],[0,-55],[59,-1],[0,-332],[9,0],[-1,-125],[102,9],[0,-205],[65,7],[105,-2]],[[15843,45905],[-33,1],[-16,-109],[-28,-1],[-11,-83],[-22,-55],[-16,-83],[-11,11],[-5,-97],[-44,-6],[-16,-44],[-40,7],[-22,-101]],[[15444,45500],[-19,30],[-8,-21]],[[15417,45509],[-2,68],[0,328],[16,0],[0,166],[17,7],[-1,326],[-17,0],[1,313],[-15,17],[0,163],[-17,-1],[0,176],[-95,5]],[[15304,47077],[11,298],[6,184]],[[26070,40088],[0,251]],[[26070,40339],[101,-1]],[[26171,40338],[3,-138]],[[26174,40200],[1,-249],[-6,-1],[0,-162]],[[26169,39788],[-22,-2]],[[26147,39786],[-83,-2]],[[26064,39784],[0,165],[6,0],[0,139]],[[24193,25215],[0,251]],[[24271,25465],[11,0],[-1,-78],[5,-38],[2,-94],[17,4],[5,-33]],[[24310,25226],[7,-69],[-10,-72],[4,-202]],[[24279,24798],[-86,1]],[[24193,24799],[0,416]],[[27027,21396],[26,0]],[[27053,21396],[1,-755],[-1,-54]],[[27053,20587],[-2,-1]],[[29293,41501],[0,1]],[[29295,41517],[1,4]],[[29296,41526],[0,2]],[[29314,41272],[-16,7],[-15,104],[9,113]],[[17948,57354],[184,-3]],[[18332,56038],[34,-142],[-1,-103],[30,-83],[15,19],[15,-33]],[[18253,54684],[3,111],[7,47],[-2,73],[-15,27],[-4,307],[-13,38],[-8,70],[-30,82],[-8,106],[-40,0],[-14,-55],[11,-115],[-126,-1],[0,-165],[4,-163],[-36,0]],[[17869,55480],[0,232],[-2,165],[48,0],[-1,663],[-11,0],[0,162],[70,1],[-15,40],[4,84],[16,35],[-8,70],[-23,57],[12,105],[-8,142],[9,66],[-12,52]],[[18406,51367],[17,20],[28,119],[-5,113],[16,10],[9,96],[20,0],[1,167],[26,-1],[12,74],[17,9]],[[18547,51974],[17,-25],[-1,-55],[15,-85],[-3,-78],[10,-42],[3,-191],[7,-79],[-7,-65],[8,-42],[38,-87],[21,-72]],[[26047,24709],[3,59],[12,94],[5,70],[21,32],[23,1],[0,238],[5,13]],[[26215,25057],[-3,-136]],[[26212,24921],[-20,-254],[-1,-149]],[[26191,24518],[4,-34]],[[26195,24484],[-6,21],[-16,-62],[-3,-74],[-55,8],[0,-166]],[[26115,24211],[-93,-3]],[[15625,40739],[25,53],[15,-16],[12,77],[7,-7],[29,42],[28,-70],[36,124],[21,-38],[38,-5],[16,30],[17,-6],[50,82],[19,-21],[18,41],[20,15],[20,-18],[14,34],[10,-35],[16,-7],[7,28],[19,-1]],[[15661,39807],[-6,89],[2,120],[9,16],[-4,118]],[[15662,40150],[-5,38],[-3,194],[-7,86],[5,79],[-6,122],[-17,33],[-4,37]],[[3934,79921],[6,78],[32,-75],[-30,-39],[-8,36]],[[3906,80085],[36,81],[17,-20],[39,56],[51,-7],[0,-52],[24,-21],[39,60],[42,29],[23,67],[3,100],[-19,14],[-4,74],[7,58],[23,-47],[29,126],[26,34],[0,71],[-16,26],[-8,117],[7,94],[55,-10],[36,-59],[37,36],[-2,89],[29,116],[19,23],[18,-36],[34,-13],[31,59],[41,11],[19,25],[26,84],[10,-11],[59,37],[8,-100],[22,-9],[19,37],[30,-17],[58,-62],[36,11],[52,90],[27,6],[42,68],[90,58],[48,165],[50,100],[49,42],[38,76],[31,36],[41,-17],[5,48],[-59,30],[-20,35],[-18,146]],[[5186,82039],[274,0],[80,0],[0,165],[204,0],[0,165],[250,0],[159,0],[0,-165],[276,0],[323,0],[321,0],[0,166],[102,0],[0,165],[91,0],[0,165],[19,0]],[[7285,82700],[0,-859],[0,-793]],[[7162,80056],[-297,0],[-276,0],[-140,0]],[[6449,80056],[-325,0],[0,166],[-99,-1],[0,-165],[-49,0],[0,-165],[-50,0],[0,165],[-296,0],[0,-165],[-21,0],[0,-165],[-49,0],[0,-166],[-49,0],[0,-330],[-19,0],[0,-165],[-48,0],[0,-331],[-48,0],[0,-165],[-18,0],[0,-331],[-48,0],[0,-330],[-64,0],[0,-331],[-48,0],[0,-330],[-16,0],[0,-166],[-46,0],[0,-165],[-47,0],[0,-330],[-15,0],[0,-166],[-47,0],[0,-306]],[[5047,76114],[-9,-25]],[[5038,76089],[-83,1],[0,-166],[9,0]],[[4964,75924],[-12,-69],[3,-78],[-46,-64],[-9,-51],[-19,-5],[-16,-74],[-20,-19],[-4,98],[-13,52],[-45,5],[-26,-20],[-22,33],[10,58],[33,24],[31,-51],[13,73],[24,216],[-8,147],[-1,169],[-26,183],[-28,153],[-21,222],[28,218],[21,32],[21,121],[26,38],[3,37],[-47,267],[-3,122],[-14,68],[-11,116],[-25,115],[-14,123],[1,51],[-19,73],[-14,137],[-27,99],[-14,108],[-22,10],[-14,-87],[6,-188],[-18,-93],[-24,-14],[-25,33],[-12,-79],[-33,-51],[-57,-119],[-30,-41],[-70,-60],[-72,-25],[-33,1],[-39,23],[-49,67],[-8,37],[-15,157],[28,84],[-24,77],[-50,91],[-30,170],[2,30],[-43,125],[-7,75],[-47,28],[-29,55],[-22,65],[-31,133],[36,90],[8,112],[-25,9],[-38,-91],[-21,-7],[-29,34],[-12,85],[10,42],[25,-6],[28,81],[12,62],[14,10],[36,136],[-11,37],[4,80],[30,62],[7,47],[-26,111],[-48,36]],[[3257,78732],[13,-23],[32,64],[57,-17],[14,-19],[28,15],[25,-36],[13,79],[-2,72],[21,57],[41,-8],[2,84],[24,63],[32,-61],[22,49],[29,24],[55,-148],[21,11],[12,45],[55,-98],[-12,-86],[12,-92],[-11,-70],[17,-88],[-13,-90],[7,-66],[15,-31],[-6,-58],[20,-54],[0,-97],[-39,-35],[-12,24],[-31,-56],[-20,7],[-55,-104],[17,-92],[-30,-45],[-7,60],[-22,72],[-38,67],[-21,-19],[-30,7],[-17,61],[-23,21],[-41,130],[-39,63],[-17,-8],[-38,130],[-18,8],[-10,125],[-32,163]],[[1695,79287],[7,86],[19,70],[11,-43],[14,-114],[29,-96],[46,-104],[22,-27],[42,-8],[35,-108],[-43,26],[-25,-2],[-27,-35],[-37,85],[-11,56],[-45,164],[-37,50]],[[24310,25226],[18,56],[3,62],[11,48],[5,184],[16,18],[1,48],[18,69],[44,-1]],[[24426,25710],[7,-70],[-5,-98],[-10,-6],[-10,-105],[2,-105],[11,-2]],[[12229,74840],[-2,8]],[[12227,74848],[2,-8]],[[12199,77089],[93,-7]],[[12292,77082],[19,-125],[72,-61],[6,-108],[32,-116],[23,0],[28,-177],[-7,-113],[24,-30]],[[12252,76372],[-9,107],[0,89],[-24,238],[-23,127],[3,156]],[[12100,77813],[93,-702]],[[12193,77111],[-11,-223],[18,-83],[-14,-23],[-23,89],[-15,-26],[21,-91],[8,-116],[18,-40],[-6,-104],[-1,-123],[8,-96],[25,-199],[12,-70],[0,-106],[13,-64],[15,-137],[-15,-49],[21,-198],[20,-359],[-17,-73],[13,-126],[-29,19],[-17,52],[-24,18],[-24,151],[-15,243],[-11,90]],[[12163,75467],[15,28],[23,-44],[11,25],[-27,165],[2,57],[-23,69],[-12,0],[-5,80],[-57,90],[12,149],[37,72],[13,51],[-21,29],[11,114],[-36,131],[-7,72],[5,72],[-20,61],[-11,-6],[-23,81],[-20,1],[-42,53],[-4,-36],[-35,73],[-28,12],[-36,50]],[[11885,76916],[6,47],[-2,347],[29,-31],[19,28],[18,114],[0,67],[-32,77],[45,77],[67,42],[65,129]],[[15783,42447],[104,0],[189,1]],[[16076,42448],[32,1]],[[16108,42449],[0,-501],[3,-29],[0,-779],[-2,-99]],[[15625,40739],[0,108],[6,6],[13,94],[19,97],[36,122],[4,57],[18,66],[3,106],[-12,112],[9,11],[0,83],[18,92],[-2,74],[18,140],[-4,41],[4,104],[20,74],[4,141],[16,16],[1,132],[-13,32]],[[27053,24607],[-24,-102],[0,-576]],[[27003,24042],[-4,48],[-21,73],[-9,52],[-16,34],[-32,136]],[[26921,24385],[0,244],[25,-1],[0,244]],[[16200,56011],[-19,45],[8,54],[-6,109],[7,51],[-7,54],[8,67],[23,8],[26,92],[9,-3],[11,-75],[24,47]],[[16284,56460],[12,-46],[2,-209],[23,-43],[-4,-107],[21,-17],[11,-79],[21,-50],[13,-81],[-4,-81],[38,-139],[19,-36],[2,-55],[18,-50],[10,-96],[49,0]],[[16515,55371],[3,-35],[-15,-78],[-1,-74],[-12,-32],[-9,-119],[-28,-38],[-10,25],[-17,-32],[-9,-69],[7,-79],[-11,-96],[1,-65],[-16,-113],[-7,-154],[8,-123],[44,-51],[13,-62],[-3,-137]],[[16453,54039],[-82,-2],[-35,113],[-12,-26],[-6,59],[-24,11],[-33,107],[-39,65],[-2,46],[-18,116],[-22,62],[-11,88]],[[27956,39663],[119,-1]],[[28075,39662],[10,0]],[[28088,39498],[-24,-23],[-10,-95],[11,-47],[-15,-63]],[[25414,25529],[-11,64],[-21,63],[4,108],[21,70],[15,100],[14,17]],[[25447,25937],[23,0],[0,-83],[57,2]],[[25527,25856],[0,-333],[15,0]],[[25542,25523],[0,-81]],[[27688,31633],[59,6]],[[27747,31639],[58,6]],[[27805,31645],[-2,-102],[22,-168],[1,-44],[25,-88]],[[27876,31024],[-1,-34]],[[27875,30990],[-13,-10],[-24,79],[-11,-22],[-18,-72],[-35,-224]],[[27774,30741],[-11,39],[-18,-1],[-3,111],[-11,79]],[[27731,30969],[-12,58],[-4,97],[-7,13],[-20,496]],[[21851,49289],[25,-64],[4,-58],[-8,-163],[1,-72],[13,-52],[19,-17]],[[21905,48863],[2,-36],[-16,-71],[1,-69],[10,-20],[17,30],[19,-6],[6,-33],[6,-161],[37,-57],[18,-2],[23,-31],[28,-76],[17,-5],[8,-46],[-12,-89]],[[22069,48191],[-120,-1],[0,-49]],[[21949,48141],[-189,-1]],[[28806,46809],[62,-96],[118,372]],[[28986,47085],[9,-542],[-19,-52],[-5,-86],[26,-59],[-25,-210],[-16,-124],[5,-328],[-3,-1]],[[28958,45683],[-10,-16]],[[28948,45667],[-53,-16],[-2,133],[-28,-2],[-2,202],[-52,242],[-41,-17]],[[27603,35277],[3,-27],[55,-153],[5,-36]],[[27666,35061],[-3,-81],[3,-79]],[[27588,34705],[-14,-18]],[[27574,34687],[-4,218],[-18,154],[-1,63]],[[27551,35122],[17,70],[14,8],[21,77]],[[27614,34972],[16,-52],[15,-21],[12,129],[-7,57],[-21,20],[-12,-46]],[[27617,35059],[-17,-20],[1,-63],[13,-4]],[[27267,38122],[2,41],[31,180]],[[27349,37747],[-13,-96]],[[27336,37651],[-14,-106]],[[20327,38392],[5,-118],[17,-16],[1,-87],[22,5],[13,-92],[15,-39],[-4,-41],[10,-87],[-9,-67],[-2,-105],[-7,-45]],[[20377,37229],[-9,22],[-9,-65],[-48,-2]],[[20213,38281],[6,114]],[[6079,71728],[16,78],[54,2],[-20,-100],[-50,20]],[[5919,71362],[20,38],[9,-85],[-8,-24],[-21,71]],[[5643,72379],[0,-15]],[[5643,72364],[0,15]],[[5642,70370],[8,99],[19,28],[15,-81],[-28,11],[-14,-57]],[[5562,70401],[10,65],[15,-42],[-13,-52],[-12,29]],[[5502,70165],[8,102],[10,-26],[-18,-76]],[[5643,72241],[22,-36],[46,27],[0,79],[-12,83],[-1,95],[10,145],[34,212],[44,232],[21,82],[34,88],[28,41],[23,95],[20,128],[16,37],[23,93],[29,37],[9,-122],[15,-17],[8,61],[-9,169],[-27,7],[-2,185],[13,169],[13,424],[7,167],[10,97],[33,11],[-2,80],[-27,123],[-3,119],[4,105],[23,222],[32,79],[21,133]],[[6098,75691],[264,0],[0,513],[-193,0]],[[6169,76204],[9,119],[-12,37],[-18,-177],[-32,-46]],[[6116,76137],[0,449],[-22,0],[0,330],[47,0],[0,166],[94,0],[0,165],[26,0],[0,165],[48,0],[0,165],[94,0],[0,166],[46,0],[0,490],[0,1151],[0,672]],[[6919,75759],[0,-358],[-15,0],[0,-82],[-23,0],[-9,-111],[-30,0],[0,-55],[-46,0],[0,-55],[-38,0],[-38,-27],[-15,-56],[0,-55],[-45,0],[0,-82],[-31,0],[0,-166],[15,0],[0,-110],[-14,0],[0,-305],[-30,0],[0,-83],[-23,0],[0,-55],[-45,0],[0,-110],[-15,0],[-6,-138],[-37,0],[0,-82],[15,-28],[-30,-110],[0,83],[-30,-28],[0,-55],[-37,-55],[-45,0],[-7,-83],[-15,0],[0,-83],[-15,0],[0,-137],[-11,-55],[-22,0],[0,-83],[-15,0],[0,-110],[-22,0],[0,-138],[117,0]],[[6357,72947],[-10,-67],[-22,-62],[-19,-118],[-18,-8],[5,-120],[-32,46],[-12,63],[-19,-131],[-5,-123],[-23,115],[-13,-20],[-5,-81],[-21,-40],[-14,-107],[-16,-3],[-2,-84],[-23,-30],[-44,168],[-25,-55],[20,-115],[-30,-16],[-15,-112],[3,-47],[20,-17],[8,-59],[-11,-45],[-32,5],[-19,-18],[-18,123],[-13,1],[-40,-71],[-8,-54],[-19,-14],[-27,-94],[0,-46],[45,69],[34,1],[2,-129],[-15,-48],[-39,71],[-21,4],[-7,-97],[-15,-11],[-41,51],[-23,-59],[-27,-148],[9,-65],[40,-30],[32,-107],[-26,-61],[13,-83],[-24,-82],[-8,46],[-17,-64],[12,-98],[-6,-162],[-22,6],[-28,68],[3,189],[-27,-66],[12,-167],[-1,-56],[-22,28],[-25,-29],[-10,46],[-19,-164],[-43,-8],[-28,-64],[-10,18],[-39,-41],[-15,-41],[-1,-111],[-17,39],[-8,155],[-15,-66],[10,-46],[4,-152],[-16,-98],[6,-25],[-8,-112]],[[5457,70012],[0,474],[-85,0],[0,165],[17,0],[0,662],[-26,0],[0,330],[87,0],[0,166],[87,0],[0,165],[62,0],[0,165],[44,0],[0,102]],[[28270,41583],[-2,-101],[-24,-97],[-19,-145],[7,-94],[-27,-194],[15,-63],[30,24]],[[28264,40694],[-26,-184],[-19,-201]],[[28219,40309],[-18,77],[-42,60],[-16,60]],[[28143,40506],[-28,114],[-6,140]],[[28109,40760],[28,264],[8,107],[-19,125],[8,114],[-15,108],[5,40],[24,83]],[[21204,32669],[88,0],[157,1]],[[21449,31854],[-126,-6],[-119,-4]],[[21204,31844],[0,223]],[[21204,32067],[0,602]],[[25725,25587],[12,0],[-3,98],[18,20],[2,-80],[9,-11],[7,78],[11,-42],[20,-20],[13,-36]],[[25827,24869],[-114,-4]],[[25699,25028],[0,338],[18,34],[-6,53],[4,111],[10,23]],[[23867,27752],[3,665],[3,0],[1,251]],[[23973,28325],[-4,-618]],[[23969,27707],[-29,4],[0,-27],[-40,7]],[[24612,32850],[17,-2],[-7,-79],[-13,-53],[-9,-213]],[[24600,32503],[-5,-83],[-1,-83],[-44,8]],[[24550,32345],[-46,9]],[[24504,32354],[-45,2]],[[24459,32356],[3,509],[-1,140],[26,51]],[[16936,33984],[0,-93],[11,-131],[11,-43],[-2,-88],[14,-66],[-3,-71],[42,-301],[-8,-94],[7,-135],[12,-73],[-4,-60],[11,-248],[8,-48],[6,-168],[-6,-63],[-1,-140]],[[17034,32162],[-14,5],[-143,-4],[-114,2],[-155,-1]],[[16608,32164],[0,663],[2,252],[16,-2],[0,252],[-15,1],[0,164],[-13,2]],[[16598,33496],[30,165],[45,-3],[0,166],[89,-7],[1,161],[119,-4],[54,10]],[[17129,30319],[10,-1],[0,525],[1,890],[-2,167],[5,55],[-5,56],[0,167]],[[17138,32178],[74,-4],[124,0],[179,-4],[152,1],[0,29],[25,1]],[[17692,32201],[67,-364],[90,-487],[125,-689]],[[18112,29329],[2,-78],[-10,-24],[-24,-145],[-9,-6],[-11,-65],[-25,-55],[-5,-53]],[[17519,46126],[81,2],[1,329],[-1,583]],[[17600,47040],[12,32],[16,-33],[13,28],[13,81],[11,-3],[15,48],[17,118],[4,90],[24,68],[-2,72],[10,68],[35,66],[24,22],[30,295],[9,-95],[3,-109],[18,-76],[23,11]],[[17875,47723],[5,-22]],[[17848,46290],[0,-541],[14,-5]],[[24515,45889],[26,8],[31,98],[4,35],[26,30],[13,59],[16,29],[14,94],[7,-2]],[[24652,46240],[34,75],[32,-20]],[[24718,46295],[1,-740]],[[24719,45555],[0,-583]],[[24719,44972],[-61,3]],[[24658,44975],[0,60],[-21,192],[-49,66]],[[24588,45293],[-16,22],[-27,96],[-14,278],[-13,51],[-3,149]],[[27166,29768],[25,-108],[3,-61],[16,86],[17,8]],[[27227,29693],[1,-77],[15,-244],[14,-165]],[[27251,29127],[-18,-37],[-10,-92],[14,-96],[-24,-6]],[[27213,28896],[-18,10],[-27,123],[-16,51],[-14,12],[-37,-21],[2,-62]],[[27103,29009],[-8,19],[-13,110]],[[22052,29178],[63,-250],[33,11],[22,-66],[10,-3],[18,44]],[[22198,28914],[0,-480]],[[22198,28243],[-5,64],[-14,49],[-16,-10],[-9,51],[-18,24],[-16,-38],[-23,54],[-45,1]],[[26741,32909],[8,15],[16,102]],[[26871,33347],[20,2],[-5,-506],[15,-95]],[[26901,32748],[5,-34],[-8,-74]],[[27333,28192],[-40,-103]],[[27186,28517],[27,379]],[[16224,50949],[17,57],[46,85],[10,41]],[[16339,49885],[-63,0],[2,90],[-38,123],[-36,7],[-10,39],[2,167],[17,6],[10,94],[14,80],[9,218],[-13,23],[-7,58],[4,59],[-6,100]],[[29444,41847],[-9,110],[29,56],[12,-54],[16,-5],[18,-35],[22,44],[9,94],[19,-28],[77,3],[38,32],[14,30],[19,81],[11,23],[9,65],[14,19],[12,83],[10,-98],[16,-88],[19,-19],[8,40],[19,-118],[11,59],[8,-4],[19,97],[15,28],[7,-71],[-22,-42],[-43,-104],[-79,-201],[-20,-46],[-84,-154],[-43,-92],[-25,-64],[-54,-93],[-28,-20],[-12,19],[-20,-40]],[[21749,32674],[150,-2]],[[21899,32672],[2,0]],[[21901,32672],[0,-834]],[[21901,31838],[-152,0]],[[21749,31838],[0,12]],[[21749,31850],[0,820]],[[24940,31374],[-3,-726]],[[24937,30648],[-23,0]],[[24914,30648],[-162,1]],[[24752,30649],[3,81],[25,-24],[7,54],[1,111],[10,40],[16,-22],[4,66],[-9,29],[7,96],[-5,52],[-16,13],[-1,87],[13,7],[8,154]],[[30097,43047],[-19,-25],[-7,119],[3,91],[-10,47],[1,-159],[-4,-95],[-18,-16],[-3,79],[15,200],[18,56],[4,42]],[[30019,42977],[5,183],[7,-1],[-2,-117],[-10,-65]],[[23879,24642],[0,-250],[28,0],[1,-336],[28,0],[0,-331]],[[23936,23725],[-43,-1],[-15,-166],[-25,0],[-6,-69],[1,-105]],[[23848,23384],[-14,-18]],[[23834,23366],[-5,108],[-19,147],[5,57],[0,93],[-10,58],[4,41],[-16,54],[6,38],[-4,73],[-11,-3],[-15,116]],[[23769,24148],[5,88],[-3,66],[9,67],[-11,88],[3,51],[-14,89],[-1,42]],[[23600,45737],[131,-1]],[[23731,45736],[0,-501]],[[23731,45235],[-131,0]],[[23600,45235],[0,502]],[[29991,49751],[1,107],[9,28],[23,288],[28,128],[16,-100],[26,-11],[14,117]],[[30108,50308],[7,-573],[7,-666],[6,-707]],[[30128,48362],[-9,-2],[0,-88],[-58,13],[-15,-204],[-2,-87],[-9,0],[-3,141],[-17,88]],[[30015,48223],[-7,71],[-18,26],[-19,-16],[-3,96],[-31,52],[-19,142]],[[29918,48594],[14,6],[38,180],[8,125],[-1,115],[-9,53],[-13,181],[15,61],[9,155],[14,82],[-12,149],[10,50]],[[16978,53041],[32,77],[13,-21],[10,43],[2,110],[10,36],[3,91],[-1,659]],[[17086,54036],[218,-2]],[[17304,54034],[0,-252]],[[17304,53782],[0,-1116]],[[17304,52445],[-13,-17],[-18,26],[-14,-20],[-7,80]],[[17252,52514],[-8,156],[-36,135],[0,63],[-14,22],[-8,77],[-15,-44],[-22,-8],[-15,52],[-25,-10],[-17,-131],[-14,-2]],[[17078,52824],[-16,-76],[-12,14],[-39,-34],[-23,-33],[-12,61]],[[25269,53423],[-7,-101],[-2,-114],[14,-62],[34,183],[19,76],[27,71],[-11,-118],[29,30],[10,-16]],[[25205,52434],[1,823],[35,0],[0,165],[28,1]],[[28806,38754],[2,-196]],[[28682,37995],[-2,183],[-18,-4],[-19,-57],[3,-91],[-9,-27],[0,170],[11,107],[34,-43],[10,51],[-4,61],[6,120]],[[29815,44063],[-104,7]],[[29711,44070],[-18,-7],[-34,12],[-16,-12],[-4,-52],[-14,-10],[1,74],[-55,4]],[[29571,44079],[-12,2]],[[29559,44081],[-5,104],[10,94],[9,205],[1,117]],[[30180,44512],[12,-33]],[[30120,44579],[24,-102],[13,33]],[[30477,48085],[28,-33],[-2,201],[4,99],[29,-35],[7,37],[4,119]],[[30547,48473],[27,-29]],[[30574,48444],[-11,-26],[0,-99],[12,-98],[19,-3],[16,-276],[-15,-114],[-9,-18]],[[30586,47810],[-20,-37],[-7,-149],[-11,-115],[-13,-5],[-15,44],[-23,-91],[-5,85]],[[27490,29072],[14,111],[2,126],[19,20],[-3,69],[21,47]],[[27604,28915],[19,-73]],[[27623,28842],[-7,-75],[-12,-1],[-31,-107],[-2,101],[-15,-26],[-7,83],[-8,9],[-7,78],[-23,2],[-22,59],[1,107]],[[23591,20278],[14,18],[13,52],[2,-71]],[[23620,20277],[-73,-199],[-21,-93],[-8,-71],[-9,47],[29,166],[10,-3],[19,105],[14,-37],[10,86]],[[23410,19386],[7,57],[43,196],[19,130],[22,35],[8,56],[11,-12],[-18,-89],[-27,-106],[-65,-267]],[[23384,20277],[15,-110],[17,24],[9,87],[15,-16]],[[23440,20262],[6,-54],[23,-45],[-7,-77],[13,-43],[1,-89],[6,-37],[-29,-161],[-18,-136],[-6,-21]],[[18636,41658],[31,147],[39,144],[14,0],[-4,-86],[7,-104],[21,-1],[37,75]],[[18781,41833],[18,-11],[9,-107]],[[18821,41292],[-12,-18],[-10,-66],[-20,-20],[-25,-91],[-11,4],[-16,-83],[-15,-31],[-10,41],[-22,13],[-20,41]],[[18660,41082],[-4,90],[3,171],[-6,41],[-3,172],[-14,102]],[[28221,35269],[-6,-100],[33,-186],[12,54],[13,-8],[5,-52]],[[28238,34838],[-42,73],[-80,125]],[[28116,35036],[-1,137]],[[28115,35173],[14,146],[15,19]],[[27082,32487],[12,77],[9,-45],[17,-27]],[[27120,32492],[15,-72],[12,-94],[31,-95],[12,-91],[31,15],[19,-53],[4,19]],[[27244,32121],[-20,-171],[-20,-133],[-8,-76]],[[27196,31741],[-1,-8]],[[27195,31733],[-31,-5],[-12,35]],[[15811,36650],[-13,-8],[-15,-52]],[[15643,36942],[-20,51],[1,71],[-16,173],[-59,232],[-29,243],[-25,131]],[[15495,37843],[10,20],[36,-3],[0,56],[64,5],[0,58],[16,24],[72,-4]],[[22934,23231],[66,220]],[[23000,23451],[77,260]],[[23099,22980],[-27,-101],[-14,-108],[-20,-228],[-30,-93]],[[22993,22517],[2,48],[-8,118],[-15,91],[3,77],[-13,-9],[-7,49],[-8,255],[-13,85]],[[29881,49741],[110,10]],[[29918,48594],[-14,-47],[-6,-65]],[[29898,48482],[-27,178],[21,105],[-14,99],[18,120],[-19,68],[21,133],[-29,101]],[[29869,49286],[-10,34],[28,175],[-12,43],[6,203]],[[28002,37531],[26,255],[11,-25],[32,186]],[[28101,37826],[-9,-41],[-4,-67],[5,-98],[-6,-46]],[[28055,37285],[-10,-103]],[[28045,37182],[-38,84],[-19,84],[14,181]],[[28428,30053],[-26,-95],[-15,-106],[-18,-82],[-39,-121],[-15,-59]],[[28270,30125],[0,121],[8,265],[-7,97]],[[26521,29387],[-7,94],[1,67]],[[26515,29548],[25,96],[13,70]],[[26602,29711],[14,-137]],[[26616,29574],[-11,-61],[-3,-61],[5,-91],[8,-47]],[[26560,28994],[-14,-56],[-54,133]],[[26492,29071],[6,49],[14,3],[17,160],[-8,104]],[[28401,33034],[66,-16],[19,9],[51,2]],[[28537,33029],[-8,-62],[-1,-122],[6,-138],[14,-163],[-10,-48],[7,-42]],[[28545,32454],[-19,-147]],[[28934,45424],[12,76],[4,96],[-2,71]],[[28958,45683],[0,-44],[20,6],[11,92],[54,-159],[7,140],[33,-67]],[[29083,45651],[32,-64]],[[29115,45587],[-6,-150],[11,-237],[-23,-207]],[[27053,21645],[60,369],[11,73],[15,55],[5,70],[15,-20],[12,49],[13,-92],[10,-27],[12,76],[16,-105]],[[27222,22093],[7,-34],[10,-454]],[[27239,21605],[-16,-1],[1,-279],[-29,-4],[0,31],[-24,26],[-16,-24]],[[27155,21354],[-3,41],[4,91],[-103,-6]],[[27053,21480],[0,165]],[[29024,40283],[11,40],[21,30],[12,82],[9,-13],[17,56]],[[29131,40455],[10,-113]],[[29141,40342],[46,-583],[-1,-337],[-7,-75]],[[29179,39347],[-16,-11],[-15,36],[-7,54],[-29,62],[-5,115],[-17,73]],[[29000,40176],[24,107]],[[23691,21429],[11,-84],[-5,-62],[17,-32],[0,-74],[28,-71],[20,-26],[6,-91],[-4,-123]],[[23764,20866],[-19,-88],[6,-90],[17,-155]],[[23768,20533],[0,-22],[-45,5],[-27,-40],[-72,-187]],[[23624,20289],[-1,620],[-23,3]],[[23600,20912],[-1,427]],[[23355,57351],[47,0],[0,735],[26,-59],[28,32],[29,-88],[8,-57],[15,-331],[6,-41],[18,-410],[-5,-114],[3,-80],[29,-123],[38,-48],[6,16]],[[23603,56783],[1,-636]],[[23604,56147],[-218,-3],[-1,332],[-36,0]],[[23349,56476],[0,330],[70,0],[0,396],[-13,-49],[-27,-26],[-15,31],[-9,72],[0,121]],[[27991,34945],[22,196],[2,89]],[[28051,35119],[18,-46],[22,-13],[24,113]],[[28116,35036],[-2,-336]],[[28114,34700],[-17,-39],[-16,12],[-24,-51]],[[17976,27670],[-27,-66],[7,-118],[-9,-66],[15,-61],[0,-205],[-8,-125],[10,-113],[9,14],[10,-38],[9,21],[15,-16]],[[17950,26307],[-207,-98],[-179,-93]],[[17564,26116],[1,870],[6,0],[-1,670]],[[19962,37653],[-97,-1],[-148,0]],[[28805,38851],[29,-11],[23,42],[17,100]],[[28874,38982],[20,-100],[9,-94],[3,-113],[-5,-98],[5,-182],[16,-72],[8,-141]],[[25506,23025],[122,3]],[[25628,23028],[-33,-141],[-1,-71],[-8,-75],[2,-95],[-1,-137],[10,-20],[5,-201],[13,-106],[14,-31],[10,-79],[-8,-162],[-23,-81],[1,-51],[14,-14],[58,86],[15,-20]],[[25696,21830],[-66,-82],[-32,-21],[-12,9],[-57,-78]],[[25529,21658],[4,83],[11,18],[10,139],[16,46],[-18,95],[-3,89],[8,66],[7,132],[-4,85],[-35,130],[-5,81],[-14,66],[-10,86],[13,188],[-3,63]],[[23596,23094],[12,-14],[19,26],[26,-40],[2,-96],[11,-98],[7,-228],[11,-28],[4,-189],[19,-56],[-8,-112],[4,-133]],[[23571,22128],[-31,925],[27,89]],[[24359,41743],[86,-1]],[[24445,41742],[32,-77],[24,-99],[27,-47]],[[24528,41519],[-4,-52],[-17,-59]],[[24507,41408],[-17,1],[-28,-55],[-16,-128],[10,-57],[-2,-230],[-12,-26]],[[24442,40913],[-17,7],[-12,55],[-1,92],[-10,4],[-15,83],[-2,74],[-16,18],[-10,87]],[[22519,14989],[94,-4]],[[22621,14662],[-4,-115],[-4,-28],[-6,-167],[40,-29],[0,-163]],[[22647,13629],[-2,-24],[-27,-11],[-10,26],[-10,-46],[-19,51],[-11,-35],[-8,49],[-21,-6],[-6,81],[-14,7],[-5,63],[-12,10],[-17,82],[-5,50],[-11,-30],[-24,91]],[[22445,13987],[44,587],[30,415]],[[21783,23187],[77,8]],[[21860,23195],[159,3]],[[22019,23198],[0,-720]],[[21784,22469],[-1,718]],[[16672,42023],[145,1],[0,-200],[150,2],[169,1],[0,-331],[93,-1],[2,-14],[0,-286]],[[24078,26871],[183,-12]],[[24261,26859],[-3,-97],[0,-176],[7,-52],[1,-82],[-4,-137]],[[24165,26048],[0,167],[-29,1],[0,87],[-15,61],[-18,21],[-25,0]],[[24078,26385],[0,486]],[[26849,28695],[17,26],[21,-1]],[[26887,28720],[11,-237],[9,-140],[26,-280]],[[26933,28063],[-9,38],[-30,-54],[-9,-43]],[[26802,28242],[-11,90],[13,131],[5,14],[14,124],[22,53],[4,41]],[[27160,24057],[11,-163]],[[27171,23894],[-11,-101],[-8,1],[-4,-98],[-7,-37]],[[25696,26203],[57,-4],[0,83],[84,4]],[[25725,25587],[0,57],[-8,56],[-2,73],[-16,188],[3,58],[-6,184]],[[27510,29923],[7,-43],[3,-87],[12,-93],[2,-137],[10,-61],[-1,-53]],[[27490,29072],[-28,-131],[-10,-1]],[[27393,29263],[16,207],[-6,69],[-9,-3],[-15,87]],[[28348,34797],[15,6],[5,45],[-14,90]],[[28354,34938],[7,124],[5,6]],[[28366,35068],[2,-78],[19,20],[-7,58]],[[28380,35068],[4,15]],[[28416,34685],[-68,-227]],[[23600,46398],[0,-661]],[[23600,45737],[-132,3]],[[23468,45740],[0,658]],[[8279,81128],[20,30],[34,0],[16,-55],[0,-55],[200,0]],[[8549,81048],[0,-496],[-2,0],[0,-606],[-75,0],[-2,-220]],[[8390,79941],[7,17],[-24,111],[-28,60],[-47,-35],[-36,109],[-33,4],[-36,64],[-31,130],[-32,87],[-27,35],[11,91],[27,16],[32,206],[27,42],[-1,68],[49,65],[34,91],[-3,26]],[[23936,23725],[57,-2],[14,-32]],[[24007,23691],[28,-56],[0,-55],[14,-69],[1,-460],[1,-227]],[[24051,22824],[0,-28],[-43,2]],[[23846,22780],[8,106],[0,64],[-11,35],[8,61],[6,102],[-9,32],[3,68],[-3,136]],[[15855,52367],[-1,-632]],[[15703,51348],[-7,118],[-1,92],[-18,134],[-7,100],[-59,194],[-14,7],[-13,-31]],[[15584,51962],[-1,406]],[[20436,36883],[4,-48],[27,-139],[9,-142],[8,-48],[13,-194],[13,-20],[17,-113]],[[20527,36179],[12,-84],[-8,-191]],[[20531,35904],[-45,2],[-117,-8]],[[20369,35898],[-153,-1],[0,165],[-30,2]],[[20186,36064],[1,73],[-23,23],[-7,53],[-13,11],[-14,93],[-14,-27],[-15,4]],[[20101,36294],[0,364]],[[20051,57353],[195,-1],[103,0]],[[20349,57352],[0,-169],[-12,0],[0,-166],[37,0],[0,-497],[60,0]],[[20423,55466],[-21,-12],[-24,56],[-62,-13],[-26,55],[-20,18],[-10,-89],[3,-116]],[[20263,55365],[-9,25],[-16,-151],[-9,-41],[-8,-108],[-25,-73],[-15,-5],[-6,-73],[-35,6],[-5,-111],[-37,-30],[-29,11],[-37,-14],[-10,36],[-36,21]],[[22011,25934],[144,-4],[0,-12]],[[22155,25918],[-1,-826]],[[22154,25092],[-23,1]],[[22131,25093],[-122,1]],[[27093,22703],[6,-55],[21,-18],[24,-87],[19,-8],[26,-55],[20,28],[12,-32]],[[27221,22476],[5,-17],[-4,-189],[0,-177]],[[27053,21645],[-1,169]],[[26051,42103],[86,5]],[[26137,42108],[0,-168]],[[26106,41438],[-53,-1]],[[26053,41437],[-2,666]],[[23389,22695],[72,415],[27,199]],[[23519,22058],[-33,6]],[[17697,54454],[-3,-38],[-30,-34],[55,-181],[6,-91],[57,-82],[23,-201],[27,-93],[4,-63],[16,-82],[6,-85],[14,-18],[12,-75]],[[17884,53411],[-189,1],[-193,3]],[[17502,53415],[0,166]],[[17502,53581],[0,748]],[[17502,54329],[0,908]],[[17502,55237],[0,243],[13,79],[14,19],[20,-91],[16,3],[15,-87]],[[28340,33914],[23,85],[62,201],[47,165]],[[28501,34464],[-2,-73],[11,-145],[-11,-88],[-2,-88],[-17,-156]],[[28480,33914],[-11,-10],[1,-67],[15,-37]],[[28485,33800],[3,-8]],[[28488,33792],[-4,-51],[-1,-124]],[[28483,33617],[0,-16]],[[28483,33601],[-69,5]],[[24200,40101],[31,4],[62,-10]],[[24293,40095],[32,-2]],[[24325,40093],[-2,-553]],[[24323,39540],[-94,9],[-1,-112],[-31,2]],[[24197,39439],[3,662]],[[26063,32173],[13,2],[12,36],[17,13],[25,-47],[23,24],[3,-31]],[[26155,32159],[5,-39]],[[26160,32117],[-3,-84],[-45,-294]],[[26112,31739],[-10,-39],[-27,-26]],[[26075,31674],[-10,162],[-3,172],[4,88],[-3,77]],[[26041,32242],[13,44],[-5,78],[-3,146],[5,83]],[[26051,32593],[23,111],[15,17],[42,-69],[13,-45],[0,-56],[13,-27]],[[26063,32173],[-22,69]],[[26006,32815],[8,-101],[15,6],[10,-32],[12,-95]],[[26041,32242],[-20,36],[-37,-20]],[[25984,32258],[-6,63],[-30,169]],[[25948,32490],[-13,238]],[[18869,42787],[11,25],[25,-84],[4,-163],[13,-50],[2,-52],[-11,-90]],[[18781,41833],[-8,27],[-7,101],[5,60],[-18,137],[-5,206]],[[18748,42364],[-6,58],[6,53],[23,39],[19,-66],[13,4],[13,46],[4,55],[28,-15],[15,91],[2,114],[4,44]],[[26662,37106],[10,27],[21,-146]],[[26714,36598],[-9,-44],[-21,-44],[-6,-52],[-11,-15]],[[26309,36026],[12,21],[3,-83],[30,-64],[9,38]],[[26363,35938],[8,-42],[3,-69],[9,-38],[15,-174],[7,-9],[7,-107]],[[26385,35398],[-8,16],[-50,236],[-1,31]],[[26326,35681],[-11,65],[-2,55],[-11,30]],[[26302,35831],[12,23],[-5,172]],[[24807,21438],[19,-19],[38,83],[16,-16],[14,-56],[14,31],[8,-31],[9,27],[17,-38]],[[24942,21419],[-16,-97],[-1,-55],[-10,-14],[-3,-88],[-10,45],[-14,0],[-11,-83]],[[24835,20924],[-12,83],[-15,-58],[-9,19],[4,110],[4,360]],[[26481,37254],[25,-51],[9,13]],[[26455,37087],[26,167]],[[23710,50532],[25,-86],[13,5],[12,-78],[10,-9],[17,-70],[53,-11],[16,-87]],[[23788,49683],[-68,2]],[[23720,49685],[-68,2]],[[23652,49687],[0,495],[-2,85]],[[28986,47085],[-16,917]],[[28970,48002],[29,-87],[58,38]],[[29057,47953],[22,-1113],[-25,-280],[43,-102]],[[29097,46458],[4,-203],[-17,-115],[-4,-69],[4,-69]],[[29084,46002],[5,-93],[-6,-258]],[[20427,39362],[4,-51],[-26,-152],[-8,0],[-4,-84],[-29,-107],[-22,40]],[[23526,26613],[15,1]],[[23541,26614],[170,3]],[[23527,26449],[-1,164]],[[26520,31542],[-15,-99],[2,-77],[-9,-45],[3,-107]],[[26428,31051],[-57,151]],[[26371,31202],[12,64],[12,22],[0,129],[-31,399]],[[26364,31837],[-1,11]],[[21323,28417],[147,-1]],[[21470,28416],[3,-829]],[[21473,27587],[-145,-3]],[[21328,27584],[-5,833]],[[24287,28187],[0,-333],[-9,0],[5,-251]],[[24283,27603],[8,-37],[-7,-72],[4,-39],[-8,-64],[-16,-57],[-16,-98],[-6,-82]],[[24242,27154],[-20,75],[-11,94],[-22,49],[-6,41]],[[24122,27544],[-26,-22],[-28,61],[-9,-29],[-51,9]],[[24008,27563],[-39,6],[0,138]],[[29755,42692],[2,-81],[-30,19],[-24,-46]],[[29703,42584],[-15,130],[-7,14],[1,107],[-12,99],[-23,0],[-4,268]],[[29643,43202],[11,93],[58,37],[10,-120]],[[23232,28509],[29,70],[9,-4],[8,65],[12,-27],[6,-89],[17,-2],[9,-26],[21,0],[15,21]],[[23358,27569],[-18,23],[-25,79],[-7,38],[-10,-15],[-11,59],[-16,19],[-14,-27],[-26,42],[-15,-59],[-11,-4]],[[23205,27724],[1,690],[3,31]],[[23303,37122],[123,-1]],[[23426,37121],[0,-250],[-3,0],[0,-421]],[[28155,42512],[29,287],[0,205]],[[28184,43004],[109,7]],[[28293,43011],[4,-71],[16,-158],[14,-40],[9,-98],[26,-126],[8,-2],[44,-287],[5,1]],[[28419,42230],[0,-47]],[[24179,24549],[7,41],[7,149],[0,60]],[[24278,23651],[-8,33],[-14,-15]],[[24256,23669],[1,57],[-18,76],[-5,97],[-8,42]],[[28488,31141],[15,-72],[59,37],[5,84],[1,107]],[[28568,31297],[18,-18],[13,-38],[4,-107],[-12,-124],[-21,24],[17,-100],[-8,-89],[-39,-179],[-17,-53],[-14,-11],[-35,153]],[[24632,24529],[6,111],[-1,389]],[[24773,25032],[-5,-35],[7,-81],[16,-112],[10,-140],[-7,-31],[13,-98],[-4,-70]],[[24803,24465],[-34,-67]],[[24769,24398],[-9,-34],[-128,-2]],[[24632,24362],[0,167]],[[27821,27054],[-11,-45],[-9,-148],[-15,13],[-18,-12],[-14,49],[-11,-41],[-13,-131],[10,-74],[-32,-105],[-8,-86],[-34,-100],[-11,65],[-10,-11],[-1,-53],[13,-6],[-2,-130],[-23,-81],[-9,-66],[-10,8],[-23,-37],[-13,-59],[-8,1],[-16,-55]],[[27553,25950],[-9,-2],[-14,-70],[-12,71],[-10,30],[7,53],[-8,57],[4,90],[-5,121],[-9,48],[5,91],[8,44],[2,91]],[[27419,18818],[33,-299],[12,-93],[3,-105],[10,-135],[-18,-99],[-3,-76],[-1,-136],[3,-192],[6,-161],[18,-269],[17,-209]],[[27499,17044],[-12,-12],[-5,-62],[-100,1]],[[23554,38369],[0,132]],[[23554,38501],[21,64],[13,-3],[6,-48],[17,85],[18,30],[7,78],[16,28],[12,-55]],[[23664,38680],[7,-45],[16,-28],[7,-49]],[[23694,38558],[-3,-431]],[[23691,38127],[-1,-160]],[[23690,37967],[-47,3],[-89,23]],[[23554,37993],[0,376]],[[24242,27154],[7,-8],[-7,-99],[9,-146],[10,-42]],[[24078,26871],[-73,6]],[[24005,26877],[3,686]],[[27239,36319],[14,380],[27,181]],[[27399,36128],[-39,-95]],[[27360,36033],[-9,27],[-21,1],[-5,80],[-62,26],[-2,84],[-13,82],[-9,-14]],[[26221,39648],[0,27],[61,-5]],[[26282,39670],[0,-303]],[[26282,39367],[0,-87]],[[26282,39280],[-62,8]],[[26220,39288],[1,360]],[[24029,30981],[13,8],[1,551]],[[24043,31540],[104,-14],[-1,-166]],[[24146,31360],[-1,-177],[-12,-90],[0,-74],[7,-27],[-5,-116],[-9,-2]],[[24126,30874],[-13,-57],[-12,51],[-10,-63],[-11,-11],[-90,10]],[[23990,30804],[2,66],[15,11],[16,97],[6,3]],[[27573,31619],[32,3]],[[27605,31622],[83,11]],[[27731,30969],[-16,23],[-22,-5],[-28,21],[-13,-42],[-24,-6],[-11,-41],[-14,11]],[[27603,30930],[6,72],[-13,142],[5,126],[8,98],[-12,56],[-4,109],[-14,30],[-6,56]],[[27380,13125],[0,332]],[[27380,13457],[54,-2],[0,-42],[107,0],[0,27],[50,9]],[[27591,13449],[0,-248],[-4,-155],[-30,-70],[-18,-297],[-8,-83],[-2,-111],[3,-139],[5,-46],[-18,-128]],[[27519,12172],[-1,-33]],[[27518,12139],[-5,-67]],[[27513,12072],[-27,-50],[2,-38]],[[27488,11984],[-27,7],[-39,-98],[-29,2],[-8,31]],[[27385,11926],[-2,357],[-3,0],[0,842]],[[28459,36904],[11,-37],[0,-81],[34,-96],[22,5],[9,-66],[11,54],[22,-23],[3,-72],[18,-70],[4,-52],[-10,-38]],[[28561,36314],[-36,68],[2,54],[-18,66],[-15,113],[-17,-90]],[[28477,36525],[-25,26],[-6,36],[-4,99]],[[16821,35354],[118,0],[144,4]],[[17083,35358],[93,-467],[93,-475]],[[17269,34416],[127,-655],[93,-486],[148,-779]],[[17637,32496],[55,-295]],[[17138,32178],[-80,2],[-24,-18]],[[16936,33984],[-8,171],[8,21],[0,81],[-14,177],[-3,83],[-23,136],[-18,38],[-7,43],[-17,7],[-5,51],[-3,142],[5,35],[-14,128],[-7,-25],[-13,54],[-1,96],[9,80],[-4,52]],[[15975,34186],[6,66],[22,57],[18,-40]],[[16290,33074],[-1,-30],[16,-92],[-12,-82],[5,-100],[16,-31],[0,-39],[15,-66],[17,-50],[13,-79],[20,-9],[12,-109]],[[16391,32387],[11,-2],[9,-54],[-4,-60],[11,-51],[2,-58]],[[16104,32174],[-19,119],[-13,60],[-7,156],[-7,68],[-17,35],[-17,182],[-23,142],[-33,106],[-5,52],[-13,57],[2,66],[-6,160],[-9,123],[6,66],[-2,66],[-11,23],[4,70],[9,49],[12,-64],[12,65],[8,121],[6,201],[-6,89]],[[19984,34471],[151,0],[2,-14],[110,2]],[[20247,34459],[131,3]],[[20378,34462],[10,-208],[-4,-143],[4,-341],[4,-108],[5,-216],[-5,-83],[-2,-131],[-20,-45],[-7,-57],[57,-126],[33,-249],[58,-166]],[[20511,32589],[-12,-77],[-17,13],[-3,-33],[-21,32]],[[20458,32524],[1,45],[-97,-1],[3,-136],[-54,0]],[[20311,32432],[0,68]],[[20311,32500],[0,67],[-178,-5],[0,415],[-103,0],[-103,6]],[[19927,32983],[0,413],[0,456],[2,246],[17,100],[7,8],[22,82],[-1,94],[10,89]],[[28002,37531],[-63,302]],[[27582,41476],[127,-8]],[[27659,40568],[-24,32],[-1,47],[13,26],[-75,154],[-49,275]],[[27523,41102],[51,252],[9,7],[-1,115]],[[23863,46399],[132,0]],[[23995,46399],[0,-81]],[[23995,46318],[0,-582]],[[23995,45736],[-132,2]],[[23863,45738],[0,661]],[[28777,48588],[115,-354]],[[28892,48234],[-28,-221],[18,-54],[-4,-121],[-15,-6],[2,-74],[-17,6],[-43,-176],[-22,10],[-3,-176],[17,-6],[4,-191]],[[28682,47209],[-3,140],[-7,119],[-17,76],[11,50],[16,-33],[21,63],[-1,67],[-20,108],[20,58],[-5,66],[-20,22],[5,-77],[-18,-60],[-10,37],[1,88],[-17,31],[-3,54],[16,180],[19,9],[22,69],[1,78],[18,36],[27,92],[8,-9],[31,115]],[[29579,43318],[12,9],[-2,-167],[54,42]],[[29703,42584],[-22,33],[-33,-33],[-15,19],[-30,-37],[-5,98],[-28,-175],[-10,11],[-16,-80]],[[29487,42992],[-2,70],[46,17],[-3,82],[20,25],[9,68],[22,64]],[[22245,22076],[95,-2]],[[22340,22074],[104,2]],[[22444,22076],[1,-688]],[[22445,21388],[-93,-1]],[[22352,21387],[-106,-8],[0,291]],[[19140,27215],[0,-471],[0,-827]],[[19140,25917],[-110,0],[-87,-5],[0,-19],[-115,0],[0,10],[-177,0]],[[18651,25903],[0,830],[4,616],[11,-21],[19,-94],[139,1],[1,497],[151,0]],[[15579,44013],[24,9],[28,-11],[92,2],[94,10],[24,-2]],[[16076,44000],[-3,-90],[3,-331],[0,-662],[0,-469]],[[15783,42447],[-4,83],[3,207],[-14,51],[-11,-68],[-15,-3],[-3,-63],[-15,-32],[-4,-52],[-14,-31],[-10,-55],[-21,5],[-14,-53],[-10,-124],[2,-61],[12,-15],[7,-82],[-5,-59],[-14,26],[-20,-15],[-5,81],[-22,61],[-29,-5],[-10,90],[-22,76],[-15,32]],[[28459,38219],[-11,56],[-22,-116]],[[28426,38159],[0,1]],[[28368,38395],[-37,35],[-18,134],[6,68],[13,73]],[[25846,27589],[8,-35],[-5,-59],[3,-82],[-10,-44],[-11,0],[-7,-65],[0,-73],[-12,-46],[12,-103],[-9,-42]],[[25815,27040],[-6,-33],[-1,-124]],[[25808,26883],[-9,-3],[-14,52],[-3,45],[-60,-3],[-16,-35]],[[25706,26939],[-14,27],[-10,65],[0,114],[-16,15],[0,154]],[[16007,50218],[59,0],[0,499],[12,-1],[0,339]],[[16078,51055],[29,15],[34,-64],[8,-124],[15,6],[13,73],[39,16],[8,-28]],[[16341,49856],[5,-165],[-3,-58],[14,-99],[-5,-65],[24,-83]],[[16376,49386],[-200,3],[-177,4],[-8,8]],[[27176,35975],[-43,-74],[16,-93],[-28,-78]],[[23449,25644],[96,-1],[11,-20],[6,67]],[[23586,25688],[0,-71],[-11,-162],[-14,-132],[0,-83],[-6,-170],[1,-184],[25,1]],[[23581,24887],[0,-91],[7,-43],[9,-113]],[[23597,24640],[-135,2]],[[23449,25200],[0,444]],[[24981,35109],[66,1]],[[25079,34437],[-16,-4],[-2,60],[-17,100],[-12,-36],[-3,-68]],[[25029,34489],[-18,58],[0,88],[-10,74],[-14,142],[1,98],[-8,2]],[[6639,93583],[0,-263],[-14,0],[0,-166],[63,0],[0,-165],[63,0],[0,-165],[63,0],[0,-165],[-16,0],[0,-495],[124,0],[0,-165],[44,0],[0,-661],[-18,0],[0,-165],[-181,0],[0,-330],[-181,0],[0,-165],[-13,0],[0,-330],[-119,0],[0,165],[-59,0],[0,165],[-119,0],[0,-330],[-120,0],[0,330],[-238,0],[0,-661],[-297,0],[0,-330],[-176,0],[3,-330],[0,-496]],[[5448,88861],[-58,0],[0,-165],[-303,0],[-266,0],[-272,0],[-260,0],[0,330],[-58,0],[0,331],[-79,0],[0,660],[-20,0],[0,661],[-22,0],[0,200]],[[4110,90878],[84,21],[66,1],[53,-32],[-24,-46],[7,-116],[-9,-69],[-25,-76],[-8,-184],[15,-78],[-29,-115],[-28,-14],[0,-45],[38,5],[14,-127],[21,-82],[41,-42],[37,50],[45,4],[15,-36],[35,-16],[54,60],[24,-16],[30,27],[37,-112],[47,38],[24,-56],[28,24],[37,72],[31,-29],[29,-55],[27,14],[49,187],[26,192],[17,39],[40,-3],[10,-73],[38,-19],[24,40],[3,-76],[20,3],[6,78],[-42,198],[-62,72],[-49,42],[-45,-4],[-59,-85],[10,142],[2,118],[-9,80],[-20,73],[-35,80],[-19,139],[-25,58],[-61,32],[-12,100],[-29,144],[6,78],[26,18],[5,67],[25,-43],[26,35],[22,-138],[31,-130],[30,-68],[-18,-112],[1,-111],[32,-113],[8,-62],[37,-96],[61,-123],[69,75],[9,83],[-52,7],[-41,154],[-57,151],[-14,62],[11,83],[-5,78],[23,97],[-3,60],[21,94],[20,38],[44,-26],[-1,58],[-28,24],[-10,51],[-27,-21],[-19,84],[-21,12],[-72,-52],[-30,-50],[-36,-4],[-39,-32],[-34,28],[-38,106],[-50,-27],[-30,4],[-117,91],[-56,32],[-22,56],[-3,227],[-30,300],[-41,260],[-23,103],[-25,69],[-98,176],[-93,252],[-101,251],[-40,88]],[[30701,48206],[-1,0]],[[30700,48206],[1,0]],[[30614,49195],[17,15],[6,-163],[97,111],[6,-35]],[[30740,49123],[-9,-112],[9,-90],[3,-101]],[[30743,48820],[-9,-83],[1,-45],[-18,-14],[-27,-54],[13,-127],[-2,-60],[-21,-143]],[[30680,48294],[-26,12],[-41,208],[-21,-107],[-18,37]],[[30547,48473],[17,230],[14,-13],[7,167],[-13,13],[7,170],[-19,13],[-3,87]],[[27212,33022],[17,95],[14,-8],[3,134],[8,36],[20,-16]],[[27274,33263],[45,141],[14,-56],[5,-72],[16,55]],[[27354,33331],[28,-144],[-2,-172]],[[27380,33015],[-2,-345]],[[27378,32670],[-26,6],[-15,-25]],[[27337,32651],[-19,-33],[-27,16],[-21,-22],[-16,-54]],[[27254,32558],[-5,50],[-19,95],[-8,1],[-29,84]],[[27193,32788],[13,48],[12,110],[-6,76]],[[21749,31005],[152,2]],[[21901,30176],[-113,1]],[[21788,30177],[-40,0]],[[21748,30177],[1,828]],[[26094,36360],[25,-97],[65,61]],[[26184,36324],[4,-141]],[[26119,35864],[-14,-85],[-20,-251]],[[27803,38217],[13,125],[-1,77],[-10,44],[5,104],[10,96],[-54,-7]],[[27766,38656],[1,21]],[[28769,45385],[-2,128]],[[27371,25010],[17,-97],[-21,-93],[-3,44],[-14,-57],[14,-45],[-17,-97],[-14,36],[-9,-90],[11,-36],[-26,-167],[-7,7]],[[27302,24415],[-5,72],[-1,99],[10,70],[-14,119],[-21,-9],[-12,178],[-17,97],[-6,79]],[[23005,51674],[4,-165]],[[23009,51509],[-185,0]],[[22824,51509],[0,109],[-9,8],[0,545],[-6,0]],[[22809,52171],[0,662]],[[24202,22963],[20,0],[-7,318],[0,362],[30,-29],[11,55]],[[24357,23114],[-7,-48]],[[24332,22740],[-111,1]],[[24221,22741],[-7,83],[-12,84],[0,55]],[[12767,72626],[37,3],[32,-39],[23,-97],[12,-122],[2,-94],[8,-42],[25,-21],[17,-72],[7,-82],[33,-84],[6,-99],[16,-63],[-30,-58],[-25,-90],[-22,-23],[-49,32],[-25,36],[-12,-100],[-22,-56],[-14,55],[-28,-6],[-16,39]],[[12742,71643],[-10,170],[6,67],[-15,63],[-7,116],[-17,67],[22,15],[1,212],[62,128],[-17,145]],[[12691,74080],[12,1],[10,76],[18,3],[28,-80],[36,0],[11,-61],[32,4],[7,-42],[19,3],[7,46],[22,-63],[9,-95],[-13,-94],[21,-71],[43,13],[1,46]],[[12954,73766],[28,-211],[53,-295],[32,-249],[-34,-229],[90,-88],[-19,-295]],[[12981,72065],[8,63],[-32,63],[-41,118],[-7,91],[-20,58],[-19,138],[29,21],[-24,78],[-23,22],[-17,49],[-30,13],[-6,51],[-30,-20],[-41,84],[-11,44],[2,100],[-10,67],[13,42],[66,21],[-10,77],[-20,-3],[-27,42],[-4,129],[-16,102],[2,130],[-28,65],[-16,96],[6,153],[25,11],[15,-64],[35,-45],[45,-105],[10,23],[-26,90],[-13,3],[-27,113],[-28,75],[-20,20]],[[23027,24548],[-62,36]],[[22965,24584],[-49,494]],[[22992,31421],[24,20],[11,34],[7,65],[9,9],[0,-338]],[[23043,31211],[0,-333],[-14,0],[0,-391]],[[23029,30487],[-10,-78],[-14,89],[-19,-29],[-22,-85],[-14,83]],[[22950,30467],[-1,963],[15,38],[20,-63],[8,16]],[[15540,53143],[-45,4],[-90,-5],[-68,5]],[[15337,53147],[3,140],[29,104],[32,40],[3,47],[-37,24],[-10,95],[-26,22],[-8,-39],[6,-144],[-13,-35],[2,128],[-2,188],[-9,238],[-8,132],[-12,37],[-11,93],[-5,95],[-5,245]],[[28550,37331],[-28,17],[-12,-141],[-15,-85],[7,-66]],[[28502,37056],[-6,-45],[9,-111],[-3,-34],[-17,62],[-6,66],[-10,35],[-14,198],[-21,-72],[-32,-91],[-12,44],[-7,188],[10,134],[5,7],[25,152]],[[23451,20510],[2,8]],[[23453,20518],[-2,-8]],[[23450,20902],[150,10]],[[23624,20289],[-4,-12]],[[23591,20278],[-13,-30],[-7,59],[-60,-91],[17,219],[3,103],[-2,126],[-10,58],[-23,-59],[-10,-71],[-6,-96],[-10,-30],[-6,35]],[[23464,20501],[-3,97],[6,60],[-5,151],[-12,93]],[[26878,18633],[72,1],[0,-55],[43,4]],[[27051,18222],[-55,0],[0,-83],[-119,-3]],[[26877,18136],[3,181],[5,18],[-1,144],[-6,79],[0,75]],[[16515,55371],[1,89],[-8,82],[41,101],[22,-67],[-6,-69],[20,-67],[29,126],[4,37],[18,-11],[10,-50],[16,-2],[5,91],[8,35],[12,-24],[36,91],[19,-25],[8,-44],[7,-133],[15,-49],[-9,-108]],[[16477,53959],[-19,13],[-5,67]],[[25077,28892],[88,1]],[[25165,28893],[29,0]],[[25194,28893],[0,-502]],[[25194,28391],[-59,2],[0,-111],[-29,0],[1,-28]],[[25107,28254],[-44,-2]],[[26354,37318],[20,30],[2,65]],[[26376,37413],[7,-23],[15,57],[54,41]],[[26452,37488],[12,-54]],[[26464,37434],[0,-99],[17,-81]],[[27666,35061],[16,76],[-7,104],[17,41],[18,97],[9,17],[18,-69],[26,160]],[[27850,35359],[-16,-35],[3,-101],[-7,-74]],[[27779,34578],[-10,16],[-5,-81],[-13,45],[-14,-7]],[[24007,23691],[19,41],[42,206],[12,79]],[[24202,22963],[-14,-3],[-16,73],[-7,-43],[-19,-51],[-1,-82],[-9,-29],[-22,4]],[[24114,22832],[-35,5],[-28,-13]],[[29160,40675],[26,50],[4,49],[36,193],[7,87]],[[29233,41054],[24,9],[25,-73],[20,-24],[0,-204],[-16,-376]],[[29286,40386],[-10,-24],[-11,91],[-14,-57],[-18,3],[-11,111],[-40,10],[-41,-178]],[[20615,34462],[43,-4],[185,1],[92,5]],[[20935,34464],[-1,-605],[1,-879]],[[20815,32981],[-119,-1],[0,83],[-133,0]],[[20563,33063],[5,242],[-7,128],[6,85],[-13,94],[7,44],[-7,70],[6,53],[-5,84],[12,32],[4,48],[23,1],[0,237],[9,129],[-10,89],[4,63]],[[24782,30132],[9,66],[11,3],[7,-51],[20,-50],[29,84],[5,40],[52,-1]],[[24915,30223],[0,-165],[15,0],[0,-250]],[[24930,29808],[-15,-1]],[[24915,29807],[-133,1]],[[24336,55833],[24,-7],[4,-110],[-3,-51],[20,-34],[19,-7],[1,-94],[22,46],[16,-37],[17,40],[33,28],[47,184],[14,15]],[[24550,55806],[3,-573],[-1,-807]],[[24552,54426],[-38,-174],[-25,-171],[-21,-85],[-11,-75],[-32,-144],[-26,-66],[-19,-104],[-17,-58],[-25,-125]],[[22783,18051],[59,314]],[[22947,18161],[5,-50]],[[22952,18111],[-5,-35],[-15,59],[-5,-46],[16,-84],[3,-87]],[[22946,17918],[-93,-88],[6,-89],[23,-47]],[[22882,17694],[-35,-116],[-21,-127]],[[22826,17451],[-11,3]],[[22815,17454],[-8,72],[-19,18],[-7,27],[-10,-29],[-18,89],[-17,-8]],[[24914,30648],[1,-425]],[[24753,30391],[17,93],[-1,76],[-17,89]],[[16479,38413],[0,-129],[27,-126]],[[16506,38158],[7,-131],[-24,-169],[-30,-140]],[[16459,37718],[-11,6],[-7,-123],[-21,-23],[-6,-78],[-11,-55],[-23,-22],[-43,-70],[-33,-16],[-37,99],[-24,-2],[-11,-56],[-34,-13],[-5,-18]],[[16193,37347],[-25,398],[-7,-10]],[[19336,52956],[-20,-1],[-42,109],[-17,-28],[-6,26],[-18,-21],[-3,-38],[-18,13],[-5,-32],[-18,3]],[[19083,53203],[5,26],[-2,493],[-35,1],[1,264],[-6,27],[0,112],[6,98],[35,0],[0,110]],[[23370,32208],[39,-1],[0,-332]],[[23431,31532],[-21,-165],[-9,-1],[-21,-202],[-9,6],[-13,65],[-10,-19]],[[23348,31216],[0,493],[-102,0]],[[23246,31709],[0,332],[-15,0],[0,249]],[[25589,36183],[9,-38]],[[25598,36145],[14,-55],[15,-15],[10,-104],[17,28],[7,128],[0,49],[18,69]],[[25679,36245],[24,-92],[-5,-85],[16,6],[10,-94],[-1,-102]],[[25663,35540],[-16,12],[-47,105],[-40,117]],[[25560,35774],[4,78],[28,69],[-9,112],[6,150]],[[24913,23034],[21,1]],[[25019,23050],[2,-192]],[[25021,22358],[-57,1],[0,-250],[-14,0],[-14,-27],[0,-84],[-12,1]],[[24924,21999],[-22,106],[-15,171],[-5,116]],[[16506,38158],[89,-420]],[[16595,37738],[-9,-131],[-1,-78],[22,-199],[-8,-125],[2,-44],[-16,-32],[-5,-128]],[[16580,37001],[-17,73],[0,78],[-15,21],[-14,-30],[-23,-86],[-37,147]],[[16474,37204],[-10,43],[-5,103]],[[16459,37350],[0,368]],[[24655,26696],[57,1],[0,164],[24,3]],[[24683,25905],[-9,73],[-19,0],[0,83],[-10,0],[-8,56]],[[24637,26117],[-1,82]],[[24636,26199],[7,52],[-12,76],[13,48],[-8,123],[-10,32],[29,166]],[[28399,39658],[61,-1]],[[28460,39657],[59,2]],[[28519,39659],[-20,-361],[-7,-108],[0,-238]],[[27115,33735],[50,-4]],[[27165,33731],[-9,-45]],[[27156,33686],[-8,-99],[3,-131],[-5,-20],[-4,-126]],[[27142,33310],[3,-83],[-13,-17],[-7,33],[-19,-40],[-17,-91]],[[27089,33112],[-4,-43]],[[27085,33069],[-13,44],[-5,80],[-12,63],[2,51],[23,161],[-9,65]],[[20527,36179],[16,-10],[27,92],[12,-59],[10,104],[19,108],[17,-144],[12,1],[4,-54]],[[20644,36217],[11,-66],[102,37],[82,-158]],[[20839,36030],[-29,-146],[-26,-251],[0,-66],[-20,-85],[-8,-67],[-10,2],[-4,-88],[-14,-82],[-37,-40],[-14,18],[-17,-38],[-12,-65],[-22,-86],[-11,-6]],[[20523,35573],[-4,69],[6,99],[0,79],[6,84]],[[19285,36667],[11,96],[-8,42],[3,90],[-11,34],[-6,99],[-18,84],[8,59],[-4,59],[5,65],[-7,36]],[[19527,37331],[0,-428],[5,-233]],[[19532,35395],[-1,-209],[0,-717]],[[19531,34469],[-161,-1],[-105,-1]],[[19265,34467],[-131,0],[-8,12],[-70,-2]],[[22144,30132],[68,1],[5,84],[0,84],[44,-2],[0,19]],[[22301,29967],[1,-84],[-17,-11],[-10,-87],[-11,-224],[8,-165]],[[22272,29396],[-24,147],[-10,13],[-14,66],[-7,-161],[-19,45]],[[22198,29506],[-7,26],[-23,13],[-5,-80],[-27,7],[-16,82],[-25,163]],[[22095,29717],[49,0],[0,415]],[[26602,32718],[3,48],[28,140],[25,-9]],[[26658,32897],[2,-37],[24,-3],[22,-29],[10,-34],[6,-68]],[[26541,35458],[16,-59],[24,14],[3,52],[14,-18],[7,48],[21,-59]],[[26635,35109],[-1,-90],[7,-55]],[[26641,34964],[-23,81],[-8,82],[-11,-13],[-30,22]],[[27053,20587],[11,39],[19,16],[9,87],[13,13],[14,69],[64,7]],[[27183,20818],[4,-71],[12,-82],[0,-262]],[[27199,20403],[1,-240],[8,-81],[4,-110],[12,4]],[[27155,19835],[4,90],[-21,-1],[0,112],[-9,-1],[0,111],[-19,-2],[0,66],[-19,-31],[-6,22],[-26,-41],[-8,-45]],[[24502,46719],[149,0]],[[24651,46719],[1,-479]],[[24515,45889],[-5,176]],[[24510,46065],[-1,93],[17,136],[17,102],[-20,138],[-20,44],[-1,141]],[[22436,30381],[147,0]],[[22583,30381],[1,-332]],[[22584,30049],[-15,0],[0,-332]],[[22569,29717],[-28,0],[0,-82],[-15,-28],[-58,0],[0,-55],[-29,1],[-15,-28]],[[22424,29525],[0,193],[-46,0],[0,166]],[[26874,22263],[30,-11]],[[26904,22252],[34,-15]],[[26938,22237],[1,-854]],[[26883,20799],[-22,57],[-18,138]],[[26843,20994],[11,61],[-9,42],[0,669]],[[25492,37461],[15,185],[18,36],[8,97],[2,97],[-9,62],[-1,65]],[[25525,38003],[3,96]],[[25528,38099],[78,-2],[0,12]],[[25606,38109],[40,-7]],[[25466,37168],[8,125],[12,52],[6,116]],[[27467,30309],[67,-6]],[[27643,30289],[1,-79],[10,-49],[5,-84],[26,-154],[-7,-10],[-7,-148]],[[27156,33686],[91,-26]],[[27247,33660],[0,-55],[8,-95],[14,-94],[5,-153]],[[27212,33022],[-21,69],[-24,140],[-25,79]],[[28477,36525],[9,-148]],[[28486,36377],[-3,-49],[19,-109],[15,-41],[3,-61],[13,-123],[15,-54]],[[28548,35940],[-19,-80]],[[9773,87259],[88,-68],[30,41],[32,209],[28,82],[-19,43],[7,139],[-8,47],[9,77],[30,28],[-3,42],[35,60],[16,68],[44,90],[47,13],[37,178],[2,102],[-10,55],[20,38],[7,69],[17,36],[21,-34],[24,23],[37,106],[52,59],[38,-60],[36,11],[29,106],[35,80],[18,12],[48,122],[15,186],[63,210],[30,34]],[[10628,89463],[0,-967],[0,-662],[0,-1867],[0,-1742],[0,-536],[0,-1088],[0,-642]],[[9098,84371],[0,589],[-141,0]],[[8957,84960],[0,709],[0,777]],[[24708,53545],[8,135],[11,6],[-2,-99],[-17,-42]],[[24655,53391],[5,38],[30,50],[-5,-84],[-26,-34],[-4,30]],[[24624,53438],[14,22],[8,-78],[-14,-8],[-8,64]],[[24617,53129],[16,29],[33,142],[13,-47],[-29,-57],[4,-59],[-16,-7],[-15,-62],[-6,61]],[[24579,52748],[5,-5],[32,81],[23,78],[9,-19],[36,-137]],[[24753,51597],[-104,0]],[[24649,51597],[-69,-1],[0,331]],[[24580,51927],[0,663],[-1,158]],[[28172,29383],[21,-185],[1,-155],[4,-58],[1,-202],[-4,-87],[3,-80]],[[28198,28616],[-6,-165],[-11,71],[-31,55],[-36,13],[-39,-24],[-45,-98]],[[22775,46865],[76,0]],[[22851,46865],[57,0]],[[22908,46865],[0,-793]],[[22908,46072],[-65,-1]],[[22843,46071],[0,165],[-67,-1]],[[22776,46235],[-1,630]],[[17640,40435],[93,0],[71,-10],[106,0],[139,-9],[89,-2]],[[18138,40414],[0,-402]],[[18138,39320],[-1,-1025],[0,-626]],[[18137,37669],[-162,1],[-103,-1]],[[17872,37669],[-167,616],[-85,308]],[[26828,29912],[3,18]],[[26832,29939],[15,94],[84,279]],[[26931,30312],[10,-96],[-4,-45],[3,-231],[7,-48],[2,-79],[30,-139]],[[26979,29674],[-85,-376],[-34,-144]],[[26860,29154],[-1,76],[-8,71]],[[26851,29301],[-6,99],[-11,49],[-9,179],[-10,51],[-25,-15]],[[18664,44002],[14,-1]],[[18678,44001],[167,3]],[[18845,44004],[10,-136],[-10,-144],[13,-66],[6,-156],[6,-27],[-2,-84],[7,-45],[-8,-65],[-4,-169],[-16,-128],[-3,-79]],[[18844,42905],[-43,11],[-11,-30],[-6,-71],[-11,-11],[-8,42],[-20,12],[-5,53]],[[18740,42911],[-8,83],[0,118],[-8,41],[-11,-36],[-7,111],[-3,134],[-9,71],[6,210],[-6,92],[-20,133],[-10,134]],[[27202,35980],[14,-10],[10,-70],[29,-290],[5,-97],[23,-69]],[[27283,35444],[-10,-22],[-13,-93],[-2,-49]],[[24146,31360],[64,-9]],[[24210,31351],[39,-2]],[[24249,31349],[-2,-565]],[[24246,30681],[-29,4],[-1,-166],[-51,8],[-10,-54],[-9,92],[-17,3]],[[24129,30568],[-13,50],[-2,52],[15,102],[-3,102]],[[27151,37572],[18,-137],[31,111]],[[27291,37384],[-25,-106],[8,-185],[7,-212]],[[27239,36319],[-16,-2],[-5,37]],[[27090,36999],[4,139],[18,57],[32,75],[-9,106],[1,129],[15,67]],[[26432,28670],[8,77],[16,-13],[9,78],[17,35]],[[26482,28847],[-6,31],[9,156],[7,37]],[[26560,28994],[-14,-228],[19,-149]],[[26565,28617],[-51,-274]],[[26514,28343],[-11,-64]],[[26503,28279],[-15,47],[-23,145],[-13,37],[-15,88],[-5,74]],[[21215,34471],[53,-1],[32,-8],[182,-4]],[[21482,34458],[4,0]],[[21486,34458],[-1,-275],[0,-664]],[[21449,33518],[-114,0],[-120,0]],[[21215,33518],[0,953]],[[26210,41942],[75,9]],[[26285,41951],[1,-371]],[[26286,41283],[-75,-8]],[[24241,21693],[-10,97],[0,166],[-19,0],[0,83],[-69,0]],[[24143,22039],[8,29],[4,74],[52,8],[0,57],[14,-1],[3,168],[8,34],[0,179],[-11,49],[0,105]],[[27454,34938],[36,77],[14,59]],[[27504,35074],[29,100],[18,-52]],[[27574,34687],[-29,-66],[-18,-99],[-47,-46],[-8,-34]],[[27462,34642],[14,84]],[[23231,23210],[12,-28],[18,0],[7,-81],[-13,-89],[12,-122],[5,7]],[[23119,22692],[-13,169],[4,50],[-11,69]],[[5096,84072],[0,495],[53,0],[-6,165],[0,331],[53,0],[0,165],[108,0],[0,165],[50,0],[0,165],[54,0],[0,496],[-58,0],[0,660],[-5,0],[0,661],[53,0],[0,330],[56,0],[0,331],[-3,330],[57,0],[-2,495],[-58,0]],[[10628,94533],[0,-1085],[0,-736],[0,-1962],[0,-1287]],[[8665,86611],[-302,0],[0,28],[-149,0],[-296,0],[-154,-688],[-35,-1],[-31,45],[8,46],[-21,47],[-64,0],[-18,-96],[8,-42],[-63,0],[0,-330],[-48,0],[0,-330],[-180,0],[0,-331],[18,0],[0,-247],[53,0],[0,-83],[53,0],[0,-231],[-159,-872]],[[7285,83526],[0,-826]],[[5186,82039],[-106,0],[0,496],[-37,0],[0,660],[14,0],[0,661],[15,0],[0,191],[24,25]],[[20663,51226],[12,0],[0,667],[15,0]],[[20690,51893],[103,-1],[0,-155],[35,0],[0,-161],[71,-3],[0,-166],[26,1]],[[20925,51408],[0,-618],[1,-658]],[[20926,50132],[0,-410],[-5,-1]],[[20921,49721],[-160,2],[-113,3]],[[20648,49726],[0,671],[14,0],[2,173],[-1,656]],[[24661,21545],[-2,-104]],[[24659,21441],[-77,-102],[-13,-88]],[[24569,21251],[-12,23],[-28,-31]],[[24529,21243],[0,87],[10,140],[14,266]],[[27719,29332],[7,-13]],[[27726,29319],[9,-15],[15,-113]],[[27750,29191],[-7,-90],[15,-138],[-3,-93],[5,-47],[-2,-84],[7,-90],[18,-93],[7,-10],[10,-95],[13,-23],[-1,-61]],[[27812,28367],[-16,38],[-17,-66],[-15,-17],[-43,74],[-21,1],[-5,39],[-15,1],[-10,90],[-12,5]],[[27631,28649],[22,79],[-3,28],[-27,86]],[[15195,55219],[-9,52],[-10,161],[-5,146],[1,75],[-11,117],[11,82],[-4,52],[13,174],[-20,95],[20,19],[14,-46],[12,2],[52,-159],[36,-38],[33,-84],[23,-82],[51,-44],[25,2],[19,23],[33,-62],[11,31],[12,-37],[23,-27],[52,1],[21,91],[27,-87],[8,-75],[33,28],[-2,-58]],[[26487,36098],[1,-55],[21,25]],[[26509,36068],[11,14],[-1,-85],[24,-92],[13,25],[15,-9],[16,-84]],[[26587,35837],[-8,-3],[-21,-99],[-2,-51],[-21,-178]],[[26484,35551],[-10,145],[8,37],[7,266],[-7,27],[5,72]],[[22784,21923],[-34,-400],[-44,-270]],[[22706,21253],[-16,-85]],[[22690,21168],[-130,635]],[[22560,21803],[14,133]],[[24081,41316],[22,2]],[[24103,41318],[80,12]],[[24183,41330],[0,-478]],[[24183,40852],[-93,-6]],[[27302,24415],[-12,-1]],[[27290,24414],[-18,54],[-4,77],[-10,-9],[-6,84],[-12,28],[-8,136],[-27,82],[-17,-6],[-8,37],[-8,101],[-27,109]],[[27145,25107],[-11,30],[-7,91]],[[26767,26742],[7,74],[-5,80],[4,101]],[[26858,27298],[2,-122],[22,-91]],[[26921,26505],[-11,-4],[-27,-62],[-6,17],[-25,-53],[-9,78],[-40,-96]],[[27372,33635],[18,-5]],[[27390,33630],[37,6],[26,-8]],[[27453,33628],[48,-14]],[[27501,33614],[-3,-551]],[[27498,33063],[-1,-38]],[[27497,33025],[-3,35],[-19,-4],[-4,52],[-19,-9],[-10,-53],[-9,31],[-35,-28],[-18,-34]],[[27354,33331],[6,32],[-8,66],[13,91],[7,115]],[[24550,25155],[21,-59],[11,-4],[10,63],[30,75],[-5,40],[18,96]],[[24632,24529],[-32,-1],[3,78],[-48,67],[-65,16]],[[21755,47516],[21,15],[32,-93],[8,-62],[11,-8],[4,-72],[32,-6],[18,52],[24,-8],[16,-44],[15,25],[21,-36]],[[21957,47279],[13,-35],[17,29]],[[21992,46656],[-142,-1],[-141,-1]],[[21724,25936],[0,7]],[[21724,25943],[143,-5]],[[18419,52141],[0,-83],[-69,-1],[3,-165],[-1,-173],[-14,-57],[-32,-66],[-10,-78],[-11,0]],[[18285,51518],[-25,19],[-15,58],[-7,105],[-32,4],[14,144],[-12,76],[3,51],[-11,43],[14,50],[6,83],[-9,31],[1,136],[-13,97],[-13,187],[18,164],[2,67],[-7,60]],[[24513,26852],[-10,-82],[-3,-75],[14,-42],[8,57],[-1,95],[14,-7],[6,-95],[-2,-72],[-21,-87],[-4,-58],[-1,-117],[29,-45],[-1,-47],[-15,-55],[-10,-63],[2,-70],[8,-36],[19,42],[2,-59]],[[24547,26036],[-8,-27]],[[24539,26009],[-10,0],[-7,-46],[-91,-1]],[[24431,25962],[4,84]],[[20327,42094],[129,-2],[125,3]],[[20581,42095],[93,0]],[[20674,42095],[0,-410],[0,-828],[-31,1],[0,-167]],[[20643,40691],[-89,-1],[-5,-7],[-73,5]],[[20420,41119],[-5,67],[-10,-12],[0,98],[-11,144],[-30,334],[-20,100],[-2,62],[-14,60],[-1,122]],[[22628,38869],[156,-1]],[[22784,38868],[0,-332]],[[22784,38536],[0,-332]],[[22784,38204],[-155,1]],[[22629,38205],[-1,498]],[[22628,38703],[0,166]],[[26853,30787],[44,135],[9,9]],[[26906,30931],[22,40],[30,97],[10,-44]],[[27006,31031],[-3,-655],[23,-128]],[[26931,30312],[0,126],[-10,81],[-6,147],[-13,31],[0,101],[-16,-26],[-33,15]],[[24510,23028],[32,0]],[[24542,23028],[65,1]],[[24476,22362],[-3,8]],[[24473,22370],[-2,76],[10,120],[11,58],[13,334],[5,70]],[[22321,37706],[152,1]],[[22475,37373],[0,-498]],[[22475,36875],[-121,1]],[[22354,36876],[-33,0],[0,166]],[[22321,37042],[0,664]],[[17491,52523],[17,-103],[31,0],[7,-79]],[[17546,52341],[12,-139],[32,-139],[-12,-30],[-22,10],[-28,-106],[-51,80],[-10,-18],[-7,-90],[-10,-31],[0,-173],[-4,-71],[-14,53],[-19,4],[-3,-74],[-12,9]],[[6116,76137],[-37,-33],[-28,-77],[-35,-70],[-42,-50],[-44,-101],[-60,-99],[-38,-18],[-32,90],[-4,112],[-10,59],[-51,99],[15,111],[8,260],[-14,-2],[-23,-160],[-43,-94],[-7,-118],[5,-58],[-8,-70],[-21,-14],[14,-203],[15,-123],[6,-94],[14,-25],[-27,-166],[-28,-29],[-45,60],[-17,126],[-61,433],[-19,105],[-25,94],[-38,47],[15,92],[-18,81],[-22,-46],[-24,-136],[5,-70],[-30,-61],[-25,116],[-4,86],[-40,15],[-27,66],[-18,76],[15,63],[-22,110],[-14,2],[-36,-78],[-66,-204],[-21,-101],[-14,57],[-23,-13],[-20,-70]],[[5033,75642],[8,205],[38,90],[13,-1],[36,101],[11,-15],[-18,-123],[-32,-279],[-23,-55],[-21,14],[-12,63]],[[5038,76089],[-18,-49],[-44,-55],[-12,-61]],[[18636,41658],[-65,587]],[[18571,42245],[85,145],[60,-1],[8,-29],[24,4]],[[20378,34462],[80,1]],[[20563,33063],[-13,-17],[-2,-117],[-7,-41],[0,-73],[-19,-180],[-11,-46]],[[23498,27537],[-3,-726]],[[23409,26910],[1,676]],[[20263,55365],[17,0],[0,-170],[27,0],[0,-647],[-10,0],[0,-333],[35,0],[0,-331],[24,0]],[[20356,53884],[0,-611]],[[20356,53273],[0,-27]],[[20356,53246],[-177,-2],[0,28],[-208,-1],[0,-15],[-118,0]],[[23522,26662],[4,-49]],[[23528,26180],[-16,15],[-17,-131],[-44,-105],[-3,2]],[[23448,25961],[-22,1],[-5,29],[-14,-9],[-5,42]],[[23402,26024],[0,634]],[[16328,34556],[-15,-82],[2,-93],[-19,0],[-73,-405]],[[16141,34397],[-9,42],[0,81],[10,81],[-9,47],[4,80]],[[29193,43225],[29,80],[3,-52],[35,-44],[-2,63],[18,-18],[4,-48],[28,17]],[[29308,43223],[-12,-128],[-1,-126],[5,-34]],[[29300,42935],[10,-87],[-9,-129]],[[29301,42719],[-71,-348]],[[29230,42371],[-37,115]],[[29193,42486],[-91,294]],[[25668,36766],[63,3]],[[25731,36769],[-2,-125],[5,-117],[3,-152],[-12,-1]],[[25725,36374],[-12,-20],[-19,-100],[-15,-9]],[[25598,36145],[1,90],[11,89],[36,167],[8,112],[14,0],[0,163]],[[20922,46823],[131,0],[162,-2]],[[21215,46821],[0,-908]],[[21215,45913],[-140,1]],[[21075,45914],[-153,-1]],[[29567,45418],[26,-3]],[[29593,45415],[132,-24]],[[29725,45391],[49,-10]],[[29581,45065],[7,162],[0,123],[-21,-5],[0,73]],[[27976,33597],[-17,0]],[[27959,33597],[-95,0]],[[27841,33597],[36,991]],[[28486,35191],[3,96],[19,43],[14,-26],[9,58]],[[28535,35054],[-3,-76],[17,0]],[[28573,34878],[-5,-87]],[[28568,34791],[-11,101],[-12,6],[-18,-62],[-10,76],[-21,21],[-2,35]],[[18678,44001],[0,328],[11,0],[-1,131],[-15,89]],[[27146,30491],[-19,-144],[-10,-283],[-9,-179]],[[27110,39143],[6,84],[32,-26],[1,96],[-6,32],[10,82],[28,-7]],[[27181,39404],[32,-7],[6,91],[11,-1],[5,-55],[31,-19],[0,27]],[[27266,39440],[10,-51],[59,-13],[-1,-62]],[[27143,38696],[1,103],[-27,5],[0,57],[-10,30],[3,252]],[[28916,40316],[24,-168]],[[28940,40148],[10,-67],[-6,-125],[14,-18]],[[28958,39938],[-17,-34],[-16,0],[-24,-90]],[[28901,39814],[-2,9]],[[28899,39823],[-21,51],[-23,10]],[[28855,39884],[-4,-2]],[[28851,39882],[0,-1]],[[28851,39881],[-1,71],[14,67],[7,66],[24,78],[21,153]],[[20566,38532],[1,-824]],[[28043,30383],[-11,-10],[-82,0],[-20,-30]],[[27930,30343],[-7,98],[-8,51],[-24,75]],[[27891,30567],[-3,75],[-11,95],[-6,160],[4,93]],[[18762,51248],[28,-5],[13,72]],[[19047,52000],[-2,-97],[1,-452],[-2,-226],[0,-373],[-18,0],[0,-125],[-17,0],[1,-331],[-34,0],[0,-334],[-2,-335]],[[18972,49089],[0,-358]],[[24105,22054],[13,148],[-4,30],[0,600]],[[24143,22039],[-39,2]],[[23336,45076],[1,-165],[18,-1],[-1,-503]],[[23354,44407],[-96,1]],[[23258,44408],[0,502],[-20,1],[0,164]],[[25684,28480],[8,17],[2,80],[11,47],[34,77],[1,41],[16,76],[0,88],[32,104],[19,221],[19,14]],[[25686,28398],[-2,82]],[[27112,34336],[38,-267],[23,-296],[3,8]],[[27176,33781],[-11,-50]],[[27026,33698],[11,67],[-5,33]],[[27032,33798],[-32,-98]],[[26984,33700],[-10,216]],[[26992,31549],[-18,62],[-24,-49],[-15,-56],[-42,-17],[-14,44],[-20,-69]],[[26859,31464],[-10,31],[-5,58],[9,187],[-13,115],[-11,-21],[-9,117]],[[30343,48694],[-10,-35],[3,-148],[-19,-290],[-43,-287],[2,-54]],[[30276,47880],[-8,18],[-10,-68],[-14,48],[-5,61],[7,113],[-10,93],[-55,-179],[29,-220],[-11,-140],[-13,-62],[6,-80]],[[30134,47423],[-6,939]],[[30108,50308],[14,9],[22,55],[10,-51],[-1,-62],[10,-85],[8,-11],[6,90]],[[29795,47383],[6,63],[-1,99],[25,193],[-5,70],[23,185],[-3,125]],[[29840,48118],[-6,63],[5,93],[-6,62],[14,93],[11,33],[30,-1],[10,21]],[[30015,48223],[1,-85],[7,-23],[6,-165],[-5,-88],[6,-203],[-56,-44],[9,-252]],[[29983,47363],[3,-120],[-36,-26],[0,-121],[-22,-110]],[[29928,46986],[-25,-29],[-9,121],[-24,-157]],[[29870,46921],[-36,28],[-40,79],[-33,28]],[[17875,47723],[6,62],[-5,53],[-13,18],[-4,59],[8,91],[-8,42],[7,67],[-24,39],[-16,52],[-1,153],[-8,-1],[-25,80],[-2,28]],[[28601,33538],[15,-82],[32,-96],[9,-59],[9,-4],[18,-107],[1,-69]],[[28685,33121],[15,-75],[5,-75],[11,-27],[2,-113],[-26,-31],[-12,26],[-11,91],[-7,11]],[[28662,32928],[-5,62],[-23,68],[-22,227]],[[28612,33285],[-11,173],[0,80]],[[22623,57354],[201,0]],[[22842,56481],[-213,1]],[[22670,18583],[57,277]],[[22727,18860],[44,214],[22,-57],[9,-60]],[[23016,45738],[189,1]],[[23205,45074],[-178,1]],[[27360,36033],[14,-100],[-3,-130],[-20,31],[-3,-55],[-22,-86],[1,-57],[-8,-43]],[[27319,35593],[-12,18],[-17,-43],[-7,-124]],[[22570,29303],[161,-1]],[[22731,29302],[0,-416]],[[22731,28886],[0,-327]],[[22731,28559],[-10,39],[2,61],[-23,75],[-17,-104],[-19,-81],[-9,-70],[-9,-16],[-31,78]],[[22615,28541],[6,46],[3,141],[-7,33],[-14,-22],[-17,16],[-1,75],[-10,82],[8,71],[-13,38]],[[22570,29021],[0,282]],[[26272,48793],[106,0],[28,-7]],[[26406,48786],[1,-661]],[[26407,48125],[-67,0]],[[26340,48125],[-68,2]],[[26272,48127],[-1,497],[1,169]],[[26733,23078],[4,1],[1,-144],[38,-6],[6,-87],[0,-99]],[[26782,22743],[-19,-2],[-10,-85],[-3,-65],[0,-278]],[[26702,22333],[-9,4]],[[26693,22337],[-5,1]],[[26688,22338],[-17,99],[-6,-1],[-12,130],[7,15],[3,77],[9,45],[16,16],[-4,91],[-18,36],[2,86],[-13,159]],[[25354,37463],[53,2]],[[25407,37465],[5,-71],[-5,-68],[4,-70],[-10,-158],[5,-57],[1,-107],[-10,-61]],[[25397,36873],[-44,-7]],[[25353,36866],[1,597]],[[25208,27809],[17,1],[22,58],[11,10],[4,106],[-10,99]],[[25252,28083],[8,30],[21,15],[18,62],[7,74],[19,0]],[[25325,28264],[-7,-402]],[[25310,27393],[-102,-2]],[[25208,27391],[0,418]],[[28869,41044],[13,-55]],[[28882,40989],[130,-534]],[[29012,40455],[-22,-132],[-4,-44],[-19,74],[-13,16],[-11,-74],[16,-81],[-19,-66]],[[28916,40316],[-9,-8],[-7,69],[-10,-18],[-5,79],[-15,39],[-9,111],[-11,55],[-27,10]],[[28823,40653],[46,391]],[[27914,43287],[0,-355],[-5,28],[-24,3],[-9,-58],[0,-157]],[[27876,42748],[-5,-30],[-27,13]],[[27769,42835],[0,103],[-10,47],[1,304]],[[28882,40989],[20,133],[22,94]],[[29024,40283],[3,128],[-15,44]],[[23612,24276],[86,-63],[29,-97]],[[23727,24116],[1,-197],[-17,-107],[6,-88],[-7,-130],[5,-106],[-3,-202]],[[23712,23286],[-1,-30],[-24,-37]],[[23632,23459],[-4,73],[7,86],[-3,175],[5,27],[-3,122],[5,64],[-1,115],[-26,155]],[[15966,48568],[171,0],[34,-4]],[[16171,48564],[-1,-328],[2,-154],[32,-8],[0,-330],[67,-7],[0,-163],[103,1],[0,-165],[33,-1],[0,-165],[101,-1]],[[16508,47243],[0,-166]],[[16508,47077],[-134,1],[0,9],[-138,-1],[-128,2]],[[15921,47086],[10,169],[-4,74],[6,39],[-3,186],[12,92],[16,5],[4,102],[23,239],[-1,244],[-6,75]],[[22636,55818],[-109,0]],[[22527,55818],[0,333],[-7,0],[0,332]],[[20839,36030],[81,-158]],[[20920,35872],[1,-173],[182,-1]],[[21103,35698],[91,0]],[[21194,35698],[1,-499],[-2,0],[-2,-392],[1,-336]],[[21192,34471],[-108,-2],[-149,-5]],[[20141,42103],[112,-1],[37,-5]],[[20290,42097],[37,-3]],[[20198,41041],[0,94],[-11,118],[-4,114],[11,149],[-1,130],[9,51],[-7,73],[2,49],[-20,34],[-15,68],[-19,37],[-6,58],[4,87]],[[21470,28416],[146,11]],[[21618,27596],[-145,-9]],[[26645,26548],[29,102]],[[26725,26051],[-76,-252]],[[27188,16636],[0,-584]],[[27188,16052],[-137,-4]],[[27051,16048],[0,587]],[[22815,17454],[34,-327]],[[22849,17127],[1,-12]],[[22850,17115],[-1,-8]],[[22849,17107],[-3,-17]],[[22846,17090],[-12,-118],[-8,50]],[[22826,17022],[-1,3]],[[22825,17025],[-7,48],[-25,15],[-32,-25],[-12,21],[2,-79]],[[22751,17005],[-15,34],[-13,-4],[-24,50],[-4,66],[-18,22],[-15,56],[3,72]],[[22665,17301],[-2,87],[-17,0],[-5,30]],[[22641,17418],[-6,109],[24,120]],[[27523,36808],[2,228],[7,-18],[23,101]],[[27721,37506],[-14,-222],[3,-83],[-15,-148],[-18,-94],[3,-73]],[[28978,39978],[-20,-40]],[[27603,35277],[7,39],[11,129],[11,64],[-16,152],[2,45]],[[16803,57354],[178,0]],[[16799,55366],[2,11],[0,988],[-7,0],[0,328],[9,0],[0,661]],[[25415,36190],[15,37],[12,-85],[36,41]],[[25478,36183],[10,-34],[-2,-97],[16,5],[8,101],[-12,72],[16,46],[17,-77],[17,66]],[[25548,36265],[18,-6],[23,-76]],[[25560,35774],[-25,-68]],[[25535,35706],[-66,-18]],[[25469,35688],[-6,63],[0,108],[-6,72],[-12,5],[-30,254]],[[28175,39466],[-21,-71],[-12,22],[-9,-132],[-8,-158],[-8,-96]],[[23456,23768],[-133,-627]],[[26470,23869],[40,7]],[[26510,23876],[-1,-207]],[[26509,23669],[-1,-492]],[[26508,23177],[-31,2]],[[26477,23179],[-73,1]],[[26404,23180],[-36,-1]],[[18285,51518],[1,-2]],[[17993,50789],[8,96],[-7,46],[18,72],[-2,99],[-17,98],[16,138],[34,70],[-12,103],[5,79],[-17,28],[-6,114],[10,87],[-17,52],[1,78],[20,15],[-2,127],[10,181],[-2,99],[14,106],[-8,113],[14,11],[2,156],[6,41],[-3,94]],[[16242,57354],[237,-2],[159,2],[165,0]],[[16284,56460],[3,84],[-20,13],[-7,81],[10,61]],[[16270,56699],[20,75],[0,74],[-16,98],[0,148],[-8,23],[-1,149],[-14,-25],[-17,49],[8,64]],[[26013,33018],[41,-47],[22,39],[12,44],[5,87]],[[26093,33141],[10,-1],[1,-77],[10,-48],[60,-160],[23,-15]],[[27403,27188],[-2,-7]],[[27283,27683],[-21,75],[-21,21]],[[24517,30662],[-1,-173],[10,0],[5,-85]],[[24531,30404],[-1,-252],[15,-2],[-1,-168]],[[26788,34844],[-17,-153],[5,-67],[-9,-64],[6,-54],[-19,-33]],[[26754,34473],[-17,38]],[[26737,34511],[4,155],[-16,70],[3,71],[-17,50],[-19,111],[-2,67],[-13,40],[-12,-56],[-9,7],[-10,-105]],[[26646,34921],[-5,43]],[[24305,25901],[12,32],[16,90],[11,-29],[18,112],[10,-4],[9,107]],[[24431,25962],[-8,-96],[3,-156]],[[17510,48667],[-5,-46],[-11,-407],[0,-107],[-26,1]],[[17468,48108],[-124,2]],[[25699,24614],[1,-148]],[[25554,23526],[-17,0],[-19,-63],[-16,33]],[[25502,23496],[-17,34],[-10,74],[-15,-7]],[[24828,19898],[1,-24]],[[24820,19614],[-7,-79]],[[24765,21435],[29,50]],[[24794,21485],[13,-47]],[[24844,20093],[2,-53],[-17,-109]],[[24774,20536],[17,241],[-20,83],[-8,82],[-4,129],[2,222],[4,142]],[[27151,39725],[1,166]],[[27152,39891],[31,-6],[1,111],[32,-6],[0,56],[21,-4],[0,56],[43,1]],[[27280,40099],[-1,-160]],[[27279,39939],[-21,4],[-2,-309],[11,-1],[-1,-193]],[[27181,39404],[1,147],[-16,3],[1,167],[-16,4]],[[10628,79075],[0,-162],[65,-88],[69,-78],[17,169],[133,-241],[81,293],[172,32],[1,-63],[-36,-440],[41,-179],[71,-133],[25,-35],[11,-185],[12,-78],[110,-384],[174,-617],[18,-263],[12,-229],[-7,-146]],[[11597,76248],[-117,-192]],[[11480,76056],[6,63],[-6,75],[-36,150],[-46,149],[-28,57],[-76,106],[-77,217],[-44,83],[-77,127],[-77,178],[-67,168],[16,27],[30,132],[12,-51],[14,114],[27,122],[-18,61],[-22,200],[0,108],[22,49],[16,128],[-18,72],[-16,-78],[-1,-88],[-29,-50],[-16,-94],[-1,-84],[-111,-172],[-12,-52],[-26,-31],[-101,41],[-59,53],[-26,53],[-129,221],[24,91],[21,12],[7,112],[-8,69],[4,85],[-23,33],[-3,97],[-18,-28],[-16,30],[10,-150],[23,-69],[-8,-50],[-29,-32],[-25,-54],[-40,0],[-40,71],[-116,109],[-38,12],[-29,40],[-45,18],[-58,-5],[-62,-48],[-109,-37],[-48,-35],[-56,-79]],[[9822,78302],[0,72],[46,223],[149,726],[91,0],[252,0]],[[21949,48141],[0,-614],[8,0],[0,-248]],[[28601,33614],[50,0]],[[28749,33052],[1,-110],[-17,-22],[-9,85],[-9,13],[-13,90],[-17,13]],[[28601,33538],[-14,76]],[[28587,33614],[14,0]],[[20754,45167],[1,-927],[0,-896]],[[20755,43344],[-174,6]],[[20581,43350],[2,163],[0,466],[-3,196],[-1,653]],[[20579,44828],[0,332],[109,6]],[[28144,38027],[9,-66],[19,-69],[5,-128],[22,-59]],[[27750,29191],[18,109],[28,24],[21,-60],[25,-26],[12,61],[12,-65]],[[27814,28331],[-2,36]],[[23727,24116],[24,80],[18,-48]],[[23834,23366],[-86,-35]],[[23748,23331],[-36,-45]],[[19408,57354],[136,-2],[213,0]],[[19395,55703],[0,165],[-5,138],[9,0],[0,193],[7,111],[9,-1],[0,139],[-12,81],[0,660],[5,165]],[[19530,39544],[43,0],[0,-19],[95,-1],[0,83],[172,2],[0,249],[68,10],[73,-4],[0,171],[31,-6],[1,336],[78,1]],[[20091,40366],[1,-329]],[[20070,38983],[-89,0]],[[27805,30349],[44,-9],[42,227]],[[27930,30343],[13,-190],[13,-88],[-15,-262],[4,-91],[-6,-37]],[[27882,29321],[-105,614]],[[27777,29935],[-3,17]],[[27774,29952],[36,272],[-7,91],[2,34]],[[23597,24640],[5,-41],[1,-97],[5,-54],[-1,-72],[5,-100]],[[23541,26614],[0,742]],[[26358,23181],[-28,1],[-24,-20]],[[26306,23162],[-54,6]],[[26252,23168],[2,350],[65,-9],[11,15]],[[23553,37785],[1,208]],[[23690,37967],[-3,-339],[3,-166],[15,-2]],[[23705,37460],[0,-230]],[[23705,37230],[-6,17],[-24,-20],[-35,26],[-4,24],[-84,12]],[[23552,37289],[1,496]],[[26202,36449],[14,73],[8,102]],[[26224,36624],[16,-19],[16,-49],[12,45]],[[26287,36321],[-24,-58],[-14,27],[-11,-35],[-4,-58],[-12,-26]],[[26184,36324],[18,125]],[[26917,19302],[18,12],[15,-73],[14,-20],[16,-80]],[[26878,18633],[-11,63],[7,118],[-13,68],[3,89],[10,65],[-10,108],[-9,58]],[[26855,19202],[19,79],[22,-47],[21,68]],[[26646,34921],[1,-61],[-13,-70],[5,-122],[-3,-104],[10,-210]],[[16459,37350],[-15,-27],[-22,10],[-28,-55],[-22,-12],[-33,-50],[-7,-39],[-22,-43],[-11,-118],[-25,-51],[-31,-83],[-13,-82],[-28,8]],[[16193,36950],[0,397]],[[26503,28279],[-10,-50],[-16,-205],[-19,52]],[[26458,28076],[-27,2]],[[26431,28078],[-19,1]],[[26412,28079],[0,594],[20,-3]],[[26717,31985],[19,-48],[0,-139],[8,-84],[-8,-76]],[[26598,31190],[-1,85],[18,40],[11,123],[-17,65],[-8,-15],[-17,22],[-21,-4],[-30,38],[-11,-8]],[[20101,36294],[-17,7],[-21,-40],[0,-210],[-2,-292],[6,-1],[-2,-481]],[[20065,35277],[-98,0]],[[25839,34044],[40,185],[10,75],[16,41]],[[25905,34345],[25,-151],[13,-172],[8,-11],[7,-69]],[[25958,33942],[8,-116],[-7,-63]],[[25959,33763],[-64,21]],[[25895,33784],[-58,21]],[[25837,33805],[2,239]],[[24053,25218],[140,-3]],[[24009,24382],[2,128],[4,14],[2,140],[11,-9],[6,167],[0,138],[-6,149],[-9,110]],[[25786,33032],[40,172],[18,0],[7,42],[9,-74],[13,55]],[[25873,33227],[5,-37],[16,28],[20,-90]],[[25948,32490],[-19,7],[-20,-20]],[[25148,22860],[14,-1],[0,167]],[[25162,23026],[114,1]],[[25280,22526],[-132,0]],[[26268,22480],[1,0]],[[26269,22480],[134,-41]],[[26403,22439],[27,-9]],[[26249,22279],[7,25],[12,176]],[[25450,35195],[-3,-55]],[[25484,34756],[-9,-244],[-6,-37]],[[25469,34475],[-9,-52],[-26,-46],[-5,18]],[[25429,34395],[-27,205],[-19,204],[-15,10]],[[25368,34814],[2,80],[10,30],[70,271]],[[20834,32143],[-80,8],[-98,-23],[-5,-30],[-23,100],[-67,120],[-103,1]],[[20458,32319],[0,205]],[[20645,36870],[-1,-653]],[[12156,73043],[10,45],[19,-7],[4,-57],[-17,-58],[-16,77]],[[12393,71186],[0,-167]],[[12393,71019],[-11,101],[-19,-4],[-10,43],[-8,107],[-16,34],[-35,325],[-10,159],[-26,151],[-17,29],[-29,122],[12,64],[-12,45],[-23,-15],[-28,22],[1,83],[28,21],[12,176],[-7,104],[25,49],[-3,62],[-19,35],[-10,77],[7,78],[-13,43],[13,58],[1,61],[-11,41],[-25,2],[-14,-34],[-5,103],[-29,89],[-3,67],[42,148],[4,117],[20,90],[19,-1],[16,-37],[8,-104],[20,10],[16,-66],[28,-62],[18,-16],[18,32],[29,-53],[8,-118],[-3,-83],[-25,86],[-13,-28],[1,-108],[29,-43],[-5,-65],[13,-57],[21,-341],[-1,-99],[13,-104],[-2,-119],[8,-32],[12,-181],[4,-170],[-4,-170],[-11,-12],[9,-121],[1,-330],[-9,-94]],[[12056,73038],[12,52],[1,106],[-5,57],[22,21],[39,-90],[16,-103],[-14,-62],[20,-52],[5,75],[21,-90],[-16,-78],[-13,-9],[-3,-85],[-18,-130],[-23,-36],[-37,-20],[2,177],[23,54],[4,97],[-25,20],[5,57],[-16,39]],[[11916,74194],[99,13],[34,310],[52,-137],[52,-93],[28,-70],[53,-157],[35,10]],[[12269,74070],[25,-44],[26,26],[8,-197],[14,-141],[3,-147],[-17,-24],[2,-59],[-37,-8],[-17,18],[-11,61],[-25,59],[-37,117],[-36,80],[-25,75],[-23,-89],[20,-11],[0,-185],[8,-80],[-12,-99],[-31,-111],[-41,50],[-6,49],[-30,126],[-20,54],[-12,88],[-37,65],[-9,162],[21,103],[-20,62],[-18,-27],[-4,88],[-12,63]],[[11902,74193],[11,1]],[[11913,74194],[-11,-1]],[[24381,23029],[129,-1]],[[24473,22370],[-6,9]],[[29960,42404],[13,53],[6,-66],[-19,13]],[[29911,43236],[85,11],[3,57],[18,41]],[[30017,43345],[2,-123],[-11,-46],[7,-55],[0,-121],[-11,-76],[-8,-117],[-13,9],[-24,-25],[-27,-61],[-41,-21]],[[27558,34227],[-23,-54],[-7,-58],[-12,-30],[-2,-101],[-14,6],[-6,-74]],[[27494,33916],[-47,425]],[[28499,40623],[30,-107],[8,-96]],[[28579,39660],[-60,-1]],[[28460,39657],[-1,213],[13,49],[-8,86],[5,63],[-15,150],[-14,31],[-19,76]],[[22022,35376],[-1,-167],[5,0],[0,-734]],[[22026,34475],[-151,-4]],[[21875,34471],[0,739],[-5,0]],[[21870,35210],[0,166]],[[27805,30349],[3,39],[-6,188],[-28,165]],[[26608,28572],[-9,21],[-23,-41],[-11,65]],[[26122,20979],[0,527]],[[26169,20528],[-6,-21],[-21,9],[5,224],[-25,239]],[[26702,22333],[-9,4]],[[26583,23102],[45,-7],[0,84]],[[26688,22338],[-71,27]],[[26617,22365],[-36,14]],[[26581,22379],[2,723]],[[21092,44839],[123,1],[64,4]],[[21279,44844],[6,0],[2,-663],[12,1],[1,-168]],[[21300,44014],[-46,-8],[-140,5]],[[21104,44012],[0,166],[-12,0],[0,661]],[[24283,27603],[148,-18]],[[24431,26855],[-170,4]],[[23551,33516],[151,-1]],[[23702,33515],[58,0]],[[23775,33149],[-15,1],[-1,-138],[-5,0]],[[23754,33012],[-15,2],[-9,-52],[-100,12],[-1,-139],[-15,1],[0,-82],[-45,5]],[[23569,32759],[-3,114]],[[23566,32873],[-15,643]],[[26845,36843],[9,-18],[18,52],[23,8],[3,-36]],[[26898,36849],[-2,-144],[-7,-62],[24,-130],[10,-137],[14,-27],[-9,-75]],[[26791,36309],[-9,82]],[[16474,37204],[-44,-113],[-8,-85],[-14,-83],[-37,-325],[-18,-141],[-4,-53],[-15,-35],[2,-80],[-6,-49],[-27,-128],[-6,-55]],[[21494,49799],[0,828]],[[21494,50627],[148,0]],[[21615,37712],[23,1]],[[21737,37714],[1,-832]],[[21738,36882],[-116,-2]],[[28180,38245],[11,66]],[[28191,38311],[86,-136]],[[21641,30176],[107,1]],[[21788,30177],[0,-830]],[[21788,29347],[-27,-1]],[[21761,29346],[-120,0]],[[21748,35875],[122,0]],[[21870,35210],[-116,0]],[[21754,35210],[-6,0]],[[23451,20510],[2,8]],[[23221,21295],[9,-5],[32,41],[9,51],[10,4],[10,62],[14,-53],[7,-75],[14,23],[9,-62],[12,-12],[16,-93],[8,8],[47,258]],[[23418,21442],[18,-332],[12,-39],[-3,-101],[5,-68]],[[23464,20501],[-15,6],[-9,-85],[9,-59],[-9,-101]],[[23326,20323],[-50,160],[-62,237]],[[23214,20720],[-37,715],[34,-153],[10,13]],[[23620,47529],[-135,0]],[[23485,47529],[-1,0]],[[23484,47529],[0,496]],[[24544,25174],[6,-7]],[[24539,26009],[-6,-25],[-7,-94],[6,-78],[19,-49],[10,33],[7,-32],[-10,-125],[5,-31],[20,-24],[-1,-68],[-9,-39],[-7,25],[-3,-164],[-14,59],[-25,-58]],[[26782,41019],[1,96],[16,12],[1,295],[27,2],[0,112]],[[26827,41536],[37,12]],[[26864,41548],[28,-4],[1,-304]],[[26893,41240],[-3,-51],[-4,-339],[-27,8]],[[26859,40858],[-52,16],[2,109],[-27,7],[0,29]],[[29169,44328],[41,-105],[64,-34],[9,141],[12,13],[25,-95]],[[29320,44248],[-5,-93]],[[29315,44155],[-1,-115],[-8,-224],[3,-99],[0,-149],[3,-31],[-4,-314]],[[15890,35360],[16,-37],[5,31]],[[16039,34279],[0,38],[-33,102],[-16,147],[-19,72],[-39,87],[-17,64],[-6,73],[-16,56],[-13,98]],[[19265,27944],[31,-18]],[[19296,27926],[16,-62],[9,-89],[9,-25],[8,67],[15,63],[7,76],[15,54],[20,16],[11,62]],[[19406,28088],[0,-1095],[45,-448],[4,-1],[21,-192],[8,-117],[2,-86],[-5,-203],[31,-196]],[[19512,25750],[-153,0],[-130,1],[-89,1]],[[19140,25752],[0,165]],[[23554,40266],[77,0],[31,-8]],[[23662,40258],[4,-1],[0,-468]],[[23666,39789],[0,-82]],[[23666,39707],[-111,2]],[[23555,39709],[0,139]],[[23555,39848],[-1,418]],[[17622,34170],[44,0],[0,21],[219,0],[53,1],[1,-19],[198,-1]],[[17637,32496],[0,394],[-14,3],[0,474],[-1,803]],[[26719,21620],[10,98],[-1,62],[12,78]],[[26843,20994],[-17,-40],[-5,-47]],[[26821,20907],[-9,35],[-5,100],[-9,68],[-35,171],[-20,52],[-14,-13],[-11,154],[1,146]],[[28483,33601],[3,-40],[-12,-96],[0,-109],[5,-29],[30,-69],[11,-2],[24,-127]],[[28544,33129],[1,-27]],[[28545,33102],[-8,-73]],[[26336,31887],[10,-1]],[[26371,31202],[-6,-37],[-42,3],[-10,-51]],[[26313,31117],[-10,29],[-12,109],[-21,70]],[[26453,26253],[22,304]],[[26475,26557],[64,-3]],[[26592,26256],[-18,2],[-66,-311]],[[26508,25947],[-19,123],[2,87],[-11,64],[-27,32]],[[21213,23738],[21,-40],[30,-159],[16,51]],[[21386,23196],[19,-50],[8,-46],[23,-6],[5,-58],[26,-14],[13,13],[19,-30],[18,-99],[10,-18],[-2,-67],[7,-26],[9,-143],[-2,-72],[7,-23],[2,-100],[11,-89]],[[21093,22393],[-40,192]],[[22351,48194],[62,0]],[[22413,48194],[103,0]],[[22516,48194],[0,-494]],[[22516,47700],[-132,-5]],[[22384,47695],[-34,0]],[[22350,47695],[1,499]],[[26507,22405],[74,-26]],[[26617,22365],[2,-132],[-9,-56],[-18,-28],[-10,-57],[5,-140],[-10,-94],[-13,-15],[3,-80],[-8,-61]],[[26512,21287],[-10,33],[-14,-15]],[[25795,33772],[15,36],[27,-3]],[[25895,33784],[-7,-290]],[[25888,33494],[-11,-66],[-1,-179],[-3,-22]],[[27134,27221],[-2,-73],[17,-82],[17,-45],[8,4]],[[27131,26671],[-3,27],[-22,58],[-27,-58],[-35,-13],[-12,-63],[-6,-135]],[[22692,36709],[92,0]],[[22784,36709],[61,2],[0,-166]],[[22845,36545],[0,-334]],[[22845,36211],[-153,-2]],[[22692,36209],[0,500]],[[28849,42406],[17,122],[10,14]],[[29019,42274],[7,4]],[[28885,41745],[-28,261],[21,68],[-22,154],[-20,104]],[[28836,42332],[13,74]],[[28045,37182],[-2,-29],[-30,-190],[-17,-55]],[[27972,36772],[-40,190],[-6,-4],[-86,331]],[[27925,37129],[26,78],[-13,86],[-12,-81],[-1,-83]],[[28563,35997],[-20,43],[-27,195],[-10,13],[-5,79],[-15,50]],[[27119,32777],[38,21],[36,-10]],[[27254,32558],[-5,-140],[3,-84],[-3,-104],[3,-54]],[[27252,32176],[-8,-55]],[[27120,32492],[20,201],[-21,84]],[[23748,23331],[12,-402],[-1,-412],[-8,-931]],[[23751,21586],[-61,-2]],[[21324,42521],[155,0]],[[21479,42521],[1,-415]],[[21480,42106],[0,-3]],[[21480,42103],[-159,0]],[[21321,42103],[3,87],[0,331]],[[22516,48194],[133,-3]],[[22649,48191],[2,0]],[[22651,48191],[-1,-658]],[[22650,47533],[-32,1]],[[22618,47534],[-100,1]],[[22518,47535],[-2,165]],[[19265,41743],[7,-8]],[[19272,39822],[-151,1],[0,9],[-95,3]],[[19026,39835],[0,165],[-9,0]],[[27609,33599],[-68,2],[-40,13]],[[27453,33628],[-4,92],[6,85],[8,22],[14,-35],[17,56],[0,68]],[[25781,35224],[35,-62],[5,-79]],[[25841,34795],[-19,-31],[-8,71],[-13,-28],[-21,15],[0,-71],[-16,-280]],[[25764,34471],[-48,108],[-26,24]],[[15975,34186],[-15,154],[-19,89],[-11,-45],[-14,15],[-12,-27],[-25,55],[-19,93],[-20,156]],[[28638,39028],[7,-96],[-17,-101],[-12,-161],[-16,0],[-10,73]],[[28590,38743],[0,251],[-50,0],[0,-179],[26,-78]],[[28548,35940],[17,-49],[7,-52],[2,-98],[17,-104],[27,-1],[1,-44],[26,-34],[6,-45],[-13,-34]],[[28638,35479],[-13,13],[-9,-40]],[[29155,42262],[38,224]],[[29230,42371],[6,-18]],[[29236,42353],[-17,-220],[14,-70],[23,-29],[3,-279]],[[29219,41903],[-4,60],[3,88],[-7,46],[-34,54],[-22,111]],[[16499,28864],[3,34],[17,-12],[11,-34],[16,11],[21,-75],[18,-6],[7,63],[18,-16],[-5,-68],[-12,-30],[-20,-7],[-14,-47],[-29,-3],[-15,39],[-1,99],[-15,52]],[[16410,28755],[23,11],[8,34],[18,-3],[19,-86],[1,-72],[-14,-51],[-20,-36],[-16,61],[-12,114],[-7,28]],[[16354,28816],[24,74],[13,-104],[-11,-7],[-26,37]],[[16626,30469],[8,0]],[[16625,29464],[-24,78],[-30,2],[-16,-39],[-18,43],[-24,-21],[-14,54],[-22,47],[-22,0],[-9,19],[-46,-3],[-52,-40],[-11,144],[-20,65],[-11,-6],[-6,44],[12,243],[-10,119],[7,144],[-1,46],[-15,67],[5,139]],[[28114,34700],[4,-58],[15,-65],[29,-85],[18,22]],[[28180,34514],[-7,-467]],[[27103,29009],[-13,-85],[-9,-99],[-12,-78],[-5,-70]],[[27064,28677],[-11,-16]],[[27053,28661],[-8,49],[-21,15],[-13,-15],[-13,75],[-17,-88],[-6,176]],[[26975,28873],[16,82],[8,107],[-2,109],[-16,109],[-1,82],[-7,42],[25,128]],[[22913,42963],[25,-25],[20,18],[10,-37],[39,6],[21,-75],[7,-2]],[[23035,42848],[13,-52],[4,-98],[16,-94],[-4,-59],[11,-84]],[[23075,42461],[4,-143],[-8,-62],[6,-72]],[[23077,42184],[-9,-56],[-31,1]],[[23037,42129],[0,55],[-124,2]],[[22913,42186],[0,777]],[[26690,30116],[-24,50],[-12,-35],[-19,49],[-11,135],[-18,5]],[[26606,30320],[-1,106],[16,65],[-1,49],[15,15],[0,88]],[[27815,37163],[1,-34],[-15,-97],[-20,-217],[-13,-24],[-8,-69]],[[26363,35938],[13,62],[-2,74],[14,12]],[[26388,36086],[12,1],[15,85]],[[26415,36172],[18,49],[14,-87],[26,-9],[14,-27]],[[26406,48786],[135,3]],[[26541,48789],[0,-662]],[[26541,48127],[-78,0]],[[26463,48127],[-56,-2]],[[24550,55806],[15,59],[26,50],[13,-12],[2,-125],[19,-144],[34,10],[18,33],[5,-48],[49,-5],[21,23],[49,12],[30,-51],[8,-108],[27,-77],[26,50],[20,15],[32,-48],[-16,-60],[-17,-91],[-16,-49],[-35,-53],[-15,-63],[-28,-38],[-32,-65],[-19,-11],[-25,-50],[-53,-80],[-54,-143],[-37,-129],[-45,-182]],[[24648,34331],[91,-1],[26,-8]],[[24677,33515],[0,178],[-5,1],[1,166],[-11,0],[1,251],[-10,0]],[[24653,34111],[0,136],[-5,84]],[[24515,23691],[17,-49]],[[24532,23642],[10,-74],[0,-540]],[[26598,30278],[8,42]],[[26694,30061],[-8,-23],[-26,-365]],[[26660,29673],[-22,15],[-22,-114]],[[26458,28076],[16,-162],[5,10],[18,-78]],[[26530,27691],[-13,-70],[-28,-202],[-8,-7]],[[26481,27412],[-14,29],[0,43],[-27,0],[-1,32],[-29,0]],[[26410,27516],[1,159],[16,-1],[3,186],[6,30],[0,157],[-5,31]],[[15812,55885],[-23,-80],[10,-109],[-20,6],[-7,95],[2,126],[35,4]],[[15708,55880],[13,146],[13,97],[3,89],[22,-12],[-3,-72],[25,-91],[-7,-52],[-24,22],[-2,-43],[-19,-94],[18,0],[12,-76],[8,-123],[-4,-30],[9,-99],[13,84],[12,-76],[20,-38],[7,-155],[-11,-91],[-15,47],[0,63],[-9,51],[-18,6],[-15,62],[-5,90],[4,72],[-4,87],[-18,-4],[-9,75],[-16,65]],[[26680,33352],[10,13],[13,-61],[7,13]],[[26717,33115],[-14,-39],[-14,27],[-15,-64],[-5,-72],[-11,-70]],[[28543,41446],[46,-196]],[[28589,41250],[-40,-153],[31,-531]],[[27075,35497],[-94,-451]],[[26981,35046],[-12,-66],[-28,-44],[-29,-78]],[[26909,34845],[-18,99],[-12,-40],[-17,85]],[[22332,23953],[59,242],[6,147],[25,24]],[[22422,24366],[49,44],[8,-76]],[[22533,23824],[1,-11],[-82,-344]],[[22452,23469],[-9,155],[-14,5],[-2,107],[-14,-59],[2,130],[-44,11],[-5,59],[-17,-14],[-18,56],[1,34]],[[29236,42353],[86,-260],[3,0]],[[29318,41941],[-4,-67]],[[29299,41713],[-7,36],[-13,-20],[-9,-54],[-16,16]],[[26786,36109],[-23,60],[-7,-50],[-26,-86],[-18,-100],[8,-42],[-5,-61]],[[28261,29318],[-18,-123],[-15,-134],[-11,-151],[-19,-294]],[[18651,25903],[-145,-3],[-170,0]],[[18336,27563],[0,498],[1,690]],[[25936,29658],[15,8],[61,275],[25,229],[10,20],[9,147],[12,54]],[[26068,30391],[14,-451]],[[26082,29940],[2,-67]],[[26084,29873],[3,-123]],[[26087,29750],[-17,-76],[-1,-84],[-16,-140],[-11,-45],[-27,-160],[-20,-28],[1,-85]],[[7593,74892],[16,132],[12,-20],[-4,-133],[-15,-42],[-9,63]],[[7464,76261],[18,74],[17,-34],[-18,-61],[-17,21]],[[7324,74433],[31,38],[3,-59],[-12,-48],[-22,69]],[[7168,74631],[23,75],[12,87],[21,25],[2,81],[10,29],[33,-43],[14,52],[-26,75],[15,85],[36,-42],[8,113],[19,-26],[10,41],[-7,102],[44,150],[-4,107],[7,93],[19,62],[19,-44],[14,69],[32,11],[1,-97],[-20,-179],[-20,-47],[-9,-81],[12,-52],[-5,-90],[33,12],[7,66],[16,58],[19,-81],[25,22],[11,-37],[2,-126],[13,-37],[20,83],[0,-139],[-10,-101],[-9,3],[-15,-103],[-16,43],[-16,0],[-6,103],[-25,21],[13,-204],[-22,-45],[-32,29],[-31,-17],[-24,-106],[-22,-20],[-13,-110],[-20,1],[-10,-46],[-44,34],[-23,59],[-47,62],[-19,-24],[-15,44]],[[6963,72004],[5,42],[33,23],[-2,-61],[-27,19],[-9,-23]],[[6905,71736],[14,83],[26,59],[7,-19],[28,24],[20,-128],[42,19],[-3,-59],[-19,-51],[-43,-8],[-15,17],[-20,-31],[-30,28],[-7,66]],[[6785,71524],[29,181],[37,114],[24,30],[20,-29],[2,-62],[-21,-77],[-47,-86],[-25,-120],[-19,49]],[[6785,73271],[16,20],[10,64],[-4,73],[14,50],[10,100],[28,63],[8,69],[21,6],[24,108],[22,8],[10,39],[35,-22],[19,19],[14,-22],[-1,-201],[16,-21],[34,101],[-21,89],[4,34],[34,0],[19,36],[-52,69],[-16,-9],[-3,205],[18,56],[3,49],[18,9],[16,46],[20,-25],[11,-69],[14,-21],[12,-110],[11,3],[5,127],[48,-77],[-9,92],[-34,53],[-23,94],[6,63],[15,14],[42,-114],[41,-58],[-11,115],[40,44],[35,-23],[36,-67],[-16,-69],[-12,-93],[0,-140],[17,-37],[-1,170],[14,56],[19,-69],[7,98],[26,99],[20,-31],[29,127],[4,-67],[27,-40],[-11,-61],[-24,37],[-2,-61],[37,-92],[-41,-106],[-3,-44],[4,-163],[20,57],[-18,-180],[40,80],[19,-38],[20,14],[5,-60],[-38,-143],[-13,-180],[-32,40],[-24,10],[-23,52],[-17,-19],[-15,73],[-18,-19],[-22,32],[-9,-61],[43,-40],[10,-69],[27,-31],[7,-42],[-9,-122],[-17,-75],[-14,61],[-18,-87],[-36,122],[-13,20],[-32,-45],[1,-58],[23,27],[21,-80],[-37,-89],[-12,-64],[27,-19],[20,37],[22,-72],[-12,-47],[-31,-5],[-28,-63],[-23,-21],[2,-75],[-10,-70],[-20,-23],[-11,38],[7,59],[-22,40],[12,70],[-5,43],[24,108],[0,64],[-50,-184],[-8,-98],[-22,54],[-26,-13],[2,-63],[15,-62],[19,-39],[-19,-126],[-16,-6],[-19,-80],[8,-69],[-38,-64],[-17,-97],[-20,-47],[-17,38],[-27,-39],[1,79],[18,123],[16,21],[7,70],[38,91],[-36,27],[2,72],[26,176],[-9,16],[-19,-63],[-29,-180],[-11,-3],[-13,-93],[-13,-20],[-5,-66],[-20,-44],[-2,111],[-26,107],[-35,55],[3,156],[-4,203],[-17,140],[-8,28],[-30,13],[-4,73],[-15,60]],[[6518,70363],[21,47],[12,101],[21,-9],[-7,-82],[6,-117],[-6,-53],[-39,23],[-8,90]],[[7197,76145],[3,0]],[[7215,76147],[-32,-54],[-8,-149],[-10,-64],[-35,-58],[-10,-99],[-19,-37],[-30,-20],[-35,7],[-10,-213],[-37,-18],[3,-140],[19,-38],[-17,-71],[-13,6],[-20,-45],[10,-132],[-10,-131],[-30,-66],[-18,-11],[-1,-140],[-27,121],[-8,-130],[-19,-3],[-9,-102],[-21,15],[-3,58],[-20,-22],[-4,-73],[-20,-25],[-22,50],[-41,-81],[-2,-53],[-21,-17],[16,-77],[-6,-62],[-31,-41],[-12,-47],[-27,4],[-6,-72],[17,-79],[-2,-48],[-25,-36],[-4,63],[-29,43],[-17,55],[-12,-27],[-6,-136],[11,-87],[-27,-27],[-14,-83],[2,-111],[-35,18],[-20,-36],[-20,63],[-11,-5],[6,-249],[-20,8],[-24,83],[-11,-69],[-29,-40],[-37,-152],[-23,-36],[7,-68],[45,65],[11,-58],[-7,-84],[-18,-54],[20,-83]],[[6240,70772],[21,95],[12,-75],[-14,-51],[-19,31]],[[27928,32313],[22,-2],[7,115],[12,-17],[12,81],[5,96],[-15,38],[1,75]],[[27972,32699],[18,7],[39,-100]],[[28110,32217],[-64,-236],[-63,-333]],[[27926,31770],[-22,51],[23,444],[1,48]],[[16595,37738],[71,-338]],[[16666,37400],[48,-233]],[[16714,37167],[149,-724],[54,-263]],[[16917,36180],[166,-822]],[[16821,35354],[-6,48],[-16,-24],[-18,142],[-13,15],[-16,53]],[[16683,35881],[19,124],[-7,195],[-23,76],[-4,43],[5,104],[-13,118],[-13,41],[-16,-21],[-4,61],[-30,56],[-14,90],[4,108],[-11,48],[4,77]],[[21749,31850],[-150,-3]],[[28502,32030],[1,-27],[57,-1]],[[28607,31721],[-16,-48],[-20,14],[-11,-52],[12,-59],[-3,-50],[8,-130],[-19,31],[-18,48],[-16,-4],[-59,108],[4,-94],[11,28],[23,-48],[12,-63],[23,-29],[10,-49],[20,-27]],[[26436,33693],[10,0]],[[26446,33693],[67,-5]],[[19104,46361],[-65,-1],[0,151],[-65,3]],[[18974,46514],[0,353]],[[18974,46867],[0,920]],[[28607,36998],[3,-59],[18,27],[-1,-94],[4,-79],[18,-151],[-6,-42],[5,-127],[-8,6],[-11,95],[-13,63],[-12,-38],[-17,71],[-3,65],[-11,51],[-39,61],[-6,-46],[-14,61],[-12,194]],[[18552,52139],[-10,-72],[5,-93]],[[23123,21753],[-1,92],[-6,31],[-16,-48],[-18,18]],[[26805,20344],[46,-12],[5,-43],[28,4]],[[26953,20141],[1,-514],[-37,-1],[0,-324]],[[26855,19202],[-1,118],[-15,35],[4,84],[-9,73],[-25,28],[-21,8],[-6,-66],[-10,-18],[-8,152],[3,73],[-21,80],[-5,-2]],[[28064,43246],[0,29],[60,1]],[[28124,43276],[43,-271],[17,-1]],[[28115,42538],[0,177],[-5,0],[0,155],[-46,1],[0,375]],[[27540,38483],[-5,-173],[0,-100],[-19,-164],[-7,-203],[5,-78]],[[27514,37765],[-18,22]],[[27496,37787],[0,69],[-8,48],[4,63],[-14,56],[-18,-1],[-5,80]],[[26907,16617],[-1,-3]],[[26906,16614],[1,3]],[[26885,17640],[75,-4],[77,1]],[[27051,16635],[-139,-1]],[[26912,16634],[21,192],[12,34],[12,140],[-6,119],[-13,16],[-14,-154],[-11,46],[6,49],[-1,116],[-6,55],[-13,24],[-13,72]],[[26886,17343],[-1,297]],[[15544,52365],[-103,1],[0,-181]],[[15441,52185],[-19,-10],[-23,-85],[-9,11],[-21,121],[-10,13],[-16,-76],[6,211],[0,203],[-3,206],[12,-36],[-2,-164],[5,-224],[17,0],[-5,115],[-7,57],[28,86],[0,69],[-18,121],[12,124],[23,75],[-12,24],[-29,-12],[-5,-35],[-27,76],[-1,92]],[[22175,35363],[4,-165]],[[22179,35198],[0,-728]],[[22179,34470],[-128,4]],[[22051,34474],[-25,1]],[[27546,31031],[-22,-59],[-23,-8],[-18,46]],[[27483,31010],[58,606]],[[25865,30640],[125,-5]],[[25990,30635],[72,-7]],[[26062,30628],[6,-237]],[[25028,27051],[29,1],[0,168],[29,1],[0,168],[6,0]],[[25092,27389],[76,1]],[[25168,27390],[0,-688]],[[25168,26702],[-28,2]],[[25140,26704],[-5,-14],[-24,23],[-84,0]],[[25027,26713],[1,338]],[[28449,37887],[-2,92]],[[28447,37979],[-6,113],[-15,67]],[[26832,17637],[-2,0]],[[26830,17637],[2,0]],[[26842,17639],[43,1]],[[26886,17343],[-6,-3],[-14,-152],[21,-51],[15,-151],[-9,-82],[-1,-115],[-4,-44],[-27,5],[-15,161],[-10,60],[-7,121],[6,150],[7,3],[3,77],[4,231],[-7,86]],[[22304,22917],[1,992]],[[22305,23909],[27,44]],[[22452,23469],[-2,-51],[12,-59],[-6,-92],[8,-60],[11,48],[7,-73],[-6,-50],[10,-46]],[[22484,22880],[-84,-2],[-60,2]],[[22340,22880],[-36,1],[0,36]],[[20922,48088],[168,-1]],[[21455,47249],[-10,-26],[-176,0]],[[21269,47223],[1,43],[27,151],[6,127],[-110,2],[-166,-3],[-105,-4]],[[20922,47539],[0,549]],[[20356,53246],[-10,-28],[0,-663],[-9,0],[0,-661],[-11,0],[0,-665]],[[20326,51229],[-11,-60],[-1,-772],[-12,0],[0,-329]],[[20118,51385],[0,508],[-18,0],[-1,326],[-6,-2],[0,170],[-35,0],[0,138],[-5,28],[-158,-2]],[[19895,52551],[-12,27]],[[19883,52578],[-4,0],[1,192],[-12,0],[12,159],[-9,65],[0,80]],[[28392,35497],[18,-91]],[[28390,35199],[-7,-54],[-10,38],[-21,26],[-10,115]],[[28342,35324],[0,93],[8,17],[-2,85],[-13,101],[-10,-56],[-31,-33]],[[28294,35531],[-17,15]],[[27479,40223],[0,273]],[[27479,40496],[0,458]],[[27479,40954],[0,148]],[[27479,41102],[44,0]],[[27624,40160],[-36,9],[-13,38],[-31,21],[-44,-82],[-9,-46],[-12,19]],[[27479,40119],[0,104]],[[21449,31840],[-1,-833]],[[21448,31007],[-128,7],[-116,-7]],[[21204,31007],[0,837]],[[26449,51604],[28,-7]],[[26477,51597],[-10,-15],[-18,22]],[[26345,51276],[22,-4],[43,-77],[-18,-96],[-22,32],[-14,101],[-11,44]],[[25990,52099],[174,2]],[[26164,52101],[35,0],[0,-167],[122,-1],[87,1],[0,-165],[35,0],[-1,-165],[5,0]],[[26447,51604],[-20,-60],[-36,9],[6,46],[-10,47],[-26,-30],[-4,60],[-17,12],[-14,45],[-8,-34],[-2,-94],[-10,-46],[-2,-93],[8,-122],[-14,-11],[-18,48],[-18,108],[-32,155],[-36,76],[-36,32],[-18,53],[-28,22],[-27,-20],[-21,-111],[-17,-129],[-10,-12],[-34,39],[-14,-21]],[[25989,51573],[1,526]],[[27212,30317],[7,-116],[-1,-163],[11,-79],[-2,-118]],[[27227,29841],[0,-148]],[[22283,14586],[44,197],[16,211]],[[22343,14994],[148,-4]],[[22491,14990],[28,-1]],[[22445,13987],[-19,-41],[-17,98],[-11,83],[-9,1],[-11,72],[-19,-30],[-2,35],[-15,11],[-5,45],[-10,-17],[-7,41],[-13,-33],[-8,57],[5,96],[-10,92],[-10,21],[-1,68]],[[22473,39367],[155,-1]],[[22628,39366],[0,-497]],[[22628,38703],[-156,1]],[[22472,38704],[1,663]],[[21410,23194],[147,-12]],[[21696,23181],[87,6]],[[23144,26536],[40,-3]],[[23268,26310],[11,-63]],[[23279,26247],[0,-395],[26,-135],[14,-103]],[[23145,25619],[-1,917]],[[30176,42760],[19,12],[19,154],[28,92],[11,-25],[4,-102],[11,-29],[16,39],[1,-128],[-68,-18],[-31,-57],[-10,62]],[[23549,48688],[194,2]],[[23743,48690],[-9,-173],[4,-52],[-12,-83],[-6,-106]],[[28551,34742],[4,-57],[-4,-100],[7,-45],[17,-14],[6,-48],[22,-90],[-3,-65]],[[28600,34323],[-11,-13],[-62,-323],[-39,-195]],[[28485,33800],[-5,114]],[[25934,49992],[6,38],[18,-40],[-6,-161],[-16,89],[-2,74]],[[26003,49296],[-72,7]],[[25931,49303],[2,243],[24,1],[14,119],[17,-57],[18,21],[7,114],[11,88],[17,70],[7,102],[11,-35],[10,-117],[-6,-85],[-13,-90],[12,-69],[-11,-104],[-2,-99],[3,-108]],[[25909,49753],[4,55],[15,-7],[-3,-63],[-16,15]],[[21312,42103],[9,0]],[[21480,42103],[0,-482]],[[21480,41621],[-167,0]],[[21313,41621],[-1,482]],[[18918,39835],[108,0]],[[18918,39628],[0,207]],[[15721,56841],[5,23],[24,-139],[-5,-36],[-24,152]],[[16270,56699],[-44,0],[0,-31],[-217,5],[-223,4]],[[15786,56677],[-1,185],[-12,64],[-20,-25],[-11,-86],[-8,37],[8,91],[-17,33],[-4,96],[-18,62],[11,87],[-20,48],[17,89],[184,-1],[96,-9],[113,7],[138,-1]],[[27133,25028],[12,79]],[[27290,24414],[3,-46],[14,-35],[2,-99],[-9,-116],[-9,18]],[[27291,24136],[-8,96],[-11,38],[-26,8],[-22,-26],[-9,102],[-7,10]],[[23795,21892],[-6,-113],[5,-76],[11,-27],[0,-88]],[[23805,21588],[-54,-2]],[[19531,34469],[0,-894],[0,-1006]],[[19531,32569],[0,-1218],[0,-770]],[[19531,30581],[0,-726]],[[19531,29855],[0,-1104],[0,-425]],[[19531,28326],[-84,1],[-6,-106],[-20,-18],[-11,-43],[-4,-72]],[[19296,27926],[-1,401],[10,0],[0,663],[2,1],[1,662],[-5,165],[4,167],[0,334],[2,0],[0,663],[0,663],[5,0],[0,276],[-49,0],[0,1133],[0,476],[0,937]],[[28294,35531],[18,-46],[4,-106],[26,-55]],[[28380,35068],[-14,0]],[[28354,34938],[-7,-14]],[[28347,34924],[7,57],[-8,24],[-3,-89]],[[28343,34916],[-8,-20]],[[23227,29049],[174,1]],[[23168,29049],[59,0]],[[26676,29127],[13,50]],[[26689,29177],[16,78],[13,-37],[22,-13],[16,67]],[[26756,29272],[10,-95]],[[26766,29177],[-7,-101],[20,-109],[0,-31],[15,-103]],[[26794,28833],[-20,-52],[-21,58],[-19,-69],[-18,-21]],[[26716,28749],[-29,79]],[[26348,34218],[45,152],[16,24]],[[26426,34368],[-14,-315],[7,-42],[4,-156],[23,-162]],[[27025,34550],[3,17],[-10,150],[-17,158],[-4,110],[-16,61]],[[25939,35329],[2,-88],[-10,-106],[-23,-24]],[[27514,32512],[18,46],[32,1],[0,56],[18,0],[30,-30]],[[27612,32585],[-1,-172]],[[27611,32413],[-6,-791]],[[26542,51586],[10,97],[11,-81],[11,78],[27,57],[-14,88],[26,2],[22,-103],[2,-51],[19,-70],[-15,-127],[-21,13],[-5,38],[-46,-22],[-27,81]],[[26164,53074],[23,18],[21,-14],[23,25],[-8,-141],[-2,-221],[2,-73],[-8,-54],[11,-67],[43,-18],[6,-45],[20,13],[25,66],[13,-6],[9,-63],[1,-70],[15,13],[34,151],[22,13],[24,-13],[8,63],[27,-8],[5,-49],[-10,-163],[11,-338],[-19,9],[-23,-53],[-4,-32],[15,-74],[21,31],[15,-62],[17,-23],[-12,-79],[25,-125],[13,5],[11,-83],[-7,-37],[-27,-16],[-27,43]],[[26449,51604],[-2,0]],[[26164,52101],[0,973]],[[17564,26116],[-145,-80],[-138,-80],[-4,172],[-7,78],[-9,40],[-14,-42],[-4,116],[0,147],[-6,37],[8,100],[-8,272],[-17,241],[-29,239],[-17,123],[-25,104]],[[25731,36769],[0,84],[32,-2],[0,29]],[[25763,36880],[30,6],[0,-112],[31,-2],[-1,-163]],[[25823,36609],[8,-66],[-5,-69],[-11,-9]],[[25769,36078],[3,99],[-11,35],[-9,-38],[-9,38],[-13,146],[-5,16]],[[21203,29328],[0,19]],[[21203,29347],[120,0]],[[21323,29347],[0,-930]],[[21323,28417],[-121,-1]],[[21202,28416],[1,341],[0,571]],[[24583,26858],[0,-121],[-14,-202],[0,-334],[67,-2]],[[24637,26117],[-2,-94],[-37,11],[0,-253],[-26,3],[-3,250],[-22,2]],[[15662,40150],[-170,-2],[0,47]],[[28517,35458],[-7,63],[-17,-39],[-12,74],[-11,27],[-22,8],[-23,75]],[[29055,38902],[45,-66],[42,23]],[[29142,38859],[-3,-45],[-15,-63],[-16,-123],[-12,-125],[3,-22],[-19,-134],[-4,-60],[-18,-89],[-23,-50],[-11,23],[5,116],[14,164],[5,137],[-8,35]],[[23401,43062],[32,-1]],[[23433,43061],[95,-1]],[[23528,43060],[0,-660]],[[23528,42400],[-63,1]],[[23465,42401],[-64,1]],[[23401,42402],[0,660]],[[21495,51527],[0,207]],[[21887,52448],[11,-122],[0,-66],[-8,-91],[6,-61],[-5,-79],[-15,-124],[4,-136],[15,-120],[8,-16],[6,-108]],[[21909,51525],[-118,0],[-135,0],[-161,2]],[[26651,34272],[23,-10],[7,68],[34,82],[9,64],[13,35]],[[26754,34473],[-8,-89],[51,91],[8,25],[19,-78]],[[26047,35276],[2,-58],[-9,-58],[-4,-113],[5,-99],[-2,-129]],[[26039,34819],[-16,-24]],[[26023,34795],[-45,-41],[-42,36]],[[21762,27601],[0,-814]],[[21762,26787],[-37,-13]],[[21725,26774],[-108,-5]],[[21617,26769],[1,827]],[[21580,26771],[37,-2]],[[21725,26774],[-1,-831]],[[21581,25938],[-1,833]],[[7285,83526],[308,0],[5,138],[238,378],[240,367],[186,275],[273,0],[136,0],[0,276],[286,0]],[[8749,81048],[-200,0]],[[8279,81128],[-27,49],[-32,-13],[-31,-77],[-17,-96],[-18,-26],[-8,-82],[-2,-138],[-19,-57],[-25,31],[-36,11],[-74,-28],[-23,95],[-92,-162],[-25,-37]],[[25403,32213],[2,48]],[[25405,32261],[15,-18],[17,-53],[8,63],[29,4]],[[25490,31819],[2,-85],[-10,-32],[-1,-81],[-8,-42]],[[25473,31579],[-4,16],[-37,-30],[-11,-26],[-19,-4],[-9,-70]],[[25393,31465],[-10,40],[4,52],[11,21],[4,73],[-17,192],[5,117],[-5,65],[13,85],[5,103]],[[18665,47929],[-150,1],[-1,-165]],[[28589,41250],[26,-113]],[[28615,41137],[58,-247],[8,-11],[15,-85]],[[21272,24273],[8,0]],[[16376,49386],[-10,-56],[6,-60],[0,-376]],[[16372,48894],[-123,-2],[0,-165],[-45,0],[0,-164],[-33,1]],[[18974,44008],[0,-804]],[[18974,43204],[0,-626]],[[18869,42787],[-16,47],[-9,71]],[[26414,32658],[-29,-121],[-12,-1],[-31,-67],[-22,-79]],[[26859,31464],[-12,-80],[-12,-119],[-13,-8],[-12,-43]],[[29587,48127],[16,222],[10,169],[15,163]],[[29628,48681],[42,-103],[16,155],[29,-106],[17,157]],[[29732,48784],[58,-155],[2,-26],[-15,-135],[-13,-79],[0,-51],[-14,-130]],[[29750,48208],[-14,32],[-7,-176],[-32,66],[-8,-6],[-27,-281],[-16,32]],[[29646,47875],[-43,84],[-6,-3],[-5,173],[-5,-2]],[[24411,48956],[102,1]],[[24513,48957],[0,-666],[3,0],[1,-320]],[[24517,47971],[-13,14],[-9,-56],[-22,14],[-10,-90],[6,-64],[-29,0]],[[24440,47789],[-4,33],[-33,45]],[[23157,20604],[17,2],[40,114]],[[24797,35694],[10,57]],[[24807,35751],[31,287],[17,102]],[[24855,36140],[10,-10],[16,68],[13,-88],[16,-24],[18,-84]],[[24928,36002],[2,-83],[14,-18],[10,-70],[19,-53],[-1,-84],[11,-81],[-12,-51]],[[24971,35562],[0,-11]],[[24876,35614],[-79,-4]],[[24797,35610],[0,84]],[[23303,18884],[-74,-265],[-33,-106],[-53,-146],[-52,-177],[-31,-135]],[[30827,48112],[14,72],[19,-68],[-15,-76],[-18,72]],[[30763,48244],[19,90],[15,-49],[13,-74],[-22,-91],[-19,-1],[-6,125]],[[30740,49123],[20,-45],[14,117],[13,-34],[8,71],[48,42],[-16,415],[35,32],[-6,164],[36,32],[-10,231],[70,59]],[[30952,50207],[5,-136],[15,-429],[-34,-32],[19,-506],[5,5],[7,-161],[-7,-6],[10,-221]],[[30972,48721],[3,-119],[-29,-120],[-1,78],[-9,25],[-1,126],[-16,4],[-13,45],[-7,-40],[-14,-2],[0,-73],[13,0],[14,-89],[6,-79],[-4,-72],[-10,-33],[-26,-4],[8,-80],[-6,-34],[-26,49],[-7,85],[9,148],[12,31],[-8,77],[-14,-36],[2,124],[-11,22],[2,-134],[-30,-49],[6,-75],[-5,-90],[12,-93],[-8,-30],[-15,60],[-44,104],[-19,-33],[5,118],[-2,98],[11,114],[-7,76]],[[26494,25932],[13,0]],[[26507,25932],[-3,-30]],[[26504,25902],[-10,30]],[[26429,26362],[16,-28],[8,-81]],[[26508,25947],[-14,-15]],[[26494,25932],[-19,-30],[-21,-201],[-12,1],[-4,-56]],[[26400,25726],[-4,136],[-8,15],[-3,132]],[[23091,32873],[-8,1]],[[23083,32874],[-90,2],[0,-7]],[[22993,32869],[-55,-2],[0,167],[-30,0]],[[22908,33034],[0,166],[-30,0],[0,331],[7,0]],[[26933,28063],[15,21]],[[24924,21999],[2,-102],[7,-94],[8,-33],[-5,-91],[8,-122],[13,-90],[13,1]],[[24970,21468],[-9,-2],[-8,-56],[-11,9]],[[24794,21485],[-1,85]],[[22247,46865],[140,-1]],[[22387,46864],[25,0]],[[22412,46864],[0,-246],[7,6],[159,-337]],[[22578,46287],[9,-54]],[[22566,45605],[-44,83]],[[22522,45688],[-44,124],[-8,97]],[[22470,45909],[-8,78],[-26,66],[-20,5],[-23,132],[-26,31],[-3,123],[-5,39],[-24,23],[-24,118],[-22,193],[-8,30],[-22,-1],[-14,44],[2,75]],[[24405,53073],[12,4],[38,67],[10,48],[22,36],[45,47],[16,53],[21,104],[9,-22],[19,58],[20,-55],[6,-102],[-4,-73],[-14,-99],[-14,-64],[9,-108],[-17,-78],[-11,-111],[7,-30]],[[24580,51927],[-175,5]],[[24405,51932],[0,1141]],[[22495,19434],[60,-442]],[[22555,18992],[26,-182]],[[22581,18810],[-66,-332]],[[22386,18544],[-2,845]],[[22384,19389],[0,305]],[[28127,32050],[9,-37],[10,-206],[17,-34]],[[28163,31773],[-25,-319],[-1,-134],[-16,-11],[-5,-35],[-16,-16],[-5,-52]],[[26898,36849],[8,32],[0,123],[-6,32],[1,146]],[[26901,37182],[6,-32],[18,11]],[[25397,33251],[3,-13]],[[25400,33238],[7,-78],[2,-132]],[[25409,33028],[-1,-40],[10,-117],[-2,-74],[-21,-178],[-6,-93],[2,-64],[23,-13],[-3,-140],[-6,-48]],[[25403,32213],[-16,-9],[-2,62],[-40,4]],[[25345,32270],[-11,2],[2,522]],[[23358,26772],[38,-1],[6,98]],[[23402,26024],[-10,-45],[-14,27],[-26,83],[-14,-11],[-24,14],[-35,155]],[[22129,24130],[2,963]],[[22154,25092],[121,-4]],[[22275,25088],[-2,-612],[1,-555]],[[22274,23921],[-11,30],[-17,-96],[-3,-41],[-26,72],[-10,50],[-6,-81],[-12,11],[-9,86],[-18,16]],[[22162,23968],[-6,-47],[-13,83],[0,75],[-14,51]],[[26713,37557],[32,1],[14,111],[14,36],[6,56]],[[26609,37380],[5,164],[-6,47]],[[26608,37591],[5,82],[30,45],[14,-52],[29,-32],[20,-119],[7,42]],[[29122,40904],[10,86],[14,37],[21,101],[-18,147],[17,59]],[[29166,41334],[45,18],[3,-32],[24,4]],[[29238,41324],[-2,-55],[-12,-31],[-5,-115],[14,-69]],[[22896,28886],[0,194],[10,0]],[[22906,29080],[73,-1],[16,-39],[8,-71]],[[23002,28550],[-24,33],[-5,-119],[-19,-48],[-9,84],[-11,12],[-10,-42],[-8,83],[-1,71],[-10,39]],[[22905,28663],[0,112],[-9,0],[0,111]],[[22444,22076],[50,5],[17,-31]],[[22560,21803],[-34,-607]],[[22493,21004],[-48,384]],[[27362,15795],[-6,10],[-58,-3],[0,-167],[-28,-1],[1,-169],[-83,2]],[[27188,15467],[0,585]],[[26906,30931],[-4,36],[-6,240],[-37,257]],[[23398,21781],[20,-339]],[[23221,21295],[-1,296]],[[23414,48191],[-98,2]],[[23316,48193],[-37,-1]],[[29081,41929],[16,-23],[16,43],[4,83],[38,230]],[[29192,41602],[-25,-126]],[[29167,41476],[-18,-47],[3,99],[-12,109],[-47,-73]],[[15231,45825],[62,1],[11,-40],[1,-57],[15,-39],[5,-105],[-6,-20],[1,-149],[6,0],[0,-131],[14,27],[26,1],[5,55],[14,48],[0,66],[32,27]],[[15306,44002],[-17,90],[-8,12],[-16,126],[-1,120],[-14,133],[0,108],[-4,53],[-3,195],[4,113],[9,149],[-6,159],[-10,51],[-7,91],[-11,25],[-7,131],[-6,38],[22,229]],[[25502,23496],[0,-471],[4,0]],[[25529,21658],[-40,-57],[-39,-41],[13,118],[-15,80],[-8,83],[-19,63],[-4,117],[-5,23],[9,104],[-2,149],[-3,63],[-24,66]],[[21201,27932],[1,484]],[[21200,27584],[1,348]],[[17963,53038],[-22,-76],[-10,28],[7,88],[-18,48],[-10,60],[-16,24],[-4,134],[-6,67]],[[17600,47040],[-1,-11],[-84,423]],[[17515,47452],[2,0],[1,655],[16,1]],[[20733,52801],[0,83],[35,-1],[0,56]],[[20768,52939],[53,0],[17,-28],[0,-55],[86,0]],[[20924,52856],[0,-192]],[[20924,52664],[0,-497]],[[20924,52167],[0,-639]],[[20924,51528],[1,-120]],[[20690,51893],[0,337],[-5,0],[0,322],[48,0],[0,249]],[[28836,36314],[-19,22],[-19,-10],[-13,-80],[-17,-27],[2,151],[24,126],[-21,35],[10,87],[-12,42],[-15,-45],[-7,24],[5,96],[22,26],[13,48],[4,57]],[[28725,36289],[2,150],[9,9],[8,-61],[-4,-98]],[[25686,50404],[3,114],[33,-18],[-11,-134],[-17,-12],[-8,50]],[[25569,49107],[-101,3]],[[25468,49110],[4,90],[31,218],[31,38],[20,45],[30,298],[16,91],[7,159],[12,-12],[14,55],[10,124],[31,78],[5,-153],[-15,-8],[-3,-76],[-1,-152],[-11,2],[-10,-55],[-4,-102],[-14,-84],[4,-78],[-12,-57],[3,-43],[-16,-46],[-15,-120],[-7,-132],[-9,-83]],[[26222,35675],[-3,-164]],[[26219,35511],[-1,-241],[-8,-10]],[[25542,25523],[14,1],[-1,334],[86,9],[10,99],[0,59],[11,51],[-2,45],[8,207]],[[25668,26328],[0,-126],[28,1]],[[27291,24136],[-6,-41],[-17,-19],[-5,-52],[9,-49],[7,64],[11,15],[5,-40],[-25,-254],[-7,-27],[3,-144]],[[27266,23589],[-28,46],[-5,-47],[-18,83],[-14,38],[-17,83],[-13,102]],[[22618,47534],[0,-670]],[[22618,46864],[-41,-2]],[[22577,46862],[-58,1]],[[22519,46863],[-1,167],[0,505]],[[17546,52341],[26,-18],[22,-106],[12,-33],[15,3],[25,-46],[18,57],[4,128],[23,110],[6,100],[219,233],[69,72]],[[17402,50236],[4,103],[24,231],[9,38],[0,83],[20,135],[6,74],[-20,145],[-1,81],[-16,84],[-20,7],[-9,74],[-23,9],[-4,58]],[[24322,32311],[27,144],[12,-2]],[[24361,32453],[69,-9],[-1,-85],[30,-3]],[[24504,32354],[-16,-176],[-16,-60],[-12,-108],[9,-137],[-13,5],[0,-217],[-59,8]],[[24397,31669],[-59,7]],[[24338,31676],[1,339],[-13,-13]],[[24326,32002],[0,83],[-8,40],[-2,78],[6,108]],[[27051,15799],[0,249]],[[27188,15467],[-117,3],[-21,-6]],[[27050,15464],[1,335]],[[26210,37516],[14,33],[25,91]],[[26249,37640],[21,74],[20,38]],[[26290,37752],[3,-195],[28,-121],[14,-133],[12,-23]],[[26303,37050],[-15,-26],[-21,34]],[[26267,37058],[-8,63],[5,50],[-23,40],[2,70],[-21,71],[6,96],[-19,32],[1,36]],[[26634,44835],[131,23]],[[26824,44865],[-5,-101],[-10,-87],[-39,-68],[-10,-56],[-7,-93],[-3,-122],[5,-94],[-27,-158]],[[26637,44168],[-3,667]],[[15333,48347],[48,1],[46,12]],[[15321,47559],[9,462],[4,304],[-1,22]],[[27807,33596],[3,115],[-9,12],[-10,69],[-11,-69],[-17,20],[-5,-31],[13,-79],[0,-37]],[[27759,33595],[-56,3]],[[27496,37787],[-14,-178],[-40,-227]],[[27378,37345],[-9,107],[-33,199]],[[25286,26039],[12,669]],[[25298,26708],[2,119]],[[25277,25525],[9,514]],[[23581,24887],[138,12]],[[22630,37541],[154,-1]],[[22784,37540],[0,-831]],[[22692,36709],[-62,0]],[[22630,36709],[-1,166],[1,500]],[[16598,33496],[-26,-133],[-4,20],[-20,-52],[-57,-2],[0,-417],[-100,-525]],[[21744,36882],[117,0]],[[21861,36882],[122,-4]],[[21983,36878],[5,0]],[[21988,36878],[0,-498]],[[21748,35875],[-4,177],[0,830]],[[25409,33028],[32,-21],[10,24],[19,-18],[19,-65],[21,-7],[5,-38]],[[25515,32903],[7,-159],[-3,-149],[5,-44]],[[27774,30741],[-32,-99],[-3,-71],[7,-85],[-18,-110],[1,-49],[-20,-42]],[[27709,30285],[-65,3]],[[4577,85157],[27,77],[18,22],[22,-24],[28,9],[10,-66],[-24,-90],[-54,-6],[-27,78]],[[5096,84072],[-319,0],[0,165],[-53,0],[0,165],[-53,0],[0,165],[-57,0]],[[4614,84567],[47,236],[12,85],[29,86],[-11,103],[65,-52],[17,-61],[4,-61],[34,5],[19,-22],[32,47],[31,-28],[77,40],[47,61],[9,97],[20,51],[7,82],[13,-3],[46,220],[10,98],[-1,91],[-22,216],[-14,78],[-15,189],[0,226],[-14,81],[-64,230],[-44,86],[-18,9],[-5,163],[22,48],[48,-65],[41,-6],[17,18],[33,151],[28,67],[3,192],[-28,179],[-29,41],[-25,66],[-34,47],[-44,-157],[-3,-60],[-42,-48],[-35,40],[-53,-34],[-31,-109],[-62,-34],[-18,-118],[-87,-169],[-19,-113],[-5,-165],[-30,-54],[-20,-2],[2,88],[-17,130],[3,55],[-24,83],[-21,18],[-7,63],[-49,103],[-33,-107],[21,-78],[23,-11],[13,-60],[28,5],[0,-57],[-17,-26],[-5,-105],[-19,-19],[-21,134],[-37,90],[-59,89],[-78,19],[-28,-41],[-54,26],[-63,-28],[-122,-201],[-49,-21],[-48,58],[-135,121],[-50,23],[-103,78],[-48,111],[-25,183],[1,116],[13,20],[6,99],[-13,84],[-24,75],[-42,81],[2,69],[-16,68],[-33,68],[8,55],[34,-25],[38,30],[30,101],[-4,89],[36,101],[-19,72],[-28,41],[-48,-13],[-38,30],[-61,79],[-100,32],[-56,99],[-28,87],[-39,76],[-62,71],[-14,135],[9,77],[28,69],[122,177],[48,93],[74,173],[143,306],[99,176],[88,168],[86,144],[130,183],[108,122],[102,92]],[[2034,84977],[5,177],[26,159],[4,123],[-5,107],[28,-27],[-3,-115],[29,-85],[50,-66],[91,-93],[38,-16],[71,179],[29,-1],[19,60],[52,-19],[59,-192],[6,-171],[54,-104],[59,-25],[46,-131],[62,-31],[59,-4],[47,-23],[20,-39],[32,-18],[-8,-135],[-16,-87],[-27,-74],[-24,40],[-40,24],[-31,-9],[-44,-48],[-4,-40],[-41,-103],[-11,-81],[13,-101],[-19,-11],[-12,-67],[-34,51],[6,39],[-23,175],[-12,49],[-46,125],[-27,31],[-22,-5],[-19,31],[-21,157],[-22,73],[-38,82],[-83,101],[-66,14],[-51,-79],[2,-41],[-44,-98],[-73,110],[-34,137],[-7,95]],[[27647,39659],[-141,1]],[[27479,39660],[0,459]],[[24250,38407],[132,-10]],[[24382,38397],[-3,-678]],[[24379,37719],[-24,5],[-8,-40],[-30,-40],[-21,-128],[-18,-50]],[[24278,37466],[-17,-25],[-12,8],[-24,73],[-6,82]],[[21709,46654],[0,-746]],[[21709,45908],[-110,-3],[-128,6]],[[21471,45911],[1,247],[-8,1],[-1,497]],[[27774,29952],[-60,333],[-5,0]],[[21480,41621],[0,-99]],[[21480,41522],[0,-491]],[[21480,41031],[-171,-3]],[[21309,41028],[0,508],[4,85]],[[22424,29525],[0,-139],[15,1],[0,-337]],[[22439,29050],[-11,14],[-12,-60],[-21,7],[-10,33],[-33,56],[-9,56]],[[22343,29156],[-13,9],[-12,-37],[-10,26],[-11,-19],[-20,24],[-5,237]],[[25628,23028],[105,-4]],[[25733,23024],[-4,-1163]],[[25729,21861],[-33,-31]],[[20018,26091],[0,-213],[0,-784],[0,-570]],[[20018,24524],[-95,0],[-159,0]],[[19764,24524],[-2,154]],[[26719,21620],[-34,0]],[[26815,20788],[6,119]],[[22527,55818],[-36,0],[0,-332],[-29,1],[0,-203]],[[26138,49368],[1,73],[10,17],[124,-3]],[[26273,49455],[-1,-662]],[[26272,48793],[-135,3]],[[23603,31408],[1,77],[12,28],[12,-65],[-2,-64],[16,-68],[17,15],[27,74],[-7,67],[4,43],[19,-9]],[[23702,31506],[-2,-439],[15,-1]],[[23715,31066],[-1,-140],[-30,5],[0,-84]],[[23684,30847],[-23,-38],[-2,-212],[-18,-29],[-18,15],[-25,-51]],[[27871,36670],[17,-61],[9,43],[2,72],[-23,9],[-5,-63]],[[27916,36501],[7,-41],[17,7],[0,82],[-11,19],[-13,-67]],[[22848,31376],[0,166]],[[22848,31542],[144,-2]],[[22992,31540],[0,-119]],[[22950,30467],[-13,88],[-18,-38],[-12,72]],[[22848,30520],[0,856]],[[25437,51103],[42,1],[0,336],[22,0],[0,166]],[[25600,50775],[-7,-94],[-12,-103],[2,-32],[-19,-116],[-19,-175],[-22,-159],[-17,-83],[2,-107]],[[18230,46293],[1,-667],[-14,0],[0,-163],[-47,1]],[[18170,45464],[-33,0],[0,83],[-82,1],[-6,80],[-64,0]],[[17985,45628],[0,662]],[[19531,34469],[186,1]],[[19967,34471],[17,0]],[[19927,32983],[0,-418]],[[19927,32565],[-180,3],[-216,1]],[[22937,17621],[1,9]],[[22928,17425],[-30,-200],[-26,-207],[6,125],[8,30],[10,170],[10,73],[2,62],[14,86],[13,-38]],[[22869,17026],[-2,95]],[[22867,17121],[6,-43],[-4,-52]],[[22946,17918],[-3,-82]],[[22940,17730],[-10,-78],[-24,-106],[-14,2],[-12,46],[2,100]],[[22826,17451],[23,-90],[10,97],[13,28],[5,-32],[-2,-91],[-25,-242]],[[22850,17121],[-1,6]],[[29397,45800],[-14,-92],[7,-141],[-5,-68]],[[29385,45499],[-17,68],[-8,-63],[-12,-14]],[[29348,45490],[-24,138],[-2,115],[-14,-27],[-15,70],[-24,42]],[[29269,45828],[-1,51]],[[29268,45879],[-12,517]],[[29256,46396],[-5,224]],[[30022,45930],[0,57],[40,450]],[[30214,46026],[-30,-292],[-2,-65]],[[30063,45421],[-4,25],[-26,32],[-10,98],[-11,2],[-7,201],[21,17],[-4,134]],[[24249,31349],[72,-8],[1,149],[15,36],[1,150]],[[24397,31669],[-1,-168],[66,-6]],[[25911,28139],[27,-9],[7,-54],[1,-86],[7,-28],[56,-2],[0,-56]],[[26009,27904],[-16,-109]],[[25993,27795],[-15,-1],[-5,-84],[0,-111],[-15,-27],[-1,-167],[-38,4],[-1,-194],[-14,2],[-1,-174]],[[25903,27043],[-88,-3]],[[17580,56404],[0,951]],[[17580,57355],[234,-3],[134,2]],[[17580,55858],[0,546]],[[21865,19377],[155,4]],[[22020,19381],[0,-836]],[[21992,17685],[-3,73],[-9,10],[-11,84],[2,62],[-17,163],[4,53],[-21,232],[3,67],[-13,42],[0,60],[-14,36],[-3,155],[-8,70],[-3,92],[-29,222],[1,84],[-6,187]],[[22324,36378],[30,1],[0,497]],[[22475,36875],[2,-168]],[[22477,36707],[0,-664]],[[22477,36043],[-151,2]],[[22326,36045],[-2,0],[0,333]],[[25168,26702],[130,6]],[[25286,26039],[-146,-2]],[[25140,26037],[0,667]],[[22869,17026],[-17,-26],[7,87],[8,34]],[[22850,17121],[0,-6]],[[22849,17107],[-3,-17]],[[22826,17022],[-1,3]],[[22825,16502],[-12,-1]],[[22813,16501],[7,109],[12,43],[15,222],[5,13],[0,94],[20,-6],[-28,-245],[-19,-229]],[[22751,17005],[7,-32],[22,31],[-2,-109],[13,-112],[25,-61],[-19,-250]],[[22797,16472],[-144,-4],[-14,119],[-14,28]],[[22625,16615],[2,269],[0,207],[38,210]],[[29021,39267],[30,178]],[[29179,39347],[10,-112],[15,15]],[[29204,39250],[4,-43],[-4,-84],[-27,-161],[-35,-103]],[[27132,23353],[22,-90],[16,-23],[20,22],[-2,-57],[10,-55],[20,-49],[4,-39]],[[27222,23062],[-14,-61],[25,-51],[-1,-104],[-12,-178],[-3,-130],[4,-62]],[[26429,36506],[1,-92],[-11,-34],[-5,-132],[1,-76]],[[26388,36086],[-5,118],[-7,60],[-32,88],[-19,33]],[[22069,48191],[15,-125],[32,12],[32,-65],[11,4],[1,86],[-24,45],[-1,59],[10,27]],[[22145,48234],[24,-48]],[[22169,48186],[10,-81],[-5,-111],[14,-70],[20,-16],[23,-98],[0,-116]],[[22231,47694],[1,-80],[11,-71],[-15,-120],[-12,-34],[1,-132],[-18,-57],[11,-45],[21,-18],[4,-117],[16,-95],[-4,-60]],[[22247,46865],[-66,0]],[[27553,25950],[-22,-102],[-8,34],[-15,-48],[-8,66],[-9,-38]],[[27491,25862],[-17,84],[-4,70],[-9,0],[-18,58],[-10,114],[-15,50],[-9,-10],[-16,52]],[[22700,31376],[148,0]],[[22700,31301],[0,75]],[[26688,26703],[-16,356],[-4,138]],[[24749,43488],[1,-65],[-8,-91],[0,-113],[-20,-43],[-13,-79],[-22,5],[-15,-29],[-17,-93],[-37,-18]],[[24618,42962],[1,274],[-32,1]],[[24587,43237],[0,332]],[[26887,28720],[9,-5],[13,-49]],[[26909,28666],[14,-36],[6,-52],[18,-83],[23,-61],[13,-94],[14,-61],[8,-127]],[[24907,27253],[14,135],[15,0]],[[24936,27388],[54,1]],[[24990,27389],[38,-1],[0,-337]],[[28903,39011],[-1,7]],[[28861,39486],[22,160],[6,99],[15,58]],[[28904,39803],[0,-67],[8,-66],[25,-89],[15,-35],[9,11],[38,-188]],[[28901,39023],[-14,99],[-20,41],[1,153],[6,69],[-12,55]],[[28862,39440],[-1,46]],[[26406,49449],[0,-663]],[[23846,42406],[64,-1]],[[23910,42405],[64,0]],[[23974,42405],[0,-500]],[[23974,41905],[-127,-1]],[[23847,41904],[-1,502]],[[25762,37687],[104,3]],[[25866,37184],[0,-55],[-104,2]],[[25762,37131],[0,251]],[[25762,37382],[0,305]],[[23863,45069],[0,669]],[[25658,38605],[104,-4]],[[25762,38601],[0,-331]],[[25762,38270],[0,-167]],[[25762,38103],[-62,-1]],[[25606,38109],[0,503]],[[26206,47464],[134,3]],[[26340,47467],[0,-666]],[[26340,46801],[-67,0]],[[26273,46801],[-66,0]],[[26207,46801],[-1,663]],[[26643,41153],[28,2]],[[26671,41155],[48,3],[0,-120]],[[26719,41038],[0,-380],[21,-1],[0,-193]],[[26740,40464],[-10,-67]],[[26730,40397],[-83,7]],[[26647,40404],[3,217],[-16,8]],[[26634,40629],[9,524]],[[23974,42405],[64,0]],[[24038,42405],[64,1]],[[24102,42406],[0,-500]],[[24102,41906],[-128,-1]],[[23920,33514],[122,0]],[[24042,33514],[-8,-14],[-2,-718]],[[24032,32782],[-15,2]],[[24017,32784],[-99,12]],[[26149,44142],[130,1]],[[26279,44143],[0,-595]],[[26279,43548],[-103,-1]],[[26176,43547],[-27,0]],[[26149,43547],[0,595]],[[27997,40655],[11,160]],[[28008,40815],[32,-76],[16,-81],[4,110],[40,-115],[9,107]],[[28143,40506],[-6,-81],[-14,-69],[1,-144],[-18,-204],[-8,-149],[-23,-197]],[[27624,43033],[41,185],[6,67],[60,-10],[0,13]],[[27709,42428],[-85,-2]],[[27624,42426],[0,607]],[[26113,28905],[46,-4],[0,41],[58,-8]],[[26217,28934],[0,-25],[35,-1]],[[26252,28908],[-16,-250],[-19,2],[0,-92]],[[26217,28568],[-46,-10],[-48,5]],[[26123,28563],[-4,119]],[[26119,28682],[-6,223]],[[26519,36246],[24,-49],[18,-4],[13,29]],[[26591,35837],[-4,0]],[[26509,36068],[2,153],[8,25]],[[23040,48856],[0,167]],[[23144,48194],[-104,0]],[[23040,48194],[0,662]],[[27321,42076],[24,-1],[-1,279]],[[27344,42354],[135,-1]],[[27479,42353],[0,-16]],[[27479,42337],[0,-429]],[[27479,41908],[-84,1],[0,55],[-21,1],[0,-55],[-53,1]],[[27321,41911],[0,165]],[[19531,25750],[0,670]],[[19764,24524],[0,-858],[-139,-1],[-95,-1]],[[19530,23664],[0,580],[0,863],[1,643]],[[27577,38747],[40,11],[36,98]],[[27653,38856],[24,-132]],[[27677,38724],[-8,-196],[3,-23]],[[27600,38184],[9,53],[-4,120],[-17,0],[-11,95],[-17,48]],[[24638,27359],[45,1],[0,111],[28,1]],[[24655,26696],[-1,332],[-12,-1]],[[24550,32345],[-1,-337]],[[24549,32008],[-1,-506]],[[25407,37465],[12,0]],[[25419,37465],[73,-4]],[[25398,36868],[-1,5]],[[18137,37470],[239,0],[189,0]],[[18565,37470],[-1,-119]],[[18564,37351],[0,-55],[18,-100],[2,-44],[18,-50],[13,-90],[-5,-97],[-12,-144],[-14,-107]],[[18575,36659],[-80,0],[-137,2],[-112,0],[-109,1]],[[18137,36662],[0,808]],[[23125,21257],[-12,123],[10,81],[2,79],[15,13]],[[25631,28738],[11,-2],[1,585]],[[25643,29321],[0,28]],[[25643,29349],[147,-18]],[[25684,28480],[-13,59],[-23,2],[1,55],[-18,142]],[[3958,83396],[28,-3],[7,-100],[-17,-15],[-17,50],[-1,68]],[[3906,80085],[-15,52],[-3,66],[21,62],[27,-10],[2,82],[-30,48],[-50,195],[-26,-195],[-41,21],[-16,38],[-12,227],[14,85],[-80,105],[-12,117],[0,57],[42,72],[3,79],[-16,61],[-35,46],[-57,-71],[-11,143],[4,83],[33,4],[78,74],[-25,43],[-39,37],[-26,146],[0,37],[49,27],[14,-13],[71,58],[-18,79],[-21,174],[-1,102],[28,233],[8,11],[57,260],[63,323],[28,91],[35,83],[34,12],[23,41],[-14,89],[-14,151],[0,134],[23,298],[22,124],[15,39],[26,-7],[8,45],[-15,144],[49,173],[25,51],[39,29],[36,8],[51,-82],[38,-42],[38,-123],[18,3],[13,-66],[18,-31],[20,-105],[15,23],[52,19],[18,23],[20,90],[34,84],[8,100],[43,36],[22,90]],[[26901,28777],[18,111],[13,17],[8,-39],[35,7]],[[27053,28661],[-30,-45],[0,-91],[9,-76],[-6,-90],[-8,-56],[-3,-79],[5,-64],[20,-108],[-6,-71]],[[26909,28666],[-8,111]],[[15495,37843],[-32,147],[-3,52],[-15,80],[-5,80],[11,123],[0,57],[-13,213],[-10,60],[-10,257],[-5,37],[3,183],[14,207],[-6,90],[-2,171],[-8,54],[-8,221],[-15,55],[-7,89],[-26,175]],[[22718,47531],[66,-1]],[[22784,47530],[67,-1]],[[22851,47529],[0,-664]],[[22775,46865],[-57,0]],[[22718,46865],[0,666]],[[28636,32440],[11,7],[12,55],[32,52],[30,-7],[10,-40],[3,-92],[-14,-130],[4,-89],[-3,-172],[4,-98]],[[28625,31987],[0,170],[15,143],[-8,101],[4,39]],[[29093,49716],[12,9],[97,-15],[52,0],[34,8]],[[29288,49718],[5,-191],[0,-112],[6,-247],[6,3],[5,-256],[4,3],[6,-280]],[[29217,48049],[-71,-41]],[[29146,48008],[3,136],[-24,1045],[-9,446],[-21,1],[-2,80]],[[23181,37787],[0,250]],[[23181,38037],[124,-1]],[[23305,38036],[0,-249]],[[23305,37787],[-2,-153],[0,-429]],[[23180,37206],[0,498],[1,83]],[[25054,49781],[67,0]],[[25121,49781],[0,-164],[69,0],[0,-165],[68,-2]],[[25258,49450],[68,-5],[-2,-164],[3,-166]],[[25327,49115],[-1,-181]],[[25326,48934],[-100,11]],[[25226,48945],[0,167],[-172,6]],[[25054,49118],[0,663]],[[16425,32163],[128,-1],[55,2]],[[23552,36449],[0,43]],[[23552,36492],[104,-17],[-1,-44],[30,58],[14,-49],[8,8]],[[23707,36448],[-2,-259]],[[23705,36189],[-2,-268],[0,-230]],[[23703,35691],[-59,14],[-93,12]],[[23551,35717],[0,38]],[[23551,35755],[1,694]],[[24033,50954],[100,-4],[0,165],[104,-6],[0,-163]],[[24237,50946],[0,-821]],[[24237,50125],[-168,0]],[[24073,50290],[9,48],[2,62],[15,86],[1,82],[-22,139],[0,51],[-12,49],[-15,-12],[-17,28],[-1,131]],[[28862,39440],[-1,46]],[[28797,39662],[24,153],[30,66]],[[28851,39882],[4,2]],[[28899,39823],[-13,-39],[-11,-126],[-15,-121],[-7,-11],[-7,-102],[14,-67],[-9,-159],[6,-76],[10,-43],[7,-97]],[[27519,12172],[-1,-33]],[[27513,12072],[-7,-79],[6,-38],[13,30],[5,62],[-2,69],[25,122],[-25,-276],[-4,-81],[-12,-85],[-9,-1],[-8,47],[5,100],[-12,42]],[[27214,13121],[166,4]],[[27385,11926],[-12,-28],[0,-43],[-28,-29],[-14,8],[-9,-24],[-16,79],[-9,124],[6,195],[8,27],[0,77],[-7,48],[-6,124],[-11,71],[1,52],[-8,67],[-2,71],[-9,15],[-5,140],[-25,118],[0,50],[-25,53]],[[27118,10755],[26,84],[-12,49],[3,41],[23,87],[24,71],[7,45],[12,-8],[5,69],[15,40],[20,-65],[2,-70],[13,-76],[6,-90],[-27,-66],[-3,41],[-28,23],[-1,-55],[-49,-128],[-35,-25],[-1,33]],[[27777,29935],[-51,-616]],[[25474,26857],[82,-7]],[[25556,26850],[0,-246]],[[25556,26604],[0,-83],[-14,0],[-1,-334],[-14,0],[0,-331]],[[15637,54532],[16,123],[13,68],[46,90],[2,95],[17,154],[31,144],[-6,88],[20,-15],[10,-322],[-18,-33],[14,-61],[0,-195],[-11,-68],[0,-60],[13,-28],[-10,-78],[-5,-125]],[[21983,37709],[26,-1]],[[22163,37706],[4,0]],[[22167,37706],[0,-662]],[[22167,37044],[0,-166]],[[22167,36878],[-87,-2],[-92,2]],[[21983,36878],[0,831]],[[24865,48295],[49,-4]],[[24914,48291],[36,-4]],[[24950,48287],[0,-502]],[[24950,47785],[-1,-648]],[[24949,47137],[-52,-3]],[[23805,21588],[-4,-67],[7,-109],[-8,-109],[1,-80]],[[23801,21223],[-5,-54],[-14,-64],[-8,-133],[-10,-106]],[[26284,27938],[17,110],[25,53],[1,46],[21,114]],[[26348,28261],[30,158],[7,96],[3,88],[14,78],[-10,209]],[[26392,28890],[1,68],[15,29],[1,73],[9,45],[19,0]],[[26437,29105],[0,-146],[13,-19],[19,-84],[13,-9]],[[26412,28079],[-30,1],[-1,-186]],[[26272,27819],[12,119]],[[23205,27625],[0,99]],[[23359,27564],[-1,-1]],[[23204,27262],[1,363]],[[21557,25103],[22,1]],[[20643,40691],[1,-499]],[[20644,40192],[-7,-109],[-12,0],[-8,-56]],[[20548,40025],[-17,37],[-61,1]],[[23504,53166],[35,-1],[-1,330],[0,660],[-2,166]],[[23536,54321],[71,4],[0,63]],[[23786,53597],[-1,-433]],[[23785,53164],[-157,5],[-1,-332],[4,-1],[1,-651],[-4,-23]],[[23541,52297],[-22,38]],[[23519,52335],[-13,49],[0,449],[-2,333]],[[23927,39626],[52,6],[62,-13]],[[24041,39619],[47,-3],[-1,-168]],[[24087,39448],[-4,-550]],[[24083,38898],[-23,42],[-16,-224]],[[23924,39459],[-1,68],[4,99]],[[24841,41550],[1,500]],[[24842,42050],[96,-2]],[[24938,42048],[53,-1],[-7,-99]],[[24984,41948],[-24,-233],[2,-98]],[[24962,41617],[-1,-94],[-16,-63],[-1,-48],[-11,-71],[1,-46],[-12,-32],[-22,-18],[-27,-75]],[[24873,41170],[0,213],[-32,2],[0,165]],[[24883,45557],[0,83]],[[24883,45640],[130,-2],[0,-21]],[[25013,45617],[1,-658]],[[25014,44959],[-10,0]],[[25004,44959],[-121,10]],[[24883,44969],[0,588]],[[24078,26385],[-28,0],[-1,-92],[-11,-64],[3,-69],[-6,-107]],[[23935,26878],[70,-1]],[[26593,47036],[9,2],[40,242],[16,21]],[[26755,47200],[4,-664],[-5,0]],[[26754,46536],[-65,-9],[1,-166],[-31,-23]],[[26659,46338],[-65,-4]],[[26594,46334],[-1,491]],[[26593,46825],[0,211]],[[25167,34383],[1,-13]],[[25168,34370],[0,-332]],[[25168,34038],[-71,0],[-15,24]],[[25082,34062],[-15,41],[1,63],[10,14],[10,184]],[[22851,47529],[67,1]],[[22918,47530],[122,2]],[[23040,47532],[0,-666]],[[23040,46866],[-41,0]],[[22999,46866],[-91,-1]],[[22650,47533],[68,-2]],[[22718,46865],[-100,-1]],[[28652,42690],[7,128]],[[28784,42913],[4,-75],[22,-75],[15,-17],[-1,-99],[11,-58],[1,-134],[13,-49]],[[28836,42332],[-12,17],[-21,-76],[-1,-79],[11,-80],[-74,-181]],[[28739,41933],[-9,-21],[-50,91]],[[28680,42003],[-6,191],[0,168],[-13,-12],[-12,151],[3,189]],[[25409,38618],[56,8],[25,-13],[8,-28]],[[25498,38585],[-7,-97],[10,-4],[13,-90],[-1,-135],[17,-58],[-2,-102]],[[25525,38003],[-105,-4]],[[25420,37999],[-10,0]],[[25410,37999],[-1,619]],[[23743,48690],[11,91],[-6,74]],[[23856,48855],[-1,-662]],[[23855,48193],[-67,-1]],[[23654,47529],[0,-663]],[[23654,46866],[-54,0]],[[23485,46867],[0,662]],[[24237,50946],[35,0]],[[24272,50946],[136,-4]],[[24408,50942],[0,-659]],[[24408,50283],[0,-163],[-35,2]],[[24373,50122],[-136,3]],[[21634,57352],[104,-1],[116,1],[147,0]],[[22001,57352],[-1,-535],[11,0],[0,-331]],[[22011,56486],[-37,-1]],[[21974,56485],[-36,0],[0,166],[-182,1],[0,-166]],[[21756,56486],[-109,2],[0,331],[-13,0],[0,533]],[[24513,48957],[68,-1]],[[24749,48628],[1,-335]],[[24750,48115],[-34,11],[-131,-5],[-17,-43],[-2,-124]],[[24566,47954],[-49,0],[0,17]],[[23859,37438],[1,170],[4,484],[-1,56]],[[23863,38148],[0,28]],[[23988,38148],[-3,-449]],[[23985,37699],[-2,-311]],[[23983,37388],[-62,11],[-1,-56],[-61,12]],[[23859,37355],[0,83]],[[26509,41113],[2,99],[32,7]],[[26543,41219],[0,-13],[100,-43],[0,-10]],[[26634,40629],[-65,30],[0,28],[-64,26]],[[26505,40713],[3,75],[1,325]],[[22412,49028],[203,-5]],[[22615,49023],[34,-1],[1,-165]],[[22650,48857],[-1,-666]],[[22413,48194],[0,668],[-1,166]],[[25776,38946],[0,-12],[70,-1]],[[25846,38933],[2,-170],[1,-386],[14,1]],[[25863,38267],[-101,3]],[[25762,38601],[-1,324],[15,21]],[[24390,45233],[132,4]],[[24522,45237],[1,-668]],[[24523,44569],[-65,1]],[[24458,44570],[-65,0]],[[24393,44570],[-1,330],[-3,0],[1,333]],[[23995,46318],[131,0]],[[24126,46318],[0,-583]],[[23868,32803],[0,-83],[9,-2],[-1,-216],[-10,-27],[-10,-137],[1,-225]],[[23857,32113],[-49,10]],[[23808,32123],[-60,11],[0,-28]],[[23748,32106],[-15,2]],[[23733,32108],[3,138],[3,492],[15,274]],[[22919,49353],[1,329]],[[22920,49682],[120,1]],[[23040,48856],[-121,0]],[[22919,48856],[0,497]],[[18571,42245],[71,495],[58,0],[18,55],[-2,104],[15,-14],[9,26]],[[25990,52595],[0,-496]],[[25989,51573],[-16,-70],[-38,61],[-38,-2],[-22,-37],[-13,-72],[-1,-97],[-12,-128],[-15,4],[-10,-62]],[[29732,46356],[-5,-136]],[[29727,46220],[4,-143],[-9,-65],[7,-80],[-9,-73],[-16,-43],[2,-59],[-9,-125],[5,-92],[18,-90],[5,-59]],[[29593,45415],[2,359],[-23,6],[3,358],[36,-9],[1,174],[4,110],[8,-13]],[[25790,41929],[31,-2]],[[25821,41927],[84,-1]],[[25905,41926],[1,-662]],[[25906,41264],[-58,-2]],[[25848,41262],[0,250],[-42,0],[0,82],[-16,1]],[[25790,41595],[0,334]],[[20755,43344],[0,-168],[167,-2]],[[20922,42848],[0,-747]],[[20922,42101],[-173,-1],[-75,-5]],[[20581,42095],[-1,635],[1,129],[0,491]],[[23859,51126],[34,-7],[69,0]],[[23962,51119],[0,-329],[33,-2],[1,-277]],[[23996,50511],[-136,6]],[[23860,50517],[-1,274]],[[23859,50791],[0,335]],[[21907,27602],[0,-829]],[[21907,26773],[-38,1]],[[21869,26774],[-93,3],[-14,10]],[[27205,38128],[-11,63],[3,105],[-14,39]],[[27251,40600],[1,172],[16,-2],[2,248]],[[27270,41018],[91,-17]],[[27361,41001],[21,-3],[-1,-83],[-3,-419]],[[27378,40496],[-96,20]],[[27282,40516],[-32,3],[1,81]],[[26543,41421],[0,334]],[[26543,41755],[101,-3]],[[26644,41752],[5,-1],[1,-222],[21,-28]],[[26671,41501],[0,-346]],[[26543,41219],[0,202]],[[22525,44838],[130,2]],[[22655,44840],[0,-664]],[[22655,44176],[0,-330]],[[22655,43846],[-129,-3]],[[22526,43843],[-1,332]],[[22525,44175],[0,663]],[[27612,32585],[2,470]],[[27614,33055],[140,-30]],[[27754,33025],[-2,-303],[-1,-349]],[[27751,32373],[-140,40]],[[22918,48192],[122,2]],[[23040,48194],[0,-662]],[[22918,47530],[0,662]],[[25889,43548],[1,594]],[[25890,44142],[128,-5]],[[26018,44137],[1,-515],[-9,-76]],[[26010,43546],[-75,3]],[[25935,43549],[-46,-1]],[[17872,37669],[0,-1194],[-249,-1],[0,-647],[0,-640],[-1,-1017]],[[17269,34416],[0,874],[0,1088],[-146,903]],[[17123,37281],[-141,849],[0,155],[92,140]],[[28539,45958],[3,107],[-5,502]],[[28537,46567],[8,6],[21,136]],[[28662,45476],[2,-282]],[[28664,45194],[-54,-9],[0,17],[-58,-8]],[[28552,45194],[-5,89],[-13,110],[-2,117],[6,69],[-5,146],[0,130],[6,103]],[[30408,48056],[-3,64],[6,43],[-22,49],[0,176],[-15,133],[8,30],[-8,197]],[[23789,40114],[112,16]],[[23901,40130],[-1,-503],[27,-1]],[[23790,39451],[0,330]],[[23790,39781],[-1,333]],[[21348,30175],[99,1]],[[21447,30176],[48,1]],[[21495,29347],[-26,1]],[[21469,29348],[-121,-1]],[[21348,29347],[0,828]],[[20358,46855],[17,1]],[[20375,46856],[159,3],[102,3]],[[20636,46862],[50,3]],[[20579,44828],[-13,-1],[-8,-104],[0,-109],[-4,-56],[-40,0],[-27,28],[0,139],[11,0],[5,101],[-144,5]],[[16508,47243],[33,0],[1,498],[33,0]],[[16981,43999],[-139,-9],[-174,4]],[[16658,43994],[-1,273],[-1,1166],[-161,-5],[0,326],[3,0],[0,499],[10,0],[0,824]],[[16538,49855],[-1,-139],[34,0]],[[16575,48404],[-68,0],[0,158],[-34,0],[0,94],[-101,-6],[0,244]],[[18773,37336],[3,15],[126,0]],[[18752,36666],[-2,522],[23,148]],[[24826,51437],[172,2],[34,6],[0,-78],[35,-8],[0,82],[36,-8]],[[25103,51433],[0,-822]],[[25103,50611],[-83,11],[-22,-5]],[[24998,50617],[-1,168],[-172,-1]],[[24825,50784],[1,653]],[[25692,43451],[30,97]],[[25722,43548],[84,-1]],[[25806,43547],[-1,-208],[11,-2],[0,-151],[-10,-97],[0,-165]],[[25693,42550],[0,571],[-1,330]],[[28230,31774],[-67,-1]],[[21236,52834],[146,0],[85,2]],[[21495,52024],[-139,1],[0,148],[-119,-4]],[[21237,52169],[-1,665]],[[30024,43545],[6,-103],[-13,-97]],[[29912,43319],[-1,162]],[[21300,44014],[5,1]],[[21305,44015],[0,-363],[4,-136],[8,-1],[0,-580]],[[21317,42935],[-204,-2]],[[26374,40036],[17,2]],[[26391,40038],[74,7],[0,-71],[30,-12]],[[26495,39962],[-1,-56]],[[26494,39906],[-11,-23],[-6,-496]],[[26477,39387],[-47,22],[-23,0]],[[26407,39409],[-31,3]],[[26376,39412],[-2,624]],[[19265,42093],[139,4],[126,3]],[[19530,42100],[0,-645]],[[27405,31622],[13,0]],[[27483,31010],[-13,45]],[[24194,38948],[58,-13],[107,-4]],[[24359,38931],[0,-28],[78,-11]],[[24437,38892],[8,-336]],[[24445,38556],[-62,11],[-1,-170]],[[24193,38755],[1,193]],[[26542,42418],[128,-2]],[[26670,42416],[1,-333]],[[26671,42083],[-11,-1],[-5,-165],[-11,0],[0,-165]],[[26543,41755],[-1,192]],[[26542,41947],[0,471]],[[24226,37018],[0,67],[22,59],[-9,56],[9,50],[20,17],[10,64],[-5,99],[5,36]],[[24379,37719],[1,1]],[[24380,37720],[-1,-792]],[[24379,36928],[-61,10],[-38,-10],[-54,7]],[[24226,36935],[0,83]],[[22408,41524],[122,-1]],[[22530,41523],[1,0]],[[22531,41523],[0,-663]],[[22531,40860],[-124,0]],[[22407,40860],[0,647]],[[22407,41507],[1,17]],[[16559,38763],[18,30],[47,136],[55,542]],[[16826,38427],[-46,1],[-26,-250],[0,-176],[31,0],[-1,-166],[0,-666],[-70,-3]],[[16666,37400],[0,215],[-5,0],[-1,167],[-15,-5],[1,144],[-6,28],[1,249],[5,56],[25,13],[0,179],[-67,3]],[[16604,38449],[-6,115],[3,91],[-24,2],[-9,27],[-9,79]],[[19436,52955],[0,-387],[-4,0],[0,-516],[-70,-1]],[[19362,52051],[-175,2]],[[24238,33515],[9,0]],[[24247,33515],[125,2]],[[24372,33517],[62,-4]],[[24434,33513],[-2,-309],[-31,4],[0,-167],[-35,6]],[[24366,33047],[-129,15]],[[24237,33062],[1,453]],[[24749,49125],[132,0]],[[24881,49125],[0,-331],[33,0],[0,-503]],[[23702,31506],[10,37],[-3,55],[8,154],[-15,3],[0,166],[25,-4],[6,136],[15,-2],[0,55]],[[23808,32123],[-4,-750]],[[23804,31373],[-13,-16],[-14,109],[-1,-212],[-30,12],[-1,-171],[-30,3],[0,-32]],[[25080,36616],[118,1]],[[25198,36617],[0,-417]],[[25198,36200],[0,-83]],[[25198,36117],[-124,-2]],[[25074,36115],[0,168],[-7,0]],[[25067,36283],[6,33],[2,122],[8,123],[-3,55]],[[25263,39527],[114,2],[0,55],[27,9]],[[25404,39593],[2,-391]],[[25406,39202],[-15,-1],[0,-194]],[[25391,39007],[-46,-7],[-81,-1]],[[25264,38999],[0,138]],[[25264,39137],[-1,390]],[[25103,50611],[35,2],[-1,-165],[69,0]],[[25206,50448],[-1,-331],[12,-1],[-1,-167]],[[25216,49949],[-95,1],[0,-169]],[[25054,49781],[0,171],[-57,1]],[[24997,49953],[1,664]],[[24685,23697],[80,1]],[[24765,23698],[0,-667]],[[24685,23029],[0,668]],[[23694,38558],[12,-17],[10,38],[-1,71],[14,27],[5,-43],[17,3],[17,59],[22,-17]],[[23863,38148],[-94,18],[0,-55],[-78,16]],[[26217,28934],[1,224],[6,-1],[0,255],[5,87]],[[26229,29499],[16,12],[60,-4],[0,31],[22,-1]],[[26327,29537],[0,-353],[-2,-284]],[[26325,28900],[-21,2]],[[26304,28902],[-52,6]],[[23703,35691],[-1,-111]],[[23702,35580],[-2,-443]],[[23700,35137],[-104,17],[-45,11]],[[23551,35165],[0,552]],[[27479,42337],[73,6],[31,-27],[13,-82]],[[27596,42234],[-19,-134],[2,-278]],[[27579,41822],[-100,-7]],[[27479,41815],[0,93]],[[24044,40263],[140,-1]],[[24184,40262],[0,-160],[16,-1]],[[24197,39439],[-1,0]],[[24196,39439],[-109,9]],[[24041,39619],[3,644]],[[26217,28568],[3,0],[0,-176]],[[26220,28392],[-4,-186],[-17,-44],[-7,16],[-42,-91],[-14,2]],[[26136,28089],[-13,474]],[[25267,41369],[62,1],[-3,718]],[[25326,42088],[32,6]],[[25358,42094],[4,-972],[51,-4]],[[25413,41118],[1,-165]],[[25414,40953],[-147,-1]],[[25267,40952],[0,417]],[[28816,43323],[72,-1]],[[27019,42220],[0,140],[27,-1],[0,120],[28,0],[0,143],[26,1]],[[27154,42627],[-1,-550]],[[27153,42077],[-123,6]],[[27030,42083],[-12,0],[1,137]],[[26775,23380],[21,1]],[[26796,23381],[0,-600]],[[26796,22781],[-14,-38]],[[25201,37953],[1,169]],[[25202,38122],[92,-7]],[[25294,38115],[0,-112],[29,-9]],[[25323,37994],[0,-222],[-7,1],[3,-130],[-7,-55],[12,-67]],[[25324,37521],[-92,15],[-32,-2]],[[25200,37534],[1,419]],[[26463,47487],[0,326]],[[26463,47813],[34,0],[0,-164],[37,-1]],[[26534,47648],[-4,-98],[-1,-156],[-8,-31],[12,-159],[16,-59],[24,-35],[20,-74]],[[26593,46825],[-33,1],[0,82],[-65,3],[0,83],[-33,3]],[[26462,46997],[1,490]],[[27031,41466],[133,-1]],[[27164,41465],[0,-64]],[[27164,41401],[-4,-13],[-2,-350],[-11,2]],[[27147,41040],[-132,22]],[[27015,41062],[2,222],[-12,-9]],[[27005,41275],[0,189],[26,2]],[[26212,24921],[26,-62],[18,-66]],[[26256,24793],[0,-282],[-14,2]],[[26242,24513],[-51,5]],[[28323,45106],[34,-2]],[[28357,45104],[62,1],[-1,-146],[12,-31]],[[28430,44928],[2,-403],[37,11]],[[28469,44536],[0,-528]],[[28469,44008],[-44,-4],[-136,0]],[[28289,44004],[-39,-1]],[[28250,44003],[6,773],[2,128]],[[27092,38053],[17,44],[1,52],[17,69],[5,96],[-13,84],[18,69]],[[27151,37572],[-14,110],[-7,-6]],[[27130,37676],[-12,65],[7,35],[-32,248],[-1,29]],[[21247,56488],[182,0]],[[21429,56488],[73,0],[0,-332],[14,0],[0,-666],[14,0],[0,-334]],[[21387,54985],[-9,-12],[-29,60],[-11,-6],[-23,83]],[[25014,44959],[119,-10]],[[25133,44949],[0,-653]],[[25133,44296],[-65,-4],[0,103],[-62,-5]],[[25006,44390],[-2,569]],[[23042,44941],[13,-13],[5,-72],[-9,-67],[1,-140],[11,-51],[4,-66]],[[23067,44532],[-104,3]],[[22963,44535],[2,471],[25,-1]],[[21738,36882],[6,0]],[[23832,34658],[151,-18]],[[23983,34640],[46,-6],[0,-28]],[[24029,34606],[-2,-499]],[[24027,34107],[-110,15]],[[23917,34122],[-11,1],[2,334],[-76,6]],[[23832,34463],[0,195]],[[26174,38120],[0,-424]],[[26174,37696],[-18,93],[-18,-7]],[[26138,37782],[-29,-15],[-5,-89],[4,-43],[3,-139]],[[26111,37496],[-14,0],[-5,39],[-20,-1]],[[26072,37534],[-1,138],[-10,56],[-21,55],[0,150]],[[26040,37933],[20,17],[21,111],[0,56],[26,2]],[[22275,25088],[22,1]],[[22297,25089],[54,-3]],[[22351,25086],[71,-720]],[[22305,23909],[-31,12]],[[23991,48719],[0,77],[28,-2],[5,61],[35,-1],[0,166],[17,-1],[0,161]],[[24076,49180],[31,-143],[0,-45],[15,-22],[14,-54],[22,-43],[25,8],[9,-31]],[[24192,48850],[4,-77],[17,-88]],[[24213,48685],[-53,2],[0,-166],[-33,1],[0,-331]],[[24127,48191],[-36,1]],[[24091,48192],[-101,2]],[[23990,48194],[1,525]],[[27751,32265],[85,2],[-3,62]],[[27833,32329],[46,-30],[19,4]],[[27898,32303],[30,10]],[[27911,31652],[-22,89],[-2,54],[-17,59],[-9,-17],[-14,-113],[-22,-53],[-20,-26]],[[27747,31639],[4,626]],[[20311,32432],[0,-143]],[[20311,32289],[0,-32]],[[20311,32257],[18,-57],[-19,-101]],[[20310,32099],[-9,68],[-21,47],[-12,-17],[0,291],[24,-15],[4,40],[15,-13]],[[24133,33515],[105,0]],[[24237,33062],[-1,-166],[-15,2],[5,-80]],[[24226,32818],[-1,-141],[-30,4],[0,-166],[-30,3]],[[24165,32518],[1,166]],[[24166,32684],[0,137],[-19,112],[0,122],[-12,22],[-19,174],[16,50],[1,214]],[[24782,29725],[1,-400],[17,-68],[0,-201]],[[24800,29056],[0,-167],[-88,1]],[[24712,28890],[0,361],[14,-2],[0,310]],[[26009,27904],[14,0],[1,84],[24,52],[5,41],[0,237],[14,55],[1,84],[-15,1],[0,56],[10,26],[19,-1],[1,100]],[[26083,28639],[10,29],[26,14]],[[26136,28089],[10,-325]],[[26051,27789],[-34,5],[-5,-55],[-24,14],[5,42]],[[21448,31007],[-1,-831]],[[21348,30175],[-144,1]],[[21204,30176],[0,394]],[[21204,30570],[0,437]],[[23985,53094],[-1,-330],[2,-27],[0,-305]],[[23986,52432],[1,-498]],[[23987,51934],[-64,3],[-42,-11]],[[23881,51926],[1,176],[-102,-6]],[[23780,52096],[-4,19],[0,632],[9,9],[0,408]],[[28560,42395],[13,4],[40,225]],[[28613,42624],[11,62],[28,4]],[[28680,42003],[-21,-127],[-7,-156],[-20,-50]],[[28591,41875],[4,121],[-14,102],[-2,103],[-13,19],[-6,175]],[[23148,48193],[0,-662]],[[23148,47531],[-108,1]],[[22129,24130],[-109,6]],[[22020,24136],[-34,14],[0,201]],[[26304,28902],[-1,-251],[5,-1],[-1,-269]],[[26307,28381],[0,-34],[-43,-26],[-6,11]],[[26258,28332],[-38,60]],[[22431,32879],[119,0]],[[22550,32879],[1,-839]],[[22551,32040],[-30,-1],[0,-330]],[[22521,31709],[-86,0]],[[22435,31709],[-3,0],[1,497]],[[22433,32206],[-2,165],[0,508]],[[22199,26762],[104,0]],[[22303,26762],[0,-844]],[[22303,25918],[-5,0]],[[22298,25918],[-138,0]],[[22160,25918],[0,844]],[[29250,41423],[1,-1]],[[29251,41422],[0,-1]],[[29251,41421],[-1,2]],[[29224,41160],[2,68],[10,33],[5,78],[-2,57],[32,32],[9,-85],[-16,-109],[-30,-84],[-10,10]],[[25400,33238],[44,-47],[19,27],[11,48],[34,-1]],[[25508,33265],[2,-49],[20,-14]],[[25530,33202],[-3,-159],[-12,-140]],[[25388,31405],[5,60]],[[25473,31579],[20,-20],[0,-59],[11,-11],[9,-72]],[[25513,31417],[-1,-456],[-3,-31],[0,-161],[-5,-105]],[[25504,30664],[-105,5]],[[25399,30669],[1,552],[-10,40],[3,65],[-5,79]],[[5518,68605],[8,60],[30,-8],[-8,-96],[-21,-17],[-9,61]],[[5479,68833],[12,75],[26,-3],[-8,-65],[13,-89],[-27,-68],[-8,57],[15,45],[-23,48]],[[5445,68441],[10,16],[16,-69],[-17,-62],[-9,115]],[[5430,69030],[12,6],[14,94],[17,1],[3,-75],[-21,-175],[-23,39],[6,72],[-8,38]],[[5263,68610],[8,69],[15,16],[11,121],[15,56],[-25,21],[13,70],[-17,27],[16,85],[15,-1],[13,109],[18,16],[24,147],[7,-113],[-13,-2],[-2,-163],[26,31],[-15,-124],[-19,66],[0,-108],[-32,-129],[-16,-34],[-4,-74],[-18,-32],[2,-54],[-22,0]],[[5238,69606],[24,72],[17,-47],[13,17],[0,-134],[-22,66],[-25,-35],[-7,61]],[[5188,69404],[7,55],[23,-20],[24,41],[7,-108],[-6,-82],[-17,52],[-23,4],[-15,58]],[[5094,69407],[18,113],[20,51],[22,-38],[-5,-163],[20,59],[-6,31],[14,79],[14,-64],[-14,-49],[-1,-107],[11,-34],[12,-120],[-2,-54],[-26,-38],[-24,48],[-3,43],[-20,1],[-8,-66],[-18,110],[4,155],[-8,43]],[[4933,69178],[12,44],[15,-39],[0,-87],[-27,82]],[[4862,69193],[11,67],[14,-7],[20,35],[-7,-103],[-19,-21],[-19,29]],[[4805,69067],[21,73],[18,-24],[12,-53],[23,-31],[1,-37],[-35,-94],[-9,85],[-31,81]],[[4656,68659],[15,26],[16,78],[25,-52],[1,-129],[-23,-115],[-28,95],[-6,97]],[[4539,67698],[6,101],[10,26],[66,-121],[2,-61],[-31,-24],[-18,33],[-12,-33],[-23,79]],[[5643,72364],[-15,-37],[6,-57],[9,-29]],[[5457,70012],[-17,-94],[-30,-36],[7,73],[26,50],[-18,43],[7,107],[-8,50],[15,121],[-4,47],[-24,43],[-26,11],[-11,-130],[-46,6],[-7,-59],[6,-80],[-31,-27],[4,-75],[-43,-50],[-37,49],[-6,-47],[13,-64],[-22,-150],[-1,-64],[-19,-27],[-5,84],[-15,104],[-16,-64],[-14,26],[-14,-56],[29,-19],[0,-104],[-37,-16],[-12,30],[4,63],[-21,40],[-13,-35],[-14,-128],[-68,-161],[-21,8],[-12,45],[-26,-50],[-14,6],[9,189],[-2,59],[15,69],[17,122],[-7,69],[-43,3],[-20,-41],[-23,-165],[-1,-178],[3,-44],[-48,-254],[-4,-90],[-15,-22],[-27,46],[8,-108],[10,-41],[1,-99],[-26,-66],[-24,78],[-2,83],[-21,-74],[8,-114],[-16,-75],[-15,39],[-31,-6],[-22,60],[-8,92],[15,18],[-9,116],[-3,124],[-21,40],[5,55],[-26,-5],[-17,-136],[9,-60],[12,4],[17,-106],[-11,-51],[16,-182],[0,-85],[-31,44],[-11,-87],[-17,-33],[-28,-2],[-24,129],[6,46],[-17,105],[-17,51],[-32,-19],[-9,-132],[19,-27],[27,-83],[5,-50],[-46,-144],[-6,-52],[-38,-59],[-9,89],[18,35],[-4,150],[13,23],[2,163],[-11,95],[34,114],[33,38],[59,-4],[6,119],[-17,15],[31,117],[18,-6],[26,115],[18,-39],[21,80],[-5,73],[1,130],[37,179],[32,183],[34,90],[27,110],[32,54],[35,139],[32,34],[32,54],[85,89],[-2,-50],[26,5],[39,-33],[48,107],[-5,-89],[-15,-12],[-19,-61],[3,-77],[13,-16],[1,-78],[14,-41],[29,-143],[6,43],[21,-33],[14,10],[-28,125],[-1,146],[29,-46],[44,13],[9,-62],[18,-46],[4,-48],[17,-3],[8,138],[-35,108],[-16,17],[-13,112],[-17,17],[24,147],[32,353],[9,67],[34,111],[22,104],[25,40],[33,106],[35,142],[75,141],[44,132],[30,48],[69,176],[25,95],[14,42]],[[3957,67988],[39,115],[26,38],[20,147],[23,221],[2,72],[33,82],[26,-68],[19,22],[39,115],[14,-16],[34,75],[18,71],[32,31],[32,-23],[35,20],[2,-65],[29,-124],[9,-108],[-2,-98],[9,-110],[12,-65],[27,6],[13,37],[23,-84],[4,-129],[-31,70],[-26,5],[-12,89],[-17,-10],[-8,-44],[1,-118],[-23,-10],[-24,-77],[-28,31],[-34,15],[-78,-29],[-32,-49],[-32,-98],[-3,-115],[-33,-120],[-42,-34],[-13,-26],[-25,10],[-30,48],[-24,196],[-4,104]],[[3881,67079],[22,57],[62,-35],[-11,-74],[-23,-15],[-50,67]],[[3808,67028],[32,32],[29,1],[-5,-54],[-56,21]],[[3751,67354],[3,43],[27,25],[6,-80],[16,-55],[2,-94],[-18,-31],[-22,103],[-2,59],[-12,30]],[[3632,67121],[8,104],[16,27],[13,57],[30,-15],[-2,-64],[37,-36],[3,-92],[16,-40],[-26,-49],[-22,-21],[-22,21],[-33,-41],[-1,56],[-17,93]],[[3608,66862],[26,5],[-2,-62],[-23,5],[-1,52]],[[22558,23914],[77,-752]],[[24380,37720],[27,-51],[17,69],[18,-7]],[[24442,37731],[14,-20]],[[24456,37711],[1,-933]],[[24457,36778],[-47,2],[0,-111]],[[24410,36669],[-27,2]],[[24383,36671],[-4,0],[0,257]],[[30952,50207],[32,29],[-5,163],[-25,547]],[[31021,51023],[20,-30],[35,-111],[30,-37],[13,34],[7,-40],[1,-149],[-10,6],[-11,-59],[8,-104],[13,-63],[-1,-88],[-13,-132],[3,-59],[31,-218],[9,3],[9,109],[17,-47],[20,-5],[12,-93],[9,-158],[13,-171],[14,-52],[-4,-130],[6,-69],[-45,-218],[-14,-92],[-15,38],[-18,-8],[0,88],[-21,-35],[6,-93],[-12,-88],[-39,62],[-9,-126],[3,-55],[-24,-11],[-12,15],[-46,-28],[3,-45],[-9,-82],[-20,-46],[-8,85]],[[26526,24647],[23,-21],[15,-64]],[[26564,24562],[2,-81],[0,-263],[22,-2],[13,-51],[6,-52]],[[26607,24113],[-1,-453]],[[26606,23660],[-97,9]],[[26510,23876],[0,346],[-6,48]],[[26504,24270],[-4,122],[13,106],[2,75],[11,74]],[[25227,43470],[95,10]],[[25324,42981],[-95,-11]],[[25229,42970],[-2,332]],[[25227,43302],[0,168]],[[28600,34323],[1,-79],[24,32]],[[28625,34276],[-4,-60]],[[28621,34216],[-10,-98],[-10,-504]],[[28587,33614],[-104,3]],[[26463,48127],[0,-314]],[[26463,47487],[-56,5],[0,-29],[-67,4]],[[26340,47467],[0,658]],[[23789,40445],[0,250]],[[23789,40695],[110,4]],[[23899,40699],[2,-444]],[[23901,40255],[0,-125]],[[23789,40114],[0,331]],[[26175,41273],[-2,-358],[-4,-1]],[[26169,40914],[-62,0]],[[26107,40914],[-1,359]],[[29057,47953],[89,55]],[[29256,46396],[-23,-11],[1,-51],[-29,-13],[-1,52],[-58,-26],[-49,111]],[[30344,42643],[43,26],[10,43],[7,90],[17,-172],[-4,-62],[-12,-16],[-28,8],[-33,83]],[[21328,26765],[108,0]],[[21436,26765],[2,-830]],[[21438,25935],[-3,0]],[[21435,25935],[-73,-1],[-164,-1]],[[21198,25933],[0,833]],[[21867,52843],[162,-3]],[[22029,52840],[46,-1]],[[22075,52839],[0,-666],[10,-1]],[[22085,52172],[0,-651]],[[22085,51521],[-173,4]],[[21912,51525],[-3,0]],[[16479,43996],[-91,-5],[-154,2]],[[23337,42403],[64,-1]],[[23465,42401],[-1,-492]],[[23464,41909],[-127,2]],[[23337,41911],[0,492]],[[20285,26944],[0,-180],[-10,0],[0,-757],[0,-1068]],[[20233,24523],[-132,1],[-83,0]],[[23331,34470],[93,0]],[[23424,34470],[18,0]],[[23442,34470],[-5,-63],[8,-44],[0,-520]],[[23445,33843],[-2,-307]],[[23443,33536],[-90,1]],[[23353,33537],[0,167],[-29,0]],[[23324,33704],[0,658],[7,0],[0,108]],[[24826,50454],[-1,330]],[[24997,49953],[-172,2]],[[24825,49955],[0,420],[1,79]],[[23166,33372],[52,0]],[[23218,33372],[-1,-498],[15,0]],[[23216,32290],[-59,1]],[[23157,32291],[1,417],[-75,1],[0,165]],[[26065,26326],[86,4],[0,28],[42,3]],[[26193,26361],[8,-195],[7,-70]],[[26037,26073],[-1,194],[5,28],[20,3],[4,28]],[[26093,33333],[3,97],[12,90],[13,6],[15,45],[15,6]],[[26151,33577],[17,-31],[21,-105],[8,-100]],[[26093,33141],[0,192]],[[21486,34458],[132,4]],[[21618,34462],[136,5]],[[21754,34467],[34,0]],[[21788,34467],[0,-285],[-2,0],[0,-665]],[[21786,33517],[-37,-1]],[[22343,27602],[1,-841]],[[22344,26761],[-41,1]],[[24197,43744],[130,-2]],[[24327,43742],[-1,-334],[2,-165],[0,-169]],[[24328,43074],[-33,-2]],[[24295,43072],[-98,-2]],[[24197,43070],[0,674]],[[26309,44809],[33,1]],[[26342,44810],[128,5]],[[26470,44815],[3,0]],[[26473,44815],[-1,-673]],[[26472,44142],[-64,3]],[[26408,44145],[-97,-6]],[[26311,44139],[-2,337],[0,333]],[[24183,40769],[48,3],[63,-7]],[[24294,40765],[0,-83]],[[24294,40682],[1,-83],[-2,-504]],[[24184,40262],[-1,507]],[[25813,24032],[-57,-3]],[[22755,25268],[0,15],[108,160]],[[22965,24584],[-59,-202]],[[22906,24382],[-29,294],[-67,-225]],[[25986,31657],[17,-21],[32,29],[26,6]],[[26061,31671],[19,-78],[1,-113],[13,-62],[-5,-79],[-14,-73]],[[26075,31266],[-42,-57],[4,-95],[-13,-46],[-23,51],[-14,-36]],[[25987,31083],[-11,126]],[[27434,16468],[100,-3]],[[27534,16465],[17,-310],[17,-251]],[[27568,15904],[-24,1],[0,-110],[-109,0]],[[22154,40861],[126,-1]],[[22280,40860],[0,-665]],[[22280,40195],[-124,0]],[[22156,40195],[-1,0]],[[22155,40195],[-1,666]],[[22710,45629],[42,-2]],[[22752,45627],[0,-786]],[[22752,44841],[-97,-1]],[[22525,44838],[-1,0],[0,619]],[[22524,45457],[-2,231]],[[16604,38449],[-56,-2],[-2,55],[-68,-2]],[[26049,42660],[32,1],[0,-55],[64,-4]],[[26145,42602],[-1,-162],[-8,0],[1,-332]],[[26051,42103],[-11,-1],[0,85]],[[26040,42187],[-1,251],[10,1],[0,221]],[[21786,33517],[113,-1]],[[21899,33516],[0,-844]],[[26281,24212],[45,0],[2,45],[18,-12],[11,-31]],[[26357,24214],[27,2]],[[26384,24216],[-2,-140],[12,-175],[-5,-38]],[[26332,23857],[-43,5],[-8,124]],[[26281,23986],[0,226]],[[25065,31415],[0,68],[29,-3]],[[25094,31480],[66,-7]],[[25160,31473],[0,-83],[12,-87],[5,-174]],[[25177,31129],[-1,-481]],[[25176,30648],[-11,0]],[[25165,30648],[-54,0]],[[25111,30648],[-50,-1]],[[25061,30647],[4,768]],[[6167,4312],[27,-29]],[[26520,24995],[98,-5]],[[26617,24659],[0,-96],[-53,-1]],[[26526,24647],[5,118]],[[28625,34276],[14,48],[7,-64]],[[28646,34260],[11,-128]],[[28657,34132],[0,-42],[-24,-27],[-7,53],[5,45],[-10,55]],[[23023,29714],[0,333],[30,0],[0,167]],[[23053,30214],[87,0]],[[23140,30214],[0,-166]],[[23140,30048],[0,-332],[-15,-1],[0,-167],[-73,0]],[[23052,29548],[-29,3],[0,163]],[[20065,35277],[0,-58],[117,8],[0,15]],[[20182,35242],[9,-1]],[[20191,35241],[0,-334],[22,-64],[3,-105],[31,-279]],[[24247,33515],[2,564]],[[24249,34079],[5,-1],[2,500]],[[24256,34578],[65,-11],[55,-3]],[[24376,34564],[0,-305]],[[24376,34259],[-1,-193],[-4,0],[-1,-310],[2,-239]],[[22141,45399],[1,-565],[3,0],[0,-665]],[[22145,44169],[-6,0]],[[22005,44169],[0,662],[-5,1],[0,662],[-4,125]],[[28469,45937],[70,21]],[[28552,45194],[14,-108],[-22,-38]],[[28544,45048],[-55,-10]],[[28489,45038],[0,219],[-22,205]],[[28467,45462],[3,208],[-1,267]],[[25105,35609],[92,5]],[[25197,35614],[0,-1]],[[25197,35613],[0,-499]],[[25197,35114],[-54,-3],[-7,-63]],[[25104,35100],[1,509]],[[22051,30714],[31,0]],[[22082,30714],[1,-164],[43,1],[3,-166],[0,-169],[15,-28],[0,-56]],[[22095,29717],[-12,80],[-16,58],[-15,-36]],[[24732,32556],[-2,-59],[-130,6]],[[22011,26767],[44,1]],[[22160,25918],[-5,0]],[[22011,25934],[0,833]],[[22011,56486],[182,-1]],[[22104,55155],[-72,0]],[[22032,55155],[-36,1]],[[21996,55156],[0,332],[-11,0],[0,666],[-11,0],[0,331]],[[26009,37918],[13,28],[18,-13]],[[26072,37534],[-63,-3],[-15,-83]],[[22584,30049],[117,1]],[[22701,30050],[29,-1],[1,-332]],[[22731,29717],[0,-415]],[[22570,29303],[-1,414]],[[26075,31674],[-14,-3]],[[25956,31916],[0,142],[20,168],[8,32]],[[26242,24513],[0,-123],[5,-180],[34,2]],[[26281,23986],[-33,2],[-26,-31],[-4,59]],[[26218,24016],[-3,194],[-19,145],[-1,129]],[[25168,34370],[32,-8],[60,-1]],[[25260,34361],[-1,-366]],[[25259,33995],[-1,-475]],[[25251,33520],[-84,3]],[[25167,33523],[1,515]],[[21989,42187],[222,0]],[[22211,42187],[0,-661],[3,-55]],[[22214,41471],[-63,27]],[[22151,41498],[-16,28],[-78,0]],[[22057,41526],[-68,1]],[[21989,41527],[0,660]],[[28612,33285],[-30,-51]],[[28582,33234],[-9,-51],[-13,10],[-16,-64]],[[26661,45684],[98,16]],[[26634,44835],[-31,-8]],[[26603,44827],[-6,672]],[[26597,45499],[-1,168],[65,17]],[[25383,48278],[43,-1],[0,167],[34,-1]],[[25460,48443],[62,0]],[[25522,48443],[1,-65],[9,-121],[-3,-95],[-13,-68],[-23,-77],[-2,-99],[-8,-61],[-13,-244]],[[25470,47613],[-87,-1]],[[25383,47612],[0,666]],[[26498,27230],[45,0],[16,-43]],[[26559,27187],[1,-92]],[[26560,27095],[12,-99],[8,-32],[10,-210]],[[26475,26557],[0,157]],[[24906,24507],[28,12]],[[24934,24519],[70,30]],[[25004,24549],[1,-691]],[[25005,23858],[-15,0]],[[24953,23857],[0,152],[-5,48],[-19,50],[-23,86],[0,314]],[[22203,34470],[127,0]],[[22330,34470],[127,-1]],[[22457,34469],[1,-108],[0,-664],[2,-250]],[[22460,33447],[0,-124],[-26,-10],[-20,44],[-8,56],[-22,30],[-10,87],[-33,1]],[[22341,33531],[0,175],[-17,83],[-11,139],[-7,12],[-15,117],[-31,4],[-12,66]],[[22248,34127],[-8,72],[-14,42],[-23,229]],[[26115,24211],[-1,-580]],[[26033,23402],[-23,2]],[[26010,23404],[1,804]],[[24921,39283],[46,2]],[[24967,39285],[1,-335],[109,0]],[[25077,38950],[0,-250]],[[25077,38700],[-31,-1],[0,-361]],[[25046,38338],[-93,1],[0,-55],[-15,-1]],[[24938,38283],[-17,0]],[[24921,38283],[-1,665],[1,335]],[[25077,38950],[32,-6],[0,588]],[[25109,39532],[60,-2]],[[25169,39530],[0,-139],[26,-2],[0,-110],[21,-1],[16,-84],[0,-56],[32,-1]],[[25264,38999],[0,-304]],[[25264,38695],[-94,2]],[[25170,38697],[-93,3]],[[26756,42086],[79,6]],[[26835,42092],[29,-2]],[[26864,42090],[0,-542]],[[26827,41536],[-70,-4]],[[26757,41532],[-1,554]],[[23443,33536],[0,-498],[-2,-165]],[[23441,32873],[-30,-1],[0,-166],[-24,1]],[[23322,32708],[1,332],[0,497],[30,0]],[[24718,46295],[38,11],[28,-80]],[[24883,46305],[0,-665]],[[24883,45557],[-164,-2]],[[23468,45074],[132,-3]],[[23600,45071],[0,-163],[12,0],[0,-504]],[[23612,44404],[-64,0]],[[23484,44405],[0,504],[-16,0],[0,165]],[[22993,21208],[-4,118],[-14,85],[-23,-23],[-8,41]],[[27614,34972],[3,87]],[[26369,27265],[2,-71]],[[26371,27194],[-5,-68],[1,-118],[-7,-147],[2,-74]],[[26362,26787],[0,-81],[6,-88]],[[26314,26547],[-19,44],[-26,10]],[[26269,26601],[-1,168],[1,439]],[[17303,55533],[2,620],[1,908]],[[17306,57061],[69,1],[0,-661],[205,3]],[[17502,55237],[-49,0],[0,193],[-36,0],[0,-27],[-114,0]],[[17303,55403],[0,130]],[[29928,46986],[14,-120],[11,-16],[5,-92],[20,17],[87,-320]],[[30022,45930],[-16,20],[-19,93],[-35,-28],[-7,188],[-52,-71],[-16,175],[-27,-37]],[[29850,46270],[-16,128],[-7,129],[11,102],[-1,124],[12,-8],[21,176]],[[25187,39795],[76,0]],[[25263,39795],[0,-268]],[[25169,39530],[-1,167],[16,-1],[3,99]],[[23501,32872],[65,1]],[[23569,32759],[17,-654]],[[23586,32105],[5,-230]],[[23498,31875],[0,500],[3,0],[0,497]],[[25898,23396],[112,8]],[[26095,23024],[-3,0]],[[26092,23024],[-150,-7]],[[25900,23019],[-2,377]],[[22785,44676],[97,-1]],[[22882,44675],[0,-166],[55,0]],[[22937,44509],[-1,-331]],[[22936,44178],[-54,0]],[[22882,44178],[-97,1]],[[22785,44179],[0,497]],[[21277,41028],[32,0]],[[21480,41031],[0,-174]],[[21480,40857],[0,-660]],[[21270,39367],[1,502],[-1,327],[3,0],[0,665],[4,167]],[[22002,40195],[153,0]],[[22156,40195],[-1,-828]],[[22155,39367],[-149,-1]],[[22006,39366],[-5,0]],[[22001,39366],[1,829]],[[22736,26833],[40,-5]],[[22776,26828],[103,-4]],[[22879,26824],[-3,-841]],[[22863,25984],[-129,12]],[[22734,25996],[2,837]],[[22690,21168],[-15,-68],[-9,-81],[-28,-119],[5,-47]],[[26800,26287],[26,15],[21,-56],[-2,-50],[35,-92],[-2,-168],[8,-22]],[[26820,25311],[-30,-93],[-41,526]],[[26749,25744],[-24,307]],[[28219,40309],[-16,-117],[-5,-98],[-18,-233],[-27,-199]],[[24766,37392],[18,128],[3,116]],[[24787,37636],[132,-9]],[[24920,36796],[-54,3]],[[24866,36799],[-8,100],[4,67],[-35,1],[0,28],[-30,169],[0,27],[-33,179]],[[26219,35511],[11,-22],[29,-3],[14,31]],[[26273,35517],[-3,-155],[2,-77],[15,-69],[21,-58],[4,-111],[-5,-29],[1,-93]],[[26308,34925],[-50,-232]],[[26258,34693],[-15,-27],[-25,160]],[[26218,34826],[-3,135],[-30,102]],[[26465,45486],[66,8]],[[26531,45494],[66,5]],[[26603,44827],[-78,-13],[-52,1]],[[26470,44815],[0,232],[-5,439]],[[25601,34609],[-21,-822]],[[25580,33787],[-85,-6]],[[25495,33781],[-15,-2]],[[25480,33779],[6,226],[0,235],[4,167],[-21,68]],[[23037,40691],[110,0]],[[23147,40691],[16,-1]],[[23163,40690],[0,-497]],[[23099,40193],[-62,0]],[[23037,40193],[0,498]],[[24165,25882],[-58,1],[0,-82],[-43,1]],[[25860,36724],[-3,-103],[-10,6],[-8,-47],[-16,29]],[[25763,36880],[-1,251]],[[24222,29690],[-10,2]],[[24212,29692],[0,166],[-29,3],[1,82],[-28,3],[1,86],[-16,3],[-15,30],[1,138],[-29,5],[1,166],[-25,4]],[[24074,30378],[-4,110],[29,-2],[1,55],[29,-5],[0,32]],[[23981,35262],[1,138],[61,-6]],[[24043,35394],[46,-5]],[[24089,35389],[-2,-416],[4,0],[-2,-374]],[[24089,34599],[-60,7]],[[23983,34640],[2,346],[-5,1],[1,275]],[[23448,25961],[1,-317]],[[24126,45230],[132,-1]],[[24258,45229],[0,-331],[4,0],[0,-326]],[[24262,44572],[-65,1]],[[24197,44573],[-65,-1]],[[24132,44572],[0,329],[-6,0],[0,164]],[[26519,36246],[-32,351]],[[21853,43509],[124,0]],[[21981,43509],[0,-661]],[[21981,42848],[-128,1]],[[21853,42849],[0,660]],[[26410,27516],[-9,0]],[[22880,21221],[-81,-505]],[[22799,20716],[-93,537]],[[23654,46866],[77,-1]],[[23731,46399],[0,-663]],[[24088,47530],[3,0],[0,662]],[[24127,48191],[64,-2],[0,-165],[67,-2]],[[24258,48022],[0,-495]],[[24258,47527],[-103,3],[0,-27]],[[24155,47503],[-67,-1],[0,28]],[[26212,38871],[69,-4]],[[26281,38486],[-22,-100],[6,-41]],[[26265,38345],[-34,-66],[-28,-117],[-9,24]],[[27147,41040],[0,-141],[26,-6],[-1,-279]],[[27172,40614],[-13,2],[-1,-137],[-13,3]],[[27145,40482],[-131,28]],[[27014,40510],[-2,137]],[[27012,40647],[3,415]],[[21227,50132],[2,330],[0,658],[3,3],[0,405]],[[21232,51528],[171,-1],[91,0]],[[21494,51527],[0,-900]],[[21227,49801],[0,331]],[[22298,25918],[-1,-829]],[[29503,46512],[107,-27]],[[29567,45418],[-67,10]],[[29500,45428],[-7,106],[3,60],[1,211]],[[25194,28391],[0,-250],[61,-1],[-3,-57]],[[25208,27809],[0,112],[-97,-6]],[[25111,27915],[-4,140],[0,199]],[[22320,38539],[152,-1]],[[22472,38538],[2,0],[0,-500]],[[22321,37706],[-3,1]],[[22318,37707],[2,832]],[[25987,31083],[3,-6],[0,-442]],[[25863,30640],[0,259]],[[21272,25100],[142,3]],[[21414,24272],[-8,0]],[[25959,33763],[52,-13]],[[26011,33750],[-7,-233]],[[26004,33517],[-4,-168]],[[25958,33377],[-53,34],[-6,74],[-11,9]],[[23552,37119],[0,170]],[[23705,37230],[-3,-443],[7,-1]],[[23709,36786],[-2,-338]],[[23552,36492],[0,627]],[[23000,23451],[-57,575]],[[22943,24026],[-37,356]],[[22195,22917],[109,0]],[[22340,22880],[0,-806]],[[22195,22478],[0,439]],[[25375,33857],[62,-27],[-1,-58],[44,7]],[[25495,33781],[13,-516]],[[25380,33512],[6,83],[-11,262]],[[20400,29246],[171,0],[0,167]],[[20571,29413],[118,-1]],[[20689,29412],[-1,-493]],[[20688,28919],[0,-503],[1,-4],[-1,-809],[2,-176],[-5,0],[0,-318],[-57,-14],[-58,1]],[[20570,27096],[0,331],[-114,-2],[0,163],[-97,-2],[-76,2]],[[20276,27759],[0,344],[29,0],[60,-19],[0,334],[36,0],[-1,828]],[[23731,45736],[132,2]],[[23863,45069],[-132,0]],[[23731,45069],[0,166]],[[25758,40532],[74,-3],[52,7]],[[25884,40536],[1,-485]],[[25885,40051],[-24,-4]],[[25861,40047],[-103,-3]],[[25758,40044],[0,488]],[[25264,38695],[0,-83],[30,-1]],[[25294,38611],[0,-496]],[[25202,38122],[-32,-6],[0,581]],[[22463,15908],[81,-5]],[[22544,15903],[48,-3]],[[22592,15900],[21,-1],[0,-97]],[[22491,14990],[1,518],[-13,-1],[-1,166],[-7,0],[0,178],[-8,57]],[[15584,51962],[-19,-53],[-23,3]],[[15491,52127],[-34,14],[-3,56],[-13,-12]],[[25020,33524],[12,7],[51,-7],[79,-1]],[[25162,33523],[2,0]],[[25164,33523],[4,-61],[-1,-115],[-19,-34],[-18,32],[-3,-356]],[[24982,32970],[8,30],[13,162],[0,72],[13,111],[-3,47],[8,82],[-1,50]],[[22784,38204],[0,-664]],[[22629,38039],[0,166]],[[26166,34328],[7,137],[11,69],[34,292]],[[26258,34693],[-1,-132],[19,-95]],[[26213,34202],[-15,-60],[-22,89],[-5,-38]],[[26171,34193],[-17,83],[12,52]],[[24866,36799],[-39,5],[0,-167],[-47,-94]],[[24780,36543],[-13,79]],[[26572,44162],[-65,-8],[-35,-12]],[[29320,44248],[6,79],[10,43],[2,74],[16,76],[2,68],[-3,153],[5,84],[-2,65]],[[29356,44890],[120,88]],[[29476,44978],[-44,-808],[3,-70]],[[29435,44100],[-6,0],[-2,-137],[-51,53],[-55,141],[-6,-2]],[[26512,38769],[35,-13]],[[26547,38756],[-2,-431],[55,-1]],[[26600,38324],[-9,-726]],[[26591,37598],[-18,35],[-4,71],[-15,50],[-6,67],[-12,22]],[[26536,37843],[-21,36],[-21,-30]],[[26494,37849],[18,920]],[[27239,21605],[20,-540],[9,-125],[6,-242],[12,-203]],[[27286,20495],[-20,-38],[-11,-48],[-56,-6]],[[27183,20818],[-7,145],[-1,103],[-22,112],[2,176]],[[23225,39530],[62,0]],[[23287,39530],[-1,-166],[0,-280]],[[23286,39084],[-6,0],[0,-387]],[[23280,38697],[-124,1]],[[26950,22232],[57,-25]],[[27053,21480],[0,-84]],[[26938,22237],[12,-5]],[[22848,32039],[0,415]],[[22848,32454],[145,-1]],[[22993,32453],[0,-577]],[[22993,31876],[-1,-336]],[[22848,31542],[0,497]],[[26384,24216],[42,0]],[[26426,24216],[71,3],[7,51]],[[27286,20495],[13,-220],[18,-244]],[[26112,31739],[-3,-48],[9,-95],[25,-143],[25,-120]],[[26123,30938],[-2,103],[-14,118],[-32,86],[0,21]],[[28084,41571],[-17,-151],[-8,3],[-1,-93],[-11,-95],[-17,-78],[-6,-261],[-16,-81]],[[25990,41434],[63,3]],[[26107,40914],[-38,1]],[[26069,40915],[-79,-2]],[[25990,40967],[0,303]],[[25990,41270],[0,164]],[[24199,52428],[0,471]],[[24276,52980],[20,-51],[43,28],[55,114],[11,2]],[[24405,51932],[-139,1]],[[24266,51933],[-68,0]],[[24198,51933],[1,495]],[[28051,45659],[109,6],[33,-15]],[[28170,45000],[-75,-1]],[[25762,37687],[0,416]],[[22731,29717],[58,0]],[[22789,29717],[0,-249],[88,-1],[2,-83],[27,1]],[[22906,29385],[0,-305]],[[22896,28886],[-165,0]],[[24496,21172],[33,71]],[[24569,21251],[5,-59],[0,-111],[9,1],[0,-83],[8,-56]],[[26792,33696],[43,0]],[[17193,55536],[110,-3]],[[17303,55403],[1,-1166]],[[17304,54237],[0,-203]],[[21473,27587],[0,-820]],[[21473,26767],[-37,-2]],[[17043,51634],[104,-4]],[[17147,51630],[34,-2]],[[17181,51628],[157,-4]],[[17044,51367],[-1,267]],[[18918,39835],[-110,0]],[[18658,40214],[-1,90],[9,92],[-7,45],[8,90],[-1,65],[-8,38],[-5,155],[6,43],[-6,89],[1,74],[-5,72],[11,15]],[[26003,48797],[-116,10]],[[25887,48807],[2,146],[-9,131],[7,81],[22,50],[18,19],[4,69]],[[25413,41118],[114,10]],[[25527,41128],[0,-27]],[[25527,41101],[-2,-627]],[[25525,40474],[0,-506]],[[25525,39968],[-7,-27],[-16,25],[-90,-4]],[[25412,39962],[-1,659],[4,1],[-1,331]],[[23020,35048],[156,-6]],[[23176,35042],[0,-573]],[[23176,34469],[-10,0]],[[23019,34469],[1,579]],[[25114,47119],[34,1]],[[25148,47120],[135,-5],[0,-167]],[[25278,46283],[-33,3]],[[25245,46286],[-131,3]],[[25114,46289],[0,166]],[[25114,46455],[1,166],[-1,498]],[[23656,43059],[96,-1],[29,17]],[[23781,43075],[1,-668]],[[23782,42407],[-63,-10]],[[23656,42398],[0,661]],[[22468,40196],[64,0]],[[22532,40196],[96,-1]],[[22628,40195],[0,-664]],[[22628,39531],[0,-165]],[[22473,39367],[-5,0]],[[22468,39367],[0,829]],[[27153,42077],[12,0],[0,-143]],[[27165,41934],[-1,-469]],[[27031,41466],[1,415],[-2,202]],[[22527,43015],[54,0],[16,57],[43,2],[16,28]],[[22656,43102],[35,1],[0,-252]],[[22691,42851],[0,-163],[-54,-2],[0,-28],[-43,-1],[-14,-55],[-48,0],[0,247],[-3,0]],[[22529,42849],[-2,0]],[[23037,41189],[110,0]],[[23147,41189],[0,-498]],[[23037,40691],[0,498]],[[21479,42521],[0,331],[19,0]],[[21659,42852],[39,-1]],[[21698,42851],[-1,-662],[6,-83]],[[21703,42106],[-48,-3],[-175,3]],[[19058,57350],[160,2],[190,2]],[[24715,42220],[1,167]],[[24716,42387],[126,-4]],[[24842,42383],[0,-333]],[[24841,41550],[-127,5]],[[24714,41555],[1,665]],[[27959,33597],[-2,-583]],[[27957,33014],[-41,7]],[[27916,33021],[-57,4]],[[22776,46235],[-66,-1]],[[22578,46287],[-1,575]],[[27689,39659],[-7,-185],[-30,-270],[1,-89]],[[27653,39115],[-12,32]],[[27641,39147],[-8,21],[-52,281],[-54,2],[-14,49]],[[22460,33447],[120,0]],[[22580,33447],[0,-568]],[[22580,32879],[-30,0]],[[22431,32879],[-89,-7]],[[22342,32872],[-1,163],[0,496]],[[21703,42106],[1,-584]],[[21704,41522],[-27,1]],[[21677,41523],[-79,4],[-118,-5]],[[27187,14963],[135,-2],[38,1],[17,362]],[[27377,15324],[0,-667],[1,-525]],[[27378,14132],[1,-142]],[[27379,13990],[-109,-12],[-1,504],[-81,-7]],[[25133,43296],[94,6]],[[25229,42970],[2,-665]],[[25231,42305],[-96,-5],[0,-339]],[[25135,41961],[-32,-4]],[[25103,41957],[0,341],[-32,-1]],[[25071,42297],[0,393]],[[25071,42690],[-1,524]],[[25070,43214],[0,83],[63,-1]],[[26309,36026],[2,89]],[[20083,30576],[11,-167],[85,1],[10,69],[71,-6],[5,-63]],[[20265,30410],[-14,0],[-1,-499],[-1,-167],[15,1],[0,-156]],[[20264,29589],[-11,-5],[-14,38],[-73,142],[-32,91],[-89,-1]],[[20045,29854],[-1,57],[1,665],[38,0]],[[22051,31463],[119,-2],[0,167],[59,0]],[[22229,31628],[0,-83]],[[22229,31545],[-1,-498],[2,-167]],[[22216,30876],[-9,4],[-95,0],[0,-165],[-30,-1]],[[22051,31006],[0,457]],[[22491,27734],[124,0]],[[22615,27734],[-1,-63],[17,0]],[[22631,27671],[-1,-825]],[[22630,26846],[-37,4]],[[22593,26850],[-103,9]],[[22490,26859],[1,740]],[[23923,48856],[0,-137],[68,0]],[[23990,48194],[-1,0]],[[23989,48194],[-101,-1]],[[23888,48193],[-33,0]],[[20921,48908],[35,16],[10,34],[15,-18],[6,32],[70,-1]],[[20922,48088],[0,75]],[[20922,48163],[-1,745]],[[22231,47694],[119,1]],[[22384,47695],[3,-165],[0,-666]],[[28172,38789],[57,-252]],[[28229,38537],[-10,-98],[-28,-128]],[[21901,32672],[150,-2]],[[22051,32670],[0,-332]],[[22051,32338],[0,-500]],[[22051,31838],[-150,0]],[[21188,54166],[19,0],[-1,-664]],[[21206,53502],[-55,0],[0,-669]],[[21151,52833],[-105,1]],[[21046,52834],[0,667],[-16,0],[0,666]],[[27164,41401],[45,35],[47,-2]],[[27256,41434],[-1,-162],[16,-3],[-1,-251]],[[27251,40600],[-79,14]],[[24083,38898],[77,-139]],[[24125,38229],[-8,-6],[-37,32],[-20,-24],[-14,15],[-20,79],[-6,83]],[[23225,34470],[74,0]],[[23299,34470],[32,0]],[[23324,33704],[-105,0]],[[23219,33704],[0,656],[6,0],[0,110]],[[15362,49812],[80,-2]],[[15442,49810],[-1,-582],[6,-34],[29,0]],[[15333,48347],[8,293],[1,134],[7,301],[0,146],[-5,120],[12,196],[6,275]],[[24456,37711],[17,10],[22,-117],[1,-41],[26,-44],[15,21],[13,-30],[5,-53],[14,-35]],[[24620,36767],[-88,0]],[[24532,36767],[-76,0],[1,11]],[[22051,32338],[21,62],[11,141],[14,36],[8,-13],[-1,-135],[14,-92],[12,-40],[28,-32],[16,44],[3,65],[9,49],[6,101],[12,51],[20,14]],[[22224,32589],[1,-383]],[[22225,32206],[0,-497],[4,-81]],[[22051,31463],[0,375]],[[22479,53998],[140,0]],[[22619,53998],[72,-1]],[[22697,52834],[-98,1]],[[22599,52835],[-113,1]],[[22486,52836],[0,665],[-8,-1],[1,498]],[[28511,43223],[166,-93]],[[28613,42624],[-40,55],[-44,193],[-18,351]],[[24948,40802],[95,10]],[[25043,40812],[0,-85],[32,2]],[[25075,40729],[1,-444]],[[25076,40285],[0,-251],[-21,-1]],[[25055,40033],[-52,3],[-22,28],[0,83],[-26,-1]],[[24948,40425],[0,377]],[[26047,43546],[102,1]],[[26176,43547],[0,-445]],[[26176,43102],[-128,-6]],[[26048,43096],[-1,450]],[[24712,28723],[0,167]],[[24800,29056],[49,-1],[8,9]],[[24857,29064],[1,-46],[0,-462]],[[24858,28556],[0,-141],[-15,-27],[-44,-1],[0,-167]],[[24712,28391],[0,332]],[[23743,30021],[14,-1],[2,89],[15,-2],[30,66]],[[23804,30173],[88,-5]],[[23892,30168],[-2,-111],[-2,-549]],[[23888,29508],[0,-110]],[[23741,29418],[2,603]],[[27223,34490],[16,-110]],[[27239,34380],[15,-101],[18,-260]],[[27272,34019],[-34,-44],[-12,-37],[-27,-25],[-3,-59],[-20,-73]],[[18704,38884],[0,-513]],[[18704,38371],[-1,-94],[-13,-14],[0,-56],[-19,0],[-15,-180],[-10,0],[-2,-192],[3,-70],[-18,-49],[-7,-49],[-13,15],[-26,-5],[-10,-70],[0,-84],[-8,-53]],[[18137,37470],[0,199]],[[21901,31007],[0,831]],[[25176,30648],[113,1]],[[25289,30649],[4,0]],[[25293,30649],[0,-458]],[[25293,30191],[-98,3]],[[25195,30194],[-10,0],[0,194],[-20,0],[0,260]],[[25898,23396],[0,473]],[[30276,47880],[22,-80],[10,-7],[14,98],[32,-164],[23,-86],[23,131]],[[30441,47394],[-12,12],[-15,-75],[-16,7],[24,191],[-18,21],[-37,-161],[-27,-170],[12,-118],[3,-111],[-21,-5],[-12,-52],[-11,0]],[[24418,40573],[165,-13]],[[24583,40560],[0,-169]],[[24583,40391],[-1,-495]],[[24582,39896],[0,-167],[-125,2]],[[24457,39731],[-3,101],[-15,50],[-5,77],[8,70],[-4,58]],[[24438,40087],[-17,174],[-4,175],[1,137]],[[26039,38534],[34,4],[35,120]],[[26008,38415],[0,115],[31,4]],[[23373,50513],[35,-1]],[[23510,50348],[2,-166],[0,-662]],[[23376,50016],[-3,165],[0,332]],[[24876,43212],[64,2]],[[24940,43214],[130,0]],[[25071,42690],[-27,23],[-21,-41],[-6,-129],[-31,1],[0,-162]],[[24986,42382],[-48,0]],[[24938,42382],[0,162],[-61,1]],[[24877,42545],[0,444],[-1,223]],[[24383,36671],[0,-196],[-73,0],[-20,-79],[-16,2]],[[24274,36398],[-45,11]],[[24229,36409],[1,276],[-5,1],[1,249]],[[24883,44969],[-25,1]],[[24858,44970],[-41,4],[-98,-2]],[[23445,33843],[106,-5]],[[23551,33838],[0,-322]],[[23501,32872],[-60,1]],[[23831,34324],[1,139]],[[23917,34122],[-3,-607]],[[23839,33515],[3,613],[-11,1],[0,195]],[[22455,25435],[21,72],[0,408]],[[22476,25915],[114,-3]],[[22590,25912],[34,-530]],[[22624,25382],[22,-279]],[[22551,24780],[-12,119],[-22,-74],[-62,610]],[[29478,49746],[42,6]],[[29520,49752],[-12,-139],[13,-67],[-6,-160],[-7,-23],[-6,-88],[8,-78]],[[29510,49197],[-1,-136],[-8,-103],[-28,-63]],[[29473,48895],[-8,101],[7,153],[0,84],[8,120],[-12,77],[12,151],[-2,165]],[[24405,51932],[0,-331],[3,-2],[0,-657]],[[24272,50946],[-1,656],[-5,0],[0,331]],[[27236,42762],[108,0]],[[27344,42762],[0,-408]],[[27321,42076],[-86,0]],[[27235,42076],[1,686]],[[24258,45229],[132,4]],[[24393,44570],[-66,5]],[[24327,44575],[-65,-3]],[[24648,50943],[1,654]],[[24825,51598],[1,-161]],[[24826,50454],[-129,-9],[-49,1]],[[24648,50446],[0,497]],[[25290,36202],[0,1]],[[25290,36203],[73,-4],[6,-28]],[[25369,36171],[9,-82],[7,-13],[2,-81]],[[25387,35995],[-10,-116],[-17,-60],[-9,-81],[6,-171]],[[25357,35567],[-12,47],[-55,0]],[[25290,35614],[0,588]],[[25351,34218],[43,82],[35,95]],[[25375,33857],[-11,132]],[[25364,33989],[-13,229]],[[22273,42850],[126,0]],[[22401,42850],[-1,-663]],[[22400,42187],[-128,1]],[[22272,42188],[1,662]],[[26313,31117],[1,-134],[-13,-162],[-8,-187]],[[25197,35613],[83,1]],[[25280,35614],[-1,-335]],[[25258,34601],[0,174],[-61,339]],[[24230,42409],[65,1]],[[24295,42410],[64,-1]],[[24359,42409],[0,-499]],[[24230,41907],[0,502]],[[23910,43067],[128,1]],[[24038,43068],[0,-663]],[[23910,42405],[0,629]],[[23910,43034],[0,33]],[[27165,41934],[63,-14],[1,156],[6,0]],[[27321,41911],[0,-332]],[[27321,41579],[-42,-8],[-1,-139],[-22,2]],[[23354,44407],[65,-1]],[[23419,43745],[-130,0]],[[23289,43745],[-32,-1]],[[23257,43744],[1,664]],[[25165,29446],[0,-553]],[[25048,29058],[-1,416]],[[13276,68670],[8,64],[14,-10],[23,60],[23,-36],[2,-81],[15,-36],[-18,-72],[-24,-40],[-43,151]],[[13215,70428],[21,107],[14,-115],[-35,8]],[[13177,69796],[28,34],[-2,-53],[-22,-44],[-4,63]],[[13390,71475],[85,-75],[44,-190],[44,-46],[11,-193],[50,-86]],[[13624,70885],[-12,-77],[19,-110],[-20,-3],[-26,-102],[28,-107],[-3,-38],[17,-97],[24,-93]],[[13651,70258],[1,-100],[10,-62],[-4,-194],[10,-158],[14,-89],[5,-217],[13,-106],[-36,-171],[-21,-193],[-2,-54],[-24,-170],[-20,-105],[-32,-134],[-30,-107],[-42,-106],[-13,140],[-26,-89],[-21,71],[-6,194],[2,86],[-19,99],[6,163],[-22,74],[-5,132],[29,106],[17,100],[15,25],[-1,134],[-12,118],[13,108],[2,76],[-11,274],[3,34],[-20,153],[-10,41],[-25,170],[-24,99],[-10,80],[32,90],[-9,35],[-27,-94],[-7,-65],[50,-268],[6,-110],[22,-129],[9,-164],[-12,-102],[-1,-198],[5,-129],[-16,-44],[-10,-212],[-39,-134],[-18,35],[-12,61],[20,90],[12,136],[-7,71],[-20,-28],[11,-94],[-13,-105],[-15,-34],[-50,67],[-17,38],[-15,-55],[-32,-298],[-22,196],[-8,165],[11,247],[31,134],[13,129],[-14,93],[6,100],[-9,78],[18,83],[-12,124],[49,-3],[-17,124],[-5,76],[-40,-117],[-11,9],[-33,-37],[41,-76],[-15,-202],[1,-94],[-32,-147],[-1,-82],[-11,-94],[-19,67],[-21,29],[-18,73],[-4,88]],[[26285,42580],[97,2],[0,-84],[32,-1],[0,-83]],[[26414,42414],[0,-333],[-16,-1]],[[26398,42080],[-113,-2]],[[26285,42078],[0,502]],[[26285,40864],[0,-81]],[[26285,40783],[-115,-7]],[[26170,40776],[-1,138]],[[22462,55153],[0,-332],[7,1]],[[22469,54822],[0,-163]],[[22469,54659],[-213,1]],[[22256,54660],[0,163],[-9,0],[0,331]],[[24094,29541],[12,-3],[10,81],[52,-7],[0,84],[44,-4]],[[24091,29036],[3,505]],[[26340,46801],[66,0]],[[26406,46801],[1,-644]],[[26407,46157],[0,-20]],[[26407,46137],[-131,2]],[[26276,46139],[0,330],[-2,0],[-1,332]],[[22911,41522],[1,664]],[[22912,42186],[1,0]],[[23037,42129],[0,-443]],[[23037,41686],[0,-497]],[[23037,41189],[-125,1]],[[22912,41190],[-1,332]],[[22936,44178],[75,-1],[0,-142]],[[23011,44035],[0,-522]],[[23011,43513],[-98,2]],[[22913,43515],[-31,0]],[[22882,43515],[0,663]],[[24797,38283],[124,0]],[[24938,38283],[1,-238],[10,0],[1,-250]],[[24787,37636],[-8,82],[1,56],[11,77]],[[24761,38139],[0,144],[36,0]],[[22882,43515],[-65,0]],[[22817,43515],[-32,1]],[[22785,43516],[0,663]],[[22699,32878],[60,0]],[[22759,32878],[30,-11]],[[22789,32867],[0,-332],[8,50],[13,-71],[16,-17],[5,-38],[17,-5]],[[22848,32039],[-149,3]],[[22699,32042],[0,836]],[[22170,50194],[237,-3]],[[22407,50191],[2,-1]],[[22409,50190],[0,-661]],[[22409,49529],[-166,1]],[[22243,49530],[-73,0]],[[22170,49530],[0,664]],[[24067,34101],[182,-22]],[[24133,33515],[-68,-2]],[[24065,33513],[2,588]],[[23420,35203],[4,-84]],[[23424,35119],[0,-649]],[[23299,34470],[1,481],[-1,252]],[[25111,27915],[-19,0],[-1,-55]],[[25091,27860],[-25,0],[-23,-27],[-16,-43],[-6,-51],[-11,-18]],[[25010,27721],[-35,-1],[0,416]],[[24975,28136],[0,84]],[[21075,37363],[0,13],[92,4],[0,166]],[[21167,37546],[41,5],[101,-4],[173,4]],[[21482,36890],[-195,-3]],[[21287,36887],[-183,-3]],[[21104,36884],[-28,-1]],[[21076,36883],[-2,147],[1,333]],[[22691,42851],[30,1],[0,-118]],[[22721,42734],[-17,-54],[-30,-134],[-18,-117]],[[22656,42429],[-16,-112],[-34,-80],[-22,-120],[-16,-49],[-38,-220]],[[22530,41848],[-1,339]],[[22529,42187],[0,662]],[[13624,70885],[40,50],[28,-219],[-4,-183],[-18,-172],[-19,-103]],[[13234,68883],[16,79],[-2,72],[7,79],[-10,136],[22,60],[23,-100],[14,-15],[13,-174],[-6,-58],[4,-90],[-9,-56],[-29,1],[-4,61],[-28,-96],[-10,34],[-1,67]],[[12905,68644],[30,35],[27,-116],[-4,-119],[8,-77],[-19,-18],[-8,93],[-23,79],[-11,123]],[[12834,70878],[21,57],[7,-117],[-26,21],[-2,39]],[[12730,69809],[11,70],[13,11],[23,-49],[-5,-130],[-28,-2],[-14,100]],[[12684,69653],[23,83],[3,67],[26,-73],[-5,-105],[-29,-15],[-18,43]],[[12675,69987],[21,112],[9,-76],[-21,-118],[-9,82]],[[12665,69380],[19,108],[-8,55],[24,40],[40,21],[1,-74],[-21,-38],[-23,-98],[-10,-120],[-16,47],[-6,59]],[[12630,70614],[20,132],[23,116],[6,59],[27,53],[-25,144],[1,53],[-10,123],[11,91],[57,-58],[22,17],[47,-16],[28,-158],[10,-134],[-22,-187],[14,-67],[37,35],[2,-71],[24,19],[29,-95],[5,-47],[28,-96],[41,-239],[-6,-46],[13,-76],[1,-93],[14,-1],[10,-51],[8,-130],[14,-65],[22,-51],[-9,-57],[-54,105],[-18,79],[-20,-142],[40,18],[12,-67],[26,-70],[14,-118],[22,-68],[16,-152],[-27,-81],[24,-49],[16,144],[15,-28],[5,-157],[-16,-70],[11,-59],[-26,-58],[0,-70],[-15,-41],[-1,-62],[36,84],[13,-138],[-2,-209],[5,-116],[-15,-60],[-2,-91],[-28,-38],[-14,2],[-43,100],[-12,50],[-27,46],[6,67],[22,-21],[3,85],[-20,64],[-28,-1],[-26,143],[8,131],[12,109],[-14,110],[-29,-51],[-4,-65],[9,-89],[-4,-53],[-19,-43],[-36,76],[9,111],[-15,58],[5,62],[-14,33],[2,67],[-21,-14],[-6,66],[-18,45],[2,-103],[23,-161],[-1,-148],[17,-56],[0,-79],[13,-56],[-2,-46],[46,-192],[9,-97],[-1,-144],[-36,-2],[-15,160],[-11,12],[-16,77],[-21,181],[-20,37],[-5,167],[-20,119],[10,93],[-15,160],[-24,-30],[-12,45],[-21,-5],[-1,179],[55,72],[11,49],[19,-34],[9,67],[-2,185],[-16,107],[-2,66],[-29,4],[-32,71],[-3,63],[10,39],[-8,66],[-20,86],[0,-105],[-10,-23],[-32,68],[-16,105],[12,75],[21,27],[26,-47],[1,-44],[43,32],[-6,148],[-31,46],[-12,83],[12,79],[-36,-49],[-13,-91],[-16,-17],[-29,17],[-4,66]],[[12628,69641],[12,48],[12,161],[20,8],[23,-40],[-24,-189],[-17,61],[-26,-49]],[[12594,70513],[18,71],[11,-89],[-9,-92],[-16,46],[-4,64]],[[12476,70530],[9,34],[20,-4],[10,-39],[22,32],[5,-45],[-51,-137],[-1,79],[-14,80]],[[12742,71643],[0,-64],[-26,-46],[-43,19],[-8,253],[-13,-38],[-32,48],[-6,-121],[4,-83],[-13,-73],[21,-221],[-13,-90],[-1,-100],[-21,-34],[6,-78],[-7,-140],[-16,-9],[-8,59],[6,90],[-10,100],[-10,27],[-2,-181],[-9,-134],[-28,6],[7,66],[-14,28],[11,85],[-10,23],[-10,341],[16,105],[-3,90],[9,38],[16,-75],[9,40],[-22,159],[-24,35],[-5,69],[8,48],[-15,51],[-19,151],[3,63],[-9,139],[19,113],[17,29],[37,-116],[4,57],[-20,48],[23,96],[25,-60],[13,-183],[17,-62],[20,-19],[25,52],[-27,95],[-6,50],[5,62],[-7,69],[-38,128],[7,96],[37,54],[42,-39],[8,-28],[27,-10],[54,-98],[24,3]],[[12393,71186],[4,-103],[-4,-64]],[[22784,38536],[114,1]],[[22898,38537],[-1,-319],[11,18],[0,-199],[10,0]],[[22918,38037],[0,-110],[-10,-1],[-1,-386]],[[22907,37540],[-123,0]],[[22351,25086],[74,241],[30,108]],[[22641,54821],[-28,0]],[[22613,54821],[-144,1]],[[24780,36543],[21,-46],[10,-85],[10,-5],[15,-90],[18,6],[-9,-99],[10,-84]],[[24807,35751],[-12,54],[-13,-57],[-44,250],[-28,149],[38,196],[-26,116]],[[26606,39652],[111,-41]],[[26717,39611],[-4,-342]],[[26713,39269],[-29,-265]],[[26684,39004],[-61,3]],[[26623,39007],[4,316],[-26,11]],[[26601,39334],[5,318]],[[21482,35879],[1,-179]],[[21483,35700],[-197,-2]],[[21286,35698],[0,343],[2,1],[-1,845]],[[27876,42748],[4,23],[34,18],[62,-189],[-1,-62],[8,-55]],[[22167,37044],[94,3],[60,-5]],[[22324,36378],[-92,1],[0,166],[-61,-1]],[[22171,36544],[0,334],[-4,0]],[[22139,43510],[129,1]],[[22271,43511],[0,-661],[2,0]],[[22272,42188],[-61,-1]],[[21989,42187],[-4,0],[1,440],[0,221],[-5,0]],[[22448,26757],[42,-4],[0,106]],[[22593,26850],[-3,-848]],[[22590,26002],[0,-90]],[[22476,25915],[-28,4]],[[22448,25919],[0,838]],[[26147,44806],[64,3]],[[26211,44809],[98,0]],[[26311,44139],[-32,4]],[[26149,44142],[-2,664]],[[23464,41909],[128,-2]],[[23592,41280],[-45,1]],[[23547,41281],[-79,7]],[[23468,41288],[1,290],[-5,1],[0,330]],[[18657,56357],[14,-21],[16,-60],[11,32],[13,-26],[0,-84],[54,-2],[0,-83],[36,0],[0,-248],[72,0]],[[27384,35288],[18,189],[38,357],[-1,32]],[[27562,35668],[-11,-61],[-19,-60],[8,-107],[-48,-161]],[[27492,35279],[-11,110],[-11,-15],[-43,-151],[-18,-42],[-4,42],[-21,65]],[[29727,46220],[5,-49],[16,42],[61,46],[-6,-96],[39,-5]],[[29842,46158],[-6,-210],[-1,-141],[16,-2],[9,-295],[8,-1],[4,-146]],[[25341,34752],[23,24],[4,38]],[[25351,34218],[-8,119],[-15,100]],[[24210,35373],[1,251]],[[24211,35624],[61,-4]],[[24272,35620],[61,-7]],[[24333,35613],[16,0],[0,-333],[30,-3]],[[24379,35277],[-3,-713]],[[24256,34578],[-46,7]],[[24210,34585],[1,363],[-1,9],[0,416]],[[26252,25377],[74,4]],[[26326,25381],[2,0]],[[26328,25381],[3,-15],[-1,-374],[-4,-207]],[[26326,24785],[-70,8]],[[27546,37703],[-7,-20],[-14,88],[-11,-6]],[[24566,47954],[17,1],[1,-660]],[[24584,47295],[-97,1]],[[24487,47296],[4,93],[-11,138]],[[24480,47527],[-23,168],[-17,94]],[[27916,33021],[-18,-718]],[[27833,32329],[-4,71],[1,628]],[[28182,46608],[55,-48],[11,3],[29,-118],[22,-69],[13,-14],[43,77]],[[28355,46439],[1,-461]],[[28356,45978],[-32,0],[1,-174],[-27,1]],[[28206,45889],[2,94],[-14,4],[13,180],[-25,-1]],[[28182,46166],[0,442]],[[28355,46439],[31,2],[32,23],[30,-36],[25,0],[15,48],[31,30],[18,61]],[[28469,45937],[-47,-1],[0,52],[-66,-10]],[[25006,44390],[-82,-5]],[[24924,44385],[-64,-4]],[[24860,44381],[-2,589]],[[23821,47529],[67,0]],[[23888,47529],[100,1]],[[23988,47530],[0,-665]],[[23988,46865],[-125,0]],[[23821,46865],[0,664]],[[24141,38136],[-33,-434],[0,-27],[-62,7]],[[24046,37682],[-61,17]],[[17451,47451],[64,1]],[[25391,39007],[2,-391]],[[25393,38616],[-99,-5]],[[25905,34345],[15,242]],[[26023,34795],[-9,-60],[6,-55],[5,-511]],[[26025,34169],[-19,-38],[-48,-189]],[[26147,39786],[0,-499]],[[26147,39287],[1,-138]],[[26148,39149],[-93,-1]],[[26055,39148],[-1,469]],[[26054,39617],[0,167],[10,0]],[[26540,49452],[1,-663]],[[25762,37382],[-43,0],[-12,-60],[-13,19]],[[28616,34650],[-3,-108],[17,-91]],[[28630,34451],[-10,-44],[-11,117],[-29,107],[-14,68],[2,92]],[[25823,46813],[118,-10]],[[25941,46803],[0,-331],[69,-1]],[[26010,46471],[0,-168]],[[26010,46303],[-33,2],[1,-166],[-102,-1]],[[25876,46138],[-34,377],[-19,298]],[[26170,40776],[1,-438]],[[26070,40339],[-1,576]],[[26414,43024],[128,4]],[[26542,42889],[0,-471]],[[26542,42418],[-96,-3]],[[26446,42415],[0,499],[-32,0]],[[26414,42914],[0,110]],[[24032,32782],[15,-1],[0,-83],[119,-14]],[[24165,32518],[-1,-357]],[[24164,32161],[-59,4],[-1,-138],[-49,8]],[[24055,32035],[-40,4]],[[24015,32039],[4,662],[-2,83]],[[25527,41101],[120,-2]],[[25648,40891],[-11,-50],[-32,-60],[-14,-102],[-18,-86],[-17,-35],[-5,-51],[9,-72]],[[25560,40435],[-23,-1],[-12,40]],[[23663,40452],[126,-7]],[[23790,39781],[-93,2],[-31,6]],[[23662,40258],[1,194]],[[19531,30581],[161,-2],[0,663],[133,-3],[72,0],[0,82],[29,0],[0,-83],[89,2]],[[20015,31240],[20,0],[11,-164]],[[20046,31076],[37,-500]],[[20045,29854],[-146,-1]],[[19899,29853],[-179,1],[-189,1]],[[21907,29349],[-119,-2]],[[26398,42080],[0,-166],[16,1],[0,-85]],[[26414,41830],[0,-82],[-16,-1],[1,-249]],[[26399,41498],[-17,-1]],[[26285,41951],[0,127]],[[26649,25703],[42,-247]],[[26691,25456],[-7,-43],[23,-135],[-10,-54],[-3,-85]],[[26618,25163],[1,324],[-3,0]],[[15944,50964],[15,84],[16,25],[21,-24],[29,20],[30,39]],[[16055,51108],[23,-53]],[[25527,41128],[0,469]],[[25527,41597],[72,-1]],[[25599,41596],[47,0]],[[25646,41596],[1,-331]],[[21860,37713],[123,-4]],[[21861,36882],[-1,831]],[[17502,54329],[-72,1],[-12,-27],[0,-55],[-50,-10],[-64,-1]],[[28625,34776],[13,16],[18,-83],[0,-29]],[[28656,34680],[-14,-24],[-14,19]],[[25198,36200],[92,2]],[[25290,35614],[-10,0]],[[25197,35614],[1,503]],[[22715,25996],[19,0]],[[22716,25325],[0,219]],[[22716,25544],[-1,452]],[[26508,25947],[-1,-15]],[[26504,25902],[26,-3],[22,-69]],[[26551,25492],[-13,-20],[-19,-62],[-13,-89],[-5,-58]],[[26420,38327],[9,-127],[15,-119],[1,-35]],[[26445,38046],[-44,-119],[-8,-11]],[[26393,37916],[-10,26],[-3,61],[7,100],[-3,86],[6,59],[-13,45],[-9,173]],[[25733,23024],[27,-4]],[[25760,23020],[84,-1]],[[25841,21845],[-63,34],[-49,-18]],[[24089,34599],[121,-14]],[[24067,34101],[-40,6]],[[25244,29638],[59,-4]],[[25303,29634],[48,0]],[[25351,29634],[-5,-271]],[[25346,29363],[-8,-447]],[[25338,28916],[-95,4]],[[25243,28920],[0,470],[1,248]],[[21305,44015],[171,8]],[[21476,44023],[-1,-510],[23,1]],[[21324,42521],[0,331],[-7,83]],[[24197,44573],[0,-829]],[[24197,43744],[-130,-1]],[[24067,43743],[-1,663]],[[24066,44406],[0,165],[66,1]],[[26302,35831],[-78,-66]],[[15514,50552],[92,0],[5,-55],[23,1],[18,-112],[17,0],[11,-55]],[[15624,49868],[-182,3]],[[15442,49871],[-17,1],[0,266],[89,0],[0,414]],[[23956,32047],[59,-8]],[[24055,32035],[-1,-331],[-10,1],[-1,-165]],[[24029,30981],[-7,12],[-27,-28],[-1,-61],[-11,-20],[-15,104],[-9,114],[-13,72],[-13,17],[-9,62]],[[23924,31253],[-6,28]],[[23918,31281],[1,273],[20,-3],[1,249],[15,-3],[1,250]],[[23319,31222],[16,60],[13,-66]],[[23465,30768],[-118,1]],[[23347,30769],[0,193],[-29,1],[1,259]],[[26258,28332],[-1,-395],[27,1]],[[26226,27655],[-77,5]],[[22653,19935],[-5,-46],[36,-250]],[[22684,19639],[-129,-647]],[[20312,31069],[0,-335]],[[20312,30734],[0,-166],[26,1],[0,-159],[-73,0]],[[20046,31076],[150,-3],[116,-4]],[[18139,43994],[1,-208],[0,-750],[-1,-938]],[[18139,42098],[-1,-1147],[0,-537]],[[17310,42099],[0,805],[0,1100]],[[22224,32877],[118,-5]],[[22433,32206],[-208,0]],[[22224,32589],[0,288]],[[24373,50122],[4,-167],[1,-504]],[[24378,49451],[0,-329]],[[24378,49122],[-135,2]],[[24243,49124],[-1,331]],[[24242,49455],[0,502],[-5,1],[0,167]],[[23720,49685],[0,-498]],[[23720,49187],[-68,1],[0,-167],[-68,-1],[0,166]],[[23583,49520],[0,167],[69,0]],[[24445,38556],[41,-5]],[[24485,38271],[0,-284],[-42,3],[-1,-259]],[[22256,54660],[0,-497]],[[22256,54163],[-60,0]],[[22196,54163],[-154,0]],[[22042,54163],[0,661],[-10,0],[0,331]],[[24527,34135],[61,-21],[65,-3]],[[24524,33513],[3,622]],[[24582,39896],[6,-8],[90,-4]],[[24678,39884],[-7,-93]],[[24671,39791],[-13,-163],[10,-128],[9,-148],[-1,-72]],[[24676,39280],[-9,-123],[0,-118]],[[24667,39039],[-90,7]],[[24577,39046],[-16,45],[-19,88],[-11,133],[-13,13],[-9,100]],[[24509,39425],[-17,61],[-19,105]],[[24473,39591],[-17,90],[1,50]],[[23148,47531],[3,0]],[[23151,47531],[0,-665]],[[23151,46866],[-111,0]],[[24633,34988],[51,3],[0,86]],[[24684,35077],[93,-5]],[[24777,35072],[-2,-436],[32,-1],[0,-85]],[[24648,34331],[-4,84],[-10,57],[0,93],[-14,2]],[[24620,34567],[0,166],[12,55],[1,200]],[[19669,47970],[17,1],[0,-168],[18,1],[-1,-169],[33,-1],[0,-108],[35,4],[3,-56],[61,-1],[0,-162],[67,-1],[0,-167],[33,2],[0,-277]],[[25263,39795],[3,166]],[[25266,39961],[146,1]],[[25412,39962],[0,-166],[-9,0],[1,-203]],[[24213,32015],[113,-13]],[[24210,31351],[3,664]],[[22750,50015],[74,0]],[[22824,50015],[96,-3],[0,-330]],[[22919,49353],[-169,-1]],[[22750,49352],[0,663]],[[25351,29634],[5,226]],[[25526,29832],[0,-501]],[[25526,29331],[-30,5]],[[25496,29336],[-109,16],[-41,11]],[[21905,48863],[237,1]],[[22142,48864],[3,0],[0,-630]],[[26973,42224],[46,-4]],[[27005,41275],[-33,-25]],[[26972,41250],[0,327],[-11,1],[0,115],[-11,52],[0,340],[-4,0]],[[26946,42085],[-1,138],[28,1]],[[23133,50511],[103,1]],[[23236,50512],[137,1]],[[22491,28438],[0,470]],[[22491,28908],[8,93],[8,49],[18,-43],[19,-1],[18,-38],[8,53]],[[22615,28541],[0,-807]],[[20191,35241],[91,-5],[87,-1]],[[20369,35235],[0,-83],[82,-1]],[[27364,33845],[4,41],[11,-2],[-10,-80]],[[27369,33804],[-5,41]],[[26749,25744],[-9,56],[-37,-211],[6,-34],[-18,-99]],[[22784,38868],[1,498]],[[22785,39366],[114,-1]],[[22898,38704],[0,-167]],[[25670,39438],[1,499]],[[25671,39937],[87,-3]],[[25758,39934],[3,0],[-1,-447],[9,-56]],[[25769,39431],[1,-94],[-10,-57],[1,-99]],[[25761,39181],[-71,6]],[[21471,45911],[-197,1]],[[21274,45912],[-59,1]],[[21215,46821],[0,246],[19,25],[9,107],[24,-14],[2,38]],[[25046,38338],[-2,-55],[1,-490]],[[22810,23563],[83,287],[50,176]],[[22934,23231],[-22,-70],[-44,-158]],[[24697,30932],[29,8],[-2,-466]],[[24724,30474],[-149,6],[-44,9],[0,-85]],[[25231,42305],[94,11]],[[25325,42316],[1,-228]],[[25267,41369],[-32,-2],[-3,269],[-96,-8]],[[25136,41628],[-1,333]],[[26893,41240],[69,2],[10,8]],[[27012,40647],[-79,13],[1,36],[-77,24]],[[26857,40720],[2,138]],[[24712,28723],[-58,4]],[[24654,28727],[0,250],[-83,2]],[[25596,42515],[0,-585],[3,-334]],[[25527,41597],[0,521]],[[25527,42118],[0,297]],[[22161,33694],[87,8],[0,425]],[[22224,32877],[-60,0],[-3,158],[0,659]],[[20356,53884],[35,1],[0,-168],[35,0],[0,168],[119,1]],[[20545,53886],[23,-1],[0,-389],[36,0],[-1,-111],[36,0],[12,-54],[0,-56],[118,-1]],[[20769,53274],[-1,-335]],[[20733,52801],[-35,0],[0,-83],[-35,0],[0,-55],[-71,2],[0,55],[-59,1],[-12,56],[0,110],[-23,0],[0,166],[-12,0],[0,166],[-60,0],[0,55],[-70,-1]],[[22174,35872],[152,-3]],[[22326,35869],[1,-501]],[[22327,35368],[0,-164]],[[22327,35204],[-148,-6]],[[26285,40783],[-2,-582]],[[26283,40201],[-109,-1]],[[27195,31733],[23,-275]],[[27218,31458],[16,-127],[12,-43],[0,-102],[9,-32],[-1,-185]],[[24088,47530],[-99,0]],[[23989,47530],[0,664]],[[28332,39658],[-4,427]],[[22614,50018],[136,-3]],[[22750,49352],[0,-496]],[[22750,48856],[-100,1]],[[22615,49023],[0,497],[-2,0],[1,498]],[[23548,43744],[97,0]],[[23645,43744],[0,-499],[11,-1],[0,-185]],[[23656,43059],[-128,1]],[[23528,43060],[0,187],[-12,0],[0,496]],[[23176,35042],[1,166]],[[23177,35208],[121,-5]],[[23225,34470],[-49,-1]],[[27119,32777],[-5,110],[-16,38],[-7,76],[5,66],[-7,45]],[[25148,22415],[1,-493],[3,1]],[[25152,21923],[3,-53],[-17,4],[-26,-17],[-18,-28],[-54,-123],[1,67],[-13,66],[-7,-5]],[[25021,21834],[0,524]],[[25419,37465],[1,534]],[[29698,49741],[68,-8],[115,8]],[[29869,49286],[-20,-135],[-28,98],[7,-124],[-16,37],[-33,-309],[-31,80]],[[29748,48933],[-30,95],[18,169],[-45,111]],[[29691,49308],[13,101],[-6,332]],[[25294,31384],[0,72]],[[25294,31456],[33,8]],[[25327,31464],[15,-74],[18,-1],[17,64],[11,-48]],[[25399,30669],[-61,4],[1,-24]],[[25339,30649],[-46,0]],[[25289,30649],[5,735]],[[26408,44145],[1,-699]],[[26409,43446],[-11,-2]],[[26398,43444],[-113,-18]],[[26285,43426],[-6,122]],[[24803,24465],[42,17]],[[24845,24482],[-1,-456],[5,0],[0,-251]],[[24849,23775],[-23,8],[0,-112]],[[24826,23671],[-11,-14],[-8,42],[-37,-1]],[[24770,23698],[-1,700]],[[22214,41471],[23,1],[25,-23],[18,2]],[[22280,41451],[0,-591]],[[22154,40861],[-3,0]],[[22151,40861],[0,637]],[[27957,33014],[0,-270],[15,-45]],[[23420,35757],[131,-2]],[[23551,35165],[0,-49]],[[23551,35116],[-127,3]],[[23612,44404],[65,1]],[[23677,43744],[-32,0]],[[21194,35698],[92,0]],[[21483,35700],[0,-487]],[[21483,35213],[-1,-755]],[[21215,34471],[-23,0]],[[25075,23858],[57,-2]],[[25132,23856],[28,1]],[[25160,23857],[0,-830],[2,-1]],[[25078,22858],[-3,173],[0,827]],[[21206,53502],[142,2],[0,55],[106,0]],[[21454,53559],[13,-55]],[[21236,52834],[-85,-1]],[[26560,27095],[76,77]],[[22656,42429],[1,-242]],[[22657,41524],[-126,-1]],[[22530,41523],[0,325]],[[28051,46157],[131,9]],[[21701,54045],[0,-45],[-141,-1],[0,-495]],[[21454,53559],[0,606],[-17,0],[0,470]],[[26901,28777],[-23,221],[-12,40],[-6,116]],[[27282,34919],[32,83],[37,27]],[[27351,35029],[-10,-33],[44,-244]],[[27369,34611],[-56,-97],[-14,4],[-17,44],[-17,-55],[-26,-127]],[[25387,35995],[23,-46],[11,62],[-9,115],[3,64]],[[25469,35688],[-21,-118],[-35,-184]],[[25413,35386],[-18,66],[-17,-17]],[[25378,35435],[-3,38],[-18,94]],[[22630,36709],[-153,-2]],[[21110,42851],[1,-662],[-2,-86]],[[21109,42103],[-53,-1]],[[21056,42102],[-134,-1]],[[25028,26036],[112,1]],[[25140,26037],[0,-673]],[[25140,25364],[-114,-1]],[[25026,25363],[0,673]],[[21996,45909],[-121,-1],[-166,0]],[[18139,42098],[274,0],[72,0],[86,147]],[[25935,43012],[0,-83]],[[25935,42929],[2,-500],[-7,-1]],[[25930,42428],[-108,-3]],[[25822,42924],[0,83],[113,5]],[[25591,31505],[-8,23],[-35,2],[0,-71],[-35,-42]],[[26138,37782],[29,-208],[5,-90],[12,10]],[[26184,37494],[-31,-170],[-10,-7]],[[26143,37317],[-18,50],[-15,11]],[[26110,37378],[5,42],[-4,76]],[[25555,30276],[22,-7],[13,-87],[11,15]],[[25601,30197],[8,10],[26,-76],[9,-72]],[[25644,30059],[-1,-710]],[[25643,29321],[-41,0],[-76,10]],[[21103,35698],[1,342],[0,844]],[[26084,34680],[41,112],[7,46]],[[26166,34328],[-61,25]],[[26105,34353],[2,30],[-17,103],[-6,194]],[[25408,28598],[88,-9]],[[25496,28589],[0,-83],[29,-8],[1,-335],[29,-5],[0,-166]],[[25555,27992],[-58,14],[-9,-57],[0,-111],[-49,6]],[[25410,27843],[0,255],[-2,500]],[[25327,42483],[-2,-167]],[[23842,36050],[1,166],[16,-3],[2,304]],[[23861,36517],[50,-12],[73,-8]],[[23981,36192],[-30,3],[-2,-193]],[[23949,36002],[-107,20],[0,28]],[[20922,45172],[0,-1163]],[[26335,38426],[8,-371],[-5,-147]],[[26338,37908],[-13,-48]],[[26325,37860],[-37,152]],[[26288,38012],[-2,65],[-20,20]],[[26266,38097],[1,53],[9,55],[0,57],[-11,83]],[[25021,21834],[3,-133],[-25,-93],[-8,-99],[-21,-41]],[[19530,40616],[201,-1],[157,1],[75,-5],[16,6]],[[19979,40617],[112,4],[0,-255]],[[26109,22205],[15,-1]],[[26122,20979],[-9,43],[-24,48],[-24,150],[-29,91],[-21,110],[-29,113],[-33,102]],[[22771,23641],[-52,510]],[[22397,43510],[2,0]],[[23426,37121],[126,-2]],[[23552,36449],[-129,1]],[[16479,42449],[-84,0],[-162,0],[-125,0]],[[21840,40858],[156,1]],[[21996,40859],[1,-664]],[[21997,40195],[-151,1]],[[21846,40196],[-6,0]],[[21840,40196],[-1,329],[1,333]],[[27344,43055],[135,-3]],[[27479,43052],[0,-21]],[[27479,43031],[0,-678]],[[27344,42762],[0,293]],[[24580,50283],[0,166],[68,-3]],[[24825,49955],[-43,1],[0,-166],[-32,0]],[[24580,49785],[0,498]],[[20924,52664],[68,0],[0,169],[54,1]],[[21237,52169],[-20,-1]],[[21217,52168],[-77,-2],[-216,1]],[[24937,30648],[81,-2]],[[25018,30646],[0,-285],[15,0],[0,-499],[15,1]],[[25048,29696],[-25,55],[-25,-11],[-15,67],[-53,1]],[[24658,35872],[1,652]],[[24797,35694],[-109,4]],[[24688,35698],[-31,-1],[1,175]],[[27377,15324],[74,-2],[133,-2],[17,26]],[[27601,15346],[14,-332],[-1,-369],[-11,-537]],[[27603,14108],[-36,13],[-26,53],[0,-41],[-163,-1]],[[23316,48193],[0,-664]],[[23316,47529],[-165,2]],[[22580,32879],[119,-1]],[[22699,32042],[-148,-2]],[[22692,36209],[1,-336],[-31,-3]],[[22479,35868],[-2,175]],[[20820,54215],[-3,-69],[25,-139],[10,-207],[0,-180],[-30,-264],[-23,-82],[-30,0]],[[20545,53886],[0,663],[12,0],[0,498],[36,0]],[[17468,48108],[0,-164],[-23,1],[0,-109],[-11,-54],[-39,1],[0,-332]],[[21435,25935],[0,-833]],[[21198,25103],[0,830]],[[29435,44100],[3,0]],[[29438,44100],[-9,-730]],[[29426,43104],[-112,-75],[-14,-94]],[[24359,38931],[2,496],[-1,112]],[[24360,39539],[0,55],[113,-3]],[[24509,39425],[-7,1],[-71,-282],[6,-252]],[[21856,20406],[164,-1]],[[22020,20405],[0,-1024]],[[21865,19377],[-6,59],[-13,45],[-16,196]],[[28447,37979],[-18,7]],[[25195,30194],[0,-306],[-5,0]],[[25091,29891],[1,414],[14,0],[5,83],[0,260]],[[26010,46303],[3,-559],[0,-274]],[[26013,45470],[-119,-1]],[[25894,45469],[-1,174],[-4,247],[-13,248]],[[24519,21740],[-47,-2],[-14,118],[-25,173],[-9,42]],[[26670,42416],[1,167]],[[26671,42583],[80,4],[81,-2]],[[26832,42585],[3,-493]],[[26756,42086],[-85,-3]],[[26147,39287],[73,1]],[[26282,39280],[-1,-413]],[[26148,38796],[0,353]],[[22577,34467],[87,2]],[[22664,34469],[94,-1]],[[22758,34468],[0,-772]],[[22758,33696],[-178,0]],[[22580,33696],[-2,0],[0,664],[-1,107]],[[26388,40868],[0,45],[27,1],[0,195],[94,4]],[[26505,40713],[-2,-171]],[[26503,40542],[-55,31],[-59,-6]],[[26389,40567],[-1,300]],[[26719,41038],[63,-19]],[[26857,40720],[-3,-288]],[[26854,40432],[-114,32]],[[21495,51527],[-1,0]],[[21232,51528],[-15,0]],[[21217,51528],[0,640]],[[26671,41501],[32,1],[0,28],[54,2]],[[28467,45462],[-95,-5],[-15,-178],[0,-175]],[[27384,35288],[0,2]],[[27384,35290],[-65,303]],[[25569,35558],[-6,37],[-19,8],[-9,103]],[[29288,49718],[42,10],[66,4],[82,14]],[[29473,48895],[7,-33]],[[23031,55377],[70,-2],[146,3],[0,-54]],[[24167,36418],[62,-9]],[[24274,36398],[-2,-778]],[[24211,35624],[0,84],[-46,125],[1,276]],[[23805,30695],[0,220],[12,25],[37,-5],[13,107],[8,27],[49,-6],[0,190]],[[23990,30804],[-18,-81],[-55,-303],[4,-28],[0,-167]],[[23921,30225],[-29,-2],[0,-55]],[[23804,30173],[1,522]],[[22397,44174],[128,1]],[[22526,43843],[0,-331]],[[29748,48933],[-16,-149]],[[29628,48681],[-9,14],[10,89],[-7,85],[-27,157]],[[29595,49026],[20,149],[16,-39],[4,101],[14,115],[33,-7],[9,-37]],[[26171,34193],[-9,-210],[-14,-225]],[[26148,33758],[-39,-14]],[[26109,33744],[-17,137],[7,70],[-13,8],[-7,82],[-12,5],[-3,78]],[[26064,34124],[10,63],[15,31],[9,51],[7,84]],[[23988,46865],[7,0]],[[23995,46865],[0,-466]],[[25226,48945],[-37,0],[0,-662]],[[25189,48283],[-41,-1]],[[25148,48282],[-95,1]],[[25053,48283],[1,835]],[[23282,55485],[99,-1],[-12,-114],[-2,-67],[9,-79],[14,-21],[0,-380],[3,0],[0,-497]],[[23393,54326],[4,-166],[0,-330]],[[23397,53830],[-106,-2]],[[23291,53828],[-1,665]],[[23282,55320],[0,165]],[[17467,52832],[35,-2],[0,585]],[[22906,30380],[0,-415]],[[22906,29965],[-59,0],[-15,-27],[15,-222],[-58,1]],[[22701,30050],[0,331]],[[22519,46863],[-107,1]],[[17123,37281],[-86,-510],[-66,-393],[-32,-203],[-22,5]],[[26389,40567],[2,-529]],[[26374,40036],[-91,-3]],[[26283,40033],[0,168]],[[23901,40255],[141,8]],[[24042,40263],[2,0]],[[22785,40860],[126,-2]],[[22911,40858],[0,-664]],[[22911,40194],[-127,1]],[[22784,40195],[1,665]],[[26647,40404],[-3,-193]],[[26644,40211],[-145,57]],[[26499,40268],[4,274]],[[28327,37867],[5,-16]],[[23035,42848],[39,0]],[[23074,42848],[109,0]],[[23183,42848],[-5,-84],[19,-57],[2,-72],[-13,0],[5,-83],[-4,-89]],[[23187,42463],[-112,-2]],[[25525,39968],[0,-525]],[[25525,39443],[0,-249]],[[25525,39194],[-44,0],[1,20],[-76,-12]],[[23996,50511],[0,-219]],[[23996,49962],[-58,1],[0,-169]],[[23859,50194],[1,323]],[[25906,41264],[84,6]],[[25884,40904],[-18,28],[0,83],[-19,0]],[[25847,41015],[1,247]],[[23020,36543],[46,-2],[0,166]],[[23066,36707],[111,-3]],[[23177,36454],[0,-583]],[[23177,35871],[0,-249]],[[23177,35622],[-158,6]],[[23019,35628],[1,915]],[[26362,26787],[11,45],[53,-5],[0,16]],[[26426,26843],[8,-17]],[[24042,33514],[23,-1]],[[23177,35622],[0,-414]],[[23020,35048],[-1,331]],[[23019,35379],[0,249]],[[21483,35213],[135,-1]],[[21618,35212],[0,-750]],[[25758,40600],[0,-68]],[[25758,40044],[0,-110]],[[25671,39937],[-23,1],[0,164]],[[25648,40102],[0,499]],[[25167,33523],[-3,0]],[[25162,33523],[-19,141],[-10,28],[-24,1],[-34,109],[-8,3]],[[25067,33805],[5,30],[-11,95],[9,83],[12,49]],[[22785,42188],[127,-2]],[[22911,41522],[-126,2]],[[25075,40729],[160,-1]],[[25235,40728],[-32,-265],[0,-84],[-16,1],[0,-83]],[[25187,40297],[-111,-12]],[[23067,37373],[1,414]],[[23068,37787],[113,0]],[[23066,36707],[1,666]],[[22907,37540],[0,-166],[31,0]],[[22938,37374],[0,-332],[-6,1],[0,-502]],[[22932,36541],[-87,4]],[[21473,26767],[107,4]],[[21581,25938],[-143,-3]],[[20186,36064],[0,-326],[-5,0],[1,-496]],[[28114,35788],[8,62],[14,48]],[[23432,40440],[122,-8]],[[23554,40432],[0,-166]],[[23555,39848],[-76,2]],[[23479,39850],[-19,68],[5,56],[-19,23]],[[22145,44169],[120,4]],[[22265,44173],[3,0]],[[20902,30928],[75,233],[0,-41],[61,-3],[0,283]],[[21111,32067],[93,0]],[[21204,30570],[-68,0],[0,-170],[-29,1],[0,-167],[-30,1],[0,-166],[-58,2],[0,-167],[-9,-1]],[[21010,29903],[-59,1]],[[20951,29904],[-50,0],[0,333]],[[20901,30237],[1,691]],[[22120,21677],[-1,-413]],[[22119,21264],[-45,0],[-14,16],[-6,-108],[-3,-246],[-8,-106],[5,-89],[-7,-29],[4,-67],[-6,-94],[8,-136]],[[22047,20405],[-27,0]],[[26110,37378],[-10,-26],[-8,-81],[-25,-35],[-9,-45],[-5,-88]],[[26053,37103],[-5,-108],[-8,-54],[-16,-52],[-14,38]],[[26010,36927],[-1,70],[10,49],[-13,103],[-45,-1],[-8,28]],[[27603,14108],[-10,-440],[-2,-219]],[[27380,13457],[-1,533]],[[26892,24313],[29,-1],[0,73]],[[26950,23825],[-18,1],[-3,98],[-29,1]],[[26900,23925],[0,169],[-9,1],[1,218]],[[24327,44575],[-1,-499],[1,-334]],[[24583,40560],[1,174]],[[24712,40718],[0,-166],[70,-10]],[[24782,40542],[-5,-64],[-14,8],[-24,-58]],[[24694,40168],[-26,-11],[2,41],[-21,94],[-5,98],[-61,1]],[[22162,23968],[0,-772]],[[22162,23196],[-143,2]],[[22019,23198],[1,938]],[[25560,40435],[-3,-132],[-5,-61],[4,-141]],[[25556,40101],[-3,-33],[18,-85],[3,-49],[-8,-60],[3,-78],[-2,-189],[-4,-66],[4,-97]],[[25567,39444],[-42,-1]],[[25903,27043],[46,0],[0,-27]],[[25949,27016],[1,-640]],[[25847,26374],[-22,115],[2,76],[-8,36],[-11,108],[0,174]],[[29257,41478],[-6,-56]],[[29250,41423],[-6,2],[-6,-39],[0,-62]],[[29166,41334],[17,109],[-16,33]],[[24408,50942],[240,1]],[[24580,50283],[-172,0]],[[24717,42722],[0,247],[28,109],[25,21],[13,29],[3,85]],[[24786,43213],[90,-1]],[[24877,42545],[-3,-162],[-32,0]],[[24716,42387],[1,335]],[[22631,27671],[121,0]],[[22752,27671],[29,-7]],[[22781,27664],[-5,-836]],[[22736,26833],[-106,13]],[[26327,29797],[79,-1],[7,28]],[[26413,29824],[7,-181],[18,-1],[-1,-165]],[[26437,29477],[-90,1],[0,58],[-20,1]],[[26327,29537],[0,260]],[[22752,45627],[19,29],[16,-21],[15,25],[24,-42],[3,-70],[14,-18]],[[22843,45530],[8,-53],[32,-20]],[[22883,45457],[0,-617],[-1,-165]],[[22785,44676],[0,166],[-33,-1]],[[25235,40728],[31,1]],[[25266,40729],[0,-112],[0,-656]],[[25187,39795],[0,502]],[[25071,42297],[-55,-1],[8,84],[-38,2]],[[25226,32162],[10,68],[109,-15]],[[25345,32215],[-3,-396],[-15,-154],[0,-201]],[[25294,31456],[-1,141],[-14,-20],[-25,57],[-17,143],[-13,2]],[[25224,31779],[2,383]],[[25275,50445],[-69,3]],[[25103,51433],[0,166],[32,0],[0,174]],[[22328,51518],[1,654]],[[22329,52172],[95,0],[175,0]],[[22599,52172],[8,-1]],[[22607,52171],[-1,-660]],[[22606,51511],[-113,0],[-86,5]],[[22407,51516],[-79,2]],[[20926,50132],[148,-1],[153,1]],[[20921,48908],[0,813]],[[22532,40860],[126,0]],[[22658,40860],[1,0]],[[22659,40860],[-1,-665]],[[22658,40195],[-30,0]],[[22532,40196],[0,664]],[[22750,48856],[102,-1]],[[22852,48855],[-1,-663]],[[22851,48192],[-67,-1]],[[22784,48191],[-133,0]],[[24046,37682],[0,-166],[60,-317]],[[24106,37199],[-2,-157],[-16,0],[-2,-241]],[[23980,36880],[3,508]],[[25309,45611],[66,2]],[[25375,45613],[68,-2]],[[25443,45611],[15,-138],[-3,-131],[-6,-63]],[[25449,45279],[-107,3],[0,-111],[-32,-1]],[[25310,45170],[-1,441]],[[23289,43745],[0,-498],[17,0],[0,-184]],[[23306,43063],[-139,2]],[[23167,43065],[-16,4],[-11,47],[3,95],[-9,77],[5,45],[-7,68]],[[23132,43401],[12,66],[2,164],[-10,32],[-9,87]],[[23127,43750],[44,-5],[86,-1]],[[25764,34471],[18,-223]],[[25782,34248],[-13,-13],[-9,-61],[-17,-223],[-4,-149]],[[25656,33791],[3,796]],[[26018,44137],[131,5]],[[26047,43546],[-37,0]],[[22922,20423],[-74,-9]],[[22848,20414],[3,29],[-52,269]],[[22799,20712],[0,4]],[[22142,49530],[28,0]],[[22243,49530],[0,-667],[3,0],[0,-673]],[[22246,48190],[-77,-4]],[[22142,48864],[0,666]],[[29084,46002],[60,-118],[124,-5]],[[29269,45828],[3,-112],[-48,-162],[-2,-30]],[[29222,45524],[-7,-24],[-46,-21],[-30,76],[-24,32]],[[24581,49454],[-203,-3]],[[26712,38315],[16,-46],[1,-60],[67,-10],[46,-13]],[[26842,38186],[14,-5],[-2,-173],[31,-11]],[[26885,37997],[-3,-193],[-9,4],[-3,-138],[-16,4],[-1,-67],[7,-90],[-21,-51]],[[26713,37557],[-1,758]],[[26906,37988],[34,0],[5,364]],[[26945,38352],[31,-15]],[[26976,38337],[0,-27],[64,-20],[-1,-85]],[[27039,38205],[-13,-115],[0,-110],[-20,-85],[10,-166],[-3,-54],[5,-104],[-13,-65]],[[26986,37489],[-20,5],[2,173],[-33,12],[1,113],[-4,58],[-28,13],[2,125]],[[23700,35137],[0,-111],[8,-2]],[[23708,35024],[-1,-461]],[[23707,34563],[-56,9],[-100,7]],[[23551,34579],[0,537]],[[25132,24602],[9,4]],[[25141,24606],[41,18],[39,40],[42,70]],[[25269,23861],[-109,-4]],[[25132,23856],[0,746]],[[24294,40682],[126,-16]],[[24420,40666],[-2,-93]],[[24438,40087],[-113,6]],[[23905,43744],[32,-1]],[[23937,43743],[130,0]],[[24067,43743],[0,-498],[3,-176]],[[24070,43069],[-32,-1]],[[23910,43067],[0,178],[-5,-1],[0,500]],[[22933,27617],[126,-15]],[[23059,27602],[0,-108],[25,21]],[[23084,27515],[-1,-706]],[[23083,26809],[-61,2]],[[23022,26811],[-91,9]],[[22931,26820],[2,797]],[[22806,14641],[-4,-1]],[[22820,14280],[-4,115],[-8,144],[3,24],[14,-283]],[[22764,14640],[10,-192],[7,-36],[9,-132]],[[23952,49513],[14,60],[21,-1],[9,-55]],[[24057,49241],[19,-61]],[[23702,35580],[128,-17]],[[23830,35563],[-1,-277]],[[23829,35286],[-2,-277]],[[23827,35009],[-119,15]],[[25482,36699],[-3,-83],[-1,-433]],[[25369,36171],[22,6],[-7,118],[7,39],[-6,105],[19,67],[-14,57],[20,56],[10,77],[-17,48],[-4,73]],[[27236,43185],[27,0],[0,135],[54,2],[-1,138],[28,2]],[[27344,43462],[0,-407]],[[20369,35898],[0,-663]],[[24713,41388],[1,167]],[[24873,41170],[-15,-147]],[[24858,41023],[-16,-83],[-14,-28],[-10,-156],[-16,-132],[-20,-82]],[[27616,33599],[-2,-544]],[[27614,33055],[-116,8]],[[23059,27602],[1,626]],[[23205,27625],[-121,-110]],[[23083,26809],[0,-267]],[[23083,26542],[0,-53],[-62,-1]],[[23021,26488],[1,323]],[[20642,57352],[115,0],[166,1]],[[20923,57353],[1,-698]],[[20666,56520],[0,166],[-18,0],[0,496],[-6,0],[0,170]],[[26048,27047],[-89,-3],[-10,-28]],[[24294,40765],[2,582]],[[24442,40913],[-12,-69],[-10,-178]],[[23151,46866],[54,0]],[[23204,46403],[-131,0],[-62,5]],[[23011,46408],[-7,55],[15,45],[1,157],[-20,75],[4,63],[-5,63]],[[28227,30996],[-14,-29],[-26,15],[-12,45],[-16,-36],[-24,28]],[[21756,56320],[0,166]],[[21996,55156],[-108,0]],[[21781,55158],[0,332],[-12,0],[0,665],[-13,0],[0,165]],[[25758,41016],[89,-1]],[[25884,40603],[0,-67]],[[23986,52432],[213,-4]],[[24198,51933],[0,-159],[-9,-15],[-10,-101],[-16,26],[-12,-97],[-16,15],[-8,-62],[-25,-36],[-19,-72],[-21,-249],[-18,-68]],[[24044,51115],[-82,4]],[[23962,51119],[0,477],[24,1],[1,337]],[[26481,27412],[-6,-87],[0,-95]],[[26440,27204],[-35,1],[-5,36],[-17,1],[-12,-48]],[[25668,26533],[40,-2],[-2,408]],[[25668,26328],[0,205]],[[17037,51634],[6,0]],[[16712,49719],[5,165],[0,825],[-28,1],[0,164],[-52,2],[0,601]],[[24964,33206],[-18,7],[0,-59],[21,-74],[-15,-59],[-30,25],[-2,-31],[21,-97]],[[24066,44406],[-65,-2]],[[24676,39280],[77,-3]],[[24753,39277],[42,0]],[[24795,39277],[1,-493]],[[24796,38784],[-15,-7],[0,-62],[-31,-1],[0,-97],[-48,1],[-26,19],[-7,-128]],[[24669,38509],[-2,95],[6,59],[-5,117],[2,63],[-6,138],[3,58]],[[23011,46408],[0,-64],[20,-4],[5,-141],[7,-70],[-4,-58]],[[22941,46072],[-33,0]],[[18974,45949],[0,565]],[[19250,44521],[0,-502],[2,-1],[0,-817]],[[19252,43201],[-150,2],[-128,1]],[[26717,39611],[3,223]],[[26720,39834],[117,-33]],[[26837,39801],[-5,-446],[31,-13]],[[26863,39342],[-3,-164]],[[26860,39178],[-72,22],[2,50],[-77,19]],[[25885,40051],[84,2]],[[25969,40053],[-4,-110],[0,-329]],[[25965,39614],[0,-112]],[[25965,39502],[-83,-9]],[[25882,39493],[-21,-3]],[[25861,39490],[0,557]],[[22491,28908],[-18,-38],[-34,180]],[[21658,40196],[25,1]],[[21683,40197],[157,-1]],[[21846,40196],[-1,-828]],[[21845,39368],[-181,0]],[[21664,39368],[-7,0]],[[24971,35562],[16,-15],[3,68],[83,1]],[[25073,35616],[32,-7]],[[23318,47529],[166,0]],[[23468,46867],[-132,-1]],[[23318,46866],[0,663]],[[25198,36617],[1,250]],[[25199,36867],[93,-2]],[[25292,36865],[-2,-662]],[[25075,36784],[-1,-168],[6,0]],[[25067,36283],[-117,10]],[[24950,36293],[1,503]],[[24539,42734],[89,-9],[89,-3]],[[24715,42220],[-96,9]],[[24619,42229],[-46,3]],[[24573,42232],[0,5]],[[24573,42237],[1,46],[-12,112],[-15,20],[-20,144],[12,175]],[[26190,30214],[-16,14],[0,152],[-17,-1],[0,250]],[[28292,43132],[114,7],[64,11],[24,87]],[[28494,43237],[17,-14]],[[28560,42395],[-26,31]],[[28488,42364],[-17,18],[-5,-116],[-26,-5],[-21,-31]],[[28293,43011],[-1,121]],[[26179,26597],[90,-4],[0,8]],[[26193,26361],[4,50],[-13,73],[4,69],[-9,44]],[[23429,38251],[9,33],[21,-29],[11,13]],[[23470,38268],[7,113],[12,18],[10,-31],[55,1]],[[23553,37785],[-124,1]],[[23429,37786],[0,465]],[[25067,33805],[-14,-155],[-9,-9],[-19,129]],[[24971,34222],[5,70],[10,0],[26,168],[17,29]],[[26206,23619],[2,144],[4,88],[-1,72],[7,93]],[[26252,23168],[-29,6]],[[26248,27272],[-42,-101],[-41,-80]],[[20689,29412],[-1,491],[125,1],[0,165],[29,1],[0,166],[59,1]],[[20951,29904],[0,-658],[1,-338]],[[20952,28908],[-58,1],[-1,-167],[-114,4],[-61,5],[0,167],[-30,1]],[[23401,52336],[118,-1]],[[23406,51201],[-2,303],[0,332]],[[23404,51836],[0,335],[-3,165]],[[21471,45911],[0,-408],[5,0],[0,-652],[8,0],[-1,-661],[9,-1]],[[21492,44189],[0,-167],[-16,1]],[[21279,44844],[0,659],[-6,-1],[1,410]],[[27569,39034],[48,16],[24,97]],[[27653,39115],[0,-259]],[[23857,32113],[0,-55],[99,-11]],[[23918,31281],[-27,37],[-14,158],[-13,-63],[-7,25],[-30,-53],[-10,41],[-13,-53]],[[22343,28434],[0,722]],[[23231,41307],[109,-9]],[[23340,41298],[48,-3]],[[23388,41295],[0,-190],[7,0],[-1,-414]],[[23290,40696],[0,51],[-16,43],[-14,195],[1,49],[-10,53],[-2,68],[14,63],[-12,36],[-4,-64]],[[23247,41190],[-13,4],[-3,113]],[[28054,33599],[-11,-62],[-5,-106],[1,-518],[3,-15]],[[27214,13121],[-18,101],[-11,17],[-9,51],[-18,-20],[-5,-55],[-31,455],[-6,277],[-7,179]],[[24457,43905],[1,665]],[[24523,44569],[64,-1]],[[24587,44568],[0,-499]],[[24587,43903],[-130,2]],[[28638,35479],[2,-45],[27,-100],[2,-141],[-17,-94],[-11,80],[-18,81]],[[23788,49040],[0,63],[-34,0],[0,83],[-34,1]],[[22020,19381],[195,9]],[[22215,19390],[1,-859]],[[29487,48323],[12,-8],[82,66],[6,-254]],[[29646,47875],[-14,-128]],[[29585,47487],[-16,-40],[-3,80],[-53,-18],[3,-135],[-43,-26]],[[29520,49752],[97,5],[71,-6],[10,-10]],[[29595,49026],[-32,35],[-53,136]],[[26308,34925],[46,224],[15,-51]],[[23316,47529],[2,0]],[[26336,30635],[83,0]],[[26465,29987],[-8,-87]],[[26457,29900],[-3,29]],[[26454,29929],[1,40],[-16,49],[0,102],[-18,170],[-31,91],[-53,1]],[[25103,41957],[-32,2],[-87,-11]],[[24938,42048],[0,334]],[[24758,31992],[-60,14],[-30,-5],[-119,7]],[[24950,47785],[119,1]],[[25069,47786],[0,-203],[-8,0],[0,-123],[8,-88],[-21,-11],[0,-223]],[[25048,47138],[-99,-1]],[[23042,43402],[90,-1]],[[23167,43065],[-2,-66],[20,-16],[-2,-135]],[[23074,42848],[0,83],[-10,0],[-17,83],[-5,83],[0,305]],[[16516,51320],[-37,-45]],[[16055,51108],[-4,88],[-20,22],[-1,499],[25,-1]],[[27434,40545],[5,85],[11,61],[6,106],[-2,99],[-6,49]],[[27448,40945],[31,9]],[[27479,40496],[-21,33],[-24,16]],[[26176,43102],[1,-500]],[[26177,42602],[-32,0]],[[26049,42660],[-1,271]],[[26048,42931],[0,165]],[[24003,21196],[-37,0],[0,28],[-165,-1]],[[23277,56474],[72,2]],[[23604,56147],[3,-663],[-1,-332]],[[23536,54321],[-143,5]],[[23282,55485],[-3,291]],[[25190,29721],[54,0],[0,-83]],[[25243,28920],[-49,1],[0,-28]],[[22700,31376],[-1,666]],[[24192,48850],[51,-2],[0,276]],[[24378,49122],[0,-165]],[[24257,48595],[-37,60],[-7,30]],[[22843,46071],[0,-541]],[[21488,56985],[0,-165],[50,-1],[0,-497],[218,-2]],[[21429,56488],[0,332],[23,0],[0,165],[36,0]],[[25722,43548],[39,152],[18,99],[11,96],[8,122],[19,214],[33,238]],[[25850,44469],[40,0],[0,-327]],[[25889,43548],[-83,-1]],[[25928,38941],[37,6]],[[25965,38947],[75,5]],[[26040,38952],[-1,-418]],[[25930,38381],[-2,560]],[[22075,52839],[130,-2]],[[22205,52837],[115,-3]],[[22320,52834],[0,-662]],[[22320,52172],[-235,0]],[[26986,39017],[2,169],[32,-12],[2,172]],[[27053,39335],[-2,-173],[59,-19]],[[27134,38629],[-81,22],[-61,22]],[[26992,38673],[2,170],[-11,4],[3,170]],[[26598,27982],[49,421]],[[26639,27672],[-41,175]],[[23888,48193],[0,-664]],[[23821,47529],[-33,0]],[[28480,44008],[103,-3]],[[28583,44005],[114,-2]],[[28697,44003],[9,-662]],[[28494,43237],[-14,771]],[[22662,35208],[2,-345],[0,-394]],[[22577,34467],[-65,0]],[[22512,34467],[-1,736]],[[23782,42407],[64,-1]],[[23847,41904],[-128,-2]],[[29172,44682],[18,36],[9,-35],[19,15],[6,86]],[[29224,44784],[91,70],[41,36]],[[26907,16617],[-1,-3]],[[27051,15799],[-55,2],[0,338],[-54,0],[-55,7]],[[26887,16146],[-13,85],[-6,128],[20,46],[8,114],[9,27],[7,88]],[[26891,23724],[0,201],[9,0]],[[26950,22232],[-4,60],[-1,395],[-16,24],[1,249],[-9,0],[-8,71],[-12,34],[-22,315]],[[26879,23380],[-8,76],[1,104],[9,19],[10,-25],[0,170]],[[29983,47363],[76,-362],[27,-61]],[[26305,51229],[5,-42],[39,-106],[27,-103],[17,-7],[24,22],[35,-73]],[[18974,46867],[-6,48],[-21,38],[-16,-12],[-12,157],[-44,0]],[[18875,47098],[1,574]],[[26660,29673],[17,-43]],[[26677,29630],[4,-61],[-3,-199],[15,-116],[-4,-77]],[[29500,45428],[-24,-450]],[[29356,44890],[7,134],[-1,145],[15,160],[8,170]],[[27337,32651],[7,-93],[-1,-73],[-10,-192],[-19,-155]],[[27314,32138],[-9,97],[-29,-22],[-24,-37]],[[22280,40860],[126,0]],[[22406,40860],[0,-664]],[[22406,40196],[-95,0]],[[22311,40196],[-31,-1]],[[27279,39939],[116,-34]],[[27395,39905],[-2,-98],[-10,-86],[8,-62]],[[23291,53828],[-144,1]],[[25612,42560],[8,44],[17,40],[20,-32],[25,-95],[11,33]],[[25693,42427],[0,-496]],[[25693,41931],[-16,0],[0,-142],[-31,0],[0,-193]],[[23287,39530],[63,0]],[[23350,39530],[60,0],[11,-72],[9,0]],[[23430,39458],[-1,-66],[-14,-13],[1,-77]],[[23416,39302],[15,-75],[4,-64],[12,-28],[6,-51]],[[23453,39084],[-59,0]],[[23394,39084],[-108,0]],[[21704,41522],[131,5]],[[21835,41527],[-2,-303],[2,-366]],[[21835,40858],[-152,2]],[[21683,40860],[-6,0]],[[21677,40860],[0,663]],[[22198,29506],[0,-592]],[[23052,29050],[0,498]],[[23140,30048],[59,0],[0,-166],[58,1]],[[23257,29883],[0,-166],[-30,0],[0,-668]],[[27196,31741],[160,-41]],[[27356,31700],[4,-111]],[[27358,31420],[-140,38]],[[26398,43444],[0,-169],[5,-1],[0,-196],[11,-54]],[[26414,42914],[-129,-3]],[[26285,42911],[0,198]],[[26285,43109],[0,317]],[[24226,37018],[-15,-25],[-15,27],[-29,9],[1,160],[-26,5]],[[24142,37194],[28,593]],[[26607,24113],[0,54],[41,-4]],[[26648,24163],[9,-73],[14,-5],[10,-126],[12,-21]],[[26645,23654],[-39,6]],[[26837,39801],[6,53],[2,167],[3,55]],[[26848,40076],[86,-27],[3,10]],[[26962,39534],[-32,12],[-2,-112],[-34,11],[0,-85],[-31,10],[0,-28]],[[24320,48187],[-62,0],[0,-165]],[[22229,31545],[206,-2]],[[22435,31543],[0,-496],[1,-203]],[[17306,57352],[137,1],[137,2]],[[17306,57061],[0,291]],[[25965,39614],[89,3]],[[26055,39148],[0,-196],[-15,0]],[[25965,38947],[0,555]],[[26680,50121],[18,-140],[6,-74],[-2,-88],[-9,-13],[-9,67],[-17,-37],[-9,-118],[11,-132],[29,-130]],[[26698,49456],[-158,-4]],[[23043,31211],[128,-1]],[[23171,31210],[0,-263]],[[23171,30947],[-9,-19],[-21,-176],[-1,-538]],[[23053,30214],[-4,268],[-20,5]],[[22529,42187],[-122,0]],[[22407,42187],[-7,0]],[[24724,30474],[0,-147]],[[23092,51674],[3,-166],[0,-333]],[[23095,51175],[0,-333]],[[22933,50843],[-6,38],[5,75],[25,102],[27,92],[20,150],[5,209]],[[29286,40386],[-12,-366],[-6,-292],[-12,-128],[-28,-256],[-14,-89],[-10,-5]],[[30068,43453],[-8,-95],[-14,-2],[4,82],[-18,81]],[[26986,39017],[-63,22],[-1,-50],[-32,13],[-1,-28],[-31,13]],[[26858,38987],[2,191]],[[24528,41519],[-1,55],[6,104],[-1,61],[27,184],[10,32],[6,210],[-2,67]],[[24619,42229],[-1,-825]],[[24586,41410],[-33,-8],[-46,6]],[[18903,38346],[-154,2],[1,24],[-46,-1]],[[24434,33513],[12,-1]],[[24361,32453],[0,113],[8,-1],[0,313],[-3,169]],[[27568,15904],[11,-134],[1,-56],[17,-276],[4,-92]],[[22051,33695],[110,-1]],[[22051,32670],[0,847],[-1,0]],[[22050,33517],[1,178]],[[26516,39370],[85,-36]],[[26623,39007],[-54,-221],[-6,-73],[-16,43]],[[26512,38769],[-5,2]],[[26507,38771],[9,599]],[[21204,30176],[-1,-829]],[[21203,29328],[-194,0],[1,575]],[[23077,42184],[10,-44],[21,-50],[18,42],[9,59],[15,32],[21,-25],[28,2]],[[23199,42200],[5,-107],[10,-47],[-4,-62],[8,-73]],[[23218,41911],[-10,-71],[4,-154]],[[23212,41686],[-175,0]],[[22619,53998],[1,163],[-8,0],[1,660]],[[29222,45524],[1,-75],[-13,-19],[9,-63],[25,-3],[1,33]],[[29245,45397],[3,-119],[-7,-92],[-11,-83],[2,-155],[-11,-142],[3,-22]],[[25259,33995],[105,-6]],[[22406,40860],[1,0]],[[22531,40860],[1,0]],[[22468,40196],[-62,0]],[[21201,27932],[-128,-1]],[[21073,27931],[1,166],[-59,-2],[1,311],[-35,0],[0,501],[-29,1]],[[24404,28337],[-30,17],[-87,-1]],[[29786,43460],[23,76],[-2,154],[-15,1],[0,234],[33,2],[-1,133]],[[26179,26597],[-13,453]],[[25054,49118],[-74,9],[-99,-2]],[[25310,44949],[29,2]],[[25328,44299],[-97,-1]],[[25231,44298],[-33,0]],[[25198,44298],[0,648]],[[25198,44946],[112,3]],[[15543,51212],[92,-1],[0,-52],[28,-58]],[[15514,50552],[1,111],[28,166],[6,83],[-24,27],[-17,82],[0,56],[35,0],[0,135]],[[24669,38509],[7,-99],[3,-138],[14,-75],[19,26]],[[24636,38712],[-1,52],[-19,111],[-35,141],[-4,30]],[[24858,41023],[58,-1],[1,-222],[31,2]],[[24962,41617],[62,1],[1,-253],[16,-40]],[[25041,41325],[2,-513]],[[22941,45348],[-28,56],[-8,-27],[-13,78],[-9,2]],[[15442,49871],[0,-61]],[[15362,49812],[10,191],[3,327],[-5,59],[6,158],[-4,70],[7,149],[2,223],[-1,135],[-7,95]],[[22606,51511],[9,-1]],[[22615,51510],[-1,-662]],[[22614,50848],[0,-664]],[[22614,50184],[-121,3],[-84,3]],[[22407,50191],[0,662]],[[22407,50853],[0,663]],[[22655,44176],[130,3]],[[22785,43516],[-129,-2]],[[22656,43514],[-1,332]],[[23827,35009],[6,-1],[-1,-350]],[[23831,34324],[-125,17]],[[23706,34341],[1,222]],[[25148,47619],[134,-4],[0,86]],[[25282,47701],[68,-1],[0,-88]],[[25350,47612],[0,-665]],[[25148,47120],[0,499]],[[23257,29883],[44,0],[0,165]],[[23301,30048],[127,1]],[[26796,23381],[83,-1]],[[26904,22252],[1,191],[-7,41],[-45,36],[-11,33],[-7,59],[-4,103],[-35,66]],[[22817,43515],[0,-684]],[[22817,42831],[-10,31],[-22,-8]],[[22785,42854],[-23,-52],[-20,-13],[-21,-55]],[[22656,43102],[0,412]],[[24376,34259],[121,-9]],[[24497,34250],[-1,-111],[31,-4]],[[21997,40195],[5,0]],[[22001,39366],[-150,2]],[[21851,39368],[-6,0]],[[25053,48283],[-103,4]],[[26716,28749],[-5,-109],[10,-72],[-10,-107]],[[24166,43070],[31,0]],[[24295,43072],[0,-662]],[[24230,42409],[-64,-2]],[[24166,42407],[0,663]],[[25653,36821],[0,-55],[15,0]],[[25548,36265],[0,180],[-6,0],[1,248]],[[22343,15916],[0,-922]],[[22283,14586],[-3,93],[-6,68],[-2,131],[-9,40],[-1,81],[-7,105],[-17,69],[-2,82],[-14,41],[3,57],[-11,82],[-8,12],[3,105],[2,187],[-7,169]],[[15831,35960],[-1,13]],[[15805,36117],[0,-6]],[[15782,35821],[-3,139],[14,45],[16,9],[13,-154],[-10,-38]],[[19531,28326],[0,-1084]],[[19531,25750],[-19,0]],[[24360,39539],[-37,1]],[[20649,38532],[2,-192],[-1,-306],[-10,1],[-2,-133],[37,-5],[-1,-279]],[[15814,56014],[-5,49],[-35,102],[-8,95],[-27,-36],[-3,149],[15,68],[21,-105],[17,3],[-8,184],[14,2],[9,64],[-18,88]],[[15716,56562],[8,46],[11,-76],[-14,-55],[-5,85]],[[22845,36211],[0,-833]],[[22845,35378],[-61,3],[-122,-6]],[[23827,36053],[15,-3]],[[23949,36002],[-1,-139],[5,-1],[-2,-595]],[[23951,35267],[-122,19]],[[23830,35563],[2,322],[-7,1],[2,167]],[[24194,38948],[2,491]],[[28469,44536],[0,17],[65,12],[0,-87],[23,-19],[8,86]],[[28565,44545],[23,-3]],[[28588,44542],[1,-240],[-6,-32],[4,-166],[-4,-99]],[[28480,44008],[-11,0]],[[20675,37369],[157,2],[90,3]],[[20922,37374],[0,-497],[-1,-220]],[[20921,36657],[-1,-785]],[[26969,42915],[26,12],[22,70],[46,84],[12,-20]],[[26973,42224],[-2,416]],[[25496,29336],[0,-581]],[[25496,28755],[0,-166]],[[25408,28598],[0,195],[-10,57],[-61,12]],[[25337,28862],[1,54]],[[26307,28381],[29,-4],[12,-116]],[[19252,43201],[0,-1107]],[[22258,45539],[4,-42],[0,-663],[3,0],[0,-661]],[[25109,39532],[-32,2],[0,279],[-21,23]],[[25056,39836],[-1,197]],[[25337,28862],[-12,-598]],[[26777,42971],[17,-8],[6,-53],[15,9]],[[26832,42651],[0,-66]],[[26671,42583],[1,469]],[[26756,29272],[6,272],[11,148]],[[26851,29301],[-40,-78],[-18,-69],[-10,43],[-17,-20]],[[24765,23698],[5,0]],[[24826,23671],[0,-195],[3,-111],[7,-83],[19,1],[5,-111],[23,1],[0,-139]],[[24698,31499],[60,-6]],[[23117,53001],[130,-4],[152,4]],[[23399,53001],[2,-167],[0,-498]],[[23404,51836],[-174,1]],[[23230,51837],[-138,3]],[[25018,30646],[43,1]],[[26342,24785],[41,-2],[3,92]],[[26415,24696],[11,-15],[10,-71],[-7,-71],[-2,-178],[-3,-13]],[[26424,24348],[2,-132]],[[26357,24214],[3,116],[-10,150],[-9,22],[1,283]],[[6098,75691],[50,173],[5,118],[20,99],[-4,123]],[[24845,24482],[61,25]],[[24934,23857],[-48,1],[1,-84],[-38,1]],[[25769,39431],[53,-1],[0,56],[39,4]],[[25882,39493],[0,-557]],[[25882,38936],[-36,-3]],[[25776,38946],[0,235],[-15,0]],[[24102,41906],[128,1]],[[24230,41337],[-47,-7]],[[24103,41318],[-1,588]],[[23018,25977],[2,-1],[1,512]],[[23083,26542],[61,-6]],[[24860,44381],[-111,-7]],[[24749,44374],[-20,61],[-12,101],[5,85],[-17,112]],[[24705,44733],[-22,66],[-5,48],[-23,71],[3,57]],[[24857,29064],[58,-2],[0,56]],[[24915,29118],[59,-3],[0,-55]],[[24975,28498],[-73,0],[0,56],[-44,2]],[[24975,28136],[-78,-2]],[[24897,28134],[-95,0]],[[23586,32105],[102,-17],[0,28],[45,-8]],[[25967,42097],[2,-664],[21,1]],[[25905,41926],[0,165],[62,6]],[[20989,26777],[13,0],[0,820],[13,1],[0,332],[58,1]],[[21014,24937],[0,996],[-25,0],[0,844]],[[26082,29940],[12,87],[0,57],[11,114],[0,138],[5,83],[19,207]],[[26216,29937],[-5,-67]],[[26211,29870],[-10,1]],[[26201,29871],[-117,2]],[[25839,34044],[1,59],[-51,44],[-7,101]],[[25641,33789],[-61,-2]],[[25760,23020],[-3,11],[0,365]],[[24671,39791],[32,-1],[0,-69],[31,0],[0,-167],[9,-55],[11,-1],[-1,-221]],[[22809,52171],[-202,0]],[[22599,52172],[0,663]],[[18664,44002],[-8,5],[-227,-5]],[[21109,42103],[203,0]],[[21277,41028],[-166,-6],[-25,2]],[[21086,41024],[-1,165],[-32,1]],[[21053,41190],[3,340],[0,572]],[[25275,25371],[-135,-7]],[[22001,57352],[183,0]],[[24584,47295],[133,1],[34,11]],[[24751,46968],[-101,-2],[1,-247]],[[24502,46719],[-8,70],[4,78]],[[24498,46867],[-7,92],[3,62],[-10,64],[0,181],[3,30]],[[25882,38936],[46,5]],[[23592,42399],[-64,1]],[[26508,23177],[0,-68],[75,-7]],[[26486,22412],[2,450],[-12,132],[1,185]],[[25005,23858],[70,0]],[[25530,33202],[52,-35],[12,11]],[[25990,52949],[19,-18],[58,-12],[29,11],[68,144]],[[26169,39788],[10,0],[0,-139],[42,-1]],[[22392,20590],[-39,116]],[[22353,20706],[-1,681]],[[22852,48855],[67,1]],[[22918,48192],[-67,0]],[[23225,40192],[125,0]],[[23350,40192],[0,-662]],[[26759,29774],[-21,-114],[-54,-14],[-7,-16]],[[26446,42415],[-32,-1]],[[26285,42580],[0,36]],[[26285,42616],[0,295]],[[22133,50857],[90,-1],[184,-3]],[[22170,50194],[-38,1]],[[22132,50195],[1,662]],[[25449,45279],[-3,-62],[1,-219],[3,-54]],[[25310,44949],[0,221]],[[22155,39367],[7,-1]],[[22010,38537],[-4,0]],[[22006,38537],[0,829]],[[23230,51837],[0,-331],[3,0],[0,-331]],[[23233,51175],[-138,0]],[[23551,34579],[0,-110]],[[23551,34469],[-109,1]],[[24654,28727],[0,-708],[-29,0],[0,-166]],[[22317,38538],[3,1]],[[22318,37707],[-151,-1]],[[26025,28690],[58,-23],[0,-28]],[[99918,63041],[16,4],[12,61],[22,11],[31,-99],[-11,-121],[-33,-68],[-26,48],[-13,77],[2,87]],[[99679,62382],[6,39],[25,-48],[19,5],[28,-39],[4,-55],[23,-64],[21,-103],[32,-67],[11,-95],[43,-17],[21,-54],[-17,-32],[-9,24],[-30,-27],[-12,56],[-44,129],[-30,166],[-30,70],[-17,-13],[-22,41],[-22,84]],[[99629,63032],[9,18],[21,-26],[10,-54],[-14,-81],[-10,-7],[-16,150]],[[99531,63137],[7,35],[17,-35],[3,-57],[-16,-31],[-11,88]],[[99283,62876],[24,44],[15,83],[43,58],[2,87],[16,158],[11,29],[20,-86],[-12,-52],[-8,-92],[-18,-72],[6,-119],[-42,28],[-17,-51],[-15,-112],[-25,97]],[[98211,63847],[7,50],[18,44],[23,-9],[27,108],[40,10],[-17,-66],[5,-230],[-21,-1],[-17,85],[-35,-31],[-30,40]],[[97962,64842],[46,141],[33,18],[101,-33],[29,-103],[23,-24],[35,-155],[-2,-34],[-31,-9],[-20,63],[-18,-116],[-13,-21],[-34,24],[-26,-67],[-26,53],[-13,65],[-3,103],[-31,91],[-36,-38],[-14,42]],[[3577,66484],[48,59],[1,-97],[-14,-74],[-30,16],[-5,96]],[[3147,65574],[28,70],[16,74],[55,14],[10,99],[31,-45],[4,69],[14,39],[24,-32],[12,10],[-1,79],[19,32],[-12,48],[-8,96],[16,63],[11,-33],[17,48],[-18,80],[19,60],[30,2],[10,-83],[19,44],[6,49],[-44,73],[-10,33],[-13,-42],[-18,61],[-5,62],[-17,18],[-1,56],[15,39],[8,87],[53,122],[14,-17],[24,66],[22,4],[18,-60],[0,-57],[-12,-62],[8,-103],[47,64],[9,81],[22,3],[21,48],[7,-170],[-26,-20],[-16,-57],[-7,-66],[-17,-36],[-21,-116],[20,-11],[6,53],[33,69],[8,-97],[13,-59],[-7,-39],[-39,-49],[-6,-43],[-29,-21],[-6,-129],[-14,-2],[-9,-132],[-23,41],[-7,-123],[-30,-25],[-30,35],[-20,0],[-9,-51],[-15,7],[-23,-82],[-21,-25],[-3,-67],[-18,3],[-23,-29],[-11,-82],[-30,17],[-7,-66],[-46,47],[-17,66]],[[2795,64641],[35,96],[21,109],[17,46],[-5,98],[20,46],[9,116],[-10,28],[3,92],[29,145],[21,84],[22,-43],[23,44],[4,-37],[26,18],[-7,103],[-17,13],[13,111],[-6,76],[17,94],[16,37],[15,70],[41,60],[22,14],[14,-64],[14,-21],[32,-1],[-3,-87],[-14,-54],[3,-117],[-45,-126],[-30,-60],[-2,-25],[-42,-65],[-18,-71],[-10,-115],[-22,-130],[-3,-41],[-36,-51],[-13,-77],[-37,-59],[-4,-51],[-56,-132],[-19,-55],[-18,-18]],[[2615,64946],[4,74],[18,28],[4,-56],[-8,-94],[-18,48]],[[2608,71872],[56,-24],[25,8],[-22,-141],[-17,11],[-11,73],[-20,21],[-11,52]],[[2546,64659],[6,49],[28,-14],[5,48],[35,30],[20,-40],[0,-94],[-21,-47],[-31,60],[-18,-73],[-21,40],[-3,41]],[[2515,64789],[9,44],[21,-14],[3,-76],[-12,-29],[-21,75]],[[2498,64455],[3,111],[16,11],[17,-37],[-7,-92],[-29,7]],[[2431,72916],[2,58],[31,51],[20,-15],[28,29],[-12,-121],[-22,-42],[-47,40]],[[2314,64144],[6,141],[19,26],[7,63],[18,36],[28,-50],[0,-63],[-13,-76],[-21,0],[-14,-33],[-17,-78],[-13,34]],[[2182,63994],[18,91],[16,-69],[-13,-80],[-18,11],[-3,47]],[[1815,63591],[17,148],[27,68],[19,13],[8,-47],[20,-24],[-3,-71],[-35,-64],[-9,-34],[-40,-18],[-4,29]],[[1419,63323],[31,-7],[12,-29],[31,1],[5,37],[49,39],[28,-93],[39,-10],[23,21],[11,-27],[13,28],[44,-20],[-34,-75],[-54,-15],[-8,-24],[-29,11],[-20,-39],[-6,38],[-24,27],[-50,-35],[-28,29],[-13,98],[-20,45]],[[1060,63119],[60,67],[10,-43],[17,81],[12,-35],[17,66],[50,1],[42,52],[39,149],[17,34],[15,-41],[32,106],[-4,44],[-31,7],[-26,44],[2,46],[26,-16],[4,105],[16,42],[33,47],[40,-113],[6,-95],[-20,-166],[-35,13],[10,-116],[18,-60],[-37,-72],[-15,-9],[-16,49],[-18,-62],[-11,-97],[-15,67],[-30,-49],[-8,-34],[-18,18],[-13,-61],[-15,47],[-29,27],[-20,-16],[-16,-60],[-52,-1],[-37,34]],[[845,62860],[35,46],[7,-126],[-42,80]],[[818,63191],[19,101],[25,-18],[12,-104],[-11,-62],[8,-68],[-44,35],[-9,116]],[[812,62748],[17,97],[11,-46],[29,-23],[-22,-86],[-17,3],[-18,55]],[[601,62367],[6,91],[29,84],[-1,66],[-13,94],[19,2],[14,44],[10,101],[-13,91],[10,67],[29,-24],[22,93],[9,-16],[2,-145],[-19,-30],[-2,-61],[23,-64],[13,30],[12,-23],[15,55],[33,-14],[-3,-45],[7,-103],[-15,-92],[-43,22],[-27,-101],[-43,-26],[-9,-79],[-15,17],[-7,64],[-19,-80],[-10,-91],[-14,73]],[[402,62515],[18,55],[35,-21],[19,64],[44,45],[22,67],[3,218],[5,22],[26,-25],[9,-40],[-3,-95],[-18,-54],[4,-88],[-2,-105],[-6,-45],[-17,-5],[-20,-47],[-24,103],[-22,-14],[-17,-51],[-29,12],[-19,-35],[-8,39]],[[257,62840],[9,58],[19,21],[41,-3],[21,-78],[-6,-36],[28,-53],[10,27],[21,-54],[-20,-41],[-16,-119],[3,-72],[-24,-41],[-13,-48],[-34,24],[2,82],[33,35],[0,98],[-15,34],[-12,-19],[-12,72],[-30,68],[-5,45]],[[77,62664],[3,65],[18,29],[17,-100],[-10,-65],[-12,-3],[-16,74]],[[41,61901],[9,29],[17,-74],[-2,-43],[-21,-43],[-3,131]],[[0,61682],[10,57],[12,-84],[-7,-52],[-14,12],[-1,67]],[[20922,37374],[93,-1],[60,-10]],[[21076,36883],[-2,-176],[-31,-2],[0,-111],[-60,0],[-9,29],[-19,-8],[-17,42],[-17,0]],[[21851,39368],[-1,-829]],[[21850,38539],[-25,0]],[[21664,38542],[0,826]],[[18773,37336],[-82,-1],[0,16],[-127,0]],[[25056,39836],[-12,-7],[-20,-88],[-22,-38],[-4,-115],[-15,1],[0,-82],[-16,0],[0,-222]],[[24921,39283],[-63,-3]],[[24858,39280],[1,70],[-17,304],[-3,295]],[[23504,53166],[-105,1]],[[23399,53167],[-2,331],[0,332]],[[23873,44404],[-66,0]],[[23742,44405],[0,500],[-11,0],[0,164]],[[22879,26824],[52,-4]],[[27187,14963],[1,504]],[[22905,28663],[-2,-9]],[[22903,28654],[-14,-33],[3,-78],[-18,-141],[-13,-36],[-1,-135],[-8,-20],[-13,39],[-9,125],[11,84],[-4,86],[-9,45],[-9,-30],[-7,-80],[-10,54],[-19,-128],[-15,0],[-10,43],[4,94],[-10,47]],[[22752,28590],[-21,-31]],[[29840,48118],[-36,68],[-37,-18],[-17,40]],[[26003,48797],[-1,-665]],[[26002,48132],[-62,5]],[[25940,48137],[-96,23]],[[25844,48160],[12,135],[21,182],[6,145],[0,118],[4,67]],[[12808,74802],[28,-288],[58,-299],[31,-263],[29,-186]],[[12691,74080],[11,17],[-6,99],[2,88]],[[12683,74212],[-2,-96],[-18,2]],[[12500,74431],[23,-32],[-10,-66],[-13,98]],[[12530,74814],[-7,-81],[3,-59],[24,-120],[0,-63],[31,-144],[-4,-34],[30,-166],[2,-235],[23,-105],[2,-85],[-47,214],[-14,135],[-6,99],[-29,122],[-4,143],[-18,107],[-24,-119],[17,-148],[41,-295],[16,-85],[31,-127],[-3,-76],[16,-118],[-12,-78],[15,-82],[4,-107],[-20,-61],[-22,-20],[-40,35],[17,-153],[-15,-32],[-2,-76],[-16,-61],[-12,16],[-32,-172],[-48,-133],[-18,42],[-8,174],[10,41],[-12,58],[-2,83],[32,205],[-9,75],[23,-9],[6,38],[-32,151],[-9,174],[-17,105],[-17,236],[8,169],[-10,131],[-7,188],[-10,59],[9,110]],[[12362,74704],[-7,10],[-15,137],[-12,34],[-16,223],[-4,110],[25,-32],[22,-58],[0,-45],[26,-132]],[[12229,74840],[-2,8]],[[12096,75215],[21,35],[33,-78],[-4,-31],[-36,6],[-14,68]],[[11977,75051],[34,73],[0,-89],[-26,-19],[-8,35]],[[11916,74194],[-3,0]],[[11902,74193],[-19,75],[3,51],[-25,67],[4,106],[-4,90],[11,118],[24,45],[35,92],[-8,102],[30,-66],[29,71],[28,-13],[6,-51],[54,173],[13,4],[13,-88],[57,-97],[2,-128],[-29,-136],[-2,-118],[11,5],[27,188],[13,26],[-3,61],[19,13],[32,-83],[45,-12],[6,-51],[40,-48],[10,-117],[-2,-103],[-22,-64],[-54,104],[17,-110],[26,-43],[4,-46],[20,-49],[-16,-53],[-28,-38]],[[11597,76248],[21,1],[51,177],[112,260],[10,38],[68,12],[26,180]],[[12163,75467],[-3,-91],[12,-83],[-10,-62],[-34,95],[-16,-53],[-29,-5],[-38,-31],[4,75],[-27,121],[19,67],[-13,103],[15,114],[-12,128],[-14,33],[-25,284],[-14,-166],[1,-51],[-27,5],[-41,126],[-20,17],[-12,67],[-6,114],[-27,-6],[0,-57],[-35,82],[-34,58],[-11,-55],[-28,-58],[35,-32],[41,-19],[23,-64],[22,-6],[38,-137],[-3,-54],[19,-41],[37,-158],[21,-138],[10,-15],[23,-231],[2,-76],[-14,-97],[-14,3],[-35,-57],[-8,118],[-15,-54],[-1,-87],[-21,23],[-17,-24],[-37,67],[18,-108],[2,-70],[-15,-66],[-18,2],[-13,113],[-34,98],[-11,115],[-34,53],[-22,-54],[-19,82],[-68,164],[-15,63],[-61,147],[-2,79],[-31,119],[-37,114],[-4,46]],[[27379,29786],[-152,55]],[[28892,48234],[78,-232]],[[29850,46270],[-8,-112]],[[24516,35592],[15,0],[32,30],[60,-1],[-1,-437],[7,-2],[-1,-196],[5,2]],[[24620,34567],[-51,6],[0,84],[-15,-4]],[[24554,34653],[0,92],[-15,36],[-5,77],[-10,-7],[1,105],[-10,1],[-5,110],[0,195],[-10,1]],[[24500,35263],[0,165],[-29,6],[1,167],[44,-9]],[[22614,50184],[0,-166]],[[22412,49028],[0,501],[-3,0]],[[25350,47612],[33,0]],[[25470,47613],[1,-156],[8,-90],[-4,-49],[3,-95],[-22,-208],[-3,-68]],[[25453,46947],[-70,-1]],[[21698,24038],[160,-9],[2,-834]],[[25091,27860],[1,-471]],[[24990,27389],[0,281],[8,-3],[12,54]],[[20349,57352],[210,0],[83,0]],[[20989,26777],[-151,-1],[-135,-3],[-1,-844],[-2,0]],[[20700,25929],[-140,-3],[1,610],[-1,235],[10,0],[0,325]],[[20311,32289],[0,-32]],[[20310,32099],[0,-861],[2,-169]],[[20015,31240],[1,216],[-1,314],[0,791],[-88,4]],[[25141,24606],[-1,758]],[[26689,38661],[158,-55]],[[26847,38606],[-5,-420]],[[26712,38315],[-12,69],[-20,6]],[[26680,38390],[9,271]],[[23780,52096],[-4,-165]],[[23881,51926],[0,-329],[-24,1],[2,-472]],[[23859,50791],[-69,2]],[[23790,50793],[-1,500]],[[20922,46872],[0,667]],[[28776,44798],[-44,-13],[-30,3]],[[28702,44788],[-35,-6]],[[28667,44782],[-3,412]],[[26409,43446],[133,25]],[[17195,57354],[111,-2]],[[26541,48127],[89,4]],[[26630,48131],[-1,-112],[-6,-67],[-16,-32],[-32,-128],[-24,7],[-17,-151]],[[24457,43738],[0,167]],[[24587,43237],[-130,2]],[[24457,43239],[0,499]],[[26992,38673],[-11,4],[-5,-340]],[[26945,38352],[3,195],[-32,13],[1,69],[-32,17],[0,24],[-31,11]],[[26854,38681],[4,306]],[[25148,48282],[0,-495]],[[25148,47787],[-79,-1]],[[28095,44004],[28,0]],[[28123,44004],[1,-728]],[[28064,43246],[-18,1],[0,55],[-54,-12],[-78,-3]],[[23433,43061],[0,186],[-14,-1],[0,499]],[[23399,53167],[0,-166]],[[27247,33660],[125,-25]],[[27209,43302],[28,145],[28,100],[18,16],[26,82],[35,80]],[[27344,43725],[0,-263]],[[28768,41483],[101,-439]],[[28823,40653],[-50,-200]],[[28615,41137],[29,38],[23,2],[23,35],[36,93],[9,-12],[5,118],[28,72]],[[21075,45914],[0,-412],[7,0],[0,-663],[10,0]],[[26177,42602],[108,14]],[[26098,30625],[-36,3]],[[23937,44404],[0,-661]],[[23905,43744],[-98,1]],[[22215,19390],[169,-1]],[[22386,18544],[-166,-13]],[[23681,50792],[109,1]],[[26607,39759],[17,-8],[20,460]],[[26730,40397],[-1,-114],[-12,2],[-2,-88],[10,-135],[-7,-28],[2,-200]],[[26606,39652],[1,107]],[[26404,23180],[-1,-741]],[[26269,22480],[-2,69],[16,67],[11,100],[5,95],[0,298],[7,53]],[[22784,47530],[0,661]],[[24142,37194],[-36,5]],[[24445,41742],[10,-1],[1,499]],[[24456,42240],[117,-3]],[[25461,49662],[-14,-24],[-9,-68],[4,-44],[-10,-100],[-8,-25],[-11,-122],[-10,-50],[-5,-118]],[[25398,49111],[-1,-1]],[[25397,49110],[-67,-9],[-3,14]],[[25258,49450],[2,499],[-44,0]],[[22906,29965],[0,-83],[29,0],[0,-167]],[[22935,29715],[-15,0],[0,-330],[-14,0]],[[26011,33750],[83,-13],[15,7]],[[26148,33758],[6,1]],[[26154,33759],[2,-102],[-5,-80]],[[26093,33333],[-23,130],[-25,47],[-11,50],[-17,-10],[-13,-33]],[[21677,40860],[-197,-3]],[[20902,30928],[0,141],[-141,1],[-184,0],[0,-333]],[[20577,30737],[-118,0]],[[20459,30737],[-1,500],[0,1082]],[[26477,39387],[39,-17]],[[26507,38771],[-70,30]],[[26411,38842],[6,486],[-9,-6],[-1,87]],[[29284,41522],[-1,4]],[[29288,41544],[-2,2],[-6,-37],[-3,10],[-6,-56],[-20,-42]],[[27437,41302],[10,64],[16,-3],[16,47]],[[27479,41410],[0,-308]],[[27448,40945],[5,17],[4,150],[-8,101],[-12,89]],[[25737,41263],[-1,195],[8,140],[46,-3]],[[22911,40194],[30,0]],[[22941,40194],[0,-829]],[[22785,39366],[0,166]],[[22785,39532],[-1,663]],[[22515,17420],[28,0]],[[22543,17420],[1,-1062],[0,-455]],[[22463,15908],[0,149],[-8,30],[-69,-9]],[[25177,31129],[17,0],[9,120],[13,97],[19,40],[59,-2]],[[27145,40482],[-3,-421],[10,-2],[0,-168]],[[27151,39725],[-106,30]],[[27001,40026],[10,71],[3,413]],[[18563,47107],[122,-1],[127,1]],[[18812,47107],[63,-9]],[[18822,45950],[1,499],[-65,1],[0,160],[-62,1],[0,83],[-17,29],[-116,0],[0,384]],[[25378,35435],[-6,-62],[-56,-39],[-21,-91]],[[23786,41293],[61,5]],[[23847,41298],[50,0]],[[23899,40922],[0,-223]],[[23789,40695],[0,398],[-3,200]],[[22311,40196],[1,-828]],[[29738,43247],[0,54],[-10,79],[-8,269],[-9,-7],[-3,90],[1,169],[6,4],[-4,165]],[[26231,37018],[26,75],[10,-35]],[[26224,36624],[4,89],[3,189],[12,109],[-12,7]],[[23706,34341],[-2,-351]],[[23704,33990],[-153,36]],[[23551,34026],[0,443]],[[26272,48127],[-66,5]],[[26206,48132],[-69,2]],[[26137,48134],[-1,496],[1,166]],[[25201,37953],[-93,-6],[-30,2],[0,-167]],[[25556,26604],[28,2],[0,-84],[84,11]],[[23406,51173],[-173,2]],[[25941,47467],[133,0]],[[26074,47467],[0,-662]],[[26074,46805],[0,-332]],[[26074,46473],[-64,-2]],[[25941,46803],[0,664]],[[26946,42085],[-82,5]],[[23888,29508],[128,-15],[0,114],[10,-2],[-1,111],[34,-5]],[[24059,29711],[16,-1],[-1,-56],[15,-1],[5,-112]],[[21939,49531],[203,-1]],[[23163,40690],[128,1]],[[23359,40192],[-9,0]],[[25004,24549],[24,10]],[[25028,24559],[104,43]],[[23426,37121],[0,582],[3,83]],[[26282,39367],[94,2],[0,43]],[[23664,39152],[1,138]],[[23665,39290],[125,-5]],[[23664,38680],[0,472]],[[24164,32161],[0,-138],[49,-8]],[[26184,37494],[26,22]],[[26231,37018],[-79,43]],[[26152,37061],[-12,87],[-6,106],[9,63]],[[25498,38585],[15,116],[-8,78]],[[25505,38779],[101,0]],[[26393,37916],[-32,-28]],[[26361,37888],[-23,20]],[[24258,45735],[0,335]],[[24258,46070],[132,-2]],[[24390,46068],[0,-835]],[[24258,45229],[0,506]],[[22624,25382],[45,158],[47,4]],[[26143,46139],[133,0]],[[26276,46139],[0,-665]],[[26276,45474],[-66,1]],[[26210,45475],[-66,-2]],[[26144,45473],[-1,666]],[[26901,32748],[18,100],[26,12],[27,186]],[[26972,33046],[5,15],[18,-52],[10,-146]],[[22700,31298],[-18,-23],[-10,41],[-19,-21],[-8,54],[-9,-33],[-15,1],[-19,61],[-20,0]],[[22582,31378],[-59,-1],[0,303],[-2,29]],[[26230,23031],[5,-121],[14,-105],[-1,-117],[5,-81],[15,-127]],[[26063,22707],[7,130],[12,82],[1,57],[9,48]],[[27051,37283],[-3,254],[31,94],[51,45]],[[25200,37534],[0,-251]],[[25200,37283],[-62,4],[-62,-6]],[[21599,31006],[150,-1]],[[21597,30176],[2,830]],[[25160,31473],[7,-1],[39,118],[12,90],[6,99]],[[26025,34169],[35,-17],[4,-28]],[[26206,47464],[0,668]],[[25198,32166],[28,-4]],[[25094,31480],[3,498]],[[26414,41830],[65,3],[0,84],[32,0],[-1,29],[32,1]],[[26543,41421],[-64,-3],[0,28],[-32,-2],[0,56],[-48,-2]],[[23468,41288],[-80,7]],[[23340,41298],[1,282],[-4,0],[0,331]],[[19959,51715],[10,114],[2,143],[-11,27],[-6,111],[-12,27],[0,56],[-11,27],[0,83],[-12,27],[0,56],[-12,27],[-12,138]],[[19956,44504],[0,-331],[5,0],[-1,-663],[-1,-158],[-117,4],[0,-498],[4,0],[-1,-756]],[[19845,42102],[-92,-3],[-177,0],[-46,1]],[[23468,46398],[-132,1]],[[22759,33696],[112,1]],[[22908,33034],[-60,0],[0,-166],[-59,-1]],[[22759,32878],[0,818]],[[18170,45464],[0,-438]],[[17979,45243],[0,385],[6,0]],[[20290,42097],[0,755],[71,0],[-2,800],[0,643],[0,536]],[[21749,31005],[0,833]],[[26326,24785],[16,0]],[[26266,38097],[-75,3],[2,50]],[[25200,37283],[-1,-416]],[[28347,34924],[-4,-8]],[[23603,56783],[12,21],[34,-25],[6,-87],[24,-14],[42,-5],[45,-25],[11,-114],[3,-104],[42,3],[5,26],[22,-5],[22,33],[1,88],[31,37],[2,29],[39,30],[8,-36],[25,8]],[[26962,15300],[33,-2],[0,168],[55,-2]],[[27049,14965],[1,194],[-10,37],[8,120],[-14,17],[-6,-78],[-12,-2],[8,-129],[2,-124],[-16,-35]],[[26991,15001],[-3,51],[-26,248]],[[22657,41524],[1,-664]],[[21233,57352],[202,-2],[53,1]],[[21488,57351],[0,-366]],[[21247,56654],[0,166],[-15,0],[1,532]],[[27384,35290],[-6,-87],[9,-71],[-14,-60],[-22,-43]],[[23665,39290],[1,417]],[[26464,37434],[20,79],[28,-3]],[[26512,37510],[6,-21],[2,-95],[9,-77]],[[25693,41931],[97,-2]],[[22785,42854],[0,-666]],[[26457,29900],[-1,-121],[25,-143],[34,-88]],[[26521,29387],[-84,3]],[[26437,29390],[0,87]],[[26413,29824],[5,39],[20,-29],[16,95]],[[28051,46620],[80,-1],[21,9],[30,-20]],[[19883,52578],[0,-192],[-41,0],[-5,-55],[-23,-111],[0,-84],[-81,0],[-23,-54],[0,-196],[-105,-1]],[[19605,51885],[0,277],[-14,83],[-9,83],[1,166],[-13,73],[0,166],[-23,1],[-6,83],[0,247]],[[22011,26767],[-104,6]],[[26389,25192],[-27,1],[0,32],[-20,79],[-6,77],[-8,0]],[[26326,25381],[0,500],[6,76]],[[21867,25938],[2,836]],[[25990,40609],[0,-525]],[[25990,40084],[-21,-31]],[[20701,24937],[-1,483],[0,509]],[[22047,20405],[115,7]],[[22162,20412],[53,1]],[[22215,20413],[0,-1023]],[[24777,35072],[20,-6],[2,437],[-2,107]],[[24661,23696],[24,1]],[[24532,23642],[32,53],[97,1]],[[20312,30734],[147,3]],[[20577,30737],[0,-830],[-6,1],[0,-495]],[[20400,29246],[-136,0],[0,343]],[[24379,35277],[121,-14]],[[24554,34653],[-26,-22],[-30,4],[-1,-385]],[[27092,38053],[-5,43],[7,70],[-9,95],[-12,10],[-5,57],[-12,2],[-4,-56],[-13,-69]],[[24897,28134],[0,-497],[20,1],[19,-27],[0,-223]],[[28545,32454],[8,-19],[31,15],[43,80],[9,-90]],[[25020,33524],[-20,-8]],[[24981,33513],[-15,1]],[[24795,39277],[63,3]],[[24797,38283],[-1,501]],[[15231,45825],[9,148],[18,454],[-5,68],[13,70],[19,179],[15,240],[4,93]],[[25358,42094],[169,24]],[[22130,51520],[198,-2]],[[22133,50857],[-3,0]],[[22130,50857],[0,663]],[[25556,40101],[92,1]],[[25618,39442],[-51,2]],[[24070,43069],[96,1]],[[24166,42407],[-64,-1]],[[24516,35801],[2,83],[13,-2]],[[24531,35882],[63,-11],[64,1]],[[24688,35698],[-3,-86],[-1,-535]],[[24516,35592],[0,209]],[[27059,25469],[16,-20]],[[19565,51885],[40,0]],[[19588,50891],[0,54],[-18,83],[1,527],[-5,0],[-1,330]],[[25148,47787],[0,-168]],[[25114,47119],[-33,-2],[-33,21]],[[24950,36293],[-24,-254],[2,-37]],[[24412,35975],[61,-3],[-1,-166],[44,-5]],[[24333,35613],[1,367],[78,-5]],[[23155,38526],[26,-53],[0,-436]],[[23068,37787],[-11,0],[0,166],[-31,0],[0,83]],[[23026,38036],[0,332]],[[24389,46867],[109,0]],[[24510,46065],[-120,3]],[[24390,46068],[1,496],[-2,303]],[[26002,48132],[71,1]],[[26073,48133],[1,-666]],[[25941,47467],[-1,670]],[[26283,40033],[-1,-363]],[[21835,41527],[154,0]],[[22057,41526],[0,-499],[-32,1],[0,-167]],[[22025,40861],[-29,-2]],[[21840,40858],[-5,0]],[[23684,30847],[0,-83],[19,-3],[-1,-53],[103,-13]],[[23743,30021],[0,26],[-30,25],[-78,9],[0,55],[-39,4]],[[28904,39803],[-3,11]],[[22658,40195],[126,0]],[[22785,39532],[-157,-1]],[[21683,40197],[0,663]],[[16479,39662],[-4,-26],[-37,-2]],[[24074,30378],[-12,-26],[-13,29],[-68,6],[0,-165]],[[23981,30222],[-60,3]],[[23704,33990],[-2,-475]],[[23551,33838],[0,188]],[[24915,29807],[0,-689]],[[24044,51115],[-6,-21],[-5,-140]],[[21640,38542],[-159,-3]],[[23981,30222],[29,1],[0,-166],[-3,-91],[29,-4],[0,-84],[19,-2],[5,-54],[-1,-111]],[[23066,44415],[94,-6],[98,-1]],[[23127,43750],[3,201],[-15,10],[-16,123],[-9,11]],[[23090,44095],[1,120],[-22,108],[-3,92]],[[26499,40268],[-4,-306]],[[19187,51984],[-3,-96],[0,-665],[20,0],[1,-220],[-1,-612],[-2,0],[0,-337],[45,0]],[[19247,50054],[74,-9]],[[20752,38532],[171,-3],[-1,-494]],[[20922,38035],[1,-333],[-1,-328]],[[18812,47107],[0,54],[-24,0],[-18,40],[-7,50],[-15,30],[-22,92],[-13,-24],[2,331]],[[26437,29390],[0,-285]],[[26392,28890],[-67,10]],[[28358,41806],[2,-75]],[[28360,41731],[1,-202],[18,-15]],[[24226,32818],[4,-59],[11,23],[8,-98],[10,-17],[-5,-67],[2,-102],[23,-88],[11,37],[20,-108],[12,-28]],[[24126,46318],[132,0]],[[24258,46318],[0,-248]],[[24258,45735],[-132,0]],[[26842,17639],[13,106],[8,184],[14,207]],[[26830,17637],[2,0]],[[27272,34019],[21,-9],[27,18],[13,74]],[[27333,34102],[31,-257]],[[27369,33804],[21,-174]],[[22085,51521],[45,-1]],[[22130,50857],[-198,3]],[[21932,50860],[6,105],[25,45],[2,65],[-18,207],[-3,101],[-32,142]],[[24678,39884],[-3,73]],[[24328,43074],[86,-1],[10,-166]],[[24424,42907],[0,-499]],[[24424,42408],[-65,1]],[[22215,20413],[120,-8],[-1,-113],[16,-4],[34,245]],[[23177,35871],[121,-3]],[[22351,48194],[-105,-4]],[[28515,41873],[-39,12],[-106,-135],[-10,-19]],[[22894,19415],[-38,278],[-36,256]],[[22820,19949],[11,235],[-1,139],[18,91]],[[22711,20455],[10,-36],[78,293]],[[22820,19949],[-104,-523]],[[22716,19426],[-32,213]],[[23157,32291],[-45,0],[0,-415]],[[23112,31876],[-119,0]],[[22993,32453],[0,416]],[[23995,46865],[131,1]],[[24126,46866],[0,-548]],[[25450,35195],[-13,-8],[0,86],[-15,-43],[-7,20],[-2,136]],[[23035,50349],[-146,0],[-4,-57],[-61,1]],[[22824,50293],[0,497]],[[22824,50790],[0,719]],[[25135,53599],[12,132],[36,107],[29,132],[22,35],[18,80]],[[25331,53921],[-4,-80],[-11,-38],[-4,-76],[-15,-42],[-5,-109],[-10,-65],[-12,-28],[-1,-60]],[[25119,52433],[0,496],[35,-1],[0,163],[-19,0],[0,508]],[[26013,45470],[66,0]],[[26079,45470],[0,-661]],[[26079,44809],[-61,-2]],[[26018,44807],[-142,-2]],[[25876,44805],[7,136],[6,198],[-1,82],[6,137],[0,111]],[[28806,41594],[22,75],[19,24]],[[28768,41483],[23,57],[15,54]],[[27321,41579],[47,-1],[0,-159],[16,-2],[-1,-83]],[[27383,41334],[0,-83],[-16,1],[-1,-168],[-5,-83]],[[26074,46805],[133,-4]],[[26143,46139],[1,334],[-70,0]],[[20637,49726],[11,0]],[[20922,48163],[-113,1],[-173,-9]],[[20636,48155],[-1,77],[0,593],[0,494],[2,-1],[0,408]],[[25453,46947],[-4,-151],[-18,-146],[-12,-260],[6,-112]],[[25425,46278],[-48,0]],[[24588,45293],[-1,-57],[-65,1]],[[23171,31210],[0,166]],[[23171,31376],[30,0],[0,165],[14,0],[0,168],[31,0]],[[23319,31222],[-14,9],[-4,-61],[-16,-47],[-12,10],[-18,-54],[0,-34],[-25,-46],[-7,35],[-21,-22],[-10,-80],[-21,15]],[[22903,28654],[0,-1016]],[[22903,27638],[-122,26]],[[22752,27671],[0,919]],[[21932,50860],[-13,-68],[-1,-65],[10,-29],[17,1],[11,-72]],[[27479,41815],[0,-405]],[[27437,41302],[-22,28],[-32,4]],[[28212,34450],[-22,-3],[-10,67]],[[22543,17420],[98,-2]],[[22625,16615],[-33,0],[0,-715]],[[24941,43818],[41,1],[5,18],[29,-17],[0,-28],[116,7]],[[25132,43799],[1,-503]],[[24940,43214],[1,604]],[[22912,41190],[-1,-332]],[[22785,40860],[0,664]],[[25227,43470],[0,662],[4,166]],[[26659,46338],[2,-654]],[[26531,45494],[-2,335],[0,336]],[[26529,46165],[-1,167],[66,2]],[[26201,29871],[-12,-139],[-9,-150],[-43,-126],[-14,-160],[-21,1]],[[26102,29297],[-15,453]],[[21017,39365],[-1,-836],[-1,0],[0,-498],[-93,4]],[[23187,42463],[12,-59]],[[23199,42404],[5,-137],[-5,-67]],[[24089,35389],[121,-16]],[[26654,24646],[7,-171]],[[26661,24475],[1,-94],[-11,-24],[-3,-194]],[[21788,34467],[87,4]],[[22051,34474],[0,-779]],[[22050,33517],[-151,-1]],[[22132,50195],[-153,1]],[[22151,40861],[-126,0]],[[21754,34467],[0,743]],[[26749,23832],[50,-6],[0,-28],[32,1],[8,-74],[52,-1]],[[27428,40491],[6,54]],[[27479,40223],[-60,32]],[[27419,40255],[-1,81],[8,45],[2,110]],[[18137,36662],[0,-620],[-1,-418]],[[18136,35624],[1,-1152]],[[21615,29346],[1,-919]],[[21470,28416],[-1,932]],[[26174,37696],[18,17],[32,118]],[[26224,37831],[17,-157],[8,-34]],[[24042,36179],[-1,-333],[4,0],[-2,-452]],[[23981,35262],[-30,5]],[[26816,30764],[32,57],[5,-34]],[[22020,54163],[22,0]],[[22196,54163],[0,-660],[10,-1],[-1,-665]],[[22029,52840],[1,664],[-11,0],[1,659]],[[22435,31709],[0,-166]],[[22469,54659],[1,-497]],[[22470,54162],[-214,1]],[[22457,34469],[55,-2]],[[22580,33696],[0,-249]],[[26462,46997],[0,-166],[-56,-1],[0,-29]],[[25611,30656],[-107,8]],[[22615,51510],[209,-1]],[[22824,50790],[-38,1],[-3,55],[-169,2]],[[23600,45071],[0,164]],[[25178,45612],[66,1]],[[25244,45613],[65,-2]],[[25198,44946],[-20,-3]],[[25178,44943],[0,669]],[[22824,50015],[0,278]],[[23774,43745],[1,-502],[6,0],[0,-168]],[[28590,38743],[0,-62]],[[22937,44509],[26,26]],[[23067,44532],[9,-88],[-10,-29]],[[23090,44095],[-10,-61],[-69,1]],[[24242,49455],[-66,8],[-110,0]],[[26070,40088],[-80,-4]],[[25133,44296],[65,2]],[[25132,43799],[1,497]],[[23301,30048],[0,333],[2,332],[44,0],[0,56]],[[24327,43742],[130,-4]],[[24457,43239],[-1,-334]],[[24456,42905],[-32,2]],[[23658,41282],[1,-194],[4,1],[0,-165]],[[23663,40924],[-107,5]],[[23556,40929],[-2,163],[-7,1],[0,188]],[[25556,26850],[29,5],[2,168],[8,74],[23,-4],[0,125],[13,69],[13,-21],[11,48]],[[25967,42097],[0,83]],[[25967,42180],[73,7]],[[28430,44928],[32,2],[7,-49],[21,7],[-1,150]],[[28544,45048],[3,-328],[-2,-173],[20,-2]],[[20924,52856],[0,926],[0,387]],[[23336,46399],[0,-659]],[[23205,45739],[-1,664]],[[25133,44949],[45,-6]],[[21482,37708],[-1,666]],[[25631,28738],[-97,6],[-38,11]],[[25247,32854],[-1,-70],[-34,4],[1,-101],[-11,-3]],[[24913,25360],[113,3]],[[25026,25363],[1,-645],[1,-159]],[[24934,24519],[0,444],[-2,64],[-19,0]],[[25293,30191],[10,-28],[0,-529]],[[26529,46165],[-67,-8],[-55,0]],[[19139,24424],[-2,-223],[0,-536]],[[19137,23665],[-171,-2],[-81,179]],[[18885,23842],[-1,182],[57,1],[0,389],[86,2],[0,9],[112,-1]],[[27766,38656],[-5,41],[-50,105],[-34,-78]],[[22941,40194],[96,-1]],[[21864,54164],[156,-1]],[[21791,53507],[15,61],[-1,62],[-15,88],[-8,121]],[[12199,77089],[9,174],[-9,11],[-6,-163]],[[12100,77813],[67,130],[33,-115],[30,-75],[26,-138],[11,-5],[25,-114],[0,-169],[-20,-90],[31,-77],[-11,-78]],[[22162,20947],[90,-7],[29,-17],[72,-217]],[[22162,20412],[0,535]],[[27596,42234],[28,192]],[[27582,41476],[-3,346]],[[28697,44003],[12,0]],[[28709,44003],[101,-2],[72,3]],[[16198,39504],[-7,-238],[3,-235]],[[22825,16502],[-14,-193],[-13,-201],[-8,-175]],[[22784,15933],[4,58],[-2,96],[8,84],[8,199],[11,131]],[[22797,16472],[-12,-224],[-1,-63],[-12,-169],[-19,-45],[0,81],[-4,60],[-31,-162],[-8,22],[-12,148],[-4,-81],[9,-86],[-21,-29]],[[23305,37787],[124,-1]],[[22326,35869],[0,176]],[[22479,35369],[-152,-1]],[[21086,41024],[-2,-166],[0,-664],[-65,0]],[[20895,40193],[0,666],[1,332],[126,-4],[31,3]],[[21217,51528],[-157,0],[-136,0]],[[20644,40192],[25,0]],[[23988,47530],[1,0]],[[24155,47503],[0,-637]],[[24155,46866],[-29,0]],[[27479,43031],[110,-17],[35,19]],[[26273,35517],[25,76],[10,6],[18,82]],[[22179,34470],[24,0]],[[23401,43062],[-95,1]],[[21977,44169],[-161,4]],[[21654,44181],[-162,8]],[[25136,41628],[-16,-2],[0,-166],[-17,-2],[1,-70],[-16,-5],[-9,-54],[-38,-4]],[[27395,39905],[8,43],[-3,89],[17,99],[2,119]],[[25189,48283],[93,1]],[[25282,48284],[0,-583]],[[25345,32270],[0,-55]],[[24531,35882],[2,498],[-1,387]],[[26079,44809],[68,-3]],[[26018,44137],[0,670]],[[21204,32669],[0,849],[11,0]],[[26176,43102],[109,7]],[[28646,34260],[0,101],[8,50]],[[28654,34411],[1,3]],[[28655,34414],[34,-76]],[[28689,34338],[-6,-83],[6,-57],[-14,-32]],[[28675,34166],[-18,-34]],[[23856,36773],[3,457],[0,125]],[[23861,36517],[2,240],[-7,16]],[[24412,35975],[1,694],[-3,0]],[[24795,43870],[130,2]],[[24925,43872],[16,0],[0,-54]],[[24786,43213],[6,115],[-19,58],[-3,205]],[[20141,42103],[-128,1]],[[20013,42104],[-168,-2]],[[22320,52834],[166,2]],[[22329,52172],[-9,0]],[[22659,40860],[126,0]],[[25339,30649],[13,-140],[15,-57]],[[26494,39906],[32,-13],[0,-28],[31,-12],[0,-47],[50,-47]],[[27479,43052],[0,666]],[[21823,37712],[37,1]],[[25073,35616],[1,499]],[[19903,27753],[0,499],[-1,166],[0,828],[-3,0],[0,607]],[[26789,24519],[-1,-205]],[[26788,24314],[-49,10],[-1,-51],[-24,4],[0,49],[-17,2],[0,145],[-36,2]],[[24661,23696],[0,500],[-29,-1]],[[24632,24195],[0,167]],[[23337,42403],[-138,1]],[[22727,18860],[-50,369],[39,197]],[[22918,38037],[108,-1]],[[23067,37373],[-129,1]],[[26238,33738],[-84,21]],[[25822,42425],[-1,-498]],[[23453,39084],[13,-66],[6,-161],[15,-60],[7,-112],[13,-18]],[[23507,38667],[-35,5],[-2,-142],[0,-262]],[[23429,38251],[-36,-34],[-1,152]],[[23392,38369],[2,161],[0,554]],[[23218,41911],[119,0]],[[23231,41307],[4,46],[-10,96],[-15,34],[-12,77],[0,58],[14,68]],[[29559,44081],[-106,21],[-15,-2]],[[23171,31376],[-30,0],[0,334],[-29,0],[0,166]],[[26407,46137],[1,-653]],[[26408,45484],[-67,-11]],[[26341,45473],[-65,1]],[[22817,42831],[21,-14],[45,71],[14,53],[16,28]],[[22913,42969],[0,-6]],[[23709,36786],[137,-25],[10,12]],[[23827,36053],[-51,10],[0,110],[-71,16]],[[25850,44469],[19,219],[7,117]],[[26512,37510],[24,333]],[[26591,37598],[17,-7]],[[23975,41305],[-1,600]],[[22171,36544],[0,-332]],[[22303,25918],[145,1]],[[26079,45470],[65,3]],[[26210,45475],[1,-666]],[[21173,39363],[-154,2]],[[21599,31840],[0,-834]],[[21599,31006],[-151,1]],[[23910,43034],[-24,32],[-105,9]],[[22758,34468],[88,1]],[[22846,34469],[111,0]],[[22759,33696],[-1,0]],[[19140,25752],[0,-553],[0,-110],[-1,-665]],[[18885,23842],[-113,245],[-132,286],[-173,365],[-73,147],[-58,126]],[[26065,26326],[0,722]],[[25525,39194],[0,-246],[-16,-27],[-4,-43],[0,-99]],[[25409,38618],[-16,-2]],[[26010,36927],[-12,-43],[-1,-49],[-17,-113]],[[25935,43549],[0,-537]],[[28250,44003],[-127,1]],[[25599,27822],[-14,2],[0,140],[-30,28]],[[26897,47229],[6,-281],[13,-212],[5,-394],[5,-108]],[[26789,46206],[-1,249],[-33,-2],[-1,83]],[[22933,27617],[-30,21]],[[25719,30642],[15,0]],[[25732,29801],[-33,55],[-55,203]],[[25601,30197],[-5,29],[17,81],[2,348]],[[27485,32653],[-5,71],[2,47],[19,54],[-4,200]],[[28168,33602],[41,1]],[[28095,33072],[9,76],[-13,453]],[[26084,34680],[-30,29],[-15,110]],[[27044,32766],[13,28],[28,275]],[[19565,51885],[-137,0],[0,-167]],[[19428,51718],[-53,0],[1,167],[-14,0],[0,166]],[[25285,21828],[-12,-23],[-5,-53],[-14,-19],[-6,43],[-15,3],[-23,35],[-10,-36],[-13,8],[-18,90],[-17,47]],[[28675,34166],[6,-134],[17,-24],[21,-123],[-15,-51],[0,-220]],[[25114,46455],[-99,-7],[0,25],[-100,-2]],[[20326,51229],[116,0],[221,-3]],[[20637,49726],[-233,0],[-31,-13]],[[25611,43289],[17,21],[38,75],[26,66]],[[26111,36604],[1,55]],[[26112,36659],[54,-110],[36,-100]],[[22280,41451],[51,-16],[25,1],[22,42],[29,29]],[[23247,41190],[-100,-1]],[[24984,31426],[81,-11]],[[25935,42929],[113,2]],[[25967,42180],[-20,-2],[0,85],[-16,-3],[-1,168]],[[23020,36543],[-88,-2]],[[26102,29297],[11,-392]],[[23053,57353],[178,-1],[124,-1]],[[23218,33372],[1,332]],[[25282,48284],[59,-4]],[[25341,48280],[42,-2]],[[23507,38667],[11,-60],[14,28],[13,-57],[10,11]],[[23555,38589],[-1,-88]],[[25260,34361],[0,153]],[[21817,43510],[36,-1]],[[21853,42849],[-155,2]],[[27504,35074],[-12,205]],[[28739,41933],[31,-185],[36,-154]],[[26885,37997],[21,-9]],[[26901,37182],[-6,101],[-14,59]],[[27163,28397],[-51,99],[-10,49],[-6,159],[-32,-27]],[[23719,41286],[67,7]],[[23663,40452],[0,472]],[[24765,21435],[-18,-25],[-7,-58],[-16,-70],[-12,-96],[-24,-31],[2,-251]],[[24655,20912],[-3,175],[-6,105],[7,28],[6,221]],[[26983,33320],[0,-48],[-11,-226]],[[29300,42712],[1,7]],[[26600,38324],[17,-3],[63,69]],[[22479,53998],[-1,164],[-8,0]],[[27417,34240],[-31,-57],[-53,-81]],[[22259,45908],[211,1]],[[22524,45457],[-31,27],[-13,-18],[-34,26],[-20,56],[-15,-11],[-15,47],[-21,34],[-12,-8],[-20,100],[-18,-15],[-11,-45],[-27,-39],[-29,-72]],[[27314,32138],[12,-70],[2,-56],[19,-16],[12,-116],[2,-69],[-5,-111]],[[23479,39850],[-11,-114],[-11,-29],[-4,-101],[-16,-52],[-7,-96]],[[27280,40099],[2,417]],[[27378,40496],[50,-5]],[[18654,57351],[121,-2],[137,-1]],[[28777,48588],[11,55],[4,75],[11,85],[128,612],[25,77],[22,37],[1,35],[20,27],[25,103],[18,0],[23,62],[28,-40]],[[26854,40432],[-3,-286],[-3,-70]],[[22583,30381],[0,442],[-1,555]],[[22330,34470],[0,734],[-3,0]],[[28588,44542],[18,-1],[16,-34],[0,105],[18,0],[28,-41],[2,128],[-15,40],[12,43]],[[28702,44788],[13,-343],[-1,-83],[-8,-3],[3,-356]],[[24925,43872],[-1,513]],[[23023,29714],[-88,1]],[[24618,42962],[-19,0],[-21,-60],[-12,24],[-20,-44],[-7,-148]],[[24539,42734],[-83,5],[0,166]],[[21167,37546],[3,148],[0,662]],[[24042,40845],[0,-582]],[[25168,27390],[40,1]],[[27378,32670],[52,-8]],[[26211,29870],[-6,-86],[1,-268],[23,-17]],[[26327,29797],[0,66]],[[21626,35212],[-8,0]],[[23859,37438],[-154,22]],[[17502,53581],[-36,1],[0,27],[-87,2],[-18,-10],[-17,87],[-16,-17],[-4,88],[-20,23]],[[26445,38046],[0,-90]],[[26445,37956],[-2,-10],[9,-458]],[[26376,37413],[-15,475]],[[23556,40929],[-2,-497]],[[23011,43513],[31,0],[0,-111]],[[22913,42969],[0,546]],[[29571,44079],[-5,-137],[39,12],[-8,-146],[-10,-81],[1,-91],[-19,-16],[10,-302]],[[22162,20947],[-25,2],[1,315],[-19,0]],[[26788,24314],[-17,-119],[0,-87],[-14,-166],[-10,-11]],[[22162,23196],[0,-279],[33,0]],[[26107,49458],[13,136],[6,138],[-2,82],[5,125],[-7,183]],[[24424,42408],[32,-2],[0,-166]],[[19247,50054],[0,337],[37,0],[0,331],[35,0],[0,83],[34,-1],[0,83],[34,0],[0,333],[5,0],[-1,166],[12,-1],[0,170],[23,1],[2,162]],[[23280,38697],[-2,-289],[27,-15]],[[23305,38393],[0,-357]],[[28582,33234],[-4,-179],[-4,-35],[4,-243],[10,-33],[16,-2],[19,-34]],[[28623,32708],[-13,-98],[-15,-33],[-19,7],[-10,84],[-16,-21],[-13,199],[3,144],[11,93],[-6,19]],[[19669,48140],[119,0],[112,-1],[160,-4]],[[20060,48135],[5,0],[1,-667],[3,0],[1,-602]],[[28689,34338],[24,-43],[13,42],[13,-15],[13,-306],[16,-249],[7,-153]],[[26053,37103],[47,-181]],[[26100,36922],[18,-41],[-6,-222]],[[17078,52824],[-3,-294],[35,2],[5,-141],[12,-28],[0,-87],[18,2],[-1,-414],[3,-234]],[[18457,35424],[-38,0],[0,-48],[-30,-1],[-30,15],[0,90],[-62,0],[0,170],[-31,0],[0,-26],[-130,0]],[[29348,45490],[0,-7],[-103,-86]],[[27754,33040],[0,-15]],[[22318,39368],[150,-1]],[[22472,38704],[0,-166]],[[28229,39227],[-6,-88],[-26,-128],[-21,-167],[-4,-55]],[[26849,28695],[-23,24],[-22,60],[-10,54]],[[19998,48886],[20,-121],[-1,-71],[17,-39],[11,15],[5,-167],[11,-66],[-1,-302]],[[23555,39709],[1,-413]],[[23556,39296],[-140,6]],[[28229,38537],[22,310],[8,50]],[[27266,23589],[3,-52],[-5,-92],[-11,-39],[-10,-94],[-12,-52],[2,-91],[-5,-107],[-6,0]],[[24183,40852],[0,-83]],[[19979,40617],[2,213],[1,395],[16,1],[0,110],[16,0],[-1,768]],[[22408,41524],[-1,663]],[[23392,38369],[-47,-17],[-17,61],[-23,-20]],[[26073,48133],[64,1]],[[26206,47464],[-132,3]],[[24155,46866],[103,1]],[[24258,46867],[0,-549]],[[20923,57353],[188,-2],[122,1]],[[25013,45617],[99,4]],[[25112,45621],[66,-9]],[[23233,51175],[0,-333],[3,0],[0,-330]],[[25410,37999],[-87,-5]],[[25136,34902],[34,-71],[21,-86],[12,-8],[21,-51],[13,-71]],[[26559,27187],[2,129],[-5,47],[-2,108],[-7,75]],[[24632,24195],[-116,-2]],[[9672,78625],[27,-24],[-4,-99],[-23,123]],[[9624,77932],[11,115],[62,224],[33,31],[-52,-157],[-12,-62],[-42,-151]],[[9327,79022],[30,-7],[13,-86],[-24,-13],[-19,106]],[[9142,79213],[13,100],[40,10],[20,47],[28,28],[5,40],[44,28],[-3,-69],[-62,-115],[-17,-45],[-40,-50],[-28,26]],[[9032,79056],[32,193],[21,7],[27,-36],[26,1],[-4,-79],[16,-22],[48,33],[12,-40],[3,-90],[-31,-8],[-17,-49],[-24,6],[-41,-83],[-35,-111],[-12,2],[-13,79],[47,106],[-23,37],[-11,-48],[-19,26],[-2,76]],[[9008,79888],[0,43],[19,73],[13,-58],[-7,-71],[-25,13]],[[8866,79999],[27,63],[43,-22],[-17,-85],[-19,36],[-34,8]],[[8817,79577],[26,64],[0,-82],[-26,18]],[[8817,78820],[19,58],[26,-22],[-38,-94],[-7,58]],[[8698,77921],[4,97],[15,66],[22,4],[-9,66],[21,89],[20,24],[-5,55],[19,32],[17,73],[33,82],[38,216],[25,60],[-5,89],[5,118],[20,-16],[38,9],[24,-102],[-14,-81],[-65,-185],[-44,-203],[-6,-136],[-32,-66],[14,-68],[1,-62],[-24,-60],[-25,21],[-12,-67],[-23,-26],[-37,-72],[-15,43]],[[8687,78806],[15,89],[3,76],[13,74],[10,131],[25,-1],[3,122],[14,65],[33,54],[-9,-105],[-15,-51],[-3,-80],[-11,-78],[20,-76],[-13,-97],[-23,-113],[13,-25],[-17,-166],[-23,67],[8,58],[-39,14],[-4,42]],[[8672,79709],[20,41],[13,-21],[16,-81],[-6,-41],[-37,30],[-6,72]],[[8662,78232],[35,174],[23,73],[10,-37],[-15,-123],[-14,-50],[-32,-59],[-7,22]],[[8635,78925],[28,121],[19,-11],[-10,-173],[-29,1],[-8,62]],[[8636,78324],[10,102],[21,114],[36,38],[6,-52],[-73,-202]],[[8495,79598],[24,139],[18,57],[31,20],[13,-169],[22,128],[34,-1],[12,-38],[4,-145],[-13,-72],[-30,-67],[-26,-108],[-31,71],[-21,-9],[-37,-129]],[[8495,79650],[0,-24]],[[8493,79199],[28,98],[32,71],[40,-117],[16,66],[22,44],[6,78],[24,-27],[28,-130],[-14,-73],[21,-47],[-65,-190],[-11,-64],[-26,-83],[32,-111],[11,65],[30,-92],[-12,-148],[-24,-160],[-23,33],[7,66],[-19,30],[1,119],[-16,16],[-11,-120],[6,-26],[-12,-115],[2,-85],[-7,-68],[-33,40],[-4,-38],[-16,-54],[-15,1]],[[9822,78302],[-26,51],[-22,113],[-41,104],[-23,29],[-4,41],[-70,19],[-50,76],[-47,15],[36,113],[-49,15],[-3,40],[45,291],[-23,-11],[-9,-58],[-26,-25],[-19,-66],[-8,-141],[-30,-5],[-81,184],[-24,94],[-27,23],[-51,-27],[-24,42],[13,53],[33,53],[23,112],[12,98],[-27,-8],[-21,34],[-45,-8],[11,96],[-51,-115],[-31,-11],[6,58],[31,145],[-28,23],[-20,-60],[-8,60],[-20,-98],[-27,-25],[-35,2],[-11,58],[16,93],[25,-8],[50,59],[23,59],[3,119],[-26,-112],[-53,-20],[-8,53],[-24,73],[-10,-33],[-17,129],[5,74],[27,222],[52,-3],[47,14],[-8,72],[-88,-12],[-24,-123],[-21,-21],[-43,-197],[-36,7],[-2,52],[21,119],[-20,159],[-18,43],[11,-235],[-18,-79],[-47,-114],[-13,-62],[-24,21],[2,89],[-16,18],[-23,126],[-11,-101],[9,-155],[-2,-63],[-18,-22],[-4,72],[-17,33],[-13,-39],[12,-58],[-8,-61],[-30,31],[-43,-85],[-31,28],[11,219],[25,98],[19,100],[15,160],[34,146],[37,81],[-23,44],[-21,-15],[-57,-280],[0,-63],[-19,-82],[-13,51],[-11,119],[-38,-35],[-19,-78],[53,57],[-4,-155],[-16,-65],[-19,-169],[-33,-72],[-49,-7],[20,-81],[-35,-111]],[[26100,36922],[7,27],[33,20],[12,92]],[[22715,25996],[-125,6]],[[26465,45486],[-57,-2]],[[22845,35378],[174,1]],[[22846,34469],[-1,909]],[[25425,46278],[-3,-112],[11,-119],[-10,-86],[14,-105],[0,-142],[6,-103]],[[25375,45613],[2,665]],[[25266,40729],[1,223]],[[24355,47527],[125,0]],[[24389,46867],[-34,0]],[[24355,46867],[0,660]],[[25324,37521],[29,-3],[1,-55]],[[25353,36866],[-61,-1]],[[25460,48443],[1,605]],[[25461,49048],[7,62]],[[25569,49107],[-18,-134],[-12,-179],[-10,-259],[-7,-92]],[[22344,26761],[104,-4]],[[26698,49456],[6,-57],[2,-175],[6,-44],[-12,-226],[-1,-159]],[[26699,48795],[-158,-6]],[[26962,15300],[-20,218],[-9,154],[-12,166],[-12,79],[-1,55],[-21,174]],[[25114,46289],[-2,-668]],[[25244,45613],[0,336],[1,337]],[[26847,38606],[7,75]],[[20377,48894],[-1,-82],[-1,-669],[2,0],[0,-664],[-2,-1],[0,-622]],[[21348,29347],[-25,0]],[[24587,44568],[65,-1],[0,167],[53,-1]],[[24749,44374],[30,-78],[13,-68],[3,-160]],[[26341,45473],[1,-663]],[[19530,23664],[-124,3],[-141,-2],[-128,0]],[[27344,43725],[29,30],[35,75],[40,68],[31,64]],[[28292,43132],[-3,872]],[[28654,34411],[1,3]],[[28656,34680],[6,-42],[-9,-164],[-10,26],[-13,-49]],[[26514,28343],[19,-80]],[[24355,47527],[-97,0]],[[18563,47107],[-49,-7]],[[22006,38537],[-156,2]],[[20636,46862],[0,627],[0,666]],[[27751,32265],[0,108]],[[24355,46867],[-97,0]],[[27491,25862],[-2,-46],[7,-97],[8,-39],[-7,-128],[-32,-88],[-21,-30],[0,59],[-18,61],[-16,-72],[22,-80],[4,-58],[-20,-137],[-21,-63],[-6,17],[-10,-70]],[[22581,18810],[26,-184]],[[26689,38661],[3,68],[-10,32],[2,243]],[[23664,39152],[-108,2]],[[23556,39154],[0,142]],[[26494,37849],[-44,65],[-5,42]],[[26288,38012],[-8,-34],[3,-88],[-21,3],[-13,-33],[-16,2],[-9,-31]],[[24109,20333],[-35,70],[-63,179],[-27,56],[-32,47],[-20,15],[-27,-29],[-35,12],[-58,-43],[-16,-21],[-28,-86]],[[30780,47964],[19,19],[0,-78],[-19,59]],[[30713,48003],[29,39],[10,-73],[-12,-88],[-15,-2],[-3,83],[-9,41]],[[30704,48034],[8,69],[19,68],[5,-65],[-32,-72]],[[30701,48206],[-1,0]],[[30680,48294],[-14,-176],[-5,-141],[12,-11],[-34,-175],[-7,-83],[-18,3],[-28,99]],[[17252,52514],[-1,-97],[-35,2],[-18,-56],[0,-498],[-17,0],[0,-237]],[[25398,49111],[-1,-1]],[[25397,49110],[-6,-81],[0,-94],[-5,-50],[17,-55],[12,11],[20,160],[26,47]],[[25341,48280],[1,658],[-16,-4]],[[24869,53092],[27,101],[33,28],[16,-26],[28,43],[27,4],[53,131],[23,138],[44,23],[15,65]],[[29356,41872],[-9,-66],[8,-86]],[[27499,17044],[18,-230],[17,-349]],[[26833,24586],[0,-276],[59,3]],[[21488,57351],[146,1]],[[23556,39154],[-1,-565]],[[26699,48795],[-1,-200],[-3,-127],[-9,-15],[-17,-115],[-23,3],[-11,-89],[-5,-121]],[[21761,28433],[0,913]],[[26325,37860],[-33,-23],[-2,-85]],[[28662,32928],[15,-139],[-11,-22],[-18,54],[-14,7],[-18,102],[-6,-12],[24,-129],[16,-33],[-27,-48]],[[25941,47467],[-109,8]],[[25832,47475],[-9,289],[-14,166],[18,91],[17,139]],[[23847,41298],[0,606]],[[25823,46813],[-21,277],[3,115],[18,131],[9,139]]],"transform":{"scale":[0.0035892570725707257,0.0005244278042780428],"translate":[-179.148196,18.92245]},"objects":{"in":{"type":"GeometryCollection","geometries":[{"arcs":[[0,1,2,3,4,5]],"type":"Polygon","properties":{"geoid":"20161","name":"Riley"},"id":"20161"},{"arcs":[[6,7,8,9,10]],"type":"Polygon","properties":{"geoid":"19159","name":"Ringgold"},"id":"19159"},{"arcs":[[11,12,13,14,15,16]],"type":"Polygon","properties":{"geoid":"30009","name":"Carbon"},"id":"30009"},{"arcs":[[17,18,19,20]],"type":"Polygon","properties":{"geoid":"16007","name":"Bear Lake"},"id":"16007"},{"arcs":[[21,22,23,24,25]],"type":"Polygon","properties":{"geoid":"55011","name":"Buffalo"},"id":"55011"},{"arcs":[[26,27,28,29]],"type":"Polygon","properties":{"geoid":"31185","name":"York"},"id":"31185"},{"arcs":[[30,31,32,33,34,35]],"type":"Polygon","properties":{"geoid":"08037","name":"Eagle"},"id":"08037"},{"arcs":[[36,37,38,39,40,41,42,43]],"type":"Polygon","properties":{"geoid":"42129","name":"Westmoreland"},"id":"42129"},{"arcs":[[44,45,46,47,48,49,50,51]],"type":"Polygon","properties":{"geoid":"40079","name":"Le Flore"},"id":"40079"},{"arcs":[[52,53,54,55,56,57,58]],"type":"Polygon","properties":{"geoid":"48053","name":"Burnet"},"id":"48053"},{"arcs":[[59,60,61,62,63]],"type":"Polygon","properties":{"geoid":"36017","name":"Chenango"},"id":"36017"},{"arcs":[[64,65,66,67,68,69]],"type":"Polygon","properties":{"geoid":"20109","name":"Logan"},"id":"20109"},{"arcs":[[70,71,72,73,74,75]],"type":"Polygon","properties":{"geoid":"47053","name":"Gibson"},"id":"47053"},{"arcs":[[76,77,78,79,80]],"type":"Polygon","properties":{"geoid":"27061","name":"Itasca"},"id":"27061"},{"arcs":[[81,82,83,84,85,86,87]],"type":"Polygon","properties":{"geoid":"25017","name":"Middlesex"},"id":"25017"},{"arcs":[[88,89,90,91,92,93]],"type":"Polygon","properties":{"geoid":"36119","name":"Westchester"},"id":"36119"},{"arcs":[[94,95,96,97,98,99]],"type":"Polygon","properties":{"geoid":"46093","name":"Meade"},"id":"46093"},{"arcs":[[100,101,102,103,104,105,106]],"type":"Polygon","properties":{"geoid":"54107","name":"Wood"},"id":"54107"},{"arcs":[[107,108,109,110]],"type":"Polygon","properties":{"geoid":"19021","name":"Buena Vista"},"id":"19021"},{"arcs":[[111,112,113,114,115]],"type":"Polygon","properties":{"geoid":"47021","name":"Cheatham"},"id":"47021"},{"arcs":[[116,117,118,119,120,121]],"type":"Polygon","properties":{"geoid":"05019","name":"Clark"},"id":"05019"},{"arcs":[[122,123,124,125,126,127]],"type":"Polygon","properties":{"geoid":"51105","name":"Lee"},"id":"51105"},{"arcs":[[128,129,130,131,132,133,134]],"type":"Polygon","properties":{"geoid":"27013","name":"Blue Earth"},"id":"27013"},{"arcs":[[135,136,137,138,139]],"type":"Polygon","properties":{"geoid":"56033","name":"Sheridan"},"id":"56033"},{"arcs":[[[140]],[[141,142,143,144,145]]],"type":"MultiPolygon","properties":{"geoid":"22087","name":"St. Bernard"},"id":"22087"},{"arcs":[[146,147,148,149,150,151]],"type":"Polygon","properties":{"geoid":"19015","name":"Boone"},"id":"19015"},{"arcs":[[152,153,154,155,156,157]],"type":"Polygon","properties":{"geoid":"39035","name":"Cuyahoga"},"id":"39035"},{"arcs":[[158,159,160,161,162,163]],"type":"Polygon","properties":{"geoid":"45027","name":"Clarendon"},"id":"45027"},{"arcs":[[164,165,166,167,168,169,170]],"type":"Polygon","properties":{"geoid":"41035","name":"Klamath"},"id":"41035"},{"arcs":[[-162,171,172,173,174,175]],"type":"Polygon","properties":{"geoid":"45015","name":"Berkeley"},"id":"45015"},{"arcs":[[176,177,178,179,180,181,182]],"type":"Polygon","properties":{"geoid":"25005","name":"Bristol"},"id":"25005"},{"arcs":[[183,184,185,186]],"type":"Polygon","properties":{"geoid":"25015","name":"Hampshire"},"id":"25015"},{"arcs":[[187,188,189,190,191,192]],"type":"Polygon","properties":{"geoid":"49025","name":"Kane"},"id":"49025"},{"arcs":[[193,194,195,196,197]],"type":"Polygon","properties":{"geoid":"37127","name":"Nash"},"id":"37127"},{"arcs":[[198,199,-183,200,201,202,203]],"type":"Polygon","properties":{"geoid":"44007","name":"Providence"},"id":"44007"},{"arcs":[[-42,204,205,206,207,208]],"type":"Polygon","properties":{"geoid":"42111","name":"Somerset"},"id":"42111"},{"arcs":[[209,210,211,212,213,214]],"type":"Polygon","properties":{"geoid":"45059","name":"Laurens"},"id":"45059"},{"arcs":[[[215,216]],[[217,218,219,220,221,222,223,224,225]]],"type":"MultiPolygon","properties":{"geoid":"48057","name":"Calhoun"},"id":"48057"},{"arcs":[[226,227,228,229,-189,230]],"type":"Polygon","properties":{"geoid":"49017","name":"Garfield"},"id":"49017"},{"arcs":[[231,232,233,234,235,236]],"type":"Polygon","properties":{"geoid":"48341","name":"Moore"},"id":"48341"},{"arcs":[[237,238,239,240,241]],"type":"Polygon","properties":{"geoid":"27167","name":"Wilkin"},"id":"27167"},{"arcs":[[242,243,244,245,246,247]],"type":"Polygon","properties":{"geoid":"48185","name":"Grimes"},"id":"48185"},{"arcs":[[248,249,250,251,252,253]],"type":"Polygon","properties":{"geoid":"05073","name":"Lafayette"},"id":"05073"},{"arcs":[[254,255,256,257,258,259,260]],"type":"Polygon","properties":{"geoid":"49047","name":"Uintah"},"id":"49047"},{"arcs":[[261,262,263,264,265,266,267]],"type":"Polygon","properties":{"geoid":"53043","name":"Lincoln"},"id":"53043"},{"arcs":[[268,-84,269,270,271,-86]],"type":"Polygon","properties":{"geoid":"25025","name":"Suffolk"},"id":"25025"},{"arcs":[[-62,272,273,274,275,276,277,278]],"type":"Polygon","properties":{"geoid":"36025","name":"Delaware"},"id":"36025"},{"arcs":[[279,280,281,282,283]],"type":"Polygon","properties":{"geoid":"06059","name":"Orange"},"id":"06059"},{"arcs":[[284,285,286,287,288,289,290]],"type":"Polygon","properties":{"geoid":"36115","name":"Washington"},"id":"36115"},{"arcs":[[291,292,293,294,295]],"type":"Polygon","properties":{"geoid":"37043","name":"Clay"},"id":"37043"},{"arcs":[[[296,297,298,299]],[[300]]],"type":"MultiPolygon","properties":{"geoid":"06111","name":"Ventura"},"id":"06111"},{"arcs":[[301,302,303,304,305,306,307]],"type":"Polygon","properties":{"geoid":"46127","name":"Union"},"id":"46127"},{"arcs":[[308,309,310,311,312]],"type":"Polygon","properties":{"geoid":"13021","name":"Bibb"},"id":"13021"},{"arcs":[[313,314,315,316,317,318]],"type":"Polygon","properties":{"geoid":"41051","name":"Multnomah"},"id":"41051"},{"arcs":[[319,320,321,322,323,324,325]],"type":"Polygon","properties":{"geoid":"48035","name":"Bosque"},"id":"48035"},{"arcs":[[326,327,328,329,330,331]],"type":"Polygon","properties":{"geoid":"17017","name":"Cass"},"id":"17017"},{"arcs":[[332,333,334,335,336]],"type":"Polygon","properties":{"geoid":"13049","name":"Charlton"},"id":"13049"},{"arcs":[[337,338,339,340,341,342]],"type":"Polygon","properties":{"geoid":"29033","name":"Carroll"},"id":"29033"},{"arcs":[[343,344,345,346,347]],"type":"Polygon","properties":{"geoid":"31157","name":"Scotts Bluff"},"id":"31157"},{"arcs":[[348,349,350,351,352]],"type":"Polygon","properties":{"geoid":"26119","name":"Montmorency"},"id":"26119"},{"arcs":[[353,354,355,356,357,358,359]],"type":"Polygon","properties":{"geoid":"09011","name":"New London"},"id":"09011"},{"arcs":[[360,361,362,363]],"type":"Polygon","properties":{"geoid":"13283","name":"Treutlen"},"id":"13283"},{"arcs":[[364,365,366,367,368,369,370]],"type":"Polygon","properties":{"geoid":"37119","name":"Mecklenburg"},"id":"37119"},{"arcs":[[371,372,373,374,375,376,377]],"type":"Polygon","properties":{"geoid":"54043","name":"Lincoln"},"id":"54043"},{"arcs":[[378,-175,379,380]],"type":"Polygon","properties":{"geoid":"45035","name":"Dorchester"},"id":"45035"},{"arcs":[[381,382,383,384,385,386]],"type":"Polygon","properties":{"geoid":"34041","name":"Warren"},"id":"34041"},{"arcs":[[387,388,389,390]],"type":"Polygon","properties":{"geoid":"12095","name":"Orange"},"id":"12095"},{"arcs":[[391,392,393,394,395,396]],"type":"Polygon","properties":{"geoid":"47001","name":"Anderson"},"id":"47001"},{"arcs":[[397,398,399,400,401]],"type":"Polygon","properties":{"geoid":"05021","name":"Clay"},"id":"05021"},{"arcs":[[402,403,404,405,406]],"type":"Polygon","properties":{"geoid":"24047","name":"Worcester"},"id":"24047"},{"arcs":[[407,408,409,410,411,412,413,414,415]],"type":"Polygon","properties":{"geoid":"27145","name":"Stearns"},"id":"27145"},{"arcs":[[416,417,418,419,-244,420]],"type":"Polygon","properties":{"geoid":"48471","name":"Walker"},"id":"48471"},{"arcs":[[421,422,423,424,425,426]],"type":"Polygon","properties":{"geoid":"24003","name":"Anne Arundel"},"id":"24003"},{"arcs":[[427,428,429,430,431,432,433,434]],"type":"Polygon","properties":{"geoid":"30059","name":"Meagher"},"id":"30059"},{"arcs":[[435,436,437,438,439,440,441]],"type":"Polygon","properties":{"geoid":"22053","name":"Jefferson Davis"},"id":"22053"},{"arcs":[[442,443,444,445,446]],"type":"Polygon","properties":{"geoid":"22055","name":"Lafayette"},"id":"22055"},{"arcs":[[447,448,449,450]],"type":"Polygon","properties":{"geoid":"39043","name":"Erie"},"id":"39043"},{"arcs":[[451,452,453,454]],"type":"Polygon","properties":{"geoid":"01033","name":"Colbert"},"id":"01033"},{"arcs":[[455,456,457,458,459,460]],"type":"Polygon","properties":{"geoid":"38105","name":"Williams"},"id":"38105"},{"arcs":[[461,462,463,-442,464]],"type":"Polygon","properties":{"geoid":"22011","name":"Beauregard"},"id":"22011"},{"arcs":[[465,466,467,468,-419]],"type":"Polygon","properties":{"geoid":"48407","name":"San Jacinto"},"id":"48407"},{"arcs":[[469,470,-363,471,472,473]],"type":"Polygon","properties":{"geoid":"13309","name":"Wheeler"},"id":"13309"},{"arcs":[[474,475,476,477,478]],"type":"Polygon","properties":{"geoid":"13279","name":"Toombs"},"id":"13279"},{"arcs":[[479,480,481,482,-426,483,484,485]],"type":"Polygon","properties":{"geoid":"24033","name":"Prince George's"},"id":"24033"},{"arcs":[[486,487,488,489,490,491,492,493,494]],"type":"Polygon","properties":{"geoid":"29143","name":"New Madrid"},"id":"29143"},{"arcs":[[495,496,497,498,499,500,501,502]],"type":"Polygon","properties":{"geoid":"42097","name":"Northumberland"},"id":"42097"},{"arcs":[[503,504,505,-330]],"type":"Polygon","properties":{"geoid":"17129","name":"Menard"},"id":"17129"},{"arcs":[[506,507,508,509]],"type":"Polygon","properties":{"geoid":"12125","name":"Union"},"id":"12125"},{"arcs":[[510,511,512,513,514]],"type":"Polygon","properties":{"geoid":"28079","name":"Leake"},"id":"28079"},{"arcs":[[515,516,517,518,519]],"type":"Polygon","properties":{"geoid":"31091","name":"Hooker"},"id":"31091"},{"arcs":[[520,521,522,523,524,525]],"type":"Polygon","properties":{"geoid":"41043","name":"Linn"},"id":"41043"},{"arcs":[[526,527,528,529,530,531,532]],"type":"Polygon","properties":{"geoid":"13077","name":"Coweta"},"id":"13077"},{"arcs":[[533,534,535,536,537,538]],"type":"Polygon","properties":{"geoid":"29087","name":"Holt"},"id":"29087"},{"arcs":[[539,540,-404,541,542,543]],"type":"Polygon","properties":{"geoid":"10005","name":"Sussex"},"id":"10005"},{"arcs":[[544,545,546,547,548,549]],"type":"Polygon","properties":{"geoid":"06063","name":"Plumas"},"id":"06063"},{"arcs":[[550,551,552,-391,553,554]],"type":"Polygon","properties":{"geoid":"12069","name":"Lake"},"id":"12069"},{"arcs":[[555,556,557,558,559]],"type":"Polygon","properties":{"geoid":"42131","name":"Wyoming"},"id":"42131"},{"arcs":[[560,561,562,563,564,565,566],[567],[568]],"type":"Polygon","properties":{"geoid":"51163","name":"Rockbridge"},"id":"51163"},{"arcs":[[569,-447,570,571,572,-439]],"type":"Polygon","properties":{"geoid":"22113","name":"Vermilion"},"id":"22113"},{"arcs":[[573,-406,574,575,576]],"type":"Polygon","properties":{"geoid":"51001","name":"Accomack"},"id":"51001"},{"arcs":[[579,580,581,582,583]],"type":"Polygon","properties":{"geoid":"51099","name":"King George"},"id":"51099"},{"arcs":[[584,585,586,587,588]],"type":"Polygon","properties":{"geoid":"38037","name":"Grant"},"id":"38037"},{"arcs":[[589,590,591,592,593,594]],"type":"Polygon","properties":{"geoid":"18179","name":"Wells"},"id":"18179"},{"arcs":[[595,596,597,598,599,600,601,602,603,604,605,606,607]],"type":"Polygon","properties":{"geoid":"32031","name":"Washoe"},"id":"32031"},{"arcs":[[608,609,610,611,612,613]],"type":"Polygon","properties":{"geoid":"38035","name":"Grand Forks"},"id":"38035"},{"arcs":[[614,615,616,617,618,619,620]],"type":"Polygon","properties":{"geoid":"19045","name":"Clinton"},"id":"19045"},{"arcs":[[-252,621,622,623,624]],"type":"Polygon","properties":{"geoid":"22119","name":"Webster"},"id":"22119"},{"arcs":[[625,626,627,628,629,630,631,632,633]],"type":"Polygon","properties":{"geoid":"21093","name":"Hardin"},"id":"21093"},{"arcs":[[634,635,636,637,638]],"type":"Polygon","properties":{"geoid":"22081","name":"Red River"},"id":"22081"},{"arcs":[[639,640,641,642,643,644,645,646,647,648]],"type":"Polygon","properties":{"geoid":"22107","name":"Tensas"},"id":"22107"},{"arcs":[[649,650,651,652,-394]],"type":"Polygon","properties":{"geoid":"47173","name":"Union"},"id":"47173"},{"arcs":[[653,654,655,656,657,658]],"type":"Polygon","properties":{"geoid":"51185","name":"Tazewell"},"id":"51185"},{"arcs":[[659,660,661,662,663,664]],"type":"Polygon","properties":{"geoid":"40087","name":"McClain"},"id":"40087"},{"arcs":[[665,666,667,668,669]],"type":"Polygon","properties":{"geoid":"17109","name":"McDonough"},"id":"17109"},{"arcs":[[670,671,672,673,674]],"type":"Polygon","properties":{"geoid":"27083","name":"Lyon"},"id":"27083"},{"arcs":[[675,676,677,678,679,680]],"type":"Polygon","properties":{"geoid":"46071","name":"Jackson"},"id":"46071"},{"arcs":[[681,682,-312,683,684,685,686,687]],"type":"Polygon","properties":{"geoid":"13153","name":"Houston"},"id":"13153"},{"arcs":[[688,-43,-209,689,690,691,692]],"type":"Polygon","properties":{"geoid":"42051","name":"Fayette"},"id":"42051"},{"arcs":[[693,694,695,696,697]],"type":"Polygon","properties":{"geoid":"41021","name":"Gilliam"},"id":"41021"},{"arcs":[[698,699,700,701,702,703]],"type":"Polygon","properties":{"geoid":"01051","name":"Elmore"},"id":"01051"},{"arcs":[[704,705,706,707,708,709]],"type":"Polygon","properties":{"geoid":"05041","name":"Desha"},"id":"05041"},{"arcs":[[710,711,712,713,714,715]],"type":"Polygon","properties":{"geoid":"17197","name":"Will"},"id":"17197"},{"arcs":[[716,717,718,719,720,721]],"type":"Polygon","properties":{"geoid":"21119","name":"Knott"},"id":"21119"},{"arcs":[[722,723,724,725]],"type":"Polygon","properties":{"geoid":"13183","name":"Long"},"id":"13183"},{"arcs":[[726,727,728,729]],"type":"Polygon","properties":{"geoid":"05061","name":"Howard"},"id":"05061"},{"arcs":[[730,731,732,733,734,-552,735]],"type":"Polygon","properties":{"geoid":"12127","name":"Volusia"},"id":"12127"},{"arcs":[[736,737,738,-722,739,740]],"type":"Polygon","properties":{"geoid":"21025","name":"Breathitt"},"id":"21025"},{"arcs":[[741,742,743,744,745]],"type":"Polygon","properties":{"geoid":"20075","name":"Hamilton"},"id":"20075"},{"arcs":[[746,747,748,749,750,751]],"type":"Polygon","properties":{"geoid":"27139","name":"Scott"},"id":"27139"},{"arcs":[[752,753,754,-135,755,756]],"type":"Polygon","properties":{"geoid":"27015","name":"Brown"},"id":"27015"},{"arcs":[[757,758,759,760,761,-748,762]],"type":"Polygon","properties":{"geoid":"27053","name":"Hennepin"},"id":"27053"},{"arcs":[[763,764,765,766,767,768]],"type":"Polygon","properties":{"geoid":"42027","name":"Centre"},"id":"42027"},{"arcs":[[769,770,771,772,773,774,775]],"type":"Polygon","properties":{"geoid":"37147","name":"Pitt"},"id":"37147"},{"arcs":[[776,777,778,779,780,781]],"type":"Polygon","properties":{"geoid":"21017","name":"Bourbon"},"id":"21017"},{"arcs":[[782,783,784,785,-173,786]],"type":"Polygon","properties":{"geoid":"45043","name":"Georgetown"},"id":"45043"},{"arcs":[[787,-16,788,789,790,791,792,793]],"type":"Polygon","properties":{"geoid":"56029","name":"Park"},"id":"56029"},{"arcs":[[794,795,796,797,798,799,800]],"type":"Polygon","properties":{"geoid":"21183","name":"Ohio"},"id":"21183"},{"arcs":[[801,802,803,804,805]],"type":"Polygon","properties":{"geoid":"23023","name":"Sagadahoc"},"id":"23023"},{"arcs":[[806,807,808,-7,809]],"type":"Polygon","properties":{"geoid":"19175","name":"Union"},"id":"19175"},{"arcs":[[810,811,812,813,814,-3]],"type":"Polygon","properties":{"geoid":"20149","name":"Pottawatomie"},"id":"20149"},{"arcs":[[815,816,817,818,819]],"type":"Polygon","properties":{"geoid":"19023","name":"Butler"},"id":"19023"},{"arcs":[[820,821,822,823,824,825]],"type":"Polygon","properties":{"geoid":"53021","name":"Franklin"},"id":"53021"},{"arcs":[[826,827,828,829,830]],"type":"Polygon","properties":{"geoid":"21007","name":"Ballard"},"id":"21007"},{"arcs":[[831,832,833,834,835]],"type":"Polygon","properties":{"geoid":"45031","name":"Darlington"},"id":"45031"},{"arcs":[[836,-639,837,838,839,840]],"type":"Polygon","properties":{"geoid":"22031","name":"De Soto"},"id":"22031"},{"arcs":[[841,842,843,-825]],"type":"Polygon","properties":{"geoid":"53071","name":"Walla Walla"},"id":"53071"},{"arcs":[[844,845,846,847,848,849,850]],"type":"Polygon","properties":{"geoid":"01023","name":"Choctaw"},"id":"01023"},{"arcs":[[851,852,853,854,855,856,857]],"type":"Polygon","properties":{"geoid":"18157","name":"Tippecanoe"},"id":"18157"},{"arcs":[[858,859,860,861,862,863,864,865]],"type":"Polygon","properties":{"geoid":"48005","name":"Angelina"},"id":"48005"},{"arcs":[[870,871,872,873,874,875,876,877,878,879]],"type":"Polygon","properties":{"geoid":"08059","name":"Jefferson"},"id":"08059"},{"arcs":[[880,881,882,883,884]],"type":"Polygon","properties":{"geoid":"08067","name":"La Plata"},"id":"08067"},{"arcs":[[885,886,887,888,889,890]],"type":"Polygon","properties":{"geoid":"51029","name":"Buckingham"},"id":"51029"},{"arcs":[[891,892,893,894]],"type":"Polygon","properties":{"geoid":"26147","name":"St. Clair"},"id":"26147"},{"arcs":[[895,896,897,898,899,900]],"type":"Polygon","properties":{"geoid":"20031","name":"Coffey"},"id":"20031"},{"arcs":[[-104,901,902,903,904,905,906]],"type":"Polygon","properties":{"geoid":"54085","name":"Ritchie"},"id":"54085"},{"arcs":[[-347,907,908,909,910,911]],"type":"Polygon","properties":{"geoid":"31007","name":"Banner"},"id":"31007"},{"arcs":[[912,913,914,915,916]],"type":"Polygon","properties":{"geoid":"48443","name":"Terrell"},"id":"48443"},{"arcs":[[917,918,919,920,921]],"type":"Polygon","properties":{"geoid":"28121","name":"Rankin"},"id":"28121"},{"arcs":[[922,923,-192,924,925,926,927,928]],"type":"Polygon","properties":{"geoid":"04015","name":"Mohave"},"id":"04015"},{"arcs":[[929,930,931,-232,932]],"type":"Polygon","properties":{"geoid":"48421","name":"Sherman"},"id":"48421"},{"arcs":[[933,934,-435,935,936,937,938]],"type":"Polygon","properties":{"geoid":"30049","name":"Lewis and Clark"},"id":"30049"},{"arcs":[[939,940,941,942,943,944]],"type":"Polygon","properties":{"geoid":"48101","name":"Cottle"},"id":"48101"},{"arcs":[[945,946,947,948,949,950]],"type":"Polygon","properties":{"geoid":"51047","name":"Culpeper"},"id":"51047"},{"arcs":[[951,952,953,954,955,956,957,958]],"type":"Polygon","properties":{"geoid":"16031","name":"Cassia"},"id":"16031"},{"arcs":[[959,960,961,962,963,964]],"type":"Polygon","properties":{"geoid":"08077","name":"Mesa"},"id":"08077"},{"arcs":[[965,966,-584,967,968,969,970,-947,971]],"type":"Polygon","properties":{"geoid":"51179","name":"Stafford"},"id":"51179"},{"arcs":[[972,973,974,975]],"type":"Polygon","properties":{"geoid":"16025","name":"Camas"},"id":"16025"},{"arcs":[[976,977,978,979,980]],"type":"Polygon","properties":{"geoid":"19143","name":"Osceola"},"id":"19143"},{"arcs":[[981,982,983,984,985,986,987]],"type":"Polygon","properties":{"geoid":"51085","name":"Hanover"},"id":"51085"},{"arcs":[[-905,988,989,990,991]],"type":"Polygon","properties":{"geoid":"54021","name":"Gilmer"},"id":"54021"},{"arcs":[[992,-50,993,994,995,996,997,998]],"type":"Polygon","properties":{"geoid":"40089","name":"McCurtain"},"id":"40089"},{"arcs":[[-647,999,1000,1001,1002]],"type":"Polygon","properties":{"geoid":"28001","name":"Adams"},"id":"28001"},{"arcs":[[1003,1004,1005,1006,1007,1008,1009]],"type":"Polygon","properties":{"geoid":"28145","name":"Union"},"id":"28145"},{"arcs":[[1010,1011,1012,1013,-877]],"type":"Polygon","properties":{"geoid":"08035","name":"Douglas"},"id":"08035"},{"arcs":[[1014,1015,1016,1017,1018]],"type":"Polygon","properties":{"geoid":"26053","name":"Gogebic"},"id":"26053"},{"arcs":[[1019,1020,1021,1022,1023,1024]],"type":"Polygon","properties":{"geoid":"01109","name":"Pike"},"id":"01109"},{"arcs":[[-565,1025,1026,1027,1028,1029]],"type":"Polygon","properties":{"geoid":"51009","name":"Amherst"},"id":"51009"},{"arcs":[[1030,1031,1032,1033,1034,1035]],"type":"Polygon","properties":{"geoid":"34021","name":"Mercer"},"id":"34021"},{"arcs":[[1036,1037,1038,1039,1040]],"type":"Polygon","properties":{"geoid":"47003","name":"Bedford"},"id":"47003"},{"arcs":[[1041,1042,1043,1044,-128,1045,1046]],"type":"Polygon","properties":{"geoid":"21013","name":"Bell"},"id":"21013"},{"arcs":[[1047,1048,1049,1050,-46,1051,1052]],"type":"Polygon","properties":{"geoid":"40135","name":"Sequoyah"},"id":"40135"},{"arcs":[[1053,1054,1055,1056,1057]],"type":"Polygon","properties":{"geoid":"06015","name":"Del Norte"},"id":"06015"},{"arcs":[[1058,1059,1060,1061,1062,1063,1064,1065]],"type":"Polygon","properties":{"geoid":"13163","name":"Jefferson"},"id":"13163"},{"arcs":[[1066,-554,1067,1068,1069,1070,1071]],"type":"Polygon","properties":{"geoid":"12105","name":"Polk"},"id":"12105"},{"arcs":[[1072,1073,1074,1075,1076,1077]],"type":"Polygon","properties":{"geoid":"55111","name":"Sauk"},"id":"55111"},{"arcs":[[1078,1079,1080,1081]],"type":"Polygon","properties":{"geoid":"49051","name":"Wasatch"},"id":"49051"},{"arcs":[[1082,1083,1084,1085]],"type":"Polygon","properties":{"geoid":"41007","name":"Clatsop"},"id":"41007"},{"arcs":[[1086,1087,1088,1089,-989,-904]],"type":"Polygon","properties":{"geoid":"54017","name":"Doddridge"},"id":"54017"},{"arcs":[[1090,1091,1092,-955,1093]],"type":"Polygon","properties":{"geoid":"16077","name":"Power"},"id":"16077"},{"arcs":[[1094,1095,1096,1097,1098]],"type":"Polygon","properties":{"geoid":"28051","name":"Holmes"},"id":"28051"},{"arcs":[[1099,1100,1101,1102,1103,1104]],"type":"Polygon","properties":{"geoid":"48481","name":"Wharton"},"id":"48481"},{"arcs":[[1105,1106,1107,1108,1109,1110,1111]],"type":"Polygon","properties":{"geoid":"48479","name":"Webb"},"id":"48479"},{"arcs":[[1112,1113,1114,1115,1116]],"type":"Polygon","properties":{"geoid":"28073","name":"Lamar"},"id":"28073"},{"arcs":[[1117,1118,1119]],"type":"Polygon","properties":{"geoid":"26047","name":"Emmet"},"id":"26047"},{"arcs":[[1120,1121,1122,1123,1124,1125,1126]],"type":"Polygon","properties":{"geoid":"26103","name":"Marquette"},"id":"26103"},{"arcs":[[1127,1128,1129,1130,1131,1132]],"type":"Polygon","properties":{"geoid":"21239","name":"Woodford"},"id":"21239"},{"arcs":[[1133,1134,1135,1136,1137,-113]],"type":"Polygon","properties":{"geoid":"47037","name":"Davidson"},"id":"47037"},{"arcs":[[1138,1139,1140,1141,1142]],"type":"Polygon","properties":{"geoid":"37007","name":"Anson"},"id":"37007"},{"arcs":[[[1143]],[[1144,1145,1146,1147]]],"type":"MultiPolygon","properties":{"geoid":"37031","name":"Carteret"},"id":"37031"},{"arcs":[[1148,1149,1150,1151,1152]],"type":"Polygon","properties":{"geoid":"47143","name":"Rhea"},"id":"47143"},{"arcs":[[1153,1154,1155,1156,1157,1158]],"type":"Polygon","properties":{"geoid":"26055","name":"Grand Traverse"},"id":"26055"},{"arcs":[[1159,1160,1161,1162,1163,1164,1165]],"type":"Polygon","properties":{"geoid":"18071","name":"Jackson"},"id":"18071"},{"arcs":[[1166,1167,1168,1169]],"type":"Polygon","properties":{"geoid":"34007","name":"Camden"},"id":"34007"},{"arcs":[[1170,1171,1172,1173,1174,1175,1176]],"type":"Polygon","properties":{"geoid":"37163","name":"Sampson"},"id":"37163"},{"arcs":[[1177,1178,1179,1180,1181]],"type":"Polygon","properties":{"geoid":"48223","name":"Hopkins"},"id":"48223"},{"arcs":[[1182,1183,1184,1185,1186,1187]],"type":"Polygon","properties":{"geoid":"21203","name":"Rockcastle"},"id":"21203"},{"arcs":[[1188,1189,1190,1191,-373,1192]],"type":"Polygon","properties":{"geoid":"54011","name":"Cabell"},"id":"54011"},{"arcs":[[1193,1194,1195,1196,1197,1198,1199,1200]],"type":"Polygon","properties":{"geoid":"13261","name":"Sumter"},"id":"13261"},{"arcs":[[1201,1202,1203,1204,1205,1206,1207]],"type":"Polygon","properties":{"geoid":"08043","name":"Fremont"},"id":"08043"},{"arcs":[[1208,1209,1210,1211,1212,1213,1214]],"type":"Polygon","properties":{"geoid":"54071","name":"Pendleton"},"id":"54071"},{"arcs":[[1215,1216,1217,1218,1219,1220]],"type":"Polygon","properties":{"geoid":"16023","name":"Butte"},"id":"16023"},{"arcs":[[1221,1222,1223,1224,1225]],"type":"Polygon","properties":{"geoid":"29113","name":"Lincoln"},"id":"29113"},{"arcs":[[1226,1227,1228,-655,1229]],"type":"Polygon","properties":{"geoid":"54047","name":"McDowell"},"id":"54047"},{"arcs":[[1230,1231,1232,1233]],"type":"Polygon","properties":{"geoid":"20067","name":"Grant"},"id":"20067"},{"arcs":[[-555,-1067,1234,1235,1236,1237]],"type":"Polygon","properties":{"geoid":"12119","name":"Sumter"},"id":"12119"},{"arcs":[[-576,1238]],"type":"Polygon","properties":{"geoid":"51131","name":"Northampton"},"id":"51131"},{"arcs":[[1239,-998,1240,1241,1242,1243,1244,1245]],"type":"Polygon","properties":{"geoid":"48387","name":"Red River"},"id":"48387"},{"arcs":[[1246,1247,1248]],"type":"Polygon","properties":{"geoid":"48377","name":"Presidio"},"id":"48377"},{"arcs":[[1249,1250,1251,1252,1253,1254]],"type":"Polygon","properties":{"geoid":"31009","name":"Blaine"},"id":"31009"},{"arcs":[[1255,1256,1257,1258,1259,1260,-1089]],"type":"Polygon","properties":{"geoid":"54033","name":"Harrison"},"id":"54033"},{"arcs":[[1261,1262,1263]],"type":"Polygon","properties":{"geoid":"02090","name":"Fairbanks North Star"},"id":"02090"},{"arcs":[[1264,1265,-1025,1266,1267,1268]],"type":"Polygon","properties":{"geoid":"01041","name":"Crenshaw"},"id":"01041"},{"arcs":[[-98,1269,1270,1271,-677,1272]],"type":"Polygon","properties":{"geoid":"46055","name":"Haakon"},"id":"46055"},{"arcs":[[1273,1274,1275,1276,1277]],"type":"Polygon","properties":{"geoid":"46123","name":"Tripp"},"id":"46123"},{"arcs":[[1278,1279,1280,1281,1282,1283,1284]],"type":"Polygon","properties":{"geoid":"37131","name":"Northampton"},"id":"37131"},{"arcs":[[1285,1286,1287,1288,-562,1289]],"type":"Polygon","properties":{"geoid":"51017","name":"Bath"},"id":"51017"},{"arcs":[[1290,1291,1292,1293,1294,1295]],"type":"Polygon","properties":{"geoid":"12073","name":"Leon"},"id":"12073"},{"arcs":[[1296,1297,1298,1299,1300]],"type":"Polygon","properties":{"geoid":"30069","name":"Petroleum"},"id":"30069"},{"arcs":[[1301,1302,1303,1304]],"type":"Polygon","properties":{"geoid":"21063","name":"Elliott"},"id":"21063"},{"arcs":[[1305,1306,1307,1308,1309,1310]],"type":"Polygon","properties":{"geoid":"55019","name":"Clark"},"id":"55019"},{"arcs":[[1311,1312,1313,-1092,1314]],"type":"Polygon","properties":{"geoid":"16005","name":"Bannock"},"id":"16005"},{"arcs":[[1315,1316,1317,1318,1319,1320,1321,1322,1323,1324,1325,1326]],"type":"Polygon","properties":{"geoid":"45073","name":"Oconee"},"id":"45073"},{"arcs":[[1327,1328,1329,1330,-1280],[1331]],"type":"Polygon","properties":{"geoid":"51081","name":"Greensville"},"id":"51081"},{"arcs":[[1332,1333,1334,1335,1336,1337]],"type":"Polygon","properties":{"geoid":"08023","name":"Costilla"},"id":"08023"},{"arcs":[[1338,-519,1339,1340,1341]],"type":"Polygon","properties":{"geoid":"31005","name":"Arthur"},"id":"31005"},{"arcs":[[1342,1343,1344,1345]],"type":"Polygon","properties":{"geoid":"22043","name":"Grant"},"id":"22043"},{"arcs":[[1346,1347,1348,1349,1350,1351]],"type":"Polygon","properties":{"geoid":"13313","name":"Whitfield"},"id":"13313"},{"arcs":[[1352,1353,1354,-934,1355]],"type":"Polygon","properties":{"geoid":"30099","name":"Teton"},"id":"30099"},{"arcs":[[1356,1357,1358,1359,1360]],"type":"Polygon","properties":{"geoid":"21229","name":"Washington"},"id":"21229"},{"arcs":[[1363,1364,1365,1366,1367,1368,1369,1370,1371,1372,1373]],"type":"Polygon","properties":{"geoid":"22057","name":"Lafourche"},"id":"22057"},{"arcs":[[-1276,1374,1375,1376,1377,1378]],"type":"Polygon","properties":{"geoid":"31103","name":"Keya Paha"},"id":"31103"},{"arcs":[[1379,1380,1381,1382,1383,1384]],"type":"Polygon","properties":{"geoid":"28131","name":"Stone"},"id":"28131"},{"arcs":[[1385,1386,1387,1388]],"type":"Polygon","properties":{"geoid":"48501","name":"Yoakum"},"id":"48501"},{"arcs":[[-792,1389,1390,1391,1392,1393,1394,1395]],"type":"Polygon","properties":{"geoid":"56013","name":"Fremont"},"id":"56013"},{"arcs":[[1396,1397,1398,1399,1400]],"type":"Polygon","properties":{"geoid":"24025","name":"Harford"},"id":"24025"},{"arcs":[[-1057,1401,1402,1403,1404]],"type":"Polygon","properties":{"geoid":"06023","name":"Humboldt"},"id":"06023"},{"arcs":[[1405,1406,1407,1408,1409]],"type":"Polygon","properties":{"geoid":"20069","name":"Gray"},"id":"20069"},{"arcs":[[1410,1411,1412,1413,1414,1415,1416]],"type":"Polygon","properties":{"geoid":"13019","name":"Berrien"},"id":"13019"},{"arcs":[[1417,1418,1419,1420,1421,1422]],"type":"Polygon","properties":{"geoid":"37053","name":"Currituck"},"id":"37053"},{"arcs":[[1423,1424,1425,1426,1427,1428]],"type":"Polygon","properties":{"geoid":"13319","name":"Wilkinson"},"id":"13319"},{"arcs":[[1429,1430,-1152,1431,1432,-1348,1433,1434,1435,1436]],"type":"Polygon","properties":{"geoid":"47065","name":"Hamilton"},"id":"47065"},{"arcs":[[1437,-1220,1438,-1094,-954,1439,1440,-973,1441]],"type":"Polygon","properties":{"geoid":"16013","name":"Blaine"},"id":"16013"},{"arcs":[[1442,1443,1444,1445,1446]],"type":"Polygon","properties":{"geoid":"47097","name":"Lauderdale"},"id":"47097"},{"arcs":[[1447,1448,1449]],"type":"Polygon","properties":{"geoid":"06043","name":"Mariposa"},"id":"06043"},{"arcs":[[[1450,1451,1452]],[[1453,1454,1455,-445,1456]]],"type":"MultiPolygon","properties":{"geoid":"22099","name":"St. Martin"},"id":"22099"},{"arcs":[[1457,1458,1459,1460,1461]],"type":"Polygon","properties":{"geoid":"21089","name":"Greenup"},"id":"21089"},{"arcs":[[1462,1463,1464,-718,1465]],"type":"Polygon","properties":{"geoid":"21071","name":"Floyd"},"id":"21071"},{"arcs":[[1466,1467,1468,1469,1470]],"type":"Polygon","properties":{"geoid":"49023","name":"Juab"},"id":"49023"},{"arcs":[[1471,1472,1473,1474,1475]],"type":"Polygon","properties":{"geoid":"08091","name":"Ouray"},"id":"08091"},{"arcs":[[1476,-459,1477,1478,1479,1480,1481]],"type":"Polygon","properties":{"geoid":"38053","name":"McKenzie"},"id":"38053"},{"arcs":[[1482,1483,1484,1485,1486,-1398]],"type":"Polygon","properties":{"geoid":"24015","name":"Cecil"},"id":"24015"},{"arcs":[[1487,1488,1489,1490,1491,1492,1493]],"type":"Polygon","properties":{"geoid":"13263","name":"Talbot"},"id":"13263"},{"arcs":[[1494,1495,1496,1497,1498]],"type":"Polygon","properties":{"geoid":"21107","name":"Hopkins"},"id":"21107"},{"arcs":[[1499,-325,1500,1501,1502,1503]],"type":"Polygon","properties":{"geoid":"48193","name":"Hamilton"},"id":"48193"},{"arcs":[[1504,1505,1506,1507,1508,1509]],"type":"Polygon","properties":{"geoid":"48389","name":"Reeves"},"id":"48389"},{"arcs":[[1510,1511,1512,1513,1514,1515,1516]],"type":"Polygon","properties":{"geoid":"13315","name":"Wilcox"},"id":"13315"},{"arcs":[[1517,1518,1519,1520,1521]],"type":"Polygon","properties":{"geoid":"13229","name":"Pierce"},"id":"13229"},{"arcs":[[1522,1523,1524,1525,1526,1527]],"type":"Polygon","properties":{"geoid":"47049","name":"Fentress"},"id":"47049"},{"arcs":[[1528,1529,1530,1531,1532]],"type":"Polygon","properties":{"geoid":"12047","name":"Hamilton"},"id":"12047"},{"arcs":[[1533,1534,1535,1536,1537,1538,1539,1540]],"type":"Polygon","properties":{"geoid":"53041","name":"Lewis"},"id":"53041"},{"arcs":[[1541,1542,1543,1544,1545,1546,-874]],"type":"Polygon","properties":{"geoid":"08001","name":"Adams"},"id":"08001"},{"arcs":[[1547,1548,1549,1550,1551]],"type":"Polygon","properties":{"geoid":"13265","name":"Taliaferro"},"id":"13265"},{"arcs":[[1552,1553,1554,1555,1556]],"type":"Polygon","properties":{"geoid":"13311","name":"White"},"id":"13311"},{"arcs":[[1557,1558,-350,1559]],"type":"Polygon","properties":{"geoid":"26141","name":"Presque Isle"},"id":"26141"},{"arcs":[[1560,1561,1562,1563,1564,1565,1566]],"type":"Polygon","properties":{"geoid":"40013","name":"Bryan"},"id":"40013"},{"arcs":[[1567,1568,-1447,1569,1570,1571,1572,1573,1574,1575]],"type":"Polygon","properties":{"geoid":"05093","name":"Mississippi"},"id":"05093"},{"arcs":[[1576,-114,-1138,1577,1578,1579,1580]],"type":"Polygon","properties":{"geoid":"47187","name":"Williamson"},"id":"47187"},{"arcs":[[1581,1582,1583,1584,1585]],"type":"Polygon","properties":{"geoid":"48227","name":"Howard"},"id":"48227"},{"arcs":[[1586,1587,1588,1589,1590,1591,1592]],"type":"Polygon","properties":{"geoid":"01107","name":"Pickens"},"id":"01107"},{"arcs":[[1593,1594,1595,1596,1597,1598]],"type":"Polygon","properties":{"geoid":"47009","name":"Blount"},"id":"47009"},{"arcs":[[1599,-318,1600,1601,1602,1603]],"type":"Polygon","properties":{"geoid":"41005","name":"Clackamas"},"id":"41005"},{"arcs":[[1605,-145,1606,1607]],"type":"Polygon","properties":{"geoid":"22075","name":"Plaquemines"},"id":"22075"},{"arcs":[[1608,1609,1610,1611,1612,1613]],"type":"Polygon","properties":{"geoid":"48267","name":"Kimble"},"id":"48267"},{"arcs":[[1614,-1148,1615,1616,1617]],"type":"Polygon","properties":{"geoid":"37103","name":"Jones"},"id":"37103"},{"arcs":[[1618,1619,1620,1621,1622,1623,1624]],"type":"Polygon","properties":{"geoid":"16069","name":"Nez Perce"},"id":"16069"},{"arcs":[[1625,1626,1627,1628,1629,1630,1631]],"type":"Polygon","properties":{"geoid":"29019","name":"Boone"},"id":"29019"},{"arcs":[[1632,1633,-1101,1634,1635,1636]],"type":"Polygon","properties":{"geoid":"48015","name":"Austin"},"id":"48015"},{"arcs":[[1637,1638,1639,1640]],"type":"Polygon","properties":{"geoid":"22123","name":"West Carroll"},"id":"22123"},{"arcs":[[1641,1642,1643,1644,-1171,1645,1646]],"type":"Polygon","properties":{"geoid":"37085","name":"Harnett"},"id":"37085"},{"arcs":[[1647,1648,1649,-1195,1650]],"type":"Polygon","properties":{"geoid":"13249","name":"Schley"},"id":"13249"},{"arcs":[[1651,1652,-460,1653,1654,1655]],"type":"Polygon","properties":{"geoid":"30085","name":"Roosevelt"},"id":"30085"},{"arcs":[[1656,-1417,1657,1658,1659]],"type":"Polygon","properties":{"geoid":"13075","name":"Cook"},"id":"13075"},{"arcs":[[1660,-949,1661,1662,1663,1664]],"type":"Polygon","properties":{"geoid":"51137","name":"Orange"},"id":"51137"},{"arcs":[[1665,1666,1667,1668,1669,1670]],"type":"Polygon","properties":{"geoid":"51187","name":"Warren"},"id":"51187"},{"arcs":[[1671,1672,1673,1674,1675]],"type":"Polygon","properties":{"geoid":"21011","name":"Bath"},"id":"21011"},{"arcs":[[1676,1677,1678,1679,1680]],"type":"Polygon","properties":{"geoid":"48207","name":"Haskell"},"id":"48207"},{"arcs":[[1681,1682,1683,1684,1685,1686]],"type":"Polygon","properties":{"geoid":"48383","name":"Reagan"},"id":"48383"},{"arcs":[[1687,-1580,1688,1689,1690,1691]],"type":"Polygon","properties":{"geoid":"47119","name":"Maury"},"id":"47119"},{"arcs":[[1692,-1474,1693,-881,1694]],"type":"Polygon","properties":{"geoid":"08111","name":"San Juan"},"id":"08111"},{"arcs":[[1695,1696,1697,1698,-1506]],"type":"Polygon","properties":{"geoid":"48301","name":"Loving"},"id":"48301"},{"arcs":[[1699,1700,1701,1702,1703,1704,1705]],"type":"Polygon","properties":{"geoid":"30089","name":"Sanders"},"id":"30089"},{"arcs":[[1706,1707,1708,1709]],"type":"Polygon","properties":{"geoid":"54057","name":"Mineral"},"id":"54057"},{"arcs":[[-1039,1710,1711,1712]],"type":"Polygon","properties":{"geoid":"47127","name":"Moore"},"id":"47127"},{"arcs":[[[-1446,1713,1714,1715,-1570]],[[-1572,1716,1717]]],"type":"MultiPolygon","properties":{"geoid":"47167","name":"Tipton"},"id":"47167"},{"arcs":[[1718,1719,1720,1721,1722,1723,1724,1725]],"type":"Polygon","properties":{"geoid":"51199","name":"York"},"id":"51199"},{"arcs":[[1726,1727,1728,1729,1730,1731,1732,1733]],"type":"Polygon","properties":{"geoid":"48213","name":"Henderson"},"id":"48213"},{"arcs":[[1734,1735,1736,1737,1738,-90]],"type":"Polygon","properties":{"geoid":"09001","name":"Fairfield"},"id":"09001"},{"arcs":[[1739,1740,1741,1742,1743]],"type":"Polygon","properties":{"geoid":"48329","name":"Midland"},"id":"48329"},{"arcs":[[1744,1745,-1526,1746,1747,-1149,1748,1749,1750,1751]],"type":"Polygon","properties":{"geoid":"47035","name":"Cumberland"},"id":"47035"},{"arcs":[[1752,1753,1754,1755,1756,1757]],"type":"Polygon","properties":{"geoid":"47079","name":"Henry"},"id":"47079"},{"arcs":[[-1151,1758,1759,1760,-1432]],"type":"Polygon","properties":{"geoid":"47121","name":"Meigs"},"id":"47121"},{"arcs":[[-1137,1761,1762,1763,-1037,1764,-1578]],"type":"Polygon","properties":{"geoid":"47149","name":"Rutherford"},"id":"47149"},{"arcs":[[1765,1766,1767,1768,1769,1770]],"type":"Polygon","properties":{"geoid":"12093","name":"Okeechobee"},"id":"12093"},{"arcs":[[-1689,-1579,-1765,-1041,1771,1772]],"type":"Polygon","properties":{"geoid":"47117","name":"Marshall"},"id":"47117"},{"arcs":[[1773,1774,1775,1776,1777,1778,1779,1780]],"type":"Polygon","properties":{"geoid":"47163","name":"Sullivan"},"id":"47163"},{"arcs":[[-1038,-1764,1781,1782,1783,1784,-1711]],"type":"Polygon","properties":{"geoid":"47031","name":"Coffee"},"id":"47031"},{"arcs":[[-479,1785,-472,-362]],"type":"Polygon","properties":{"geoid":"13209","name":"Montgomery"},"id":"13209"},{"arcs":[[1786,1787,-916,1788,-1248]],"type":"Polygon","properties":{"geoid":"48043","name":"Brewster"},"id":"48043"},{"arcs":[[-1103,1789,1790,1791,1792,1793]],"type":"Polygon","properties":{"geoid":"48039","name":"Brazoria"},"id":"48039"},{"arcs":[[1794,1795,1796,1797,1798,-178,1799]],"type":"Polygon","properties":{"geoid":"25023","name":"Plymouth"},"id":"25023"},{"arcs":[[1800,1801,1802,1803,1804,1805,1806]],"type":"Polygon","properties":{"geoid":"45003","name":"Aiken"},"id":"45003"},{"arcs":[[1807,1808,1809,-742,1810,1811]],"type":"Polygon","properties":{"geoid":"20071","name":"Greeley"},"id":"20071"},{"arcs":[[1812,1813,1814,1815,1816,-914]],"type":"Polygon","properties":{"geoid":"48465","name":"Val Verde"},"id":"48465"},{"arcs":[[1817,1818,1819,1820,1821,1822,1823]],"type":"Polygon","properties":{"geoid":"36075","name":"Oswego"},"id":"36075"},{"arcs":[[1824,1825,1826,1827,1828,1829]],"type":"Polygon","properties":{"geoid":"38095","name":"Towner"},"id":"38095"},{"arcs":[[1830,1831,1832,1833,-712,1834,1835]],"type":"Polygon","properties":{"geoid":"17031","name":"Cook"},"id":"17031"},{"arcs":[[[1836]],[[1837]],[[1838,1839,-284,1840,-298]]],"type":"MultiPolygon","properties":{"geoid":"06037","name":"Los Angeles"},"id":"06037"},{"arcs":[[1841,1842,1843,1844,1845,1846,1847]],"type":"Polygon","properties":{"geoid":"39095","name":"Lucas"},"id":"39095"},{"arcs":[[1848,-378,1849,1850,-1227,1851,1852,1853]],"type":"Polygon","properties":{"geoid":"54059","name":"Mingo"},"id":"54059"},{"arcs":[[1854,1855,1856,1857,1858,1859]],"type":"Polygon","properties":{"geoid":"39127","name":"Perry"},"id":"39127"},{"arcs":[[1860,1861,1862,1863,1864,1865]],"type":"Polygon","properties":{"geoid":"46041","name":"Dewey"},"id":"46041"},{"arcs":[[-191,1866,1867,1868,1869,-925]],"type":"Polygon","properties":{"geoid":"04005","name":"Coconino"},"id":"04005"},{"arcs":[[1870,1871,1872,1873]],"type":"Polygon","properties":{"geoid":"48125","name":"Dickens"},"id":"48125"},{"arcs":[[1874,1875,1876,1877,-705,1878,1879]],"type":"Polygon","properties":{"geoid":"05001","name":"Arkansas"},"id":"05001"},{"arcs":[[1880,1881,1882,1883,1884,1885]],"type":"Polygon","properties":{"geoid":"19177","name":"Van Buren"},"id":"19177"},{"arcs":[[1886,1887,1888,1889,1890]],"type":"Polygon","properties":{"geoid":"27023","name":"Chippewa"},"id":"27023"},{"arcs":[[-701,1891,1892,1893,1894,1895]],"type":"Polygon","properties":{"geoid":"01087","name":"Macon"},"id":"01087"},{"arcs":[[1896,1897,-1880,1898,1899,1900]],"type":"Polygon","properties":{"geoid":"05069","name":"Jefferson"},"id":"05069"},{"arcs":[[1901,1902,-254,1903,1904,1905,1906]],"type":"Polygon","properties":{"geoid":"05091","name":"Miller"},"id":"05091"},{"arcs":[[1907,1908,1909,-281,1910]],"type":"Polygon","properties":{"geoid":"06065","name":"Riverside"},"id":"06065"},{"arcs":[[1911,1912,1913,1914,1915,1916]],"type":"Polygon","properties":{"geoid":"06101","name":"Sutter"},"id":"06101"},{"arcs":[[1917,-1916,1918,1919,1920,1921]],"type":"Polygon","properties":{"geoid":"06113","name":"Yolo"},"id":"06113"},{"arcs":[[-34,1922,1923,1924,1925]],"type":"Polygon","properties":{"geoid":"08065","name":"Lake"},"id":"08065"},{"arcs":[[1926,1927,1928,-39,1929]],"type":"Polygon","properties":{"geoid":"42005","name":"Armstrong"},"id":"42005"},{"arcs":[[1930,1931,-1552,1932,1933,1934]],"type":"Polygon","properties":{"geoid":"13133","name":"Greene"},"id":"13133"},{"arcs":[[1935,1936,1937,1938,1939,1940]],"type":"Polygon","properties":{"geoid":"48289","name":"Leon"},"id":"48289"},{"arcs":[[1941,1942,1943,1944,1945,1946]],"type":"Polygon","properties":{"geoid":"20163","name":"Rooks"},"id":"20163"},{"arcs":[[1947,-826,-844,1948,1949,1950,1951]],"type":"Polygon","properties":{"geoid":"53005","name":"Benton"},"id":"53005"},{"arcs":[[1952,1953,1954,1955]],"type":"Polygon","properties":{"geoid":"45009","name":"Bamberg"},"id":"45009"},{"arcs":[[1956,1957,-315,1958]],"type":"Polygon","properties":{"geoid":"53011","name":"Clark"},"id":"53011"},{"arcs":[[1959,1960,1961,1962,1963,1964,1965]],"type":"Polygon","properties":{"geoid":"51097","name":"King and Queen"},"id":"51097"},{"arcs":[[1966,1967,1968,1969,1970,1971,1972]],"type":"Polygon","properties":{"geoid":"38017","name":"Cass"},"id":"38017"},{"arcs":[[-997,1973,-1907,1974,1975,-1241]],"type":"Polygon","properties":{"geoid":"48037","name":"Bowie"},"id":"48037"},{"arcs":[[1976,1977,1978,1979,1980]],"type":"Polygon","properties":{"geoid":"42041","name":"Cumberland"},"id":"42041"},{"arcs":[[1981,1982,1983,1984,1985]],"type":"Polygon","properties":{"geoid":"30057","name":"Madison"},"id":"30057"},{"arcs":[[1986,1987,-88,1988,-199,1989,1990,1991,-185,1992]],"type":"Polygon","properties":{"geoid":"25027","name":"Worcester"},"id":"25027"},{"arcs":[[1993,1994,1995,-1931,1996,1997]],"type":"Polygon","properties":{"geoid":"13219","name":"Oconee"},"id":"13219"},{"arcs":[[1998,1999,2000,2001,2002]],"type":"Polygon","properties":{"geoid":"48023","name":"Baylor"},"id":"48023"},{"arcs":[[2003,2004,2005,2006,2007,2008]],"type":"Polygon","properties":{"geoid":"51037","name":"Charlotte"},"id":"51037"},{"arcs":[[-1828,2009,2010,2011,2012,2013]],"type":"Polygon","properties":{"geoid":"38005","name":"Benson"},"id":"38005"},{"arcs":[[2014,2015,2016,-1297,2017,2018]],"type":"Polygon","properties":{"geoid":"30071","name":"Phillips"},"id":"30071"},{"arcs":[[2019,2020,2021,2022,2023,2024,-610,2025]],"type":"Polygon","properties":{"geoid":"27089","name":"Marshall"},"id":"27089"},{"arcs":[[2026,2027,2028,2029,2030,2031,2032]],"type":"Polygon","properties":{"geoid":"27163","name":"Washington"},"id":"27163"},{"arcs":[[2033,2034,2035,2036,2037]],"type":"Polygon","properties":{"geoid":"48229","name":"Hudspeth"},"id":"48229"},{"arcs":[[2038,2039,2040,2041]],"type":"Polygon","properties":{"geoid":"41061","name":"Union"},"id":"41061"},{"arcs":[[2042,2043,2044,2045,2046]],"type":"Polygon","properties":{"geoid":"16027","name":"Canyon"},"id":"16027"},{"arcs":[[[2047,2048,2049,2050]],[[2051]],[[2052,2053]]],"type":"MultiPolygon","properties":{"geoid":"12071","name":"Lee"},"id":"12071"},{"arcs":[[2054,2055,2056,2057,2058,2059]],"type":"Polygon","properties":{"geoid":"29099","name":"Jefferson"},"id":"29099"},{"arcs":[[2060,2061,2062,-726,2063,2064,-476]],"type":"Polygon","properties":{"geoid":"13267","name":"Tattnall"},"id":"13267"},{"arcs":[[-260,2065,-965,2066,2067]],"type":"Polygon","properties":{"geoid":"49019","name":"Grand"},"id":"49019"},{"arcs":[[2068,2069,-353,2070,2071]],"type":"Polygon","properties":{"geoid":"26137","name":"Otsego"},"id":"26137"},{"arcs":[[2072,2073,-194,2074,2075]],"type":"Polygon","properties":{"geoid":"37069","name":"Franklin"},"id":"37069"},{"arcs":[[-1823,2076,2077,2078]],"type":"Polygon","properties":{"geoid":"36067","name":"Onondaga"},"id":"36067"},{"arcs":[[2079,2080,2081,2082,2083,2084,2085,2086]],"type":"Polygon","properties":{"geoid":"28143","name":"Tunica"},"id":"28143"},{"arcs":[[2087,2088,2089,-21,2090,-1312]],"type":"Polygon","properties":{"geoid":"16029","name":"Caribou"},"id":"16029"},{"arcs":[[2091,2092,2093,-1734,2094,2095,2096]],"type":"Polygon","properties":{"geoid":"48139","name":"Ellis"},"id":"48139"},{"arcs":[[2097,2098,-959,2099,2100,2101]],"type":"Polygon","properties":{"geoid":"16083","name":"Twin Falls"},"id":"16083"},{"arcs":[[2102,2103,2104,2105,-1211,2106]],"type":"Polygon","properties":{"geoid":"54031","name":"Hardy"},"id":"54031"},{"arcs":[[2107,-509,2108,2109,2110,2111,2112]],"type":"Polygon","properties":{"geoid":"12001","name":"Alachua"},"id":"12001"},{"arcs":[[2113,2114,2115,2116,2117,2118,2119]],"type":"Polygon","properties":{"geoid":"23025","name":"Somerset"},"id":"23025"},{"arcs":[[2120,-526,2121,2122]],"type":"Polygon","properties":{"geoid":"41003","name":"Benton"},"id":"41003"},{"arcs":[[2123,2124,2125,2126,2127,2128]],"type":"Polygon","properties":{"geoid":"22117","name":"Washington"},"id":"22117"},{"arcs":[[2129,2130,2131,2132]],"type":"Polygon","properties":{"geoid":"51133","name":"Northumberland"},"id":"51133"},{"arcs":[[2133,2134,-1985,2135,2136,2137,2138,2139]],"type":"Polygon","properties":{"geoid":"16043","name":"Fremont"},"id":"16043"},{"arcs":[[2140,-387,2141,2142,2143]],"type":"Polygon","properties":{"geoid":"42095","name":"Northampton"},"id":"42095"},{"arcs":[[2144,2145,2146,2147,2148]],"type":"Polygon","properties":{"geoid":"48025","name":"Bee"},"id":"48025"},{"arcs":[[2149,2150,2151,2152,-487,2153,2154]],"type":"Polygon","properties":{"geoid":"29207","name":"Stoddard"},"id":"29207"},{"arcs":[[2155,2156,2157,2158,2159,2160]],"type":"Polygon","properties":{"geoid":"20133","name":"Neosho"},"id":"20133"},{"arcs":[[2161,2162,2163,2164,2165,2166,2167]],"type":"Polygon","properties":{"geoid":"40075","name":"Kiowa"},"id":"40075"},{"arcs":[[2168,2169,-544,2170,2171]],"type":"Polygon","properties":{"geoid":"24011","name":"Caroline"},"id":"24011"},{"arcs":[[2172,2173,-1922,2174,2175,2176]],"type":"Polygon","properties":{"geoid":"06033","name":"Lake"},"id":"06033"},{"arcs":[[2177,-1448,2178,2179,2180]],"type":"Polygon","properties":{"geoid":"06039","name":"Madera"},"id":"06039"},{"arcs":[[2181,2182,2183,2184,2185]],"type":"Polygon","properties":{"geoid":"06099","name":"Stanislaus"},"id":"06099"},{"arcs":[[2186,2187,2188,2189,2190,2191]],"type":"Polygon","properties":{"geoid":"45079","name":"Richland"},"id":"45079"},{"arcs":[[2192,2193,2194,2195,2196]],"type":"Polygon","properties":{"geoid":"45021","name":"Cherokee"},"id":"45021"},{"arcs":[[2197,2198,-1296,2199,2200,2201]],"type":"Polygon","properties":{"geoid":"12077","name":"Liberty"},"id":"12077"},{"arcs":[[2202,2203,2204,2205,2206]],"type":"Polygon","properties":{"geoid":"33017","name":"Strafford"},"id":"33017"},{"arcs":[[2207,2208,2209,2210,2211,2212,2213,2214]],"type":"Polygon","properties":{"geoid":"37033","name":"Caswell"},"id":"37033"},{"arcs":[[2215,2216,2217,2218,2219,2220]],"type":"Polygon","properties":{"geoid":"54067","name":"Nicholas"},"id":"54067"},{"arcs":[[2221,2222,2223,2224,2225]],"type":"Polygon","properties":{"geoid":"31071","name":"Garfield"},"id":"31071"},{"arcs":[[-690,-208,2226,-1707,2227,2228]],"type":"Polygon","properties":{"geoid":"24023","name":"Garrett"},"id":"24023"},{"arcs":[[2229,-1453,2230,2231,2232]],"type":"Polygon","properties":{"geoid":"22101","name":"St. Mary"},"id":"22101"},{"arcs":[[-390,2233,2234,-1766,-1068]],"type":"Polygon","properties":{"geoid":"12097","name":"Osceola"},"id":"12097"},{"arcs":[[[2235]],[[2236]],[[2237]],[[2238,2239]]],"type":"MultiPolygon","properties":{"geoid":"15009","name":"Maui"},"id":"15009"},{"arcs":[[2240,2241,2242,2243,2244,2245,2246]],"type":"Polygon","properties":{"geoid":"39061","name":"Hamilton"},"id":"39061"},{"arcs":[[2247,2248,2249,-628,2250,2251]],"type":"Polygon","properties":{"geoid":"18061","name":"Harrison"},"id":"18061"},{"arcs":[[2252,2253,2254,2255,2256]],"type":"Polygon","properties":{"geoid":"19063","name":"Emmet"},"id":"19063"},{"arcs":[[2257,2258,2259,2260,2261,2262]],"type":"Polygon","properties":{"geoid":"48203","name":"Harrison"},"id":"48203"},{"arcs":[[2263,2264,-278,2265,2266,2267,2268]],"type":"Polygon","properties":{"geoid":"42127","name":"Wayne"},"id":"42127"},{"arcs":[[2269,-1654,-1477,2270,2271]],"type":"Polygon","properties":{"geoid":"30083","name":"Richland"},"id":"30083"},{"arcs":[[2272,-1946,2273,2274,2275]],"type":"Polygon","properties":{"geoid":"20195","name":"Trego"},"id":"20195"},{"arcs":[[2276,2277,2278,2279]],"type":"Polygon","properties":{"geoid":"51145","name":"Powhatan"},"id":"51145"},{"arcs":[[2280,2281,-1028,2282,-2004,2283,2284]],"type":"Polygon","properties":{"geoid":"51031","name":"Campbell"},"id":"51031"},{"arcs":[[2285,2286,2287,2288,2289]],"type":"Polygon","properties":{"geoid":"53031","name":"Jefferson"},"id":"53031"},{"arcs":[[2290,2291,2292,2293,2294,2295,2296]],"type":"Polygon","properties":{"geoid":"50027","name":"Windsor"},"id":"50027"},{"arcs":[[2297,2298,2299,2300,2301]],"type":"Polygon","properties":{"geoid":"37121","name":"Mitchell"},"id":"37121"},{"arcs":[[2302,2303,-1927,2304,2305]],"type":"Polygon","properties":{"geoid":"42031","name":"Clarion"},"id":"42031"},{"arcs":[[2306,2307,2308,2309,2310]],"type":"Polygon","properties":{"geoid":"05037","name":"Cross"},"id":"05037"},{"arcs":[[-1955,2311,2312,2313,2314]],"type":"Polygon","properties":{"geoid":"45005","name":"Allendale"},"id":"45005"},{"arcs":[[[2315]],[[2316]],[[2317]],[[2318]]],"type":"MultiPolygon","properties":{"geoid":"53055","name":"San Juan"},"id":"53055"},{"arcs":[[2319,-291,2320,2321]],"type":"Polygon","properties":{"geoid":"36113","name":"Warren"},"id":"36113"},{"arcs":[[-774,2322,2323,2324,-1145,-1615,2325]],"type":"Polygon","properties":{"geoid":"37049","name":"Craven"},"id":"37049"},{"arcs":[[[2326]],[[2327]],[[-1421,2328]],[[2329,2330]]],"type":"MultiPolygon","properties":{"geoid":"37055","name":"Dare"},"id":"37055"},{"arcs":[[2331,2332,2333,2334,2335,2336]],"type":"Polygon","properties":{"geoid":"36051","name":"Livingston"},"id":"36051"},{"arcs":[[2337,2338,2339,2340,2341,2342]],"type":"Polygon","properties":{"geoid":"18021","name":"Clay"},"id":"18021"},{"arcs":[[2343,2344,2345,2346,2347,-2055,2348]],"type":"Polygon","properties":{"geoid":"29189","name":"St. Louis"},"id":"29189"},{"arcs":[[2349,-341,2350,2351,2352,2353]],"type":"Polygon","properties":{"geoid":"29195","name":"Saline"},"id":"29195"},{"arcs":[[2354,2355,2356,2357,2358,2359,2360]],"type":"Polygon","properties":{"geoid":"34011","name":"Cumberland"},"id":"34011"},{"arcs":[[-385,2361,2362,-1031,2363]],"type":"Polygon","properties":{"geoid":"34019","name":"Hunterdon"},"id":"34019"},{"arcs":[[2364,-1395,2365,2366]],"type":"Polygon","properties":{"geoid":"56035","name":"Sublette"},"id":"56035"},{"arcs":[[2367,-2131,2368]],"type":"Polygon","properties":{"geoid":"51103","name":"Lancaster"},"id":"51103"},{"arcs":[[2369,2370,2371,2372,2373,2374]],"type":"Polygon","properties":{"geoid":"17027","name":"Clinton"},"id":"17027"},{"arcs":[[2375,2376,2377,2378,2379]],"type":"Polygon","properties":{"geoid":"48103","name":"Crane"},"id":"48103"},{"arcs":[[2380,2381,2382,-1073,2383,2384]],"type":"Polygon","properties":{"geoid":"55057","name":"Juneau"},"id":"55057"},{"arcs":[[2385,2386,-1807,2387,-1062,2388]],"type":"Polygon","properties":{"geoid":"13245","name":"Richmond"},"id":"13245"},{"arcs":[[2389,2390,2391,2392,2393]],"type":"Polygon","properties":{"geoid":"37047","name":"Columbus"},"id":"37047"},{"arcs":[[2394,-2300,2395,2396,2397,2398]],"type":"Polygon","properties":{"geoid":"37111","name":"McDowell"},"id":"37111"},{"arcs":[[2399,2400,2401,2402,2403,2404,2405]],"type":"Polygon","properties":{"geoid":"56027","name":"Niobrara"},"id":"56027"},{"arcs":[[2406,2407,2408,2409,2410,2411]],"type":"Polygon","properties":{"geoid":"36009","name":"Cattaraugus"},"id":"36009"},{"arcs":[[2412,2413,2414,2415,-2152,2416]],"type":"Polygon","properties":{"geoid":"29031","name":"Cape Girardeau"},"id":"29031"},{"arcs":[[2417,-1890,2418,2419,-671,2420,2421]],"type":"Polygon","properties":{"geoid":"27173","name":"Yellow Medicine"},"id":"27173"},{"arcs":[[2422,2423,2424,2425,-1392]],"type":"Polygon","properties":{"geoid":"56025","name":"Natrona"},"id":"56025"},{"arcs":[[2426,2427,2428,-270,-83]],"type":"Polygon","properties":{"geoid":"25009","name":"Essex"},"id":"25009"},{"arcs":[[2429,-867,2430,-869,2431,-1546,2432,2433,2434,-1011,-876]],"type":"Polygon","properties":{"geoid":"08005","name":"Arapahoe"},"id":"08005"},{"arcs":[[2435,2436,2437,2438,2439]],"type":"Polygon","properties":{"geoid":"13171","name":"Lamar"},"id":"13171"},{"arcs":[[-2190,2440,-164,2441,2442]],"type":"Polygon","properties":{"geoid":"45017","name":"Calhoun"},"id":"45017"},{"arcs":[[2443,2444,2445,2446,2447,2448]],"type":"Polygon","properties":{"geoid":"13007","name":"Baker"},"id":"13007"},{"arcs":[[-2046,2449,2450,-2101,2451,2452,2453]],"type":"Polygon","properties":{"geoid":"16073","name":"Owyhee"},"id":"16073"},{"arcs":[[2454,2455,2456,2457,2458,2459]],"type":"Polygon","properties":{"geoid":"47029","name":"Cocke"},"id":"47029"},{"arcs":[[2460,2461,2462,2463,-2267]],"type":"Polygon","properties":{"geoid":"42103","name":"Pike"},"id":"42103"},{"arcs":[[2464,-1977,2465,2466]],"type":"Polygon","properties":{"geoid":"42099","name":"Perry"},"id":"42099"},{"arcs":[[2467,2468,2469,2470,-1095,2471]],"type":"Polygon","properties":{"geoid":"28083","name":"Leflore"},"id":"28083"},{"arcs":[[2472,-503,-2467,2473,2474,2475]],"type":"Polygon","properties":{"geoid":"42067","name":"Juniata"},"id":"42067"},{"arcs":[[2476,2477,2478,2479,2480]],"type":"Polygon","properties":{"geoid":"06081","name":"San Mateo"},"id":"06081"},{"arcs":[[2481,2482,2483,2484,2485,2486,-1080,2487]],"type":"Polygon","properties":{"geoid":"49043","name":"Summit"},"id":"49043"},{"arcs":[[2488,2489,2490,-1055,2491]],"type":"Polygon","properties":{"geoid":"41033","name":"Josephine"},"id":"41033"},{"arcs":[[2492,2493,2494,2495,-1134,-112,2496]],"type":"Polygon","properties":{"geoid":"47147","name":"Robertson"},"id":"47147"},{"arcs":[[2497,2498,2499,2500,2501]],"type":"Polygon","properties":{"geoid":"18149","name":"Starke"},"id":"18149"},{"arcs":[[2502,2503,2504,2505,2506,-1407]],"type":"Polygon","properties":{"geoid":"20057","name":"Ford"},"id":"20057"},{"arcs":[[2507,2508,2509,2510,2511,2512,-486,2513,2514,2515],[2516]],"type":"Polygon","properties":{"geoid":"51059","name":"Fairfax"},"id":"51059"},{"arcs":[[2517,2518,2519,2520,2521,2522,2523]],"type":"Polygon","properties":{"geoid":"05015","name":"Carroll"},"id":"05015"},{"arcs":[[2524,2525,-1891,-2418,2526,2527]],"type":"Polygon","properties":{"geoid":"27073","name":"Lac qui Parle"},"id":"27073"},{"arcs":[[2528,2529,2530,-238,2531,-1970]],"type":"Polygon","properties":{"geoid":"27027","name":"Clay"},"id":"27027"},{"arcs":[[[-446,-1456,2532,2533,-1451,-2230,2534,-571]],[[2535]]],"type":"MultiPolygon","properties":{"geoid":"22045","name":"Iberia"},"id":"22045"},{"arcs":[[2536,2537,2538,-2529,-1969,2539]],"type":"Polygon","properties":{"geoid":"27107","name":"Norman"},"id":"27107"},{"arcs":[[2540,2541,2542,2543,2544],[2545]],"type":"Polygon","properties":{"geoid":"51089","name":"Henry"},"id":"51089"},{"arcs":[[-2119,2546,2547,2548,2549]],"type":"Polygon","properties":{"geoid":"23007","name":"Franklin"},"id":"23007"},{"arcs":[[2550,2551,-2021,2552]],"type":"Polygon","properties":{"geoid":"27069","name":"Kittson"},"id":"27069"},{"arcs":[[2553,2554,2555,2556,2557]],"type":"Polygon","properties":{"geoid":"55131","name":"Washington"},"id":"55131"},{"arcs":[[-370,2558,2559,2560,2561,2562,2563]],"type":"Polygon","properties":{"geoid":"45057","name":"Lancaster"},"id":"45057"},{"arcs":[[2564,2565,-1664,2566,2567,-886,2568,2569],[2570]],"type":"Polygon","properties":{"geoid":"51003","name":"Albemarle"},"id":"51003"},{"arcs":[[2571,-2394,2572,2573,-784,2574]],"type":"Polygon","properties":{"geoid":"45051","name":"Horry"},"id":"45051"},{"arcs":[[-624,2575,2576,2577,2578,2579,-637,2580]],"type":"Polygon","properties":{"geoid":"22013","name":"Bienville"},"id":"22013"},{"arcs":[[2581,-1461,2582,2583,-1303,2584]],"type":"Polygon","properties":{"geoid":"21043","name":"Carter"},"id":"21043"},{"arcs":[[2585,2586,2587,-226,2588,2589]],"type":"Polygon","properties":{"geoid":"48469","name":"Victoria"},"id":"48469"},{"arcs":[[2590,2591,2592,2593,2594,2595]],"type":"Polygon","properties":{"geoid":"55075","name":"Marinette"},"id":"55075"},{"arcs":[[2596,2597,2598,2599,2600]],"type":"Polygon","properties":{"geoid":"19083","name":"Hardin"},"id":"19083"},{"arcs":[[2603,2604]],"type":"Polygon","properties":{"geoid":"06041","name":"Marin"},"id":"06041"},{"arcs":[[2605,2606,-402,2607,2608,2609]],"type":"Polygon","properties":{"geoid":"05121","name":"Randolph"},"id":"05121"},{"arcs":[[2610,2611,2612,2613,2614]],"type":"Polygon","properties":{"geoid":"13157","name":"Jackson"},"id":"13157"},{"arcs":[[2615,2616,2617,2618,-1666,2619,-2104],[2620]],"type":"Polygon","properties":{"geoid":"51069","name":"Frederick"},"id":"51069"},{"arcs":[[2621,2622,2623,2624,2625]],"type":"Polygon","properties":{"geoid":"34013","name":"Essex"},"id":"34013"},{"arcs":[[2626,2627,2628,2629,2630,2631]],"type":"Polygon","properties":{"geoid":"48199","name":"Hardin"},"id":"48199"},{"arcs":[[2632,2633,2634,2635,-812,2636]],"type":"Polygon","properties":{"geoid":"20131","name":"Nemaha"},"id":"20131"},{"arcs":[[-1869,2637,2638,2639,2640,2641]],"type":"Polygon","properties":{"geoid":"04007","name":"Gila"},"id":"04007"},{"arcs":[[2642,2643,2644,-1876,2645]],"type":"Polygon","properties":{"geoid":"05117","name":"Prairie"},"id":"05117"},{"arcs":[[2646,-1614,2647,-1814,2648]],"type":"Polygon","properties":{"geoid":"48435","name":"Sutton"},"id":"48435"},{"arcs":[[2649,2650,-1105,2651,-218,-2588]],"type":"Polygon","properties":{"geoid":"48239","name":"Jackson"},"id":"48239"},{"arcs":[[2652,2653,2654,2655,2656]],"type":"Polygon","properties":{"geoid":"21217","name":"Taylor"},"id":"21217"},{"arcs":[[2657,2658,2659,2660,2661]],"type":"Polygon","properties":{"geoid":"06079","name":"San Luis Obispo"},"id":"06079"},{"arcs":[[-277,2662,2663,-2461,-2266]],"type":"Polygon","properties":{"geoid":"36105","name":"Sullivan"},"id":"36105"},{"arcs":[[2664,2665,-2041,2666,2667,2668,2669,2670]],"type":"Polygon","properties":{"geoid":"41023","name":"Grant"},"id":"41023"},{"arcs":[[-944,2671,2672,2673,-1872]],"type":"Polygon","properties":{"geoid":"48269","name":"King"},"id":"48269"},{"arcs":[[2674,2675,2676,2677,2678,2679,2680]],"type":"Polygon","properties":{"geoid":"13031","name":"Bulloch"},"id":"13031"},{"arcs":[[2681,-708,2682,2683,2684,2685,-1638,2686,2687]],"type":"Polygon","properties":{"geoid":"05017","name":"Chicot"},"id":"05017"},{"arcs":[[2688,2689,2690,2691]],"type":"Polygon","properties":{"geoid":"48311","name":"McMullen"},"id":"48311"},{"arcs":[[2692,-1695,2693,2694]],"type":"Polygon","properties":{"geoid":"08033","name":"Dolores"},"id":"08033"},{"arcs":[[2695,2696,2697,2698,-769,2699,2700,2701]],"type":"Polygon","properties":{"geoid":"42033","name":"Clearfield"},"id":"42033"},{"arcs":[[2702,2703,2704,2705,2706,2707]],"type":"Polygon","properties":{"geoid":"16085","name":"Valley"},"id":"16085"},{"arcs":[[2708,2709,-2068,2710,2711]],"type":"Polygon","properties":{"geoid":"49015","name":"Emery"},"id":"49015"},{"arcs":[[[2712,2713,2714,-1536,2715]],[[2716]],[[2717,2718,2719]]],"type":"MultiPolygon","properties":{"geoid":"53053","name":"Pierce"},"id":"53053"},{"arcs":[[2720,2721,2722,-1087,-903,2723]],"type":"Polygon","properties":{"geoid":"54095","name":"Tyler"},"id":"54095"},{"arcs":[[2724,2725,2726,2727]],"type":"Polygon","properties":{"geoid":"36059","name":"Nassau"},"id":"36059"},{"arcs":[[2728,2729,2730,2731,2732,-54,2733]],"type":"Polygon","properties":{"geoid":"48027","name":"Bell"},"id":"48027"},{"arcs":[[-1486,2734,2735,2736,2737]],"type":"Polygon","properties":{"geoid":"24029","name":"Kent"},"id":"24029"},{"arcs":[[2738,2739,2740,-2330,2741,2742]],"type":"Polygon","properties":{"geoid":"37095","name":"Hyde"},"id":"37095"},{"arcs":[[2743,2744,2745,2746,2747]],"type":"Polygon","properties":{"geoid":"45053","name":"Jasper"},"id":"45053"},{"arcs":[[-1164,2748,2749,2750,-2248,2751,2752,2753]],"type":"Polygon","properties":{"geoid":"18175","name":"Washington"},"id":"18175"},{"arcs":[[2754,2755,2756,2757,2758,2759,2760]],"type":"Polygon","properties":{"geoid":"18051","name":"Gibson"},"id":"18051"},{"arcs":[[2761,-1900,2762,2763,2764,2765,2766]],"type":"Polygon","properties":{"geoid":"05025","name":"Cleveland"},"id":"05025"},{"arcs":[[-2008,2767,2768,2769,2770,2771,2772]],"type":"Polygon","properties":{"geoid":"51117","name":"Mecklenburg"},"id":"51117"},{"arcs":[[2773,-295,2774,-1553,2775,2776]],"type":"Polygon","properties":{"geoid":"13291","name":"Union"},"id":"13291"},{"arcs":[[2777,2778,-1060,2779,2780,-1550]],"type":"Polygon","properties":{"geoid":"13301","name":"Warren"},"id":"13301"},{"arcs":[[2781,2782,2783,2784,2785,-604]],"type":"Polygon","properties":{"geoid":"32001","name":"Churchill"},"id":"32001"},{"arcs":[[2786,2787,-2412,2788,2789]],"type":"Polygon","properties":{"geoid":"36013","name":"Chautauqua"},"id":"36013"},{"arcs":[[2790,-729,2791,-995]],"type":"Polygon","properties":{"geoid":"05133","name":"Sevier"},"id":"05133"},{"arcs":[[2792,2793,2794,2795,2796]],"type":"Polygon","properties":{"geoid":"20023","name":"Cheyenne"},"id":"20023"},{"arcs":[[2797,-968,-583,2798,-1966,2799,-984]],"type":"Polygon","properties":{"geoid":"51033","name":"Caroline"},"id":"51033"},{"arcs":[[2800,2801,2802,2803,2804]],"type":"Polygon","properties":{"geoid":"48353","name":"Nolan"},"id":"48353"},{"arcs":[[-196,2805,2806,-771,2807]],"type":"Polygon","properties":{"geoid":"37065","name":"Edgecombe"},"id":"37065"},{"arcs":[[2808,2809,2810,-76,2811,-1443,-1569]],"type":"Polygon","properties":{"geoid":"47045","name":"Dyer"},"id":"47045"},{"arcs":[[2812,2813,2814,2815,2816,2817]],"type":"Polygon","properties":{"geoid":"01055","name":"Etowah"},"id":"01055"},{"arcs":[[2818,2819,2820,2821,2822,2823]],"type":"Polygon","properties":{"geoid":"01131","name":"Wilcox"},"id":"01131"},{"arcs":[[2824,2825,2826,2827]],"type":"Polygon","properties":{"geoid":"01035","name":"Conecuh"},"id":"01035"},{"arcs":[[2828,2829,2830,-1107,2831]],"type":"Polygon","properties":{"geoid":"48127","name":"Dimmit"},"id":"48127"},{"arcs":[[-1675,2832,2833,2834,2835,2836]],"type":"Polygon","properties":{"geoid":"21165","name":"Menifee"},"id":"21165"},{"arcs":[[-2817,2837,2838,2839,2840,2841]],"type":"Polygon","properties":{"geoid":"01115","name":"St. Clair"},"id":"01115"},{"arcs":[[2842,2843,-2796,2844,2845,2846,2847]],"type":"Polygon","properties":{"geoid":"08063","name":"Kit Carson"},"id":"08063"},{"arcs":[[-1835,-711,2848]],"type":"Polygon","properties":{"geoid":"17043","name":"DuPage"},"id":"17043"},{"arcs":[[[2849]],[[2850,2851,2852,2853,-1123]]],"type":"MultiPolygon","properties":{"geoid":"26003","name":"Alger"},"id":"26003"},{"arcs":[[-2040,2854,2855,2856,2857,-2667]],"type":"Polygon","properties":{"geoid":"41001","name":"Baker"},"id":"41001"},{"arcs":[[2858,2859,2860,2861,2862]],"type":"Polygon","properties":{"geoid":"18027","name":"Daviess"},"id":"18027"},{"arcs":[[2863,-1475,-1693,-2693,2864]],"type":"Polygon","properties":{"geoid":"08113","name":"San Miguel"},"id":"08113"},{"arcs":[[2865,-2789,-2411,2866,2867,2868,2869]],"type":"Polygon","properties":{"geoid":"42123","name":"Warren"},"id":"42123"},{"arcs":[[2870,-2516,2871,-966,2872],[2873,2874]],"type":"Polygon","properties":{"geoid":"51153","name":"Prince William"},"id":"51153"},{"arcs":[[2875,-1187,2876,2877,2878,2879,2880]],"type":"Polygon","properties":{"geoid":"21125","name":"Laurel"},"id":"21125"},{"arcs":[[2881,2882,-2087,2883,2884,-706,-1878]],"type":"Polygon","properties":{"geoid":"05107","name":"Phillips"},"id":"05107"},{"arcs":[[2885,-1874,2886,2887]],"type":"Polygon","properties":{"geoid":"48107","name":"Crosby"},"id":"48107"},{"arcs":[[2888,2889,2890,2891,2892,2893,2894]],"type":"Polygon","properties":{"geoid":"21139","name":"Livingston"},"id":"21139"},{"arcs":[[2895,2896,-1854,2897,-1464,2898]],"type":"Polygon","properties":{"geoid":"21159","name":"Martin"},"id":"21159"},{"arcs":[[2899,2900,2901,2902,2903,2904]],"type":"Polygon","properties":{"geoid":"48087","name":"Collingsworth"},"id":"48087"},{"arcs":[[2905,2906,2907,2908,2909,2910]],"type":"Polygon","properties":{"geoid":"19027","name":"Carroll"},"id":"19027"},{"arcs":[[2911,-2646,-1875,-1898,2912,2913]],"type":"Polygon","properties":{"geoid":"05085","name":"Lonoke"},"id":"05085"},{"arcs":[[2914,2915,2916,2917,2918]],"type":"Polygon","properties":{"geoid":"48091","name":"Comal"},"id":"48091"},{"arcs":[[-653,2919,2920,2921,-1595,2922,2923,-395]],"type":"Polygon","properties":{"geoid":"47093","name":"Knox"},"id":"47093"},{"arcs":[[2924,2925,2926,-2114,2927]],"type":"Polygon","properties":{"geoid":"23003","name":"Aroostook"},"id":"23003"},{"arcs":[[2928,2929,2930,-2541,2931,2932]],"type":"Polygon","properties":{"geoid":"51067","name":"Franklin"},"id":"51067"},{"arcs":[[2933,2934,2935,2936,2937,2938]],"type":"Polygon","properties":{"geoid":"20095","name":"Kingman"},"id":"20095"},{"arcs":[[-549,2939,-1912,2940,2941,2942]],"type":"Polygon","properties":{"geoid":"06007","name":"Butte"},"id":"06007"},{"arcs":[[-1798,2943]],"type":"Polygon","properties":{"geoid":"25001","name":"Barnstable"},"id":"25001"},{"arcs":[[2944,2945,-2156,2946]],"type":"Polygon","properties":{"geoid":"20001","name":"Allen"},"id":"20001"},{"arcs":[[2947,-775,-2326,-1618,2948,2949]],"type":"Polygon","properties":{"geoid":"37107","name":"Lenoir"},"id":"37107"},{"arcs":[[2950,-2823,2951,2952,2953,-849]],"type":"Polygon","properties":{"geoid":"01025","name":"Clarke"},"id":"01025"},{"arcs":[[2954,2955,2956,2957,2958,2959]],"type":"Polygon","properties":{"geoid":"51181","name":"Surry"},"id":"51181"},{"arcs":[[2960,2961,2962,2963,2964,2965]],"type":"Polygon","properties":{"geoid":"48287","name":"Lee"},"id":"48287"},{"arcs":[[2966,2967,-2716,-1535,2968]],"type":"Polygon","properties":{"geoid":"53067","name":"Thurston"},"id":"53067"},{"arcs":[[2969,-122,2970,2971,-727]],"type":"Polygon","properties":{"geoid":"05109","name":"Pike"},"id":"05109"},{"arcs":[[-2374,2972,2973,2974,2975,2976]],"type":"Polygon","properties":{"geoid":"17189","name":"Washington"},"id":"17189"},{"arcs":[[-2025,2977,2978,2979,2980,2981,-2537,2982,-611]],"type":"Polygon","properties":{"geoid":"27119","name":"Polk"},"id":"27119"},{"arcs":[[2983,2984,2985,2986,2987,-2458]],"type":"Polygon","properties":{"geoid":"37115","name":"Madison"},"id":"37115"},{"arcs":[[2988,2989,2990,2991,-410,2992]],"type":"Polygon","properties":{"geoid":"27097","name":"Morrison"},"id":"27097"},{"arcs":[[2993,-2790,-2866,2994,2995]],"type":"Polygon","properties":{"geoid":"42049","name":"Erie"},"id":"42049"},{"arcs":[[2996,2997,2998,-1844,2999]],"type":"Polygon","properties":{"geoid":"26115","name":"Monroe"},"id":"26115"},{"arcs":[[3000,3001,-268,3002,-821,-1948,3003,3004]],"type":"Polygon","properties":{"geoid":"53025","name":"Grant"},"id":"53025"},{"arcs":[[3005,3006,3007,3008,3009,3010,3011]],"type":"Polygon","properties":{"geoid":"01111","name":"Randolph"},"id":"01111"},{"arcs":[[3012,-2942,3013,-2173,3014]],"type":"Polygon","properties":{"geoid":"06021","name":"Glenn"},"id":"06021"},{"arcs":[[-2312,3015,3016,-2744,3017,3018]],"type":"Polygon","properties":{"geoid":"45049","name":"Hampton"},"id":"45049"},{"arcs":[[3019,-894,3020,3021,3022]],"type":"Polygon","properties":{"geoid":"26099","name":"Macomb"},"id":"26099"},{"arcs":[[-1663,3023,-982,3024,3025,-2567]],"type":"Polygon","properties":{"geoid":"51109","name":"Louisa"},"id":"51109"},{"arcs":[[3026,3027,3028]],"type":"Polygon","properties":{"geoid":"26063","name":"Huron"},"id":"26063"},{"arcs":[[3029,-2172,3030,3031]],"type":"Polygon","properties":{"geoid":"24041","name":"Talbot"},"id":"24041"},{"arcs":[[3032,3033,3034,3035,3036,-754,3037,-2419,-1889]],"type":"Polygon","properties":{"geoid":"27129","name":"Renville"},"id":"27129"},{"arcs":[[3038,3039,-2591,3040]],"type":"Polygon","properties":{"geoid":"55037","name":"Florence"},"id":"55037"},{"arcs":[[3041,3042,3043,-1673,3044,3045]],"type":"Polygon","properties":{"geoid":"21069","name":"Fleming"},"id":"21069"},{"arcs":[[3046,3047,-2128,3048,3049,3050,3051]],"type":"Polygon","properties":{"geoid":"22105","name":"Tangipahoa"},"id":"22105"},{"arcs":[[-1731,3052,3053,-1938,3054]],"type":"Polygon","properties":{"geoid":"48001","name":"Anderson"},"id":"48001"},{"arcs":[[3055,-2862,3056,3057,-2757]],"type":"Polygon","properties":{"geoid":"18125","name":"Pike"},"id":"18125"},{"arcs":[[-612,-2983,-2540,-1968,3058]],"type":"Polygon","properties":{"geoid":"38097","name":"Traill"},"id":"38097"},{"arcs":[[3059,3060,3061,3062]],"type":"Polygon","properties":{"geoid":"46009","name":"Bon Homme"},"id":"46009"},{"arcs":[[3063,3064,3065,3066,-2000]],"type":"Polygon","properties":{"geoid":"48009","name":"Archer"},"id":"48009"},{"arcs":[[3067,-111,3068,3069,3070]],"type":"Polygon","properties":{"geoid":"19035","name":"Cherokee"},"id":"19035"},{"arcs":[[3071,3072,-2767,3073,3074,-119]],"type":"Polygon","properties":{"geoid":"05039","name":"Dallas"},"id":"05039"},{"arcs":[[3075,3076,3077,3078,3079,3080]],"type":"Polygon","properties":{"geoid":"29171","name":"Putnam"},"id":"29171"},{"arcs":[[3081,3082,3083,3084,3085,3086]],"type":"Polygon","properties":{"geoid":"28013","name":"Calhoun"},"id":"28013"},{"arcs":[[-2219,3087,3088,-1286,3089,3090,3091,3092]],"type":"Polygon","properties":{"geoid":"54025","name":"Greenbrier"},"id":"54025"},{"arcs":[[-1870,-2642,3093,3094,-926]],"type":"Polygon","properties":{"geoid":"04025","name":"Yavapai"},"id":"04025"},{"arcs":[[-1521,3095,3096,3097,-333,3098]],"type":"Polygon","properties":{"geoid":"13025","name":"Brantley"},"id":"13025"},{"arcs":[[[-1119,3099,-2069,3100,3101]],[[3102]],[[3103]]],"type":"MultiPolygon","properties":{"geoid":"26029","name":"Charlevoix"},"id":"26029"},{"arcs":[[3104,3105,3106,3107,3108,3109]],"type":"Polygon","properties":{"geoid":"40145","name":"Wagoner"},"id":"40145"},{"arcs":[[3110,3111,3112,3113,-2407,-2788]],"type":"Polygon","properties":{"geoid":"36029","name":"Erie"},"id":"36029"},{"arcs":[[3114,3115,-2653,3116,3117,-632]],"type":"Polygon","properties":{"geoid":"21123","name":"Larue"},"id":"21123"},{"arcs":[[3118,3119,3120,3121,3122,3123,-1894]],"type":"Polygon","properties":{"geoid":"01113","name":"Russell"},"id":"01113"},{"arcs":[[-1175,3124,3125,3126,3127,3128,-2392,3129]],"type":"Polygon","properties":{"geoid":"37141","name":"Pender"},"id":"37141"},{"arcs":[[3130,3131,-2018,-1301,3132,3133,3134,3135]],"type":"Polygon","properties":{"geoid":"30027","name":"Fergus"},"id":"30027"},{"arcs":[[-1703,3136,3137,3138,3139,3140,3141,3142,3143]],"type":"Polygon","properties":{"geoid":"30063","name":"Missoula"},"id":"30063"},{"arcs":[[3144,3145,3146,3147,3148,-1329,3149,3150]],"type":"Polygon","properties":{"geoid":"51053","name":"Dinwiddie"},"id":"51053"},{"arcs":[[-376,3151,3152,3153,3154]],"type":"Polygon","properties":{"geoid":"54005","name":"Boone"},"id":"54005"},{"arcs":[[-2792,3155,-1902,-1974,-996]],"type":"Polygon","properties":{"geoid":"05081","name":"Little River"},"id":"05081"},{"arcs":[[3156,3157,3158,3159,3160,3161,3162]],"type":"Polygon","properties":{"geoid":"18137","name":"Ripley"},"id":"18137"},{"arcs":[[3165,3166,3167]],"type":"Polygon","properties":{"geoid":"48061","name":"Cameron"},"id":"48061"},{"arcs":[[3168,-702,-1896,3169,-1020,-1266,3170]],"type":"Polygon","properties":{"geoid":"01101","name":"Montgomery"},"id":"01101"},{"arcs":[[3171,3172,3173,-1719,3174,-1962]],"type":"Polygon","properties":{"geoid":"51073","name":"Gloucester"},"id":"51073"},{"arcs":[[3175,3176,3177,3178,3179,-2684]],"type":"Polygon","properties":{"geoid":"28151","name":"Washington"},"id":"28151"},{"arcs":[[3180,3181,3182,-2386,3183]],"type":"Polygon","properties":{"geoid":"13073","name":"Columbia"},"id":"13073"},{"arcs":[[3184,-938,3185,3186,3187,-3139]],"type":"Polygon","properties":{"geoid":"30077","name":"Powell"},"id":"30077"},{"arcs":[[3188,3189,3190,3191,3192,3193]],"type":"Polygon","properties":{"geoid":"48437","name":"Swisher"},"id":"48437"},{"arcs":[[3194,3195,3196,3197,3198]],"type":"Polygon","properties":{"geoid":"12123","name":"Taylor"},"id":"12123"},{"arcs":[[3199,-2198,3200,3201]],"type":"Polygon","properties":{"geoid":"12013","name":"Calhoun"},"id":"12013"},{"arcs":[[3202,3203,-2703,3204,3205,-2856]],"type":"Polygon","properties":{"geoid":"16003","name":"Adams"},"id":"16003"},{"arcs":[[3206,3207,3208,3209,3210,-1350]],"type":"Polygon","properties":{"geoid":"13213","name":"Murray"},"id":"13213"},{"arcs":[[3211,3212,-630,3213]],"type":"Polygon","properties":{"geoid":"21029","name":"Bullitt"},"id":"21029"},{"arcs":[[3214,3215,-1510,3216,-2035]],"type":"Polygon","properties":{"geoid":"48109","name":"Culberson"},"id":"48109"},{"arcs":[[3217,-542,-403,3218,3219]],"type":"Polygon","properties":{"geoid":"24045","name":"Wicomico"},"id":"24045"},{"arcs":[[3220,-776,-2948,3221]],"type":"Polygon","properties":{"geoid":"37079","name":"Greene"},"id":"37079"},{"arcs":[[3222,3223,3224,3225,3226,3227]],"type":"Polygon","properties":{"geoid":"21231","name":"Wayne"},"id":"21231"},{"arcs":[[3228,-2038,3229,3230]],"type":"Polygon","properties":{"geoid":"48141","name":"El Paso"},"id":"48141"},{"arcs":[[3231,3232,3233,3234,3235,-2877,-1186]],"type":"Polygon","properties":{"geoid":"21109","name":"Jackson"},"id":"21109"},{"arcs":[[3236,3237,3238,3239,3240,3241,3242,3243]],"type":"Polygon","properties":{"geoid":"38055","name":"McLean"},"id":"38055"},{"arcs":[[3244,3245,3246,3247,-2955,3248,3249]],"type":"Polygon","properties":{"geoid":"51036","name":"Charles City"},"id":"51036"},{"arcs":[[3250,3251,3252,3253,3254,3255]],"type":"Polygon","properties":{"geoid":"13217","name":"Newton"},"id":"13217"},{"arcs":[[3264,3265,3266,3267,3268,3269]],"type":"Polygon","properties":{"geoid":"36061","name":"New York"},"id":"36061"},{"arcs":[[3272,-2460,3273,3274,-1596,-2922]],"type":"Polygon","properties":{"geoid":"47155","name":"Sevier"},"id":"47155"},{"arcs":[[3275,3276,3277,3278,3279]],"type":"Polygon","properties":{"geoid":"21061","name":"Edmonson"},"id":"21061"},{"arcs":[[-1920,3280,3281,3282,3283,3284]],"type":"Polygon","properties":{"geoid":"06095","name":"Solano"},"id":"06095"},{"arcs":[[3285,-1603,3286,3287,-522,3288]],"type":"Polygon","properties":{"geoid":"41047","name":"Marion"},"id":"41047"},{"arcs":[[3289,3290,-1781,3291,3292,3293,3294]],"type":"Polygon","properties":{"geoid":"47073","name":"Hawkins"},"id":"47073"},{"arcs":[[3295,3296,3297,3298,3299,3300]],"type":"Polygon","properties":{"geoid":"20053","name":"Ellsworth"},"id":"20053"},{"arcs":[[3301,-1905,3302,-635,-837,3303,-2260,3304]],"type":"Polygon","properties":{"geoid":"22017","name":"Caddo"},"id":"22017"},{"arcs":[[3305,3306,-392,3307,-1524,3308,-3226]],"type":"Polygon","properties":{"geoid":"47151","name":"Scott"},"id":"47151"},{"arcs":[[3309,3310,3311,3312,3313,3314]],"type":"Polygon","properties":{"geoid":"47159","name":"Smith"},"id":"47159"},{"arcs":[[-936,-434,3315,3316]],"type":"Polygon","properties":{"geoid":"30007","name":"Broadwater"},"id":"30007"},{"arcs":[[3317,3318,3319,3320,-932]],"type":"Polygon","properties":{"geoid":"48195","name":"Hansford"},"id":"48195"},{"arcs":[[3321,3322,3323,3324,3325,3326]],"type":"Polygon","properties":{"geoid":"06001","name":"Alameda"},"id":"06001"},{"arcs":[[-2232,3328,-1373,3329]],"type":"Polygon","properties":{"geoid":"22109","name":"Terrebonne"},"id":"22109"},{"arcs":[[-648,-1003,3330,3331,3332,3333,3334,3335]],"type":"Polygon","properties":{"geoid":"22029","name":"Concordia"},"id":"22029"},{"arcs":[[3336,3337,-371,-2564,3338,3339,-2194]],"type":"Polygon","properties":{"geoid":"45091","name":"York"},"id":"45091"},{"arcs":[[3340,3341,3342,3343,3344]],"type":"Polygon","properties":{"geoid":"04027","name":"Yuma"},"id":"04027"},{"arcs":[[[3345]],[[-2201,3346,3347,3348]]],"type":"MultiPolygon","properties":{"geoid":"12037","name":"Franklin"},"id":"12037"},{"arcs":[[-3197,3351,3352,3353,3354]],"type":"Polygon","properties":{"geoid":"12029","name":"Dixie"},"id":"12029"},{"arcs":[[3355]],"type":"Polygon","properties":{"geoid":"15003","name":"Honolulu"},"id":"15003"},{"arcs":[[3356,3357,-608,3358,3359,3360,3361,-1914]],"type":"Polygon","properties":{"geoid":"06061","name":"Placer"},"id":"06061"},{"arcs":[[3362,3363,3364,3365]],"type":"Polygon","properties":{"geoid":"12133","name":"Washington"},"id":"12133"},{"arcs":[[-1690,-1773,3366,3367,3368,3369]],"type":"Polygon","properties":{"geoid":"47055","name":"Giles"},"id":"47055"},{"arcs":[[3370]],"type":"Polygon","properties":{"geoid":"15001","name":"Hawaii"},"id":"15001"},{"arcs":[[-1181,3371,3372,3373]],"type":"Polygon","properties":{"geoid":"48379","name":"Rains"},"id":"48379"},{"arcs":[[-1295,3374,3375,-3347,-2200]],"type":"Polygon","properties":{"geoid":"12129","name":"Wakulla"},"id":"12129"},{"arcs":[[3376,-474,3377,3378,3379,-1514]],"type":"Polygon","properties":{"geoid":"13271","name":"Telfair"},"id":"13271"},{"arcs":[[3380,3381,3382,3383,3384]],"type":"Polygon","properties":{"geoid":"18159","name":"Tipton"},"id":"18159"},{"arcs":[[-850,-2954,3385,3386,3387,3388]],"type":"Polygon","properties":{"geoid":"01129","name":"Washington"},"id":"01129"},{"arcs":[[-2175,-1921,-3285,3389]],"type":"Polygon","properties":{"geoid":"06055","name":"Napa"},"id":"06055"},{"arcs":[[3390,-2724,-902,-103]],"type":"Polygon","properties":{"geoid":"54073","name":"Pleasants"},"id":"54073"},{"arcs":[[3391,3392,-1318,3393,3394]],"type":"Polygon","properties":{"geoid":"37099","name":"Jackson"},"id":"37099"},{"arcs":[[3395,3396,3397,3398,-2962]],"type":"Polygon","properties":{"geoid":"48051","name":"Burleson"},"id":"48051"},{"arcs":[[3399,-3018,-2748,3400,3401,-2677]],"type":"Polygon","properties":{"geoid":"13103","name":"Effingham"},"id":"13103"},{"arcs":[[3402,-1584,3403,3404,3405,-1683]],"type":"Polygon","properties":{"geoid":"48431","name":"Sterling"},"id":"48431"},{"arcs":[[3406,3407,3408,3409,3410]],"type":"Polygon","properties":{"geoid":"48063","name":"Camp"},"id":"48063"},{"arcs":[[-1547,-2432,-870,-2431,-868,-2430,-875]],"type":"Polygon","properties":{"geoid":"08031","name":"Denver"},"id":"08031"},{"arcs":[[3411,-511,3412,-918,3413,3414]],"type":"Polygon","properties":{"geoid":"28089","name":"Madison"},"id":"28089"},{"arcs":[[3415,3416,3417,3418,3419]],"type":"Polygon","properties":{"geoid":"54087","name":"Roane"},"id":"54087"},{"arcs":[[3420,3421,-2616,-2103,-1709]],"type":"Polygon","properties":{"geoid":"54027","name":"Hampshire"},"id":"54027"},{"arcs":[[3422,3423,3424,-3366,3425,3426,3427]],"type":"Polygon","properties":{"geoid":"12131","name":"Walton"},"id":"12131"},{"arcs":[[3428,3429,3430,3431,3432,-1256,-1088,-2723]],"type":"Polygon","properties":{"geoid":"54103","name":"Wetzel"},"id":"54103"},{"arcs":[[3433,3434,3435,-1209,3436,3437,3438]],"type":"Polygon","properties":{"geoid":"54083","name":"Randolph"},"id":"54083"},{"arcs":[[3439,3440,3441,-782,3442,-1128,3443]],"type":"Polygon","properties":{"geoid":"21209","name":"Scott"},"id":"21209"},{"arcs":[[3444,3445,3446,3447]],"type":"Polygon","properties":{"geoid":"37149","name":"Polk"},"id":"37149"},{"arcs":[[3448,3449,-962,3450,3451,3452,3453,-1472]],"type":"Polygon","properties":{"geoid":"08051","name":"Gunnison"},"id":"08051"},{"arcs":[[3454,-596,-3358,3455]],"type":"Polygon","properties":{"geoid":"06057","name":"Nevada"},"id":"06057"},{"arcs":[[3456,-2511]],"type":"Polygon","properties":{"geoid":"51610","name":"Falls Church"},"id":"51610"},{"arcs":[[3457,3458,3459,3460,3461]],"type":"Polygon","properties":{"geoid":"06069","name":"San Benito"},"id":"06069"},{"arcs":[[-3025,-988,3462,-2278,3463,3464]],"type":"Polygon","properties":{"geoid":"51075","name":"Goochland"},"id":"51075"},{"arcs":[[-2879,3465,-1042,3466]],"type":"Polygon","properties":{"geoid":"21121","name":"Knox"},"id":"21121"},{"arcs":[[3467,3468,3469,3470,3471]],"type":"Polygon","properties":{"geoid":"35017","name":"Grant"},"id":"35017"},{"arcs":[[3472,3473,3474,3475,3476]],"type":"Polygon","properties":{"geoid":"35021","name":"Harding"},"id":"35021"},{"arcs":[[3477,3478,3479,3480,3481]],"type":"Polygon","properties":{"geoid":"37059","name":"Davie"},"id":"37059"},{"arcs":[[3482,3483,3484,3485,3486,3487,-32,3488]],"type":"Polygon","properties":{"geoid":"08049","name":"Grand"},"id":"08049"},{"arcs":[[3489,-400,3490,-2154,-495,3491,-1576,3492]],"type":"Polygon","properties":{"geoid":"29069","name":"Dunklin"},"id":"29069"},{"arcs":[[-1224,3493,3494,3495,-2344,3496,3497]],"type":"Polygon","properties":{"geoid":"29183","name":"St. Charles"},"id":"29183"},{"arcs":[[3498,-1934,3499,3500,3501,3502]],"type":"Polygon","properties":{"geoid":"13237","name":"Putnam"},"id":"13237"},{"arcs":[[3503,3504,3505,3506,3507,3508]],"type":"Polygon","properties":{"geoid":"22073","name":"Ouachita"},"id":"22073"},{"arcs":[[-2918,3509,3510,3511,3512,3513]],"type":"Polygon","properties":{"geoid":"48187","name":"Guadalupe"},"id":"48187"},{"arcs":[[-55,-2733,3514,-2966,3515,3516]],"type":"Polygon","properties":{"geoid":"48491","name":"Williamson"},"id":"48491"},{"arcs":[[-1846,3517,3518,3519]],"type":"Polygon","properties":{"geoid":"39123","name":"Ottawa"},"id":"39123"},{"arcs":[[[3520]],[[3521]],[[3522,3523,3524,3525]],[[3526]]],"type":"MultiPolygon","properties":{"geoid":"02275","name":"Wrangell"},"id":"02275"},{"arcs":[[3527,3528,3529,3530,3531]],"type":"Polygon","properties":{"geoid":"30051","name":"Liberty"},"id":"30051"},{"arcs":[[3532,3533,3534,-2182,-3323,3535]],"type":"Polygon","properties":{"geoid":"06077","name":"San Joaquin"},"id":"06077"},{"arcs":[[-2705,3536,3537,3538,3539,-1216,3540]],"type":"Polygon","properties":{"geoid":"16059","name":"Lemhi"},"id":"16059"},{"arcs":[[-1933,-1551,-2781,3541,3542,3543,-3500]],"type":"Polygon","properties":{"geoid":"13141","name":"Hancock"},"id":"13141"},{"arcs":[[3544,3545,3546,-649,-3336,3547]],"type":"Polygon","properties":{"geoid":"22025","name":"Catahoula"},"id":"22025"},{"arcs":[[3548,3549,3550,3551,3552,3553,3554]],"type":"Polygon","properties":{"geoid":"24021","name":"Frederick"},"id":"24021"},{"arcs":[[3555,3556,3557,3558]],"type":"Polygon","properties":{"geoid":"30035","name":"Glacier"},"id":"30035"},{"arcs":[[-3482,3559,3560,3561,3562]],"type":"Polygon","properties":{"geoid":"37159","name":"Rowan"},"id":"37159"},{"arcs":[[3563,3564,3565,3566,3567,3568]],"type":"Polygon","properties":{"geoid":"53061","name":"Snohomish"},"id":"53061"},{"arcs":[[-3552,3569,3570,-427,-483,3571]],"type":"Polygon","properties":{"geoid":"24027","name":"Howard"},"id":"24027"},{"arcs":[[3572,3573,3574,-528]],"type":"Polygon","properties":{"geoid":"13113","name":"Fayette"},"id":"13113"},{"arcs":[[[3575]],[[-3387,3576,3577,3578,3579,3580]]],"type":"MultiPolygon","properties":{"geoid":"01097","name":"Mobile"},"id":"01097"},{"arcs":[[3581,3582,-3555,3583,3584,3585,3586,3587]],"type":"Polygon","properties":{"geoid":"24043","name":"Washington"},"id":"24043"},{"arcs":[[-1290,-561,3588,3589,3590,-3090],[3591]],"type":"Polygon","properties":{"geoid":"51005","name":"Alleghany"},"id":"51005"},{"arcs":[[-3282,3592,-3536,-3322,3593]],"type":"Polygon","properties":{"geoid":"06013","name":"Contra Costa"},"id":"06013"},{"arcs":[[3594,3595,3596,3597,3598,3599]],"type":"Polygon","properties":{"geoid":"31077","name":"Greeley"},"id":"31077"},{"arcs":[[3600,3601,3602,-859,3603,-3053,-1730]],"type":"Polygon","properties":{"geoid":"48073","name":"Cherokee"},"id":"48073"},{"arcs":[[3604,3605,-3112,3606]],"type":"Polygon","properties":{"geoid":"36063","name":"Niagara"},"id":"36063"},{"arcs":[[3607,3608,-2728,3609,3610,-3267]],"type":"Polygon","properties":{"geoid":"36081","name":"Queens"},"id":"36081"},{"arcs":[[3611,3612,-659,3613,3614,3615,3616]],"type":"Polygon","properties":{"geoid":"51167","name":"Russell"},"id":"51167"},{"arcs":[[3617,3618,3619,3620,3621,-2783]],"type":"Polygon","properties":{"geoid":"32015","name":"Lander"},"id":"32015"},{"arcs":[[3622,3623,3624,-264,3625]],"type":"Polygon","properties":{"geoid":"53065","name":"Stevens"},"id":"53065"},{"arcs":[[-2858,3626,3627,-2047,-2454,3628,3629,-2668]],"type":"Polygon","properties":{"geoid":"41045","name":"Malheur"},"id":"41045"},{"arcs":[[[3630]],[[3631,3632,3633,3634,3635,3636,3637,3638,3639]],[[3640]],[[3641]],[[3644]],[[3645,3646,3647,3648,3649]]],"type":"MultiPolygon","properties":{"geoid":"02122","name":"Kenai Peninsula"},"id":"02122"},{"arcs":[[3650,3651,3652,3653,-1698]],"type":"Polygon","properties":{"geoid":"48495","name":"Winkler"},"id":"48495"},{"arcs":[[3654,3655,3656,3657,-772,-2807]],"type":"Polygon","properties":{"geoid":"37117","name":"Martin"},"id":"37117"},{"arcs":[[3658,-1493,3659,-3120,3660]],"type":"Polygon","properties":{"geoid":"13215","name":"Muscogee"},"id":"13215"},{"arcs":[[3661,-3004,-1952,3662,3663,-1537,-2715]],"type":"Polygon","properties":{"geoid":"53077","name":"Yakima"},"id":"53077"},{"arcs":[[-3531,3664,3665,-3131,3666,3667,-1354,3668]],"type":"Polygon","properties":{"geoid":"30015","name":"Chouteau"},"id":"30015"},{"arcs":[[[-3567,3669,3670,-2714,3671]],[[3672]]],"type":"MultiPolygon","properties":{"geoid":"53033","name":"King"},"id":"53033"},{"arcs":[[3673,3674,3675,3676,3677,3678]],"type":"Polygon","properties":{"geoid":"22033","name":"East Baton Rouge"},"id":"22033"},{"arcs":[[3679,3680,3681,3682,-1826]],"type":"Polygon","properties":{"geoid":"38019","name":"Cavalier"},"id":"38019"},{"arcs":[[3683,3684,3685,3686,3687,3688]],"type":"Polygon","properties":{"geoid":"01089","name":"Madison"},"id":"01089"},{"arcs":[[3689,3690,-3394,-1317,3691,-292,3692]],"type":"Polygon","properties":{"geoid":"37113","name":"Macon"},"id":"37113"},{"arcs":[[3693,3694,-3693,-296,-2774,3695,3696]],"type":"Polygon","properties":{"geoid":"37039","name":"Cherokee"},"id":"37039"},{"arcs":[[3697,3698,3699,3700,3701,3702,3703,3704]],"type":"Polygon","properties":{"geoid":"51155","name":"Pulaski"},"id":"51155"},{"arcs":[[3705,-2398,3706,3707,-2197,3708,-3445,3709]],"type":"Polygon","properties":{"geoid":"37161","name":"Rutherford"},"id":"37161"},{"arcs":[[3710,3711,3712,3713,3714,-585,3715]],"type":"Polygon","properties":{"geoid":"38059","name":"Morton"},"id":"38059"},{"arcs":[[3716,-2804,3717,3718,-3405]],"type":"Polygon","properties":{"geoid":"48081","name":"Coke"},"id":"48081"},{"arcs":[[3719,-1064,3720,3721,-2681,3722,-475,-361]],"type":"Polygon","properties":{"geoid":"13107","name":"Emanuel"},"id":"13107"},{"arcs":[[3723,-950,-1661,3724,3725]],"type":"Polygon","properties":{"geoid":"51113","name":"Madison"},"id":"51113"},{"arcs":[[3726,3727,-2919,-3514,3728,3729,3730]],"type":"Polygon","properties":{"geoid":"48029","name":"Bexar"},"id":"48029"},{"arcs":[[3731,-2569,-891,3732,-1026,-564]],"type":"Polygon","properties":{"geoid":"51125","name":"Nelson"},"id":"51125"},{"arcs":[[3733,-1046,-127,3734,3735,-651,3736]],"type":"Polygon","properties":{"geoid":"47025","name":"Claiborne"},"id":"47025"},{"arcs":[[3737,3738,-1832,3739]],"type":"Polygon","properties":{"geoid":"17097","name":"Lake"},"id":"17097"},{"arcs":[[3740,3741,-1581,-1688,3742,3743]],"type":"Polygon","properties":{"geoid":"47081","name":"Hickman"},"id":"47081"},{"arcs":[[3744,-2313,-3019,-3400,-2676,3745]],"type":"Polygon","properties":{"geoid":"13251","name":"Screven"},"id":"13251"},{"arcs":[[3746,3747,-2718,3748,-2967,3749,-2288]],"type":"Polygon","properties":{"geoid":"53045","name":"Mason"},"id":"53045"},{"arcs":[[-2301,-2395,3750,-2986,3751]],"type":"Polygon","properties":{"geoid":"37199","name":"Yancey"},"id":"37199"},{"arcs":[[3752,3753,3754,3755,3756]],"type":"Polygon","properties":{"geoid":"02066","name":"Copper River"},"id":"02066"},{"arcs":[[3757,3758,3759,3760,-1483,-1397,3761]],"type":"Polygon","properties":{"geoid":"42071","name":"Lancaster"},"id":"42071"},{"arcs":[[3762,3763,3764,3765,3766,3767,-78,3768]],"type":"Polygon","properties":{"geoid":"27137","name":"St. Louis"},"id":"27137"},{"arcs":[[-1834,3769,3770,3771,3772,3773,-713]],"type":"Polygon","properties":{"geoid":"18089","name":"Lake"},"id":"18089"},{"arcs":[[-2903,3774,3775,-941,3776]],"type":"Polygon","properties":{"geoid":"48075","name":"Childress"},"id":"48075"},{"arcs":[[3777,-3414,-922,3778,3779,3780]],"type":"Polygon","properties":{"geoid":"28049","name":"Hinds"},"id":"28049"},{"arcs":[[3781,3782,3783,3784,-285,-2320,3785]],"type":"Polygon","properties":{"geoid":"36031","name":"Essex"},"id":"36031"},{"arcs":[[-1929,3786,-2702,3787,-40]],"type":"Polygon","properties":{"geoid":"42063","name":"Indiana"},"id":"42063"},{"arcs":[[3788,3789,3790,-3621]],"type":"Polygon","properties":{"geoid":"32011","name":"Eureka"},"id":"32011"},{"arcs":[[[3791]],[[3792]]],"type":"MultiPolygon","properties":{"geoid":"15007","name":"Kauai"},"id":"15007"},{"arcs":[[3795,-2923,-1594,3796,3797,3798]],"type":"Polygon","properties":{"geoid":"47105","name":"Loudon"},"id":"47105"},{"arcs":[[3799,-1284,3800,-3655,-2806,-195]],"type":"Polygon","properties":{"geoid":"37083","name":"Halifax"},"id":"37083"},{"arcs":[[3801,3802,3803,3804,3805,3806,3807]],"type":"Polygon","properties":{"geoid":"29029","name":"Camden"},"id":"29029"},{"arcs":[[-1732,-3055,-1937,3808,3809]],"type":"Polygon","properties":{"geoid":"48161","name":"Freestone"},"id":"48161"},{"arcs":[[-1662,-948,-971,3810,-969,-2798,-983,-3024]],"type":"Polygon","properties":{"geoid":"51177","name":"Spotsylvania"},"id":"51177"},{"arcs":[[-1124,-2854,3811,3812,3813]],"type":"Polygon","properties":{"geoid":"26041","name":"Delta"},"id":"26041"},{"arcs":[[3814,3815,3816,-3617,3817,-124,3818],[3819]],"type":"Polygon","properties":{"geoid":"51195","name":"Wise"},"id":"51195"},{"arcs":[[3820,3821,3822,3823,3824,3825]],"type":"Polygon","properties":{"geoid":"39107","name":"Mercer"},"id":"39107"},{"arcs":[[3826,3827,3828,3829,3830,3831,3832]],"type":"Polygon","properties":{"geoid":"40113","name":"Osage"},"id":"40113"},{"arcs":[[3833,3834,3835,3836,3837]],"type":"Polygon","properties":{"geoid":"19189","name":"Winnebago"},"id":"19189"},{"arcs":[[[3838,3839,3840,3841]],[[3842,3843,3844,3845,3846]]],"type":"MultiPolygon","properties":{"geoid":"48261","name":"Kenedy"},"id":"48261"},{"arcs":[[3847,3848,-2525,3849,3850,3851]],"type":"Polygon","properties":{"geoid":"27011","name":"Big Stone"},"id":"27011"},{"arcs":[[3852,3853,3854,3855,-827,3856]],"type":"Polygon","properties":{"geoid":"17153","name":"Pulaski"},"id":"17153"},{"arcs":[[3857,3858,3859,3860,-2205,3861]],"type":"Polygon","properties":{"geoid":"23031","name":"York"},"id":"23031"},{"arcs":[[3862,-1019,3863,3864,3865]],"type":"Polygon","properties":{"geoid":"55051","name":"Iron"},"id":"55051"},{"arcs":[[[3866]],[[-3031,-2171,-543,-3218,3867]]],"type":"MultiPolygon","properties":{"geoid":"24019","name":"Dorchester"},"id":"24019"},{"arcs":[[3868,3869,-2311,3870,3871,-2644]],"type":"Polygon","properties":{"geoid":"05147","name":"Woodruff"},"id":"05147"},{"arcs":[[[3872,3873]],[[3874]]],"type":"MultiPolygon","properties":{"geoid":"26083","name":"Keweenaw"},"id":"26083"},{"arcs":[[3875,-2835,3876,3877,-738,3878]],"type":"Polygon","properties":{"geoid":"21237","name":"Wolfe"},"id":"21237"},{"arcs":[[-3487,3879,-880,3880,3881]],"type":"Polygon","properties":{"geoid":"08019","name":"Clear Creek"},"id":"08019"},{"arcs":[[-3074,-2766,3882,3883,3884]],"type":"Polygon","properties":{"geoid":"05013","name":"Calhoun"},"id":"05013"},{"arcs":[[3885,-801,3886,3887,3888,3889,-1497]],"type":"Polygon","properties":{"geoid":"21177","name":"Muhlenberg"},"id":"21177"},{"arcs":[[3890,3891,3892]],"type":"Polygon","properties":{"geoid":"02185","name":"North Slope"},"id":"02185"},{"arcs":[[-1635,-1100,-2651,3893,3894]],"type":"Polygon","properties":{"geoid":"48089","name":"Colorado"},"id":"48089"},{"arcs":[[3895,3896,-1127,3897,-3039,3898,3899,-1017,3900]],"type":"Polygon","properties":{"geoid":"26071","name":"Iron"},"id":"26071"},{"arcs":[[3901,3902,3903,3904,-136,3905,-14]],"type":"Polygon","properties":{"geoid":"30003","name":"Big Horn"},"id":"30003"},{"arcs":[[[3906,3907,3908,3909]],[[3910]],[[3911,3912,3913,3914,3915,3916]]],"type":"MultiPolygon","properties":{"geoid":"02110","name":"Juneau"},"id":"02110"},{"arcs":[[3917,-2899,-1463,3918,3919]],"type":"Polygon","properties":{"geoid":"21115","name":"Johnson"},"id":"21115"},{"arcs":[[3920,3921,3922,3923,3924,-3469,3925]],"type":"Polygon","properties":{"geoid":"35051","name":"Sierra"},"id":"35051"},{"arcs":[[3926,3927,-626,3928,-798,3929]],"type":"Polygon","properties":{"geoid":"21027","name":"Breckinridge"},"id":"21027"},{"arcs":[[-3687,3930,3931,3932,-2813,3933,3934,3935]],"type":"Polygon","properties":{"geoid":"01095","name":"Marshall"},"id":"01095"},{"arcs":[[3936,-3051,3937,3938,-3676]],"type":"Polygon","properties":{"geoid":"22063","name":"Livingston"},"id":"22063"},{"arcs":[[-2927,3939,-2115]],"type":"Polygon","properties":{"geoid":"23021","name":"Piscataquis"},"id":"23021"},{"arcs":[[3940,3941,-1986,-2135,3942,-3539,3943]],"type":"Polygon","properties":{"geoid":"30001","name":"Beaverhead"},"id":"30001"},{"arcs":[[3944,3945,-2841,3946,3947,3948]],"type":"Polygon","properties":{"geoid":"01073","name":"Jefferson"},"id":"01073"},{"arcs":[[-425,3949,3950,3951,-484]],"type":"Polygon","properties":{"geoid":"24009","name":"Calvert"},"id":"24009"},{"arcs":[[3952,3953,-3052,-3937,-3675]],"type":"Polygon","properties":{"geoid":"22091","name":"St. Helena"},"id":"22091"},{"arcs":[[-2812,-75,3954,3955,-1444]],"type":"Polygon","properties":{"geoid":"47033","name":"Crockett"},"id":"47033"},{"arcs":[[3956,-3333,3957,3958,3959,-1454,3960,3961]],"type":"Polygon","properties":{"geoid":"22077","name":"Pointe Coupee"},"id":"22077"},{"arcs":[[3962,3963,3964,3965,3966,3967]],"type":"Polygon","properties":{"geoid":"01069","name":"Houston"},"id":"01069"},{"arcs":[[-1592,3968,3969,3970,3971]],"type":"Polygon","properties":{"geoid":"01063","name":"Greene"},"id":"01063"},{"arcs":[[3972,-165,3973,-2489,3974,3975,3976]],"type":"Polygon","properties":{"geoid":"41019","name":"Douglas"},"id":"41019"},{"arcs":[[3977,3978,3979,3980,3981,3982,3983]],"type":"Polygon","properties":{"geoid":"18065","name":"Henry"},"id":"18065"},{"arcs":[[3984,-3508,3985,3986,-3546,3987,3988]],"type":"Polygon","properties":{"geoid":"22021","name":"Caldwell"},"id":"22021"},{"arcs":[[-508,3989,3990,3991,-2109]],"type":"Polygon","properties":{"geoid":"12007","name":"Bradford"},"id":"12007"},{"arcs":[[-3263,3992,-3261,3993,-3259,-3257,3994,-3268,-3611,3995]],"type":"Polygon","properties":{"geoid":"36047","name":"Kings"},"id":"36047"},{"arcs":[[3996,-3559,3997,-1356,-939,-3185,-3138,3998,-1701,3999]],"type":"Polygon","properties":{"geoid":"30029","name":"Flathead"},"id":"30029"},{"arcs":[[4000,4001,-1982,-3942]],"type":"Polygon","properties":{"geoid":"30093","name":"Silver Bow"},"id":"30093"},{"arcs":[[4002,-3123,4003,4004,4005,4006,4007,-1022]],"type":"Polygon","properties":{"geoid":"01005","name":"Barbour"},"id":"01005"},{"arcs":[[4008,-550,-2943,-3013,4009,4010]],"type":"Polygon","properties":{"geoid":"06103","name":"Tehama"},"id":"06103"},{"arcs":[[[4011]],[[4012,4013,4014,-3646,4015,4016,4017,4018,4019]],[[4020]],[[4021]]],"type":"MultiPolygon","properties":{"geoid":"02050","name":"Bethel"},"id":"02050"},{"arcs":[[4022,4023,-640,-3547,-3987]],"type":"Polygon","properties":{"geoid":"22041","name":"Franklin"},"id":"22041"},{"arcs":[[[4026,4027,-3912,4028]],[[4029,4030,4031,4032]]],"type":"MultiPolygon","properties":{"geoid":"02100","name":"Haines"},"id":"02100"},{"arcs":[[4033,4034,4035,-545,-4009,4036]],"type":"Polygon","properties":{"geoid":"06089","name":"Shasta"},"id":"06089"},{"arcs":[[-477,-2065,4037,-1519,4038,4039]],"type":"Polygon","properties":{"geoid":"13001","name":"Appling"},"id":"13001"},{"arcs":[[4040,4041,4042,4043,-3670,-3566]],"type":"Polygon","properties":{"geoid":"53007","name":"Chelan"},"id":"53007"},{"arcs":[[-207,4044,4045,-3588,4046,-3421,-1708,-2227]],"type":"Polygon","properties":{"geoid":"24001","name":"Allegany"},"id":"24001"},{"arcs":[[4047,-3971,4048,4049,4050,-2824,-2951,-848]],"type":"Polygon","properties":{"geoid":"01091","name":"Marengo"},"id":"01091"},{"arcs":[[4051,4052,4053,-1647,4054,4055,4056,4057]],"type":"Polygon","properties":{"geoid":"37125","name":"Moore"},"id":"37125"},{"arcs":[[-1865,4058,4059,4060,4061,-1271]],"type":"Polygon","properties":{"geoid":"46117","name":"Stanley"},"id":"46117"},{"arcs":[[4062,4063,4064,4065,-1821]],"type":"Polygon","properties":{"geoid":"36065","name":"Oneida"},"id":"36065"},{"arcs":[[4066,4067,-2929,4068,4069,4070],[4071,4072]],"type":"Polygon","properties":{"geoid":"51161","name":"Roanoke"},"id":"51161"},{"arcs":[[4073,-906,-992,4074,4075,-3417]],"type":"Polygon","properties":{"geoid":"54013","name":"Calhoun"},"id":"54013"},{"arcs":[[-1925,4076,-1202,4077,-3452,4078]],"type":"Polygon","properties":{"geoid":"08015","name":"Chaffee"},"id":"08015"},{"arcs":[[[4079]],[[4080]],[[4083]],[[4084]],[[4085]],[[4086,4087,4088,4089,-4016,-3650,4090,4091,4092]]],"type":"MultiPolygon","properties":{"geoid":"02164","name":"Lake and Peninsula"},"id":"02164"},{"arcs":[[-767,4093,-2475,4094,4095,4096,4097]],"type":"Polygon","properties":{"geoid":"42061","name":"Huntingdon"},"id":"42061"},{"arcs":[[4098,-237,4099,4100,4101]],"type":"Polygon","properties":{"geoid":"48205","name":"Hartley"},"id":"48205"},{"arcs":[[4102,-3171,-1265,4103,-2820,4104]],"type":"Polygon","properties":{"geoid":"01085","name":"Lowndes"},"id":"01085"},{"arcs":[[4105,-2971,-121,4106,4107,-250]],"type":"Polygon","properties":{"geoid":"05099","name":"Nevada"},"id":"05099"},{"arcs":[[-2609,4108,4109,4110,4111,4112]],"type":"Polygon","properties":{"geoid":"05075","name":"Lawrence"},"id":"05075"},{"arcs":[[4113,4114,4115,4116]],"type":"Polygon","properties":{"geoid":"06107","name":"Tulare"},"id":"06107"},{"arcs":[[4117,4118,4119,-928,4120,-1911,-280,-1840]],"type":"Polygon","properties":{"geoid":"06071","name":"San Bernardino"},"id":"06071"},{"arcs":[[4121,4122,4123,-1442,-976,4124,-2102,-2451]],"type":"Polygon","properties":{"geoid":"16039","name":"Elmore"},"id":"16039"},{"arcs":[[4125,4126,4127,4128,4129,4130,4131]],"type":"Polygon","properties":{"geoid":"55043","name":"Grant"},"id":"55043"},{"arcs":[[4132,4133,-2192,4134,4135,4136,-213]],"type":"Polygon","properties":{"geoid":"45071","name":"Newberry"},"id":"45071"},{"arcs":[[4137,4138,-2003,4139,-2672,-943]],"type":"Polygon","properties":{"geoid":"48155","name":"Foard"},"id":"48155"},{"arcs":[[4140,-3293,4141,4142,-2984,-2457]],"type":"Polygon","properties":{"geoid":"47059","name":"Greene"},"id":"47059"},{"arcs":[[-4135,-2191,-2443,4143,-1803,4144]],"type":"Polygon","properties":{"geoid":"45063","name":"Lexington"},"id":"45063"},{"arcs":[[4145,-698,4146]],"type":"Polygon","properties":{"geoid":"41055","name":"Sherman"},"id":"41055"},{"arcs":[[-2726,4147]],"type":"Polygon","properties":{"geoid":"36103","name":"Suffolk"},"id":"36103"},{"arcs":[[-3320,4148,4149,4150,4151,4152,4153]],"type":"Polygon","properties":{"geoid":"48393","name":"Roberts"},"id":"48393"},{"arcs":[[-3999,-3137,-1702]],"type":"Polygon","properties":{"geoid":"30047","name":"Lake"},"id":"30047"},{"arcs":[[-1717,-1571,-1716,4154,4155,4156,4157]],"type":"Polygon","properties":{"geoid":"47157","name":"Shelby"},"id":"47157"},{"arcs":[[[-180,4158]],[[4159]]],"type":"MultiPolygon","properties":{"geoid":"44005","name":"Newport"},"id":"44005"},{"arcs":[[-839,4160,4161,4162,4163,4164]],"type":"Polygon","properties":{"geoid":"22085","name":"Sabine"},"id":"22085"},{"arcs":[[4165,4166,4167,4168]],"type":"Polygon","properties":{"geoid":"19091","name":"Humboldt"},"id":"19091"},{"arcs":[[4169,4170,4171,4172,4173]],"type":"Polygon","properties":{"geoid":"33007","name":"Coos"},"id":"33007"},{"arcs":[[4174,-266,4175,4176,4177,-1619,4178,4179,4180,-823]],"type":"Polygon","properties":{"geoid":"53075","name":"Whitman"},"id":"53075"},{"arcs":[[4181,-1121,-3897,4182]],"type":"Polygon","properties":{"geoid":"26013","name":"Baraga"},"id":"26013"},{"arcs":[[-2737,4183,-2169,-3030,4184]],"type":"Polygon","properties":{"geoid":"24035","name":"Queen Anne's"},"id":"24035"},{"arcs":[[-186,-1992,4185,4186,4187,4188]],"type":"Polygon","properties":{"geoid":"25013","name":"Hampden"},"id":"25013"},{"arcs":[[[4189,-1796]],[[-87,-272,4190,-1800,-177,-200,-1989]]],"type":"MultiPolygon","properties":{"geoid":"25021","name":"Norfolk"},"id":"25021"},{"arcs":[[4191,4192,4193,4194,-803]],"type":"Polygon","properties":{"geoid":"23015","name":"Lincoln"},"id":"23015"},{"arcs":[[4195,-836,4196,4197]],"type":"Polygon","properties":{"geoid":"45061","name":"Lee"},"id":"45061"},{"arcs":[[[4198,4199]],[[4200]],[[4201,4202,-1792]]],"type":"MultiPolygon","properties":{"geoid":"48167","name":"Galveston"},"id":"48167"},{"arcs":[[4203,4204,-2488,-1079,4205,4206]],"type":"Polygon","properties":{"geoid":"49035","name":"Salt Lake"},"id":"49035"},{"arcs":[[-2280,4207,-3145,4208,4209,4210]],"type":"Polygon","properties":{"geoid":"51007","name":"Amelia"},"id":"51007"},{"arcs":[[4211,4212,4213,4214,4215,-3707,-2397]],"type":"Polygon","properties":{"geoid":"37023","name":"Burke"},"id":"37023"},{"arcs":[[-2176,-3390,-3284,4216,-2604,4217,4218]],"type":"Polygon","properties":{"geoid":"06097","name":"Sonoma"},"id":"06097"},{"arcs":[[4219,4220,-1941,4221,-3397,4222]],"type":"Polygon","properties":{"geoid":"48395","name":"Robertson"},"id":"48395"},{"arcs":[[4223,-4174,4224,4225,4226]],"type":"Polygon","properties":{"geoid":"50009","name":"Essex"},"id":"50009"},{"arcs":[[4227,-1670,4228,-3726,4229,4230]],"type":"Polygon","properties":{"geoid":"51139","name":"Page"},"id":"51139"},{"arcs":[[-1616,-1147,4231,-3126,4232]],"type":"Polygon","properties":{"geoid":"37133","name":"Onslow"},"id":"37133"},{"arcs":[[4233,4234,-1556,4235,4236,-2611,4237,4238]],"type":"Polygon","properties":{"geoid":"13139","name":"Hall"},"id":"13139"},{"arcs":[[-1283,4239,4240,4241,-3656,-3801]],"type":"Polygon","properties":{"geoid":"37015","name":"Bertie"},"id":"37015"},{"arcs":[[4242,-4065,4243,4244,4245,-273,-61]],"type":"Polygon","properties":{"geoid":"36077","name":"Otsego"},"id":"36077"},{"arcs":[[4246,4247,4248,4249,4250]],"type":"Polygon","properties":{"geoid":"12031","name":"Duval"},"id":"12031"},{"arcs":[[4251,-1035,4252,4253,4254,-1167,4255]],"type":"Polygon","properties":{"geoid":"34005","name":"Burlington"},"id":"34005"},{"arcs":[[-2631,4256,4257,4258,4259,4260]],"type":"Polygon","properties":{"geoid":"48245","name":"Jefferson"},"id":"48245"},{"arcs":[[4261,4262,4263,4264]],"type":"Polygon","properties":{"geoid":"27077","name":"Lake of the Woods"},"id":"27077"},{"arcs":[[4265,-889,4266,-4210,4267,4268,-2006]],"type":"Polygon","properties":{"geoid":"51147","name":"Prince Edward"},"id":"51147"},{"arcs":[[-1909,4269,-3341,4270,4271]],"type":"Polygon","properties":{"geoid":"06025","name":"Imperial"},"id":"06025"},{"arcs":[[-3450,4272,-963]],"type":"Polygon","properties":{"geoid":"08029","name":"Delta"},"id":"08029"},{"arcs":[[4273,4274,-540,-2170,-4184,-2736]],"type":"Polygon","properties":{"geoid":"10001","name":"Kent"},"id":"10001"},{"arcs":[[4275,4276,4277,4278]],"type":"Polygon","properties":{"geoid":"12033","name":"Escambia"},"id":"12033"},{"arcs":[[-863,4279,-2628,4280]],"type":"Polygon","properties":{"geoid":"48457","name":"Tyler"},"id":"48457"},{"arcs":[[4281,4282,4283,4284,4285,-1883]],"type":"Polygon","properties":{"geoid":"19111","name":"Lee"},"id":"19111"},{"arcs":[[4286,-3846,4287,-3166,4288,4289]],"type":"Polygon","properties":{"geoid":"48215","name":"Hidalgo"},"id":"48215"},{"arcs":[[4290,4291,4292,-2647,4293]],"type":"Polygon","properties":{"geoid":"48413","name":"Schleicher"},"id":"48413"},{"arcs":[[4294,-3618,-2782,-603]],"type":"Polygon","properties":{"geoid":"32027","name":"Pershing"},"id":"32027"},{"arcs":[[4295,4296,-3505,4297,4298]],"type":"Polygon","properties":{"geoid":"22111","name":"Union"},"id":"22111"},{"arcs":[[4299,4300,4301,-2778,-1549,4302]],"type":"Polygon","properties":{"geoid":"13317","name":"Wilkes"},"id":"13317"},{"arcs":[[-2064,-725,4303,4304,-3096,-1520,-4038]],"type":"Polygon","properties":{"geoid":"13305","name":"Wayne"},"id":"13305"},{"arcs":[[4305,-703,-3169,-4103,4306]],"type":"Polygon","properties":{"geoid":"01001","name":"Autauga"},"id":"01001"},{"arcs":[[-2561,4307,-832,-4196,4308,-2188,4309]],"type":"Polygon","properties":{"geoid":"45055","name":"Kershaw"},"id":"45055"},{"arcs":[[4310,4311,4312,4313,-3249,-2960,4314,-3148]],"type":"Polygon","properties":{"geoid":"51149","name":"Prince George"},"id":"51149"},{"arcs":[[-2256,4315,4316,4317]],"type":"Polygon","properties":{"geoid":"19147","name":"Palo Alto"},"id":"19147"},{"arcs":[[4318,4319,-3632,4320]],"type":"Polygon","properties":{"geoid":"02020","name":"Anchorage"},"id":"02020"},{"arcs":[[-4162,4321,4322,4323,-463,4324]],"type":"Polygon","properties":{"geoid":"22115","name":"Vernon"},"id":"22115"},{"arcs":[[-1539,4325,-1957,4326,4327]],"type":"Polygon","properties":{"geoid":"53015","name":"Cowlitz"},"id":"53015"},{"arcs":[[-3453,-4078,-1208,4328,4329,4330,4331,4332,4333]],"type":"Polygon","properties":{"geoid":"08109","name":"Saguache"},"id":"08109"},{"arcs":[[4334,4335,-1656,4336,4337,-2016]],"type":"Polygon","properties":{"geoid":"30105","name":"Valley"},"id":"30105"},{"arcs":[[4338,4339,4340,4341,-2802]],"type":"Polygon","properties":{"geoid":"48441","name":"Taylor"},"id":"48441"},{"arcs":[[4342,4343,-4247,4344,-335]],"type":"Polygon","properties":{"geoid":"12089","name":"Nassau"},"id":"12089"},{"arcs":[[4345,4346,-590,4347,4348]],"type":"Polygon","properties":{"geoid":"18069","name":"Huntington"},"id":"18069"},{"arcs":[[4349,-864,-4281,-2627,4350,-467]],"type":"Polygon","properties":{"geoid":"48373","name":"Polk"},"id":"48373"},{"arcs":[[-1705,4351,4352,4353,4354,4355,4356]],"type":"Polygon","properties":{"geoid":"16079","name":"Shoshone"},"id":"16079"},{"arcs":[[4357,-2958,4358,4359,4360,4361,4362,4363,-1281,-1331]],"type":"Polygon","properties":{"geoid":"51175","name":"Southampton"},"id":"51175"},{"arcs":[[4364,4365,4366,4367,4368]],"type":"Polygon","properties":{"geoid":"29205","name":"Shelby"},"id":"29205"},{"arcs":[[4369,-1752,4370,-1750,4371,4372,4373]],"type":"Polygon","properties":{"geoid":"47175","name":"Van Buren"},"id":"47175"},{"arcs":[[4374,4375,-1745,-4370,4376]],"type":"Polygon","properties":{"geoid":"47185","name":"White"},"id":"47185"},{"arcs":[[-3314,4377,-4375,4378,4379,4380]],"type":"Polygon","properties":{"geoid":"47041","name":"DeKalb"},"id":"47041"},{"arcs":[[4381,-2482,-4205,4382,4383]],"type":"Polygon","properties":{"geoid":"49029","name":"Morgan"},"id":"49029"},{"arcs":[[4384,-2585,-1302,4385,-2833,-1674,-3044]],"type":"Polygon","properties":{"geoid":"21205","name":"Rowan"},"id":"21205"},{"arcs":[[4386,4387,-1184,4388,4389,4390]],"type":"Polygon","properties":{"geoid":"21079","name":"Garrard"},"id":"21079"},{"arcs":[[4391,4392,-146,-1606,4393]],"type":"Polygon","properties":{"geoid":"22071","name":"Orleans"},"id":"22071"},{"arcs":[[-2621]],"type":"Polygon","properties":{"geoid":"51840","name":"Winchester"},"id":"51840"},{"arcs":[[4394,-3045,-1672,-778,4395]],"type":"Polygon","properties":{"geoid":"21181","name":"Nicholas"},"id":"21181"},{"arcs":[[4396,-758,4397,4398,4399,-413]],"type":"Polygon","properties":{"geoid":"27171","name":"Wright"},"id":"27171"},{"arcs":[[4400,4401,4402,4403,4404,-4244,-4064]],"type":"Polygon","properties":{"geoid":"36043","name":"Herkimer"},"id":"36043"},{"arcs":[[-3488,-3882,4405,-1923,-33]],"type":"Polygon","properties":{"geoid":"08117","name":"Summit"},"id":"08117"},{"arcs":[[4406,4407,-3305,-2259,4408]],"type":"Polygon","properties":{"geoid":"48315","name":"Marion"},"id":"48315"},{"arcs":[[-3797,-1599,4409,-3694,4410,4411,-3794,4412]],"type":"Polygon","properties":{"geoid":"47123","name":"Monroe"},"id":"47123"},{"arcs":[[4413,4414,4415,4416]],"type":"Polygon","properties":{"geoid":"48219","name":"Hockley"},"id":"48219"},{"arcs":[[-2765,4417,4418,4419,-3883]],"type":"Polygon","properties":{"geoid":"05011","name":"Bradley"},"id":"05011"},{"arcs":[[-4107,-120,-3075,-3885,4420,4421]],"type":"Polygon","properties":{"geoid":"05103","name":"Ouachita"},"id":"05103"},{"arcs":[[-360,4422,4423,4424]],"type":"Polygon","properties":{"geoid":"09007","name":"Middlesex"},"id":"09007"},{"arcs":[[-1565,4425,-1246,4426,4427]],"type":"Polygon","properties":{"geoid":"48277","name":"Lamar"},"id":"48277"},{"arcs":[[4428,4429,-2945,-899]],"type":"Polygon","properties":{"geoid":"20003","name":"Anderson"},"id":"20003"},{"arcs":[[4430,4431,4432,4433,-764,-2699]],"type":"Polygon","properties":{"geoid":"42035","name":"Clinton"},"id":"42035"},{"arcs":[[4434,-3988,-3545,4435,4436,-1344]],"type":"Polygon","properties":{"geoid":"22059","name":"LaSalle"},"id":"22059"},{"arcs":[[4437,4438,-2324]],"type":"Polygon","properties":{"geoid":"37137","name":"Pamlico"},"id":"37137"},{"arcs":[[4439,-3779,4440,4441,4442,4443]],"type":"Polygon","properties":{"geoid":"28029","name":"Copiah"},"id":"28029"},{"arcs":[[-380,-174,-786,4444,4445]],"type":"Polygon","properties":{"geoid":"45019","name":"Charleston"},"id":"45019"},{"arcs":[[-734,4446,4447,-2234,-389]],"type":"Polygon","properties":{"geoid":"12009","name":"Brevard"},"id":"12009"},{"arcs":[[4448,4449,4450,4451,4452,4453,4454]],"type":"Polygon","properties":{"geoid":"29095","name":"Jackson"},"id":"29095"},{"arcs":[[-4421,-3884,-4420,4455,-4296,4456,4457]],"type":"Polygon","properties":{"geoid":"05139","name":"Union"},"id":"05139"},{"arcs":[[4458,-2220,-3093,4459,4460]],"type":"Polygon","properties":{"geoid":"54019","name":"Fayette"},"id":"54019"},{"arcs":[[4461,4462,4463,4464,4465]],"type":"Polygon","properties":{"geoid":"18161","name":"Union"},"id":"18161"},{"arcs":[[4466,4467,4468,4469,4470]],"type":"Polygon","properties":{"geoid":"05029","name":"Conway"},"id":"05029"},{"arcs":[[4471,4472,-4058,4473,4474]],"type":"Polygon","properties":{"geoid":"37123","name":"Montgomery"},"id":"37123"},{"arcs":[[4475,4476,4477,4478,4479,4480,4481,4482]],"type":"Polygon","properties":{"geoid":"12086","name":"Miami-Dade"},"id":"12086"},{"arcs":[[4483,-2133,4484,4485,-581]],"type":"Polygon","properties":{"geoid":"51193","name":"Westmoreland"},"id":"51193"},{"arcs":[[4486,4487,4488,4489,-4119,4490,-4114,4491]],"type":"Polygon","properties":{"geoid":"06027","name":"Inyo"},"id":"06027"},{"arcs":[[4492,-3462,4493,4494,-2658,4495]],"type":"Polygon","properties":{"geoid":"06053","name":"Monterey"},"id":"06053"},{"arcs":[[4496,4497,4498,4499,4500,4501,4502,4503]],"type":"Polygon","properties":{"geoid":"35039","name":"Rio Arriba"},"id":"35039"},{"arcs":[[-2620,-1671,-4228,4504,-2105]],"type":"Polygon","properties":{"geoid":"51171","name":"Shenandoah"},"id":"51171"},{"arcs":[[4505,-37,4506,4507]],"type":"Polygon","properties":{"geoid":"42003","name":"Allegheny"},"id":"42003"},{"arcs":[[4508,4509,4510,4511,4512]],"type":"Polygon","properties":{"geoid":"19033","name":"Cerro Gordo"},"id":"19033"},{"arcs":[[4513,4514,-1819,4515]],"type":"Polygon","properties":{"geoid":"36045","name":"Jefferson"},"id":"36045"},{"arcs":[[4516,-4424,4517,-1738,4518]],"type":"Polygon","properties":{"geoid":"09009","name":"New Haven"},"id":"09009"},{"arcs":[[4519,4520,4521,4522,4523,-1611]],"type":"Polygon","properties":{"geoid":"48171","name":"Gillespie"},"id":"48171"},{"arcs":[[-2640,4524,4525,4526]],"type":"Polygon","properties":{"geoid":"04021","name":"Pinal"},"id":"04021"},{"arcs":[[-2491,4527,-170,4528,-4034,4529,-1402,-1056]],"type":"Polygon","properties":{"geoid":"06093","name":"Siskiyou"},"id":"06093"},{"arcs":[[-3553,-3572,-482,4530,4531,-2509,4532]],"type":"Polygon","properties":{"geoid":"24031","name":"Montgomery"},"id":"24031"},{"arcs":[[-3947,-2840,4533,4534,4535,4536]],"type":"Polygon","properties":{"geoid":"01117","name":"Shelby"},"id":"01117"},{"arcs":[[4537,4538,-4147,-697,4539,4540,-3287,-1602]],"type":"Polygon","properties":{"geoid":"41065","name":"Wasco"},"id":"41065"},{"arcs":[[-377,-3155,4541,-1850]],"type":"Polygon","properties":{"geoid":"54045","name":"Logan"},"id":"54045"},{"arcs":[[4542,-2262,4543,4544,4545,-3602,4546]],"type":"Polygon","properties":{"geoid":"48401","name":"Rusk"},"id":"48401"},{"arcs":[[4547,-3857,-831,4548,4549,-2415]],"type":"Polygon","properties":{"geoid":"17003","name":"Alexander"},"id":"17003"},{"arcs":[[-3892,4550,4551,4552]],"type":"Polygon","properties":{"geoid":"02188","name":"Northwest Arctic"},"id":"02188"},{"arcs":[[-2117,4555,4556,4557,4558,-4193,4559]],"type":"Polygon","properties":{"geoid":"23027","name":"Waldo"},"id":"23027"},{"arcs":[[4560,4561,4562,4563,4564,4565,4566,4567]],"type":"Polygon","properties":{"geoid":"37193","name":"Wilkes"},"id":"37193"},{"arcs":[[4568,-2905,4569,4570,4571]],"type":"Polygon","properties":{"geoid":"48129","name":"Donley"},"id":"48129"},{"arcs":[[-3213,4572,4573,-1357,4574,-3115,-631]],"type":"Polygon","properties":{"geoid":"21179","name":"Nelson"},"id":"21179"},{"arcs":[[-2228,-1710,-2107,-1210,-3436,4575,4576]],"type":"Polygon","properties":{"geoid":"54023","name":"Grant"},"id":"54023"},{"arcs":[[-4066,-4243,-60,4577,-2077,-1822]],"type":"Polygon","properties":{"geoid":"36053","name":"Madison"},"id":"36053"},{"arcs":[[-3401,-2747,4578,4579]],"type":"Polygon","properties":{"geoid":"13051","name":"Chatham"},"id":"13051"},{"arcs":[[-1971,-2532,-242,4580,4581,4582,4583]],"type":"Polygon","properties":{"geoid":"38077","name":"Richland"},"id":"38077"},{"arcs":[[4584,-4436,-3548,-3335,4585,-3962,4586,4587]],"type":"Polygon","properties":{"geoid":"22009","name":"Avoyelles"},"id":"22009"},{"arcs":[[[4588,4589]],[[4590,4591,-3523,4592]]],"type":"MultiPolygon","properties":{"geoid":"02195","name":"Petersburg"},"id":"02195"},{"arcs":[[-1733,-3810,4593,4594,-2095]],"type":"Polygon","properties":{"geoid":"48349","name":"Navarro"},"id":"48349"},{"arcs":[[4595,4596,4597,4598]],"type":"Polygon","properties":{"geoid":"40133","name":"Seminole"},"id":"40133"},{"arcs":[[-2289,-3750,-2969,-1534,4599,4600]],"type":"Polygon","properties":{"geoid":"53027","name":"Grays Harbor"},"id":"53027"},{"arcs":[[-2514,-485,-3952,4601,4602]],"type":"Polygon","properties":{"geoid":"24017","name":"Charles"},"id":"24017"},{"arcs":[[4605,-4260,4606,-4199,4607,4608]],"type":"Polygon","properties":{"geoid":"48071","name":"Chambers"},"id":"48071"},{"arcs":[[4609,-1236,4610,4611]],"type":"Polygon","properties":{"geoid":"12053","name":"Hernando"},"id":"12053"},{"arcs":[[4612,-3001,4613,-4043]],"type":"Polygon","properties":{"geoid":"53017","name":"Douglas"},"id":"53017"},{"arcs":[[4614,4615,4616,4617,4618,-3084]],"type":"Polygon","properties":{"geoid":"28017","name":"Chickasaw"},"id":"28017"},{"arcs":[[4619,4620,4621,4622,-4396,-777,-3442]],"type":"Polygon","properties":{"geoid":"21097","name":"Harrison"},"id":"21097"},{"arcs":[[4623,-566,-1030,4624,-2281,4625,-2930,-4068]],"type":"Polygon","properties":{"geoid":"51019","name":"Bedford"},"id":"51019"},{"arcs":[[4626,-1345,-4437,-4585,4627,4628,-4323]],"type":"Polygon","properties":{"geoid":"22079","name":"Rapides"},"id":"22079"},{"arcs":[[4629,4630,4631,-4253,-1034]],"type":"Polygon","properties":{"geoid":"34025","name":"Monmouth"},"id":"34025"},{"arcs":[[-1336,4632,4633,-3473,4634,4635]],"type":"Polygon","properties":{"geoid":"35007","name":"Colfax"},"id":"35007"},{"arcs":[[4636,4637,4638,4639,-2083]],"type":"Polygon","properties":{"geoid":"28137","name":"Tate"},"id":"28137"},{"arcs":[[4640,4641,4642,-3764]],"type":"Polygon","properties":{"geoid":"27075","name":"Lake"},"id":"27075"},{"arcs":[[4643,-2589,-225,4644,4645,4646,4647,4648,4649,-2147]],"type":"Polygon","properties":{"geoid":"48391","name":"Refugio"},"id":"48391"},{"arcs":[[-4157,4650,-4637,-2082,4651]],"type":"Polygon","properties":{"geoid":"28033","name":"DeSoto"},"id":"28033"},{"arcs":[[-3361,4652,4653,4654,4655]],"type":"Polygon","properties":{"geoid":"06017","name":"El Dorado"},"id":"06017"},{"arcs":[[-3667,-3136,4656,-429,4657]],"type":"Polygon","properties":{"geoid":"30045","name":"Judith Basin"},"id":"30045"},{"arcs":[[-3108,4658,-1053,4659,4660,4661]],"type":"Polygon","properties":{"geoid":"40101","name":"Muskogee"},"id":"40101"},{"arcs":[[4662,4663,4664,-796,4665,4666]],"type":"Polygon","properties":{"geoid":"21059","name":"Daviess"},"id":"21059"},{"arcs":[[-2126,4667,-1116,4668,-1385,4669,4670]],"type":"Polygon","properties":{"geoid":"28109","name":"Pearl River"},"id":"28109"},{"arcs":[[-4654,4671,4672,4673,4674,4675]],"type":"Polygon","properties":{"geoid":"06003","name":"Alpine"},"id":"06003"},{"arcs":[[4676,-1098,-3415,-3778,4677,4678,4679]],"type":"Polygon","properties":{"geoid":"28163","name":"Yazoo"},"id":"28163"},{"arcs":[[4680,4681,4682,-3570,-3551]],"type":"Polygon","properties":{"geoid":"24013","name":"Carroll"},"id":"24013"},{"arcs":[[-1778,4683,4684,4685,4686,4687,4688]],"type":"Polygon","properties":{"geoid":"47091","name":"Johnson"},"id":"47091"},{"arcs":[[-4330,4689,4690,4691,-1334,4692]],"type":"Polygon","properties":{"geoid":"08055","name":"Huerfano"},"id":"08055"},{"arcs":[[-190,-230,4693,-2067,4694,-2865,-2695,4695,4696,4697,-1867]],"type":"Polygon","properties":{"geoid":"49037","name":"San Juan"},"id":"49037"},{"arcs":[[4698,-2166,4699,4700,4701,4702]],"type":"Polygon","properties":{"geoid":"40065","name":"Jackson"},"id":"40065"},{"arcs":[[4703,4704,-2455,-3273,-2921]],"type":"Polygon","properties":{"geoid":"47089","name":"Jefferson"},"id":"47089"},{"arcs":[[4705,-741,4706,4707,-3235]],"type":"Polygon","properties":{"geoid":"21189","name":"Owsley"},"id":"21189"},{"arcs":[[-3992,4708,4709,4710,-731,4711,-2110]],"type":"Polygon","properties":{"geoid":"12107","name":"Putnam"},"id":"12107"},{"arcs":[[4712,4713,-4126,4714,4715]],"type":"Polygon","properties":{"geoid":"55023","name":"Crawford"},"id":"55023"},{"arcs":[[4716,4717,4718,4719,4720,-2164]],"type":"Polygon","properties":{"geoid":"40031","name":"Comanche"},"id":"40031"},{"arcs":[[-1531,4721,4722,4723,-510,-2108,4724,4725]],"type":"Polygon","properties":{"geoid":"12023","name":"Columbia"},"id":"12023"},{"arcs":[[4726,4727,4728,4729,-2863,-3056,-2756,4730]],"type":"Polygon","properties":{"geoid":"18083","name":"Knox"},"id":"18083"},{"arcs":[[4731,-1142,4732,-833,-4308,-2560]],"type":"Polygon","properties":{"geoid":"45025","name":"Chesterfield"},"id":"45025"},{"arcs":[[4733,4734,-4561,4735,-4686]],"type":"Polygon","properties":{"geoid":"37009","name":"Ashe"},"id":"37009"},{"arcs":[[-582,-4486,4736,4737,4738,-1960,-2799]],"type":"Polygon","properties":{"geoid":"51057","name":"Essex"},"id":"51057"},{"arcs":[[-1262,4739,4740,-3754,4741,4742]],"type":"Polygon","properties":{"geoid":"02240","name":"Southeast Fairbanks"},"id":"02240"},{"arcs":[[[4743]],[[4744]],[[4745]],[[4746]],[[4747,-3866,4748,4749,4750]]],"type":"MultiPolygon","properties":{"geoid":"55003","name":"Ashland"},"id":"55003"},{"arcs":[[-3129,4751,4752,-2573,-2393]],"type":"Polygon","properties":{"geoid":"37019","name":"Brunswick"},"id":"37019"},{"arcs":[[4753,4754,4755,4756,4757,4758]],"type":"Polygon","properties":{"geoid":"46125","name":"Turner"},"id":"46125"},{"arcs":[[4759,4760,-1471,4761,4762,4763,-3790]],"type":"Polygon","properties":{"geoid":"32033","name":"White Pine"},"id":"32033"},{"arcs":[[4764,-1321,4765,4766,4767,4768,4769,-1323]],"type":"Polygon","properties":{"geoid":"45007","name":"Anderson"},"id":"45007"},{"arcs":[[4770,4771,4772,4773,4774]],"type":"Polygon","properties":{"geoid":"49005","name":"Cache"},"id":"49005"},{"arcs":[[-4542,-3154,4775,4776,-1228,-1851]],"type":"Polygon","properties":{"geoid":"54109","name":"Wyoming"},"id":"54109"},{"arcs":[[-4469,4777,4778,4779,-2914,4780,4781]],"type":"Polygon","properties":{"geoid":"05045","name":"Faulkner"},"id":"05045"},{"arcs":[[4782,-3419,4783,-2221,-4459,4784,-3152,-375,4785]],"type":"Polygon","properties":{"geoid":"54039","name":"Kanawha"},"id":"54039"},{"arcs":[[4786,4787,-4238,4788,4789,4790,4791]],"type":"Polygon","properties":{"geoid":"13135","name":"Gwinnett"},"id":"13135"},{"arcs":[[4792,4793,4794,-930,4795,4796]],"type":"Polygon","properties":{"geoid":"40025","name":"Cimarron"},"id":"40025"},{"arcs":[[4797,4798,-3821,4799,-592]],"type":"Polygon","properties":{"geoid":"18001","name":"Adams"},"id":"18001"},{"arcs":[[-4587,-3961,-1457,-444,4800,4801]],"type":"Polygon","properties":{"geoid":"22097","name":"St. Landry"},"id":"22097"},{"arcs":[[4802,4803,-4070,4804,-3701,4805,-3699]],"type":"Polygon","properties":{"geoid":"51121","name":"Montgomery"},"id":"51121"},{"arcs":[[-1940,4806,-421,-243,4807]],"type":"Polygon","properties":{"geoid":"48313","name":"Madison"},"id":"48313"},{"arcs":[[4808,-4551,-3891,4809,-4740,-1264,4810,4811,-4014,4812]],"type":"Polygon","properties":{"geoid":"02290","name":"Yukon-Koyukuk"},"id":"02290"},{"arcs":[[4813,4814,4815,4816,4817,4818]],"type":"Polygon","properties":{"geoid":"30011","name":"Carter"},"id":"30011"},{"arcs":[[-3677,-3939,4819,4820,4821,4822]],"type":"Polygon","properties":{"geoid":"22005","name":"Ascension"},"id":"22005"},{"arcs":[[-835,4823,4824,4825,4826,-160,4827,-4197]],"type":"Polygon","properties":{"geoid":"45041","name":"Florence"},"id":"45041"},{"arcs":[[-2286,4828]],"type":"Polygon","properties":{"geoid":"53009","name":"Clallam"},"id":"53009"},{"arcs":[[4829,4830,4831,-3233,4832]],"type":"Polygon","properties":{"geoid":"21065","name":"Estill"},"id":"21065"},{"arcs":[[-56,-3517,4833,4834,4835,4836]],"type":"Polygon","properties":{"geoid":"48453","name":"Travis"},"id":"48453"},{"arcs":[[4837,4838,4839,4840,-3078]],"type":"Polygon","properties":{"geoid":"29197","name":"Schuyler"},"id":"29197"},{"arcs":[[-1904,-253,-625,-2581,-636,-3303]],"type":"Polygon","properties":{"geoid":"22015","name":"Bossier"},"id":"22015"},{"arcs":[[-2678,-3402,-4580,4841,4842,4843]],"type":"Polygon","properties":{"geoid":"13029","name":"Bryan"},"id":"13029"},{"arcs":[[4844,-3543,4845,-1066,4846,-1425]],"type":"Polygon","properties":{"geoid":"13303","name":"Washington"},"id":"13303"},{"arcs":[[4847,4848,4849,4850,4851,4852,-4563,4853]],"type":"Polygon","properties":{"geoid":"37171","name":"Surry"},"id":"37171"},{"arcs":[[4854,-3780,-4440,4855,-645]],"type":"Polygon","properties":{"geoid":"28021","name":"Claiborne"},"id":"28021"},{"arcs":[[4856,4857,-1278,4858,-679]],"type":"Polygon","properties":{"geoid":"46095","name":"Mellette"},"id":"46095"},{"arcs":[[4859,4860,-2805,-3717,-3404,-1583]],"type":"Polygon","properties":{"geoid":"48335","name":"Mitchell"},"id":"48335"},{"arcs":[[-3140,-3188,4861,4862]],"type":"Polygon","properties":{"geoid":"30039","name":"Granite"},"id":"30039"},{"arcs":[[-1639,-2686,4863,4864,4865,4866]],"type":"Polygon","properties":{"geoid":"22035","name":"East Carroll"},"id":"22035"},{"arcs":[[4867,4868,4869,4870,-3484,4871]],"type":"Polygon","properties":{"geoid":"08069","name":"Larimer"},"id":"08069"},{"arcs":[[4872,4873,4874,4875,4876,4877]],"type":"Polygon","properties":{"geoid":"20143","name":"Ottawa"},"id":"20143"},{"arcs":[[4878,4879,-3447,4880,-210,-4767,4881]],"type":"Polygon","properties":{"geoid":"45045","name":"Greenville"},"id":"45045"},{"arcs":[[4882,4883,-3953,-3674,4884,4885]],"type":"Polygon","properties":{"geoid":"22037","name":"East Feliciana"},"id":"22037"},{"arcs":[[4886,-3300,4887,4888,4889,4890]],"type":"Polygon","properties":{"geoid":"20009","name":"Barton"},"id":"20009"},{"arcs":[[4891,4892,-1622]],"type":"Polygon","properties":{"geoid":"16061","name":"Lewis"},"id":"16061"},{"arcs":[[[-4090,4893,-4017]],[[4894]],[[4895,-4019]]],"type":"MultiPolygon","properties":{"geoid":"02070","name":"Dillingham"},"id":"02070"},{"arcs":[[-4383,-4204,4896,4897]],"type":"Polygon","properties":{"geoid":"49011","name":"Davis"},"id":"49011"},{"arcs":[[4898,-1337,-4636,4899,-4499]],"type":"Polygon","properties":{"geoid":"35055","name":"Taos"},"id":"35055"},{"arcs":[[-1243,4900,-3408,4901]],"type":"Polygon","properties":{"geoid":"48449","name":"Titus"},"id":"48449"},{"arcs":[[-2017,-4338,4902,4903,4904,4905,-1298]],"type":"Polygon","properties":{"geoid":"30033","name":"Garfield"},"id":"30033"},{"arcs":[[-3410,4906,-4409,-2258,4907,4908,4909]],"type":"Polygon","properties":{"geoid":"48459","name":"Upshur"},"id":"48459"},{"arcs":[[-2185,-1449,-2178,4910,-3460,4911]],"type":"Polygon","properties":{"geoid":"06047","name":"Merced"},"id":"06047"},{"arcs":[[4912,4913,4914,4915,4916,4917,-2462,-2664]],"type":"Polygon","properties":{"geoid":"36071","name":"Orange"},"id":"36071"},{"arcs":[[4918,4919,4920,-4664,4921]],"type":"Polygon","properties":{"geoid":"18147","name":"Spencer"},"id":"18147"},{"arcs":[[4922,4923,4924,4925,-2402]],"type":"Polygon","properties":{"geoid":"46047","name":"Fall River"},"id":"46047"},{"arcs":[[4926,4927,4928,-1993,-184,4929]],"type":"Polygon","properties":{"geoid":"25011","name":"Franklin"},"id":"25011"},{"arcs":[[-2284,-2009,-2773,4930,4931,-2211,4932]],"type":"Polygon","properties":{"geoid":"51083","name":"Halifax"},"id":"51083"},{"arcs":[[4933,-1963,-3175,-1726,4934,-1724,4935,4936,-3247]],"type":"Polygon","properties":{"geoid":"51095","name":"James City"},"id":"51095"},{"arcs":[[-1313,-2091,-20,-4772,4937]],"type":"Polygon","properties":{"geoid":"16041","name":"Franklin"},"id":"16041"},{"arcs":[[-3446,-3709,-2196,4938,-211,-4881]],"type":"Polygon","properties":{"geoid":"45083","name":"Spartanburg"},"id":"45083"},{"arcs":[[4939,4940,4941,-2721,-3391,-102,4942]],"type":"Polygon","properties":{"geoid":"39167","name":"Washington"},"id":"39167"},{"arcs":[[4943,4944,4945,4946,4947,4948,4949,4950]],"type":"Polygon","properties":{"geoid":"42045","name":"Delaware"},"id":"42045"},{"arcs":[[-4406,-3881,-879,4951,-1203,-4077,-1924]],"type":"Polygon","properties":{"geoid":"08093","name":"Park"},"id":"08093"},{"arcs":[[-4055,-1646,-1177,4952,4953,4954]],"type":"Polygon","properties":{"geoid":"37051","name":"Cumberland"},"id":"37051"},{"arcs":[[4955,-3316,-433,4956,-794,4957,-2136,-1984]],"type":"Polygon","properties":{"geoid":"30031","name":"Gallatin"},"id":"30031"},{"arcs":[[4958,-4628,-4588,-4802,4959,-437]],"type":"Polygon","properties":{"geoid":"22039","name":"Evangeline"},"id":"22039"},{"arcs":[[-3069,4960,4961,4962]],"type":"Polygon","properties":{"geoid":"19093","name":"Ida"},"id":"19093"},{"arcs":[[4963,-3934,-2818,-2842,-3946,4964]],"type":"Polygon","properties":{"geoid":"01009","name":"Blount"},"id":"01009"},{"arcs":[[-4960,-4801,-443,-570,-438]],"type":"Polygon","properties":{"geoid":"22001","name":"Acadia"},"id":"22001"},{"arcs":[[4965,4966,-4684,-1777,4967,4968,-1775,4969,-3615]],"type":"Polygon","properties":{"geoid":"51191","name":"Washington"},"id":"51191"},{"arcs":[[-2987,-3751,-2399,-3706,4970,4971]],"type":"Polygon","properties":{"geoid":"37021","name":"Buncombe"},"id":"37021"},{"arcs":[[-2549,4972,4973,-3858,4974,-4171,4975]],"type":"Polygon","properties":{"geoid":"23017","name":"Oxford"},"id":"23017"},{"arcs":[[4976,4977,-4225,-4173,4978,4979,4980,4981,-2292]],"type":"Polygon","properties":{"geoid":"33009","name":"Grafton"},"id":"33009"},{"arcs":[[-3541,-1221,-1438,-4124,4982,-2706]],"type":"Polygon","properties":{"geoid":"16037","name":"Custer"},"id":"16037"},{"arcs":[[4983,4984,4985,4986]],"type":"Polygon","properties":{"geoid":"37139","name":"Pasquotank"},"id":"37139"},{"arcs":[[4987,-2553,-2020,4988,-3681]],"type":"Polygon","properties":{"geoid":"38067","name":"Pembina"},"id":"38067"},{"arcs":[[4989,4990,-2590,-4644,-2146]],"type":"Polygon","properties":{"geoid":"48175","name":"Goliad"},"id":"48175"},{"arcs":[[4991,-3071,4992,-304]],"type":"Polygon","properties":{"geoid":"19149","name":"Plymouth"},"id":"19149"},{"arcs":[[-4785,-4461,4993,4994,-4776,-3153]],"type":"Polygon","properties":{"geoid":"54081","name":"Raleigh"},"id":"54081"},{"arcs":[[4995,4996,4997,4998,4999,5000]],"type":"Polygon","properties":{"geoid":"40067","name":"Jefferson"},"id":"40067"},{"arcs":[[5001,5002,5003,5004,5005]],"type":"Polygon","properties":{"geoid":"26143","name":"Roscommon"},"id":"26143"},{"arcs":[[-1658,-1416,5006,5007,-1529,5008,5009,5010]],"type":"Polygon","properties":{"geoid":"13185","name":"Lowndes"},"id":"13185"},{"arcs":[[5011,5012,5013,5014]],"type":"Polygon","properties":{"geoid":"17047","name":"Edwards"},"id":"17047"},{"arcs":[[5015,5016,5017,-1588,5018,5019]],"type":"Polygon","properties":{"geoid":"28087","name":"Lowndes"},"id":"28087"},{"arcs":[[5020,5021,5022,-4944,5023,5024]],"type":"Polygon","properties":{"geoid":"42091","name":"Montgomery"},"id":"42091"},{"arcs":[[-2868,5025,5026,-2303,5027]],"type":"Polygon","properties":{"geoid":"42053","name":"Forest"},"id":"42053"},{"arcs":[[-3668,-4658,-428,-935,-1355]],"type":"Polygon","properties":{"geoid":"30013","name":"Cascade"},"id":"30013"},{"arcs":[[5028,-2142,-386,-2364,-1036,-4252,5029,-5022]],"type":"Polygon","properties":{"geoid":"42017","name":"Bucks"},"id":"42017"},{"arcs":[[5030,5031,5032,-861,5033]],"type":"Polygon","properties":{"geoid":"48405","name":"San Augustine"},"id":"48405"},{"arcs":[[-524,5034,5035,5036,5037,-167,5038]],"type":"Polygon","properties":{"geoid":"41017","name":"Deschutes"},"id":"41017"},{"arcs":[[-3682,-4989,-2026,-609,5039,5040]],"type":"Polygon","properties":{"geoid":"38099","name":"Walsh"},"id":"38099"},{"arcs":[[-4692,5041,5042,5043,5044,5045,-4633,-1335]],"type":"Polygon","properties":{"geoid":"08071","name":"Las Animas"},"id":"08071"},{"arcs":[[5046,5047,-4872,-3483,5048]],"type":"Polygon","properties":{"geoid":"08057","name":"Jackson"},"id":"08057"},{"arcs":[[5049,-2888,5050,-4415]],"type":"Polygon","properties":{"geoid":"48303","name":"Lubbock"},"id":"48303"},{"arcs":[[5051,-1428,5052,-684,-311]],"type":"Polygon","properties":{"geoid":"13289","name":"Twiggs"},"id":"13289"},{"arcs":[[-1070,5053,5054,5055]],"type":"Polygon","properties":{"geoid":"12049","name":"Hardee"},"id":"12049"},{"arcs":[[-2148,-4650,5056,5057,5058,5059,5060,5061,5062,5063,5064,5065]],"type":"Polygon","properties":{"geoid":"48409","name":"San Patricio"},"id":"48409"},{"arcs":[[5066,-3437,-1215,5067,-1287,-3089]],"type":"Polygon","properties":{"geoid":"54075","name":"Pocahontas"},"id":"54075"},{"arcs":[[-5023,-5030,-4256,-1170,5068,-4945]],"type":"Polygon","properties":{"geoid":"42101","name":"Philadelphia"},"id":"42101"},{"arcs":[[-3589,-567,-4624,-4067,5069]],"type":"Polygon","properties":{"geoid":"51023","name":"Botetourt"},"id":"51023"},{"arcs":[[5070,-3626,-263,5071]],"type":"Polygon","properties":{"geoid":"53019","name":"Ferry"},"id":"53019"},{"arcs":[[5072,5073,5074,-4667,5075,5076,5077]],"type":"Polygon","properties":{"geoid":"21101","name":"Henderson"},"id":"21101"},{"arcs":[[-3587,5078,-2617,-3422,-4047]],"type":"Polygon","properties":{"geoid":"54065","name":"Morgan"},"id":"54065"},{"arcs":[[-3054,-3604,-866,5079,-417,-4807,-1939]],"type":"Polygon","properties":{"geoid":"48225","name":"Houston"},"id":"48225"},{"arcs":[[5080,5081,5082,5083,5084,5085,-2446]],"type":"Polygon","properties":{"geoid":"13205","name":"Mitchell"},"id":"13205"},{"arcs":[[-3141,-4863,5086,-3944,-3538,5087]],"type":"Polygon","properties":{"geoid":"30081","name":"Ravalli"},"id":"30081"},{"arcs":[[5088,-5072,-262,-3002,-4613,-4042,5089,5090]],"type":"Polygon","properties":{"geoid":"53047","name":"Okanogan"},"id":"53047"},{"arcs":[[5091,5092,-1527,-1746,-4376,-4378,-3313]],"type":"Polygon","properties":{"geoid":"47141","name":"Putnam"},"id":"47141"},{"arcs":[[-4144,-2442,-163,-176,-379,5093,-1953,5094,-1804]],"type":"Polygon","properties":{"geoid":"45075","name":"Orangeburg"},"id":"45075"},{"arcs":[[-3872,5095,5096,-2882,-1877,-2645]],"type":"Polygon","properties":{"geoid":"05095","name":"Monroe"},"id":"05095"},{"arcs":[[-740,-721,5097,5098,5099,5100,-4707]],"type":"Polygon","properties":{"geoid":"21193","name":"Perry"},"id":"21193"},{"arcs":[[5101,-1640,-4867,5102,-4023,-3986,-3507]],"type":"Polygon","properties":{"geoid":"22083","name":"Richland"},"id":"22083"},{"arcs":[[-3206,5103,5104,-3627,-2857]],"type":"Polygon","properties":{"geoid":"16087","name":"Washington"},"id":"16087"},{"arcs":[[-2822,5105,-2828,5106,5107,-2952]],"type":"Polygon","properties":{"geoid":"01099","name":"Monroe"},"id":"01099"},{"arcs":[[5110,5111,-4394,-1608,5112,-1367,5113]],"type":"Polygon","properties":{"geoid":"22051","name":"Jefferson"},"id":"22051"},{"arcs":[[5114,5115,5116,5117,-4941,5118]],"type":"Polygon","properties":{"geoid":"39121","name":"Noble"},"id":"39121"},{"arcs":[[-3756,5119,5120,5121,5122]],"type":"Polygon","properties":{"geoid":"02282","name":"Yakutat"},"id":"02282"},{"arcs":[[-1272,-4062,5123,-4857,-678]],"type":"Polygon","properties":{"geoid":"46075","name":"Jones"},"id":"46075"},{"arcs":[[-4309,-4198,-4828,-159,-2441,-2189]],"type":"Polygon","properties":{"geoid":"45085","name":"Sumter"},"id":"45085"},{"arcs":[[5124,-1423,5125,-4984,5126,5127]],"type":"Polygon","properties":{"geoid":"37029","name":"Camden"},"id":"37029"},{"arcs":[[-2405,5128,5129,5130,5131]],"type":"Polygon","properties":{"geoid":"56031","name":"Platte"},"id":"56031"},{"arcs":[[-1669,5132,-951,-3724,-4229]],"type":"Polygon","properties":{"geoid":"51157","name":"Rappahannock"},"id":"51157"},{"arcs":[[5133,-2575,-783,5134,-4826]],"type":"Polygon","properties":{"geoid":"45067","name":"Marion"},"id":"45067"},{"arcs":[[5135,-4164,5136,5137,-5032]],"type":"Polygon","properties":{"geoid":"48403","name":"Sabine"},"id":"48403"},{"arcs":[[5138,-2019,-3132,-3666,5139]],"type":"Polygon","properties":{"geoid":"30005","name":"Blaine"},"id":"30005"},{"arcs":[[-259,5140,5141,-36,5142,-960,-2066]],"type":"Polygon","properties":{"geoid":"08045","name":"Garfield"},"id":"08045"},{"arcs":[[5143,-4954,5144,-2390,5145,5146,5147]],"type":"Polygon","properties":{"geoid":"37155","name":"Robeson"},"id":"37155"},{"arcs":[[-4546,5148,-5034,-860,-3603]],"type":"Polygon","properties":{"geoid":"48347","name":"Nacogdoches"},"id":"48347"},{"arcs":[[-1975,-1906,-3302,-4408,5149]],"type":"Polygon","properties":{"geoid":"48067","name":"Cass"},"id":"48067"},{"arcs":[[-2448,5150,5151,5152]],"type":"Polygon","properties":{"geoid":"13201","name":"Miller"},"id":"13201"},{"arcs":[[5153,-4454,5154,5155,5156,5157]],"type":"Polygon","properties":{"geoid":"29037","name":"Cass"},"id":"29037"},{"arcs":[[5158,5159,-1132,5160,-1358,-4574,5161]],"type":"Polygon","properties":{"geoid":"21005","name":"Anderson"},"id":"21005"},{"arcs":[[5162,-1237,-4610,5163,5164]],"type":"Polygon","properties":{"geoid":"12017","name":"Citrus"},"id":"12017"},{"arcs":[[-3236,-4708,-5101,5165,-1043,-3466,-2878]],"type":"Polygon","properties":{"geoid":"21051","name":"Clay"},"id":"21051"},{"arcs":[[-4655,-4676,5166,-3534,5167]],"type":"Polygon","properties":{"geoid":"06005","name":"Amador"},"id":"06005"},{"arcs":[[-4792,5168,5169,5170,5171]],"type":"Polygon","properties":{"geoid":"13089","name":"DeKalb"},"id":"13089"},{"arcs":[[-3275,5172,-3395,-3691,5173,-1597]],"type":"Polygon","properties":{"geoid":"37173","name":"Swain"},"id":"37173"},{"arcs":[[-3454,-4334,5174,5175,-882,-1694,-1473]],"type":"Polygon","properties":{"geoid":"08053","name":"Hinsdale"},"id":"08053"},{"arcs":[[5176,5177,5178,5179,5180,5181]],"type":"Polygon","properties":{"geoid":"21003","name":"Allen"},"id":"21003"},{"arcs":[[-2579,5182,-3989,-4435,-1343,5183]],"type":"Polygon","properties":{"geoid":"22127","name":"Winn"},"id":"22127"},{"arcs":[[5184,5185,-3315,-4381,5186,-1762,-1136]],"type":"Polygon","properties":{"geoid":"47189","name":"Wilson"},"id":"47189"},{"arcs":[[-553,-735,-388]],"type":"Polygon","properties":{"geoid":"12117","name":"Seminole"},"id":"12117"},{"arcs":[[5187,5188,-3580,5189,-1382]],"type":"Polygon","properties":{"geoid":"28039","name":"George"},"id":"28039"},{"arcs":[[5190,5191,5192,-1291,-2199,5193]],"type":"Polygon","properties":{"geoid":"12039","name":"Gadsden"},"id":"12039"},{"arcs":[[5194,-1499,5195,5196,5197,5198]],"type":"Polygon","properties":{"geoid":"21033","name":"Caldwell"},"id":"21033"},{"arcs":[[-4500,-4900,-4635,-3477,5199,5200]],"type":"Polygon","properties":{"geoid":"35033","name":"Mora"},"id":"35033"},{"arcs":[[-1207,5201,-4690,-4329]],"type":"Polygon","properties":{"geoid":"08027","name":"Custer"},"id":"08027"},{"arcs":[[[5202]],[[5203,5204]],[[5205]],[[5206,5207]]],"type":"MultiPolygon","properties":{"geoid":"02220","name":"Sitka"},"id":"02220"},{"arcs":[[[-3332,5210,-4886,5211,-3958]],[[-4586,-3334,-3957]]],"type":"MultiPolygon","properties":{"geoid":"22125","name":"West Feliciana"},"id":"22125"},{"arcs":[[[5212]],[[-358,5213,5214]]],"type":"MultiPolygon","properties":{"geoid":"44009","name":"Washington"},"id":"44009"},{"arcs":[[-4805,-4069,-2933,5215,5216,-3702]],"type":"Polygon","properties":{"geoid":"51063","name":"Floyd"},"id":"51063"},{"arcs":[[-1979,5217,-3762,-1401,5218,-4682,5219]],"type":"Polygon","properties":{"geoid":"42133","name":"York"},"id":"42133"},{"arcs":[[-1408,-2507,5220,5221,5222,5223]],"type":"Polygon","properties":{"geoid":"20119","name":"Meade"},"id":"20119"},{"arcs":[[-4955,-5144,5224,-4056]],"type":"Polygon","properties":{"geoid":"37093","name":"Hoke"},"id":"37093"},{"arcs":[[-2615,-1994,5225,-4789]],"type":"Polygon","properties":{"geoid":"13013","name":"Barrow"},"id":"13013"},{"arcs":[[5226,-3201,-2202,-3349,5227]],"type":"Polygon","properties":{"geoid":"12045","name":"Gulf"},"id":"12045"},{"arcs":[[5229,-1659,-5011,5230,5231,5232]],"type":"Polygon","properties":{"geoid":"13027","name":"Brooks"},"id":"13027"},{"arcs":[[5233,5234,5235,-345,5236]],"type":"Polygon","properties":{"geoid":"31013","name":"Box Butte"},"id":"31013"},{"arcs":[[-4419,5237,-2688,5238,-4456]],"type":"Polygon","properties":{"geoid":"05003","name":"Ashley"},"id":"05003"},{"arcs":[[5239,5240,-2524,5241,5242,5243,5244]],"type":"Polygon","properties":{"geoid":"05007","name":"Benton"},"id":"05007"},{"arcs":[[-1304,-2584,5245,5246,-2896,-3918,5247]],"type":"Polygon","properties":{"geoid":"21127","name":"Lawrence"},"id":"21127"},{"arcs":[[-4675,5248,-2183,-3535,-5167]],"type":"Polygon","properties":{"geoid":"06009","name":"Calaveras"},"id":"06009"},{"arcs":[[5249,5250,-1866,-1270,-97]],"type":"Polygon","properties":{"geoid":"46137","name":"Ziebach"},"id":"46137"},{"arcs":[[5251,-69,5252,5253,-743,-1810]],"type":"Polygon","properties":{"geoid":"20203","name":"Wichita"},"id":"20203"},{"arcs":[[5254,5255,-2873,-972,-946,-5133,-1668]],"type":"Polygon","properties":{"geoid":"51061","name":"Fauquier"},"id":"51061"},{"arcs":[[5256,-4571,5257,5258,5259,-3191]],"type":"Polygon","properties":{"geoid":"48045","name":"Briscoe"},"id":"48045"},{"arcs":[[5260,-1409,-5224,5261,5262,-1232]],"type":"Polygon","properties":{"geoid":"20081","name":"Haskell"},"id":"20081"},{"arcs":[[5264,5265,-4609,5266,-4202,-1791,5267,5268]],"type":"Polygon","properties":{"geoid":"48201","name":"Harris"},"id":"48201"},{"arcs":[[-756,-134,5269,5270,5271]],"type":"Polygon","properties":{"geoid":"27165","name":"Watonwan"},"id":"27165"},{"arcs":[[-5103,-4866,5273,-641,-4024]],"type":"Polygon","properties":{"geoid":"22065","name":"Madison"},"id":"22065"},{"arcs":[[5274,5275,5276,5277,5278]],"type":"Polygon","properties":{"geoid":"39117","name":"Morrow"},"id":"39117"},{"arcs":[[-276,5279,5280,5281,-4913,-2663]],"type":"Polygon","properties":{"geoid":"36111","name":"Ulster"},"id":"36111"},{"arcs":[[5282,-3324,-2186,-4912,-3459,5283,-2479]],"type":"Polygon","properties":{"geoid":"06085","name":"Santa Clara"},"id":"06085"},{"arcs":[[5284,5285,5286,5287,5288,-4525,-2639]],"type":"Polygon","properties":{"geoid":"04009","name":"Graham"},"id":"04009"},{"arcs":[[5289,5290,5291,5292,5293,5294]],"type":"Polygon","properties":{"geoid":"29063","name":"DeKalb"},"id":"29063"},{"arcs":[[5295,-929,-4120,-4490,5296]],"type":"Polygon","properties":{"geoid":"32003","name":"Clark"},"id":"32003"},{"arcs":[[5297,-1532,-4726,5298,5299]],"type":"Polygon","properties":{"geoid":"12121","name":"Suwannee"},"id":"12121"},{"arcs":[[-4364,5300,5301,5302,-4240,-1282]],"type":"Polygon","properties":{"geoid":"37091","name":"Hertford"},"id":"37091"},{"arcs":[[-1242,-1976,-5150,-4407,-4907,-3409,-4901]],"type":"Polygon","properties":{"geoid":"48343","name":"Morris"},"id":"48343"},{"arcs":[[5303,-3798,-4413,-3795,-4412,5304,5305,-1760]],"type":"Polygon","properties":{"geoid":"47107","name":"McMinn"},"id":"47107"},{"arcs":[[5306,5307,-313,-683,5308,5309]],"type":"Polygon","properties":{"geoid":"13079","name":"Crawford"},"id":"13079"},{"arcs":[[-1508,5310,-2379,5311,-917,-1788,5312]],"type":"Polygon","properties":{"geoid":"48371","name":"Pecos"},"id":"48371"},{"arcs":[[5313,5314,5315,5316,5317,5318]],"type":"Polygon","properties":{"geoid":"46073","name":"Jerauld"},"id":"46073"},{"arcs":[[-1294,5319,-5232,5320,-3199,5321,-3375]],"type":"Polygon","properties":{"geoid":"12065","name":"Jefferson"},"id":"12065"},{"arcs":[[-2496,5322,-5181,5323,5324,-5185,-1135]],"type":"Polygon","properties":{"geoid":"47165","name":"Sumner"},"id":"47165"},{"arcs":[[-1063,-2388,-1806,5325,-2314,-3745,5326,-3721]],"type":"Polygon","properties":{"geoid":"13033","name":"Burke"},"id":"13033"},{"arcs":[[5327,5328,5329,5330,5331]],"type":"Polygon","properties":{"geoid":"20079","name":"Harvey"},"id":"20079"},{"arcs":[[5332,-2268,-2464,5333,-382,-2141,5334,5335]],"type":"Polygon","properties":{"geoid":"42089","name":"Monroe"},"id":"42089"},{"arcs":[[-2106,-4505,-4231,5336,-2565,5337,-1212],[5338]],"type":"Polygon","properties":{"geoid":"51165","name":"Rockingham"},"id":"51165"},{"arcs":[[-2132,-2368,5339,-4737,-4485]],"type":"Polygon","properties":{"geoid":"51159","name":"Richmond"},"id":"51159"},{"arcs":[[5340,-4567,5341,5342,-4213,5343]],"type":"Polygon","properties":{"geoid":"37027","name":"Caldwell"},"id":"37027"},{"arcs":[[-862,-5033,-5138,5344,5345,-2629,-4280]],"type":"Polygon","properties":{"geoid":"48241","name":"Jasper"},"id":"48241"},{"arcs":[[5346,5347,5348,5349,5350]],"type":"Polygon","properties":{"geoid":"31049","name":"Deuel"},"id":"31049"},{"arcs":[[5351,5352,5353,5354,5355,5356,-5316]],"type":"Polygon","properties":{"geoid":"46111","name":"Sanborn"},"id":"46111"},{"arcs":[[5357,-255,5358,5359,-1081,-2487]],"type":"Polygon","properties":{"geoid":"49013","name":"Duchesne"},"id":"49013"},{"arcs":[[-5216,-2932,-2545,5360,-4850,5361]],"type":"Polygon","properties":{"geoid":"51141","name":"Patrick"},"id":"51141"},{"arcs":[[-800,5362,-3279,5363,5364,-3887]],"type":"Polygon","properties":{"geoid":"21031","name":"Butler"},"id":"21031"},{"arcs":[[-5284,-3458,-4493,5365,-2480]],"type":"Polygon","properties":{"geoid":"06087","name":"Santa Cruz"},"id":"06087"},{"arcs":[[-5219,-1400,5366,5367,-422,-3571,-4683]],"type":"Polygon","properties":{"geoid":"24005","name":"Baltimore"},"id":"24005"},{"arcs":[[-4739,5368,5369,-3172,-1961]],"type":"Polygon","properties":{"geoid":"51119","name":"Middlesex"},"id":"51119"},{"arcs":[[5370,-4917,5371,5372,-2622,5373]],"type":"Polygon","properties":{"geoid":"34031","name":"Passaic"},"id":"34031"},{"arcs":[[[5374]],[[5375]],[[5376]],[[-2661,5377,-300,5378]]],"type":"MultiPolygon","properties":{"geoid":"06083","name":"Santa Barbara"},"id":"06083"},{"arcs":[[-2007,-4269,5379,5380,-2768]],"type":"Polygon","properties":{"geoid":"51111","name":"Lunenburg"},"id":"51111"},{"arcs":[[-214,-4137,5381,5382,5383,5384]],"type":"Polygon","properties":{"geoid":"45047","name":"Greenwood"},"id":"45047"},{"arcs":[[5385,5386,5387,5388,5389,5390]],"type":"Polygon","properties":{"geoid":"31155","name":"Saunders"},"id":"31155"},{"arcs":[[-293,-3692,-1316,5391,5392]],"type":"Polygon","properties":{"geoid":"13241","name":"Rabun"},"id":"13241"},{"arcs":[[-1214,5393,-1288,-5068]],"type":"Polygon","properties":{"geoid":"51091","name":"Highland"},"id":"51091"},{"arcs":[[5394,5395,5396,-4833,-3232,-1185,-4388]],"type":"Polygon","properties":{"geoid":"21151","name":"Madison"},"id":"21151"},{"arcs":[[5397,5398,5399,5400,-5003]],"type":"Polygon","properties":{"geoid":"26129","name":"Ogemaw"},"id":"26129"},{"arcs":[[5401,-4642]],"type":"Polygon","properties":{"geoid":"27031","name":"Cook"},"id":"27031"},{"arcs":[[5402,-2155,-3491,-399,5403,5404]],"type":"Polygon","properties":{"geoid":"29023","name":"Butler"},"id":"29023"},{"arcs":[[-1002,5405,5406,-4883,-5211,-3331]],"type":"Polygon","properties":{"geoid":"28157","name":"Wilkinson"},"id":"28157"},{"arcs":[[5407,-5392,-1327,5408,5409,-4236,-1555]],"type":"Polygon","properties":{"geoid":"13137","name":"Habersham"},"id":"13137"},{"arcs":[[-5170,5410,-3256,5411,5412,5413]],"type":"Polygon","properties":{"geoid":"13151","name":"Henry"},"id":"13151"},{"arcs":[[[-3569,5414]],[[5415]]],"type":"MultiPolygon","properties":{"geoid":"53029","name":"Island"},"id":"53029"},{"arcs":[[-652,-3736,5416,-3295,5417,-4704,-2920]],"type":"Polygon","properties":{"geoid":"47057","name":"Grainger"},"id":"47057"},{"arcs":[[-502,5418,5419,-3758,-5218,-1978,-2465]],"type":"Polygon","properties":{"geoid":"42043","name":"Dauphin"},"id":"42043"},{"arcs":[[-719,-1465,-2898,-1853,5420,5421,-3816,5422]],"type":"Polygon","properties":{"geoid":"21195","name":"Pike"},"id":"21195"},{"arcs":[[5423,5424,-1503,5425,5426]],"type":"Polygon","properties":{"geoid":"48333","name":"Mills"},"id":"48333"},{"arcs":[[5427,-93,5428,-3265,5429,-2623,-5373]],"type":"Polygon","properties":{"geoid":"34003","name":"Bergen"},"id":"34003"},{"arcs":[[-4386,-1305,-5248,-3920,5430,-3877,-2834]],"type":"Polygon","properties":{"geoid":"21175","name":"Morgan"},"id":"21175"},{"arcs":[[-3128,5431,-4752]],"type":"Polygon","properties":{"geoid":"37129","name":"New Hanover"},"id":"37129"},{"arcs":[[-3094,-2641,-4527,5432,-3343,5433]],"type":"Polygon","properties":{"geoid":"04013","name":"Maricopa"},"id":"04013"},{"arcs":[[5434,5435,5436,5437,5438,-2814,-3933]],"type":"Polygon","properties":{"geoid":"01049","name":"DeKalb"},"id":"01049"},{"arcs":[[[5439]],[[5440]],[[5441]],[[5442]],[[5443]],[[5444]],[[5445]],[[5446]],[[5447]],[[-3649,5448,-3643,5449,-4091]],[[5450]]],"type":"MultiPolygon","properties":{"geoid":"02150","name":"Kodiak Island"},"id":"02150"},{"arcs":[[5451,5452,-2075,5453,-1644,5454]],"type":"Polygon","properties":{"geoid":"37183","name":"Wake"},"id":"37183"},{"arcs":[[-4673,5455,5456,5457,5458,-4487,5459,-2180,5460]],"type":"Polygon","properties":{"geoid":"06051","name":"Mono"},"id":"06051"},{"arcs":[[-3321,-4154,5461,-233]],"type":"Polygon","properties":{"geoid":"48233","name":"Hutchinson"},"id":"48233"},{"arcs":[[-3658,5462,-2743,5463,-4438,-2323,-773]],"type":"Polygon","properties":{"geoid":"37013","name":"Beaufort"},"id":"37013"},{"arcs":[[5464,5465,-3737,-650,-393,-3307]],"type":"Polygon","properties":{"geoid":"47013","name":"Campbell"},"id":"47013"},{"arcs":[[-793,-1396,-2365,5466,5467,5468,-2137,-4958]],"type":"Polygon","properties":{"geoid":"56039","name":"Teton"},"id":"56039"},{"arcs":[[-3951,5469,-4602]],"type":"Polygon","properties":{"geoid":"24037","name":"St. Mary's"},"id":"24037"},{"arcs":[[-3187,5470,-4001,-3941,-5087,-4862]],"type":"Polygon","properties":{"geoid":"30023","name":"Deer Lodge"},"id":"30023"},{"arcs":[[-4222,-4808,-248,5471,-3398]],"type":"Polygon","properties":{"geoid":"48041","name":"Brazos"},"id":"48041"},{"arcs":[[5472,-2112,5473,-5165,5474,-3354]],"type":"Polygon","properties":{"geoid":"12075","name":"Levy"},"id":"12075"},{"arcs":[[5475,5476,-4431,-2698,5477]],"type":"Polygon","properties":{"geoid":"42023","name":"Cameron"},"id":"42023"},{"arcs":[[-1090,-1261,5478,5479,5480,-990]],"type":"Polygon","properties":{"geoid":"54041","name":"Lewis"},"id":"54041"},{"arcs":[[5483,-1071,5484,5485,5486]],"type":"Polygon","properties":{"geoid":"12057","name":"Hillsborough"},"id":"12057"},{"arcs":[[-4600,-1541,5487,5488]],"type":"Polygon","properties":{"geoid":"53049","name":"Pacific"},"id":"53049"},{"arcs":[[-2506,5489,5490,5491,5492,-5221]],"type":"Polygon","properties":{"geoid":"20025","name":"Clark"},"id":"20025"},{"arcs":[[-3561,-4475,-1139,5493,5494]],"type":"Polygon","properties":{"geoid":"37167","name":"Stanly"},"id":"37167"},{"arcs":[[5495,5496,5497,-5435,-3932,-3931,-3686]],"type":"Polygon","properties":{"geoid":"01071","name":"Jackson"},"id":"01071"},{"arcs":[[5498,5499,5500,5501,5502,5503]],"type":"Polygon","properties":{"geoid":"28159","name":"Winston"},"id":"28159"},{"arcs":[[-4531,-481,5504,5505]],"type":"Polygon","properties":{"geoid":"11001","name":"District of Columbia"},"id":"11001"},{"arcs":[[5508,-5487,5509]],"type":"Polygon","properties":{"geoid":"12103","name":"Pinellas"},"id":"12103"},{"arcs":[[5510,5511,-5427,5512,-59,5513,5514]],"type":"Polygon","properties":{"geoid":"48411","name":"San Saba"},"id":"48411"},{"arcs":[[5515,-99,-1273,-676,5516,5517,5518]],"type":"Polygon","properties":{"geoid":"46103","name":"Pennington"},"id":"46103"},{"arcs":[[-4906,5519,5520,-3904,5521,5522,5523,-1299]],"type":"Polygon","properties":{"geoid":"30087","name":"Rosebud"},"id":"30087"},{"arcs":[[-987,5524,-3245,5525,5526,5527,-3463]],"type":"Polygon","properties":{"geoid":"51087","name":"Henrico"},"id":"51087"},{"arcs":[[5528,5529,5530,5531,-4507,-44,-689,5532,5533]],"type":"Polygon","properties":{"geoid":"42125","name":"Washington"},"id":"42125"},{"arcs":[[-4100,-236,5534,5535,5536]],"type":"Polygon","properties":{"geoid":"48359","name":"Oldham"},"id":"48359"},{"arcs":[[[5537,5538]],[[5539]],[[5540,5541,5542,5543]]],"type":"MultiPolygon","properties":{"geoid":"26097","name":"Mackinac"},"id":"26097"},{"arcs":[[-4939,-2195,-3340,5544,5545,-4133,-212]],"type":"Polygon","properties":{"geoid":"45087","name":"Union"},"id":"45087"},{"arcs":[[5546,5547,5548,-4290,5549]],"type":"Polygon","properties":{"geoid":"48427","name":"Starr"},"id":"48427"},{"arcs":[[5550,5551,-4878,5552,5553]],"type":"Polygon","properties":{"geoid":"20123","name":"Mitchell"},"id":"20123"},{"arcs":[[-2378,5554,-1686,5555,-4294,-2649,-1813,-913,-5312]],"type":"Polygon","properties":{"geoid":"48105","name":"Crockett"},"id":"48105"},{"arcs":[[5556,-3373,5557,5558,-1728,5559]],"type":"Polygon","properties":{"geoid":"48467","name":"Van Zandt"},"id":"48467"},{"arcs":[[5560]],"type":"Polygon","properties":{"geoid":"25007","name":"Dukes"},"id":"25007"},{"arcs":[[-3037,5561,5562,-129,-755]],"type":"Polygon","properties":{"geoid":"27103","name":"Nicollet"},"id":"27103"},{"arcs":[[-4359,-2957,5563,5564,-4361,5565]],"type":"Polygon","properties":{"geoid":"51093","name":"Isle of Wight"},"id":"51093"},{"arcs":[[[5566]],[[-1154,5567,5568]],[[5569]]],"type":"MultiPolygon","properties":{"geoid":"26089","name":"Leelanau"},"id":"26089"},{"arcs":[[5570,-5350,5571,5572,5573]],"type":"Polygon","properties":{"geoid":"08115","name":"Sedgwick"},"id":"08115"},{"arcs":[[5574,-5359,-261,-2710,5575]],"type":"Polygon","properties":{"geoid":"49007","name":"Carbon"},"id":"49007"},{"arcs":[[[5576]],[[-5091,5577,5578]]],"type":"MultiPolygon","properties":{"geoid":"53073","name":"Whatcom"},"id":"53073"},{"arcs":[[-2063,5579,-4843,5580,5581,-723]],"type":"Polygon","properties":{"geoid":"13179","name":"Liberty"},"id":"13179"},{"arcs":[[-5137,-4163,-4325,-462,5582,5583,-5345]],"type":"Polygon","properties":{"geoid":"48351","name":"Newton"},"id":"48351"},{"arcs":[[-4697,5584,5585,5586,5587,5588,-5286,5589]],"type":"Polygon","properties":{"geoid":"04001","name":"Apache"},"id":"04001"},{"arcs":[[-2279,-5528,5590,-5526,-3250,-4314,5591,-4312,5592,5593,5594,-3146,-4208]],"type":"Polygon","properties":{"geoid":"51041","name":"Chesterfield"},"id":"51041"},{"arcs":[[5595,-999,-1240,-4426,-1564,5596]],"type":"Polygon","properties":{"geoid":"40023","name":"Choctaw"},"id":"40023"},{"arcs":[[5597,5598,5599,5600,5601,5602,-2613]],"type":"Polygon","properties":{"geoid":"13195","name":"Madison"},"id":"13195"},{"arcs":[[5603,-2881,5604,-5465,-3306,-3225]],"type":"Polygon","properties":{"geoid":"21147","name":"McCreary"},"id":"21147"},{"arcs":[[-5421,-1852,-1230,-654,-3613,5605]],"type":"Polygon","properties":{"geoid":"51027","name":"Buchanan"},"id":"51027"},{"arcs":[[-3929,-634,5606,-3280,-5363,-799]],"type":"Polygon","properties":{"geoid":"21085","name":"Grayson"},"id":"21085"},{"arcs":[[5607,5608,5609,-4472,-3560,-3481]],"type":"Polygon","properties":{"geoid":"37057","name":"Davidson"},"id":"37057"},{"arcs":[[[5610]],[[5611,-5538,5612,-5542,5613]]],"type":"MultiPolygon","properties":{"geoid":"26033","name":"Chippewa"},"id":"26033"},{"arcs":[[-282,-1910,-4272,5614]],"type":"Polygon","properties":{"geoid":"06073","name":"San Diego"},"id":"06073"},{"arcs":[[5615,5616,5617,-3927,5618,-4920]],"type":"Polygon","properties":{"geoid":"18123","name":"Perry"},"id":"18123"},{"arcs":[[5619,5620,5621,5622,5623]],"type":"Polygon","properties":{"geoid":"48017","name":"Bailey"},"id":"48017"},{"arcs":[[-2685,-3180,5624,-4679,5625,-4864]],"type":"Polygon","properties":{"geoid":"28055","name":"Issaquena"},"id":"28055"},{"arcs":[[-4530,-4037,-4011,5626,-1403]],"type":"Polygon","properties":{"geoid":"06105","name":"Trinity"},"id":"06105"},{"arcs":[[-1965,5627,-985,-2800]],"type":"Polygon","properties":{"geoid":"51101","name":"King William"},"id":"51101"},{"arcs":[[-2357,5628,5629]],"type":"Polygon","properties":{"geoid":"34009","name":"Cape May"},"id":"34009"},{"arcs":[[-2880,-3467,-1047,-3734,-5466,-5605]],"type":"Polygon","properties":{"geoid":"21235","name":"Whitley"},"id":"21235"},{"arcs":[[5630,5631,5632,5633,5634,5635]],"type":"Polygon","properties":{"geoid":"19029","name":"Cass"},"id":"19029"},{"arcs":[[5636,-586,-3715,5637,5638]],"type":"Polygon","properties":{"geoid":"38085","name":"Sioux"},"id":"38085"},{"arcs":[[5639,-5099,5640,-3819,-123,-1045]],"type":"Polygon","properties":{"geoid":"21095","name":"Harlan"},"id":"21095"},{"arcs":[[-4953,-1176,-3130,-2391,-5145]],"type":"Polygon","properties":{"geoid":"37017","name":"Bladen"},"id":"37017"},{"arcs":[[-633,-3118,5641,5642,5643,-3276,-5607]],"type":"Polygon","properties":{"geoid":"21099","name":"Hart"},"id":"21099"},{"arcs":[[-2887,5644,5645,5646,5647]],"type":"Polygon","properties":{"geoid":"48169","name":"Garza"},"id":"48169"},{"arcs":[[5648,-5647,5649,-4860,-1582,5650]],"type":"Polygon","properties":{"geoid":"48033","name":"Borden"},"id":"48033"},{"arcs":[[5651,-4742,-3753,5652,-4319,5653,-3647,-4015,-4812]],"type":"Polygon","properties":{"geoid":"02170","name":"Matanuska-Susitna"},"id":"02170"},{"arcs":[[5654,5655,-3744,5656,5657,5658]],"type":"Polygon","properties":{"geoid":"47135","name":"Perry"},"id":"47135"},{"arcs":[[-3540,-3943,-2134,5659,-1217]],"type":"Polygon","properties":{"geoid":"16033","name":"Clark"},"id":"16033"},{"arcs":[[5660,5661,-3759,-5420]],"type":"Polygon","properties":{"geoid":"42075","name":"Lebanon"},"id":"42075"},{"arcs":[[-1699,-3654,5662,-2380,-5311,-1507]],"type":"Polygon","properties":{"geoid":"48475","name":"Ward"},"id":"48475"},{"arcs":[[-3288,-4541,5663,5664,-5035,-523]],"type":"Polygon","properties":{"geoid":"41031","name":"Jefferson"},"id":"41031"},{"arcs":[[-2111,-4712,-736,-551,-1238,-5163,-5474]],"type":"Polygon","properties":{"geoid":"12083","name":"Marion"},"id":"12083"},{"arcs":[[-19,5665,5666,-2483,-4382,5667,-4773]],"type":"Polygon","properties":{"geoid":"49033","name":"Rich"},"id":"49033"},{"arcs":[[-3308,-397,5668,-1747,-1525]],"type":"Polygon","properties":{"geoid":"47129","name":"Morgan"},"id":"47129"},{"arcs":[[-2459,-2988,-4972,5669,-3392,-5173,-3274]],"type":"Polygon","properties":{"geoid":"37087","name":"Haywood"},"id":"37087"},{"arcs":[[5670,5671,5672,5673,5674]],"type":"Polygon","properties":{"geoid":"50023","name":"Washington"},"id":"50023"},{"arcs":[[5675,5676,5677,5678,-23]],"type":"Polygon","properties":{"geoid":"55121","name":"Trempealeau"},"id":"55121"},{"arcs":[[-1634,5679,-5268,-1790,-1102]],"type":"Polygon","properties":{"geoid":"48157","name":"Fort Bend"},"id":"48157"},{"arcs":[[5680,5681,5682,5683,5684,-2413,5685,5686]],"type":"Polygon","properties":{"geoid":"29157","name":"Perry"},"id":"29157"},{"arcs":[[-219,-2652,-1104,-1794,5687]],"type":"Polygon","properties":{"geoid":"48321","name":"Matagorda"},"id":"48321"},{"arcs":[[[5688]],[[5689]],[[5690,5691,5692,-4557]]],"type":"MultiPolygon","properties":{"geoid":"23009","name":"Hancock"},"id":"23009"},{"arcs":[[[5693,5694,5695]],[[-1490,5696,-5310,5697,5698,-1649,-1648,5699]]],"type":"MultiPolygon","properties":{"geoid":"13269","name":"Taylor"},"id":"13269"},{"arcs":[[-3831,5700,5701,5702,5703]],"type":"Polygon","properties":{"geoid":"40117","name":"Pawnee"},"id":"40117"},{"arcs":[[5704,-3184,-2389,-1061,-2779,-4302]],"type":"Polygon","properties":{"geoid":"13189","name":"McDuffie"},"id":"13189"},{"arcs":[[-2127,-4671,5705,5706,-4392,-5112,5707,-3049]],"type":"Polygon","properties":{"geoid":"22103","name":"St. Tammany"},"id":"22103"},{"arcs":[[-728,-2972,-4106,-249,-1903,-3156]],"type":"Polygon","properties":{"geoid":"05057","name":"Hempstead"},"id":"05057"},{"arcs":[[5708,5709,5710,5711,-3063,5712,5713,5714]],"type":"Polygon","properties":{"geoid":"46023","name":"Charles Mix"},"id":"46023"},{"arcs":[[-3919,-1466,-717,-739,-3878,-5431]],"type":"Polygon","properties":{"geoid":"21153","name":"Magoffin"},"id":"21153"},{"arcs":[[5715,-4751,5716,5717]],"type":"Polygon","properties":{"geoid":"55007","name":"Bayfield"},"id":"55007"},{"arcs":[[-3730,5718,5719,5720,-2689,5721,5722]],"type":"Polygon","properties":{"geoid":"48013","name":"Atascosa"},"id":"48013"},{"arcs":[[-5454,-198,5723,5724,-1172,-1645]],"type":"Polygon","properties":{"geoid":"37101","name":"Johnston"},"id":"37101"},{"arcs":[[5725,5726,-1193,-372,-1849,-2897,-5247]],"type":"Polygon","properties":{"geoid":"54099","name":"Wayne"},"id":"54099"},{"arcs":[[-1756,5727,5728,5729,-5655,5730,5731]],"type":"Polygon","properties":{"geoid":"47005","name":"Benton"},"id":"47005"},{"arcs":[[-1180,5732,-3411,-4910,5733,-5558,-3372]],"type":"Polygon","properties":{"geoid":"48499","name":"Wood"},"id":"48499"},{"arcs":[[5734,-4341,5735,5736,5737,5738]],"type":"Polygon","properties":{"geoid":"48083","name":"Coleman"},"id":"48083"},{"arcs":[[5739,-1462,-2582,-4385,-3043,5740,5741]],"type":"Polygon","properties":{"geoid":"21135","name":"Lewis"},"id":"21135"},{"arcs":[[-5606,-3612,-3817,-5422]],"type":"Polygon","properties":{"geoid":"51051","name":"Dickenson"},"id":"51051"},{"arcs":[[5742,5743,5744,-4630,-1033]],"type":"Polygon","properties":{"geoid":"34023","name":"Middlesex"},"id":"34023"},{"arcs":[[5745,5746,-1561,5747,5748]],"type":"Polygon","properties":{"geoid":"40095","name":"Marshall"},"id":"40095"},{"arcs":[[5749,-57,-4837,5750,-2916,5751,-4522]],"type":"Polygon","properties":{"geoid":"48031","name":"Blanco"},"id":"48031"},{"arcs":[[-1069,-1771,5752,5753,-5054]],"type":"Polygon","properties":{"geoid":"12055","name":"Highlands"},"id":"12055"},{"arcs":[[-3710,-3448,-4880,5754,-4971]],"type":"Polygon","properties":{"geoid":"37089","name":"Henderson"},"id":"37089"},{"arcs":[[-420,-469,5755,-5265,5756,-245]],"type":"Polygon","properties":{"geoid":"48339","name":"Montgomery"},"id":"48339"},{"arcs":[[-2420,-3038,-753,5757,5758,-672]],"type":"Polygon","properties":{"geoid":"27127","name":"Redwood"},"id":"27127"},{"arcs":[[5759,-5374,-2626,5760,5761,-2362,-384]],"type":"Polygon","properties":{"geoid":"34027","name":"Morris"},"id":"34027"},{"arcs":[[5762,-3975,-2492,-1054,5763]],"type":"Polygon","properties":{"geoid":"41015","name":"Curry"},"id":"41015"},{"arcs":[[-3577,-3386,-2953,-5108,5764,-4279,5765]],"type":"Polygon","properties":{"geoid":"01003","name":"Baldwin"},"id":"01003"},{"arcs":[[5766,-5623,-4417,-1386,5767]],"type":"Polygon","properties":{"geoid":"48079","name":"Cochran"},"id":"48079"},{"arcs":[[-1704,-3144,5768,-4352]],"type":"Polygon","properties":{"geoid":"30061","name":"Mineral"},"id":"30061"},{"arcs":[[-2707,-4983,-4123,5769,5770]],"type":"Polygon","properties":{"geoid":"16015","name":"Boise"},"id":"16015"},{"arcs":[[5771,5772,5773,5774,5775,5776,-4815,5777]],"type":"Polygon","properties":{"geoid":"30025","name":"Fallon"},"id":"30025"},{"arcs":[[[-3219,-407,-574,5778]],[[-578,5779]]],"type":"MultiPolygon","properties":{"geoid":"24039","name":"Somerset"},"id":"24039"},{"arcs":[[[5780]],[[5781,5782]]],"type":"MultiPolygon","properties":{"geoid":"55029","name":"Door"},"id":"55029"},{"arcs":[[-4575,-1361,5783,5784,-2654,-3116]],"type":"Polygon","properties":{"geoid":"21155","name":"Marion"},"id":"21155"},{"arcs":[[5785,5786,-4307,-4105,-2819,-4051]],"type":"Polygon","properties":{"geoid":"01047","name":"Dallas"},"id":"01047"},{"arcs":[[-724,-5582,5787,5788,-4304]],"type":"Polygon","properties":{"geoid":"13191","name":"McIntosh"},"id":"13191"},{"arcs":[[-3294,-4141,-2456,-4705,-5418]],"type":"Polygon","properties":{"geoid":"47063","name":"Hamblen"},"id":"47063"},{"arcs":[[-5356,5789,5790,5791,5792]],"type":"Polygon","properties":{"geoid":"46035","name":"Davison"},"id":"46035"},{"arcs":[[-4893,5793,-3142,-5088,-3537,-2704,-3204,5794,-1623]],"type":"Polygon","properties":{"geoid":"16049","name":"Idaho"},"id":"16049"},{"arcs":[[5795,5796,-4112,5797,5798,5799,5800]],"type":"Polygon","properties":{"geoid":"05063","name":"Independence"},"id":"05063"},{"arcs":[[5801,-5055,-5754,5802,5803]],"type":"Polygon","properties":{"geoid":"12027","name":"DeSoto"},"id":"12027"},{"arcs":[[5804,5805,5806,-3440,5807,5808]],"type":"Polygon","properties":{"geoid":"21187","name":"Owen"},"id":"21187"},{"arcs":[[5809,-3022,5810,-2998,5811]],"type":"Polygon","properties":{"geoid":"26163","name":"Wayne"},"id":"26163"},{"arcs":[[5812,-2122,-525,-5039,-166,-3973,5813]],"type":"Polygon","properties":{"geoid":"41039","name":"Lane"},"id":"41039"},{"arcs":[[-2931,-4626,-2285,-4933,-2210,5814,-2208,5815,-2542]],"type":"Polygon","properties":{"geoid":"51143","name":"Pittsylvania"},"id":"51143"},{"arcs":[[-3186,-937,-3317,-4956,-1983,-4002,-5471]],"type":"Polygon","properties":{"geoid":"30043","name":"Jefferson"},"id":"30043"},{"arcs":[[-991,-5481,5816,-2217,5817,-4075]],"type":"Polygon","properties":{"geoid":"54007","name":"Braxton"},"id":"54007"},{"arcs":[[-5080,-865,-4350,-466,-418]],"type":"Polygon","properties":{"geoid":"48455","name":"Trinity"},"id":"48455"},{"arcs":[[5818,5819,-1593,-3972,-4048,-847,5820]],"type":"Polygon","properties":{"geoid":"01119","name":"Sumter"},"id":"01119"},{"arcs":[[5821,-840,-4165,-5136,-5031,-5149,-4545]],"type":"Polygon","properties":{"geoid":"48419","name":"Shelby"},"id":"48419"},{"arcs":[[-1908,-4121,-927,-3095,-5434,-3342,-4270]],"type":"Polygon","properties":{"geoid":"04012","name":"La Paz"},"id":"04012"},{"arcs":[[-3298,5822,5823,-5328,5824,5825]],"type":"Polygon","properties":{"geoid":"20113","name":"McPherson"},"id":"20113"},{"arcs":[[-2181,-5460,-4492,-4117,5826,-4494,-3461,-4911]],"type":"Polygon","properties":{"geoid":"06019","name":"Fresno"},"id":"06019"},{"arcs":[[5827,5828,5829,5830,-1410,-5261,5831]],"type":"Polygon","properties":{"geoid":"20055","name":"Finney"},"id":"20055"},{"arcs":[[5832,5833,-3741,-5656,-5730]],"type":"Polygon","properties":{"geoid":"47085","name":"Humphreys"},"id":"47085"},{"arcs":[[-4474,-4057,5834,5835,-1140]],"type":"Polygon","properties":{"geoid":"37153","name":"Richmond"},"id":"37153"},{"arcs":[[[5836]],[[-4552,-4809,5837,5838]],[[5839]]],"type":"MultiPolygon","properties":{"geoid":"02180","name":"Nome"},"id":"02180"},{"arcs":[[-5533,-693,5840,-3431,5841]],"type":"Polygon","properties":{"geoid":"42059","name":"Greene"},"id":"42059"},{"arcs":[[5842,5843,5844,5845,-1628]],"type":"Polygon","properties":{"geoid":"29027","name":"Callaway"},"id":"29027"},{"arcs":[[-680,5846,5847,5848]],"type":"Polygon","properties":{"geoid":"46007","name":"Bennett"},"id":"46007"},{"arcs":[[-5239,-2687,-1641,-5102,-3506,-4297]],"type":"Polygon","properties":{"geoid":"22067","name":"Morehouse"},"id":"22067"},{"arcs":[[-5225,-5148,5849,-5835]],"type":"Polygon","properties":{"geoid":"37165","name":"Scotland"},"id":"37165"},{"arcs":[[-5573,5850,5851,5852,5853]],"type":"Polygon","properties":{"geoid":"08095","name":"Phillips"},"id":"08095"},{"arcs":[[-2165,-4721,5854,5855,5856,-4700]],"type":"Polygon","properties":{"geoid":"40141","name":"Tillman"},"id":"40141"},{"arcs":[[5857,5858,5859,-4277]],"type":"Polygon","properties":{"geoid":"12113","name":"Santa Rosa"},"id":"12113"},{"arcs":[[-3925,5860,5861,5862,-3470]],"type":"Polygon","properties":{"geoid":"35029","name":"Luna"},"id":"35029"},{"arcs":[[-5231,-5010,-5229,-1533,-5298,5863,-3195,-5321]],"type":"Polygon","properties":{"geoid":"12079","name":"Madison"},"id":"12079"},{"arcs":[[-3351,5864,-5299,-4725,-2113,-5473,-3353]],"type":"Polygon","properties":{"geoid":"12041","name":"Gilchrist"},"id":"12041"},{"arcs":[[-1827,-3683,-5041,5865,-2010]],"type":"Polygon","properties":{"geoid":"38071","name":"Ramsey"},"id":"38071"},{"arcs":[[5866,5867,5868,-1157]],"type":"Polygon","properties":{"geoid":"26079","name":"Kalkaska"},"id":"26079"},{"arcs":[[-1051,5869,5870,5871,5872,-47]],"type":"Polygon","properties":{"geoid":"05131","name":"Sebastian"},"id":"05131"},{"arcs":[[-5394,-1213,-5338,-2570,-3732,-563,-1289],[5873],[5874]],"type":"Polygon","properties":{"geoid":"51015","name":"Augusta"},"id":"51015"},{"arcs":[[5875,5876,5877,-4599,5878,-661,5879]],"type":"Polygon","properties":{"geoid":"40125","name":"Pottawatomie"},"id":"40125"},{"arcs":[[5880,-1125,-3814,5881,-2593]],"type":"Polygon","properties":{"geoid":"26109","name":"Menominee"},"id":"26109"},{"arcs":[[-974,-1441,5882,5883,5884]],"type":"Polygon","properties":{"geoid":"16063","name":"Lincoln"},"id":"16063"},{"arcs":[[5885,-884,5886,-4504,5887,5888,-5585]],"type":"Polygon","properties":{"geoid":"35045","name":"San Juan"},"id":"35045"},{"arcs":[[[-221,5890]],[[5891,5892]],[[5893,-216,5894,-4647]],[[-4649,5895,5896,-5057]]],"type":"MultiPolygon","properties":{"geoid":"48007","name":"Aransas"},"id":"48007"},{"arcs":[[-2694,-885,-5886,-4696]],"type":"Polygon","properties":{"geoid":"08083","name":"Montezuma"},"id":"08083"},{"arcs":[[-2321,-290,5897,5898,5899,5900,5901,5902]],"type":"Polygon","properties":{"geoid":"36091","name":"Saratoga"},"id":"36091"},{"arcs":[[5903,-2206,-3861,5904,-2428,5905]],"type":"Polygon","properties":{"geoid":"33015","name":"Rockingham"},"id":"33015"},{"arcs":[[-4780,5906,-5799,5907,-3869,-2643,-2912]],"type":"Polygon","properties":{"geoid":"05145","name":"White"},"id":"05145"},{"arcs":[[-2839,5908,5909,5910,5911,-4534]],"type":"Polygon","properties":{"geoid":"01121","name":"Talladega"},"id":"01121"},{"arcs":[[5912,5913,-4000,-1700,5914]],"type":"Polygon","properties":{"geoid":"30053","name":"Lincoln"},"id":"30053"},{"arcs":[[5915,5916,-2832,-1106,5917]],"type":"Polygon","properties":{"geoid":"48323","name":"Maverick"},"id":"48323"},{"arcs":[[5918,-4889,5919,5920,5921,5922]],"type":"Polygon","properties":{"geoid":"20185","name":"Stafford"},"id":"20185"},{"arcs":[[-5502,5923,-5819,5924,5925]],"type":"Polygon","properties":{"geoid":"28069","name":"Kemper"},"id":"28069"},{"arcs":[[-1748,-5669,-396,-2924,-3796,-3799,-5304,-1759,-1150]],"type":"Polygon","properties":{"geoid":"47145","name":"Roane"},"id":"47145"},{"arcs":[[[-5892,5926]],[[-5897,5927,-5058]],[[5930,5931]],[[-5064,5932,5933,5934]]],"type":"MultiPolygon","properties":{"geoid":"48355","name":"Nueces"},"id":"48355"},{"arcs":[[-986,-5628,-1964,-4934,-3246,-5525]],"type":"Polygon","properties":{"geoid":"51127","name":"New Kent"},"id":"51127"},{"arcs":[[5935,-1168,-4255,5936,5937,-5629,-2356]],"type":"Polygon","properties":{"geoid":"34001","name":"Atlantic"},"id":"34001"},{"arcs":[[5938,5939,-4343,-334,-3098]],"type":"Polygon","properties":{"geoid":"13039","name":"Camden"},"id":"13039"},{"arcs":[[-5274,-4865,-5626,-4678,-3781,-4855,-644,-5273,-642]],"type":"Polygon","properties":{"geoid":"28149","name":"Warren"},"id":"28149"},{"arcs":[[-3443,-781,5940,-5396,5941,-1129]],"type":"Polygon","properties":{"geoid":"21067","name":"Fayette"},"id":"21067"},{"arcs":[[5942,5943,5944,5945,5946,-1274,-4858,-5124,-4061]],"type":"Polygon","properties":{"geoid":"46085","name":"Lyman"},"id":"46085"},{"arcs":[[-1954,-5094,-381,-4446,5947,5948,-3016]],"type":"Polygon","properties":{"geoid":"45029","name":"Colleton"},"id":"45029"},{"arcs":[[-5100,-5640,-1044,-5166]],"type":"Polygon","properties":{"geoid":"21131","name":"Leslie"},"id":"21131"},{"arcs":[[5949,-5880,-660,5950]],"type":"Polygon","properties":{"geoid":"40027","name":"Cleveland"},"id":"40027"},{"arcs":[[-2546]],"type":"Polygon","properties":{"geoid":"51690","name":"Martinsville"},"id":"51690"},{"arcs":[[-3544,-4845,-1424,5951,-3501]],"type":"Polygon","properties":{"geoid":"13009","name":"Baldwin"},"id":"13009"},{"arcs":[[-620,5952,5953,5954]],"type":"Polygon","properties":{"geoid":"19163","name":"Scott"},"id":"19163"},{"arcs":[[5955,5956,-3181,-5705,-4301]],"type":"Polygon","properties":{"geoid":"13181","name":"Lincoln"},"id":"13181"},{"arcs":[[5957,5958,5959,-5504,-512,-3412,-1097]],"type":"Polygon","properties":{"geoid":"28007","name":"Attala"},"id":"28007"},{"arcs":[[5961,5962,-2361,5963,5964]],"type":"Polygon","properties":{"geoid":"34033","name":"Salem"},"id":"34033"},{"arcs":[[-2071,5965,-5002,-5868]],"type":"Polygon","properties":{"geoid":"26039","name":"Crawford"},"id":"26039"},{"arcs":[[5966,5967,5968,5969,5970]],"type":"Polygon","properties":{"geoid":"19117","name":"Lucas"},"id":"19117"},{"arcs":[[5971,-2753,5972,5973,5974]],"type":"Polygon","properties":{"geoid":"18117","name":"Orange"},"id":"18117"},{"arcs":[[-4512,-820,-2597,5975]],"type":"Polygon","properties":{"geoid":"19069","name":"Franklin"},"id":"19069"},{"arcs":[[-2342,5976,5977,5978,5979,-2859,-4730,5980]],"type":"Polygon","properties":{"geoid":"18055","name":"Greene"},"id":"18055"},{"arcs":[[5981,5982,5983,5984,5985]],"type":"Polygon","properties":{"geoid":"26073","name":"Isabella"},"id":"26073"},{"arcs":[[5986,5987,5988,5989,5990,5991,5992]],"type":"Polygon","properties":{"geoid":"39159","name":"Union"},"id":"39159"},{"arcs":[[5993,5994,5995,5996,-5969]],"type":"Polygon","properties":{"geoid":"19135","name":"Monroe"},"id":"19135"},{"arcs":[[5997,5998,5999,6000,-2521]],"type":"Polygon","properties":{"geoid":"05009","name":"Boone"},"id":"05009"},{"arcs":[[6001,6002,6003,6004,6005]],"type":"Polygon","properties":{"geoid":"26023","name":"Branch"},"id":"26023"},{"arcs":[[6006,6007,-4097,6008,-4045,-206]],"type":"Polygon","properties":{"geoid":"42009","name":"Bedford"},"id":"42009"},{"arcs":[[6009,-2869,-5028,-2306,6010,6011]],"type":"Polygon","properties":{"geoid":"42121","name":"Venango"},"id":"42121"},{"arcs":[[6012,6013,6014,6015,6016,6017]],"type":"Polygon","properties":{"geoid":"13233","name":"Polk"},"id":"13233"},{"arcs":[[6018,-2836,-3876,6019,-4831,6020]],"type":"Polygon","properties":{"geoid":"21197","name":"Powell"},"id":"21197"},{"arcs":[[6021,-2421,-675,6022,6023]],"type":"Polygon","properties":{"geoid":"27081","name":"Lincoln"},"id":"27081"},{"arcs":[[6024,6025,6026,6027,6028,6029]],"type":"Polygon","properties":{"geoid":"39099","name":"Mahoning"},"id":"39099"},{"arcs":[[6030,-3471,-5863,6031,6032]],"type":"Polygon","properties":{"geoid":"35023","name":"Hidalgo"},"id":"35023"},{"arcs":[[6033,6034,6035,-3434,6036,-1259]],"type":"Polygon","properties":{"geoid":"54001","name":"Barbour"},"id":"54001"},{"arcs":[[6037,-2472,-1099,-4677,6038,-3178]],"type":"Polygon","properties":{"geoid":"28053","name":"Humphreys"},"id":"28053"},{"arcs":[[-5798,-4111,6039,6040,-2307,-3870,-5908]],"type":"Polygon","properties":{"geoid":"05067","name":"Jackson"},"id":"05067"},{"arcs":[[6041,6042,-4731,-2755,6043,-5013]],"type":"Polygon","properties":{"geoid":"17185","name":"Wabash"},"id":"17185"},{"arcs":[[6044,6045,6046,-227,6047,6048]],"type":"Polygon","properties":{"geoid":"49001","name":"Beaver"},"id":"49001"},{"arcs":[[-246,-5757,-5269,-5680,-1633,6049]],"type":"Polygon","properties":{"geoid":"48473","name":"Waller"},"id":"48473"},{"arcs":[[6050,6051,6052,-3935,-4964,6053]],"type":"Polygon","properties":{"geoid":"01043","name":"Cullman"},"id":"01043"},{"arcs":[[[6054]],[[-5838,-4813,-4013,6055]]],"type":"MultiPolygon","properties":{"geoid":"02158","name":"Kusilvak"},"id":"02158"},{"arcs":[[6056,-5384,6057,-3182,-5957,6058]],"type":"Polygon","properties":{"geoid":"45065","name":"McCormick"},"id":"45065"},{"arcs":[[-3014,-2941,-1917,-1918,-2174]],"type":"Polygon","properties":{"geoid":"06011","name":"Colusa"},"id":"06011"},{"arcs":[[-1404,-5627,-4010,-3015,-2177,-4219,6059]],"type":"Polygon","properties":{"geoid":"06045","name":"Mendocino"},"id":"06045"},{"arcs":[[6060,6061,6062,-4754,6063,6064]],"type":"Polygon","properties":{"geoid":"46087","name":"McCook"},"id":"46087"},{"arcs":[[6065,-2740,6066]],"type":"Polygon","properties":{"geoid":"37177","name":"Tyrrell"},"id":"37177"},{"arcs":[[6067,6068,-3782,6069,6070]],"type":"Polygon","properties":{"geoid":"36033","name":"Franklin"},"id":"36033"},{"arcs":[[6071,6072,6073,6074,-897,6075]],"type":"Polygon","properties":{"geoid":"20139","name":"Osage"},"id":"20139"},{"arcs":[[6076,6077,6078,6079,6080,6081,6082]],"type":"Polygon","properties":{"geoid":"55115","name":"Shawano"},"id":"55115"},{"arcs":[[6083,-4115,-4491,-4118,-1839,-297,-5378,-2660]],"type":"Polygon","properties":{"geoid":"06029","name":"Kern"},"id":"06029"},{"arcs":[[6084,6085,6086,6087,6088,6089,6090]],"type":"Polygon","properties":{"geoid":"29217","name":"Vernon"},"id":"29217"},{"arcs":[[6091,6092,6093,-2030,6094]],"type":"Polygon","properties":{"geoid":"55095","name":"Polk"},"id":"55095"},{"arcs":[[6096,-4950,6097,-4948,6098,-4274,-2735,-1485]],"type":"Polygon","properties":{"geoid":"10003","name":"New Castle"},"id":"10003"},{"arcs":[[[-4481,6100]],[[6101,-4483,6102]],[[6103]]],"type":"MultiPolygon","properties":{"geoid":"12087","name":"Monroe"},"id":"12087"},{"arcs":[[-1141,-5836,-5850,-5147,6104,-4824,-834,-4733]],"type":"Polygon","properties":{"geoid":"45069","name":"Marlboro"},"id":"45069"},{"arcs":[[6105,6106,6107,-4049,-3970]],"type":"Polygon","properties":{"geoid":"01065","name":"Hale"},"id":"01065"},{"arcs":[[-2719,-3748,6108]],"type":"Polygon","properties":{"geoid":"53035","name":"Kitsap"},"id":"53035"},{"arcs":[[6109,-2275,6110,6111,6112,6113,-5830,6114]],"type":"Polygon","properties":{"geoid":"20135","name":"Ness"},"id":"20135"},{"arcs":[[6115,6116,6117,6118,6119,-2383]],"type":"Polygon","properties":{"geoid":"55001","name":"Adams"},"id":"55001"},{"arcs":[[-5346,-5584,6120,6121,-4257,-2630]],"type":"Polygon","properties":{"geoid":"48361","name":"Orange"},"id":"48361"},{"arcs":[[6122,6123,6124,6125,-4787,-5172,6126,-3573,-527,6127]],"type":"Polygon","properties":{"geoid":"13121","name":"Fulton"},"id":"13121"},{"arcs":[[-5098,-720,-5423,-3815,-5641]],"type":"Polygon","properties":{"geoid":"21133","name":"Letcher"},"id":"21133"},{"arcs":[[6128,-4427,-1245,6129,-1178,6130]],"type":"Polygon","properties":{"geoid":"48119","name":"Delta"},"id":"48119"},{"arcs":[[6131,-1585,-3403,-1682,-1742]],"type":"Polygon","properties":{"geoid":"48173","name":"Glasscock"},"id":"48173"},{"arcs":[[-4871,6132,6133,-872,6134,-3485]],"type":"Polygon","properties":{"geoid":"08013","name":"Boulder"},"id":"08013"},{"arcs":[[6135,6136,-80,6137,6138,-2989,6139,6140]],"type":"Polygon","properties":{"geoid":"27021","name":"Cass"},"id":"27021"},{"arcs":[[6141,6142,6143,6144,-2351,-340,6145]],"type":"Polygon","properties":{"geoid":"29041","name":"Chariton"},"id":"29041"},{"arcs":[[6146,6147,6148,6149,6150,6151]],"type":"Polygon","properties":{"geoid":"17143","name":"Peoria"},"id":"17143"},{"arcs":[[6152,6153,6154,6155,6156,6157]],"type":"Polygon","properties":{"geoid":"55045","name":"Green"},"id":"55045"},{"arcs":[[-4457,-4299,6158,-2576,-623,6159]],"type":"Polygon","properties":{"geoid":"22027","name":"Claiborne"},"id":"22027"},{"arcs":[[6160,-3029,6161,6162,6163,6164,6165]],"type":"Polygon","properties":{"geoid":"26157","name":"Tuscola"},"id":"26157"},{"arcs":[[-829,6166,6167,6168,6169]],"type":"Polygon","properties":{"geoid":"21039","name":"Carlisle"},"id":"21039"},{"arcs":[[6170,6171,6172,6173,6174,-4755,-6063]],"type":"Polygon","properties":{"geoid":"46099","name":"Minnehaha"},"id":"46099"},{"arcs":[[-5355,6175,-6065,6176,-5790]],"type":"Polygon","properties":{"geoid":"46061","name":"Hanson"},"id":"46061"},{"arcs":[[6177,-560,6178,-5336,6179,6180,6181]],"type":"Polygon","properties":{"geoid":"42079","name":"Luzerne"},"id":"42079"},{"arcs":[[6182,6183,-4728,6184,6185,6186]],"type":"Polygon","properties":{"geoid":"17033","name":"Crawford"},"id":"17033"},{"arcs":[[6187,-751,6188,6189,-130,-5563]],"type":"Polygon","properties":{"geoid":"27079","name":"Le Sueur"},"id":"27079"},{"arcs":[[-5270,-133,6190,6191,-2254,6192]],"type":"Polygon","properties":{"geoid":"27091","name":"Martin"},"id":"27091"},{"arcs":[[6193,6194,6195,6196,6197,-6093]],"type":"Polygon","properties":{"geoid":"55005","name":"Barron"},"id":"55005"},{"arcs":[[6198,6199,6200,6201,6202]],"type":"Polygon","properties":{"geoid":"38009","name":"Bottineau"},"id":"38009"},{"arcs":[[6203,-1309,6204,-2381,6205,6206,-5677]],"type":"Polygon","properties":{"geoid":"55053","name":"Jackson"},"id":"55053"},{"arcs":[[6207,6208,-2354,6209,6210,6211,6212]],"type":"Polygon","properties":{"geoid":"29159","name":"Pettis"},"id":"29159"},{"arcs":[[6213,6214,-5993,6215,6216]],"type":"Polygon","properties":{"geoid":"39091","name":"Logan"},"id":"39091"},{"arcs":[[6217,6218,6219,-5352,-5315,6220]],"type":"Polygon","properties":{"geoid":"46005","name":"Beadle"},"id":"46005"},{"arcs":[[6221,6222,-1166,6223,-5978,6224]],"type":"Polygon","properties":{"geoid":"18105","name":"Monroe"},"id":"18105"},{"arcs":[[6225,6226,6227,6228,6229]],"type":"Polygon","properties":{"geoid":"19055","name":"Delaware"},"id":"19055"},{"arcs":[[6230,6231,-816,-4511]],"type":"Polygon","properties":{"geoid":"19067","name":"Floyd"},"id":"19067"},{"arcs":[[-5242,-2523,6232,6233,6234,6235,6236]],"type":"Polygon","properties":{"geoid":"05087","name":"Madison"},"id":"05087"},{"arcs":[[6237,6238,-2527,-2422,-6022,6239,6240]],"type":"Polygon","properties":{"geoid":"46039","name":"Deuel"},"id":"46039"},{"arcs":[[6241,-4774,-5668,-4384,-4898]],"type":"Polygon","properties":{"geoid":"49057","name":"Weber"},"id":"49057"},{"arcs":[[6242,-5544,6243,-3812,-2853]],"type":"Polygon","properties":{"geoid":"26153","name":"Schoolcraft"},"id":"26153"},{"arcs":[[-2294,6244,6245,-4928,6246]],"type":"Polygon","properties":{"geoid":"50025","name":"Windham"},"id":"50025"},{"arcs":[[6247,6248,6249,6250,6251,6252]],"type":"Polygon","properties":{"geoid":"18017","name":"Cass"},"id":"18017"},{"arcs":[[-5130,6253,-911,6254,6255,-4869,6256]],"type":"Polygon","properties":{"geoid":"56021","name":"Laramie"},"id":"56021"},{"arcs":[[6257,6258,6259,6260,6261]],"type":"Polygon","properties":{"geoid":"27059","name":"Isanti"},"id":"27059"},{"arcs":[[-1873,6262,6263,6264,-5645]],"type":"Polygon","properties":{"geoid":"48263","name":"Kent"},"id":"48263"},{"arcs":[[-907,-4074,-3416,6265,-105]],"type":"Polygon","properties":{"geoid":"54105","name":"Wirt"},"id":"54105"},{"arcs":[[6266,6267,6268,6269,6270]],"type":"Polygon","properties":{"geoid":"39067","name":"Harrison"},"id":"39067"},{"arcs":[[6271,6272,6273,6274,-5987,-6215,6275]],"type":"Polygon","properties":{"geoid":"39065","name":"Hardin"},"id":"39065"},{"arcs":[[6276,6277,6278,6279,6280,6281]],"type":"Polygon","properties":{"geoid":"31003","name":"Antelope"},"id":"31003"},{"arcs":[[6282,6283,6284,6285,-5609]],"type":"Polygon","properties":{"geoid":"37081","name":"Guilford"},"id":"37081"},{"arcs":[[6286,6287,-6172,6288]],"type":"Polygon","properties":{"geoid":"46101","name":"Moody"},"id":"46101"},{"arcs":[[6289,6290,6291,6292,6293]],"type":"Polygon","properties":{"geoid":"26027","name":"Cass"},"id":"26027"},{"arcs":[[-2784,-3622,-3791,-4764,6294,-5297,-4489,6295,6296]],"type":"Polygon","properties":{"geoid":"32023","name":"Nye"},"id":"32023"},{"arcs":[[6297,6298,-1824,-2079,6299,6300,6301]],"type":"Polygon","properties":{"geoid":"36011","name":"Cayuga"},"id":"36011"},{"arcs":[[-2547,-2118,-4560,-4192,-802,6302]],"type":"Polygon","properties":{"geoid":"23011","name":"Kennebec"},"id":"23011"},{"arcs":[[6303,6304,-6146,-339,6305,6306]],"type":"Polygon","properties":{"geoid":"29117","name":"Livingston"},"id":"29117"},{"arcs":[[6307,6308,-3194,6309,6310,6311]],"type":"Polygon","properties":{"geoid":"48069","name":"Castro"},"id":"48069"},{"arcs":[[6312,6313,6314,-2406,-5132,6315,-2425]],"type":"Polygon","properties":{"geoid":"56009","name":"Converse"},"id":"56009"},{"arcs":[[-5037,6316,-2669,-3630,6317,-601,6318]],"type":"Polygon","properties":{"geoid":"41025","name":"Harney"},"id":"41025"},{"arcs":[[-696,6319,-2671,6320,-5664,-4540]],"type":"Polygon","properties":{"geoid":"41069","name":"Wheeler"},"id":"41069"},{"arcs":[[6321,-2711,-4694,-229,6322]],"type":"Polygon","properties":{"geoid":"49055","name":"Wayne"},"id":"49055"},{"arcs":[[6323,6324,6325,6326,6327]],"type":"Polygon","properties":{"geoid":"55085","name":"Oneida"},"id":"55085"},{"arcs":[[6328,6329,6330,-2498,6331]],"type":"Polygon","properties":{"geoid":"18091","name":"LaPorte"},"id":"18091"},{"arcs":[[-197,-2808,-770,-3221,6332,-5724]],"type":"Polygon","properties":{"geoid":"37195","name":"Wilson"},"id":"37195"},{"arcs":[[6333,-588,6334,6335]],"type":"Polygon","properties":{"geoid":"38041","name":"Hettinger"},"id":"38041"},{"arcs":[[-203,6336,-5214,-357,6337]],"type":"Polygon","properties":{"geoid":"44003","name":"Kent"},"id":"44003"},{"arcs":[[-5236,6338,6339,6340,-908,-346]],"type":"Polygon","properties":{"geoid":"31123","name":"Morrill"},"id":"31123"},{"arcs":[[6341,6342,6343,6344,6345,6346,6347]],"type":"Polygon","properties":{"geoid":"39113","name":"Montgomery"},"id":"39113"},{"arcs":[[6348,6349,-256,-5358,-2486]],"type":"Polygon","properties":{"geoid":"49009","name":"Daggett"},"id":"49009"},{"arcs":[[6350,-3562,-5495,6351,-368]],"type":"Polygon","properties":{"geoid":"37025","name":"Cabarrus"},"id":"37025"},{"arcs":[[6352,6353,6354,6355,-5843,-1627,6356]],"type":"Polygon","properties":{"geoid":"29007","name":"Audrain"},"id":"29007"},{"arcs":[[6357,6358,6359,-6273,6360,6361]],"type":"Polygon","properties":{"geoid":"39063","name":"Hancock"},"id":"39063"},{"arcs":[[6362,-5845,6363,6364,6365,6366]],"type":"Polygon","properties":{"geoid":"29151","name":"Osage"},"id":"29151"},{"arcs":[[6367,6368,6369,6370,6371,6372]],"type":"Polygon","properties":{"geoid":"31001","name":"Adams"},"id":"31001"},{"arcs":[[6373,-605,-2786,6374,-5457,6375,6376]],"type":"Polygon","properties":{"geoid":"32019","name":"Lyon"},"id":"32019"},{"arcs":[[-4657,-3135,6377,6378,-430]],"type":"Polygon","properties":{"geoid":"30107","name":"Wheatland"},"id":"30107"},{"arcs":[[6379,6380,6381,6382,6383,6384]],"type":"Polygon","properties":{"geoid":"05049","name":"Fulton"},"id":"05049"},{"arcs":[[-1308,6385,6386,-6116,-2382,-6205]],"type":"Polygon","properties":{"geoid":"55141","name":"Wood"},"id":"55141"},{"arcs":[[6387,-6235,6388,6389,-5871]],"type":"Polygon","properties":{"geoid":"05047","name":"Franklin"},"id":"05047"},{"arcs":[[6390,6391,6392,6393,6394,6395]],"type":"Polygon","properties":{"geoid":"17055","name":"Franklin"},"id":"17055"},{"arcs":[[6396,6397,6398,6399,6400,6401]],"type":"Polygon","properties":{"geoid":"17029","name":"Coles"},"id":"17029"},{"arcs":[[-6326,6402,6403,6404,-6077,6405,6406]],"type":"Polygon","properties":{"geoid":"55067","name":"Langlade"},"id":"55067"},{"arcs":[[6407,6408,-2129,-3048,6409]],"type":"Polygon","properties":{"geoid":"28113","name":"Pike"},"id":"28113"},{"arcs":[[6410,-342,-2350,-6209,6411,-4452]],"type":"Polygon","properties":{"geoid":"29107","name":"Lafayette"},"id":"29107"},{"arcs":[[6412,6413,6414,6415,6416,-6014]],"type":"Polygon","properties":{"geoid":"13015","name":"Bartow"},"id":"13015"},{"arcs":[[-6089,6417,6418,6419,6420]],"type":"Polygon","properties":{"geoid":"29011","name":"Barton"},"id":"29011"},{"arcs":[[6421,6422,6423,6424,-6028]],"type":"Polygon","properties":{"geoid":"42073","name":"Lawrence"},"id":"42073"},{"arcs":[[6425,6426,-4369,6427,6428,-6143,6429]],"type":"Polygon","properties":{"geoid":"29121","name":"Macon"},"id":"29121"},{"arcs":[[-6016,6430,6431,6432]],"type":"Polygon","properties":{"geoid":"13143","name":"Haralson"},"id":"13143"},{"arcs":[[6433,6434,6435,6436,6437,6438]],"type":"Polygon","properties":{"geoid":"17053","name":"Ford"},"id":"17053"},{"arcs":[[-559,6439,-2269,-5333,-6179]],"type":"Polygon","properties":{"geoid":"42069","name":"Lackawanna"},"id":"42069"},{"arcs":[[6440,-157,6441,6442,6443]],"type":"Polygon","properties":{"geoid":"39103","name":"Medina"},"id":"39103"},{"arcs":[[6444,6445,6446,-5007,-1415]],"type":"Polygon","properties":{"geoid":"13173","name":"Lanier"},"id":"13173"},{"arcs":[[6447,6448,6449,6450,6451,6452]],"type":"Polygon","properties":{"geoid":"17025","name":"Clay"},"id":"17025"},{"arcs":[[6453,6454,6455,-6166,6456,6457]],"type":"Polygon","properties":{"geoid":"26017","name":"Bay"},"id":"26017"},{"arcs":[[6458,6459,6460,6461,6462,6463]],"type":"Polygon","properties":{"geoid":"39075","name":"Holmes"},"id":"39075"},{"arcs":[[6464,6465,6466,-4005]],"type":"Polygon","properties":{"geoid":"13239","name":"Quitman"},"id":"13239"},{"arcs":[[-2335,6467,6468,6469,6470,6471,6472,6473]],"type":"Polygon","properties":{"geoid":"36101","name":"Steuben"},"id":"36101"},{"arcs":[[6474,-106,-6266,-3420,-4783,6475,6476]],"type":"Polygon","properties":{"geoid":"54035","name":"Jackson"},"id":"54035"},{"arcs":[[6477,6478,-3244,6479,-1478,-458]],"type":"Polygon","properties":{"geoid":"38061","name":"Mountrail"},"id":"38061"},{"arcs":[[-6156,6480,6481,6482,6483]],"type":"Polygon","properties":{"geoid":"17201","name":"Winnebago"},"id":"17201"},{"arcs":[[-306,6484,6485,6486]],"type":"Polygon","properties":{"geoid":"31043","name":"Dakota"},"id":"31043"},{"arcs":[[-5254,6487,-5832,-1231,-744]],"type":"Polygon","properties":{"geoid":"20093","name":"Kearny"},"id":"20093"},{"arcs":[[6488,6489,6490,6491,6492,6493]],"type":"Polygon","properties":{"geoid":"29043","name":"Christian"},"id":"29043"},{"arcs":[[-3162,6494,6495,6496,6497,6498,6499]],"type":"Polygon","properties":{"geoid":"18077","name":"Jefferson"},"id":"18077"},{"arcs":[[6500,6501,6502,-5424,-5512,6503,-5737]],"type":"Polygon","properties":{"geoid":"48049","name":"Brown"},"id":"48049"},{"arcs":[[6504,6505,6506,6507,6508,6509,6510]],"type":"Polygon","properties":{"geoid":"27049","name":"Goodhue"},"id":"27049"},{"arcs":[[6511,6512,6513,-5455,-1643,6514,-4053,6515]],"type":"Polygon","properties":{"geoid":"37037","name":"Chatham"},"id":"37037"},{"arcs":[[-4502,6516,6517,6518,6519]],"type":"Polygon","properties":{"geoid":"35028","name":"Los Alamos"},"id":"35028"},{"arcs":[[6520,-6385,6521,6522,6523,6524]],"type":"Polygon","properties":{"geoid":"05005","name":"Baxter"},"id":"05005"},{"arcs":[[-2085,6525,6526,6527]],"type":"Polygon","properties":{"geoid":"28119","name":"Quitman"},"id":"28119"},{"arcs":[[-5910,6528,6529,-6017,-6433,6530,-3006,6531]],"type":"Polygon","properties":{"geoid":"01029","name":"Cleburne"},"id":"01029"},{"arcs":[[-5536,6532,-6308,6533,6534,6535]],"type":"Polygon","properties":{"geoid":"48117","name":"Deaf Smith"},"id":"48117"},{"arcs":[[-6138,-79,-3768,6536,6537,6538,6539,6540]],"type":"Polygon","properties":{"geoid":"27001","name":"Aitkin"},"id":"27001"},{"arcs":[[6541,6542,-6182,6543,-500,6544]],"type":"Polygon","properties":{"geoid":"42037","name":"Columbia"},"id":"42037"},{"arcs":[[-6023,-674,6545,6546,-6288]],"type":"Polygon","properties":{"geoid":"27117","name":"Pipestone"},"id":"27117"},{"arcs":[[-2803,-4342,-5735,6547,6548,-3718]],"type":"Polygon","properties":{"geoid":"48399","name":"Runnels"},"id":"48399"},{"arcs":[[-6417,6549,6550,6551,-6431,-6015]],"type":"Polygon","properties":{"geoid":"13223","name":"Paulding"},"id":"13223"},{"arcs":[[6552,6553,6554,6555,6556,6557]],"type":"Polygon","properties":{"geoid":"40011","name":"Blaine"},"id":"40011"},{"arcs":[[-1679,6558,6559,6560,6561,6562]],"type":"Polygon","properties":{"geoid":"48417","name":"Shackelford"},"id":"48417"},{"arcs":[[[6563,6564,6565]],[[6566]]],"type":"MultiPolygon","properties":{"geoid":"36085","name":"Richmond"},"id":"36085"},{"arcs":[[6567,6568,6569,-5833,-5729]],"type":"Polygon","properties":{"geoid":"47083","name":"Houston"},"id":"47083"},{"arcs":[[6570,-5658,6571,6572,6573,6574]],"type":"Polygon","properties":{"geoid":"47181","name":"Wayne"},"id":"47181"},{"arcs":[[[6575]],[[6576]],[[6577]],[[6578]],[[6579]],[[6580]],[[6581]],[[6582]],[[6583]],[[6584]],[[6585]],[[6586]],[[6587]],[[-4083,6588,-4093,6589]],[[6590]],[[6591]],[[6592]],[[6593]],[[6594]],[[6595]]],"type":"MultiPolygon","properties":{"geoid":"02013","name":"Aleutians East"},"id":"02013"},{"arcs":[[-5426,-1502,6596,-2734,-53,-5513]],"type":"Polygon","properties":{"geoid":"48281","name":"Lampasas"},"id":"48281"},{"arcs":[[-6365,6597,6598,6599,6600,6601,6602]],"type":"Polygon","properties":{"geoid":"29073","name":"Gasconade"},"id":"29073"},{"arcs":[[6603,-2925,6604,-5692]],"type":"Polygon","properties":{"geoid":"23029","name":"Washington"},"id":"23029"},{"arcs":[[6605,6606,6607,6608,-5082,6609,6610]],"type":"Polygon","properties":{"geoid":"13321","name":"Worth"},"id":"13321"},{"arcs":[[6611,-716,6612,6613,6614]],"type":"Polygon","properties":{"geoid":"17093","name":"Kendall"},"id":"17093"},{"arcs":[[-5565,6615,6616,6617,-5128,6618,-4362]],"type":"Polygon","properties":{"geoid":"51800","name":"Suffolk"},"id":"51800"},{"arcs":[[-5004,-5401,6619,-6454,6620,6621]],"type":"Polygon","properties":{"geoid":"26051","name":"Gladwin"},"id":"26051"},{"arcs":[[-4806,-3700]],"type":"Polygon","properties":{"geoid":"51750","name":"Radford"},"id":"51750"},{"arcs":[[6622,6623,6624,6625,-6304,6626]],"type":"Polygon","properties":{"geoid":"29079","name":"Grundy"},"id":"29079"},{"arcs":[[-594,6627,6628,6629]],"type":"Polygon","properties":{"geoid":"18009","name":"Blackford"},"id":"18009"},{"arcs":[[6630,-6070,-3786,-2322,-5903,6631,-4403]],"type":"Polygon","properties":{"geoid":"36041","name":"Hamilton"},"id":"36041"},{"arcs":[[6632]],"type":"Polygon","properties":{"geoid":"25019","name":"Nantucket"},"id":"25019"},{"arcs":[[-1388,6633,6634,6635,6636,6637]],"type":"Polygon","properties":{"geoid":"48165","name":"Gaines"},"id":"48165"},{"arcs":[[6638,6639,6640,6641,6642,6643,-5638,-3714]],"type":"Polygon","properties":{"geoid":"38029","name":"Emmons"},"id":"38029"},{"arcs":[[-5038,-6319,-600,6644,-168]],"type":"Polygon","properties":{"geoid":"41037","name":"Lake"},"id":"41037"},{"arcs":[[6645,-5635,6646,6647,6648]],"type":"Polygon","properties":{"geoid":"19137","name":"Montgomery"},"id":"19137"},{"arcs":[[-3924,6649,-3231,6650,-5861]],"type":"Polygon","properties":{"geoid":"35013","name":"Doña Ana"},"id":"35013"},{"arcs":[[6651,6652,6653,6654,6655,6656,6657]],"type":"Polygon","properties":{"geoid":"40035","name":"Craig"},"id":"40035"},{"arcs":[[6658,-6327,-6407,6659,6660]],"type":"Polygon","properties":{"geoid":"55069","name":"Lincoln"},"id":"55069"},{"arcs":[[-5701,-3830,6661,6662,-3110,6663,6664]],"type":"Polygon","properties":{"geoid":"40143","name":"Tulsa"},"id":"40143"},{"arcs":[[6665,6666,-3661,-3119,-1893,6667]],"type":"Polygon","properties":{"geoid":"01081","name":"Lee"},"id":"01081"},{"arcs":[[6668,6669,-1528,-5093,6670]],"type":"Polygon","properties":{"geoid":"47133","name":"Overton"},"id":"47133"},{"arcs":[[6671,6672,6673,6674,6675,-3318,-931,-4795]],"type":"Polygon","properties":{"geoid":"40139","name":"Texas"},"id":"40139"},{"arcs":[[-2001,6676,6677,-6559,-1678]],"type":"Polygon","properties":{"geoid":"48447","name":"Throckmorton"},"id":"48447"},{"arcs":[[6678,6679,6680,6681,6682]],"type":"Polygon","properties":{"geoid":"19095","name":"Iowa"},"id":"19095"},{"arcs":[[6683,6684,6685,6686,6687,6688,6689]],"type":"Polygon","properties":{"geoid":"26075","name":"Jackson"},"id":"26075"},{"arcs":[[6690,6691,6692,-4365,-6427,6693]],"type":"Polygon","properties":{"geoid":"29103","name":"Knox"},"id":"29103"},{"arcs":[[-4104,-1269,6694,-2825,-5106,-2821]],"type":"Polygon","properties":{"geoid":"01013","name":"Butler"},"id":"01013"},{"arcs":[[6695,-2096,-4595,6696,6697,-322]],"type":"Polygon","properties":{"geoid":"48217","name":"Hill"},"id":"48217"},{"arcs":[[6698,6699,6700,6701,-1784]],"type":"Polygon","properties":{"geoid":"47061","name":"Grundy"},"id":"47061"},{"arcs":[[6702,6703,6704,-1768]],"type":"Polygon","properties":{"geoid":"12111","name":"St. Lucie"},"id":"12111"},{"arcs":[[6705,6706,6707,6708,6709]],"type":"Polygon","properties":{"geoid":"31083","name":"Harlan"},"id":"31083"},{"arcs":[[-5713,-3062,6710,6711,6712,-6277,6713,6714]],"type":"Polygon","properties":{"geoid":"31107","name":"Knox"},"id":"31107"},{"arcs":[[-607,-6377,6715,-3359]],"type":"Polygon","properties":{"geoid":"32510","name":"Carson City"},"id":"32510"},{"arcs":[[6716,6717,-4346,6718,6719]],"type":"Polygon","properties":{"geoid":"18183","name":"Whitley"},"id":"18183"},{"arcs":[[-6676,6720,6721,-4149,-3319]],"type":"Polygon","properties":{"geoid":"48357","name":"Ochiltree"},"id":"48357"},{"arcs":[[6722,6723,6724,-2444,6725,6726]],"type":"Polygon","properties":{"geoid":"13037","name":"Calhoun"},"id":"13037"},{"arcs":[[6727,6728,6729,6730,6731,6732,6733,6734]],"type":"Polygon","properties":{"geoid":"47069","name":"Hardeman"},"id":"47069"},{"arcs":[[6735,-2239]],"type":"Polygon","properties":{"geoid":"15005","name":"Kalawao"},"id":"15005"},{"arcs":[[6736,-1517,6737,-6606,6738,-1198]],"type":"Polygon","properties":{"geoid":"13081","name":"Crisp"},"id":"13081"},{"arcs":[[6739,6740,6741,-6617]],"type":"Polygon","properties":{"geoid":"51740","name":"Portsmouth"},"id":"51740"},{"arcs":[[6742,6743,6744,6745,6746]],"type":"Polygon","properties":{"geoid":"40029","name":"Coal"},"id":"40029"},{"arcs":[[-5176,6747,6748,6749,-4497,-5887,-883]],"type":"Polygon","properties":{"geoid":"08007","name":"Archuleta"},"id":"08007"},{"arcs":[[6750,6751,6752,6753,6754,-6381]],"type":"Polygon","properties":{"geoid":"29091","name":"Howell"},"id":"29091"},{"arcs":[[-1378,6755,6756,-1251,6757]],"type":"Polygon","properties":{"geoid":"31017","name":"Brown"},"id":"31017"},{"arcs":[[6758,-6302,6759,6760,6761,6762]],"type":"Polygon","properties":{"geoid":"36099","name":"Seneca"},"id":"36099"},{"arcs":[[6763,6764,6765,6766,-3854,6767]],"type":"Polygon","properties":{"geoid":"17087","name":"Johnson"},"id":"17087"},{"arcs":[[6768,6769,-4703,6770,-3775,-2902]],"type":"Polygon","properties":{"geoid":"40057","name":"Harmon"},"id":"40057"},{"arcs":[[-2608,-401,-3490,6771,-4109]],"type":"Polygon","properties":{"geoid":"05055","name":"Greene"},"id":"05055"},{"arcs":[[6772,-1680,-6563,6773,-4339,6774]],"type":"Polygon","properties":{"geoid":"48253","name":"Jones"},"id":"48253"},{"arcs":[[-6201,6775,-1829,-2014,6776,6777,6778]],"type":"Polygon","properties":{"geoid":"38069","name":"Pierce"},"id":"38069"},{"arcs":[[-1163,6779,-6499,6780,-2749]],"type":"Polygon","properties":{"geoid":"18143","name":"Scott"},"id":"18143"},{"arcs":[[6781,6782,6783,-4996,6784,-4719]],"type":"Polygon","properties":{"geoid":"40137","name":"Stephens"},"id":"40137"},{"arcs":[[-4379,-4377,-4374,6785,-6699,-1783,6786]],"type":"Polygon","properties":{"geoid":"47177","name":"Warren"},"id":"47177"},{"arcs":[[-6467,6787,-6727,6788,6789,-4006]],"type":"Polygon","properties":{"geoid":"13061","name":"Clay"},"id":"13061"},{"arcs":[[-6168,6790,6791,6792,-1753,6793,6794]],"type":"Polygon","properties":{"geoid":"21083","name":"Graves"},"id":"21083"},{"arcs":[[6795,6796,6797,6798,6799,6800]],"type":"Polygon","properties":{"geoid":"31047","name":"Dawson"},"id":"31047"},{"arcs":[[-4363,-6619,-5127,-4987,6801,6802,-5301]],"type":"Polygon","properties":{"geoid":"37073","name":"Gates"},"id":"37073"},{"arcs":[[6803,-3023,-5810,6804,6805,6806]],"type":"Polygon","properties":{"geoid":"26125","name":"Oakland"},"id":"26125"},{"arcs":[[6807,6808,6809,6810,6811]],"type":"Polygon","properties":{"geoid":"55071","name":"Manitowoc"},"id":"55071"},{"arcs":[[-2438,6812,6813,6814,-309,-5308,6815]],"type":"Polygon","properties":{"geoid":"13207","name":"Monroe"},"id":"13207"},{"arcs":[[6816,6817,6818,6819,-1114,6820]],"type":"Polygon","properties":{"geoid":"28031","name":"Covington"},"id":"28031"},{"arcs":[[6821,6822,6823,6824,6825,6826]],"type":"Polygon","properties":{"geoid":"40151","name":"Woods"},"id":"40151"},{"arcs":[[-1023,-4008,6827,-3968,6828,6829]],"type":"Polygon","properties":{"geoid":"01045","name":"Dale"},"id":"01045"},{"arcs":[[6830,6831,6832,6833,6834,6835,6836]],"type":"Polygon","properties":{"geoid":"17135","name":"Montgomery"},"id":"17135"},{"arcs":[[6837,6838,6839,-6401,6840,6841,6842,-6833]],"type":"Polygon","properties":{"geoid":"17173","name":"Shelby"},"id":"17173"},{"arcs":[[6843,6844,6845,-5276,6846,6847]],"type":"Polygon","properties":{"geoid":"39033","name":"Crawford"},"id":"39033"},{"arcs":[[-6656,6848,6849,-3106,6850]],"type":"Polygon","properties":{"geoid":"40097","name":"Mayes"},"id":"40097"},{"arcs":[[6851,-1076,6852,-6153,6853,-4128]],"type":"Polygon","properties":{"geoid":"55049","name":"Iowa"},"id":"55049"},{"arcs":[[6854,6855,6856,-2907,6857]],"type":"Polygon","properties":{"geoid":"19025","name":"Calhoun"},"id":"19025"},{"arcs":[[-2963,-3399,-5472,-247,-6050,-1637,6858]],"type":"Polygon","properties":{"geoid":"48477","name":"Washington"},"id":"48477"},{"arcs":[[6859,-4072]],"type":"Polygon","properties":{"geoid":"51770","name":"Roanoke"},"id":"51770"},{"arcs":[[-530,6860,6861,6862,-1488,6863,6864]],"type":"Polygon","properties":{"geoid":"13199","name":"Meriwether"},"id":"13199"},{"arcs":[[6865,6866,-5915,-1706,-4357,6867,6868]],"type":"Polygon","properties":{"geoid":"16017","name":"Bonner"},"id":"16017"},{"arcs":[[-4981,6869,-2207,-5904,6870,6871]],"type":"Polygon","properties":{"geoid":"33013","name":"Merrimack"},"id":"33013"},{"arcs":[[6872,6873,-6402,-6840,6874]],"type":"Polygon","properties":{"geoid":"17139","name":"Moultrie"},"id":"17139"},{"arcs":[[6875,-5244,6876,6877,-1049,6878]],"type":"Polygon","properties":{"geoid":"40001","name":"Adair"},"id":"40001"},{"arcs":[[6879,-6829,-3967,6880,6881,-3424,6882]],"type":"Polygon","properties":{"geoid":"01061","name":"Geneva"},"id":"01061"},{"arcs":[[6883,6884,6885,6886,6887,6888]],"type":"Polygon","properties":{"geoid":"31179","name":"Wayne"},"id":"31179"},{"arcs":[[6889,-5853,6890,6891,-2797,-2844,6892]],"type":"Polygon","properties":{"geoid":"08125","name":"Yuma"},"id":"08125"},{"arcs":[[6893,-6709,6894,6895,6896,6897]],"type":"Polygon","properties":{"geoid":"20137","name":"Norton"},"id":"20137"},{"arcs":[[6898,6899,6900,-2092,6901,6902]],"type":"Polygon","properties":{"geoid":"48439","name":"Tarrant"},"id":"48439"},{"arcs":[[-4836,6903,-3510,-2917,-5751]],"type":"Polygon","properties":{"geoid":"48209","name":"Hays"},"id":"48209"},{"arcs":[[-1427,6904,-364,-471,6905,6906]],"type":"Polygon","properties":{"geoid":"13175","name":"Laurens"},"id":"13175"},{"arcs":[[-4096,6907,-3582,-4046,-6009]],"type":"Polygon","properties":{"geoid":"42057","name":"Fulton"},"id":"42057"},{"arcs":[[6908,6909,-2375,-2977,6910,6911,-2347]],"type":"Polygon","properties":{"geoid":"17163","name":"St. Clair"},"id":"17163"},{"arcs":[[-5785,6912,6913,6914,6915,6916,-2655]],"type":"Polygon","properties":{"geoid":"21045","name":"Casey"},"id":"21045"},{"arcs":[[6917,6918,-6806,6919,-6686,6920]],"type":"Polygon","properties":{"geoid":"26093","name":"Livingston"},"id":"26093"},{"arcs":[[-5196,-1498,-3890,6921,6922,6923,6924]],"type":"Polygon","properties":{"geoid":"21047","name":"Christian"},"id":"21047"},{"arcs":[[6925,6926,6927,-2633,6928,6929]],"type":"Polygon","properties":{"geoid":"31133","name":"Pawnee"},"id":"31133"},{"arcs":[[-4298,-3504,6930,-2577,-6159]],"type":"Polygon","properties":{"geoid":"22061","name":"Lincoln"},"id":"22061"},{"arcs":[[-5973,-2752,-2252,6931,-5617,6932]],"type":"Polygon","properties":{"geoid":"18025","name":"Crawford"},"id":"18025"},{"arcs":[[-4781,-2913,-1897,6933,6934,6935]],"type":"Polygon","properties":{"geoid":"05119","name":"Pulaski"},"id":"05119"},{"arcs":[[6936,6937,6938,6939,-6490,6940]],"type":"Polygon","properties":{"geoid":"29225","name":"Webster"},"id":"29225"},{"arcs":[[-5734,-4909,6941,-4547,-3601,-1729,-5559]],"type":"Polygon","properties":{"geoid":"48423","name":"Smith"},"id":"48423"},{"arcs":[[6942,6943,6944,6945,6946,-818]],"type":"Polygon","properties":{"geoid":"19013","name":"Black Hawk"},"id":"19013"},{"arcs":[[-1676,-2837,-6019,6947,-779]],"type":"Polygon","properties":{"geoid":"21173","name":"Montgomery"},"id":"21173"},{"arcs":[[6948,-1254,6949,6950,6951]],"type":"Polygon","properties":{"geoid":"31113","name":"Logan"},"id":"31113"},{"arcs":[[-5171,-5414,6952,-3574,-6127]],"type":"Polygon","properties":{"geoid":"13063","name":"Clayton"},"id":"13063"},{"arcs":[[-3516,-2965,6953,6954,-4834]],"type":"Polygon","properties":{"geoid":"48021","name":"Bastrop"},"id":"48021"},{"arcs":[[-2255,-6192,6955,-3838,6956,-4166,-4316]],"type":"Polygon","properties":{"geoid":"19109","name":"Kossuth"},"id":"19109"},{"arcs":[[6957,-6509,6958,6959,6960,6961]],"type":"Polygon","properties":{"geoid":"27109","name":"Olmsted"},"id":"27109"},{"arcs":[[-3159,6962,-2247,6963,6964]],"type":"Polygon","properties":{"geoid":"18029","name":"Dearborn"},"id":"18029"},{"arcs":[[-6462,6965,6966,6967,6968,6969]],"type":"Polygon","properties":{"geoid":"39031","name":"Coshocton"},"id":"39031"},{"arcs":[[6970,6971,6972,-5250,-96,6973]],"type":"Polygon","properties":{"geoid":"46105","name":"Perkins"},"id":"46105"},{"arcs":[[-6774,-6562,6974,-6501,-5736,-4340]],"type":"Polygon","properties":{"geoid":"48059","name":"Callahan"},"id":"48059"},{"arcs":[[-288,6975,-2295,-6247,-4927,6976,6977]],"type":"Polygon","properties":{"geoid":"50003","name":"Bennington"},"id":"50003"},{"arcs":[[-4618,6978,-5016,6979,6980]],"type":"Polygon","properties":{"geoid":"28025","name":"Clay"},"id":"28025"},{"arcs":[[6981,6982,-3301,-4887,6983,6984]],"type":"Polygon","properties":{"geoid":"20167","name":"Russell"},"id":"20167"},{"arcs":[[-1785,-6702,6985,-5496,-3685,6986,-1712]],"type":"Polygon","properties":{"geoid":"47051","name":"Franklin"},"id":"47051"},{"arcs":[[6987,-1744,6988,-2376,-5663,-3653]],"type":"Polygon","properties":{"geoid":"48135","name":"Ector"},"id":"48135"},{"arcs":[[-5324,-5180,6989,6990,6991,-3311,6992]],"type":"Polygon","properties":{"geoid":"47111","name":"Macon"},"id":"47111"},{"arcs":[[6993,-5157,6994,6995,-6086,6996]],"type":"Polygon","properties":{"geoid":"29013","name":"Bates"},"id":"29013"},{"arcs":[[-4594,-3809,-1936,-4221,6997,6998,-6697]],"type":"Polygon","properties":{"geoid":"48293","name":"Limestone"},"id":"48293"},{"arcs":[[6999,-5515,7000,-4520,-1610,7001]],"type":"Polygon","properties":{"geoid":"48319","name":"Mason"},"id":"48319"},{"arcs":[[7002,-6924,7003,-6568,-5728,-1755,7004]],"type":"Polygon","properties":{"geoid":"47161","name":"Stewart"},"id":"47161"},{"arcs":[[7005,7006,7007,7008,7009,-3922,7010]],"type":"Polygon","properties":{"geoid":"35027","name":"Lincoln"},"id":"35027"},{"arcs":[[7011,-5976,7012,7013,-4167]],"type":"Polygon","properties":{"geoid":"19197","name":"Wright"},"id":"19197"},{"arcs":[[7014,7015,7016,7017,7018]],"type":"Polygon","properties":{"geoid":"18011","name":"Boone"},"id":"18011"},{"arcs":[[-6842,7019,7020,-6449,7021]],"type":"Polygon","properties":{"geoid":"17049","name":"Effingham"},"id":"17049"},{"arcs":[[7022,7023,7024,-3847,-4287,-5549,7025]],"type":"Polygon","properties":{"geoid":"48047","name":"Brooks"},"id":"48047"},{"arcs":[[-1540,-4328,7026,-1083,7027,-5488]],"type":"Polygon","properties":{"geoid":"53069","name":"Wahkiakum"},"id":"53069"},{"arcs":[[7028,7029,7030,-71,-2811,7031]],"type":"Polygon","properties":{"geoid":"47131","name":"Obion"},"id":"47131"},{"arcs":[[-4876,7032,-5823,-3297,7033]],"type":"Polygon","properties":{"geoid":"20169","name":"Saline"},"id":"20169"},{"arcs":[[7034,-6916,7035,-3223,7036,7037]],"type":"Polygon","properties":{"geoid":"21207","name":"Russell"},"id":"21207"},{"arcs":[[-2348,-6912,7038,7039,-2056]],"type":"Polygon","properties":{"geoid":"17133","name":"Monroe"},"id":"17133"},{"arcs":[[-6920,-6805,-5812,-2997,7040,-6687]],"type":"Polygon","properties":{"geoid":"26161","name":"Washtenaw"},"id":"26161"},{"arcs":[[7041,7042,7043,7044,-5281]],"type":"Polygon","properties":{"geoid":"36021","name":"Columbia"},"id":"36021"},{"arcs":[[7045,7046,7047,7048,7049,7050]],"type":"Polygon","properties":{"geoid":"39015","name":"Brown"},"id":"39015"},{"arcs":[[-4249,7051,7052,-4710,7053]],"type":"Polygon","properties":{"geoid":"12109","name":"St. Johns"},"id":"12109"},{"arcs":[[-2636,7054,7055,7056,7057,-813]],"type":"Polygon","properties":{"geoid":"20085","name":"Jackson"},"id":"20085"},{"arcs":[[7058,-336,-4345,-4251,7059,-3990,-507,-4724,7060]],"type":"Polygon","properties":{"geoid":"12003","name":"Baker"},"id":"12003"},{"arcs":[[7061,7062,7063,7064,-5877,7065]],"type":"Polygon","properties":{"geoid":"40081","name":"Lincoln"},"id":"40081"},{"arcs":[[7066,7067,-6610,-5081,-2445,-6725]],"type":"Polygon","properties":{"geoid":"13095","name":"Dougherty"},"id":"13095"},{"arcs":[[-7053,7068,-732,-4711]],"type":"Polygon","properties":{"geoid":"12035","name":"Flagler"},"id":"12035"},{"arcs":[[-6786,-4373,7069,-1430,7070,-6700]],"type":"Polygon","properties":{"geoid":"47153","name":"Sequatchie"},"id":"47153"},{"arcs":[[-3788,-2701,7071,-6007,-205,-41]],"type":"Polygon","properties":{"geoid":"42021","name":"Cambria"},"id":"42021"},{"arcs":[[7072,-4348,-595,-6630,7073,7074,-3382,7075,7076]],"type":"Polygon","properties":{"geoid":"18053","name":"Grant"},"id":"18053"},{"arcs":[[7077,-3766,7078,-5718,7079,7080,7081]],"type":"Polygon","properties":{"geoid":"55031","name":"Douglas"},"id":"55031"},{"arcs":[[7082,-2337,7083,-2408,-3114]],"type":"Polygon","properties":{"geoid":"36121","name":"Wyoming"},"id":"36121"},{"arcs":[[-5979,-6224,-1165,-2754,-5972,7084]],"type":"Polygon","properties":{"geoid":"18093","name":"Lawrence"},"id":"18093"},{"arcs":[[7085,7086,7087,-5746,7088,-4997,-6784]],"type":"Polygon","properties":{"geoid":"40019","name":"Carter"},"id":"40019"},{"arcs":[[7089,-4822,7090,-1374,-3329,-2231,-1452,-2534]],"type":"Polygon","properties":{"geoid":"22007","name":"Assumption"},"id":"22007"},{"arcs":[[7091,-3290,-5417,-3735,-126]],"type":"Polygon","properties":{"geoid":"47067","name":"Hancock"},"id":"47067"},{"arcs":[[-3625,7092,-6869,7093,7094,-4176,-265]],"type":"Polygon","properties":{"geoid":"53063","name":"Spokane"},"id":"53063"},{"arcs":[[-4416,7095,7096,-6634,-1387]],"type":"Polygon","properties":{"geoid":"48445","name":"Terry"},"id":"48445"},{"arcs":[[7097,7098,7099,-1624,-5795,-3203,-2855,-2039,7100]],"type":"Polygon","properties":{"geoid":"41063","name":"Wallowa"},"id":"41063"},{"arcs":[[-4206,-1082,-5360,-5575,7101,-1468,7102]],"type":"Polygon","properties":{"geoid":"49049","name":"Utah"},"id":"49049"},{"arcs":[[-5568,-1159,7103,7104]],"type":"Polygon","properties":{"geoid":"26019","name":"Benzie"},"id":"26019"},{"arcs":[[-6437,7105,7106,7107,7108,7109,7110]],"type":"Polygon","properties":{"geoid":"17183","name":"Vermilion"},"id":"17183"},{"arcs":[[7111,7112,7113,-3828,7114]],"type":"Polygon","properties":{"geoid":"20019","name":"Chautauqua"},"id":"20019"},{"arcs":[[7115,7116,-2558,7117,7118,7119,7120]],"type":"Polygon","properties":{"geoid":"55027","name":"Dodge"},"id":"55027"},{"arcs":[[7121,7122,7123,-808,7124]],"type":"Polygon","properties":{"geoid":"19121","name":"Madison"},"id":"19121"},{"arcs":[[7125,7126,7127,7128,-5551,7129,7130]],"type":"Polygon","properties":{"geoid":"20089","name":"Jewell"},"id":"20089"},{"arcs":[[-3733,-890,-4266,-2005,-2283,-1027]],"type":"Polygon","properties":{"geoid":"51011","name":"Appomattox"},"id":"51011"},{"arcs":[[-6443,7131,7132,-6459,7133]],"type":"Polygon","properties":{"geoid":"39169","name":"Wayne"},"id":"39169"},{"arcs":[[7134,7135,7136,7137,-3597]],"type":"Polygon","properties":{"geoid":"31125","name":"Nance"},"id":"31125"},{"arcs":[[7138,7139,-6926,7140]],"type":"Polygon","properties":{"geoid":"31097","name":"Johnson"},"id":"31097"},{"arcs":[[7141,-1341,7142,7143,7144,-5348]],"type":"Polygon","properties":{"geoid":"31101","name":"Keith"},"id":"31101"},{"arcs":[[7145,-5140,-3665,-3530]],"type":"Polygon","properties":{"geoid":"30041","name":"Hill"},"id":"30041"},{"arcs":[[7146,7147,7148,-6147,7149,7150]],"type":"Polygon","properties":{"geoid":"17095","name":"Knox"},"id":"17095"},{"arcs":[[-4932,7151,7152,7153,-2212]],"type":"Polygon","properties":{"geoid":"37145","name":"Person"},"id":"37145"},{"arcs":[[-6177,-6064,-4759,7154,-3060,-5712,7155,-5791]],"type":"Polygon","properties":{"geoid":"46067","name":"Hutchinson"},"id":"46067"},{"arcs":[[-5841,-692,7156,7157,7158,-3432]],"type":"Polygon","properties":{"geoid":"54061","name":"Monongalia"},"id":"54061"},{"arcs":[[-6825,7159,7160,7161,-6553,7162,7163]],"type":"Polygon","properties":{"geoid":"40093","name":"Major"},"id":"40093"},{"arcs":[[-7145,7164,7165,7166,-5851,-5572,-5349]],"type":"Polygon","properties":{"geoid":"31135","name":"Perkins"},"id":"31135"},{"arcs":[[7167,7168,7169,7170,-2049]],"type":"Polygon","properties":{"geoid":"12051","name":"Hendry"},"id":"12051"},{"arcs":[[7171,-6614,7172,7173,7174,7175,7176,7177,7178]],"type":"Polygon","properties":{"geoid":"17099","name":"LaSalle"},"id":"17099"},{"arcs":[[-1130,-5942,-5395,-4387,7179]],"type":"Polygon","properties":{"geoid":"21113","name":"Jessamine"},"id":"21113"},{"arcs":[[7180,7181,7182,7183]],"type":"Polygon","properties":{"geoid":"35061","name":"Valencia"},"id":"35061"},{"arcs":[[-4108,-4422,-4458,-6160,-622,-251]],"type":"Polygon","properties":{"geoid":"05027","name":"Columbia"},"id":"05027"},{"arcs":[[7184,7185,7186,-2168,7187,-6769,-2901,7188]],"type":"Polygon","properties":{"geoid":"40009","name":"Beckham"},"id":"40009"},{"arcs":[[-3066,7189,7190,7191,7192,7193,7194]],"type":"Polygon","properties":{"geoid":"48237","name":"Jack"},"id":"48237"},{"arcs":[[-750,7195,-6511,7196,7197,7198,-6189]],"type":"Polygon","properties":{"geoid":"27131","name":"Rice"},"id":"27131"},{"arcs":[[7199,-100,-5516,7200,7201]],"type":"Polygon","properties":{"geoid":"46081","name":"Lawrence"},"id":"46081"},{"arcs":[[7202,-5318,7203,-5709,-5946]],"type":"Polygon","properties":{"geoid":"46015","name":"Brule"},"id":"46015"},{"arcs":[[7204,7205,-5255,-1667,-2619]],"type":"Polygon","properties":{"geoid":"51043","name":"Clarke"},"id":"51043"},{"arcs":[[7206,7207,7208,7209,-4151]],"type":"Polygon","properties":{"geoid":"48211","name":"Hemphill"},"id":"48211"},{"arcs":[[-1480,7210,7211,7212,7213]],"type":"Polygon","properties":{"geoid":"38007","name":"Billings"},"id":"38007"},{"arcs":[[-6461,7214,7215,-6267,7216,-6966]],"type":"Polygon","properties":{"geoid":"39157","name":"Tuscarawas"},"id":"39157"},{"arcs":[[-6145,7217,-1632,7218,-2352]],"type":"Polygon","properties":{"geoid":"29089","name":"Howard"},"id":"29089"},{"arcs":[[7219,7220,-6658,7221,7222]],"type":"Polygon","properties":{"geoid":"40105","name":"Nowata"},"id":"40105"},{"arcs":[[7223,7224,-2123,-5813,7225]],"type":"Polygon","properties":{"geoid":"41041","name":"Lincoln"},"id":"41041"},{"arcs":[[7226,-3497,-2349,-2060,7227,7228,-6600]],"type":"Polygon","properties":{"geoid":"29071","name":"Franklin"},"id":"29071"},{"arcs":[[7229,7230,7231,-7185,7232,-7209]],"type":"Polygon","properties":{"geoid":"40129","name":"Roger Mills"},"id":"40129"},{"arcs":[[7233,7234,-1973,7235,7236,7237]],"type":"Polygon","properties":{"geoid":"38003","name":"Barnes"},"id":"38003"},{"arcs":[[7238,-556,-6178,-6543,7239]],"type":"Polygon","properties":{"geoid":"42113","name":"Sullivan"},"id":"42113"},{"arcs":[[7240,7241,7242,7243,7244,-505,7245]],"type":"Polygon","properties":{"geoid":"17107","name":"Logan"},"id":"17107"},{"arcs":[[7246,-6005,7247,7248,7249]],"type":"Polygon","properties":{"geoid":"18087","name":"LaGrange"},"id":"18087"},{"arcs":[[7250,-6527,7251,7252,7253,-2469,7254]],"type":"Polygon","properties":{"geoid":"28135","name":"Tallahatchie"},"id":"28135"},{"arcs":[[7255,7256,7257,7258,-117,-2970,7259]],"type":"Polygon","properties":{"geoid":"05097","name":"Montgomery"},"id":"05097"},{"arcs":[[-3614,-658,7260,7261,7262,-4966]],"type":"Polygon","properties":{"geoid":"51173","name":"Smyth"},"id":"51173"},{"arcs":[[-4762,-1470,7263,7264,-6045,7265]],"type":"Polygon","properties":{"geoid":"49027","name":"Millard"},"id":"49027"},{"arcs":[[-7210,-7233,-7189,-2900,7266]],"type":"Polygon","properties":{"geoid":"48483","name":"Wheeler"},"id":"48483"},{"arcs":[[-6732,7267,7268,7269,7270,7271]],"type":"Polygon","properties":{"geoid":"28003","name":"Alcorn"},"id":"28003"},{"arcs":[[-1267,-1024,-6830,-6880,7272]],"type":"Polygon","properties":{"geoid":"01031","name":"Coffee"},"id":"01031"},{"arcs":[[-5566,-4360]],"type":"Polygon","properties":{"geoid":"51620","name":"Franklin"},"id":"51620"},{"arcs":[[7273,-805,7274,-3859,-4974]],"type":"Polygon","properties":{"geoid":"23005","name":"Cumberland"},"id":"23005"},{"arcs":[[7275,7276,7277,7278,7279,7280]],"type":"Polygon","properties":{"geoid":"17001","name":"Adams"},"id":"17001"},{"arcs":[[7281,-3163,-6500,-6780,-1162,7282]],"type":"Polygon","properties":{"geoid":"18079","name":"Jennings"},"id":"18079"},{"arcs":[[7283,-415,7284,-3033,-1888,7285]],"type":"Polygon","properties":{"geoid":"27067","name":"Kandiyohi"},"id":"27067"},{"arcs":[[7286,7287,-7178,7288,7289,7290,7291]],"type":"Polygon","properties":{"geoid":"17011","name":"Bureau"},"id":"17011"},{"arcs":[[-6366,-6603,7292,7293,7294]],"type":"Polygon","properties":{"geoid":"29125","name":"Maries"},"id":"29125"},{"arcs":[[-6854,-6158,7295,7296,-4129]],"type":"Polygon","properties":{"geoid":"55065","name":"Lafayette"},"id":"55065"},{"arcs":[[-6655,7297,7298,-5245,-6876,7299,-6849]],"type":"Polygon","properties":{"geoid":"40041","name":"Delaware"},"id":"40041"},{"arcs":[[7300,-6493,7301,-2519,7302]],"type":"Polygon","properties":{"geoid":"29209","name":"Stone"},"id":"29209"},{"arcs":[[7303,7304,7305,7306,-326,-1500,7307]],"type":"Polygon","properties":{"geoid":"48143","name":"Erath"},"id":"48143"},{"arcs":[[7308,7309,7310,7311]],"type":"Polygon","properties":{"geoid":"50013","name":"Grand Isle"},"id":"50013"},{"arcs":[[-7080,7312,-6195,7313]],"type":"Polygon","properties":{"geoid":"55129","name":"Washburn"},"id":"55129"},{"arcs":[[7314,7315,-6025,7316,7317]],"type":"Polygon","properties":{"geoid":"39133","name":"Portage"},"id":"39133"},{"arcs":[[7318,-6230,7319,7320,-6944]],"type":"Polygon","properties":{"geoid":"19019","name":"Buchanan"},"id":"19019"},{"arcs":[[7321,-4749,-3865,7322,-6328,-6659,7323,7324]],"type":"Polygon","properties":{"geoid":"55099","name":"Price"},"id":"55099"},{"arcs":[[7325,7326,7327,7328,7329,7330]],"type":"Polygon","properties":{"geoid":"17059","name":"Gallatin"},"id":"17059"},{"arcs":[[7331,-5197,-6925,-7003,7332,7333]],"type":"Polygon","properties":{"geoid":"21221","name":"Trigg"},"id":"21221"},{"arcs":[[7334,-3599,7335,7336,7337]],"type":"Polygon","properties":{"geoid":"31163","name":"Sherman"},"id":"31163"},{"arcs":[[-1761,-5306,7338,-3207,-1349,-1433]],"type":"Polygon","properties":{"geoid":"47011","name":"Bradley"},"id":"47011"},{"arcs":[[7339,7340,-2890,7341,-6766]],"type":"Polygon","properties":{"geoid":"17151","name":"Pope"},"id":"17151"},{"arcs":[[7342,7343,7344,-1881,7345]],"type":"Polygon","properties":{"geoid":"19101","name":"Jefferson"},"id":"19101"},{"arcs":[[7346,7347,-5994,-5968,7348,7349]],"type":"Polygon","properties":{"geoid":"19125","name":"Marion"},"id":"19125"},{"arcs":[[7350,-7317,-6030,7351,7352,-7215,-6460,-7133]],"type":"Polygon","properties":{"geoid":"39151","name":"Stark"},"id":"39151"},{"arcs":[[-4962,7353,-2911,7354,7355,7356]],"type":"Polygon","properties":{"geoid":"19047","name":"Crawford"},"id":"19047"},{"arcs":[[-1009,7357,-4615,-3083,7358]],"type":"Polygon","properties":{"geoid":"28115","name":"Pontotoc"},"id":"28115"},{"arcs":[[[7359]],[[7360]],[[7361]],[[-3525,7362,7363,7364]]],"type":"MultiPolygon","properties":{"geoid":"02130","name":"Ketchikan Gateway"},"id":"02130"},{"arcs":[[7365,7366,7367,7368]],"type":"Polygon","properties":{"geoid":"39125","name":"Paulding"},"id":"39125"},{"arcs":[[-6628,-593,-4800,-3826,7369,7370,7371]],"type":"Polygon","properties":{"geoid":"18075","name":"Jay"},"id":"18075"},{"arcs":[[-2012,7372,7373,7374,7375]],"type":"Polygon","properties":{"geoid":"38027","name":"Eddy"},"id":"38027"},{"arcs":[[7376,-6934,-1901,-2762,-3073,7377]],"type":"Polygon","properties":{"geoid":"05053","name":"Grant"},"id":"05053"},{"arcs":[[-5984,7378,7379,7380,7381,7382]],"type":"Polygon","properties":{"geoid":"26057","name":"Gratiot"},"id":"26057"},{"arcs":[[7383,7384,-5390,7385,7386,7387,7388]],"type":"Polygon","properties":{"geoid":"31109","name":"Lancaster"},"id":"31109"},{"arcs":[[-6887,7389,7390,7391,7392,7393]],"type":"Polygon","properties":{"geoid":"31039","name":"Cuming"},"id":"31039"},{"arcs":[[7394,-6836,7395,-2370,-6910,7396,-2345,-3496,7397]],"type":"Polygon","properties":{"geoid":"17119","name":"Madison"},"id":"17119"},{"arcs":[[-6888,-7394,7398,7399,7400]],"type":"Polygon","properties":{"geoid":"31167","name":"Stanton"},"id":"31167"},{"arcs":[[-5874]],"type":"Polygon","properties":{"geoid":"51790","name":"Staunton"},"id":"51790"},{"arcs":[[7401,7402,7403,-7062,7404,7405]],"type":"Polygon","properties":{"geoid":"40083","name":"Logan"},"id":"40083"},{"arcs":[[7406,7407,7408,7409,7410,7411]],"type":"Polygon","properties":{"geoid":"46049","name":"Faulk"},"id":"46049"},{"arcs":[[7412,-6751,-6380,-6521,7413,7414]],"type":"Polygon","properties":{"geoid":"29153","name":"Ozark"},"id":"29153"},{"arcs":[[-2159,7415,7416,-6652,-7221,7417]],"type":"Polygon","properties":{"geoid":"20099","name":"Labette"},"id":"20099"},{"arcs":[[-3085,-4619,-6981,7418,7419,7420,7421]],"type":"Polygon","properties":{"geoid":"28155","name":"Webster"},"id":"28155"},{"arcs":[[7422,7423,-1812,7424,7425,7426,7427]],"type":"Polygon","properties":{"geoid":"08061","name":"Kiowa"},"id":"08061"},{"arcs":[[-7137,7428,7429,7430,7431,7432]],"type":"Polygon","properties":{"geoid":"31121","name":"Merrick"},"id":"31121"},{"arcs":[[[7433,-7364]],[[7434]],[[7435]],[[7436]],[[7437]],[[7438]],[[7439]],[[7440]],[[7441]],[[7442]],[[7443]],[[7444]],[[-4590,7445]],[[7446,-5204]]],"type":"MultiPolygon","properties":{"geoid":"02198","name":"Prince of Wales-Hyder"},"id":"02198"},{"arcs":[[-4875,7447,7448,7449,7450,-7033]],"type":"Polygon","properties":{"geoid":"20041","name":"Dickinson"},"id":"20041"},{"arcs":[[7451,-7308,-1504,-5425,-6503]],"type":"Polygon","properties":{"geoid":"48093","name":"Comanche"},"id":"48093"},{"arcs":[[-2011,-5866,-5040,-614,7452,7453,-7373]],"type":"Polygon","properties":{"geoid":"38063","name":"Nelson"},"id":"38063"},{"arcs":[[-2057,-7040,7454,-5682,7455]],"type":"Polygon","properties":{"geoid":"29186","name":"Ste. Genevieve"},"id":"29186"},{"arcs":[[7456,7457,7458,7459,7460,7461]],"type":"Polygon","properties":{"geoid":"39047","name":"Fayette"},"id":"39047"},{"arcs":[[-2571]],"type":"Polygon","properties":{"geoid":"51540","name":"Charlottesville"},"id":"51540"},{"arcs":[[-7425,-1811,-746,7462,7463,7464]],"type":"Polygon","properties":{"geoid":"08099","name":"Prowers"},"id":"08099"},{"arcs":[[-2304,-5027,7465,-2696,-3787,-1928]],"type":"Polygon","properties":{"geoid":"42065","name":"Jefferson"},"id":"42065"},{"arcs":[[7466,-4890,-5919,7467,7468,-6113]],"type":"Polygon","properties":{"geoid":"20145","name":"Pawnee"},"id":"20145"},{"arcs":[[-1253,7469,-2225,7470,-7338,7471,-6796,7472,-6950]],"type":"Polygon","properties":{"geoid":"31041","name":"Custer"},"id":"31041"},{"arcs":[[7473,-7194,7474,7475,-7305,7476,7477]],"type":"Polygon","properties":{"geoid":"48363","name":"Palo Pinto"},"id":"48363"},{"arcs":[[7478,7479,-6690,7480,-6002,7481]],"type":"Polygon","properties":{"geoid":"26025","name":"Calhoun"},"id":"26025"},{"arcs":[[7482,-11,7483,7484,7485]],"type":"Polygon","properties":{"geoid":"19173","name":"Taylor"},"id":"19173"},{"arcs":[[-3558,7486,-3532,-3669,-1353,-3998]],"type":"Polygon","properties":{"geoid":"30073","name":"Pondera"},"id":"30073"},{"arcs":[[7487,-3091,-3591,7488,7489]],"type":"Polygon","properties":{"geoid":"54063","name":"Monroe"},"id":"54063"},{"arcs":[[7490,7491,-1987,-4929,-6246]],"type":"Polygon","properties":{"geoid":"33005","name":"Cheshire"},"id":"33005"},{"arcs":[[-2893,7492,-5198,-7332,7493]],"type":"Polygon","properties":{"geoid":"21143","name":"Lyon"},"id":"21143"},{"arcs":[[7494,7495,7496,7497,7498,-6753,7499,7500]],"type":"Polygon","properties":{"geoid":"29215","name":"Texas"},"id":"29215"},{"arcs":[[-3122,7501,7502,7503,7504,-6465,-4004]],"type":"Polygon","properties":{"geoid":"13259","name":"Stewart"},"id":"13259"},{"arcs":[[-1260,-6037,-3439,7505,-5479]],"type":"Polygon","properties":{"geoid":"54097","name":"Upshur"},"id":"54097"},{"arcs":[[-5678,-6207,7506,7507,7508,7509]],"type":"Polygon","properties":{"geoid":"55063","name":"La Crosse"},"id":"55063"},{"arcs":[[-2213,-7154,7510,-6513,7511]],"type":"Polygon","properties":{"geoid":"37135","name":"Orange"},"id":"37135"},{"arcs":[[7512,7513,7514,-2333,7515,7516]],"type":"Polygon","properties":{"geoid":"36055","name":"Monroe"},"id":"36055"},{"arcs":[[7517,-6298,-6759,7518,-7514]],"type":"Polygon","properties":{"geoid":"36117","name":"Wayne"},"id":"36117"},{"arcs":[[-6850,-7300,-6879,-1048,-4659,-3107]],"type":"Polygon","properties":{"geoid":"40021","name":"Cherokee"},"id":"40021"},{"arcs":[[-7296,-6157,-6484,7519,7520,7521]],"type":"Polygon","properties":{"geoid":"17177","name":"Stephenson"},"id":"17177"},{"arcs":[[7522,7523,7524,7525,-3835,7526]],"type":"Polygon","properties":{"geoid":"27047","name":"Freeborn"},"id":"27047"},{"arcs":[[-2353,-7219,-1631,7527,7528,-6210]],"type":"Polygon","properties":{"geoid":"29053","name":"Cooper"},"id":"29053"},{"arcs":[[7529,-5770,-4122,-2450,-2045]],"type":"Polygon","properties":{"geoid":"16001","name":"Ada"},"id":"16001"},{"arcs":[[-6400,7530,7531,-7020,-6841]],"type":"Polygon","properties":{"geoid":"17035","name":"Cumberland"},"id":"17035"},{"arcs":[[7532,-3277,-5644,7533,7534,-5178]],"type":"Polygon","properties":{"geoid":"21009","name":"Barren"},"id":"21009"},{"arcs":[[-3983,7535,7536,7537,7538,7539]],"type":"Polygon","properties":{"geoid":"18139","name":"Rush"},"id":"18139"},{"arcs":[[-352,7540,-5398,-5966]],"type":"Polygon","properties":{"geoid":"26135","name":"Oscoda"},"id":"26135"},{"arcs":[[-5980,-7085,-5975,7541,-2860]],"type":"Polygon","properties":{"geoid":"18101","name":"Martin"},"id":"18101"},{"arcs":[[-4936,-1723,7542,7543]],"type":"Polygon","properties":{"geoid":"51700","name":"Newport News"},"id":"51700"},{"arcs":[[7544,7545,7546,7547,7548]],"type":"Polygon","properties":{"geoid":"26121","name":"Muskegon"},"id":"26121"},{"arcs":[[-7074,-6629,-7372,7549,-3979,7550]],"type":"Polygon","properties":{"geoid":"18035","name":"Delaware"},"id":"18035"},{"arcs":[[7551,-1848,7552,7553,7554,7555]],"type":"Polygon","properties":{"geoid":"39069","name":"Henry"},"id":"39069"},{"arcs":[[-6000,7556,-6524,7557,7558,7559,7560]],"type":"Polygon","properties":{"geoid":"05129","name":"Searcy"},"id":"05129"},{"arcs":[[7561,-857,7562,7563,-7108]],"type":"Polygon","properties":{"geoid":"18171","name":"Warren"},"id":"18171"},{"arcs":[[7564,-6627,-6307,7565,-5291,7566]],"type":"Polygon","properties":{"geoid":"29061","name":"Daviess"},"id":"29061"},{"arcs":[[7567,7568,7569,-7184,7570,7571,-5587]],"type":"Polygon","properties":{"geoid":"35006","name":"Cibola"},"id":"35006"},{"arcs":[[-4570,-2904,-3777,-940,7572,-5258]],"type":"Polygon","properties":{"geoid":"48191","name":"Hall"},"id":"48191"},{"arcs":[[-7368,7573,7574,7575,-3822,-4799,7576]],"type":"Polygon","properties":{"geoid":"39161","name":"Van Wert"},"id":"39161"},{"arcs":[[-686,7577,7578,-1512,7579]],"type":"Polygon","properties":{"geoid":"13235","name":"Pulaski"},"id":"13235"},{"arcs":[[7580,7581,-4538,-1601,-317]],"type":"Polygon","properties":{"geoid":"41027","name":"Hood River"},"id":"41027"},{"arcs":[[7582,7583,7584,7585,-858,-7562,-7107]],"type":"Polygon","properties":{"geoid":"18007","name":"Benton"},"id":"18007"},{"arcs":[[7586,-6115,-5829,7587]],"type":"Polygon","properties":{"geoid":"20101","name":"Lane"},"id":"20101"},{"arcs":[[-6868,-4356,7588,-7094]],"type":"Polygon","properties":{"geoid":"16055","name":"Kootenai"},"id":"16055"},{"arcs":[[7589,7590,-1721]],"type":"Polygon","properties":{"geoid":"51735","name":"Poquoson"},"id":"51735"},{"arcs":[[-6393,7591,-7331,7592,-7340,-6765,7593]],"type":"Polygon","properties":{"geoid":"17165","name":"Saline"},"id":"17165"},{"arcs":[[7594,-6902,-2097,-6696,-321,7595,7596]],"type":"Polygon","properties":{"geoid":"48251","name":"Johnson"},"id":"48251"},{"arcs":[[[7597,-5694,-5698]],[[-5699,-5696,7598,-688,7599,-1196,-1650]]],"type":"MultiPolygon","properties":{"geoid":"13193","name":"Macon"},"id":"13193"},{"arcs":[[-2244,7600,7601,7602]],"type":"Polygon","properties":{"geoid":"21037","name":"Campbell"},"id":"21037"},{"arcs":[[7603,7604,-3428,7605,-5859]],"type":"Polygon","properties":{"geoid":"12091","name":"Okaloosa"},"id":"12091"},{"arcs":[[-6940,7606,-7500,-6752,-7413,7607,-6491]],"type":"Polygon","properties":{"geoid":"29067","name":"Douglas"},"id":"29067"},{"arcs":[[7608,7609,7610,7611,7612,7613]],"type":"Polygon","properties":{"geoid":"28057","name":"Itawamba"},"id":"28057"},{"arcs":[[7614,7615,-1342,-7142,-5347,7616,-6340]],"type":"Polygon","properties":{"geoid":"31069","name":"Garden"},"id":"31069"},{"arcs":[[-6946,7617,7618,7619,7620]],"type":"Polygon","properties":{"geoid":"19171","name":"Tama"},"id":"19171"},{"arcs":[[-5161,-1131,-7180,-4391,7621,-1359]],"type":"Polygon","properties":{"geoid":"21167","name":"Mercer"},"id":"21167"},{"arcs":[[-2517]],"type":"Polygon","properties":{"geoid":"51600","name":"Fairfax"},"id":"51600"},{"arcs":[[7622,-1604,-3286,7623,7624]],"type":"Polygon","properties":{"geoid":"41071","name":"Yamhill"},"id":"41071"},{"arcs":[[7625,-7560,7626,-4467,7627,7628,7629]],"type":"Polygon","properties":{"geoid":"05115","name":"Pope"},"id":"05115"},{"arcs":[[7630,-4660,-1052,-45,7631,7632]],"type":"Polygon","properties":{"geoid":"40061","name":"Haskell"},"id":"40061"},{"arcs":[[-6432,-6552,7633,-6128,-533,7634,-3007,-6531]],"type":"Polygon","properties":{"geoid":"13045","name":"Carroll"},"id":"13045"},{"arcs":[[-3729,-3513,7635,7636,-5719]],"type":"Polygon","properties":{"geoid":"48493","name":"Wilson"},"id":"48493"},{"arcs":[[7637,7638,-7181,-7570,7639]],"type":"Polygon","properties":{"geoid":"35001","name":"Bernalillo"},"id":"35001"},{"arcs":[[-2452,-2100,-958,7640,7641,-4760,-3789,-3620,7642]],"type":"Polygon","properties":{"geoid":"32007","name":"Elko"},"id":"32007"},{"arcs":[[7643,-7163,-6558,7644,-7231,7645]],"type":"Polygon","properties":{"geoid":"40043","name":"Dewey"},"id":"40043"},{"arcs":[[-6198,7646,7647,7648,7649,7650]],"type":"Polygon","properties":{"geoid":"55033","name":"Dunn"},"id":"55033"},{"arcs":[[-4399,7651,7652,-3035,7653]],"type":"Polygon","properties":{"geoid":"27085","name":"McLeod"},"id":"27085"},{"arcs":[[-6356,7654,-1226,7655,-6598,-6364,-5844]],"type":"Polygon","properties":{"geoid":"29139","name":"Montgomery"},"id":"29139"},{"arcs":[[-6777,-2013,-7376,7656,7657,7658,7659]],"type":"Polygon","properties":{"geoid":"38103","name":"Wells"},"id":"38103"},{"arcs":[[7660,-5404,-398,-2607,7661]],"type":"Polygon","properties":{"geoid":"29181","name":"Ripley"},"id":"29181"},{"arcs":[[-7279,7662,7663,7664,7665,7666,7667,7668,7669]],"type":"Polygon","properties":{"geoid":"17149","name":"Pike"},"id":"17149"},{"arcs":[[-6547,7670,7671,7672,-6173]],"type":"Polygon","properties":{"geoid":"27133","name":"Rock"},"id":"27133"},{"arcs":[[7673,7674,7675,-2150,-5403,7676,7677]],"type":"Polygon","properties":{"geoid":"29223","name":"Wayne"},"id":"29223"},{"arcs":[[-791,7678,-1390]],"type":"Polygon","properties":{"geoid":"56017","name":"Hot Springs"},"id":"56017"},{"arcs":[[-6515,-1642,-4054]],"type":"Polygon","properties":{"geoid":"37105","name":"Lee"},"id":"37105"},{"arcs":[[7679,7680,7681,-6397,-6874]],"type":"Polygon","properties":{"geoid":"17041","name":"Douglas"},"id":"17041"},{"arcs":[[7682,-5800,-5907,-4779,7683]],"type":"Polygon","properties":{"geoid":"05023","name":"Cleburne"},"id":"05023"},{"arcs":[[7684,7685,-6238,7686,7687]],"type":"Polygon","properties":{"geoid":"46029","name":"Codington"},"id":"46029"},{"arcs":[[7688,-454,7689,7690,7691,-7611]],"type":"Polygon","properties":{"geoid":"01059","name":"Franklin"},"id":"01059"},{"arcs":[[7692,7693,-5943,-4060]],"type":"Polygon","properties":{"geoid":"46065","name":"Hughes"},"id":"46065"},{"arcs":[[7694,-6444,-7134,-6464,7695,7696,7697]],"type":"Polygon","properties":{"geoid":"39005","name":"Ashland"},"id":"39005"},{"arcs":[[7698,7699,-7286,-1887,-2526,-3849]],"type":"Polygon","properties":{"geoid":"27151","name":"Swift"},"id":"27151"},{"arcs":[[7700,7701,-5000,7702,-7190,-3065]],"type":"Polygon","properties":{"geoid":"48077","name":"Clay"},"id":"48077"},{"arcs":[[7703,7704,-1338,-4899,-4498,-6750]],"type":"Polygon","properties":{"geoid":"08021","name":"Conejos"},"id":"08021"},{"arcs":[[7705,7706]],"type":"Polygon","properties":{"geoid":"51640","name":"Galax"},"id":"51640"},{"arcs":[[-5053,-6907,7707,-7578,-685]],"type":"Polygon","properties":{"geoid":"13023","name":"Bleckley"},"id":"13023"},{"arcs":[[-4698,-5590,-5285,-2638,-1868]],"type":"Polygon","properties":{"geoid":"04017","name":"Navajo"},"id":"04017"},{"arcs":[[7708,7709,-6,7710,-7448,-4874]],"type":"Polygon","properties":{"geoid":"20027","name":"Clay"},"id":"20027"},{"arcs":[[7711,7712,7713,7714,7715,-2340]],"type":"Polygon","properties":{"geoid":"18133","name":"Putnam"},"id":"18133"},{"arcs":[[-5517,-681,-5849,7716,7717,-4924,7718]],"type":"Polygon","properties":{"geoid":"46102","name":"Oglala Lakota"},"id":"46102"},{"arcs":[[-6835,7719,-2371,-7396]],"type":"Polygon","properties":{"geoid":"17005","name":"Bond"},"id":"17005"},{"arcs":[[7720,-6998,-4220,7721,-2731]],"type":"Polygon","properties":{"geoid":"48145","name":"Falls"},"id":"48145"},{"arcs":[[-3871,-2310,7722,7723,-5096]],"type":"Polygon","properties":{"geoid":"05123","name":"St. Francis"},"id":"05123"},{"arcs":[[-7174,7724,7725,-6434,7726,7727]],"type":"Polygon","properties":{"geoid":"17105","name":"Livingston"},"id":"17105"},{"arcs":[[-5278,7728,-7696,-6463,-6970,7729,7730]],"type":"Polygon","properties":{"geoid":"39083","name":"Knox"},"id":"39083"},{"arcs":[[-2086,-6528,-7251,7731,7732,-2884]],"type":"Polygon","properties":{"geoid":"28027","name":"Coahoma"},"id":"28027"},{"arcs":[[-3773,7733,-7584,7734,7735]],"type":"Polygon","properties":{"geoid":"18111","name":"Newton"},"id":"18111"},{"arcs":[[7736,-6826,-7164,-7644,7737]],"type":"Polygon","properties":{"geoid":"40153","name":"Woodward"},"id":"40153"},{"arcs":[[7738,7739,7740,-5772,7741,-4904]],"type":"Polygon","properties":{"geoid":"30079","name":"Prairie"},"id":"30079"},{"arcs":[[7742,7743,7744,7745,-5490,-2505]],"type":"Polygon","properties":{"geoid":"20097","name":"Kiowa"},"id":"20097"},{"arcs":[[-7371,7746,7747,-3980,-7550]],"type":"Polygon","properties":{"geoid":"18135","name":"Randolph"},"id":"18135"},{"arcs":[[-3708,-4216,7748,7749,-3337,-2193]],"type":"Polygon","properties":{"geoid":"37045","name":"Cleveland"},"id":"37045"},{"arcs":[[-7197,-6510,-6958,7750,7751]],"type":"Polygon","properties":{"geoid":"27039","name":"Dodge"},"id":"27039"},{"arcs":[[-1980,-5220,-4681,-3550,7752]],"type":"Polygon","properties":{"geoid":"42001","name":"Adams"},"id":"42001"},{"arcs":[[7753,-7688,7754,7755,-6219,7756]],"type":"Polygon","properties":{"geoid":"46025","name":"Clark"},"id":"46025"},{"arcs":[[-2909,7757,7758,7759,7760]],"type":"Polygon","properties":{"geoid":"19077","name":"Guthrie"},"id":"19077"},{"arcs":[[7761,7762,-2160,-7418,-7220,7763,-7113]],"type":"Polygon","properties":{"geoid":"20125","name":"Montgomery"},"id":"20125"},{"arcs":[[-4687,-4736,-4568,-5341,7764]],"type":"Polygon","properties":{"geoid":"37189","name":"Watauga"},"id":"37189"},{"arcs":[[-1384,7765,7766,7767]],"type":"Polygon","properties":{"geoid":"28047","name":"Harrison"},"id":"28047"},{"arcs":[[7768,-6185,-4727,-6043]],"type":"Polygon","properties":{"geoid":"17101","name":"Lawrence"},"id":"17101"},{"arcs":[[7769,-4227,7770,7771,7772]],"type":"Polygon","properties":{"geoid":"50019","name":"Orleans"},"id":"50019"},{"arcs":[[7773,7774,7775,-6575,7776,7777,-7269,7778]],"type":"Polygon","properties":{"geoid":"47071","name":"Hardin"},"id":"47071"},{"arcs":[[-7481,-6689,7779,7780,7781,7782,-6003]],"type":"Polygon","properties":{"geoid":"26059","name":"Hillsdale"},"id":"26059"},{"arcs":[[-4442,7783,7784,7785,7786,7787]],"type":"Polygon","properties":{"geoid":"28077","name":"Lawrence"},"id":"28077"},{"arcs":[[-6798,7788,7789,-6706,7790,7791]],"type":"Polygon","properties":{"geoid":"31137","name":"Phelps"},"id":"31137"},{"arcs":[[-7153,7792,-5452,-6514,-7511]],"type":"Polygon","properties":{"geoid":"37063","name":"Durham"},"id":"37063"},{"arcs":[[7793,-6090,-6421,7794,7795,-7416,-2158]],"type":"Polygon","properties":{"geoid":"20037","name":"Crawford"},"id":"20037"},{"arcs":[[-6857,7796,-152,7797,-7758,-2908]],"type":"Polygon","properties":{"geoid":"19073","name":"Greene"},"id":"19073"},{"arcs":[[7798,-7464,7799,7800,-4793,7801,-5045]],"type":"Polygon","properties":{"geoid":"08009","name":"Baca"},"id":"08009"},{"arcs":[[7802,7803,7804,-5188,-1381,7805]],"type":"Polygon","properties":{"geoid":"28111","name":"Perry"},"id":"28111"},{"arcs":[[7806,7807,-3716,-589,-6334,7808,-7212]],"type":"Polygon","properties":{"geoid":"38089","name":"Stark"},"id":"38089"},{"arcs":[[7809,-3502,-5952,-1429,-5052,-310,-6815]],"type":"Polygon","properties":{"geoid":"13169","name":"Jones"},"id":"13169"},{"arcs":[[-7431,7810,-30,7811,-6369,7812]],"type":"Polygon","properties":{"geoid":"31081","name":"Hamilton"},"id":"31081"},{"arcs":[[7813,-7516,-2332,-7083,-3113,-3606]],"type":"Polygon","properties":{"geoid":"36037","name":"Genesee"},"id":"36037"},{"arcs":[[-3242,7814,-3711,-7808,7815]],"type":"Polygon","properties":{"geoid":"38057","name":"Mercer"},"id":"38057"},{"arcs":[[-4768,-215,-5385,-6057,7816]],"type":"Polygon","properties":{"geoid":"45001","name":"Abbeville"},"id":"45001"},{"arcs":[[7817,7818,-3705,7819,-7261,-657]],"type":"Polygon","properties":{"geoid":"51021","name":"Bland"},"id":"51021"},{"arcs":[[7820,-5078,7821,7822,7823,-7329]],"type":"Polygon","properties":{"geoid":"21225","name":"Union"},"id":"21225"},{"arcs":[[-3299,-5826,7824,-5920,-4888]],"type":"Polygon","properties":{"geoid":"20159","name":"Rice"},"id":"20159"},{"arcs":[[-910,7825,7826,7827,-6255]],"type":"Polygon","properties":{"geoid":"31105","name":"Kimball"},"id":"31105"},{"arcs":[[-514,7828,7829,7830,7831]],"type":"Polygon","properties":{"geoid":"28101","name":"Newton"},"id":"28101"},{"arcs":[[-4908,-2263,-4543,-6942]],"type":"Polygon","properties":{"geoid":"48183","name":"Gregg"},"id":"48183"},{"arcs":[[-4859,-1277,7832,-5847]],"type":"Polygon","properties":{"geoid":"46121","name":"Todd"},"id":"46121"},{"arcs":[[-7642,7833,-4897,-4207,-7103,-1467,-4761]],"type":"Polygon","properties":{"geoid":"49045","name":"Tooele"},"id":"49045"},{"arcs":[[7834,7835,7836,-2500,7837]],"type":"Polygon","properties":{"geoid":"18099","name":"Marshall"},"id":"18099"},{"arcs":[[-3743,-1692,7838,-6572,-5657]],"type":"Polygon","properties":{"geoid":"47101","name":"Lewis"},"id":"47101"},{"arcs":[[7839,7840,7841,7842,-6497]],"type":"Polygon","properties":{"geoid":"21223","name":"Trimble"},"id":"21223"},{"arcs":[[-453,7843,7844,7845,-6052,7846,-7690]],"type":"Polygon","properties":{"geoid":"01079","name":"Lawrence"},"id":"01079"},{"arcs":[[-7426,-7465,-7799,-5044,7847]],"type":"Polygon","properties":{"geoid":"08011","name":"Bent"},"id":"08011"},{"arcs":[[7848,-2656,-6917,-7035,7849,7850]],"type":"Polygon","properties":{"geoid":"21001","name":"Adair"},"id":"21001"},{"arcs":[[7851,7852,7853,-1590,7854]],"type":"Polygon","properties":{"geoid":"01057","name":"Fayette"},"id":"01057"},{"arcs":[[-6613,-715,7855,-7725,-7173]],"type":"Polygon","properties":{"geoid":"17063","name":"Grundy"},"id":"17063"},{"arcs":[[7856,7857,-3807,7858,7859]],"type":"Polygon","properties":{"geoid":"29085","name":"Hickory"},"id":"29085"},{"arcs":[[-2404,7860,-348,-912,-6254,-5129]],"type":"Polygon","properties":{"geoid":"56015","name":"Goshen"},"id":"56015"},{"arcs":[[-2246,7861,7862,7863,7864,7865,-6964]],"type":"Polygon","properties":{"geoid":"21015","name":"Boone"},"id":"21015"},{"arcs":[[-7768,7866,-5706,-4670]],"type":"Polygon","properties":{"geoid":"28045","name":"Hancock"},"id":"28045"},{"arcs":[[7867,7868,-5141,-258]],"type":"Polygon","properties":{"geoid":"08103","name":"Rio Blanco"},"id":"08103"},{"arcs":[[-3365,7869,-3202,-5227,7870,-3426]],"type":"Polygon","properties":{"geoid":"12005","name":"Bay"},"id":"12005"},{"arcs":[[-6698,-6999,-7721,-2730,7871,-323]],"type":"Polygon","properties":{"geoid":"48309","name":"McLennan"},"id":"48309"},{"arcs":[[-2224,7872,-3600,-7335,-7471]],"type":"Polygon","properties":{"geoid":"31175","name":"Valley"},"id":"31175"},{"arcs":[[7873,-6997,-6085,7874,-4430]],"type":"Polygon","properties":{"geoid":"20107","name":"Linn"},"id":"20107"},{"arcs":[[-169,-6645,-599,7875,-4035,-4529]],"type":"Polygon","properties":{"geoid":"06049","name":"Modoc"},"id":"06049"},{"arcs":[[7876,7877,7878,7879,7880]],"type":"Polygon","properties":{"geoid":"31145","name":"Red Willow"},"id":"31145"},{"arcs":[[7881,7882,7883,-6026,-7316,7884]],"type":"Polygon","properties":{"geoid":"39155","name":"Trumbull"},"id":"39155"},{"arcs":[[7885,-7324,-6661,7886,-1306,7887]],"type":"Polygon","properties":{"geoid":"55119","name":"Taylor"},"id":"55119"},{"arcs":[[7888,-7213,-7809,-6336,7889,7890,-5775]],"type":"Polygon","properties":{"geoid":"38087","name":"Slope"},"id":"38087"},{"arcs":[[-4156,7891,7892,-1004,7893,-4638,-4651]],"type":"Polygon","properties":{"geoid":"28093","name":"Marshall"},"id":"28093"},{"arcs":[[7894,-2058,-7456,-5681,7895,7896]],"type":"Polygon","properties":{"geoid":"29187","name":"St. Francois"},"id":"29187"},{"arcs":[[7897,7898,7899,-7169]],"type":"Polygon","properties":{"geoid":"12099","name":"Palm Beach"},"id":"12099"},{"arcs":[[-673,-5759,7900,7901,-7671,-6546]],"type":"Polygon","properties":{"geoid":"27101","name":"Murray"},"id":"27101"},{"arcs":[[-7162,7902,-7406,7903,-6554]],"type":"Polygon","properties":{"geoid":"40073","name":"Kingfisher"},"id":"40073"},{"arcs":[[-7825,-5825,-5332,7904,-2934,7905,-5921]],"type":"Polygon","properties":{"geoid":"20155","name":"Reno"},"id":"20155"},{"arcs":[[-2272,7906,-7740,7907]],"type":"Polygon","properties":{"geoid":"30021","name":"Dawson"},"id":"30021"},{"arcs":[[-5105,7908,-2043,-3628]],"type":"Polygon","properties":{"geoid":"16075","name":"Payette"},"id":"16075"},{"arcs":[[-6637,7909,-1740,-6988,-3652,7910]],"type":"Polygon","properties":{"geoid":"48003","name":"Andrews"},"id":"48003"},{"arcs":[[-5282,-7045,7911,7912,-1736,7913,-4914]],"type":"Polygon","properties":{"geoid":"36027","name":"Dutchess"},"id":"36027"},{"arcs":[[7914,7915,-7669,7916,-6354]],"type":"Polygon","properties":{"geoid":"29173","name":"Ralls"},"id":"29173"},{"arcs":[[-1816,7917,7918,-5916,7919]],"type":"Polygon","properties":{"geoid":"48271","name":"Kinney"},"id":"48271"},{"arcs":[[-2510,-4532,-5506,7920,-2512,-3457]],"type":"Polygon","properties":{"geoid":"51013","name":"Arlington"},"id":"51013"},{"arcs":[[-6733,-7272,7921,-1006,7922]],"type":"Polygon","properties":{"geoid":"28139","name":"Tippah"},"id":"28139"},{"arcs":[[7923,7924,7925,-7548]],"type":"Polygon","properties":{"geoid":"26139","name":"Ottawa"},"id":"26139"},{"arcs":[[-5212,-4885,-3679,7926,-3959]],"type":"Polygon","properties":{"geoid":"22121","name":"West Baton Rouge"},"id":"22121"},{"arcs":[[7927,7928,7929,-6844,7930,-6359]],"type":"Polygon","properties":{"geoid":"39147","name":"Seneca"},"id":"39147"},{"arcs":[[-5339]],"type":"Polygon","properties":{"geoid":"51660","name":"Harrisonburg"},"id":"51660"},{"arcs":[[7931,-4465,7932,-6963,-3158,7933,-7537]],"type":"Polygon","properties":{"geoid":"18047","name":"Franklin"},"id":"18047"},{"arcs":[[7934,7935,7936,7937,7938]],"type":"Polygon","properties":{"geoid":"40053","name":"Grant"},"id":"40053"},{"arcs":[[-3824,7939,-6217,7940,7941,7942]],"type":"Polygon","properties":{"geoid":"39149","name":"Shelby"},"id":"39149"},{"arcs":[[7943,-5279,-7731,7944,7945,-5989]],"type":"Polygon","properties":{"geoid":"39041","name":"Delaware"},"id":"39041"},{"arcs":[[-7890,-6335,-587,-5637,7946,-6972,7947,7948]],"type":"Polygon","properties":{"geoid":"38001","name":"Adams"},"id":"38001"},{"arcs":[[7949,-6847,-5275,-7944,-5988,-6275]],"type":"Polygon","properties":{"geoid":"39101","name":"Marion"},"id":"39101"},{"arcs":[[-7515,-7519,-6763,7950,-6468,-2334]],"type":"Polygon","properties":{"geoid":"36069","name":"Ontario"},"id":"36069"},{"arcs":[[-4460,-3092,-7488,7951,7952,-4994]],"type":"Polygon","properties":{"geoid":"54089","name":"Summers"},"id":"54089"},{"arcs":[[-5076,-4666,-795,-3886,-1496,7953]],"type":"Polygon","properties":{"geoid":"21149","name":"McLean"},"id":"21149"},{"arcs":[[7954,-7312,7955,-3783,-6069]],"type":"Polygon","properties":{"geoid":"36019","name":"Clinton"},"id":"36019"},{"arcs":[[7956,-2979]],"type":"Polygon","properties":{"geoid":"27125","name":"Red Lake"},"id":"27125"},{"arcs":[[-3804,7957,-7294,7958,-7496,7959]],"type":"Polygon","properties":{"geoid":"29169","name":"Pulaski"},"id":"29169"},{"arcs":[[7960,-7628,-4471,7961,7962,-7257,7963]],"type":"Polygon","properties":{"geoid":"05149","name":"Yell"},"id":"05149"},{"arcs":[[7964,-6281,7965,-3595,-7873,-2223]],"type":"Polygon","properties":{"geoid":"31183","name":"Wheeler"},"id":"31183"},{"arcs":[[-7772,7966,-5672,7967,7968]],"type":"Polygon","properties":{"geoid":"50015","name":"Lamoille"},"id":"50015"},{"arcs":[[-7850,-7038,7969,7970,7971,7972]],"type":"Polygon","properties":{"geoid":"21057","name":"Cumberland"},"id":"21057"},{"arcs":[[-7526,7973,7974,-4509,-3836]],"type":"Polygon","properties":{"geoid":"19195","name":"Worth"},"id":"19195"},{"arcs":[[-6082,7975,7976,7977,7978]],"type":"Polygon","properties":{"geoid":"55135","name":"Waupaca"},"id":"55135"},{"arcs":[[7979,7980,7981,7982,-2981,7983]],"type":"Polygon","properties":{"geoid":"27029","name":"Clearwater"},"id":"27029"},{"arcs":[[7984,-4353,-5769,-3143,-5794,-4892,-1621]],"type":"Polygon","properties":{"geoid":"16035","name":"Clearwater"},"id":"16035"},{"arcs":[[-663,7985,7986,-7086,-6783,7987]],"type":"Polygon","properties":{"geoid":"40049","name":"Garvin"},"id":"40049"},{"arcs":[[-5317,-5357,-5793,7988,-5710,-7204]],"type":"Polygon","properties":{"geoid":"46003","name":"Aurora"},"id":"46003"},{"arcs":[[-6375,-2785,-6297,7989,-5458]],"type":"Polygon","properties":{"geoid":"32021","name":"Mineral"},"id":"32021"},{"arcs":[[-7747,-7370,-3825,-7943,7990,-6342,7991,7992]],"type":"Polygon","properties":{"geoid":"39037","name":"Darke"},"id":"39037"},{"arcs":[[-6626,7993,7994,-6430,-6142,-6305]],"type":"Polygon","properties":{"geoid":"29115","name":"Linn"},"id":"29115"},{"arcs":[[7995,7996,7997,7998]],"type":"Polygon","properties":{"geoid":"31095","name":"Jefferson"},"id":"31095"},{"arcs":[[-7941,-6216,-5992,7999,8000,8001]],"type":"Polygon","properties":{"geoid":"39021","name":"Champaign"},"id":"39021"},{"arcs":[[8002,-2875]],"type":"Polygon","properties":{"geoid":"51683","name":"Manassas"},"id":"51683"},{"arcs":[[-4372,-1749,-1153,-1431,-7070]],"type":"Polygon","properties":{"geoid":"47007","name":"Bledsoe"},"id":"47007"},{"arcs":[[8003,8004,8005,8006,-5387]],"type":"Polygon","properties":{"geoid":"31055","name":"Douglas"},"id":"31055"},{"arcs":[[-7110,8007,8008,8009,-6398,-7682]],"type":"Polygon","properties":{"geoid":"17045","name":"Edgar"},"id":"17045"},{"arcs":[[-6260,8010,-2028,8011,-760,8012]],"type":"Polygon","properties":{"geoid":"27003","name":"Anoka"},"id":"27003"},{"arcs":[[-6251,8013,-7076,-3381,8014,8015]],"type":"Polygon","properties":{"geoid":"18067","name":"Howard"},"id":"18067"},{"arcs":[[8016,8017,-901,8018,8019,8020,8021]],"type":"Polygon","properties":{"geoid":"20073","name":"Greenwood"},"id":"20073"},{"arcs":[[8022,8023,-2439,-6816,-5307,-5697,-1489,-6863]],"type":"Polygon","properties":{"geoid":"13293","name":"Upson"},"id":"13293"},{"arcs":[[8024,-7414,-6525,-7557,-5999]],"type":"Polygon","properties":{"geoid":"05089","name":"Marion"},"id":"05089"},{"arcs":[[-2463,-4918,-5371,-5760,-383,-5334]],"type":"Polygon","properties":{"geoid":"34037","name":"Sussex"},"id":"34037"},{"arcs":[[-8021,8025,-7762,-7112,8026,8027]],"type":"Polygon","properties":{"geoid":"20049","name":"Elk"},"id":"20049"},{"arcs":[[8028,8029,-6672,-4794,-7801]],"type":"Polygon","properties":{"geoid":"20129","name":"Morton"},"id":"20129"},{"arcs":[[-855,8030,-7019,8031,-7713,8032,8033]],"type":"Polygon","properties":{"geoid":"18107","name":"Montgomery"},"id":"18107"},{"arcs":[[-6169,-6795,8034,-7030,8035,8036]],"type":"Polygon","properties":{"geoid":"21105","name":"Hickman"},"id":"21105"},{"arcs":[[8037,-7384,8038,-28]],"type":"Polygon","properties":{"geoid":"31159","name":"Seward"},"id":"31159"},{"arcs":[[8039,8040,8041,-7243]],"type":"Polygon","properties":{"geoid":"17039","name":"De Witt"},"id":"17039"},{"arcs":[[8042,8043,-6076,-896,-8018,8044]],"type":"Polygon","properties":{"geoid":"20111","name":"Lyon"},"id":"20111"},{"arcs":[[-7451,8045,8046,8047,-5329,-5824]],"type":"Polygon","properties":{"geoid":"20115","name":"Marion"},"id":"20115"},{"arcs":[[-7097,8048,-5651,8049,-6635]],"type":"Polygon","properties":{"geoid":"48115","name":"Dawson"},"id":"48115"},{"arcs":[[-4333,8050,-6748,-5175]],"type":"Polygon","properties":{"geoid":"08079","name":"Mineral"},"id":"08079"},{"arcs":[[-888,8051,-3464,-2277,-4211,-4267]],"type":"Polygon","properties":{"geoid":"51049","name":"Cumberland"},"id":"51049"},{"arcs":[[8052,8053,-5295,8054,8055,-536]],"type":"Polygon","properties":{"geoid":"29003","name":"Andrew"},"id":"29003"},{"arcs":[[-6757,8056,8057,-2226,-7470,-1252]],"type":"Polygon","properties":{"geoid":"31115","name":"Loup"},"id":"31115"},{"arcs":[[8058,-3475,8059,-4101,-5537,-6536,8060,8061,8062,8063]],"type":"Polygon","properties":{"geoid":"35037","name":"Quay"},"id":"35037"},{"arcs":[[-2648,-1613,8064,8065,8066,-7918,-1815]],"type":"Polygon","properties":{"geoid":"48137","name":"Edwards"},"id":"48137"},{"arcs":[[-6781,-6498,-7843,8067,8068,8069,-2750]],"type":"Polygon","properties":{"geoid":"18019","name":"Clark"},"id":"18019"},{"arcs":[[-2209,-5815]],"type":"Polygon","properties":{"geoid":"51590","name":"Danville"},"id":"51590"},{"arcs":[[-5527,-5591]],"type":"Polygon","properties":{"geoid":"51760","name":"Richmond"},"id":"51760"},{"arcs":[[-2732,-7722,-4223,-3396,-2961,-3515]],"type":"Polygon","properties":{"geoid":"48331","name":"Milam"},"id":"48331"},{"arcs":[[-7900,8070,-4477,8071,-7170]],"type":"Polygon","properties":{"geoid":"12011","name":"Broward"},"id":"12011"},{"arcs":[[8072,-4039,-1518,8073,8074]],"type":"Polygon","properties":{"geoid":"13005","name":"Bacon"},"id":"13005"},{"arcs":[[-6945,-7321,8075,-6679,-7618]],"type":"Polygon","properties":{"geoid":"19011","name":"Benton"},"id":"19011"},{"arcs":[[8076,-669,8077,8078,-328,8079,-7277]],"type":"Polygon","properties":{"geoid":"17169","name":"Schuyler"},"id":"17169"},{"arcs":[[-6548,-5739,8080,8081,8082]],"type":"Polygon","properties":{"geoid":"48095","name":"Concho"},"id":"48095"},{"arcs":[[-7109,-7564,8083,8084,8085,-8008]],"type":"Polygon","properties":{"geoid":"18165","name":"Vermillion"},"id":"18165"},{"arcs":[[-4535,-5912,8086,8087,-699,8088]],"type":"Polygon","properties":{"geoid":"01037","name":"Coosa"},"id":"01037"},{"arcs":[[-5761,-2625,8089,-6564,8090,-5744,8091]],"type":"Polygon","properties":{"geoid":"34039","name":"Union"},"id":"34039"},{"arcs":[[8092,-7325,-7886,8093,-6196]],"type":"Polygon","properties":{"geoid":"55107","name":"Rusk"},"id":"55107"},{"arcs":[[8094,8095,-7292,8096,-7148,8097]],"type":"Polygon","properties":{"geoid":"17073","name":"Henry"},"id":"17073"},{"arcs":[[8098,8099,8100,-6899,8101,-7192]],"type":"Polygon","properties":{"geoid":"48497","name":"Wise"},"id":"48497"},{"arcs":[[8102,8103,8104,8105]],"type":"Polygon","properties":{"geoid":"13227","name":"Pickens"},"id":"13227"},{"arcs":[[8106,8107,8108,-6884,8109,-6712]],"type":"Polygon","properties":{"geoid":"31027","name":"Cedar"},"id":"31027"},{"arcs":[[-8041,8110,8111,-7680,-6873,8112]],"type":"Polygon","properties":{"geoid":"17147","name":"Piatt"},"id":"17147"},{"arcs":[[-7177,8113,-7289]],"type":"Polygon","properties":{"geoid":"17155","name":"Putnam"},"id":"17155"},{"arcs":[[8114,8115,-7775,8116,8117]],"type":"Polygon","properties":{"geoid":"47077","name":"Henderson"},"id":"47077"},{"arcs":[[-3899,-3041,-2596,8118,-6403,-6325,8119]],"type":"Polygon","properties":{"geoid":"55041","name":"Forest"},"id":"55041"},{"arcs":[[8120,8121,8122,8123,8124,8125]],"type":"Polygon","properties":{"geoid":"38021","name":"Dickey"},"id":"38021"},{"arcs":[[-4817,8126,-6974,-95,-7200,8127]],"type":"Polygon","properties":{"geoid":"46019","name":"Butte"},"id":"46019"},{"arcs":[[8128,8129,8130,8131,-7127,8132]],"type":"Polygon","properties":{"geoid":"31129","name":"Nuckolls"},"id":"31129"},{"arcs":[[-7756,8133,8134,8135,8136,-5353,-6220]],"type":"Polygon","properties":{"geoid":"46077","name":"Kingsbury"},"id":"46077"},{"arcs":[[-6211,-7529,8137,8138,-3802,8139]],"type":"Polygon","properties":{"geoid":"29141","name":"Morgan"},"id":"29141"},{"arcs":[[8140,8141,8142,8143,8144]],"type":"Polygon","properties":{"geoid":"55101","name":"Racine"},"id":"55101"},{"arcs":[[-7356,8145,8146,8147,8148,8149]],"type":"Polygon","properties":{"geoid":"19085","name":"Harrison"},"id":"19085"},{"arcs":[[-3888,-5365,8150,8151,-2494,8152]],"type":"Polygon","properties":{"geoid":"21141","name":"Logan"},"id":"21141"},{"arcs":[[8153,-6006,-7247,8154,-6292]],"type":"Polygon","properties":{"geoid":"26149","name":"St. Joseph"},"id":"26149"},{"arcs":[[-6954,-2964,-6859,-1636,-3895,8155,8156,8157]],"type":"Polygon","properties":{"geoid":"48149","name":"Fayette"},"id":"48149"},{"arcs":[[8158,-7411,8159,8160,-5944,-7694,8161]],"type":"Polygon","properties":{"geoid":"46069","name":"Hyde"},"id":"46069"},{"arcs":[[8162,-5901,8163,8164,-4245,-4405]],"type":"Polygon","properties":{"geoid":"36057","name":"Montgomery"},"id":"36057"},{"arcs":[[-6197,-8094,-7888,-1311,8165,-7647]],"type":"Polygon","properties":{"geoid":"55017","name":"Chippewa"},"id":"55017"},{"arcs":[[8166,8167,8168,-1458,-5740,8169]],"type":"Polygon","properties":{"geoid":"39145","name":"Scioto"},"id":"39145"},{"arcs":[[8170,8171,8172,8173,-1190,8174]],"type":"Polygon","properties":{"geoid":"39053","name":"Gallia"},"id":"39053"},{"arcs":[[-7795,-6420,8175,8176,8177,8178]],"type":"Polygon","properties":{"geoid":"29097","name":"Jasper"},"id":"29097"},{"arcs":[[8179,8180,-851,-3389,8181,-7804,8182]],"type":"Polygon","properties":{"geoid":"28153","name":"Wayne"},"id":"28153"},{"arcs":[[8183,8184,-7281,8185,-4366,-6693]],"type":"Polygon","properties":{"geoid":"29111","name":"Lewis"},"id":"29111"},{"arcs":[[8186,8187,8188,8189,-7347,8190]],"type":"Polygon","properties":{"geoid":"19099","name":"Jasper"},"id":"19099"},{"arcs":[[8191,8192,8193,8194,8195,8196]],"type":"Polygon","properties":{"geoid":"48085","name":"Collin"},"id":"48085"},{"arcs":[[[-3164,8198]],[[-3845,8199,-3167,-4288]]],"type":"MultiPolygon","properties":{"geoid":"48489","name":"Willacy"},"id":"48489"},{"arcs":[[-762,8200,-2033,8201,-6505,-7196,-749]],"type":"Polygon","properties":{"geoid":"27037","name":"Dakota"},"id":"27037"},{"arcs":[[-6419,8202,8203,8204,8205,-8176]],"type":"Polygon","properties":{"geoid":"29057","name":"Dade"},"id":"29057"},{"arcs":[[-2760,8206,-5073,-7821,-7328,8207]],"type":"Polygon","properties":{"geoid":"18129","name":"Posey"},"id":"18129"},{"arcs":[[8208,8209,-7885,-7315,-155]],"type":"Polygon","properties":{"geoid":"39055","name":"Geauga"},"id":"39055"},{"arcs":[[-4332,8210,-7704,-6749,-8051]],"type":"Polygon","properties":{"geoid":"08105","name":"Rio Grande"},"id":"08105"},{"arcs":[[-668,8211,-7150,-6152,8212,8213,-8078]],"type":"Polygon","properties":{"geoid":"17057","name":"Fulton"},"id":"17057"},{"arcs":[[-5361,-2544,8214,8215,-4851]],"type":"Polygon","properties":{"geoid":"37169","name":"Stokes"},"id":"37169"},{"arcs":[[8216,-1566,-4428,-6129,8217,-8193]],"type":"Polygon","properties":{"geoid":"48147","name":"Fannin"},"id":"48147"},{"arcs":[[-8195,8218,8219,8220]],"type":"Polygon","properties":{"geoid":"48397","name":"Rockwall"},"id":"48397"},{"arcs":[[8221,8222,-461,-1653,8223]],"type":"Polygon","properties":{"geoid":"30091","name":"Sheridan"},"id":"30091"},{"arcs":[[-6374,-606]],"type":"Polygon","properties":{"geoid":"32029","name":"Storey"},"id":"32029"},{"arcs":[[-1029,-2282,-4625]],"type":"Polygon","properties":{"geoid":"51680","name":"Lynchburg"},"id":"51680"},{"arcs":[[-6532,-3012,8224,-8087,-5911]],"type":"Polygon","properties":{"geoid":"01027","name":"Clay"},"id":"01027"},{"arcs":[[8225,-1884,-4286,8226,-8184,-6692]],"type":"Polygon","properties":{"geoid":"29045","name":"Clark"},"id":"29045"},{"arcs":[[-6174,-7673,8227,-981,8228,8229]],"type":"Polygon","properties":{"geoid":"19119","name":"Lyon"},"id":"19119"},{"arcs":[[-6333,-3222,-2950,8230,-1173,-5725]],"type":"Polygon","properties":{"geoid":"37191","name":"Wayne"},"id":"37191"},{"arcs":[[8231,-6202,-6779,8232,-3238,8233]],"type":"Polygon","properties":{"geoid":"38049","name":"McHenry"},"id":"38049"},{"arcs":[[-854,8234,-8015,-3385,8235,-7015,-8031]],"type":"Polygon","properties":{"geoid":"18023","name":"Clinton"},"id":"18023"},{"arcs":[[-6538,8236,-7082,8237,8238,8239]],"type":"Polygon","properties":{"geoid":"27115","name":"Pine"},"id":"27115"},{"arcs":[[-3575,-6953,-5413,8240,-2436,8241,-6861,-529]],"type":"Polygon","properties":{"geoid":"13255","name":"Spalding"},"id":"13255"},{"arcs":[[8242,-4536,-8089,-704,-4306,-5787,8243]],"type":"Polygon","properties":{"geoid":"01021","name":"Chilton"},"id":"01021"},{"arcs":[[-1949,-843,8244,-7101,-2042,-2666,8245]],"type":"Polygon","properties":{"geoid":"41059","name":"Umatilla"},"id":"41059"},{"arcs":[[-494,8246,-2809,-1568,-3492]],"type":"Polygon","properties":{"geoid":"29155","name":"Pemiscot"},"id":"29155"},{"arcs":[[-819,-6947,-7621,8247,-2598]],"type":"Polygon","properties":{"geoid":"19075","name":"Grundy"},"id":"19075"},{"arcs":[[-7666,8248,8249,8250,8251,8252]],"type":"Polygon","properties":{"geoid":"17061","name":"Greene"},"id":"17061"},{"arcs":[[-4140,-2002,-1677,-2673]],"type":"Polygon","properties":{"geoid":"48275","name":"Knox"},"id":"48275"},{"arcs":[[-6175,-8230,8253,-302,8254,-4756]],"type":"Polygon","properties":{"geoid":"46083","name":"Lincoln"},"id":"46083"},{"arcs":[[-2090,8255,-5467,-2367,8256,8257,-5666,-18]],"type":"Polygon","properties":{"geoid":"56023","name":"Lincoln"},"id":"56023"},{"arcs":[[8258,8259,8260,8261,8262,-7458]],"type":"Polygon","properties":{"geoid":"39129","name":"Pickaway"},"id":"39129"},{"arcs":[[-7017,8263,8264,8265,8266,8267,8268]],"type":"Polygon","properties":{"geoid":"18097","name":"Marion"},"id":"18097"},{"arcs":[[-4720,-6785,-5001,-7702,8269,-5855]],"type":"Polygon","properties":{"geoid":"40033","name":"Cotton"},"id":"40033"},{"arcs":[[8270,8271,-7880,8272,8273,8274,-2794]],"type":"Polygon","properties":{"geoid":"20153","name":"Rawlins"},"id":"20153"},{"arcs":[[-5685,8275,8276,-6768,-3853,-4548,-2414]],"type":"Polygon","properties":{"geoid":"17181","name":"Union"},"id":"17181"},{"arcs":[[8277,-5271,-6193,-2253,8278,-978,8279]],"type":"Polygon","properties":{"geoid":"27063","name":"Jackson"},"id":"27063"},{"arcs":[[8280,8281,8282,-7326,-7592,-6392]],"type":"Polygon","properties":{"geoid":"17065","name":"Hamilton"},"id":"17065"},{"arcs":[[-2975,8283,-6396,8284,8285]],"type":"Polygon","properties":{"geoid":"17145","name":"Perry"},"id":"17145"},{"arcs":[[8286,-8098,-7147,8287,8288,8289,8290]],"type":"Polygon","properties":{"geoid":"17131","name":"Mercer"},"id":"17131"},{"arcs":[[-1434,-1347,8291]],"type":"Polygon","properties":{"geoid":"13047","name":"Catoosa"},"id":"13047"},{"arcs":[[8292,8293,-7240,-6542,8294,-498,8295,-4433,8296]],"type":"Polygon","properties":{"geoid":"42081","name":"Lycoming"},"id":"42081"},{"arcs":[[8297,-6864,-1494,-3659,-6667,8298]],"type":"Polygon","properties":{"geoid":"13145","name":"Harris"},"id":"13145"},{"arcs":[[8299,8300,-4455,-5154,8301,8302]],"type":"Polygon","properties":{"geoid":"20091","name":"Johnson"},"id":"20091"},{"arcs":[[-4921,-5619,-3930,-797,-4665]],"type":"Polygon","properties":{"geoid":"21091","name":"Hancock"},"id":"21091"},{"arcs":[[-4549,-830,-6170,-8037,8303,-489,8304]],"type":"Polygon","properties":{"geoid":"29133","name":"Mississippi"},"id":"29133"},{"arcs":[[8305,-6789,-6726,-2449,-5153,8306,-3964]],"type":"Polygon","properties":{"geoid":"13099","name":"Early"},"id":"13099"},{"arcs":[[-7635,-532,8307,-3008]],"type":"Polygon","properties":{"geoid":"13149","name":"Heard"},"id":"13149"},{"arcs":[[8308,-8063,8309,8310,-7008]],"type":"Polygon","properties":{"geoid":"35011","name":"De Baca"},"id":"35011"},{"arcs":[[8311,-6140,-2993,-409,8312,8313]],"type":"Polygon","properties":{"geoid":"27153","name":"Todd"},"id":"27153"},{"arcs":[[-7717,8314,8315,-7615,-6339,-5235,8316]],"type":"Polygon","properties":{"geoid":"31161","name":"Sheridan"},"id":"31161"},{"arcs":[[8317,-7158,8318,-6034,-1258]],"type":"Polygon","properties":{"geoid":"54091","name":"Taylor"},"id":"54091"},{"arcs":[[-6234,8319,-7630,8320,-6389]],"type":"Polygon","properties":{"geoid":"05071","name":"Johnson"},"id":"05071"},{"arcs":[[-5856,-8270,-7701,-3064,8321]],"type":"Polygon","properties":{"geoid":"48485","name":"Wichita"},"id":"48485"},{"arcs":[[8322,8323,8324,-534,8325,8326]],"type":"Polygon","properties":{"geoid":"29005","name":"Atchison"},"id":"29005"},{"arcs":[[-7152,-4931,-2772,8327,-2076,-5453,-7793]],"type":"Polygon","properties":{"geoid":"37077","name":"Granville"},"id":"37077"},{"arcs":[[-2050,-7171,-8072,-4476,-6102,8328]],"type":"Polygon","properties":{"geoid":"12021","name":"Collier"},"id":"12021"},{"arcs":[[8329,-6228,8330,8331,-615,8332]],"type":"Polygon","properties":{"geoid":"19105","name":"Jones"},"id":"19105"},{"arcs":[[-5370,8333,-3173]],"type":"Polygon","properties":{"geoid":"51115","name":"Mathews"},"id":"51115"},{"arcs":[[-4398,-763,-747,8334,-7652]],"type":"Polygon","properties":{"geoid":"27019","name":"Carver"},"id":"27019"},{"arcs":[[8335,8336,-2829,-5917]],"type":"Polygon","properties":{"geoid":"48507","name":"Zavala"},"id":"48507"},{"arcs":[[8337,-5675,8338,-2297,8339,-286,-3785]],"type":"Polygon","properties":{"geoid":"50001","name":"Addison"},"id":"50001"},{"arcs":[[8340,-7773,-7969,8341,-7310]],"type":"Polygon","properties":{"geoid":"50011","name":"Franklin"},"id":"50011"},{"arcs":[[-6915,8342,-1188,-2876,-5604,-3224,-7036]],"type":"Polygon","properties":{"geoid":"21199","name":"Pulaski"},"id":"21199"},{"arcs":[[-7902,8343,-8280,-977,-8228,-7672]],"type":"Polygon","properties":{"geoid":"27105","name":"Nobles"},"id":"27105"},{"arcs":[[-2027,-8201,-761,-8012]],"type":"Polygon","properties":{"geoid":"27123","name":"Ramsey"},"id":"27123"},{"arcs":[[8344,-3696,-2777,8345,8346,8347,-3209]],"type":"Polygon","properties":{"geoid":"13111","name":"Fannin"},"id":"13111"},{"arcs":[[-7290,-8114,-7176,8348,-6149,8349]],"type":"Polygon","properties":{"geoid":"17123","name":"Marshall"},"id":"17123"},{"arcs":[[-4110,-6772,-3493,-1575,8350,-6040]],"type":"Polygon","properties":{"geoid":"05031","name":"Craighead"},"id":"05031"},{"arcs":[[8351,8352,8353,-6119]],"type":"Polygon","properties":{"geoid":"55077","name":"Marquette"},"id":"55077"},{"arcs":[[8354,-8148,8355,-8005,8356]],"type":"Polygon","properties":{"geoid":"31177","name":"Washington"},"id":"31177"},{"arcs":[[-3663,-1951,8357,-694,-4146,-4539,-7582,8358]],"type":"Polygon","properties":{"geoid":"53039","name":"Klickitat"},"id":"53039"},{"arcs":[[8359,8360,-5530,8361]],"type":"Polygon","properties":{"geoid":"54009","name":"Brooke"},"id":"54009"},{"arcs":[[-7249,8362,8363,-6717,8364,8365]],"type":"Polygon","properties":{"geoid":"18113","name":"Noble"},"id":"18113"},{"arcs":[[-324,-7872,-2729,-6597,-1501]],"type":"Polygon","properties":{"geoid":"48099","name":"Coryell"},"id":"48099"},{"arcs":[[-465,-441,8366,-6121,-5583]],"type":"Polygon","properties":{"geoid":"22019","name":"Calcasieu"},"id":"22019"},{"arcs":[[8367,-4264,8368,-81,-6137,8369,-7980,8370,-2023]],"type":"Polygon","properties":{"geoid":"27007","name":"Beltrami"},"id":"27007"},{"arcs":[[-1008,8371,-7614,8372,-4616,-7358]],"type":"Polygon","properties":{"geoid":"28081","name":"Lee"},"id":"28081"},{"arcs":[[-7405,-7066,-5876,-5950,8373]],"type":"Polygon","properties":{"geoid":"40109","name":"Oklahoma"},"id":"40109"},{"arcs":[[8374,-7649,8375,-26,8376,-6507]],"type":"Polygon","properties":{"geoid":"55091","name":"Pepin"},"id":"55091"},{"arcs":[[-7155,-4758,8377,-8107,-6711,-3061]],"type":"Polygon","properties":{"geoid":"46135","name":"Yankton"},"id":"46135"},{"arcs":[[8378,-8234,-3237,-6479,8379]],"type":"Polygon","properties":{"geoid":"38101","name":"Ward"},"id":"38101"},{"arcs":[[8380,8381,-6290,8382,-6330]],"type":"Polygon","properties":{"geoid":"26021","name":"Berrien"},"id":"26021"},{"arcs":[[-6632,-5902,-8163,-4404]],"type":"Polygon","properties":{"geoid":"36035","name":"Fulton"},"id":"36035"},{"arcs":[[8383,8384,8385,-7283,-1161,8386]],"type":"Polygon","properties":{"geoid":"18005","name":"Bartholomew"},"id":"18005"},{"arcs":[[8387,8388,8389,8390,-6641]],"type":"Polygon","properties":{"geoid":"38047","name":"Logan"},"id":"38047"},{"arcs":[[8391,-1858,8392,-4943,-101,8393,8394]],"type":"Polygon","properties":{"geoid":"39009","name":"Athens"},"id":"39009"},{"arcs":[[8395,-1997,-1935,-3499,8396,-3253]],"type":"Polygon","properties":{"geoid":"13211","name":"Morgan"},"id":"13211"},{"arcs":[[-6190,-7199,8397,-7523,8398,-131]],"type":"Polygon","properties":{"geoid":"27161","name":"Waseca"},"id":"27161"},{"arcs":[[8399,8400,8401,-557,-7239,-8294,8402]],"type":"Polygon","properties":{"geoid":"42015","name":"Bradford"},"id":"42015"},{"arcs":[[-2937,8403,-7935,8404,8405]],"type":"Polygon","properties":{"geoid":"20077","name":"Harper"},"id":"20077"},{"arcs":[[-7124,8406,-5971,8407,-809]],"type":"Polygon","properties":{"geoid":"19039","name":"Clarke"},"id":"19039"},{"arcs":[[8408,8409,-7042,-5280,-275]],"type":"Polygon","properties":{"geoid":"36039","name":"Greene"},"id":"36039"},{"arcs":[[-5485,-5056,-5802,8411,8412]],"type":"Polygon","properties":{"geoid":"12081","name":"Manatee"},"id":"12081"},{"arcs":[[8413,-8074,-1522,-3099,-337,-7059,8414,8415]],"type":"Polygon","properties":{"geoid":"13299","name":"Ware"},"id":"13299"},{"arcs":[[8416,-2203,-6870,-4980]],"type":"Polygon","properties":{"geoid":"33001","name":"Belknap"},"id":"33001"},{"arcs":[[-1118,8417,-1560,-349,-2070,-3100]],"type":"Polygon","properties":{"geoid":"26031","name":"Cheboygan"},"id":"26031"},{"arcs":[[-2138,-5469,8418,8419]],"type":"Polygon","properties":{"geoid":"16081","name":"Teton"},"id":"16081"},{"arcs":[[-5410,8420,8421,-5598,-2612,-4237]],"type":"Polygon","properties":{"geoid":"13011","name":"Banks"},"id":"13011"},{"arcs":[[-5898,-289,-6978,8422,-7043,8423]],"type":"Polygon","properties":{"geoid":"36083","name":"Rensselaer"},"id":"36083"},{"arcs":[[-4566,8424,8425,-5342]],"type":"Polygon","properties":{"geoid":"37003","name":"Alexander"},"id":"37003"},{"arcs":[[8426,8427,8428,8429,-6707]],"type":"Polygon","properties":{"geoid":"31061","name":"Franklin"},"id":"31061"},{"arcs":[[8430,8431,-3429,-2722,-4942,-5118]],"type":"Polygon","properties":{"geoid":"39111","name":"Monroe"},"id":"39111"},{"arcs":[[-2982,-7983,8432,-2538]],"type":"Polygon","properties":{"geoid":"27087","name":"Mahnomen"},"id":"27087"},{"arcs":[[-3772,8433,-2502,8434,8435,-7585,-7734]],"type":"Polygon","properties":{"geoid":"18073","name":"Jasper"},"id":"18073"},{"arcs":[[-3898,-1126,-5881,-2592,-3040]],"type":"Polygon","properties":{"geoid":"26043","name":"Dickinson"},"id":"26043"},{"arcs":[[8436,8437,8438,8439,8440,8441,-7056]],"type":"Polygon","properties":{"geoid":"20005","name":"Atchison"},"id":"20005"},{"arcs":[[-7166,8442,8443,8444,8445,8446]],"type":"Polygon","properties":{"geoid":"31085","name":"Hayes"},"id":"31085"},{"arcs":[[-6771,-4702,8447,-4138,-942,-3776]],"type":"Polygon","properties":{"geoid":"48197","name":"Hardeman"},"id":"48197"},{"arcs":[[8448,-6746,8449,8450,-5597,-1563]],"type":"Polygon","properties":{"geoid":"40005","name":"Atoka"},"id":"40005"},{"arcs":[[8451,8452,-366,8453,-7749,-4215]],"type":"Polygon","properties":{"geoid":"37109","name":"Lincoln"},"id":"37109"},{"arcs":[[-7782,8454,-7556,8455,8456,8457]],"type":"Polygon","properties":{"geoid":"39171","name":"Williams"},"id":"39171"},{"arcs":[[-1629,-5846,-6363,8458,8459]],"type":"Polygon","properties":{"geoid":"29051","name":"Cole"},"id":"29051"},{"arcs":[[-6908,-4095,-2474,-2466,-1981,-7753,-3549,-3583]],"type":"Polygon","properties":{"geoid":"42055","name":"Franklin"},"id":"42055"},{"arcs":[[8460,8461,-1411,-1657,8462,-6608]],"type":"Polygon","properties":{"geoid":"13277","name":"Tift"},"id":"13277"},{"arcs":[[8463,8464,-1860,8465,-8261]],"type":"Polygon","properties":{"geoid":"39045","name":"Fairfield"},"id":"39045"},{"arcs":[[-8377,-25,8466,-6959,-6508]],"type":"Polygon","properties":{"geoid":"27157","name":"Wabasha"},"id":"27157"},{"arcs":[[8467,8468,-2162,-7187]],"type":"Polygon","properties":{"geoid":"40149","name":"Washita"},"id":"40149"},{"arcs":[[-5503,-5926,-7829,-513]],"type":"Polygon","properties":{"geoid":"28099","name":"Neshoba"},"id":"28099"},{"arcs":[[8469,-5913,-6867,8470]],"type":"Polygon","properties":{"geoid":"16021","name":"Boundary"},"id":"16021"},{"arcs":[[-8266,8471,-7539,8472,-8385,8473]],"type":"Polygon","properties":{"geoid":"18145","name":"Shelby"},"id":"18145"},{"arcs":[[-1559,8474,8475,-351]],"type":"Polygon","properties":{"geoid":"26007","name":"Alpena"},"id":"26007"},{"arcs":[[8476,8477,8478,-6744,8479,-4597]],"type":"Polygon","properties":{"geoid":"40063","name":"Hughes"},"id":"40063"},{"arcs":[[-3598,-7138,-7433,8480,8481,-7336]],"type":"Polygon","properties":{"geoid":"31093","name":"Howard"},"id":"31093"},{"arcs":[[-7724,8482,-2080,-2883,-5097]],"type":"Polygon","properties":{"geoid":"05077","name":"Lee"},"id":"05077"},{"arcs":[[-4581,-241,8483,8484,-3852,8485]],"type":"Polygon","properties":{"geoid":"27155","name":"Traverse"},"id":"27155"},{"arcs":[[-4632,8486,-5937,-4254]],"type":"Polygon","properties":{"geoid":"34029","name":"Ocean"},"id":"34029"},{"arcs":[[-182,8487,-201]],"type":"Polygon","properties":{"geoid":"44001","name":"Bristol"},"id":"44001"},{"arcs":[[-8262,-8466,-1859,-8392,8488,8489]],"type":"Polygon","properties":{"geoid":"39073","name":"Hocking"},"id":"39073"},{"arcs":[[-4284,8490,-8289,8491,-666,8492]],"type":"Polygon","properties":{"geoid":"17071","name":"Henderson"},"id":"17071"},{"arcs":[[-8295,-6545,-499]],"type":"Polygon","properties":{"geoid":"42093","name":"Montour"},"id":"42093"},{"arcs":[[-7102,-5576,-2709,8493,-7264,-1469]],"type":"Polygon","properties":{"geoid":"49039","name":"Sanpete"},"id":"49039"},{"arcs":[[-6383,8494,-2610,-4113,-5797,8495]],"type":"Polygon","properties":{"geoid":"05135","name":"Sharp"},"id":"05135"},{"arcs":[[-6705,8496,-7898,-1769]],"type":"Polygon","properties":{"geoid":"12085","name":"Martin"},"id":"12085"},{"arcs":[[8497,-7738,-7646,-7230,-7208,8498,8499]],"type":"Polygon","properties":{"geoid":"40045","name":"Ellis"},"id":"40045"},{"arcs":[[8500,-7461,8501,-7046,8502,8503]],"type":"Polygon","properties":{"geoid":"39027","name":"Clinton"},"id":"39027"},{"arcs":[[-8061,-6535,8504,-5620,8505]],"type":"Polygon","properties":{"geoid":"35009","name":"Curry"},"id":"35009"},{"arcs":[[-1332]],"type":"Polygon","properties":{"geoid":"51595","name":"Emporia"},"id":"51595"},{"arcs":[[-5389,8506,8507,8508,8509,-7386]],"type":"Polygon","properties":{"geoid":"31025","name":"Cass"},"id":"31025"},{"arcs":[[-7453,-613,-3059,-1967,-7235,8510]],"type":"Polygon","properties":{"geoid":"38091","name":"Steele"},"id":"38091"},{"arcs":[[-7598,-5309,-682,-7599,-5695]],"type":"Polygon","properties":{"geoid":"13225","name":"Peach"},"id":"13225"},{"arcs":[[-4246,-8165,8511,8512,-8409,-274]],"type":"Polygon","properties":{"geoid":"36095","name":"Schoharie"},"id":"36095"},{"arcs":[[8513,-7333,-7005,-1754,-6793]],"type":"Polygon","properties":{"geoid":"21035","name":"Calloway"},"id":"21035"},{"arcs":[[8514,-6371,8515,-8133,-7126,8516,-8428]],"type":"Polygon","properties":{"geoid":"31181","name":"Webster"},"id":"31181"},{"arcs":[[-8062,-8506,-5624,-5767,8517,8518,-8310]],"type":"Polygon","properties":{"geoid":"35041","name":"Roosevelt"},"id":"35041"},{"arcs":[[-1899,-1879,-710,8519,-2763]],"type":"Polygon","properties":{"geoid":"05079","name":"Lincoln"},"id":"05079"},{"arcs":[[-1990,-204,-6338,-356,8520]],"type":"Polygon","properties":{"geoid":"09015","name":"Windham"},"id":"09015"},{"arcs":[[-8308,-531,-6865,-8298,8521,-3009]],"type":"Polygon","properties":{"geoid":"13285","name":"Troup"},"id":"13285"},{"arcs":[[-7887,-6660,-6406,-6083,8522,-6386,-1307]],"type":"Polygon","properties":{"geoid":"55073","name":"Marathon"},"id":"55073"},{"arcs":[[8523,-3740,-1831,8524,8525,8526,8527]],"type":"Polygon","properties":{"geoid":"17111","name":"McHenry"},"id":"17111"},{"arcs":[[8528,-319,-1600,-7623,8529]],"type":"Polygon","properties":{"geoid":"41067","name":"Washington"},"id":"41067"},{"arcs":[[-7667,-8253,8530,-3494,-1223,8531]],"type":"Polygon","properties":{"geoid":"17013","name":"Calhoun"},"id":"17013"},{"arcs":[[-8079,-8214,8532,-7246,-504,-329]],"type":"Polygon","properties":{"geoid":"17125","name":"Mason"},"id":"17125"},{"arcs":[[-6151,8533,8534,-7241,-8533,-8213]],"type":"Polygon","properties":{"geoid":"17179","name":"Tazewell"},"id":"17179"},{"arcs":[[-6105,-5146,-2572,-5134,-4825]],"type":"Polygon","properties":{"geoid":"45033","name":"Dillon"},"id":"45033"},{"arcs":[[-4757,-8255,-308,8535,-8108,-8378]],"type":"Polygon","properties":{"geoid":"46027","name":"Clay"},"id":"46027"},{"arcs":[[-1085,-8530,-7625,8536,-7224,8537]],"type":"Polygon","properties":{"geoid":"41057","name":"Tillamook"},"id":"41057"},{"arcs":[[-8125,8538,8539,8540,8541,-7408,8542,8543]],"type":"Polygon","properties":{"geoid":"46013","name":"Brown"},"id":"46013"},{"arcs":[[8544,-7401,8545,8546,-6279]],"type":"Polygon","properties":{"geoid":"31119","name":"Madison"},"id":"31119"},{"arcs":[[-8177,-8206,8547,-6494,-7301,8548,8549]],"type":"Polygon","properties":{"geoid":"29109","name":"Lawrence"},"id":"29109"},{"arcs":[[8550,8551,8552,-2554,-7117,8553]],"type":"Polygon","properties":{"geoid":"55039","name":"Fond du Lac"},"id":"55039"},{"arcs":[[-5305,-4411,-3697,-8345,-3208,-7339]],"type":"Polygon","properties":{"geoid":"47139","name":"Polk"},"id":"47139"},{"arcs":[[8554,8555,-51,-993,-5596,-8451]],"type":"Polygon","properties":{"geoid":"40127","name":"Pushmataha"},"id":"40127"},{"arcs":[[8556,-8415,-7061,-4723,8557,-6446]],"type":"Polygon","properties":{"geoid":"13065","name":"Clinch"},"id":"13065"},{"arcs":[[-8546,-7400,8558,8559,8560,-7429,-7136,8561]],"type":"Polygon","properties":{"geoid":"31141","name":"Platte"},"id":"31141"},{"arcs":[[8562,8563,-7662,-2606,-8495,-6382,-6755]],"type":"Polygon","properties":{"geoid":"29149","name":"Oregon"},"id":"29149"},{"arcs":[[-7879,8564,-6898,8565,8566,-8273]],"type":"Polygon","properties":{"geoid":"20039","name":"Decatur"},"id":"20039"},{"arcs":[[-3864,-1018,-3900,-8120,-6324,-7323]],"type":"Polygon","properties":{"geoid":"55125","name":"Vilas"},"id":"55125"},{"arcs":[[-8523,-7979,8567,-6117,-6387]],"type":"Polygon","properties":{"geoid":"55097","name":"Portage"},"id":"55097"},{"arcs":[[-2614,-5603,8568,-1995]],"type":"Polygon","properties":{"geoid":"13059","name":"Clarke"},"id":"13059"},{"arcs":[[8569,-6682,8570,-7343,8571,8572]],"type":"Polygon","properties":{"geoid":"19107","name":"Keokuk"},"id":"19107"},{"arcs":[[-2758,-3058,8573,-4922,-4663,-5075,8574]],"type":"Polygon","properties":{"geoid":"18173","name":"Warrick"},"id":"18173"},{"arcs":[[-5827,-4116,-6084,-2659,-4495]],"type":"Polygon","properties":{"geoid":"06031","name":"Kings"},"id":"06031"},{"arcs":[[-1111,8575,-5547,8576]],"type":"Polygon","properties":{"geoid":"48505","name":"Zapata"},"id":"48505"},{"arcs":[[-2477,8579]],"type":"Polygon","properties":{"geoid":"06075","name":"San Francisco"},"id":"06075"},{"arcs":[[-5589,8580,-3472,-6031,8581,-5287]],"type":"Polygon","properties":{"geoid":"04011","name":"Greenlee"},"id":"04011"},{"arcs":[[-8186,-7280,-7670,-7916,8582,-4367]],"type":"Polygon","properties":{"geoid":"29127","name":"Marion"},"id":"29127"},{"arcs":[[-878,-1014,8583,-1204,-4952]],"type":"Polygon","properties":{"geoid":"08119","name":"Teller"},"id":"08119"},{"arcs":[[[-5578,-5090,-4041,-3565,8584]],[[8585]]],"type":"MultiPolygon","properties":{"geoid":"53057","name":"Skagit"},"id":"53057"},{"arcs":[[-7905,-5331,8586,8587,-2935]],"type":"Polygon","properties":{"geoid":"20173","name":"Sedgwick"},"id":"20173"},{"arcs":[[8588,-7860,8589,8590,-8204,8591]],"type":"Polygon","properties":{"geoid":"29167","name":"Polk"},"id":"29167"},{"arcs":[[-6428,-4368,-8583,-7915,-6353,8592]],"type":"Polygon","properties":{"geoid":"29137","name":"Monroe"},"id":"29137"},{"arcs":[[8593,8594,8595,-8400,8596,-6471]],"type":"Polygon","properties":{"geoid":"36015","name":"Chemung"},"id":"36015"},{"arcs":[[-1206,8597,8598,8599,-5042,-4691,-5202]],"type":"Polygon","properties":{"geoid":"08101","name":"Pueblo"},"id":"08101"},{"arcs":[[8600,-158,-6441,-7695,8601,-448]],"type":"Polygon","properties":{"geoid":"39093","name":"Lorain"},"id":"39093"},{"arcs":[[-7612,-7692,8602,8603,-7852,8604,8605]],"type":"Polygon","properties":{"geoid":"01093","name":"Marion"},"id":"01093"},{"arcs":[[-6551,8606,-6123,-7634]],"type":"Polygon","properties":{"geoid":"13097","name":"Douglas"},"id":"13097"},{"arcs":[[-5667,-8258,8607,-2484]],"type":"Polygon","properties":{"geoid":"56041","name":"Uinta"},"id":"56041"},{"arcs":[[-1377,8608,-8057,-6756]],"type":"Polygon","properties":{"geoid":"31149","name":"Rock"},"id":"31149"},{"arcs":[[-5875]],"type":"Polygon","properties":{"geoid":"51820","name":"Waynesboro"},"id":"51820"},{"arcs":[[-7244,-8042,-8113,-6875,-6839,8609,8610]],"type":"Polygon","properties":{"geoid":"17115","name":"Macon"},"id":"17115"},{"arcs":[[-8373,-7613,-8606,8611,-5017,-6979,-4617]],"type":"Polygon","properties":{"geoid":"28095","name":"Monroe"},"id":"28095"},{"arcs":[[-3519,8612,-450,8613,-7929,8614]],"type":"Polygon","properties":{"geoid":"39143","name":"Sandusky"},"id":"39143"},{"arcs":[[8615,-1324,-4770,8616,-5600]],"type":"Polygon","properties":{"geoid":"13147","name":"Hart"},"id":"13147"},{"arcs":[[8617,-7787,8618,-2124,-6409]],"type":"Polygon","properties":{"geoid":"28147","name":"Walthall"},"id":"28147"},{"arcs":[[8619,-1573,-1718,-4158,-4652,-2081,-8483,-7723,-2309]],"type":"Polygon","properties":{"geoid":"05035","name":"Crittenden"},"id":"05035"},{"arcs":[[-2531,8620,8621,-8314,8622,8623,-239]],"type":"Polygon","properties":{"geoid":"27111","name":"Otter Tail"},"id":"27111"},{"arcs":[[8624,-6734,-7923,-1005,-7893]],"type":"Polygon","properties":{"geoid":"28009","name":"Benton"},"id":"28009"},{"arcs":[[8625,-1200,8626,8627,-7067,-6724,8628]],"type":"Polygon","properties":{"geoid":"13273","name":"Terrell"},"id":"13273"},{"arcs":[[-4088,8629]],"type":"Polygon","properties":{"geoid":"02060","name":"Bristol Bay"},"id":"02060"},{"arcs":[[8630,-6821,-1113,8631,-7785]],"type":"Polygon","properties":{"geoid":"28065","name":"Jefferson Davis"},"id":"28065"},{"arcs":[[8632,-8268,8633,8634,-6222,8635,-7715]],"type":"Polygon","properties":{"geoid":"18109","name":"Morgan"},"id":"18109"},{"arcs":[[8636,-1886,8637,-4839,8638]],"type":"Polygon","properties":{"geoid":"19051","name":"Davis"},"id":"19051"},{"arcs":[[8639,-8220,8640,-5560,-1727,-2094]],"type":"Polygon","properties":{"geoid":"48257","name":"Kaufman"},"id":"48257"},{"arcs":[[-4847,-1065,-3720,-6905,-1426]],"type":"Polygon","properties":{"geoid":"13167","name":"Johnson"},"id":"13167"},{"arcs":[[-4130,-7297,-7522,8641,8642,8643]],"type":"Polygon","properties":{"geoid":"17085","name":"Jo Daviess"},"id":"17085"},{"arcs":[[8644,8645,-3087,8646,-7253]],"type":"Polygon","properties":{"geoid":"28161","name":"Yalobusha"},"id":"28161"},{"arcs":[[-7254,-8647,-3086,-7422,8647,8648,-2470]],"type":"Polygon","properties":{"geoid":"28043","name":"Grenada"},"id":"28043"},{"arcs":[[8649,-6236,-6388,-5870,-1050,-6878]],"type":"Polygon","properties":{"geoid":"05033","name":"Crawford"},"id":"05033"},{"arcs":[[8650,-7077,-8014,-6250,8651]],"type":"Polygon","properties":{"geoid":"18103","name":"Miami"},"id":"18103"},{"arcs":[[-2522,-6001,-7561,-7626,-8320,-6233]],"type":"Polygon","properties":{"geoid":"05101","name":"Newton"},"id":"05101"},{"arcs":[[8652,-8518,-5768,-1389,-6638,-7911,-3651,-1697,8653]],"type":"Polygon","properties":{"geoid":"35025","name":"Lea"},"id":"35025"},{"arcs":[[8654,-1435,-8292,-1352,8655,8656,8657,-5437]],"type":"Polygon","properties":{"geoid":"13295","name":"Walker"},"id":"13295"},{"arcs":[[-3278,-7533,-5177,8658,-8151,-5364]],"type":"Polygon","properties":{"geoid":"21227","name":"Warren"},"id":"21227"},{"arcs":[[-3889,-8153,-2493,8659,-6922]],"type":"Polygon","properties":{"geoid":"21219","name":"Todd"},"id":"21219"},{"arcs":[[-6695,-1268,-7273,-6883,-3423,-7605,8660,-2826]],"type":"Polygon","properties":{"geoid":"01039","name":"Covington"},"id":"01039"},{"arcs":[[8661,-8249,-7665]],"type":"Polygon","properties":{"geoid":"17171","name":"Scott"},"id":"17171"},{"arcs":[[-7236,-1972,-4584,8662,-8123,8663]],"type":"Polygon","properties":{"geoid":"38073","name":"Ransom"},"id":"38073"},{"arcs":[[-1093,-1314,-4938,-4771,8664,-956]],"type":"Polygon","properties":{"geoid":"16071","name":"Oneida"},"id":"16071"},{"arcs":[[-6713,-8110,-6889,-8545,-6278]],"type":"Polygon","properties":{"geoid":"31139","name":"Pierce"},"id":"31139"},{"arcs":[[-569]],"type":"Polygon","properties":{"geoid":"51530","name":"Buena Vista"},"id":"51530"},{"arcs":[[-7827,8665,-5574,-5854,-6890,8666,8667,8668]],"type":"Polygon","properties":{"geoid":"08075","name":"Logan"},"id":"08075"},{"arcs":[[-5925,-5821,-846,8669,-7830]],"type":"Polygon","properties":{"geoid":"28075","name":"Lauderdale"},"id":"28075"},{"arcs":[[8670,-1830,-6776,-6200]],"type":"Polygon","properties":{"geoid":"38079","name":"Rolette"},"id":"38079"},{"arcs":[[-7508,8671,-2384,-1078,8672,-4713,8673,8674]],"type":"Polygon","properties":{"geoid":"55123","name":"Vernon"},"id":"55123"},{"arcs":[[-8635,8675,-8387,-1160,-6223]],"type":"Polygon","properties":{"geoid":"18013","name":"Brown"},"id":"18013"},{"arcs":[[-7760,-7125,-807,8676,-5633]],"type":"Polygon","properties":{"geoid":"19001","name":"Adair"},"id":"19001"},{"arcs":[[-5084,8677,-5233,-5320,-1293,8678]],"type":"Polygon","properties":{"geoid":"13275","name":"Thomas"},"id":"13275"},{"arcs":[[-6820,8679,-7806,-1380,-4669,-1115]],"type":"Polygon","properties":{"geoid":"28035","name":"Forrest"},"id":"28035"},{"arcs":[[-6570,8680,-115,-1577,-3742,-5834]],"type":"Polygon","properties":{"geoid":"47043","name":"Dickson"},"id":"47043"},{"arcs":[[-2852,8681,-5614,-5541,-6243]],"type":"Polygon","properties":{"geoid":"26095","name":"Luce"},"id":"26095"},{"arcs":[[-3982,8682,-4466,-7932,-7536]],"type":"Polygon","properties":{"geoid":"18041","name":"Fayette"},"id":"18041"},{"arcs":[[-4523,-5752,-2915,-3728,8683,8684]],"type":"Polygon","properties":{"geoid":"48259","name":"Kendall"},"id":"48259"},{"arcs":[[8685,-6240,-6024,-6287,8686,-8135]],"type":"Polygon","properties":{"geoid":"46011","name":"Brookings"},"id":"46011"},{"arcs":[[-7716,-8636,-6225,-5977,-2341]],"type":"Polygon","properties":{"geoid":"18119","name":"Owen"},"id":"18119"},{"arcs":[[-4230,-3725,-1665,-2566,-5337]],"type":"Polygon","properties":{"geoid":"51079","name":"Greene"},"id":"51079"},{"arcs":[[-5187,-4380,-6787,-1782,-1763]],"type":"Polygon","properties":{"geoid":"47015","name":"Cannon"},"id":"47015"},{"arcs":[[8687,8688,-8437,-7055,-2635]],"type":"Polygon","properties":{"geoid":"20013","name":"Brown"},"id":"20013"},{"arcs":[[-1326,8689,-8421,-5409]],"type":"Polygon","properties":{"geoid":"13257","name":"Stephens"},"id":"13257"},{"arcs":[[-8456,-7555,8690,-7366,8691,8692]],"type":"Polygon","properties":{"geoid":"39039","name":"Defiance"},"id":"39039"},{"arcs":[[8693,-8543,-7407,8694,8695]],"type":"Polygon","properties":{"geoid":"46045","name":"Edmunds"},"id":"46045"},{"arcs":[[-1895,-3124,-4003,-1021,-3170]],"type":"Polygon","properties":{"geoid":"01011","name":"Bullock"},"id":"01011"},{"arcs":[[-8144,8696,-3738,-8524,8697]],"type":"Polygon","properties":{"geoid":"55059","name":"Kenosha"},"id":"55059"},{"arcs":[[-6896,8698,-1947,-2273,8699,8700]],"type":"Polygon","properties":{"geoid":"20065","name":"Graham"},"id":"20065"},{"arcs":[[-240,-8624,8701,8702,-8484]],"type":"Polygon","properties":{"geoid":"27051","name":"Grant"},"id":"27051"},{"arcs":[[-7796,-8179,8703,8704,-6653,-7417]],"type":"Polygon","properties":{"geoid":"20021","name":"Cherokee"},"id":"20021"},{"arcs":[[-707,-2885,-7733,8705,-3176,-2683]],"type":"Polygon","properties":{"geoid":"28011","name":"Bolivar"},"id":"28011"},{"arcs":[[-1945,8706,-6985,8707,-6111,-2274]],"type":"Polygon","properties":{"geoid":"20051","name":"Ellis"},"id":"20051"},{"arcs":[[-2816,8708,-6529,-5909,-2838]],"type":"Polygon","properties":{"geoid":"01015","name":"Calhoun"},"id":"01015"},{"arcs":[[[8709]],[[8710]],[[8711]],[[8712]],[[8713]],[[8714]],[[8715]],[[8716]],[[8717]],[[8718]],[[8719]],[[8720]],[[8721]],[[8722]],[[8723]],[[8724]],[[8725]],[[8726]],[[8727]],[[8728]],[[8729]],[[8730]],[[8731]],[[8732]],[[8733]],[[8734]],[[8735]],[[8736]],[[8737]],[[8738]]],"type":"MultiPolygon","properties":{"geoid":"02016","name":"Aleutians West"},"id":"02016"},{"arcs":[[8739,-7428,8740,-8599]],"type":"Polygon","properties":{"geoid":"08025","name":"Crowley"},"id":"08025"},{"arcs":[[-8274,-8567,8741,8742,-66,8743]],"type":"Polygon","properties":{"geoid":"20193","name":"Thomas"},"id":"20193"},{"arcs":[[-7265,-8494,-2712,-6322,8744,-6046]],"type":"Polygon","properties":{"geoid":"49041","name":"Sevier"},"id":"49041"},{"arcs":[[-506,-7245,-8611,8745,-6831,8746,8747,-331]],"type":"Polygon","properties":{"geoid":"17167","name":"Sangamon"},"id":"17167"},{"arcs":[[-8370,-6136,8748,8749,-7981]],"type":"Polygon","properties":{"geoid":"27057","name":"Hubbard"},"id":"27057"},{"arcs":[[-7013,-2601,8750,-148,8751]],"type":"Polygon","properties":{"geoid":"19079","name":"Hamilton"},"id":"19079"},{"arcs":[[8752,-8196,-8221,-8640,-2093,-6901]],"type":"Polygon","properties":{"geoid":"48113","name":"Dallas"},"id":"48113"},{"arcs":[[-568]],"type":"Polygon","properties":{"geoid":"51678","name":"Lexington"},"id":"51678"},{"arcs":[[-5753,-1770,-7168,8753]],"type":"Polygon","properties":{"geoid":"12043","name":"Glades"},"id":"12043"},{"arcs":[[-8690,-1325,-8616,-5599,-8422]],"type":"Polygon","properties":{"geoid":"13119","name":"Franklin"},"id":"13119"},{"arcs":[[-7089,-5749,8754,8755,8756,-4998]],"type":"Polygon","properties":{"geoid":"40085","name":"Love"},"id":"40085"},{"arcs":[[-7967,-7771,-4226,-4978,8757,-5673]],"type":"Polygon","properties":{"geoid":"50005","name":"Caledonia"},"id":"50005"},{"arcs":[[-3974,-171,-4528,-2490]],"type":"Polygon","properties":{"geoid":"41029","name":"Jackson"},"id":"41029"},{"arcs":[[-7104,8758,8759,8760,8761]],"type":"Polygon","properties":{"geoid":"26101","name":"Manistee"},"id":"26101"},{"arcs":[[-3026,-3465,-8052,-887,-2568]],"type":"Polygon","properties":{"geoid":"51065","name":"Fluvanna"},"id":"51065"},{"arcs":[[-8612,-8605,-7855,-1589,-5018]],"type":"Polygon","properties":{"geoid":"01075","name":"Lamar"},"id":"01075"},{"arcs":[[[-3914,8762,-4591,8763]],[[8764,-3916]],[[8765]],[[-3908,8766]],[[-3910,8767]],[[8769]],[[8770]],[[-5207,8771,-5209,8772]],[[-5121,8773,-4032,8774]]],"type":"MultiPolygon","properties":{"geoid":"02105","name":"Hoonah-Angoon"},"id":"02105"},{"arcs":[[-3339,-2563,8775,-5545]],"type":"Polygon","properties":{"geoid":"45023","name":"Chester"},"id":"45023"},{"arcs":[[8776,-4401,-4063,-1820,-4515]],"type":"Polygon","properties":{"geoid":"36049","name":"Lewis"},"id":"36049"},{"arcs":[[-2293,-4982,-6872,8777,-7491,-6245]],"type":"Polygon","properties":{"geoid":"33019","name":"Sullivan"},"id":"33019"},{"arcs":[[-8340,-2296,-6976,-287]],"type":"Polygon","properties":{"geoid":"50021","name":"Rutland"},"id":"50021"},{"arcs":[[8778,-7678,8779,8780,8781]],"type":"Polygon","properties":{"geoid":"29179","name":"Reynolds"},"id":"29179"},{"arcs":[[-8542,8782,-7757,-6218,8783,-7409]],"type":"Polygon","properties":{"geoid":"46115","name":"Spink"},"id":"46115"},{"arcs":[[-3837,-4513,-7012,-6957]],"type":"Polygon","properties":{"geoid":"19081","name":"Hancock"},"id":"19081"},{"arcs":[[8784,-6811,8785,8786,-2555,-8553]],"type":"Polygon","properties":{"geoid":"55117","name":"Sheboygan"},"id":"55117"},{"arcs":[[8787,-4291,-5556,-1685]],"type":"Polygon","properties":{"geoid":"48235","name":"Irion"},"id":"48235"},{"arcs":[[-7420,8788,-5499,-5960,8789]],"type":"Polygon","properties":{"geoid":"28019","name":"Choctaw"},"id":"28019"},{"arcs":[[8790,-8224,-1652,-4336]],"type":"Polygon","properties":{"geoid":"30019","name":"Daniels"},"id":"30019"},{"arcs":[[-7009,-8311,-8519,-8653,8791,8792]],"type":"Polygon","properties":{"geoid":"35005","name":"Chaves"},"id":"35005"},{"arcs":[[-5888,-4503,-6520,8794,-7640,-7569,8795]],"type":"Polygon","properties":{"geoid":"35043","name":"Sandoval"},"id":"35043"},{"arcs":[[-8670,-845,-8181,8796]],"type":"Polygon","properties":{"geoid":"28023","name":"Clarke"},"id":"28023"},{"arcs":[[8797,8798,-8167,8799,8800]],"type":"Polygon","properties":{"geoid":"39131","name":"Pike"},"id":"39131"},{"arcs":[[-6139,-6541,8801,-2990]],"type":"Polygon","properties":{"geoid":"27035","name":"Crow Wing"},"id":"27035"},{"arcs":[[-6540,8802,-6262,8803,8804,-2991,-8802]],"type":"Polygon","properties":{"geoid":"27095","name":"Mille Lacs"},"id":"27095"},{"arcs":[[-3217,-1509,-5313,-1787,-1247,-2036]],"type":"Polygon","properties":{"geoid":"48243","name":"Jeff Davis"},"id":"48243"},{"arcs":[[-5518,-7719,-4923,-2401,8805]],"type":"Polygon","properties":{"geoid":"46033","name":"Custer"},"id":"46033"},{"arcs":[[-7653,-8335,-752,-6188,-5562,-3036]],"type":"Polygon","properties":{"geoid":"27143","name":"Sibley"},"id":"27143"},{"arcs":[[-2078,-4578,-64,8806,8807,8808,-6300]],"type":"Polygon","properties":{"geoid":"36023","name":"Cortland"},"id":"36023"},{"arcs":[[-7781,8809,-1842,-7552,-8455]],"type":"Polygon","properties":{"geoid":"39051","name":"Fulton"},"id":"39051"},{"arcs":[[8810,-8471,-6866,-7093,-3624]],"type":"Polygon","properties":{"geoid":"53051","name":"Pend Oreille"},"id":"53051"},{"arcs":[[-5400,8811,8812,-6455,-6620]],"type":"Polygon","properties":{"geoid":"26011","name":"Arenac"},"id":"26011"},{"arcs":[[8813,-8333,-621,-5955,8814,8815]],"type":"Polygon","properties":{"geoid":"19031","name":"Cedar"},"id":"19031"},{"arcs":[[-4331,-4693,-1333,-7705,-8211]],"type":"Polygon","properties":{"geoid":"08003","name":"Alamosa"},"id":"08003"},{"arcs":[[-8489,-8395,8816,-8172,8817,8818]],"type":"Polygon","properties":{"geoid":"39163","name":"Vinton"},"id":"39163"},{"arcs":[[-8568,-7978,8819,8820,-8352,-6118]],"type":"Polygon","properties":{"geoid":"55137","name":"Waushara"},"id":"55137"},{"arcs":[[-2410,8821,8822,-5476,8823,-2867]],"type":"Polygon","properties":{"geoid":"42083","name":"McKean"},"id":"42083"},{"arcs":[[-2910,-7761,-5632,8824]],"type":"Polygon","properties":{"geoid":"19009","name":"Audubon"},"id":"19009"},{"arcs":[[-2539,-8433,-7982,-8750,8825,-8621,-2530]],"type":"Polygon","properties":{"geoid":"27005","name":"Becker"},"id":"27005"},{"arcs":[[8826,-4854,-4562,-4735]],"type":"Polygon","properties":{"geoid":"37005","name":"Alleghany"},"id":"37005"},{"arcs":[[8827,8828,-8209,-154]],"type":"Polygon","properties":{"geoid":"39085","name":"Lake"},"id":"39085"},{"arcs":[[8829,-5025,8830,-3760,-5662,8831]],"type":"Polygon","properties":{"geoid":"42011","name":"Berks"},"id":"42011"},{"arcs":[[-2403,-4926,8832,-5237,-344,-7861]],"type":"Polygon","properties":{"geoid":"31165","name":"Sioux"},"id":"31165"},{"arcs":[[-8364,8833,-8692,-7369,-7577,-4798,-591,-4347,-6718]],"type":"Polygon","properties":{"geoid":"18003","name":"Allen"},"id":"18003"},{"arcs":[[-6701,-7071,-1437,8834,-5497,-6986]],"type":"Polygon","properties":{"geoid":"47115","name":"Marion"},"id":"47115"},{"arcs":[[-8751,-2600,8835,-8187,8836,-149]],"type":"Polygon","properties":{"geoid":"19169","name":"Story"},"id":"19169"},{"arcs":[[8837,-5722,8838,-2830,-8337]],"type":"Polygon","properties":{"geoid":"48163","name":"Frio"},"id":"48163"},{"arcs":[[8839,-8804,-6261,-8013,-759,-4397,-412]],"type":"Polygon","properties":{"geoid":"27141","name":"Sherburne"},"id":"27141"},{"arcs":[[8840,-8000,-5991,8841,-8259,-7457,8842]],"type":"Polygon","properties":{"geoid":"39097","name":"Madison"},"id":"39097"},{"arcs":[[-5151,-2447,-5086,8843,-5192,8844]],"type":"Polygon","properties":{"geoid":"13087","name":"Decatur"},"id":"13087"},{"arcs":[[-8136,-8687,-6289,-6171,-6062,8845]],"type":"Polygon","properties":{"geoid":"46079","name":"Lake"},"id":"46079"},{"arcs":[[-7528,-1630,-8460,8846,-8138]],"type":"Polygon","properties":{"geoid":"29135","name":"Moniteau"},"id":"29135"},{"arcs":[[8847,8848,-8290,-8491,-4283]],"type":"Polygon","properties":{"geoid":"19057","name":"Des Moines"},"id":"19057"},{"arcs":[[-8119,-2595,8849,8850,8851,-6079,8852,-6404]],"type":"Polygon","properties":{"geoid":"55083","name":"Oconto"},"id":"55083"},{"arcs":[[-7987,8853,8854,-7087]],"type":"Polygon","properties":{"geoid":"40099","name":"Murray"},"id":"40099"},{"arcs":[[8855,-7971,8856,8857,-6669,8858,-6991]],"type":"Polygon","properties":{"geoid":"47027","name":"Clay"},"id":"47027"},{"arcs":[[-2764,-8520,-709,-2682,-5238,-4418]],"type":"Polygon","properties":{"geoid":"05043","name":"Drew"},"id":"05043"},{"arcs":[[-5852,-7167,-8447,8859,-6891]],"type":"Polygon","properties":{"geoid":"31029","name":"Chase"},"id":"31029"},{"arcs":[[-5200,-3476,-8059,8860,8861,8862]],"type":"Polygon","properties":{"geoid":"35047","name":"San Miguel"},"id":"35047"},{"arcs":[[-6346,8863,-8504,8864,-2242,8865]],"type":"Polygon","properties":{"geoid":"39165","name":"Warren"},"id":"39165"},{"arcs":[[-5430,-3270,8867,-6565,-8090,-2624]],"type":"Polygon","properties":{"geoid":"34017","name":"Hudson"},"id":"34017"},{"arcs":[[8868,8869,-5531,-8361,8870]],"type":"Polygon","properties":{"geoid":"54029","name":"Hancock"},"id":"54029"},{"arcs":[[-6252,-8016,-8235,-853,8871]],"type":"Polygon","properties":{"geoid":"18015","name":"Carroll"},"id":"18015"},{"arcs":[[-7998,8872,8873,-1,-7710,8874,8875]],"type":"Polygon","properties":{"geoid":"20201","name":"Washington"},"id":"20201"},{"arcs":[[-2691,8876,8877,-7023,8878,-1109]],"type":"Polygon","properties":{"geoid":"48131","name":"Duval"},"id":"48131"},{"arcs":[[8879,-7779,-7268,-6731]],"type":"Polygon","properties":{"geoid":"47109","name":"McNairy"},"id":"47109"},{"arcs":[[-6992,-8859,-6671,-5092,-3312]],"type":"Polygon","properties":{"geoid":"47087","name":"Jackson"},"id":"47087"},{"arcs":[[-6447,-8558,-4722,-1530,-5008]],"type":"Polygon","properties":{"geoid":"13101","name":"Echols"},"id":"13101"},{"arcs":[[-6968,8880,-5115,8881,-1856,8882]],"type":"Polygon","properties":{"geoid":"39119","name":"Muskingum"},"id":"39119"},{"arcs":[[8883,8884,-8419,-5468,-8256,-2089,8885]],"type":"Polygon","properties":{"geoid":"16019","name":"Bonneville"},"id":"16019"},{"arcs":[[-7593,-7330,-7824,8886,-2891,-7341]],"type":"Polygon","properties":{"geoid":"17069","name":"Hardin"},"id":"17069"},{"arcs":[[8887,8888,-3081,8889,-6624,8890]],"type":"Polygon","properties":{"geoid":"29129","name":"Mercer"},"id":"29129"},{"arcs":[[-6708,-8430,8891,-1942,-8699,-6895]],"type":"Polygon","properties":{"geoid":"20147","name":"Phillips"},"id":"20147"},{"arcs":[[-8882,-5119,-4940,-8393,-1857]],"type":"Polygon","properties":{"geoid":"39115","name":"Morgan"},"id":"39115"},{"arcs":[[-4832,-6020,-3879,-737,-4706,-3234]],"type":"Polygon","properties":{"geoid":"21129","name":"Lee"},"id":"21129"},{"arcs":[[-3960,-7927,-3678,-4823,-7090,-2533,-1455]],"type":"Polygon","properties":{"geoid":"22047","name":"Iberville"},"id":"22047"},{"arcs":[[-8267,-8474,-8384,-8676,-8634]],"type":"Polygon","properties":{"geoid":"18081","name":"Johnson"},"id":"18081"},{"arcs":[[-4186,-1991,-8521,-355,8892]],"type":"Polygon","properties":{"geoid":"09013","name":"Tolland"},"id":"09013"},{"arcs":[[8893,-5808,-3444,-1133,-5160,8894]],"type":"Polygon","properties":{"geoid":"21073","name":"Franklin"},"id":"21073"},{"arcs":[[-8704,-8178,-8550,8895,8896,8897]],"type":"Polygon","properties":{"geoid":"29145","name":"Newton"},"id":"29145"},{"arcs":[[-5869,-5006,8898,8899,8900]],"type":"Polygon","properties":{"geoid":"26113","name":"Missaukee"},"id":"26113"},{"arcs":[[-6834,-6843,-7022,-6448,8901,-2372,-7720]],"type":"Polygon","properties":{"geoid":"17051","name":"Fayette"},"id":"17051"},{"arcs":[[-6108,8902,-8244,-5786,-4050]],"type":"Polygon","properties":{"geoid":"01105","name":"Perry"},"id":"01105"},{"arcs":[[-8623,-8313,-408,8903,-8702]],"type":"Polygon","properties":{"geoid":"27041","name":"Douglas"},"id":"27041"},{"arcs":[[8904,8905,8906,8907,-7546,8908]],"type":"Polygon","properties":{"geoid":"26123","name":"Newaygo"},"id":"26123"},{"arcs":[[-449,-8602,-7698,8909,-6845,-7930,-8614]],"type":"Polygon","properties":{"geoid":"39077","name":"Huron"},"id":"39077"},{"arcs":[[8910,8911,-7378,-3072,-118,-7259]],"type":"Polygon","properties":{"geoid":"05059","name":"Hot Spring"},"id":"05059"},{"arcs":[[8912,-8162,-7693,-4059,-1864]],"type":"Polygon","properties":{"geoid":"46119","name":"Sully"},"id":"46119"},{"arcs":[[8913,-538,8914,-8688,-2634,-6928]],"type":"Polygon","properties":{"geoid":"31147","name":"Richardson"},"id":"31147"},{"arcs":[[-5864,-5300,-5865,-3350,-3352,-3196]],"type":"Polygon","properties":{"geoid":"12067","name":"Lafayette"},"id":"12067"},{"arcs":[[8915,8916,-8183,-7803,-8680,-6819]],"type":"Polygon","properties":{"geoid":"28067","name":"Jones"},"id":"28067"},{"arcs":[[-6932,-2251,-627,-3928,-5618]],"type":"Polygon","properties":{"geoid":"21163","name":"Meade"},"id":"21163"},{"arcs":[[-8302,-5158,-6994,-7874,8917]],"type":"Polygon","properties":{"geoid":"20121","name":"Miami"},"id":"20121"},{"arcs":[[-4464,8918,-6347,-8866,-2241,-7933]],"type":"Polygon","properties":{"geoid":"39017","name":"Butler"},"id":"39017"},{"arcs":[[8919,8920,-343,-6411,-4451,8921]],"type":"Polygon","properties":{"geoid":"29177","name":"Ray"},"id":"29177"},{"arcs":[[-7559,8922,-7684,-4778,-4468,-7627]],"type":"Polygon","properties":{"geoid":"05141","name":"Van Buren"},"id":"05141"},{"arcs":[[-7841,8923,-5809,-8894,8924,8925]],"type":"Polygon","properties":{"geoid":"21103","name":"Henry"},"id":"21103"},{"arcs":[[8926,8927,-2343,-5981,-4729,-6184]],"type":"Polygon","properties":{"geoid":"18153","name":"Sullivan"},"id":"18153"},{"arcs":[[-2245,-7603,8928,8929,-7862]],"type":"Polygon","properties":{"geoid":"21117","name":"Kenton"},"id":"21117"},{"arcs":[[8930,8931,8932,-7319,8933]],"type":"Polygon","properties":{"geoid":"19065","name":"Fayette"},"id":"19065"},{"arcs":[[8934,-7596,-320,-7307]],"type":"Polygon","properties":{"geoid":"48425","name":"Somervell"},"id":"48425"},{"arcs":[[8935,8936,8937,8938,8939]],"type":"Polygon","properties":{"geoid":"26067","name":"Ionia"},"id":"26067"},{"arcs":[[-4143,8940,8941,-2302,-3752,-2985]],"type":"Polygon","properties":{"geoid":"47171","name":"Unicoi"},"id":"47171"},{"arcs":[[-8182,-3388,-3581,-5189,-7805]],"type":"Polygon","properties":{"geoid":"28041","name":"Greene"},"id":"28041"},{"arcs":[[-7904,-8374,-5951,-665,8942,8943,-6555]],"type":"Polygon","properties":{"geoid":"40017","name":"Canadian"},"id":"40017"},{"arcs":[[-6881,-3966,8944,-5194,-3200,-7870,-3364,8945]],"type":"Polygon","properties":{"geoid":"12063","name":"Jackson"},"id":"12063"},{"arcs":[[-5143,-35,-1926,-4079,-3451,-961]],"type":"Polygon","properties":{"geoid":"08097","name":"Pitkin"},"id":"08097"},{"arcs":[[-6476,-4786,-374,-1192,8946]],"type":"Polygon","properties":{"geoid":"54079","name":"Putnam"},"id":"54079"},{"arcs":[[-2373,-8902,-6453,8947,8948,-2973]],"type":"Polygon","properties":{"geoid":"17121","name":"Marion"},"id":"17121"},{"arcs":[[8949,-4572,-5257,-3190,8950]],"type":"Polygon","properties":{"geoid":"48011","name":"Armstrong"},"id":"48011"},{"arcs":[[-8231,-2949,-1617,-4233,-3125,-1174]],"type":"Polygon","properties":{"geoid":"37061","name":"Duplin"},"id":"37061"},{"arcs":[[8951,-8117,-7774,-8880,-6730]],"type":"Polygon","properties":{"geoid":"47023","name":"Chester"},"id":"47023"},{"arcs":[[-7535,8952,-7972,-8856,-6990,-5179]],"type":"Polygon","properties":{"geoid":"21171","name":"Monroe"},"id":"21171"},{"arcs":[[-8899,-5005,-6622,-5982,8953]],"type":"Polygon","properties":{"geoid":"26035","name":"Clare"},"id":"26035"},{"arcs":[[-3955,-74,8954,-8118,-8952,-6729,8955]],"type":"Polygon","properties":{"geoid":"47113","name":"Madison"},"id":"47113"},{"arcs":[[-8307,-5152,-8845,-5191,-8945,-3965]],"type":"Polygon","properties":{"geoid":"13253","name":"Seminole"},"id":"13253"},{"arcs":[[8956,-6361,-6272,8957,-7575]],"type":"Polygon","properties":{"geoid":"39003","name":"Allen"},"id":"39003"},{"arcs":[[-6648,-7486,8958,-8324,8959]],"type":"Polygon","properties":{"geoid":"19145","name":"Page"},"id":"19145"},{"arcs":[[-5522,-3903,8960]],"type":"Polygon","properties":{"geoid":"30103","name":"Treasure"},"id":"30103"},{"arcs":[[-2366,-1394,8961,8962,-6349,-2485,-8608,-8257]],"type":"Polygon","properties":{"geoid":"56037","name":"Sweetwater"},"id":"56037"},{"arcs":[[-8279,-2257,8963,-979]],"type":"Polygon","properties":{"geoid":"19059","name":"Dickinson"},"id":"19059"},{"arcs":[[-3179,-6039,-4680,-5625]],"type":"Polygon","properties":{"geoid":"28125","name":"Sharkey"},"id":"28125"},{"arcs":[[8964,-3832,-5704,8965,-7403,8966]],"type":"Polygon","properties":{"geoid":"40103","name":"Noble"},"id":"40103"},{"arcs":[[-5884,8967,-952,-2099,8968]],"type":"Polygon","properties":{"geoid":"16053","name":"Jerome"},"id":"16053"},{"arcs":[[-6860,-4073]],"type":"Polygon","properties":{"geoid":"51775","name":"Salem"},"id":"51775"},{"arcs":[[-6316,-5131,-6257,-4868,-5048,8969]],"type":"Polygon","properties":{"geoid":"56001","name":"Albany"},"id":"56001"},{"arcs":[[-4152,-7267,-4569,8970]],"type":"Polygon","properties":{"geoid":"48179","name":"Gray"},"id":"48179"},{"arcs":[[-6466,-7505,8971,-8629,-6723,-6788]],"type":"Polygon","properties":{"geoid":"13243","name":"Randolph"},"id":"13243"},{"arcs":[[-3160,-6965,-7866,8972]],"type":"Polygon","properties":{"geoid":"18115","name":"Ohio"},"id":"18115"},{"arcs":[[-2974,-8949,8973,-8281,-6391,-8284]],"type":"Polygon","properties":{"geoid":"17081","name":"Jefferson"},"id":"17081"},{"arcs":[[8974,-5594]],"type":"Polygon","properties":{"geoid":"51570","name":"Colonial Heights"},"id":"51570"},{"arcs":[[8975,-3769,-77,-8369,-4263]],"type":"Polygon","properties":{"geoid":"27071","name":"Koochiching"},"id":"27071"},{"arcs":[[8976,-5803,-8754,-2048,8977,-2053,8978]],"type":"Polygon","properties":{"geoid":"12015","name":"Charlotte"},"id":"12015"},{"arcs":[[-7812,8979,-8129,-8516,-6370]],"type":"Polygon","properties":{"geoid":"31035","name":"Clay"},"id":"31035"},{"arcs":[[8980,8981,-8380,-6478,-457,8982]],"type":"Polygon","properties":{"geoid":"38013","name":"Burke"},"id":"38013"},{"arcs":[[-4777,-4995,-7953,8983,-7818,-656,-1229]],"type":"Polygon","properties":{"geoid":"54055","name":"Mercer"},"id":"54055"},{"arcs":[[-6882,-8946,-3363,-3425]],"type":"Polygon","properties":{"geoid":"12059","name":"Holmes"},"id":"12059"},{"arcs":[[-5292,-7566,-6306,-338,-8921,8984]],"type":"Polygon","properties":{"geoid":"29025","name":"Caldwell"},"id":"29025"},{"arcs":[[8985,8986,-3046,-4395,-4623]],"type":"Polygon","properties":{"geoid":"21201","name":"Robertson"},"id":"21201"},{"arcs":[[8987,-6253,-8872,-852,-7586,-8436]],"type":"Polygon","properties":{"geoid":"18181","name":"White"},"id":"18181"},{"arcs":[[-7430,-8561,8988,-27,-7811]],"type":"Polygon","properties":{"geoid":"31143","name":"Polk"},"id":"31143"},{"arcs":[[-7668,-8532,-1222,-7655,-6355,-7917]],"type":"Polygon","properties":{"geoid":"29163","name":"Pike"},"id":"29163"},{"arcs":[[-8347,8989,-4234,8990,8991,-8104,8992]],"type":"Polygon","properties":{"geoid":"13085","name":"Dawson"},"id":"13085"},{"arcs":[[8993,-7517,-7814,-3605]],"type":"Polygon","properties":{"geoid":"36073","name":"Orleans"},"id":"36073"},{"arcs":[[-8853,-6078,-6405]],"type":"Polygon","properties":{"geoid":"55078","name":"Menominee"},"id":"55078"},{"arcs":[[-3133,-1300,-5524,8994,8995]],"type":"Polygon","properties":{"geoid":"30065","name":"Musselshell"},"id":"30065"},{"arcs":[[-2674,-1681,-6773,8996,-6263]],"type":"Polygon","properties":{"geoid":"48433","name":"Stonewall"},"id":"48433"},{"arcs":[[-1491,-5700,-1651,-1194,8997,-7503,8998]],"type":"Polygon","properties":{"geoid":"13197","name":"Marion"},"id":"13197"},{"arcs":[[-6264,-8997,-6775,-2801,8999]],"type":"Polygon","properties":{"geoid":"48151","name":"Fisher"},"id":"48151"},{"arcs":[[-6135,-871,-3880,-3486]],"type":"Polygon","properties":{"geoid":"08047","name":"Gilpin"},"id":"08047"},{"arcs":[[-3384,9000,9001,-8264,-7016,-8236]],"type":"Polygon","properties":{"geoid":"18057","name":"Hamilton"},"id":"18057"},{"arcs":[[-3592]],"type":"Polygon","properties":{"geoid":"51580","name":"Covington"},"id":"51580"},{"arcs":[[-8792,-8654,-1696,-1505,-3216,9002]],"type":"Polygon","properties":{"geoid":"35015","name":"Eddy"},"id":"35015"},{"arcs":[[-8067,9003,9004,9005,-8336,-7919]],"type":"Polygon","properties":{"geoid":"48463","name":"Uvalde"},"id":"48463"},{"arcs":[[9006,-5686,-2417,-2151,-7676]],"type":"Polygon","properties":{"geoid":"29017","name":"Bollinger"},"id":"29017"},{"arcs":[[-8745,-6323,-228,-6047]],"type":"Polygon","properties":{"geoid":"49031","name":"Piute"},"id":"49031"},{"arcs":[[9007,-6410,-3047,-3954,-4884,-5407,9008]],"type":"Polygon","properties":{"geoid":"28005","name":"Amite"},"id":"28005"},{"arcs":[[-5104,-3205,-2708,-5771,-7530,-2044,-7909]],"type":"Polygon","properties":{"geoid":"16045","name":"Gem"},"id":"16045"},{"arcs":[[-7639,9009,-8862,9010,-7006,9011,-7182]],"type":"Polygon","properties":{"geoid":"35057","name":"Torrance"},"id":"35057"},{"arcs":[[-5514,-58,-5750,-4521,-7001]],"type":"Polygon","properties":{"geoid":"48299","name":"Llano"},"id":"48299"},{"arcs":[[-7499,9012,-8781,9013,-8563,-6754]],"type":"Polygon","properties":{"geoid":"29203","name":"Shannon"},"id":"29203"},{"arcs":[[-8817,-8394,-107,-6475,9014,-8173]],"type":"Polygon","properties":{"geoid":"39105","name":"Meigs"},"id":"39105"},{"arcs":[[-8649,9015,-5958,-1096,-2471]],"type":"Polygon","properties":{"geoid":"28015","name":"Carroll"},"id":"28015"},{"arcs":[[-3657,-4242,9016,-6067,-2739,-5463]],"type":"Polygon","properties":{"geoid":"37187","name":"Washington"},"id":"37187"},{"arcs":[[[-8304,-8036,-7029,9017,-490]],[[9018,-492]]],"type":"MultiPolygon","properties":{"geoid":"21075","name":"Fulton"},"id":"21075"},{"arcs":[[9019,-8747,-6837,-7395,9020,-8251]],"type":"Polygon","properties":{"geoid":"17117","name":"Macoupin"},"id":"17117"},{"arcs":[[-3923,-7010,-8793,-9003,-3215,-2034,-3229,-6650]],"type":"Polygon","properties":{"geoid":"35035","name":"Otero"},"id":"35035"},{"arcs":[[-3976,-5763,9021]],"type":"Polygon","properties":{"geoid":"41011","name":"Coos"},"id":"41011"},{"arcs":[[-9014,-8780,-7677,-5405,-7661,-8564]],"type":"Polygon","properties":{"geoid":"29035","name":"Carter"},"id":"29035"},{"arcs":[[-7735,-7583,-7106,-6436,9022]],"type":"Polygon","properties":{"geoid":"17075","name":"Iroquois"},"id":"17075"},{"arcs":[[-8227,-4285,-8493,-670,-8077,-7276,-8185]],"type":"Polygon","properties":{"geoid":"17067","name":"Hancock"},"id":"17067"},{"arcs":[[9023,-8126,-8544,-8694,9024,9025]],"type":"Polygon","properties":{"geoid":"46089","name":"McPherson"},"id":"46089"},{"arcs":[[-7989,-5792,-7156,-5711]],"type":"Polygon","properties":{"geoid":"46043","name":"Douglas"},"id":"46043"},{"arcs":[[9026,-8033,-7712,-2339,9027,-8085]],"type":"Polygon","properties":{"geoid":"18121","name":"Parke"},"id":"18121"},{"arcs":[[-5107,-2827,-8661,-7604,-5858,-4276,-5765]],"type":"Polygon","properties":{"geoid":"01053","name":"Escambia"},"id":"01053"},{"arcs":[[-8448,-4701,-5857,-8322,-1999,-4139]],"type":"Polygon","properties":{"geoid":"48487","name":"Wilbarger"},"id":"48487"},{"arcs":[[-1725,-4935]],"type":"Polygon","properties":{"geoid":"51830","name":"Williamsburg"},"id":"51830"},{"arcs":[[-8190,9028,-8573,9029,-5995,-7348]],"type":"Polygon","properties":{"geoid":"19123","name":"Mahaska"},"id":"19123"},{"arcs":[[9030,9031,-7897,9032,-7674,-8779,9033]],"type":"Polygon","properties":{"geoid":"29093","name":"Iron"},"id":"29093"},{"arcs":[[9034,-2679,-4844,-5580,-2062]],"type":"Polygon","properties":{"geoid":"13109","name":"Evans"},"id":"13109"},{"arcs":[[-8137,-8846,-6061,-6176,-5354]],"type":"Polygon","properties":{"geoid":"46097","name":"Miner"},"id":"46097"},{"arcs":[[9035,-8995,-5523,-8961,-3902,-13,9036]],"type":"Polygon","properties":{"geoid":"30111","name":"Yellowstone"},"id":"30111"},{"arcs":[[-6492,-7608,-7415,-8025,-5998,-2520,-7302]],"type":"Polygon","properties":{"geoid":"29213","name":"Taney"},"id":"29213"},{"arcs":[[-125,-3818,-3616,-4970,-1774,-3291,-7092]],"type":"Polygon","properties":{"geoid":"51169","name":"Scott"},"id":"51169"},{"arcs":[[-8821,9037,-8554,-7116,9038,-8353]],"type":"Polygon","properties":{"geoid":"55047","name":"Green Lake"},"id":"55047"},{"arcs":[[-7039,-6911,-2976,-8286,9039,-5683,-7455]],"type":"Polygon","properties":{"geoid":"17157","name":"Randolph"},"id":"17157"},{"arcs":[[9040,-9034,-8782,-9013,-7498,9041]],"type":"Polygon","properties":{"geoid":"29065","name":"Dent"},"id":"29065"},{"arcs":[[-4,-815,9042,-6072,-8044,9043,9044]],"type":"Polygon","properties":{"geoid":"20197","name":"Wabaunsee"},"id":"20197"},{"arcs":[[-1919,-1915,-3362,-4656,-5168,-3533,-3593,-3281]],"type":"Polygon","properties":{"geoid":"06067","name":"Sacramento"},"id":"06067"},{"arcs":[[9045,-8674,-4716,9046,9047]],"type":"Polygon","properties":{"geoid":"19005","name":"Allamakee"},"id":"19005"},{"arcs":[[-8760,9048,9049,-8905,9050]],"type":"Polygon","properties":{"geoid":"26085","name":"Lake"},"id":"26085"},{"arcs":[[-7748,-7993,9051,-4462,-8683,-3981]],"type":"Polygon","properties":{"geoid":"18177","name":"Wayne"},"id":"18177"},{"arcs":[[9052,-6800,9053,9054,-7877,9055,-8444]],"type":"Polygon","properties":{"geoid":"31063","name":"Frontier"},"id":"31063"},{"arcs":[[-5873,9056,-7964,-7256,9057,-48]],"type":"Polygon","properties":{"geoid":"05127","name":"Scott"},"id":"05127"},{"arcs":[[9058,-4946,-5069,-1169,-5936,-2355,-5963]],"type":"Polygon","properties":{"geoid":"34015","name":"Gloucester"},"id":"34015"},{"arcs":[[-8132,9059,-8876,9060,-7128]],"type":"Polygon","properties":{"geoid":"20157","name":"Republic"},"id":"20157"},{"arcs":[[-8445,-9056,-7881,-8272,9061]],"type":"Polygon","properties":{"geoid":"31087","name":"Hitchcock"},"id":"31087"},{"arcs":[[-7876,-598,9062,-546,-4036]],"type":"Polygon","properties":{"geoid":"06035","name":"Lassen"},"id":"06035"},{"arcs":[[-4470,-4782,-6936,9063,9064,-7962]],"type":"Polygon","properties":{"geoid":"05105","name":"Perry"},"id":"05105"},{"arcs":[[-8897,9065,-5240,-7299,9066]],"type":"Polygon","properties":{"geoid":"29119","name":"McDonald"},"id":"29119"},{"arcs":[[-4640,9067,-8645,-7252,-6526,-2084]],"type":"Polygon","properties":{"geoid":"28107","name":"Panola"},"id":"28107"},{"arcs":[[-8239,9068,-6095,-2029,-8011,-6259]],"type":"Polygon","properties":{"geoid":"27025","name":"Chisago"},"id":"27025"},{"arcs":[[-2795,-8275,-8744,-65,9069,-2845]],"type":"Polygon","properties":{"geoid":"20181","name":"Sherman"},"id":"20181"},{"arcs":[[-7963,-9065,9070,-8911,-7258]],"type":"Polygon","properties":{"geoid":"05051","name":"Garland"},"id":"05051"},{"arcs":[[9071,-7357,-8150,9072,9073]],"type":"Polygon","properties":{"geoid":"19133","name":"Monona"},"id":"19133"},{"arcs":[[-7942,-8002,9074,-6343,-7991]],"type":"Polygon","properties":{"geoid":"39109","name":"Miami"},"id":"39109"},{"arcs":[[-5883,-1440,-953,-8968]],"type":"Polygon","properties":{"geoid":"16067","name":"Minidoka"},"id":"16067"},{"arcs":[[-432,9075,9076,-17,-788,-4957]],"type":"Polygon","properties":{"geoid":"30067","name":"Park"},"id":"30067"},{"arcs":[[-7856,-714,-3774,-7736,-9023,-6435,-7726]],"type":"Polygon","properties":{"geoid":"17091","name":"Kankakee"},"id":"17091"},{"arcs":[[-8805,-8840,-411,-2992]],"type":"Polygon","properties":{"geoid":"27009","name":"Benton"},"id":"27009"},{"arcs":[[-1013,9077,9078,-8598,-1205,-8584]],"type":"Polygon","properties":{"geoid":"08041","name":"El Paso"},"id":"08041"},{"arcs":[[-2139,-8420,-8885,9079]],"type":"Polygon","properties":{"geoid":"16065","name":"Madison"},"id":"16065"},{"arcs":[[-8105,-8992,9080,-6125,9081,-6415]],"type":"Polygon","properties":{"geoid":"13057","name":"Cherokee"},"id":"13057"},{"arcs":[[-6352,-5494,-1143,-4732,-2559,-369]],"type":"Polygon","properties":{"geoid":"37179","name":"Union"},"id":"37179"},{"arcs":[[-8610,-6838,-6832,-8746]],"type":"Polygon","properties":{"geoid":"17021","name":"Christian"},"id":"17021"},{"arcs":[[-766,9082,9083,-2476,-4094]],"type":"Polygon","properties":{"geoid":"42087","name":"Mifflin"},"id":"42087"},{"arcs":[[-7558,-6523,9084,-5801,-7683,-8923]],"type":"Polygon","properties":{"geoid":"05137","name":"Stone"},"id":"05137"},{"arcs":[[-132,-8399,-7527,-3834,-6956,-6191]],"type":"Polygon","properties":{"geoid":"27043","name":"Faribault"},"id":"27043"},{"arcs":[[9085,9086,-8931,9087,-6232]],"type":"Polygon","properties":{"geoid":"19037","name":"Chickasaw"},"id":"19037"},{"arcs":[[-4639,-7894,-1010,-7359,-3082,-8646,-9068]],"type":"Polygon","properties":{"geoid":"28071","name":"Lafayette"},"id":"28071"},{"arcs":[[-4611,-1235,-1072,-5484,-5509,9088]],"type":"Polygon","properties":{"geoid":"12101","name":"Pasco"},"id":"12101"},{"arcs":[[-4967,-7263,9090,9091,-7707,9092,-4848,-8827,-4734,-4685]],"type":"Polygon","properties":{"geoid":"51077","name":"Grayson"},"id":"51077"},{"arcs":[[-6643,9093,-9026,9094,9095]],"type":"Polygon","properties":{"geoid":"46021","name":"Campbell"},"id":"46021"},{"arcs":[[-5592,-4313]],"type":"Polygon","properties":{"geoid":"51670","name":"Hopewell"},"id":"51670"},{"arcs":[[9096,-332,-8748,-9020,-8250,-8662,-7664]],"type":"Polygon","properties":{"geoid":"17137","name":"Morgan"},"id":"17137"},{"arcs":[[-6681,9097,9098,9099,-7344,-8571]],"type":"Polygon","properties":{"geoid":"19183","name":"Washington"},"id":"19183"},{"arcs":[[9100,-3731,-5723,-8838,-9006]],"type":"Polygon","properties":{"geoid":"48325","name":"Medina"},"id":"48325"},{"arcs":[[-8020,9101,-2161,-7763,-8026]],"type":"Polygon","properties":{"geoid":"20205","name":"Wilson"},"id":"20205"},{"arcs":[[-7410,-8784,-6221,-5314,9102,-8160]],"type":"Polygon","properties":{"geoid":"46059","name":"Hand"},"id":"46059"},{"arcs":[[-765,-4434,-8296,-497,9103,-9083]],"type":"Polygon","properties":{"geoid":"42119","name":"Union"},"id":"42119"},{"arcs":[[-8156,-3894,-2650,-2587,9104,9105]],"type":"Polygon","properties":{"geoid":"48285","name":"Lavaca"},"id":"48285"},{"arcs":[[-3512,9106,-8157,-9106,9107,9108,-7636]],"type":"Polygon","properties":{"geoid":"48177","name":"Gonzales"},"id":"48177"},{"arcs":[[-5702,-6665,9109,9110,-7064,9111]],"type":"Polygon","properties":{"geoid":"40037","name":"Creek"},"id":"40037"},{"arcs":[[-8346,-2776,-1557,-4235,-8990]],"type":"Polygon","properties":{"geoid":"13187","name":"Lumpkin"},"id":"13187"},{"arcs":[[-8896,-8549,-7303,-2518,-5241,-9066]],"type":"Polygon","properties":{"geoid":"29009","name":"Barry"},"id":"29009"},{"arcs":[[-6416,-9082,-6124,-8607,-6550]],"type":"Polygon","properties":{"geoid":"13067","name":"Cobb"},"id":"13067"},{"arcs":[[-8166,-1310,-6204,-5676,-22,-8376,-7648]],"type":"Polygon","properties":{"geoid":"55035","name":"Eau Claire"},"id":"55035"},{"arcs":[[9112,9113,-6231,-4510,-7975]],"type":"Polygon","properties":{"geoid":"19131","name":"Mitchell"},"id":"19131"},{"arcs":[[-7822,-5077,-7954,-1495,-5195,9114]],"type":"Polygon","properties":{"geoid":"21233","name":"Webster"},"id":"21233"},{"arcs":[[-8252,-9021,-7398,-3495,-8531]],"type":"Polygon","properties":{"geoid":"17083","name":"Jersey"},"id":"17083"},{"arcs":[[-4582,-8486,-3851,9115,9116,9117]],"type":"Polygon","properties":{"geoid":"46109","name":"Roberts"},"id":"46109"},{"arcs":[[-6539,-8240,-6258,-8803]],"type":"Polygon","properties":{"geoid":"27065","name":"Kanabec"},"id":"27065"},{"arcs":[[9118,-3873,9119,-4183,-3896,9120]],"type":"Polygon","properties":{"geoid":"26061","name":"Houghton"},"id":"26061"},{"arcs":[[-7925,9121,9122,9123,9124,9125]],"type":"Polygon","properties":{"geoid":"26005","name":"Allegan"},"id":"26005"},{"arcs":[[9126,-2143,-5029,-5021,-8830,9127]],"type":"Polygon","properties":{"geoid":"42077","name":"Lehigh"},"id":"42077"},{"arcs":[[-7353,9128,9129,-6268,-7216]],"type":"Polygon","properties":{"geoid":"39019","name":"Carroll"},"id":"39019"},{"arcs":[[9130,-5985,-7383,-8936,9131,-8907]],"type":"Polygon","properties":{"geoid":"26117","name":"Montcalm"},"id":"26117"},{"arcs":[[-2946,-7875,-6091,-7794,-2157]],"type":"Polygon","properties":{"geoid":"20011","name":"Bourbon"},"id":"20011"},{"arcs":[[9132,-4818,-8128,-7202,9133,9134]],"type":"Polygon","properties":{"geoid":"56011","name":"Crook"},"id":"56011"},{"arcs":[[-8787,9135,9136,-2556]],"type":"Polygon","properties":{"geoid":"55089","name":"Ozaukee"},"id":"55089"},{"arcs":[[-9047,-4715,-4132,9137,-6226,-8933]],"type":"Polygon","properties":{"geoid":"19043","name":"Clayton"},"id":"19043"},{"arcs":[[9138,9139,-4661,-7631,9140,-8478]],"type":"Polygon","properties":{"geoid":"40091","name":"McIntosh"},"id":"40091"},{"arcs":[[-8756,9141,9142,-8100,9143]],"type":"Polygon","properties":{"geoid":"48097","name":"Cooke"},"id":"48097"},{"arcs":[[-7947,-5639,-6644,-9096,9144,-1861,-5251,-6973]],"type":"Polygon","properties":{"geoid":"46031","name":"Corson"},"id":"46031"},{"arcs":[[-6029,-6425,9145,-8869,9146,-9129,-7352]],"type":"Polygon","properties":{"geoid":"39029","name":"Columbiana"},"id":"39029"},{"arcs":[[-4209,-3151,9147,-5380,-4268]],"type":"Polygon","properties":{"geoid":"51135","name":"Nottoway"},"id":"51135"},{"arcs":[[9148,-5065,-5935,9149,-7024,-8878]],"type":"Polygon","properties":{"geoid":"48249","name":"Jim Wells"},"id":"48249"},{"arcs":[[9150,9151,-7179,-7288,9152]],"type":"Polygon","properties":{"geoid":"17103","name":"Lee"},"id":"17103"},{"arcs":[[-8039,-7389,9153,-7996,9154]],"type":"Polygon","properties":{"geoid":"31151","name":"Saline"},"id":"31151"},{"arcs":[[-8454,-365,-3338,-7750]],"type":"Polygon","properties":{"geoid":"37071","name":"Gaston"},"id":"37071"},{"arcs":[[-8525,-1836,-2849,-6612,9155]],"type":"Polygon","properties":{"geoid":"17089","name":"Kane"},"id":"17089"},{"arcs":[[-5243,-6237,-8650,-6877]],"type":"Polygon","properties":{"geoid":"05143","name":"Washington"},"id":"05143"},{"arcs":[[-6164,9156,-6807,-6919,9157,9158]],"type":"Polygon","properties":{"geoid":"26049","name":"Genesee"},"id":"26049"},{"arcs":[[-909,-6341,-7617,-5351,-5571,-8666,-7826]],"type":"Polygon","properties":{"geoid":"31033","name":"Cheyenne"},"id":"31033"},{"arcs":[[-156,-7318,-7351,-7132,-6442]],"type":"Polygon","properties":{"geoid":"39153","name":"Summit"},"id":"39153"},{"arcs":[[-2024,-8371,-7984,-2980,-7957,-2978]],"type":"Polygon","properties":{"geoid":"27113","name":"Pennington"},"id":"27113"},{"arcs":[[-8658,9159,9160,-5438]],"type":"Polygon","properties":{"geoid":"13055","name":"Chattooga"},"id":"13055"},{"arcs":[[-9104,-496,-2473,-9084]],"type":"Polygon","properties":{"geoid":"42109","name":"Snyder"},"id":"42109"},{"arcs":[[-5646,-6265,-9000,-4861,-5650]],"type":"Polygon","properties":{"geoid":"48415","name":"Scurry"},"id":"48415"},{"arcs":[[-2435,9161,-9078,-1012]],"type":"Polygon","properties":{"geoid":"08039","name":"Elbert"},"id":"08039"},{"arcs":[[-8007,9162,9163,-8507,-5388]],"type":"Polygon","properties":{"geoid":"31153","name":"Sarpy"},"id":"31153"},{"arcs":[[9164,-7501,-7607,-6939]],"type":"Polygon","properties":{"geoid":"29229","name":"Wright"},"id":"29229"},{"arcs":[[-1516,9165,9166,-8461,-6607,-6738]],"type":"Polygon","properties":{"geoid":"13287","name":"Turner"},"id":"13287"},{"arcs":[[9167,-5222,-5493,9168,-8500,9169,-6721,-6675]],"type":"Polygon","properties":{"geoid":"40007","name":"Beaver"},"id":"40007"},{"arcs":[[-8708,-6984,-4891,-7467,-6112]],"type":"Polygon","properties":{"geoid":"20165","name":"Rush"},"id":"20165"},{"arcs":[[-9095,-9025,-8696,9170,-1862,-9145]],"type":"Polygon","properties":{"geoid":"46129","name":"Walworth"},"id":"46129"},{"arcs":[[-6799,-7792,9171,-9054]],"type":"Polygon","properties":{"geoid":"31073","name":"Gosper"},"id":"31073"},{"arcs":[[-9170,-8499,-7207,-4150,-6722]],"type":"Polygon","properties":{"geoid":"48295","name":"Lipscomb"},"id":"48295"},{"arcs":[[-5262,-5223,-9168,-6674,9172]],"type":"Polygon","properties":{"geoid":"20175","name":"Seward"},"id":"20175"},{"arcs":[[9173,-8416,-8557,-6445,-1414]],"type":"Polygon","properties":{"geoid":"13003","name":"Atkinson"},"id":"13003"},{"arcs":[[9174,-8362,-5529,9175,9176]],"type":"Polygon","properties":{"geoid":"54069","name":"Ohio"},"id":"54069"},{"arcs":[[-8632,-1117,-4668,-2125,-8619,-7786]],"type":"Polygon","properties":{"geoid":"28091","name":"Marion"},"id":"28091"},{"arcs":[[-4763,-7266,-6049,9177,9178,-923,-5296,-6295]],"type":"Polygon","properties":{"geoid":"32017","name":"Lincoln"},"id":"32017"},{"arcs":[[-6310,-3193,9179,-5050,9180]],"type":"Polygon","properties":{"geoid":"48189","name":"Hale"},"id":"48189"},{"arcs":[[-6496,9181,9182,-5805,-8924,-7840]],"type":"Polygon","properties":{"geoid":"21041","name":"Carroll"},"id":"21041"},{"arcs":[[-7859,-3806,9183,-6937,9184,-8590]],"type":"Polygon","properties":{"geoid":"29059","name":"Dallas"},"id":"29059"},{"arcs":[[9185,-4882,-4766,-1320]],"type":"Polygon","properties":{"geoid":"45077","name":"Pickens"},"id":"45077"},{"arcs":[[-7367,-8691,-7554,-6362,-8957,-7574]],"type":"Polygon","properties":{"geoid":"39137","name":"Putnam"},"id":"39137"},{"arcs":[[9186,-7659,9187,-8388,-6640,9188]],"type":"Polygon","properties":{"geoid":"38043","name":"Kidder"},"id":"38043"},{"arcs":[[-7687,-6241,-8686,-8134,-7755]],"type":"Polygon","properties":{"geoid":"46057","name":"Hamlin"},"id":"46057"},{"arcs":[[-7645,-6557,9189,-8468,-7186,-7232]],"type":"Polygon","properties":{"geoid":"40039","name":"Custer"},"id":"40039"},{"arcs":[[-7375,9190,9191,-7657]],"type":"Polygon","properties":{"geoid":"38031","name":"Foster"},"id":"38031"},{"arcs":[[-6318,-3629,-2453,-7643,-3619,-4295,-602]],"type":"Polygon","properties":{"geoid":"32013","name":"Humboldt"},"id":"32013"},{"arcs":[[9192,-8405,-7939,9193,-7160,-6824]],"type":"Polygon","properties":{"geoid":"40003","name":"Alfalfa"},"id":"40003"},{"arcs":[[-6621,-6458,9194,-7379,-5983]],"type":"Polygon","properties":{"geoid":"26111","name":"Midland"},"id":"26111"},{"arcs":[[-7839,-1691,-3370,9195,-6573]],"type":"Polygon","properties":{"geoid":"47099","name":"Lawrence"},"id":"47099"},{"arcs":[[-7563,-856,-8034,-9027,-8084]],"type":"Polygon","properties":{"geoid":"18045","name":"Fountain"},"id":"18045"},{"arcs":[[9196,-9118,9197,-8540]],"type":"Polygon","properties":{"geoid":"46091","name":"Marshall"},"id":"46091"},{"arcs":[[-4168,-7014,-8752,-147,-7797,-6856,9198]],"type":"Polygon","properties":{"geoid":"19187","name":"Webster"},"id":"19187"},{"arcs":[[-8847,-8459,-6367,-7295,-7958,-3803,-8139]],"type":"Polygon","properties":{"geoid":"29131","name":"Miller"},"id":"29131"},{"arcs":[[9199,9200,-8145,-8698,-8528,9201,9202]],"type":"Polygon","properties":{"geoid":"55127","name":"Walworth"},"id":"55127"},{"arcs":[[-8910,-7697,-7729,-5277,-6846]],"type":"Polygon","properties":{"geoid":"39139","name":"Richland"},"id":"39139"},{"arcs":[[-5085,-8679,-1292,-5193,-8844]],"type":"Polygon","properties":{"geoid":"13131","name":"Grady"},"id":"13131"},{"arcs":[[-9116,-3850,-2528,-6239,-7686,9203]],"type":"Polygon","properties":{"geoid":"46051","name":"Grant"},"id":"46051"},{"arcs":[[-9052,-7992,-6348,-8919,-4463]],"type":"Polygon","properties":{"geoid":"39135","name":"Preble"},"id":"39135"},{"arcs":[[-8861,-8064,-8309,-7007,-9011]],"type":"Polygon","properties":{"geoid":"35019","name":"Guadalupe"},"id":"35019"},{"arcs":[[-7798,-151,9204,-7122,-7759]],"type":"Polygon","properties":{"geoid":"19049","name":"Dallas"},"id":"19049"},{"arcs":[[9205,-423,-5368]],"type":"Polygon","properties":{"geoid":"24510","name":"Baltimore"},"id":"24510"},{"arcs":[[9206,-6486,9207,-9074,9208,-7390,-6886]],"type":"Polygon","properties":{"geoid":"31173","name":"Thurston"},"id":"31173"},{"arcs":[[-6094,-7651,9209,-2031]],"type":"Polygon","properties":{"geoid":"55109","name":"St. Croix"},"id":"55109"},{"arcs":[[-8080,-327,-9097,-7663,-7278]],"type":"Polygon","properties":{"geoid":"17009","name":"Brown"},"id":"17009"},{"arcs":[[-3383,-7075,-7551,-3978,9210,-9001]],"type":"Polygon","properties":{"geoid":"18095","name":"Madison"},"id":"18095"},{"arcs":[[9211,-8526,-9156,-6615,-7172,-9152,9212]],"type":"Polygon","properties":{"geoid":"17037","name":"DeKalb"},"id":"17037"},{"arcs":[[-110,-6858,-2906,-7354,-4961]],"type":"Polygon","properties":{"geoid":"19161","name":"Sac"},"id":"19161"},{"arcs":[[-7632,-52,-8556,9213]],"type":"Polygon","properties":{"geoid":"40077","name":"Latimer"},"id":"40077"},{"arcs":[[9214,-8816,9215,9216,-9098,-6680]],"type":"Polygon","properties":{"geoid":"19103","name":"Johnson"},"id":"19103"},{"arcs":[[-7484,-10,9217,9218,9219]],"type":"Polygon","properties":{"geoid":"29227","name":"Worth"},"id":"29227"},{"arcs":[[-5817,-5480,-7506,-3438,-5067,-3088,-2218]],"type":"Polygon","properties":{"geoid":"54101","name":"Webster"},"id":"54101"},{"arcs":[[9220,-3948,-4537,-8243,-8903,-6107]],"type":"Polygon","properties":{"geoid":"01007","name":"Bibb"},"id":"01007"},{"arcs":[[-9061,-8875,-7709,-4873,-5552,-7129]],"type":"Polygon","properties":{"geoid":"20029","name":"Cloud"},"id":"20029"},{"arcs":[[9221,9222,-6719,-4349,-7073,-8651]],"type":"Polygon","properties":{"geoid":"18169","name":"Wabash"},"id":"18169"},{"arcs":[[9223,-6761,9224,-8594,-6470]],"type":"Polygon","properties":{"geoid":"36097","name":"Schuyler"},"id":"36097"},{"arcs":[[-4172,-4975,-3862,-2204,-8417,-4979]],"type":"Polygon","properties":{"geoid":"33003","name":"Carroll"},"id":"33003"},{"arcs":[[-6296,-4488,-5459,-7990]],"type":"Polygon","properties":{"geoid":"32009","name":"Esmeralda"},"id":"32009"},{"arcs":[[-1481,-7214,-7889,-5774,9225]],"type":"Polygon","properties":{"geoid":"38033","name":"Golden Valley"},"id":"38033"},{"arcs":[[-7018,-8269,-8633,-7714,-8032]],"type":"Polygon","properties":{"geoid":"18063","name":"Hendricks"},"id":"18063"},{"arcs":[[-980,9226,-3068,9227]],"type":"Polygon","properties":{"geoid":"19141","name":"O'Brien"},"id":"19141"},{"arcs":[[9228,-9202,-8527,-9212,-6482]],"type":"Polygon","properties":{"geoid":"17007","name":"Boone"},"id":"17007"},{"arcs":[[-9070,-70,-5252,-1809,9229,-2846]],"type":"Polygon","properties":{"geoid":"20199","name":"Wallace"},"id":"20199"},{"arcs":[[-7691,-7847,-6051,9230,-8603]],"type":"Polygon","properties":{"geoid":"01133","name":"Winston"},"id":"01133"},{"arcs":[[-8035,-6794,-1758,9231,-72,-7031]],"type":"Polygon","properties":{"geoid":"47183","name":"Weakley"},"id":"47183"},{"arcs":[[9232,9233,-8916,-6818,9234,-920]],"type":"Polygon","properties":{"geoid":"28129","name":"Smith"},"id":"28129"},{"arcs":[[-7922,-7271,9235,-7609,-8372,-1007]],"type":"Polygon","properties":{"geoid":"28117","name":"Prentiss"},"id":"28117"},{"arcs":[[-9195,-6457,-6165,-9159,9236,-7380]],"type":"Polygon","properties":{"geoid":"26145","name":"Saginaw"},"id":"26145"},{"arcs":[[-3767,-7078,-8237,-6537]],"type":"Polygon","properties":{"geoid":"27017","name":"Carlton"},"id":"27017"},{"arcs":[[-414,-4400,-7654,-3034,-7285]],"type":"Polygon","properties":{"geoid":"27093","name":"Meeker"},"id":"27093"},{"arcs":[[9237,9238,9239]],"type":"Polygon","properties":{"geoid":"04023","name":"Santa Cruz"},"id":"04023"},{"arcs":[[-691,-2229,-4577,9240,-6035,-8319,-7157]],"type":"Polygon","properties":{"geoid":"54077","name":"Preston"},"id":"54077"},{"arcs":[[9241,-6929,-2637,-811,-2,-8874]],"type":"Polygon","properties":{"geoid":"20117","name":"Marshall"},"id":"20117"},{"arcs":[[-3240,9242,-9189,-6639,-3713,9243]],"type":"Polygon","properties":{"geoid":"38015","name":"Burleigh"},"id":"38015"},{"arcs":[[-2759,-8575,-5074,-8207]],"type":"Polygon","properties":{"geoid":"18163","name":"Vanderburgh"},"id":"18163"},{"arcs":[[-4027,9244,-4030,9245]],"type":"Polygon","properties":{"geoid":"02230","name":"Skagway"},"id":"02230"},{"arcs":[[9246,-8684,-3727,-9101,-9005,9247]],"type":"Polygon","properties":{"geoid":"48019","name":"Bandera"},"id":"48019"},{"arcs":[[9248,-6011,-2305,-1930,-38,-4506,9249,-6423]],"type":"Polygon","properties":{"geoid":"42019","name":"Butler"},"id":"42019"},{"arcs":[[-4317,-4169,-9199,-6855,-109]],"type":"Polygon","properties":{"geoid":"19151","name":"Pocahontas"},"id":"19151"},{"arcs":[[9250,9251,-2264,-6440,-558,-8402]],"type":"Polygon","properties":{"geoid":"42115","name":"Susquehanna"},"id":"42115"},{"arcs":[[-2940,-548,9252,-3456,-3357,-1913]],"type":"Polygon","properties":{"geoid":"06115","name":"Yuba"},"id":"06115"},{"arcs":[[[-5931,9253,-3839,9254]],[[-5934,9255,-3843,-7025,-9150]]],"type":"MultiPolygon","properties":{"geoid":"48273","name":"Kleberg"},"id":"48273"},{"arcs":[[9256,-8918,-4429,-898,-6075]],"type":"Polygon","properties":{"geoid":"20059","name":"Franklin"},"id":"20059"},{"arcs":[[-8839,-2692,-1108,-2831]],"type":"Polygon","properties":{"geoid":"48283","name":"La Salle"},"id":"48283"},{"arcs":[[9257,-5922,-7906,-2939,9258,-7744]],"type":"Polygon","properties":{"geoid":"20151","name":"Pratt"},"id":"20151"},{"arcs":[[-8668,9259,-1544,9260]],"type":"Polygon","properties":{"geoid":"08087","name":"Morgan"},"id":"08087"},{"arcs":[[-7891,-7949,9261,-5776]],"type":"Polygon","properties":{"geoid":"38011","name":"Bowman"},"id":"38011"},{"arcs":[[-8776,-2562,-4310,-2187,-4134,-5546]],"type":"Polygon","properties":{"geoid":"45039","name":"Fairfield"},"id":"45039"},{"arcs":[[-6993,-3310,-5186,-5325]],"type":"Polygon","properties":{"geoid":"47169","name":"Trousdale"},"id":"47169"},{"arcs":[[-6134,9262,-1542,-873]],"type":"Polygon","properties":{"geoid":"08014","name":"Broomfield"},"id":"08014"},{"arcs":[[-8591,-9185,-6941,-6489,-8548,-8205]],"type":"Polygon","properties":{"geoid":"29077","name":"Greene"},"id":"29077"},{"arcs":[[9263,-7751,-6962,9264,9265,-9113,-7974,-7525]],"type":"Polygon","properties":{"geoid":"27099","name":"Mower"},"id":"27099"},{"arcs":[[9266,-6012,-9249,-6422,-6027,-7884]],"type":"Polygon","properties":{"geoid":"42085","name":"Mercer"},"id":"42085"},{"arcs":[[9267,-4389,-1183,-8343,-6914]],"type":"Polygon","properties":{"geoid":"21137","name":"Lincoln"},"id":"21137"},{"arcs":[[-5492,9268,-6827,-7737,-8498,-9169]],"type":"Polygon","properties":{"geoid":"40059","name":"Harper"},"id":"40059"},{"arcs":[[-7355,-8825,-5631,9269,-8146]],"type":"Polygon","properties":{"geoid":"19165","name":"Shelby"},"id":"19165"},{"arcs":[[-9146,-6424,-9250,-4508,-5532,-8870]],"type":"Polygon","properties":{"geoid":"42007","name":"Beaver"},"id":"42007"},{"arcs":[[-5848,-7833,-1379,-6758,-1250,9270,-516,9271,-8315]],"type":"Polygon","properties":{"geoid":"31031","name":"Cherry"},"id":"31031"},{"arcs":[[-8349,-7175,-7728,9272,-8534,-6150]],"type":"Polygon","properties":{"geoid":"17203","name":"Woodford"},"id":"17203"},{"arcs":[[9273,-9176,-5534,-5842,-3430,-8432]],"type":"Polygon","properties":{"geoid":"54051","name":"Marshall"},"id":"54051"},{"arcs":[[-7977,9274,9275,-8551,-9038,-8820]],"type":"Polygon","properties":{"geoid":"55139","name":"Winnebago"},"id":"55139"},{"arcs":[[-9232,-1757,-5732,9276,-8115,-8955,-73]],"type":"Polygon","properties":{"geoid":"47017","name":"Carroll"},"id":"47017"},{"arcs":[[-7228,-2059,-7895,-9032,9277]],"type":"Polygon","properties":{"geoid":"29221","name":"Washington"},"id":"29221"},{"arcs":[[-8831,-5024,-4951,-6097,-1484,-3761]],"type":"Polygon","properties":{"geoid":"42029","name":"Chester"},"id":"42029"},{"arcs":[[-9124,9278,-7482,-8154,9279]],"type":"Polygon","properties":{"geoid":"26077","name":"Kalamazoo"},"id":"26077"},{"arcs":[[-4796,-933,-4099,9280]],"type":"Polygon","properties":{"geoid":"48111","name":"Dallam"},"id":"48111"},{"arcs":[[9281,-8457,-8693,-8834,-8363]],"type":"Polygon","properties":{"geoid":"18033","name":"DeKalb"},"id":"18033"},{"arcs":[[-6429,-8593,-6357,-1626,-7218,-6144]],"type":"Polygon","properties":{"geoid":"29175","name":"Randolph"},"id":"29175"},{"arcs":[[9282,9283,9284,9285,9286,-6741]],"type":"Polygon","properties":{"geoid":"51710","name":"Norfolk"},"id":"51710"},{"arcs":[[-7831,-8797,-8180,-8917,-9234]],"type":"Polygon","properties":{"geoid":"28061","name":"Jasper"},"id":"28061"},{"arcs":[[9287,-6212,-8140,-3808,-7858,9288]],"type":"Polygon","properties":{"geoid":"29015","name":"Benton"},"id":"29015"},{"arcs":[[-7229,-9278,-9031,-9041,9289,-6601]],"type":"Polygon","properties":{"geoid":"29055","name":"Crawford"},"id":"29055"},{"arcs":[[-618,9290,9291,-9153,-7287,-8096,9292]],"type":"Polygon","properties":{"geoid":"17195","name":"Whiteside"},"id":"17195"},{"arcs":[[-1393,-2426,-8970,-5047,9293,9294,-8962]],"type":"Polygon","properties":{"geoid":"56007","name":"Carbon"},"id":"56007"},{"arcs":[[9295,-7237,-8664,-8122,9296,-8390]],"type":"Polygon","properties":{"geoid":"38045","name":"LaMoure"},"id":"38045"},{"arcs":[[9297,-7999,-9060,-8131]],"type":"Polygon","properties":{"geoid":"31169","name":"Thayer"},"id":"31169"},{"arcs":[[-7778,9298,-455,-7689,-7610,-9236,-7270]],"type":"Polygon","properties":{"geoid":"28141","name":"Tishomingo"},"id":"28141"},{"arcs":[[9299,-8843,-7462,-8501,-8864,-6345]],"type":"Polygon","properties":{"geoid":"39057","name":"Greene"},"id":"39057"},{"arcs":[[-2995,-2870,-6010,-9267,-7883,9300]],"type":"Polygon","properties":{"geoid":"42039","name":"Crawford"},"id":"42039"},{"arcs":[[-2599,-8248,-7620,-8188,-8836]],"type":"Polygon","properties":{"geoid":"19127","name":"Marshall"},"id":"19127"},{"arcs":[[-7783,-8458,-9282,-7248,-6004]],"type":"Polygon","properties":{"geoid":"18151","name":"Steuben"},"id":"18151"},{"arcs":[[-68,9301,-7588,-5828,-6488,-5253]],"type":"Polygon","properties":{"geoid":"20171","name":"Scott"},"id":"20171"},{"arcs":[[-1110,-8879,-7026,-5548,-8576]],"type":"Polygon","properties":{"geoid":"48247","name":"Jim Hogg"},"id":"48247"},{"arcs":[[-6394,-7594,-6764,-8277,9302]],"type":"Polygon","properties":{"geoid":"17199","name":"Williamson"},"id":"17199"},{"arcs":[[-7571,-7183,-9012,-7011,-3921,9303]],"type":"Polygon","properties":{"geoid":"35053","name":"Socorro"},"id":"35053"},{"arcs":[[-1515,-3380,9304,9305,-9166]],"type":"Polygon","properties":{"geoid":"13017","name":"Ben Hill"},"id":"13017"},{"arcs":[[-8285,-6395,-9303,-8276,-5684,-9040]],"type":"Polygon","properties":{"geoid":"17077","name":"Jackson"},"id":"17077"},{"arcs":[[-4443,-7788,-8618,-6408,-9008,9306,9307]],"type":"Polygon","properties":{"geoid":"28085","name":"Lincoln"},"id":"28085"},{"arcs":[[-8147,-9270,-5636,-6646,9308,-9163,-8006,-8356]],"type":"Polygon","properties":{"geoid":"19155","name":"Pottawattamie"},"id":"19155"},{"arcs":[[-8541,-9198,-9117,-9204,-7685,-7754,-8783]],"type":"Polygon","properties":{"geoid":"46037","name":"Day"},"id":"46037"},{"arcs":[[-9108,-9105,-2586,-4991,9309]],"type":"Polygon","properties":{"geoid":"48123","name":"DeWitt"},"id":"48123"},{"arcs":[[9310,-9044,-8043,9311,-8046,-7450]],"type":"Polygon","properties":{"geoid":"20127","name":"Morris"},"id":"20127"},{"arcs":[[-7970,-7037,-3228,9312,-8857]],"type":"Polygon","properties":{"geoid":"21053","name":"Clinton"},"id":"21053"},{"arcs":[[-7921,-5505,-480,-2513]],"type":"Polygon","properties":{"geoid":"51510","name":"Alexandria"},"id":"51510"},{"arcs":[[-2501,9313,-6248,-8988,-8435]],"type":"Polygon","properties":{"geoid":"18131","name":"Pulaski"},"id":"18131"},{"arcs":[[-9081,-8991,-4239,-4788,-6126]],"type":"Polygon","properties":{"geoid":"13117","name":"Forsyth"},"id":"13117"},{"arcs":[[-8441,9314,9315,-8300,9316,9317]],"type":"Polygon","properties":{"geoid":"20103","name":"Leavenworth"},"id":"20103"},{"arcs":[[-8509,9318,-8960,-8323,9319]],"type":"Polygon","properties":{"geoid":"19071","name":"Fremont"},"id":"19071"},{"arcs":[[-8423,-6977,-4930,-187,-4189,9320,-7912,-7044]],"type":"Polygon","properties":{"geoid":"25003","name":"Berkshire"},"id":"25003"},{"arcs":[[-9110,-6664,-3109,-4662,-9140,9321]],"type":"Polygon","properties":{"geoid":"40111","name":"Okmulgee"},"id":"40111"},{"arcs":[[-8824,-5478,-2697,-7466,-5026]],"type":"Polygon","properties":{"geoid":"42047","name":"Elk"},"id":"42047"},{"arcs":[[-7382,9322,9323,9324,-8937]],"type":"Polygon","properties":{"geoid":"26037","name":"Clinton"},"id":"26037"},{"arcs":[[-8560,9325,9326,-5391,-7385,-8038,-8989]],"type":"Polygon","properties":{"geoid":"31023","name":"Butler"},"id":"31023"},{"arcs":[[-6996,9327,-9289,-7857,-8589,9328,-6087]],"type":"Polygon","properties":{"geoid":"29185","name":"St. Clair"},"id":"29185"},{"arcs":[[9329,-9125,-9280,-6291,-8382]],"type":"Polygon","properties":{"geoid":"26159","name":"Van Buren"},"id":"26159"},{"arcs":[[9330,-7049,9331,-5741,-3042,-8987]],"type":"Polygon","properties":{"geoid":"21161","name":"Mason"},"id":"21161"},{"arcs":[[-5997,-8639,-4838,-3077,9332]],"type":"Polygon","properties":{"geoid":"19007","name":"Appanoose"},"id":"19007"},{"arcs":[[-6114,-7469,9333,-2503,-1406,-5831]],"type":"Polygon","properties":{"geoid":"20083","name":"Hodgeman"},"id":"20083"},{"arcs":[[-6561,9334,-7477,-7304,-7452,-6502,-6975]],"type":"Polygon","properties":{"geoid":"48133","name":"Eastland"},"id":"48133"},{"arcs":[[9335,-8939,9336,-7479,-9279,-9123]],"type":"Polygon","properties":{"geoid":"26015","name":"Barry"},"id":"26015"},{"arcs":[[-49,-9058,-7260,-730,-2791,-994]],"type":"Polygon","properties":{"geoid":"05113","name":"Polk"},"id":"05113"},{"arcs":[[-2861,-7542,-5974,-6933,-5616,-4919,-8574,-3057]],"type":"Polygon","properties":{"geoid":"18037","name":"Dubois"},"id":"18037"},{"arcs":[[-1545,-9260,-8667,-6893,-2843,9337,-2433]],"type":"Polygon","properties":{"geoid":"08121","name":"Washington"},"id":"08121"},{"arcs":[[-235,9338,9339,-5535]],"type":"Polygon","properties":{"geoid":"48375","name":"Potter"},"id":"48375"},{"arcs":[[-8097,-7291,-8350,-6148,-7149]],"type":"Polygon","properties":{"geoid":"17175","name":"Stark"},"id":"17175"},{"arcs":[[-150,-8837,-8191,-7350,9340,-9205]],"type":"Polygon","properties":{"geoid":"19153","name":"Polk"},"id":"19153"},{"arcs":[[9341,9342,-3833,-8965,9343,-7937]],"type":"Polygon","properties":{"geoid":"40071","name":"Kay"},"id":"40071"},{"arcs":[[-4326,-1538,-3664,-8359,-7581,-316,-1958]],"type":"Polygon","properties":{"geoid":"53059","name":"Skamania"},"id":"53059"},{"arcs":[[-5433,-4526,-5289,9344,-9240,9345,-3344]],"type":"Polygon","properties":{"geoid":"04019","name":"Pima"},"id":"04019"},{"arcs":[[-3010,-8522,-8299,-6666,9346]],"type":"Polygon","properties":{"geoid":"01017","name":"Chambers"},"id":"01017"},{"arcs":[[-8010,9347,-8927,-6183,9348,-7531,-6399]],"type":"Polygon","properties":{"geoid":"17023","name":"Clark"},"id":"17023"},{"arcs":[[-6716,-6376,-5456,-4672,-4653,-3360]],"type":"Polygon","properties":{"geoid":"32005","name":"Douglas"},"id":"32005"},{"arcs":[[-1805,-5095,-1956,-2315,-5326]],"type":"Polygon","properties":{"geoid":"45011","name":"Barnwell"},"id":"45011"},{"arcs":[[-2751,-8070,9349,-2249]],"type":"Polygon","properties":{"geoid":"18043","name":"Floyd"},"id":"18043"},{"arcs":[[-5595,-8975,-5593,-4311,-3147]],"type":"Polygon","properties":{"geoid":"51730","name":"Petersburg"},"id":"51730"},{"arcs":[[-8383,-6294,9350,-7838,-2499,-6331]],"type":"Polygon","properties":{"geoid":"18141","name":"St. Joseph"},"id":"18141"},{"arcs":[[-7084,-2336,-6474,9351,-8822,-2409]],"type":"Polygon","properties":{"geoid":"36003","name":"Allegany"},"id":"36003"},{"arcs":[[-4968,-1776,-4969]],"type":"Polygon","properties":{"geoid":"51520","name":"Bristol"},"id":"51520"},{"arcs":[[-9231,-6054,-4965,-3945,9352,-7853,-8604]],"type":"Polygon","properties":{"geoid":"01127","name":"Walker"},"id":"01127"},{"arcs":[[-6162,-3028,9353,-892,9354]],"type":"Polygon","properties":{"geoid":"26151","name":"Sanilac"},"id":"26151"},{"arcs":[[-8755,-5748,-1567,-8217,-8192,9355,-9142]],"type":"Polygon","properties":{"geoid":"48181","name":"Grayson"},"id":"48181"},{"arcs":[[-8537,-7624,-3289,-521,-2121,-7225]],"type":"Polygon","properties":{"geoid":"41053","name":"Polk"},"id":"41053"},{"arcs":[[-8351,-1574,-8620,-2308,-6041]],"type":"Polygon","properties":{"geoid":"05111","name":"Poinsett"},"id":"05111"},{"arcs":[[-8339,-5674,-8758,-4977,-2291]],"type":"Polygon","properties":{"geoid":"50017","name":"Orange"},"id":"50017"},{"arcs":[[-3368,9356,-3689,9357,-7845,9358]],"type":"Polygon","properties":{"geoid":"01083","name":"Limestone"},"id":"01083"},{"arcs":[[-4852,-8216,-6283,-5608,-3480,9359]],"type":"Polygon","properties":{"geoid":"37067","name":"Forsyth"},"id":"37067"},{"arcs":[[9360,-1285,-3800,-2074,9361,-2770]],"type":"Polygon","properties":{"geoid":"37185","name":"Warren"},"id":"37185"},{"arcs":[[-3117,-2657,-7849,9362,-5642]],"type":"Polygon","properties":{"geoid":"21087","name":"Green"},"id":"21087"},{"arcs":[[9363,-4688,-7765,-5344,-4212,-2396,-2299]],"type":"Polygon","properties":{"geoid":"37011","name":"Avery"},"id":"37011"},{"arcs":[[-6378,-3134,-8996,-9036,9364,9365]],"type":"Polygon","properties":{"geoid":"30037","name":"Golden Valley"},"id":"30037"},{"arcs":[[-5190,-3579,9366,-7766,-1383]],"type":"Polygon","properties":{"geoid":"28059","name":"Jackson"},"id":"28059"},{"arcs":[[-1225,-3498,-7227,-6599,-7656]],"type":"Polygon","properties":{"geoid":"29219","name":"Warren"},"id":"29219"},{"arcs":[[-1772,-1040,-1713,-6987,-3684,-9357,-3367]],"type":"Polygon","properties":{"geoid":"47103","name":"Lincoln"},"id":"47103"},{"arcs":[[-6742,-9287,9367,-1418,-5125,-6618]],"type":"Polygon","properties":{"geoid":"51550","name":"Chesapeake"},"id":"51550"},{"arcs":[[-4324,-4629,-4959,-436,-464]],"type":"Polygon","properties":{"geoid":"22003","name":"Allen"},"id":"22003"},{"arcs":[[-8225,-3011,-9347,-6668,-1892,-700,-8088]],"type":"Polygon","properties":{"geoid":"01123","name":"Tallapoosa"},"id":"01123"},{"arcs":[[-6609,-8463,-1660,-5230,-8678,-5083]],"type":"Polygon","properties":{"geoid":"13071","name":"Colquitt"},"id":"13071"},{"arcs":[[-6120,-8354,-9039,-7121,9368,-1074]],"type":"Polygon","properties":{"geoid":"55021","name":"Columbia"},"id":"55021"},{"arcs":[[-5634,-8677,-810,-7483,-6647]],"type":"Polygon","properties":{"geoid":"19003","name":"Adams"},"id":"19003"},{"arcs":[[-1059,-4846,-3542,-2780]],"type":"Polygon","properties":{"geoid":"13125","name":"Glascock"},"id":"13125"},{"arcs":[[-9277,-5731,-5659,-6571,-7776,-8116]],"type":"Polygon","properties":{"geoid":"47039","name":"Decatur"},"id":"47039"},{"arcs":[[-7320,-6229,-8330,-8814,-9215,-8076]],"type":"Polygon","properties":{"geoid":"19113","name":"Linn"},"id":"19113"},{"arcs":[[9369,-4819,-9133,9370,-137,-3905,-5521]],"type":"Polygon","properties":{"geoid":"30075","name":"Powder River"},"id":"30075"},{"arcs":[[9371,-6332,-8434,-3771]],"type":"Polygon","properties":{"geoid":"18127","name":"Porter"},"id":"18127"},{"arcs":[[-1360,-7622,-4390,-9268,-6913,-5784]],"type":"Polygon","properties":{"geoid":"21021","name":"Boyle"},"id":"21021"},{"arcs":[[-975,-5885,-8969,-2098,-4125]],"type":"Polygon","properties":{"geoid":"16047","name":"Gooding"},"id":"16047"},{"arcs":[[-6762,-9224,-6469,-7951]],"type":"Polygon","properties":{"geoid":"36123","name":"Yates"},"id":"36123"},{"arcs":[[9372,9373,-5162,-4573,-3212]],"type":"Polygon","properties":{"geoid":"21215","name":"Spencer"},"id":"21215"},{"arcs":[[9374,-6372,-8515,-8427,-7790]],"type":"Polygon","properties":{"geoid":"31099","name":"Kearney"},"id":"31099"},{"arcs":[[-8510,-9320,-8327,9375,-7139,-7387]],"type":"Polygon","properties":{"geoid":"31131","name":"Otoe"},"id":"31131"},{"arcs":[[-1715,9376,-6735,-8625,-7892,-4155]],"type":"Polygon","properties":{"geoid":"47047","name":"Fayette"},"id":"47047"},{"arcs":[[-7854,-9353,-3949,-9221,-6106,-3969,-1591]],"type":"Polygon","properties":{"geoid":"01125","name":"Tuscaloosa"},"id":"01125"},{"arcs":[[-3418,-4076,-5818,-2216,-4784]],"type":"Polygon","properties":{"geoid":"54015","name":"Clay"},"id":"54015"},{"arcs":[[-7836,9377,-8365,-6720,-9223,9378]],"type":"Polygon","properties":{"geoid":"18085","name":"Kosciusko"},"id":"18085"},{"arcs":[[-9312,-8045,-8017,9379,-8047]],"type":"Polygon","properties":{"geoid":"20017","name":"Chase"},"id":"20017"},{"arcs":[[-8152,-8659,-5182,-5323,-2495]],"type":"Polygon","properties":{"geoid":"21213","name":"Simpson"},"id":"21213"},{"arcs":[[-7065,-9111,-9322,-9139,-8477,-4596,-5878]],"type":"Polygon","properties":{"geoid":"40107","name":"Okfuskee"},"id":"40107"},{"arcs":[[-9161,9380,-6018,-6530,-8709,-2815,-5439]],"type":"Polygon","properties":{"geoid":"01019","name":"Cherokee"},"id":"01019"},{"arcs":[[9381,-4265,-8368,-2022,-2552]],"type":"Polygon","properties":{"geoid":"27135","name":"Roseau"},"id":"27135"},{"arcs":[[-957,-8665,-4775,-6242,-7834,-7641]],"type":"Polygon","properties":{"geoid":"49003","name":"Box Elder"},"id":"49003"},{"arcs":[[-6384,-8496,-5796,-9085,-6522]],"type":"Polygon","properties":{"geoid":"05065","name":"Izard"},"id":"05065"},{"arcs":[[9382,-7222,-6657,-6851,-3105,-6663]],"type":"Polygon","properties":{"geoid":"40131","name":"Rogers"},"id":"40131"},{"arcs":[[-8778,-6871,-5906,-2427,-82,-1988,-7492]],"type":"Polygon","properties":{"geoid":"33011","name":"Hillsborough"},"id":"33011"},{"arcs":[[-5643,-9363,-7851,-7973,-8953,-7534]],"type":"Polygon","properties":{"geoid":"21169","name":"Metcalfe"},"id":"21169"},{"arcs":[[9383,9384,-6812,-8785,-8552,-9276]],"type":"Polygon","properties":{"geoid":"55015","name":"Calumet"},"id":"55015"},{"arcs":[[9385,9386,-4449,-8301,-9316]],"type":"Polygon","properties":{"geoid":"20209","name":"Wyandotte"},"id":"20209"},{"arcs":[[-970,-3811]],"type":"Polygon","properties":{"geoid":"51630","name":"Fredericksburg"},"id":"51630"},{"arcs":[[9387,-2894,-7494,-7334,-8514,-6792]],"type":"Polygon","properties":{"geoid":"21157","name":"Marshall"},"id":"21157"},{"arcs":[[-518,9388,-6952,9389,-7143,-1340]],"type":"Polygon","properties":{"geoid":"31117","name":"McPherson"},"id":"31117"},{"arcs":[[-3590,-5070,-4071,-4804,9390,-7489]],"type":"Polygon","properties":{"geoid":"51045","name":"Craig"},"id":"51045"},{"arcs":[[-6544,-6181,9391,-9128,-8832,-5661,-5419,-501]],"type":"Polygon","properties":{"geoid":"42107","name":"Schuylkill"},"id":"42107"},{"arcs":[[-4007,-6790,-8306,-3963,-6828]],"type":"Polygon","properties":{"geoid":"01067","name":"Henry"},"id":"01067"},{"arcs":[[-8169,9392,-8175,-1189,-5727,9393,-1459]],"type":"Polygon","properties":{"geoid":"39087","name":"Lawrence"},"id":"39087"},{"arcs":[[-4136,-4145,-1802,9394,-5382]],"type":"Polygon","properties":{"geoid":"45081","name":"Saluda"},"id":"45081"},{"arcs":[[-6088,-9329,-8592,-8203,-6418]],"type":"Polygon","properties":{"geoid":"29039","name":"Cedar"},"id":"29039"},{"arcs":[[-9,9395,-8891,-6623,-7565,9396,-9218]],"type":"Polygon","properties":{"geoid":"29081","name":"Harrison"},"id":"29081"},{"arcs":[[-4820,-3938,-3050,-5708,-5111,9397,-1365,9398]],"type":"Polygon","properties":{"geoid":"22095","name":"St. John the Baptist"},"id":"22095"},{"arcs":[[-1780,9399,-8941,-4142,-3292]],"type":"Polygon","properties":{"geoid":"47179","name":"Washington"},"id":"47179"},{"arcs":[[-4915,-7914,-1735,-89,9400]],"type":"Polygon","properties":{"geoid":"36079","name":"Putnam"},"id":"36079"},{"arcs":[[-1847,-3520,-8615,-7928,-6358,-7553]],"type":"Polygon","properties":{"geoid":"39173","name":"Wood"},"id":"39173"},{"arcs":[[-8242,-2440,-8024,-8023,-6862]],"type":"Polygon","properties":{"geoid":"13231","name":"Pike"},"id":"13231"},{"arcs":[[-7048,9401,-8800,-8170,-5742,-9332]],"type":"Polygon","properties":{"geoid":"39001","name":"Adams"},"id":"39001"},{"arcs":[[-7374,-7454,-8511,-7234,9402,-9191]],"type":"Polygon","properties":{"geoid":"38039","name":"Griggs"},"id":"38039"},{"arcs":[[-8194,-8218,-6131,-1182,-3374,-5557,-8641,-8219]],"type":"Polygon","properties":{"geoid":"48231","name":"Hunt"},"id":"48231"},{"arcs":[[-3704,9403,-9091,-7262,-7820]],"type":"Polygon","properties":{"geoid":"51197","name":"Wythe"},"id":"51197"},{"arcs":[[9404,-5714,-6715,9405,-1376]],"type":"Polygon","properties":{"geoid":"31015","name":"Boyd"},"id":"31015"},{"arcs":[[-5383,-9395,-1801,-2387,-3183,-6058]],"type":"Polygon","properties":{"geoid":"45037","name":"Edgefield"},"id":"45037"},{"arcs":[[-4214,-5343,-8426,9406,-8452]],"type":"Polygon","properties":{"geoid":"37035","name":"Catawba"},"id":"37035"},{"arcs":[[-8915,-537,-8056,9407,-8438,-8689]],"type":"Polygon","properties":{"geoid":"20043","name":"Doniphan"},"id":"20043"},{"arcs":[[9408,-6270,9409,-9177,-9274,-8431,-5117]],"type":"Polygon","properties":{"geoid":"39013","name":"Belmont"},"id":"39013"},{"arcs":[[-6923,-8660,-2497,-116,-8681,-6569,-7004]],"type":"Polygon","properties":{"geoid":"47125","name":"Montgomery"},"id":"47125"},{"arcs":[[-9103,-5319,-7203,-5945,-8161]],"type":"Polygon","properties":{"geoid":"46017","name":"Buffalo"},"id":"46017"},{"arcs":[[9410,-3528,-7487,-3557]],"type":"Polygon","properties":{"geoid":"30101","name":"Toole"},"id":"30101"},{"arcs":[[-3241,-9244,-3712,-7815]],"type":"Polygon","properties":{"geoid":"38065","name":"Oliver"},"id":"38065"},{"arcs":[[9411,-6071,-6631,-4402,-8777,-4514]],"type":"Polygon","properties":{"geoid":"36089","name":"St. Lawrence"},"id":"36089"},{"arcs":[[-9313,-3227,-3309,-1523,-6670,-8858]],"type":"Polygon","properties":{"geoid":"47137","name":"Pickett"},"id":"47137"},{"arcs":[[-7708,-6906,-470,-3377,-1513,-7579]],"type":"Polygon","properties":{"geoid":"13091","name":"Dodge"},"id":"13091"},{"arcs":[[-5990,-7946,9412,-8464,-8260,-8842]],"type":"Polygon","properties":{"geoid":"39049","name":"Franklin"},"id":"39049"},{"arcs":[[-9055,-9172,-7791,-6710,-6894,-8565,-7878]],"type":"Polygon","properties":{"geoid":"31065","name":"Furnas"},"id":"31065"},{"arcs":[[-8943,-664,-7988,-6782,-4718,9413]],"type":"Polygon","properties":{"geoid":"40051","name":"Grady"},"id":"40051"},{"arcs":[[-9259,-2938,-8406,-9193,-6823,9414,-7745]],"type":"Polygon","properties":{"geoid":"20007","name":"Barber"},"id":"20007"},{"arcs":[[-1077,-6852,-4127,-4714,-8673]],"type":"Polygon","properties":{"geoid":"55103","name":"Richland"},"id":"55103"},{"arcs":[[-9088,-8934,-6943,-817]],"type":"Polygon","properties":{"geoid":"19017","name":"Bremer"},"id":"19017"},{"arcs":[[-8316,-9272,-520,-1339,-7616]],"type":"Polygon","properties":{"geoid":"31075","name":"Grant"},"id":"31075"},{"arcs":[[-234,-5462,-4153,-8971,-8950,-9339]],"type":"Polygon","properties":{"geoid":"48065","name":"Carson"},"id":"48065"},{"arcs":[[-4250,-7054,-4709,-3991,-7060]],"type":"Polygon","properties":{"geoid":"12019","name":"Clay"},"id":"12019"},{"arcs":[[9415,-8808,9416,-9251,-8401,-8596]],"type":"Polygon","properties":{"geoid":"36107","name":"Tioga"},"id":"36107"},{"arcs":[[-9394,-5726,-5246,-2583,-1460]],"type":"Polygon","properties":{"geoid":"21019","name":"Boyd"},"id":"21019"},{"arcs":[[-7520,-6483,-9213,-9151,-9292,9417]],"type":"Polygon","properties":{"geoid":"17141","name":"Ogle"},"id":"17141"},{"arcs":[[-662,-5879,-4598,-8480,-6743,9418,-8854,-7986]],"type":"Polygon","properties":{"geoid":"40123","name":"Pontotoc"},"id":"40123"},{"arcs":[[-9216,-8815,-5954,9419,9420]],"type":"Polygon","properties":{"geoid":"19139","name":"Muscatine"},"id":"19139"},{"arcs":[[-2847,-9230,-1808,-7424,9421]],"type":"Polygon","properties":{"geoid":"08017","name":"Cheyenne"},"id":"08017"},{"arcs":[[-515,-7832,-9233,-919,-3413]],"type":"Polygon","properties":{"geoid":"28123","name":"Scott"},"id":"28123"},{"arcs":[[-3080,9422,-7994,-6625,-8890]],"type":"Polygon","properties":{"geoid":"29211","name":"Sullivan"},"id":"29211"},{"arcs":[[9423,-5019,-1587,-5820,-5924,-5501]],"type":"Polygon","properties":{"geoid":"28103","name":"Noxubee"},"id":"28103"},{"arcs":[[-9162,-2434,-9338,-2848,-9422,-7423,-8740,-9079]],"type":"Polygon","properties":{"geoid":"08073","name":"Lincoln"},"id":"08073"},{"arcs":[[-8425,-4565,9424,-3478,-3563,-6351,-367,-8453,-9407]],"type":"Polygon","properties":{"geoid":"37097","name":"Iredell"},"id":"37097"},{"arcs":[[-9160,-8657,9425,-6413,-6013,-9381]],"type":"Polygon","properties":{"geoid":"13115","name":"Floyd"},"id":"13115"},{"arcs":[[-2261,-3304,-841,-5822,-4544]],"type":"Polygon","properties":{"geoid":"48365","name":"Panola"},"id":"48365"},{"arcs":[[-8229,-9228,-4992,-303,-8254]],"type":"Polygon","properties":{"geoid":"19167","name":"Sioux"},"id":"19167"},{"arcs":[[-8348,-8993,-8103,9426,-3210]],"type":"Polygon","properties":{"geoid":"13123","name":"Gilmer"},"id":"13123"},{"arcs":[[-7463,-745,-1234,9427,-8029,-7800]],"type":"Polygon","properties":{"geoid":"20187","name":"Stanton"},"id":"20187"},{"arcs":[[-4453,-6412,-6208,9428,-5155]],"type":"Polygon","properties":{"geoid":"29101","name":"Johnson"},"id":"29101"},{"arcs":[[-7589,-4355,9429,-4177,-7095]],"type":"Polygon","properties":{"geoid":"16009","name":"Benewah"},"id":"16009"},{"arcs":[[-8929,-7602,9430,9431,-4621,9432]],"type":"Polygon","properties":{"geoid":"21191","name":"Pendleton"},"id":"21191"},{"arcs":[[-8959,-7485,-9220,9433,-8053,-535,-8325]],"type":"Polygon","properties":{"geoid":"29147","name":"Nodaway"},"id":"29147"},{"arcs":[[-7392,9434,-8357,-8004,-5386,-9327,9435]],"type":"Polygon","properties":{"geoid":"31053","name":"Dodge"},"id":"31053"},{"arcs":[[-9321,-4188,9436,-4519,-1737,-7913]],"type":"Polygon","properties":{"geoid":"09005","name":"Litchfield"},"id":"09005"},{"arcs":[[-6935,-7377,-8912,-9071,-9064]],"type":"Polygon","properties":{"geoid":"05125","name":"Saline"},"id":"05125"},{"arcs":[[-1612,-4524,-8685,-9247,9437,-8065]],"type":"Polygon","properties":{"geoid":"48265","name":"Kerr"},"id":"48265"},{"arcs":[[-493,-9019,-491,-9018,-7032,-2810,-8247]],"type":"Polygon","properties":{"geoid":"47095","name":"Lake"},"id":"47095"},{"arcs":[[-9167,-9306,9438,-1412,-8462]],"type":"Polygon","properties":{"geoid":"13155","name":"Irwin"},"id":"13155"},{"arcs":[[-8082,9439,-7002,-1609,-4293]],"type":"Polygon","properties":{"geoid":"48327","name":"Menard"},"id":"48327"},{"arcs":[[-3101,-2072,-5867,-1156,9440]],"type":"Polygon","properties":{"geoid":"26009","name":"Antrim"},"id":"26009"},{"arcs":[[-7345,-9100,9441,-8848,-4282,-1882]],"type":"Polygon","properties":{"geoid":"19087","name":"Henry"},"id":"19087"},{"arcs":[[-9365,-9037,-12,-9077,9442]],"type":"Polygon","properties":{"geoid":"30095","name":"Stillwater"},"id":"30095"},{"arcs":[[-4853,-9360,-3479,-9425,-4564]],"type":"Polygon","properties":{"geoid":"37197","name":"Yadkin"},"id":"37197"},{"arcs":[[-5947,-5715,-9405,-1375,-1275]],"type":"Polygon","properties":{"geoid":"46053","name":"Gregory"},"id":"46053"},{"arcs":[[-7058,9443,9444,-6073,-9043,-814]],"type":"Polygon","properties":{"geoid":"20177","name":"Shawnee"},"id":"20177"},{"arcs":[[-5302,-6803,9445,9446]],"type":"Polygon","properties":{"geoid":"37041","name":"Chowan"},"id":"37041"},{"arcs":[[-7896,-5687,-9007,-7675,-9033]],"type":"Polygon","properties":{"geoid":"29123","name":"Madison"},"id":"29123"},{"arcs":[[9447,9448,-2423,-1391,-7679,-790]],"type":"Polygon","properties":{"geoid":"56043","name":"Washakie"},"id":"56043"},{"arcs":[[-9286,9449,-1419,-9368]],"type":"Polygon","properties":{"geoid":"51810","name":"Virginia Beach"},"id":"51810"},{"arcs":[[-9002,-9211,-3984,-7540,-8472,-8265]],"type":"Polygon","properties":{"geoid":"18059","name":"Hancock"},"id":"18059"},{"arcs":[[-6760,-6301,-8809,-9416,-8595,-9225]],"type":"Polygon","properties":{"geoid":"36109","name":"Tompkins"},"id":"36109"},{"arcs":[[-9210,-7650,-8375,-6506,-8202,-2032]],"type":"Polygon","properties":{"geoid":"55093","name":"Pierce"},"id":"55093"},{"arcs":[[-2250,-9350,-8069,9450,9451,-9373,-3214,-629]],"type":"Polygon","properties":{"geoid":"21111","name":"Jefferson"},"id":"21111"},{"arcs":[[-6180,-5335,-2144,-9127,-9392]],"type":"Polygon","properties":{"geoid":"42025","name":"Carbon"},"id":"42025"},{"arcs":[[-824,-4181,9452,-7098,-8245,-842]],"type":"Polygon","properties":{"geoid":"53013","name":"Columbia"},"id":"53013"},{"arcs":[[-6048,-231,-188,9453,-9178]],"type":"Polygon","properties":{"geoid":"49021","name":"Iron"},"id":"49021"},{"arcs":[[-5051,-5648,-5649,-8049,-7096]],"type":"Polygon","properties":{"geoid":"48305","name":"Lynn"},"id":"48305"},{"arcs":[[-3703,-5217,-5362,-4849,-9093,-7706,-9092,-9404]],"type":"Polygon","properties":{"geoid":"51035","name":"Carroll"},"id":"51035"},{"arcs":[[-8741,-7427,-7848,-5043,-8600]],"type":"Polygon","properties":{"geoid":"08089","name":"Otero"},"id":"08089"},{"arcs":[[-8164,-5900,9454,-8512]],"type":"Polygon","properties":{"geoid":"36093","name":"Schenectady"},"id":"36093"},{"arcs":[[-8855,-9419,-6747,-8449,-1562,-5747,-7088]],"type":"Polygon","properties":{"geoid":"40069","name":"Johnston"},"id":"40069"},{"arcs":[[-6989,-1743,-1687,-5555,-2377]],"type":"Polygon","properties":{"geoid":"48461","name":"Upton"},"id":"48461"},{"arcs":[[-6739,-6611,-7068,-8628,-8627,-1199]],"type":"Polygon","properties":{"geoid":"13177","name":"Lee"},"id":"13177"},{"arcs":[[-2543,-5816,-2215,9455,-6284,-8215]],"type":"Polygon","properties":{"geoid":"37157","name":"Rockingham"},"id":"37157"},{"arcs":[[9456,-7130,-5554,9457,-6982,-8707,-1944]],"type":"Polygon","properties":{"geoid":"20141","name":"Osborne"},"id":"20141"},{"arcs":[[-8081,-5738,-6504,-5511,-7000,-9440]],"type":"Polygon","properties":{"geoid":"48307","name":"McCulloch"},"id":"48307"},{"arcs":[[-780,-6948,-6021,-4830,-5397,-5941]],"type":"Polygon","properties":{"geoid":"21049","name":"Clark"},"id":"21049"},{"arcs":[[-1779,-4689,-9364,-2298,-8942,-9400]],"type":"Polygon","properties":{"geoid":"47019","name":"Carter"},"id":"47019"},{"arcs":[[-5670,-5755,-4879,-9186,-1319,-3393]],"type":"Polygon","properties":{"geoid":"37175","name":"Transylvania"},"id":"37175"},{"arcs":[[-3586,9458,-2618,-5079]],"type":"Polygon","properties":{"geoid":"54003","name":"Berkeley"},"id":"54003"},{"arcs":[[-2416,-4550,-8305,-488,-2153]],"type":"Polygon","properties":{"geoid":"29201","name":"Scott"},"id":"29201"},{"arcs":[[-8617,-4769,-7817,-6059,-5956,-4300,9459,-5601]],"type":"Polygon","properties":{"geoid":"13105","name":"Elbert"},"id":"13105"},{"arcs":[[-9428,-1233,-5263,-9173,-6673,-8030]],"type":"Polygon","properties":{"geoid":"20189","name":"Stevens"},"id":"20189"},{"arcs":[[-6293,-8155,-7250,-8366,-9378,-7835,-9351]],"type":"Polygon","properties":{"geoid":"18039","name":"Elkhart"},"id":"18039"},{"arcs":[[-6688,-7041,-3000,-1843,-8810,-7780]],"type":"Polygon","properties":{"geoid":"26091","name":"Lenawee"},"id":"26091"},{"arcs":[[-7399,-7393,-9436,-9326,-8559]],"type":"Polygon","properties":{"geoid":"31037","name":"Colfax"},"id":"31037"},{"arcs":[[-9358,-3688,-3936,-6053,-7846]],"type":"Polygon","properties":{"geoid":"01103","name":"Morgan"},"id":"01103"},{"arcs":[[-4674,-5461,-2179,-1450,-2184,-5249]],"type":"Polygon","properties":{"geoid":"06109","name":"Tuolumne"},"id":"06109"},{"arcs":[[-15,-3906,-140,9460,-9448,-789]],"type":"Polygon","properties":{"geoid":"56003","name":"Big Horn"},"id":"56003"},{"arcs":[[-9408,-8055,-5294,9461,9462,-8439]],"type":"Polygon","properties":{"geoid":"29021","name":"Buchanan"},"id":"29021"},{"arcs":[[9463,-3584,-3554,-4533,-2508,-2871,-5256,-7206]],"type":"Polygon","properties":{"geoid":"51107","name":"Loudoun"},"id":"51107"},{"arcs":[[-4305,-5789,9464,-5939,-3097]],"type":"Polygon","properties":{"geoid":"13127","name":"Glynn"},"id":"13127"},{"arcs":[[-161,-4827,-5135,-787,-172]],"type":"Polygon","properties":{"geoid":"45089","name":"Williamsburg"},"id":"45089"},{"arcs":[[-838,-638,-2580,-5184,-1346,-4627,-4322,-4161]],"type":"Polygon","properties":{"geoid":"22069","name":"Natchitoches"},"id":"22069"},{"arcs":[[-4044,-4614,-3005,-3662,-3671]],"type":"Polygon","properties":{"geoid":"53037","name":"Kittitas"},"id":"53037"},{"arcs":[[-5762,-8092,-5743,-1032,-2363]],"type":"Polygon","properties":{"geoid":"34035","name":"Somerset"},"id":"34035"},{"arcs":[[-3079,-4841,9465,-6694,-6426,-7995,-9423]],"type":"Polygon","properties":{"geoid":"29001","name":"Adair"},"id":"29001"},{"arcs":[[-9241,-4576,-3435,-6036]],"type":"Polygon","properties":{"geoid":"54093","name":"Tucker"},"id":"54093"},{"arcs":[[-9294,-5049,-3489,-31,-5142,-7869,9466]],"type":"Polygon","properties":{"geoid":"08107","name":"Routt"},"id":"08107"},{"arcs":[[-1655,-2270,-7908,-7739,-4903,-4337]],"type":"Polygon","properties":{"geoid":"30055","name":"McCone"},"id":"30055"},{"arcs":[[-1598,-5174,-3690,-3695,-4410]],"type":"Polygon","properties":{"geoid":"37075","name":"Graham"},"id":"37075"},{"arcs":[[-8569,-5602,-9460,-4303,-1548,-1932,-1996]],"type":"Polygon","properties":{"geoid":"13221","name":"Oglethorpe"},"id":"13221"},{"arcs":[[-6350,-8963,-9295,-9467,-7868,-257]],"type":"Polygon","properties":{"geoid":"08081","name":"Moffat"},"id":"08081"},{"arcs":[[-8481,-7432,-7813,-6368,9467]],"type":"Polygon","properties":{"geoid":"31079","name":"Hall"},"id":"31079"},{"arcs":[[-9334,-7468,-5923,-9258,-7743,-2504]],"type":"Polygon","properties":{"geoid":"20047","name":"Edwards"},"id":"20047"},{"arcs":[[-8835,-1436,-8655,-5436,-5498]],"type":"Polygon","properties":{"geoid":"13083","name":"Dade"},"id":"13083"},{"arcs":[[-9147,-8871,-8360,-9175,-9410,-6269,-9130]],"type":"Polygon","properties":{"geoid":"39081","name":"Jefferson"},"id":"39081"},{"arcs":[[-7057,-8442,-9318,9468,-9444]],"type":"Polygon","properties":{"geoid":"20087","name":"Jefferson"},"id":"20087"},{"arcs":[[-3820]],"type":"Polygon","properties":{"geoid":"51720","name":"Norton"},"id":"51720"},{"arcs":[[9469,-8900,-8954,9470,-9050]],"type":"Polygon","properties":{"geoid":"26133","name":"Osceola"},"id":"26133"},{"arcs":[[-9266,9471,9472,-9086,-9114]],"type":"Polygon","properties":{"geoid":"19089","name":"Howard"},"id":"19089"},{"arcs":[[-8706,-7732,-7255,-2468,-6038,-3177]],"type":"Polygon","properties":{"geoid":"28133","name":"Sunflower"},"id":"28133"},{"arcs":[[9473,-8983,-456,-8223]],"type":"Polygon","properties":{"geoid":"38023","name":"Divide"},"id":"38023"},{"arcs":[[9474,9475,-9203,-9229,-6481,-6155]],"type":"Polygon","properties":{"geoid":"55105","name":"Rock"},"id":"55105"},{"arcs":[[-6280,-8547,-8562,-7135,-3596,-7966]],"type":"Polygon","properties":{"geoid":"31011","name":"Boone"},"id":"31011"},{"arcs":[[-8703,9476,-7699,-3848,-8485]],"type":"Polygon","properties":{"geoid":"27149","name":"Stevens"},"id":"27149"},{"arcs":[[-8233,-6778,-7660,-9187,-9243,-3239]],"type":"Polygon","properties":{"geoid":"38083","name":"Sheridan"},"id":"38083"},{"arcs":[[-7532,-9349,-6187,9477,-6450,-7021]],"type":"Polygon","properties":{"geoid":"17079","name":"Jasper"},"id":"17079"},{"arcs":[[-6967,-7217,-6271,-9409,-5116,-8881]],"type":"Polygon","properties":{"geoid":"39059","name":"Guernsey"},"id":"39059"},{"arcs":[[-9209,-9073,-8149,-8355,-9435,-7391]],"type":"Polygon","properties":{"geoid":"31021","name":"Burt"},"id":"31021"},{"arcs":[[-9015,-6477,-8947,-1191,-8174]],"type":"Polygon","properties":{"geoid":"54053","name":"Mason"},"id":"54053"},{"arcs":[[-8479,-9141,-7633,-9214,-8555,-8450,-6745]],"type":"Polygon","properties":{"geoid":"40121","name":"Pittsburg"},"id":"40121"},{"arcs":[[9478,-2895,-9388,-6791,-6167,-828,-3856]],"type":"Polygon","properties":{"geoid":"21145","name":"McCracken"},"id":"21145"},{"arcs":[[-9376,-8326,-539,-8914,-6927,-7140]],"type":"Polygon","properties":{"geoid":"31127","name":"Nemaha"},"id":"31127"},{"arcs":[[-4187,-8893,-354,-4425,-4517,-9437]],"type":"Polygon","properties":{"geoid":"09003","name":"Hartford"},"id":"09003"},{"arcs":[[-3254,-8397,-3503,-7810,-6814,9479]],"type":"Polygon","properties":{"geoid":"13159","name":"Jasper"},"id":"13159"},{"arcs":[[-964,-4273,-3449,-1476,-2864,-4695]],"type":"Polygon","properties":{"geoid":"08085","name":"Montrose"},"id":"08085"},{"arcs":[[-7188,-2167,-4699,-6770]],"type":"Polygon","properties":{"geoid":"40055","name":"Greer"},"id":"40055"},{"arcs":[[-4856,-4444,-9308,9480,-1000,-646]],"type":"Polygon","properties":{"geoid":"28063","name":"Jefferson"},"id":"28063"},{"arcs":[[-7159,-8318,-1257,-3433]],"type":"Polygon","properties":{"geoid":"54049","name":"Marion"},"id":"54049"},{"arcs":[[-6130,-1244,-4902,-3407,-5733,-1179]],"type":"Polygon","properties":{"geoid":"48159","name":"Franklin"},"id":"48159"},{"arcs":[[[9481]],[[9482]],[[9483]],[[9484]],[[9485]],[[9486]],[[9487]],[[9488]],[[9489]],[[9490]],[[9491]],[[9492]],[[9493]],[[9494]],[[9495]],[[9496,-3637]],[[-3639,9498]],[[-5653,-3757,-5123,9499,-3633,-4320]]],"type":"MultiPolygon","properties":{"geoid":"02063","name":"Chugach"},"id":"02063"},{"arcs":[[9500,-8925,-8895,-5159,-9374,-9452]],"type":"Polygon","properties":{"geoid":"21211","name":"Shelby"},"id":"21211"},{"arcs":[[-8429,-8517,-7131,-9457,-1943,-8892]],"type":"Polygon","properties":{"geoid":"20183","name":"Smith"},"id":"20183"},{"arcs":[[-7193,-8102,-6903,-7595,9501,-7475]],"type":"Polygon","properties":{"geoid":"48367","name":"Parker"},"id":"48367"},{"arcs":[[-9237,-9158,-6918,9502,-9323,-7381]],"type":"Polygon","properties":{"geoid":"26155","name":"Shiawassee"},"id":"26155"},{"arcs":[[9503,-8027,-7115,-3827,-9343,9504]],"type":"Polygon","properties":{"geoid":"20035","name":"Cowley"},"id":"20035"},{"arcs":[[-9502,-7597,-8935,-7306,-7476]],"type":"Polygon","properties":{"geoid":"48221","name":"Hood"},"id":"48221"},{"arcs":[[-9217,-9421,-8291,-8849,-9442,-9099]],"type":"Polygon","properties":{"geoid":"19115","name":"Louisa"},"id":"19115"},{"arcs":[[-6767,-7342,-2889,-9479,-3855]],"type":"Polygon","properties":{"geoid":"17127","name":"Massac"},"id":"17127"},{"arcs":[[-4925,-7718,-8317,-5234,-8833]],"type":"Polygon","properties":{"geoid":"31045","name":"Dawes"},"id":"31045"},{"arcs":[[-8656,-1351,-3211,-9427,-8106,-6414,-9426]],"type":"Polygon","properties":{"geoid":"13129","name":"Gordon"},"id":"13129"},{"arcs":[[-7198,-7752,-9264,-7524,-8398]],"type":"Polygon","properties":{"geoid":"27147","name":"Steele"},"id":"27147"},{"arcs":[[-9137,9505,-8142,9506]],"type":"Polygon","properties":{"geoid":"55079","name":"Milwaukee"},"id":"55079"},{"arcs":[[9507,-6438,-7111,-7681,-8112]],"type":"Polygon","properties":{"geoid":"17019","name":"Champaign"},"id":"17019"},{"arcs":[[-8904,-416,-7284,-7700,-9477]],"type":"Polygon","properties":{"geoid":"27121","name":"Pope"},"id":"27121"},{"arcs":[[-6574,-9196,-3369,-9359,-7844,-452,-9299,-7777]],"type":"Polygon","properties":{"geoid":"01077","name":"Lauderdale"},"id":"01077"},{"arcs":[[-921,-9235,-6817,-8631,-7784,-4441]],"type":"Polygon","properties":{"geoid":"28127","name":"Simpson"},"id":"28127"},{"arcs":[[-3956,-8956,-6728,-9377,-1714,-1445]],"type":"Polygon","properties":{"geoid":"47075","name":"Haywood"},"id":"47075"},{"arcs":[[9508,-7509,-8675,-9046,9509,9510]],"type":"Polygon","properties":{"geoid":"27055","name":"Houston"},"id":"27055"},{"arcs":[[-6519,-8794,-6517,-4501,-5201,-8863,-9010,-7638,-8795]],"type":"Polygon","properties":{"geoid":"35049","name":"Santa Fe"},"id":"35049"},{"arcs":[[-4999,-8757,-9144,-8099,-7191,-7703]],"type":"Polygon","properties":{"geoid":"48337","name":"Montague"},"id":"48337"},{"arcs":[[-8948,-6452,9511,-5015,9512,-8282,-8974]],"type":"Polygon","properties":{"geoid":"17191","name":"Wayne"},"id":"17191"},{"arcs":[[9513,9514,-5782,9515,-6809]],"type":"Polygon","properties":{"geoid":"55061","name":"Kewaunee"},"id":"55061"},{"arcs":[[-9314,-7837,-9379,-9222,-8652,-6249]],"type":"Polygon","properties":{"geoid":"18049","name":"Fulton"},"id":"18049"},{"arcs":[[-6678,9516,-7478,-9335,-6560]],"type":"Polygon","properties":{"geoid":"48429","name":"Stephens"},"id":"48429"},{"arcs":[[-7907,-2271,-1482,-9226,-5773,-7741]],"type":"Polygon","properties":{"geoid":"30109","name":"Wibaux"},"id":"30109"},{"arcs":[[-8476,9517,9518,-7541]],"type":"Polygon","properties":{"geoid":"26001","name":"Alcona"},"id":"26001"},{"arcs":[[-5114,-1366,-9398]],"type":"Polygon","properties":{"geoid":"22089","name":"St. Charles"},"id":"22089"},{"arcs":[[-8412,-5804,-8977,9519]],"type":"Polygon","properties":{"geoid":"12115","name":"Sarasota"},"id":"12115"},{"arcs":[[-8705,-8898,-9067,-7298,-6654]],"type":"Polygon","properties":{"geoid":"40115","name":"Ottawa"},"id":"40115"},{"arcs":[[-8588,-9505,-9342,-7936,-8404,-2936]],"type":"Polygon","properties":{"geoid":"20191","name":"Sumner"},"id":"20191"},{"arcs":[[-2771,-9362,-2073,-8328]],"type":"Polygon","properties":{"geoid":"37181","name":"Vance"},"id":"37181"},{"arcs":[[-5330,-8048,-9380,-8022,-8028,-9504,-8587]],"type":"Polygon","properties":{"geoid":"20015","name":"Butler"},"id":"20015"},{"arcs":[[-7397,-6909,-2346]],"type":"Polygon","properties":{"geoid":"29510","name":"St. Louis"},"id":"29510"},{"arcs":[[-1075,-9369,-7120,9520,-9475,-6154,-6853]],"type":"Polygon","properties":{"geoid":"55025","name":"Dane"},"id":"55025"},{"arcs":[[-9190,-6556,-8944,-9414,-4717,-2163,-8469]],"type":"Polygon","properties":{"geoid":"40015","name":"Caddo"},"id":"40015"},{"arcs":[[-5872,-6390,-8321,-7629,-7961,-9057]],"type":"Polygon","properties":{"geoid":"05083","name":"Logan"},"id":"05083"},{"arcs":[[-7118,-2557,-9507,-8141,-9201,9521]],"type":"Polygon","properties":{"geoid":"55133","name":"Waukesha"},"id":"55133"},{"arcs":[[-9143,-9356,-8197,-8753,-6900,-8101]],"type":"Polygon","properties":{"geoid":"48121","name":"Denton"},"id":"48121"},{"arcs":[[-9481,-9307,-9009,-5406,-1001]],"type":"Polygon","properties":{"geoid":"28037","name":"Franklin"},"id":"28037"},{"arcs":[[-8799,9522,-8818,-8171,-9393,-8168]],"type":"Polygon","properties":{"geoid":"39079","name":"Jackson"},"id":"39079"},{"arcs":[[-2548,-6303,-806,-7274,-4973]],"type":"Polygon","properties":{"geoid":"23001","name":"Androscoggin"},"id":"23001"},{"arcs":[[-6931,-3509,-3985,-5183,-2578]],"type":"Polygon","properties":{"geoid":"22049","name":"Jackson"},"id":"22049"},{"arcs":[[-8003,-2874]],"type":"Polygon","properties":{"geoid":"51685","name":"Manassas Park"},"id":"51685"},{"arcs":[[-1263,-4743,-5652,-4811]],"type":"Polygon","properties":{"geoid":"02068","name":"Denali"},"id":"02068"},{"arcs":[[-139,9523,-6313,-2424,-9449,-9461]],"type":"Polygon","properties":{"geoid":"56019","name":"Johnson"},"id":"56019"},{"arcs":[[-6534,-6312,9524,-5621,-8505]],"type":"Polygon","properties":{"geoid":"48369","name":"Parmer"},"id":"48369"},{"arcs":[[-8238,-7081,-7314,-6194,-6092,-9069]],"type":"Polygon","properties":{"geoid":"55013","name":"Burnett"},"id":"55013"},{"arcs":[[9525,-8643,9526,-616,-8332]],"type":"Polygon","properties":{"geoid":"19097","name":"Jackson"},"id":"19097"},{"arcs":[[-8938,-9325,9527,-6684,-7480,-9337]],"type":"Polygon","properties":{"geoid":"26045","name":"Eaton"},"id":"26045"},{"arcs":[[-9171,-8695,-7412,-8159,-8913,-1863]],"type":"Polygon","properties":{"geoid":"46107","name":"Potter"},"id":"46107"},{"arcs":[[-7658,-9192,-9403,-7238,-9296,-8389,-9188]],"type":"Polygon","properties":{"geoid":"38093","name":"Stutsman"},"id":"38093"},{"arcs":[[-7027,-4327,-1959,-314,-8529,-1084]],"type":"Polygon","properties":{"geoid":"41009","name":"Columbia"},"id":"41009"},{"arcs":[[-8009,-8086,-9028,-2338,-8928,-9348]],"type":"Polygon","properties":{"geoid":"18167","name":"Vigo"},"id":"18167"},{"arcs":[[-8391,-9297,-8121,-9024,-9094,-6642]],"type":"Polygon","properties":{"geoid":"38051","name":"McIntosh"},"id":"38051"},{"arcs":[[-9345,-5288,-8582,-6033,9528,-9238]],"type":"Polygon","properties":{"geoid":"04003","name":"Cochise"},"id":"04003"},{"arcs":[[-5412,-3255,-9480,-6813,-2437,-8241]],"type":"Polygon","properties":{"geoid":"13035","name":"Butts"},"id":"13035"},{"arcs":[[-8648,-7421,-8790,-5959,-9016]],"type":"Polygon","properties":{"geoid":"28097","name":"Montgomery"},"id":"28097"},{"arcs":[[9529,-2996,-9301,-7882,-8210,-8829]],"type":"Polygon","properties":{"geoid":"39007","name":"Ashtabula"},"id":"39007"},{"arcs":[[-8663,-4583,-9197,-8539,-8124]],"type":"Polygon","properties":{"geoid":"38081","name":"Sargent"},"id":"38081"},{"arcs":[[-6472,-8597,-8403,-8293,9530]],"type":"Polygon","properties":{"geoid":"42117","name":"Tioga"},"id":"42117"},{"arcs":[[-1722,-7591,9532,-7543]],"type":"Polygon","properties":{"geoid":"51650","name":"Hampton"},"id":"51650"},{"arcs":[[-5169,-4791,9533,-3251,-5411]],"type":"Polygon","properties":{"geoid":"13247","name":"Rockdale"},"id":"13247"},{"arcs":[[-7746,-9415,-6822,-9269,-5491]],"type":"Polygon","properties":{"geoid":"20033","name":"Comanche"},"id":"20033"},{"arcs":[[-3585,-9464,-7205,-9459]],"type":"Polygon","properties":{"geoid":"54037","name":"Jefferson"},"id":"54037"},{"arcs":[[-8467,-24,-5679,-7510,-9509,9534,-6960]],"type":"Polygon","properties":{"geoid":"27169","name":"Winona"},"id":"27169"},{"arcs":[[-9273,-7727,-6439,-9508,-8111,-8040,-7242,-8535]],"type":"Polygon","properties":{"geoid":"17113","name":"McLean"},"id":"17113"},{"arcs":[[-547,-9063,-597,-3455,-9253]],"type":"Polygon","properties":{"geoid":"06091","name":"Sierra"},"id":"06091"},{"arcs":[[-9324,-9503,-6921,-6685,-9528]],"type":"Polygon","properties":{"geoid":"26065","name":"Ingham"},"id":"26065"},{"arcs":[[-5660,-2140,-9080,-8884,9535,-1218]],"type":"Polygon","properties":{"geoid":"16051","name":"Jefferson"},"id":"16051"},{"arcs":[[-9341,-7349,-5967,-8407,-7123]],"type":"Polygon","properties":{"geoid":"19181","name":"Warren"},"id":"19181"},{"arcs":[[-5156,-9429,-6213,-9288,-9328,-6995]],"type":"Polygon","properties":{"geoid":"29083","name":"Henry"},"id":"29083"},{"arcs":[[-8566,-6897,-8701,9536,-8742]],"type":"Polygon","properties":{"geoid":"20179","name":"Sheridan"},"id":"20179"},{"arcs":[[-6636,-8050,-1586,-6132,-1741,-7910]],"type":"Polygon","properties":{"geoid":"48317","name":"Martin"},"id":"48317"},{"arcs":[[-9134,-7201,-5519,-8806,-2400,-6315,9537]],"type":"Polygon","properties":{"geoid":"56045","name":"Weston"},"id":"56045"},{"arcs":[[-9030,-8572,-7346,-8637,-5996]],"type":"Polygon","properties":{"geoid":"19179","name":"Wapello"},"id":"19179"},{"arcs":[[-5588,-7572,-9304,-3926,-3468,-8581]],"type":"Polygon","properties":{"geoid":"35003","name":"Catron"},"id":"35003"},{"arcs":[[-9430,-4354,-7985,-1620,-4178]],"type":"Polygon","properties":{"geoid":"16057","name":"Latah"},"id":"16057"},{"arcs":[[-8638,-1885,-8226,-6691,-9466,-4840]],"type":"Polygon","properties":{"geoid":"29199","name":"Scotland"},"id":"29199"},{"arcs":[[-6285,-9456,-2214,-7512,-6512,9538]],"type":"Polygon","properties":{"geoid":"37001","name":"Alamance"},"id":"37001"},{"arcs":[[-9194,-7938,-9344,-8967,-7402,-7903,-7161]],"type":"Polygon","properties":{"geoid":"40047","name":"Garfield"},"id":"40047"},{"arcs":[[-4835,-6955,-8158,-9107,-3511,-6904]],"type":"Polygon","properties":{"geoid":"48055","name":"Caldwell"},"id":"48055"},{"arcs":[[-9390,-6951,-7473,-6801,-9053,-8443,-7165,-7144]],"type":"Polygon","properties":{"geoid":"31111","name":"Lincoln"},"id":"31111"},{"arcs":[[-6961,-9535,-9511,9539,-9472,-9265]],"type":"Polygon","properties":{"geoid":"27045","name":"Fillmore"},"id":"27045"},{"arcs":[[-5758,-757,-5272,-8278,-8344,-7901]],"type":"Polygon","properties":{"geoid":"27033","name":"Cottonwood"},"id":"27033"},{"arcs":[[-7600,-687,-7580,-1511,-6737,-1197]],"type":"Polygon","properties":{"geoid":"13093","name":"Dooly"},"id":"13093"},{"arcs":[[-3017,-5949,9540,-2745]],"type":"Polygon","properties":{"geoid":"45013","name":"Beaufort"},"id":"45013"},{"arcs":[[-5721,9541,-2149,-5066,-9149,-8877,-2690]],"type":"Polygon","properties":{"geoid":"48297","name":"Live Oak"},"id":"48297"},{"arcs":[[-7459,-8263,-8490,-8819,-9523,-8798,9542]],"type":"Polygon","properties":{"geoid":"39141","name":"Ross"},"id":"39141"},{"arcs":[[-5293,-8985,-8920,9543,9544,-9462]],"type":"Polygon","properties":{"geoid":"29049","name":"Clinton"},"id":"29049"},{"arcs":[[-9454,-193,-924,-9179]],"type":"Polygon","properties":{"geoid":"49053","name":"Washington"},"id":"49053"},{"arcs":[[-29,-9155,-9298,-8130,-8980]],"type":"Polygon","properties":{"geoid":"31059","name":"Fillmore"},"id":"31059"},{"arcs":[[-8865,-8503,-7051,9545,-9431,-7601,-2243]],"type":"Polygon","properties":{"geoid":"39025","name":"Clermont"},"id":"39025"},{"arcs":[[-267,-4175,-822,-3003]],"type":"Polygon","properties":{"geoid":"53001","name":"Adams"},"id":"53001"},{"arcs":[[-9406,-6714,-6282,-7965,-2222,-8058,-8609]],"type":"Polygon","properties":{"geoid":"31089","name":"Holt"},"id":"31089"},{"arcs":[[-3161,-8973,-7865,9546,-9182,-6495]],"type":"Polygon","properties":{"geoid":"18155","name":"Switzerland"},"id":"18155"},{"arcs":[[-8502,-7460,-9543,-8801,-9402,-7047]],"type":"Polygon","properties":{"geoid":"39071","name":"Highland"},"id":"39071"},{"arcs":[[-6122,-8367,-440,-573,9547,-4258]],"type":"Polygon","properties":{"geoid":"22023","name":"Cameron"},"id":"22023"},{"arcs":[[-7619,-6683,-8570,-9029,-8189]],"type":"Polygon","properties":{"geoid":"19157","name":"Poweshiek"},"id":"19157"},{"arcs":[[-6360,-7931,-6848,-7950,-6274]],"type":"Polygon","properties":{"geoid":"39175","name":"Wyandot"},"id":"39175"},{"arcs":[[[9548]],[[9549]],[[9550]],[[-4559,9552,-4194]]],"type":"MultiPolygon","properties":{"geoid":"23013","name":"Knox"},"id":"23013"},{"arcs":[[-3940,-2926,-6604,-5691,-4556,-2116]],"type":"Polygon","properties":{"geoid":"23019","name":"Penobscot"},"id":"23019"},{"arcs":[[-8826,-8749,-6141,-8312,-8622]],"type":"Polygon","properties":{"geoid":"27159","name":"Wadena"},"id":"27159"},{"arcs":[[-9525,-6311,-9181,-4414,-5622]],"type":"Polygon","properties":{"geoid":"48279","name":"Lamb"},"id":"48279"},{"arcs":[[-2700,-768,-4098,-6008,-7072]],"type":"Polygon","properties":{"geoid":"42013","name":"Blair"},"id":"42013"},{"arcs":[[-4180,9553,-7099,-9453]],"type":"Polygon","properties":{"geoid":"53023","name":"Garfield"},"id":"53023"},{"arcs":[[-8852,9555,-9514,-6808,-9385,9556,-6080]],"type":"Polygon","properties":{"geoid":"55009","name":"Brown"},"id":"55009"},{"arcs":[[-7419,-6980,-5020,-9424,-5500,-8789]],"type":"Polygon","properties":{"geoid":"28105","name":"Oktibbeha"},"id":"28105"},{"arcs":[[-5046,-7802,-4797,-9281,-4102,-8060,-3474,-4634]],"type":"Polygon","properties":{"geoid":"35059","name":"Union"},"id":"35059"},{"arcs":[[-6286,-9539,-6516,-4052,-4473,-5610]],"type":"Polygon","properties":{"geoid":"37151","name":"Randolph"},"id":"37151"},{"arcs":[[9557,-9121,-3901,-1016]],"type":"Polygon","properties":{"geoid":"26131","name":"Ontonagon"},"id":"26131"},{"arcs":[[-9340,-8951,-3189,-6309,-6533]],"type":"Polygon","properties":{"geoid":"48381","name":"Randall"},"id":"48381"},{"arcs":[[-7114,-7764,-7223,-9383,-6662,-3829]],"type":"Polygon","properties":{"geoid":"40147","name":"Washington"},"id":"40147"},{"arcs":[[-8984,-7952,-7490,-9391,-4803,-3698,-7819]],"type":"Polygon","properties":{"geoid":"51071","name":"Giles"},"id":"51071"},{"arcs":[[-7293,-6602,-9290,-9042,-7497,-7959]],"type":"Polygon","properties":{"geoid":"29161","name":"Phelps"},"id":"29161"},{"arcs":[[-6480,-3243,-7816,-7807,-7211,-1479]],"type":"Polygon","properties":{"geoid":"38025","name":"Dunn"},"id":"38025"},{"arcs":[[-7823,-9115,-5199,-7493,-2892,-8887]],"type":"Polygon","properties":{"geoid":"21055","name":"Crittenden"},"id":"21055"},{"arcs":[[-92,9558,-3608,-3266,-5429]],"type":"Polygon","properties":{"geoid":"36005","name":"Bronx"},"id":"36005"},{"arcs":[[-7637,-9109,-9310,-4990,-2145,-9542,-5720]],"type":"Polygon","properties":{"geoid":"48255","name":"Karnes"},"id":"48255"},{"arcs":[[-468,-4351,-2632,-4261,-4606,-5266,-5756]],"type":"Polygon","properties":{"geoid":"48291","name":"Liberty"},"id":"48291"},{"arcs":[[-8642,-7521,-9418,-9291,-617,-9527]],"type":"Polygon","properties":{"geoid":"17015","name":"Carroll"},"id":"17015"},{"arcs":[[-4448,9559,-6703,-1767,-2235]],"type":"Polygon","properties":{"geoid":"12061","name":"Indian River"},"id":"12061"},{"arcs":[[-4821,-9399,-1364,-7091]],"type":"Polygon","properties":{"geoid":"22093","name":"St. James"},"id":"22093"},{"arcs":[[-9439,-9305,-3379,9560,-8075,-8414,-9174,-1413]],"type":"Polygon","properties":{"geoid":"13069","name":"Coffee"},"id":"13069"},{"arcs":[[-9469,-9317,-8303,-9257,-6074,-9445]],"type":"Polygon","properties":{"geoid":"20045","name":"Douglas"},"id":"20045"},{"arcs":[[-9154,-7388,-7141,-6930,-9242,-8873,-7997]],"type":"Polygon","properties":{"geoid":"31067","name":"Gage"},"id":"31067"},{"arcs":[[-8982,9561,-6203,-8232,-8379]],"type":"Polygon","properties":{"geoid":"38075","name":"Renville"},"id":"38075"},{"arcs":[[-9271,-1255,-6949,-9389,-517]],"type":"Polygon","properties":{"geoid":"31171","name":"Thomas"},"id":"31171"},{"arcs":[[-3805,-7960,-7495,-9165,-6938,-9184]],"type":"Polygon","properties":{"geoid":"29105","name":"Laclede"},"id":"29105"},{"arcs":[[-8536,-307,-6487,-9207,-6885,-8109]],"type":"Polygon","properties":{"geoid":"31051","name":"Dixon"},"id":"31051"},{"arcs":[[-9473,-9540,-9510,-9048,-8932,-9087]],"type":"Polygon","properties":{"geoid":"19191","name":"Winneshiek"},"id":"19191"},{"arcs":[[-6081,-9557,-9384,-9275,-7976]],"type":"Polygon","properties":{"geoid":"55087","name":"Outagamie"},"id":"55087"},{"arcs":[[-3746,-2675,-3722,-5327]],"type":"Polygon","properties":{"geoid":"13165","name":"Jenkins"},"id":"13165"},{"arcs":[[-2385,-8672,-7507,-6206]],"type":"Polygon","properties":{"geoid":"55081","name":"Monroe"},"id":"55081"},{"arcs":[[-6256,-7828,-8669,-9261,-1543,-9263,-6133,-4870]],"type":"Polygon","properties":{"geoid":"08123","name":"Weld"},"id":"08123"},{"arcs":[[-9545,9562,-9386,-9315,-8440,-9463]],"type":"Polygon","properties":{"geoid":"29165","name":"Platte"},"id":"29165"},{"arcs":[[-9401,-94,-5428,-5372,-4916]],"type":"Polygon","properties":{"geoid":"36087","name":"Rockland"},"id":"36087"},{"arcs":[[-5381,-9148,-3150,-1328,-1279,-9361,-2769]],"type":"Polygon","properties":{"geoid":"51025","name":"Brunswick"},"id":"51025"},{"arcs":[[-9455,-5899,-8424,-8410,-8513]],"type":"Polygon","properties":{"geoid":"36001","name":"Albany"},"id":"36001"},{"arcs":[[-4905,-7742,-5778,-4814,-9370,-5520]],"type":"Polygon","properties":{"geoid":"30017","name":"Custer"},"id":"30017"},{"arcs":[[-9563,-9544,-8922,-4450,-9387]],"type":"Polygon","properties":{"geoid":"29047","name":"Clay"},"id":"29047"},{"arcs":[[-8743,-9537,-8700,-2276,-6110,-7587,-9302,-67]],"type":"Polygon","properties":{"geoid":"20063","name":"Gove"},"id":"20063"},{"arcs":[[-8908,-9132,-8940,-9336,-9122,-7924,-7547]],"type":"Polygon","properties":{"geoid":"26081","name":"Kent"},"id":"26081"},{"arcs":[[-9519,9563,-8812,-5399]],"type":"Polygon","properties":{"geoid":"26069","name":"Iosco"},"id":"26069"},{"arcs":[[-7842,-8926,-9501,-9451,-8068]],"type":"Polygon","properties":{"geoid":"21185","name":"Oldham"},"id":"21185"},{"arcs":[[-3067,-7195,-7474,-9517,-6677]],"type":"Polygon","properties":{"geoid":"48503","name":"Young"},"id":"48503"},{"arcs":[[-5226,-1998,-8396,-3252,-9534,-4790]],"type":"Polygon","properties":{"geoid":"13297","name":"Walton"},"id":"13297"},{"arcs":[[-3660,-1492,-8999,-7502,-3121]],"type":"Polygon","properties":{"geoid":"13053","name":"Chattahoochee"},"id":"13053"},{"arcs":[[-8807,-63,-279,-2265,-9252,-9417]],"type":"Polygon","properties":{"geoid":"36007","name":"Broome"},"id":"36007"},{"arcs":[[-9075,-8001,-8841,-9300,-6344]],"type":"Polygon","properties":{"geoid":"39023","name":"Clark"},"id":"39023"},{"arcs":[[-8860,-8446,-9062,-8271,-2793,-6892]],"type":"Polygon","properties":{"geoid":"31057","name":"Dundy"},"id":"31057"},{"arcs":[[-7472,-7337,-8482,-9468,-6373,-9375,-7789,-6797]],"type":"Polygon","properties":{"geoid":"31019","name":"Buffalo"},"id":"31019"},{"arcs":[[-8288,-7151,-8212,-667,-8492]],"type":"Polygon","properties":{"geoid":"17187","name":"Warren"},"id":"17187"},{"arcs":[[-5259,-7573,-945,-1871,9564]],"type":"Polygon","properties":{"geoid":"48345","name":"Motley"},"id":"48345"},{"arcs":[[-9547,-7864,9565,-5806,-9183]],"type":"Polygon","properties":{"geoid":"21077","name":"Gallatin"},"id":"21077"},{"arcs":[[-8998,-1201,-8626,-8972,-7504]],"type":"Polygon","properties":{"geoid":"13307","name":"Webster"},"id":"13307"},{"arcs":[[-7576,-8958,-6276,-6214,-7940,-3823]],"type":"Polygon","properties":{"geoid":"39011","name":"Auglaize"},"id":"39011"},{"arcs":[[-6802,-4986,9566,-9446]],"type":"Polygon","properties":{"geoid":"37143","name":"Perquimans"},"id":"37143"},{"arcs":[[-5717,-4750,-7322,-8093,-7313]],"type":"Polygon","properties":{"geoid":"55113","name":"Sawyer"},"id":"55113"},{"arcs":[[-5889,-8796,-7568,-5586]],"type":"Polygon","properties":{"geoid":"35031","name":"McKinley"},"id":"35031"},{"arcs":[[-8761,-9051,9567,9568]],"type":"Polygon","properties":{"geoid":"26105","name":"Mason"},"id":"26105"},{"arcs":[[-900,-2947,-9102,-8019]],"type":"Polygon","properties":{"geoid":"20207","name":"Woodson"},"id":"20207"},{"arcs":[[-9546,-7050,-9331,-8986,-4622,-9432]],"type":"Polygon","properties":{"geoid":"21023","name":"Bracken"},"id":"21023"},{"arcs":[[-9420,-5953,-619,-9293,-8095,-8287]],"type":"Polygon","properties":{"geoid":"17161","name":"Rock Island"},"id":"17161"},{"arcs":[[-7863,-8930,-9433,-4620,-3441,-5807,-9566]],"type":"Polygon","properties":{"geoid":"21081","name":"Grant"},"id":"21081"},{"arcs":[[-7711,-5,-9045,-9311,-7449]],"type":"Polygon","properties":{"geoid":"20061","name":"Geary"},"id":"20061"},{"arcs":[[-9438,-9248,-9004,-8066]],"type":"Polygon","properties":{"geoid":"48385","name":"Real"},"id":"48385"},{"arcs":[[-3192,-5260,-9565,-2886,-9180]],"type":"Polygon","properties":{"geoid":"48153","name":"Floyd"},"id":"48153"},{"arcs":[[-1439,-1219,-9536,-8886,-2088,-1315,-1091]],"type":"Polygon","properties":{"geoid":"16011","name":"Bingham"},"id":"16011"},{"arcs":[[-5970,-9333,-3076,-8889,9569]],"type":"Polygon","properties":{"geoid":"19185","name":"Wayne"},"id":"19185"},{"arcs":[[-8473,-7538,-7934,-3157,-7282,-8386]],"type":"Polygon","properties":{"geoid":"18031","name":"Decatur"},"id":"18031"},{"arcs":[[-9138,-4131,-8644,-9526,-8331,-6227]],"type":"Polygon","properties":{"geoid":"19061","name":"Dubuque"},"id":"19061"},{"arcs":[[-7311,-8342,-7968,-5671,-8338,-3784,-7956]],"type":"Polygon","properties":{"geoid":"50007","name":"Chittenden"},"id":"50007"},{"arcs":[[-9478,-6186,-7769,-6042,-5012,-9512,-6451]],"type":"Polygon","properties":{"geoid":"17159","name":"Richland"},"id":"17159"},{"arcs":[[-9513,-5014,-6044,-2761,-8208,-7327,-8283]],"type":"Polygon","properties":{"geoid":"17193","name":"White"},"id":"17193"},{"arcs":[[-9471,-5986,-9131,-8906]],"type":"Polygon","properties":{"geoid":"26107","name":"Mecosta"},"id":"26107"},{"arcs":[[-7119,-9522,-9200,-9476,-9521]],"type":"Polygon","properties":{"geoid":"55055","name":"Jefferson"},"id":"55055"},{"arcs":[[-9355,-895,-3020,-6804,-9157,-6163]],"type":"Polygon","properties":{"geoid":"26087","name":"Lapeer"},"id":"26087"},{"arcs":[[-9352,-6473,-9531,-8297,-4432,-5477,-8823]],"type":"Polygon","properties":{"geoid":"42105","name":"Potter"},"id":"42105"},{"arcs":[[-294,-5393,-5408,-1554,-2775]],"type":"Polygon","properties":{"geoid":"13281","name":"Towns"},"id":"13281"},{"arcs":[[-5553,-4877,-7034,-3296,-6983,-9458]],"type":"Polygon","properties":{"geoid":"20105","name":"Lincoln"},"id":"20105"},{"arcs":[[-4315,-2959,-4358,-1330,-3149]],"type":"Polygon","properties":{"geoid":"51183","name":"Sussex"},"id":"51183"},{"arcs":[[-1158,-8901,-9470,-9049,-8759]],"type":"Polygon","properties":{"geoid":"26165","name":"Wexford"},"id":"26165"},{"arcs":[[-5665,-6321,-2670,-6317,-5036]],"type":"Polygon","properties":{"geoid":"41013","name":"Crook"},"id":"41013"},{"arcs":[[-8358,-1950,-8246,-2665,-6320,-695]],"type":"Polygon","properties":{"geoid":"41049","name":"Morrow"},"id":"41049"},{"arcs":[[-9309,-6649,-9319,-8508,-9164]],"type":"Polygon","properties":{"geoid":"19129","name":"Mills"},"id":"19129"},{"arcs":[[-9262,-7948,-6971,-8127,-4816,-5777]],"type":"Polygon","properties":{"geoid":"46063","name":"Harding"},"id":"46063"},{"arcs":[[-8966,-5703,-9112,-7063,-7404]],"type":"Polygon","properties":{"geoid":"40119","name":"Payne"},"id":"40119"},{"arcs":[[-431,-6379,-9366,-9443,-9076]],"type":"Polygon","properties":{"geoid":"30097","name":"Sweet Grass"},"id":"30097"},{"arcs":[[-9568,-8909,-7545,9570]],"type":"Polygon","properties":{"geoid":"26127","name":"Oceana"},"id":"26127"},{"arcs":[[-8408,-9570,-8888,-9396,-8]],"type":"Polygon","properties":{"geoid":"19053","name":"Decatur"},"id":"19053"},{"arcs":[[-3378,-473,-1786,-478,-4040,-8073,-9561]],"type":"Polygon","properties":{"geoid":"13161","name":"Jeff Davis"},"id":"13161"},{"arcs":[[-8964,-4318,-108,-9227]],"type":"Polygon","properties":{"geoid":"19041","name":"Clay"},"id":"19041"},{"arcs":[[-9434,-9219,-9397,-7567,-5290,-8054]],"type":"Polygon","properties":{"geoid":"29075","name":"Gentry"},"id":"29075"},{"arcs":[[-9371,-9135,-9538,-6314,-9524,-138]],"type":"Polygon","properties":{"geoid":"56005","name":"Campbell"},"id":"56005"},{"arcs":[[-4179,-1625,-7100,-9554]],"type":"Polygon","properties":{"geoid":"53003","name":"Asotin"},"id":"53003"},{"arcs":[[-2680,-9035,-2061,-3723]],"type":"Polygon","properties":{"geoid":"13043","name":"Candler"},"id":"13043"},{"arcs":[[-3406,-3719,-6549,-8083,-4292,-8788,-1684]],"type":"Polygon","properties":{"geoid":"48451","name":"Tom Green"},"id":"48451"},{"arcs":[[-7945,-7730,-6969,-8883,-1855,-8465,-9413]],"type":"Polygon","properties":{"geoid":"39089","name":"Licking"},"id":"39089"},{"arcs":[[-4993,-3070,-4963,-9072,-9208,-6485,-305]],"type":"Polygon","properties":{"geoid":"19193","name":"Woodbury"},"id":"19193"}]}}}