{"type":"Topology","arcs":[[[25392,22417],[-5,133],[11,111],[12,29],[-10,67],[8,123],[-3,75],[4,194],[-8,28],[10,121],[-9,32]],[[25402,23330],[7,58]],[[25409,23388],[21,16],[10,87],[20,96]],[[25460,23587],[15,7],[10,-74],[16,-34]],[[25501,23486],[1,-471],[4,0]],[[25506,23015],[3,-63],[-13,-188],[10,-86],[13,-65],[6,-82],[35,-130],[3,-85],[-7,-131],[-7,-66],[3,-89],[18,-95],[-17,-46],[-9,-140],[-12,-17],[-3,-83]],[[25529,21649],[-40,-57],[-39,-41],[15,112],[-17,85],[-8,83],[-19,63],[-4,117],[-5,24],[9,104],[-2,149],[-4,63],[-23,66]],[[26114,23620],[66,-14],[26,2]],[[26206,23608],[-7,-84],[4,-74],[-1,-115],[7,-16],[11,-93],[2,-62]],[[26222,23164],[8,-143]],[[26230,23021],[-68,1],[-68,-8]],[[26094,23014],[1,387],[-63,-9]],[[26032,23392],[13,138],[17,9],[33,-50],[0,78],[19,-1],[0,54]],[[26047,24698],[2,60],[13,93],[5,70],[20,32],[24,2],[0,237],[5,14]],[[26116,25206],[42,3],[4,-56],[17,-109],[36,2]],[[26215,25046],[-4,-135]],[[26211,24911],[-20,-254],[0,-149]],[[26191,24508],[4,-35]],[[26195,24473],[-6,21],[-16,-61],[-3,-74],[-56,8],[0,-166]],[[26114,24201],[-92,-3]],[[26022,24198],[9,81],[-1,71],[6,95],[9,66],[-4,133],[6,54]],[[25286,26028],[12,669]],[[25298,26697],[2,118]],[[25300,26815],[47,9]],[[25347,26824],[-10,-148],[7,-89],[13,-74],[14,-235],[9,-89],[-8,-82],[7,-51],[22,34],[13,41],[7,-34],[14,-157]],[[25435,25940],[-13,-17],[-15,-100],[-21,-70],[-4,-108],[21,-63],[11,-64]],[[25414,25518],[-65,-5],[-72,1]],[[25277,25514],[9,514]],[[23711,27883],[9,25],[19,-21],[23,109],[9,-1]],[[23771,27995],[13,-157],[17,-87]],[[23801,27751],[-8,-77],[13,-127],[-1,-68],[10,-10],[-6,-107],[-23,-216],[-21,-47],[-4,-87],[15,-143]],[[23776,26869],[-2,0]],[[23774,26869],[-63,0]],[[23711,26869],[0,480]],[[23711,27349],[0,534]],[[23592,29101],[63,4]],[[23655,29105],[40,-3],[5,-124],[-1,-186],[6,-105],[-2,-88],[6,-85],[20,-129],[5,-121]],[[23734,28264],[-23,4],[0,55],[-17,15],[-17,-9],[-6,50],[-12,-7],[-20,26],[0,56],[-11,60],[-14,25],[-7,58],[-17,28]],[[23590,28625],[2,476]],[[24849,32548],[63,4]],[[24912,32552],[5,-78],[18,-62],[2,-41]],[[24937,32371],[-10,-56],[-10,56],[-15,-29],[0,-58],[20,-45],[-9,-65],[-9,15],[-11,-42],[0,-60],[-11,-28],[-19,32],[-14,-62],[0,-62],[14,-82],[14,-32],[-26,-70],[2,-77],[9,-37]],[[24862,31669],[-13,-26],[-9,69],[-14,-25],[-3,-60],[13,-162],[-10,-65]],[[24826,31400],[-4,-14]],[[24822,31386],[-5,85],[1,62],[-11,20],[-9,-77]],[[24798,31476],[-41,4]],[[24757,31480],[0,498]],[[24757,31978],[0,565]],[[24757,32543],[92,5]],[[16868,27744],[16,-8],[28,-86],[18,-37],[20,-143],[-5,-68],[-13,40],[-19,-3],[-13,62],[0,131],[-21,28],[-11,84]],[[16866,26895],[9,3],[8,-86],[17,-125],[32,-162],[-16,-71],[-21,98],[-11,112],[-18,231]],[[16791,30241],[7,56],[86,1],[105,4],[140,4]],[[17129,30306],[0,-505],[6,-512],[-9,-242],[-16,-274],[-9,10],[-10,-92],[5,-55]],[[17096,28636],[-53,-1],[0,-82],[-23,-108],[-1,-51],[-15,-145]],[[17004,28249],[-18,41],[-4,-61],[-10,15],[-16,-66],[-21,61],[-13,6],[-4,78],[8,42],[1,61],[-17,234],[-14,111],[-11,41],[-34,1],[-34,-35],[-6,-39],[-13,66],[-25,20]],[[16773,28825],[1,56],[42,178],[34,0],[0,137],[10,0],[-1,98],[-68,947]],[[15879,35001],[14,-98],[15,-56],[16,-116],[47,-108],[18,-72],[17,-147],[32,-102],[0,-38]],[[16038,34264],[-17,-10]],[[16021,34254],[-19,41],[-21,-58],[-7,-66]],[[15974,34171],[-14,155],[-19,88],[-12,-45],[-14,15],[-12,-26],[-12,19],[-32,128],[-19,156]],[[15840,34661],[-7,151],[21,6],[0,48],[25,1],[0,134]],[[15494,37827],[11,19],[35,-3],[0,57],[65,4],[0,58],[15,25],[73,-4]],[[15693,37983],[17,-80],[19,-186],[13,-9],[5,-67]],[[15747,37641],[-5,-137],[7,-74],[20,-72],[5,-101],[14,-35],[0,-74],[6,-85],[18,-120],[-3,-43],[15,-156],[-6,-81],[-10,-4]],[[15808,36659],[3,-25]],[[15811,36634],[-13,-8],[-15,-52]],[[15783,36574],[-20,140],[-22,-7],[-25,50],[-46,209],[-18,0],[-10,-40]],[[15642,36926],[-20,51],[2,71],[-17,173],[-59,232],[-28,243],[-26,131]],[[15847,36477],[23,-12],[17,-34],[18,50],[21,9],[21,-42],[13,40]],[[15960,36488],[12,-84],[23,9],[15,66],[6,65],[23,-2]],[[16039,36542],[-2,-97],[8,-50],[-6,-78],[6,-101],[-6,-97],[12,-50],[-6,-57]],[[16045,36012],[-112,-186],[-11,85],[-13,66],[-26,13],[-37,193],[-12,-17]],[[15834,36166],[-15,14],[-12,53],[0,59],[12,29],[0,56],[19,6],[9,94]],[[16459,37702],[30,139],[23,169],[-6,131]],[[16506,38141],[88,-419]],[[16594,37722],[-8,-131],[-1,-78],[20,-199],[-4,-169],[-17,-32],[-5,-128]],[[16579,36985],[-17,73],[1,78],[-15,21],[-14,-30],[-23,-86],[-38,147]],[[16473,37188],[-9,42],[-5,104]],[[16459,37334],[0,368]],[[19831,35675],[135,0]],[[19966,35675],[0,-413]],[[19966,35262],[1,-806]],[[19967,34456],[-145,0],[-105,-1]],[[19717,34455],[12,108],[7,140],[5,47],[-2,113],[10,41],[12,100],[4,108],[9,42],[19,30],[7,109],[13,49],[-1,73],[5,156],[14,104]],[[19532,36654],[108,0],[192,-1]],[[19832,36653],[4,-70],[16,0],[-2,-172],[5,-35],[24,-36],[13,-67],[3,-91]],[[19895,36182],[-13,-112],[-21,-136]],[[19861,35934],[-9,52],[-27,103],[-41,-36],[-20,-32],[-13,140],[-33,-2],[-123,4],[-2,-28],[-61,1]],[[19532,36136],[0,518]],[[28805,38834],[29,-11],[22,43],[5,68],[13,31]],[[28874,38965],[20,-100],[8,-93],[4,-114],[-5,-98],[5,-181],[15,-73],[8,-141]],[[28929,38165],[-13,22],[-11,-18],[-5,-64],[-13,-6],[-25,-144],[-47,-11]],[[28815,37944],[-7,597]],[[28808,38541],[-2,196]],[[28806,38737],[-1,97]],[[26559,21693],[98,1],[0,-84],[28,0]],[[26685,21610],[-1,-710],[5,-125],[10,1]],[[26699,20776],[-1,-84],[-7,-67],[-1,-92],[-7,-56],[-10,5]],[[26673,20482],[-20,38],[-3,46],[-14,30],[-13,105],[1,68],[-9,45],[-5,83],[-12,68],[-30,105],[-38,110],[-19,98]],[[26511,21278],[11,191],[7,9],[3,104],[22,66],[5,45]],[[26917,19293],[17,13],[16,-73],[14,-20],[15,-80]],[[26979,19133],[11,-121],[25,-144],[3,-60],[-21,-139],[-4,-94]],[[26993,18575],[-43,-4],[0,55],[-72,-1]],[[26878,18625],[-11,63],[6,118],[-13,68],[3,89],[11,65],[-10,108],[-10,58]],[[26854,19194],[20,79],[21,-47],[22,67]],[[27049,14958],[138,-1]],[[27187,14957],[1,-489]],[[27188,14468],[0,-173],[-27,-2],[0,-198],[-44,-2],[-8,27]],[[27109,14120],[-6,92],[-13,96],[-15,90],[-12,20],[1,91],[-26,-46],[-6,85],[-6,169],[-11,72],[3,46],[13,-12],[10,-62],[8,197]],[[27004,14639],[2,0],[8,-151],[5,-68],[22,-62],[-2,-58],[-21,81],[-4,41],[-5,150],[-5,67]],[[26990,14995],[20,-36]],[[27010,14959],[-14,-15],[-6,51]],[[26879,18128],[116,3],[1,83],[55,0]],[[27051,18214],[0,-316]],[[27051,17898],[0,-103],[-15,1],[1,-167]],[[27037,17629],[-90,-1],[-62,4]],[[26885,17632],[-40,0]],[[26845,17632],[10,105],[7,184],[9,95],[2,77],[6,35]],[[26831,17629],[-1,0]],[[26830,17629],[1,0]],[[25506,23015],[121,3]],[[25627,23018],[-33,-141],[0,-70],[-8,-75],[2,-96],[-1,-136],[10,-21],[5,-200],[13,-107],[14,-30],[10,-80],[-8,-162],[-23,-80],[1,-52],[14,-14],[58,86],[15,-19]],[[25696,21821],[-66,-82],[-32,-21],[-13,9],[-56,-78]],[[26223,21060],[5,80],[129,-5]],[[26357,21135],[9,-42],[13,25],[8,-44]],[[26387,21074],[28,-70],[-2,-82],[-22,8],[-8,49],[-11,-37],[-12,1],[-33,-127],[-64,-209],[3,90],[-12,4],[-17,-118],[-11,-23],[-30,12],[-26,-40]],[[26170,20532],[3,32],[27,125],[19,4],[6,54],[-10,180],[10,98],[-2,35]],[[26168,20503],[30,18],[10,-27],[-5,-79],[-12,1],[-23,87]],[[9773,87222],[-1,-57],[-67,-20],[-2,-49],[-39,-66],[-26,33],[-33,-33],[-21,19],[-22,-51],[-44,4],[-27,-116],[-35,2],[-47,-47],[1,-52],[-35,-64],[-34,6],[-34,65],[-17,-56],[-25,-3],[-31,-92],[-43,3],[-20,-36],[-1,-101],[-31,-66],[-40,11],[-47,-47],[-96,0]],[[8956,86409],[-211,0],[-68,170],[-12,-5]],[[8665,86574],[-50,174],[-13,108],[-37,75],[-6,83],[-35,81],[-27,-61],[0,530],[-3,0],[0,661],[307,0],[16,43],[51,81],[46,25],[69,-9],[31,21],[49,91],[19,5],[16,72],[7,99],[19,-31],[54,66],[26,-93],[35,8],[-6,-93],[-37,-85],[16,-124],[37,-85],[20,19],[68,-117],[-12,-72],[6,-153],[38,51],[82,13],[18,53],[21,2],[28,74],[24,2],[52,-84],[7,23],[41,-73],[22,-14],[33,49],[3,41],[39,21],[15,-18],[46,19],[22,-53],[-8,-62],[-46,-71],[-3,-38],[31,-66],[-33,-225],[-1,-86],[20,-51],[-22,-99],[13,-79]],[[26488,21636],[0,306],[9,55],[0,112],[18,1],[-8,165],[0,120]],[[26507,22395],[73,-26]],[[26580,22369],[37,-14]],[[26617,22355],[2,-132],[-9,-56],[-19,-27],[-9,-58],[4,-140],[-10,-93],[-12,-15],[2,-81],[-7,-60]],[[26511,21278],[-9,33],[-14,-15]],[[26488,21296],[0,340]],[[26655,23081],[50,-9]],[[26705,23072],[27,-4]],[[26732,23068],[5,1],[0,-144],[39,-5],[6,-88],[0,-99]],[[26782,22733],[-19,-1],[-10,-86],[-3,-86],[-1,-257]],[[26749,22303],[-48,20]],[[26701,22323],[-8,4]],[[26693,22327],[-5,2]],[[26688,22329],[-11,76],[-12,21],[-12,131],[19,137],[15,15],[-3,92],[-19,35],[3,86],[-13,159]],[[27141,23649],[7,37],[4,97],[7,-1],[12,101]],[[27171,23883],[13,-102],[17,-82],[14,-38],[17,-84],[6,47],[28,-45]],[[27266,23579],[3,-52],[-5,-92],[-12,-40],[-9,-93],[-12,-52],[2,-91],[-5,-107],[-7,0]],[[27221,23052],[-4,39],[-19,49],[-11,55],[2,57],[-20,-22],[-16,23],[-22,90]],[[27131,23343],[-3,14],[13,292]],[[27236,25109],[54,270],[14,-22]],[[27304,25357],[8,-78],[1,-134],[21,-59],[9,35],[27,-122]],[[27370,24999],[17,-97],[-20,-93],[-4,44],[-14,-57],[15,-45],[-17,-96],[-14,35],[-9,-90],[11,-35],[-27,-168],[-6,7]],[[27302,24404],[-6,72],[-1,100],[11,69],[-14,119],[-21,-8],[-12,177],[-17,84],[-6,92]],[[27115,24954],[17,63]],[[27132,25017],[12,79]],[[27144,25096],[28,-108],[8,-101],[7,-38],[18,6],[27,-82],[7,-135],[13,-28],[6,-84],[9,9],[5,-77],[17,-54]],[[27289,24404],[4,-47],[14,-34],[2,-99],[-9,-117],[-9,19]],[[27291,24126],[-8,96],[-11,37],[-26,9],[-22,-26],[-9,101],[-7,10]],[[27208,24353],[-42,126],[-35,208],[6,118],[-1,71],[-13,8],[-8,70]],[[26948,28072],[26,90],[15,-25],[16,3]],[[27005,28140],[6,-106],[18,-76],[5,11]],[[27034,27969],[24,-98]],[[27058,27871],[-74,-363]],[[26984,27508],[-11,118],[-14,97],[-5,93],[-10,64],[7,81],[-8,88],[5,23]],[[26598,30265],[8,42]],[[26606,30307],[18,-5],[11,-135],[19,-49],[15,43],[20,-58]],[[26689,30103],[4,-55]],[[26693,30048],[-7,-23],[-26,-365]],[[26660,29660],[-22,15],[-22,-114]],[[26616,29561],[-14,137]],[[26602,29698],[14,81],[-6,64],[0,81],[-6,71],[10,139],[-16,131]],[[18673,44530],[39,1],[0,-56],[25,0],[0,305],[5,-1]],[[18742,44779],[77,-1]],[[18819,44778],[0,-47],[12,-51],[-9,-75],[7,-97],[-14,-53],[-3,-73],[11,-125],[-3,-91],[23,-49],[2,-132]],[[18845,43985],[-168,-3]],[[18677,43982],[0,328],[11,0],[0,130],[-15,90]],[[18431,48245],[50,-8],[0,278]],[[18481,48515],[-7,91],[16,116],[17,38],[16,-35],[17,9],[60,-82],[8,86],[1,81],[19,63],[16,-9],[13,-59],[13,13],[9,-36],[20,49],[15,-20],[8,39],[22,13],[13,-104],[33,97],[24,-18]],[[18814,48847],[0,-284],[-48,1],[0,-161],[-17,-1],[-2,-246],[-15,0],[0,-83],[-34,0],[0,-165],[-34,0]],[[18664,47908],[-150,2],[0,-165]],[[18514,47745],[-83,1],[0,499]],[[17580,55379],[36,-228],[20,-81],[6,-120],[29,-110],[-4,-76],[11,-59],[2,-53],[-18,-82],[19,-129],[15,-10]],[[17696,54431],[-2,-38],[-30,-35],[55,-180],[6,-91],[57,-82],[22,-201],[28,-93],[3,-63],[17,-82],[6,-85],[14,-18],[11,-75]],[[17883,53388],[-188,1],[-193,3]],[[17502,53392],[0,166]],[[17502,53558],[0,747]],[[17502,54305],[0,908]],[[17502,55213],[-1,243],[14,80],[13,18],[20,-91],[16,3],[16,-87]],[[25328,44280],[11,0]],[[25339,44280],[123,-4]],[[25462,44276],[21,-145],[12,-209],[8,-231],[10,-125],[12,-60],[2,-76]],[[25527,43430],[0,-453]],[[25527,42977],[-74,-1],[-1,169],[-32,-3],[-1,166],[-32,-5],[-1,83]],[[25386,43386],[18,3],[14,57],[-1,529],[-96,-15]],[[25321,43960],[0,154],[7,0],[0,166]],[[17307,47190],[13,-17],[20,-136],[18,-12],[18,-124],[0,-96],[29,-150],[15,-58],[12,-121],[19,-30]],[[17451,46446],[22,11],[16,-124],[-3,-72],[14,-61],[10,-81],[9,-13]],[[17519,46106],[17,-36],[1,-84],[17,-29],[14,-88],[11,-5],[11,-67],[9,-5],[5,79],[47,-30],[6,-66],[21,2],[20,31],[6,-34],[20,9],[10,-31],[15,9],[-4,-153],[0,-158],[116,1]],[[17861,45451],[0,-997],[0,-475]],[[17861,43979],[-77,0],[-174,1],[-191,2],[-109,3]],[[17310,43985],[-3,1]],[[17307,43986],[0,1191],[0,763],[0,1250]],[[17466,52809],[36,-2],[0,585]],[[17883,53388],[7,-67],[4,-134],[15,-24],[10,-60],[18,-47],[-6,-88],[10,-29],[22,76]],[[17963,53015],[14,-48],[-4,-100],[12,-49]],[[17985,52818],[-70,-72],[-218,-233],[-6,-100],[-23,-110],[-5,-127],[-18,-58],[-24,47],[-16,-4],[-11,33],[-22,106],[-15,-15],[-11,34]],[[17546,52319],[-8,79],[-31,-1],[-17,103]],[[17490,52500],[0,64],[-21,-4],[-3,249]],[[25731,36753],[0,84],[31,-2],[0,29]],[[25762,36864],[31,6],[-1,-112],[31,-2],[0,-163]],[[25823,36593],[8,-65],[-5,-70],[-11,-9]],[[25815,36449],[-10,-34],[0,-113],[5,-61],[-7,-37],[-15,8],[-3,-103],[-16,-47]],[[25769,36062],[3,100],[-11,34],[-10,-38],[-9,38],[-12,146],[-5,17]],[[25725,36359],[11,0],[-2,153],[-5,116],[2,125]],[[26169,40897],[4,0],[1,358]],[[26174,41255],[37,2]],[[26211,41257],[74,8]],[[26285,41265],[0,-418]],[[26285,40847],[0,-82]],[[26285,40765],[-116,-6]],[[26169,40759],[0,138]],[[24587,43884],[0,166]],[[24587,44050],[35,-1],[172,0]],[[24794,44049],[4,-70],[-6,-67],[3,-61]],[[24795,43851],[-10,-240],[-15,-38]],[[24770,43573],[-21,-104]],[[24749,43469],[-26,2],[-12,66],[-17,10],[-28,-22],[-13,14],[-16,-54],[-19,65],[-31,1]],[[24587,43551],[0,333]],[[19265,27932],[30,-18]],[[19295,27914],[16,-62],[10,-89],[9,-25],[8,67],[15,63],[7,76],[15,54],[20,16],[11,62]],[[19406,28076],[-1,-1094],[46,-449],[4,-1],[20,-192],[9,-117],[2,-85],[-5,-203],[31,-196]],[[19512,25739],[-153,0],[-130,0],[-90,2]],[[19139,25741],[0,165]],[[19139,25906],[1,826],[0,471]],[[19140,27203],[11,-5],[-13,197],[4,165],[8,37],[14,-6],[6,55],[19,29],[16,-12],[13,56],[47,1],[0,212]],[[23863,46844],[125,1]],[[23988,46845],[7,0]],[[23995,46845],[0,-466]],[[23995,46379],[-132,0]],[[23863,46379],[0,465]],[[21481,38522],[158,3]],[[21639,38525],[-1,-828]],[[21638,37697],[-24,-1]],[[21614,37696],[-133,-4]],[[21481,37692],[0,666]],[[21481,38358],[0,164]],[[25666,27302],[12,-1],[16,61],[12,105],[14,-2],[0,55],[15,11],[7,96],[10,-1],[12,95],[19,1],[12,96],[13,55]],[[25808,27873],[9,0],[0,-83],[29,0],[0,-213]],[[25846,27577],[6,-176],[-28,-109],[-1,-73],[-12,-45],[12,-103],[-8,-43]],[[25815,27028],[-6,-32],[-2,-125]],[[25807,26871],[-9,-3],[-13,52],[-3,45],[-60,-2],[-16,-36]],[[25706,26927],[-15,27],[-9,66],[0,113],[-16,15],[0,154]],[[25867,28927],[29,149],[26,45]],[[25922,29121],[73,-2]],[[25995,29119],[1,-170],[8,28],[21,-259],[-1,-40]],[[26024,28678],[0,-63],[-39,28],[-5,-83],[-20,15],[-7,-94],[-20,-44]],[[25933,28437],[-9,37],[-4,81],[-15,46],[0,71],[-13,43],[-9,-31],[-12,23],[-10,-83]],[[25861,28624],[-2,203],[8,100]],[[25847,26362],[103,3]],[[25950,26365],[35,-1],[-9,-146],[7,-58],[-2,-84],[2,-210]],[[25983,25866],[-2,-87],[-19,4],[-17,-56]],[[25945,25727],[-6,-27],[-20,21],[-24,66],[-9,82],[-20,-50],[-3,-60],[-22,-19],[-4,-33]],[[25837,25707],[0,567]],[[25837,26274],[-1,83],[11,5]],[[25533,24601],[76,4],[19,-6],[71,4]],[[25699,24603],[0,-148]],[[25699,24455],[-23,-65],[-20,-27],[1,-52],[-22,-67],[-8,-231],[-12,-121],[-6,-7],[-19,-100],[-17,-160],[-10,-32],[-9,-77]],[[25554,23516],[-17,0],[-20,-63],[-16,33]],[[25460,23587],[-5,68],[17,20],[4,109],[12,43],[18,-23],[7,43],[2,91],[-15,71],[15,66],[0,274],[14,1],[0,222],[4,29]],[[26651,34257],[23,-10],[6,68],[35,82],[8,64],[14,35]],[[26737,34496],[16,-38]],[[26753,34458],[-7,-89],[51,91],[7,25],[20,-78]],[[26824,34407],[4,-41],[-7,-114]],[[26821,34252],[-25,-67],[-29,-6],[-17,-136],[-1,-77],[-16,-6],[-74,-143]],[[26659,33817],[0,62],[-11,69],[4,95],[-7,46],[8,80],[-2,88]],[[24975,20420],[-7,30]],[[24968,20450],[7,-30]],[[24835,20915],[20,-5],[7,-48]],[[24862,20862],[11,-138],[17,7],[9,-82],[16,3],[26,-147],[23,-53]],[[24964,20452],[-36,-50],[-1,-169],[10,-65],[19,-54],[10,-64],[0,-105],[19,28],[9,-26],[15,1],[12,-63],[9,31],[12,-41],[8,-87],[10,76],[17,-101],[7,-73],[-2,-97],[14,-16],[13,41],[2,-74],[-18,-10],[-4,-61],[16,-7],[-8,-85],[-10,49],[-4,-81],[-8,-6],[-3,-94],[-17,2],[-1,80],[-17,-21],[-34,-232],[1,76],[9,55],[7,109],[7,0],[12,221],[-12,53],[-9,-137],[-14,-11],[-23,174],[-34,73],[-9,71],[-57,54],[5,69],[10,-51],[8,42],[20,16],[22,55],[-44,3],[-21,62],[2,101],[-15,-57],[-25,28]],[[24843,20084],[0,230],[-10,179],[-15,123],[0,172],[12,46],[5,81]],[[24765,23021],[118,3]],[[24883,23024],[30,0]],[[24913,23024],[-13,-201],[-3,-132],[-13,-120],[1,-75],[-4,-113]],[[24881,22383],[-43,-1],[-72,90]],[[24766,22472],[-2,102],[-15,239],[-8,27],[-1,181]],[[24740,23021],[25,0]],[[23711,26605],[0,264]],[[23774,26869],[-1,-57],[5,-110],[-5,-57],[9,-126],[-4,-74],[2,-76],[-8,-42],[11,-43],[-1,-65],[10,-92],[-3,-129],[5,-88],[12,-66],[8,-78],[-5,-33],[16,-57],[5,-86],[20,-40],[21,-172]],[[23871,25378],[-41,1]],[[23830,25379],[-3,88],[-11,64],[-14,-1],[-16,53],[-21,-102],[-4,-75],[-25,-107],[-25,1]],[[23711,25300],[0,374]],[[23711,25674],[0,573]],[[23711,26247],[0,358]],[[25699,24455],[0,-229],[19,-205],[38,-2]],[[25756,24019],[0,-167],[8,0],[2,-129],[-10,-60],[1,-277]],[[25757,23386],[-19,1],[1,131],[-185,-2]],[[25725,25576],[11,-1],[-2,99],[18,20],[1,-80],[10,-11],[6,78],[11,-42],[20,-20],[13,-36]],[[25813,25583],[7,-37],[-5,-61],[23,-93],[0,-369]],[[25838,25023],[1,-166],[-12,2]],[[25827,24859],[-114,-5]],[[25713,24854],[0,164],[-14,-1]],[[25699,25017],[0,338],[18,34],[-6,53],[4,111],[10,23]],[[30477,48064],[28,-32],[-2,200],[4,99],[29,-35],[7,37],[4,119]],[[30547,48452],[27,-29]],[[30574,48423],[-12,-26],[1,-99],[12,-98],[19,-3],[15,-276],[-14,-114],[-10,-18]],[[30585,47789],[-19,-37],[-7,-148],[-11,-115],[-14,-6],[-14,45],[-23,-92],[-5,85]],[[30492,47521],[-11,74],[6,73],[6,143],[-25,68],[1,85],[8,100]],[[30177,50232],[15,-493],[-12,-8],[5,-170],[9,-162],[1,-205],[43,121],[29,-321],[-11,-32],[75,-78],[0,-123],[9,-3],[3,-85]],[[30343,48673],[-10,-35],[3,-148],[-20,-290],[-42,-287],[2,-54]],[[30276,47859],[-8,18],[-10,-68],[-14,49],[-5,60],[7,114],[-11,92],[-55,-179],[30,-220],[-11,-139],[-13,-62],[5,-80]],[[30191,47444],[-27,-6],[-13,-39],[-17,3]],[[30134,47402],[-6,939]],[[30128,48341],[-6,707],[-15,1238]],[[30107,50286],[15,9],[22,56],[10,-52],[-1,-62],[10,-85],[14,80]],[[28518,39642],[61,1]],[[28579,39643],[1,-204],[15,-171],[21,-43],[13,-71],[9,-143]],[[28638,39011],[7,-125],[-17,-72],[-12,-160],[-16,-1],[-10,73]],[[28590,38726],[0,251],[-50,0],[0,-179],[25,-77]],[[28565,38721],[-21,-45]],[[28544,38676],[-28,100],[0,91],[-16,7],[-8,62]],[[28492,38936],[0,237],[7,108],[19,361]],[[28671,39643],[2,0]],[[28673,39643],[5,-67],[15,-70],[24,-202]],[[28717,39304],[-14,-104],[15,-26],[-5,-57],[-30,-148],[-26,-96],[-6,136],[-13,2]],[[28579,39643],[92,0]],[[28682,37979],[10,60],[17,5],[-3,60],[5,58],[41,-49]],[[28752,38113],[0,-65],[6,-87],[8,-45],[-28,-116],[-4,-49],[19,-104]],[[28753,37647],[-11,-93],[-2,-63],[-10,-38]],[[28730,37453],[-17,102],[-7,-9],[-18,105],[-10,11],[-7,59],[-16,21],[-13,48],[13,151],[15,-21],[12,59]],[[28673,39643],[27,0]],[[28700,39643],[97,2]],[[28797,39645],[0,-122],[6,-535]],[[28803,38988],[-16,7],[-9,-32],[-38,19]],[[28740,38982],[-11,55],[14,61],[-5,58],[8,174],[-29,-26]],[[30060,45390],[2,12]],[[30062,45402],[18,-10],[-1,101],[15,59],[19,-29],[9,101],[28,48],[23,-45],[9,22]],[[30182,45649],[3,-173],[9,-134],[-1,-38],[24,-68],[15,66],[9,-106],[-9,-66],[-21,-52],[-42,-53],[4,-97],[-13,-63],[-20,-33]],[[30140,44832],[-16,2]],[[30124,44834],[-8,61],[5,57],[-11,46],[11,104],[-7,40],[-21,-14],[-34,111],[5,26],[-4,125]],[[30025,43958],[4,0],[79,210]],[[30108,44168],[9,-252],[15,-73],[6,-122],[-17,-84],[2,-72],[30,23],[9,-59],[12,-251]],[[30174,43278],[-24,-29],[-1,-123],[-30,-97],[-22,-1]],[[30097,43028],[-3,310],[-18,29]],[[30076,43367],[-8,67]],[[30068,43434],[-10,80],[-16,46]],[[30042,43560],[-8,89],[2,144],[-12,-10],[1,175]],[[30180,44493],[12,-33]],[[30192,44460],[-13,-91],[-7,74],[8,50]],[[30087,44616],[-2,-51]],[[30085,44565],[2,51]],[[29998,44285],[35,109],[13,65],[-7,124],[17,29],[11,-18],[11,-68]],[[30078,44526],[13,-90],[15,64],[14,29]],[[30120,44529],[18,-41],[18,3]],[[30156,44491],[-4,-204],[-44,-119]],[[30025,43958],[0,64],[-33,-3]],[[29992,44019],[-1,190],[7,76]],[[25571,51582],[34,0],[1,332],[35,-1]],[[25641,51913],[139,0]],[[25780,51913],[35,-1],[0,-499],[9,0],[0,-264]],[[25824,51149],[-21,-22],[-11,-58],[-5,-96],[-10,-11],[-7,-83],[-17,78],[12,121],[23,111],[17,142],[-2,62],[-14,19],[-22,-118],[-33,50],[2,-93],[-8,-34],[-11,-141],[-17,-20],[-14,-46],[-9,40],[3,95],[-9,139],[-14,-31],[0,-144],[-12,-96],[-18,-40],[-27,-219]],[[25600,50754],[-18,1],[0,662],[-11,1],[0,164]],[[26003,49275],[49,1]],[[26052,49276],[11,-18],[6,99],[13,106],[-2,83],[5,109],[13,34],[-7,-259],[-16,-72],[-5,-111],[13,-24],[8,108],[16,106]],[[26107,49437],[17,0],[2,-58],[12,-32]],[[26138,49347],[-1,-572]],[[26137,48775],[-135,1]],[[26002,48776],[1,499]],[[26542,50089],[137,10]],[[26679,50099],[21,-155],[0,-140],[-7,-19],[-14,65],[-14,-41],[-7,-112],[11,-132],[29,-130]],[[26698,49435],[-158,-4]],[[26540,49431],[-1,331],[3,1],[0,326]],[[25362,52411],[0,492],[35,2],[0,164],[-15,0],[0,279]],[[25382,53348],[41,-5],[14,-48],[8,14],[22,-50],[3,-75],[27,-26],[10,-72],[4,-83],[16,-77],[6,-82],[31,-146],[-1,-71],[10,-57],[13,-22],[55,5]],[[25641,52553],[0,-640]],[[25571,51582],[-70,2]],[[25501,51584],[0,496],[-139,0]],[[25362,52080],[0,331]],[[26789,46186],[137,28]],[[26926,46214],[5,-126],[16,-163],[4,-77],[-12,-95],[-7,-225],[4,-91],[-12,-184],[-4,-112],[-23,-110],[-15,39],[-6,104],[16,80],[-22,41]],[[26870,45295],[-7,37],[-3,365],[-68,-7]],[[26792,45690],[-3,496]],[[25118,52410],[87,1]],[[25205,52411],[157,0]],[[25362,52080],[0,-619]],[[25362,51461],[-9,30],[-40,26],[-25,77],[-10,-31],[-26,84],[-15,-7],[-14,-53],[-13,0],[-6,50]],[[25204,51637],[-16,25],[-11,-20],[-42,109]],[[25135,51751],[-17,45]],[[25118,51796],[0,448]],[[25118,52244],[0,166]],[[22932,53803],[179,1]],[[23111,53804],[1,-331],[5,0],[0,-494]],[[23117,52979],[0,-167],[-30,1]],[[23087,52813],[-140,-1]],[[22947,52812],[-4,0]],[[22943,52812],[6,262],[-5,18],[4,178],[6,109],[-9,1],[-12,156],[5,68],[0,120],[-6,79]],[[23485,47509],[135,0]],[[23620,47509],[34,-1]],[[23654,47508],[0,-663]],[[23654,46845],[-55,1]],[[23599,46846],[-114,1]],[[23485,46847],[0,662]],[[24751,30636],[163,-1]],[[24914,30635],[0,-425]],[[24914,30210],[-51,1],[-5,-40],[-29,-84],[-22,49],[-6,52],[-10,-3],[-10,-66]],[[24781,30119],[0,259],[-29,0]],[[24752,30378],[17,93],[0,75],[-18,90]],[[24381,23019],[20,75],[-1,60],[-16,89],[10,141]],[[24394,23384],[4,64],[13,-18],[14,46],[3,153],[13,-8],[33,87],[41,-27]],[[24515,23681],[17,-49]],[[24532,23632],[10,-75],[0,-539]],[[24542,23018],[-32,0]],[[24510,23018],[-129,1]],[[24486,38535],[21,-2],[1,168],[51,-5],[77,-1]],[[24636,38695],[4,-131],[7,-127],[-8,-60],[9,-124],[4,-110]],[[24652,38143],[-17,-47],[-15,24],[-11,-88],[-13,22],[-19,-3],[-7,-29]],[[24570,38022],[-42,4],[0,112],[-22,1],[0,114],[-21,1]],[[24485,38254],[1,281]],[[18285,51494],[9,-48],[15,-158],[0,-58],[10,-63],[9,7],[8,80],[16,9],[13,93],[14,35],[22,-6],[4,-40]],[[18405,51345],[24,-100],[28,-54],[21,-11],[18,-50],[7,-118],[9,-18],[4,-99]],[[18516,50895],[0,-105],[-5,-69],[4,-85],[25,-112],[27,25],[11,-94],[2,-84],[0,-498],[35,0],[0,-168],[40,0],[0,-167],[6,0],[0,-164],[28,-1],[0,-81],[80,-5],[0,-138],[85,0]],[[18854,49149],[1,-80],[-15,-117],[0,-109],[-17,28],[-9,-24]],[[18481,48515],[-9,-34],[-16,78],[-28,104],[-9,212],[-14,66],[8,36],[-3,115],[-9,97],[-22,110],[-19,67],[-26,-72],[-4,67],[-18,34],[-10,53],[-12,145],[15,35],[-2,189],[-19,64],[-15,74],[-5,100],[-28,151],[3,31],[-15,93],[1,122],[-12,27],[-2,94],[6,48],[-3,63],[-17,12],[10,118],[-3,39],[-31,105],[-5,72]],[[18168,51030],[6,93],[31,36],[26,143],[25,6],[12,60],[13,11],[4,115]],[[20051,57328],[195,-1],[102,0]],[[20348,57327],[0,-169],[-11,0],[0,-165],[37,0],[0,-497],[60,0]],[[20434,56496],[0,-656],[-11,0],[0,-398]],[[20423,55442],[-21,-12],[-24,57],[-62,-14],[-26,55],[-20,18],[-10,-89],[3,-116]],[[20263,55341],[-10,25],[-16,-151],[-9,-40],[-8,-109],[-24,-72],[-15,-6],[-6,-72],[-36,6],[-5,-112],[-36,-30],[-29,12],[-38,-15],[-9,36],[-37,22]],[[19985,54835],[0,341],[3,0],[0,663],[10,0],[0,165],[30,-1],[0,170],[-11,0],[0,166],[12,65],[18,-11],[-4,112],[0,657],[8,0],[0,166]],[[21110,42832],[2,83]],[[21112,42915],[205,2]],[[21317,42917],[7,-84],[0,-330]],[[21324,42503],[0,-331],[-3,-87]],[[21321,42085],[-9,0]],[[21312,42085],[-203,-1]],[[21109,42084],[2,87],[-1,661]],[[21324,42503],[154,-1]],[[21478,42502],[1,-414]],[[21479,42088],[0,-3]],[[21479,42085],[-158,0]],[[28903,39786],[-2,11]],[[28901,39797],[23,89],[17,1],[16,34]],[[28957,39921],[20,40]],[[28977,39961],[13,-69],[2,-60],[18,-171],[24,-68],[17,-165]],[[29051,39428],[-31,-178]],[[29020,39250],[-21,102]],[[28999,39352],[-38,188],[-10,-11],[-15,35],[-25,89],[-7,66],[-1,67]],[[27690,44501],[22,54],[64,215],[13,80],[24,94],[51,128]],[[27864,45072],[21,-61]],[[27885,45011],[0,-859],[0,-167]],[[27885,43985],[-153,-1]],[[27732,43984],[-42,0],[0,517]],[[28777,48567],[115,-354]],[[28892,48213],[-28,-221],[17,-53],[-4,-121],[-14,-6],[2,-75],[-17,7],[-43,-177],[-23,10],[-3,-175],[18,-6],[4,-191]],[[28801,47205],[-70,35],[1,-74],[-50,23]],[[28682,47189],[-4,139],[-6,119],[-17,77],[10,49],[16,-32],[21,63],[-1,67],[-19,67],[4,60],[10,15],[-6,111],[-26,-25],[17,-64],[-9,-79],[-18,82],[1,74],[-17,31],[-3,55],[16,180],[18,8],[23,69],[1,78],[18,36],[26,92],[9,-9],[31,115]],[[29365,41666],[-5,54],[15,112],[18,-30],[2,81],[21,37],[7,-74],[21,-17]],[[29444,41829],[12,-375],[-1,-118]],[[29455,41336],[-41,-60],[-50,21]],[[29364,41297],[-4,72],[12,52],[-2,130],[8,57],[-13,58]],[[28271,30594],[10,20],[38,-28],[38,-116],[10,58],[18,-25],[11,-74],[17,-195]],[[28413,30234],[11,-58],[5,-80],[-1,-56]],[[28428,30040],[-26,-95],[-8,-77],[-20,-91],[-59,-199]],[[28315,29578],[-16,72],[-11,186],[-18,276]],[[28270,30112],[0,121],[8,265],[-7,96]],[[27156,33671],[90,-25]],[[27246,33646],[0,-55],[9,-96],[14,-93],[7,-106],[-2,-47]],[[27274,33249],[-20,16],[-8,-37],[-3,-133],[-18,-16],[-13,-71]],[[27212,33008],[-21,69],[-24,139],[-25,80]],[[27142,33296],[4,126],[5,20],[-4,130],[9,99]],[[27501,33600],[40,-13],[67,-3]],[[27608,33584],[8,0]],[[27616,33584],[-2,-544]],[[27614,33040],[-117,9]],[[27497,33049],[4,551]],[[28650,33599],[54,0]],[[28704,33599],[71,0]],[[28775,33599],[13,-367],[13,-241]],[[28801,32991],[-6,-8]],[[28795,32983],[-5,42],[-9,326],[-12,41],[-3,77],[-25,25],[-4,80],[-11,-51],[8,-120],[12,-20],[13,-132],[23,-363],[12,-114],[0,-86],[-19,105],[1,61],[-12,94],[-5,71],[-11,40]],[[28748,33059],[-20,168],[-22,5],[-12,77],[0,52],[-44,238]],[[26603,31729],[17,17],[29,-29],[14,93],[37,82],[16,79]],[[26716,31971],[20,-47],[0,-140],[8,-84],[-8,-75]],[[26736,31625],[-14,19],[-23,-113],[-10,5],[-3,-79],[9,-139],[-2,-43]],[[26693,31275],[-26,-11],[-18,-49],[-51,-38]],[[26598,31177],[-1,85],[18,41],[10,122],[-17,64],[-45,3],[-30,39],[-11,-9]],[[26522,31522],[11,29],[9,79],[15,13],[15,73],[31,13]],[[28208,33588],[37,2]],[[28245,33590],[131,-2]],[[28376,33588],[37,3]],[[28413,33591],[5,-40],[15,-13],[-32,-518]],[[28401,33020],[-6,-56],[-19,-18],[2,-75]],[[28378,32871],[-27,86],[3,56],[-9,45],[-10,111],[-27,-41],[-12,65],[11,70],[-1,76],[-22,68],[-6,61],[-35,0],[-12,36],[-22,7]],[[28209,33511],[-1,77]],[[22635,55794],[213,-2]],[[22848,55792],[-2,-39]],[[22846,55753],[20,-230],[6,-203],[10,-51],[-1,-90],[12,-130],[12,-72],[1,-56],[12,-124]],[[22918,54797],[-163,0]],[[22755,54797],[-114,1]],[[22641,54798],[0,664],[-6,0],[0,332]],[[22622,57329],[201,0]],[[22823,57329],[-1,-100],[12,-102],[13,-299],[12,-107],[-4,-97],[-8,-61],[-6,-104]],[[22841,56459],[1,-3]],[[22842,56456],[-213,2]],[[22629,56458],[0,330],[-7,2],[0,539]],[[26672,43260],[68,8]],[[26740,43268],[27,-43],[10,-73],[19,-73],[23,-4],[15,124],[13,-88],[18,3],[-1,-58],[-33,-19],[-11,-25],[-21,-1],[-4,-40],[-18,-19]],[[26777,42952],[-84,0],[0,83],[-21,-1]],[[26672,43034],[0,226]],[[27866,29222],[16,87]],[[27882,29309],[117,-677]],[[27999,28632],[29,-167]],[[28028,28465],[-34,-71],[-35,-123],[-40,-219],[-18,-128]],[[27901,27924],[-27,0],[-14,199],[-11,54]],[[27849,28177],[-2,42],[-14,108],[-5,111],[0,95],[-13,49],[-7,96],[1,51],[24,118],[-1,63],[13,82],[4,82],[15,79],[2,69]],[[9773,87222],[88,-69],[30,42],[31,208],[28,82],[-18,43],[7,138],[-8,48],[9,77],[17,-6],[10,76],[35,60],[16,69],[44,89],[47,13],[37,178],[1,101],[-10,56],[21,38],[7,68],[17,37],[21,-34],[23,23],[38,106],[52,59],[37,-60],[37,10],[29,106],[34,80],[18,12],[49,122],[14,187],[63,209],[30,35]],[[10627,89425],[1,-967],[0,-662],[0,-1866],[0,-1741],[0,-536],[0,-1088],[-1,-641]],[[10627,81924],[-231,0],[0,406],[-51,1],[11,88],[0,661],[-42,0],[0,165],[-52,0],[0,165],[-59,-2],[-45,54],[-40,-165],[-27,-25],[-49,7],[-8,89],[21,207],[-30,122],[37,186],[-2,71],[10,50],[-27,24],[-7,64],[-2,144],[-135,0],[-268,-1],[0,28],[-160,0],[0,165],[-267,0],[-8,-64],[-53,12],[-46,-41]],[[9097,84335],[0,588],[-141,0]],[[8956,84923],[0,709],[0,777]],[[23464,30755],[0,275],[32,0],[0,230]],[[23496,31260],[10,53],[13,2],[13,-47],[4,-62],[15,18],[6,45],[28,-51],[3,130],[13,32]],[[23601,31380],[2,-32],[-5,-830]],[[23598,30518],[-2,-391]],[[23596,30127],[-2,-422]],[[23594,29705],[-132,0]],[[23462,29705],[0,331],[-34,0]],[[23428,30036],[0,332],[17,0],[0,165],[19,1],[0,221]],[[23227,29037],[174,0]],[[23401,29037],[0,-419]],[[23401,28618],[-17,48],[-10,-45],[0,-85],[-16,-32]],[[23358,28504],[-15,-20],[-22,0],[-9,26],[-16,2],[-6,89],[-12,27],[-8,-66],[-10,5],[-28,-71]],[[23232,28496],[-21,1],[-12,81],[-16,61],[0,338],[-15,60]],[[23168,29037],[59,0]],[[22957,34454],[62,0]],[[23019,34454],[146,0]],[[23165,34454],[0,-1096]],[[23165,33358],[0,-500],[-74,1]],[[23091,32859],[7,81],[-7,44],[-16,-2],[-30,113],[-7,88],[-16,-64],[-16,33],[4,62],[-22,148],[-10,-11],[-10,33],[1,76],[-9,139],[-9,29],[-14,-50],[-15,-130],[-18,-30],[-12,20],[-8,78]],[[22884,33516],[4,42],[27,47],[-4,87],[-25,-31],[-15,21]],[[22871,33682],[3,17],[-5,155],[9,33],[28,-29],[12,125],[15,-16],[3,46],[20,28],[1,413]],[[15231,45805],[61,1],[11,-40],[2,-57],[15,-39],[5,-105],[-6,-20],[1,-148],[6,0],[0,-132],[13,28],[26,0],[6,55],[14,48],[0,66],[32,28]],[[15417,45490],[8,20],[18,-29]],[[15443,45481],[-11,-121],[-21,-169],[1,-71],[-17,-179],[-30,-2],[-4,-166],[-8,-51],[4,-51],[37,-11],[22,-173],[6,-79],[-7,-34],[1,-71],[-12,-60],[10,-92],[-7,-83],[7,-90]],[[15414,43978],[-109,5]],[[15305,43983],[-16,90],[-8,12],[-16,126],[-1,120],[-14,133],[-5,161],[-2,195],[13,262],[-7,158],[-9,51],[-8,92],[-11,25],[-6,130],[-6,38],[22,229]],[[16971,48286],[22,28],[17,111],[2,55],[21,137],[11,27],[106,2],[6,-55],[11,0],[12,-55],[0,-165],[74,2]],[[17253,48373],[14,-81],[19,40],[13,-94],[7,34],[15,-11],[2,-87],[13,-11],[7,-74]],[[17343,48089],[-12,-111],[-10,-17],[1,-70],[11,-52],[-14,-269]],[[17319,47570],[-13,-96],[1,-284]],[[17307,43986],[-167,-3],[-159,-2]],[[16981,43981],[1,531],[-6,0],[0,1218],[-4,0],[1,827],[-2,0],[1,820],[1,497]],[[16973,47874],[-2,412]],[[16968,49625],[14,112],[18,53],[35,-96],[10,2],[35,120],[18,-127],[60,2],[0,165],[83,2]],[[17241,49858],[134,-5]],[[17375,49853],[-18,-106],[-2,-73],[5,-83],[-4,-101],[-13,-90]],[[17343,49400],[-10,-108],[-31,-73],[-14,-154],[-13,-227],[-23,-126],[3,-100],[-8,-58],[15,-114],[-9,-67]],[[16971,48286],[-74,-1],[8,151],[16,74],[-6,54],[3,90],[14,20],[0,92],[9,109],[10,46],[-19,109],[-10,-6],[-26,51],[-4,62],[34,45],[8,40],[23,8],[-3,124],[-7,38],[14,63],[12,12],[-5,158]],[[27820,40251],[11,92],[24,75],[2,63],[10,63],[19,173]],[[27886,40717],[36,0],[12,-77],[63,-2]],[[27997,40638],[-23,-331],[-6,-24],[2,-445],[-15,-192]],[[27955,39646],[-33,0]],[[27922,39646],[-129,-3]],[[27793,39643],[-2,70],[9,119],[-14,63],[5,90],[29,266]],[[28421,40308],[30,148],[28,26],[8,101],[11,23]],[[28498,40606],[31,-107],[8,-96]],[[28537,40403],[16,-108],[26,-34],[10,11],[17,-198],[23,-68],[4,-88],[10,-83],[18,-88],[10,-104]],[[28518,39642],[-59,-2]],[[28459,39640],[0,213],[13,49],[-8,86],[5,63],[-15,150],[-14,31],[-19,76]],[[27063,27846],[100,539]],[[27163,28385],[22,119]],[[27185,28504],[20,-132],[12,-24],[11,-116],[15,-11],[50,-144]],[[27293,28077],[-52,-310]],[[27241,27767],[-107,-557]],[[27134,27210],[-14,29],[-13,65]],[[27107,27304],[2,70],[-6,56],[-14,38],[-8,58],[9,142],[-3,46],[-17,45],[-7,87]],[[27243,30958],[10,-2]],[[27253,30956],[80,-27]],[[27333,30929],[2,-68],[-6,-53],[4,-79],[30,120],[8,-59]],[[27371,30790],[-1,-114],[11,-126],[-2,-91],[1,-124],[-7,-33]],[[27373,30302],[-162,2]],[[27211,30304],[6,34]],[[27217,30338],[-9,205],[4,71],[-3,86],[4,36],[18,-2],[2,171],[10,53]],[[22941,46052],[98,-1]],[[23039,46051],[-16,-64],[6,-76],[-3,-96],[-10,-97]],[[23016,45718],[-4,-129],[-23,-148],[2,-101],[25,-104],[6,-48],[5,-132]],[[23027,45056],[6,-10],[0,-127],[8,2]],[[23041,44921],[-15,-15],[-16,72],[-13,-30],[-7,38]],[[22990,44986],[-2,52],[-21,107],[7,86],[-32,37],[-1,60]],[[22941,45328],[0,724]],[[22587,46213],[122,1]],[[22709,46214],[1,-605]],[[22710,45609],[-14,-17],[-25,14],[-20,34],[-8,-17],[-4,-79],[-17,-91],[-23,-10],[-33,143]],[[22566,45586],[11,79],[0,105],[5,82],[-5,43],[1,164],[9,154]],[[22130,51498],[198,-2]],[[22328,51496],[78,-3]],[[22406,51493],[0,-662]],[[22406,50831],[-183,3],[-90,1]],[[22133,50835],[-3,0]],[[22130,50835],[0,663]],[[26122,30925],[40,327],[5,67]],[[26167,31319],[16,194],[11,4]],[[26194,31517],[8,-55],[10,14],[14,-52]],[[26226,31424],[11,-98],[8,-133]],[[26245,31193],[-17,-199],[-4,-112],[8,-171],[9,-38],[-4,-52]],[[26237,30621],[-1,0]],[[26236,30621],[-80,-5]],[[26156,30616],[-27,-4]],[[26129,30612],[-31,0]],[[26098,30612],[26,117],[5,82],[-9,34],[2,80]],[[26741,32895],[8,15],[16,102]],[[26765,33012],[25,88],[15,88],[27,68],[7,-12],[31,88]],[[26870,33332],[21,3],[-5,-506],[14,-96]],[[26900,32733],[5,-33],[-7,-74]],[[26898,32626],[-8,49],[-14,-37],[-29,-111],[0,-68],[-11,-43],[-7,37],[-13,-8]],[[26816,32445],[-17,105],[-39,217],[-9,18],[-12,69],[2,41]],[[27071,33519],[15,114],[28,88]],[[27114,33721],[50,-5]],[[27164,33716],[-8,-45]],[[27142,33296],[3,-83],[-13,-17],[-8,32],[-18,-40],[-17,-91]],[[27089,33097],[-4,-42]],[[27085,33055],[-13,44],[-5,80],[-13,63],[3,50],[23,161],[-9,66]],[[22867,17113],[2,-94]],[[22869,17019],[-17,-26],[7,86],[8,34]],[[22849,17120],[1,-7]],[[22850,17113],[-1,-6]],[[22849,17107],[0,13]],[[22845,17083],[4,16]],[[22849,17099],[-4,-16]],[[22825,17015],[0,2]],[[22825,17017],[0,-2]],[[22825,16495],[-13,-1]],[[22812,16494],[8,109],[12,43],[14,222],[6,13],[-1,93],[20,-5],[-27,-245],[-19,-229]],[[22664,17294],[-2,-116],[9,5],[24,-39],[4,-66],[24,-50],[13,4],[14,-34]],[[22750,16998],[8,-33],[21,32],[-2,-109],[14,-112],[25,-62],[-20,-249]],[[22796,16465],[-143,-4],[-14,119],[-15,28]],[[22624,16608],[3,268],[0,207],[37,211]],[[22519,14983],[93,-5]],[[22612,14978],[0,-314],[8,-8]],[[22620,14656],[-3,-115],[-4,-28],[-6,-168],[40,-29],[0,-162]],[[22647,14154],[0,-531]],[[22647,13623],[-2,-24],[-28,-10],[-9,25],[-11,-45],[-18,50],[-11,-35],[-9,49],[-20,-6],[-6,81],[-14,7],[-5,63],[-13,10],[-22,132],[-10,-30],[-24,91]],[[22445,13981],[44,586],[30,416]],[[22820,14274],[4,0]],[[22824,14274],[-4,0]],[[22647,14154],[93,-94],[10,72],[12,-23],[6,77],[11,86],[11,1]],[[22790,14273],[14,-219],[5,-29],[-10,-108],[10,-252],[20,-23],[3,-63],[12,-15],[2,-163],[-22,11],[-28,-67],[-11,-41],[-2,-119],[-19,15],[-5,69],[-17,4],[-7,89],[-10,11],[-18,130],[-16,46],[-21,-3],[-6,57],[-17,20]],[[21992,17677],[27,2]],[[22019,17679],[67,4],[134,9]],[[22220,17692],[1,-332],[118,40],[45,12]],[[22384,17412],[1,-505],[1,-836]],[[22386,16071],[0,-164],[-44,2]],[[22342,15909],[-105,8],[-11,87],[-23,-103]],[[22203,15901],[-12,13],[-2,130],[5,138],[-2,75],[4,51],[-13,39],[4,125],[-8,79],[-17,69],[-10,-29],[-9,63],[-14,12],[-14,125],[-18,59],[-12,72],[-4,176],[-13,116],[2,52],[-16,22],[-8,137],[-10,38],[-8,114],[-21,44],[-15,56]],[[22940,17722],[3,106]],[[22943,17828],[4,-89],[-7,-17]],[[22986,18659],[16,24],[3,-36],[41,-4],[7,-56],[22,3]],[[23075,18590],[1,-63],[-16,-480]],[[23060,18047],[-18,-140],[-33,-102],[-20,-78],[-33,-156],[-28,-153]],[[22928,17418],[6,95]],[[22934,17513],[3,100]],[[22937,17613],[0,9]],[[22937,17622],[9,42],[20,6],[15,63],[16,127],[22,58],[24,38],[-4,144],[-36,-129],[-12,-66],[-16,-4],[-6,66],[0,106],[-12,16],[-10,65]],[[22947,18154],[-8,-32],[-22,147]],[[22917,18269],[-3,114],[-8,37],[22,93],[36,66],[22,80]],[[21865,19369],[155,4]],[[22020,19373],[-1,-836]],[[22019,18537],[0,-858]],[[21992,17677],[-3,73],[-10,10],[-10,84],[2,62],[-17,163],[3,53],[-21,232],[4,67],[-14,42],[1,60],[-15,36],[-2,155],[-8,70],[-3,92],[-29,221],[1,85],[-6,187]],[[21561,21663],[107,0],[115,0]],[[21783,21663],[73,0]],[[21856,21663],[0,-1266]],[[21856,20397],[0,-389],[-3,-156],[-10,-23],[0,-135],[-13,-26]],[[21830,19668],[-24,75],[-2,52],[-17,75],[-16,33],[-9,79],[-6,100],[-26,35],[-6,72],[-24,42],[5,55],[-19,38],[3,105],[-4,35],[-16,40],[-8,71],[-3,102],[-11,-33],[-3,69],[-12,-48],[-9,63],[-9,2],[-22,-84],[-4,32],[-14,-16],[-14,36]],[[21560,20698],[1,965]],[[23201,19646],[7,62]],[[23208,19708],[14,87],[12,32],[34,-61],[12,66],[5,108],[7,21],[-1,82],[24,2],[11,269]],[[23326,20314],[22,10],[4,26],[19,-11],[2,-75],[11,3]],[[23384,20267],[-5,-172],[49,-505]],[[23428,19590],[-11,-44],[-15,4],[-4,-111],[12,-96],[-36,-175],[-12,-80],[-25,-128],[-15,-20],[-19,-64]],[[23303,18876],[-17,7],[-3,57],[-18,85],[-3,91],[-13,34],[-18,-4],[-3,147],[-8,88],[-10,16],[-1,201],[-8,48]],[[20380,24930],[146,-3],[155,0]],[[20681,24927],[0,-451],[1,-197],[1,-952],[1,-620],[-3,0],[0,-328]],[[20681,22379],[-17,-66]],[[20664,22313],[-8,109],[-11,-11],[-14,69],[-6,63],[-12,7],[-16,100],[-11,-21],[-9,60],[-29,43],[-5,97],[-21,83],[-3,43],[-16,44],[-14,183],[-12,59],[-34,97],[-6,68],[-21,165],[-18,46],[-6,98],[-12,43]],[[20380,23758],[11,69],[0,105],[-10,0],[-1,998]],[[23527,26169],[0,269]],[[23527,26438],[54,-190],[33,2],[30,99],[11,8],[6,-90],[14,-13],[11,80],[12,-33],[-1,-61],[14,7]],[[23711,25674],[-87,-121],[-9,73],[-14,-11],[-15,62]],[[23586,25677],[-18,26],[-7,-24]],[[23561,25679],[-17,6],[-17,45],[0,439]],[[23401,28618],[26,-67],[4,-75],[15,-19],[33,-197],[7,-18],[32,-25],[-3,-45]],[[23515,28172],[0,-713]],[[23515,27459],[-8,-17],[-10,83]],[[23497,27525],[-18,58],[-14,-19],[-26,13],[-6,-19],[-17,30],[-7,-14]],[[23409,27574],[-27,-21],[-5,-20],[-18,20]],[[23359,27553],[-1,5]],[[23358,27558],[0,946]],[[23526,26602],[15,0]],[[23541,26602],[170,3]],[[23527,26438],[-1,164]],[[18138,40397],[0,536],[1,1147]],[[18139,42080],[274,0],[72,0],[85,147]],[[18570,42227],[65,-587]],[[18635,41640],[15,-102],[3,-172],[6,-41],[-3,-171],[4,-90]],[[18660,41064],[-11,-14],[3,-147],[7,-89],[-7,-45],[6,-152],[8,-38],[1,-65],[-8,-90],[7,-45],[-6,-75],[-2,-108]],[[18658,40196],[-13,-44],[-13,-94],[-19,9],[-1,-75],[-72,-1],[-180,3],[-126,0],[-97,1]],[[18137,39995],[1,402]],[[18658,40196],[19,-72],[2,-86],[11,-45],[-5,-76],[4,-72],[-6,-86],[12,-10],[21,58],[17,166],[12,23],[11,77],[25,-158],[-5,-99],[32,2]],[[18808,39818],[5,-56],[10,1],[0,-84],[-37,-87],[2,-446],[-10,-1],[0,-147],[-49,-2],[-10,-30],[0,-56],[-16,-42]],[[18703,38868],[-15,29],[-33,-1],[-1,375],[-5,53],[-117,-3],[-82,0],[-248,1],[0,-17],[-65,-2]],[[18137,39303],[0,692]],[[28836,36299],[6,52]],[[28842,36351],[107,63]],[[28949,36414],[-29,-259],[-17,15],[-23,-127],[-10,-84],[-18,-185],[-7,-157],[4,-72],[-22,-212]],[[28827,35333],[-30,9],[-5,95],[-8,75],[-28,-3]],[[28756,35509],[7,134],[16,119],[6,95],[12,42],[-8,62],[13,29],[7,-36],[18,195],[-18,46],[27,104]],[[28725,36274],[14,0]],[[28739,36274],[-14,0]],[[28486,35176],[2,96],[20,43],[14,-26],[9,57]],[[28531,35346],[8,-68]],[[28539,35278],[15,-97]],[[28554,35181],[-23,-19],[-3,-58],[7,-65]],[[28535,35039],[-4,-76],[17,0]],[[28548,34963],[8,-51],[14,-3],[3,-46]],[[28573,34863],[-4,-85]],[[28569,34778],[-12,99],[-12,5],[-18,-61],[-10,76],[-22,21],[-1,35]],[[28494,34953],[0,196],[-8,27]],[[28827,35333],[1,-54],[-23,-224],[-9,-61],[-8,-170],[-22,-142],[-20,-2],[-2,70],[-10,99],[-3,98],[3,145],[13,126],[-5,31],[7,160],[7,100]],[[28427,36648],[15,22]],[[28442,36670],[3,-98],[6,-37],[26,-26]],[[28477,36509],[2,-11]],[[28479,36498],[3,-79],[-3,-92],[23,-124],[14,-41],[17,-184],[14,-53]],[[28547,35925],[-19,-80]],[[28528,35845],[-14,126],[-19,-23],[-21,87],[-16,15],[-8,170],[-10,75]],[[28440,36295],[-6,93],[-11,13],[-11,113],[14,78],[1,56]],[[28228,38521],[23,309],[8,51]],[[28259,38881],[11,5]],[[28270,38886],[18,-41],[13,7],[7,-75],[15,-37],[8,-52]],[[28331,38688],[-19,-141],[18,-133],[38,-36]],[[28368,38378],[-58,-401]],[[28310,37977],[-6,79],[-12,27],[-15,76]],[[28277,38159],[-86,135]],[[28191,38294],[28,129],[9,98]],[[27876,34573],[25,-58],[7,34],[20,-50]],[[27928,34499],[10,-70],[15,-3],[40,-241],[-4,-62],[6,-116],[-7,-43],[12,-84]],[[28000,33880],[-14,-36],[-5,-188],[-5,-73]],[[27976,33583],[-17,0]],[[27959,33583],[-96,0]],[[27863,33583],[-22,-1]],[[27841,33582],[35,991]],[[15587,53678],[35,0],[15,63],[5,64],[26,47],[15,-16]],[[15683,53836],[18,-29],[2,-48],[20,-64],[6,14]],[[15729,53709],[-5,-45],[11,-119],[16,-91],[32,-111],[2,-79],[48,-75],[2,-62],[12,-55],[18,-7]],[[15865,53065],[-115,-2],[-152,4],[0,56]],[[15598,53123],[1,385],[-13,3],[1,167]],[[15809,55903],[3,-43]],[[15812,55860],[-24,-79],[10,-109],[-19,6],[-7,95],[2,126],[35,4]],[[15707,55856],[13,146],[14,96],[2,90],[23,-12],[-4,-72],[26,-91],[-7,-52],[-25,22],[-2,-43],[-18,-94],[18,0],[11,-76],[8,-123],[-4,-30],[10,-99],[13,84],[12,-76],[20,-38],[7,-155],[-11,-90],[-15,46],[-1,63],[-9,51],[-17,6],[-16,62],[-4,90],[4,72],[-4,87],[-18,-4],[-10,75],[-16,65]],[[27086,35432],[20,70]],[[27106,35502],[11,-80],[29,-18],[16,50],[14,-53],[22,-36],[17,15],[8,-62],[35,-53]],[[27258,35265],[-14,-165]],[[27244,35100],[-21,-121],[-35,-129],[-32,-10],[-17,71]],[[27139,34911],[-7,71],[-25,23],[0,35],[-18,82],[-5,56],[-4,128],[-13,59],[19,67]],[[26925,37145],[28,55],[23,18],[5,90],[5,165]],[[26986,37473],[19,17]],[[27005,37490],[46,-223]],[[27051,37267],[2,-191]],[[27053,37076],[-14,-13],[-32,-108],[-15,-156]],[[26992,36799],[-13,51],[1,139],[-12,-36],[-43,192]],[[27241,38920],[28,84],[13,0],[11,85],[18,52]],[[27311,39141],[18,34],[9,-26],[5,-212]],[[27343,38937],[-46,-85],[-14,3],[-5,-75]],[[27278,38780],[-8,52],[-15,11],[-14,77]],[[28229,39210],[8,-9],[3,-80],[9,-46],[0,-170],[10,-24]],[[28228,38521],[-57,252]],[[28171,38773],[4,55],[21,166],[27,129],[6,87]],[[28087,39481],[19,-33],[4,40],[23,106],[26,-51],[15,-94]],[[28174,39449],[-20,-71],[-12,22],[-10,-132],[-7,-158],[-8,-96]],[[28117,39014],[-33,142]],[[28084,39156],[-34,97]],[[28050,39253],[14,63],[-10,47],[9,95],[24,23]],[[24738,40411],[24,58],[15,-8],[5,64]],[[24782,40525],[20,82],[16,132],[10,155],[14,29],[16,82]],[[24858,41005],[58,0],[1,-222],[31,1]],[[24948,40784],[0,-377]],[[24948,40407],[-19,73],[-22,-64],[-18,-9],[-16,28],[-29,-2],[-5,-51]],[[24839,40382],[-13,0],[-26,-89],[-43,-7],[-8,109],[-11,16]],[[28174,39449],[3,-29],[21,-33],[15,55],[13,-19],[-2,-79],[-10,-2],[4,-87],[11,-45]],[[28171,38773],[-54,241]],[[25132,44930],[46,-6]],[[25178,44924],[19,3]],[[25197,44927],[1,-648]],[[25198,44279],[-65,-2]],[[25133,44277],[-1,653]],[[24377,48935],[34,0]],[[24411,48935],[0,-666],[-20,-68],[3,-107],[7,-13],[9,-100],[-11,-111],[4,-23]],[[24403,47847],[-24,71],[-18,110],[-30,83],[-12,55]],[[24319,48166],[-17,178],[-1,90],[-10,49],[-34,91]],[[24257,48574],[11,201],[4,141],[7,20],[98,-1]],[[24411,48935],[101,1]],[[24512,48936],[0,-666],[4,0],[0,-320]],[[24516,47950],[-13,15],[-8,-57],[-22,14],[-10,-89],[6,-64],[-29,-1]],[[24440,47768],[-4,33],[-33,46]],[[25276,51081],[102,-18],[0,129]],[[25378,51192],[18,29],[2,-50],[30,-28],[9,-62]],[[25437,51081],[18,-93],[-11,-21],[13,-115],[-8,-122],[3,-73],[-5,-68],[-14,-57],[3,-47],[-10,-89],[37,-26],[17,77],[12,-96],[-16,-140],[-8,-168],[14,-64],[7,-68],[19,-26]],[[25508,49885],[-9,-95],[-1,-111],[-37,-38]],[[25461,49641],[0,45],[-51,5],[0,52],[-49,6],[0,165],[-19,3],[0,165],[-34,7],[1,329],[-34,5]],[[25275,50423],[1,658]],[[18974,49706],[71,0],[24,-17],[72,3],[11,11],[62,-5],[22,13],[85,-2]],[[19321,49709],[194,6],[6,-12],[128,2]],[[19649,49705],[0,-246],[8,0],[0,-668],[5,0],[0,-672],[7,0]],[[19669,48119],[0,-169]],[[19669,47950],[-68,0],[1,-169],[-35,0],[1,-164],[-50,-1],[0,-165],[-62,-9]],[[19456,47442],[-15,57],[-3,76],[-18,91],[-34,46],[-21,-61],[-9,-104],[2,-43],[-18,-24],[-16,-57],[-19,48],[9,52],[-16,178],[-22,30],[-9,-29],[-17,112]],[[19250,47814],[0,237],[-18,0],[1,110],[-10,190],[-16,48],[-6,112],[-18,104],[5,168],[-9,71],[-14,-1],[-5,57],[-81,-1],[0,159],[-108,0]],[[18971,49068],[0,638],[3,0]],[[19250,47814],[1,-1036]],[[19251,46778],[-2,-166],[-80,1],[0,-166],[-65,1],[0,-107]],[[19104,46341],[-66,0],[0,150],[-64,3]],[[18974,46494],[0,353]],[[18974,46847],[-1,920]],[[18973,47767],[0,70],[0,865],[-1,8]],[[18972,48710],[-1,358]],[[16194,39014],[8,44],[17,5],[49,68],[22,125],[28,9],[12,-111],[8,-36],[140,-2]],[[16478,39116],[-1,-245]],[[16477,38871],[-178,-2],[-23,-52],[-18,-89],[-17,-62],[-25,-121],[-27,-251],[-18,-3],[-10,49],[-13,-48],[-26,42]],[[16122,38334],[0,374],[4,78],[13,22],[4,63],[13,44],[9,77],[12,26],[17,-4]],[[24247,30771],[27,11],[40,-91],[21,12]],[[24335,30703],[0,-208],[30,-4],[-2,-472],[17,-76],[-7,-100],[9,-63],[-12,-70],[0,-53]],[[24370,29657],[-8,1]],[[24362,29658],[-90,13]],[[24272,29671],[0,252],[-22,2],[4,174],[4,15],[2,552],[-14,1]],[[24246,30667],[1,104]],[[23867,27740],[3,665],[3,0],[1,251]],[[23874,28656],[23,0]],[[23897,28656],[20,-114],[4,-101],[19,-30],[12,-54],[10,30],[10,-74]],[[23972,28313],[-3,-618]],[[23969,27695],[-29,4],[0,-27],[-41,7]],[[23899,27679],[-32,6],[0,55]],[[24118,28361],[69,-14]],[[24187,28347],[-2,-93],[3,-73]],[[24188,28181],[3,-48],[-3,-150],[5,-198],[-5,-110],[-13,-124],[-1,-119],[8,-30]],[[24182,27402],[-8,-39],[-18,-8],[-9,101],[-13,-20],[-2,69],[-10,27]],[[24122,27532],[-7,69],[-12,-11],[-6,72],[-13,-9],[-5,110],[-12,7],[0,116],[14,7],[1,72],[-7,48],[2,54],[21,24],[19,145],[1,125]],[[16079,40464],[16,-83],[-1,-108],[-11,-69],[3,-275],[14,-30],[12,-112],[18,-82],[12,-102],[20,-138],[17,-58]],[[16179,39407],[-9,-58],[-11,-22],[0,-55],[-44,-13],[-9,-104],[-1,-82],[-9,-110],[-9,-47],[-19,-12],[-25,-54],[-17,-18]],[[16026,38832],[-1,19],[-78,-4]],[[15947,38847],[5,153]],[[15952,39000],[5,132],[-1,107],[6,53],[-39,-6],[-2,48],[3,133],[14,132],[-29,190]],[[15909,39789],[-5,26],[5,138],[67,1],[15,43],[1,60],[13,87],[15,-3],[3,82],[11,61],[3,82],[21,0],[16,41],[5,57]],[[15783,42428],[104,1],[189,1]],[[16076,42430],[32,1]],[[16108,42431],[0,-501],[3,-29],[-1,-778],[-1,-100]],[[16109,41023],[-47,1]],[[16062,41024],[-42,-21],[-11,35],[-13,-33],[-20,17],[-20,-15],[-7,-30],[-30,10],[-50,-82],[-18,7],[-16,-31],[-37,5],[-21,39],[-37,-124],[-27,70],[-29,-43],[-7,7],[-12,-76],[-16,16],[-24,-54]],[[15625,40721],[-1,86],[39,219],[36,123],[4,56],[17,66],[4,106],[-12,112],[8,11],[1,83],[17,92],[-2,74],[18,140],[-3,41],[4,104],[20,74],[4,140],[15,16],[1,133],[-12,31]],[[16137,34713],[73,401],[-5,104],[166,445]],[[16371,35663],[31,-361],[3,-82],[34,-308],[14,-32],[11,-75]],[[16464,34805],[-14,-29],[-34,-8],[-18,-21],[-14,-53],[-12,0],[-26,-54],[-18,-99]],[[16328,34541],[-15,-82],[1,-93],[-18,0],[-73,-405]],[[16223,33961],[-4,22],[-58,162],[-13,146],[-13,26],[5,65]],[[16140,34382],[-8,42],[0,81],[10,81],[-9,47],[4,80]],[[16473,37188],[-43,-113],[-8,-85],[-15,-83],[-36,-325],[-19,-141],[-3,-53],[-15,-35],[1,-80],[-6,-49],[-27,-128],[-5,-54]],[[16297,36042],[-76,468]],[[16221,36510],[-4,21],[-15,261]],[[16202,36792],[28,-8],[13,82],[30,83],[26,51],[10,118],[22,43],[7,39],[33,51],[23,11],[28,55],[22,-10],[15,27]],[[15675,39374],[42,1],[1,-248],[-2,-128]],[[15716,38999],[-10,-135],[5,-54],[18,-70],[33,-82],[16,9],[11,-123],[-6,-21],[4,-127],[13,-87],[8,-111],[19,-74]],[[15827,38124],[-18,2],[-5,-47],[8,-70]],[[15812,38009],[5,-72],[-25,-229],[-45,-67]],[[15693,37983],[-25,97],[-11,-2],[-8,89],[-2,96],[-12,-1],[-8,46],[-2,83],[-8,14],[4,194],[9,0],[10,119],[-2,164],[-16,163],[3,183],[11,29],[25,-5],[13,24],[1,98]],[[16179,39407],[19,80]],[[16198,39487],[-7,-238],[3,-235]],[[16122,38334],[-7,34],[-18,-47],[-12,-60]],[[16085,38261],[-19,-5],[-28,-72],[-8,193],[7,62],[-8,149],[0,89],[-6,60],[3,95]],[[20644,39347],[109,0]],[[20753,39347],[-1,-832]],[[20752,38515],[-103,1]],[[20649,38516],[-83,-1]],[[20566,38515],[12,95],[7,94],[12,80],[15,176],[-2,84],[14,52],[-4,70],[11,27],[6,113],[7,41]],[[20400,39600],[12,73],[-1,114],[18,-21],[6,33],[18,3],[13,90]],[[20466,39892],[16,-16],[24,-106],[1,-26],[40,-54]],[[20547,39690],[0,-343]],[[20547,39347],[-53,4],[-67,-6]],[[20427,39345],[15,79],[-5,57],[-15,15],[-5,44],[-13,-9],[-4,69]],[[20198,41023],[7,-35],[4,-91],[22,-24],[12,86],[13,-124],[30,-13],[19,40],[8,-63],[29,15],[27,64],[14,-9],[23,67],[1,126],[13,39]],[[20420,41101],[12,-20],[-1,-103],[13,-118],[19,-68],[7,-108],[6,-13]],[[20476,40671],[-7,-121],[3,-74],[9,-24],[-1,-204],[-12,-87],[2,-116]],[[20470,40045],[-7,-78],[3,-75]],[[20400,39600],[-28,-18],[-9,67],[-7,157],[-13,71],[-19,38],[-15,97],[-40,-2],[-11,21]],[[20258,40031],[-53,0]],[[20205,40031],[-3,147],[0,337],[1,310],[-5,0],[0,198]],[[19961,38684],[0,-1048]],[[19961,37636],[-97,0],[-147,0]],[[19717,37636],[0,306],[66,152],[24,201],[19,74],[36,52],[26,-68],[21,81],[14,105],[38,145]],[[19924,36938],[12,-95],[8,-180],[-2,-20]],[[19942,36643],[4,-129],[11,-19],[-6,-116],[-15,-32],[6,-52]],[[19942,36295],[-20,0],[1,-84],[-16,-54],[-12,25]],[[19832,36653],[7,41],[1,86],[-21,69],[-21,0],[-5,111],[-8,34],[139,1],[0,-57]],[[20531,35888],[8,192],[-13,84]],[[20526,36164],[17,-10],[27,92],[12,-60],[9,105],[20,107],[17,-144],[12,2],[4,-55]],[[20644,36201],[10,-65],[103,37],[82,-159]],[[20839,36014],[-29,-146],[-26,-250],[0,-66],[-20,-86],[-8,-66],[-10,2],[-5,-88],[-13,-82],[-38,-40],[-13,18],[-18,-38],[-11,-65],[-22,-86],[-11,-6]],[[20615,35015],[-3,39],[0,142],[10,40],[-13,90],[1,118],[-8,192],[-10,3],[-16,64],[-27,-68],[-14,-13],[-12,-64]],[[20523,35558],[-4,69],[6,99],[0,79],[6,83]],[[19942,36295],[10,-40],[4,-81],[-4,-50],[5,-93],[13,-32],[-4,-78],[0,-246]],[[19831,35675],[0,109],[27,49],[3,101]],[[29485,43043],[18,13],[-4,174],[2,117],[33,15],[21,66],[47,31]],[[29602,43459],[4,-141],[-15,-10],[-2,-167],[17,14],[8,-33]],[[29614,43122],[2,-84],[-11,-104],[-27,40],[-12,-18],[-6,-149],[2,-128],[-12,-62],[-1,-52]],[[29549,42565],[-16,5],[-16,81],[13,147],[-7,29]],[[29523,42827],[-10,71],[-21,35],[-9,69],[2,41]],[[27051,20577],[1,1]],[[27052,20578],[12,39],[19,16],[8,88],[14,12],[13,69],[65,7]],[[27183,20809],[4,-71],[11,-82],[1,-262]],[[27199,20394],[1,-240],[8,-80],[4,-111],[12,5]],[[27224,19968],[-5,-39],[-64,-103]],[[27155,19826],[3,90],[-20,-1],[0,112],[-9,-1],[-1,111],[-18,-2],[-5,54],[-20,3],[-26,-41],[-8,-45]],[[27051,20106],[0,471]],[[26883,20790],[18,61],[5,97],[12,53]],[[26918,21001],[6,9],[25,-43]],[[26949,20967],[9,-78],[15,-6],[18,-66],[22,7],[16,-23],[7,-100],[8,-14],[7,-110]],[[27051,20106],[0,-56],[-25,-35],[-18,10],[-1,106],[-54,2]],[[26953,20133],[-42,-10],[0,110],[-28,-4],[0,56]],[[26883,20285],[0,505]],[[26310,21686],[130,6],[2,-55],[46,-1]],[[26488,21296],[-45,-19],[-27,-92],[-8,-94],[-21,-17]],[[26357,21135],[-13,36],[-11,67],[-11,115],[1,109],[-11,132],[-2,92]],[[26810,20779],[4,0]],[[26814,20779],[7,119]],[[26821,20898],[5,46],[17,41]],[[26843,20985],[18,-138],[22,-57]],[[26883,20285],[-28,-5],[-4,43],[-46,12]],[[26805,20335],[-10,34],[4,57],[0,113],[6,88],[-3,41],[8,111]],[[26432,28657],[4,-73],[17,-90],[12,-35],[23,-145],[14,-47]],[[26502,28267],[-9,-50],[-17,-199],[-18,46]],[[26458,28064],[-28,2]],[[26430,28066],[-19,1]],[[26411,28067],[1,594],[20,-4]],[[26560,28981],[55,320]],[[26615,29301],[16,-81],[23,15],[21,-120]],[[26675,29115],[11,-64],[2,-91],[-7,-130],[6,-15]],[[26687,28815],[-38,-101],[-11,-41]],[[26638,28673],[-7,126],[-27,41],[-17,4],[-20,60],[-7,77]],[[27001,25534],[58,-76]],[[27059,25458],[13,-377],[25,-59],[35,-5]],[[27115,24954],[-18,-129],[2,-55],[-9,-60],[-15,-185]],[[27075,24525],[-22,71]],[[27053,24596],[-17,70],[0,42],[-33,52]],[[27003,24760],[9,434],[3,75],[-8,94],[-6,171]],[[27066,26083],[44,80]],[[27110,26163],[11,-24],[32,-172],[14,-26],[25,-82]],[[27192,25859],[6,-83],[-2,-75],[13,-139],[6,-17],[8,-159]],[[27223,25386],[-52,-98],[-44,-71]],[[27127,25217],[-10,162],[-21,71],[-21,-12]],[[27075,25438],[3,34],[11,246],[-16,104],[1,82],[-16,49]],[[27058,25953],[8,130]],[[26645,23644],[14,-2],[7,46]],[[26666,23688],[0,-91],[13,-81],[15,-30],[0,-101],[8,-46],[-4,-132],[12,-66],[-5,-69]],[[26655,23081],[-19,36],[-9,52]],[[26627,23169],[9,176],[9,68],[0,231]],[[26644,26536],[30,102]],[[26674,26638],[50,-598]],[[26724,26040],[-75,-252]],[[26649,25788],[-14,230],[3,26],[-7,139],[-10,9]],[[26621,26192],[-3,54],[8,87],[21,120],[-3,83]],[[26767,26730],[7,75],[-5,79],[4,102]],[[26773,26986],[12,0],[11,54],[22,56],[10,110],[21,81],[9,-1]],[[26858,27286],[2,-122],[22,-91]],[[26882,27073],[5,-79],[14,-97],[12,-49],[3,-116],[8,-57],[-3,-182]],[[26921,26493],[-11,-4],[-27,-61],[-7,17],[-24,-53],[-9,77],[-41,-96]],[[26802,26373],[-9,162],[-13,23],[-13,172]],[[26877,27975],[8,17]],[[26885,27992],[18,-303],[9,-64],[5,-112],[10,-37],[13,6],[19,-55]],[[26959,27427],[-13,-71]],[[26946,27356],[-36,100],[-24,-49],[-9,-52],[-22,-40]],[[26855,27315],[-7,32],[-4,162],[-8,67],[0,72],[-7,29]],[[26829,27677],[-4,44],[14,104],[18,-21],[8,56],[5,92],[7,23]],[[5814,5060],[43,12],[17,106],[0,31],[15,86],[12,19],[14,-120],[-1,-40],[9,-88],[11,-58],[-1,-83],[4,-95],[37,-145],[3,-91],[12,-65],[-16,-74],[-3,47],[-21,-52],[-26,94],[-17,-5],[-8,23],[-20,-28],[-18,1],[-8,142],[-8,43],[-2,57],[-15,103],[0,104],[-13,76]],[[5394,5923],[1,67],[10,62],[5,81],[20,63],[21,96],[18,-24],[8,35],[17,-22],[6,15],[18,-33],[13,-122],[-1,-75],[-10,-103],[1,-173],[-7,-54],[-25,-121],[-45,60],[-17,102],[-25,50],[-8,96]],[[5266,5575],[6,81],[10,67],[17,55],[4,76],[17,-3],[-9,-123],[3,-63],[-24,-56],[-12,-164],[-8,22],[-4,108]],[[17550,48749],[-8,166],[7,223],[-13,122],[2,185],[10,72],[2,77],[12,64],[-6,48],[12,120],[-14,28],[-1,55]],[[17553,49909],[8,100],[11,-10],[31,93],[18,-14],[94,0],[242,2]],[[17957,50080],[-10,-88],[2,-278],[-3,-62],[1,-175],[-23,-138]],[[17924,49339],[-28,-97],[-4,-45],[-23,-37],[-8,69],[-15,31],[-16,-73],[3,-29],[-8,-125],[-31,-69],[-7,-61],[7,-116],[12,-15],[2,-166],[-18,-161]],[[17790,48445],[-15,19],[-2,-87],[-28,-116],[-18,-14],[-162,2],[-5,-127],[2,-42],[-28,7]],[[17534,48087],[0,330],[17,0],[-1,332]],[[18340,48243],[91,2]],[[18514,47745],[0,-665]],[[18514,47080],[-1,-158],[-33,-8],[0,-166],[-33,1],[-3,-314],[-17,0]],[[18427,46435],[-99,0],[0,157],[-76,1],[0,247],[-14,67],[-4,99],[-8,11],[-19,-40]],[[18207,46977],[10,99],[23,74],[42,113],[22,107],[2,64],[18,2],[-9,96],[-12,26],[2,209],[-3,145],[11,-1],[0,332],[27,0]],[[18427,46104],[0,-473],[53,1],[9,46],[10,122]],[[18499,45800],[14,-26],[15,8],[15,59],[12,-35],[9,-85],[0,-227],[5,-111],[22,-110],[8,-97],[0,-107],[-8,-21],[0,-103]],[[18591,44945],[-22,0],[0,-166],[-43,0],[0,-166],[-97,-3]],[[18429,44610],[-1,497],[-48,3],[0,72],[-17,-4]],[[18363,45178],[0,95],[16,1],[0,165],[-16,0],[-2,164],[0,501],[66,0]],[[24675,39939],[13,86],[6,126]],[[24694,40151],[22,70],[2,68],[9,31],[11,91]],[[24839,40382],[0,-395]],[[24839,39987],[0,-55]],[[24839,39932],[-68,1],[-96,6]],[[26069,40898],[37,-1]],[[26106,40897],[63,0]],[[26169,40759],[2,-438]],[[26171,40321],[-101,0]],[[26070,40321],[-1,577]],[[25845,38916],[37,3]],[[25882,38919],[46,5]],[[25928,38924],[1,-560]],[[25929,38364],[-66,-3]],[[25863,38361],[-14,-1],[-1,386],[-3,170]],[[25646,38085],[54,1]],[[25700,38086],[0,-166],[-6,0],[0,-595]],[[25694,37325],[-41,18]],[[25653,37343],[-10,44],[-8,-35],[-11,47],[-18,2]],[[25606,37401],[0,143],[-7,154],[6,91],[1,135],[28,46],[1,54],[11,61]],[[23336,46379],[132,-1]],[[23468,46378],[0,-658]],[[23468,45720],[-132,1]],[[23336,45721],[0,658]],[[23181,37771],[-1,249]],[[23180,38020],[125,0]],[[23305,38020],[0,-250]],[[23305,37770],[-3,-152],[1,-429]],[[23303,37189],[-124,1]],[[23179,37190],[1,498],[1,83]],[[22174,35857],[152,-4]],[[22326,35853],[0,-500]],[[22326,35353],[0,-164]],[[22326,35189],[-148,-6]],[[22178,35183],[-3,165]],[[22175,35348],[-1,509]],[[21988,36364],[0,-166]],[[21988,36198],[3,-166],[0,-670]],[[21991,35362],[-122,-1]],[[21869,35361],[0,498]],[[21869,35859],[-3,177],[0,331],[122,-3]],[[21626,35860],[121,0]],[[21747,35860],[1,-665]],[[21748,35195],[-122,1]],[[21626,35196],[0,664]],[[25645,35249],[-1,124],[18,152]],[[25662,35525],[25,133],[9,-9],[28,91],[-14,67],[12,55]],[[25722,35862],[52,-144]],[[25774,35718],[-1,-82],[13,-104]],[[25786,35532],[-19,-43],[14,-280]],[[25781,35209],[-41,-173],[-16,2],[-10,-104],[-13,-73]],[[25701,34861],[-7,55],[-16,54],[-1,90],[-12,89],[-12,13],[-9,-79],[-9,24],[12,66],[-2,76]],[[26635,35094],[12,26],[8,54],[20,-72],[20,78],[17,36],[16,86],[4,-56],[21,-18]],[[26753,35228],[4,-160],[-5,-100],[3,-53],[13,15],[4,-63],[15,-38]],[[26787,34829],[-16,-153],[5,-67],[-9,-64],[5,-54],[-19,-33]],[[26737,34496],[3,155],[-16,70],[4,71],[-17,50],[-19,111],[-3,67],[-12,40],[-13,-56],[-8,7],[-10,-105]],[[26646,34906],[-5,43]],[[26641,34949],[-7,55],[1,90]],[[26791,36293],[13,67],[30,-59],[27,-98],[34,-71]],[[26895,36132],[-16,-52],[7,-55],[-8,-69],[10,-127]],[[26888,35829],[-35,69],[-35,-91],[-14,14]],[[26804,35821],[-3,150],[-11,44],[-4,79]],[[26786,36094],[12,102],[-7,97]],[[25908,35096],[30,-230],[-2,-91]],[[25936,34775],[-5,-217],[-11,15]],[[25920,34573],[-22,29],[-7,52],[-18,-44],[-33,170]],[[25840,34780],[-19,288]],[[25821,35068],[87,28]],[[26222,36155],[12,27],[4,57],[11,36],[14,-27],[24,57]],[[26287,36305],[-7,-82],[16,-151],[15,27]],[[26311,36099],[-2,-89]],[[26309,36010],[4,-171],[-12,-24]],[[26301,35815],[-78,-65]],[[26223,35750],[7,335],[-8,70]],[[26590,35822],[22,207]],[[26612,36029],[22,-7],[16,77]],[[26650,36099],[17,-82],[13,-10],[16,-65],[18,-128]],[[26714,35814],[4,-82]],[[26718,35732],[-37,43],[-10,-2],[-11,-115],[-18,15]],[[26642,35673],[-26,54],[-26,95]],[[24476,22352],[2,54],[10,52],[113,27]],[[24601,22485],[-18,-133]],[[24583,22352],[-17,-100],[-2,-150],[3,-50],[-6,-57],[15,-182],[13,-41]],[[24589,21772],[-23,3],[-13,-48]],[[24553,21727],[-34,3]],[[24519,21730],[-3,31],[-19,2],[-6,33],[12,117],[1,167],[-13,88],[-20,79],[5,105]],[[24427,21031],[60,29]],[[24487,21060],[14,-143],[6,-95],[15,-19],[11,-67],[-2,-195]],[[24531,20541],[-10,47],[-13,9],[-33,69],[-15,3],[-9,33],[3,96],[-11,135],[-16,98]],[[24348,22063],[15,0]],[[24363,22063],[17,-105],[4,-55],[2,-198],[16,-130],[15,-3],[10,-102],[2,-160],[21,-1],[6,-83]],[[24456,21226],[-33,-1],[-7,-48],[-25,0],[-16,143],[-19,27],[-11,-26],[-14,-123],[-16,45],[-21,10]],[[24294,21253],[4,89],[8,67],[-4,63],[-16,-10],[8,180],[-1,158],[-10,17]],[[24283,21817],[3,74],[12,-25],[18,43],[16,-44],[33,15],[-17,183]],[[24278,23641],[0,897],[0,250]],[[24278,24788],[29,0],[4,84]],[[24311,24872],[10,-25],[20,-147],[13,0],[18,84],[6,86],[14,0],[0,-166],[6,0]],[[24398,24704],[-1,-155],[10,-96]],[[24407,24453],[-16,19],[-10,-62],[-16,12],[-5,-106],[2,-71],[-9,-55],[-11,66],[-8,-33],[-6,-75],[4,-70],[9,-46],[-5,-110],[19,-14],[-2,-65],[-20,22],[-5,103],[-10,-59],[5,-172],[-5,-41],[0,-100],[8,-68]],[[24326,23528],[-26,54],[-13,-132],[-9,96],[0,95]],[[23878,24631],[1,130],[23,36]],[[23902,24797],[2,-64],[19,-21],[8,49],[4,113],[31,-1],[-9,71],[6,76],[-4,101],[-10,88]],[[23949,25209],[69,-1]],[[24018,25208],[10,-110],[5,-149],[1,-138],[-6,-166],[-12,9],[-1,-140],[-4,-14],[-2,-129]],[[24009,24371],[2,-54],[17,-38],[-2,-61],[20,-52],[9,-5],[25,-155]],[[24080,24006],[-27,-146],[-9,-14],[-37,-165]],[[24007,23681],[-15,32],[-57,2]],[[23935,23715],[0,330],[-28,1],[0,335],[-29,1],[0,249]],[[30408,48036],[30,-33],[12,115],[25,-28],[2,-26]],[[30492,47521],[-5,-138],[-9,-73],[-22,-50],[-15,113]],[[30441,47373],[5,76],[-7,118],[8,78],[-3,65],[-16,-79],[-12,6],[-16,115]],[[30400,47752],[-5,35],[13,249]],[[26405,49428],[135,3]],[[26540,49431],[0,-663]],[[26540,48768],[-134,-3]],[[26406,48765],[-1,663]],[[23541,52275],[33,-88],[29,57],[25,-104]],[[23628,52140],[-15,-126],[5,-104],[158,-1]],[[23776,51909],[0,-331],[11,-1],[2,-306]],[[23789,51271],[-49,4],[-116,-4],[23,-89]],[[23647,51182],[-104,-3]],[[23543,51179],[-1,303],[0,667],[-1,126]],[[23619,48302],[23,-47],[11,-47],[30,-40],[16,-63],[23,16],[-3,134]],[[23719,48255],[68,0],[0,-83]],[[23787,48172],[0,-664]],[[23787,47508],[-133,0]],[[23620,47509],[0,496]],[[23620,48005],[-1,297]],[[23888,48173],[101,0]],[[23989,48173],[0,-664]],[[23989,47509],[-1,0]],[[23988,47509],[-100,0]],[[23888,47509],[0,664]],[[23881,51904],[42,10],[63,-2]],[[23986,51912],[0,-337],[-24,-1],[0,-477]],[[23962,51097],[-69,0],[-35,7]],[[23858,51104],[-1,471],[24,0],[0,329]],[[23414,48170],[0,165],[67,1],[1,412]],[[23482,48748],[23,-79]],[[23505,48669],[24,-59],[7,-60],[19,-16],[31,-64],[22,-150],[11,-18]],[[23620,48005],[-137,-1]],[[23483,48004],[-67,0],[-2,166]],[[25047,29683],[0,167]],[[25047,29850],[0,27],[44,1]],[[25091,29878],[99,-3]],[[25190,29875],[-1,-167]],[[25189,29708],[-15,-27],[0,-193],[-9,-55]],[[25165,29433],[-29,1],[0,27],[-89,0]],[[25047,29461],[0,222]],[[24638,27347],[45,1],[-1,111],[29,1]],[[24711,27460],[0,-118],[20,-44],[2,71],[12,40]],[[24745,27409],[0,-314],[-28,-78],[0,-69],[11,-21],[8,-75]],[[24736,26852],[-24,-3],[0,-163],[-58,-2]],[[24654,26684],[0,332],[-12,0]],[[24642,27016],[6,201],[-15,59],[5,71]],[[23927,39609],[51,6],[63,-13]],[[24041,39602],[47,-3],[-1,-168]],[[24087,39431],[-4,-550]],[[24083,38881],[-23,42],[-17,-224]],[[24043,38699],[-15,-7],[-3,59],[-12,57],[0,56],[-18,1],[-14,43],[-9,91]],[[23972,38999],[-4,66],[-13,35],[-11,-13],[-20,104],[4,111],[-4,140]],[[23924,39442],[-2,68],[5,99]],[[24411,35960],[62,-3],[-1,-167],[44,-5]],[[24516,35785],[-1,-208]],[[24515,35577],[-43,9],[-1,-167],[29,-6],[0,-165]],[[24500,35248],[-122,14]],[[24378,35262],[-30,3],[0,332],[-15,1]],[[24333,35598],[1,366],[77,-4]],[[18299,54660],[90,-9]],[[18389,54651],[7,-47],[1,-153],[16,-3],[0,-589],[73,-5],[0,-659],[73,5],[0,-256],[34,0],[0,-83],[25,0],[8,-97],[-6,-58],[6,-83],[-4,-40],[-1,-170]],[[18621,52413],[-11,-69],[-15,3],[-13,-70],[-23,-36],[-11,-65],[4,-59]],[[18552,52117],[-133,2]],[[18419,52119],[-1,893],[-21,-42],[-18,39],[0,52],[-13,43],[-4,57],[-17,35]],[[18345,53196],[0,663],[-46,-1],[0,802]],[[18762,51226],[28,-5],[12,72]],[[18802,51293],[21,139],[25,53],[9,106],[12,12],[-1,125],[13,98],[8,18],[1,124],[52,0],[27,10]],[[18969,51978],[78,0]],[[19047,51978],[-2,-97],[0,-452],[-2,-226],[1,-373],[-18,0],[0,-125],[-17,0],[0,-331],[-33,0],[0,-334],[-2,-334]],[[18972,48710],[-22,42],[-14,131],[-13,15],[2,86],[-21,152],[-23,94]],[[18881,49230],[2,306],[-1,836],[7,0],[-1,556],[-51,0],[-34,193],[-18,0],[0,55],[-23,50]],[[18803,53351],[33,0],[0,166],[71,1],[35,21],[0,146],[22,-1],[2,-157],[22,-1],[23,-47],[15,-65],[0,-45],[27,-50],[2,-70],[28,-69]],[[19083,53180],[9,-98],[18,-16],[-2,-47],[30,-113],[22,25],[14,-32],[15,66]],[[19189,52965],[0,-421],[-2,0],[-1,-513]],[[19186,52031],[0,-69]],[[19186,51962],[-35,14],[-104,2]],[[18969,51978],[-4,106],[-14,47],[3,84],[11,57],[5,97],[-11,66],[-14,34],[-11,-38],[-16,14],[-3,115],[-10,56],[-13,22],[5,58],[-3,121],[-22,14],[-9,96],[-3,99],[-12,38]],[[18848,53064],[0,53],[-30,37],[-12,64],[12,91],[-15,42]],[[17580,55834],[9,-19],[2,-88],[14,-21],[6,67],[38,74],[8,69],[17,-20],[11,-80],[-7,-55],[14,-83],[2,-113],[28,-181],[-6,-72],[10,-63],[17,22],[23,-31],[17,33],[10,-60],[29,80],[2,76],[10,23],[-5,64],[40,0]],[[17869,55456],[6,-28],[0,-248],[107,5],[0,-163]],[[17982,55022],[6,-83],[0,-276],[65,1],[5,-90],[-8,-26],[10,-141],[-8,-148],[18,-64],[24,-1],[0,-331],[4,-83]],[[18098,53780],[-18,-34],[-28,76],[-20,95],[-18,19],[-21,66],[-34,37],[-6,-37],[-25,27]],[[17928,54029],[-12,55],[-35,28],[-4,161],[-84,171],[-6,-29],[-27,26],[-13,-36],[-51,26]],[[17580,55379],[0,455]],[[18767,52696],[41,24],[0,297],[15,84],[25,-37]],[[18802,51293],[0,411],[-34,1],[-1,991]],[[18552,52117],[-10,-72],[5,-94]],[[18547,51951],[-18,-8],[-11,-74],[-27,0],[0,-167],[-21,1],[-9,-96],[-15,-10],[4,-113],[-28,-119],[-17,-20]],[[18285,51494],[0,2]],[[18285,51496],[10,-1],[11,79],[32,66],[14,57],[1,172],[-3,166],[69,1],[0,83]],[[22657,42169],[127,1]],[[22784,42170],[0,-664]],[[22784,41506],[-127,0]],[[22657,41506],[0,663]],[[29081,41910],[16,-22],[16,47],[6,95],[36,214]],[[29155,42244],[0,-84],[15,24],[17,-81],[24,-24],[7,-84],[1,-110]],[[29219,41885],[-17,15],[3,-79],[-3,-81],[-9,-54],[-2,-102]],[[29191,41584],[-24,-126]],[[29167,41458],[-18,-46],[3,98],[-12,109],[-47,-73]],[[29093,41546],[-29,46],[-17,84]],[[29047,41676],[11,31],[23,203]],[[20458,32510],[20,-32],[4,33],[17,-13],[11,77]],[[20510,32575],[12,46],[19,180],[0,73],[6,41],[3,117],[13,17]],[[20563,33049],[133,-1],[0,-83],[119,2]],[[20815,32967],[0,-79],[20,-253],[4,-274],[-11,-81],[6,-151]],[[20834,32129],[-81,8],[-97,-23],[-6,-30],[-23,100],[-66,120],[-104,1]],[[20457,32305],[1,205]],[[29077,44017],[92,292]],[[29169,44309],[40,-105],[65,-34],[9,141],[11,13],[26,-95]],[[29320,44229],[-5,-93]],[[29315,44136],[-1,-115],[-9,-223],[4,-100],[-1,-149],[3,-31],[-3,-313]],[[29308,43205],[-28,-18],[-4,48],[-19,19],[3,-63],[-35,43],[-4,52],[-28,-79]],[[29193,43207],[-8,102],[-50,192],[34,248],[-92,268]],[[28193,45631],[0,82],[13,156]],[[28206,45869],[49,1],[0,-76],[27,-16],[15,7]],[[28297,45785],[10,-142],[-12,-29],[0,-174],[-6,1],[3,-174],[31,-3],[-1,-177]],[[28322,45087],[-47,6],[0,-87],[-17,0],[0,-122]],[[28258,44884],[-33,7],[0,82],[-55,7]],[[28170,44980],[-4,52],[6,103],[7,14],[14,110],[0,372]],[[28467,45443],[21,-206],[0,-219]],[[28488,45018],[2,-149],[-21,-8],[-7,49],[-33,-2]],[[28429,44908],[-12,31],[2,147],[-62,-1]],[[28357,45085],[0,174],[15,178],[95,6]],[[27602,30917],[15,-11],[11,40],[24,6],[13,43],[28,-21],[21,4],[17,-22]],[[27731,30956],[11,-79],[2,-112],[18,2],[12,-40]],[[27774,30727],[-32,-98],[-3,-71],[6,-85],[-18,-110],[1,-49],[-19,-42]],[[27709,30272],[-65,3]],[[27644,30275],[7,99],[14,76],[-6,100],[2,49],[-10,52],[7,60],[-9,58],[-5,95],[-19,-57],[-20,47],[-3,63]],[[27875,30976],[0,34]],[[27875,31010],[24,37],[36,36],[24,68],[19,2],[31,-41]],[[28009,31112],[-6,-91],[0,-107],[-7,-121],[4,-164],[21,-104],[22,-155]],[[28043,30370],[-11,-10],[-82,0],[-21,-30]],[[27929,30330],[-7,98],[-8,51],[-23,75]],[[27891,30554],[-3,75],[-11,95],[-7,160],[5,92]],[[27851,31230],[59,408]],[[27910,31638],[15,119]],[[27925,31757],[58,-123]],[[27983,31634],[13,-44],[35,-288],[0,-55]],[[28031,31247],[-13,-35],[-9,-100]],[[27875,31010],[-15,42],[-4,51],[-16,52],[11,75]],[[26950,32689],[20,7],[2,-89],[11,20],[17,-68],[13,-27],[-2,-73],[12,-60],[6,-186]],[[27029,32213],[-17,-168],[-23,-58]],[[26989,31987],[-16,85],[-4,119],[-17,13]],[[26952,32204],[-2,78],[-9,72],[-13,25],[-3,129]],[[26925,32508],[13,57],[12,124]],[[28228,32297],[16,266],[17,197],[4,82]],[[28265,32842],[15,-29],[5,-50],[26,-40],[4,-103],[12,2],[20,-62]],[[28347,32560],[17,-190],[-2,-164]],[[28362,32206],[-12,26],[-9,-52],[-13,-9],[-13,-76],[-41,-164]],[[28274,31931],[-15,102],[-9,189],[-22,75]],[[27274,33249],[44,141],[14,-56],[5,-73],[17,55]],[[27354,33316],[27,-144],[-1,-171]],[[27380,33001],[-2,-345]],[[27378,32656],[-27,6],[-14,-25]],[[27337,32637],[-20,-33],[-26,16],[-21,-22],[-17,-54]],[[27253,32544],[-4,50],[-16,81],[-11,15],[-29,84]],[[27193,32774],[12,48],[13,110],[-6,76]],[[28347,32560],[21,126]],[[28368,32686],[2,-30],[34,-119],[-1,-87],[21,-40],[20,34],[7,-35],[-4,-124],[11,-5],[18,82],[12,-68],[-2,-54],[8,-45],[12,81],[1,57],[19,-40]],[[28526,32293],[-5,-16],[-4,-127],[-15,-134]],[[28502,32016],[-39,-116],[-50,154],[-2,-13]],[[28411,32041],[-23,102],[-26,63]],[[26736,31625],[12,-40],[1,-56],[13,-13],[26,-161],[9,-110],[13,-44]],[[26810,31201],[-5,-127],[-6,-19],[-11,-100],[4,-61],[-17,-103],[-3,-44],[13,-50]],[[26785,30697],[-28,-50]],[[26757,30647],[-11,99],[0,77],[-20,123],[-1,153],[-15,-20],[-17,196]],[[27031,41448],[133,-1]],[[27164,41447],[0,-63]],[[27164,41384],[-4,-14],[-2,-350],[-11,2]],[[27147,41022],[-132,22]],[[27015,41044],[1,223],[-11,-10]],[[27005,41257],[-1,189],[27,2]],[[26414,43006],[127,3]],[[26541,43009],[0,-139]],[[26541,42870],[1,-470]],[[26542,42400],[-97,-4]],[[26445,42396],[0,500],[-31,-1]],[[26414,42895],[0,111]],[[22700,31363],[147,-1]],[[22847,31362],[0,-855]],[[22847,30507],[-44,70],[-11,-2],[-7,230],[-10,4],[-1,98],[-42,165],[0,122],[-17,32],[-15,61]],[[22700,31287],[0,76]],[[23022,29701],[1,333],[29,0],[0,167]],[[23052,30201],[88,0]],[[23140,30201],[0,-166]],[[23140,30035],[0,-332],[-15,-1],[0,-167],[-73,1]],[[23052,29536],[-30,2],[0,163]],[[22229,30867],[171,-1],[35,-36]],[[22435,30830],[1,-462]],[[22436,30368],[-58,0],[0,-497]],[[22378,29871],[-49,0],[0,83],[-28,0]],[[22301,29954],[2,59],[12,62],[-27,2],[-3,75],[2,179],[-8,45],[-18,-71]],[[22261,30305],[-17,68],[3,126],[-14,113],[6,68],[-12,129],[-11,53]],[[22216,30862],[13,5]],[[15978,48291],[-11,85],[-2,171]],[[15965,48547],[171,0],[34,-4]],[[16170,48543],[0,-328],[2,-153],[32,-8],[0,-330],[66,-7],[1,-164],[102,2],[1,-166],[33,0],[0,-165],[100,-1]],[[16507,47223],[1,-166]],[[16508,47057],[-134,1],[0,8],[-138,-1],[-128,3]],[[16108,47068],[-187,-3]],[[15921,47065],[10,170],[-4,73],[5,40],[-3,186],[13,91],[16,5],[3,102],[24,240],[-1,243],[-6,76]],[[15624,49847],[20,82],[-6,150],[5,114],[15,21],[27,-15]],[[15685,50199],[18,28],[9,-60],[-1,-133],[-8,-87],[25,-140],[28,-65],[18,-162],[36,-94],[186,0]],[[15996,49486],[-6,-106]],[[15990,49380],[-16,-35],[6,-124],[-2,-119]],[[15978,49102],[-66,3],[-29,75],[-22,-60],[-21,115],[-9,9],[-50,-17],[-32,76],[-20,-27],[-8,27],[-22,4],[-27,-89],[-11,-55],[-20,-55],[-10,96],[-28,22]],[[15603,49226],[-1,40],[15,84],[-20,28],[15,195],[19,25],[2,75],[-11,59],[2,115]],[[28170,42373],[18,37],[0,59],[14,43],[7,-95],[30,1],[12,-135],[11,14],[24,-43],[31,-244],[47,46],[55,109]],[[28419,42165],[-17,-99],[-21,-158],[-23,-120]],[[28358,41788],[-21,-43],[-68,-180]],[[28269,41565],[-24,-19],[-16,45],[-33,-99],[-48,91]],[[28148,41583],[-4,7],[-64,-18]],[[28080,41572],[-4,40],[17,103],[8,81],[10,9],[8,69],[23,124],[20,89],[3,68],[-16,142],[21,76]],[[28288,40553],[22,39],[30,128],[12,-45],[16,56],[16,-26],[48,42],[34,18],[17,35]],[[28483,40800],[-3,-74],[18,-120]],[[28421,40308],[-14,-78],[-60,-66],[-19,-96]],[[28328,40068],[5,54],[-22,145],[-9,135],[-12,63],[-2,88]],[[28155,42494],[29,287],[0,204]],[[28184,42985],[108,7]],[[28292,42992],[4,-71],[16,-157],[15,-40],[9,-98],[26,-127],[8,-1],[43,-287],[6,0]],[[28419,42211],[0,-46]],[[28170,42373],[-15,121]],[[27582,41458],[127,-8]],[[27709,41450],[1,-46],[-10,-73],[-14,-47],[3,-63],[17,-45],[0,-189],[-19,-97],[-7,-179],[4,-103],[-25,-58]],[[27659,40550],[-24,33],[-1,46],[13,26],[-75,154],[-49,275]],[[27523,41084],[51,252],[9,7],[-1,115]],[[27709,41450],[0,1]],[[27709,41451],[15,-8],[14,-93],[8,-102],[20,-71],[10,8]],[[27776,41185],[6,-79],[10,-63],[25,11],[9,-43],[33,-52],[9,-78],[18,19],[11,75],[12,-47]],[[27909,40928],[-23,-211]],[[27820,40251],[-14,7],[-3,58],[-23,79],[-7,54],[-12,-7],[-10,-50],[-27,-60],[-30,87],[-37,-3]],[[27657,40416],[5,69],[-3,65]],[[26831,29923],[0,-4]],[[26831,29919],[0,4]],[[26831,29917],[-3,-18]],[[26828,29899],[3,18]],[[26816,30751],[32,56],[5,-33]],[[26853,30774],[32,-15],[17,26],[0,-101],[13,-31],[6,-147],[9,-81],[0,-126]],[[26930,30299],[-83,-279],[-15,-94]],[[26832,29926],[-4,194],[-12,22],[3,74],[-6,211],[1,93],[-9,88],[11,143]],[[27452,28928],[10,1],[28,131]],[[27490,29060],[-1,-107],[21,-60],[24,-2],[7,-78],[7,-8],[8,-83],[15,25],[2,-100],[31,106],[12,1],[7,75]],[[27623,28829],[30,-114],[-23,-79]],[[27630,28636],[-44,-148],[-34,-124],[-4,-33],[-35,-35],[1,-100],[-24,-3],[-5,-76],[-11,-58]],[[27474,28059],[-15,78],[-8,112]],[[27451,28249],[6,65],[-10,139],[4,54],[-4,74],[3,97],[-5,59],[11,76],[-10,83],[6,32]],[[27213,28884],[24,5],[-14,97],[9,91],[18,38]],[[27250,29115],[7,-21],[0,-77],[11,-93],[14,6],[24,-62],[13,-102],[10,-26],[11,-134],[1,-96]],[[27341,28510],[-7,-18],[-3,-155],[24,-20],[2,-79],[-24,-58]],[[27333,28180],[-40,-103]],[[27185,28504],[28,380]],[[27378,29611],[38,156],[0,-93],[8,-7],[7,53],[9,-70],[12,41],[18,-13],[7,38],[-7,89],[40,105]],[[27510,29910],[6,-43],[4,-87],[12,-93],[0,-115],[12,-84],[-1,-52]],[[27543,29436],[0,-4]],[[27543,29432],[-21,-47],[3,-69],[-19,-19],[-3,-126],[-13,-111]],[[27452,28928],[-29,-58],[-42,220],[12,160]],[[27393,29250],[16,207],[-7,69],[-9,-3],[-15,88]],[[27595,27779],[22,284],[13,144],[-5,89],[14,80],[8,16],[11,127]],[[27658,28519],[11,-5],[10,-89],[16,-1],[5,-39],[20,-1],[44,-74],[15,17],[16,65],[17,-37]],[[27812,28355],[2,-36]],[[27814,28319],[-5,-6],[-21,-170],[-9,-175],[1,-45],[-15,-98],[-13,-46],[-15,-102],[-12,-136],[-12,-67],[0,-61]],[[27713,27413],[-18,33],[-14,106],[-17,48],[-7,76],[-24,106],[-33,14],[-5,-17]],[[21057,48950],[168,0],[2,165],[0,665]],[[21227,49780],[90,-2],[177,-1]],[[21494,49777],[0,-1003]],[[21494,48774],[0,-2]],[[21494,48772],[-11,-14],[-20,-129],[-12,18],[-10,-34],[-9,47],[-17,-21],[-4,-118],[-12,-58],[-8,-136],[3,-89],[-9,-47],[1,-126],[-151,1],[-146,1]],[[21089,48067],[0,220],[-34,-1],[2,168],[0,496]],[[20921,48067],[168,0]],[[21494,48772],[-2,-318],[0,-666]],[[21492,47788],[-3,0],[0,-545],[-10,-37],[-24,22]],[[21455,47228],[-10,-25],[-177,0]],[[21268,47203],[2,43],[27,151],[5,126],[-109,2],[-166,-3],[-106,-3]],[[20921,47519],[0,548]],[[22068,48170],[15,-125],[33,12],[31,-65],[12,4],[1,86],[-24,45],[-2,59],[11,27]],[[22145,48213],[24,-48]],[[22169,48165],[10,-81],[-5,-110],[13,-71],[20,-16],[24,-98],[0,-116]],[[22231,47673],[1,-80],[11,-71],[-15,-119],[-13,-34],[1,-132],[-17,-57],[11,-45],[21,-18],[4,-117],[16,-95],[-4,-60]],[[22247,46845],[-66,0]],[[22181,46845],[-25,0],[0,462],[-20,33],[-16,-79],[-30,-75],[-9,38],[-52,-14],[-42,43]],[[21987,47253],[-17,-29],[-13,35]],[[21957,47259],[0,248],[-8,0],[0,613]],[[21949,48120],[0,49],[119,1]],[[22750,49331],[169,1]],[[22919,49332],[0,-497]],[[22919,48835],[-68,-2]],[[22851,48833],[-101,2]],[[22750,48835],[0,496]],[[26525,32905],[5,-32],[53,-9]],[[26583,32864],[19,-160]],[[26602,32704],[-2,-81]],[[26600,32623],[5,-126],[-39,-162]],[[26566,32335],[-16,-88],[-10,7],[-16,60],[-18,-61],[-19,13],[-16,-37],[-8,-50]],[[26463,32179],[-28,175]],[[26435,32354],[-2,25]],[[26433,32379],[14,68],[8,95],[12,-16],[26,93],[-10,62],[42,224]],[[25020,32323],[18,11],[3,51],[12,51],[10,114]],[[25063,32550],[15,-61],[2,-130],[5,-71],[40,-68],[14,-56]],[[25139,32164],[7,-26],[-36,-215],[-14,41]],[[25096,31964],[-13,13],[-24,91],[-19,15],[-19,68],[-4,52]],[[25017,32203],[3,120]],[[25408,33014],[32,-21],[11,24],[18,-18],[20,-65],[21,-7],[5,-38]],[[25515,32889],[6,-159],[-2,-149],[5,-44]],[[25524,32537],[-8,-86],[-13,4],[-13,-66],[-14,-18],[-3,-128]],[[25473,32243],[-28,-4],[-8,-62],[-18,52],[-14,18]],[[25405,32247],[6,48],[2,141],[-22,12],[-2,64],[5,93],[22,178],[2,74],[-10,117],[0,40]],[[26386,32862],[7,8],[12,93]],[[26405,32963],[20,8],[17,-82],[3,128],[44,-28],[-1,34],[13,93],[7,-51]],[[26508,33065],[9,-114],[8,-46]],[[26433,32379],[-13,156],[-6,108]],[[26414,32643],[-11,89],[-11,25],[-8,59],[2,46]],[[25639,33418],[26,-104],[12,-68],[20,33]],[[25697,33279],[1,-42],[-10,-149],[-8,-62],[-6,-231],[-12,-65],[-4,-93]],[[25658,32637],[-36,8]],[[25622,32645],[5,200],[4,42],[-10,73],[6,39],[2,138],[-20,38],[-16,-11]],[[25593,33164],[10,106],[20,55],[16,93]],[[22987,19680],[81,303],[12,206],[37,227]],[[23117,20416],[16,-20],[8,-41]],[[23141,20355],[7,-20],[4,-155],[-3,-38],[6,-85],[18,-65],[6,-142],[16,-49],[4,-85],[9,-8]],[[23201,19646],[-26,-158],[-96,-350]],[[23079,19138],[-92,542]],[[23151,24937],[72,59],[102,91]],[[23325,25087],[1,-125],[-8,-113],[8,-57],[-6,-156],[10,-26],[5,-142],[15,-46],[17,-149],[1,-123]],[[23368,24150],[-105,-97],[1,-28],[-26,-44]],[[23238,23981],[-3,90],[9,4],[2,118],[-7,72],[-14,-66]],[[23225,24199],[-2,107],[-24,55],[1,99],[-30,66],[3,55],[-4,79],[-11,33],[6,89],[-3,41],[-14,66],[4,48]],[[23141,20355],[18,2],[3,164],[-6,74]],[[23156,20595],[18,2],[40,114]],[[23214,20711],[61,-237],[51,-160]],[[23021,26477],[62,1],[0,52]],[[23083,26530],[61,-6]],[[23144,26524],[0,-917]],[[23144,25607],[-105,3]],[[23039,25610],[4,102],[-10,41],[-10,95],[2,76],[-7,41]],[[23018,25965],[2,0],[1,512]],[[23272,22887],[51,244]],[[23323,23131],[0,-230],[10,-87],[4,-73],[16,11]],[[23353,22752],[-9,-677]],[[23344,22075],[-1,9],[-66,0],[-64,231]],[[23213,22315],[-9,446]],[[23204,22761],[22,29],[19,59],[24,-19],[3,57]],[[21124,24927],[73,0],[0,165]],[[21197,25092],[74,-2]],[[21271,25090],[0,-828]],[[21271,24262],[-147,0]],[[21124,24262],[0,665]],[[21761,28421],[146,4]],[[21907,28425],[0,-835]],[[21907,27590],[-145,-1]],[[21762,27589],[-1,832]],[[22486,23077],[147,10]],[[22633,23087],[23,-249]],[[22656,22838],[-37,-227],[-25,-307]],[[22594,22304],[-20,-262],[7,-37],[-8,-79]],[[22573,21926],[-62,115]],[[22511,22041],[-1,137],[-13,79],[-5,88],[1,107],[11,85],[-13,7],[0,49],[8,128],[-16,52],[1,97]],[[22484,22870],[2,207]],[[22019,22468],[176,1]],[[22195,22469],[0,-403],[50,1]],[[22245,22067],[1,-407]],[[22246,21660],[-126,8]],[[22120,21668],[-101,-1]],[[22019,21667],[0,801]],[[22844,21986],[53,190]],[[22897,22176],[12,-34],[14,-198],[7,-8],[21,-127],[8,-88],[15,-3],[13,-38]],[[22987,21680],[-12,-78],[-13,-23],[-4,-92],[-14,-67]],[[22944,21420],[-14,-85],[-48,-160],[-2,37]],[[22880,21212],[-16,396],[-32,149],[-38,125]],[[22794,21882],[50,104]],[[23077,23701],[-1,34],[24,73]],[[23100,23808],[125,391]],[[23238,23981],[8,-95],[0,-59],[16,-179],[-20,-111],[-1,-89],[-5,-31],[5,-84],[-13,-54],[3,-79]],[[23231,23200],[-58,-4],[-21,-46],[-34,-141],[-20,-39]],[[23098,22970],[-5,66],[4,82],[-10,85],[-13,363],[3,135]],[[23402,26858],[7,40]],[[23409,26898],[9,6],[23,72],[23,-9],[11,-87],[19,-81]],[[23494,26799],[14,-105],[14,-44]],[[23522,26650],[-120,-3]],[[23402,26647],[0,211]],[[23497,27525],[-3,-726]],[[23409,26898],[0,676]],[[23323,23131],[133,627]],[[23456,23758],[1,-86],[12,-10],[8,-95],[-4,-56],[9,-49],[6,-163]],[[23488,23299],[-27,-199],[-73,-414]],[[23388,22686],[-8,31],[0,88],[-6,37],[-17,-17],[-4,-73]],[[22987,21680],[22,49],[18,3],[22,54],[33,51]],[[23082,21837],[18,-18],[16,47],[5,-31],[1,-91]],[[23122,21744],[20,-82],[-2,-119]],[[23140,21543],[-15,-12],[-3,-79],[-10,-81],[13,-123]],[[23125,21248],[-5,-33],[-34,83],[-65,-60],[-19,-1],[-10,-39]],[[22992,21198],[-3,118],[-14,86],[-23,-24],[-8,42]],[[21448,32655],[151,1]],[[21599,32656],[0,-822]],[[21599,31834],[0,-8]],[[21599,31826],[-150,0]],[[21449,31826],[0,14]],[[21449,31840],[-1,815]],[[22052,29166],[63,-250],[7,15],[34,-10],[14,-61],[10,-3],[17,44]],[[22197,28901],[0,-479]],[[22197,28422],[1,-191]],[[22198,28231],[-6,63],[-13,50],[-16,-10],[-10,51],[-17,24],[-16,-39],[-23,54],[-45,1]],[[22052,28425],[-14,0]],[[22038,28425],[0,751],[14,-10]],[[18570,42227],[71,495],[59,0],[18,55],[-3,104],[16,-15],[9,27]],[[18740,42893],[4,-53],[20,-12],[9,-43],[19,90],[13,-18],[9,28],[30,2]],[[18844,42887],[9,-74],[16,-44]],[[18869,42769],[-5,-45],[-2,-114],[-14,-90],[-28,15],[-4,-55],[-13,-46],[-16,1],[-8,50],[-15,9],[-17,-37],[-5,-53],[6,-59]],[[18748,42345],[-24,-3],[-8,29],[-60,1],[-86,-145]],[[18821,41274],[11,62]],[[18832,41336],[20,-1],[3,69],[23,62],[4,-86],[13,-18],[17,-68],[33,-72],[8,78],[11,7],[14,-35],[18,52],[9,147],[9,3]],[[19014,41474],[-1,-478],[2,0],[0,-665],[2,-348]],[[19017,39983],[-54,1],[0,82],[-10,0],[-6,83],[-8,18],[-10,99],[-12,14],[8,132],[-2,82],[-13,103],[3,39],[-12,79],[-19,25],[-14,-19],[-4,67],[-11,77],[-21,1],[-11,128],[-7,48],[11,51],[3,125],[-7,56]],[[19265,41725],[7,-8]],[[19272,41717],[0,-498],[-1,-852],[0,-562]],[[19271,39805],[-150,1],[0,9],[-95,3]],[[19026,39818],[0,165],[-9,0]],[[19014,41474],[7,88],[19,-32],[16,69],[26,-14],[16,32],[21,9],[40,49],[15,61],[18,29],[44,-51],[29,11]],[[18574,36643],[10,5]],[[18584,36648],[107,-1],[60,3]],[[18751,36650],[120,-2],[0,7],[149,-3],[265,-1]],[[19285,36651],[-10,-71],[-14,-12],[-15,-133],[-2,-73],[-17,10],[-18,-111],[-4,-104],[-13,13],[-27,-12],[-13,-23],[1,-55],[-10,-88],[-3,-129],[-11,-69],[0,-52],[-22,-116],[-9,-79],[-13,-61]],[[19085,35486],[-242,0],[-91,-9],[-145,2],[0,12],[-90,1]],[[18517,35492],[-1,500],[31,-2],[0,148],[30,15],[-3,167],[0,323]],[[28283,35801],[21,-45],[17,37],[16,-63],[8,-102],[29,-103],[18,-43]],[[28392,35482],[18,-91]],[[28410,35391],[-13,-153],[-7,-54]],[[28390,35184],[-7,-55],[-11,39],[-21,26],[-9,115]],[[28342,35309],[-1,93],[8,17],[-1,84],[-14,102],[-9,-56],[-32,-34]],[[28293,35515],[-16,16]],[[28277,35531],[10,26],[-10,120],[6,124]],[[28093,38283],[42,19],[3,36]],[[28138,38338],[15,-45],[12,13],[14,-77]],[[28179,38229],[-19,-129],[0,-48],[-16,-41]],[[28144,38011],[-10,-60],[-5,-78],[-19,-68],[-9,4]],[[28101,37809],[-1,41],[-29,80]],[[28071,37930],[16,112],[10,119],[-10,15],[6,107]],[[27759,36706],[9,69],[13,25],[20,216],[15,97],[-1,34]],[[27815,37147],[9,24],[15,102]],[[27839,37273],[87,-333],[5,7],[41,-191]],[[27972,36756],[-11,-153],[3,-80],[-17,-71]],[[27947,36452],[-10,-35],[-7,-151],[-12,-18],[-18,-112],[-24,56],[-18,-38]],[[27858,36154],[-7,45],[-43,164],[-41,163]],[[27767,36526],[11,117],[-19,63]],[[27870,36654],[18,-61],[8,43],[3,73],[-23,8],[-6,-63]],[[27916,36485],[7,-40],[16,6],[1,83],[-11,18],[-13,-67]],[[27928,34499],[23,349]],[[27951,34848],[13,45],[14,-7],[13,44]],[[27991,34930],[-3,-84],[13,-19],[3,-47],[14,-56],[10,19],[9,-34],[10,-90],[10,-12]],[[28057,34607],[-14,-358]],[[28043,34249],[-43,-369]],[[27454,34923],[36,77],[13,59]],[[27503,35059],[30,100],[17,-52]],[[27550,35107],[1,-63],[19,-154],[4,-218]],[[27574,34672],[-30,-66],[-17,-99],[-48,-46],[-7,-34]],[[27472,34427],[-1,139],[-9,61]],[[27462,34627],[14,84]],[[27476,34711],[-24,156],[2,56]],[[27666,35046],[16,76],[-7,104],[16,41],[19,97],[8,17],[18,-69],[27,160]],[[27763,35472],[16,58],[1,102]],[[27780,35632],[16,-50],[11,-141],[12,-30],[16,10],[15,-77]],[[27850,35344],[-17,-35],[4,-101],[-7,-74]],[[27830,35134],[-51,-571]],[[27779,34563],[-10,16],[-2,-109],[-17,70],[-14,-3]],[[27736,34537],[-16,161],[-14,43],[-4,77],[-11,0],[-6,79],[-19,-11]],[[27666,34886],[-3,79],[3,81]],[[27385,34737],[15,62],[19,35],[35,89]],[[27476,34711],[-18,-11],[4,-73]],[[27472,34427],[-15,-79],[-10,-22]],[[27447,34326],[-14,-70],[-16,-30]],[[27417,34226],[-26,190],[-17,92],[-5,88]],[[27369,34596],[-5,80],[21,61]],[[28122,36612],[11,-3],[19,44],[43,-62]],[[28195,36591],[31,-36],[16,-81],[26,-97]],[[28268,36377],[-31,-528]],[[28237,35849],[-31,87],[0,87],[-23,68],[-20,90]],[[28163,36181],[-68,194]],[[28095,36375],[15,107],[12,130]],[[28100,36882],[11,-74],[8,-7],[19,99],[16,55]],[[28154,36955],[12,13],[36,88],[4,33],[34,-9],[4,31],[19,-61]],[[28263,37050],[-6,-70],[-35,-207],[-27,-182]],[[28122,36612],[-44,101]],[[28078,36713],[22,169]],[[27721,37490],[31,-78],[17,-178],[46,-87]],[[27759,36706],[-14,35],[-40,43],[-25,86]],[[27680,36870],[-4,74],[19,93],[15,147],[-3,84],[14,222]],[[15540,53120],[58,3]],[[15865,53065],[7,-15],[47,-5],[49,-44],[21,103],[84,0]],[[16073,53104],[7,-80],[18,-30],[-3,-75],[-10,-20],[8,-76],[-18,-195],[18,-235],[-3,-43],[-35,0]],[[16055,52350],[-131,1],[-69,-6]],[[15855,52345],[-244,5],[-29,-5]],[[15582,52345],[-39,-3]],[[15543,52342],[0,341],[-3,437]],[[16981,57329],[214,0]],[[17195,57329],[0,-147],[-19,0],[0,-165],[-18,0],[0,-179],[-19,0],[0,-166],[36,1],[0,-797],[0,-197],[18,0],[0,-167]],[[17193,55512],[-28,2],[1,-482],[-13,-3],[-14,77],[-19,42],[-15,-56],[-19,-2]],[[17086,55090],[-17,42],[-15,-47],[-15,22],[-7,-55],[-18,-11],[-11,62],[-7,100],[-16,83],[-14,27],[-25,-92]],[[16941,55221],[-2,148],[-15,97],[12,51],[23,-17],[12,47],[-2,134],[14,44],[-1,102],[15,107],[-10,97],[-8,172],[0,116],[7,88],[9,10],[5,158],[7,93],[-8,198],[-23,249],[-2,93],[7,121]],[[16515,55347],[1,89],[-8,82],[41,101],[22,-67],[-7,-69],[21,-67],[28,126],[5,37],[18,-10],[9,-51],[17,-1],[4,90],[21,11],[35,91],[19,-25],[8,-44],[7,-133],[15,-49],[-9,-108]],[[16762,55350],[-33,-1],[-7,-84],[-24,-57],[0,-166],[-12,-110],[-12,-27],[0,-111],[-12,-110],[-17,0],[-36,-162],[0,-165],[-96,-7],[0,-55],[-11,-29],[-1,-55],[-23,-85],[-1,-190]],[[16477,53936],[-20,13],[-4,67]],[[16453,54016],[3,136],[-13,62],[-44,52],[-9,123],[7,153],[17,113],[-1,66],[10,96],[-6,78],[9,69],[16,33],[11,-25],[28,37],[9,119],[11,32],[2,74],[15,78],[-3,35]],[[27121,35715],[28,78],[-17,93],[43,73]],[[27175,35959],[13,-40],[13,45]],[[27201,35964],[14,-10],[11,-70],[29,-289],[5,-97],[23,-69]],[[27283,35429],[-10,-22],[-14,-76],[-1,-66]],[[27106,35502],[17,158],[-2,55]],[[27420,38451],[8,-10],[12,96],[17,50]],[[27457,38587],[22,-41],[19,-14],[42,-66]],[[27540,38466],[-5,-172],[-1,-100],[-19,-164],[-6,-203],[5,-78]],[[27514,37749],[-18,22]],[[27496,37771],[0,68],[-8,49],[3,62],[-14,57],[-16,-8],[-6,87]],[[27455,38086],[-31,198],[-4,167]],[[27577,38730],[40,11],[35,98]],[[27652,38839],[24,-131]],[[27676,38708],[-7,-197],[3,-22]],[[27672,38489],[-11,-82],[-9,-190],[-52,-49]],[[27600,38168],[9,53],[-4,120],[-17,-1],[-11,95],[-17,48]],[[27560,38483],[1,112],[16,135]],[[24750,47114],[147,0]],[[24897,47114],[16,-136],[36,-22],[-1,-338],[-21,-37],[-12,-79],[0,-51]],[[24915,46451],[-3,-80],[-21,-23],[-9,-63]],[[24882,46285],[-18,-34],[-27,12],[-23,-64],[-31,7]],[[24783,46206],[1,744],[-33,-2]],[[24751,46948],[-1,166]],[[24377,49430],[203,2]],[[24580,49432],[0,-497]],[[24580,48935],[-68,1]],[[24377,48935],[0,166]],[[24377,49101],[0,329]],[[21498,43495],[156,2]],[[21654,43497],[5,0]],[[21659,43497],[0,-663]],[[21659,42834],[-161,-1]],[[21498,42833],[0,662]],[[21030,54144],[158,-1]],[[21188,54143],[18,0],[0,-664]],[[21206,53479],[-55,0],[0,-668]],[[21151,52811],[-105,0]],[[21046,52811],[-1,667],[-16,0],[1,666]],[[29612,44058],[14,-2],[-1,-74],[14,10],[4,52],[15,12],[137,-11]],[[29795,44045],[-3,-139],[0,-234],[14,0],[3,-156]],[[29809,43516],[-26,-88],[-8,-67],[-16,-54],[2,-73],[-16,-30],[-23,-11]],[[29722,43193],[-11,120],[-58,-36],[-10,-93]],[[29643,43184],[-27,-22],[-2,-40]],[[29602,43459],[-3,100],[-11,58],[-2,91],[11,82],[15,268]],[[28860,39469],[1,-45]],[[28861,39424],[-1,45]],[[28797,39645],[24,153],[30,66]],[[28851,39864],[4,2]],[[28855,39866],[22,-10],[21,-50]],[[28898,39806],[-12,-39],[-11,-126],[-15,-121],[-7,-11],[-7,-102],[13,-67],[-8,-158],[6,-77],[9,-43],[8,-97]],[[28805,38834],[-2,154]],[[28929,38165],[3,-62],[31,-203],[30,-66],[5,-212],[5,-400]],[[29003,37222],[-82,2]],[[28921,37224],[-98,15],[-2,192]],[[28821,37431],[-2,142]],[[28819,37573],[-4,371]],[[28426,38143],[22,116],[10,-57]],[[28458,38202],[26,-138],[-36,-193]],[[28448,37871],[-1,91]],[[28447,37962],[-7,114],[-14,67]],[[26953,20133],[1,-514],[-37,-2],[0,-324]],[[26854,19194],[-1,118],[-14,35],[4,83],[-9,73],[-25,29],[-21,8],[-6,-66],[-10,-18],[-9,151],[3,88],[-6,32],[-19,31]],[[26741,19758],[27,106],[9,84],[7,110],[8,48],[2,132],[11,97]],[[26907,16610],[-2,-4]],[[26905,16606],[2,4]],[[27037,17629],[13,0],[1,-1001]],[[27051,16628],[-139,-1]],[[26912,16627],[11,114],[10,34],[24,191],[-7,146],[-21,37],[1,-108],[4,-77],[-17,35],[0,186],[-5,54],[-14,29],[-13,69]],[[26885,17337],[0,295]],[[27348,18470],[7,3],[-1,335],[65,2]],[[27419,18810],[32,-299],[12,-93],[4,-104],[10,-136],[-18,-99],[-3,-76],[-2,-136],[4,-192],[8,-209],[9,-138],[24,-291]],[[27499,17037],[-13,-12],[-5,-62],[-100,1]],[[27381,16964],[0,499],[2,1],[0,500]],[[27383,17964],[-8,86],[-1,142],[3,83],[-14,44],[1,56],[-6,73],[-10,22]],[[25627,23018],[106,-4]],[[25733,23014],[-3,-744],[-1,-418]],[[25729,21852],[-33,-31]],[[25843,23009],[56,0]],[[25899,23009],[43,-2]],[[25942,23007],[-1,-550],[54,-3]],[[25995,22454],[-7,-74],[-13,-52],[14,-285],[-14,-93],[-18,-17],[-3,-77]],[[25954,21856],[-1,-229]],[[25953,21627],[-54,124],[-35,61],[-23,24]],[[25841,21836],[1,226],[1,947]],[[26810,20779],[4,0]],[[26699,20776],[111,3]],[[26741,19758],[-2,79],[-12,172],[-18,25],[-7,68],[-25,109],[-3,84],[2,81],[-3,106]],[[26329,21854],[35,121],[27,22],[12,210],[22,132],[5,81]],[[26430,22420],[56,-18]],[[26486,22402],[21,-7]],[[26310,21686],[0,57],[19,111]],[[26617,22355],[71,-26]],[[26693,22327],[8,-4]],[[26701,22323],[10,-11],[10,-211],[6,-189],[13,-64]],[[26740,21848],[-12,-78],[1,-62],[-10,-97]],[[26719,21611],[-34,-1]],[[13275,68640],[9,64],[14,-9],[23,60],[22,-37],[3,-80],[15,-36],[-18,-72],[-25,-40],[-43,150]],[[13216,70406],[20,98],[11,-112],[-31,14]],[[13177,69766],[27,34],[-1,-53],[-22,-44],[-4,63]],[[13080,69973],[30,51],[9,96],[14,-46],[13,26],[-4,100],[11,86],[-21,108],[33,125],[6,54],[-9,58],[20,141],[47,27],[3,69],[35,-130],[46,-33],[-21,213],[13,19],[15,79],[24,49],[12,-42],[28,19],[26,105],[-7,94],[-21,113],[8,90]],[[13390,71444],[85,-74],[44,-191],[43,-45],[12,-194],[50,-85]],[[13624,70855],[-13,-77],[20,-110],[-20,-3],[-26,-103],[27,-107],[-2,-38],[16,-96],[25,-94]],[[13651,70227],[1,-100],[10,-61],[-5,-194],[11,-158],[13,-89],[6,-216],[13,-107],[-36,-170],[-22,-194],[-1,-54],[-24,-169],[-20,-105],[-32,-134],[-31,-108],[-41,-105],[-14,140],[-25,-89],[-22,71],[-6,193],[3,87],[-19,99],[6,163],[-22,73],[-6,132],[30,107],[17,99],[15,25],[-1,134],[-13,118],[14,108],[2,76],[-11,274],[3,34],[-21,152],[-10,42],[-25,169],[-24,100],[-9,80],[31,89],[-8,35],[-28,-94],[-7,-65],[51,-267],[6,-110],[22,-129],[9,-164],[-12,-102],[-2,-198],[6,-129],[-16,-44],[-11,-212],[-39,-134],[-17,35],[-12,61],[19,90],[13,137],[-8,70],[-20,-28],[12,-94],[-13,-105],[-16,-33],[-29,34],[-37,72],[-15,-57],[-33,-298],[-21,196],[-8,165],[11,249],[31,128],[12,133],[-13,93],[5,99],[-8,78],[17,83],[-11,124],[48,-3],[-17,125],[-5,75],[-39,-117],[-11,9],[-33,-36],[41,-76],[-16,-202],[2,-94],[-33,-147],[-1,-82],[-11,-94],[-18,67],[-21,29],[-18,73],[-4,88]],[[3934,79887],[6,78],[32,-75],[-30,-39],[-8,36]],[[3906,80050],[35,81],[18,-19],[39,55],[50,-6],[1,-52],[23,-21],[39,60],[42,28],[24,68],[2,99],[-18,14],[-5,74],[8,59],[22,-47],[29,125],[27,34],[-1,72],[-15,26],[-8,117],[6,93],[56,-10],[36,-59],[37,36],[-2,89],[28,116],[20,23],[17,-36],[35,-12],[30,58],[41,11],[19,25],[26,84],[10,-11],[59,37],[9,-100],[21,-9],[20,37],[29,-17],[59,-62],[35,11],[53,90],[27,6],[42,68],[90,58],[48,164],[49,101],[50,41],[38,77],[31,36],[41,-17],[4,48],[-58,30],[-20,35],[-18,146]],[[5186,82004],[273,0],[80,0],[0,165],[205,0],[0,165],[250,0],[159,0],[0,-165],[276,0],[323,0],[320,0],[0,165],[103,0],[0,165],[90,0],[0,165],[19,0]],[[7284,82664],[0,-858],[0,-793]],[[7284,81013],[-135,0],[0,-496],[13,0],[0,-495]],[[7162,80022],[-297,0],[-276,0],[-140,0]],[[6449,80022],[-325,0],[0,165],[-99,0],[0,-165],[-50,0],[0,-165],[-49,0],[0,165],[-297,0],[0,-165],[-20,0],[0,-166],[-49,0],[0,-165],[-49,0],[0,-330],[-19,0],[0,-165],[-48,0],[0,-331],[-49,0],[0,-165],[-17,0],[0,-330],[-48,0],[0,-331],[-65,0],[0,-330],[-47,0],[0,-331],[-16,0],[0,-165],[-47,0],[0,-165],[-47,0],[0,-330],[-14,0],[0,-166],[-47,0],[-1,-306]],[[5046,76081],[-8,-24]],[[5038,76057],[-84,0],[0,-165],[10,0]],[[4964,75892],[-12,-70],[3,-78],[-46,-63],[-9,-51],[-20,-5],[-16,-75],[-20,-19],[-4,98],[-13,52],[-45,6],[-26,-21],[-21,34],[10,57],[33,24],[30,-51],[14,73],[24,216],[-8,147],[-2,169],[-25,183],[-28,153],[-21,222],[28,218],[21,32],[21,121],[26,37],[3,37],[-47,268],[-4,121],[-13,68],[-11,117],[-26,115],[-14,122],[2,52],[-19,73],[-15,136],[-26,99],[-15,108],[-21,10],[-14,-87],[6,-188],[-18,-92],[-24,-15],[-25,34],[-13,-80],[-33,-51],[-56,-118],[-30,-42],[-70,-60],[-73,-25],[-33,1],[-39,23],[-48,67],[-24,194],[28,84],[-23,78],[-50,90],[-30,170],[1,30],[-43,125],[-7,75],[-47,28],[-29,55],[-21,65],[-32,133],[36,90],[8,112],[-25,8],[-37,-90],[-21,-7],[-30,34],[-11,85],[10,42],[24,-6],[29,80],[11,63],[15,10],[36,136],[-11,36],[3,80],[31,62],[6,47],[-26,112],[-47,35]],[[3256,78698],[14,-23],[32,64],[57,-16],[14,-20],[27,15],[26,-36],[13,79],[-2,72],[20,57],[41,-8],[3,84],[23,63],[33,-61],[22,49],[29,24],[54,-148],[21,11],[12,45],[56,-98],[-12,-86],[12,-92],[-12,-70],[18,-88],[-13,-90],[7,-66],[14,-31],[-5,-58],[19,-54],[0,-96],[-38,-36],[-12,25],[-31,-56],[-21,6],[-55,-103],[18,-92],[-30,-46],[-8,60],[-21,72],[-39,68],[-20,-20],[-30,7],[-18,61],[-22,22],[-41,129],[-40,63],[-16,-7],[-38,129],[-18,8],[-11,125],[-32,163]],[[1695,79253],[6,86],[19,70],[12,-43],[14,-114],[29,-96],[46,-104],[22,-27],[42,-8],[35,-108],[-43,26],[-26,-2],[-27,-35],[-36,85],[-11,56],[-46,164],[-36,50]],[[27029,23040],[14,0],[6,125],[35,-53]],[[27084,23112],[8,-16],[4,-248],[-3,-155]],[[27093,22693],[-17,-20],[-3,-75],[-17,-46],[-4,-188],[11,-118],[-2,-226],[-5,-78],[-4,-137]],[[27052,21805],[-15,11],[-18,-18],[-12,125],[3,116],[-11,100],[7,59]],[[27006,22198],[18,411],[-8,13],[-67,8],[1,416],[79,-6]],[[26208,26085],[48,-1],[0,-46],[59,1]],[[26315,26039],[8,-38],[-8,-86]],[[26315,25915],[-8,-27],[-13,-159],[-31,-21],[-15,-59],[-10,-3]],[[26238,25646],[0,124],[-6,15],[-2,113]],[[26230,25898],[-19,133],[-3,54]],[[26766,29164],[16,20],[11,-43],[18,69],[39,78]],[[26850,29288],[9,-71],[0,-75]],[[26859,29142],[7,-117],[12,-40],[22,-220]],[[26900,28765],[9,-111]],[[26909,28654],[-23,54]],[[26886,28708],[-20,1],[-17,-26]],[[26849,28683],[-24,24],[-21,60],[-10,53]],[[26794,28820],[-16,103],[1,31],[-20,109],[7,101]],[[10360,79289],[48,0],[0,-165],[161,0],[0,-83],[59,0]],[[10628,79041],[0,-162],[64,-88],[70,-77],[17,168],[133,-241],[80,293],[172,32],[1,-63],[-35,-440],[40,-178],[71,-134],[26,-35],[11,-184],[11,-79],[110,-383],[174,-617],[19,-263],[11,-229],[-7,-146]],[[11596,76215],[-117,-191]],[[11479,76024],[6,62],[-5,75],[-36,150],[-47,149],[-27,57],[-76,106],[-77,217],[-44,83],[-77,126],[-78,179],[-67,167],[17,28],[30,131],[11,-50],[14,113],[27,122],[-17,61],[-22,201],[0,108],[21,48],[17,128],[-18,72],[-16,-77],[-2,-89],[-28,-50],[-16,-93],[-1,-84],[-111,-173],[-13,-51],[-25,-31],[-101,40],[-59,54],[-26,53],[-130,220],[24,91],[21,13],[8,111],[-9,69],[5,86],[-24,32],[-2,97],[-18,-27],[-16,29],[10,-150],[23,-69],[-9,-50],[-28,-31],[-26,-55],[-39,0],[-40,72],[-116,108],[-38,13],[-29,40],[-45,17],[-59,-5],[-61,-47],[-109,-37],[-49,-36],[-55,-79]],[[9822,78268],[0,73],[46,223],[149,725],[90,0],[253,0]],[[27192,25859],[3,37],[41,165]],[[27236,26061],[19,-68],[11,-6]],[[27266,25987],[23,-169],[-2,-85],[18,-139],[6,-86],[-7,-151]],[[27236,25109],[-4,37],[-3,158],[-6,82]],[[17957,50080],[10,98],[15,90],[-18,90],[-13,102],[-21,76],[1,145],[34,-78],[9,91],[19,73]],[[17993,50767],[11,25],[27,-78],[18,-74],[6,-60],[18,39],[9,86],[31,61],[15,76],[4,59],[14,68],[6,76],[16,-15]],[[18340,48243],[-6,162],[-18,122],[-13,138],[-14,-62],[-42,52],[-15,48],[-30,37],[-8,56],[-21,81],[-13,92],[-15,72],[-9,113],[-12,83],[-13,-44],[-21,31],[7,149],[-1,70],[-12,-2],[-11,-74],[-17,-56],[-13,-230],[-14,-41],[-4,-75],[-18,-15],[-13,-55],[-11,36],[1,52],[-18,77],[-14,-22],[-30,180],[2,121]],[[17304,52422],[0,221]],[[17304,52643],[89,2],[4,59],[26,109],[43,-4]],[[17490,52500],[-9,-48],[10,-48],[0,-140],[-28,15],[-6,-48],[-62,0],[8,-158],[-5,-9],[0,-461]],[[17398,51603],[-16,-107],[8,-87],[-18,-73]],[[17372,51336],[-20,116],[-3,71],[-11,79]],[[17338,51602],[-12,197],[10,118],[-11,74],[2,50],[-8,127],[-20,101],[5,153]],[[25733,30629],[130,-2]],[[25863,30627],[2,0]],[[25865,30627],[5,-88],[-8,-36],[-7,-130],[2,-199],[-5,-35],[0,-195],[9,-63]],[[25861,29881],[6,-13],[-2,-102],[-7,-57],[-13,22],[-11,-79],[-13,-7],[-17,43],[-6,91]],[[25798,29779],[-8,67],[-9,-8],[-9,-54],[-10,65],[-11,1],[-9,-53],[-10,-9]],[[25732,29788],[1,841]],[[18558,34457],[187,2],[126,0]],[[18871,34459],[78,-1],[107,4]],[[19056,34462],[0,-758],[0,-838],[0,-707],[0,-928],[0,-669],[0,-610],[0,-712]],[[19056,29240],[-4,55],[-17,6],[-6,-54],[-14,68],[-20,41],[-12,68],[-21,67],[-15,-19],[-18,47],[-13,81],[-16,-46],[-17,22],[-15,-86],[-23,53],[0,62],[-13,32]],[[18832,29637],[1,631],[-63,1],[0,339],[-9,-9],[-146,-6],[-1,334],[-29,2],[0,209],[-9,-40],[-29,10],[-12,91],[-17,32],[-15,-6],[-43,74],[-18,18],[-6,76],[-30,112],[-18,52],[-8,53],[-12,4],[-13,42],[-19,-5]],[[18336,31651],[0,519],[6,177],[-6,39],[5,91],[-11,150],[12,114],[24,-17],[8,118],[17,25],[36,138],[7,-13],[22,42],[40,107],[10,69],[12,-9],[14,96],[-4,125],[6,33],[-10,103],[11,128],[-5,149],[7,120],[-2,87],[6,49],[8,166],[11,108],[-2,92]],[[17950,26296],[9,36],[19,-18],[26,55],[-2,65],[18,103],[1,129],[-14,219]],[[18007,26885],[69,4],[0,828],[86,0],[0,-165],[174,0]],[[18336,27552],[0,-330],[0,-833],[0,-500]],[[18336,25889],[0,-889]],[[18336,25000],[-116,248],[-139,295],[-157,325],[6,129],[-5,105],[13,49],[12,145]],[[17976,27658],[1,44],[18,144],[9,39],[-4,74],[5,38],[0,142],[7,21],[-9,303],[7,40],[-8,93],[26,185],[1,109]],[[18029,28890],[6,53],[25,56],[11,64],[9,6],[24,145],[10,25],[-2,77]],[[18112,29316],[19,-24],[11,-59],[28,-20],[22,4],[4,-52],[30,31],[7,-58],[29,45],[17,139],[38,-13],[9,-14],[10,49]],[[18336,29344],[0,-606]],[[18336,28738],[0,-689],[0,-497]],[[18007,26885],[-16,17],[-8,-21],[-11,37],[-8,-14],[-11,114],[8,125],[1,204],[-15,62],[8,65],[-6,118],[27,66]],[[19265,34452],[104,1],[162,1]],[[19531,34454],[0,-894],[0,-1005]],[[19531,32555],[0,-1218],[0,-769]],[[19531,30568],[0,-726]],[[19531,29842],[0,-1104],[0,-424]],[[19531,28314],[-85,1],[-5,-106],[-20,-18],[-11,-43],[-4,-72]],[[19295,27914],[0,401],[9,-1],[0,664],[3,0],[0,662],[-4,165],[4,167],[1,334],[1,663],[0,662],[4,0],[0,276],[-48,0],[0,1133],[0,475],[0,937]],[[24007,27551],[52,-9],[9,29],[29,-57],[25,18]],[[24182,27402],[7,-69],[23,-24],[9,-92],[21,-74]],[[24242,27143],[0,-107],[9,-147],[10,-41]],[[24261,26848],[-183,11]],[[24078,26859],[-74,6]],[[24004,26865],[3,686]],[[24431,27573],[1,333]],[[24432,27906],[29,0],[7,-85],[22,-3],[3,84]],[[24493,27902],[5,-61]],[[24498,27841],[9,-42],[-14,-130],[18,25],[9,-48],[-20,-45],[19,-45],[0,-153],[4,-59],[12,10],[10,-43],[-14,-61],[5,-93],[-1,-63],[-18,-13],[-10,21],[-5,-61],[22,-87],[0,-48],[-12,-52]],[[24512,26854],[0,-14]],[[24512,26840],[-27,2]],[[24485,26842],[-48,2]],[[24437,26844],[-7,-1]],[[24430,26843],[1,730]],[[24543,29380],[15,-1],[0,254],[-15,2],[1,334]],[[24544,29969],[130,-8]],[[24674,29961],[-2,-43],[15,-117],[-8,-64]],[[24679,29737],[-7,-89],[4,-88],[-10,-78],[-43,-81],[9,-68],[-8,-81],[-19,8],[-2,-110],[-26,3],[13,-67],[20,1],[2,-40],[-15,-44],[-13,51],[-13,-87]],[[24571,28967],[0,-2]],[[24571,28965],[-45,0]],[[24526,28965],[9,51],[6,208],[-3,79],[5,77]],[[24441,28760],[10,-62],[19,52],[7,-91],[36,-9],[-2,116],[-7,39],[1,73],[21,87]],[[24571,28965],[10,-49],[14,-23],[-8,-107],[-25,-11],[7,-75],[-10,-26],[-6,70],[-19,-74],[22,-62],[-17,-113],[6,-108],[16,-44],[-3,-46],[-37,27],[-4,-98],[9,-50],[16,19],[8,-68],[-17,-41],[-19,93],[-14,-12],[-1,-83],[21,-57],[0,-70],[-9,-42],[-18,-13]],[[24432,27906],[1,414],[-30,5]],[[24403,28325],[3,369],[23,-2],[0,55],[12,13]],[[23601,31380],[2,14]],[[23603,31394],[1,82],[12,21],[12,-69],[-1,-73],[15,-53],[17,15],[27,74],[-7,67],[4,44],[19,-10]],[[23702,31492],[-2,-439],[15,-1]],[[23715,31052],[-1,-139],[-30,5],[0,-84]],[[23684,30834],[-23,-39],[-2,-211],[-18,-29],[-19,14],[-24,-51]],[[23551,33502],[150,-1]],[[23701,33501],[59,0]],[[23760,33501],[1,-304],[13,-63]],[[23774,33134],[-15,2],[-5,-138]],[[23754,32998],[-16,2],[-20,-53],[-88,12],[-1,-138],[-15,1],[0,-82],[-45,5]],[[23569,32745],[-3,114]],[[23566,32859],[-15,643]],[[23760,33501],[79,0]],[[23839,33501],[75,-1]],[[23914,33500],[6,0]],[[23920,33500],[-1,-32],[-1,-686]],[[23918,32782],[-50,6]],[[23868,32788],[-20,3],[-10,56],[0,57],[-9,30],[0,110],[-11,84],[-44,6]],[[24445,33498],[78,1]],[[24523,33499],[96,1]],[[24619,33500],[1,-113],[9,-50],[-1,-246],[-16,-32]],[[24612,33059],[0,-224]],[[24612,32835],[-69,4],[-19,8],[-11,95],[-17,36],[-10,64]],[[24486,33042],[1,139],[-5,83],[-21,88],[-3,98],[-13,48]],[[24619,33500],[58,0]],[[24677,33500],[100,-1]],[[24777,33499],[17,-2],[6,-158],[19,-61],[-5,-209],[-9,-13],[-7,-72],[-14,-50]],[[24784,32934],[-36,-2],[0,112],[-30,0],[-85,17],[-21,-2]],[[17149,27571],[5,126],[19,34],[0,64]],[[17173,27795],[40,0],[-2,-28],[36,-79],[0,-33],[59,-9],[143,0],[89,4],[32,-6]],[[17570,27644],[1,-669],[-6,-1],[-1,-869]],[[17564,26105],[-145,-81],[-139,-79],[-4,171],[-6,79],[-9,40],[-14,-42],[-4,115],[-1,148],[-5,37],[8,100],[-9,272],[-17,240],[-28,239],[-17,123],[-25,104]],[[17976,27658],[-122,-10],[-112,-2],[-172,-2]],[[17173,27795],[0,55],[26,236],[-17,88],[-16,12],[-1,90],[-12,23],[-26,193]],[[17127,28492],[5,103],[13,0],[0,89],[14,32],[0,86],[51,1],[0,-28],[42,-3],[0,-26],[82,1],[0,56],[88,-3],[88,0],[186,5],[88,-2],[0,83],[135,4],[110,0]],[[15805,36101],[0,-4]],[[15805,36097],[0,4]],[[15783,36574],[4,-75],[-4,-100],[10,-30],[-8,-74],[1,-82],[8,-53],[-6,-129],[-19,19],[-26,117],[-17,-7],[-22,104],[-11,92],[-17,54],[-16,13],[-20,-54],[14,208],[3,98],[-4,44],[-1,119],[-10,88]],[[15782,35806],[30,0]],[[15812,35806],[9,-221],[27,-35],[17,-64],[12,-76],[9,-1],[4,-64]],[[15890,35345],[-21,-67],[-4,-135],[14,-142]],[[15840,34661],[-13,25],[-8,100],[-10,43],[-4,101],[5,211],[-12,146],[-4,108],[-10,0],[-6,55],[0,132],[6,102],[-2,122]],[[16161,37719],[15,231],[8,35],[2,93],[26,74],[6,47],[22,-22],[9,77],[19,29],[9,-16],[23,-105],[18,-53],[18,28],[12,65],[10,120],[29,-11],[41,16],[11,69],[39,1]],[[16478,38397],[1,-130],[27,-126]],[[16459,37702],[-11,5],[-7,-123],[-21,-22],[-6,-78],[-12,-56],[-22,-21],[-43,-70],[-33,-16],[-26,84],[-26,24],[-27,-75],[-8,14],[-24,-37]],[[16193,37331],[-26,398],[-6,-10]],[[19529,38967],[179,-1],[183,0],[90,0]],[[19981,38966],[-7,-113],[21,-59],[-4,-37]],[[19991,38757],[-30,-73]],[[19717,37636],[0,-321],[-190,0]],[[19527,37315],[0,419],[2,296],[0,937]],[[20674,42077],[74,5],[174,1]],[[20922,42083],[133,0]],[[21055,42083],[0,-571],[-2,-340]],[[21053,41172],[-32,-3],[-126,5],[0,-332],[0,-666]],[[20895,40176],[-126,-1],[-100,0]],[[20669,40175],[-26,0]],[[20643,40175],[0,498]],[[20643,40673],[-1,167],[31,0],[1,552],[0,685]],[[20326,42076],[130,-2],[125,3]],[[20581,42077],[93,0]],[[20643,40673],[-90,-1],[-4,-6],[-73,5]],[[20420,41101],[-5,68],[-10,-12],[-1,97],[-10,144],[-31,334],[-19,100],[-3,61],[-13,61],[-2,122]],[[20012,42086],[128,-1]],[[20140,42085],[-3,-87],[6,-58],[19,-37],[15,-68],[19,-35],[-1,-48],[7,-73],[-9,-51],[0,-130],[-10,-149],[3,-114],[11,-118],[1,-94]],[[20205,40031],[-26,-8],[-88,-3]],[[20091,40020],[-1,329]],[[20090,40349],[0,255],[-112,-4]],[[19978,40600],[2,212],[1,396],[16,0],[0,110],[16,0],[-1,768]],[[28900,44358],[1,227]],[[28901,44585],[30,16],[10,54],[34,66],[15,67],[21,16],[49,159],[18,-12],[19,22]],[[29097,44973],[26,-178],[48,-132]],[[29171,44663],[5,-11],[-31,-282],[24,-61]],[[29077,44017],[-101,-314]],[[28976,43703],[-15,33],[-18,4],[-4,130],[-9,19],[-14,96]],[[28916,43985],[-12,22],[-5,59],[1,292]],[[28646,30354],[28,148],[9,64],[30,164],[4,-11],[-47,-251],[-24,-114]],[[28437,30284],[35,-4],[0,30],[20,38],[35,3],[18,44],[11,130],[-7,39]],[[28549,30564],[13,59],[15,-24],[3,42],[19,19],[10,130],[7,-35],[4,-205],[12,37],[16,10],[-12,117],[32,-69],[-8,-113],[-19,-129],[-29,-125],[-6,-73],[-11,-29],[0,-65],[-18,37],[-8,96],[-6,-135],[-60,19],[-14,-7],[-56,-100],[-5,19]],[[28413,30234],[24,50]],[[27774,30727],[27,-164],[7,-188],[-3,-39]],[[27805,30336],[-3,-34],[7,-91],[-36,-272]],[[27773,29939],[-59,333],[-5,0]],[[28135,29419],[12,21],[12,-58],[13,-12]],[[28172,29370],[21,-185],[0,-154],[5,-59],[1,-201],[-4,-88],[3,-80]],[[28198,28603],[-6,-164],[-10,23],[-6,64],[-29,41],[-36,9],[-36,-22],[-47,-89]],[[27999,28632],[7,68],[-4,58],[14,32],[10,76],[3,150],[13,42],[19,-53],[17,92],[-2,32],[34,21],[25,269]],[[28172,29370],[14,55],[17,28],[11,-17],[16,44],[3,-60],[20,-124],[8,9]],[[28261,29305],[-18,-122],[-15,-134],[-13,-168],[-17,-278]],[[27333,30929],[10,14],[-3,213],[17,251]],[[27357,31407],[2,168]],[[27359,31575],[12,50],[34,-16]],[[27405,31609],[9,-176],[-4,-24],[20,-105],[8,-150],[32,-113]],[[27470,31041],[-61,-328],[-20,-66]],[[27389,30647],[-18,143]],[[28488,31128],[14,-72],[60,37],[5,83],[0,108]],[[28567,31284],[19,-18],[13,-39],[4,-107],[-12,-124],[-21,24],[17,-99],[-8,-89],[-40,-179],[-16,-53],[-14,-11],[-36,153]],[[28473,30742],[4,115],[-11,42],[4,132],[18,97]],[[28502,32016],[0,-27],[58,-1]],[[28560,31988],[10,-67],[4,-94],[14,-72],[19,-48]],[[28607,31707],[-19,-54],[-17,20],[-11,-51],[11,-59],[-2,-51],[8,-129],[-20,30],[-17,48],[-17,-3],[-58,107],[4,-94],[11,29],[22,-48],[13,-63],[22,-30],[11,-48],[19,-27]],[[28488,31128],[-17,90],[-65,224]],[[28406,31442],[5,72],[-1,120],[24,95],[-15,61],[-7,57],[-1,194]],[[26992,31536],[-4,-47],[5,-95]],[[26993,31394],[-15,-162],[-8,-43],[-2,-179]],[[26968,31010],[-11,45],[-29,-97],[-22,-40]],[[26906,30918],[-5,36],[-5,239],[-38,257]],[[26858,31450],[21,70],[14,-45],[42,18],[15,55],[23,50],[19,-62]],[[26592,31118],[6,59]],[[26757,30647],[0,-1]],[[26757,30646],[-104,-14]],[[26653,30632],[-11,47],[-35,257],[-25,5]],[[26582,30941],[10,177]],[[28601,33523],[15,-81],[32,-96],[9,-59],[9,-4],[18,-107],[-6,-54]],[[28678,33122],[11,-69],[9,-9],[7,-87],[10,-27],[3,-113],[-27,-31],[-11,26],[-12,91],[-6,11]],[[28662,32914],[-5,62],[-24,67],[-22,228]],[[28611,33271],[-10,172],[0,80]],[[27546,31017],[7,17],[8,-92],[14,-15],[5,51],[13,1],[9,-62]],[[27644,30275],[-1,1]],[[27643,30276],[-109,14]],[[27534,30290],[12,727]],[[22690,53974],[71,-2]],[[22761,53972],[172,-2]],[[22933,53970],[3,-122],[-4,-45]],[[22943,52812],[-134,-2]],[[22809,52810],[-112,1]],[[22697,52811],[0,664],[-7,0],[0,499]],[[22520,56459],[109,-1]],[[22842,56456],[1,-116],[8,-40],[-8,-142],[9,-91],[-4,-50],[4,-112],[-4,-113]],[[22635,55794],[-108,0]],[[22527,55794],[0,333],[-7,0],[0,332]],[[20924,54273],[1,887],[-1,255]],[[20924,55415],[11,-55],[11,35],[13,-57],[18,75],[15,-2],[5,125],[10,-36],[10,33],[-9,67],[19,56],[19,-16],[16,-69],[-10,-45],[28,-91],[16,56],[13,-21],[29,63],[21,147],[26,22],[4,-36],[34,19],[18,-31],[22,4]],[[21263,55658],[17,13],[10,-80],[19,-23],[15,-57],[12,-148],[-22,-118],[-3,-86],[4,-73]],[[21315,55086],[0,-285],[-128,1],[1,-659]],[[21030,54144],[-106,2]],[[20924,54146],[0,127]],[[27109,39126],[6,84],[32,-25],[1,95],[-5,32],[10,82],[28,-7]],[[27181,39387],[32,-7],[6,91],[10,-1],[6,-55],[31,-19],[0,27]],[[27266,39423],[10,-51],[58,-13],[0,-61]],[[27334,39298],[-23,-157]],[[27241,38920],[-10,88],[-13,40],[-29,-134],[-3,-136],[-30,12],[-4,-87],[-9,-23]],[[27143,38680],[1,102],[-27,6],[0,56],[-10,31],[2,251]],[[26985,39000],[3,170],[31,-13],[3,172]],[[27022,39329],[31,-11]],[[27053,39318],[-2,-173],[58,-19]],[[27143,38680],[-9,-68]],[[27134,38612],[-82,23],[-61,22]],[[26991,38657],[3,169],[-11,4],[2,170]],[[23401,29037],[1,166],[29,0],[0,502],[31,0]],[[23594,29705],[-2,-604]],[[23590,28625],[-3,-577]],[[23587,28048],[-5,-33],[-13,15],[-8,96],[-43,24],[-3,22]],[[15490,52104],[19,19],[15,-76],[-1,-91],[19,-67]],[[15542,51889],[1,-204],[-1,-495]],[[15542,51190],[-100,-12],[0,19],[-69,0]],[[15373,51197],[0,238],[-7,73],[16,59],[1,180],[-11,185],[0,84],[33,-106],[9,63],[18,43],[11,-45],[27,50],[20,83]],[[15333,48326],[48,1],[46,12]],[[15427,48339],[113,-5],[53,5]],[[15593,48339],[8,-109],[-4,-50],[72,1],[1,111],[11,54],[28,6],[32,-46],[2,-33],[30,-27],[8,-25],[34,-9],[15,27],[1,41],[83,2],[64,9]],[[15921,47065],[-36,-111],[-5,-69],[6,-46],[-1,-108]],[[15885,46731],[-105,2],[-65,-7],[0,204],[-102,-8],[0,125],[-8,0],[0,331],[-59,1],[0,56],[-34,1],[-16,38],[0,73],[-14,0],[-12,45],[1,56],[-24,44],[-34,1],[-34,-156],[-59,2]],[[15320,47539],[10,461],[4,304],[-1,22]],[[15663,51079],[40,-1],[6,15]],[[15709,51093],[0,-136],[25,-75],[55,-75],[10,-29],[17,24],[13,-53],[23,-1]],[[15852,50748],[18,57],[23,11],[50,126]],[[15943,50942],[5,-245],[9,-10],[15,-103]],[[15972,50584],[-74,-2],[-155,2],[-2,-55],[-27,1]],[[15714,50530],[0,164],[-40,193],[-11,28],[0,164]],[[15843,45886],[0,135],[53,17],[7,140],[11,133],[13,87],[-6,31],[-5,153],[-18,116],[-13,33]],[[16108,47068],[0,-496],[-5,0],[-1,-832],[1,-331],[130,-4],[1,-602],[0,-829]],[[16234,43974],[-158,7]],[[16076,43981],[-138,12],[-97,9]],[[15841,44002],[1,227],[-1,662],[2,444],[0,551]],[[16224,50927],[16,57],[47,85],[10,41]],[[16297,51110],[14,-66],[32,-92],[6,-67],[15,-45],[1,-69],[12,-119],[-16,6],[-19,-60],[1,-99],[-12,-87],[1,-125],[-4,-183],[20,-85],[3,-87],[-12,-69]],[[16339,49863],[-63,1],[1,89],[-37,123],[-36,7],[-10,40],[2,167],[16,6],[10,93],[15,80],[8,219],[-12,22],[-7,58],[3,60],[-5,99]],[[16297,51110],[17,17],[24,-88],[28,-2],[34,42],[20,9],[11,69],[28,44],[20,52]],[[16479,51253],[0,-562],[-2,-496],[35,-1],[-1,-167],[35,0],[0,-168],[-9,-25]],[[16537,49834],[-66,-5],[-130,5]],[[16341,49834],[-2,29]],[[28153,39645],[27,199],[18,233],[5,98],[15,117]],[[28218,40292],[19,200],[26,185]],[[28263,40677],[9,50]],[[28272,40727],[9,-138],[7,-36]],[[28328,40068],[3,-427]],[[28331,39641],[-3,0]],[[28328,39641],[-175,4]],[[28881,40972],[21,132],[21,94]],[[28923,41198],[39,136]],[[28962,41334],[1,-32]],[[28963,41302],[34,-94],[3,-237],[26,-43],[6,-103]],[[29032,40825],[21,-88],[7,-85],[20,-67],[14,-124]],[[29094,40461],[-17,-57],[-9,14],[-13,-82],[-20,-31],[-11,-39]],[[29024,40266],[3,127],[-15,44]],[[29012,40437],[-131,535]],[[27731,43701],[1,283]],[[27885,43985],[40,-2]],[[27925,43983],[-1,-319],[-8,-1],[-2,-395]],[[27914,43268],[-38,6],[-117,-3]],[[27759,43271],[-28,-2]],[[27731,43269],[0,432]],[[28997,43227],[24,-181],[0,-51],[21,-14],[5,-65],[38,-26]],[[29085,42890],[16,-129]],[[29101,42761],[-16,-21],[-24,-131],[-12,-184],[-11,-81],[-19,-88]],[[29019,42256],[-14,-7],[-10,100],[-22,18],[7,194],[-64,-25]],[[28916,42536],[14,176],[-12,61],[24,17],[6,57],[16,77],[5,62],[28,241]],[[28851,39864],[4,2]],[[28773,40436],[49,199]],[[28822,40635],[28,-9],[11,-55],[9,-112],[16,-80],[13,-20],[8,-69],[9,9]],[[28916,40299],[-21,-153],[-25,-78],[-6,-66],[-14,-67],[1,-71]],[[28700,39643],[19,74],[22,252],[-2,115],[17,162],[-2,136],[19,54]],[[29908,44002],[84,17]],[[30042,43560],[-10,-60]],[[30032,43500],[-8,26]],[[30024,43526],[-15,2],[-5,-52],[-93,-14]],[[29911,43462],[-3,540]],[[27381,26186],[12,83]],[[27393,26269],[15,-53],[9,11],[15,-50],[11,-114],[18,-58],[9,-1],[4,-69],[16,-84]],[[27490,25851],[-2,-46],[8,-97],[8,-39],[-7,-129],[-14,-28],[-33,-94],[-6,64],[-18,61],[-16,-72],[22,-80],[4,-58],[-19,-128],[-23,-72],[-5,18],[-11,-71]],[[27378,25080],[-9,89],[-8,19],[-7,91],[-9,21],[-5,92],[7,54],[-4,64],[20,-12],[3,99],[9,3],[14,60],[-2,84],[8,118],[-8,74],[5,121],[-11,129]],[[26831,29917],[0,2]],[[26831,29923],[1,3]],[[26930,30299],[10,-96],[-3,-45],[3,-231],[7,-47],[2,-80],[30,-139]],[[26979,29661],[-86,-376],[-34,-143]],[[26850,29288],[-5,99],[-12,49],[-8,179],[-10,51],[-25,-15]],[[26790,29651],[38,248]],[[27773,29939],[4,-17]],[[27777,29922],[-52,-616]],[[27725,29306],[-6,14]],[[27719,29320],[-8,93],[3,39],[-21,119],[-1,128],[-16,-34],[-5,87]],[[27671,29752],[7,148],[-4,94],[-9,23],[-12,131],[-9,49],[-1,79]],[[27814,28319],[11,-136],[8,-26],[16,20]],[[27901,27924],[-8,-78],[-15,-92],[-17,-201],[-9,-237],[1,-82],[-5,-78],[-15,-84],[-8,-17]],[[27825,27055],[-4,56],[-16,13],[-28,115]],[[27777,27239],[-24,69],[-8,44],[-32,61]],[[26983,33306],[13,45],[18,-37],[24,111],[33,94]],[[27085,33055],[-28,-275],[-13,-28]],[[27044,32752],[-14,1],[-5,82],[-21,14]],[[27004,32849],[-9,146],[-18,51],[-6,-14]],[[26971,33032],[12,226],[0,48]],[[26709,33302],[24,57],[-1,46],[27,139],[25,81],[17,-40],[34,97]],[[26835,33682],[61,0]],[[26896,33682],[0,-142],[-5,-46],[-19,-82],[4,-39]],[[26876,33373],[-6,-41]],[[26765,33012],[-20,145],[-29,-56]],[[26716,33101],[-7,201]],[[26512,33674],[16,-4]],[[26528,33670],[67,-9],[4,34]],[[26599,33695],[57,-6]],[[26656,33689],[20,-119],[9,-145],[-5,-87]],[[26680,33338],[-15,-1],[-27,-115],[-17,9],[-12,-40],[-7,16]],[[26602,33207],[-10,34],[-9,-33],[-9,103],[-26,68],[-13,-28]],[[26535,33351],[-4,18],[-18,251],[-1,54]],[[25615,31470],[24,43],[29,-76],[16,2]],[[25684,31439],[10,-28],[6,-164],[21,-44],[0,-56]],[[25721,31147],[-2,-519]],[[25719,30628],[-105,14]],[[25614,30642],[-3,1]],[[25611,30643],[-1,94],[6,197],[-3,89],[0,348],[2,99]],[[26362,31834],[4,38],[15,41],[44,-15],[14,-78],[17,-12]],[[26456,31808],[5,-33],[21,-34],[4,-65],[25,16],[-5,-64],[19,-68],[-5,-32]],[[26520,31528],[-15,-99],[2,-76],[-9,-46],[3,-106]],[[26501,31201],[-22,-78],[-26,-14],[-6,48],[-19,-83],[-1,-36]],[[26427,31038],[-56,150]],[[26371,31188],[12,64],[11,22],[1,129],[-32,400]],[[26363,31803],[0,20]],[[26363,31823],[-1,11]],[[26456,31808],[11,32],[4,71],[-7,35],[-5,163],[4,70]],[[26566,32335],[25,-335],[12,-40],[0,-231]],[[26522,31522],[-2,6]],[[23451,20501],[2,8]],[[23453,20509],[-2,-8]],[[23449,20893],[151,10]],[[23600,20903],[23,-3],[1,-620]],[[23624,20280],[-5,-12]],[[23619,20268],[-1,72],[-13,-53],[-14,-17]],[[23591,20270],[-14,-31],[-6,59],[-61,-91],[17,220],[4,102],[-2,126],[-10,58],[-23,-59],[-10,-71],[-6,-96],[-10,-29],[-7,34]],[[23463,20492],[-3,97],[7,60],[-5,149],[-13,95]],[[23619,20268],[-72,-199],[-22,-93],[-7,-67],[-9,43],[18,88],[7,70],[20,18],[12,92],[17,-39],[8,89]],[[23410,19380],[7,55],[42,195],[20,131],[21,35],[1,-46],[-91,-370]],[[23384,20267],[14,-110],[17,26],[11,90],[13,-19]],[[23439,20254],[7,-55],[23,-45],[-11,-55],[16,-64],[2,-89],[5,-38],[-29,-160],[-17,-137],[-7,-21]],[[21197,25921],[165,2],[73,0]],[[21435,25923],[0,-832]],[[21435,25091],[-21,1]],[[21414,25092],[-143,-2]],[[21197,25092],[0,829]],[[23587,28048],[11,-7],[5,-82],[11,-85],[26,56],[38,25],[3,-45],[19,19],[11,-46]],[[23711,27349],[-5,55],[-22,-12],[-8,33],[-13,-29],[-6,-105],[-40,28],[-25,74],[-14,-23],[-19,-62],[-18,37]],[[23541,27345],[-14,84],[-12,30]],[[21204,32655],[88,0],[156,0]],[[21449,31840],[-126,-5],[-119,-4]],[[21204,31831],[0,222]],[[21204,32053],[0,602]],[[20992,21900],[101,483]],[[21093,22383],[116,-556],[127,-612]],[[21336,21215],[69,-332]],[[21405,20883],[-13,-64],[-7,-119],[-5,-34],[-22,41],[-17,-80],[-7,23],[-33,-67],[-3,-95],[-11,-74],[1,-64],[-10,-99],[-9,-47],[-7,-149],[2,-90],[-4,-73],[-11,-8],[-3,-120],[-5,-57],[10,-38],[-2,-52],[-33,-74],[-11,-147],[-12,-22],[-5,-114],[-16,-106],[-31,46],[-41,80],[-38,226],[-12,-12],[-31,66],[-4,-6],[-21,154]],[[20994,19708],[0,459],[-1,947],[-1,786]],[[18871,34459],[28,21],[4,59],[13,-34],[24,153],[8,-33],[10,27],[29,16],[10,24],[27,253],[-2,58],[4,117],[15,-52],[18,45],[6,106],[-1,153],[15,-5],[6,119]],[[19285,36651],[10,95],[1,55],[-17,121],[-4,88],[-19,85],[8,60],[-4,58],[4,67],[-6,35]],[[19258,37315],[104,0],[165,0]],[[19527,37315],[0,-428],[5,-233]],[[19532,36136],[-1,-756]],[[19531,35380],[0,-209],[0,-717]],[[19265,34452],[-131,0],[-9,12],[-69,-2]],[[19272,41717],[29,-87],[30,36],[37,63],[32,-14],[1,-108],[8,-21],[13,32],[12,64],[0,128],[53,0],[0,-138],[11,0],[1,-195],[10,-40],[21,0]],[[19530,41437],[-1,-838]],[[19529,40599],[0,-1072]],[[19529,39527],[0,-310]],[[19529,39217],[-10,-10],[-5,-58],[-140,0],[-96,-1],[-20,15]],[[19258,39163],[-1,163],[5,175],[7,34],[-2,127],[16,30],[5,75],[-17,38]],[[18845,43985],[128,4]],[[18973,43989],[1,-804]],[[18974,43185],[-1,-625]],[[18973,42560],[-15,-84],[-45,-121]],[[18913,42355],[11,90],[-3,51],[-12,51],[4,99],[-9,63],[-25,84],[-10,-24]],[[18844,42887],[3,78],[16,135],[4,159],[7,68],[-7,45],[3,81],[-7,29],[-5,158],[-12,61],[9,148],[-10,136]],[[26981,35031],[15,-61],[4,-110],[18,-158],[10,-150],[-4,-16]],[[27024,34536],[-13,-21],[-17,-79],[-19,-35]],[[26975,34401],[-6,-25],[-33,122],[-22,197],[-2,148]],[[26912,34843],[29,78],[27,44],[13,66]],[[27111,34321],[39,-266],[22,-296],[4,7]],[[27176,33766],[-12,-50]],[[27114,33721],[-26,4],[-4,-42],[-58,1]],[[27026,33684],[11,66],[-5,33]],[[27032,33783],[-33,-97]],[[26999,33686],[-15,0]],[[26984,33686],[-10,215]],[[26974,33901],[8,42],[28,77],[25,49],[1,73],[8,37],[24,42],[13,-23],[17,48],[13,75]],[[18336,28738],[165,0],[130,-224],[11,65],[-1,46],[22,147],[-1,58],[122,-92],[64,0]],[[18848,28738],[18,-30],[-4,-94],[12,-30],[-2,-66],[11,-116],[-4,-140],[13,-55],[6,-73],[15,-114],[7,-9],[24,113],[31,-404]],[[18975,27720],[-150,0],[-1,-496],[-139,-2],[-19,95],[-12,20],[-3,-616],[0,-829]],[[18651,25892],[-145,-3],[-170,0]],[[19056,29240],[0,-502],[209,0],[0,-806]],[[19140,27203],[-16,-16],[-24,-100],[-12,16],[-13,-103],[-12,-35],[-1,-81],[-15,-81],[-46,506],[-8,174],[-18,237]],[[18848,28738],[1,72],[8,66],[-2,75],[-8,75],[-59,0],[6,103],[-2,86],[9,67],[2,192],[23,66],[6,97]],[[19139,25906],[-109,-1],[-88,-4],[0,-19],[-114,0],[0,10],[-177,0]],[[18690,45935],[132,-5]],[[18822,45930],[152,-1]],[[18974,45929],[0,-565],[-1,-398]],[[18973,44966],[-12,-45],[-20,-27],[-20,7],[3,177],[-15,-38],[-25,71],[-66,0],[-8,-38],[3,-99],[11,-137],[-5,-59]],[[18742,44779],[-2,139],[-9,68],[0,177],[-8,35],[0,74],[-7,83],[-24,0],[-14,-36],[-11,174],[7,77],[-4,93],[2,123],[21,89],[-3,60]],[[25047,35095],[56,-10]],[[25103,35085],[8,-40],[25,-12]],[[25136,35033],[0,-146]],[[25136,34887],[-2,-2]],[[25134,34885],[-11,9],[-16,-35],[-12,-69],[-8,-82],[-19,-122]],[[25068,34586],[-8,40],[-15,20],[-3,242],[7,84],[10,36],[-1,61],[-11,26]],[[25407,37449],[12,0]],[[25419,37449],[73,-4]],[[25492,37445],[-6,-116],[-12,-52],[-8,-125]],[[25466,37152],[-25,-167],[-3,-93],[-12,14],[-18,-16],[-10,-38]],[[25398,36852],[-1,5]],[[25397,36857],[10,61],[-1,108],[-5,56],[9,158],[-4,70],[6,68],[-5,71]],[[24539,42716],[6,147],[21,44],[12,-24],[20,60],[20,0]],[[24618,42943],[36,18],[17,93],[15,29],[23,-5],[13,80],[20,43],[0,112],[8,92],[-1,64]],[[24770,43573],[3,-206],[19,-58],[-6,-115]],[[24786,43194],[-4,-84],[-12,-29],[-25,-21],[-28,-109],[-1,-248]],[[24716,42703],[-88,4],[-89,9]],[[25339,44932],[111,-7]],[[25450,44925],[-1,-195],[-6,-66],[-3,-103],[10,-173],[12,-112]],[[25339,44280],[0,652]],[[25399,36801],[51,-3],[0,-51],[31,-2],[0,-62]],[[25481,36683],[-2,-83],[-1,-433]],[[25478,36167],[-36,-40],[-12,85],[-15,-37]],[[25415,36175],[-3,-65],[8,-115],[-10,-61],[-23,45]],[[25387,35979],[-2,82],[-7,13],[-9,82]],[[25369,36156],[22,6],[-7,118],[7,38],[-6,105],[19,67],[-14,58],[20,55],[9,77],[-16,48],[-4,73]],[[25881,37168],[62,-9]],[[25943,37159],[0,-166],[11,-111],[10,-29],[-1,-136],[17,-11]],[[25980,36706],[-2,-174],[-6,-128],[-6,-32]],[[25966,36372],[-14,-10]],[[25952,36362],[-14,-75],[-8,76],[-14,30],[-14,-11],[-25,88],[-5,193],[-12,45]],[[25860,36708],[14,87],[4,131],[-3,85],[6,157]],[[25527,43430],[13,-63],[15,29],[3,-89],[35,-43],[18,6]],[[25611,43270],[1,-728]],[[25612,42542],[-16,-45]],[[25596,42497],[-13,-62],[-25,-46],[-8,21],[-24,-13]],[[25526,42397],[0,251]],[[25526,42648],[1,329]],[[26221,39631],[0,27],[61,-5]],[[26282,39653],[0,-303]],[[26282,39350],[0,-87]],[[26282,39263],[-62,8]],[[26220,39271],[1,360]],[[26174,40183],[109,1]],[[26283,40184],[0,-168]],[[26283,40016],[-1,-363]],[[26221,39631],[-42,1],[0,139],[-10,0]],[[26169,39771],[0,162],[5,1],[0,249]],[[24618,42943],[1,274],[-33,1]],[[24586,43218],[1,333]],[[23468,46847],[17,0]],[[23599,46846],[0,-468]],[[23599,46378],[-131,0]],[[23468,46378],[0,469]],[[23016,45718],[189,1]],[[23205,45719],[0,-664]],[[23205,45055],[-178,1]],[[23099,40176],[64,-1]],[[23163,40175],[62,0]],[[23225,40175],[-1,-662]],[[23224,39513],[0,-166],[-68,0]],[[23156,39347],[-57,0]],[[23099,39347],[0,829]],[[25631,28725],[11,-1],[0,585]],[[25642,29309],[0,27]],[[25642,29336],[148,-17]],[[25790,29319],[29,-4],[6,-83]],[[25825,29232],[-18,-14],[-19,-220],[-28,-106],[-6,-99],[-14,-64],[-1,-40],[-34,-78],[-11,-46],[-2,-80],[-9,-17]],[[25683,28468],[-12,58],[-24,3],[2,55],[-18,141]],[[25846,27577],[20,120],[7,109],[7,-42],[19,111],[5,137],[0,78],[7,36]],[[25911,28126],[27,-8],[6,-54],[2,-86],[7,-28],[56,-2],[-1,-56]],[[26008,27892],[-15,-109]],[[25993,27783],[-15,0],[-5,-84],[0,-112],[-15,-27],[-1,-167],[-38,4],[-1,-194],[-15,2],[0,-174]],[[25903,27031],[-88,-3]],[[25478,36167],[9,-34],[-1,-97],[16,6],[7,101],[-11,71],[16,46],[17,-76],[16,66]],[[25547,36250],[19,-7],[23,-76]],[[25589,36167],[-6,-149],[9,-111],[-29,-71],[-4,-77]],[[25559,35759],[-24,-69]],[[25535,35690],[-67,-17]],[[25468,35673],[-5,63],[-1,107],[-4,74],[-13,4],[-30,254]],[[25983,25866],[25,2],[0,166],[24,1],[4,27]],[[26036,26062],[10,-53],[48,-136],[14,1],[1,-167]],[[26109,25707],[0,-334]],[[26109,25373],[-117,-5],[-6,28],[0,86],[-12,-33]],[[25974,25449],[-19,115],[-10,163]],[[26862,34974],[6,26]],[[26868,35000],[11,41],[5,85],[18,181],[-2,107],[-8,3],[7,263],[-4,54],[14,27]],[[26909,35761],[12,19],[18,-49],[13,20],[-1,63],[10,52],[12,2]],[[26973,35868],[17,-147],[25,-70],[7,-65],[26,-107],[27,3]],[[27075,35482],[-94,-451]],[[26912,34843],[-3,-13]],[[26909,34830],[-18,98],[-12,-39],[-17,85]],[[25367,30439],[13,26],[22,-45],[10,-67],[5,-82],[23,-120],[8,-18],[22,31],[6,47],[26,50],[9,43],[16,21],[27,-62]],[[25554,30263],[3,-63],[-10,-135],[-22,-246]],[[25525,29819],[-123,17],[-47,11]],[[25355,29847],[12,592]],[[25541,25431],[8,8],[15,-60],[8,-79],[9,4],[27,-184],[12,-37],[3,-66],[76,0]],[[25713,24854],[-15,-1],[1,-250]],[[25533,24601],[-33,-4],[0,82],[-13,10],[0,221]],[[25487,24910],[13,27],[-1,241],[29,1],[-1,233],[14,19]],[[25825,29232],[13,-103],[29,-202]],[[25861,28624],[-4,-86],[-18,-113],[-48,-64],[0,-70]],[[25791,28291],[-20,19],[-31,124],[-35,5],[-19,-53]],[[25686,28386],[-3,82]],[[26543,33860],[19,116],[8,104],[12,11],[30,152],[14,31],[-3,98]],[[26623,34372],[23,-33]],[[26646,34339],[5,-82]],[[26659,33817],[-20,1],[-23,-59],[-17,-64]],[[26528,33670],[-7,110],[22,80]],[[26713,37540],[32,2],[14,111],[14,35],[6,57]],[[26779,37745],[2,-82],[-16,-137],[3,-30],[-15,-113],[-12,-60]],[[26741,37323],[-20,-167],[2,-147],[-31,-38]],[[26692,36971],[-21,146],[-10,-27]],[[26661,37090],[-9,44],[-26,48],[-4,112],[-13,70]],[[26609,37364],[4,164],[-5,47]],[[26608,37575],[5,82],[29,45],[15,-52],[28,-33],[21,-118],[7,41]],[[25020,21227],[11,62],[21,53],[2,-92],[13,-20],[-2,-54],[-35,14],[-10,37]],[[24876,21117],[4,-86],[8,-44],[20,23],[0,-72],[11,-63],[20,-22],[11,31],[7,157],[-3,55],[25,89],[3,71],[14,-78],[2,-134],[12,-41],[3,-95],[14,56],[12,131],[14,-44],[-5,-68],[-10,-8],[-10,-47],[0,-95],[-19,-24],[13,-104],[-16,9],[-10,-94],[2,-82],[-27,8],[-3,-68],[7,-58]],[[24968,20450],[-4,2]],[[24862,20862],[-3,91],[-25,58],[6,83],[10,-16],[17,40],[9,-1]],[[24679,23020],[6,0]],[[24685,23020],[55,1]],[[24766,22472],[3,-259],[0,-410],[15,-97],[8,-145]],[[24792,21561],[-39,115],[-20,-22],[-31,-12]],[[24702,21642],[2,151],[-6,11],[-4,84],[-9,49],[-6,105],[0,311]],[[24679,22353],[0,667]],[[24807,21428],[19,-18],[38,83],[15,-17],[15,-56],[14,32],[7,-31],[10,27],[17,-38]],[[24942,21410],[-16,-97],[-1,-56],[-10,-13],[-4,-88],[-9,45],[-14,0],[-12,-84]],[[24835,20915],[-12,83],[-15,-58],[-9,19],[3,105],[5,364]],[[24407,24453],[46,-8],[0,-27]],[[24453,24418],[-5,-42],[0,-128],[-7,-62],[-12,16],[-9,48],[-5,-64],[8,-49],[18,21],[4,-53],[-12,-56],[-18,-17],[1,-165],[11,-92],[-12,-49],[-9,119],[-9,-64],[9,-99],[10,-58],[-2,-79],[-15,-27],[-18,12],[-2,-63],[15,-83]],[[24381,23019],[-7,-55]],[[24374,22964],[1,45]],[[24375,23009],[-2,96],[-16,-1]],[[24357,23104],[6,113],[-5,60],[12,101],[-9,40],[-28,54],[-7,56]],[[25374,24907],[113,3]],[[25409,23388],[5,60],[-9,49],[3,94],[7,25],[10,98],[-4,46],[-4,150],[4,47],[-11,68],[-24,63],[-14,80],[-2,185]],[[25370,24353],[-5,117],[-10,-16],[-11,119],[11,95],[3,77],[12,11],[4,151]],[[24435,26035],[10,77],[1,114],[17,142],[2,209],[16,161],[4,104]],[[24512,26840],[-10,-82],[-3,-74],[15,-43],[8,58],[-1,94],[13,-6],[7,-95],[-2,-72],[-21,-87],[-4,-58],[-1,-117],[29,-45],[-1,-47],[-15,-55],[-10,-64],[2,-69],[8,-37],[19,42],[1,-59]],[[24546,26024],[-7,-26]],[[24539,25998],[-10,0],[-8,-47],[-90,0]],[[24431,25951],[4,84]],[[23847,23374],[1,100],[5,74],[25,-1],[15,167],[42,1]],[[24007,23681],[28,-56],[0,-55],[14,-70],[0,-459],[1,-227]],[[24050,22814],[0,-28],[-43,2]],[[24007,22788],[-43,9],[-80,0],[-16,-45],[-16,41],[-6,-23]],[[23846,22770],[7,106],[0,64],[-10,35],[8,61],[6,102],[-9,32],[3,68],[-4,136]],[[24435,26035],[-43,1],[0,162],[-11,0]],[[24381,26198],[0,66],[11,89],[-2,65],[11,138],[15,45],[21,243]],[[24542,23018],[65,1]],[[24607,23019],[-10,-110],[4,-98],[-3,-54],[7,-93],[-4,-179]],[[24476,22352],[-4,8]],[[24472,22360],[-1,76],[10,120],[11,58],[12,335],[6,69]],[[30701,48185],[-1,0]],[[30700,48185],[1,0]],[[30557,49119],[15,15],[9,102],[11,-9],[5,-67],[17,14]],[[30614,49174],[17,15],[6,-163],[96,111],[6,-35]],[[30739,49102],[-8,-112],[9,-90],[3,-101]],[[30743,48799],[-8,-128],[-18,-14],[-27,-54],[12,-126],[-1,-61],[-21,-143]],[[30680,48273],[-26,13],[-41,207],[-22,-107],[-17,37]],[[30547,48452],[17,230],[14,-13],[6,167],[-12,13],[6,170],[-18,13],[-3,87]],[[25838,25023],[29,2],[0,-166],[31,3]],[[25898,24862],[5,-68],[-2,-187],[-5,-80],[14,1],[1,-331]],[[25911,24197],[1,-152],[-15,-15],[1,-171]],[[25898,23859],[-19,2],[-5,27],[0,139],[-17,-78],[-7,-1],[-9,-68],[-1,145],[-27,-4]],[[25813,24021],[-1,248],[15,1],[0,86],[0,503]],[[25474,26845],[81,-6]],[[25555,26839],[1,-246]],[[25556,26593],[0,-83],[-15,-1],[0,-333],[-14,0],[0,-331]],[[25527,25845],[-57,-2],[0,83],[-23,0]],[[25447,25926],[3,65],[18,61],[-13,28],[-9,54],[8,39],[-6,187],[-12,38],[10,72],[-5,105],[16,105],[17,165]],[[30403,52703],[84,1]],[[30487,52704],[1,-343],[-4,0],[1,-795],[13,13],[10,-228],[-16,-34],[-6,-153],[-19,-8],[-4,-55],[6,-76],[17,-68],[7,-56],[-9,-116],[-13,-46],[22,-477],[-1,-37],[14,-330],[9,-170],[29,27],[5,55],[40,37]],[[30589,49844],[21,-504],[4,-166]],[[30557,49119],[-4,52],[-41,-38],[1,-53],[14,-87],[-8,-94],[-47,59],[-5,-59],[-17,84],[-21,-20]],[[30429,48963],[-8,134],[-11,-7],[-10,356],[-27,-26],[-6,173],[12,11],[-14,345],[-37,-35],[-5,101],[-30,-36],[-28,701],[3,4],[-13,293]],[[30255,50977],[8,-2],[17,75],[18,26],[3,57],[-8,87],[21,109],[16,37],[12,137],[-18,40],[-3,104],[8,143],[14,92],[-15,94],[6,38],[18,228],[16,52],[17,99],[9,9],[9,301]],[[28550,37314],[18,-143],[21,-51],[17,-138]],[[28606,36982],[4,-59],[17,27],[-1,-94],[4,-79],[19,-151],[-6,-42],[5,-127],[-9,7],[-11,94],[-12,64],[-12,-39],[-17,71],[-3,65],[-11,51],[-39,61],[-6,-45],[-15,60],[-11,194]],[[28502,37040],[-7,65],[14,86],[13,141],[28,-18]],[[28793,36850],[9,53],[19,-36],[11,65],[14,-39]],[[28846,36893],[2,-56],[16,-134],[-8,-73],[9,-64],[-11,-74],[-22,-50],[10,-91]],[[28836,36299],[-19,22],[-19,-11],[-14,-80],[-16,-26],[2,151],[23,125],[-21,35],[11,88],[-12,41],[-16,-45],[-6,25],[5,95],[22,26],[12,48],[5,57]],[[28725,36274],[1,149],[10,9],[7,-61],[-4,-97]],[[28331,39641],[68,0]],[[28399,39641],[-23,-206],[27,-64],[26,-166],[-11,-138],[-6,-124]],[[28412,38943],[0,-1]],[[28412,38942],[-81,-254]],[[28270,38886],[17,275],[-1,61],[7,77],[7,151],[11,22],[17,169]],[[28700,38467],[26,118],[-7,50],[16,90],[19,-2],[21,42],[19,-37],[12,9]],[[28808,38541],[-24,-66],[-16,-172],[-11,-53],[-5,-137]],[[28682,37979],[-2,182],[-18,-4],[-19,-57],[3,-90],[-10,-28],[1,170],[10,108],[34,-43],[11,50],[-4,62],[12,138]],[[28700,38467],[-9,14],[-18,-97],[-3,133],[-9,30],[15,212],[12,81],[-2,37],[21,101],[24,-20],[9,24]],[[30176,42742],[19,12],[19,153],[27,93],[11,-26],[5,-101],[11,-30],[16,39],[1,-128],[-68,-18],[-31,-57],[-10,63]],[[29880,45342],[169,-27],[11,75]],[[30124,44834],[-5,-82],[-10,-82],[-14,28],[-8,-82]],[[30085,44565],[-7,-39]],[[29998,44285],[-8,61],[-22,13],[-5,43],[4,79],[23,25],[5,110],[-27,-37],[-12,74],[19,118],[8,207],[-2,43],[-23,18],[-4,-54],[-12,12],[4,155],[-31,62],[-20,-12],[-3,71],[-12,69]],[[25437,51081],[42,1],[0,336],[22,0],[0,166]],[[25600,50754],[-7,-95],[-13,-102],[2,-33],[-18,-116],[-14,-148],[-27,-186],[-17,-83],[2,-106]],[[26452,50898],[21,-123],[2,-70],[17,-69],[25,12],[17,-18],[28,-124],[30,-44],[36,-96],[10,21],[24,-74],[8,-56],[9,-158]],[[26542,50089],[-102,-6]],[[26440,50083],[-1,814],[13,1]],[[24550,55782],[15,59],[25,50],[13,-12],[2,-125],[20,-144],[33,10],[19,33],[5,-48],[49,-5],[21,23],[48,12],[31,-51],[8,-108],[27,-77],[26,50],[19,15],[31,-52],[-32,-147],[-15,-48],[-35,-54],[-16,-63],[-27,-38],[-32,-64],[-19,-12],[-25,-50],[-53,-80],[-54,-143],[-37,-129],[-45,-181]],[[24552,54403],[1,806],[-3,573]],[[23087,52813],[1,-665],[4,0],[0,-331]],[[23092,51817],[-1,-165]],[[23091,51652],[-86,0]],[[23005,51652],[6,118],[-10,192],[-3,276],[-18,86],[-15,125],[-8,209],[0,50],[-10,104]],[[23977,56619],[29,-8],[71,-161],[26,7],[0,-83],[-18,-8],[-4,-61],[16,-50],[42,21],[14,-89],[-4,-94],[15,-107],[13,-144],[25,46],[-6,84],[3,104],[23,5],[13,34],[22,-18],[23,-62],[-2,-107],[32,-53],[8,-58],[18,-8]],[[24336,55809],[0,-762],[2,-386],[0,-601],[-1,-659]],[[24337,53401],[-13,-27],[-57,-202],[-13,-59],[22,-156]],[[24276,52957],[-21,81],[-16,-63],[-18,-126],[-22,27]],[[24199,52876],[-3,191],[-212,4]],[[23984,53071],[2,496]],[[23986,53567],[-3,158],[0,499],[-1,55],[2,610],[-5,1],[0,326]],[[23979,55216],[0,165],[-5,171],[0,333],[3,734]],[[23355,57326],[46,0],[0,735],[27,-59],[28,32],[29,-88],[8,-57],[14,-331],[7,-40],[18,-411],[-5,-114],[2,-80],[29,-122],[39,-49],[6,16]],[[23603,56758],[0,-635]],[[23603,56123],[-218,-3],[0,331],[-36,1]],[[23349,56452],[0,329],[70,0],[0,396],[-13,-49],[-27,-26],[-15,32],[-10,71],[1,121]],[[22846,55753],[180,1]],[[23026,55754],[0,-290],[5,-111]],[[23031,55353],[0,-221],[36,-1],[1,-166],[143,2],[0,166],[36,1],[-1,166]],[[23246,55300],[36,-4]],[[23282,55296],[1,-496],[7,0],[0,-331]],[[23290,54469],[-143,-1]],[[23147,54468],[-218,-1]],[[22929,54467],[-2,213],[-9,117]],[[22841,56459],[71,-1],[145,2]],[[23057,56460],[110,-2],[109,-9]],[[23276,56449],[0,-274],[3,-56],[0,-367]],[[23279,55752],[-144,-2],[-109,4]],[[23147,54468],[0,-662]],[[23147,53806],[-36,-2]],[[22933,53970],[1,131],[-9,205],[4,161]],[[24453,24418],[17,31]],[[24470,24449],[6,-147],[18,-82],[22,2],[0,-39]],[[24516,24183],[-1,-502]],[[24498,27841],[126,0]],[[24624,27841],[0,-494],[14,0]],[[24642,27016],[-60,2],[0,-171]],[[24582,26847],[-70,7]],[[25207,27797],[18,1],[21,58],[11,10],[-6,205]],[[25251,28071],[9,30],[21,14],[18,63],[7,74],[19,0]],[[25325,28252],[-7,-402]],[[25318,27850],[-8,-468]],[[25310,27382],[-102,-3]],[[25208,27379],[-1,418]],[[24524,25328],[25,58],[14,-58],[2,163],[8,-25],[9,39],[1,68],[-21,24],[-5,31],[11,125],[-8,32],[-10,-33],[-18,48],[-6,79],[6,94],[7,25]],[[24546,26024],[23,-1],[3,-250],[25,-3],[0,252],[38,-10],[2,94]],[[24637,26106],[8,-57],[10,1],[0,-83],[18,0],[10,-74]],[[24683,25893],[-14,-50],[1,-108],[-8,-89],[0,-73],[-21,15],[1,-95],[-8,-138]],[[24634,25355],[-17,-96],[4,-39],[-30,-76],[-9,-63],[-11,4],[-21,59]],[[24550,25144],[0,12]],[[24550,25156],[-6,7]],[[24544,25163],[-31,16],[0,122],[11,27]],[[24634,25355],[3,-337]],[[24637,25018],[0,-388],[-5,-112]],[[24632,24518],[-32,-1],[3,78],[-48,68],[-66,15]],[[24489,24678],[14,75],[3,99],[7,41],[13,8],[11,57],[-6,60],[5,59],[14,67]],[[25168,27378],[40,1]],[[25310,27382],[-10,-567]],[[25298,26697],[-130,-6]],[[25168,26691],[0,687]],[[24674,29961],[19,-20],[14,74],[-2,67],[-16,-17],[2,67],[14,-14],[7,29],[-8,104],[6,52],[-8,81],[6,54],[16,-124]],[[24724,30314],[19,60],[9,4]],[[24781,30119],[-8,-43],[4,-105],[-7,-102],[12,-74]],[[24782,29795],[0,-83]],[[24782,29712],[-30,-3],[1,-162],[-27,-1]],[[24726,29546],[-47,191]],[[24849,33750],[72,-4],[-2,442],[4,0]],[[24923,34188],[48,20]],[[24971,34208],[21,-153],[0,-42],[20,-123],[13,-135]],[[25025,33755],[-11,-13],[-14,-241]],[[25000,33501],[-14,-79],[-5,76]],[[24981,33498],[5,62],[-5,80],[-19,10],[-5,-57],[9,-94]],[[24966,33499],[4,-31],[-5,-117],[9,-89],[-10,-70]],[[24964,33192],[0,44],[-18,98],[-19,-19],[-13,49],[-8,-77],[-58,4]],[[24848,33291],[1,459]],[[24876,35598],[23,-16],[19,17],[30,-14],[7,-38],[15,-12]],[[24970,35535],[2,-58],[26,-264],[-4,-100],[-14,-19]],[[24980,35094],[-9,-94],[9,-64]],[[24980,34936],[-27,-22],[-28,-80],[-5,-82],[-17,-56]],[[24903,34696],[-29,1]],[[24874,34697],[2,351],[0,550]],[[24633,37581],[20,94],[34,-4],[3,88],[9,29],[15,152],[17,-11],[9,37],[3,78],[11,10],[12,-68],[17,-58],[10,14],[11,-44]],[[24804,37898],[-13,-64]],[[24791,37834],[-24,-102],[-14,-120],[-5,-117],[17,-119]],[[24765,37376],[-1,-22]],[[24764,37354],[-8,-175],[-14,-77]],[[24742,37102],[-3,134],[-16,-11],[1,91],[-51,2],[-12,-30],[-29,-36]],[[24632,37252],[1,329]],[[23897,41280],[77,7]],[[23974,41287],[107,11]],[[24081,41298],[3,-108],[7,-71],[-7,-41],[5,-249]],[[24089,40829],[-47,-2]],[[24042,40827],[0,83],[-64,1],[-79,-7]],[[23899,40904],[-2,171],[0,205]],[[24648,34316],[91,-1],[26,-7]],[[24765,34308],[2,-100],[10,-51],[4,-125],[12,-104],[3,-176]],[[24796,33752],[-9,-69],[-2,-95],[-8,-89]],[[24677,33500],[0,178],[-5,1],[0,166],[-10,0],[0,251],[-9,1]],[[24653,34097],[0,136],[-5,83]],[[23553,37769],[0,208]],[[23553,37977],[90,-23],[47,-4]],[[23690,37950],[-3,-338],[2,-166],[16,-2]],[[23705,37444],[-1,-230]],[[23704,37214],[-6,17],[-24,-20],[-23,9],[-15,41],[-84,11]],[[23552,37272],[1,497]],[[19642,50589],[92,-7],[0,55],[34,0],[0,56],[35,0],[0,505],[6,0],[0,220],[46,0],[0,55],[23,110],[35,0],[0,110],[45,0]],[[19958,51693],[24,0],[0,-165],[70,0],[0,-83],[34,0],[0,-82],[32,0]],[[20118,51363],[0,-74],[17,1],[0,-83],[-10,0],[0,-199],[51,-21],[0,-613],[-11,3],[0,-330],[103,-5],[34,5]],[[20302,50047],[4,0],[0,-355]],[[20306,49692],[-229,6],[-12,6],[-218,2]],[[19847,49706],[-94,-2]],[[19753,49704],[0,61],[17,129],[14,200],[11,31],[-168,-6],[0,250],[5,161],[10,59]],[[18058,52869],[141,1]],[[18199,52870],[6,-59],[-1,-68],[-19,-164],[14,-187],[12,-96],[-1,-137],[10,-30],[-7,-83],[-13,-50],[10,-43],[-2,-52],[11,-76],[-14,-143],[33,-5],[6,-104],[16,-58],[25,-19]],[[17993,50767],[8,96],[-7,46],[17,72],[-1,99],[-17,98],[16,138],[33,70],[-12,102],[6,80],[-18,28],[-5,114],[9,87],[-16,51],[1,79],[19,15],[-1,127],[10,181],[-2,99],[14,105],[-8,114],[13,10],[3,156],[6,41],[-3,94]],[[19756,57327],[222,0],[73,1]],[[19985,54835],[-10,-133],[-19,40],[-33,13],[-16,-55],[-10,-94],[-25,-51],[-12,-61],[0,-108],[-12,-11]],[[19848,54375],[3,114],[-10,112],[-41,44],[-65,-16]],[[19735,54629],[-4,-25],[-31,61],[-20,-3],[-28,44],[-17,-9],[-16,58],[-12,-8],[-3,69],[-30,100]],[[19574,54916],[1,359],[73,-4],[5,134],[11,-18],[37,-9],[0,463],[7,0],[0,429],[18,-42],[0,278],[7,0],[0,331],[17,0],[0,327],[6,0],[0,163]],[[19407,57330],[136,-3],[213,0]],[[19574,54916],[-8,2],[-6,108],[-35,17],[-18,-38],[-40,23],[-11,-66],[-27,-65],[-35,28]],[[19394,54925],[1,252],[0,502]],[[19395,55679],[0,165],[-5,138],[9,0],[0,193],[6,110],[9,0],[0,139],[-11,81],[0,659],[4,166]],[[20434,56496],[231,0]],[[20665,56496],[61,0],[0,-165],[36,-1],[0,-166],[162,0]],[[20924,56164],[0,-749]],[[20924,55415],[-15,7],[-9,105],[-10,-37],[-22,-9],[-12,38],[-43,84],[-5,47],[-14,-18],[-47,-13],[-22,44],[-18,-14],[-19,60],[-13,-104],[-19,-20],[-8,-42],[-38,35],[-6,-29]],[[20604,55549],[-10,44],[-24,-20],[-4,26],[-35,-6],[-12,16],[-12,-60],[-15,29],[-27,-54],[-16,-53],[-9,32],[-17,-61]],[[20593,55023],[0,148],[11,0],[0,378]],[[20924,54273],[-24,1],[0,-83],[-80,1]],[[20820,54192],[-26,0],[0,333],[-23,0],[0,166],[-107,0],[0,166],[-71,0],[0,166]],[[22658,40842],[126,0]],[[22784,40842],[0,-664]],[[22784,40178],[-126,0]],[[22658,40178],[0,664]],[[17639,40418],[94,-2],[70,-9],[107,1],[142,-9],[86,-2]],[[18137,39303],[0,-1024],[0,-626]],[[18137,37653],[-162,0],[-103,0]],[[17872,37653],[-167,615],[-86,309]],[[17619,38577],[0,576],[9,3],[9,87],[1,85],[7,71],[-4,101],[-1,158],[6,62],[0,120],[4,54],[-11,270],[2,129],[-2,125]],[[30021,45910],[1,57],[40,450]],[[30062,46417],[61,-262],[-13,-107],[39,16],[16,-18],[4,83],[12,-3]],[[30181,46126],[32,-120]],[[30213,46006],[-29,-291],[-2,-66]],[[30062,45402],[-4,25],[-25,31],[-10,98],[-11,2],[-7,202],[21,17],[-5,133]],[[30065,46435],[21,134],[-8,305],[7,46]],[[30085,46920],[10,64],[5,-126],[20,44],[4,-89],[17,110]],[[30141,46923],[1,-195],[-8,-46],[6,-134],[14,-45],[10,-91],[18,-66],[-5,-174],[4,-46]],[[30062,46417],[3,18]],[[29040,38607],[-3,78],[8,31],[4,140],[6,29]],[[29055,38885],[45,-65],[42,22]],[[29142,38842],[-20,-116],[-26,-239],[2,-23],[-18,-134],[-4,-60],[-18,-88],[-23,-50],[-11,23],[5,116],[14,164],[5,136],[-8,36]],[[29122,40887],[10,85],[14,38],[21,100],[-19,147],[18,59]],[[29166,41316],[45,18],[3,-32],[24,4]],[[29238,41306],[-3,-55],[-11,-31],[-5,-115],[14,-70]],[[29233,41035],[-7,-86],[-36,-193],[-5,-49],[-25,-50]],[[29160,40657],[1,39],[-20,32],[-20,73],[1,86]],[[29000,40158],[12,-21],[0,-64],[15,-51],[9,-65],[7,-181],[24,-6],[23,-111]],[[29090,39659],[-39,-231]],[[28977,39961],[3,135],[20,62]],[[19531,34454],[186,1]],[[19967,34456],[17,0]],[[19984,34456],[-10,-89],[1,-94],[-29,-89],[-17,-101],[-2,-246],[-1,-455],[1,-413]],[[19927,32969],[-1,-418]],[[19926,32551],[-150,5],[-137,-1],[-108,0]],[[20378,34447],[80,1]],[[20458,34448],[139,-1]],[[20597,34447],[-5,-63],[10,-89],[-8,-129],[0,-236],[-23,-1],[-4,-49],[-12,-32],[5,-84],[-6,-54],[6,-69],[-7,-43],[14,-95],[-6,-84],[6,-128],[-4,-242]],[[20510,32575],[-57,166],[-34,248],[-56,127],[6,57],[20,45],[3,131],[4,82],[-4,216],[-5,109],[-3,341],[3,142],[-9,208]],[[29444,41829],[-9,110],[17,17],[6,-59],[17,39],[16,0],[19,-35],[23,43],[-1,71],[9,22],[17,-24],[40,-4],[22,14],[17,-9],[38,32],[14,30],[19,81],[11,23],[9,64],[14,20],[12,83],[10,-98],[10,-16],[11,-67],[14,-24],[8,40],[19,-118],[13,59],[8,2],[16,91],[16,28],[8,-65],[-67,-152],[-78,-201],[-21,-46],[-83,-154],[-43,-92],[-25,-64],[-55,-93],[-27,-20],[-12,19],[-21,-40]],[[29293,41484],[2,25]],[[29295,41509],[1,2]],[[29296,41511],[9,68]],[[29305,41579],[10,-18],[9,-86],[17,-103],[-4,-76],[-8,-26]],[[29329,41270],[-11,14],[-21,-22],[-14,106],[10,116]],[[29193,43207],[-18,-63],[-15,-103],[-75,-20],[0,-131]],[[28997,43227],[6,58],[-2,230],[-14,41],[5,71],[-16,76]],[[26336,30368],[53,0],[32,-91],[18,-170],[0,-102],[16,-49],[-1,-40]],[[26454,29916],[-16,-95],[-20,30],[-5,-40]],[[26413,29811],[-8,-27],[-78,0]],[[26327,29784],[0,66]],[[26327,29850],[-1,277],[4,93],[17,90],[-11,58]],[[27075,24525],[40,-263],[24,-82],[21,-133]],[[27160,24047],[11,-164]],[[27141,23649],[-19,64],[-35,-34],[-32,53]],[[27055,23732],[-4,156],[-10,47],[-12,-17]],[[27029,23918],[0,576],[24,102]],[[26932,28051],[16,21]],[[26984,27508],[-16,-81]],[[26968,27427],[-9,0]],[[26885,27992],[9,43],[30,53],[8,-37]],[[27302,24404],[-13,0]],[[27144,25096],[-10,30],[-7,91]],[[26987,23448],[28,-35],[10,42],[9,80],[28,13],[3,63],[-10,121]],[[27131,23343],[-14,-62],[-7,-75],[-19,-1],[-7,-93]],[[27029,23040],[-21,142],[0,164],[-21,40],[0,62]],[[26952,25600],[15,-76],[0,-40],[21,3],[13,47]],[[27003,24760],[-18,56],[-23,-2],[-16,48]],[[26946,24862],[-15,5]],[[26931,24867],[12,475],[1,143],[8,115]],[[26886,25903],[23,38],[-9,89],[36,129],[-9,75],[13,83],[5,62]],[[26945,26379],[10,28],[-3,73],[13,2],[13,37]],[[26978,26519],[28,-61],[20,17]],[[27026,26475],[17,-285],[23,-107]],[[27058,25953],[-14,41],[-19,-76],[-9,-88],[-2,-78],[-18,-153],[5,-65]],[[26952,25600],[8,166],[-33,110],[-41,27]],[[26886,28708],[11,-237],[9,-141],[26,-279]],[[26877,27975],[-6,36],[-12,-14],[-20,84],[-21,-43],[-16,192]],[[26802,28230],[-11,90],[13,131],[5,14],[13,124],[23,53],[4,41]],[[26674,28163],[32,69],[3,52]],[[26709,28284],[45,-120],[20,32],[15,-42]],[[26789,28154],[12,-68],[-14,-72],[-3,-76],[7,-114],[-7,-98]],[[26784,27726],[-42,-217]],[[26742,27509],[-10,77],[-18,92],[-5,76]],[[26709,27754],[-1,112],[-17,111],[-7,105],[-10,81]],[[26314,26536],[36,1],[18,70]],[[26368,26607],[13,-99],[12,9],[7,-91],[29,-75]],[[26429,26351],[-14,-51],[-10,-159],[-10,-51],[0,-93],[-10,0]],[[26385,25997],[-13,0],[-4,-38],[-37,-14]],[[26331,25945],[-16,-30]],[[26315,26039],[1,468],[-2,29]],[[26470,23859],[39,7]],[[26509,23866],[0,-208]],[[26509,23658],[-1,-491]],[[26508,23167],[-32,2]],[[26476,23169],[-72,1]],[[26404,23170],[-37,-1]],[[26367,23169],[1,86],[16,108],[12,43],[26,232],[32,63],[1,67],[15,91]],[[26952,25600],[-67,-80],[-2,-27]],[[26883,25493],[-18,23]],[[26865,25516],[-3,62],[13,225],[11,17],[0,83]],[[26385,25997],[3,-131],[7,-15],[5,-136]],[[26400,25715],[0,-222],[-5,-25],[-6,-99],[0,-126]],[[26389,25243],[0,-61]],[[26389,25182],[-27,1],[0,31],[-20,79],[-6,77],[-8,0]],[[26328,25370],[-3,0]],[[26325,25370],[1,499],[5,76]],[[26452,26241],[22,304]],[[26474,26545],[65,-2]],[[26539,26543],[0,-55],[8,-41],[13,-118],[22,-81],[10,-3]],[[26592,26245],[0,-1]],[[26592,26244],[-18,2],[-66,-310]],[[26508,25936],[-19,122],[2,88],[-11,64],[-28,31]],[[26331,23847],[41,-11],[17,16]],[[26389,23852],[61,-1],[20,8]],[[26367,23169],[-9,2]],[[26358,23171],[1,337],[-29,6]],[[26330,23514],[1,333]],[[6255,3800],[8,153],[22,66],[8,-33],[18,-158],[4,-62],[27,34],[17,59],[23,-21],[20,-134],[11,-12],[6,-69],[30,-61],[4,-34],[1,-98],[-18,-132],[-18,-25],[-8,-41],[-14,20],[-31,-87],[-20,-15],[-19,56],[-2,224],[-4,108],[-12,31],[-9,-39],[-22,63],[-16,102],[-6,105]],[[6254,3060],[6,52],[31,91],[8,-51],[-8,-114],[-31,-25],[-6,47]],[[6154,3773],[6,39],[14,12],[20,-17],[9,-29],[15,-93],[6,-65],[-6,-104],[-17,-61],[-20,-6],[-9,105],[-3,119],[-13,39],[-2,61]],[[6166,4310],[22,-58],[5,29]],[[6193,4281],[15,-14],[17,27],[18,-3],[7,-57],[-6,-57],[-19,-89],[-20,-41],[-61,110],[-15,-23],[-29,-7],[-13,11],[2,94],[11,67],[4,76],[14,-28],[48,-37]],[[18207,46977],[-4,59],[-18,96],[-27,109],[-9,109],[-13,-8],[-5,-49],[-13,10],[-12,66],[-32,107],[-5,107],[-19,-25],[-14,41],[-27,7],[-6,-102],[-42,156],[-37,1],[0,124],[-17,0],[-27,-104]],[[17880,47681],[-5,21]],[[17875,47702],[6,62],[-5,54],[-13,17],[-4,60],[7,91],[-7,41],[6,68],[-23,38],[-17,52],[0,153],[-8,-1],[-25,80],[-2,28]],[[17875,47702],[-24,-10],[-17,76],[-4,109],[-9,94],[-29,-295],[-24,-22],[-35,-66],[-11,-68],[2,-71],[-24,-69],[-3,-89],[-17,-118],[-15,-49],[-11,4],[-13,-81],[-13,-28],[-17,33],[-11,-32]],[[17600,47020],[-1,-11],[-84,422]],[[17515,47431],[2,0],[0,656],[17,0]],[[25965,39485],[0,112]],[[25965,39597],[89,2]],[[26054,39599],[1,-468]],[[26055,39131],[0,-195],[-15,-1]],[[26040,38935],[-75,-5]],[[25965,38930],[0,555]],[[25989,41416],[63,3]],[[26052,41419],[53,1]],[[26105,41420],[1,-165]],[[26106,41255],[0,-358]],[[26069,40898],[-79,-3]],[[25990,40895],[0,55]],[[25990,40950],[0,302]],[[25990,41252],[-1,164]],[[25875,37818],[25,36],[14,-39],[21,28],[5,-31],[23,7],[20,-57]],[[25983,37762],[0,-303],[11,-27]],[[25994,37432],[-10,-110],[-20,-3],[-11,-26],[0,-133]],[[25953,37160],[-10,-1]],[[25881,37168],[-15,0]],[[25866,37168],[0,506]],[[25866,37674],[-1,81],[10,63]],[[25884,40886],[0,56],[106,8]],[[25990,40895],[0,-304]],[[25990,40591],[-106,-5]],[[25884,40586],[0,300]],[[23862,45718],[132,-2]],[[23994,45716],[0,-668]],[[23994,45048],[-132,1]],[[23862,45049],[0,669]],[[23548,44385],[64,0]],[[23612,44385],[65,1]],[[23677,44386],[0,-660]],[[23677,43726],[-32,-1]],[[23645,43725],[-97,0]],[[23548,43725],[0,660]],[[23419,44387],[65,-1]],[[23484,44386],[64,-1]],[[23548,43725],[-33,-1]],[[23515,43724],[-97,2]],[[23418,43726],[1,661]],[[23846,42388],[64,-2]],[[23910,42386],[64,1]],[[23974,42387],[0,-500]],[[23974,41887],[-128,-1]],[[23846,41886],[0,502]],[[22629,37359],[0,166]],[[22629,37525],[154,-1]],[[22783,37524],[0,-831]],[[22783,36693],[-92,0]],[[22691,36693],[-61,0]],[[22630,36693],[-1,166],[0,500]],[[22167,37028],[92,3],[62,-5]],[[22321,37026],[0,-166],[33,0]],[[22354,36860],[0,-497],[-30,0]],[[22324,36363],[-92,1],[0,165],[-61,0]],[[22171,36529],[0,333],[-4,0]],[[22167,36862],[0,166]],[[22898,39348],[43,0]],[[22941,39348],[63,-1]],[[23004,39347],[-18,-94],[-6,-79],[-16,-59],[2,-98],[15,-103],[6,-88],[34,-200],[17,6],[19,-34]],[[23057,38598],[0,-247],[-31,0]],[[23026,38351],[0,56],[-57,0],[-11,28],[-30,1],[1,250],[-31,2]],[[22898,38688],[0,660]],[[26025,36003],[11,-1],[15,44],[18,94],[25,204]],[[26094,36344],[25,-96],[64,60]],[[26183,36308],[5,-141]],[[26188,36167],[-15,-66],[-24,-61],[-13,-97],[-18,-94]],[[26118,35849],[-13,-85],[-20,-251]],[[26085,35513],[-14,-52],[-15,37],[15,175],[-8,36],[2,70],[-12,5],[-12,68]],[[26041,35852],[-1,48],[-13,32],[-2,71]],[[25786,35532],[17,48],[8,62],[16,-87],[26,-26],[0,46],[22,12]],[[25875,35587],[8,11],[14,-64],[23,3],[14,-113],[4,-110]],[[25938,35314],[-1,-106],[-6,-88],[-23,-24]],[[25821,35068],[-5,79],[-35,62]],[[25450,35179],[-4,-55]],[[25446,35124],[5,-66],[1,-116],[5,-108],[17,-37],[9,-56]],[[25483,34741],[-8,-244],[-6,-37]],[[25469,34460],[-9,-52],[-26,-46],[-5,18]],[[25429,34380],[-28,205],[-18,204],[-15,10]],[[25368,34799],[1,80],[11,30],[70,270]],[[26667,36427],[17,68],[20,44],[10,43]],[[26714,36582],[-1,-107],[12,-29],[8,-64],[14,-20],[12,19],[22,-5]],[[26781,36376],[10,-83]],[[26786,36094],[-23,59],[-7,-50],[-26,-86],[-18,-99],[8,-42],[-6,-62]],[[26650,36099],[-1,55],[15,99],[3,174]],[[26118,35849],[8,-109],[33,-81],[63,0]],[[26222,35659],[-3,-164]],[[26219,35495],[-1,-240],[-8,-10]],[[26210,35245],[-16,75],[-11,21],[-21,-84],[-31,97],[-31,-10]],[[26100,35344],[-10,159],[-5,10]],[[26303,37034],[32,150],[12,80]],[[26347,37264],[7,38]],[[26354,37302],[9,-123],[11,-35],[14,-212],[-2,-30]],[[26386,36902],[11,-144]],[[26397,36758],[-61,-149],[-1,-25]],[[26335,36584],[-9,120],[-16,-8],[-3,39]],[[26307,36735],[-4,299]],[[26309,36010],[37,-123],[16,36]],[[26362,35923],[9,-42],[3,-69],[8,-38],[16,-174],[6,-9],[8,-107]],[[26412,35484],[-7,-127],[-21,25]],[[26384,35382],[-7,17],[-50,235],[-2,32]],[[26325,35666],[-11,64],[-1,56],[-12,29]],[[25591,35203],[24,-18],[10,59],[20,5]],[[25701,34861],[-8,-99],[9,-131],[-13,-43]],[[25689,34588],[-31,-16]],[[25658,34572],[-18,-31],[-37,-8],[-2,61]],[[25601,34594],[-15,79],[-6,83]],[[25580,34756],[7,71],[-10,34],[-12,82],[4,83],[8,21],[14,156]],[[25840,34780],[-19,-31],[-8,71],[-12,-28],[-22,15],[1,-71],[-16,-280]],[[25764,34456],[-48,108],[-27,24]],[[25446,35124],[62,213],[26,47],[35,159]],[[25569,35543],[7,-107],[-4,-50],[3,-120],[16,-63]],[[25580,34756],[-11,-45],[-31,-13],[-10,-41],[-45,84]],[[26483,34372],[9,39],[28,2],[10,113],[15,35]],[[26545,34561],[13,-55],[22,-1],[12,-74],[15,-44],[16,-15]],[[26543,33860],[-23,76],[-7,141],[-12,33],[-10,67],[-8,195]],[[26209,37500],[14,33],[25,91]],[[26248,37624],[29,94],[13,17]],[[26290,37735],[3,-194],[28,-121],[13,-133],[13,-23]],[[26303,37034],[-15,-26],[-22,34]],[[26266,37042],[-7,63],[5,50],[-24,40],[2,70],[-20,71],[6,96],[-19,32],[0,36]],[[26888,35829],[21,-68]],[[26868,35000],[-10,60],[-5,68],[0,129],[-13,-16],[-6,105],[-26,37]],[[26808,35383],[8,54],[-2,238],[-10,56],[0,90]],[[26480,37238],[26,-51],[8,13]],[[26514,37200],[9,-32],[12,-108],[10,-9],[9,-82],[-3,-41]],[[26551,36928],[-36,-200]],[[26515,36728],[-14,50],[-8,74],[-11,4],[-19,183],[-8,32]],[[26455,37071],[25,167]],[[26551,36928],[29,-23],[16,-135],[14,-50]],[[26610,36720],[6,-104],[13,25],[14,-58],[5,-124]],[[26648,36459],[-21,15],[0,-86],[-23,28],[-28,-56]],[[26576,36360],[-12,82],[-5,75],[-17,105],[-21,44],[-6,62]],[[26692,36971],[12,-210],[15,-32]],[[26719,36729],[9,-53],[-2,-61],[-12,-33]],[[26667,36427],[-9,-32],[-10,64]],[[26610,36720],[6,11],[30,152],[2,145],[13,62]],[[25938,35314],[44,-19]],[[25982,35295],[65,-35]],[[26047,35260],[2,-57],[-10,-58],[-3,-114],[5,-98],[-2,-129]],[[26039,34804],[-16,-24]],[[26023,34780],[-45,-41],[-42,36]],[[26808,35383],[-6,32]],[[26802,35415],[-14,48],[-24,194],[-8,-36],[-38,111]],[[26518,36230],[25,-49],[18,-3],[12,29]],[[26573,36207],[6,-45],[33,-133]],[[26590,35822],[-4,0]],[[26586,35822],[-16,84],[-14,9],[-13,-25],[-24,91],[0,85],[-11,-13]],[[26508,36053],[3,152],[7,25]],[[26719,36729],[10,95],[13,45],[32,-138],[10,11],[10,-52],[14,6]],[[26808,36696],[10,-121],[-14,-91],[-17,-56],[-6,-52]],[[24179,24538],[14,190],[0,60]],[[24193,24788],[85,0]],[[24278,23641],[-8,33],[-14,-15]],[[24256,23659],[1,57],[-19,76],[-5,96],[-8,43]],[[24225,23931],[-29,134],[-2,79],[-10,12],[-6,104],[-2,99],[8,100],[-5,79]],[[24104,22044],[14,149],[-5,30],[0,599]],[[24113,22822],[20,-5],[11,30],[2,82],[19,51],[7,43],[16,-73],[14,3]],[[24202,22953],[0,-55],[19,-167]],[[24221,22731],[0,-105],[11,-48],[0,-180],[-8,-33],[-3,-168],[-14,0],[0,-56],[-52,-9],[-4,-75],[-8,-27]],[[24143,22030],[-39,1]],[[24104,22031],[0,13]],[[23776,26869],[80,-1]],[[23856,26868],[1,-124],[19,-187],[-7,-130],[8,-50],[0,-502],[1,-167],[20,0]],[[23898,25708],[-9,-79],[-6,-125],[5,-100],[-6,-30]],[[23882,25374],[-11,4]],[[24309,25215],[16,50],[5,68],[12,48],[5,184],[16,18],[1,48],[18,68],[44,0]],[[24426,25699],[7,-70],[-6,-98],[-9,-6],[-11,-105],[2,-105],[12,-2]],[[24421,25313],[-3,-166],[4,-45],[-6,-135],[0,-174],[-18,-89]],[[24311,24872],[-4,202],[9,72],[-7,69]],[[24289,21187],[5,66]],[[24456,21226],[28,1],[12,-64]],[[24496,21163],[-9,-103]],[[24427,21031],[-42,-21],[-25,-189],[-40,-205]],[[24320,20616],[8,83],[-1,90],[-14,11],[-16,-35],[-9,32]],[[24288,20797],[-6,269],[7,121]],[[24271,20309],[14,70],[12,-8],[10,52],[33,-83],[20,-73],[-15,-59],[0,-65],[-22,-21],[-9,46],[-32,90],[-11,51]],[[23882,25374],[60,2],[1,-84],[6,-83]],[[23902,24797],[-14,106],[-10,3],[-11,133],[-16,89],[5,38],[0,97],[-20,55],[-6,61]],[[24009,24371],[98,2],[0,167],[72,-2]],[[24225,23931],[-129,-171],[-10,36],[-3,83],[2,79],[-5,48]],[[24261,26848],[169,-5]],[[24381,26198],[-10,-107],[-9,4],[-18,-112],[-11,29],[-16,-90],[-13,-32]],[[24304,25890],[-8,174],[5,92],[-12,78],[-27,70]],[[24262,26304],[3,137],[-1,81],[-6,53],[0,176],[3,97]],[[24193,25204],[0,251]],[[24193,25455],[40,-1],[4,-35],[13,35],[20,0]],[[24270,25454],[12,0],[-2,-78],[6,-38],[0,-96],[19,6],[4,-33]],[[24193,24788],[0,416]],[[30487,52704],[95,-2],[156,0],[0,-337]],[[30738,52365],[0,-437],[-2,-918],[-37,-44],[2,-152],[-3,-133],[30,28],[22,-547],[-29,-29],[7,-157],[-139,-132]],[[28480,33899],[17,156],[1,88],[12,88],[-12,145],[3,73]],[[28501,34449],[38,113],[12,165]],[[28551,34727],[4,-61],[-4,-96],[7,-45],[16,-14],[7,-48],[21,-90],[-2,-65]],[[28600,34308],[-11,-13],[-62,-323],[-39,-194]],[[28488,33778],[-4,8]],[[28484,33786],[-4,113]],[[27608,36271],[15,16],[18,-12],[14,-117],[22,-23],[16,9],[16,-78],[12,57]],[[27721,36123],[12,-24],[-19,-188]],[[27714,35911],[-40,72],[-20,-120],[-8,-69],[-28,-104]],[[27618,35690],[-4,25],[-31,-122],[-21,60]],[[27562,35653],[-13,35],[-8,87]],[[27541,35775],[18,165],[3,60],[16,124],[30,147]],[[27621,35907],[8,7],[-3,67],[-5,-74]],[[28310,37977],[12,-94],[15,2],[2,-34],[5,-18],[-1,-26],[16,-65],[16,-31],[19,-88]],[[28394,37623],[3,-30],[-12,-125],[3,-36],[-12,-95]],[[28376,37337],[-8,-9],[-42,163],[-15,-68]],[[28311,37423],[-51,525],[17,211]],[[28331,37834],[9,-35],[1,44],[-14,8]],[[28327,37851],[-7,-84],[13,2],[-2,65]],[[28459,36888],[11,-37],[0,-81],[34,-96],[22,6],[9,-67],[11,54],[21,-21],[3,-74],[19,-70],[3,-51],[-9,-39]],[[28583,36412],[-17,-46],[-5,-67]],[[28561,36299],[-36,67],[2,55],[-19,65],[-15,113],[-16,-90]],[[28442,36670],[4,44],[1,145],[12,29]],[[28583,36412],[22,-23],[0,-42],[19,-56],[18,-29],[30,-109],[-8,-139],[-12,9],[0,-155],[-7,-106]],[[28645,35762],[-12,54],[3,99],[-10,28],[-5,82],[-13,-2],[-12,32]],[[28596,36055],[-11,57],[-2,120],[-22,67]],[[28562,35982],[18,70],[16,3]],[[28645,35762],[0,-105],[-19,-5],[-14,41],[-14,-10],[-9,33],[-2,90],[-12,121],[-13,55]],[[27723,34182],[13,355]],[[27779,34563],[10,15],[1,56],[18,71],[10,-47],[16,35],[11,-26],[3,-104],[18,64],[10,-54]],[[27841,33582],[-35,0]],[[27806,33582],[4,115],[-10,11],[-9,70],[-11,-69],[-18,19],[-5,-30],[14,-117]],[[27771,33581],[-12,0]],[[27759,33581],[-56,2]],[[27703,33583],[20,599]],[[28368,38378],[23,-71],[0,-72],[27,-35],[8,-57]],[[28426,38143],[-15,-78]],[[28411,38065],[-5,-29],[11,-5]],[[28417,38031],[11,-61]],[[28428,37970],[-7,-87],[17,6],[10,-30]],[[28448,37859],[0,-113],[-13,-38]],[[28435,37708],[-13,-62],[1,-73]],[[28423,37573],[-20,-34],[-9,84]],[[28366,37985],[18,-20],[0,48],[-18,-28]],[[15658,56333],[7,139],[8,14],[18,-66],[7,-178],[-14,-20],[-26,111]],[[15638,56547],[28,-6],[-14,-72],[-14,78]],[[15635,56623],[5,48],[26,112],[11,-2],[38,-96],[-19,-81],[-11,4],[-10,-64],[-17,17],[-10,85],[-13,-23]],[[15586,56557],[7,51],[21,1],[30,-166],[-6,-32],[3,-91],[-9,-18],[-26,70],[-8,61],[-3,87],[-9,37]],[[15757,54781],[11,109],[13,-50],[2,-184],[-22,5],[-4,120]],[[15768,54285],[-70,1]],[[15698,54286],[0,222],[-62,0]],[[15636,54508],[17,124],[13,67],[46,90],[1,96],[18,153],[31,144],[-6,88],[19,-15],[11,-321],[-14,6],[-16,-100],[-6,-85],[7,-27],[-4,-169],[10,68],[9,-37],[-2,-77],[14,-23],[-11,-79],[-5,-126]],[[15703,51325],[12,38],[6,117],[29,8],[16,34],[10,58],[12,7],[41,-43],[11,160],[13,9]],[[15853,51713],[-1,-357],[0,-608]],[[15709,51093],[-2,99],[-7,56],[3,77]],[[15648,54673],[-33,-273],[-16,-208],[5,-24],[31,17],[-25,78],[24,195],[2,50]],[[15698,54286],[0,-86]],[[15698,54200],[-18,-150],[8,-134],[-5,-80]],[[15587,53678],[-80,-4],[-1,334],[-4,1],[0,494]],[[15502,54503],[0,166],[39,5],[107,-1]],[[15729,53709],[27,142],[9,129],[8,63],[0,77],[26,-104],[9,50],[-3,61]],[[15805,54127],[23,-120],[54,0],[12,-110],[14,-54],[34,-45],[24,-8],[13,57],[21,-42],[24,4],[14,-67],[26,-3],[10,-52],[20,-4]],[[16094,53683],[2,-58],[-9,-111],[-11,-36],[-1,-87],[-13,-49],[0,-87],[11,-151]],[[15715,53812],[13,65],[5,-90],[-18,25]],[[15768,54285],[4,-52],[-10,-110],[7,-63],[-11,-60],[-12,45],[-19,13],[8,109],[-17,-15],[-7,-108],[10,-107],[-14,-102],[-17,145],[12,108],[-4,112]],[[16978,53019],[32,76],[13,-20],[10,43],[2,109],[9,36],[3,91],[0,659]],[[17047,54013],[38,-1]],[[17085,54012],[219,-1]],[[17304,54011],[0,-252]],[[17304,53759],[0,-1116]],[[17304,52422],[-13,-16],[-19,25],[-13,-20],[-8,80]],[[17251,52491],[-7,157],[-36,134],[-1,63],[-13,22],[-9,77],[-14,-43],[-23,-9],[-14,52],[-26,-10],[-16,-131],[-15,-2]],[[17077,52801],[-16,-76],[-12,14],[-39,-34],[-22,-33],[-12,61]],[[16976,52733],[5,41],[-9,87],[4,44],[-9,102],[11,12]],[[16803,57329],[178,0]],[[16941,55221],[-4,-101],[-10,-20],[-15,28],[-3,56],[-21,0],[-1,76],[-10,33],[-23,-10],[-10,30],[-11,-81],[-23,38],[-11,72]],[[16799,55342],[1,11],[1,987],[-7,1],[0,328],[9,0],[0,660]],[[26898,36834],[8,31],[-1,123],[-6,32],[2,146]],[[26901,37166],[6,-32],[18,11]],[[26992,36799],[-2,-114],[13,-188],[9,-47],[-31,-195]],[[26981,36255],[-30,-168]],[[26951,36087],[-3,59],[-18,63],[-3,49]],[[26927,36258],[9,75],[-13,28],[-11,136],[-23,130],[7,62],[2,145]],[[26981,36255],[32,59]],[[27013,36314],[7,-119],[10,-21],[4,-93],[-9,-28],[13,-97],[6,-165],[11,2],[5,-63],[32,-11],[19,18],[10,-22]],[[27086,35432],[-11,50]],[[26973,35868],[5,47],[-23,107],[-4,65]],[[27384,35272],[18,190],[37,356],[-1,33]],[[27438,35851],[44,-77],[16,-9],[43,10]],[[27562,35653],[-11,-62],[-19,-59],[8,-107],[-48,-161]],[[27492,35264],[-11,110],[-12,-15],[-42,-151],[-18,-42],[-4,42],[-21,64]],[[27360,39425],[18,26],[5,139],[8,52]],[[27391,39642],[88,1]],[[27479,39643],[27,0]],[[27506,39643],[7,-78],[0,-82]],[[27513,39483],[-11,-32],[-17,-110],[7,-146],[-6,-32]],[[27486,39163],[-14,-77]],[[27472,39086],[-21,41]],[[27451,39127],[-15,52],[-12,-4],[-7,71],[-25,101],[-6,69],[-10,-42],[-16,51]],[[27278,38780],[-8,-16],[-8,-142]],[[27262,38622],[-27,-84],[-9,-11],[-43,-209]],[[27183,38318],[-47,132]],[[27136,38450],[-2,162]],[[27334,39298],[26,127]],[[27451,39127],[-27,-41],[-5,-64],[-27,-100],[-16,-93]],[[27376,38829],[1,122],[-15,54],[-7,-90],[-12,22]],[[24920,37155],[11,56],[23,66],[29,-16],[37,75],[56,-15]],[[25076,37321],[0,-56]],[[25076,37265],[-1,-497]],[[25075,36768],[-75,4],[-49,8]],[[24951,36780],[-31,0]],[[24920,36780],[0,375]],[[27766,38661],[18,42],[12,83],[30,108]],[[27826,38894],[38,-30],[44,-143]],[[27908,38721],[-16,-174],[0,-51],[-15,-155],[12,-209],[-25,-220]],[[27864,37912],[-60,275]],[[27804,38187],[-2,14]],[[27802,38201],[13,125],[-1,76],[-9,45],[4,103],[10,96],[-53,-6]],[[27766,38640],[0,21]],[[24501,46698],[150,0]],[[24651,46698],[0,-478]],[[24651,46220],[-6,2],[-15,-94],[-16,-29],[-12,-59],[-27,-30],[-3,-34],[-32,-99],[-25,-7]],[[24515,45870],[-6,175]],[[24509,46045],[0,93],[16,136],[17,102],[-19,138],[-21,44],[-1,140]],[[25074,40712],[160,-1]],[[25234,40711],[-31,-266],[0,-83],[-16,1],[0,-84]],[[25187,40279],[-112,-12]],[[25075,40267],[-1,445]],[[16936,33970],[0,-94],[11,-131],[11,-43],[-3,-87],[15,-67],[-3,-71],[41,-300],[-7,-94],[7,-135],[12,-74],[-4,-59],[11,-248],[8,-48],[6,-167],[-6,-64],[-1,-140]],[[17034,32148],[-14,5],[-143,-4],[-114,2],[-155,-1]],[[16608,32150],[0,663],[2,251],[15,-1],[0,251],[-15,1],[0,164],[-12,3]],[[16598,33482],[30,165],[44,-3],[1,165],[89,-6],[0,161],[119,-5],[55,11]],[[20306,49692],[67,0]],[[20373,49692],[0,-238],[2,-21],[0,-287],[2,-273]],[[20377,48873],[-117,-4],[-66,-9],[-196,5]],[[19998,48865],[-7,69],[-37,74],[-6,84],[-20,38],[-14,-35],[-20,65],[-3,107],[-17,36],[-5,106],[-9,54],[3,78],[-8,36],[0,100],[-8,29]],[[18974,43185],[128,-1],[150,-2]],[[19252,43182],[-1,-1106]],[[19251,42076],[-52,-4],[-84,1],[-142,3],[0,484]],[[3837,93609],[244,0],[0,330],[268,0],[227,0],[0,165],[195,0],[0,-165],[130,0],[0,165],[129,0],[0,-165],[260,0],[0,165],[130,0],[0,-165],[270,0],[170,0],[267,0],[0,-165],[256,0],[0,-165],[256,0],[0,-66]],[[6639,93543],[0,-264],[-14,0],[0,-165],[63,0],[0,-165],[63,0],[0,-165],[63,0],[0,-165],[-17,0],[0,-495],[125,0],[0,-165],[43,0],[0,-660],[-17,0],[0,-165],[-182,0],[0,-330],[-181,0],[0,-165],[-12,0],[0,-330],[-119,0],[0,165],[-60,0],[0,165],[-119,0],[0,-330],[-119,0],[0,330],[-238,0],[0,-660],[-297,0],[0,-331],[-176,0],[3,-330],[0,-495]],[[5448,88823],[-58,0],[0,-165],[-303,0],[-267,0],[-271,0],[-261,0],[0,330],[-58,0],[0,330],[-78,0],[0,660],[-21,0],[0,661],[-21,0],[0,200]],[[4110,90839],[142,22],[30,-39],[14,-114],[-11,-114],[-23,-70],[-9,-178],[15,-86],[-28,-114],[-40,-22],[27,-65],[22,31],[14,-125],[20,-82],[39,-45],[38,52],[35,-5],[59,-44],[113,66],[34,-104],[50,37],[21,-58],[42,40],[23,53],[33,-26],[39,-84],[-3,-103],[28,3],[-9,66],[26,101],[51,360],[17,36],[39,-4],[9,-73],[36,-20],[27,41],[1,-94],[20,9],[18,71],[-14,30],[-36,184],[-64,76],[-50,42],[-42,-1],[-61,-88],[12,182],[-5,135],[-26,101],[-33,73],[-19,140],[-24,58],[-68,38],[-5,88],[-28,129],[4,98],[55,39],[27,38],[21,-138],[39,-152],[20,-11],[-3,-89],[-13,-57],[2,-107],[30,-113],[9,-64],[37,-99],[60,-121],[18,5],[53,68],[22,79],[21,22],[7,-80],[17,1],[30,-116],[33,-57],[22,-69],[68,-8],[15,32],[60,6],[11,17],[7,218],[-10,82],[-30,120],[-38,19],[-17,-72],[-39,31],[-17,80],[-26,39],[-40,-33],[-45,-10],[-26,-116],[3,-64],[-19,-33],[-27,0],[-42,52],[-11,65],[-29,63],[-55,189],[11,83],[-2,94],[16,43],[0,92],[23,63],[1,47],[27,20],[35,-19],[-15,97],[-43,65],[-12,-19],[-25,66],[-84,-52],[-35,-52],[-51,-18],[-13,53],[-39,-11],[-28,89],[-50,-22],[-21,-31],[-136,109],[-56,32],[-23,55],[-3,227],[-29,300],[-42,260],[-23,103],[-25,69],[-97,175],[-94,253],[-101,251],[-39,88]],[[24017,32770],[15,-2]],[[24032,32768],[15,-1],[0,-83],[118,-14]],[[24165,32670],[0,-166]],[[24165,32504],[-1,-357]],[[24164,32147],[-60,4],[0,-138],[-50,8]],[[24054,32021],[-39,4]],[[24015,32025],[4,662],[-2,83]],[[23972,28313],[10,22],[11,-36],[38,77]],[[24031,28376],[87,-15]],[[24007,27551],[-39,6],[1,138]],[[24247,30771],[2,564]],[[24249,31335],[72,-8],[1,149],[15,37],[0,149]],[[24337,31662],[59,-7]],[[24396,31655],[0,-168],[66,-6]],[[24462,31481],[-6,-59],[-16,-63],[4,-210],[9,-96],[-9,-34],[-11,-205],[-4,1]],[[24429,30815],[-33,4],[0,-127],[-16,4],[-4,46],[-15,21],[-26,-60]],[[24188,28181],[99,-6]],[[24287,28175],[0,-333],[-9,0],[5,-251]],[[24283,27591],[8,-36],[-8,-73],[4,-39],[-7,-64],[-25,-99],[-13,-137]],[[23868,29388],[20,-3]],[[23888,29385],[14,-1],[0,-112],[44,-5],[0,-56],[30,-5],[16,-17],[3,-146],[38,-8]],[[24033,29035],[-2,-329],[-15,6],[4,-105],[7,-24],[1,-104],[8,-36],[-5,-67]],[[23897,28656],[-1,56],[-16,122],[-6,152],[3,140],[-16,20],[7,75],[0,167]],[[16035,36959],[20,90],[5,151],[-2,63],[-9,10],[-2,69],[11,61],[1,77],[-14,41],[-21,156],[8,88]],[[16032,37765],[33,-3]],[[16065,37762],[96,-43]],[[16193,37331],[0,-397]],[[16193,36934],[-11,-1],[-30,-84],[-14,-21],[-12,15],[-22,-46],[-18,7],[-17,54],[-16,-126],[-2,-81],[-13,-60],[1,-49]],[[15960,36488],[18,-10],[15,50],[8,-5],[8,144],[20,68],[3,47],[0,145],[3,32]],[[16038,34264],[19,88],[7,72],[10,9],[10,-52],[56,1]],[[16223,33961],[88,-480],[2,-305],[-19,-27],[-4,-89]],[[16290,33060],[-11,-14],[3,-102],[-14,-9],[-30,173],[-15,35],[-10,-69],[-24,-7],[0,101],[-43,232],[-14,116],[-23,93],[3,104],[-14,88],[-11,1],[-17,57],[5,73],[-9,77],[-7,-12],[-25,149],[-7,17],[-6,91]],[[16202,36792],[-9,142]],[[16085,38261],[0,-133],[-15,-1],[-1,-332],[-4,-33]],[[16032,37765],[-1,85],[-14,-48],[-18,92],[-2,106],[-24,33],[3,72],[-9,19]],[[15967,38124],[5,122],[-1,83],[-7,74],[-11,3],[-16,205],[5,36],[-6,79],[11,121]],[[15827,38124],[140,0]],[[16035,36959],[-28,1],[0,407],[-20,-3],[-23,21],[-26,-6],[-20,-84],[-12,53],[-13,-7]],[[15893,37341],[-10,184],[-8,86],[-15,78],[-18,274],[-17,-7],[-13,53]],[[15716,38999],[168,4],[0,55],[35,-2],[0,-56],[33,0]],[[16109,41023],[74,2],[0,-362],[16,-68],[16,0],[5,-55],[16,14],[0,81],[21,69],[9,73],[31,-16],[8,-42],[13,-1],[34,-152],[5,-69],[27,-103],[26,-14],[10,-42],[3,-138],[26,-141],[-1,-331],[-10,-56],[0,-55]],[[16438,39617],[-141,-2],[-8,-57],[-19,82],[-11,-18],[-7,61],[-17,64],[-16,-71],[-2,-99],[-19,-90]],[[16079,40464],[20,140],[5,166],[-10,53],[-25,19],[-2,132],[-5,50]],[[20643,39452],[0,6]],[[20643,39458],[0,7]],[[20643,39465],[0,3]],[[20643,39468],[0,4]],[[20643,39472],[13,69],[21,-28],[5,-55],[13,44],[-8,94],[3,83]],[[20690,39679],[137,-4],[191,3]],[[21018,39678],[0,-330]],[[21018,39348],[-2,0]],[[21016,39348],[-198,-6],[-65,5]],[[20644,39347],[-1,105]],[[20643,40175],[-6,-109],[-12,0],[-8,-56]],[[20617,40010],[-70,-2]],[[20547,40008],[-16,37],[-61,0]],[[20258,40031],[1,-112],[13,-189],[14,-33],[33,-181],[9,-5],[2,-72],[-20,-133],[-1,-151],[8,-61],[5,-102]],[[20322,38992],[-20,-52],[-21,2],[-13,52],[-7,-36]],[[20261,38958],[-88,1],[-104,7]],[[20069,38966],[0,1054],[22,0]],[[19942,36643],[159,-1]],[[20101,36642],[0,-364]],[[20101,36278],[-17,7],[-22,-39],[1,-210],[-3,-292],[6,-1],[-1,-481]],[[20065,35262],[-99,0]],[[26845,21756],[21,-29],[10,40],[10,122],[-4,65],[-15,123],[-3,103],[10,73]],[[26874,22253],[29,-11]],[[26903,22242],[35,-14]],[[26938,22228],[0,-854]],[[26938,21374],[1,-59],[-12,-32],[-10,-64],[0,-57],[-10,-28],[0,-68],[11,-65]],[[26843,20985],[11,61],[-9,42],[0,668]],[[27188,16628],[117,-6]],[[27305,16622],[1,-80],[-20,-127],[19,-233],[8,-53],[13,-4],[9,-44],[3,-110],[15,-160],[8,-23]],[[27361,15788],[-6,10],[-57,-3],[0,-167],[-28,-1],[0,-169],[-82,2]],[[27188,15460],[0,585]],[[27188,16045],[0,583]],[[27162,17964],[134,2],[87,-2]],[[27381,16964],[-1,-344]],[[27380,16620],[-75,2]],[[27305,16622],[-3,143],[-17,210],[-23,59],[-3,119],[-19,108],[-5,94],[8,19],[5,89],[-30,1],[0,111],[-19,-1],[0,111],[-10,111],[-27,0],[0,168]],[[26123,22194],[59,-4],[2,83],[65,-3]],[[26249,22270],[-16,-156],[-3,-100],[-9,-99],[5,-66],[-6,-38],[-4,-149],[-8,-112],[-10,-55]],[[26198,21495],[-76,2]],[[26122,21497],[1,697]],[[26249,22270],[14,-2],[0,-138],[19,0],[9,-27],[0,-113],[19,2],[0,-83],[9,-56],[10,1]],[[26223,21060],[-8,56],[-22,80],[-4,129],[3,118],[6,52]],[[26938,21374],[28,9],[60,4]],[[27026,21387],[-1,-63],[-22,-145],[-9,-11],[-14,-138],[-31,-63]],[[26552,25819],[13,-41],[0,95],[14,16],[8,51],[0,196],[5,108]],[[26592,26245],[8,-29],[21,-24]],[[26649,25788],[0,-96]],[[26649,25692],[-7,1],[-26,-217]],[[26616,25476],[-65,5]],[[26551,25481],[3,282],[-2,56]],[[26283,27926],[17,110],[26,53],[1,46],[21,115]],[[26348,28250],[33,180],[3,132],[18,106],[-10,210]],[[26392,28878],[0,68],[16,29],[0,72],[9,46],[20,-1]],[[26437,29092],[0,-145],[12,-20],[20,-83],[13,-9]],[[26482,28835],[-17,-35],[-10,-78],[-15,13],[-8,-78]],[[26411,28067],[-30,1],[0,-186]],[[26381,27882],[-38,-61],[-4,-31]],[[26339,27790],[-3,15],[-64,2]],[[26272,27807],[11,119]],[[26666,23688],[18,97],[1,121],[8,21]],[[26693,23927],[54,-7]],[[26747,23920],[1,-99]],[[26748,23821],[9,-100],[14,-81],[7,-96],[-5,-82],[1,-92]],[[26774,23370],[3,-70],[-36,1],[0,-162],[-9,-71]],[[26909,28654],[14,-36],[6,-52],[18,-84],[23,-61],[13,-94],[14,-60],[8,-127]],[[26389,25243],[69,-15],[0,136]],[[26458,25364],[13,-3],[2,-74],[22,-8],[6,-27]],[[26501,25252],[13,-242],[6,-26]],[[26520,24984],[10,-158],[0,-72]],[[26530,24754],[-24,7],[-91,5],[0,-81]],[[26415,24685],[-30,179]],[[26385,24864],[3,142],[1,176]],[[26711,27189],[22,-21],[27,-47],[-5,-136],[4,-58],[14,59]],[[26767,26730],[-21,119],[-58,-158]],[[26688,26691],[-16,356],[-4,138]],[[26668,27185],[27,-34],[16,38]],[[27561,27678],[21,12],[6,82],[7,7]],[[27777,27239],[-6,-6],[-13,-117],[-9,13],[-26,-60],[-5,-64],[-19,-146],[-9,-48],[-3,-90],[-15,-45],[-9,-90],[-21,-36],[-9,59],[-13,32],[-12,190],[-12,-22],[-14,64]],[[27582,26873],[-52,236],[10,70],[-9,31],[-9,113]],[[27522,27323],[13,12],[17,69],[9,174],[0,100]],[[27333,28180],[21,-156],[13,-38],[11,27],[20,-30],[32,-156],[10,-97],[29,180],[16,-13]],[[27485,27897],[12,-68],[5,-86],[23,-91],[21,32],[15,-6]],[[27522,27323],[-18,0],[-16,43],[-5,104],[-80,-293]],[[27403,27177],[-2,-8]],[[27401,27169],[-13,67],[0,50],[-29,133],[-30,88],[-5,37],[-32,73],[-9,54]],[[27283,27671],[-21,75],[-21,21]],[[27256,29195],[11,-17],[28,-107],[-1,87],[24,-12],[3,20],[34,52],[38,32]],[[27451,28249],[-11,34],[-20,1],[-5,27],[-17,-3],[-20,79],[-29,63],[-8,60]],[[27250,29115],[6,80]],[[27630,28636],[8,-115],[20,-2]],[[27485,27897],[-5,30],[-6,132]],[[27749,29178],[19,109],[28,24],[21,-60],[25,-26],[12,61],[12,-64]],[[27812,28355],[0,60],[-13,24],[-9,95],[-8,9],[-17,93],[-7,91],[1,83],[-4,48],[2,92],[-14,138],[6,90]],[[27543,29436],[68,241],[17,17],[5,-26],[22,6],[16,78]],[[27719,29320],[-8,-40],[-12,21],[-7,-85],[-18,-10],[-70,-304]],[[27604,28902],[-17,76],[-8,68],[13,68],[0,60],[-6,106],[-11,80],[-9,24],[-10,-27],[-13,75]],[[27107,29872],[9,179],[11,283],[19,144]],[[27146,30478],[19,-32],[36,-36],[16,-72]],[[27211,30304],[7,-116],[0,-163],[11,-79],[-2,-118]],[[27227,29828],[0,-148]],[[27227,29680],[-17,-8],[-16,-86],[-3,61],[-26,108]],[[27165,29755],[-58,117]],[[27604,28902],[19,-73]],[[22516,48173],[133,-3]],[[22649,48170],[1,0]],[[22650,48170],[0,-658]],[[22650,47512],[-33,2]],[[22617,47514],[-99,0]],[[22518,47514],[-2,166]],[[22516,47680],[0,493]],[[21494,48774],[16,41],[15,10],[16,-29],[14,25],[18,82],[9,-16],[29,13],[14,-19],[10,36],[13,98],[18,29],[15,71],[28,3],[18,54],[7,50]],[[21734,49222],[-5,-109],[0,-661],[-3,0],[0,-333],[33,0]],[[21759,48119],[0,-330],[-4,0]],[[21755,47789],[-167,-1],[-96,0]],[[21759,48119],[190,1]],[[21957,47259],[-22,35],[-12,-27],[-42,54],[-19,-51],[-18,-7],[-17,85],[-11,8],[-15,84],[-20,11],[-12,45],[-14,-1]],[[21755,47495],[0,294]],[[21755,47495],[-17,7],[-29,-93],[0,-775]],[[21709,46634],[-148,0],[-98,1]],[[21463,46635],[0,166],[-8,0],[0,427]],[[21641,50605],[104,0],[211,1]],[[21956,50606],[3,-55],[16,-119],[-12,-122],[16,-135]],[[21979,50175],[-6,-168],[-13,-113],[3,-160],[-21,20],[-9,-69],[5,-176]],[[21938,49509],[-4,-103],[-15,-52],[-19,-105],[-19,16],[-18,102],[-14,-29],[2,-70]],[[21851,49268],[-26,-6],[-5,29],[-24,-26],[-30,-86],[-9,30],[-23,13]],[[21734,49222],[1,471],[-102,-1],[4,85],[0,662],[4,166]],[[25805,31320],[29,-68],[4,53],[10,2],[32,123]],[[25880,31430],[-6,-47],[5,-103]],[[25879,31280],[1,-72],[-11,-115],[1,-54],[-8,-87],[1,-66]],[[25863,30886],[-14,17],[-1,82],[-6,108],[-19,109],[-18,36],[0,82]],[[26336,31873],[10,-1]],[[26346,31872],[16,-38]],[[26363,31823],[0,-20]],[[26371,31188],[-6,-36],[-42,3],[-10,-51]],[[26313,31104],[-10,29],[-12,109],[-22,69]],[[26269,31311],[13,166],[25,161],[29,235]],[[25779,32490],[2,79],[14,57],[13,116]],[[25808,32742],[37,-141],[16,-79],[48,-59]],[[25909,32463],[-2,-140],[-4,-15],[-3,-208],[-6,-114]],[[25894,31986],[-11,-35],[0,-102]],[[25883,31849],[-25,57],[-19,-76],[-27,75],[-12,69],[-26,8],[-1,-31]],[[25773,31951],[-13,46]],[[25760,31997],[-3,81],[10,74],[14,-2],[3,120],[-7,109],[2,111]],[[26155,32156],[8,31],[5,129],[-11,194]],[[26157,32510],[8,242],[23,-12],[14,74]],[[26202,32814],[5,-11],[15,72],[8,-37],[26,10]],[[26256,32848],[10,-37],[11,-101],[11,-47],[20,-123],[11,-164]],[[26319,32376],[-13,-94],[-15,-65]],[[26291,32217],[-4,0],[-33,-121]],[[26254,32096],[-4,13],[-28,-42],[-3,48],[-60,-12]],[[26159,32103],[1,3]],[[26160,32106],[-6,40]],[[26154,32146],[1,10]],[[25880,31430],[4,175],[-1,244]],[[25894,31986],[18,-81],[25,-33],[19,30]],[[25956,31902],[14,-185],[16,-74]],[[25986,31643],[-3,-153],[2,-181],[-9,-114]],[[25976,31195],[-10,36],[-15,13],[-10,55],[-33,36],[-14,-47],[-15,-8]],[[24912,32552],[12,63],[2,92],[24,86],[1,43],[-11,67]],[[24940,32903],[40,5],[1,47]],[[24981,32955],[92,-15]],[[25073,32940],[-3,-340],[-7,-50]],[[25020,32323],[-18,125],[-23,2],[-4,-44],[-15,25],[-23,-60]],[[25335,32779],[36,267],[-5,97],[4,92],[27,2]],[[25397,33237],[3,-13]],[[25400,33224],[7,-79],[1,-131]],[[25405,32247],[-2,-48]],[[25403,32199],[-16,-9],[-2,62],[-40,4]],[[25345,32256],[-11,2],[1,521]],[[26358,31922],[13,88],[22,114],[10,78],[12,43],[3,94],[17,15]],[[26346,31872],[12,50]],[[25935,32714],[21,2],[15,41],[18,-28],[16,72]],[[26005,32801],[9,-102],[15,7],[10,-32],[12,-95]],[[26051,32579],[-5,-83],[3,-146],[4,-78],[-13,-44]],[[26040,32228],[-19,36],[-37,-19]],[[25984,32245],[-7,62],[-30,169]],[[25947,32476],[-12,238]],[[25524,32537],[92,-65]],[[25616,32472],[-3,-207]],[[25613,32265],[-5,-240],[-6,-46],[-15,-27],[-8,-52]],[[25579,31900],[-34,-83],[-25,28],[-10,44],[-20,-83]],[[25490,31806],[-24,104],[7,333]],[[25805,31320],[-20,20]],[[25785,31340],[-6,3],[-11,131],[-1,107],[6,370]],[[26701,32352],[5,27],[4,186],[12,147]],[[26722,32712],[-3,63],[20,17],[-3,94],[5,9]],[[26816,32445],[-4,-40],[4,-83],[-5,-74],[-13,-95]],[[26798,32153],[-8,-34],[-24,30],[-12,-44],[-11,-3],[-7,-67],[-20,-28]],[[26716,32007],[-9,153],[7,46],[-13,100],[0,46]],[[25490,31806],[1,-85],[-9,-32],[-1,-82],[-8,-42]],[[25473,31565],[-4,16],[-37,-30],[-11,-25],[-19,-5],[-10,-70]],[[25392,31451],[-9,41],[14,72],[4,73],[-17,192],[5,117],[-4,65],[12,85],[6,103]],[[26226,31424],[10,57],[16,-3],[7,87],[11,48],[-6,64],[18,7],[1,70],[8,24],[0,151],[4,49],[12,-19],[0,120]],[[26307,32079],[13,-67],[15,-11],[1,-128]],[[26269,31311],[-18,-113],[-6,-5]],[[22594,22304],[17,-28],[9,35],[20,-136],[11,-159],[10,-50],[34,27],[26,77],[15,-43],[30,-37],[18,-76]],[[22784,21914],[-34,-400],[-44,-270]],[[22706,21244],[-17,-85]],[[22689,21159],[-129,634]],[[22560,21793],[13,133]],[[23344,22075],[14,-188],[20,-49],[9,-53],[11,-13]],[[23398,21772],[19,-339]],[[23417,21433],[-46,-258],[-8,-8],[-16,93],[-12,12],[-9,62],[-14,-23],[-7,75],[-14,53],[-11,-62],[-9,-4],[-9,-51],[-33,-41],[-9,5]],[[23220,21286],[0,296]],[[23220,21582],[0,176],[-7,557]],[[22522,20341],[61,170],[26,131]],[[22609,20642],[15,104],[19,98]],[[22643,20844],[11,-57],[-2,-56],[29,-164],[1,-42],[29,-78]],[[22711,20447],[-58,-521]],[[22653,19926],[-79,3],[-3,121]],[[22571,20050],[-24,202],[-14,-4],[-11,93]],[[23278,26236],[35,-156],[25,-13],[14,11],[26,-83],[20,-31],[3,49]],[[23401,26013],[5,-42],[20,-20],[22,-1]],[[23448,25950],[0,-317]],[[23448,25633],[0,-444]],[[23448,25189],[-132,-5]],[[23316,25184],[-6,32],[5,95],[-6,45],[10,142],[0,105]],[[23319,25603],[-15,103],[-25,135],[-1,395]],[[21045,24262],[79,0]],[[21271,24262],[9,0]],[[21280,24262],[0,-682]],[[21280,23580],[-16,-51],[-30,158],[-22,41]],[[21212,23728],[-16,-12],[-31,10],[-19,43],[-5,66],[-17,-28],[-18,35],[-17,-11],[-8,41],[-6,127],[2,66],[-5,59],[0,89],[-16,12],[-11,37]],[[21280,24262],[125,-1]],[[21405,24261],[2,-527],[3,-550]],[[21410,23184],[-24,2]],[[21386,23186],[-11,74],[-3,157],[-21,98],[-29,57],[-16,73],[-26,-65]],[[21494,30164],[103,-1]],[[21597,30163],[44,0]],[[21641,30163],[0,-830]],[[21641,29333],[-26,1]],[[21615,29334],[-121,1]],[[21494,29335],[0,829]],[[23204,27250],[22,69],[16,94],[23,14],[17,89],[27,-17],[20,40],[21,-18],[8,30]],[[23358,27551],[0,-790]],[[23358,26761],[-99,-4]],[[23259,26757],[-1,36],[-54,0]],[[23204,26793],[0,457]],[[23125,21248],[17,-124],[-13,-136],[1,-67],[9,-42],[-7,-71],[5,-57],[15,-12],[4,-144]],[[23117,20416],[-7,43],[-17,25],[-14,165],[-6,111],[-22,20],[-21,81],[-14,76],[-9,104]],[[23007,21041],[-15,157]],[[22154,25907],[5,0]],[[22159,25907],[139,0]],[[22298,25907],[-1,-829]],[[22297,25078],[-22,-1]],[[22275,25077],[-121,4]],[[22154,25081],[0,826]],[[23448,25189],[0,-556],[14,-1]],[[23462,24632],[-5,-93],[4,-47],[-9,-62],[8,-215],[8,-109],[14,-82]],[[23482,24024],[-39,-193]],[[23443,23831],[-16,81],[-11,2],[0,95],[-12,40],[-9,86],[-9,-28],[-18,43]],[[23325,25087],[-9,97]],[[23358,26761],[38,-2],[6,99]],[[23402,26647],[-1,-634]],[[23278,26236],[-11,63]],[[23267,26299],[-8,458]],[[22332,23943],[59,241],[6,147],[25,24]],[[22422,24355],[49,44],[8,-75]],[[22479,24324],[54,-510]],[[22533,23814],[1,-12],[-82,-343]],[[22452,23459],[-18,75],[0,76],[-9,113],[-12,-57],[1,130],[-44,12],[-5,59],[-17,-14],[-17,57],[1,33]],[[22129,24119],[2,964]],[[22131,25083],[23,-2]],[[22275,25077],[-2,-612],[0,-554]],[[22273,23911],[-10,30],[-18,-97],[-2,-40],[-26,71],[-10,50],[-6,-81],[-12,11],[-9,86],[-18,17]],[[22162,23958],[-7,-47],[-12,83],[0,75],[-14,50]],[[21435,25923],[2,0]],[[21437,25923],[144,4]],[[21581,25927],[-2,-834]],[[21579,25093],[-23,-1]],[[21556,25092],[-121,-1]],[[22897,22176],[95,331]],[[22992,22507],[16,-67]],[[23008,22440],[-9,-108],[24,-21],[11,-40],[15,-116],[17,-61],[10,-106],[11,-61],[-5,-90]],[[22802,18949],[92,457]],[[22894,19406],[10,-77]],[[22904,19329],[30,-80],[11,-197],[16,-56],[6,-71],[-2,-65],[14,-107],[7,-94]],[[22917,18269],[-9,-36],[-16,21],[-13,63],[-21,42],[-16,-2]],[[22842,18357],[-6,109],[7,315],[-8,108],[-13,62],[-6,-32],[-14,30]],[[21986,25083],[23,1]],[[22009,25084],[122,-1]],[[22129,24119],[-109,7]],[[22020,24126],[-34,13],[-1,202]],[[21985,24341],[1,742]],[[23267,26299],[-44,106],[-14,-13],[-22,89],[-3,41]],[[23184,26522],[-15,68],[12,204],[23,-1]],[[21599,31834],[150,2]],[[21749,31836],[0,-12]],[[21749,31824],[-1,-833]],[[21748,30991],[-149,2]],[[21599,30993],[0,833]],[[22463,15901],[81,-5]],[[22544,15896],[48,-3]],[[22592,15893],[20,-1],[0,-97]],[[22612,15795],[0,-817]],[[22519,14983],[-28,0]],[[22491,14983],[1,518],[-14,-1],[0,167],[-7,0],[0,177],[-8,57]],[[20681,22379],[143,535],[84,307]],[[20908,23221],[144,-646]],[[21052,22575],[41,-192]],[[20992,21900],[-28,0],[-211,291],[-89,122]],[[18635,41640],[31,147],[40,144],[13,0],[-3,-86],[7,-104],[21,-1],[37,76]],[[18781,41816],[18,-12],[9,-107]],[[18808,41697],[10,-252],[14,-109]],[[18821,41274],[-12,-18],[-13,-69],[-17,-17],[-26,-90],[-10,3],[-16,-82],[-15,-32],[-10,42],[-22,12],[-20,41]],[[26270,49927],[34,-4],[0,166]],[[26304,50089],[103,-6]],[[26407,50083],[-2,-655]],[[26405,49428],[-132,6]],[[26273,49434],[-1,327],[-2,166]],[[26540,48768],[1,-661]],[[26541,48107],[-78,0]],[[26463,48107],[-57,-3]],[[26406,48104],[0,661]],[[23405,51151],[0,27]],[[23405,51178],[138,1]],[[23647,51182],[3,-63],[14,-78],[2,-156],[15,-115]],[[23681,50770],[2,-126],[11,-76],[15,-58]],[[23709,50510],[-14,-151],[-16,-75],[-10,28],[-18,-24],[-1,-43]],[[23650,50245],[-34,-2],[0,84],[-106,-1]],[[23510,50326],[0,165],[-103,0]],[[23407,50491],[-2,328],[0,332]],[[23278,48832],[66,-1],[0,299]],[[23344,49130],[13,-13],[6,-58],[12,11],[17,-81],[43,-129],[47,-112]],[[23414,48170],[-99,2]],[[23315,48172],[-36,-1]],[[23279,48171],[-1,661]],[[23279,55752],[3,-290]],[[23282,55462],[0,-166]],[[23246,55300],[0,54],[-145,-3],[-70,2]],[[24637,25018],[136,3]],[[24773,25021],[-5,-35],[7,-81],[15,-111],[10,-141],[-6,-30],[12,-99],[-3,-69]],[[24803,24455],[-34,-67]],[[24769,24388],[-10,-34],[-127,-3]],[[24632,24351],[0,167]],[[24711,27460],[0,919]],[[24711,28379],[75,-5],[3,-41],[-9,-53],[-25,-17],[-5,-48],[12,-54],[5,63],[32,-16]],[[24799,28208],[3,-86]],[[24802,28122],[7,-46],[0,-369],[-10,0],[0,-81],[-10,1],[0,-160]],[[24789,27467],[-34,55],[1,-82],[-11,-31]],[[24914,30210],[1,-165],[14,0],[1,-250]],[[24930,29795],[-15,0]],[[24915,29795],[-133,0]],[[24819,25688],[-1,65],[24,123],[6,-14],[34,195],[15,-12]],[[24897,26045],[15,-447],[0,-249]],[[24912,25349],[0,-333]],[[24912,25016],[-139,5]],[[24773,25021],[-4,102],[0,130],[18,57],[-7,96],[15,137],[6,12],[10,113],[8,20]],[[24789,27467],[118,-226]],[[24907,27241],[-20,-192],[-1,-95],[-18,-159],[-3,-96],[-18,-96]],[[24847,26603],[-104,248],[-7,1]],[[24912,26135],[0,478]],[[24912,26613],[0,86],[115,3]],[[25027,26702],[0,-677]],[[25027,26025],[-1,0]],[[25026,26025],[-114,1],[0,109]],[[25075,23847],[57,-1]],[[25132,23846],[28,1]],[[25160,23847],[0,-830],[2,-1]],[[25162,23016],[0,-167],[-14,1]],[[25148,22850],[-71,-2]],[[25077,22848],[-2,173],[0,826]],[[23980,36864],[18,-42],[-3,-81],[72,-17],[2,43],[17,18]],[[24086,36785],[16,-17],[-1,-79],[10,-60],[10,-140],[15,-84],[31,-2]],[[24167,36403],[-1,-309]],[[24166,36094],[-12,-67],[-14,7],[-13,-52],[-14,76],[-6,99],[-65,6]],[[24042,36163],[-61,14]],[[23981,36177],[2,304]],[[23983,36481],[2,235],[-7,2],[2,146]],[[23859,37422],[1,169],[4,485],[-1,56]],[[23863,38132],[0,27]],[[23863,38159],[124,-28]],[[23987,38131],[-2,-448]],[[23985,37683],[-2,-311]],[[23983,37372],[-63,11],[0,-56],[-61,12]],[[23859,37339],[0,83]],[[23665,39690],[0,82]],[[23665,39772],[32,-6],[93,-2]],[[23790,39764],[0,-330]],[[23790,39434],[0,-166]],[[23790,39268],[-125,5]],[[23665,39273],[0,417]],[[18547,51951],[17,-25],[-1,-54],[15,-85],[-3,-78],[10,-43],[3,-190],[7,-79],[-7,-65],[8,-42],[37,-87],[22,-72]],[[18655,51131],[-76,-11],[-15,8],[-9,-120],[-39,-113]],[[20348,57327],[211,0],[83,0]],[[20642,57327],[0,-169],[5,0],[0,-497],[18,0],[0,-165]],[[21305,43996],[170,8]],[[21475,44004],[0,-509],[23,0]],[[21498,42833],[-20,0],[0,-331]],[[21317,42917],[0,579],[-8,1],[-4,136],[0,363]],[[22784,42170],[128,-2]],[[22912,42168],[-1,-663]],[[22911,41505],[-127,1]],[[21996,45889],[185,0]],[[22181,45889],[78,0]],[[22259,45889],[-1,-370]],[[22258,45519],[-22,-45],[-22,-16],[-15,-65],[-19,-39],[-39,25]],[[22141,45379],[-27,8],[-35,58],[-43,38],[-23,44],[-17,72]],[[21996,45599],[0,290]],[[22138,44150],[7,0]],[[22145,44150],[119,4]],[[22264,44154],[4,0]],[[22268,44154],[0,-662]],[[22268,43492],[-130,-1]],[[22138,43491],[0,659]],[[16695,40173],[152,-2],[137,7],[180,-2]],[[17164,40176],[18,-117],[4,-101],[-7,-114],[-2,-149],[8,-138],[1,-82],[-6,-167],[-30,-52],[-15,-175],[-9,-8],[-5,-69],[-15,-4],[-4,-49],[12,-231],[-7,-87],[-16,-87],[8,-100]],[[17099,38446],[-25,-37]],[[17074,38409],[-106,-1],[-142,3]],[[16826,38411],[0,72],[-31,163],[-7,55],[-48,252],[-15,56],[0,248],[7,0],[1,225],[3,164],[-23,-124],[-8,-12]],[[16705,39510],[5,55],[0,206],[-11,41],[0,171],[-5,0],[1,190]],[[17164,40176],[67,1001]],[[17231,41177],[15,222],[64,1],[0,681]],[[17310,42081],[120,0]],[[17430,42081],[-3,-103],[1,-1223],[-2,-440],[3,-3],[0,-836],[-1,-493],[-2,-407]],[[17426,38576],[-204,4],[-123,-134]],[[29167,41458],[16,-33],[-17,-109]],[[29122,40887],[-9,32],[-19,-30],[-7,94]],[[29087,40983],[-8,153],[17,152],[3,70],[-5,59],[-1,129]],[[20310,32275],[0,-31]],[[20310,32244],[0,31]],[[19927,32969],[103,-6],[103,0],[0,-415],[178,5],[-1,-67]],[[20310,32486],[-14,13],[-4,-40],[-24,15],[0,-291],[12,17],[21,-47],[9,-68]],[[20310,32085],[0,-860],[1,-170]],[[20311,31055],[-115,4],[-150,3]],[[20046,31062],[-12,164],[-19,1]],[[20015,31227],[1,216],[-1,313],[0,791],[-89,4]],[[19902,27741],[137,2],[132,-5],[76,1],[29,8]],[[20276,27747],[0,-170],[7,0]],[[20283,27577],[2,-644]],[[20285,26933],[-153,-439],[0,-83],[-115,2],[0,-333]],[[20017,26080],[-86,0]],[[19931,26080],[-34,42],[5,179],[-2,109],[-15,143],[3,111],[-5,78],[-13,21],[-5,58],[-1,118],[4,42],[-8,232],[-38,3]],[[19822,27216],[0,527],[17,-7],[63,5]],[[28934,45405],[12,75],[4,96],[-3,72]],[[28947,45648],[10,15]],[[28957,45663],[1,-44],[19,6],[11,93],[54,-159],[8,139],[32,-66]],[[29082,45632],[32,-65]],[[29114,45567],[-5,-150],[10,-236],[-22,-208]],[[28901,44585],[6,75],[-4,52],[9,57],[-8,130],[10,139],[10,28],[0,180],[10,159]],[[28770,46189],[32,27],[17,-36],[30,-171],[13,-45],[3,-202],[28,3],[2,-133],[52,16]],[[28934,45405],[-37,2],[-129,-41]],[[28768,45366],[-1,128]],[[28767,45494],[-6,562],[-16,10],[7,77],[-12,99]],[[28740,46242],[30,-53]],[[28900,44358],[-61,1],[-1,101],[-50,1],[-7,20],[-5,298]],[[28776,44779],[-8,587]],[[27082,32474],[12,76],[8,-45],[18,-27]],[[27120,32478],[15,-72],[12,-94],[30,-95],[13,-91],[30,15],[20,-53],[3,20]],[[27243,32108],[-19,-172],[-21,-133],[-7,-76]],[[27196,31727],[-1,-7]],[[27195,31720],[-31,-5],[-12,35]],[[27152,31750],[-17,64],[-20,-74]],[[27115,31740],[-13,276],[-32,166],[17,69],[5,77],[-10,146]],[[27983,31634],[63,333],[63,236]],[[28109,32203],[2,-87],[16,-79]],[[28127,32037],[9,-38],[10,-205],[16,-34]],[[28162,31760],[-25,-320],[-1,-134],[-36,-61],[-5,-53]],[[28095,31192],[-29,-62],[-23,16],[-12,101]],[[27891,30554],[-42,-227],[-44,9]],[[27774,30727],[34,225],[26,98],[19,-39],[9,-45],[13,10]],[[27688,31619],[59,7]],[[27747,31626],[57,5]],[[27804,31631],[-1,-101],[22,-168],[1,-44],[25,-88]],[[27731,30956],[-13,58],[-3,97],[-8,13],[-19,495]],[[28109,32203],[21,230],[49,503]],[[28179,32936],[9,-47],[15,7],[9,-69],[29,-7],[24,22]],[[28228,32297],[-4,-56],[-15,12],[-82,-216]],[[26798,32153],[3,-94],[9,5],[10,-127]],[[26820,31937],[9,-116],[10,20],[14,-115],[-9,-186],[4,-58],[10,-32]],[[26858,31450],[-11,-80],[-13,-119],[-12,-7],[-12,-43]],[[26716,31971],[0,36]],[[26820,31937],[11,43],[14,-10],[22,42],[55,162],[30,30]],[[26989,31987],[-5,-39],[8,-127],[-7,-50],[11,-60],[23,-61]],[[27019,31650],[-14,-15],[-6,-99],[-7,0]],[[28095,31192],[17,-117],[23,-41],[0,-28]],[[28135,31006],[-2,-184],[3,-26],[4,-338],[-15,-306],[18,-60],[6,22]],[[28149,30114],[-12,-82],[-27,-239]],[[28110,29793],[-14,93],[-3,79],[-15,94],[-8,111],[-11,63],[-16,137]],[[28636,32426],[11,7],[12,55],[31,52],[30,-8],[11,-39],[3,-92],[-14,-130],[4,-89],[-3,-172],[4,-97]],[[28725,31913],[-13,8],[-14,63],[-9,-23],[-1,-68],[-10,-108],[-23,20],[8,156],[-38,13]],[[28625,31974],[0,169],[14,143],[-7,101],[4,39]],[[21530,55132],[143,1],[108,1]],[[21781,55134],[107,-2]],[[21888,55132],[0,-331],[-24,0],[0,-660]],[[21864,54141],[-22,0],[0,-325],[-60,0]],[[21782,53816],[-8,89],[5,88],[-17,71],[-14,18],[-26,-31],[-4,-60],[-17,30]],[[21701,54021],[-25,52],[-4,139],[-12,71],[-10,143],[19,96],[-18,69],[-40,-57],[-17,-11],[-19,19],[-29,-78],[-22,15],[-20,63],[-15,-4],[-5,70],[-35,-14],[-12,17]],[[21437,54611],[-17,95],[1,196],[-8,51],[8,53],[-21,37],[-14,-82]],[[21386,54961],[0,171],[144,0]],[[22192,56129],[82,0]],[[22274,56129],[0,-411],[36,-90],[0,-164],[13,56],[12,-106],[14,3],[34,119],[7,-111],[9,-36],[22,34],[13,-160],[28,-3]],[[22462,55260],[0,-131]],[[22462,55129],[-215,1]],[[22247,55130],[-144,1]],[[22103,55131],[0,332],[-10,0],[1,667],[98,-1]],[[22613,54798],[28,0]],[[22755,54797],[0,-662],[6,0],[0,-163]],[[22690,53974],[-71,0]],[[22619,53974],[0,164],[-7,0],[1,660]],[[26756,42068],[79,6]],[[26835,42074],[29,-2]],[[26864,42072],[-1,-542]],[[26863,41530],[-36,-12]],[[26827,41518],[-71,-4]],[[26756,41514],[0,554]],[[23091,32859],[-8,0]],[[23083,32859],[-90,3],[-1,-7]],[[22992,32855],[-55,-2],[0,167],[-29,0]],[[22908,33020],[0,165],[-30,1],[0,330],[6,0]],[[22847,31362],[1,166]],[[22848,31528],[143,-2]],[[22991,31526],[1,-118]],[[22992,31408],[-8,-17],[-20,63],[-15,-37],[0,-964]],[[22949,30453],[-12,88],[-18,-37],[-13,72]],[[22906,30576],[-24,-108],[-19,46],[-16,-7]],[[22906,30576],[0,-209]],[[22906,30367],[-205,1]],[[22701,30368],[-1,28],[0,888]],[[22700,31284],[0,3]],[[22583,30036],[118,1]],[[22701,30037],[29,-1],[0,-331]],[[22730,29705],[0,-416]],[[22730,29289],[-160,1]],[[22570,29290],[-1,414]],[[22569,29704],[0,332],[14,0]],[[22431,32864],[119,0]],[[22550,32864],[1,-838]],[[22551,32026],[-30,-1],[0,-330]],[[22521,31695],[-86,0]],[[22435,31695],[-3,0],[0,498]],[[22432,32193],[-1,164],[0,507]],[[15680,50309],[6,55],[28,-27],[0,193]],[[15972,50584],[12,-112],[21,-46],[-1,-75],[7,-80],[-5,-75]],[[16006,50196],[3,-47],[-17,-79],[11,-110],[15,-61],[-23,-131],[-9,12],[-10,-64],[7,-135],[13,-95]],[[15685,50199],[-5,110]],[[17044,51345],[63,1],[-1,-167],[-11,0],[0,-160],[12,-55],[5,-84],[0,-195],[12,1],[0,-165],[11,-175],[17,3],[1,-53],[16,-81],[1,-111],[12,1],[0,-83],[59,0],[0,-164]],[[16968,49625],[-28,54],[-17,-22],[-18,38],[-13,1]],[[16892,49696],[0,162],[-8,0],[0,222],[-31,0],[0,116],[-11,0],[0,167],[23,18],[52,0],[0,141],[64,-3],[0,82],[23,1],[-1,415],[15,-1],[0,163],[6,83],[20,-1],[0,84]],[[26789,28154],[13,76]],[[26829,27677],[-14,-9],[-23,17],[-8,41]],[[28869,41026],[12,-54]],[[29012,40437],[-23,-131],[-3,-44],[-19,74],[-13,15],[-11,-74],[16,-81],[-20,-66]],[[28939,40130],[-23,169]],[[28822,40635],[47,391]],[[28473,41371],[7,-36],[17,35],[45,59]],[[28542,41429],[47,-197]],[[28589,41232],[-40,-153],[31,-530]],[[28580,40549],[-36,-81],[-7,-65]],[[28483,40800],[-6,56],[-17,-2],[-9,58],[7,76],[14,68],[-9,102],[-2,99],[12,114]],[[28476,41391],[17,93],[6,68],[2,165],[14,138]],[[28515,41855],[-15,64],[-8,107],[7,192],[-8,41],[-3,86]],[[28488,42345],[3,35],[26,35],[17,-7]],[[28534,42408],[-1,-154],[-11,-158],[-5,-118],[36,41],[17,-49],[21,-114]],[[28591,41856],[7,-110],[25,17],[9,-111]],[[28632,41652],[-90,-223]],[[28473,41371],[3,20]],[[25813,25583],[11,97],[13,27]],[[25974,25449],[-19,-4],[-3,-42],[1,-380]],[[25953,25023],[0,-159],[-55,-2]],[[25839,34030],[39,184],[11,76],[16,40]],[[25905,34330],[25,-151],[13,-172],[15,-79]],[[25958,33928],[8,-117],[-7,-63]],[[25959,33748],[-65,22]],[[25894,33770],[-57,20]],[[25837,33790],[2,240]],[[25696,26192],[57,-5],[0,84],[84,3]],[[25725,25576],[-1,57],[-7,56],[-2,73],[-16,188],[2,58],[-5,184]],[[26787,34829],[12,-11],[14,31],[9,69],[16,50],[24,6]],[[26909,34830],[-19,-80],[-25,-65],[0,-118],[-17,-95],[-11,-8],[-13,-57]],[[25259,33980],[105,-6]],[[25364,33974],[11,-131]],[[25375,33843],[10,-262],[-5,-83]],[[25380,33498],[-122,7]],[[25258,33505],[1,475]],[[24723,19607],[0,-12]],[[24723,19595],[0,12]],[[24482,20121],[4,125],[21,121],[6,-29],[23,65]],[[24536,20403],[21,168]],[[24557,20571],[35,3],[-1,56],[16,35],[11,-32],[6,-99],[17,-61],[13,-106],[10,-17],[13,-77],[19,-155],[34,-209],[2,-124],[-5,-73]],[[24727,19712],[-1,87],[-11,75],[-11,-109],[-15,21],[-16,-61],[-6,-108],[-7,-1],[-4,-81],[-7,5],[-5,-94],[-8,21],[-36,-117],[-13,130],[-17,83],[-14,-20],[-8,66],[-7,-50],[-19,70],[-23,12],[-21,54],[-13,90],[11,13],[9,98],[7,-10],[11,-96],[9,7],[0,-105],[11,-11],[2,111],[-3,66],[-25,107],[0,75],[-10,16],[-5,65]],[[23756,24628],[122,3]],[[23847,23374],[-13,-18]],[[23834,23356],[-5,108],[-19,147],[5,56],[0,94],[-10,57],[3,42],[-15,53],[6,39],[-5,72],[-10,-3],[-15,116]],[[23769,24137],[5,88],[-3,66],[9,67],[-12,89],[4,50],[-14,89],[-2,42]],[[30191,47444],[5,-41],[29,-3],[5,-68],[-4,-85],[23,-45],[7,55],[26,-140],[-10,-68],[39,-136]],[[30311,46913],[-9,-75],[7,-109],[-19,-95],[3,-54],[-15,-35],[-13,3],[-12,-64],[-9,-117],[5,-52],[-12,-111],[-4,-82],[-11,-96],[-9,-20]],[[30141,46923],[-3,56],[-4,423]],[[28547,37789],[17,36],[2,-89],[25,-15]],[[28591,37721],[-2,-66],[6,-119],[-1,-166],[6,-88],[31,-183],[-10,-121],[-15,4]],[[28550,37314],[0,70]],[[28550,37384],[0,155],[-8,178],[5,72]],[[28085,39645],[68,0]],[[28087,39481],[5,120],[-7,44]],[[30156,44491],[24,2]],[[30192,44460],[14,-72],[12,-148],[13,-85],[-1,-81],[-14,-62],[-1,-50],[14,-72],[18,1],[11,-45],[5,-129],[-3,-91]],[[30260,43626],[-8,-46],[-19,-46],[-3,-86]],[[30230,43448],[-21,35],[1,-65],[-26,-147],[-10,7]],[[29567,45399],[26,-4]],[[29593,45395],[131,-23]],[[29724,45372],[49,-10]],[[29773,45362],[3,-90],[12,-23],[1,-88],[-14,-74],[2,-84],[7,-38],[-13,-65],[2,-73],[-8,-80],[0,-106]],[[29765,44641],[-11,-17],[-6,164],[-31,-25],[-1,50],[-60,-54],[1,91],[-16,-14],[-4,40],[-28,33],[-1,109],[-28,28]],[[29580,45046],[7,162],[-20,118],[0,73]],[[25934,49970],[5,38],[19,-40],[-6,-161],[-17,89],[-1,74]],[[26003,49275],[-72,6]],[[25931,49281],[2,244],[24,0],[14,120],[17,-57],[17,21],[8,114],[11,87],[16,71],[7,101],[12,-35],[10,-116],[-6,-85],[-14,-90],[13,-69],[-12,-104],[-1,-100],[3,-107]],[[25908,49732],[5,54],[15,-6],[-3,-64],[-17,16]],[[25331,53897],[-20,0],[0,165],[-59,-1]],[[25252,54061],[24,158],[68,170],[39,35],[29,7],[16,-23],[22,10],[24,-63],[-8,-65],[-20,-40],[-12,20],[-28,-16],[6,-85],[-33,-84],[-31,-158],[-17,-30]],[[25043,55174],[23,125],[51,128],[28,51],[61,174],[3,29],[33,75],[6,-19],[29,49],[0,-38],[-41,-147],[-2,-59],[-26,-98],[-51,-88],[-42,-108],[7,-67],[-41,-85],[-10,-10],[-28,88]],[[26305,51207],[1,-738],[-1,-213]],[[26305,50256],[-65,4],[-11,-35],[-12,117],[-14,2],[1,59]],[[26204,50403],[30,4],[20,47],[-2,54],[-32,25],[-16,89],[-7,167],[12,115],[17,42],[20,110],[-5,68],[10,23],[33,-23],[10,85],[11,-2]],[[26759,45680],[33,10]],[[26870,45295],[-25,-60],[-8,-76],[11,-85],[-17,-18],[-9,-72],[-2,-89],[4,-49]],[[26824,44846],[-60,-7]],[[26764,44839],[-5,841]],[[22823,57329],[83,-1],[147,0]],[[23053,57328],[0,-539],[5,0],[-1,-329]],[[25018,30633],[43,1]],[[25061,30634],[50,0]],[[25111,30634],[0,-259],[-5,-83],[-15,0],[0,-414]],[[25047,29850],[-14,-1],[-1,499],[-14,0],[0,285]],[[23290,40678],[104,-5]],[[23394,40673],[30,-2],[5,-238],[3,-11]],[[23432,40422],[0,-98],[9,-61],[6,-198],[-1,-86]],[[23446,39979],[-12,-61],[-13,-7],[-16,38],[-1,38],[-17,12],[-29,175]],[[23358,40174],[-31,113],[6,128],[-22,106],[0,116],[-21,36]],[[23290,40673],[0,5]],[[24796,35679],[10,57]],[[24806,35736],[31,286],[17,102]],[[24854,36124],[11,-10],[15,68],[14,-88],[16,-24],[18,-83]],[[24928,35987],[2,-83],[14,-19],[9,-69],[20,-53],[-1,-85],[11,-80],[-12,-51]],[[24971,35547],[-1,-12]],[[24876,35598],[-80,-3]],[[24796,35595],[0,84]],[[19321,50023],[31,0],[0,180],[22,0],[13,193],[23,110],[11,0],[6,56],[17,27],[46,1],[0,111],[18,0],[0,122],[17,-7],[25,63],[12,-26],[25,16]],[[19587,50869],[12,-45],[0,-68],[11,-55],[17,-1],[1,-111],[14,0]],[[19753,49704],[-104,1]],[[19321,49709],[0,314]],[[22280,40843],[126,-1]],[[22406,40842],[0,-664]],[[22406,40178],[-95,0]],[[22311,40178],[-31,0]],[[22280,40178],[0,665]],[[29020,39250],[36,-172],[-1,-193]],[[29040,38607],[-31,68],[-39,-19],[-2,66],[-19,69],[-3,50],[-17,19],[-6,66],[-15,26],[-5,43]],[[28903,38995],[-2,6]],[[28901,39001],[-1,6]],[[28900,39007],[3,136],[11,-4],[36,195],[43,-194],[3,166],[3,46]],[[29233,41035],[8,-20],[16,27],[25,-69],[20,-25],[-1,-203],[-15,-376]],[[29286,40369],[-11,-24],[-10,90],[-15,-57],[-18,4],[-10,111],[-40,10],[-41,-178]],[[29141,40325],[-10,113]],[[29131,40438],[-1,78],[30,141]],[[29032,40825],[24,10],[-3,59],[19,14],[-2,60],[17,15]],[[29131,40438],[-10,8],[-20,77],[-7,-62]],[[19984,34456],[151,0],[2,-14],[110,2]],[[20247,34444],[131,3]],[[20458,32510],[0,45],[-98,-1],[4,-31],[0,-105],[-53,0]],[[20311,32418],[-1,68]],[[29293,41484],[2,25]],[[29299,41695],[14,161]],[[29313,41856],[1,-94],[5,-70]],[[29319,41692],[-14,-113]],[[29296,41511],[-8,35]],[[29288,41546],[11,149]],[[29284,41504],[-1,4]],[[29283,41508],[1,-4]],[[29319,41692],[33,8]],[[29352,41700],[13,-34]],[[29364,41297],[-35,-27]],[[27885,45011],[19,-16],[10,-108],[17,-61],[32,28],[14,52],[24,16],[50,87]],[[28051,45009],[0,-33],[43,4]],[[28094,44980],[1,-995]],[[28095,43985],[-170,-2]],[[29452,47424],[16,9]],[[29468,47433],[4,-105]],[[29472,47328],[-18,-227],[0,-96],[9,-30],[11,109],[15,-2],[16,-188],[-2,-402]],[[29503,46492],[-6,-707]],[[29497,45785],[-100,-5]],[[29397,45780],[12,157],[5,147],[-5,74],[3,132],[-5,68],[1,117]],[[29408,46475],[-11,386],[8,114],[7,12],[15,118],[9,34],[16,285]],[[29216,48028],[53,33],[-13,514],[64,42]],[[29320,48617],[58,30],[36,38],[22,42],[8,96],[35,18]],[[29479,48841],[9,-89],[3,-137],[-10,-107],[5,-206]],[[29486,48302],[-21,-143],[-13,-275],[7,-34],[1,-180],[9,-112],[-1,-125]],[[29452,47424],[-173,-113]],[[29279,47311],[3,99],[-20,24],[-9,40],[-18,-36],[-34,218],[23,85],[-8,287]],[[26501,31201],[6,-96],[13,-47],[36,74],[16,-19],[20,5]],[[26582,30941],[-29,-23],[-18,-125],[-15,-48],[1,-51],[-14,-74]],[[26507,30620],[-34,0]],[[26473,30620],[-54,2]],[[26419,30622],[8,416]],[[28413,33591],[70,-4]],[[28483,33587],[3,-41],[-12,-96],[0,-108],[5,-30],[30,-68],[11,-2],[24,-127]],[[28544,33115],[0,-27]],[[28544,33088],[-7,-73]],[[28537,33015],[-51,-2],[-19,-9],[-66,16]],[[27044,32752],[11,-187],[-5,-39],[7,-86],[14,-59]],[[27071,32381],[-18,-111],[-24,-57]],[[26950,32689],[17,81],[18,39],[12,-9],[7,49]],[[20923,56631],[184,-2],[140,0]],[[21247,56629],[0,-165]],[[21247,56464],[0,-331],[16,0],[0,-475]],[[20924,56164],[-1,467]],[[26285,42892],[129,3]],[[26445,42396],[-31,0]],[[26414,42396],[0,83],[-32,0],[-1,84],[-96,-1]],[[26285,42562],[0,35]],[[26285,42597],[0,295]],[[27075,43043],[29,-43],[14,24],[19,-15],[41,140],[19,101],[12,34]],[[27209,43284],[0,-117],[27,-1]],[[27236,43166],[0,-422]],[[27236,42744],[-58,6],[10,-139],[-34,-3]],[[27154,42608],[-54,-4]],[[27100,42604],[0,145],[-26,1],[1,293]],[[22895,28873],[1,194],[9,0]],[[22905,29067],[74,0],[16,-39],[7,-72]],[[23002,28956],[11,-97],[-19,-127],[11,-62],[-3,-132]],[[23002,28538],[-24,33],[-5,-119],[-20,-49],[-9,85],[-10,12],[-10,-42],[-8,83],[-1,71],[-10,39]],[[22905,28651],[0,112],[-10,0],[0,110]],[[27479,43943],[52,111],[49,151],[6,66],[13,44],[7,-53],[53,166],[31,73]],[[27731,43701],[-149,-2],[-103,1]],[[27479,43700],[0,243]],[[30097,43028],[-19,-25],[-7,120],[3,90],[-10,47],[1,-158],[-4,-96],[-18,-16],[-4,79],[16,201],[18,55],[3,42]],[[30019,42959],[5,182],[7,0],[-2,-118],[-10,-64]],[[27322,26883],[40,145],[12,-79],[5,61],[-5,61],[27,98]],[[27403,27177],[15,-20],[13,-63],[18,-134],[13,-19],[13,24],[34,-44],[-2,-151],[5,-77],[-1,-131]],[[27511,26562],[-1,-90],[-8,-45],[-5,-92],[10,-85],[8,-303],[15,-82],[14,71],[9,5]],[[27553,25941],[-22,-104],[-9,34],[-14,-48],[-8,65],[-10,-37]],[[27393,26269],[-20,244],[-25,131],[-9,119],[-17,120]],[[26689,30103],[10,93],[-2,43],[19,108],[4,63],[10,5],[10,74],[16,33],[1,124]],[[26785,30697],[31,54]],[[26790,29651],[-17,29]],[[26773,29680],[-14,81]],[[26759,29761],[-18,104],[-18,38],[-6,49],[-24,96]],[[25888,33479],[6,291]],[[25959,33748],[52,-13]],[[26011,33735],[-8,-233]],[[26003,33502],[-3,-167]],[[26000,33335],[-42,27]],[[25958,33362],[-53,35],[-6,73],[-11,9]],[[25164,33509],[3,0]],[[25167,33509],[84,-3]],[[25251,33506],[-4,-666]],[[25247,32840],[-1,-70],[-34,4],[0,-101],[-11,-3]],[[25201,32670],[-20,94],[-19,17],[-14,88],[-21,106]],[[25127,32975],[3,355],[18,-31],[18,35],[2,113],[-4,62]],[[22937,17613],[0,9]],[[22928,17418],[-30,-200],[-26,-207],[6,125],[13,96],[5,103],[9,74],[3,61],[14,86],[12,-43]],[[22867,17113],[2,-94]],[[22945,17910],[-2,-82]],[[22940,17722],[-10,-77],[-24,-107],[-14,2],[-10,49],[0,100]],[[22882,17689],[-24,45],[-5,88],[92,88]],[[22814,17446],[11,-2]],[[22825,17444],[23,-91],[11,98],[13,28],[5,-32],[-2,-92],[-25,-242]],[[22849,17120],[-35,326]],[[22659,17639],[70,-90],[7,67]],[[22736,17616],[17,7],[17,-88],[11,29],[25,-45],[8,-73]],[[22849,17107],[0,-8]],[[22845,17083],[-11,-118],[-9,50]],[[22825,17017],[-8,49],[-24,14],[-32,-24],[-12,20],[1,-78]],[[22664,17294],[-2,87],[-17,-1],[-4,30]],[[22641,17410],[-6,110],[24,119]],[[20274,24928],[106,2]],[[20380,23758],[-21,20],[-17,53],[-24,107],[-7,109],[-10,45],[-7,128],[-21,195],[-19,62],[-11,-30],[-11,66]],[[20232,24513],[-13,52],[-17,106],[-2,55],[6,58],[1,143],[67,1]],[[23075,18590],[4,548]],[[23303,18876],[-74,-265],[-33,-106],[-54,-145],[-52,-178],[-30,-135]],[[20994,19708],[-12,30],[-23,13],[-28,51],[-17,65],[-8,54],[-16,43],[-12,161],[-14,62],[-22,12],[-17,100],[-32,130],[-7,72],[-3,119],[-17,200],[-17,123],[-3,127],[-6,141],[6,60],[-3,98],[2,85],[-20,233],[-10,57],[-4,61],[-14,53],[-3,230],[-8,113],[-22,112]],[[19529,39217],[0,-250]],[[19258,37315],[4,118],[-13,38],[7,44],[-5,79],[-14,90],[-3,75],[8,42],[-11,69],[0,78],[-11,64],[-5,79],[8,82],[-1,126],[4,138],[8,50],[-1,85],[17,132],[-7,92],[17,164],[2,90],[-4,113]],[[18663,43983],[14,-1]],[[18740,42893],[-8,83],[0,117],[-8,42],[-11,-37],[-7,112],[-3,133],[-10,71],[6,210],[-6,101],[-19,124],[-11,134]],[[29880,49720],[111,10]],[[29991,49730],[-10,-50],[12,-149],[-14,-82],[-10,-155],[-14,-62],[13,-180],[9,-53],[1,-115],[-8,-125],[-38,-180],[-15,-6]],[[29917,48573],[-13,-47],[-7,-65]],[[29897,48461],[-26,178],[21,105],[-14,99],[18,120],[-19,68],[21,133],[-29,101]],[[29869,49265],[-10,34],[27,174],[-12,44],[6,203]],[[27094,34728],[8,41],[32,83],[5,59]],[[27244,35100],[12,-73],[26,-123]],[[27282,34904],[-17,-37],[6,-81],[-19,-46],[20,-65],[-3,-42],[-24,-66],[-12,-1],[-17,-42],[7,-49]],[[27223,34475],[-39,-39],[-30,-108],[-7,84],[-20,-35]],[[27127,34377],[-13,182],[-18,113],[-2,56]],[[26975,34401],[8,-125],[-6,-34],[-14,11],[-10,-33]],[[26953,34220],[-1,17],[-58,-8],[-11,-68],[-14,-42],[-11,18],[-7,-62]],[[26851,34075],[-18,91],[-12,86]],[[26881,34305],[8,-27],[12,94],[-12,-7],[-8,-60]],[[27094,34728],[-31,-58],[-9,-121],[-9,-20],[-21,7]],[[15663,55547],[-6,0],[0,-378],[-155,0],[0,27],[-117,0],[-143,4],[-48,-5]],[[15194,55195],[-8,52],[-10,161],[-6,146],[2,75],[-11,117],[11,82],[-4,52],[13,173],[-20,96],[20,18],[13,-46],[13,3],[51,-159],[37,-38],[33,-84],[22,-82],[52,-44],[24,2],[19,23],[33,-62],[12,31],[12,-37],[23,-27],[51,1],[21,91],[28,-87],[7,-69],[34,21],[-3,-57]],[[16242,57329],[237,-2],[159,2],[165,0]],[[16799,55342],[-34,-28]],[[16765,55314],[-3,36]],[[16515,55347],[-50,0],[-9,96],[-18,51],[-3,54],[-19,36],[-38,139],[4,81],[-12,81],[-22,50],[-11,79],[-21,17],[5,107],[-23,43],[-2,208],[-13,47]],[[16283,56436],[4,84],[-20,13],[-8,81],[10,61]],[[16269,56675],[21,116],[-16,130],[0,149],[-9,23],[0,149],[-15,-26],[-17,52],[9,61]],[[25386,43386],[0,84],[-64,-9]],[[25322,43461],[-1,0]],[[25321,43461],[0,499]],[[25170,38680],[93,-2]],[[25263,38678],[0,-83],[31,-1]],[[25294,38594],[0,-496]],[[25294,38098],[-93,7]],[[25201,38105],[-31,-5],[0,580]],[[25685,50375],[4,121],[23,-6],[5,-27],[-7,-119],[-17,-11],[-8,42]],[[25569,49086],[-101,3]],[[25468,49089],[4,90],[31,217],[31,38],[20,46],[29,297],[17,92],[7,156],[17,9],[8,36],[11,124],[31,79],[3,-157],[-14,30],[-6,-204],[-18,-110],[-5,-104],[-14,-83],[4,-78],[-11,-57],[3,-43],[-16,-47],[-16,-119],[-7,-132],[-8,-83]],[[16069,35375],[0,-1]],[[16069,35374],[75,409],[28,86],[21,1],[12,28],[17,-36],[-1,648]],[[16297,36042],[74,-378]],[[16371,35664],[0,-1]],[[16137,34713],[-3,43],[-25,16],[-8,35],[-13,-54],[-5,126],[-10,53],[1,66],[13,55],[-5,87],[3,58],[-16,65],[0,112]],[[20636,48134],[172,9],[113,-1]],[[20921,48142],[0,-75]],[[20921,47519],[0,-667]],[[20921,46852],[-235,-7]],[[20686,46845],[-50,-3]],[[20636,46842],[-1,626],[1,666]],[[24222,29677],[50,-6]],[[24362,29658],[-2,-474],[48,-18],[8,-157],[17,-16],[2,-101]],[[24435,28892],[-11,-42],[-13,72],[-23,0],[-1,60],[-24,89],[-7,1],[-5,-155],[-58,-1],[0,-56]],[[24293,28860],[-78,-3]],[[24215,28857],[0,321],[6,-1],[1,500]],[[23735,28263],[35,-5],[2,497]],[[23772,28755],[20,-4],[37,-80],[25,-40],[20,25]],[[23867,27740],[-66,11]],[[23771,27995],[-11,40],[-20,32],[-8,53],[4,59],[-1,84]],[[24186,28851],[29,6]],[[24293,28860],[0,-165],[-6,0],[0,-354]],[[24287,28341],[0,-166]],[[24187,28347],[-1,72],[-16,103],[-2,51],[-15,113],[-6,0],[2,161],[37,4]],[[24462,31481],[26,13],[0,-168],[60,-7]],[[24548,31319],[-1,-392]],[[24547,30927],[-1,-281],[-29,3]],[[24517,30649],[-25,3],[-15,-36],[-1,-139],[-20,1]],[[24456,30478],[1,265],[-27,0],[-1,72]],[[15529,42423],[16,-32],[22,-77],[9,-89],[30,5],[22,-61],[5,-81],[20,15],[14,-26],[5,59],[-8,81],[-11,15],[-3,62],[11,124],[11,49],[24,-1],[9,54],[15,32],[3,52],[14,32],[22,128],[9,6],[13,-52],[-2,-206],[4,-84]],[[15625,40721],[4,-36],[17,-34],[5,-122],[-4,-78],[7,-86],[3,-194],[4,-38]],[[15661,40133],[-170,-3],[0,48]],[[15491,40178],[1,458],[-1,947],[-4,172],[-16,161],[16,69],[22,-67],[9,55],[6,109],[6,23],[-5,86],[-11,35],[9,79],[0,85],[6,33]],[[20643,39458],[0,7]],[[20643,39468],[0,4]],[[20547,39690],[0,318]],[[20617,40010],[21,-27],[5,28]],[[20643,40011],[0,-235]],[[20643,39776],[0,-324]],[[20566,38515],[-19,0],[0,832]],[[20427,39345],[3,-51],[-26,-152],[-7,0],[-4,-84],[-29,-107],[-22,41]],[[20342,38992],[-20,0]],[[20101,36642],[0,531],[210,-5]],[[20311,37168],[47,2],[9,64],[9,-21]],[[20376,37213],[32,-184],[9,-84],[19,-78]],[[20436,36867],[4,-48],[27,-139],[8,-142],[8,-48],[14,-194],[12,-19],[17,-113]],[[20531,35888],[-45,2],[-117,-7]],[[20369,35883],[-153,-2],[0,166],[-30,1]],[[20186,36048],[0,73],[-22,23],[-8,54],[-13,10],[-14,93],[-13,-27],[-15,4]],[[20342,38992],[-2,-77],[-12,-57],[0,-191],[4,-233],[-6,-59]],[[20326,38375],[-108,4]],[[20218,38379],[-2,56],[8,62],[-1,61],[11,10],[8,78],[3,142],[-6,48],[21,49],[1,73]],[[20436,36867],[57,0],[62,-10],[89,-3]],[[20644,36854],[0,-653]],[[27079,19132],[82,0],[0,167],[6,0],[-1,437]],[[27166,19736],[9,-142],[13,-4],[8,-43],[9,-153],[11,-37],[30,-178],[0,-165],[-4,-36]],[[27242,18978],[-14,-122],[1,-57]],[[27229,18799],[-64,1],[-4,-37],[1,-799]],[[27162,17964],[-84,-4]],[[27078,17960],[1,449],[0,723]],[[27155,19826],[11,-90]],[[27079,19132],[-100,1]],[[18903,38330],[0,829],[14,0],[0,452]],[[18917,39611],[8,-26],[9,-136],[16,-24],[3,-84],[10,-78],[2,-99],[132,-1],[161,0]],[[19258,37315],[-225,0],[-132,0],[0,20]],[[18901,37335],[2,309],[0,686]],[[28376,37337],[-8,-129],[11,-181]],[[28379,37027],[-9,-7],[-7,-159],[5,-32]],[[28368,36829],[-12,3]],[[28356,36832],[-14,22],[-7,51]],[[28335,36905],[-6,65],[-18,-19]],[[28311,36951],[-24,112]],[[28287,37063],[-5,81]],[[28282,37144],[1,108],[28,171]],[[27830,35134],[12,-43],[11,17],[25,101]],[[27878,35209],[6,52],[12,13]],[[27896,35274],[26,-290],[3,-65],[16,-9],[10,-62]],[[28002,37515],[26,255],[11,-25],[32,185]],[[28101,37809],[-9,-40],[-4,-68],[5,-97],[-7,-46]],[[28086,37558],[-13,-85],[1,-41],[-14,-66],[-6,-97]],[[28054,37269],[-9,-103]],[[28045,37166],[-38,84],[-19,84],[14,181]],[[28392,35482],[33,169]],[[28425,35651],[23,-75],[21,-9],[12,-26],[12,-74],[17,38],[7,-62]],[[28517,35443],[14,-97]],[[28486,35176],[-11,62],[-18,7],[-25,50],[-8,60],[-14,36]],[[28057,34607],[23,51],[17,-12],[17,39]],[[28114,34685],[4,-58],[15,-67],[28,-83],[19,23]],[[28180,34500],[-7,-467]],[[28173,34033],[-20,34],[-40,23],[-25,82],[-37,40],[-8,37]],[[27550,35107],[17,70],[15,8],[21,76]],[[27603,35261],[3,-27],[55,-152],[5,-36]],[[27666,34886],[-13,-83],[-19,-85],[-13,67],[-20,-23],[-14,-72]],[[27587,34690],[-13,-18]],[[27614,34957],[17,-63],[13,-10],[13,128],[-7,58],[-21,20],[-12,-46]],[[27617,35044],[-17,-20],[1,-63],[13,-4]],[[28144,35323],[18,-5],[14,75],[32,-31],[13,-108]],[[28221,35254],[-6,-100],[33,-186],[12,54],[13,-8],[5,-53]],[[28278,34961],[-27,-138],[-14,0]],[[28237,34823],[-41,73],[-80,125]],[[28116,35021],[-1,137]],[[28115,35158],[14,145],[15,20]],[[27127,34377],[-16,-56]],[[26974,33901],[-7,136],[-14,183]],[[28199,37688],[8,1],[10,-139],[-2,-73],[18,-115],[14,-159],[7,-53],[13,26],[15,-32]],[[28287,37063],[-8,20],[-16,-33]],[[28154,36955],[-5,81],[5,97],[-38,244]],[[28116,37377],[17,-16],[22,139],[44,188]],[[28562,35982],[-20,42],[-27,196],[-9,12],[-11,103],[-6,1],[-10,162]],[[28278,34961],[10,11],[15,-86],[11,-16],[20,11]],[[28334,34881],[0,-65],[14,-34]],[[28348,34782],[0,-339]],[[28348,34443],[-61,-220]],[[28287,34223],[-11,32]],[[28276,34255],[-10,23],[-20,130],[-22,40],[-13,-13]],[[28211,34435],[-3,295],[26,61],[3,32]],[[28528,35845],[0,-32],[20,-180],[8,-27]],[[28556,35606],[-4,-159],[5,-46],[-5,-77],[-13,-46]],[[28517,35443],[4,54],[-28,210],[-14,65],[-30,66],[-10,92],[-9,24],[-5,102],[-16,100]],[[28409,36156],[-1,110],[10,43],[22,-14]],[[28411,38065],[6,-34]],[[28086,37558],[30,-181]],[[28100,36882],[-12,-2],[-9,40],[-18,142],[-2,167],[-5,40]],[[16169,54655],[10,-88],[22,-62],[19,-116],[1,-46],[40,-65],[33,-107],[24,-12],[6,-58],[11,26],[35,-113],[83,2]],[[16477,53936],[1,-179],[-11,-101],[9,-65],[3,-87],[9,-96],[1,-161],[10,-79],[-13,-153]],[[16486,53015],[-149,2],[0,166],[-35,1],[0,165],[-109,-2],[-18,152],[-53,186],[-8,-22],[-20,20]],[[16094,53683],[-7,58],[12,46],[18,13],[-12,252],[-25,25],[-2,154],[3,87],[14,64],[21,61],[5,59],[31,139],[17,14]],[[16200,55987],[-19,45],[8,53],[-6,110],[7,51],[-7,54],[7,66],[24,9],[26,91],[9,-2],[10,-75],[24,47]],[[16169,54655],[-5,150],[12,52],[2,68],[-11,78]],[[16167,55003],[14,89],[-18,31],[-13,106],[4,107],[13,81],[-9,81],[10,35],[28,32],[17,81],[-3,44],[16,43],[-4,46],[-25,174],[3,34]],[[27376,38829],[-7,-41],[28,-311]],[[27397,38477],[0,-19],[-30,-107],[-32,-65]],[[27335,38286],[-11,1],[-15,67],[-10,-27]],[[27299,38327],[-12,26],[-12,-18],[-3,130],[-18,75],[8,82]],[[27239,36303],[13,370],[28,191]],[[27280,36864],[11,-63],[17,10],[13,-60],[28,35],[11,-55],[-1,-49],[19,-123]],[[27378,36559],[4,-86],[13,13],[14,-153],[-12,-68],[18,-160],[-16,7]],[[27399,36112],[-39,-95]],[[27360,36017],[-9,27],[-22,2],[-5,80],[-62,25],[-1,85],[-8,63],[-14,4]],[[27672,38489],[14,-75],[-3,-75],[77,-118],[28,-3],[14,-17]],[[27804,38187],[-5,-62],[-24,10],[3,-59],[-11,-24],[-15,-86],[8,-116],[-14,-121],[-19,-101]],[[27727,37628],[-8,48],[-11,-44],[-11,87],[-11,53],[-15,-194],[-10,-166],[-46,-175],[-24,29],[-36,-163]],[[27555,37103],[17,261],[-27,323]],[[27545,37687],[12,93],[31,4],[8,180],[-3,109],[7,95]],[[27676,38708],[34,77],[50,-105],[6,-40]],[[27349,37730],[79,308],[27,48]],[[27496,37771],[-14,-178],[-40,-227]],[[27442,37366],[-24,11],[-13,48],[-27,-96]],[[27378,37329],[-9,106],[-33,200]],[[27336,37635],[13,95]],[[27397,38477],[23,-26]],[[27349,37730],[-4,57],[-11,29],[-4,54],[14,105],[-3,146],[3,73],[-9,92]],[[24750,48094],[0,178]],[[24750,48272],[114,2]],[[24864,48274],[-5,-78],[6,-46],[-20,-33],[-1,-85],[-14,-59],[6,-159],[12,-55],[3,-101],[-9,-19],[6,-100],[27,-154],[22,-271]],[[24750,47114],[0,172]],[[24750,47286],[0,808]],[[24408,50920],[240,1]],[[24648,50921],[0,-496]],[[24648,50425],[-69,2],[0,-166]],[[24579,50261],[-171,0]],[[24408,50261],[0,659]],[[19456,47442],[22,-94],[18,-123],[0,-151],[66,-2],[0,-27],[33,1],[0,-57],[34,1],[0,-83],[33,0],[0,-56],[33,0],[0,-55],[33,0],[0,-27],[51,-1],[0,21],[156,3],[0,56]],[[19935,46848],[17,0]],[[19952,46848],[5,-55],[0,-657],[4,0],[0,-660],[-12,0],[1,-662],[5,0]],[[19955,44814],[0,-329]],[[19955,44485],[-168,2],[-159,1],[-97,1]],[[19531,44489],[0,324],[-7,-1],[-1,496],[-17,2],[-4,93],[-19,32],[-18,166],[-9,17],[-9,122],[-15,38],[-28,134],[-14,4],[0,106],[-11,90],[-8,20],[-16,170],[-4,95],[5,86],[-7,39],[1,68],[-17,0],[0,185],[-82,3]],[[19998,48865],[20,-121],[-1,-71],[16,-39],[12,15],[4,-167],[11,-66],[0,-302]],[[20060,48114],[-160,4],[-112,1],[-119,0]],[[19952,46848],[118,-2]],[[20070,46846],[0,-15],[165,-1],[123,5]],[[20358,46835],[1,-42],[-1,-659],[1,-665],[-1,-657]],[[20358,44812],[-153,-5],[-88,5],[-162,2]],[[25303,21552],[29,30],[23,18],[7,46],[12,-57],[-10,-11],[-8,12],[-17,-4],[-36,-34]],[[25274,23238],[28,0],[1,56],[85,1],[14,35]],[[25392,22417],[-21,-211],[0,-84],[-5,-36],[-1,-253],[-7,-82],[-17,-30],[1,84],[-31,44],[-11,36],[-16,-67]],[[25284,21818],[-4,698]],[[25280,22516],[-4,501]],[[25276,23017],[-2,221]],[[25265,24350],[105,3]],[[25274,23238],[-5,613]],[[25269,23851],[-4,499]],[[25318,27850],[91,-19]],[[25409,27831],[30,1]],[[25439,27832],[1,-707]],[[25440,27125],[-31,-87],[-6,-58],[-16,-25],[-7,-52],[-27,-4],[-6,-75]],[[25599,27810],[16,49],[1,76],[7,67],[24,27],[15,109],[0,83],[5,84],[14,26],[5,55]],[[25791,28291],[9,0],[5,-84],[0,-138],[-7,-55],[0,-113],[10,-28]],[[25666,27302],[-11,1]],[[25655,27303],[0,55],[-17,28],[-15,58],[-5,71],[-24,157],[-14,30],[1,66],[13,-10],[5,52]],[[18136,34157],[0,300]],[[18136,34457],[119,-1],[202,1]],[[18457,34457],[101,0]],[[18336,31651],[0,-792],[0,-1051],[0,-464]],[[18112,29316],[-11,88],[-13,32],[-11,67],[-22,96],[-12,12],[1,137],[-15,128],[-4,129],[-6,94],[-22,101],[-10,131],[-12,58],[-1,259]],[[17974,30648],[-1,50],[9,89],[-12,51],[19,52],[3,63],[-7,309],[-9,163],[-7,40],[-8,130],[6,64],[2,149],[-10,76],[1,73],[-6,44],[2,149],[-2,112],[12,47],[-11,54],[-11,141],[5,98],[-9,110],[5,37],[15,9],[15,63],[34,14],[18,-45],[8,37],[12,-5],[39,-247],[22,19],[24,295],[6,30],[1,354],[-3,884]],[[23899,27679],[-17,-246],[-4,-109],[-11,4],[-2,-461]],[[23865,26867],[-9,1]],[[17129,30306],[10,-1],[-1,525],[1,703],[-1,352],[5,57],[-5,55],[0,167]],[[17138,32164],[74,-4],[124,0],[179,-4],[152,1],[0,29],[24,1]],[[17691,32187],[105,-566],[135,-734],[43,-239]],[[17127,28492],[-31,144]],[[16045,36012],[0,-521],[16,-34],[8,-83]],[[16069,35375],[-110,5],[-20,-42],[-29,0]],[[15910,35338],[-4,62],[-15,10],[-1,54],[-9,114],[-6,169],[-24,91],[3,51],[-24,56]],[[15830,35945],[-1,11]],[[15829,35956],[10,79],[-5,131]],[[16594,37722],[72,-338]],[[16666,37384],[48,-233]],[[16714,37151],[149,-723],[54,-264]],[[16917,36164],[166,-822]],[[17083,35342],[-144,-4],[-119,1]],[[16820,35339],[-6,48],[-15,-24],[-18,142],[-13,15],[-17,53]],[[16751,35573],[-3,85],[-9,103],[-16,94],[-21,5],[-5,-43],[-14,48]],[[16683,35865],[18,124],[-7,195],[-22,77],[-4,42],[5,105],[-13,117],[-13,41],[-16,-21],[-4,62],[-30,56],[-14,89],[4,108],[-11,49],[3,76]],[[29809,43516],[12,-14],[-2,-160],[47,-53],[18,13],[6,-240],[20,-18]],[[29910,43044],[-1,-170],[-13,-20],[4,-121],[-9,-42]],[[29891,42691],[-5,30],[-28,-12],[-9,-44],[-11,23],[-23,-37],[-12,44],[-8,-67],[-12,23]],[[29783,42651],[-7,108],[-2,95],[-7,51],[-5,194],[-30,-19],[-10,113]],[[27224,19968],[3,2],[1,-264],[75,9],[-2,276],[15,31]],[[27316,20022],[16,-227],[22,-305],[16,-147],[9,-113],[40,-420]],[[27348,18470],[-8,153],[-12,108],[-2,121],[-11,29],[-9,-71],[-11,-10],[-10,35],[-3,54],[-27,4],[-13,85]],[[27052,21635],[61,370],[10,72],[16,56],[4,69],[16,-19],[12,48],[13,-91],[9,-27],[13,76],[12,-80]],[[27218,22109],[12,-75],[0,-114],[5,-52],[-1,-123],[5,-149]],[[27239,21596],[-16,-1],[1,-279],[-29,-4],[0,31],[-24,26],[-16,-24]],[[27155,21345],[-3,40],[3,92],[-103,-7]],[[27052,21470],[0,165]],[[7285,83490],[308,0],[5,138],[237,378],[240,367],[187,275],[273,0],[136,0],[0,275],[285,0]],[[9097,84335],[0,-403],[13,0],[3,-192],[0,-660],[4,0],[0,-496],[-155,0],[5,-165],[0,-661],[5,0],[0,-660],[-73,0],[0,-85],[-150,0]],[[8749,81013],[-200,0]],[[8549,81013],[-200,0],[0,55],[-17,55],[-20,0]],[[8312,81123],[-25,64],[-21,-30],[-46,-27],[-32,-78],[-17,-96],[-18,-26],[-8,-81],[-1,-139],[-19,-57],[-25,31],[-37,11],[-73,-28],[-23,95],[-93,-162],[-25,-37]],[[7849,80563],[0,120],[-100,0],[0,330],[-220,0],[-245,0]],[[7284,82664],[1,826]],[[8549,81013],[0,-495],[-3,0],[0,-606],[-74,0],[-2,-220]],[[8470,79692],[-81,0],[1,215]],[[8390,79907],[7,17],[-24,111],[-29,60],[-46,-35],[-37,108],[-32,5],[-37,63],[-30,131],[-33,86],[-27,36],[11,91],[28,15],[32,206],[26,42],[4,86],[22,16],[52,96],[35,82]],[[10627,81924],[0,-560],[1,-715],[0,-805],[0,-803]],[[10360,79289],[0,164],[-251,-24],[-2,369],[-106,-49],[-44,-5],[0,172],[-85,-1],[-1,358],[-198,-1],[3,333],[-117,-3],[-155,0],[-226,0],[0,167],[-278,-2],[-1,82],[-150,0],[0,164]],[[7592,74859],[16,132],[12,-19],[-3,-133],[-16,-42],[-9,62]],[[7463,76228],[18,74],[17,-34],[-17,-61],[-18,21]],[[7419,74331],[21,75],[11,-62],[0,-78],[-32,65]],[[7323,74401],[31,38],[3,-59],[-11,-48],[-23,69]],[[7168,74598],[23,75],[11,88],[21,25],[13,110],[32,-43],[15,52],[-27,75],[16,85],[35,-42],[8,114],[20,-53],[10,67],[-8,102],[45,150],[-4,107],[7,92],[18,63],[20,-44],[14,69],[31,10],[2,-97],[-21,-178],[-19,-47],[-9,-82],[12,-51],[-5,-90],[32,12],[24,124],[19,-82],[24,23],[11,-37],[2,-126],[14,-38],[19,84],[0,-140],[-10,-100],[-9,3],[-14,-103],[-16,43],[-17,0],[-5,103],[-25,21],[13,-204],[-23,-45],[-32,28],[-31,-16],[-24,-106],[-21,-21],[-13,-109],[-20,1],[-11,-46],[-44,34],[-23,59],[-46,61],[-19,-23],[-15,43]],[[6962,71973],[6,41],[32,24],[-1,-61],[-27,19],[-10,-23]],[[6905,71705],[14,83],[25,59],[8,-19],[27,24],[21,-128],[42,19],[-4,-59],[-18,-51],[-44,-8],[-15,17],[-19,-31],[-30,28],[-7,66]],[[6785,71493],[29,181],[37,115],[23,29],[20,-29],[3,-62],[-21,-77],[-47,-86],[-26,-120],[-18,49]],[[6784,73240],[17,19],[10,65],[-4,73],[14,49],[9,100],[28,63],[9,69],[21,6],[24,108],[21,8],[10,39],[36,-22],[33,-3],[-2,-200],[17,-21],[33,101],[-20,88],[4,34],[34,0],[19,36],[-53,70],[-16,-10],[-3,205],[18,56],[3,49],[19,9],[15,46],[21,-25],[11,-69],[14,-21],[11,-110],[12,3],[5,127],[48,-76],[-9,91],[-34,53],[-23,94],[5,63],[16,14],[32,-71],[9,-43],[61,-77],[-49,168],[19,26],[23,-39],[17,23],[34,-24],[23,-35],[15,-59],[-18,-38],[-14,-115],[3,-130],[15,-18],[0,160],[17,61],[16,-70],[8,94],[18,45],[34,30],[13,-30],[7,-116],[22,-63],[-23,-37],[-11,-49],[5,-182],[20,57],[-18,-179],[41,80],[19,-39],[20,14],[5,-60],[-39,-142],[-12,-181],[-33,41],[-23,10],[-23,52],[-18,-19],[-14,72],[-18,-19],[-23,32],[-8,-61],[42,-40],[11,-69],[27,-30],[7,-43],[-9,-121],[-18,-76],[-13,62],[-19,-88],[-20,46],[-4,59],[-24,38],[-32,-45],[1,-63],[23,24],[19,-69],[-9,-45],[-26,-47],[-12,-64],[26,-20],[20,37],[23,-72],[-13,-47],[-30,-5],[-28,-62],[-23,-21],[2,-76],[-11,-69],[-19,-24],[-11,39],[6,59],[-21,40],[12,70],[-6,42],[25,109],[0,63],[-50,-184],[-9,-97],[-22,53],[-25,-13],[2,-63],[14,-62],[19,-38],[-18,-126],[-16,-7],[-19,-80],[8,-68],[-38,-64],[-17,-98],[-21,-46],[-17,38],[-26,-39],[1,79],[17,123],[16,21],[8,70],[37,90],[-35,28],[1,72],[27,175],[-9,16],[-19,-62],[-29,-181],[-11,-2],[-13,-93],[-13,-20],[-5,-66],[-21,-45],[-1,112],[-27,106],[-34,55],[3,157],[-4,203],[-18,140],[-8,27],[-29,14],[-5,72],[-15,61]],[[6518,70333],[20,47],[13,101],[21,-10],[-7,-81],[6,-117],[-7,-54],[-39,24],[-7,90]],[[6919,75727],[138,0],[0,165],[50,0],[0,220],[90,0]],[[7197,76112],[3,0]],[[7200,76112],[14,1]],[[7214,76113],[-23,-12],[-9,-61],[-7,-128],[-14,-77],[-31,-45],[-10,-99],[-20,-37],[-30,-19],[-34,6],[-11,-215],[-37,-16],[2,-149],[16,-61],[-29,-49],[-21,16],[-41,-127],[6,-54],[29,55],[-1,-76],[15,-43],[-4,-62],[-16,-27],[-14,30],[0,-135],[-16,59],[-3,-145],[-26,121],[-12,-102],[-35,59],[18,-107],[-8,-85],[-20,15],[-3,58],[-20,-22],[-4,-73],[-50,17],[-31,-58],[-7,-76],[-18,-9],[15,-93],[-6,-45],[-54,-99],[-15,15],[-1,-85],[10,-115],[-22,-25],[-10,60],[-22,23],[-19,66],[-16,-35],[-4,-137],[11,-76],[-40,-52],[1,-170],[-36,18],[-20,-36],[-20,63],[-10,-5],[5,-249],[-19,8],[-24,84],[-11,-70],[-29,-40],[-38,-151],[-22,-37],[6,-68],[45,66],[11,-59],[-6,-83],[-18,-55],[19,-82]],[[6356,72916],[-116,-1],[0,138],[22,0],[0,110],[14,0],[0,83],[22,0],[12,55],[0,138],[15,0],[0,82],[15,0],[7,83],[45,0],[37,55],[0,55],[30,28],[0,-83],[30,110],[-15,28],[0,83],[37,0],[6,137],[15,0],[0,110],[45,0],[0,55],[22,0],[0,83],[30,0],[0,305],[15,0],[0,110],[-15,0],[0,165],[30,0],[0,83],[46,0],[0,55],[15,55],[38,28],[38,0],[0,55],[45,0],[0,55],[31,0],[9,110],[23,0],[0,83],[15,0],[0,358]],[[6240,70741],[20,96],[12,-75],[-13,-51],[-19,30]],[[5095,84035],[0,496],[54,0],[-7,165],[0,330],[54,0],[0,165],[107,0],[0,165],[50,0],[0,165],[55,0],[0,496],[-59,0],[0,660],[-4,0],[0,660],[52,0],[0,331],[57,0],[0,330],[-3,330],[57,0],[-2,495],[-58,0]],[[6639,93543],[317,0],[216,0],[245,0],[267,0],[257,0],[179,0],[189,0],[269,0],[237,0],[264,0],[156,0],[0,953],[259,0],[281,0],[278,0],[283,-1],[291,-2]],[[10627,94493],[0,-1085],[0,-736],[0,-1961],[0,-1286]],[[8665,86574],[-303,0],[0,27],[-149,0],[-296,0],[-154,-687],[-35,-1],[-30,45],[8,46],[-21,47],[-64,0],[-19,-96],[9,-42],[-63,0],[0,-330],[-49,0],[1,-330],[-180,0],[0,-330],[17,0],[0,-248],[54,0],[0,-82],[53,0],[0,-231],[-159,-872]],[[5186,82004],[-107,0],[0,495],[-37,0],[0,661],[15,0],[0,660],[15,0],[0,191],[23,24]],[[27058,27871],[5,-25]],[[27107,27304],[-13,26],[-22,-65],[-23,29],[-8,-23],[-12,87],[-11,40],[-26,-56]],[[26992,27342],[-24,85]],[[26283,30620],[10,1]],[[26293,30621],[43,1]],[[26336,30622],[0,-254]],[[26327,29850],[-15,14],[-3,61],[-17,-27],[-24,0],[-14,49]],[[26254,29947],[-5,138],[19,1],[2,92],[-6,45],[10,142],[7,40],[-7,83],[9,132]],[[17343,49400],[76,-3],[0,-329],[6,-97],[21,0],[0,-236],[34,-90],[30,1]],[[17510,48646],[-6,-46],[-3,-137],[-5,-50],[2,-87],[-5,-240],[-26,1]],[[17467,48087],[-124,2]],[[24980,35094],[67,1]],[[25068,34586],[1,-123],[10,-41]],[[25079,34422],[-17,-4],[-1,60],[-18,100],[-11,-36],[-3,-68]],[[25029,34474],[-19,58],[1,88],[-11,74],[-13,142],[0,98],[-7,2]],[[25668,36750],[63,3]],[[25725,36359],[-12,-21],[-19,-100],[-15,-9]],[[25679,36229],[-19,-68],[-6,-177],[-17,-29],[-10,105],[-15,15],[-14,55]],[[25598,36130],[0,90],[12,88],[36,167],[7,112],[15,1],[0,162]],[[25492,37445],[15,185],[18,36],[7,97],[3,96],[-9,63],[-1,65]],[[25525,37987],[2,95]],[[25527,38082],[79,-1],[0,12]],[[25606,38093],[40,-8]],[[25606,37401],[-17,-66],[-14,59],[-31,-15]],[[25544,37379],[-3,-39],[-28,-42],[-7,-77],[-21,-8],[-7,-47],[-12,-14]],[[24102,41887],[128,2]],[[24230,41889],[0,-570]],[[24230,41319],[-48,-6]],[[24182,41313],[-80,-13]],[[24102,41300],[0,587]],[[25544,37379],[0,-129],[5,-57],[11,1],[-1,-116],[16,19],[10,-20],[0,-246]],[[25585,36831],[0,-84],[-42,-1],[0,-69]],[[25543,36677],[-62,6]],[[25399,36801],[-1,51]],[[27723,34182],[-8,-54],[-37,-68],[-55,74],[-11,-70]],[[27612,34064],[-7,90],[-47,58]],[[27558,34212],[10,56],[4,77],[13,41],[7,96],[1,123],[-6,85]],[[28348,34782],[15,6],[4,45],[-13,90]],[[28354,34923],[7,124],[5,6]],[[28366,35053],[2,-100],[19,42],[-7,58]],[[28380,35053],[4,15]],[[28384,35068],[40,-34],[11,15],[5,-79],[16,68],[11,-108]],[[28467,34930],[-11,-30],[-4,-61],[-13,-32],[-23,-137]],[[28416,34670],[-68,-227]],[[28179,38229],[12,65]],[[28199,37688],[-22,60],[-5,127],[-19,70],[-9,66]],[[27634,36484],[10,82],[-5,47],[13,117],[14,90],[14,50]],[[27767,36526],[-8,-97],[-19,-154],[-8,-36],[-11,-116]],[[27608,36271],[15,77],[11,136]],[[28280,36344],[60,379],[16,109]],[[28368,36829],[24,-65],[15,-69],[20,-47]],[[28409,36156],[-20,-37],[-26,-158]],[[28363,35961],[-8,-25],[-13,73],[0,96],[-7,56],[-11,-21],[-44,183],[0,21]],[[27486,39163],[55,-67],[27,-78]],[[27568,39018],[-1,-218],[10,-70]],[[27560,38483],[-20,-17]],[[27457,38587],[19,86],[-21,140],[17,126],[0,147]],[[27280,36865],[89,288],[27,121],[-18,55]],[[27442,37366],[-8,-44],[11,-151],[-6,-23],[14,-102],[49,-174]],[[27502,36872],[-77,-359],[-47,46]],[[27280,36864],[0,1]],[[27267,38106],[2,41],[30,180]],[[27336,37635],[-15,-106]],[[27321,37529],[-23,93],[-1,150],[-16,100],[2,98],[-16,136]],[[19531,44489],[-127,0],[-154,13]],[[19250,44502],[-43,11],[-93,2],[0,326],[-13,0],[0,499],[-10,0],[0,131],[10,0],[0,659],[3,211]],[[21907,28425],[131,0]],[[22052,28425],[2,-835]],[[22054,27590],[-147,0]],[[26993,18575],[0,-59],[15,-124],[20,-12],[12,-81],[11,-3],[0,-82]],[[26879,18128],[1,181],[4,18],[0,144],[-7,79],[1,75]],[[26749,22303],[125,-50]],[[26845,21756],[-38,102],[-7,44],[-34,47],[-22,-39],[-4,-62]],[[5518,68575],[8,60],[29,-7],[-7,-97],[-21,-17],[-9,61]],[[5479,68803],[11,75],[26,-3],[-8,-65],[14,-89],[-28,-67],[-7,56],[15,46],[-23,47]],[[5444,68411],[11,16],[15,-68],[-16,-62],[-10,114]],[[5430,69000],[12,7],[13,93],[18,1],[2,-75],[-21,-175],[-23,39],[7,72],[-8,38]],[[5263,68581],[8,68],[15,16],[11,122],[15,55],[-25,21],[12,70],[-17,27],[17,85],[14,0],[14,109],[17,16],[25,146],[6,-113],[-13,-2],[-1,-163],[26,32],[-15,-125],[-19,66],[-1,-107],[-32,-130],[-15,-34],[-4,-73],[-18,-33],[1,-54],[-21,1]],[[5238,69576],[24,72],[16,-47],[13,17],[1,-134],[-22,66],[-25,-35],[-7,61]],[[5187,69374],[7,55],[23,-20],[25,41],[7,-108],[-7,-82],[-16,52],[-23,4],[-16,58]],[[5093,69377],[18,113],[20,51],[23,-38],[-5,-163],[19,59],[-5,32],[14,78],[13,-64],[-13,-49],[-1,-106],[11,-35],[11,-120],[-2,-54],[-25,-38],[-25,48],[-2,43],[-20,2],[-8,-67],[-18,110],[3,155],[-8,43]],[[4932,69148],[13,44],[15,-38],[0,-87],[-28,81]],[[4862,69164],[11,66],[13,-7],[21,35],[-8,-103],[-18,-20],[-19,29]],[[4805,69037],[21,73],[17,-23],[13,-53],[22,-32],[1,-37],[-34,-94],[-9,85],[-31,81]],[[4656,68630],[15,25],[16,79],[24,-53],[1,-129],[-23,-115],[-27,95],[-6,98]],[[4538,67667],[7,103],[9,26],[67,-121],[-3,-74],[-45,22],[-15,-34],[-20,78]],[[5643,72348],[0,-15]],[[5643,72333],[-15,-37],[5,-57],[10,-29]],[[5643,72210],[0,-102],[-44,0],[0,-165],[-63,0],[0,-165],[-87,0],[0,-165],[-87,0],[0,-331],[26,0],[0,-661],[-17,0],[0,-166],[86,0],[0,-473]],[[5457,69982],[-17,-94],[-31,-36],[8,72],[25,51],[-17,43],[6,107],[-7,49],[15,122],[-5,47],[-23,43],[-27,10],[-11,-129],[-46,5],[-6,-58],[5,-81],[-31,-26],[4,-76],[-42,-49],[-38,49],[-5,-47],[13,-64],[-22,-150],[-2,-64],[-18,-27],[-5,83],[-16,107],[-16,-66],[-13,26],[-15,-56],[30,-19],[0,-104],[-38,-16],[-11,30],[3,63],[-20,40],[-13,-35],[-14,-128],[-69,-161],[-20,8],[-12,45],[-27,-50],[-14,6],[9,189],[-2,59],[16,69],[17,122],[-7,69],[-43,3],[-20,-41],[-24,-165],[0,-178],[3,-44],[-48,-254],[-5,-90],[-15,-21],[-27,45],[8,-108],[11,-40],[0,-100],[-25,-66],[-24,79],[-3,82],[-20,-74],[8,-114],[-17,-75],[-14,39],[-31,-6],[-23,60],[-7,92],[15,18],[-9,117],[-4,123],[-21,40],[6,56],[-27,-6],[-16,-136],[8,-60],[13,4],[16,-106],[-10,-51],[16,-182],[-1,-85],[-31,44],[-10,-86],[-17,-34],[-28,-2],[-24,129],[6,46],[-17,105],[-17,51],[-33,-18],[-9,-133],[19,-27],[28,-82],[5,-51],[-46,-143],[-6,-53],[-39,-58],[-8,89],[17,34],[-3,151],[12,22],[2,163],[-10,96],[34,113],[33,39],[58,-4],[6,118],[-16,15],[31,117],[17,-6],[27,115],[18,-38],[22,79],[-6,78],[1,125],[36,179],[32,182],[34,91],[27,110],[33,54],[34,138],[33,35],[32,54],[84,88],[-1,-49],[25,4],[40,-32],[47,106],[-4,-89],[-15,-12],[-19,-60],[2,-77],[14,-16],[1,-78],[14,-41],[29,-144],[6,42],[35,-21],[-28,125],[-1,145],[29,-45],[44,13],[31,-156],[17,-3],[8,138],[-35,108],[-16,17],[-14,111],[-16,18],[23,147],[33,352],[9,67],[34,111],[22,104],[25,40],[32,107],[36,141],[74,141],[45,132],[30,48],[69,175],[25,96],[14,42]],[[3957,67959],[39,114],[25,38],[20,147],[24,221],[1,72],[34,83],[26,-69],[19,23],[39,114],[14,-15],[34,74],[17,72],[33,30],[32,-22],[34,20],[2,-66],[30,-123],[9,-108],[-3,-98],[9,-110],[13,-65],[26,6],[14,37],[22,-85],[5,-129],[-31,71],[-26,4],[-12,89],[-18,-9],[-8,-44],[2,-118],[-23,-10],[-24,-77],[-28,31],[-34,15],[-78,-30],[-33,-48],[-32,-98],[-3,-116],[-32,-119],[-42,-34],[-13,-26],[-26,10],[-29,48],[-24,196],[-4,104]],[[3880,67050],[22,57],[62,-35],[-10,-74],[-23,-15],[-51,67]],[[3807,66999],[33,32],[29,1],[-5,-53],[-57,20]],[[3750,67325],[3,43],[28,25],[6,-80],[16,-55],[2,-94],[-18,-31],[-23,103],[-1,59],[-13,30]],[[3632,67092],[8,104],[16,27],[13,57],[30,-15],[-2,-64],[36,-36],[3,-92],[16,-40],[-25,-49],[-23,-21],[-22,21],[-33,-41],[0,56],[-17,93]],[[3608,66833],[26,5],[4,-53],[-29,-3],[-1,51]],[[12229,74808],[-2,7]],[[12227,74815],[2,-7]],[[12199,77056],[92,-7]],[[12291,77049],[20,-125],[72,-61],[6,-108],[32,-117],[23,1],[28,-177],[-7,-113],[24,-30]],[[12489,76319],[-173,5],[-65,15]],[[12251,76339],[-8,107],[-1,89],[-24,238],[-22,127],[3,156]],[[12100,77780],[92,-703]],[[12192,77077],[-5,-137],[-11,-22],[1,-92],[19,-37],[12,-107],[-12,-33],[-22,157],[-26,6],[21,-91],[8,-116],[18,-40],[-6,-104],[-1,-123],[8,-95],[25,-199],[11,-71],[1,-105],[13,-65],[14,-137],[-14,-49],[20,-198],[20,-358],[-16,-73],[12,-126],[-28,19],[-17,52],[-25,18],[-23,151],[-15,243],[-12,90]],[[12162,75435],[16,28],[23,-45],[10,26],[-27,165],[3,56],[-24,69],[-17,80],[-57,90],[12,149],[37,72],[14,51],[-21,30],[11,114],[-36,130],[-8,72],[6,72],[-21,61],[-10,-6],[-24,81],[-19,1],[-43,53],[-3,-36],[-36,73],[-28,12],[-35,50]],[[11885,76883],[5,47],[-2,346],[29,-30],[19,28],[19,114],[-1,67],[-31,77],[44,76],[67,43],[66,129]],[[12157,73015],[11,39],[23,-11],[-17,-115],[-17,87]],[[12393,71155],[0,-167]],[[12393,70988],[-11,101],[-19,-4],[-10,43],[-9,107],[-15,35],[-36,325],[-10,158],[-26,151],[-16,29],[-10,79],[-13,-14],[-7,96],[-9,6],[-18,117],[18,233],[-7,105],[24,49],[0,62],[-21,36],[-10,76],[7,77],[-14,43],[14,59],[9,90],[-44,13],[-15,-34],[-4,100],[-29,93],[-3,66],[42,148],[-4,105],[28,100],[19,1],[16,-36],[8,-105],[20,10],[16,-66],[45,-78],[25,27],[20,-69],[10,-96],[-16,-44],[-11,47],[-14,-28],[2,-109],[29,-43],[-5,-65],[13,-56],[20,-341],[0,-100],[12,-103],[-1,-119],[8,-32],[12,-182],[4,-169],[-4,-170],[-11,-12],[8,-120],[1,-331],[-8,-94]],[[12056,73007],[12,51],[-5,164],[23,20],[26,-61],[29,-132],[-15,-61],[21,-52],[4,74],[22,-90],[-16,-77],[-14,-10],[-2,-85],[-19,-129],[-22,-36],[-38,-20],[3,177],[22,53],[4,97],[-24,21],[5,56],[-16,40]],[[11915,74162],[99,13],[34,310],[52,-137],[52,-93],[29,-70],[52,-157],[36,10]],[[12269,74038],[24,-44],[26,26],[9,-197],[13,-141],[4,-147],[-17,-23],[1,-59],[-37,-9],[-17,19],[-11,60],[-24,60],[-38,116],[-35,80],[-25,75],[-23,-89],[20,-11],[-1,-185],[9,-80],[-12,-99],[-32,-111],[-40,51],[-6,48],[-30,126],[-20,54],[-12,88],[-38,65],[-8,162],[21,103],[-20,62],[-18,-27],[-4,88],[-13,63]],[[11902,74161],[11,1]],[[11913,74162],[-11,-1]],[[27131,26659],[63,260]],[[27194,26919],[14,-74],[-3,-130],[7,-116],[15,-81],[-2,-102],[7,-70]],[[27232,26346],[-4,-86],[7,-96],[-7,-40],[8,-63]],[[27110,26163],[-7,61],[28,435]],[[26190,30201],[4,99],[19,0],[0,84],[11,14],[0,57],[12,166]],[[26237,30621],[46,-1]],[[26254,29947],[-5,-35],[-33,13]],[[26216,29925],[0,185],[-33,1],[7,90]],[[18973,44966],[0,-977]],[[17398,51603],[12,-8],[3,74],[18,-4],[15,-53],[4,71],[0,173],[10,31],[7,89],[9,18],[52,-79],[28,106],[22,-10],[12,29],[-32,139],[-12,140]],[[17985,52818],[13,21],[22,-25],[12,56],[26,-1]],[[17553,49909],[-45,3],[6,38],[-5,106],[-11,159],[-96,-1]],[[17402,50214],[4,103],[23,232],[10,38],[-1,82],[21,135],[5,74],[-20,145],[0,81],[-16,84],[-20,7],[-9,74],[-24,8],[-3,59]],[[24283,27591],[148,-18]],[[16290,33060],[-1,-31],[15,-92],[-11,-81],[5,-100],[16,-31],[0,-39],[32,-116],[12,-79],[20,-9],[13,-109]],[[16391,32373],[11,-2],[9,-54],[-4,-60],[10,-51],[2,-58]],[[16419,32148],[-184,5],[-131,7]],[[16104,32160],[-19,119],[-14,60],[-6,156],[-7,68],[-18,35],[-16,182],[-24,142],[-33,106],[-17,109],[1,66],[-5,159],[-9,124],[6,66],[-3,65],[-10,24],[3,70],[10,49],[11,-65],[13,65],[8,122],[6,201],[-7,88]],[[17083,35342],[92,-466],[93,-475]],[[17268,34401],[127,-655],[94,-486],[147,-778]],[[17636,32482],[55,-295]],[[17138,32164],[-81,2],[-23,-18]],[[16936,33970],[-8,171],[7,20],[1,81],[-14,177],[-4,84],[-22,135],[-18,38],[-7,43],[-17,7],[-5,51],[-4,142],[6,35],[-14,128],[-7,-25],[-13,54],[-1,96],[8,79],[-4,53]],[[15890,35345],[15,-37],[5,30]],[[15346,42966],[82,-1],[0,-159],[31,2]],[[15459,42808],[44,1],[8,-31],[9,-222],[-4,-24],[13,-109]],[[15491,40178],[-133,-1]],[[15358,40177],[-16,58],[0,65],[-8,72],[-22,51],[-7,58],[-21,80],[-21,111],[5,102],[-8,149],[-9,96],[6,118],[16,212],[47,495],[6,95],[7,192],[-13,89],[4,136],[11,162],[9,277],[2,171]],[[20451,35136],[69,395],[3,27]],[[20615,35015],[0,-568]],[[20615,34447],[-18,0]],[[20458,34448],[-12,58],[-3,73],[9,72],[-3,62],[6,88],[-5,71],[7,139],[-6,125]],[[20140,42085],[113,-1],[37,-5]],[[20290,42079],[36,-3]],[[19831,35675],[-123,-14],[-141,0],[-36,-281]],[[28814,32428],[10,2],[17,-103],[4,-128],[-15,15],[2,74],[-18,140]],[[28812,31026],[18,35],[25,84],[6,-54],[-26,-23],[-23,-42]],[[28801,32991],[15,-224],[17,-178],[25,-299],[-15,55],[2,65],[-8,72],[-26,146],[-4,155],[2,42],[-8,140],[-6,18]],[[28769,31865],[-4,54],[-31,0]],[[28734,31919],[9,198],[-4,76],[5,49],[-2,97],[18,89],[-8,46],[22,35],[17,-36],[17,-144],[4,-89],[-1,-167],[3,-67],[-15,-58],[13,-103],[-5,-42],[-17,-47],[-11,3],[-10,106]],[[28537,33015],[-8,-62],[-1,-122],[6,-138],[14,-163],[-11,-46],[8,-44]],[[28545,32440],[-19,-147]],[[28368,32686],[17,55],[4,67],[-11,63]],[[26541,43009],[1,444]],[[26542,43453],[33,6]],[[26575,43459],[86,18]],[[26661,43477],[-7,-66],[35,-21],[5,35],[35,-134],[11,-23]],[[26672,43260],[-43,-3],[-12,-89],[-23,-61],[-5,-82],[-26,-113],[-22,-42]],[[26414,42396],[0,-334],[-16,0]],[[26398,42062],[-113,-2]],[[26285,42060],[0,502]],[[27479,40205],[0,274]],[[27479,40479],[0,457]],[[27479,40936],[0,148]],[[27479,41084],[44,0]],[[27657,40416],[11,-66],[-21,-136],[-23,-72]],[[27624,40142],[-37,10],[-13,37],[-31,22],[-43,-82],[-9,-46],[-12,19]],[[27479,40102],[0,103]],[[28939,40130],[10,-66],[-6,-125],[14,-18]],[[28901,39797],[-3,9]],[[28888,43303],[-6,682]],[[28882,43985],[34,0]],[[28916,42536],[-41,-13]],[[28875,42523],[18,51],[-5,729]],[[28884,41727],[26,31],[23,55],[19,76],[4,54],[27,78]],[[28983,42021],[18,-182],[-15,-157],[-17,-25],[-9,-165],[2,-158]],[[28923,41198],[-19,84],[6,82],[-13,84],[-15,-24],[-12,123],[-21,56],[-2,72]],[[28847,41675],[37,52]],[[27266,25987],[75,374],[19,-125],[-4,-85],[16,-40],[9,75]],[[27378,25080],[-8,-81]],[[26900,28765],[18,110],[13,18],[9,-40],[35,7]],[[26975,28860],[6,-176],[17,88],[12,-75],[14,15],[21,-14],[8,-49]],[[27053,28649],[-30,-46],[0,-90],[8,-76],[-5,-90],[-8,-56],[-3,-79],[5,-65],[19,-107],[-5,-71]],[[22247,46845],[140,-1]],[[22387,46844],[25,0]],[[22412,46844],[-1,-246],[8,6],[159,-337]],[[22578,46267],[9,-54]],[[22566,45586],[-44,82]],[[22522,45668],[-44,124],[-9,98]],[[22469,45890],[-7,77],[-26,67],[-20,4],[-23,132],[-27,31],[-2,123],[-6,39],[-23,23],[-25,117],[-22,194],[-8,30],[-22,-2],[-13,45],[2,75]],[[24815,31380],[7,6]],[[24826,31400],[67,-10],[6,26],[41,-56]],[[24940,31360],[-4,-725]],[[24936,30635],[-22,0]],[[24751,30636],[3,81],[25,-24],[8,54],[1,111],[10,40],[16,-23],[4,66],[-9,29],[7,96],[-5,52],[-16,14],[-2,87],[14,6],[8,155]],[[23599,21329],[13,-29],[29,38],[5,101],[11,-10],[7,43],[26,-52]],[[23690,21420],[12,-84],[-5,-65],[17,-30],[0,-74],[28,-70],[20,-26],[6,-91],[-5,-123]],[[23763,20857],[-19,-88],[7,-90],[17,-155]],[[23768,20524],[0,-22],[-46,5],[-26,-40],[-72,-187]],[[23600,20903],[-1,426]],[[23541,26602],[0,743]],[[18457,35409],[0,83],[60,0]],[[18457,34457],[0,952]],[[18139,43975],[39,-11],[105,8],[146,11]],[[18429,43983],[227,6],[7,-6]],[[18139,42080],[0,937],[0,958]],[[27494,33901],[6,75],[13,-7],[3,102],[11,30],[8,57],[23,54]],[[27612,34064],[-15,-28],[0,-105],[10,-129],[1,-218]],[[27501,33600],[-48,13]],[[27453,33613],[-4,93],[6,84],[7,22],[15,-34],[16,55],[1,68]],[[25525,39178],[0,248]],[[25525,39426],[41,1]],[[25566,39427],[52,-2]],[[25618,39425],[-1,-166],[-11,1],[0,-498]],[[25606,38762],[-101,1]],[[25505,38763],[-1,98],[5,43],[16,28],[0,246]],[[27029,23918],[-6,0],[-20,114]],[[27003,24032],[-4,47],[-22,74],[-8,51],[-16,34],[-32,137]],[[26921,24375],[0,243],[25,-1],[0,245]],[[26381,27882],[22,-167],[-6,-51],[4,-68],[0,-92]],[[26401,27504],[1,-62],[-10,-54],[-4,-67],[-18,2]],[[26370,27323],[-5,112],[-17,79],[-11,96],[-3,128],[5,52]],[[26539,26543],[50,199]],[[26589,26742],[5,-68],[10,-56],[17,0],[23,-82]],[[26607,28559],[31,114]],[[26638,28673],[8,-66],[26,-24],[39,-135]],[[26711,28448],[-7,-66],[5,-98]],[[26674,28163],[-11,48],[-3,86],[-13,94]],[[26647,28391],[-20,59],[-2,63],[-18,46]],[[26549,30115],[7,14],[1,93],[13,27]],[[26570,30249],[28,16]],[[26602,29698],[-50,4]],[[26552,29702],[-5,86],[-3,164],[5,163]],[[26582,23092],[46,-7],[-1,84]],[[26580,22369],[2,723]],[[27208,24353],[-21,-234],[-27,-72]],[[26855,27315],[3,-29]],[[26711,27189],[12,169],[24,68],[-5,83]],[[18673,44530],[-18,125],[-19,0],[-6,-65],[-14,58],[11,95],[-2,108],[-13,-12],[-21,106]],[[18499,45800],[2,71],[24,63],[165,1]],[[24948,40407],[6,-57],[1,-221]],[[24955,40129],[-34,-2],[-1,-111],[-18,-28],[-63,-1]],[[24841,42365],[33,0],[3,162]],[[24877,42527],[61,-1],[0,-163]],[[24938,42363],[0,-333]],[[24938,42030],[-97,2]],[[24841,42032],[0,333]],[[23468,45054],[131,-3]],[[23599,45051],[0,-162],[13,-1],[0,-503]],[[23484,44386],[0,504],[-16,0],[0,164]],[[23910,43048],[127,1]],[[24037,43049],[1,-662]],[[24038,42387],[-64,0]],[[23910,42386],[0,630]],[[23910,43016],[0,32]],[[23300,36435],[122,-1]],[[23422,36434],[0,-415],[-2,-167]],[[23420,35852],[-122,1]],[[23298,35853],[1,167],[1,415]],[[21982,37693],[26,-2]],[[22008,37691],[155,-1]],[[22163,37690],[4,0]],[[22167,37690],[0,-662]],[[22167,36862],[-81,-1],[-98,1]],[[21988,36862],[-5,0]],[[21983,36862],[-1,831]],[[26362,35923],[14,62],[-2,73],[13,13]],[[26387,36071],[12,0],[16,85]],[[26415,36156],[18,49],[14,-85],[26,-11],[13,-27]],[[26486,36082],[-5,-71],[7,-28],[-6,-266],[-9,-36],[11,-146]],[[26484,35535],[-23,-16],[-8,-66]],[[26453,35453],[-17,-14],[-24,45]],[[26111,36588],[-11,-42],[-12,-159],[6,-43]],[[26025,36003],[-22,89],[-11,166],[-14,-5],[0,92],[-9,15]],[[25969,36360],[17,82],[46,87],[43,-26],[36,85]],[[26068,35352],[15,-30],[7,53],[10,-31]],[[26210,35245],[-16,-56],[-10,-141]],[[26184,35048],[-7,-72],[-23,-24],[-11,-37],[-11,-92]],[[26132,34823],[-35,326],[-30,131],[1,72]],[[26626,35421],[16,252]],[[26802,35415],[-21,8],[-8,34],[-23,-129],[3,-100]],[[26635,35094],[2,122],[-4,130],[-7,75]],[[26354,37302],[20,29],[2,66]],[[26376,37397],[7,-23],[14,57],[55,41]],[[26452,37472],[12,-54]],[[26464,37418],[0,-99],[16,-81]],[[26455,37071],[-25,-113],[-25,-63],[-19,7]],[[26515,36728],[-29,-146]],[[26486,36582],[-57,-92]],[[26429,36490],[-26,84],[7,128],[-13,56]],[[26484,35535],[12,-5],[23,34],[16,-73]],[[26535,35491],[6,-48]],[[26541,35443],[0,-77],[10,-56],[10,-148],[8,-41]],[[26569,35121],[-22,-81],[-10,-75],[-12,-31]],[[26525,34934],[-18,5],[-14,34],[-23,93]],[[26470,35066],[3,72],[-11,53],[2,61],[-12,131],[1,70]],[[26573,36207],[-1,103],[4,50]],[[24202,22953],[20,0],[-7,318],[0,362],[30,-30],[11,56]],[[24357,23104],[-7,-48]],[[24350,23056],[-15,-78],[0,-196],[-4,-51]],[[24331,22731],[-110,0]],[[24589,21772],[17,-51],[1,-47],[16,-103],[5,3],[9,-98],[24,60]],[[24661,21536],[-3,-105]],[[24658,21431],[-76,-101],[-13,-89]],[[24569,21241],[-12,24],[-28,-31]],[[24529,21234],[0,87],[10,140],[14,266]],[[24018,25208],[35,-1]],[[24053,25207],[140,-3]],[[30429,48963],[-7,-69],[-24,26],[-9,-113],[9,-84],[-25,4]],[[30373,48727],[-20,-18],[-10,-36]],[[30177,50232],[8,83],[0,107],[-6,45],[13,59],[19,-77],[17,-26],[8,55],[-8,74],[-19,87],[9,136],[12,86],[14,44],[11,72]],[[29765,44641],[11,-79],[17,18],[-2,-126]],[[29791,44454],[-32,-48],[-17,-66],[-2,88],[-53,-39],[-9,46],[-18,-43],[1,-56],[-26,31],[-4,71],[-33,4],[9,50],[-1,128],[-20,22],[-13,-60]],[[29573,44582],[-17,31],[-1,115],[15,-18],[12,306],[-2,30]],[[26407,50083],[33,0]],[[23788,49662],[0,157],[23,171],[7,83],[18,30],[20,71]],[[23856,50174],[3,-1]],[[23859,50173],[56,-195],[9,-77],[-2,-129],[16,0]],[[23938,49772],[5,0],[3,-240],[6,-41]],[[23952,49491],[-10,-92],[-11,-54],[-21,-39]],[[23910,49306],[-32,39],[-22,-12]],[[23856,49333],[0,164],[-69,-1],[1,166]],[[23485,47509],[-2,0]],[[23483,47509],[0,495]],[[24847,26603],[-15,-101],[-6,-151],[-17,-90],[-10,-3],[-17,-67],[-8,6],[-24,-50],[-6,-65],[-19,-60],[-13,-2]],[[24712,26020],[-15,-97],[-14,-30]],[[24637,26106],[-1,82]],[[24636,26188],[6,52],[-12,76],[14,48],[-18,155],[28,165]],[[24847,26603],[65,10]],[[24912,26135],[-15,-90]],[[24819,25688],[-50,1],[0,166],[-57,2],[0,163]],[[24160,38742],[32,-4]],[[24192,38738],[59,-13],[-2,-334]],[[24249,38391],[-12,-230],[-1,-151],[6,-97],[-16,-167],[-6,-22],[-2,-136]],[[24218,37588],[-38,69],[4,49],[-14,65]],[[24170,37771],[-4,48],[8,68],[-10,36],[-17,105],[-6,92]],[[24141,38120],[-17,92]],[[24124,38212],[-1,62],[37,468]],[[23554,40249],[77,0],[31,-8]],[[23662,40241],[4,-1],[-1,-468]],[[23665,39690],[-110,2]],[[23555,39692],[0,139]],[[23555,39831],[-1,418]],[[23863,38159],[5,667]],[[23868,38826],[21,-62],[0,-63],[19,44],[1,113],[15,4],[16,38],[8,65],[-3,69],[27,-35]],[[24043,38699],[-3,-49],[-22,-142],[2,-117]],[[24020,38391],[-32,-175],[-1,-85]],[[20593,55023],[-36,0],[0,-497],[-12,0],[0,-664]],[[20545,53862],[-119,-1],[0,-167],[-35,0],[0,167],[-36,0]],[[20355,53861],[-23,0],[0,331],[-36,0],[0,333],[11,0],[0,647],[-27,0],[0,169],[-17,0]],[[17982,55022],[36,0],[-5,163],[0,165],[127,1],[-11,115],[13,55],[41,0],[8,-106],[30,-82],[8,-69],[13,-39],[3,-307],[16,-27],[2,-73],[-7,-46],[-4,-112]],[[18252,54660],[-82,-3],[3,-93],[-6,-108],[19,-193],[-5,-70],[6,-127],[13,-38],[0,-165],[-31,0],[0,-83],[-71,0]],[[18872,54847],[121,1],[-20,-169],[1,-35],[21,-38],[9,-47],[21,-42],[26,1],[0,-151],[36,0],[0,-57]],[[19087,54310],[0,-109],[-36,0],[-6,-98],[0,-112],[6,-28],[-1,-263],[35,-1],[3,-493],[-5,-26]],[[18803,53351],[-37,1],[0,410],[-23,0],[-19,28],[-10,77],[-19,17],[-1,616]],[[18694,54500],[35,-21],[0,202],[72,0],[0,165],[71,1]],[[18872,55674],[163,2],[-1,165],[20,0]],[[19054,55841],[37,0],[0,166],[217,-1],[2,-161],[31,0],[0,-169],[54,3]],[[19394,54925],[-37,-6],[-15,-64],[-30,26],[0,-128],[-6,-118],[2,-72],[-40,-134],[-12,1],[-36,-118],[-15,-2]],[[19205,54310],[-118,0]],[[18872,54847],[1,551]],[[18873,55398],[-1,276]],[[19848,54375],[-1,-93],[-15,-91],[6,-64],[-7,-135],[10,-122],[-3,-146],[16,-237],[-6,-22],[-9,-149],[13,-83]],[[19852,53233],[14,-91],[4,-91]],[[19870,53051],[-121,-3],[-32,-9],[-71,0]],[[19646,53039],[0,166],[6,0],[1,498],[-36,1],[5,162],[0,166],[36,-1],[0,70],[70,2],[6,14],[1,512]],[[22396,44155],[129,1]],[[22525,44156],[1,-332]],[[22526,43824],[0,-331]],[[22526,43493],[-127,-2]],[[22399,43491],[-2,0]],[[22397,43491],[-1,664]],[[20815,32967],[119,-1]],[[20934,32966],[0,-83],[60,-1],[0,-168],[120,0],[-3,-166],[0,-494]],[[21111,32054],[-1,-166],[-1,-488],[-2,-13],[-69,0]],[[21038,31387],[0,62],[-24,1],[-71,722],[-12,-38],[-97,-5]],[[28604,46326],[48,6],[23,-49],[16,79],[49,-120]],[[28767,45494],[-106,-38]],[[28661,45456],[-8,80],[-15,69],[-26,-7],[-3,306],[-8,-2],[-2,176],[7,14],[-2,234]],[[27513,32498],[18,46],[33,1],[0,56],[18,0],[29,-30]],[[27611,32571],[-1,-172]],[[27610,32399],[-5,-791]],[[27605,31608],[-33,-3]],[[27572,31605],[-7,147],[-34,186],[2,63],[-25,20],[-13,39]],[[27495,32060],[-5,88],[2,70],[23,80],[7,49],[-4,131],[-5,20]],[[28149,30114],[29,8],[8,-23],[16,11],[68,2]],[[28315,29578],[-18,-76],[-36,-197]],[[28135,29419],[-8,-9],[-18,89]],[[28109,29499],[22,126],[-16,52],[-10,87],[5,29]],[[27541,31603],[31,2]],[[27572,31605],[6,-55],[15,-30],[4,-110],[12,-56],[-9,-97],[-4,-127],[12,-141],[-6,-72]],[[27546,31017],[-22,-59],[-23,-7],[-18,46]],[[27483,30997],[58,606]],[[27605,31608],[83,11]],[[28109,29499],[-22,-60],[-31,18],[-61,176],[-44,-15],[-13,44]],[[27938,29662],[7,37],[-4,92],[15,261],[-14,88],[-13,190]],[[27071,32381],[11,93]],[[27115,31740],[-5,-62],[-17,-1],[-18,-30],[-10,49],[-10,-37],[-31,-28],[-5,19]],[[21467,53481],[93,0]],[[21560,53481],[134,-1],[96,4]],[[21790,53484],[8,-61],[0,-87],[25,-217],[-6,-53],[14,-137],[12,1],[5,-70],[21,46],[-2,-86]],[[21867,52820],[26,-77],[-5,-40],[11,-75],[-9,-54],[-3,-148]],[[21887,52426],[-37,-72],[-26,-10],[-18,46],[-11,-27],[-6,-86],[-18,-50],[-6,-75]],[[21765,52152],[-6,1],[0,165],[-70,0],[0,494],[-117,1],[0,166],[-105,-1]],[[21467,52978],[0,503]],[[26502,40525],[3,170]],[[26505,40695],[64,-26],[0,-27],[65,-31]],[[26634,40611],[16,-7],[-3,-217]],[[26647,40387],[-3,-192]],[[26644,40195],[-145,56]],[[26499,40251],[3,274]],[[16570,49695],[142,2]],[[16712,49697],[136,3],[44,-4]],[[16973,47874],[-100,1],[0,13],[-64,1],[0,-166],[-235,-3]],[[16574,47720],[1,664]],[[16575,48384],[1,983],[-6,1],[0,327]],[[16170,48543],[34,-1],[-1,164],[46,0],[-1,165],[123,2]],[[16371,48873],[0,-244],[102,6],[0,-94],[34,0],[0,-158],[68,1]],[[16574,47720],[-33,0],[0,-497],[-34,0]],[[28849,42388],[17,122],[9,13]],[[29019,42256],[7,4]],[[29026,42260],[-17,-104],[-29,-93],[3,-42]],[[28884,41727],[-28,260],[22,69],[-22,154],[-21,103]],[[28835,42313],[14,75]],[[27769,42817],[21,0],[0,95],[54,-10],[0,-189]],[[27844,42713],[-1,-483],[-1,-53]],[[27842,42177],[-20,-79],[-66,-66],[-14,20],[-8,-30],[-5,122],[-13,30],[-6,229]],[[27710,42403],[-2,7]],[[27708,42410],[13,86],[0,68],[12,44],[1,85],[17,28],[18,-1],[0,97]],[[27842,42177],[0,-266]],[[27842,41911],[0,-258],[-66,-468]],[[27709,41451],[1,952]],[[28379,41496],[38,-31],[32,-1],[9,-72],[18,-1]],[[28473,41371],[-20,-45],[-45,-42],[4,-43],[-34,-79],[-52,-164],[-17,-63],[-7,-61],[-30,-147]],[[28263,40677],[-13,219]],[[28250,40896],[38,214],[0,44],[33,129],[-1,53],[32,99],[27,61]],[[27725,29306],[9,-14],[15,-114]],[[27227,29680],[0,-77],[16,-244],[13,-164]],[[27213,28884],[-18,10],[-28,123],[-15,51],[-15,12],[-36,-22],[1,-62]],[[27102,28996],[-8,23],[-13,106]],[[27081,29125],[12,115],[2,71],[17,80],[15,43],[16,161],[6,12],[16,148]],[[27322,26883],[-12,51],[-19,124]],[[27291,27058],[-10,84],[4,448],[-2,81]],[[27322,26883],[-38,-140],[-6,-89],[-10,-28],[4,-101],[-18,-91],[-4,-43],[-18,-45]],[[27194,26919],[-6,0],[-14,95]],[[27174,27014],[20,120],[49,-96],[23,1],[25,19]],[[26160,32106],[-6,40]],[[26051,32579],[23,111],[15,16],[42,-68],[12,-45],[1,-56],[13,-27]],[[26155,32156],[-2,31],[-24,-24],[-24,47],[-18,-12],[-11,-37],[-14,-2]],[[26062,32159],[-22,69]],[[26319,32376],[21,81],[33,65],[12,1],[29,120]],[[26307,32079],[-4,66],[-12,72]],[[26602,32704],[3,48],[27,140],[25,-9]],[[26657,32883],[3,-37],[24,-3],[22,-29],[16,-102]],[[26701,32352],[-12,45],[-17,26],[-17,-20],[-14,80],[-36,149],[-5,-9]],[[26583,32864],[11,139],[-2,68],[10,136]],[[26680,33338],[9,12],[14,-60],[6,12]],[[26716,33101],[-14,-40],[-13,28],[-16,-65],[-4,-71],[-12,-70]],[[22934,23221],[65,220]],[[22999,23441],[78,260]],[[23098,22970],[-26,-101],[-14,-108],[-20,-228],[-30,-93]],[[22992,22507],[3,49],[-8,117],[-15,92],[3,76],[-14,-8],[-6,48],[-9,255],[-12,85]],[[23443,23831],[13,-73]],[[23272,22887],[-6,-7],[-11,122],[12,89],[-6,81],[-18,0],[-12,28]],[[23488,23299],[29,-81],[22,-36],[10,4],[17,-54]],[[23566,23132],[-27,-89],[32,-925]],[[23571,22118],[2,-68],[-54,-2]],[[23519,22048],[-33,7]],[[23486,22055],[5,70],[-37,88],[-12,56],[-5,84],[-8,57],[-11,-37],[-15,108],[5,123],[-20,82]],[[22656,22838],[57,-66],[86,-224]],[[22799,22548],[13,-32],[32,-530]],[[22794,21882],[-10,32]],[[22304,22908],[0,991]],[[22304,23899],[28,44]],[[22452,23459],[-2,-52],[11,-58],[-5,-92],[8,-60],[11,48],[6,-73],[-5,-50],[10,-45]],[[22484,22870],[-144,0]],[[22340,22870],[-36,1],[0,37]],[[22343,27590],[56,-4],[92,1]],[[22491,27587],[-2,-740]],[[22489,26847],[0,-106],[-41,4]],[[22448,26745],[-105,5]],[[22343,26750],[0,840]],[[23580,24876],[138,12]],[[23718,24888],[18,-132],[6,2],[14,-130]],[[23769,24137],[-18,49],[-24,-81]],[[23727,24105],[-30,98],[-85,63]],[[23612,24266],[-9,226],[-1,97],[-5,40]],[[23597,24629],[-9,114],[-8,42],[0,91]],[[23566,23132],[29,-48]],[[23595,23084],[12,-13],[20,25],[25,-40],[3,-96],[10,-113],[7,-212],[11,-29],[5,-188],[19,-56],[-8,-112],[4,-133]],[[23703,22117],[-132,1]],[[23595,23084],[92,125]],[[23687,23209],[22,29],[3,38]],[[23712,23276],[36,45]],[[23748,23321],[12,-402],[-2,-412],[-8,-930]],[[23750,21577],[-60,-2]],[[23690,21575],[-1,83],[11,108],[-10,129],[13,222]],[[22987,19680],[-5,31]],[[22982,19711],[27,136],[-64,461],[-11,0],[-3,74],[-9,32]],[[22922,20414],[44,305],[41,322]],[[22607,18618],[25,56],[9,-46],[29,-53]],[[22670,18575],[13,-76],[10,-165],[14,-39],[19,3],[7,-38],[0,-90],[10,-45],[10,4],[6,-50],[9,8],[14,-44]],[[22782,18043],[-46,-427]],[[22659,17639],[3,13],[-79,914],[24,52]],[[23204,22761],[-85,-78]],[[23119,22683],[-13,168],[3,50],[-11,69]],[[20681,24927],[19,-1]],[[20700,24926],[145,0],[85,0]],[[20930,24926],[-18,-1408],[-4,-297]],[[22019,23188],[143,-2]],[[22162,23186],[0,-279],[33,0]],[[22195,22907],[0,-438]],[[22019,22468],[0,720]],[[18773,37319],[3,16],[125,0]],[[18751,36650],[-1,522],[23,147]],[[28311,36951],[6,-55],[18,9]],[[28280,36344],[-12,33]],[[24517,30649],[-1,-173],[10,0],[5,-85]],[[24531,30391],[-1,-252],[15,-2],[-1,-168]],[[24543,29380],[-26,124],[-3,64],[-9,8],[-27,171],[-1,62],[-24,3]],[[24453,29812],[1,56],[-20,31],[0,111],[20,-3],[1,303],[3,106],[-2,62]],[[20376,37213],[21,109],[8,4],[8,194],[-10,43],[-3,95],[-12,26]],[[20388,37684],[178,8]],[[20566,37692],[26,-1],[-1,-95],[83,5]],[[20674,37601],[0,-249]],[[20674,37352],[1,-498],[-31,0]],[[20326,38375],[6,-117],[17,-17],[1,-86],[22,4],[13,-92],[15,-39],[-5,-40],[10,-88],[-9,-66],[-2,-106],[-6,-44]],[[20311,37168],[-29,171],[1,107],[-10,130],[-13,32],[-3,63],[6,74],[0,187],[6,-1],[19,113],[-14,77],[-12,10],[-12,-34],[-18,95],[-6,64],[-14,8]],[[20212,38264],[6,115]],[[19924,36938],[38,0],[-1,698]],[[19991,38757],[11,-159],[16,-37],[6,-67],[58,1],[23,-108],[6,-64],[16,-70],[29,-26],[17,129],[24,-3],[15,-89]],[[27348,18470],[-95,-4],[0,55],[-36,1],[0,139],[10,43],[2,95]],[[26821,20898],[-9,35],[-5,100],[-9,68],[-35,171],[-20,51],[-15,-12],[-10,154],[1,146]],[[26950,23815],[20,25],[33,192]],[[26987,23448],[-19,59],[-9,68],[-1,141],[-8,99]],[[26978,26519],[12,195],[-5,238],[7,171],[9,143],[-9,76]],[[27134,27210],[-2,-74],[16,-82],[18,-44],[8,4]],[[27131,26659],[-3,27],[-22,58],[-28,-57],[-35,-14],[-11,-63],[-6,-135]],[[21851,49268],[25,-65],[4,-57],[-8,-163],[1,-72],[13,-52],[18,-17]],[[21904,48842],[3,-36],[-16,-71],[0,-69],[11,-20],[17,30],[19,-6],[5,-33],[6,-161],[37,-57],[19,-2],[22,-31],[28,-76],[18,-5],[8,-46],[-13,-89]],[[25073,32940],[54,-6],[0,41]],[[25201,32670],[-4,-518]],[[25197,32152],[-58,12]],[[25914,33114],[9,76],[19,88],[14,27],[2,57]],[[26000,33335],[-6,-236],[7,-70],[12,-25]],[[26013,33004],[-5,-61],[-3,-142]],[[25935,32714],[-21,400]],[[26194,31517],[-4,66],[10,93],[0,57],[17,90],[37,273]],[[25684,31439],[2,66],[16,56],[13,85],[6,108],[4,217],[9,20]],[[25734,31991],[26,6]],[[25785,31340],[-1,-73],[-27,-60],[-13,-81],[-23,21]],[[23448,25633],[97,-1],[10,-20],[6,67]],[[23586,25677],[-1,-71],[-10,-162],[-14,-132],[0,-82],[-6,-170],[1,-185],[24,1]],[[23597,24629],[-135,3]],[[23119,22683],[-5,-53],[6,-49],[-4,-115],[3,-124],[-5,-107],[15,-186],[7,-137],[-11,-65],[-3,-103]],[[23205,27613],[0,99]],[[23205,27712],[11,5],[16,59],[25,-43],[14,27],[15,-19],[11,-59],[11,15],[32,-117],[18,-22]],[[23359,27553],[-1,-2]],[[23204,27250],[1,363]],[[21322,28405],[148,-1]],[[21470,28404],[3,-829]],[[21473,27575],[-145,-2]],[[21328,27573],[-6,832]],[[23486,22055],[2,-12],[-90,-271]],[[23144,26524],[40,-2]],[[23319,25603],[-175,4]],[[23150,24950],[1,-13]],[[23100,23808],[-73,730]],[[23027,24538],[123,412]],[[23727,24105],[0,-197],[-17,-107],[6,-87],[-6,-130],[4,-106],[-2,-202]],[[23687,23209],[-18,71],[-9,75],[-28,93]],[[23632,23448],[-4,74],[7,86],[-3,174],[5,28],[-3,122],[5,64],[-2,114],[-25,156]],[[21761,29334],[26,0]],[[21787,29334],[120,3]],[[21907,29337],[0,-912]],[[21761,28421],[0,913]],[[19026,39818],[-109,0]],[[18917,39818],[-109,0]],[[23375,49497],[137,2]],[[23512,49499],[71,0]],[[23583,49499],[1,-334]],[[23584,49165],[-37,-1],[2,-497]],[[23549,48667],[-44,2]],[[23344,49130],[-14,61],[-20,42]],[[23310,49233],[0,263],[65,1]],[[23503,53143],[36,-1],[-1,330],[0,659],[-2,167]],[[23536,54298],[71,3],[0,63]],[[23607,54364],[25,-55],[58,124],[10,-24],[15,-114],[0,-108],[15,-26],[10,-62],[23,26],[20,-84],[-7,-81],[10,-41],[-1,-345]],[[23785,53574],[0,-433]],[[23785,53141],[-158,5],[0,-332],[4,-1],[1,-650],[-4,-23]],[[23541,52275],[-22,38]],[[23519,52313],[-13,49],[-1,449],[-2,332]],[[23549,48667],[192,2]],[[23741,48669],[2,-23],[-10,-150],[5,-52],[-13,-83],[-6,-106]],[[24907,27241],[13,135],[16,0]],[[24936,27376],[53,1]],[[24989,27377],[39,-1],[-1,-336]],[[25027,27040],[0,-338]],[[24974,29047],[73,-2]],[[25047,29045],[1,-166],[29,0]],[[25077,28879],[0,-499],[-14,-1],[-1,-139]],[[25062,28240],[0,-31],[-87,-1]],[[24975,28208],[-1,277]],[[24974,28485],[0,562]],[[23842,36034],[1,166],[16,-3],[2,305]],[[23861,36502],[50,-12],[72,-9]],[[23981,36177],[-31,3],[-1,-194]],[[23949,35986],[-108,20],[1,28]],[[19852,53233],[118,0],[1,15],[208,1],[0,-28],[176,2]],[[20355,53223],[-9,-28],[0,-663],[-10,0],[1,-660],[-11,0],[0,-665]],[[20326,51207],[-11,-60],[-1,-772],[-12,0],[0,-328]],[[20118,51363],[0,508],[-19,0],[0,326],[-6,-2],[0,169],[-35,0],[0,139],[-6,27],[-157,-1]],[[19895,52529],[-12,27]],[[19883,52556],[-4,-1],[0,193],[-6,36],[7,122],[-9,65],[-1,80]],[[20355,53861],[0,-611]],[[20355,53250],[0,-27]],[[22913,42944],[24,-25],[21,18],[10,-36],[39,5],[20,-75],[7,-1]],[[23034,42830],[13,-52],[5,-98],[16,-94],[-4,-60],[10,-84]],[[23074,42442],[5,-142],[-8,-63],[6,-71]],[[23077,42166],[-9,-57],[-32,2]],[[23036,42111],[0,55],[-124,2]],[[22912,42168],[1,776]],[[17430,42081],[119,-1],[0,-636],[44,-1027],[46,1]],[[17619,38577],[-193,-1]],[[28986,47064],[-16,917]],[[28970,47981],[29,-87],[58,38]],[[29057,47932],[22,-1112],[-26,-280],[43,-102]],[[29096,46438],[5,-203],[-17,-115],[-5,-69],[4,-68]],[[29083,45983],[6,-94],[-7,-257]],[[28957,45663],[3,2],[-5,327],[42,334],[-26,59],[4,86],[20,52],[-9,541]],[[22274,56129],[64,-1],[0,332]],[[22338,56460],[182,-1]],[[22527,55794],[-36,0],[0,-331],[-29,0],[0,-203]],[[26841,38169],[6,421]],[[26847,38590],[7,75]],[[26854,38665],[31,-11],[0,-24],[32,-17],[-1,-69],[32,-13],[-3,-196]],[[26945,38335],[-6,-363],[-33,0]],[[26906,37972],[-21,9]],[[26885,37981],[-31,11],[2,172],[-15,5]],[[23232,32860],[40,0],[4,-55],[10,-8],[4,-72],[32,-31]],[[23322,32694],[64,-1]],[[23386,32693],[-5,-125],[-15,-86],[-1,-107],[15,-108],[-10,-73]],[[23370,32194],[-26,18],[-17,-44],[-16,9],[-24,-31],[-6,-43],[-15,49],[-3,125],[-32,-1]],[[23231,32276],[-15,0]],[[23216,32276],[0,86],[16,0],[0,498]],[[22223,32863],[119,-5]],[[22342,32858],[89,6]],[[22432,32193],[-207,-1]],[[22225,32192],[-1,383]],[[22224,32575],[-1,288]],[[15602,49171],[1,55]],[[15978,49102],[-4,-133],[5,-38],[-15,-197],[1,-187]],[[15593,48339],[-10,57],[-7,117],[4,105],[6,25],[-2,118],[-13,95],[26,157],[17,4],[8,36],[-20,118]],[[28580,40549],[36,79],[36,32],[44,116]],[[28696,40776],[77,-340]],[[27956,41901],[0,431],[11,135],[16,-2]],[[27983,42465],[17,30],[0,69],[115,-44]],[[28115,42520],[40,-26]],[[28080,41572],[3,-19]],[[28083,41553],[-126,2]],[[27957,41555],[-1,346]],[[28511,43205],[165,-93]],[[28676,43112],[-17,-313]],[[28659,42799],[-8,-128]],[[28651,42671],[-27,-3],[-11,-62]],[[28613,42606],[-40,54],[-44,193],[-18,352]],[[28494,34953],[-19,-50]],[[28475,34903],[-8,27]],[[28384,35068],[6,116]],[[28001,35853],[9,45],[32,15],[2,62]],[[28044,35975],[7,-70],[17,-48],[46,-85]],[[28114,35772],[-3,-104],[-60,-564]],[[28051,35104],[-13,-18],[-23,129]],[[28015,35215],[-25,59],[-6,52],[-33,183]],[[27951,35509],[10,171],[14,-20],[8,78],[19,20],[-1,95]],[[17086,55090],[-1,-1078]],[[17047,54013],[-135,0],[-149,2]],[[16763,54015],[1,731],[1,568]],[[27217,36338],[6,-37],[16,2]],[[27360,36017],[14,-99],[-6,-122],[-17,22],[-3,-55],[-22,-85],[1,-57],[-9,-43]],[[27318,35578],[-11,18],[-18,-43],[-6,-124]],[[27201,35964],[-1,57],[-12,39],[2,101],[-5,64],[18,115],[14,-2]],[[27151,37556],[17,-137],[31,111]],[[27199,37530],[16,-120],[45,-28],[8,-25],[23,11]],[[27291,37368],[-25,-106],[8,-190],[6,-207]],[[27217,36338],[-6,139],[-14,29],[3,66],[-14,52],[-12,75],[-10,16],[1,68],[-33,13],[-20,-34]],[[27112,36762],[9,75],[-4,129],[-27,17]],[[27090,36983],[4,139],[18,57],[31,75],[-8,106],[1,129],[15,67]],[[27205,38112],[15,45],[29,-88],[18,37]],[[27321,37529],[-13,-88],[-17,-73]],[[27199,37530],[-7,114],[7,290],[-2,128],[8,50]],[[24864,48274],[50,-4]],[[24914,48270],[35,-3]],[[24949,48267],[0,-503]],[[24949,47764],[0,-647]],[[24949,47117],[-52,-3]],[[25263,24724],[11,636]],[[25274,25360],[3,154]],[[25414,25518],[-25,-48],[3,-191],[-8,-77],[-9,-158],[-12,-7],[-1,-79],[12,-51]],[[25265,24350],[-2,374]],[[16438,39617],[37,2],[4,26]],[[16479,39645],[-1,-529]],[[29643,43184],[3,-268],[24,-1],[12,-99],[-1,-107],[6,-14],[16,-129]],[[29703,42566],[-23,33],[-19,-27],[-21,18],[-33,-46],[-14,37],[-9,-21],[-14,-90],[-10,12],[-17,-80]],[[29543,42402],[0,115],[6,48]],[[12766,72595],[37,3],[33,-40],[22,-96],[12,-122],[2,-94],[9,-42],[25,-21],[16,-72],[8,-82],[33,-84],[6,-99],[16,-62],[-31,-59],[-23,-87],[-23,-24],[-91,67],[5,-101],[-22,-56],[-14,55],[-47,37]],[[12739,71616],[-7,166],[6,67],[-16,63],[-6,116],[-17,67],[22,15],[0,212],[63,128],[-18,145]],[[12691,74049],[12,0],[10,76],[18,3],[28,-79],[35,-1],[12,-61],[32,5],[6,-43],[19,3],[8,46],[22,-63],[8,-95],[-13,-94],[21,-71],[44,13],[1,46]],[[12954,73734],[27,-211],[53,-295],[32,-249],[-33,-228],[90,-89],[-20,-295]],[[13103,72367],[-28,3],[-17,-87],[-7,-91],[-38,-53],[-9,-75],[-24,-30]],[[12980,72034],[8,63],[-32,63],[-40,118],[-8,91],[-19,57],[-19,138],[28,21],[-23,79],[-24,21],[-16,50],[-30,13],[-6,51],[-30,-20],[-41,84],[-11,43],[1,101],[-10,66],[13,43],[67,20],[-10,77],[-20,-2],[-27,41],[-4,129],[-16,103],[2,129],[-28,66],[-13,69],[-3,83],[5,96],[26,11],[14,-64],[36,-45],[45,-105],[9,23],[-25,90],[-14,3],[-26,113],[-28,75],[-20,21]],[[4577,85120],[26,78],[18,21],[23,-24],[27,9],[10,-66],[-23,-90],[-54,-6],[-27,78]],[[5095,84035],[-318,0],[0,165],[-53,0],[0,166],[-53,0],[0,165],[-57,0]],[[4614,84531],[46,236],[13,85],[28,85],[-11,103],[65,-52],[21,-122],[35,5],[18,-22],[33,48],[31,-28],[76,40],[48,60],[9,97],[40,131],[45,219],[11,98],[-1,91],[-22,216],[-14,78],[-16,189],[0,226],[-14,81],[-63,230],[-44,86],[-19,9],[-4,162],[21,49],[49,-66],[41,-6],[17,18],[32,151],[28,68],[3,192],[-28,178],[-28,41],[-26,66],[-34,47],[-43,-156],[-3,-60],[-42,-49],[-35,40],[-62,-45],[-23,-97],[-61,-34],[-19,-118],[-86,-169],[-20,-114],[-5,-165],[-30,-53],[-19,-3],[2,89],[-18,129],[3,55],[-23,83],[-22,18],[-6,64],[-31,65],[4,55],[-30,3],[-2,-49],[-30,-77],[28,-79],[22,-11],[13,-60],[29,5],[0,-57],[-18,-26],[-5,-106],[-18,-18],[-22,134],[-36,90],[-60,89],[-77,19],[-28,-41],[-55,25],[-62,-28],[-123,-200],[-48,-21],[-48,58],[-136,121],[-50,22],[-102,79],[-49,110],[-24,183],[0,116],[14,20],[6,99],[-13,84],[-25,75],[-41,82],[1,68],[-15,68],[-33,68],[7,55],[34,-25],[39,30],[30,101],[-4,89],[36,101],[-19,72],[-29,41],[-47,-13],[-38,30],[-62,79],[-99,32],[-56,99],[-29,87],[-39,76],[-62,70],[-14,136],[9,77],[29,68],[121,177],[49,94],[74,172],[142,307],[100,175],[88,168],[86,144],[129,183],[108,122],[103,92]],[[2034,84941],[5,176],[25,159],[4,123],[-4,107],[28,-27],[-3,-115],[28,-85],[50,-66],[91,-93],[39,-16],[70,180],[29,-2],[20,60],[52,-19],[59,-192],[5,-170],[55,-105],[59,-25],[45,-130],[63,-32],[59,-3],[47,-23],[19,-39],[32,-18],[-7,-136],[-17,-86],[-26,-75],[-24,41],[-40,23],[-31,-8],[-45,-48],[-4,-41],[-40,-102],[-12,-81],[14,-101],[-19,-11],[-12,-67],[-34,50],[5,40],[-23,175],[-11,49],[-47,125],[-26,31],[-23,-5],[-19,31],[-21,157],[-21,72],[-39,82],[-82,102],[-66,13],[-51,-79],[2,-41],[-45,-97],[-73,110],[-34,136],[-6,96]],[[18150,44990],[20,16]],[[18170,45006],[15,28],[11,-28],[13,40],[14,-63],[24,25],[9,96],[18,134],[24,24]],[[18298,45262],[27,35],[19,-112],[19,-7]],[[18429,44610],[0,-627]],[[18139,43975],[-67,0]],[[18072,43975],[0,642],[-1,165],[60,-1],[1,186],[18,23]],[[25541,25512],[15,1],[-1,334],[86,9],[10,99],[-1,58],[11,52],[-1,44],[8,208]],[[25668,26317],[0,-127],[28,2]],[[25541,25431],[0,81]],[[26808,36696],[20,29],[17,102]],[[26845,36827],[9,-18],[17,52],[24,8],[3,-35]],[[26927,36258],[-10,33],[-13,-16],[-4,-121],[-5,-22]],[[24262,26304],[-7,-69],[-51,-201],[-40,3]],[[24164,26037],[0,167],[-29,1],[0,86],[-14,62],[-19,20],[-24,1]],[[24078,26374],[0,485]],[[27955,39646],[119,-1]],[[28074,39645],[11,0]],[[28050,39253],[-27,5],[-16,39],[-10,-9]],[[27997,39288],[-30,100],[-17,3],[-13,-127],[-17,-69],[-6,-88],[-31,75]],[[27883,39182],[39,464]],[[26305,50256],[-1,-167]],[[26270,49927],[-102,2],[0,167],[-46,4]],[[26122,50100],[5,121],[19,90],[8,-5],[20,88],[18,22],[12,-13]],[[26056,50851],[6,153],[17,133],[10,7],[4,-108],[0,-174],[-19,-67],[-18,56]],[[25029,34474],[-17,-29],[-26,-168],[-10,0],[-5,-69]],[[24923,34188],[1,131],[-7,46],[-2,66],[-18,193],[6,72]],[[19530,27230],[141,-2],[26,-13],[125,1]],[[19931,26080],[-88,-2],[0,-166],[-85,-1],[0,-833],[4,0],[0,-411]],[[19762,24667],[-86,-1],[0,412],[-4,0],[1,833],[-31,0],[0,166],[-57,-1],[-1,332],[-54,1]],[[19530,26409],[0,821]],[[21494,51505],[0,207]],[[21494,51712],[29,30],[15,-68],[31,5],[16,-43],[11,43],[22,-51],[16,62],[18,28],[36,93],[3,54],[18,14],[10,96],[21,44],[8,116],[17,17]],[[21887,52426],[11,-123],[0,-65],[-9,-91],[7,-62],[-6,-78],[-14,-124],[4,-136],[15,-121],[8,-16],[5,-107]],[[21908,51503],[-118,0],[-135,0],[-161,2]],[[23165,34454],[10,0]],[[23175,34454],[50,1]],[[23225,34455],[0,-110],[-6,0],[0,-656]],[[23219,33689],[-1,-332]],[[23218,33357],[-53,1]],[[27006,31018],[69,-17]],[[27075,31001],[26,-6]],[[27101,30995],[25,-314],[8,-169],[12,-34]],[[27107,29872],[-16,15],[-12,89],[-14,25],[-18,73],[-5,84],[-8,8],[-8,69]],[[27026,30235],[-23,128],[3,655]],[[22282,14580],[45,197],[15,210]],[[22342,14987],[149,-4]],[[22445,13981],[-19,-41],[-18,97],[-10,84],[-10,1],[-10,71],[-20,-30],[-1,36],[-15,11],[-5,45],[-11,-17],[-7,41],[-12,-33],[-8,56],[5,97],[-10,92],[-11,21],[-1,68]],[[23750,21577],[55,2]],[[23805,21579],[-4,-67],[6,-109],[-7,-110],[0,-79]],[[23800,21214],[-18,-118],[-8,-133],[-11,-106]],[[23690,21420],[6,81],[-6,74]],[[24358,41725],[87,-1]],[[24445,41724],[32,-77],[24,-99],[26,-47]],[[24527,41501],[-3,-51],[-17,-60]],[[24507,41390],[-17,1],[-29,-55],[-16,-127],[11,-58],[-2,-230],[-12,-26]],[[24442,40895],[-17,7],[-13,55],[-1,92],[-10,4],[-14,83],[-3,74],[-15,18],[-10,87]],[[24359,41315],[-1,410]],[[25953,25023],[28,-7],[3,-152],[26,0],[0,-166],[37,0]],[[26022,24198],[-12,0]],[[26010,24198],[-99,-1]],[[25237,34601],[21,-15]],[[25258,34586],[8,12],[10,149],[-6,97],[-17,112],[-2,42],[8,105],[3,91],[17,69]],[[25279,35263],[16,-35]],[[25295,35228],[16,-51],[2,-82],[20,-118],[7,-103],[-7,-69],[7,-68]],[[25340,34737],[-10,-125],[1,-103],[-4,-87]],[[25327,34422],[-20,132],[-13,24],[-18,-26],[-16,-53]],[[25260,34499],[-12,24],[-11,78]],[[25815,36449],[29,-143],[40,-178],[25,-149]],[[25909,35979],[-34,-392]],[[25774,35718],[-11,249],[6,95]],[[26426,34353],[10,32],[8,-37],[16,-6],[14,57],[9,-27]],[[26512,33674],[-66,5]],[[26446,33679],[-23,161],[-4,156],[-8,42],[15,315]],[[25377,35419],[17,18],[19,-66]],[[25413,35371],[1,-136],[7,-20],[16,43],[0,-86],[13,7]],[[25368,34799],[-4,-38],[-24,-24]],[[25295,35228],[21,91],[56,39],[5,61]],[[24472,22360],[-6,9]],[[24466,22369],[-6,121],[-7,70],[-20,-43],[-28,-10],[-9,80],[12,35],[7,134],[-2,55],[-11,-13],[2,-66],[-20,-16],[-10,37],[5,132],[-5,79]],[[24375,23009],[-10,49],[-15,-2]],[[28713,36673],[11,78],[6,-42],[-17,-36]],[[28753,37647],[30,57],[11,-53],[14,-10],[11,-68]],[[28821,37431],[-12,-44],[-6,-59],[-16,-49],[-12,-193]],[[28775,37086],[-13,-70],[-8,-94],[-11,-48],[-8,83],[12,20],[-2,82],[-10,-4],[-11,-113],[6,-43],[-5,-76],[-19,112],[-14,29],[-5,84],[-9,35],[-10,-27],[-23,225],[19,29],[5,51],[-12,86],[3,81],[21,-2],[8,32],[17,-85],[24,-20]],[[27769,39643],[24,0]],[[27883,39182],[-41,-221],[-16,-67]],[[27766,38661],[2,621],[1,361]],[[28448,37859],[0,12]],[[28458,38202],[4,52],[28,264]],[[28490,38518],[14,-53]],[[28504,38465],[2,-65],[23,-68],[14,-95],[2,-112],[6,-39],[-12,-236],[8,-61]],[[28550,37384],[-19,43],[-2,112],[-32,78],[-28,6],[-15,-25],[-9,-53],[-10,163]],[[26572,44143],[65,6]],[[26637,44149],[33,16],[35,1],[23,-100]],[[26728,44066],[1,-87],[-11,-43],[-4,-65],[-16,-12],[-6,-103],[-11,-18],[-16,-108],[-4,-153]],[[26575,43459],[-3,684]],[[23787,47508],[34,1]],[[23821,47509],[0,-664]],[[23821,46845],[-90,0]],[[23731,46845],[-77,0]],[[24582,26847],[1,-121],[-14,-202],[-1,-335],[68,-1]],[[23552,37103],[0,169]],[[23704,37214],[-2,-443],[7,-1]],[[23709,36770],[-2,-338]],[[23707,36432],[-8,-8],[-14,49],[-30,-58],[1,44],[-104,18]],[[23552,36477],[0,626]],[[23553,38352],[1,132]],[[23554,38484],[21,65],[13,-3],[6,-48],[17,84],[18,31],[6,77],[17,28],[12,-55]],[[23664,38663],[7,-50],[16,-23],[7,-48]],[[23694,38542],[-3,-431]],[[23691,38111],[-1,-161]],[[23553,37977],[0,375]],[[24081,41298],[21,2]],[[24182,41313],[0,-478]],[[24182,40835],[-93,-6]],[[17928,54029],[6,-83],[18,0],[0,-82],[17,-29],[0,-55],[18,-28],[6,-107],[23,0],[0,-84],[-12,-27],[-11,-87],[0,-248],[5,-164],[-35,-20]],[[28903,38995],[-2,6]],[[28860,39469],[23,160],[5,99],[15,58]],[[28900,39007],[-13,98],[-20,41],[1,153],[6,69],[-13,56]],[[29026,42260],[55,-350]],[[29047,41676],[-22,-149],[-13,-29],[-26,-104],[-10,-21],[-13,-71]],[[29236,42335],[86,-260],[2,0]],[[29324,42075],[-6,-152]],[[29318,41923],[-5,-67]],[[29299,41695],[-8,36],[-13,-20],[-8,-54],[-16,16]],[[29254,41673],[5,64]],[[29259,41737],[-3,279],[-24,29],[-13,69],[17,221]],[[29193,42468],[37,-115]],[[29230,42353],[6,-18]],[[29259,41737],[-40,148]],[[29155,42244],[38,224]],[[20615,34447],[43,-4],[184,1],[92,5]],[[20934,34449],[0,-605],[0,-878]],[[29300,42694],[122,85]],[[29422,42779],[-2,-136],[19,-157],[-68,-214],[20,-169],[-1,-44]],[[29390,42059],[-7,-75],[-30,-126]],[[29353,41858],[-35,65]],[[29324,42075],[2,282],[-23,196],[7,70],[-10,71]],[[28566,46689],[36,109],[21,91],[34,-17],[15,29],[9,87],[1,201]],[[28801,47205],[5,-416]],[[28806,46789],[-17,25],[-20,-302],[7,-11],[-6,-312]],[[28604,46326],[0,55],[-35,-5],[-3,313]],[[26639,27660],[70,94]],[[26668,27185],[-33,-25]],[[26635,27160],[4,500]],[[26802,26373],[-3,-97]],[[26799,26276],[-23,-67],[-52,-169]],[[26674,26638],[14,53]],[[26931,24867],[-3,-39],[-13,20]],[[26915,24848],[-1,43],[-15,63],[-4,258],[-5,87],[-1,140],[-6,54]],[[17519,46106],[80,2],[1,329],[0,583]],[[17880,47681],[-7,-46],[2,-106]],[[17875,47529],[-9,-68],[-6,-148],[9,-92],[-7,-37],[1,-106],[-14,-34],[-1,-774]],[[17848,46270],[0,-540],[13,-6]],[[17861,45724],[0,-273]],[[24165,43051],[32,1]],[[24197,43052],[98,2]],[[24295,43054],[0,-662]],[[24295,42392],[-65,-2]],[[24230,42390],[-64,-1]],[[24166,42389],[-1,662]],[[23004,39347],[95,0]],[[23156,39347],[0,-666]],[[23156,38681],[-1,-172]],[[23155,38509],[-13,128],[-25,-9],[-3,35],[-17,-5],[-22,-35],[-6,-61],[-12,36]],[[22162,39350],[149,1]],[[22311,39351],[6,0]],[[22317,39351],[-1,-829]],[[22316,38522],[-151,-2]],[[22165,38520],[-4,1]],[[22161,38521],[1,829]],[[26202,36433],[14,73],[8,102]],[[26224,36608],[15,-19],[17,-48],[12,44]],[[26268,36585],[10,-65],[-5,-80],[14,-135]],[[26222,36155],[-16,-7],[-11,54],[-7,-35]],[[26183,36308],[11,46],[8,79]],[[26409,34379],[10,207],[9,81],[0,78]],[[26428,34745],[6,53],[4,114],[10,6],[1,72],[21,76]],[[26525,34934],[0,-87],[-8,-58],[13,-120],[11,14],[6,-53],[-2,-69]],[[26426,34353],[-17,26]],[[25134,34885],[33,-516]],[[25167,34369],[-28,-26],[-21,-40],[-22,-7],[-8,53]],[[25088,34349],[-9,73]],[[23898,25708],[37,0],[0,84],[25,1],[-8,248]],[[23952,26041],[83,1]],[[24035,26042],[0,-251],[28,0]],[[24063,25791],[1,-418],[-7,-45],[-4,-121]],[[24531,20541],[-2,-103],[7,-35]],[[24482,20121],[-18,22],[-4,44],[-20,9],[-7,52],[-19,-30],[-10,202],[-20,-14],[3,174],[-3,41],[-24,-8],[-17,16],[-22,-71],[-1,58]],[[24201,21395],[9,44],[1,77],[20,58],[0,55],[9,55]],[[24240,21684],[27,151],[16,-18]],[[24289,21187],[-27,68],[-7,103],[-11,-23],[-21,51],[-22,9]],[[24583,22352],[96,1]],[[24702,21642],[-7,-89],[-12,-66],[-22,49]],[[24466,22369],[3,-49],[-21,-122],[-5,-109],[-20,-27]],[[24423,22062],[-60,1]],[[24348,22063],[6,43],[-6,80],[6,201],[0,68],[-10,156],[-10,49],[-3,71]],[[24607,23019],[72,1]],[[15785,56653],[223,-5],[218,-4],[0,31],[43,0]],[[16200,55987],[-124,0],[-258,3]],[[15818,55990],[-33,132],[-12,15],[-7,97],[-27,-34],[-4,149],[15,67],[16,-41],[6,-64],[19,5],[-10,183],[14,2],[8,64],[-18,88]],[[15715,56537],[9,47],[11,-82],[-15,-49],[-5,84]],[[15663,55547],[15,-36],[-2,118],[14,50],[19,15],[4,-49],[-15,-56],[15,-109],[4,116],[11,23],[7,-163],[-13,-57],[11,-55],[1,-76],[11,-96],[-22,-104],[-8,-8],[-4,-112],[-16,-68],[7,169],[-18,-46],[-8,-93],[1,-78],[-7,-85],[-22,-74]],[[15502,54503],[-151,2],[0,29],[-85,-1]],[[15266,54533],[-4,93],[-18,313],[-10,42],[-8,103],[-32,111]],[[15337,53124],[67,-5],[136,1]],[[15543,52342],[-102,2],[-1,-182]],[[15440,52162],[-19,-9],[-22,-86],[-9,11],[-21,121],[-10,13],[-16,-76],[5,211],[1,204],[-4,261],[13,-91],[-2,-165],[4,-224],[17,0],[-4,115],[-7,57],[28,86],[-1,69],[-17,121],[12,124],[23,75],[-12,24],[-29,-11],[-5,-36],[-27,77],[-1,91]],[[15812,54999],[112,-5],[113,3],[36,7],[94,-1]],[[15805,54127],[26,54],[-1,74],[-11,137],[2,42],[-10,69],[-7,111],[22,63],[-24,95],[16,134],[-6,93]],[[15775,54200],[3,172],[15,72],[10,-161],[-8,-112],[-18,-19],[-2,48]],[[15809,55903],[9,87]],[[15812,54999],[-1,55],[16,76],[9,195],[22,42],[3,94],[-35,147],[-7,72],[0,151],[-7,29]],[[27864,37912],[22,-99]],[[27886,37813],[-10,-112],[0,-82],[-11,-12],[-9,-133],[-11,-112],[-6,-89]],[[27721,37490],[8,59],[-2,79]],[[24684,52723],[12,11],[25,-45]],[[24721,52689],[7,-64],[23,13],[12,-67],[14,-4],[27,-272],[0,-43],[53,-70]],[[24857,52182],[0,-606],[-32,0]],[[24825,51576],[-72,-1]],[[24753,51575],[0,330],[-35,-1],[1,165],[-36,0],[1,169],[0,485]],[[16464,34805],[81,446],[31,2],[0,82],[10,1],[9,63],[0,125],[76,415]],[[16671,35939],[12,-74]],[[16751,35573],[-80,-445],[-7,-78],[1,-202],[-15,-107],[-6,22],[-24,-71],[-18,38],[-3,-153],[-10,15],[-4,-84],[-20,-29],[-14,-80],[-3,-87],[-20,-144],[-29,-1],[-17,-19],[-11,-45],[-14,20],[-25,-41],[-6,-52],[-28,-13],[-22,29],[-9,72],[-15,77],[1,92],[-9,114],[-16,140]],[[16598,33482],[-26,-133],[-4,20],[-21,-53],[-57,-2],[0,-416],[-99,-525]],[[24370,29657],[23,-3],[0,167],[60,-9]],[[24441,28760],[-6,132]],[[24396,31655],[60,-8],[0,217],[13,-5],[-9,137],[12,109],[15,59],[16,177]],[[24503,32341],[47,-10]],[[24550,32331],[-2,-337]],[[24548,31994],[0,-506]],[[24548,31488],[0,-169]],[[24029,30968],[13,7],[1,552]],[[24043,31527],[103,-15],[0,-166]],[[24146,31346],[-1,-177],[-13,-89],[1,-75],[6,-27],[-4,-115],[-9,-3]],[[24126,30860],[-14,-58],[-12,53],[-9,-64],[-11,-10],[-90,10]],[[23990,30791],[2,66],[15,10],[15,97],[7,4]],[[24612,32835],[17,-1],[-7,-77],[-13,-55],[-9,-213]],[[24600,32489],[-6,-83],[0,-83],[-44,8]],[[24503,32341],[-44,1]],[[24459,32342],[3,509],[-1,139],[25,52]],[[24106,21290],[25,30],[18,-88],[12,-24],[14,33],[26,154]],[[24288,20797],[-2,-58],[-38,-121],[-5,50],[-19,-77],[9,-48],[18,-2],[-9,-70],[9,-97],[-12,-48],[-30,-88],[-19,-17],[-40,59],[-42,45]],[[24108,20325],[0,862],[-33,-2]],[[24075,21185],[31,105]],[[28921,37224],[10,-186],[-16,-122],[-69,-23]],[[28793,36850],[-23,-22],[-9,36],[14,222]],[[26541,51564],[11,97],[11,-81],[11,78],[26,57],[-13,88],[26,2],[22,-103],[2,-51],[19,-70],[-16,-127],[-21,13],[-4,38],[-47,-23],[-27,82]],[[26164,53051],[22,18],[21,-14],[24,25],[-8,-140],[-3,-221],[3,-74],[-8,-54],[11,-66],[43,-19],[6,-45],[20,14],[25,65],[13,-6],[9,-63],[1,-69],[15,12],[34,151],[22,13],[24,-13],[8,63],[27,-7],[5,-50],[-10,-163],[11,-338],[-19,9],[-27,-85],[14,-73],[21,31],[16,-63],[17,-22],[-12,-80],[25,-125],[12,6],[12,-84],[-8,-36],[-26,-16],[-27,43]],[[26477,51575],[-28,7]],[[26449,51582],[-2,0]],[[26447,51582],[-5,165],[-34,0],[0,164],[-88,0],[-121,1],[0,167],[-35,-1]],[[26164,52078],[-1,549],[1,424]],[[24336,55809],[23,-7],[5,-110],[-4,-51],[20,-34],[20,-7],[1,-94],[21,46],[17,-37],[16,40],[34,28],[47,184],[14,15]],[[24552,54403],[-39,-174],[-24,-171],[-21,-86],[-12,-74],[-31,-144],[-26,-66],[-20,-104],[-17,-58],[-25,-125]],[[17580,56379],[0,951]],[[17580,57330],[234,-3],[134,2]],[[17948,57329],[12,-51],[-10,-67],[8,-142],[-12,-104],[24,-57],[8,-70],[-17,-35],[-3,-84],[15,-41],[-70,0],[0,-162],[11,-1],[0,-662],[-48,0],[3,-165],[0,-232]],[[17580,55834],[0,545]],[[27882,29309],[9,27],[8,127],[12,32],[4,98],[16,26],[7,43]],[[23005,51652],[3,-165]],[[23008,51487],[-185,0]],[[22823,51487],[0,109],[-8,8],[0,544],[-6,1]],[[22809,52149],[0,661]],[[27511,26562],[29,-13],[39,-63],[-1,69],[5,63],[11,11],[7,66],[-24,142],[5,36]],[[27825,27055],[-15,-58],[-9,-148],[-15,14],[-19,-12],[-13,48],[-11,-41],[-13,-116],[10,-88],[-33,-105],[-7,-87],[-35,-100],[-8,-5],[-2,-129],[-23,-81],[-9,-66],[-10,8],[-24,-37],[-11,-55],[-25,-56]],[[25641,33775],[15,1]],[[25656,33776],[83,11]],[[25739,33787],[48,7],[8,-36]],[[25795,33758],[-20,-186],[-5,-126],[-12,-88],[-17,-35]],[[25741,33323],[-9,-87],[-10,-17],[-20,73],[-5,-13]],[[25639,33418],[2,160],[-4,63],[4,134]],[[23451,20501],[2,8]],[[23417,21433],[18,-332],[13,-39],[-3,-101],[4,-68]],[[23463,20492],[-14,6],[-9,-85],[9,-59],[-10,-100]],[[23214,20711],[-38,714],[35,-152],[9,13]],[[23834,23356],[-86,-35]],[[28379,37027],[13,-34],[22,29],[7,41],[15,1],[8,58],[10,-32],[-3,-134],[8,-68]],[[27997,39288],[-20,-137],[-11,-32],[-11,-133],[-12,-87],[-10,-11],[-11,-88],[-14,-79]],[[23741,29406],[127,-18]],[[23772,28755],[1,333],[-30,6],[-3,145],[1,167]],[[27051,16628],[137,0]],[[27188,16045],[-137,-4]],[[27051,16041],[0,587]],[[24618,42211],[97,-9]],[[24715,42202],[-2,-665]],[[24713,41537],[0,-167]],[[24713,41370],[-96,16]],[[24617,41386],[1,825]],[[24240,21684],[-9,97],[0,166],[-19,-1],[0,83],[-69,1]],[[18252,54660],[47,0]],[[18345,53196],[-32,0],[0,-56],[-18,0],[0,-110],[-18,0],[-2,-54],[-32,-1],[0,-110],[-44,5]],[[18872,55841],[38,0],[0,661],[0,663],[1,158]],[[18911,57323],[147,3]],[[19058,57326],[-2,-161],[0,-663],[-2,0],[0,-661]],[[18872,55674],[0,167]],[[21494,51712],[0,290]],[[21494,52002],[0,149],[-13,0],[-1,662],[-13,0]],[[21467,52813],[0,165]],[[26670,41483],[33,1],[0,28],[53,2]],[[26827,41518],[0,-112],[-28,-2],[0,-295],[-16,-11],[-1,-97]],[[26782,41001],[-64,19]],[[26718,41020],[0,121],[-47,-4]],[[26671,41137],[-1,346]],[[26508,33065],[8,54],[1,92],[14,78],[4,62]],[[23059,25553],[24,-59],[3,-65],[16,-53],[23,-159],[9,8],[-1,-118],[14,-17],[3,-140]],[[23027,24538],[-62,35]],[[22965,24573],[-49,494]],[[22916,25067],[75,253],[68,233]],[[21348,30162],[99,1]],[[21447,30163],[47,1]],[[21494,29335],[-25,0]],[[21469,29335],[-122,0]],[[21347,29335],[1,827]],[[28221,35254],[13,14],[3,63],[40,200]],[[28293,35515],[19,-45],[4,-107],[26,-54]],[[28380,35053],[-14,0]],[[28354,34923],[-7,-14]],[[28347,34909],[6,15],[1,74],[-10,-44],[-1,-53]],[[28343,34901],[-9,-20]],[[21654,44162],[161,-8]],[[21815,44154],[1,-663]],[[21816,43491],[-157,6]],[[21654,43497],[0,665]],[[17375,49853],[15,118],[12,243]],[[17550,48749],[-17,19],[-5,-84],[-18,-38]],[[25936,29645],[15,8],[60,276],[26,228],[9,20],[10,147],[12,54]],[[26068,30378],[13,-451]],[[26081,29927],[2,-67]],[[26083,29860],[4,-123]],[[26087,29737],[-17,-76],[-1,-84],[-16,-140],[-11,-44],[-27,-161],[-20,-28],[0,-85]],[[25922,29121],[-1,432],[15,92]],[[16634,30456],[17,-1],[0,-51],[29,-3],[10,-28],[0,-83],[74,-5],[0,-42],[27,-2]],[[16773,28825],[-39,102],[-13,3],[-24,87],[-17,230],[-31,98],[-12,70],[-12,36]],[[16625,29451],[7,44],[2,112],[0,849]],[[16597,27363],[13,13],[19,-55],[-3,-80],[-21,34],[-8,88]],[[15499,43988],[47,-3],[33,9]],[[15579,43994],[23,9],[29,-11],[92,2],[93,10],[25,-2]],[[16076,43981],[-3,-90],[2,-331],[0,-661],[1,-469]],[[15459,42808],[14,152],[-7,38],[-5,110],[-11,34],[-7,73],[11,79],[3,105],[-6,212],[-4,50],[39,141],[13,186]],[[29783,42651],[-4,-32],[-35,-40],[-18,33],[-23,-46]],[[23002,28956],[37,0],[0,82],[13,0]],[[23052,29038],[116,-1]],[[23232,28496],[-24,-63]],[[23208,28433],[-22,86],[-4,-45],[-30,-48],[-14,22],[-14,-19],[-8,-147],[-14,-24],[-19,34],[-4,-106],[-14,-35],[-5,64]],[[23060,28215],[-12,96],[-22,-6],[-7,92],[-13,-4],[-14,43],[10,102]],[[15843,45886],[-33,0],[-17,-108],[-27,-2],[-12,-83],[-21,-55],[-16,-82],[-11,10],[-6,-96],[-43,-7],[-17,-43],[-39,7],[-22,-102]],[[15579,45325],[-12,57],[-26,0],[-22,-56],[-27,13],[-11,58],[-38,-1],[0,85]],[[15417,45490],[-3,67],[0,328],[17,0],[0,166],[16,7],[0,326],[-17,0],[1,313],[-16,17],[1,163],[-17,-1],[0,176],[-96,5]],[[15303,47057],[12,298],[5,184]],[[29910,43044],[1,174]],[[29911,43218],[85,11],[3,56],[18,41]],[[30017,43326],[1,-123],[-10,-48],[6,-53],[0,-121],[-10,-76],[-8,-116],[-13,9],[-24,-26],[-28,-61],[-40,-20]],[[25795,33758],[15,36],[27,-4]],[[25888,33479],[-11,-66],[-1,-179],[-3,-22]],[[25873,33212],[-13,-54],[-9,74],[-7,-43],[-18,1],[-40,-172]],[[25786,33018],[-12,17],[-1,63],[-22,104],[-10,121]],[[22825,16495],[-15,-193],[-12,-201],[-8,-175]],[[22790,15926],[-6,0]],[[22784,15926],[4,58],[-2,96],[7,84],[9,199],[10,131]],[[22796,16465],[-11,-224],[-1,-63],[-13,-169],[-19,-45],[1,81],[-5,60],[-30,-162],[-8,22],[-12,148],[-4,-81],[9,-85],[-22,-30]],[[22681,15917],[-5,19],[-16,-22],[-7,-53],[-26,-12],[-15,-54]],[[22592,15893],[0,715],[32,0]],[[28547,35925],[18,-49],[6,-53],[2,-98],[18,-104],[26,3],[1,-48],[27,-33],[6,-45],[-14,-35]],[[28637,35463],[-12,14],[-9,-40]],[[28616,35437],[-30,95],[-8,-3],[-22,77]],[[25933,28437],[1,-84],[5,-66],[-26,-91],[-2,-70]],[[22326,35189],[3,0],[1,-734]],[[22330,34455],[-127,0]],[[22203,34455],[-24,0]],[[22179,34455],[-1,728]],[[24421,25313],[48,0],[14,53],[10,-40],[14,68],[14,7],[3,-73]],[[24544,25163],[6,-7]],[[24489,24678],[1,-70],[-12,-9],[-1,61],[-15,-33],[-5,-155],[13,-23]],[[28412,38942],[-5,-29],[16,-133],[13,-16],[21,-102],[3,-77],[13,-70],[17,3]],[[25269,53400],[-7,-101],[-2,-114],[14,-62],[34,183],[18,76],[28,71],[-11,-118],[32,28],[7,-15]],[[25205,52411],[0,823],[36,0],[0,165],[28,1]],[[23996,49496],[10,0],[0,444],[-10,0]],[[23996,49940],[0,330]],[[23996,50270],[76,-2]],[[24072,50268],[-4,-32],[1,-132]],[[24069,50104],[3,-193],[-13,-55],[-1,-55],[9,-42],[-1,-108],[5,-66],[-7,-85],[2,-59]],[[24066,49441],[1,-40],[-11,-181]],[[24056,49220],[-14,3],[-20,63],[-22,-17],[-4,227]],[[24913,23024],[21,1]],[[24934,23025],[28,-1],[14,27],[7,-64],[14,0],[0,52],[22,1]],[[25019,23040],[2,-192]],[[25021,22848],[0,-499]],[[25021,22349],[-57,1],[0,-251],[-14,1],[-14,-28],[0,-83],[-12,0]],[[24924,21989],[-22,107],[-15,170],[-6,117]],[[16479,39645],[1,446],[0,1036],[-1,711],[0,593]],[[16479,42431],[0,829],[0,717]],[[16479,43977],[34,4],[144,-5]],[[16657,43976],[10,-1]],[[16667,43975],[-1,-769],[1,-336],[6,1],[-1,-344],[-7,1],[1,-523],[5,0]],[[16671,42005],[-1,-843],[-7,-1],[0,-989],[32,1]],[[16705,39510],[-19,0],[-7,-56]],[[16679,39454],[-24,-66],[-28,-6],[-36,-80],[-6,-54],[-21,11],[0,-138],[11,0],[-1,-83],[-7,-55],[2,-179],[-10,-58]],[[16559,38746],[-11,-12],[-26,-83],[-10,-67],[-34,0]],[[16478,38584],[-1,287]],[[29308,43205],[-12,-129],[-1,-126],[5,-33]],[[29300,42917],[10,-87],[-10,-130]],[[29300,42700],[-70,-347]],[[29193,42468],[-92,293]],[[27886,37813],[18,169],[34,-166]],[[27938,37816],[64,-301]],[[28045,37166],[-2,-29],[-30,-190],[-17,-55]],[[27996,36892],[-24,-136]],[[27925,37113],[26,78],[-13,86],[-13,-81],[0,-83]],[[20566,38515],[0,-823]],[[27051,17898],[8,19],[19,-26],[0,69]],[[26496,27834],[32,239],[5,178]],[[26533,28251],[43,-187],[7,-1],[15,-93]],[[26598,27970],[-1,-135]],[[26597,27835],[-1,-83],[-14,-3],[-9,-54],[-14,-31],[-4,-77],[-8,-53]],[[26547,27534],[-17,145]],[[26530,27679],[-7,79],[-23,29],[-4,47]],[[6432,1540],[3,79],[21,145],[15,18],[17,201],[8,21],[2,102],[-11,94],[-8,93],[-3,135],[6,115],[12,20],[30,-90],[2,-35],[20,-69],[17,-88],[10,19],[33,-70],[43,-140],[29,-136],[24,-158],[3,-55],[-3,-193],[25,3],[7,-90],[-2,-86],[23,-144],[25,-79],[-2,-91],[-20,-121],[-23,-125],[-27,-73],[-17,-72],[-17,-34],[-20,29],[-8,-14],[-15,-94],[-19,-57],[-10,-68],[-14,-27],[-15,-109],[1,-50],[-12,-107],[-1,-51],[-16,-88],[-19,84],[-10,20],[-12,63],[-22,45],[-10,155],[8,439],[-5,124],[-12,162],[-7,207],[-24,241]],[[24670,39774],[33,-2],[0,-68],[31,0],[-1,-167],[10,-55],[10,-1],[0,-221]],[[24753,39260],[-78,3]],[[24675,39263],[2,72],[-9,148],[-11,128],[13,163]],[[26569,35121],[29,-22],[12,13],[8,-82],[23,-81]],[[26646,34906],[1,-61],[-13,-70],[4,-122],[-3,-104],[11,-210]],[[23965,21921],[18,29],[81,-2],[0,97],[40,-1]],[[24104,22031],[9,-100],[-7,-88],[-1,-290],[10,-55],[-8,-102],[-1,-106]],[[24075,21185],[-73,2]],[[24002,21187],[0,84],[31,1],[-5,90],[3,50],[-29,1],[0,198],[-9,0],[0,226],[-28,1],[0,44]],[[23965,21882],[0,39]],[[23787,49019],[9,11],[17,88],[16,28],[-4,58],[15,107],[16,22]],[[23910,49306],[3,-140],[0,-166],[11,0],[-1,-165]],[[23923,48835],[-68,-1]],[[23855,48834],[-107,0]],[[23748,48834],[5,102],[21,69],[13,14]],[[25021,22848],[56,0]],[[25148,22850],[0,-334]],[[25148,22516],[0,-111]],[[25148,22405],[-99,0],[0,-57],[-28,1]],[[18433,55335],[4,-81],[16,-163],[-3,-123],[7,-64],[-4,-59],[16,-129],[24,-59],[11,36],[42,30],[8,36],[16,-73],[18,-20],[16,-108],[15,-7],[11,-71],[44,5],[20,15]],[[18767,52696],[-67,-2],[-2,-48],[-14,-51],[-13,7],[-14,-37],[-1,-95],[-23,-69],[-12,12]],[[18389,54651],[4,125],[-10,112],[8,50],[16,8],[5,111],[0,147],[-7,62],[18,17],[10,52]],[[18332,56014],[214,-1],[1,331],[97,0],[12,-11]],[[18656,56333],[15,-21],[15,-60],[11,31],[13,-25],[0,-84],[55,-2],[0,-83],[36,-1],[0,-247],[71,0]],[[18873,55398],[-161,-5],[0,111],[-18,0],[0,83],[-36,1],[0,83],[-181,5],[-52,-4]],[[18425,55672],[-15,33],[-15,-19],[-30,83],[1,103],[-34,142]],[[21815,44154],[162,-4]],[[21977,44150],[0,-660]],[[21977,43490],[-124,0]],[[21853,43490],[-37,1]],[[29250,46600],[77,51],[7,-129],[9,-48],[-2,-98],[25,-21],[1,43],[27,74],[14,3]],[[29397,45780],[-14,-92],[7,-141],[-5,-68]],[[29385,45479],[-17,68],[-9,-63],[-11,-13]],[[29348,45471],[-24,137],[-2,115],[-15,-26],[-14,70],[-24,41]],[[29269,45808],[-1,52]],[[29268,45860],[-12,516]],[[29256,46376],[-6,224]],[[28230,31760],[5,-4],[29,131]],[[28264,31887],[25,-161],[14,-65],[15,-29],[9,-175]],[[28327,31457],[-45,-137],[-12,-14],[-5,57],[-30,-16]],[[28235,31347],[-6,105],[1,308]],[[23522,26650],[4,-48]],[[23527,26169],[-16,15],[-17,-132],[-46,-102]],[[21447,30993],[152,0]],[[21599,30993],[-2,-830]],[[21447,30163],[0,830]],[[20942,24926],[72,0]],[[21014,24926],[110,1]],[[21045,24262],[-25,184],[-15,-14],[-15,102],[-2,110],[-27,96],[-8,80],[-3,82],[-8,24]],[[28245,33590],[31,320],[0,345]],[[28287,34223],[17,-61],[13,-1],[14,34],[-8,-271],[16,-25]],[[28339,33899],[-17,-69],[9,-36],[18,-12],[11,-125],[16,-69]],[[28302,33890],[2,-54],[13,16],[0,64],[-15,-26]],[[28144,35323],[12,330],[4,56]],[[28160,35709],[25,-62],[11,36],[0,70],[28,-75],[8,-66],[13,12],[32,-93]],[[25733,23014],[27,-4]],[[25760,23010],[83,-1]],[[25841,21836],[-64,34],[-48,-18]],[[18854,49149],[22,29],[5,52]],[[18973,47767],[-18,-29],[-25,-65],[-10,27],[-18,-55],[-14,54],[-13,-48]],[[18875,47651],[-10,-19],[-18,31],[-16,-87],[-39,0],[0,28],[-39,1],[0,54],[-39,1]],[[18714,47660],[0,83],[-50,0],[0,165]],[[23734,28264],[1,-1]],[[15661,40133],[4,-118],[-8,-17],[-3,-119],[6,-90]],[[15660,39789],[0,-95],[13,-75],[2,-245]],[[15494,37827],[-31,147],[-4,51],[-14,81],[-5,80],[11,123],[-1,69],[-13,200],[-9,60],[-10,257],[-6,37],[4,184],[14,206],[-7,90],[-1,171],[-9,54],[-8,221],[-15,55],[-6,89],[-26,175]],[[27882,29309],[-105,613]],[[26906,30918],[-10,-9],[-43,-135]],[[23409,31862],[89,-1]],[[23498,31861],[93,0]],[[23591,31861],[12,-467]],[[23496,31260],[-8,91],[-6,-27],[-24,96],[-19,34],[-9,65]],[[23430,31519],[-10,11],[-13,117],[2,215]],[[15579,45325],[0,-1094],[0,-237]],[[15499,43988],[-39,-11],[-46,1]],[[27624,40142],[1,-64],[11,4],[8,-53],[-1,-110],[2,-100],[-2,-108],[4,-69]],[[27647,39642],[-141,1]],[[27479,39643],[0,459]],[[27131,30988],[112,-30]],[[27101,30995],[30,-7]],[[26292,33700],[66,-13],[78,-9]],[[26436,33678],[3,-52],[-2,-96],[-19,-9],[-6,-106],[4,-125],[1,-197],[-13,-47],[1,-83]],[[26386,32862],[-8,77],[-23,57],[-6,62],[-10,7],[-25,192]],[[26314,33257],[11,46],[-9,77],[-11,170]],[[26305,33550],[-15,150]],[[26290,33700],[2,0]],[[22790,15926],[-6,-214],[-2,-121],[0,-271],[4,-179],[7,-215],[13,-292]],[[22806,14634],[-5,0]],[[22801,14634],[-6,89],[-17,323],[-2,98],[3,170],[-2,27],[2,216],[-2,75],[7,294]],[[22681,15917],[3,-22],[23,28],[4,-65],[28,-25],[26,66],[4,-12],[-5,-179],[2,-36],[-3,-300],[-4,-267],[-5,-78],[3,-214],[7,-180]],[[22764,14633],[-117,-3],[-27,26]],[[18808,41697],[8,23],[17,-58],[9,21],[9,155],[-11,97],[0,57],[-17,23],[-2,39],[11,88],[13,59],[17,36],[18,9],[4,81],[29,28]],[[19251,42076],[14,-1]],[[19265,42075],[0,-350]],[[28173,34033],[-5,-446]],[[28168,33587],[-78,0]],[[28090,33587],[-37,-3]],[[28053,33584],[-77,-1]],[[21479,40180],[179,-1]],[[21658,40179],[-1,-828]],[[21657,39351],[-177,0]],[[21480,39351],[0,11]],[[21480,39362],[-1,818]],[[25589,36167],[9,-37]],[[25679,36229],[24,-92],[-6,-85],[17,7],[10,-94],[-2,-103]],[[25662,35525],[-16,12],[-46,105],[-41,117]],[[23865,26867],[70,-1]],[[23935,26866],[0,-575],[14,0],[3,-101],[0,-149]],[[28502,37040],[-7,-45],[10,-111],[-3,-34],[-17,62],[-6,66],[-11,35],[-13,198],[-21,-72],[-33,-91],[-12,44],[-6,188],[10,134],[5,6],[25,153]],[[30140,44832],[-11,-184],[-11,-45],[2,-74]],[[23039,50217],[48,-42],[30,-103],[20,-31]],[[23137,50041],[18,-47]],[[23155,49994],[16,-104],[43,-211],[6,-72],[19,-25]],[[23239,49582],[0,-85],[-31,1],[0,-165],[-168,1]],[[23040,49334],[0,327]],[[23040,49661],[-1,556]],[[24742,37102],[-7,-91],[-2,-103],[6,-138],[17,-83],[11,-81]],[[24767,36606],[-11,-73],[-11,9],[-24,-99]],[[24721,36443],[-46,-74],[-9,26],[1,101],[-8,12]],[[24659,36508],[-12,50],[-27,193]],[[24620,36751],[12,404],[0,97]],[[17948,57329],[184,-3]],[[18132,57326],[15,-172],[-13,-37],[18,-67],[11,-70],[32,74],[23,-72],[-1,-86],[16,-102],[-12,-127],[-1,-74],[42,-75],[15,19],[22,-71],[-4,-168],[19,-73],[16,6],[5,-101],[-13,-58],[10,-58]],[[18425,55672],[9,-109],[12,-25],[15,-143],[-7,-75],[-21,15]],[[17622,34155],[44,0],[0,21],[218,1],[54,0],[0,-18],[198,-2]],[[17636,32482],[0,394],[-14,2],[1,475],[-1,802]],[[29090,39659],[17,-73],[4,-115],[30,-62],[7,-54],[14,-36],[17,11]],[[29179,39330],[10,-112],[15,15]],[[29204,39233],[4,-62],[-6,-73],[-25,-152],[-35,-104]],[[28051,46600],[1,-296],[-1,-167]],[[28051,46137],[0,-76]],[[28051,46061],[-24,8],[-15,-39],[-9,45],[-30,-48],[-16,-9],[-10,-89],[-31,93],[-19,0]],[[27897,46022],[-16,19],[9,125],[-4,211],[19,45],[38,65],[61,87],[40,33],[7,-7]],[[26882,27073],[23,-3],[-2,89],[43,197]],[[26945,26379],[-11,29],[-13,85]],[[26808,25184],[15,90],[-3,26]],[[26820,25300],[7,-3],[38,219]],[[26915,24848],[-29,-77]],[[26886,24771],[-14,73],[-9,94],[-16,31],[-4,43],[-24,66],[-11,106]],[[26429,36490],[1,-91],[-11,-35],[-4,-208]],[[26387,36071],[-4,117],[-8,60],[-31,88],[-19,33]],[[26325,36369],[10,215]],[[26369,35083],[15,299]],[[26428,34745],[-59,338]],[[26068,35352],[-14,3],[-7,-95]],[[25982,35295],[4,197],[16,78],[4,71],[18,56],[17,155]],[[24423,22062],[9,-42],[25,-174],[15,-117],[47,1]],[[24529,21234],[-33,-71]],[[28339,33899],[24,86],[62,200],[47,165]],[[28472,34350],[29,99]],[[28480,33899],[-12,-10],[2,-67],[14,-36]],[[28488,33778],[-4,-52],[-1,-124]],[[28483,33602],[0,-15]],[[28039,38437],[13,47],[16,103],[-10,59],[11,87],[-5,26],[16,115],[6,68],[-2,214]],[[28171,38773],[-9,-101],[-2,-64],[-18,-198],[-4,-72]],[[28093,38283],[-9,99],[3,79],[-21,-20],[-10,-66],[-2,-54],[-25,55]],[[28029,38376],[10,61]],[[28125,38612],[7,-74],[10,82],[-14,38],[-3,-46]],[[15337,53124],[3,140],[29,104],[32,40],[3,47],[-37,24],[-10,95],[-27,22],[-8,-39],[7,-145],[-13,-34],[1,128],[-2,188],[-9,238],[-7,132],[-12,36],[-12,94],[-4,94],[-5,245]],[[24919,37611],[31,1],[-1,167]],[[24949,37779],[33,-5],[63,2]],[[25045,37776],[32,-10]],[[25077,37766],[-1,-445]],[[24920,37155],[-1,456]],[[24708,53522],[8,135],[11,6],[-2,-100],[-17,-41]],[[24655,53368],[5,38],[30,50],[-5,-84],[-26,-34],[-4,30]],[[24624,53415],[14,22],[7,-78],[-13,-8],[-8,64]],[[24617,53107],[16,29],[32,141],[13,-47],[-29,-57],[-27,-127],[-5,61]],[[24579,52726],[5,-6],[32,81],[23,79],[9,-19],[36,-138]],[[24753,51575],[-104,0]],[[24649,51575],[-69,-1],[0,331]],[[24580,51905],[0,662],[-1,159]],[[24033,29035],[58,-12]],[[24091,29023],[51,-10],[18,-35],[26,-127]],[[15660,39789],[156,2],[93,-2]],[[26979,29661],[21,97],[1,102],[25,375]],[[27081,29125],[-9,67],[-8,6],[-21,110],[-24,60],[-1,39],[-21,112]],[[26997,29519],[-18,142]],[[21987,47253],[0,-450],[4,-1],[0,-166]],[[21991,46636],[-149,-1],[-133,-1]],[[22350,48173],[63,0]],[[22413,48173],[103,0]],[[22516,47680],[-133,-5]],[[22383,47675],[-33,0]],[[22350,47675],[0,498]],[[25613,32265],[112,-248],[9,-26]],[[25615,31470],[-24,22]],[[25591,31492],[5,73],[-4,124],[-17,69],[4,142]],[[26256,32848],[-2,99],[14,161],[19,10],[3,49],[13,27],[11,63]],[[25017,32203],[-13,9],[-11,-108],[2,-69],[-9,-90],[-1,-166],[-9,-28]],[[24976,31751],[-22,69],[-9,50],[-31,-10],[-7,16],[-35,-116],[-10,-91]],[[22646,25093],[65,228],[5,-7]],[[22716,25314],[13,-54],[0,-48],[13,-29],[12,74]],[[22754,25257],[-5,-87],[7,-79],[-6,-51],[2,-80],[17,-19],[12,-67],[-16,-75],[11,-45],[20,-130],[14,-15],[-14,-86],[14,-82]],[[22810,24441],[-92,-301]],[[22718,24140],[-23,235],[-22,-73]],[[22673,24302],[-66,658]],[[22607,24960],[39,133]],[[22428,20628],[65,367]],[[22493,20995],[32,191]],[[22525,21186],[75,-361],[9,-183]],[[22522,20341],[-8,36],[-2,80],[-9,15],[-1,77],[7,58],[-34,-1],[-18,35],[-17,-23],[-12,10]],[[22904,19329],[78,382]],[[21410,23184],[146,-12]],[[21556,23172],[140,-1]],[[21696,23171],[87,6]],[[21783,23177],[0,-717]],[[21783,22460],[0,-797]],[[21561,21663],[6,74],[22,59],[-12,84],[-11,37],[26,247],[-7,169],[-10,25],[-17,1]],[[21558,22359],[-10,88],[-7,195],[-9,143],[-8,26],[2,67],[-10,18],[-18,100],[-18,29],[-13,-13],[-26,14],[-6,58],[-23,6],[-7,46],[-19,50]],[[22670,18575],[57,277]],[[22727,18852],[44,213],[21,-56],[10,-60]],[[22842,18357],[-60,-314]],[[24249,38391],[133,-10]],[[24382,38381],[-4,-678]],[[24378,37703],[-23,5],[-8,-40],[-31,-40],[-20,-128],[-19,-50]],[[24277,37450],[-16,-25],[-12,8],[-24,73],[-7,82]],[[29254,41673],[-4,-99],[11,-33]],[[29261,41541],[-6,-72]],[[29255,41469],[-16,14],[-6,39],[-17,29],[-12,-10],[-13,43]],[[28806,46789],[62,-97],[118,372]],[[28264,31887],[10,44]],[[28406,31442],[-10,-36],[-3,-74],[-16,35],[-15,-97],[-12,21]],[[28350,31291],[-12,55],[-11,111]],[[27236,43166],[26,1],[1,135],[53,1],[0,139],[28,1]],[[27344,43443],[0,-407]],[[27344,43036],[0,-293]],[[27344,42743],[-108,1]],[[23370,32194],[39,-1],[0,-331]],[[23430,31519],[-20,-165],[-10,-2],[-20,-201],[-9,6],[-14,64],[-9,-18]],[[23348,31203],[0,493],[-102,0]],[[23246,31696],[-1,332],[-14,-1],[0,249]],[[15475,49173],[127,-2]],[[15427,48339],[0,62],[17,84],[-2,139],[35,0],[0,415],[-2,134]],[[27714,35911],[-4,-54],[5,-116],[-4,-24],[31,-125],[-1,-29],[22,-91]],[[27603,35261],[7,40],[11,129],[11,64],[-16,152],[2,44]],[[27947,36452],[41,-477],[1,-113],[12,-9]],[[27951,35509],[-13,-20]],[[27938,35489],[-8,10],[-24,283],[-23,47],[-2,116],[-10,7],[-9,54],[-8,-19]],[[27854,35987],[8,101],[-4,66]],[[28425,35651],[4,61],[-15,13],[-19,92],[-14,0],[-18,144]],[[16514,52808],[14,-4],[31,43],[24,-8],[31,158],[17,-92]],[[16631,52905],[11,-51],[2,-63],[11,-70],[27,-117],[3,-163],[-3,-125],[6,-106],[-3,-86],[14,-58],[23,-28],[24,-60]],[[16746,51978],[20,-118],[8,-108],[0,-90],[-13,-52]],[[16761,51610],[-6,-39],[-33,-89],[-19,-9],[-17,23],[-49,-42]],[[16637,51454],[-15,-22],[-24,36],[-14,-38],[-13,-93],[-55,-39]],[[16516,51298],[0,390]],[[16516,51688],[-2,331],[0,789]],[[27502,36872],[21,-79]],[[27523,36793],[-1,-213],[28,-129],[26,-20],[18,38],[40,15]],[[27438,35851],[-1,59],[-23,139],[-15,63]],[[25865,30627],[125,-5]],[[25990,30622],[72,-7]],[[26062,30615],[6,-237]],[[25936,29645],[-26,110]],[[25910,29755],[0,125],[-49,1]],[[15346,42966],[-10,263],[-9,104],[-3,99],[-5,59],[-10,9],[-16,63],[10,131],[5,180],[-3,109]],[[17950,26296],[-208,-98],[-178,-93]],[[27093,22693],[6,-54],[21,-19],[24,-87],[19,-7],[25,-55],[20,27],[13,-31]],[[27221,22467],[5,-18],[-4,-189],[1,-143],[-5,-8]],[[27052,21635],[0,170]],[[26779,37745],[14,1],[24,58],[7,-54],[6,-253],[9,-47]],[[26839,37450],[25,-25],[17,-99]],[[26881,37326],[-29,-137],[-14,-114]],[[26838,37075],[-26,48],[-16,-10],[-23,136],[-32,74]],[[22992,31408],[13,2],[6,62],[16,-10],[7,65],[9,9],[0,-339]],[[23043,31197],[0,-332],[-14,0],[0,-391]],[[23029,30474],[-11,-78],[-13,89],[-19,-29],[-22,-85],[-15,82]],[[27053,37076],[-1,-160],[16,-41],[22,108]],[[27112,36762],[-5,-67],[-22,-47],[-6,-60],[-5,-135],[11,-43]],[[27085,36410],[-31,-20],[-41,-76]],[[24723,19607],[0,-12]],[[24590,20934],[28,4],[36,-35]],[[24654,20903],[29,8],[7,-16]],[[24690,20895],[13,-72],[2,-66],[12,-69],[17,-33],[7,-126],[33,-2]],[[24774,20527],[16,-16],[4,-50],[1,-133],[-10,-46],[14,-165],[25,-41],[7,-51],[-2,-102]],[[24829,19923],[-2,-34]],[[24827,19889],[2,-24]],[[24829,19865],[-1,-120],[-12,27],[-9,-59],[12,-108]],[[24819,19605],[-7,-79]],[[24812,19526],[-27,-122],[-10,-30],[-9,108],[-15,242],[-19,43],[-5,-55]],[[24557,20571],[23,220],[10,143]],[[24732,32542],[24,226],[12,30],[8,104],[8,32]],[[24796,33752],[53,-2]],[[24848,33291],[1,-743]],[[24757,32543],[-25,-1]],[[27864,45072],[7,83],[13,60],[5,89],[36,87],[14,66],[2,128],[-13,115],[-7,108],[-22,56],[-2,158]],[[28051,46061],[0,-422]],[[28051,45639],[-6,1],[0,-166],[6,0],[0,-465]],[[26494,25921],[12,0]],[[26506,25921],[-2,-30]],[[26504,25891],[-10,30]],[[26429,26351],[16,-28],[7,-82]],[[26508,25936],[-14,-15]],[[26494,25921],[-19,-31],[-21,-200],[-13,0],[-3,-55]],[[26438,25635],[-19,1],[-11,48]],[[26408,25684],[-8,31]],[[26049,42642],[32,1],[0,-55],[63,-4]],[[26144,42584],[0,-163],[-8,1],[1,-332]],[[26137,42090],[-86,-5]],[[26051,42085],[-11,-1],[0,85]],[[26040,42169],[-1,251],[9,0],[1,222]],[[21479,42085],[1,-482]],[[21480,41603],[-168,0]],[[21312,41603],[0,482]],[[27291,24126],[-7,-42],[-16,-19],[-6,-51],[9,-49],[8,64],[16,-25],[-25,-254],[-7,-27],[3,-144]],[[26634,30630],[19,2]],[[26606,30307],[-1,106],[16,65],[-1,48],[15,16],[-1,88]],[[28565,38721],[10,-58],[14,1]],[[28589,38664],[2,-57],[27,-87],[2,-105],[-5,-46],[13,-77],[-23,-59],[7,-77],[-18,-170],[5,-71],[-17,-133],[9,-61]],[[28504,38465],[13,42],[13,103],[14,66]],[[25754,52649],[16,30],[7,-49],[-9,-123],[-12,78],[-2,64]],[[25641,52553],[10,40],[28,21],[10,-109],[19,-61],[16,1],[8,76],[9,3],[15,-76],[9,12],[9,-65],[24,160],[30,98],[26,59],[59,181],[14,-34],[62,67]],[[25989,52926],[0,-354]],[[25989,52572],[-139,2],[0,-331],[-70,3],[0,-333]],[[29141,40325],[45,-583],[0,-337],[-7,-75]],[[29000,40158],[24,108]],[[21488,56961],[0,365]],[[21488,57326],[146,2]],[[21634,57328],[0,-533],[13,0],[0,-332],[109,-1]],[[21756,56462],[0,-166]],[[21756,56296],[-218,2],[0,497],[-50,0],[0,166]],[[22947,18154],[-1,-85],[-14,58],[-5,-46],[16,-84],[2,-87]],[[22882,17689],[-36,-118],[-17,-83],[-4,-44]],[[28475,34903],[11,-66],[24,10],[28,-109],[13,-11]],[[28472,34350],[-9,201],[-23,35],[-11,58],[-13,26]],[[15855,52345],[-2,-632]],[[15703,51325],[-7,119],[-1,92],[-18,134],[-7,100],[-59,193],[-14,7],[-13,-31]],[[15584,51939],[-2,406]],[[20674,37352],[148,2],[100,4]],[[20922,37358],[-1,-497],[-1,-220]],[[20920,36641],[0,-784]],[[20920,35857],[-81,157]],[[18427,46435],[0,-331]],[[18298,45262],[0,343],[16,0],[0,668],[-84,0]],[[18230,46273],[-184,0]],[[18046,46273],[-5,110],[0,131],[-39,14],[2,124],[-6,71],[9,42],[-1,67],[-12,11],[-9,62],[2,52],[-27,66],[6,129],[-11,275],[-24,-5],[-56,107]],[[18046,46273],[-61,-3]],[[17985,46270],[-137,0]],[[22171,36196],[0,333]],[[22324,36363],[-1,-334],[3,0]],[[22326,36029],[0,-176]],[[22174,35857],[0,173],[-3,166]],[[26486,36582],[32,-352]],[[26508,36053],[-22,29]],[[24924,21989],[1,-101],[8,-94],[7,-33],[-5,-92],[9,-121],[13,-90],[12,16]],[[24969,21474],[-17,-73],[-10,9]],[[24807,21428],[-13,47]],[[24794,21475],[-2,86]],[[24765,34308],[10,81],[15,82],[6,64],[10,0]],[[24806,34535],[32,-2],[11,27],[-1,139],[26,-2]],[[19205,54310],[1,-110],[23,1],[0,-166],[36,0],[0,-83],[36,1],[0,-83],[32,0],[0,-552],[-12,-55],[0,-124],[12,-41],[3,-165]],[[19336,52933],[-21,-1],[-41,109],[-17,-27],[-7,25],[-17,-20],[-3,-38],[-18,12],[-6,-32],[-17,4]],[[27152,31750],[-3,-425],[-16,-257],[-2,-80]],[[27075,31001],[0,134],[-17,84],[-26,173],[-39,2]],[[28179,32936],[18,183],[8,160],[1,174],[3,58]],[[28063,43227],[0,30],[61,0]],[[28124,43257],[42,-271],[18,-1]],[[28115,42520],[0,177],[-5,0],[0,155],[-47,0],[0,375]],[[25873,33212],[5,-36],[16,27],[20,-89]],[[25947,32476],[-19,7],[-19,-20]],[[25808,32742],[-11,85],[-11,191]],[[22384,20525],[7,56]],[[22391,20581],[12,-7],[10,39],[15,15]],[[22571,20050],[-76,-624]],[[22495,19426],[-111,260]],[[22384,19686],[0,839]],[[22706,21244],[93,-537]],[[22799,20707],[-1,-3]],[[22798,20704],[-78,-294],[-9,37]],[[22643,20844],[-5,48],[28,118],[9,81],[14,68]],[[22303,26750],[40,0]],[[22448,26745],[0,-837]],[[22448,25908],[-145,-1]],[[22303,25907],[0,843]],[[28283,35801],[-22,1],[-24,47]],[[27908,38721],[22,-73],[46,-94],[12,-6],[19,-54],[17,25],[15,-82]],[[28029,38376],[-2,-73],[-14,-102],[-13,6],[-9,-81],[-16,4],[-14,-81],[-23,-233]],[[26268,22470],[135,-41]],[[26403,22429],[27,-9]],[[26249,22270],[7,25],[12,175]],[[26507,30620],[20,0]],[[26527,30620],[6,-115],[16,-54],[14,-4],[7,-198]],[[26549,30115],[-23,35],[-12,-47],[-4,-72],[-11,-69],[-25,42],[-9,-30]],[[26465,29974],[15,151],[3,141],[-13,10],[-2,72],[11,81],[-18,97],[0,41],[12,53]],[[16478,38584],[0,-101]],[[16478,38483],[0,-86]],[[26634,30630],[-19,-11],[-88,1]],[[28601,33600],[49,-1]],[[28748,33059],[1,-130],[-16,-24],[-10,93],[-15,71],[-18,57],[-12,-4]],[[28601,33523],[-14,76]],[[28587,33599],[14,1]],[[26969,42897],[2,-275]],[[26971,42622],[-28,-1],[-111,12]],[[26832,42633],[-2,268],[-15,0]],[[26815,42901],[25,75],[13,-46],[23,60],[23,-110],[24,-70],[9,-3],[37,90]],[[22181,46845],[0,-956]],[[21996,45889],[0,248],[-4,0],[-1,499]],[[21203,30163],[145,-1]],[[21347,29335],[-25,-1]],[[21322,29334],[-119,0]],[[21203,29334],[0,829]],[[29632,47726],[5,-72],[18,-25],[69,-139],[34,-53],[37,-75]],[[29795,47362],[-26,-124],[-9,-202]],[[29760,47036],[-12,-39],[-7,-126],[5,-38],[-9,-249],[5,-95],[-11,-153]],[[29731,46336],[-32,6],[-38,-26],[-37,64]],[[29624,46380],[0,83],[-14,2]],[[29610,46465],[5,144],[25,-9],[10,185],[-18,50],[9,177],[16,185],[-33,61],[0,57],[10,110],[-4,48],[-21,20],[-24,-26]],[[29585,47467],[2,93],[21,53],[3,-78],[21,191]],[[25526,42648],[-135,-10],[0,-166],[-65,-8]],[[25326,42464],[-2,499]],[[25324,42963],[-2,498]],[[23655,29105],[-4,146],[1,165],[89,-10]],[[23718,24888],[-7,37],[0,375]],[[31021,51001],[-68,-77]],[[30953,50924],[-59,-68],[-43,-60],[-5,11],[2,524],[-3,361],[0,647],[-72,1],[0,24],[-35,1]],[[30403,52703],[7,232],[120,820],[95,638],[13,-6],[40,-81],[-5,-69],[3,-252],[38,-116],[12,7],[14,51],[27,49],[29,7],[9,81],[29,19],[26,-21],[1,108],[14,33],[30,-30],[19,-44],[4,-48],[52,-191],[18,-164],[27,-80],[1,-889],[1,-614],[1,-641],[8,-48],[-15,-67],[14,-113],[-13,-38],[-1,-235]],[[29791,44454],[-12,-117],[17,-43],[19,1],[-1,-251]],[[29814,44044],[-19,1]],[[29612,44058],[-53,4]],[[29559,44062],[-6,104],[11,94],[8,205],[1,117]],[[23239,49582],[5,-57],[13,-3],[20,-117],[28,-107],[5,-65]],[[23278,48832],[-2,167],[-136,1]],[[23140,49000],[-100,2]],[[23040,49002],[0,332]],[[24652,38143],[11,-87],[12,-37],[11,11],[26,177]],[[24712,38207],[18,-24],[21,-59],[9,-2]],[[24760,38122],[46,-141],[-2,-83]],[[24633,37581],[-11,-85],[-11,-18],[-29,-97],[-14,25]],[[24568,37406],[2,616]],[[18132,57326],[104,-2],[190,2],[228,0]],[[18654,57326],[1,-162],[0,-662],[1,-169]],[[29991,49730],[1,107],[8,28],[24,287],[28,128],[15,-100],[26,-10],[14,116]],[[30128,48341],[-10,-2],[1,-88],[-58,13],[-15,-204],[-2,-87],[-9,1],[-4,140],[-16,89]],[[30015,48203],[-8,70],[-18,26],[-19,-15],[-3,95],[-30,52],[-20,142]],[[26730,24736],[78,448]],[[26886,24771],[-27,-80],[-20,-111],[-6,-4]],[[26833,24576],[-15,-69],[-24,25],[-5,-23]],[[26789,24509],[-9,-6],[-17,59],[-11,2],[-14,72]],[[26738,24636],[-8,100]],[[18230,46273],[0,-667],[-14,0],[0,-163],[-46,1]],[[18170,45444],[-33,0],[0,83],[-83,1],[-5,80],[-64,0]],[[17985,45608],[0,662]],[[25847,41244],[59,3]],[[25906,41247],[84,5]],[[25884,40886],[-19,28],[0,83],[-18,0]],[[25847,40997],[0,247]],[[25653,37343],[0,-538]],[[25653,36805],[-63,-1],[-5,27]],[[26586,35822],[-7,-3],[-21,-99],[-2,-51],[-21,-178]],[[26541,35443],[15,-59],[24,14],[3,51],[15,-17],[6,47],[22,-58]],[[26223,35750],[-1,-91]],[[28554,35181],[17,-129],[26,-132]],[[28597,34920],[9,-52],[24,19],[-5,-126]],[[28625,34761],[2,-101]],[[28627,34660],[-11,-25]],[[28616,34635],[-6,14],[-30,227],[-7,-13]],[[28548,34963],[-13,76]],[[16972,52741],[-3,-64],[0,-504],[35,0],[0,-166],[34,-1],[-1,-394]],[[17037,51612],[-139,-1],[-137,-1]],[[16746,51978],[19,87],[31,26],[11,64],[13,8],[8,133],[32,103],[5,173],[18,98],[21,75],[24,-28],[22,49],[22,-25]],[[25353,37447],[54,2]],[[25397,36857],[-45,-7]],[[25352,36850],[1,597]],[[24405,53051],[11,3],[39,67],[9,48],[23,36],[45,47],[15,53],[21,104],[10,-22],[19,58],[20,-55],[5,-102],[-4,-73],[-14,-99],[-13,-64],[9,-108],[-18,-77],[-10,-111],[7,-30]],[[24580,51905],[-175,5]],[[24405,51910],[0,1141]],[[24146,31346],[64,-9]],[[24210,31337],[39,-2]],[[24246,30667],[-29,5],[-1,-166],[-51,7],[-10,-53],[-12,96],[-15,-2]],[[24128,30554],[-13,51],[-2,51],[16,103],[-3,101]],[[20643,39776],[42,14],[31,0],[0,83],[17,6],[0,97],[14,21],[23,-15],[-6,-49],[0,-97],[-40,2],[8,-104],[-34,-1],[-8,-54]],[[26370,27323],[-1,-70]],[[26369,27253],[-98,5],[-2,-62]],[[26269,27196],[0,63],[-22,1]],[[26247,27260],[-21,383]],[[26226,27643],[20,21],[26,143]],[[27102,28996],[-12,-85],[-9,-99],[-12,-77],[-5,-70]],[[27064,28665],[-11,-16]],[[26975,28860],[16,82],[8,108],[-2,108],[-17,109],[-1,82],[-6,42],[24,128]],[[25779,32490],[-48,130],[-38,31],[-28,-120],[-7,106]],[[24976,31751],[9,-65],[-1,-274]],[[24984,31412],[-19,4],[-25,-56]],[[24815,31380],[-9,45],[-9,-42],[-7,65],[8,28]],[[21052,22575],[59,421],[101,732]],[[21558,22359],[-103,5],[0,-111],[-57,2],[0,-599],[-62,-2],[0,-439]],[[26711,28448],[9,108],[-9,72],[4,108]],[[26715,28736],[19,22],[18,68],[22,-58],[20,52]],[[26618,24979],[0,173]],[[26618,25152],[48,-2],[5,30],[16,-17],[6,-35]],[[26693,25128],[11,-45],[3,-189],[19,-108],[4,-50]],[[26738,24636],[-9,-6],[-75,5]],[[26654,24635],[-37,13]],[[26617,24648],[1,331]],[[25929,38364],[0,-27],[61,9],[18,53]],[[26008,38399],[1,-498]],[[26009,37901],[-13,-126],[-13,-13]],[[25875,37818],[-1,433],[-11,0]],[[25863,38251],[0,110]],[[23336,45057],[132,-3]],[[23419,44387],[-65,1]],[[23354,44388],[0,503],[-18,0],[0,166]],[[26325,36369],[-14,-270]],[[26268,36585],[0,47],[39,103]],[[26212,34187],[29,110],[3,74],[12,-19],[20,100]],[[26276,34452],[18,-76],[26,44],[16,-161],[12,-56]],[[26348,34203],[-1,-101],[-12,-39],[-14,-104],[-29,-259]],[[26290,33700],[-53,23]],[[26237,33723],[-7,18],[0,99],[-5,34],[4,118],[-17,195]],[[24113,22822],[-34,5],[-29,-13]],[[24651,46220],[34,75],[32,-20]],[[24717,46275],[1,-739]],[[24718,45536],[0,-583]],[[24718,44953],[-60,2]],[[24658,44955],[0,60],[-21,193],[-50,65]],[[24587,45273],[-15,22],[-28,96],[-13,278],[-13,51],[-3,150]],[[16371,35664],[11,72],[1,102],[22,21],[7,52],[11,0],[5,57],[16,-22],[10,58],[17,0],[25,-94],[37,-6],[39,79],[2,63],[17,51],[3,56],[15,24],[8,-63],[15,2],[39,-177]],[[26482,28835],[-6,30],[9,157],[7,37]],[[26492,29059],[54,-133],[14,55]],[[26560,28981],[-14,-228],[19,-149]],[[26565,28604],[-51,-274]],[[26514,28330],[-12,-63]],[[22412,49007],[203,-5]],[[22615,49002],[33,-1],[1,-165]],[[22649,48836],[0,-666]],[[22413,48173],[0,668],[-1,166]],[[21494,49777],[0,828]],[[21494,50605],[147,0]],[[21414,25092],[0,-831]],[[21414,24261],[-9,0]],[[23220,21582],[-79,-32],[-1,-7]],[[22197,28422],[146,0]],[[22343,28422],[0,-832]],[[22343,27590],[-145,3]],[[22198,27593],[0,638]],[[18748,42345],[5,-205],[17,-137],[-4,-62],[6,-98],[9,-27]],[[23709,50510],[26,-86],[8,15],[17,-89],[10,-7],[17,-71],[52,-11],[17,-87]],[[23788,49662],[-69,2]],[[23719,49664],[-68,1]],[[23651,49665],[0,495],[-1,85]],[[24799,28208],[0,167],[44,0],[15,27],[0,142]],[[24858,28544],[43,-2],[1,-57],[72,0]],[[24975,28208],[0,-84]],[[24975,28124],[-78,-2]],[[24897,28122],[-95,0]],[[23790,39434],[134,8]],[[23868,38826],[-6,-142],[-18,4],[-6,38],[-18,15],[-14,-73],[-16,-5]],[[23790,38663],[0,605]],[[28255,30660],[37,120],[26,193],[-6,134],[15,-26]],[[28327,31081],[40,-151],[51,-178],[11,23],[1,-98],[-1,-355],[8,-38]],[[28271,30594],[-16,66]],[[27769,39643],[-80,-1]],[[27689,39642],[-42,0]],[[23795,21882],[12,66],[-5,85],[2,56],[-7,38],[6,107],[9,12],[-1,89],[18,102],[3,102],[15,163],[-1,68]],[[24007,22788],[0,-534],[-42,0],[0,-333]],[[23965,21882],[-71,-1],[0,167],[-28,1],[0,-168],[-71,1]],[[26634,44816],[130,23]],[[26824,44846],[-5,-101],[-20,-111],[-29,-44],[-10,-56],[-8,-93],[-2,-122],[4,-94],[-3,-67],[-17,-24],[-6,-68]],[[26637,44149],[-3,667]],[[29795,47362],[6,64],[-1,98],[25,193],[-5,71],[23,185],[-3,125]],[[29840,48098],[-6,62],[5,93],[-6,62],[14,94],[10,33],[31,-2],[9,21]],[[30015,48203],[1,-86],[7,-23],[6,-165],[-5,-88],[6,-203],[-57,-43],[10,-252]],[[29983,47343],[3,-120],[-36,-26],[-1,-121],[-21,-110]],[[29928,46966],[-25,-29],[-9,120],[-24,-157]],[[29870,46900],[-37,29],[-39,79],[-34,28]],[[28560,31988],[65,-14]],[[28725,31913],[9,6]],[[28769,31865],[2,-123],[-9,-60],[-12,-35],[-17,-161],[-15,-61],[-6,-77],[-18,-60],[-5,17],[-26,-13],[-10,29],[-10,-24],[-20,7],[-7,100],[-20,-2],[-16,99],[1,80],[7,34],[19,19],[0,73]],[[26896,33682],[88,4]],[[26999,33686],[27,-2]],[[26983,33306],[-20,12],[-19,82],[-46,-43],[-22,16]],[[21935,30163],[116,-2]],[[22051,30161],[1,-355]],[[22052,29806],[0,-474]],[[22052,29332],[-117,4]],[[21935,29336],[0,827]],[[26851,34075],[-16,-101],[2,-26],[-35,-110],[-10,-156]],[[26792,33682],[-77,0],[-5,8],[-54,-1]],[[15893,37341],[-7,-148],[15,-151],[3,-78],[-37,0],[-5,-242],[5,-64],[-59,1]],[[21104,36868],[183,3]],[[21287,36871],[1,-844],[-3,-2],[1,-342]],[[21286,35683],[-92,0]],[[21194,35683],[-91,0]],[[21103,35683],[1,341],[0,844]],[[27780,35632],[26,83],[13,171],[9,85],[9,35],[17,-19]],[[27938,35489],[-7,-55],[-19,-70],[-16,-90]],[[27878,35209],[-11,14],[-17,121]],[[27991,34930],[22,196],[2,89]],[[28051,35104],[17,-46],[23,-13],[24,113]],[[28116,35021],[-2,-336]],[[27085,36410],[-13,-64],[21,-80],[25,-4],[8,-21],[7,-75],[-4,-48],[16,-118],[16,42],[14,-83]],[[16498,28852],[3,33],[18,-11],[10,-35],[17,11],[20,-74],[19,-7],[7,63],[18,-15],[-5,-68],[-12,-31],[-20,-7],[-15,-46],[-28,-3],[-16,39],[-1,98],[-15,53]],[[16409,28743],[23,11],[9,34],[17,-3],[20,-86],[1,-72],[-14,-52],[-20,-36],[-16,62],[-12,113],[-8,29]],[[16353,28803],[25,74],[13,-103],[-12,-7],[-26,36]],[[16298,30596],[4,-29],[39,64],[17,-12],[29,-116],[10,8],[-9,107],[5,44],[16,37],[17,3],[6,86],[21,74],[33,-107],[13,3],[7,-41],[13,-12],[7,-50],[24,-61],[20,0],[16,-44],[22,-101],[18,7]],[[16626,30456],[8,0]],[[16625,29451],[-25,79],[-30,1],[-16,-38],[-18,42],[-23,-21],[-14,54],[-22,48],[-23,-1],[-8,19],[-46,-3],[-52,-39],[-12,143],[-19,65],[-12,-6],[-6,44],[13,243],[-10,119],[7,144],[-2,46],[-15,66],[6,140]],[[26122,20970],[0,527]],[[26170,20532],[-27,-16],[3,215],[-24,239]],[[27221,23052],[-13,-61],[24,-51],[0,-103],[-12,-178],[-3,-131],[4,-61]],[[16486,53015],[8,-116],[20,-91]],[[16516,51688],[-208,0],[-90,3],[-163,3]],[[16055,51694],[0,656]],[[6449,80022],[0,-673],[0,-1149],[0,-491],[-46,0],[0,-165],[-95,0],[0,-165],[-47,0],[0,-165],[-27,0],[0,-166],[-93,0],[0,-165],[-47,0],[0,-330],[22,0],[0,-448]],[[6116,76105],[-37,-34],[-28,-77],[-35,-70],[-43,-50],[-43,-100],[-60,-99],[-38,-19],[-33,91],[-4,112],[-9,58],[-51,99],[15,111],[7,260],[36,71],[-20,58],[-8,-54],[-22,-29],[0,-52],[-21,-107],[-2,-50],[-33,-77],[-17,-121],[6,-71],[-26,-146],[10,-137],[21,-220],[15,-26],[-24,-149],[-32,-44],[-44,62],[-78,556],[-19,104],[-25,94],[-38,47],[14,92],[-18,81],[-22,-46],[-23,-135],[5,-70],[-30,-62],[-25,117],[-4,85],[-41,16],[-26,65],[-19,77],[17,44],[-8,81],[-22,85],[-43,-114],[-66,-203],[-21,-102],[-14,57],[-23,-13],[-21,-70]],[[5033,75609],[7,205],[39,90],[13,-1],[36,101],[10,-15],[-18,-123],[-32,-279],[-22,-54],[-22,13],[-11,63]],[[5038,76057],[-19,-50],[-44,-55],[-11,-60]],[[29422,42779],[4,306]],[[29426,43085],[3,266]],[[29429,43351],[38,32],[7,-71],[8,-270],[3,1]],[[29523,42827],[-40,-132],[6,-47],[-18,-44],[12,-101],[-4,-52],[11,-133]],[[29490,42318],[-29,-74],[-8,-57],[-10,8],[-23,-68],[-30,-68]],[[27389,30647],[16,-125],[-4,-221],[66,-5]],[[27467,30296],[12,-111],[8,-101],[16,-88],[7,-86]],[[27378,29611],[1,162]],[[27379,29773],[-5,169],[2,70],[8,52],[-5,176],[-6,62]],[[17861,45724],[22,6],[16,-106],[-9,-85],[0,-91],[22,-22],[2,-79],[8,-84],[21,7],[36,-46]],[[17979,45224],[27,-35],[15,-60],[25,-3],[12,-48],[26,-30],[32,-116],[16,51],[18,7]],[[18072,43975],[-88,1],[-58,14],[-65,-11]],[[23528,43041],[127,-1]],[[23655,43040],[0,-660]],[[23655,42380],[-63,1]],[[23592,42381],[-64,1]],[[23528,42382],[0,659]],[[26348,34203],[45,152],[16,24]],[[26446,33679],[-10,-1]],[[23155,49994],[107,-1],[113,2]],[[23375,49995],[0,-498]],[[19646,53039],[-105,2]],[[19541,53041],[-106,1],[0,-110]],[[19435,52932],[-99,1]],[[27426,32270],[21,-14],[48,-196]],[[27541,31603],[-35,-2],[-88,7]],[[27418,31608],[-1,73],[-9,244],[18,345]],[[27842,41911],[114,-10]],[[27957,41555],[-33,-458],[-15,-169]],[[25616,32472],[6,173]],[[22385,18536],[130,2],[0,-68]],[[22515,18470],[0,-1058]],[[22515,17412],[-131,0]],[[22384,17412],[1,367],[0,757]],[[26065,26315],[86,4],[0,27],[42,3]],[[26193,26349],[8,-194],[7,-70]],[[26230,25898],[-17,-1],[1,-69],[-77,-9],[1,-110],[-29,-2]],[[26036,26062],[0,193],[5,29],[19,3],[5,28]],[[25351,29621],[4,226]],[[25525,29819],[0,-500]],[[25525,29319],[-29,4]],[[25496,29323],[-109,17],[-41,10]],[[25346,29350],[5,271]],[[23754,32998],[-16,-274],[-2,-492],[-3,-137]],[[23733,32095],[-45,7],[0,-28],[-103,17]],[[23585,32091],[-16,654]],[[24042,33499],[23,0]],[[24065,33499],[68,1]],[[24133,33500],[-2,-213],[-15,-50],[19,-175],[12,-21],[-1,-122],[20,-112],[-1,-137]],[[24032,32768],[1,718],[9,13]],[[21286,35683],[196,1]],[[21482,35684],[0,-486]],[[21482,35198],[0,-755]],[[21482,34443],[-183,4],[-31,9],[-53,0]],[[21215,34456],[-24,0]],[[21191,34456],[1,728],[2,0],[0,499]],[[21287,36871],[194,3]],[[21481,36874],[0,-12]],[[21481,36862],[1,-998]],[[21482,35864],[0,-180]],[[21277,41010],[32,0]],[[21309,41010],[171,3]],[[21480,41013],[0,-173]],[[21480,40840],[-1,-660]],[[21480,39362],[-93,-6],[-117,-6]],[[21270,39350],[1,502],[-1,327],[3,0],[0,665],[4,166]],[[29814,44044],[94,-13],[0,-29]],[[29911,43462],[0,-244]],[[26962,15293],[33,-1],[0,167],[55,-2]],[[27050,15457],[21,6],[117,-3]],[[27188,15460],[-1,-503]],[[27049,14958],[3,181],[-10,45],[-8,119],[-7,-52],[-11,-5],[7,-128],[3,-125],[-16,-34]],[[26990,14995],[-3,50],[-25,248]],[[21641,29333],[120,1]],[[21761,28421],[-146,-6]],[[21615,28415],[0,919]],[[23606,55128],[179,2],[0,100],[87,-8],[107,-6]],[[23986,53567],[-201,7]],[[23607,54364],[1,270],[-2,494]],[[22784,44657],[98,-1]],[[22882,44656],[0,-166],[54,0]],[[22936,44490],[0,-331]],[[22936,44159],[-54,0]],[[22882,44159],[-98,1]],[[22784,44160],[0,497]],[[26898,32626],[-2,-138],[17,-6],[12,26]],[[15990,49380],[8,-8],[177,-5],[200,-2]],[[16375,49365],[-9,-56],[5,-60],[0,-376]],[[25790,29319],[0,126],[8,334]],[[24426,25699],[-3,156],[8,96]],[[26657,47281],[20,173],[3,64],[17,59],[-1,37],[14,72],[4,65],[51,49],[15,86],[27,42],[32,-68],[22,-89],[22,-225],[12,-168],[2,-170]],[[26897,47208],[-142,-28]],[[26755,47180],[-98,-15],[0,116]],[[28473,30742],[-11,-14],[3,-66],[12,-69],[25,-70],[10,5],[14,-44],[15,73],[8,7]],[[28327,31081],[12,40],[0,152],[11,18]],[[16006,50196],[60,0],[0,499],[12,-1],[-1,339]],[[16077,51033],[29,15],[34,-64],[9,-124],[15,7],[13,72],[39,16],[8,-28]],[[16341,49834],[5,-164],[-3,-59],[13,-98],[-4,-65],[23,-83]],[[23795,21882],[-6,-112],[5,-76],[11,-27],[0,-88]],[[27026,21387],[26,0]],[[27052,21387],[1,-755],[-1,-54]],[[27996,36892],[82,-179]],[[28095,36375],[-51,-400]],[[28035,36405],[15,-20],[4,63],[-9,46],[-10,-89]],[[16631,52905],[24,-2],[0,113]],[[16655,53016],[184,-3],[139,6]],[[16976,52733],[-4,8]],[[26831,17629],[-1,0]],[[26885,17337],[-7,-25],[-13,-132],[23,-60],[11,-89],[3,-74],[-9,-57],[-1,-118],[-4,-44],[-28,5],[-14,161],[-11,59],[-6,122],[5,149],[8,3],[3,77],[4,220],[-4,98]],[[9671,78591],[27,-24],[-3,-99],[-24,123]],[[9623,77898],[12,115],[61,225],[33,30],[-52,-156],[-11,-63],[-43,-151]],[[9141,79179],[13,100],[41,10],[20,47],[27,28],[6,39],[44,29],[-3,-69],[-62,-115],[-18,-45],[-39,-50],[-29,26]],[[9031,79022],[33,193],[21,7],[26,-37],[27,2],[-5,-79],[17,-22],[48,32],[11,-39],[3,-90],[-30,-8],[-17,-49],[-25,6],[-40,-83],[-35,-111],[-12,2],[-13,79],[47,106],[-23,37],[-11,-48],[-19,26],[-3,76]],[[9007,79853],[0,44],[20,73],[13,-58],[-8,-71],[-25,12]],[[8866,79969],[32,54],[20,-41],[-4,-63],[-48,50]],[[8816,79542],[26,65],[0,-82],[-26,17]],[[8816,78786],[20,58],[26,-22],[-38,-94],[-8,58]],[[8697,77887],[5,97],[48,225],[20,24],[-5,55],[20,33],[17,72],[33,82],[37,216],[25,60],[-4,89],[5,116],[31,61],[7,-76],[44,-92],[-14,-81],[-65,-185],[-44,-203],[-6,-136],[-33,-66],[15,-68],[0,-62],[-24,-59],[-24,21],[-13,-68],[-22,-26],[-38,-71],[-15,42]],[[8686,78772],[15,89],[3,76],[13,74],[11,131],[25,-1],[3,121],[32,-14],[-13,-91],[11,-55],[-21,-34],[19,-76],[-12,-97],[-23,-113],[13,-25],[-17,-166],[-24,67],[9,58],[-40,14],[-4,42]],[[8672,79675],[19,41],[14,-21],[16,-82],[-6,-40],[-37,30],[-6,72]],[[8662,78198],[34,174],[23,73],[10,-37],[-14,-123],[-14,-50],[-32,-59],[-7,22]],[[8635,78891],[27,121],[19,-11],[-10,-173],[-29,1],[-7,62]],[[8635,78291],[10,101],[21,114],[37,38],[6,-52],[-74,-201]],[[8495,79564],[24,138],[18,57],[30,21],[13,-169],[23,127],[34,0],[12,-39],[4,-144],[-43,-139],[-26,-108],[-31,71],[-22,-10],[-36,-128]],[[8495,79241],[0,323]],[[8495,79616],[0,-25]],[[8495,79591],[0,25]],[[8491,78145],[23,33],[0,235],[7,122],[0,551],[-28,0],[0,79]],[[8493,79165],[28,98],[32,71],[40,-117],[16,66],[22,44],[6,78],[24,-27],[27,-130],[-13,-73],[21,-47],[-65,-190],[-11,-64],[-26,-83],[32,-111],[10,65],[31,-91],[-13,-149],[-24,-160],[-23,34],[8,65],[-19,30],[1,119],[-16,16],[-11,-120],[6,-25],[-12,-115],[2,-86],[-8,-67],[-32,40],[-5,-38],[-15,-54],[-15,1]],[[9822,78268],[-26,52],[-22,112],[-41,104],[-23,29],[-5,41],[-70,19],[-50,76],[-46,15],[35,113],[-49,15],[-2,40],[44,291],[-22,-11],[-9,-58],[-27,-25],[-18,-67],[-8,-140],[-31,-5],[-80,184],[-24,94],[-28,23],[-51,-27],[-24,42],[14,52],[33,54],[23,112],[12,98],[-27,-8],[-22,34],[-44,-8],[11,96],[-51,-116],[-31,-11],[6,59],[31,145],[-28,22],[-20,-59],[-9,60],[-20,-99],[-26,-24],[-36,1],[-10,59],[15,93],[25,-9],[51,60],[23,58],[3,120],[-26,-112],[-53,-20],[-33,126],[-10,-34],[-17,130],[5,73],[28,222],[52,-3],[56,10],[-16,78],[-89,-14],[-24,-123],[-27,-32],[-25,-149],[-25,-58],[-20,22],[19,84],[-10,164],[-14,89],[-17,42],[10,-235],[-17,-79],[-47,-114],[-13,-61],[-25,20],[2,90],[-15,18],[-24,125],[-11,-100],[10,-155],[-3,-63],[-18,-22],[-3,71],[-17,34],[-14,-40],[12,-58],[-8,-59],[-29,31],[-44,-87],[-30,29],[11,218],[25,99],[19,99],[15,160],[34,146],[37,81],[-23,44],[-21,-15],[-58,-280],[0,-62],[-18,-83],[-14,52],[-10,118],[-38,-34],[-20,-79],[53,57],[-3,-155],[-16,-65],[-20,-168],[-32,-72],[-50,-7],[21,-81],[-35,-111]],[[8495,79676],[-25,16]],[[17319,47570],[8,-83],[12,-1],[17,-83],[39,28]],[[17395,47431],[56,0]],[[17451,47431],[-1,-330],[11,0],[0,-332],[-11,-1],[1,-322]],[[20920,35857],[0,-173],[183,-1]],[[21191,34456],[-107,-2],[-150,-5]],[[26281,38850],[49,0],[3,13],[77,-38]],[[26410,38825],[26,-7],[1,-34]],[[26437,38784],[-17,-90],[12,-37],[-7,-57],[-5,-290]],[[26420,38310],[-31,69],[-1,69],[-10,52],[-10,-51]],[[26368,38449],[-13,9],[-20,-48]],[[26335,38410],[-18,57],[-8,62],[-10,19],[-19,-79]],[[26280,38469],[1,381]],[[27467,30296],[67,-6]],[[26106,41255],[68,0]],[[28269,41565],[-1,-101],[-24,-97],[-19,-144],[7,-95],[-27,-194],[15,-62],[30,24]],[[28218,40292],[-17,76],[-42,60],[-16,61]],[[28143,40489],[-28,113],[-6,140]],[[28109,40742],[28,264],[7,108],[-18,125],[8,113],[-15,108],[4,41],[25,82]],[[26197,33326],[5,5],[4,172],[12,112],[28,43],[23,-22],[21,-85],[15,-1]],[[26202,32814],[-5,12]],[[26197,32826],[10,98],[-11,207],[1,195]],[[23482,24024],[11,-77],[51,-81],[24,-17],[5,-69],[10,23],[9,-52],[6,-118],[15,-43],[6,-63],[13,-79]],[[26013,33004],[41,-47],[21,39],[12,44],[5,86]],[[26092,33126],[10,0],[2,-78],[9,-48],[60,-159],[24,-15]],[[18917,39611],[0,207]],[[29250,46600],[-15,681],[44,30]],[[22020,54140],[22,0]],[[22042,54140],[154,0]],[[22196,54140],[0,-660],[9,-1],[-1,-665]],[[22204,52814],[-129,3]],[[22075,52817],[-47,1]],[[22028,52818],[2,663],[-11,0],[1,659]],[[23547,41263],[44,-1]],[[23591,41262],[67,2]],[[23658,41264],[0,-193],[5,0],[0,-164]],[[23663,40907],[-107,4]],[[23556,40911],[-3,164],[-6,0],[0,188]],[[26675,29115],[13,50]],[[26688,29165],[17,77],[13,-37],[21,-12],[17,66]],[[26756,29259],[10,-95]],[[26715,28736],[-28,79]],[[26528,37300],[20,-68],[38,91],[23,41]],[[26514,37200],[14,100]],[[28412,38943],[19,29],[22,-35],[9,20],[30,-21]],[[27523,36793],[2,227],[6,-18],[24,101]],[[25165,30635],[10,0]],[[25175,30635],[113,1]],[[25288,30636],[5,0]],[[25293,30636],[0,-458]],[[25293,30178],[-99,3]],[[25194,30181],[-9,0],[0,194],[-20,0],[0,260]],[[19531,28314],[-1,-1084]],[[19530,26409],[0,-670]],[[19530,25739],[-18,0]],[[25757,23386],[0,-365],[3,-11]],[[26051,27777],[81,-6],[13,-19]],[[26145,27752],[3,-104]],[[26148,27648],[16,-569]],[[26164,27079],[2,-41]],[[26166,27038],[-101,-1]],[[26065,27037],[-17,-2]],[[26048,27035],[0,201],[3,541]],[[25325,28252],[12,597]],[[25337,28849],[61,-12],[10,-57],[0,-195]],[[25408,28585],[1,-499],[0,-255]],[[25279,35599],[11,0]],[[25290,35599],[54,-1],[13,-47]],[[25357,35551],[18,-94],[2,-38]],[[25279,35263],[0,336]],[[24420,40648],[10,179],[12,68]],[[24507,41390],[45,-6],[33,9]],[[24585,41393],[-1,-677]],[[24584,40716],[-1,-174]],[[24583,40542],[-165,13]],[[24418,40555],[2,93]],[[25310,44929],[29,3]],[[25328,44280],[-98,-1]],[[25230,44279],[-32,0]],[[25197,44927],[113,2]],[[25408,38602],[57,8],[25,-14],[8,-28]],[[25498,38568],[-7,-96],[10,-5],[12,-90],[-1,-134],[18,-59],[-3,-102]],[[25525,37987],[-105,-5]],[[25420,37982],[-11,1]],[[25409,37983],[-1,619]],[[24950,36277],[116,-10]],[[25066,36267],[8,0],[0,-168]],[[25074,36099],[-1,-499]],[[25073,35600],[-83,0],[-4,-68],[-15,15]],[[24928,35987],[-2,37],[24,253]],[[25543,36677],[-2,-248],[7,0],[-1,-179]],[[25524,39951],[1,506]],[[25525,40457],[11,-40],[24,0]],[[25560,40417],[-3,-131],[-5,-61],[4,-141]],[[25556,40084],[-4,-33],[18,-86],[4,-49],[-8,-59],[3,-78],[-2,-189],[-4,-66],[3,-97]],[[25525,39426],[-1,525]],[[26907,16610],[-2,-4]],[[27051,16041],[-1,-249]],[[27050,15792],[-55,2],[1,338],[-54,0],[-55,7]],[[26887,16139],[-13,85],[-5,101],[9,61],[9,12],[9,114],[9,27],[7,88]],[[26092,23014],[2,0]],[[26230,23021],[5,-121],[14,-105],[-1,-116],[5,-82],[15,-127]],[[26123,22194],[-14,2]],[[26109,22196],[1,415],[-14,1],[0,83],[-33,2]],[[26063,22697],[7,130],[12,83],[0,56],[10,48]],[[13624,70855],[40,50],[28,-219],[-4,-183],[-18,-172],[-19,-104]],[[13234,68853],[15,80],[-2,72],[8,78],[-11,136],[22,60],[24,-100],[14,-15],[12,-173],[-6,-58],[5,-91],[-10,-56],[-28,1],[-4,62],[-28,-96],[-11,100]],[[12904,68614],[30,35],[28,-115],[-4,-119],[8,-77],[-19,-19],[-8,94],[-23,79],[-12,122]],[[12834,70836],[21,60],[6,-113],[-27,53]],[[12730,69779],[24,81],[22,-50],[-5,-129],[-27,-2],[-14,100]],[[12684,69623],[23,74],[3,76],[26,-80],[-6,-98],[-28,-15],[-18,43]],[[12665,69350],[18,108],[-8,55],[24,40],[41,21],[1,-73],[-21,-39],[-23,-98],[-10,-119],[-16,46],[-6,59]],[[12629,70583],[21,132],[23,116],[5,60],[28,53],[-25,143],[1,53],[-10,123],[11,91],[56,-58],[22,17],[47,-16],[28,-157],[10,-135],[-21,-187],[13,-66],[15,25],[24,-61],[24,19],[63,-238],[41,-239],[-7,-46],[14,-76],[1,-93],[14,-1],[10,-51],[7,-130],[15,-65],[21,-51],[15,-110],[-88,189],[-15,90],[-12,-185],[40,19],[11,-67],[26,-70],[14,-118],[22,-68],[16,-152],[-26,-81],[24,-49],[15,144],[16,-28],[4,-156],[-15,-71],[10,-59],[-26,-58],[1,-70],[-15,-41],[-2,-62],[36,84],[14,-137],[-2,-210],[5,-115],[-15,-61],[-2,-91],[-42,-35],[-43,99],[-12,50],[-28,47],[6,66],[23,-21],[2,85],[-19,65],[-28,-1],[-26,143],[8,130],[11,109],[-14,111],[-16,-26],[-19,-78],[9,-40],[-1,-114],[-19,-43],[-36,75],[9,112],[-15,57],[5,62],[-14,34],[2,66],[-21,-14],[-6,66],[-18,45],[1,-103],[24,-160],[-2,-149],[18,-55],[-1,-79],[13,-57],[-1,-46],[46,-192],[9,-96],[-1,-145],[-36,-1],[-15,159],[-28,89],[-20,181],[-20,38],[-6,166],[-20,119],[11,94],[-15,159],[-24,-30],[-12,45],[-21,-5],[-1,179],[54,72],[12,49],[22,9],[26,38],[-5,80],[-23,53],[14,116],[-7,112],[-40,-39],[-24,60],[-12,94],[21,147],[-11,46],[-16,-36],[-19,40],[-1,-105],[-10,-24],[-31,68],[-17,105],[13,76],[21,26],[26,-46],[0,-45],[44,33],[-6,148],[-31,46],[-12,82],[11,80],[-35,-50],[-8,-68],[-22,-40],[-33,83]],[[12628,69611],[12,48],[11,161],[20,8],[23,-40],[-23,-189],[-17,61],[-26,-49]],[[12594,70482],[18,72],[11,-89],[-9,-92],[-16,46],[-4,63]],[[12476,70500],[8,33],[21,-3],[9,-40],[23,33],[5,-45],[-51,-138],[-1,80],[-14,80]],[[12739,71616],[2,-42],[-30,-73],[-37,4],[-10,269],[-13,-38],[-31,48],[-6,-121],[3,-83],[-13,-73],[21,-221],[-12,-90],[-2,-100],[-20,-34],[6,-77],[-8,-140],[-15,-10],[-8,59],[6,90],[-10,100],[-11,28],[-1,-182],[-10,-134],[-27,7],[7,66],[-14,28],[11,84],[-10,23],[-10,341],[16,105],[-3,90],[9,38],[16,-75],[9,40],[-22,159],[-24,35],[-6,69],[8,48],[-14,51],[-19,151],[3,63],[-9,139],[18,112],[18,29],[37,-115],[3,56],[-19,48],[23,97],[25,-60],[12,-183],[18,-62],[4,-81],[38,135],[-24,74],[-7,50],[6,61],[-7,70],[-38,130],[7,94],[37,54],[42,-39],[8,-29],[29,-13],[56,-98],[19,7]],[[12393,71155],[4,-102],[-4,-65]],[[99918,63014],[16,4],[12,61],[22,11],[31,-99],[-11,-121],[-33,-68],[-26,48],[-13,77],[2,87]],[[99679,62355],[6,39],[25,-48],[19,5],[28,-39],[4,-54],[23,-65],[21,-102],[32,-68],[11,-95],[43,-17],[21,-54],[-17,-32],[-9,24],[-30,-27],[-12,57],[-44,128],[-30,166],[-30,70],[-17,-13],[-22,41],[-22,84]],[[99629,63005],[30,-8],[10,-55],[-14,-80],[-10,-7],[-16,150]],[[99531,63110],[7,35],[17,-35],[3,-57],[-16,-31],[-11,88]],[[99283,62849],[24,44],[15,83],[43,58],[2,86],[16,159],[11,29],[20,-86],[-12,-52],[-8,-92],[-18,-72],[6,-119],[-42,28],[-17,-51],[-15,-112],[-25,97]],[[98211,63819],[7,51],[18,44],[23,-10],[27,109],[40,9],[-17,-66],[5,-230],[-21,0],[-17,85],[-35,-31],[-30,39]],[[97962,64814],[46,141],[33,18],[101,-33],[29,-103],[23,-24],[35,-155],[-2,-34],[-31,-8],[-20,62],[-18,-116],[-13,-20],[-34,23],[-26,-67],[-26,53],[-13,65],[-3,103],[-31,91],[-36,-38],[-14,42]],[[3576,66455],[49,59],[1,-97],[-15,-74],[-29,17],[-6,95]],[[3147,65545],[27,71],[16,74],[55,14],[10,99],[31,-46],[5,70],[13,38],[24,-32],[13,11],[5,159],[-7,96],[16,63],[11,-34],[16,49],[-17,80],[19,59],[29,3],[11,-85],[19,46],[5,49],[-43,72],[-11,33],[-12,-41],[-18,60],[-6,62],[-16,18],[-1,56],[14,39],[8,87],[53,122],[14,-17],[25,66],[22,4],[18,-59],[0,-58],[-13,-62],[9,-103],[47,64],[9,81],[22,3],[21,48],[6,-170],[-26,-19],[-15,-58],[-8,-66],[-16,-36],[-21,-115],[20,-11],[6,52],[33,69],[8,-97],[12,-59],[-6,-39],[-39,-49],[-6,-43],[-29,-20],[-6,-130],[-14,-2],[-10,-132],[-22,42],[-8,-124],[-30,-24],[-30,35],[-19,0],[-10,-51],[-15,6],[-22,-82],[-21,-24],[-3,-67],[-18,2],[-23,-28],[-12,-82],[-30,17],[-6,-66],[-46,47],[-17,65]],[[2795,64613],[35,96],[20,109],[18,46],[-5,98],[20,46],[9,116],[-10,28],[3,92],[28,144],[21,85],[22,-43],[24,44],[4,-37],[26,17],[-8,103],[-16,14],[12,110],[-6,76],[18,95],[30,107],[41,60],[23,14],[28,-85],[32,-2],[-4,-86],[-14,-54],[4,-117],[-78,-211],[-42,-65],[-17,-72],[-11,-115],[-22,-129],[-2,-41],[-36,-51],[-14,-77],[-36,-58],[-4,-52],[-57,-132],[-18,-55],[-18,-18]],[[2614,64918],[4,74],[19,28],[4,-56],[-9,-94],[-18,48]],[[2608,71841],[56,-24],[24,8],[-22,-141],[-16,12],[-11,72],[-20,21],[-11,52]],[[2545,64631],[7,49],[27,-14],[6,48],[34,30],[20,-40],[0,-93],[-21,-47],[-30,59],[-18,-73],[-21,40],[-4,41]],[[2515,64761],[9,44],[20,-14],[3,-76],[-12,-29],[-20,75]],[[2497,64427],[4,111],[16,11],[17,-37],[-7,-92],[-30,7]],[[2431,72885],[1,57],[32,52],[20,-16],[28,29],[-12,-121],[-23,-42],[-46,41]],[[2314,64117],[6,140],[18,27],[8,63],[17,35],[29,-50],[-1,-63],[-12,-76],[-21,0],[-15,-33],[-16,-78],[-13,35]],[[2182,63966],[18,91],[15,-68],[-13,-80],[-18,10],[-2,47]],[[1815,63563],[17,148],[27,68],[19,13],[8,-46],[20,-24],[-3,-71],[-36,-65],[-8,-33],[-40,-18],[-4,28]],[[1419,63295],[30,-7],[13,-29],[31,1],[5,37],[49,40],[27,-93],[40,-10],[22,21],[12,-28],[12,29],[45,-21],[-35,-74],[-54,-15],[-8,-24],[-29,11],[-19,-39],[-7,38],[-23,27],[-50,-35],[-28,28],[-14,98],[-19,45]],[[1060,63091],[59,68],[10,-43],[18,81],[11,-35],[18,66],[50,1],[41,52],[40,149],[17,34],[15,-42],[31,107],[-3,44],[-32,6],[-26,44],[2,47],[27,-17],[3,106],[17,41],[33,48],[40,-114],[6,-94],[-21,-166],[-35,13],[11,-116],[17,-60],[-36,-72],[-15,-9],[-16,48],[-18,-61],[-11,-98],[-15,68],[-31,-49],[-7,-34],[-18,18],[-13,-61],[-16,46],[-28,28],[-21,-16],[-16,-60],[-52,-1],[-36,33]],[[844,62833],[36,45],[7,-125],[-43,80]],[[818,63164],[19,101],[25,-18],[11,-104],[-10,-62],[7,-68],[-44,35],[-8,116]],[[811,62721],[18,97],[10,-47],[30,-22],[-23,-86],[-16,3],[-19,55]],[[600,62340],[7,92],[29,83],[-1,66],[-13,94],[19,2],[14,44],[9,101],[-13,91],[11,67],[29,-24],[21,93],[10,-16],[2,-145],[-20,-30],[-1,-61],[22,-64],[25,7],[15,55],[33,-14],[-2,-45],[6,-103],[-14,-92],[-44,22],[-26,-101],[-43,-26],[-10,-79],[-15,17],[-6,64],[-19,-80],[-11,-91],[-14,73]],[[402,62488],[18,55],[34,-21],[20,64],[44,45],[22,67],[3,218],[5,22],[25,-25],[10,-40],[-4,-95],[-18,-54],[5,-88],[-2,-105],[-7,-45],[-16,-5],[-20,-47],[-24,103],[-23,-14],[-17,-51],[-28,12],[-19,-35],[-8,39]],[[256,62813],[9,58],[19,21],[42,-3],[20,-78],[-5,-36],[27,-53],[11,27],[20,-54],[-20,-41],[-15,-119],[3,-72],[-25,-41],[-13,-48],[-33,24],[1,82],[34,35],[0,98],[-16,34],[-12,-19],[-11,72],[-31,68],[-5,45]],[[77,62637],[3,65],[18,29],[17,-100],[-10,-65],[-12,-3],[-16,74]],[[44,61871],[19,-10],[3,-68],[-12,-18],[-10,96]],[[0,61669],[20,9],[-7,-107],[-11,10],[-2,88]],[[26123,28551],[48,-5],[45,10]],[[26216,28556],[4,-176]],[[26220,28380],[-4,-186],[-18,-44],[-6,16],[-42,-91],[-14,2]],[[26136,28077],[-13,474]],[[26083,29860],[117,-2]],[[26200,29858],[-11,-138],[-9,-150],[-43,-127],[-15,-160],[-20,1]],[[26102,29284],[-15,453]],[[26190,30201],[-16,14],[0,152],[-18,-1],[0,250]],[[26062,30615],[36,-3]],[[26129,30612],[-20,-206],[-4,-83],[0,-138],[-11,-114],[0,-57],[-13,-87]],[[26222,23164],[30,-6]],[[26252,23158],[53,-6]],[[26305,23152],[-6,-53],[-1,-298],[-4,-95],[-11,-100],[-16,-67],[1,-69]],[[23428,37770],[125,-1]],[[23552,37103],[-126,2]],[[23426,37105],[0,582],[2,83]],[[25439,27832],[48,-6],[0,111],[10,57],[58,-14]],[[25555,27980],[29,-28],[0,-140],[15,-2]],[[25655,27303],[-11,-49],[-13,21],[-13,-68],[-1,-126],[-23,5],[-8,-75],[-2,-167],[-29,-5]],[[25474,26845],[-33,21],[-1,259]],[[22021,35361],[103,-14],[51,1]],[[22179,34455],[-129,4]],[[22050,34459],[-24,1]],[[22026,34460],[0,734],[-5,0],[0,167]],[[23019,35033],[156,-7]],[[23175,35026],[0,-572]],[[23019,34454],[0,579]],[[26114,24201],[0,-581]],[[26032,23392],[-22,2]],[[26010,23394],[0,804]],[[26148,33743],[14,225],[8,211]],[[26170,34179],[5,37],[22,-89],[15,60]],[[26237,33723],[-84,21]],[[26153,33744],[-5,-1]],[[25823,36593],[16,-29],[8,47],[10,-5],[3,102]],[[25952,36362],[6,-237],[-8,-109],[-41,-37]],[[26511,37494],[25,332]],[[26536,37826],[12,-21],[5,-67],[16,-50],[3,-71],[19,-35]],[[26591,37582],[17,-7]],[[26528,37300],[-8,78],[-2,95],[-7,21]],[[26010,23394],[-112,-8]],[[25898,23386],[0,473]],[[25468,35673],[-55,-302]],[[25357,35551],[-7,172],[10,81],[17,60],[10,115]],[[26106,38102],[68,2]],[[26174,38104],[0,-425]],[[26174,37679],[-19,94],[-18,-8]],[[26137,37765],[-28,-14],[-6,-89],[5,-43],[3,-139]],[[26111,37480],[-14,-1],[-5,40],[-21,-1]],[[26071,37518],[0,137],[-10,56],[-21,55],[0,150]],[[26040,37916],[20,17],[21,112],[-1,56],[26,1]],[[25611,43270],[17,21],[37,75],[27,67]],[[25692,43433],[1,-331],[0,-570]],[[25693,42532],[-11,-33],[-26,95],[-20,32],[-17,-40],[-7,-44]],[[26192,38134],[1,35]],[[26193,38169],[14,6],[24,87],[33,66]],[[26264,38328],[12,-83],[0,-57],[-10,-55],[0,-52]],[[26266,38081],[-75,3],[1,50]],[[24445,41724],[10,-1],[0,498]],[[24455,42221],[118,-2]],[[24573,42219],[0,-5]],[[24573,42214],[2,-68],[-6,-209],[-10,-32],[-27,-184],[1,-61],[-7,-104],[1,-55]],[[23205,45055],[33,1]],[[23238,45056],[-1,-165],[21,0],[-1,-502]],[[23257,44389],[-97,1],[-94,6]],[[23066,44396],[9,28],[-9,89]],[[23066,44513],[-4,66],[-10,50],[-1,140],[8,68],[-4,72],[-14,12]],[[23011,46388],[61,-5],[132,0]],[[23204,46383],[1,-664]],[[23039,46051],[4,58],[-7,70],[-6,141],[-19,4],[0,64]],[[23995,46845],[131,1]],[[24126,46846],[0,-548]],[[24126,46298],[-131,0]],[[23995,46298],[0,81]],[[23175,35026],[1,167]],[[23176,35193],[122,-5]],[[23298,35188],[1,0]],[[23299,35188],[1,-252],[-1,-481]],[[23299,34455],[-74,0]],[[23423,35104],[128,-3]],[[23551,35101],[0,-537]],[[23551,34564],[0,-110]],[[23551,34454],[-109,1]],[[23442,34455],[-18,0]],[[23424,34455],[-1,649]],[[23552,36477],[0,-44]],[[23552,36433],[-130,1]],[[23422,36434],[1,421],[3,250]],[[23428,38234],[10,33],[21,-29],[11,14]],[[23470,38252],[7,113],[12,17],[10,-31],[54,1]],[[23428,37770],[0,464]],[[23507,38651],[11,-60],[13,27],[14,-57],[10,11]],[[23555,38572],[-1,-88]],[[23470,38252],[0,261],[2,142],[35,-4]],[[25893,45449],[119,1]],[[26012,45450],[66,0]],[[26078,45450],[1,-661]],[[26079,44789],[-62,-1]],[[26017,44788],[-142,-3]],[[25875,44785],[8,135],[6,200],[-1,82],[6,137],[-1,110]],[[26273,49434],[-124,3],[-10,-17],[-1,-73]],[[26107,49437],[13,136],[6,138],[-2,81],[5,125],[-7,183]],[[26408,44126],[64,-3]],[[26472,44123],[35,12],[65,8]],[[26542,43453],[-134,-26]],[[26408,43427],[0,699]],[[26698,49435],[8,-96],[-1,-136],[6,-44],[-11,-226],[-1,-160]],[[26699,48773],[-159,-5]],[[23990,48698],[0,77],[29,-2],[5,61],[35,-1],[0,166],[17,-1],[0,161]],[[24076,49159],[31,-143],[0,-45],[29,-76],[22,-43],[25,8],[9,-31]],[[24192,48829],[4,-77],[17,-88]],[[24213,48664],[-53,2],[0,-166],[-33,1],[-1,-331]],[[24126,48170],[-35,1]],[[24091,48171],[-101,2]],[[23990,48173],[0,525]],[[23091,51652],[4,-166],[0,-333]],[[23095,51153],[0,-333]],[[23095,50820],[-162,1]],[[22933,50821],[-6,38],[4,75],[53,194],[20,150],[4,209]],[[23603,56758],[11,21],[35,-24],[6,-87],[66,-20],[45,-24],[11,-115],[3,-103],[42,2],[5,26],[22,-4],[22,32],[1,88],[30,38],[3,29],[39,30],[8,-37],[25,9]],[[23606,55128],[-1,332],[-2,663]],[[25162,23016],[114,1]],[[25280,22516],[-132,0]],[[25160,23847],[109,4]],[[25293,30636],[46,0]],[[25339,30636],[12,-140],[16,-57]],[[25351,29621],[-48,1]],[[25303,29622],[-1,528],[-9,28]],[[23807,32109],[50,-10]],[[23857,32099],[0,-55],[99,-11]],[[23956,32033],[-1,-249],[-15,2],[-1,-249],[-20,2],[-1,-271]],[[23918,31268],[-27,37],[-15,157],[-11,-57],[-14,20],[-6,-33],[-18,-22],[-10,43],[-13,-54]],[[23804,31359],[3,750]],[[24078,26374],[-29,0],[0,-92],[-11,-64],[2,-69],[-5,-107]],[[23935,26866],[69,-1]],[[26109,25373],[2,-168],[5,1]],[[26477,51575],[-23,-16],[-5,23]],[[26344,51254],[23,-4],[43,-77],[-18,-96],[-23,32],[-13,101],[-12,44]],[[25989,52077],[175,1]],[[26447,51582],[-20,-60],[-17,7],[-23,94],[-26,-29],[-4,60],[-17,11],[-14,46],[-9,-34],[-2,-94],[-10,-47],[-1,-92],[8,-122],[-14,-11],[-18,48],[-19,107],[-32,156],[-35,76],[-36,32],[-18,52],[-29,23],[-26,-21],[-21,-110],[-17,-129],[-11,-12],[-33,39],[-14,-22]],[[25989,51550],[0,527]],[[25843,48139],[97,-22]],[[25940,48117],[1,-670]],[[25941,47447],[-109,7]],[[25832,47454],[-9,289],[-15,166],[19,91],[16,139]],[[25722,43529],[39,153],[17,98],[11,96],[9,122],[18,214],[34,238]],[[25850,44450],[39,0],[1,-328]],[[25890,44122],[-1,-593]],[[25889,43529],[-83,-1]],[[25806,43528],[-84,1]],[[25890,44122],[128,-4]],[[26018,44118],[0,-515],[-8,-76]],[[26010,43527],[-76,3]],[[25934,43530],[-45,-1]],[[23555,39279],[0,-141]],[[23555,39138],[0,-566]],[[23507,38651],[-14,17],[-6,112],[-15,60],[-6,161],[-13,66]],[[23453,39067],[-18,80],[-5,64],[-15,74]],[[23415,39285],[140,-6]],[[24324,40076],[113,-6]],[[24437,40070],[4,-58],[-7,-70],[5,-77],[14,-51],[4,-100]],[[24457,39714],[-2,-50],[18,-90]],[[24473,39574],[-114,3],[0,-55]],[[24359,39522],[-36,1]],[[24323,39523],[1,553]],[[24294,40748],[2,581]],[[24296,41329],[59,15],[4,-29]],[[24420,40648],[-126,16]],[[24294,40664],[0,84]],[[23786,41275],[60,5]],[[23846,41280],[51,0]],[[23899,40904],[0,-222]],[[23899,40682],[-110,-5]],[[23789,40677],[-1,398],[-2,200]],[[23034,42830],[40,0]],[[23074,42830],[109,-1]],[[23183,42829],[-5,-83],[19,-58],[1,-71],[-13,0],[5,-83],[-3,-89]],[[23187,42445],[-113,-3]],[[23011,44016],[68,-1],[11,61]],[[23090,44076],[9,-11],[15,-123],[15,-10],[-2,-201]],[[23127,43731],[9,-87],[10,-32],[-3,-163],[-11,-67]],[[23132,43382],[-90,1]],[[23042,43383],[0,111],[-31,1]],[[23011,43495],[0,521]],[[21273,45892],[198,-1]],[[21471,45891],[-1,-408],[5,0],[0,-652],[8,0],[0,-660],[9,-1]],[[21492,44170],[-1,-167],[-16,1]],[[21305,43996],[-6,-1]],[[21299,43995],[-1,168],[-11,-1],[-2,663],[-7,0]],[[21278,44825],[0,658],[-5,0],[0,409]],[[21480,40840],[197,2]],[[21677,40842],[5,0]],[[21682,40842],[0,-663]],[[21682,40179],[-24,0]],[[23036,40674],[111,0]],[[23147,40674],[16,-1]],[[23163,40673],[0,-498]],[[23099,40176],[-63,0]],[[23036,40176],[0,498]],[[23187,42445],[12,-59]],[[23199,42386],[5,-137],[-5,-67]],[[23199,42182],[-28,-2],[-21,25],[-15,-33],[-10,-58],[-17,-42],[-22,50],[-9,44]],[[22882,44656],[1,165],[0,617]],[[22883,45438],[9,-2],[12,-78],[9,27],[28,-57]],[[22990,44986],[-26,0],[-1,-470]],[[22963,44516],[-27,-26]],[[23831,34309],[0,139]],[[23831,34448],[76,-6],[-1,-334],[11,-1]],[[23917,34107],[-3,-607]],[[23839,33501],[2,612],[-10,1],[0,195]],[[24246,33501],[3,563]],[[24249,34064],[4,0],[2,499]],[[24255,34563],[60,-10],[61,-4]],[[24376,34549],[-1,-305]],[[24375,34244],[0,-193],[-4,1],[-1,-310],[1,-240]],[[24371,33502],[-125,-1]],[[19186,51962],[-3,-97],[0,-664],[20,-1],[1,-219],[0,-612],[-3,0],[0,-337],[46,0]],[[19247,50032],[74,-9]],[[22154,40843],[126,0]],[[22280,40178],[-125,0]],[[22155,40178],[-1,665]],[[23199,42182],[5,-107],[9,-47],[-3,-62],[8,-73]],[[23218,41893],[-10,-71],[4,-154]],[[23212,41668],[-176,0]],[[23036,41668],[0,443]],[[22910,40841],[1,331]],[[22911,41172],[125,-1]],[[23036,41171],[0,-497]],[[23036,40176],[-95,1]],[[22941,40177],[-31,0]],[[22910,40177],[0,664]],[[23550,34011],[154,-36]],[[23704,33975],[-3,-474]],[[23551,33502],[0,321]],[[23551,33823],[-1,188]],[[23551,35702],[93,-13],[58,-14]],[[23702,35675],[0,-110]],[[23702,35565],[-2,-443]],[[23700,35122],[-104,17],[-45,11]],[[23551,35150],[0,552]],[[23218,33357],[-1,-497],[15,0]],[[23216,32276],[-60,1]],[[23156,32277],[1,417],[-74,1],[0,164]],[[22579,33433],[0,248]],[[22579,33681],[179,1]],[[22758,33682],[1,-818]],[[22759,32864],[-60,0]],[[22699,32864],[-120,0]],[[22579,32864],[0,569]],[[22436,30368],[146,0]],[[22582,30368],[1,-332]],[[22569,29704],[-29,1],[0,-83],[-14,-28],[-58,1],[0,-56],[-30,1],[-14,-28]],[[22424,29512],[0,193],[-46,0],[0,166]],[[27163,28385],[-51,99],[-10,48],[-7,159],[-31,-26]],[[22408,50169],[85,-4],[120,-2]],[[22613,50163],[0,-167]],[[22613,49996],[0,-497],[2,-497]],[[22412,49007],[0,501],[-3,0]],[[22409,49508],[-1,661]],[[22142,49509],[28,-1]],[[22170,49508],[73,0]],[[22243,49508],[0,-666],[3,0],[0,-672]],[[22246,48170],[-77,-5]],[[22145,48213],[0,630],[-4,0]],[[22141,48843],[1,666]],[[26971,33032],[-26,-187],[-26,-11],[-19,-101]],[[25251,33506],[7,-1]],[[25380,33498],[-2,-111],[19,-150]],[[25335,32779],[0,49],[-88,12]],[[28182,46588],[55,-48],[10,3],[30,-118],[21,-69],[13,-14],[43,77]],[[28354,46419],[2,-461]],[[28356,45958],[-32,0],[1,-174],[-28,1]],[[28206,45869],[1,94],[-13,5],[13,179],[-26,-1]],[[28181,46146],[1,442]],[[28539,45938],[3,107],[-6,502]],[[28536,46547],[8,6],[22,136]],[[28661,45456],[3,-281]],[[28664,45175],[-54,-10],[0,17],[-58,-7]],[[28552,45175],[-5,89],[-14,110],[-1,117],[5,69],[-5,146],[0,130],[7,102]],[[23347,30756],[117,-1]],[[23428,30036],[-127,0]],[[23301,30036],[0,332],[2,332],[44,0],[0,56]],[[22933,27605],[125,-15]],[[23058,27590],[0,-108],[25,21]],[[23083,27503],[0,-706]],[[23083,26797],[-62,2]],[[23021,26799],[-91,9]],[[22930,26808],[3,797]],[[22718,24140],[52,-510]],[[22770,23630],[-136,-478]],[[22634,23152],[-76,752]],[[22558,23904],[115,398]],[[22717,47511],[67,-1]],[[22784,47510],[67,-1]],[[22851,47509],[0,-664]],[[22851,46845],[-76,0]],[[22775,46845],[-57,0]],[[22718,46845],[-1,666]],[[24580,49764],[136,-1],[33,6]],[[24749,49769],[0,-665]],[[24749,49104],[0,-497]],[[24749,48607],[-135,-4],[0,167],[-34,0],[0,165]],[[24580,49432],[0,332]],[[24825,51414],[172,3],[35,5],[0,-77],[35,-8],[-1,81],[37,-7]],[[25103,51411],[0,-821]],[[25103,50590],[-83,10],[-23,-5]],[[24997,50595],[-1,168],[-171,-1]],[[24825,50762],[0,652]],[[20060,48114],[5,0],[0,-667],[4,1],[1,-602]],[[19935,46848],[0,276],[-34,-1],[0,167],[-67,0],[0,163],[-61,0],[-2,56],[-35,-3],[0,108],[-33,0],[0,169],[-17,0],[0,167],[-17,0]],[[25976,31195],[11,-125]],[[25987,31070],[3,-6],[0,-442]],[[25863,30627],[0,259]],[[27470,31041],[13,-44]],[[28545,32440],[8,-19],[30,15],[43,80],[10,-90]],[[22455,25424],[21,72],[0,408]],[[22476,25904],[113,-3]],[[22589,25901],[34,-530]],[[22623,25371],[23,-278]],[[22607,24960],[-57,-191]],[[22550,24769],[-12,119],[-21,-74],[-62,610]],[[22863,25973],[13,-1]],[[22876,25972],[142,-7]],[[23039,25610],[7,-51],[13,-6]],[[22916,25067],[-13,-42],[-40,410]],[[22863,25435],[0,538]],[[22799,22548],[16,262],[52,183]],[[22867,22993],[45,158],[22,70]],[[20921,46852],[0,-49]],[[20921,46803],[1,-910]],[[20922,45893],[0,-741]],[[20922,45152],[-168,-4]],[[20754,45148],[-66,-1]],[[20688,45147],[-2,332],[0,638],[0,728]],[[27372,33621],[18,-5]],[[27390,33616],[37,6],[26,-9]],[[27497,33049],[0,-38]],[[27497,33011],[-4,34],[-18,-3],[-4,52],[-19,-10],[-11,-52],[-8,30],[-35,-27],[-18,-34]],[[27354,33316],[5,33],[-7,65],[13,91],[7,116]],[[27771,33581],[35,1]],[[27863,33583],[-4,-572]],[[27859,33011],[-29,3]],[[27830,33014],[-76,12]],[[27754,33026],[5,555]],[[22533,23814],[25,90]],[[22634,23152],[-1,-65]],[[21581,25927],[143,-2]],[[21724,25925],[-3,-833]],[[21721,25092],[-22,0]],[[21699,25092],[-120,1]],[[22515,17412],[28,0]],[[22543,17412],[0,-1061],[1,-455]],[[22463,15901],[0,149],[-9,30],[-68,-9]],[[20930,24926],[12,0]],[[23083,26797],[0,-267]],[[23021,26477],[0,322]],[[23205,27712],[1,690],[2,31]],[[27246,33646],[126,-25]],[[28483,33602],[104,-3]],[[28611,33271],[-29,-52]],[[28582,33219],[-3,-32],[-20,-26],[-15,-46]],[[22880,21212],[-81,-505]],[[22011,26756],[43,0]],[[22054,26756],[105,-6]],[[22159,26750],[0,-843]],[[22154,25907],[0,12],[-144,4]],[[22010,25923],[1,833]],[[22491,27587],[0,135]],[[22491,27722],[123,0]],[[22614,27722],[0,-63],[17,0]],[[22631,27659],[-1,-824]],[[22630,26835],[-37,3]],[[22593,26838],[-104,9]],[[23599,21329],[-42,-1],[-38,720]],[[22246,21660],[0,-290],[106,8]],[[22352,21378],[1,-681]],[[22353,20697],[-73,217],[-28,17],[-90,7]],[[22162,20938],[-25,2],[0,315],[-18,0]],[[22119,21255],[1,413]],[[22219,18523],[166,13]],[[22220,17692],[-1,831]],[[22054,27590],[144,3]],[[22198,27593],[0,-843]],[[22198,26750],[-39,0]],[[22054,26756],[0,834]],[[21749,32655],[0,5]],[[21749,32660],[150,-2]],[[21899,32658],[2,0]],[[21901,32658],[0,-834]],[[21901,31824],[-152,0]],[[21749,31836],[0,819]],[[21856,21663],[163,4]],[[22119,21255],[-45,-1],[-14,17],[-6,-108],[-4,-246],[-8,-106],[5,-89],[-6,-29],[4,-67],[-7,-93],[9,-137]],[[22047,20396],[-27,0]],[[22020,20396],[-164,1]],[[25344,32201],[1,55]],[[25392,31451],[-4,-59]],[[25388,31392],[-11,47],[-17,-63],[-18,1],[-15,74]],[[25327,31451],[0,201],[14,153],[3,396]],[[26011,33735],[83,-13],[15,7]],[[26109,33729],[39,14]],[[26153,33744],[3,-101],[-5,-80]],[[26151,33563],[-15,-7],[-15,-44],[-13,-7],[-12,-89],[-4,-98]],[[26092,33318],[-22,131],[-26,47],[-10,50],[-17,-10],[-14,-34]],[[22999,23441],[-57,574]],[[22942,24015],[-36,356]],[[22906,24371],[59,202]],[[21822,25091],[44,-2]],[[21866,25089],[95,-8],[25,2]],[[21985,24341],[-91,1],[-73,5]],[[21821,24347],[1,744]],[[21748,30991],[-1,-827]],[[21747,30164],[-106,-1]],[[22195,22907],[109,1]],[[22340,22870],[0,-806]],[[22340,22064],[-95,3]],[[21783,22460],[90,2],[146,6]],[[21599,33502],[150,0]],[[21749,33502],[0,-842]],[[21749,32655],[-150,1]],[[21599,32656],[0,846]],[[27188,14468],[81,7],[1,-503],[108,12]],[[27378,13984],[2,-533]],[[27380,13451],[0,-332]],[[27380,13119],[-166,-3]],[[27214,13116],[-18,101],[-11,17],[-19,76],[-13,-101],[-32,455],[-5,277],[-7,179]],[[27378,14126],[163,1],[0,40],[25,-52],[36,-13]],[[27602,14102],[-9,-440],[-3,-219]],[[27590,13443],[-49,-9],[0,-26],[-107,0],[0,41],[-54,2]],[[27378,13984],[0,142]],[[26159,32103],[-3,-84],[-44,-293]],[[26112,31726],[-10,-40],[-27,-26]],[[26075,31660],[-10,162],[-3,173],[3,87],[-3,77]],[[26151,33563],[17,-31],[20,-105],[9,-101]],[[26092,33126],[0,192]],[[18137,37454],[260,0],[167,0]],[[18564,37454],[-1,-119]],[[18563,37335],[0,-56],[19,-99],[2,-44],[18,-50],[12,-90],[-4,-97],[-12,-144],[-14,-107]],[[18574,36643],[-94,0],[-122,3],[-221,0]],[[18137,36646],[0,808]],[[29691,49287],[45,-111],[-18,-169],[30,-95]],[[29748,48912],[-17,-149]],[[29731,48763],[-16,-157],[-29,106],[-16,-155],[-42,103]],[[29628,48660],[-9,14],[9,89],[-6,85],[-27,157]],[[29595,49005],[20,149],[16,-39],[4,101],[14,115],[32,-7],[10,-37]],[[27499,17037],[17,-228],[18,-351]],[[27534,16458],[-100,3]],[[27434,16461],[-27,0],[0,161],[-27,-2]],[[25954,21856],[7,41],[23,-1],[8,58],[102,-7],[1,249],[14,0]],[[26122,20970],[-9,43],[-24,48],[-25,149],[-29,92],[-21,110],[-28,113],[-33,102]],[[7905,76996],[17,96],[4,94],[24,-46],[-2,-82],[-28,-119],[-15,57]],[[8495,79676],[0,-60]],[[8495,79591],[0,-27]],[[8495,79241],[-2,-76]],[[8491,78145],[-21,67],[-32,-62],[-16,90],[-21,-33],[-37,20],[24,153],[-7,21],[-28,-52],[-17,-117],[-4,-73],[-17,-20],[-12,305],[-7,82],[-17,-11],[-4,-156],[15,-72],[-26,-124],[-23,-58],[-7,-106],[-19,18],[-1,140],[-25,-122],[-14,-23],[11,-282],[-34,70],[-8,58],[-16,-36],[14,-68],[-3,-90],[-31,-39],[-11,30],[-9,-183],[-22,-32],[-17,-128],[-16,-5],[2,-95],[-27,-83],[-3,67],[18,72],[-11,28],[6,75],[22,125],[-8,21],[-26,-62],[-21,-190],[-30,168],[-19,-15],[23,-91],[0,-90],[-22,-55],[-22,15],[-9,-93],[-21,-51],[-21,-87],[9,-68],[-14,-64],[-29,114],[-16,-74],[0,-48],[-18,-51],[-28,46],[-11,-33],[-20,67],[-16,16],[-39,-92],[-11,-76],[-38,-7],[-2,74],[-29,20],[-32,86],[-4,109],[8,61],[24,30],[-1,118],[63,119],[23,-31],[19,28],[17,112],[71,127],[-5,61],[27,64],[-2,45],[27,119],[8,70],[-28,-20],[-31,-99],[-39,-97],[-23,-25],[-19,-71],[-42,30],[-45,113],[-19,122],[20,208],[11,57],[12,187],[28,163],[28,95],[26,129],[8,70],[4,215],[23,57],[8,299],[-19,74],[-7,125],[-13,128],[39,59],[14,54],[30,7],[28,49],[106,301],[65,135],[15,-26],[15,-111],[26,-123],[48,-33],[21,27],[26,131],[24,2],[28,-44],[6,-41],[23,22],[37,-63],[73,-29],[38,-78]],[[7539,78951],[21,52],[13,116],[-1,83],[12,74],[25,-55],[-17,-42],[-24,-133],[7,-45],[-36,-50]],[[7200,76112],[14,1]],[[7124,77104],[44,74],[20,-77],[-5,-68],[-41,-34],[-18,105]],[[7849,80563],[-27,-87],[-26,-186],[-40,-29],[-9,-38],[-41,1],[-37,-103],[-42,-155],[-8,-75],[26,-200],[-28,-4],[-47,-31],[-29,-134],[-6,-83],[-46,-121],[-18,-121],[7,-107],[18,-47],[-36,-79],[-6,-91],[-61,-156],[-30,39],[-13,-90],[25,-75],[5,-65],[24,-82],[-8,-117],[-23,-102],[-7,-97],[-28,-67],[-63,11],[-45,-58],[14,-84],[16,47],[19,2],[8,-46],[-15,-198],[-31,-96],[-51,-65],[-14,81],[2,129],[-17,-29],[-13,-152],[-38,16],[19,-107],[-7,-67],[-38,-5],[-15,-51],[20,-115],[-7,-56],[-27,-33],[-22,-1],[-13,-63],[-43,-34],[24,-67],[-26,-54],[-11,-196],[-21,-59],[-9,-78],[24,-14],[-8,-112],[23,-58],[15,78],[59,-35],[18,47],[24,-6],[26,-132],[24,-44],[10,31],[34,-141],[10,0],[4,-135]],[[6919,75727],[-92,0],[0,165],[-15,0],[0,661],[-14,0],[-1,330],[94,0],[0,331],[81,0],[0,165],[47,0],[0,330],[48,0],[0,165],[35,0],[0,661],[36,0],[0,661],[36,0],[0,661],[-12,0],[0,165]],[[29245,45378],[103,85],[0,8]],[[29385,45479],[-8,-170],[-16,-159],[1,-146],[-7,-133]],[[29355,44871],[-131,-107]],[[29224,44764],[-3,23],[10,142],[-1,155],[11,82],[7,92],[-3,120]],[[28051,46137],[130,9]],[[28193,45631],[-33,14],[-109,-6]],[[27223,34475],[16,-110]],[[27239,34365],[15,-100],[18,-261]],[[27272,34004],[-34,-43],[-12,-37],[-28,-25],[-2,-60],[-20,-73]],[[27494,33901],[-47,425]],[[27773,35953],[2,-38],[10,45],[-5,11],[-7,-18]],[[27796,35867],[5,-72],[9,80],[-14,-8]],[[26191,24508],[51,-5]],[[26242,24503],[0,-123],[4,-181],[35,2]],[[26281,24201],[-1,-226]],[[26280,23975],[-32,3],[-26,-32],[-4,60]],[[26218,24006],[-4,193],[-19,146],[0,128]],[[26206,23608],[1,145],[5,88],[-2,72],[8,93]],[[26280,23975],[9,-123],[42,-5]],[[26330,23514],[-18,-14],[-59,8],[-1,-350]],[[28356,45958],[66,10],[0,-52],[47,1]],[[28469,45917],[0,-267],[-2,-207]],[[28357,45085],[-35,2]],[[27405,31609],[13,-1]],[[27430,32648],[55,-9]],[[27485,32639],[9,30],[13,-88],[6,-83]],[[27426,32270],[4,378]],[[28211,34435],[-22,-3],[-9,68]],[[26336,30622],[83,0]],[[26465,29974],[-9,-87]],[[26456,29887],[-2,29]],[[26220,28380],[38,-60]],[[26258,28320],[-2,-395],[27,1]],[[26226,27643],[-78,5]],[[26145,27752],[-9,325]],[[27804,31631],[21,27],[21,52],[17,123],[11,0],[13,-53],[2,-53],[21,-89]],[[27193,32774],[-36,10],[-38,-21]],[[27119,32763],[-5,109],[-16,39],[-7,76],[5,66],[-7,44]],[[27129,37660],[7,6],[15,-110]],[[27051,37267],[-3,254],[30,94],[51,45]],[[27514,37749],[11,6],[13,-88],[7,20]],[[26508,23167],[0,-68],[74,-7]],[[26486,22402],[2,450],[-12,132],[0,185]],[[26759,29761],[-21,-114],[-55,-13],[-6,-17]],[[26677,29617],[-17,43]],[[28042,32884],[24,-11],[9,125],[11,-1],[9,60]],[[28095,33057],[33,-35],[16,-2],[6,-69],[12,12],[17,-27]],[[28109,32203],[-6,94],[-8,53],[-24,80],[-9,72],[-34,90]],[[28028,32592],[1,112],[13,180]],[[28230,31760],[-68,0]],[[25148,47598],[134,-4],[0,86]],[[25282,47680],[67,-1],[0,-88]],[[25349,47591],[1,-664]],[[25350,46927],[-67,1]],[[25283,46928],[0,167],[-135,5]],[[25148,47100],[0,498]],[[25282,48264],[59,-5]],[[25341,48259],[41,-1]],[[25382,48258],[1,-666]],[[25383,47592],[-34,-1]],[[25282,47680],[0,584]],[[24373,50101],[35,-3],[0,163]],[[24579,50261],[1,-497]],[[24377,49430],[0,504],[-4,167]],[[18974,46847],[-7,48],[-20,38],[-16,-12],[-13,157],[-43,0]],[[18875,47078],[0,573]],[[17467,48087],[0,-164],[-22,1],[0,-109],[-11,-54],[-39,2],[0,-332]],[[28090,33587],[13,-453],[-8,-77]],[[28042,32884],[-3,15],[-1,518],[4,105],[11,62]],[[26211,24911],[27,-63],[18,-66]],[[26256,24782],[-1,-281],[-13,2]],[[21756,56296],[0,-166],[13,0],[-1,-664],[13,0],[0,-332]],[[21530,55132],[0,335],[-14,0],[0,665],[-15,0],[0,332],[-72,0]],[[21429,56464],[0,331],[22,0],[0,166],[37,0]],[[22462,55129],[0,-331],[7,0]],[[22469,54798],[0,-162]],[[22469,54636],[-213,0]],[[22256,54636],[0,163],[-9,0],[0,331]],[[22906,29372],[14,1],[0,330],[15,0]],[[22935,29703],[87,-2]],[[23052,29536],[0,-498]],[[22905,29067],[1,305]],[[23043,31197],[128,-1]],[[23171,31196],[-1,-263]],[[23170,30933],[-8,-19],[-21,-175],[-1,-538]],[[23052,30201],[-2,282],[-21,-9]],[[22051,30701],[31,0]],[[22082,30701],[0,-164],[44,0],[3,-165],[0,-169],[15,-28],[0,-56]],[[22144,30119],[0,-414],[-50,-1]],[[22094,29704],[-11,81],[-17,57],[-14,-36]],[[22051,30161],[0,540]],[[25338,28903],[8,447]],[[25496,29323],[0,-581]],[[25496,28742],[0,-165]],[[25496,28577],[-88,8]],[[25337,28849],[1,54]],[[26102,29284],[11,-392]],[[26113,28892],[6,-222]],[[26119,28670],[-27,-14],[-9,-30]],[[26083,28626],[0,28],[-59,24]],[[19139,25741],[1,-553],[-1,-110],[0,-664]],[[19139,24414],[-112,1],[0,-10],[-86,-1],[0,-390],[-57,0],[0,-182]],[[18884,23832],[-112,245],[-133,285],[-173,365],[-72,147],[-58,126]],[[22204,52814],[115,-2]],[[22319,52812],[0,-663]],[[22319,52149],[-234,0]],[[22085,52149],[-11,1],[1,667]],[[22032,55132],[71,-1]],[[22256,54636],[0,-496]],[[22256,54140],[-60,0]],[[22042,54140],[0,660],[-10,0],[0,332]],[[21315,55086],[22,-83],[11,7],[30,-60],[8,11]],[[21437,54611],[0,-469],[17,0],[0,-606]],[[21454,53536],[-107,0],[0,-55],[-141,-2]],[[15441,49789],[0,61]],[[15441,49850],[183,-3]],[[15475,49173],[-28,0],[-6,34],[0,582]],[[28632,41652],[20,50],[6,156],[22,126]],[[28680,41984],[50,-90],[8,21]],[[28738,41915],[31,-185],[36,-154]],[[28805,41576],[-37,-111]],[[28768,41465],[-28,-71],[-6,-119],[-8,12],[-36,-93],[-24,-34],[-22,-3],[-29,-38]],[[28615,41119],[-26,113]],[[19139,24414],[-2,-224],[0,-536]],[[19137,23654],[-171,-1],[-82,179]],[[23684,30834],[-1,-84],[19,-3],[0,-53],[103,-12]],[[23805,30682],[-1,-522]],[[23804,30160],[-30,-66],[-15,2],[-3,-89],[-14,1]],[[23742,30008],[0,26],[-29,25],[-79,9],[0,55],[-38,4]],[[17149,27571],[-8,65],[-29,117],[-16,112],[-25,97],[-15,27],[-20,90],[-25,147],[-7,23]],[[16419,32148],[6,1]],[[16425,32149],[0,-334],[30,0],[0,-168],[10,-25],[15,-85],[1,-55],[31,-1],[0,-168],[20,0],[0,-166],[40,-2],[0,-167],[31,9],[-2,-175],[20,7],[5,-29],[0,-334]],[[16298,30596],[5,165],[-4,157],[-15,52],[-24,13],[-20,55],[-11,79],[10,188],[-2,108],[-11,87],[-27,22],[-27,168],[-7,91],[-11,74],[-26,56],[-16,93],[-2,106],[-6,50]],[[15847,36477],[-10,82],[-26,75]],[[16234,43974],[154,-2],[91,5]],[[16479,42431],[-84,0],[-162,0],[-125,0]],[[26672,43034],[-2,-470]],[[26670,42564],[0,-166]],[[26670,42398],[-128,2]],[[26670,42564],[162,3]],[[26832,42567],[3,-493]],[[26756,42068],[-86,-3]],[[26670,42065],[0,333]],[[26864,42072],[81,-5]],[[26945,42067],[5,0],[0,-340],[10,-52],[1,-115],[11,-1],[0,-327]],[[26972,41232],[-10,-8],[-70,-2]],[[26892,41222],[-1,304],[-28,4]],[[27844,42713],[27,-13],[4,30]],[[27875,42730],[4,22],[34,19],[63,-190],[-1,-61],[8,-55]],[[28559,42377],[14,4],[40,225]],[[28651,42671],[-2,-194],[11,-146],[14,13],[-1,-168],[7,-192]],[[28591,41856],[4,121],[-15,103],[-1,103],[-14,19],[-6,175]],[[27519,12167],[-1,-34]],[[27518,12133],[1,34]],[[27487,11981],[-2,34],[27,52]],[[27512,12067],[-6,-79],[5,-38],[14,30],[5,62],[-3,69],[26,122],[-25,-277],[-4,-80],[-12,-85],[-9,-2],[-8,47],[5,100],[-13,45]],[[27380,13119],[0,-841],[3,0],[1,-357]],[[27384,11921],[-11,-28],[-1,-43],[-27,-29],[-14,7],[-10,-23],[-16,79],[-8,124],[5,195],[9,27],[-1,77],[-6,48],[-6,124],[-12,70],[2,53],[-8,66],[-3,72],[-8,15],[-5,139],[-26,118],[0,50],[-24,54]],[[27118,10724],[5,51],[12,9],[9,50],[-13,50],[4,41],[22,86],[25,71],[6,45],[13,-8],[5,70],[15,39],[20,-65],[2,-70],[13,-76],[6,-90],[-27,-65],[-4,40],[-27,23],[-2,-55],[-48,-127],[-36,-19]],[[20190,35225],[92,-4],[86,-1]],[[20368,35220],[1,-83],[82,-1]],[[20247,34444],[-32,279],[-2,105],[-23,64],[0,333]],[[27344,42743],[0,-407]],[[27344,42336],[0,-279],[-23,0]],[[27321,42057],[-86,1]],[[27235,42058],[1,686]],[[27235,42058],[-6,0],[-1,-156],[-64,14]],[[27164,41916],[0,142],[-11,0]],[[27153,42058],[1,550]],[[26382,41480],[16,0]],[[26398,41480],[49,2],[0,-56],[32,2],[0,-28],[63,3]],[[26542,41403],[0,-202]],[[26542,41201],[-31,-7],[-3,-99]],[[26508,41095],[-94,-4],[0,-195],[-26,-1],[0,-45]],[[26388,40850],[-6,8],[0,622]],[[28083,41553],[-16,-151],[-9,1],[0,-90],[-11,-96],[-17,-78],[-6,-260],[-16,-83]],[[28008,40796],[-11,-158]],[[28360,41713],[10,19],[105,135],[40,-12]],[[28379,41496],[-19,16],[0,201]],[[21075,37346],[0,14],[92,3],[0,167]],[[21167,37530],[41,4],[101,-3],[172,4]],[[21481,37535],[0,-661]],[[21104,36868],[-29,-1]],[[21075,36867],[-1,148],[1,331]],[[21055,42083],[54,1]],[[21312,41603],[-3,-85],[0,-508]],[[21277,41010],[-166,-6],[-25,2]],[[21086,41006],[-1,166],[-32,0]],[[29543,42402],[-6,-42],[-20,22],[-17,-77],[-10,13]],[[26937,40042],[12,-16],[52,-17]],[[27001,40009],[20,-8],[-2,-168],[27,-9],[-1,-86]],[[27045,39738],[-1,-83],[15,-6],[-6,-331]],[[27022,39329],[-29,11],[0,54],[-33,12],[2,111]],[[26962,39517],[2,166],[-11,4],[3,169],[-22,8],[3,178]],[[26388,40849],[0,1]],[[26508,41095],[0,-324],[-3,-76]],[[26502,40525],[-54,30],[-60,-5]],[[26388,40550],[0,299]],[[27256,41416],[21,-2],[2,139],[41,8]],[[27320,41561],[48,-1],[-1,-159],[16,-2],[0,-82]],[[27383,41317],[0,-84],[-16,2],[-1,-169],[-5,-82]],[[27361,40984],[-92,16]],[[27269,41000],[2,251],[-16,3],[1,162]],[[27914,43268],[78,3],[54,13],[0,-56],[17,-1]],[[27875,42730],[1,157],[8,57],[24,-3],[5,-28],[1,355]],[[27623,43014],[42,185],[6,67],[60,-10],[0,13]],[[27759,43271],[0,-304],[10,-48],[0,-102]],[[27708,42410],[-85,-2]],[[27623,42408],[0,606]],[[22170,50172],[237,-3]],[[22407,50169],[1,0]],[[22409,49508],[-166,0]],[[22170,49508],[0,664]],[[21938,49509],[204,0]],[[22141,48843],[-237,-1]],[[20285,26933],[0,-180],[-10,-1],[-1,-756],[0,-1068]],[[20232,24513],[-131,0],[-83,1]],[[20018,24514],[0,569],[0,783],[-1,214]],[[20283,27577],[76,-3],[96,3],[1,-164],[114,2],[0,-331]],[[20570,27084],[0,-324],[-10,0],[0,-236],[-1,-609],[140,3]],[[20699,25918],[0,-509],[1,-483]],[[21203,29315],[0,19]],[[21322,29334],[0,-929]],[[21322,28405],[-120,-1]],[[21202,28404],[1,341],[0,570]],[[21899,33502],[151,1]],[[22050,33503],[1,0],[0,-847]],[[22051,32656],[-150,2]],[[21899,32658],[0,844]],[[18136,35609],[129,0],[0,25],[32,1],[0,-170],[62,-1],[0,-89],[29,-15],[31,1],[0,48],[38,0]],[[18136,34457],[0,1152]],[[24366,33033],[35,-6],[0,166],[31,-3],[1,308]],[[24433,33498],[12,0]],[[24459,32342],[-30,3],[1,85],[-69,9]],[[24361,32439],[0,113],[8,-1],[0,313],[-3,169]],[[20643,40011],[11,13],[0,114],[15,37]],[[20895,40176],[124,1]],[[21019,40177],[-1,-499]],[[20369,35883],[-1,-663]],[[20190,35225],[-9,2]],[[20181,35227],[0,495],[5,0],[0,326]],[[21019,40177],[65,0],[0,664],[2,165]],[[21270,39350],[-98,-4]],[[21172,39346],[-154,2]],[[21170,38340],[172,6],[49,9],[90,3]],[[21481,37692],[0,-157]],[[21167,37530],[3,148],[0,662]],[[26560,27083],[75,77]],[[26589,26742],[-10,211],[-19,130]],[[26281,24201],[45,1],[2,45],[17,-12],[11,-31]],[[26356,24204],[27,1]],[[26383,24205],[-1,-140],[12,-174],[-5,-39]],[[26774,23370],[21,1]],[[26795,23371],[0,-600]],[[26795,22771],[-13,-38]],[[29315,44136],[6,2],[54,-141],[52,-53],[1,137],[7,0]],[[29435,44081],[3,0]],[[29438,44081],[-9,-730]],[[29426,43085],[-113,-74],[-13,-94]],[[24786,43194],[90,-1]],[[24876,43193],[1,-125],[0,-541]],[[24841,42365],[-126,4]],[[24715,42369],[1,334]],[[29731,46336],[-5,-136]],[[29726,46200],[5,-143],[-9,-64],[6,-81],[-8,-73],[-17,-42],[3,-60],[-9,-125],[5,-92],[18,-90],[4,-58]],[[29593,45395],[2,359],[-24,6],[4,358],[35,-9],[2,174],[4,110],[8,-13]],[[23036,41668],[0,-497]],[[22911,41172],[0,333]],[[20181,35227],[0,-16],[-116,-7],[0,58]],[[27361,15788],[20,-97],[-4,-373]],[[27377,15318],[-17,-362],[-38,-2],[-135,3]],[[26055,39131],[92,1]],[[26147,39132],[1,-352]],[[26148,38780],[-40,-139]],[[26108,38641],[-36,-120],[-33,-3]],[[26039,38518],[1,417]],[[26048,43078],[128,6]],[[26176,43084],[1,-500]],[[26177,42584],[-33,0]],[[26049,42642],[-1,271]],[[26048,42913],[0,165]],[[26383,24205],[43,0]],[[26426,24205],[71,4],[7,50]],[[26504,24259],[6,-47],[-1,-346]],[[24938,42363],[48,0]],[[24986,42363],[38,-1],[-8,-84],[55,0]],[[25071,42278],[32,2],[0,-341]],[[25103,41939],[-32,2],[-87,-11]],[[24984,41930],[7,99],[-53,1]],[[24270,25454],[4,39],[5,158],[17,146],[8,93]],[[25080,36600],[118,1]],[[25198,36601],[0,-416]],[[25198,36185],[0,-83]],[[25198,36102],[-124,-3]],[[25066,36267],[7,34],[2,121],[8,124],[-3,54]],[[22528,42831],[4,0],[0,-247],[48,-1],[14,56],[43,1],[0,28],[53,1],[1,164]],[[22691,42833],[29,0],[0,-118]],[[22720,42715],[-17,-54],[-29,-133],[-18,-117]],[[22656,42411],[-16,-112],[-35,-80],[-21,-120],[-16,-49],[-38,-220]],[[22530,41830],[-2,339]],[[22528,42169],[0,662]],[[22910,40841],[-126,1]],[[22784,40842],[0,664]],[[22656,43495],[128,2]],[[22784,43497],[33,0]],[[22817,43497],[-1,-684]],[[22816,42813],[-9,31],[-23,-8]],[[22784,42836],[-22,-53],[-21,-13],[-21,-55]],[[22691,42833],[0,251],[-35,-1]],[[22656,43083],[0,412]],[[22531,41505],[126,1]],[[22657,41506],[0,-664]],[[22657,40842],[-125,0]],[[22532,40842],[-1,0]],[[22531,40842],[0,663]],[[22280,41433],[51,-16],[25,1],[22,42],[28,29]],[[22406,41489],[1,-647]],[[22407,40842],[-1,0]],[[22280,40843],[0,590]],[[25693,42532],[16,52],[24,40],[12,69],[12,155],[16,57],[32,0]],[[25805,42905],[17,0]],[[25822,42905],[0,-498]],[[25822,42407],[-130,2]],[[25692,42409],[1,123]],[[25646,41247],[91,-1]],[[25737,41246],[21,-1],[0,-247]],[[25758,40998],[0,-415]],[[25758,40583],[-111,1]],[[25647,40584],[0,289]],[[25647,40873],[0,208]],[[25647,41081],[-1,166]],[[25758,40998],[89,-1]],[[25884,40586],[0,-67]],[[25884,40519],[-53,-7],[-73,3]],[[25758,40515],[0,68]],[[26147,39270],[73,1]],[[26282,39263],[-1,-413]],[[26281,38850],[-69,4]],[[26212,38854],[-42,2],[-22,-76]],[[26147,39132],[0,138]],[[25761,37671],[105,3]],[[25866,37168],[0,-55],[-104,2]],[[25762,37115],[0,250]],[[25762,37365],[-1,306]],[[24569,21241],[5,-58],[0,-111],[9,1],[0,-83],[7,-56]],[[26594,46314],[65,4]],[[26659,46318],[2,-654]],[[26661,45664],[-66,-17],[1,-168]],[[26596,45479],[-66,-5]],[[26530,45474],[-1,335],[0,336]],[[26529,46145],[-1,167],[66,2]],[[26206,47443],[134,3]],[[26340,47446],[0,-666]],[[26340,46780],[-67,1]],[[26273,46781],[-66,0]],[[26207,46781],[-1,662]],[[28701,44768],[31,-2],[44,13]],[[28882,43985],[-72,-3],[-102,2]],[[28708,43984],[-3,356],[10,86],[-14,342]],[[28354,46419],[32,2],[43,23],[18,-36],[26,0],[15,48],[29,26],[19,65]],[[28539,45938],[-70,-21]],[[21479,42088],[176,-3],[48,3]],[[21703,42088],[0,-584]],[[21703,41504],[-27,1]],[[21676,41505],[-78,4],[-118,-5]],[[21480,41504],[0,99]],[[16559,38747],[18,30],[47,135],[55,542]],[[16826,38411],[-46,0],[-27,-249],[0,-176],[32,0],[-2,-166],[1,-666],[-70,-3]],[[16666,37384],[0,215],[-5,0],[-1,166],[-16,-5],[1,145],[-5,27],[0,250],[6,55],[25,14],[0,179],[-67,3]],[[16604,38433],[-6,114],[3,92],[-24,1],[-10,27],[-8,80]],[[16559,38746],[0,1]],[[16604,38433],[-56,-3],[-3,55],[-67,-2]],[[25790,41577],[15,-1],[0,-82],[43,0],[-1,-250]],[[25737,41246],[-1,194],[7,140],[47,-3]],[[23289,43726],[129,0]],[[23418,43726],[0,-498],[15,0],[0,-186]],[[23433,43042],[-32,1]],[[23401,43043],[-96,2]],[[23305,43045],[0,183],[-16,0],[0,498]],[[23994,45716],[132,-1]],[[24126,45715],[-1,-505]],[[24125,45210],[1,-164]],[[24126,45046],[-132,2]],[[24102,42388],[64,1]],[[24230,42390],[0,-501]],[[24102,41887],[0,501]],[[24358,41892],[1,499]],[[24359,42391],[64,-1]],[[24423,42390],[32,-2],[0,-167]],[[24358,41725],[0,167]],[[26276,46119],[130,-2]],[[26406,46117],[2,-652]],[[26408,45465],[-67,-11]],[[26341,45454],[-65,1]],[[26276,45455],[0,664]],[[26206,48111],[66,-5]],[[26272,48106],[67,-2]],[[26339,48104],[1,-658]],[[26206,47443],[0,668]],[[26137,48775],[-1,-166],[1,-496]],[[26137,48113],[-64,0]],[[26073,48113],[-72,-2]],[[26001,48111],[1,665]],[[26339,48104],[67,0]],[[26463,48107],[0,-315]],[[26463,47792],[-1,-326]],[[26462,47466],[-55,5],[0,-28],[-67,3]],[[25940,48117],[61,-6]],[[26073,48113],[1,-666]],[[26074,47447],[-133,0]],[[28777,48567],[11,55],[3,75],[12,84],[128,612],[24,78],[22,36],[2,35],[19,28],[26,103],[18,0],[23,62],[28,-40]],[[29093,49695],[1,-80],[22,-1],[9,-446],[24,-1044],[-3,-137]],[[29146,47987],[-89,-55]],[[28970,47981],[-78,232]],[[29300,42694],[0,6]],[[29983,47343],[76,-362],[26,-61]],[[30065,46435],[-87,320],[-20,-17],[-5,92],[-11,16],[-14,120]],[[20400,29234],[171,0],[0,166]],[[20571,29400],[117,0]],[[20688,29400],[0,-493]],[[20688,28907],[-1,-504],[1,-4],[0,-808],[2,-176],[-5,0],[-1,-318],[-56,-14],[-58,1]],[[20276,27747],[-1,344],[30,0],[60,-19],[0,334],[35,0],[0,828]],[[24295,43054],[33,1]],[[24328,43055],[86,-1],[10,-166]],[[24424,42888],[-1,-498]],[[24359,42391],[-64,1]],[[24457,43720],[0,166]],[[24457,43886],[130,-2]],[[24586,43218],[-130,3]],[[24456,43221],[1,499]],[[24358,41892],[-128,-3]],[[23731,45050],[131,-1]],[[23862,45049],[0,-165],[10,0],[0,-499]],[[23872,44385],[-65,0]],[[23807,44385],[-65,1]],[[23742,44386],[0,500],[-11,0],[0,164]],[[23257,44389],[97,-1]],[[23289,43726],[-32,-1]],[[23257,43725],[0,664]],[[23681,50770],[109,1]],[[23790,50771],[69,-2]],[[23859,50769],[0,-274]],[[23859,50495],[0,-322]],[[23373,50491],[34,0]],[[23510,50326],[2,-166],[0,-661]],[[23375,49995],[-2,164],[0,332]],[[23989,48173],[1,0]],[[24091,48171],[0,-661],[-3,0]],[[24088,47510],[-99,-1]],[[27006,31018],[-17,7],[-21,-15]],[[24715,42202],[0,167]],[[24841,42032],[0,-500]],[[24841,41532],[-128,5]],[[25076,37265],[61,6],[63,-4]],[[25200,37267],[-1,-416]],[[25199,36851],[-1,-250]],[[25080,36600],[-6,1],[1,167]],[[25073,35600],[31,-7]],[[25104,35593],[-1,-508]],[[24257,45715],[0,335]],[[24257,46050],[133,-2]],[[24390,46048],[-1,-834]],[[24389,45214],[-132,-4]],[[24257,45210],[0,505]],[[22844,36196],[0,333]],[[22844,36529],[87,-4]],[[22931,36525],[89,2]],[[23020,36527],[-1,-914]],[[23019,35613],[0,-249]],[[23019,35364],[-175,-1]],[[22844,35363],[0,833]],[[21825,38522],[25,0]],[[21850,38522],[155,-2]],[[22005,38520],[5,0]],[[22010,38520],[-2,-829]],[[21982,37693],[-123,3]],[[21859,37696],[-36,0]],[[21823,37696],[2,826]],[[21744,36866],[116,0]],[[21860,36866],[123,-4]],[[21988,36862],[0,-498]],[[21869,35859],[-122,1]],[[21747,35860],[-3,176],[0,830]],[[22326,36029],[151,-1]],[[22477,36028],[2,-175]],[[22479,35853],[0,-499]],[[22479,35354],[-153,-1]],[[23923,48835],[0,-137],[67,0]],[[23888,48173],[-33,-1]],[[23855,48172],[0,662]],[[23984,53071],[0,-330],[2,-27],[0,-305]],[[23986,52409],[0,-497]],[[23881,51904],[0,176],[-101,-6]],[[23780,52074],[-5,19],[0,631],[10,10],[0,407]],[[23787,49019],[0,63],[-33,0],[0,83],[-34,1]],[[23720,49166],[-1,498]],[[27218,31444],[139,-37]],[[27253,30956],[2,185],[-9,32],[-1,101],[-11,43],[-16,127]],[[27119,32763],[21,-84],[-20,-201]],[[24583,40373],[60,-1],[5,-97],[21,-94],[-1,-42],[26,12]],[[24675,39939],[3,-72]],[[24678,39867],[-90,4],[-6,8]],[[24582,39879],[1,494]],[[24584,40716],[64,-11],[64,-4]],[[24712,40701],[-1,-167],[71,-9]],[[24583,40373],[0,169]],[[22783,37524],[123,0]],[[22906,37524],[0,-166],[31,0]],[[22937,37358],[0,-332],[-5,1],[-1,-502]],[[22844,36529],[0,166],[-61,-2]],[[21621,36864],[117,2]],[[21738,36866],[6,0]],[[21626,35860],[0,174],[-5,0],[0,830]],[[22627,39514],[157,1]],[[22784,39515],[0,-166]],[[22784,39349],[0,-498]],[[22784,38851],[-156,1]],[[22628,38852],[-1,497]],[[22627,39349],[0,165]],[[23019,35613],[157,-6]],[[23176,35607],[0,-414]],[[23019,35033],[0,331]],[[22784,39349],[114,-1]],[[22898,38688],[-1,-168]],[[22897,38520],[-113,0]],[[22784,38520],[0,331]],[[23789,51271],[1,-500]],[[24199,52876],[-1,-470]],[[24198,52406],[-212,3]],[[23148,48173],[131,-2]],[[23315,48172],[0,-664]],[[23315,47508],[-164,3]],[[23151,47511],[-3,0]],[[23148,47511],[0,662]],[[25190,29875],[4,0],[0,306]],[[25303,29622],[-60,3]],[[25243,29625],[0,84],[-54,-1]],[[28662,32914],[15,-139],[-11,-22],[-18,54],[-14,7],[-18,102],[-6,-13],[24,-128],[16,-33],[-27,-48]],[[28623,32694],[-19,34],[-16,2],[-10,33],[-5,242],[5,35],[4,179]],[[20924,52641],[68,0],[0,170],[54,0]],[[21151,52811],[84,0]],[[21235,52811],[1,-664]],[[21236,52147],[-19,-2]],[[21217,52145],[-77,-1],[-216,0]],[[20924,52144],[0,497]],[[29486,48302],[12,-8],[82,67],[7,-255]],[[29587,48106],[5,3],[5,-174],[5,4],[43,-84]],[[29645,47855],[-13,-129]],[[29585,47467],[-16,-41],[-4,80],[-52,-18],[3,-134],[-44,-26]],[[28688,34323],[-6,-83],[6,-56],[-13,-33]],[[28675,34151],[-18,-34]],[[28657,34117],[-3,55]],[[28654,34172],[-7,43],[-1,131],[9,51],[33,-74]],[[23067,37356],[0,415]],[[23067,37771],[114,0]],[[23179,37190],[0,-333],[-2,-169]],[[23177,36688],[-111,3]],[[23066,36691],[1,665]],[[23026,38351],[0,-331]],[[23026,38020],[-108,1]],[[22918,38021],[-11,0],[0,207],[-10,-27],[0,319]],[[23177,36439],[123,-4]],[[23298,35853],[-122,3]],[[23176,35856],[1,583]],[[22473,38022],[155,0]],[[22628,38022],[1,-497]],[[22629,37359],[-155,-2]],[[22474,37357],[-1,333]],[[22473,37690],[0,332]],[[22167,37690],[151,0]],[[22318,37690],[3,0]],[[22321,37690],[0,-664]],[[24912,25349],[114,3]],[[25026,25352],[0,-645],[2,-158]],[[25028,24549],[-24,-10]],[[25004,24539],[-70,-31]],[[24934,24508],[-1,444],[-2,64],[-19,0]],[[25062,28240],[44,1]],[[25106,28241],[0,-198],[5,-140]],[[25111,27903],[-20,0],[0,-55]],[[25091,27848],[-26,0],[-22,-27],[-16,-43],[-6,-51],[-11,-18]],[[25010,27709],[-35,-1],[0,416]],[[25111,27903],[96,6],[0,-112]],[[25168,27378],[-77,-1]],[[25091,27377],[0,471]],[[24856,29051],[59,-1],[0,55]],[[24915,29105],[59,-3],[0,-55]],[[24858,28544],[0,462],[-2,45]],[[25026,25352],[114,1]],[[25140,25353],[1,-757]],[[25141,24596],[-9,-4]],[[25132,24592],[-104,-43]],[[26591,37582],[9,725]],[[26600,38307],[17,-3],[63,69]],[[26680,38373],[20,-5],[12,-70]],[[26712,38298],[1,-758]],[[27279,39922],[115,-34]],[[27394,39888],[-1,-98],[-11,-86],[9,-62]],[[27266,39423],[1,193],[-11,0],[1,309],[22,-3]],[[28624,34261],[15,48],[4,-119],[11,-18]],[[28657,34117],[0,-42],[-24,-27],[-8,54],[6,45],[-10,54]],[[28621,34201],[3,60]],[[15720,56817],[6,23],[23,-139],[-4,-36],[-25,152]],[[15785,56653],[0,184],[-13,65],[-20,-26],[-27,76],[-5,96],[-17,61],[11,87],[-20,48],[16,89],[184,-1],[97,-9],[113,7],[138,-1]],[[16516,51298],[-37,-45]],[[16077,51033],[-23,53]],[[16054,51086],[-4,88],[-19,22],[-1,498],[25,0]],[[15584,51939],[-19,-53],[-23,3]],[[15490,52104],[-33,15],[-17,43]],[[22317,39351],[151,-1]],[[22468,39350],[5,0]],[[22473,39350],[-1,-663]],[[22472,38687],[0,-166]],[[22472,38521],[-153,1]],[[22319,38522],[-3,0]],[[21481,36862],[133,2]],[[21614,36864],[7,0]],[[21626,35860],[-144,4]],[[26166,34313],[7,137],[11,70],[34,291]],[[26218,34811],[25,-160],[15,27]],[[26258,34678],[-2,-132],[20,-94]],[[26170,34179],[-16,83],[12,51]],[[26224,37815],[8,31],[17,-2],[13,33],[21,-4],[-4,89],[8,34]],[[26287,37996],[38,-152]],[[26325,37844],[-34,-23],[-1,-86]],[[26248,37624],[-7,33],[-17,158]],[[24990,23847],[15,0]],[[25005,23847],[70,0]],[[25019,23040],[0,641],[-29,-1],[0,167]],[[24632,24351],[0,-166]],[[24632,24185],[-116,-2]],[[23706,34548],[2,461]],[[23708,35009],[119,-15]],[[23827,34994],[6,-1],[-1,-350]],[[23832,34643],[-1,-195]],[[23831,34309],[-126,17]],[[23705,34326],[1,222]],[[27321,41893],[53,-1],[0,55],[20,-1],[0,-55],[84,-1]],[[27478,41890],[1,-93]],[[27479,41797],[0,-405]],[[27479,41392],[-16,-47],[-16,3],[-10,-64]],[[27437,41284],[-22,28],[-32,5]],[[27320,41561],[1,332]],[[26437,38784],[70,-30]],[[26507,38754],[5,-2]],[[26512,38752],[-18,-920]],[[26494,37832],[-44,66],[-5,41]],[[26445,37939],[-1,91]],[[26444,38030],[-15,154],[-9,126]],[[24940,43799],[42,1],[4,18],[29,-17],[0,-28],[117,7]],[[25132,43780],[1,-502]],[[25133,43278],[-64,0],[0,-82]],[[25069,43196],[-129,-1]],[[24940,43195],[0,604]],[[17251,52491],[0,-97],[-35,2],[-18,-55],[0,-498],[-17,0],[0,-237]],[[17181,51606],[-34,2]],[[17147,51608],[-3,234],[0,413],[-17,-1],[0,87],[-12,27],[-6,141],[-35,-2],[3,294]],[[26231,37002],[25,75],[10,-35]],[[26224,36608],[4,89],[3,189],[11,109],[-11,7]],[[26219,35495],[11,-22],[29,-3],[14,31]],[[26273,35501],[-4,-154],[3,-77],[15,-69],[20,-59],[5,-114],[-4,-118]],[[26308,34910],[-50,-232]],[[26218,34811],[-4,135],[-30,102]],[[23828,35271],[123,-20]],[[23951,35251],[30,-4]],[[23981,35247],[-1,-275],[4,-2],[-1,-345]],[[23983,34625],[-151,18]],[[23827,34994],[1,277]],[[23432,40422],[122,-7]],[[23554,40415],[0,-166]],[[23555,39831],[-76,2]],[[23479,39833],[-19,68],[4,56],[-18,22]],[[26285,41265],[0,297]],[[26285,41562],[97,0],[0,-82]],[[26388,40849],[-103,-2]],[[26284,43407],[114,19]],[[26398,43426],[0,-170],[5,0],[0,-196],[11,-54]],[[26285,42892],[0,199]],[[26285,43091],[-1,316]],[[27209,43284],[27,144],[29,100],[17,17],[27,81],[35,80]],[[27344,43706],[0,-263]],[[27039,38189],[13,68],[4,57],[11,-3],[5,-57],[13,-9],[9,-96],[-7,-69],[5,-43]],[[27092,38037],[1,-29],[31,-249],[-6,-34],[11,-65]],[[27005,37490],[13,65],[-5,104],[2,54],[-9,166],[20,85],[0,110],[13,115]],[[25046,38322],[0,361],[31,0]],[[25077,38683],[93,-3]],[[25201,38105],[0,-168]],[[25201,37937],[-94,-6],[-30,2],[0,-167]],[[25045,37776],[-1,491],[2,55]],[[25135,41942],[0,340],[96,5]],[[25231,42287],[93,11]],[[25324,42298],[2,-228]],[[25326,42070],[3,-717],[-63,-2]],[[25266,41351],[-32,-2],[-2,269],[-97,-8]],[[25135,41610],[0,332]],[[25920,34573],[-15,-243]],[[25839,34030],[1,59],[-51,44],[-8,100]],[[25781,34233],[-17,223]],[[26111,36588],[1,55]],[[26112,36643],[53,-110],[37,-100]],[[26838,37075],[10,-54],[-3,-194]],[[26083,34665],[41,112],[8,46]],[[26166,34313],[-62,25]],[[26104,34338],[3,31],[-17,102],[-7,194]],[[24657,35857],[2,651]],[[24721,36443],[26,-116],[-38,-196],[31,-162],[41,-237],[13,58],[12,-54]],[[24796,35679],[-108,4]],[[24688,35683],[-31,-2],[0,176]],[[23662,40435],[127,-7]],[[23789,40428],[0,-331]],[[23789,40097],[1,-333]],[[23662,40241],[0,194]],[[24087,39431],[109,-9]],[[24196,39422],[-2,-491]],[[24194,38931],[-2,-193]],[[24160,38742],[-77,139]],[[24196,39422],[1,0]],[[24197,39422],[31,-2],[0,112],[95,-9]],[[24359,39522],[1,-112],[-1,-495]],[[24359,38915],[-107,3],[-58,13]],[[26398,43426],[10,1]],[[21788,34453],[87,3]],[[21875,34456],[151,4]],[[22050,34459],[0,-778]],[[22050,33681],[0,-178]],[[21899,33502],[-114,0]],[[21785,33502],[0,665],[3,286]],[[15943,50942],[16,84],[15,25],[21,-24],[29,20],[30,39]],[[24984,41930],[-24,-233],[2,-98]],[[24962,41599],[0,-86],[-17,-71],[-1,-48],[-22,-149],[-22,-17],[-27,-76]],[[24873,41152],[-1,213],[-32,2],[1,165]],[[24839,39932],[2,-295],[17,-304],[0,-70]],[[24858,39263],[-64,-3]],[[24794,39260],[-41,0]],[[24670,39774],[8,93]],[[25077,38933],[32,-5],[0,587]],[[25109,39515],[60,-2]],[[25169,39513],[0,-139],[26,-2],[0,-110],[21,-1],[16,-84],[0,-56],[31,-1]],[[25263,39120],[0,-138]],[[25263,38982],[0,-304]],[[25077,38683],[0,250]],[[26217,28922],[1,223],[6,0],[0,255],[5,86]],[[26229,29486],[16,12],[59,-4],[0,31],[23,-1]],[[26327,29524],[0,-353],[-2,-284]],[[26325,28887],[-22,2]],[[26303,28889],[-51,6]],[[26252,28895],[-35,1],[0,26]],[[26565,28604],[11,-64],[23,41],[8,-22]],[[26647,28391],[-49,-421]],[[26533,28251],[-19,79]],[[24183,40751],[47,3],[64,-6]],[[24294,40664],[1,-82],[-2,-504]],[[24293,40078],[-62,9],[-31,-3]],[[24200,40084],[-16,1],[0,160]],[[24184,40245],[-1,506]],[[24532,36751],[88,0]],[[24657,35857],[-63,-1],[-63,11]],[[24531,35867],[1,498],[0,386]],[[24497,34235],[1,385],[30,-4],[26,23]],[[24554,34639],[15,3],[-1,-84],[52,-6]],[[24620,34552],[14,-1],[0,-94],[9,-57],[5,-84]],[[24653,34097],[-65,2],[-62,21]],[[24526,34120],[-30,4],[1,111]],[[24777,35056],[20,-5],[2,437],[-3,107]],[[24806,34535],[0,85],[-31,1],[2,435]],[[27479,43012],[109,-16],[35,18]],[[27623,42408],[-27,-192]],[[27596,42216],[-14,81],[-31,27],[-72,-5]],[[27479,42319],[0,15]],[[27479,42334],[0,678]],[[28289,43985],[135,0],[45,4]],[[28469,43989],[10,0]],[[28479,43989],[15,-771]],[[28494,43218],[-24,-87],[-65,-11],[-113,-6]],[[28292,43114],[-3,871]],[[28697,43984],[11,0]],[[28888,43303],[-72,1]],[[28816,43304],[-110,3],[0,16]],[[28706,43323],[-9,661]],[[27479,41392],[0,-308]],[[27479,40936],[-31,-9]],[[27448,40927],[5,17],[3,150],[-8,101],[-11,89]],[[27427,40474],[6,54]],[[27433,40528],[25,-17],[21,-32]],[[27479,40205],[-60,33]],[[27419,40238],[-1,80],[7,46],[2,110]],[[27433,40528],[6,84],[11,61],[6,107],[-2,99],[-6,48]],[[26530,24754],[-4,-118]],[[26526,24636],[-12,-73],[-1,-76],[-13,-106],[4,-122]],[[26426,24205],[-2,132]],[[26424,24337],[3,14],[2,177],[7,71],[-10,72],[-11,14]],[[26795,23371],[84,-1]],[[26879,23370],[22,-315],[12,-34],[8,-71],[8,0],[0,-249],[16,-24],[1,-395],[3,-59]],[[26949,22223],[-11,5]],[[26903,22242],[2,191],[-7,41],[-46,36],[-10,33],[-7,60],[-5,102],[-35,66]],[[19958,51693],[11,114],[2,142],[-12,28],[-5,110],[-12,28],[0,55],[-12,28],[0,82],[-11,28],[0,55],[-12,28],[-12,138]],[[19435,52932],[0,-387],[-4,1],[0,-517],[-70,-1]],[[19361,52028],[-175,3]],[[20820,54192],[-3,-70],[24,-138],[10,-207],[0,-181],[-29,-263],[-24,-82],[-30,0]],[[20768,53251],[-118,1],[0,56],[-11,54],[-36,0],[0,111],[-35,0],[0,389],[-23,0]],[[28074,39645],[23,197],[9,148],[18,205],[-1,144],[13,68],[7,82]],[[22469,45890],[-210,-1]],[[25103,41939],[32,3]],[[25135,41610],[-16,-2],[1,-166],[-17,-2],[0,-70],[-15,-4],[-9,-54],[-38,-5]],[[25041,41307],[-16,40],[-1,253],[-62,-1]],[[25294,38594],[98,6]],[[25392,38600],[16,2]],[[25409,37983],[-87,-5]],[[25322,37978],[-28,8],[0,112]],[[25013,45597],[99,5]],[[25112,45602],[66,-10]],[[25178,45592],[0,-668]],[[25132,44930],[-118,10]],[[25014,44940],[-1,657]],[[24322,32297],[27,144],[12,-2]],[[24337,31662],[2,339],[-14,-13]],[[24325,31988],[1,83],[-8,40],[-2,78],[6,108]],[[26773,29680],[-12,-149],[-5,-272]],[[26688,29165],[5,77],[-15,115],[3,199],[-4,61]],[[26552,29702],[-12,-70],[-26,-96]],[[26514,29536],[-34,88],[-24,142],[0,121]],[[20355,53250],[71,1],[0,-55],[60,0],[0,-166],[11,0],[1,-166],[23,1],[0,-111],[12,-55],[58,-2],[0,-55],[71,-2],[0,56],[35,-1],[0,83],[35,0]],[[20732,52778],[1,-249],[-49,0],[0,-321],[6,0],[0,-337]],[[20690,51871],[-15,0],[0,-667],[-12,0]],[[20663,51204],[-188,3],[-149,0]],[[22150,41480],[63,-27]],[[22213,41453],[24,1],[25,-23],[18,2]],[[22154,40843],[-3,1]],[[22151,40844],[-1,636]],[[22656,42411],[1,-242]],[[22531,41505],[-1,0]],[[22530,41505],[0,325]],[[23036,41171],[111,0]],[[23147,41171],[0,-497]],[[22919,49332],[1,328]],[[22920,49660],[120,1]],[[23040,49002],[0,-168]],[[23040,48834],[-121,1]],[[21912,51503],[173,-4]],[[22085,51499],[45,-1]],[[22130,50835],[-199,3]],[[21931,50838],[7,105],[25,45],[2,65],[-19,207],[-3,101],[-31,142]],[[25065,31401],[0,68],[29,-3]],[[25094,31466],[66,-6]],[[25160,31460],[0,-83],[12,-87],[5,-174]],[[25177,31116],[-2,-481]],[[25165,30635],[-54,-1]],[[25061,30634],[4,767]],[[16425,32149],[128,-1],[55,2]],[[24487,47275],[96,0]],[[24583,47275],[134,1],[33,10]],[[24751,46948],[-101,-2],[1,-248]],[[24501,46698],[-7,71],[4,77]],[[24498,46846],[-7,93],[3,62],[-10,64],[0,180],[3,30]],[[26526,24636],[23,-21],[15,-63]],[[26564,24552],[1,-345],[22,-1],[14,-52],[6,-51]],[[26607,24103],[-2,-453]],[[26605,23650],[-96,8]],[[23212,41668],[-14,-68],[0,-58],[11,-76],[15,-35],[11,-96],[-4,-45]],[[23231,41290],[2,-113],[13,-4]],[[23246,41173],[-99,-2]],[[17122,37265],[147,-903],[0,-1087],[-1,-874]],[[16917,36164],[21,-4],[33,202],[66,393],[85,510]],[[29842,46138],[8,112]],[[29850,46250],[26,37],[16,-175],[53,71],[7,-187],[35,28],[18,-93],[16,-21]],[[29880,45342],[-8,2]],[[29872,45344],[-4,145],[-9,2],[-9,294],[-15,2],[1,141],[6,210]],[[22806,14634],[-5,0]],[[22820,14274],[-4,164],[-9,95],[4,24],[13,-283]],[[22764,14633],[10,-191],[7,-36],[9,-133]],[[22020,20396],[0,-1023]],[[21865,19369],[-7,59],[-12,45],[-16,195]],[[21560,20698],[-11,41],[-14,9],[-9,-28],[-27,42],[-26,-54],[-24,52],[-9,62],[-8,-12],[-27,73]],[[23805,30682],[-1,219],[13,26],[37,-6],[13,108],[7,27],[49,-7],[1,191]],[[23924,31240],[9,-62],[13,-17],[12,-73],[9,-113],[16,-105],[11,21],[0,61],[23,28],[12,-12]],[[23990,30791],[-18,-82],[-56,-302],[5,-28],[0,-167]],[[23921,30212],[-30,-2],[0,-55]],[[23891,30155],[-87,5]],[[24548,31994],[120,-7],[30,5],[59,-14]],[[24757,31480],[-60,6]],[[24697,31486],[-30,13],[-89,-13],[-30,2]],[[26362,26776],[10,44],[54,-4],[0,15]],[[26426,26831],[8,-16]],[[26434,26815],[41,-3],[-1,-109]],[[26474,26703],[0,-158]],[[26368,26607],[-6,88],[0,81]],[[26474,26703],[20,-1],[3,31],[0,485]],[[26497,27218],[46,0],[15,-42]],[[26558,27176],[2,-93]],[[29286,40369],[-9,-235],[-10,-423],[-12,-128],[-27,-256],[-14,-88],[-10,-6]],[[26070,40321],[0,-250]],[[26070,40071],[-80,-4]],[[25990,40067],[0,524]],[[26137,42090],[0,-168]],[[26137,41922],[0,-500],[-32,-2]],[[26052,41419],[-1,666]],[[25930,42410],[7,0],[-2,501]],[[25935,42911],[113,2]],[[26040,42169],[-73,-7]],[[25967,42162],[-21,-2],[1,84],[-17,-2],[0,168]],[[25758,40515],[0,-488]],[[25758,40027],[0,-110]],[[25758,39917],[-88,3]],[[25670,39920],[-22,1],[0,164]],[[25648,40085],[-1,499]],[[25821,41908],[1,499]],[[25822,42407],[108,3]],[[25967,42162],[0,-83]],[[25967,42079],[-62,-6],[0,-165]],[[25905,41908],[-84,0]],[[22662,35855],[30,2],[-1,336]],[[22691,36193],[153,3]],[[22844,35363],[-60,3],[-122,-6]],[[22662,35360],[0,495]],[[22472,38521],[2,0],[-1,-499]],[[22473,37690],[-152,0]],[[22318,37690],[1,832]],[[22473,39350],[154,-1]],[[22628,38852],[0,-166]],[[22628,38686],[-156,1]],[[21988,36198],[60,-2],[123,0]],[[22021,35361],[-30,1]],[[23420,35852],[0,-110]],[[23420,35742],[0,-554]],[[23420,35188],[-121,0]],[[23298,35188],[0,665]],[[23176,35607],[0,249]],[[21638,37697],[99,1]],[[21737,37698],[1,-832]],[[21614,36864],[0,832]],[[21682,40179],[158,0]],[[21840,40179],[5,-1]],[[21845,40178],[0,-827]],[[21845,39351],[-181,1]],[[21664,39352],[-7,-1]],[[25351,34203],[43,82],[35,95]],[[25469,34460],[20,-68],[-3,-167],[-1,-234],[-5,-227]],[[25480,33764],[-45,-7],[1,58],[-61,28]],[[25364,33974],[-13,229]],[[22798,20704],[53,-270],[-4,-29]],[[22847,20405],[-17,-90],[1,-140],[-11,-234]],[[22820,19941],[-104,-524]],[[22716,19417],[-32,214]],[[22684,19631],[-36,250],[5,45]],[[22630,26835],[105,-14]],[[22735,26821],[-1,-836]],[[22734,25985],[-19,0]],[[22715,25985],[-125,6]],[[22590,25991],[3,847]],[[22215,20404],[119,-8],[0,-113],[16,-3],[34,245]],[[22384,19686],[0,-306]],[[22384,19380],[-170,2]],[[22214,19382],[1,1022]],[[21470,28404],[145,11]],[[21615,28415],[2,-831]],[[21617,27584],[-144,-9]],[[25969,40035],[21,32]],[[26070,40071],[0,-139],[-6,0],[0,-165]],[[26064,39767],[-10,0],[0,-168]],[[25965,39597],[-1,329],[5,109]],[[26464,37418],[20,79],[27,-3]],[[23155,38509],[25,-53],[0,-436]],[[23067,37771],[-10,0],[0,165],[-31,1],[0,83]],[[25234,40711],[32,1]],[[25266,40712],[-1,-112],[1,-656]],[[25266,39944],[-3,-167]],[[25263,39777],[-76,1]],[[25187,39778],[0,501]],[[25263,38982],[82,1],[46,8]],[[25391,38991],[1,-391]],[[25260,34346],[0,153]],[[25327,34422],[15,-100],[9,-119]],[[25259,33980],[1,366]],[[22631,27659],[120,0]],[[22751,27659],[29,-6]],[[22780,27653],[-4,-837]],[[22776,26816],[-41,5]],[[22443,22067],[51,4],[17,-30]],[[22560,21793],[-35,-607]],[[22493,20995],[-48,384]],[[22445,21379],[-2,688]],[[23083,27503],[122,110]],[[22684,19631],[-129,-647]],[[22555,18984],[-60,442]],[[26325,35666],[-18,-83],[-34,-82]],[[26137,37765],[29,-208],[5,-89],[12,10]],[[26183,37478],[-31,-170],[-9,-7]],[[26143,37301],[-18,50],[-15,11]],[[26110,37362],[4,42],[-3,76]],[[25230,44279],[-3,-166],[0,-661]],[[25227,43452],[0,-168]],[[25227,43284],[-94,-6]],[[25132,43780],[1,497]],[[24920,39266],[47,2]],[[24967,39268],[1,-335],[109,0]],[[25046,38322],[-94,0],[1,-55],[-15,0]],[[24938,38267],[-17,-1]],[[24921,38266],[-1,666],[0,334]],[[25199,36851],[92,-2]],[[25291,36849],[-1,-661]],[[25290,36188],[0,-2]],[[25290,36186],[-92,-1]],[[20752,38515],[170,-3],[-1,-494]],[[20921,38018],[1,-332],[0,-328]],[[20674,37601],[1,279],[-37,6],[2,133],[10,-1],[0,305],[-1,193]],[[20920,36641],[18,1],[17,-43],[18,9],[9,-30],[61,0],[0,111],[30,2],[2,176]],[[20921,38018],[94,-4],[-1,499],[2,0],[0,835]],[[21172,39346],[0,-834],[-2,-172]],[[21075,37346],[-60,11],[-93,1]],[[27377,15318],[0,-667],[1,-525]],[[21447,30993],[2,833]],[[21469,29335],[1,-931]],[[22922,20414],[-75,-9]],[[22353,20697],[38,-116]],[[22215,20404],[-53,-1]],[[22162,20403],[0,535]],[[21724,25925],[0,7]],[[21724,25932],[143,-5]],[[21867,25927],[-1,-838]],[[21822,25091],[-101,1]],[[22343,28422],[147,4]],[[22490,28426],[1,-704]],[[26183,37478],[26,22]],[[26231,37002],[-80,43]],[[26151,37045],[-11,87],[-6,106],[9,63]],[[25167,34369],[1,-14]],[[25168,34355],[0,-331]],[[25168,34024],[-71,-1],[-16,24]],[[25081,34047],[-15,42],[1,62],[10,14],[11,184]],[[27092,38037],[16,43],[1,52],[18,69],[5,96],[-13,85],[17,68]],[[27183,38318],[13,-39],[-2,-105],[11,-62]],[[25309,45591],[66,3]],[[25375,45594],[68,-2]],[[25443,45592],[14,-138],[-3,-132],[-5,-63]],[[25449,45259],[-107,4],[0,-111],[-33,-2]],[[25309,45150],[0,441]],[[26949,22223],[57,-25]],[[27052,21470],[0,-83]],[[26891,23714],[0,201],[9,0]],[[26900,23915],[28,-2],[4,-97],[18,-1]],[[26879,23370],[-8,75],[0,105],[20,-6],[0,170]],[[26211,29857],[5,68]],[[26327,29784],[0,-260]],[[26229,29486],[-23,17],[-1,268],[6,86]],[[22479,24324],[86,300],[-15,145]],[[22809,23553],[84,286],[49,176]],[[22867,22993],[-58,560]],[[22162,23958],[0,-772]],[[22019,23188],[1,938]],[[22543,17412],[98,-2]],[[21748,30991],[153,2]],[[21901,30993],[-1,-830]],[[21900,30163],[-112,1]],[[21788,30164],[-41,0]],[[25569,35543],[-7,36],[-18,9],[-9,102]],[[24658,21431],[-5,-220],[-8,-28],[6,-105],[3,-175]],[[25449,45259],[-4,-62],[2,-219],[3,-53]],[[25310,44929],[-1,221]],[[25178,45592],[66,1]],[[25244,45593],[65,-2]],[[26258,28320],[6,-11],[43,26],[0,34]],[[26307,28369],[28,-3],[13,-116]],[[26325,37844],[12,47]],[[26337,37891],[24,-19]],[[26361,37872],[15,-475]],[[26308,34910],[46,224],[15,-51]],[[24794,21475],[-29,-50]],[[24765,21425],[-19,-25],[-6,-57],[-16,-71],[-12,-95],[-25,-31],[3,-251]],[[30953,50924],[25,-546],[5,-163],[-32,-29]],[[30951,50186],[-69,-59],[9,-232],[-35,-32],[6,-164],[-35,-31],[16,-415],[-48,-42],[-9,-72],[-12,35],[-15,-117],[-20,45]],[[26078,45450],[66,4]],[[26144,45454],[66,1]],[[26210,45455],[0,-666]],[[26210,44789],[-63,-3]],[[26147,44786],[-68,3]],[[24066,49441],[110,1],[66,-9]],[[24242,49433],[0,-330]],[[24242,49103],[0,-276],[-50,2]],[[24076,49159],[-20,61]],[[24516,47950],[0,-16],[50,-1]],[[24566,47933],[17,2],[0,-660]],[[24487,47275],[4,94],[-12,138]],[[24479,47507],[-22,167],[-17,94]],[[27379,29773],[-152,55]],[[26039,34804],[15,-109],[29,-30]],[[26104,34338],[-6,-84],[-9,-50],[-15,-32],[-10,-63]],[[26064,34109],[-5,28],[-35,17]],[[26024,34154],[-4,511],[-6,55],[9,60]],[[26340,46780],[66,1]],[[26406,46781],[0,-644]],[[26406,46137],[0,-20]],[[26276,46119],[0,330],[-3,0],[0,332]],[[26406,46137],[56,0],[67,8]],[[26530,45474],[-65,-7]],[[26465,45467],[-57,-2]],[[28616,34635],[-3,-108],[17,-91]],[[28630,34436],[-11,-44],[-11,117],[-28,107],[-17,83],[6,79]],[[25460,48422],[1,605]],[[25461,49027],[7,62]],[[25569,49086],[-18,-134],[-13,-179],[-9,-259],[-7,-91]],[[25522,48423],[-62,-1]],[[25383,47592],[86,1]],[[25469,47593],[2,-156],[8,-90],[-2,-144],[-22,-208],[-3,-68]],[[25452,46927],[-69,-1]],[[25383,46926],[-33,1]],[[25228,42952],[96,11]],[[25326,42464],[-2,-166]],[[25231,42287],[-3,665]],[[22518,47514],[0,-504],[1,-167]],[[22519,46843],[-107,1]],[[22387,46844],[-1,666],[-3,165]],[[22617,47514],[1,-671]],[[22618,46843],[-42,-1]],[[22576,46842],[-57,1]],[[22749,49993],[75,1]],[[22824,49994],[95,-3],[1,-331]],[[22750,49331],[-1,662]],[[22650,47512],[67,-1]],[[22718,46845],[-100,-2]],[[22649,48836],[101,-1]],[[22851,48833],[0,-661]],[[22851,48172],[-67,-2]],[[22784,48170],[-134,0]],[[22576,46842],[2,-575]],[[26520,24984],[98,-5]],[[26617,24648],[0,-95],[-53,-1]],[[26413,29811],[7,-181],[17,-1],[0,-165]],[[26437,29464],[-90,1],[-1,59],[-19,0]],[[26506,25921],[2,15]],[[26552,25819],[-22,69],[-26,3]],[[28625,34761],[16,17],[14,-113]],[[28655,34665],[-13,-24],[-15,19]],[[28600,34308],[1,-78],[23,31]],[[28621,34201],[-11,-98],[-9,-503]],[[26835,33682],[-43,0]],[[24718,45536],[164,1]],[[24882,45537],[0,-587]],[[24882,44950],[-24,0]],[[24858,44950],[-41,5],[-99,-2]],[[24033,50932],[100,-4],[0,165],[104,-6],[0,-163]],[[24237,50924],[-1,-820]],[[24236,50104],[-167,0]],[[24072,50268],[10,49],[2,61],[15,86],[1,82],[-22,139],[0,51],[-13,49],[-14,-12],[-17,28],[-1,131]],[[22784,48170],[0,-660]],[[26886,25903],[-8,22],[2,168],[-35,91],[2,51],[-21,55],[-27,-14]],[[26691,25445],[17,99],[-5,34],[36,211],[10,-57]],[[26749,25732],[41,-525],[30,93]],[[26693,25128],[4,85],[9,54],[-23,135],[8,43]],[[28637,35463],[12,-82],[13,2],[4,-64],[3,-141],[-17,-94],[-11,80],[-19,80]],[[28622,35244],[-8,10],[-2,126],[4,57]],[[28447,37962],[-19,8]],[[24276,52957],[20,-51],[42,28],[56,114],[11,3]],[[24405,51910],[-139,1]],[[24266,51911],[-68,-1]],[[24198,51910],[0,496]],[[25397,49089],[1,1]],[[25398,49090],[-1,-1]],[[25327,49094],[3,-14],[66,9]],[[25396,49089],[-11,-225],[18,-55],[11,11],[20,159],[27,48]],[[25460,48422],[-34,1],[0,-166],[-44,1]],[[25341,48259],[0,658],[-15,-4]],[[25326,48913],[1,181]],[[26313,31104],[1,-134],[-13,-162],[-8,-187]],[[26649,25692],[42,-247]],[[26618,25152],[1,324],[-3,0]],[[17338,51602],[-157,4]],[[25263,39510],[114,2],[0,55],[27,9]],[[25404,39576],[2,-390]],[[25406,39186],[-15,-1],[0,-194]],[[25263,39120],[0,390]],[[20358,44812],[1,0]],[[20359,44812],[0,-661],[1,-1059],[0,-259],[-71,0],[1,-754]],[[20012,42086],[-167,-2]],[[19845,42084],[0,756],[-3,0],[0,497],[117,-4],[1,159],[0,662],[-5,0],[0,331]],[[20373,49692],[31,13],[233,0]],[[20637,49705],[0,-408],[-3,1],[1,-494],[0,-593],[1,-77]],[[20636,46842],[-102,-3],[-159,-3]],[[20375,46836],[0,622],[2,0],[-1,664],[-1,0],[0,669],[2,82]],[[20637,49705],[10,-1]],[[20647,49704],[114,-2],[160,-2]],[[20921,49700],[0,-813]],[[20921,48887],[0,-745]],[[6169,76171],[192,0],[0,-513],[-263,0]],[[6098,75658],[50,174],[5,118],[19,98],[-3,123]],[[25515,32889],[12,140],[3,159]],[[25530,33188],[52,-36],[11,12]],[[25344,32201],[-108,15],[-11,-67]],[[25225,32149],[-28,3]],[[26615,29301],[-8,48],[-5,90],[3,61],[11,61]],[[26256,24782],[70,-8]],[[26326,24774],[16,0]],[[26342,24774],[-1,-283],[9,-21],[10,-150],[-4,-116]],[[27075,25438],[-16,20]],[[25198,36102],[-1,-504]],[[25197,35598],[-93,-5]],[[24955,40129],[26,1],[0,-83],[22,-29],[52,-2]],[[25055,40016],[0,-197]],[[25055,39819],[-11,-7],[-20,-88],[-22,-38],[-5,-115],[-15,1],[0,-82],[-15,0],[0,-222]],[[24920,39266],[-62,-3]],[[17195,57329],[111,-2]],[[17306,57327],[0,-291]],[[17306,57036],[-1,-907],[-2,-620]],[[17303,55509],[-110,3]],[[24222,29677],[-11,2]],[[24211,29679],[1,166],[-29,3],[0,83],[-27,2],[0,86],[-15,3],[-15,30],[1,138],[-29,5],[1,166],[-25,4]],[[24074,30365],[-4,111],[29,-3],[1,55],[28,-5],[0,31]],[[25225,32149],[-2,-384]],[[25223,31765],[-5,-99],[-12,-90],[-39,-117],[-7,1]],[[25094,31466],[2,498]],[[26075,31660],[-14,-3]],[[26061,31657],[-27,-5],[-31,-29],[-17,20]],[[25956,31902],[0,142],[20,168],[8,33]],[[26748,23821],[51,-6],[0,-27],[32,1],[7,-74],[53,-1]],[[26597,27835],[42,-175]],[[26558,27176],[3,128],[-5,47],[-3,108],[-6,75]],[[26137,41922],[73,2]],[[26210,41924],[1,-667]],[[25606,38596],[52,-7]],[[25658,38589],[103,-5]],[[25761,38584],[1,-330]],[[25762,38254],[-1,-167]],[[25761,38087],[-61,-1]],[[25606,38093],[0,503]],[[25821,41908],[-31,2]],[[25790,41910],[-98,3]],[[25692,41913],[0,496]],[[26064,39767],[82,2]],[[26146,39769],[1,-499]],[[25884,40519],[1,-486]],[[25885,40033],[-24,-4]],[[25861,40029],[-103,-2]],[[24165,32504],[29,-3],[1,166],[30,-4],[0,141]],[[24225,32804],[5,-59],[11,23],[8,-98],[10,-17],[-5,-67],[2,-102],[22,-88],[12,37],[19,-108],[13,-28]],[[24325,31988],[-112,13]],[[24213,32001],[-50,8],[1,138]],[[24211,29679],[-43,4],[-1,-84],[-51,7],[-10,-80],[-12,2]],[[24094,29528],[-5,112],[-15,1],[0,56],[-15,1]],[[24059,29698],[0,111],[-4,54],[-19,2],[0,84],[-29,4],[3,90],[0,167],[-30,-1]],[[23980,30209],[1,165],[68,-6],[14,-30],[11,27]],[[25591,31492],[-9,22],[-34,3],[0,-71],[-35,-42]],[[25513,31404],[-9,71],[-11,12],[0,58],[-20,20]],[[26112,31726],[-3,-49],[9,-95],[25,-143],[24,-120]],[[26122,30925],[-1,103],[-15,117],[-31,87],[0,21]],[[26075,31253],[14,72],[4,80],[-12,62],[-1,112],[-19,78]],[[17451,47431],[64,0]],[[25669,39421],[1,499]],[[25758,39917],[2,0],[0,-447],[9,-56]],[[25769,39414],[1,-94],[-10,-57],[1,-99]],[[25761,39164],[-71,6]],[[25690,39170],[-21,1],[0,250]],[[23872,44385],[65,-1]],[[23937,44384],[0,-659]],[[23937,43725],[-33,0]],[[23904,43725],[-97,1]],[[23807,43726],[0,659]],[[23464,42382],[64,0]],[[23592,42381],[0,-492]],[[23592,41889],[-128,2]],[[23464,41891],[0,491]],[[24125,45210],[132,0]],[[24257,45210],[0,-331],[5,0],[0,-326]],[[24262,44553],[-65,0]],[[24197,44553],[-66,-1]],[[24131,44552],[0,329],[-5,0],[0,165]],[[24389,45214],[133,3]],[[24522,45217],[0,-667]],[[24522,44550],[-65,1]],[[24457,44551],[-65,0]],[[24392,44551],[0,330],[-3,0],[0,333]],[[23956,32033],[59,-8]],[[24054,32021],[-1,-331],[-10,1],[0,-164]],[[23924,31240],[-6,28]],[[24091,29023],[3,505]],[[24966,33499],[15,-1]],[[25000,33501],[19,8]],[[25019,33509],[2,-49],[-8,-82],[2,-48],[-12,-110],[0,-72],[-13,-162],[-9,-31]],[[24940,32903],[-21,98],[3,31],[30,-25],[15,59],[-22,73],[1,60],[18,-7]],[[26075,31253],[-42,-58],[4,-95],[-13,-46],[-23,52],[-14,-36]],[[18170,45444],[0,-438]],[[17979,45224],[0,384],[6,0]],[[18714,47660],[-2,-331],[14,24],[22,-92],[14,-31],[8,-49],[17,-40],[25,0],[0,-54]],[[18812,47087],[-124,-1],[-125,1]],[[18563,47087],[-49,-7]],[[23645,43725],[0,-499],[11,0],[-1,-186]],[[23528,43041],[0,187],[-13,0],[0,496]],[[24131,44552],[-65,0],[0,-165]],[[24066,44387],[-65,-2]],[[24001,44385],[0,498],[-7,1],[0,164]],[[23599,46378],[0,-661]],[[23599,45717],[-131,3]],[[24001,44385],[-64,-1]],[[23205,45719],[131,2]],[[23336,45721],[0,-664]],[[23336,45057],[-98,-1]],[[23599,45717],[0,-501]],[[23599,45216],[0,-165]],[[23468,45054],[0,666]],[[24210,31337],[3,664]],[[23888,29496],[128,-16],[0,114],[9,-1],[0,110],[34,-5]],[[23888,29385],[0,111]],[[23891,30155],[-2,-111],[-1,-548]],[[23741,29406],[1,602]],[[25861,40029],[0,-556]],[[25861,39473],[-39,-4],[0,-56],[-53,1]],[[25905,41908],[1,-661]],[[25790,41577],[0,333]],[[23528,43041],[-95,1]],[[24262,44553],[65,3]],[[24327,44556],[-1,-499],[1,-334]],[[24327,43723],[-130,2]],[[24197,43725],[0,828]],[[23655,42380],[64,-1]],[[23719,42379],[0,-495]],[[23719,41884],[-127,5]],[[24126,46298],[0,-583]],[[23994,45716],[1,582]],[[23719,42379],[62,10]],[[23781,42389],[65,-1]],[[23846,41886],[-127,-2]],[[22780,27653],[123,-27]],[[22903,27626],[30,-21]],[[22930,26808],[-52,4]],[[22878,26812],[-102,4]],[[22754,25257],[0,15],[109,163]],[[22906,24371],[-29,294],[-67,-224]],[[25928,38924],[37,6]],[[26039,38518],[-32,-4],[1,-115]],[[25969,40035],[-84,-2]],[[26009,37901],[13,28],[18,-13]],[[26071,37518],[-62,-3],[-15,-83]],[[23464,42382],[-63,2]],[[23401,42384],[0,659]],[[23655,43040],[96,-1],[30,17]],[[23781,43056],[0,-667]],[[23731,45716],[131,2]],[[23731,45050],[0,165]],[[23731,45215],[0,501]],[[24126,46298],[131,0]],[[24257,46298],[0,-248]],[[24257,45715],[-131,0]],[[23224,39513],[63,0]],[[23287,39513],[-2,-166],[0,-280]],[[23285,39067],[-5,0],[0,-387]],[[23280,38680],[-124,1]],[[23305,38376],[22,20],[17,-61],[48,17]],[[23392,38352],[0,-151],[36,33]],[[23428,37770],[-123,0]],[[23305,38020],[0,356]],[[22511,35188],[151,4]],[[22662,35192],[1,-344],[0,-394]],[[22663,34454],[-86,-1]],[[22577,34453],[-65,-1]],[[22512,34452],[-1,736]],[[22937,37358],[130,-2]],[[23066,36691],[0,-165],[-46,1]],[[22783,38188],[1,332]],[[22918,38021],[0,-111],[-11,0],[-1,-386]],[[22783,37524],[0,664]],[[26777,42952],[22,-61],[16,10]],[[26832,42633],[0,-66]],[[22730,29289],[1,-415]],[[22731,28874],[0,-327]],[[22731,28547],[-10,39],[2,60],[-23,76],[-17,-105],[-20,-80],[-9,-70],[-8,-16],[-32,77]],[[22614,28528],[6,47],[3,141],[-7,32],[-13,-22],[-18,17],[0,75],[-10,81],[8,72],[-13,37]],[[22570,29008],[0,282]],[[22051,31449],[118,-1],[0,166],[59,0]],[[22228,31614],[0,-83]],[[22228,31531],[0,-497],[1,-167]],[[22216,30862],[-9,5],[-95,0],[0,-165],[-30,-1]],[[22051,30701],[0,291]],[[22051,30992],[0,457]],[[23501,32858],[65,1]],[[23585,32091],[6,-230]],[[23498,31861],[0,500],[3,0],[0,497]],[[22902,28641],[3,10]],[[23060,28215],[-2,-625]],[[22903,27626],[-1,1015]],[[26110,37362],[-10,-26],[-9,-81],[-24,-35],[-9,-45],[-5,-88]],[[26053,37087],[-5,-108],[-8,-54],[-16,-52],[-14,38]],[[26010,36911],[-1,70],[9,49],[-13,103],[-44,-1],[-8,28]],[[25498,38568],[15,116],[-8,79]],[[25606,38762],[0,-166]],[[23349,40174],[9,0]],[[23479,39833],[-12,-114],[-10,-30],[-4,-100],[-17,-52],[-7,-96]],[[23429,39441],[-9,0],[-11,72],[-60,0]],[[23349,39513],[0,661]],[[22627,40178],[31,0]],[[22784,40178],[0,-663]],[[22627,39514],[0,664]],[[21482,34443],[4,0]],[[21486,34443],[-1,-274],[0,-665]],[[21485,33504],[-36,0]],[[21449,33504],[-114,0],[-120,0]],[[21215,33504],[0,952]],[[21875,34456],[0,739],[-6,0]],[[21869,35195],[0,166]],[[23420,35188],[3,-84]],[[23424,34455],[-93,0]],[[23331,34455],[-32,0]],[[25168,34355],[31,-8],[61,-1]],[[25167,33509],[1,515]],[[25164,33509],[-2,0]],[[25162,33509],[-19,141],[-11,28],[-24,1],[-33,108],[-8,3]],[[25067,33790],[4,30],[-11,95],[9,83],[12,49]],[[30276,47859],[21,-80],[11,-7],[14,98],[32,-163],[23,-87],[23,132]],[[30441,47373],[-13,13],[-17,-77],[-7,46],[18,153],[-18,21],[-7,-45],[-40,-118],[-2,-60],[-16,-108],[13,-117],[3,-112],[-22,-4],[-11,-53],[-11,1]],[[22094,29704],[26,-163],[16,-82],[27,-7],[5,80],[22,-13],[7,-26]],[[22197,29493],[0,-592]],[[22052,29166],[0,166]],[[25526,41083],[121,-2]],[[25647,40873],[-11,-50],[-31,-59],[-15,-103],[-17,-86],[-17,-34],[-5,-51],[9,-73]],[[25525,40457],[1,626]],[[25934,43530],[1,-537]],[[25935,42993],[-114,-5],[1,-83]],[[25805,42905],[0,166],[11,97],[0,150],[-11,2],[1,208]],[[26177,42584],[108,13]],[[26285,42060],[0,-127]],[[26285,41933],[-75,-9]],[[23287,39513],[62,0]],[[23429,39441],[-1,-66],[-14,-13],[1,-77]],[[23453,39067],[-59,0]],[[23394,39067],[-109,0]],[[29284,41504],[-1,4]],[[29288,41546],[-17,-101],[-10,96]],[[25554,30263],[23,-7],[13,-87],[10,15]],[[25600,30184],[9,10],[25,-76],[10,-72]],[[25644,30046],[-2,-710]],[[25642,29309],[-40,-1],[-77,11]],[[26174,37679],[18,18],[32,118]],[[30780,47943],[19,20],[0,-78],[-19,58]],[[30713,47982],[29,39],[10,-72],[-12,-89],[-16,-1],[-2,82],[-9,41]],[[30704,48013],[7,69],[20,68],[4,-64],[-31,-73]],[[30701,48185],[-1,0]],[[30680,48273],[-15,-176],[-4,-140],[12,-11],[-34,-175],[-8,-84],[-18,4],[-28,98]],[[26444,38030],[-43,-120],[-9,-10]],[[26392,37900],[-12,86],[7,101],[-7,79],[10,66],[-13,45],[-9,172]],[[26494,37832],[21,30],[21,-36]],[[26452,37472],[-9,458],[2,9]],[[23053,57328],[178,0],[124,-2]],[[23349,56452],[-73,-3]],[[23318,47508],[165,1]],[[23468,46847],[-132,-1]],[[23336,46846],[-18,0]],[[23318,46846],[0,662]],[[29255,41469],[1,-10],[-13,-52],[-6,-39],[1,-62]],[[22663,34454],[95,0]],[[22758,34454],[0,-772]],[[22579,33681],[-1,1],[0,664],[-1,107]],[[22758,34454],[88,0]],[[22846,34454],[111,0]],[[22871,33682],[-113,0]],[[23551,34454],[-1,-443]],[[23551,33823],[-107,5]],[[23444,33828],[0,520],[-8,44],[6,63]],[[25903,27031],[46,1],[0,-28]],[[25949,27004],[1,-639]],[[25847,26362],[-23,115],[3,77],[-9,35],[-10,108],[-1,174]],[[26335,38410],[7,-372],[-5,-147]],[[26287,37996],[-1,65],[-20,20]],[[26264,38328],[-5,42],[21,99]],[[25021,22349],[0,-524]],[[25021,21825],[3,-134],[-24,-86],[-1,-54],[-22,-90],[-8,13]],[[24765,23688],[4,0]],[[24769,23688],[38,1],[7,-42],[12,13]],[[24826,23660],[0,-194],[2,-111],[8,-83],[18,1],[5,-111],[24,1],[0,-139]],[[24765,23021],[0,667]],[[26401,27504],[9,0]],[[26410,27504],[29,0],[1,-32],[27,0],[0,-43],[13,-29]],[[26480,27400],[-5,-86],[-1,-95]],[[26474,27219],[0,-46],[-28,1],[-6,18]],[[26440,27192],[-35,1],[-6,36],[-16,1],[-13,-47]],[[26370,27183],[-1,70]],[[26496,27834],[-17,78],[-5,-10],[-16,162]],[[22731,28874],[164,-1]],[[22902,28641],[-14,-32],[3,-79],[-17,-140],[-13,-36],[-1,-135],[-8,-20],[-13,39],[-9,124],[10,85],[-3,86],[-9,45],[-10,-30],[-6,-80],[-10,54],[-19,-128],[-15,0],[-10,43],[3,94],[-9,47]],[[22752,28578],[-21,-31]],[[15542,51190],[0,-135],[-34,0],[0,-56],[17,-82],[23,-27],[-6,-83],[-27,-166],[-1,-111]],[[15514,50530],[0,-413],[-90,0],[1,-267],[16,0]],[[15441,49789],[-79,1]],[[15362,49790],[9,192],[3,327],[-4,58],[5,158],[-3,70],[7,149],[-2,49],[4,156],[-1,141],[-7,107]],[[25496,28742],[38,-10],[97,-7]],[[25555,27980],[0,166],[-29,5],[-1,335],[-29,8],[0,83]],[[23800,21214],[166,0],[0,-27],[36,0]],[[24108,20325],[-35,69],[-62,179],[-28,56],[-31,48],[-20,14],[-27,-29],[-35,12],[-59,-43],[-16,-21],[-27,-86]],[[25194,28880],[0,28],[49,0]],[[25243,28908],[95,-5]],[[25251,28071],[4,57],[-61,1],[0,249]],[[25194,28378],[0,502]],[[24375,34244],[122,-9]],[[24526,34120],[-3,-621]],[[24433,33498],[-62,4]],[[19762,24667],[2,-153]],[[19764,24514],[0,-859],[-139,0],[-95,-1]],[[19530,23654],[0,579],[0,863],[0,643]],[[20015,31227],[-89,-3],[0,84],[-30,0],[0,-83],[-71,1],[-133,3],[-1,-663],[-160,2]],[[20699,25918],[3,0],[0,844],[136,2],[150,2]],[[20988,26766],[0,-844],[26,0],[0,-996]],[[22050,33681],[111,-1]],[[22161,33680],[0,-660],[3,-157],[59,0]],[[22224,32575],[-20,-14],[-12,-51],[-6,-101],[-9,-49],[-3,-65],[-16,-44],[-28,32],[-12,40],[-14,92],[0,135],[-8,13],[-14,-36],[-10,-141],[-21,-62]],[[22051,32324],[0,332]],[[16508,47057],[0,-824],[-10,0],[0,-499],[-3,0],[0,-325],[161,5],[0,-1166],[1,-272]],[[24258,48002],[0,164],[61,0]],[[24479,47507],[-124,0]],[[24355,47507],[-97,0]],[[24258,47507],[0,495]],[[25067,33790],[-15,-155],[-8,-8],[-19,128]],[[24473,39574],[18,-105],[18,-61]],[[24509,39408],[-7,1],[-72,-282],[6,-251]],[[24436,38876],[-78,11],[1,28]],[[29224,41142],[2,68],[10,26],[5,85],[-2,57],[34,32],[7,-85],[-17,-106],[-37,-99],[-2,22]],[[17037,51612],[5,0]],[[17042,51612],[2,-267]],[[16712,49697],[5,165],[0,826],[-29,0],[0,164],[-52,2],[1,600]],[[17042,51612],[105,-4]],[[24498,46846],[-110,0]],[[24388,46846],[-33,1]],[[24355,46847],[0,660]],[[24198,51910],[0,-158],[-9,-16],[-10,-101],[-16,26],[-12,-96],[-16,15],[-9,-62],[-24,-36],[-19,-72],[-22,-249],[-18,-68]],[[24043,51093],[-81,4]],[[24791,37834],[-11,-76],[-1,-56],[8,-82]],[[24787,37620],[-3,-116],[-19,-128]],[[23231,41290],[109,-9]],[[23340,41281],[48,-4]],[[23388,41277],[0,-190],[7,0],[-1,-414]],[[23290,40678],[0,51],[-16,44],[-14,194],[1,49],[-10,53],[-2,68],[13,63],[-11,36],[-5,-63]],[[28094,44980],[76,0]],[[28258,44884],[-3,-127],[-5,-773]],[[28250,43984],[-127,2]],[[28123,43986],[-28,-1]],[[28429,44908],[2,-403],[38,12]],[[28469,44517],[0,-528]],[[28289,43985],[-39,-1]],[[27479,43012],[0,20]],[[27479,43032],[0,668]],[[28123,43986],[1,-729]],[[21199,27572],[129,1]],[[21328,27573],[0,-819]],[[21328,26754],[-131,0]],[[21197,26754],[2,818]],[[21447,30993],[-127,8],[-117,-8]],[[21203,30993],[1,838]],[[23388,41277],[80,-7]],[[23468,41270],[79,-7]],[[23556,40911],[-2,-496]],[[23551,35101],[0,49]],[[23700,35122],[-1,-111],[9,-2]],[[23706,34548],[-55,9],[-100,7]],[[20663,51204],[0,-656],[-1,-173],[-15,0],[0,-671]],[[29497,45785],[-1,-210],[-3,-60],[7,-107]],[[29500,45408],[-25,-450]],[[29475,44958],[-120,-87]],[[29093,49695],[11,9],[98,-15],[52,-1],[33,8]],[[29287,49696],[6,-191],[0,-112],[6,-246],[5,3],[6,-256],[4,3],[6,-280]],[[29216,48028],[-70,-41]],[[27479,41797],[100,7]],[[27579,41804],[3,-346]],[[22908,46845],[91,1]],[[22999,46846],[4,-64],[-3,-62],[20,-75],[-1,-157],[-15,-45],[7,-55]],[[22941,46052],[-33,0]],[[22908,46052],[0,793]],[[19265,42075],[139,4],[126,2]],[[19530,42081],[0,-644]],[[18703,38868],[1,-513]],[[18704,38355],[-1,-95],[-14,-14],[1,-55],[-20,0],[-15,-181],[-10,0],[-1,-192],[3,-69],[-18,-50],[-8,-48],[-38,10],[-10,-70],[0,-84],[-9,-53]],[[18137,37454],[0,199]],[[29503,46492],[107,-27]],[[29567,45399],[-67,9]],[[18654,57326],[120,-2],[137,-1]],[[21480,41013],[0,491]],[[21676,41505],[1,-663]],[[22657,40842],[1,0]],[[22627,40178],[-95,1]],[[22532,40179],[0,663]],[[21840,40840],[156,1]],[[21996,40841],[1,-664]],[[21997,40177],[-152,1]],[[21840,40179],[-1,329],[1,332]],[[26437,29092],[0,285]],[[26437,29377],[84,-2]],[[26521,29375],[8,-104],[-17,-161],[-15,-3],[-5,-48]],[[26648,24152],[3,195],[10,24],[0,94]],[[26661,24465],[36,-3],[0,-145],[16,-1],[0,-49],[25,-5],[0,51],[50,-10]],[[26788,24303],[-17,-118],[0,-87],[-15,-166],[-9,-12]],[[26693,23927],[-12,22],[-11,126],[-14,5],[-8,72]],[[21709,46634],[0,-746]],[[21709,45888],[-111,-3],[-127,6]],[[21471,45891],[0,247],[-7,1],[-1,496]],[[22709,46214],[67,1]],[[22776,46215],[66,1],[0,-165]],[[22842,46051],[0,-540]],[[22842,45511],[-14,18],[-2,69],[-25,42],[-14,-24],[-16,21],[-19,-30]],[[22752,45607],[-42,2]],[[22918,48171],[121,2]],[[23039,48173],[0,-662]],[[23039,47511],[-121,-2]],[[22918,47509],[0,662]],[[23040,48834],[-1,-661]],[[22918,48171],[-67,1]],[[29520,49730],[97,6],[71,-6],[10,-10]],[[29698,49720],[6,-332],[-13,-101]],[[29595,49005],[-32,34],[-53,137]],[[29510,49176],[-8,78],[13,111],[5,159],[-13,67],[13,139]],[[23290,40673],[-127,0]],[[23349,40174],[-124,1]],[[22910,40177],[-126,1]],[[29003,37222],[-10,-242],[-5,-24],[-26,-411],[-13,-131]],[[25447,25926],[-12,14]],[[28590,38726],[-1,-62]],[[30260,43626],[18,-94],[20,-38],[16,-77],[26,12],[9,67],[26,31],[28,54],[5,40],[-2,186],[-18,71],[-5,171],[-17,56],[-15,-60],[-10,63],[16,35],[20,-28],[23,-95],[13,-130],[12,-199],[4,-198],[-1,-119],[-10,-64],[-8,42],[-25,-8],[-30,-29],[-14,-37],[-20,-6],[-33,-38],[-16,-102],[-15,-1],[-34,-35],[8,96],[-3,42],[8,181],[-6,33]],[[26010,46283],[2,-559],[0,-274]],[[25893,45449],[0,168],[-4,253],[-13,248]],[[25876,46118],[101,1],[0,166],[33,-2]],[[21908,51503],[4,0]],[[21931,50838],[-12,-67],[-1,-66],[9,-29],[18,2],[11,-72]],[[21494,50605],[0,900]],[[28208,33588],[-40,-1]],[[16667,43975],[175,-4],[139,10]],[[17310,43985],[0,-1100],[0,-804]],[[17231,41177],[0,286],[-2,14],[-94,2],[0,330],[-169,-1],[-149,-2],[0,200],[-146,-1]],[[29870,46900],[-21,-175],[-12,8],[1,-124],[-11,-102],[7,-129],[16,-128]],[[29842,46138],[-40,6],[7,95],[-62,-46],[-15,-42],[-6,49]],[[25989,52572],[0,-495]],[[25989,51550],[-17,-69],[-38,61],[-37,-2],[-22,-37],[-14,-72],[0,-97],[-13,-128],[-15,4],[-9,-61]],[[25134,53576],[13,132],[35,107],[9,56],[21,76],[22,34],[18,80]],[[25331,53897],[-4,-79],[-11,-38],[-5,-76],[-14,-42],[-5,-109],[-22,-94],[-1,-59]],[[25118,52410],[1,497],[35,-2],[0,163],[-19,0],[-1,508]],[[20921,49700],[5,1],[-1,409]],[[20925,50110],[149,0],[153,0]],[[21227,50110],[0,-330]],[[21057,48950],[-70,1],[-6,-32],[-16,18],[-10,-34],[-34,-16]],[[22406,51493],[87,-4],[113,0]],[[22606,51489],[8,-1]],[[22614,51488],[0,-662]],[[22614,50826],[-1,-663]],[[22407,50169],[-1,662]],[[17306,57036],[69,2],[0,-662],[205,3]],[[17502,55213],[-49,0],[0,193],[-36,0],[0,-27],[-114,0]],[[17303,55379],[0,130]],[[25762,36864],[0,251]],[[23846,41886],[0,-606]],[[23786,41275],[-68,-7]],[[23718,41268],[1,616]],[[23974,41887],[0,-600]],[[26279,44124],[32,-4]],[[26311,44120],[97,6]],[[26284,43407],[-5,122]],[[26279,43529],[0,595]],[[26463,47792],[33,1],[0,-164],[38,-1]],[[26534,47628],[-4,-99],[-1,-156],[-8,-31],[12,-158],[16,-59],[34,-56],[10,-55]],[[26593,47014],[0,-209]],[[26593,46805],[-33,0],[0,83],[-65,3],[0,83],[-33,3]],[[26462,46977],[0,489]],[[25513,31404],[-1,-456],[-3,-32],[0,-161],[-5,-104]],[[25504,30651],[-105,4]],[[25399,30655],[1,553],[-10,40],[3,65],[-5,79]],[[24984,31412],[81,-11]],[[25018,30633],[-82,2]],[[17304,54214],[63,1],[51,9],[0,55],[12,28],[72,-2]],[[17502,53558],[-36,0],[0,28],[-87,2],[-18,-10],[-17,87],[-16,-17],[-4,88],[-20,23]],[[17304,54011],[0,203]],[[24787,37620],[132,-9]],[[24920,36780],[-55,3]],[[24865,36783],[-7,100],[3,66],[-34,2],[0,28],[-30,169],[0,27],[-33,179]],[[23257,43725],[-87,1],[-43,5]],[[23090,44076],[1,120],[-22,108],[-3,92]],[[23167,43046],[138,-1]],[[23401,42384],[-64,1]],[[23337,42385],[-138,1]],[[23183,42829],[1,135],[-20,17],[3,65]],[[26754,46516],[5,0],[-4,664]],[[26897,47208],[2,-164],[4,-116],[13,-212],[4,-394],[6,-108]],[[26789,46186],[-2,249],[-33,-2],[0,83]],[[26541,48107],[89,3]],[[26630,48110],[-1,-112],[-6,-67],[-16,-31],[-32,-129],[-24,7],[-17,-150]],[[25611,30643],[-107,8]],[[24457,39714],[125,-3],[0,168]],[[24675,39263],[-8,-123],[-1,-118]],[[24666,39022],[-90,8]],[[24576,39030],[-16,44],[-18,88],[-11,133],[-14,13],[-8,100]],[[25419,37449],[1,533]],[[24456,42887],[0,334]],[[24539,42716],[-83,5],[0,166]],[[24126,46846],[29,0]],[[24155,46846],[103,1]],[[24258,46847],[-1,-549]],[[24258,46847],[97,0]],[[24388,46846],[2,-302],[0,-496]],[[23821,47509],[67,0]],[[23988,47509],[0,-664]],[[23863,46844],[-42,1]],[[24155,47482],[0,27],[103,-2]],[[24155,46846],[0,636]],[[24213,48664],[7,-30],[37,-60]],[[24258,48002],[-67,2],[0,164],[-65,2]],[[25494,33766],[85,7]],[[25579,33773],[62,2]],[[25530,33188],[-21,14],[-1,49]],[[25508,33251],[-14,515]],[[25019,33509],[13,8],[51,-7],[79,-1]],[[25526,42100],[0,-521]],[[25526,41579],[0,-468]],[[25526,41111],[-114,-11]],[[25412,41100],[-50,4],[-4,972]],[[25358,42076],[168,24]],[[24618,42211],[-45,3]],[[24573,42219],[0,45],[-12,113],[-14,20],[-20,143],[12,176]],[[25004,44940],[10,0]],[[25133,44277],[-65,-4],[0,103],[-63,-5]],[[25005,44371],[-1,569]],[[24390,46048],[119,-3]],[[24587,45273],[0,-56],[-65,0]],[[23974,41887],[128,0]],[[23336,46379],[0,467]],[[21217,52145],[0,-639]],[[21217,51506],[-157,0],[-136,0]],[[20924,51506],[0,638]],[[21867,52820],[161,-2]],[[22085,52149],[0,-650]],[[21634,57328],[104,-1],[262,0]],[[22000,57327],[0,-534],[11,0],[-1,-331]],[[22010,56462],[-36,-1]],[[21974,56461],[-36,-1],[0,167],[-182,1],[0,-166]],[[25197,35598],[82,1]],[[25258,34586],[0,174],[-62,339]],[[25196,35099],[1,499]],[[24617,41386],[-32,7]],[[24669,38492],[6,129],[26,-19],[49,-2],[0,97],[31,1],[0,62],[15,7]],[[24796,38767],[1,-500]],[[24797,38267],[-36,-1],[-1,-144]],[[24712,38207],[-20,-27],[-14,75],[-3,138],[-6,99]],[[21997,40177],[5,0]],[[22002,40177],[-1,-828]],[[22001,39349],[-151,2]],[[21850,39351],[-5,0]],[[22941,40177],[0,-829]],[[21232,57327],[203,-1],[53,0]],[[21429,56464],[-182,0]],[[21247,56629],[0,167],[-15,0],[0,531]],[[22330,57328],[146,1],[146,0]],[[22338,56460],[0,331],[-8,0],[0,537]],[[26945,38335],[31,-14]],[[26976,38321],[0,-28],[63,-20],[0,-84]],[[26986,37473],[-21,5],[2,173],[-33,12],[2,112],[-5,59],[-27,13],[2,125]],[[25321,43461],[-94,-9]],[[25526,42397],[0,-297]],[[25358,42076],[-32,-6]],[[22933,50821],[19,-123],[10,-123],[14,-88],[17,-5],[36,-97],[5,-58]],[[23034,50327],[-145,0],[-4,-57],[-61,2]],[[22824,50272],[0,496]],[[22824,50768],[-1,719]],[[21273,45892],[-58,1]],[[21215,45893],[0,908]],[[21215,46801],[0,246],[19,25],[8,107],[25,-14],[1,38]],[[21201,27920],[1,484]],[[21199,27572],[2,348]],[[25055,39819],[21,-24],[1,-278],[32,-2]],[[27568,39018],[48,15],[24,98]],[[27640,39131],[13,-33]],[[27653,39098],[-1,-259]],[[22490,28426],[0,470]],[[22490,28896],[17,142],[18,-43],[19,-1],[17,-38],[9,52]],[[22614,28528],[0,-806]],[[21749,33502],[36,0]],[[29698,49720],[68,-8],[114,8]],[[29869,49265],[-20,-135],[-29,97],[7,-123],[-15,37],[-33,-309],[-31,80]],[[24915,46451],[100,2],[0,-25],[98,7]],[[25113,46435],[0,-166]],[[25113,46269],[-1,-667]],[[25013,45597],[0,22],[-131,1]],[[24882,45620],[0,665]],[[25114,47099],[34,1]],[[25283,46928],[0,-330],[-5,0],[0,-335]],[[25278,46263],[-33,3]],[[25245,46266],[-132,3]],[[25113,46435],[2,166],[-1,498]],[[25069,47766],[79,0]],[[25148,47766],[0,-168]],[[25114,47099],[-34,-3],[-33,22]],[[25047,47118],[0,222],[22,11],[-8,88],[0,124],[8,0],[0,203]],[[26200,29858],[11,-1]],[[26217,28922],[-59,8],[0,-41],[-45,3]],[[29473,48874],[28,63],[8,103],[1,136]],[[29628,48660],[-16,-162],[-9,-170],[-16,-222]],[[29479,48841],[-6,33]],[[28655,34665],[7,-42],[-8,-150],[-11,12],[-13,-49]],[[24649,51575],[-1,-654]],[[24408,50920],[0,657],[-3,2],[0,331]],[[24880,49104],[99,2],[74,-9]],[[25053,49097],[0,-835]],[[25053,48262],[-104,5]],[[24914,48270],[-1,503],[-32,0],[-1,331]],[[24236,50104],[137,-3]],[[24377,49101],[-135,2]],[[24242,49433],[0,503],[-6,0],[0,168]],[[25147,48261],[41,1]],[[25188,48262],[94,2]],[[25148,47766],[-1,495]],[[17304,54214],[-1,1165]],[[24795,43851],[130,2]],[[24925,43853],[16,0],[-1,-54]],[[24940,43195],[-64,-2]],[[24882,44950],[122,-10]],[[25005,44371],[-81,-5]],[[24924,44366],[-64,-5]],[[24860,44361],[-2,589]],[[27703,33583],[-87,1]],[[27650,33854],[17,-19],[2,57],[-11,22],[-8,-60]],[[24865,36783],[-38,5],[0,-167],[-47,-94]],[[24780,36527],[-13,79]],[[25053,49760],[68,-1]],[[25121,49759],[0,-164],[68,1],[0,-165],[69,-2]],[[25258,49429],[67,-5],[-1,-164],[3,-166]],[[25326,48913],[-100,11]],[[25226,48924],[0,167],[-173,6]],[[25053,49097],[0,663]],[[25245,46266],[-1,-337],[0,-336]],[[24749,48607],[1,-335]],[[24750,48094],[-34,11],[-131,-5],[-17,-43],[-2,-124]],[[25692,43433],[30,96]],[[26285,40765],[-2,-581]],[[26174,40183],[-3,138]],[[25596,42497],[0,-586],[3,-333]],[[25599,41578],[-73,1]],[[23863,46379],[-132,0]],[[23731,46379],[0,466]],[[27272,34004],[21,-8],[27,17],[13,74]],[[27333,34087],[31,-257]],[[27364,33830],[5,-40]],[[27369,33790],[21,-174]],[[28327,37851],[4,-17]],[[25383,46926],[0,-333],[-6,-1],[0,-334]],[[25377,46258],[-99,5]],[[24749,49769],[33,-1],[0,166],[43,-1]],[[24825,49933],[172,-2]],[[24997,49931],[56,-1],[0,-170]],[[24880,49104],[-131,0]],[[24237,50924],[34,0]],[[24271,50924],[137,-4]],[[20754,45148],[0,-927],[1,-896]],[[20755,43325],[-174,7]],[[20581,43332],[1,163],[0,465],[-2,196],[-1,652]],[[20579,44808],[-1,333],[110,6]],[[21698,24261],[1,831]],[[21821,24347],[-10,18],[-1,-273],[-112,-11]],[[21698,24081],[0,180]],[[21482,35198],[135,-1]],[[21617,35197],[1,-750]],[[21618,34447],[-132,-4]],[[22844,35363],[2,-909]],[[22662,35192],[0,168]],[[27384,35272],[0,3]],[[27384,35275],[-66,303]],[[26092,23014],[-150,-7]],[[25899,23009],[-1,377]],[[23420,35742],[131,-3]],[[23551,35739],[0,-37]],[[28160,35709],[-10,39],[5,58],[-19,77]],[[28136,35883],[27,298]],[[28114,35772],[7,63],[15,48]],[[26283,40016],[91,3]],[[26374,40019],[1,-624]],[[26375,39395],[0,-43],[-93,-2]],[[27427,40474],[-50,4]],[[27377,40478],[3,419],[2,83],[-21,4]],[[23733,32095],[15,-3]],[[23748,32092],[-1,-55],[-14,2],[-6,-136],[-25,4],[0,-166],[14,-2],[-7,-155],[3,-54],[-10,-38]],[[24531,30391],[0,85],[43,-10],[149,-5]],[[24723,30461],[1,-147]],[[27282,34904],[31,83],[37,27]],[[27350,35014],[-9,-33],[44,-244]],[[27369,34596],[-56,-97],[-15,4],[-16,44],[-17,-55],[-26,-127]],[[27239,21596],[20,-540],[8,-125],[7,-242],[11,-203]],[[27285,20486],[-13,-8],[-18,-78],[-55,-6]],[[27183,20809],[-8,144],[3,70],[-25,145],[2,177]],[[27279,40081],[3,417]],[[27282,40498],[95,-20]],[[27419,40238],[-2,-119],[-18,-100],[4,-88],[-9,-43]],[[27279,39922],[0,159]],[[27344,43706],[28,30],[36,75],[40,68],[31,64]],[[27479,43032],[-135,4]],[[19530,42081],[46,-1],[176,0],[93,4]],[[19978,40600],[-15,-6],[-75,5],[-157,-2],[-202,2]],[[20090,40349],[-77,-2],[-1,-335],[-31,5],[0,-170],[-74,3],[-68,-9],[0,-249],[-171,-2],[0,-83],[-95,1],[0,19],[-44,0]],[[29438,44081],[15,2],[106,-21]],[[16655,53016],[0,334],[107,-3],[1,668]],[[24717,46275],[39,12],[27,-81]],[[24882,45620],[0,-83]],[[26164,27079],[42,80],[41,101]],[[26269,27196],[-1,-439],[1,-168]],[[26269,26589],[-90,-4]],[[26179,26585],[-13,453]],[[26325,25370],[-73,-4]],[[26252,25366],[6,51],[-9,78],[-19,45],[-1,44],[9,62]],[[21618,34447],[136,5]],[[21754,34452],[34,1]],[[21599,33502],[-114,2]],[[22457,34454],[55,-2]],[[22579,33433],[-119,0]],[[22460,33433],[-2,250],[0,663],[-1,108]],[[23331,34455],[0,-108],[-7,0],[0,-658]],[[23324,33689],[-105,0]],[[15231,45805],[9,148],[18,454],[-6,68],[14,70],[19,179],[15,240],[3,93]],[[27434,15789],[110,0],[0,110],[24,-2]],[[27568,15897],[10,-134],[1,-56],[18,-276],[4,-91]],[[27601,15340],[-17,-27],[-133,3],[-74,2]],[[27377,15318],[58,310],[-1,161]],[[27534,16458],[16,-310],[18,-251]],[[27434,15789],[0,672]],[[26269,26589],[26,-9],[19,-44]],[[26193,26349],[3,51],[-13,73],[4,68],[-8,44]],[[24648,50425],[49,-2],[128,9]],[[24825,50432],[-1,-79],[1,-420]],[[25216,49928],[44,-1],[-2,-498]],[[25121,49759],[0,170],[95,-1]],[[25053,48262],[94,-1]],[[25069,47766],[-120,-2]],[[24271,50924],[0,655],[-5,1],[0,331]],[[25136,35033],[6,63],[54,3]],[[25237,34601],[-13,70],[-21,51],[-13,9],[-20,85],[-34,71]],[[24600,32489],[129,-6],[3,59]],[[27596,42216],[-19,-134],[2,-278]],[[27478,41890],[1,429]],[[28479,43989],[103,-2]],[[28582,43987],[115,-3]],[[28706,43323],[-23,-8],[-7,-203]],[[28511,43205],[-17,13]],[[6079,71697],[16,78],[54,2],[-21,-100],[-49,20]],[[5918,71331],[21,39],[9,-86],[-8,-23],[-22,70]],[[5643,72348],[0,-15]],[[5641,70339],[8,100],[20,28],[15,-81],[-28,11],[-15,-58]],[[5562,70370],[10,66],[14,-42],[-12,-52],[-12,28]],[[5502,70134],[8,103],[10,-26],[-18,-77]],[[5643,72210],[21,-36],[47,27],[-1,79],[-12,83],[0,95],[9,144],[34,213],[45,231],[20,82],[34,89],[28,40],[27,107],[16,116],[17,37],[23,93],[24,44],[16,-145],[21,60],[-9,174],[-27,5],[-2,183],[13,168],[13,424],[7,167],[10,97],[33,11],[-3,80],[-26,122],[-3,119],[3,106],[23,221],[33,80],[21,132]],[[6169,76171],[9,119],[-12,37],[-19,-177],[-31,-45]],[[6356,72916],[-10,-67],[-22,-62],[-19,-119],[-18,-7],[5,-120],[-31,46],[-13,63],[-18,-131],[-6,-124],[-23,115],[-12,-19],[-6,-80],[-20,-42],[-14,-106],[-17,-4],[-1,-83],[-23,-30],[-44,168],[-25,-55],[19,-115],[-30,-16],[-14,-112],[3,-47],[19,-17],[9,-59],[-11,-45],[-32,5],[-19,-18],[-18,123],[-14,1],[-39,-71],[-8,-54],[-19,-14],[-27,-94],[-1,-46],[45,69],[34,1],[3,-129],[-15,-47],[-40,70],[-20,4],[-8,-97],[-15,-11],[-40,51],[-23,-59],[-28,-148],[10,-64],[39,-30],[32,-108],[-26,-61],[14,-83],[-25,-82],[-7,46],[-17,-64],[12,-98],[-6,-162],[-22,6],[-28,68],[3,189],[-27,-66],[11,-167],[-48,-56],[-9,46],[-19,-164],[-44,-8],[-27,-64],[-10,17],[-40,-40],[-15,-42],[0,-110],[-17,38],[-8,155],[-15,-65],[9,-46],[5,-153],[-17,-97],[6,-25],[-7,-112]],[[24133,33500],[105,1]],[[24238,33501],[-2,-453]],[[24236,33048],[-1,-167],[-15,3],[5,-80]],[[22842,46051],[66,1]],[[22883,45438],[-33,20],[-8,53]],[[22614,51488],[209,-1]],[[22824,50768],[-39,1],[-2,55],[-169,2]],[[25041,41307],[1,-513]],[[25042,40794],[-94,-10]],[[24858,41005],[15,147]],[[27689,39642],[-7,-185],[-31,-270],[2,-89]],[[27640,39131],[-8,20],[-51,281],[-55,2],[-13,49]],[[27754,33026],[0,-16]],[[27754,33010],[-140,30]],[[20924,52641],[0,192]],[[20924,52833],[0,926],[0,387]],[[21236,52147],[119,3],[0,-147],[139,-1]],[[21494,51505],[-92,0],[-171,1]],[[21231,51506],[-14,0]],[[22183,57327],[147,1]],[[22192,56129],[0,332]],[[22192,56461],[0,331],[-9,0],[0,535]],[[21996,45889],[-121,0],[-166,-1]],[[25480,33764],[14,2]],[[25508,33251],[-34,1],[-12,-48],[-18,-27],[-44,47]],[[21328,26754],[108,0]],[[21436,26754],[1,-831]],[[21197,25921],[0,833]],[[21448,32655],[1,849]],[[25227,43284],[1,-332]],[[25071,42278],[-1,393]],[[25070,42671],[-1,525]],[[25266,41351],[0,-417]],[[25266,40934],[0,-222]],[[25074,40712],[-31,-2],[-1,84]],[[22606,52149],[203,0]],[[22606,51489],[0,660]],[[27479,42334],[-135,2]],[[22144,30119],[68,1],[5,84],[0,84],[44,-2],[0,19]],[[22301,29954],[1,-83],[-18,-12],[-9,-87],[-12,-224],[9,-165]],[[22272,29383],[-24,147],[-10,13],[-14,66],[-8,-161],[-19,45]],[[29478,49725],[42,5]],[[29473,48874],[-8,101],[7,153],[0,84],[8,120],[-13,77],[12,151],[-1,165]],[[24712,40701],[1,669]],[[25522,48423],[0,-66],[9,-121],[-3,-95],[-12,-68],[-24,-77],[-2,-99],[-7,-60],[-14,-244]],[[22225,32192],[0,-496],[3,-82]],[[22051,31449],[0,375]],[[22051,31824],[0,500]],[[23443,33522],[1,306]],[[23501,32858],[-60,0]],[[23441,32858],[2,166],[0,498]],[[28688,34323],[25,-43],[13,42],[13,-14],[13,-307],[16,-249],[7,-153]],[[28704,33599],[0,220],[15,51],[-21,123],[-17,24],[-6,134]],[[27350,35014],[22,43],[15,60],[-10,71],[7,87]],[[27492,35264],[11,-205]],[[25075,40267],[1,-250],[-21,-1]],[[19252,43182],[0,817],[-2,1],[0,502]],[[12199,77056],[9,174],[-9,11],[-7,-164]],[[12100,77780],[66,130],[33,-116],[30,-75],[27,-138],[11,-5],[25,-113],[0,-170],[-20,-90],[31,-77],[-12,-77]],[[23918,32782],[99,-12]],[[23857,32099],[-2,225],[11,137],[10,27],[1,216],[-9,2],[0,82]],[[24697,31486],[-1,-501],[1,-66]],[[24697,30919],[-150,8]],[[30024,43526],[5,-103],[-12,-97]],[[22851,47509],[67,0]],[[23039,47511],[0,-665]],[[23039,46846],[-40,0]],[[22908,46845],[-57,0]],[[19981,38966],[88,0]],[[27050,15457],[0,335]],[[27617,35044],[-3,-87]],[[28343,34901],[4,8]],[[21617,27584],[145,5]],[[21762,27589],[0,-814]],[[21762,26775],[-38,-12]],[[21724,26763],[-107,-5]],[[21617,26758],[0,826]],[[21867,25927],[143,-4]],[[22010,25923],[-1,-839]],[[22198,26750],[105,0]],[[22303,25907],[-5,0]],[[22020,19373],[194,9]],[[22214,19382],[2,-859]],[[22216,18523],[-130,6],[-67,8]],[[24166,36094],[-1,-277],[46,-125],[-1,-84]],[[24210,35608],[0,-250]],[[24210,35358],[-121,16]],[[24089,35374],[-47,5]],[[24042,35379],[2,451],[-4,1],[2,332]],[[23789,40097],[112,15]],[[23901,40112],[-1,-502],[27,-1]],[[21697,42833],[155,-3]],[[21852,42830],[129,0]],[[21981,42830],[4,0],[1,-221],[-1,-440],[4,0]],[[21989,42169],[0,-660]],[[21989,41509],[-155,0]],[[21834,41509],[-131,-5]],[[21703,42088],[-6,83],[0,662]],[[21853,43490],[-1,-660]],[[21697,42833],[-38,1]],[[22268,44154],[128,1]],[[22397,43491],[-126,1]],[[22271,43492],[-3,0]],[[21834,41509],[-1,-302],[2,-367]],[[21835,40840],[-153,2]],[[22526,43493],[1,-497]],[[22527,42996],[0,-165]],[[22527,42831],[-126,1]],[[22401,42832],[-2,-1]],[[22399,42831],[0,660]],[[27614,33040],[-3,-469]],[[27485,32639],[-6,71],[3,47],[19,54],[-4,200]],[[28255,30660],[-4,27],[-1,164],[-5,71],[-18,61]],[[28227,30983],[3,316],[5,48]],[[22342,14987],[0,922]],[[22478,53975],[141,-1]],[[22697,52811],[-98,1]],[[22599,52812],[-113,1]],[[22486,52813],[0,665],[-8,-1],[0,498]],[[21701,54021],[0,-45],[-142,0],[1,-495]],[[21467,53481],[-13,55]],[[24277,37450],[-4,-36],[5,-99],[-10,-64],[-20,-17],[-5,-139],[-17,-26],[0,-67]],[[24226,37002],[-16,-25],[-14,27],[-30,9],[2,160],[-26,5]],[[24142,37178],[28,593]],[[22752,45607],[0,-785]],[[22752,44822],[-98,-2]],[[22654,44820],[-129,-1]],[[22525,44819],[-2,0],[0,618]],[[22523,45437],[-1,231]],[[20922,43410],[190,3]],[[21112,43413],[0,-498]],[[21110,42832],[-188,-2]],[[20922,42830],[0,326]],[[20922,43156],[0,254]],[[26407,39392],[22,0],[48,-22]],[[26477,39370],[38,-17]],[[26515,39353],[-8,-599]],[[26410,38825],[6,486],[-9,81]],[[27164,41384],[50,39],[42,-7]],[[27269,41000],[-1,-247],[-17,1],[0,-172]],[[27251,40582],[-80,14]],[[27171,40596],[2,280],[-27,5],[1,141]],[[27957,33000],[2,583]],[[28028,32592],[-38,100],[-19,-7]],[[27971,32685],[-15,45],[1,270]],[[27314,32124],[19,155],[10,192],[1,73],[-7,93]],[[27378,32656],[52,-8]],[[27359,31575],[-3,112]],[[27356,31687],[4,110],[-2,69],[-12,116],[-18,16],[-3,56],[-11,70]],[[22606,52149],[-7,0]],[[22599,52149],[0,663]],[[22256,54140],[213,-1]],[[22469,54139],[9,0],[0,-164]],[[22486,52813],[-167,-1]],[[23132,43382],[7,-68],[-5,-44],[8,-78],[-2,-94],[11,-48],[16,-4]],[[23074,42830],[0,82],[-11,1],[-16,83],[-5,83],[0,304]],[[21996,45599],[4,-124],[0,-663],[4,0],[0,-662]],[[22004,44150],[-27,0]],[[21654,44162],[-162,8]],[[23066,44513],[-103,3]],[[20922,43990],[50,-3],[131,6]],[[21103,43993],[11,-1]],[[21114,43992],[0,-494],[-2,-85]],[[20922,43410],[0,580]],[[18137,36646],[0,-620],[-1,-417]],[[17622,34155],[0,1016],[1,641],[0,646],[178,1],[71,0],[0,1194]],[[26499,40251],[-4,-306]],[[26495,39945],[-30,12],[0,70],[-75,-6]],[[26390,40021],[-2,529]],[[27018,42201],[1,141],[26,-2],[1,121],[27,0],[1,143],[26,0]],[[27153,42058],[-123,7]],[[27030,42065],[-12,0],[0,136]],[[27164,41916],[0,-469]],[[27031,41448],[0,415],[-1,202]],[[22203,34455],[22,-228],[15,-43],[7,-72]],[[22247,34112],[0,-425],[-86,-7]],[[15542,51190],[92,-1],[0,-52],[29,-58]],[[15680,50309],[-12,55],[-17,1],[-17,111],[-23,-1],[-6,55],[-91,0]],[[21698,24261],[-142,0]],[[21556,24261],[0,831]],[[21783,23177],[76,8]],[[21859,23185],[160,3]],[[26272,48772],[106,0],[28,-7]],[[26272,48106],[-2,497],[2,169]],[[26137,48775],[135,-3]],[[26206,48111],[-69,2]],[[26462,46977],[-1,-166],[-55,-1],[0,-29]],[[27195,31720],[23,-276]],[[27957,33000],[-41,6]],[[27916,33006],[-57,5]],[[26854,40414],[3,288]],[[26857,40702],[76,-23],[0,-36],[78,-13]],[[27011,40630],[3,-138]],[[27014,40492],[-3,-413],[-10,-70]],[[26937,40042],[-3,-11],[-86,28]],[[26848,40059],[2,70],[4,285]],[[27282,40498],[-32,4],[1,80]],[[26414,41812],[64,3],[0,84],[32,0],[0,28],[32,2]],[[26542,41929],[0,-192]],[[26542,41737],[0,-334]],[[26398,41480],[0,249],[16,1],[0,82]],[[26717,39594],[3,223]],[[26720,39817],[116,-34]],[[26836,39783],[-5,-445],[31,-13]],[[26862,39325],[-2,-164]],[[26860,39161],[-72,22],[2,50],[-77,19]],[[26713,39252],[4,342]],[[28805,41576],[23,75],[19,24]],[[28869,41026],[-101,439]],[[28109,40742],[-9,-106],[-40,114],[-4,-110],[-16,82],[-32,74]],[[26661,45664],[98,16]],[[26634,44816],[-32,-8]],[[26602,44808],[-6,671]],[[26206,47443],[-132,4]],[[26143,46119],[133,0]],[[26276,45455],[-66,0]],[[26144,45454],[-1,665]],[[22000,57327],[183,0]],[[22192,56461],[-182,1]],[[20923,57328],[188,-2],[121,1]],[[20923,56631],[0,697]],[[26512,38752],[34,-12]],[[26546,38740],[-2,-431],[56,-2]],[[26782,41001],[-1,-28],[27,-8],[-1,-108],[52,-16]],[[26859,40841],[-2,-139]],[[26854,40414],[-114,33]],[[26740,40447],[-1,193],[-21,0],[0,380]],[[26494,39890],[32,-14],[-1,-28],[32,-12],[-1,-47],[51,-47]],[[26607,39742],[-2,-107]],[[26605,39635],[-4,-318]],[[26601,39317],[-86,36]],[[26477,39370],[6,496],[11,24]],[[26601,39317],[26,-11],[-4,-316]],[[26623,38990],[-54,-221],[-7,-73],[-16,44]],[[28784,42894],[17,150],[-8,35],[23,225]],[[28849,42388],[-14,49],[0,134],[-11,58],[0,98],[-14,17],[-22,75],[-4,75]],[[28534,42408],[25,-31]],[[21664,39352],[-1,-826]],[[21663,38526],[-24,-1]],[[21481,38522],[-1,829]],[[26210,44789],[99,1]],[[26309,44790],[0,-333],[2,-337]],[[26279,44124],[-131,-1]],[[26148,44123],[-1,663]],[[26148,44123],[-130,-5]],[[26018,44118],[-1,670]],[[23536,54298],[-143,5]],[[23393,54303],[0,497],[-3,0],[0,379],[-17,30],[-6,54],[1,82],[12,116],[-98,1]],[[23133,50490],[103,0]],[[23236,50490],[137,1]],[[23137,50041],[-4,120],[0,329]],[[21864,54141],[156,-1]],[[21790,53484],[15,61],[0,61],[-15,89],[-8,121]],[[22319,52149],[10,1]],[[22329,52150],[-1,-654]],[[26892,41222],[-2,-51],[-4,-339],[-27,9]],[[22699,32028],[149,-3]],[[22848,32025],[0,-497]],[[22700,31363],[-1,665]],[[23392,38352],[2,162],[0,553]],[[25644,30046],[55,-203],[33,-55]],[[23092,51817],[138,-2]],[[23230,51815],[0,-331],[3,0],[0,-331]],[[23233,51153],[-138,0]],[[23962,51097],[0,-329],[33,-1],[1,-278]],[[23996,50489],[-137,6]],[[23859,50769],[-1,335]],[[23117,52979],[130,-5],[152,4]],[[23399,52978],[2,-167],[0,-498]],[[23401,52313],[3,-164],[0,-335]],[[23404,51814],[-174,1]],[[23651,49665],[-68,1],[0,-167]],[[26730,40380],[10,67]],[[26848,40059],[-5,-222],[-7,-54]],[[26720,39817],[-3,200],[8,28],[-10,135],[2,88],[11,-2],[2,114]],[[26542,42400],[0,-471]],[[26414,41812],[0,84],[-16,0],[0,166]],[[26689,38645],[158,-55]],[[26841,38169],[-45,14],[-68,9],[-1,61],[-15,45]],[[26680,38373],[9,272]],[[23170,30933],[22,-14],[10,80],[21,21],[7,-35],[25,47],[-1,33],[19,55],[12,-10],[16,46],[4,62],[13,-10]],[[23318,31208],[-1,-258],[30,-1],[0,-193]],[[23301,30036],[0,-165],[-44,-1]],[[23257,29870],[-59,-1],[0,166],[-58,0]],[[23386,32693],[25,-1],[0,166],[30,0]],[[22311,40178],[0,-827]],[[22162,39350],[-7,0]],[[22155,39350],[0,828]],[[23401,52313],[118,0]],[[23405,51178],[-2,304],[1,332]],[[24155,47482],[-67,0],[0,28]],[[24210,35358],[-1,-416],[2,-9],[-1,-363]],[[24210,34570],[-121,14]],[[24089,34584],[2,374],[-4,0],[2,416]],[[23665,39273],[-1,-138]],[[23664,39135],[-109,3]],[[23555,39279],[0,413]],[[24515,35577],[16,-1],[31,31],[61,-2],[-1,-437],[6,-1],[-1,-196],[5,2]],[[24632,34973],[0,-200],[-12,-55],[0,-166]],[[24554,34639],[0,91],[-15,36],[-5,77],[-11,-7],[1,105],[-10,1],[-4,110],[0,195],[-10,1]],[[22935,29703],[0,166],[-29,0],[0,83]],[[22906,29952],[0,415]],[[22435,31529],[0,166]],[[22521,31695],[2,-29],[0,-303],[59,1]],[[22582,31364],[0,-554],[0,-442]],[[22435,30830],[0,203],[0,496]],[[25980,36706],[16,113],[1,49],[13,43]],[[26053,37087],[47,-181]],[[26100,36906],[17,-41],[-5,-222]],[[25969,36360],[-3,12]],[[26392,37900],[-31,-28]],[[23741,48669],[13,91],[-6,74]],[[23855,48172],[-68,0]],[[23584,49165],[0,-166],[68,1],[0,167],[68,-1]],[[23790,38663],[-23,16],[-16,-59],[-18,-2],[-4,42],[-14,-27],[1,-70],[-11,-39],[-11,18]],[[23664,38663],[0,472]],[[24382,38381],[1,169],[62,-10]],[[24445,38540],[41,-5]],[[24485,38254],[0,-283],[-42,2],[-1,-258]],[[24442,37715],[-19,7],[-16,-70],[-27,52]],[[24380,37704],[-2,-1]],[[23691,38111],[77,-17],[1,56],[94,-18]],[[23859,37422],[-154,22]],[[23156,32277],[-44,1],[0,-416]],[[23112,31862],[-119,0]],[[22993,31862],[0,577]],[[22993,32439],[-1,416]],[[23257,29870],[0,-166],[-30,0],[0,-667]],[[22730,29705],[59,-1]],[[22789,29704],[0,-249],[87,-1],[3,-83],[27,1]],[[23246,31696],[-31,0],[0,-168],[-15,0],[0,-166],[-29,0]],[[23171,31362],[-30,0],[0,334],[-29,0],[0,166]],[[25706,26927],[2,-407],[-40,1]],[[25668,26521],[-84,-10],[0,83],[-28,-1]],[[25527,25845],[0,-333],[14,0]],[[28399,39641],[60,-1]],[[29773,45362],[99,-18]],[[25850,44450],[19,219],[6,116]],[[25243,29625],[0,-248],[0,-469]],[[25194,28880],[-29,1]],[[25165,28881],[0,552]],[[24849,23764],[37,-1],[0,84],[48,0]],[[24934,23847],[0,-822]],[[24826,23660],[0,112],[23,-8]],[[25132,24592],[0,-746]],[[25005,23847],[-1,692]],[[24915,29795],[0,-690]],[[24856,29051],[-7,-9],[-50,1]],[[24799,29043],[1,201],[-17,69],[-1,399]],[[23702,35565],[128,-17]],[[23830,35548],[-2,-277]],[[24436,38876],[9,-336]],[[24293,40078],[31,-2]],[[24197,39422],[3,662]],[[24777,35056],[-93,5]],[[24684,35061],[1,536],[3,86]],[[24632,34973],[52,3],[0,85]],[[22908,33020],[-60,0],[0,-166],[-60,-1]],[[22788,32853],[-29,11]],[[22341,33516],[32,-1],[10,-87],[23,-29],[7,-56],[21,-45],[26,10],[0,125]],[[22579,32864],[-29,0]],[[22342,32858],[-1,162],[0,496]],[[22789,29704],[58,0],[-16,221],[16,27],[59,0]],[[26279,43529],[-104,-1]],[[26175,43528],[-26,1]],[[26149,43529],[-1,594]],[[26002,48776],[-116,10]],[[25886,48786],[4,95],[-11,182],[8,81],[22,50],[18,19],[4,68]],[[26699,48773],[-1,-199],[-3,-127],[-9,-15],[-19,-130],[-21,18],[-12,-89],[-4,-121]],[[24769,24388],[0,-700]],[[24765,23688],[-81,-2]],[[24684,23686],[-23,0]],[[24661,23686],[0,499],[-29,0]],[[24934,23847],[18,0]],[[24952,23847],[38,0]],[[24624,27841],[0,165],[30,1],[0,707]],[[24654,28714],[58,-3]],[[24712,28711],[-1,-332]],[[24376,34549],[2,713]],[[19565,51863],[40,0]],[[19605,51863],[104,1],[0,196],[24,53],[81,1],[0,83],[22,111],[6,56],[41,0],[0,192]],[[19587,50869],[0,54],[-17,83],[1,527],[-6,0],[0,330]],[[22490,28896],[-17,-39],[-35,181]],[[22438,29038],[0,336],[-14,0],[0,138]],[[23318,31208],[16,61],[14,-66]],[[23095,50820],[3,0],[0,-329],[35,-1]],[[23039,50217],[-5,110]],[[24934,24508],[-29,-11]],[[24905,24497],[-61,-25]],[[24844,24472],[-41,-17]],[[19605,51863],[0,276],[-14,83],[-9,83],[0,166],[-12,73],[0,166],[-23,2],[-6,82],[0,247]],[[20924,52833],[-86,0],[0,55],[-18,28],[-52,0]],[[20768,52916],[0,335]],[[17074,38409],[-93,-141],[0,-154],[141,-849]],[[20311,31055],[0,-335]],[[20311,30720],[1,-165],[26,0],[0,-158],[-73,0]],[[20265,30397],[-5,63],[-72,5],[-9,-69],[-85,0],[-12,167]],[[20082,30563],[-36,499]],[[20688,29400],[0,490],[125,1],[0,165],[29,2],[0,165],[59,1]],[[20901,30224],[0,-332],[50,-1]],[[20951,29891],[0,-658],[1,-338]],[[20952,28895],[-59,2],[0,-168],[-114,4],[-61,5],[0,167],[-30,2]],[[25148,22405],[0,-493],[4,2]],[[25152,21914],[2,-53],[-16,4],[-27,-18],[-17,-28],[-54,-123],[1,67],[-13,68],[-7,-6]],[[24684,23686],[1,-666]],[[24532,23632],[31,53],[98,1]],[[25141,24596],[41,17],[39,41],[42,70]],[[25091,27377],[-6,0],[0,-167],[-29,-1],[0,-168],[-29,-1]],[[24989,27377],[0,281],[9,-3],[12,54]],[[22816,42813],[22,-14],[45,70],[14,53],[16,28]],[[22913,42950],[0,-6]],[[22784,42170],[0,666]],[[22258,45519],[29,72],[27,39],[11,45],[17,15],[21,-100],[11,8],[22,-34],[15,-47],[14,11],[21,-56],[33,-25],[13,18],[31,-28]],[[22525,44819],[0,-663]],[[22264,44154],[0,660],[-2,1],[-1,663],[-3,41]],[[21038,31387],[0,-284],[-62,3],[0,42],[-74,-233]],[[20902,30915],[0,140],[-141,1],[-184,1],[0,-333]],[[20577,30724],[-118,-1]],[[20459,30723],[-1,501],[-1,1081]],[[28488,45018],[56,10]],[[28544,45028],[3,-327],[-2,-173],[20,-3]],[[28565,44525],[-8,-85],[-23,19],[-1,87],[-64,-12],[0,-17]],[[24780,36527],[21,-46],[10,-85],[10,-4],[15,-91],[18,6],[-10,-99],[10,-84]],[[24020,38391],[5,-82],[20,-79],[14,-15],[21,23],[36,-31],[8,5]],[[24141,38120],[-33,-434],[0,-28],[-62,8]],[[24046,37666],[-61,17]],[[22526,43824],[129,3]],[[22655,43827],[1,-332]],[[22656,43083],[-16,-28],[-43,-2],[-16,-56],[-54,-1]],[[22527,42831],[1,0]],[[22528,42169],[-121,0]],[[22407,42169],[-7,0]],[[22400,42169],[1,663]],[[22273,42831],[126,0]],[[22400,42169],[-128,1]],[[22272,42170],[1,661]],[[22273,42831],[-2,1],[0,660]],[[29114,45567],[24,-31],[30,-76],[46,20],[8,24]],[[29222,45504],[-3,-156],[25,-4],[1,34]],[[29224,44764],[-6,-85],[-19,-15],[-10,35],[-18,-36]],[[29096,46438],[50,-111],[58,26],[1,-52],[28,13],[-1,51],[24,11]],[[29268,45860],[-124,5],[-61,118]],[[19058,57326],[159,1],[190,3]],[[25668,26521],[0,-204]],[[21996,40841],[29,3]],[[22025,40844],[126,0]],[[22155,40178],[-153,-1]],[[23826,36037],[16,-3]],[[23949,35986],[4,-139],[-2,-596]],[[23830,35548],[2,322],[-7,1],[1,166]],[[24380,37704],[-1,-792]],[[24379,36912],[-61,10],[-38,-10],[-55,7]],[[24225,36919],[1,83]],[[24274,36382],[15,-1],[20,79],[73,-1],[1,196]],[[24383,36655],[27,-2]],[[24410,36653],[2,0],[-1,-693]],[[24333,35598],[-61,7]],[[24272,35605],[2,777]],[[22752,44822],[33,1],[-1,-166]],[[22784,44160],[-130,-3]],[[22654,44157],[0,663]],[[21075,45894],[140,-1]],[[21278,44825],[-63,-4],[-124,-1]],[[21091,44820],[-9,0],[-1,662],[-6,0],[0,412]],[[22145,44150],[0,664],[-4,0],[0,565]],[[27754,33010],[-2,-302],[-1,-349]],[[27751,32359],[-141,40]],[[21556,24261],[-142,0]],[[22351,25075],[73,241],[31,108]],[[22422,24355],[-71,720]],[[21617,26758],[-37,1]],[[21580,26759],[-107,-4]],[[21473,26755],[0,820]],[[22162,20403],[-115,-7]],[[24456,36762],[0,-11],[76,0]],[[24531,35867],[-13,1],[-2,-83]],[[24410,36653],[-1,111],[47,-2]],[[23859,37339],[0,-125],[-3,-457]],[[23856,36757],[-10,-12],[-137,25]],[[23981,35247],[0,138],[61,-6]],[[24089,34584],[-61,7]],[[24028,34591],[0,28],[-45,6]],[[21989,41509],[67,-1]],[[22056,41508],[0,-498],[-31,0],[0,-166]],[[21840,40840],[-5,0]],[[22936,44159],[75,-1],[0,-142]],[[23011,43495],[-98,1]],[[22913,43496],[-32,0]],[[22881,43496],[1,663]],[[21989,42169],[222,0]],[[22211,42169],[0,-661],[2,-55]],[[22150,41480],[-15,28],[-79,0]],[[27243,32108],[9,54]],[[27252,32162],[23,37],[30,22],[9,-97]],[[27356,31687],[-160,40]],[[27751,32359],[0,-108]],[[27751,32251],[-4,-625]],[[27830,33014],[-2,-628],[4,-71]],[[27832,32315],[4,-62],[-85,-2]],[[22515,18470],[66,332]],[[22581,18802],[26,-184]],[[22273,23911],[31,-12]],[[21868,26762],[38,-1]],[[21906,26761],[105,-5]],[[21867,25927],[1,835]],[[21788,30164],[-1,-830]],[[29435,44081],[-3,70],[43,807]],[[25813,24021],[-57,-2]],[[25823,46793],[118,-10]],[[25941,46783],[0,-331],[69,-1]],[[26010,46451],[0,-168]],[[25876,46118],[-35,377],[-8,112],[-10,186]],[[26370,27183],[-5,-69],[1,-118],[-7,-142],[3,-78]],[[25761,39164],[14,0],[1,-235]],[[25776,38929],[-15,-20],[0,-325]],[[25658,38589],[0,332],[31,-1],[1,250]],[[25694,37325],[13,-20],[11,61],[44,-1]],[[25668,36750],[-15,1],[0,54]],[[21114,43992],[140,-4],[45,7]],[[26972,41232],[33,25]],[[27015,41044],[-4,-414]],[[27171,40596],[-12,2],[-1,-136],[-13,2]],[[27145,40464],[-131,28]],[[26593,47014],[8,3],[40,242],[16,22]],[[26754,46516],[-65,-10],[0,-165],[-30,-23]],[[26594,46314],[-1,491]],[[26305,51207],[4,-42],[39,-106],[27,-103],[18,-7],[24,22],[35,-73]],[[26438,25635],[0,-144],[10,-3],[0,-121],[10,-3]],[[21215,33504],[-11,0],[0,-849]],[[21204,32053],[-93,1]],[[25618,39425],[51,-4]],[[22699,32864],[0,-836]],[[22699,32028],[-148,-2]],[[28784,42894],[-48,-81],[-77,-14]],[[25047,29683],[-24,55],[-25,-10],[-15,66],[-53,1]],[[26976,38321],[5,339],[10,-3]],[[26969,42897],[26,11],[22,71],[46,84],[12,-20]],[[27018,42201],[-46,5]],[[26972,42206],[-1,416]],[[24949,47117],[98,1]],[[20921,46803],[131,0],[163,-2]],[[21075,45894],[-153,-1]],[[25223,31765],[14,-2],[17,-143],[25,-57],[14,20],[1,-140]],[[25294,31443],[-1,-73]],[[25293,31370],[-58,2],[-19,-40],[-14,-97],[-8,-119],[-17,0]],[[6166,4310],[27,-29]],[[24571,28967],[82,-2],[1,-251]],[[29645,47855],[17,-32],[27,281],[7,5],[33,-65],[6,175],[14,-32]],[[29749,48187],[18,-40],[37,18],[36,-67]],[[27590,13443],[0,-309],[-10,-172],[-7,44],[-16,-36],[-18,-296],[-8,-83],[-2,-115],[3,-136],[5,-45],[-18,-128]],[[27518,12133],[-6,-66]],[[27487,11981],[-26,4],[-39,-97],[-29,2],[-9,31]],[[22282,14580],[-2,93],[-6,68],[-3,130],[-8,41],[-1,80],[-7,105],[-17,70],[-2,82],[-14,41],[3,56],[-11,83],[-9,11],[6,292],[-8,169]],[[21698,24081],[0,-53]],[[21698,24028],[-2,-857]],[[21556,23172],[0,1089]],[[18563,37335],[127,0],[1,-16],[82,0]],[[26100,36906],[6,27],[34,20],[11,92]],[[24949,37779],[0,250],[-11,0],[0,238]],[[25266,40934],[147,1]],[[25413,40935],[1,-331],[-3,0],[1,-659]],[[25412,39945],[-146,-1]],[[25377,46258],[47,0]],[[25424,46258],[-2,-112],[10,-119],[-9,-86],[13,-105],[1,-141],[6,-103]],[[25375,45594],[2,664]],[[20755,43325],[0,-168],[167,-1]],[[20922,42830],[0,-747]],[[20581,42077],[-1,634],[1,130],[0,491]],[[26063,22697],[-5,-165],[-33,5],[-4,82],[-20,2],[-1,-125],[-5,-42]],[[12698,74252],[110,517]],[[12808,74769],[28,-287],[57,-299],[32,-263],[29,-186]],[[12691,74049],[11,16],[-7,99],[3,88]],[[12682,74180],[-1,-96],[-18,2]],[[12663,74086],[19,94]],[[12499,74399],[23,-32],[-10,-66],[-13,98]],[[12364,74646],[20,-102],[19,55],[21,-8],[4,79],[19,-8],[15,39],[67,81]],[[12529,74782],[-7,-82],[3,-58],[25,-120],[0,-63],[31,-144],[-4,-35],[29,-165],[2,-235],[23,-105],[3,-84],[-47,213],[-15,135],[-5,99],[-29,122],[-4,142],[-18,108],[-24,-119],[16,-148],[41,-295],[16,-85],[31,-126],[-3,-77],[17,-118],[-12,-77],[14,-83],[5,-107],[-20,-61],[-22,-19],[-40,35],[16,-153],[-15,-33],[-2,-75],[-15,-61],[-13,16],[-32,-172],[-48,-133],[-17,42],[-8,174],[9,41],[-11,58],[-2,83],[32,204],[-9,75],[23,-9],[5,39],[-32,151],[-8,174],[-17,104],[-17,236],[8,169],[-11,131],[-4,155],[-14,123],[11,77]],[[12380,74919],[-17,-119],[-1,-128]],[[12362,74672],[-7,10],[-15,137],[-12,34],[-16,222],[-4,111],[15,18],[8,-110],[15,39],[9,-83],[25,-131]],[[12229,74808],[-2,7]],[[12096,75186],[31,19],[19,-95],[-38,9],[-12,67]],[[11977,75018],[33,73],[1,-88],[-27,-20],[-7,35]],[[11915,74162],[-2,0]],[[11902,74161],[-19,75],[3,51],[-25,67],[4,106],[-4,90],[10,118],[25,44],[35,92],[13,62],[11,-85],[28,129],[27,-11],[6,-51],[54,173],[13,4],[12,-85],[58,-100],[1,-129],[-28,-135],[-3,-118],[11,5],[27,188],[13,26],[-2,61],[18,13],[33,-83],[44,-12],[7,-52],[39,-46],[11,-118],[-3,-103],[-21,-64],[-54,104],[17,-110],[26,-43],[3,-45],[20,-50],[-15,-52],[-28,-39]],[[11596,76215],[22,1],[51,177],[111,259],[11,38],[68,13],[26,180]],[[12162,75435],[-2,-92],[12,-83],[-11,-61],[-34,95],[-17,-45],[-67,-38],[6,68],[-28,122],[19,67],[-12,103],[14,113],[-11,128],[-14,34],[-25,283],[-15,-166],[1,-51],[-26,5],[-42,126],[-19,17],[-12,67],[-6,114],[-27,-6],[0,-57],[-35,82],[-34,58],[-20,75],[-24,120],[-4,-82],[28,-96],[4,-103],[-24,-31],[61,-47],[15,0],[23,-67],[27,-15],[17,-66],[-22,-70],[14,-39],[24,-10],[16,-37],[17,-98],[14,-18],[20,-79],[-3,-40],[33,-156],[8,-86],[4,-141],[-12,-89],[-16,-2],[-34,-58],[1,98],[-29,-17],[6,-52],[-9,-63],[-25,11],[-42,73],[19,-151],[-8,-84],[-26,-14],[-10,65],[-2,82],[-17,8],[-34,108],[6,64],[-35,53],[-21,-54],[-19,81],[-68,164],[-16,63],[-60,148],[-2,78],[-31,119],[-38,114],[-4,47]],[[24037,43049],[32,1]],[[24069,43050],[96,1]],[[24102,42388],[-64,-1]],[[23599,45216],[132,-1]],[[23742,44386],[-65,0]],[[23937,43725],[130,-1]],[[24067,43724],[-1,-498],[3,-176]],[[23910,43048],[0,178],[-6,0],[0,499]],[[24067,43724],[130,1]],[[24197,43725],[0,-673]],[[26252,28895],[-16,-250],[-20,3],[0,-92]],[[26123,28551],[-4,119]],[[22479,35853],[183,2]],[[22511,35188],[-32,0],[0,166]],[[23280,38680],[-2,-289],[27,-15]],[[22630,36693],[-153,-2]],[[22477,36691],[-2,168]],[[22475,36859],[-1,498]],[[24164,26037],[0,-166]],[[24164,25871],[-57,1],[0,-82],[-44,1]],[[30373,48727],[8,-197],[-8,-30],[16,-133],[-1,-176],[23,-49],[-7,-43],[4,-63]],[[26440,27192],[0,-285],[-6,-92]],[[26342,24774],[41,-2],[2,92]],[[21227,50110],[2,331],[0,657],[2,3],[0,405]],[[21203,30163],[0,394]],[[21203,30557],[0,436]],[[17306,57327],[137,1],[137,2]],[[25412,39945],[89,3],[17,-24],[6,27]],[[25525,39178],[-44,-1],[1,20],[-76,-11]],[[25404,39576],[-1,202],[9,0],[0,167]],[[23707,36432],[-3,-259]],[[23704,36173],[-2,-267],[0,-231]],[[23551,35739],[1,694]],[[26010,46451],[64,2]],[[26074,46453],[69,0],[0,-334]],[[25070,42671],[-26,24],[-22,-42],[-6,-129],[-30,2],[0,-163]],[[25201,37937],[-1,-420]],[[25200,37517],[0,-250]],[[25861,39473],[21,3]],[[25882,39476],[0,-557]],[[25845,38916],[-69,2],[0,11]],[[24066,44387],[1,-663]],[[24296,41329],[-66,-10]],[[21869,35195],[-115,0]],[[21754,35195],[-6,0]],[[26285,41933],[0,-371]],[[23731,46379],[0,-663]],[[23731,45716],[-132,1]],[[22155,39350],[-149,-1]],[[22006,39349],[-5,0]],[[24827,19889],[2,-24]],[[24825,19594],[16,113],[9,-17],[-25,-96]],[[24819,19605],[-7,-79]],[[24843,20084],[2,-53],[-16,-108]],[[24774,20527],[17,241],[-21,83],[-8,82],[-3,129],[1,221],[5,142]],[[28565,44525],[23,-2]],[[28588,44523],[0,-241],[-5,-31],[4,-166],[-5,-98]],[[25263,39510],[0,267]],[[24794,39260],[2,-493]],[[24669,38492],[-2,95],[5,60],[-5,116],[2,63],[-5,138],[2,58]],[[31021,51001],[20,-30],[35,-111],[30,-37],[12,34],[8,-40],[1,-148],[-11,5],[-10,-59],[8,-104],[12,-63],[0,-88],[-14,-132],[4,-58],[31,-218],[9,3],[8,109],[18,-48],[19,-5],[13,-93],[8,-157],[14,-171],[14,-52],[-4,-130],[6,-69],[-46,-218],[-14,-92],[-14,38],[-19,-8],[0,88],[-21,-36],[6,-92],[-12,-88],[-38,61],[-9,-125],[3,-55],[-25,-11],[-12,15],[-45,-28],[3,-45],[-10,-82],[-20,-46],[-7,86]],[[30972,48701],[-10,220],[6,6],[-6,161],[-5,-5],[-20,505],[35,32],[-15,429],[-6,137]],[[23705,34326],[-1,-351]],[[24418,40555],[-2,-137],[5,-174],[16,-174]],[[28623,32694],[-14,-98],[-14,-33],[-19,7],[-10,84],[-17,-21],[-12,199],[3,144],[10,93],[-6,19]],[[26375,39395],[32,-3]],[[18974,45929],[0,565]],[[20922,45152],[0,-1162]],[[26273,49434],[-1,-662]],[[23233,51153],[0,-333],[3,0],[0,-330]],[[24936,27376],[0,223],[-20,27],[-19,-1],[0,497]],[[27369,33790],[10,80],[-11,2],[-4,-42]],[[27333,34087],[53,81],[31,58]],[[25187,39778],[-4,-100],[-15,2],[1,-167]],[[25733,30629],[-14,-1]],[[24869,53069],[10,57],[17,44],[32,28],[17,-26],[28,43],[27,4],[52,131],[24,137],[43,24],[15,65]],[[25118,52244],[-104,1],[0,330],[-105,-1],[1,166],[-35,0],[0,329],[-6,0]],[[22407,41506],[123,-1]],[[22531,40842],[-124,0]],[[22406,41489],[1,17]],[[21203,30557],[-67,0],[0,-170],[-29,1],[0,-167],[-30,1],[0,-166],[-58,2],[0,-167],[-9,0]],[[21010,29891],[-59,0]],[[20901,30224],[1,691]],[[27916,33006],[-19,-717]],[[27897,32289],[-18,-4],[-47,30]],[[25353,37447],[0,55],[-29,3]],[[25324,37505],[-12,67],[7,55],[-4,130],[8,-2],[-1,223]],[[25412,41100],[1,-165]],[[23921,30212],[59,-3]],[[22343,29143],[9,-55],[32,-57],[11,-33],[21,-6],[12,60],[10,-14]],[[22343,28422],[0,721]],[[23718,41268],[-60,-4]],[[23591,41262],[1,627]],[[23917,34107],[110,-15]],[[24027,34092],[40,-5]],[[24067,34087],[-2,-588]],[[24042,33499],[-122,1]],[[24576,39030],[5,-31],[35,-141],[19,-111],[1,-52]],[[24067,34087],[182,-23]],[[24246,33501],[-8,0]],[[23789,40677],[0,-249]],[[23662,40435],[1,472]],[[27897,32289],[31,10]],[[27928,32299],[-1,-48],[-24,-444],[22,-50]],[[23443,33522],[-90,1]],[[23353,33523],[0,166],[-29,0]],[[24287,28341],[87,1],[29,-17]],[[24587,44549],[65,-1],[0,167],[53,-2]],[[24705,44713],[16,-112],[-4,-84],[11,-101],[21,-61]],[[24749,44355],[30,-78],[13,-68],[2,-160]],[[24587,44050],[0,499]],[[21617,35197],[9,-1]],[[21754,35195],[0,-743]],[[20988,26766],[14,0],[0,820],[12,0],[0,332],[59,1]],[[21073,27919],[128,1]],[[16537,49834],[0,-140],[33,1]],[[28738,41915],[74,181],[-10,80],[-1,51],[23,103],[11,-17]],[[26514,29536],[-1,-68],[8,-93]],[[26437,29377],[0,87]],[[26921,24375],[0,-73],[-30,0]],[[26891,24302],[-58,-2],[0,276]],[[25658,34572],[-2,-796]],[[25579,33773],[22,821]],[[26083,28626],[-1,-99],[-19,1],[-10,-26],[0,-56],[14,-2],[0,-83],[-15,-55],[0,-237],[-4,-42],[-25,-51],[0,-84],[-15,0]],[[29353,41858],[-7,-100],[6,-58]],[[22716,19417],[-39,-196],[50,-369]],[[22581,18802],[-26,182]],[[25648,40085],[-92,-1]],[[22475,36859],[-121,1]],[[21663,38526],[94,-4],[68,0]],[[21823,37696],[-86,2]],[[21860,36866],[-1,830]],[[26881,37326],[14,-59],[6,-101]],[[28588,44523],[18,-1],[16,-35],[0,106],[18,0],[28,-41],[2,128],[-16,40],[13,43]],[[28667,44763],[34,5]],[[22297,25078],[54,-3]],[[21901,31824],[150,0]],[[22051,30992],[-150,1]],[[21901,30993],[0,831]],[[18903,38330],[-154,2],[1,23],[-46,0]],[[25781,34233],[-12,-13],[-10,-61],[-17,-223],[-3,-149]],[[23039,48173],[105,0]],[[23144,48173],[4,0]],[[23148,47511],[-109,0]],[[24210,35608],[62,-3]],[[24255,34563],[-45,7]],[[25949,27004],[10,29],[89,2]],[[26065,27037],[0,-722]],[[30344,42625],[43,25],[10,43],[7,91],[16,-173],[-4,-61],[-11,-16],[-29,8],[-32,83]],[[29287,49696],[108,15],[83,14]],[[26215,25046],[3,46],[-5,87],[25,163],[14,24]],[[26328,25370],[2,-15],[-1,-374],[-3,-207]],[[18875,47078],[-63,9]],[[26501,25252],[18,147],[18,62],[14,20]],[[26749,25732],[-25,308]],[[23901,40112],[0,125]],[[23901,40237],[140,8]],[[24041,40245],[3,0]],[[24044,40245],[-3,-643]],[[24028,34591],[-1,-499]],[[24046,37666],[-1,-166],[61,-317]],[[24106,37183],[-3,-157],[-15,0],[-2,-241]],[[23980,36864],[3,508]],[[22993,32439],[-145,1]],[[22848,32440],[-18,5],[-5,38],[-15,17],[-13,71],[-9,-50],[0,332]],[[22848,32025],[0,415]],[[22993,31862],[-2,-336]],[[25294,31443],[33,8]],[[25399,30655],[-61,4],[1,-23]],[[25288,30636],[5,734]],[[26788,24303],[1,206]],[[26891,24302],[0,-218],[9,-1],[0,-168]],[[19565,51863],[-137,0],[-1,-167]],[[19427,51696],[-52,0],[0,167],[-14,0],[0,165]],[[20358,46835],[17,1]],[[20579,44808],[-14,0],[-8,-104],[1,-109],[-5,-56],[-39,-1],[-27,29],[0,139],[11,-1],[5,102],[-144,5]],[[19530,23654],[-122,3],[-143,-2],[-128,-1]],[[24366,33033],[-130,15]],[[22582,31364],[20,0],[19,-60],[14,-2],[10,33],[8,-53],[19,21],[10,-42],[18,23]],[[22701,30368],[0,-331]],[[22443,22067],[-103,-3]],[[22913,42950],[0,546]],[[24925,43853],[-1,513]],[[27285,20486],[14,-220],[17,-244]],[[26305,23152],[24,20],[29,-1]],[[26404,23170],[-1,-741]],[[24749,44355],[111,6]],[[21900,30163],[35,0]],[[21935,29336],[-28,1]],[[21698,24028],[160,-9],[1,-834]],[[21724,26763],[0,-831]],[[21581,25927],[-1,832]],[[29731,48763],[59,-155],[2,-26],[-15,-135],[-13,-79],[0,-51],[-15,-130]],[[22138,44150],[-134,0]],[[25324,37505],[-92,15],[-32,-3]],[[23337,41893],[127,-2]],[[23464,41891],[0,-330],[4,-1],[0,-290]],[[23340,41281],[1,281],[-4,1],[0,330]],[[24658,44955],[-3,-57],[23,-70],[5,-49],[22,-66]],[[24587,44549],[-65,1]],[[26303,28889],[0,-250],[4,-1],[0,-269]],[[22170,50172],[-38,1]],[[22132,50173],[1,662]],[[22775,46845],[1,-630]],[[22350,48173],[-104,-3]],[[20082,30563],[-38,0],[0,-665],[1,-57]],[[20045,29841],[-146,-1]],[[19899,29840],[-180,1],[-188,1]],[[20311,30720],[148,3]],[[20577,30724],[0,-829],[-6,0],[0,-495]],[[20400,29234],[-136,-1],[-1,343]],[[20263,29576],[0,156],[-14,0],[1,166],[0,499],[15,0]],[[20311,32418],[-1,-143]],[[20310,32244],[19,-58],[-19,-101]],[[26108,38641],[-2,-539]],[[26146,39769],[23,2]],[[26212,38854],[-19,-685]],[[26192,38134],[-18,-30]],[[23315,47508],[3,0]],[[23318,46846],[-114,-1]],[[23204,46845],[-53,0]],[[23151,46845],[0,666]],[[22231,47673],[119,2]],[[21979,50175],[153,-2]],[[28544,45028],[21,38],[-13,109]],[[28664,45175],[3,-412]],[[25761,38087],[0,-416]],[[25692,41913],[-15,0],[0,-142],[-32,0],[1,-193]],[[25646,41578],[-47,0]],[[23774,43726],[33,0]],[[23910,43016],[-24,31],[-105,9]],[[23781,43056],[0,169],[-7,0],[0,501]],[[22809,23553],[-18,-67],[-21,144]],[[22734,25985],[129,-12]],[[22716,25314],[-1,219]],[[22715,25533],[0,452]],[[22448,25908],[28,-4]],[[22894,19406],[-38,279],[-36,256]],[[22876,25972],[2,840]],[[22385,18536],[-1,844]],[[22613,54798],[-144,0]],[[21467,52813],[-85,-2],[-147,0]],[[23677,43726],[97,0]],[[23204,46383],[132,-4]],[[22216,18523],[3,0]],[[22752,28578],[-1,-919]],[[21473,26755],[-37,-1]],[[21888,55132],[108,0]],[[21996,55132],[36,0]],[[26542,41201],[0,-13],[101,-42],[0,-11]],[[26643,41135],[-9,-524]],[[26670,42065],[-10,-1],[-5,-165],[-11,0],[0,-165]],[[26644,41734],[-102,3]],[[27150,39708],[1,166]],[[27151,39874],[32,-6],[0,111],[32,-6],[1,55],[21,-3],[0,55],[42,1]],[[27181,39387],[0,147],[-16,3],[1,167],[-16,4]],[[22163,37690],[2,830]],[[22783,38188],[-155,1]],[[22628,38189],[0,497]],[[22628,38022],[0,167]],[[22691,36693],[0,-500]],[[22477,36028],[0,663]],[[20690,51871],[103,-1],[0,-155],[35,0],[0,-161],[71,-3],[0,-166],[25,0]],[[20924,51385],[1,-617],[0,-658]],[[20768,52916],[0,-55],[-36,0],[0,-83]],[[22817,43497],[64,-1]],[[21981,43490],[69,-2],[88,3]],[[22272,42170],[-61,-1]],[[21981,42830],[0,660]],[[22623,25371],[46,158],[46,4]],[[21906,26761],[1,829]],[[23233,51153],[172,-2]],[[26644,40195],[-21,-461],[-16,8]],[[26494,39890],[1,55]],[[27151,39874],[1,168],[-10,2],[3,420]],[[26945,42067],[-1,138],[28,1]],[[26643,41135],[28,2]],[[26730,40380],[-83,7]],[[23303,37189],[0,-83]],[[23303,37106],[-3,-250],[0,-421]],[[23177,36439],[0,249]],[[22006,39349],[-1,-829]],[[21850,38522],[0,829]],[[22532,40179],[-64,0]],[[22468,40179],[-62,-1]],[[22407,42169],[0,-663]],[[21103,43993],[0,166],[-11,0],[-1,661]],[[23399,52978],[0,166]],[[23399,53144],[104,-1]],[[25027,26702],[84,-1],[24,-23],[5,14]],[[25140,26692],[0,-666]],[[25140,26026],[-113,-1]],[[24905,24497],[0,-315],[23,-86],[20,-49],[4,-48],[0,-152]],[[24849,23764],[0,252],[-5,0],[0,456]],[[25165,28881],[-88,-2]],[[25047,29045],[0,416]],[[23353,33523],[-30,0],[0,-498],[-1,-331]],[[26109,33729],[-17,138],[-13,160],[-13,5],[-2,77]],[[22654,44157],[1,-330]],[[24712,28711],[0,166]],[[24712,28877],[87,0],[0,166]],[[23704,36173],[72,-15],[-1,-111],[51,-10]],[[24182,40835],[1,-84]],[[24184,40245],[-140,0]],[[24041,40245],[1,582]],[[24167,36403],[61,-10]],[[24228,36393],[46,-11]],[[24164,25871],[0,-167],[29,-166],[0,-83]],[[26309,44790],[33,1]],[[26342,44791],[128,5]],[[26470,44796],[2,-1]],[[26472,44795],[0,-672]],[[29355,44871],[2,-65],[-4,-84],[3,-153],[-2,-68],[-17,-76],[-2,-74],[-10,-43],[-5,-79]],[[29269,45808],[3,-111],[-49,-163],[-1,-30]],[[23899,40682],[2,-445]],[[24106,37183],[36,-5]],[[24225,36919],[0,-249],[4,-1],[-1,-276]],[[23861,36502],[2,240],[-7,15]],[[28696,40776],[-16,86],[-7,10],[-58,247]],[[28358,41788],[2,-75]],[[25989,52926],[20,-18],[82,-9],[73,152]],[[23952,49491],[14,60],[21,0],[9,-55]],[[27971,32685],[0,-75],[15,-38],[-5,-96],[-12,-81],[-13,17],[-7,-115],[-21,2]],[[23938,49772],[0,170],[58,-2]],[[23780,52074],[-4,-165]],[[23147,53806],[144,-1]],[[23291,53805],[106,2]],[[23397,53807],[0,-332],[2,-331]],[[28227,30983],[-14,-29],[-26,15],[-12,44],[-16,-35],[-24,28]],[[28419,42211],[21,32],[25,5],[5,116],[18,-19]],[[28292,42992],[0,122]],[[25188,48262],[1,662],[37,0]],[[23996,50489],[0,-219]],[[23393,54303],[4,-166],[0,-330]],[[23291,53805],[-1,664]],[[27252,32162],[-3,54],[3,104],[-3,84],[4,140]],[[22469,54636],[0,-497]],[[22599,52149],[-175,0],[-95,1]],[[21996,55132],[0,332],[-11,0],[0,666],[-11,0],[0,331]],[[22824,50272],[0,-278]],[[22749,49993],[-136,3]],[[25106,28241],[0,29],[29,0],[0,110],[59,-2]],[[24712,28877],[0,361],[14,-1],[0,309]],[[26862,39325],[1,28],[30,-10],[1,85],[34,-11],[1,112],[33,-12]],[[26985,39000],[-62,23],[-1,-51],[-33,13],[0,-28],[-31,13]],[[26858,38970],[2,191]],[[26670,41483],[-21,28],[0,222],[-5,1]],[[27321,42057],[0,-164]],[[25291,36849],[61,1]],[[25369,36156],[-6,27],[-73,5]],[[25646,41578],[0,-331]],[[25526,41083],[0,28]],[[25026,26025],[0,-673]],[[25140,26026],[0,-673]],[[26684,38988],[29,264]],[[26858,38970],[-4,-305]],[[26689,38645],[3,68],[-11,31],[3,244]],[[26605,39635],[112,-41]],[[26684,38988],[-61,2]],[[20924,51385],[0,121]],[[26010,43527],[36,0]],[[26046,43527],[2,-449]],[[25935,42911],[0,82]],[[26176,43084],[109,7]],[[26430,28066],[6,-31],[-1,-157],[-5,-30],[-3,-185],[-17,0],[0,-159]],[[26474,27219],[23,-1]],[[24456,37695],[16,10],[23,-117],[0,-41],[27,-45],[15,22],[13,-31],[5,-52],[13,-35]],[[24456,36762],[1,232],[-1,701]],[[26207,46781],[-133,4]],[[26074,46785],[0,662]],[[19427,51696],[-1,-162],[-24,-2],[1,-169],[-12,1],[-5,-166],[1,-333],[-34,0],[0,-83],[-35,1],[0,-83],[-34,0],[0,-331],[-37,0],[0,-337]],[[21010,29891],[-1,-575],[194,-1]],[[21073,27919],[0,166],[-58,-2],[1,311],[-35,-1],[0,501],[-29,1]],[[24442,37715],[14,-20]],[[24383,36655],[-4,0],[0,257]],[[21977,43490],[4,0]],[[19899,29840],[0,-607],[2,0],[0,-827],[1,-166],[0,-499]],[[26046,43527],[103,2]],[[26175,43528],[1,-444]],[[23862,45718],[1,661]],[[23715,31052],[0,33],[30,-3],[1,170],[30,-11],[1,212],[14,-109],[13,15]],[[25989,41416],[-21,-1],[-1,664]],[[25600,30184],[-5,29],[18,81],[1,348]],[[18563,47087],[0,-384],[116,-1],[17,-28],[0,-83],[61,-1],[0,-160],[66,-1],[-1,-499]],[[21762,26775],[13,-10],[93,-3]],[[25168,26691],[-28,1]],[[22247,34112],[13,-66],[31,-3],[15,-118],[7,-11],[10,-139],[18,-83],[0,-176]],[[3837,93609],[-80,99],[-59,44],[-30,64],[-17,109],[-54,138],[-48,69],[-50,47],[-65,28],[125,148],[19,72],[0,97],[19,86],[12,440],[-10,162],[185,-47],[77,18],[300,141],[83,123],[24,73],[40,73],[35,101],[25,116],[32,100],[36,149],[21,188],[2,417],[33,310],[13,63],[78,273],[62,281],[39,133],[127,258],[121,-65],[44,3],[65,60],[78,108],[65,119],[93,224],[30,105],[84,212],[41,122],[93,106],[33,-6],[3,-57],[-44,-24],[0,-45],[41,-41],[57,9],[12,61],[79,-21],[93,65],[33,-4],[51,26],[73,85],[74,139],[61,159],[90,343],[42,143],[67,125],[10,-108],[127,-109],[-3,-32],[38,-68],[58,12],[49,-58],[15,-126],[-8,-67],[-47,-98],[-5,-51],[-75,-64],[21,-175],[13,-54],[48,10],[27,-20],[33,62],[-6,165],[40,99],[31,40],[0,114],[29,59],[22,88],[88,-158],[53,-152],[-14,-88],[9,-213],[67,-3],[25,-28],[20,-91],[51,95],[16,111],[52,24],[58,-10],[40,14],[42,53],[59,-15],[33,-40],[15,-74],[25,58],[55,-1],[99,-104],[9,-50],[-31,-40],[-21,-123],[-27,-46],[15,-153],[67,-48],[-63,-24],[-7,-38],[59,-25],[47,11],[20,37],[70,-43],[-28,-108],[-23,-19],[11,-85],[85,16],[76,-73],[14,-54],[28,10],[55,156],[45,7],[75,38],[29,-45],[15,-96],[46,48],[24,-10],[68,156],[24,-47],[18,35],[37,-17],[32,39],[113,-100],[33,-83],[43,-35],[20,19],[37,-28],[31,-74],[-3,-64],[36,-42],[27,56],[21,-75],[21,93],[25,-65],[21,-7],[45,-168],[68,-22],[42,-36],[28,17],[31,-79],[51,1],[39,53],[53,-13],[38,22],[64,-16],[101,-86],[22,57],[64,-148],[41,-47],[10,-47],[48,-42],[24,-42],[78,-53],[19,36],[55,-30],[50,131],[45,9],[12,34],[133,127],[63,38],[28,-37],[48,54],[77,-131],[64,-72],[76,-144],[-4,-32],[58,-81],[45,-90],[51,-79],[59,-57],[47,-80],[35,-94],[7,-83],[17,-50],[32,-4],[14,100],[56,-69],[0,-686],[0,-770],[-1,-732]],[[24721,52689],[24,82],[7,-12],[39,82],[38,53],[40,175]],[[25118,51796],[-28,78],[-112,149],[-121,159]],[[22343,29143],[-14,10],[-11,-37],[-10,25],[-12,-18],[-19,24],[-5,236]],[[25362,51461],[11,-110],[-16,-78],[11,-71],[10,-10]],[[25276,51081],[-70,1],[1,492],[-3,63]],[[18762,51226],[-11,44],[-17,12],[-6,53],[-16,-17],[-11,23],[-22,-34],[-9,-132],[-15,-44]],[[26530,27679],[-14,-70],[-28,-202],[-8,-7]],[[23039,46846],[112,-1]],[[23204,46845],[0,-462]],[[25993,27783],[-5,-42],[24,-14],[5,55],[34,-5]],[[25941,47447],[0,-664]],[[25823,46793],[-21,276],[2,115],[19,131],[9,139]],[[28622,35244],[-8,-89],[23,-187],[-15,-7],[-25,-41]],[[24043,51093],[-5,-21],[-5,-140]],[[26885,37981],[-4,-193],[-9,4],[-3,-139],[-16,5],[0,-67],[7,-91],[-21,-50]],[[25206,50426],[69,-3]],[[25461,49641],[-14,-24],[-9,-68],[3,-44],[-9,-101],[-8,-25],[-11,-121],[-10,-50],[-5,-118]],[[25397,49089],[-1,0]],[[25216,49928],[1,167],[-12,0],[1,331]],[[24797,38267],[124,-1]],[[23337,42385],[0,-492]],[[23337,41893],[-119,0]],[[24825,51576],[0,-162]],[[24825,50762],[0,-330]],[[27150,39708],[-105,30]],[[22435,31529],[-207,2]],[[15805,36101],[0,-4]],[[15782,35806],[-4,138],[14,46],[16,8],[14,-153],[-10,-39]],[[15830,35945],[-1,11]],[[25140,26026],[146,2]],[[25274,25360],[-134,-7]],[[26390,40021],[-16,-2]],[[25863,38251],[-101,3]],[[26602,44808],[-78,-13],[-52,0]],[[26470,44796],[-1,226],[-4,445]],[[22590,25991],[-1,-90]],[[24950,36277],[1,503]],[[25452,46927],[-3,-152],[-18,-145],[-12,-260],[5,-112]],[[26325,28887],[67,-9]],[[26661,24465],[-7,170]],[[27601,15340],[14,-332],[-2,-370],[-11,-536]],[[3957,83360],[28,-3],[8,-100],[-18,-15],[-17,50],[-1,68]],[[3906,80050],[-15,53],[-3,65],[21,62],[26,-9],[3,82],[-30,47],[-50,196],[-27,-195],[-40,21],[-16,37],[-12,227],[13,85],[-79,105],[-13,118],[1,56],[42,72],[2,79],[-15,61],[-36,46],[-56,-71],[-11,143],[4,83],[33,4],[78,73],[-25,44],[-39,37],[-27,146],[1,37],[48,27],[15,-13],[71,58],[-19,79],[-20,174],[-1,102],[28,233],[8,11],[56,260],[63,322],[40,120],[32,-14],[25,39],[1,41],[22,41],[-15,109],[-12,265],[23,298],[22,124],[14,38],[27,-6],[8,45],[-15,143],[48,173],[25,51],[40,30],[36,7],[51,-82],[37,-41],[38,-123],[19,3],[12,-66],[18,-31],[21,-105],[15,22],[52,20],[18,23],[19,89],[35,85],[7,99],[43,37],[23,90]],[[24327,44556],[65,-5]],[[24457,44551],[0,-665]],[[24457,43720],[-130,3]],[[25206,50426],[-70,0],[1,165],[-34,-1]],[[25103,51411],[-1,166],[32,0],[1,174]],[[26648,24152],[-41,5],[0,-54]],[[26074,46453],[0,332]],[[25882,39476],[83,9]],[[13119,70780],[13,35],[8,-97],[-11,-53],[-10,115]],[[12979,71407],[19,103],[25,-67],[-25,-96],[-19,60]],[[13103,72367],[-2,-31],[70,-129],[-8,-100],[11,-97],[7,-197],[71,24],[31,-113],[83,-197],[24,-83]],[[13080,69973],[-10,209],[12,-8],[2,122],[31,12],[-6,78],[13,61],[-6,79],[8,68],[21,17],[3,57],[-7,121],[2,211],[41,35],[-13,74],[-19,-71],[-21,-19],[-3,-95],[-13,-32],[-14,95],[-16,-15],[23,-105],[-16,-38],[-20,-6],[20,-137],[6,-131],[-40,-28],[-11,-69],[3,-50],[-18,-23],[-8,64],[10,84],[-22,49],[1,125],[-15,85],[-16,-14],[-10,41],[-15,-87],[-23,213],[8,43],[-6,92],[12,49],[20,-3],[8,110],[12,80],[26,27],[16,-84],[-5,-135],[19,-4],[-10,90],[7,112],[-7,61],[8,44],[-13,91],[-3,74],[39,-65],[4,-99],[17,4],[-9,109],[-42,135],[-2,128],[-31,16],[-24,49],[9,130],[-7,35]],[[12837,71348],[19,141],[14,45],[23,7],[12,-29],[22,31],[22,-30],[13,-102],[-15,-73],[5,-138],[-19,-41],[-41,-46],[-22,109],[-31,79],[-2,47]],[[26962,15293],[-20,219],[-9,153],[-12,166],[-12,79],[-2,55],[-20,174]],[[22352,21378],[93,1]],[[23171,31196],[0,166]],[[24723,30461],[3,466],[-29,-8]],[[15333,48326],[8,293],[0,134],[7,301],[0,146],[-4,119],[11,196],[7,275]],[[24327,43723],[-1,-334],[2,-334]],[[23144,48173],[-1,660],[-3,167]],[[22784,43497],[0,663]],[[20263,29576],[-11,-5],[-13,38],[-74,142],[-31,92],[-89,-2]],[[25290,35599],[0,587]],[[26024,34154],[-19,-38],[-47,-188]],[[22468,39350],[0,829]],[[30827,48092],[14,72],[19,-69],[-16,-75],[-17,72]],[[30763,48223],[19,90],[15,-49],[12,-74],[-21,-91],[-19,-1],[-6,125]],[[30972,48701],[3,-120],[-30,-120],[0,78],[-10,25],[0,126],[-16,5],[-13,44],[-7,-40],[-14,-2],[0,-73],[13,0],[14,-89],[6,-79],[-4,-72],[-10,-33],[-27,-4],[9,-80],[-6,-34],[-26,49],[-7,85],[9,148],[11,31],[-7,78],[-14,-37],[2,124],[-11,22],[2,-134],[-30,-49],[6,-75],[-6,-90],[13,-93],[-8,-29],[-24,81],[-15,20],[-14,69],[-16,-48],[-9,8],[5,118],[-2,98],[11,114],[-7,76]],[[28051,46600],[80,-1],[20,9],[31,-20]],[[25843,48139],[34,317],[6,145],[-1,118],[4,67]],[[25284,21818],[-15,-28],[-1,-48],[-14,-18],[-6,43],[-39,37],[-10,-35],[-13,8],[-17,89],[-17,48]],[[26605,23650],[40,-6]],[[24424,42888],[32,-1]],[[23807,32109],[-59,11],[0,-28]],[[20018,24514],[-96,0],[-158,0]],[[24997,49931],[0,664]],[[23426,37105],[-123,1]],[[22010,38520],[151,1]],[[26341,45454],[1,-663]],[[22457,34454],[-127,1]],[[20642,57327],[114,0],[167,1]],[[30068,43434],[-8,-95],[-14,-2],[4,83],[-18,80]],[[12380,74919],[4,-130],[45,42],[32,-25],[28,-49],[40,25]],[[12364,74646],[-2,26]],[[12489,76319],[-4,-76],[21,-119],[80,-179],[37,-72],[37,-223],[42,-170],[50,-177],[-24,-81],[33,-213],[47,-240]],[[12698,74252],[-16,-72]],[[12663,74086],[-8,25],[-16,141],[-19,104],[5,65],[-26,32],[-35,168],[-10,218],[9,74],[-7,103],[32,72],[-21,161],[-5,-131],[-25,-98],[13,-71],[-13,-84],[-10,15],[-26,-33],[-57,74],[-30,0],[-28,135],[11,34],[2,111],[-24,-5],[-9,85],[-10,156],[-41,221],[-13,114],[13,48],[3,152],[-15,60],[-8,-99],[-14,4],[-20,127],[-9,188],[-1,87]]],"transform":{"scale":[0.003589242222422224,0.0005246538765387654],"translate":[-179.146711,18.92245]},"objects":{"in":{"type":"GeometryCollection","geometries":[{"arcs":[[0,1,2,3,4,5,6]],"type":"Polygon","properties":{"geoid":"01003","name":"Baldwin"},"id":"01003"},{"arcs":[[7,8,9,10,11,12]],"type":"Polygon","properties":{"geoid":"01069","name":"Houston"},"id":"01069"},{"arcs":[[13,14,15,16,17,18,19,20]],"type":"Polygon","properties":{"geoid":"01005","name":"Barbour"},"id":"01005"},{"arcs":[[21,22,23,24,25,26,27]],"type":"Polygon","properties":{"geoid":"01119","name":"Sumter"},"id":"01119"},{"arcs":[[28,29,30,31,32,33,34]],"type":"Polygon","properties":{"geoid":"05091","name":"Miller"},"id":"05091"},{"arcs":[[35,36,37,38]],"type":"Polygon","properties":{"geoid":"05133","name":"Sevier"},"id":"05133"},{"arcs":[[39,40,41,42,43,44,45,46,47,48]],"type":"Polygon","properties":{"geoid":"05093","name":"Mississippi"},"id":"05093"},{"arcs":[[[49]],[[50]],[[51,52,53,54,55]]],"type":"MultiPolygon","properties":{"geoid":"06037","name":"Los Angeles"},"id":"06037"},{"arcs":[[56,57,58,59,60]],"type":"Polygon","properties":{"geoid":"06087","name":"Santa Cruz"},"id":"06087"},{"arcs":[[61,62,63,64,65,66,67]],"type":"Polygon","properties":{"geoid":"06097","name":"Sonoma"},"id":"06097"},{"arcs":[[68,69,70,71,72]],"type":"Polygon","properties":{"geoid":"06013","name":"Contra Costa"},"id":"06013"},{"arcs":[[73,74,75,76,77,78]],"type":"Polygon","properties":{"geoid":"06003","name":"Alpine"},"id":"06003"},{"arcs":[[79,80,81,82,83]],"type":"Polygon","properties":{"geoid":"08067","name":"La Plata"},"id":"08067"},{"arcs":[[84,85,86,87,88]],"type":"Polygon","properties":{"geoid":"08113","name":"San Miguel"},"id":"08113"},{"arcs":[[89,90,91,92,93,94]],"type":"Polygon","properties":{"geoid":"10001","name":"Kent"},"id":"10001"},{"arcs":[[95,96,97,98,99]],"type":"Polygon","properties":{"geoid":"12123","name":"Taylor"},"id":"12123"},{"arcs":[[100,101,102,103,104]],"type":"Polygon","properties":{"geoid":"12017","name":"Citrus"},"id":"12017"},{"arcs":[[[105,106,107,108]],[[109]],[[110,111]]],"type":"MultiPolygon","properties":{"geoid":"12071","name":"Lee"},"id":"12071"},{"arcs":[[112,113,114,115,116,117]],"type":"Polygon","properties":{"geoid":"12101","name":"Pasco"},"id":"12101"},{"arcs":[[120,121,122,-6]],"type":"Polygon","properties":{"geoid":"12033","name":"Escambia"},"id":"12033"},{"arcs":[[[123,124,125,126]],[[127]]],"type":"MultiPolygon","properties":{"geoid":"12037","name":"Franklin"},"id":"12037"},{"arcs":[[128,129,130]],"type":"Polygon","properties":{"geoid":"02090","name":"Fairbanks North Star"},"id":"02090"},{"arcs":[[131,132,133,134,-100,135,136]],"type":"Polygon","properties":{"geoid":"12065","name":"Jefferson"},"id":"12065"},{"arcs":[[137,138,139,140,141,142,143,144]],"type":"Polygon","properties":{"geoid":"13185","name":"Lowndes"},"id":"13185"},{"arcs":[[145,146,147,148,149]],"type":"Polygon","properties":{"geoid":"13127","name":"Glynn"},"id":"13127"},{"arcs":[[150,151,152,153]],"type":"Polygon","properties":{"geoid":"13051","name":"Chatham"},"id":"13051"},{"arcs":[[154,155,156,157,158,159]],"type":"Polygon","properties":{"geoid":"13179","name":"Liberty"},"id":"13179"},{"arcs":[[160,161,162,163,164]],"type":"Polygon","properties":{"geoid":"13073","name":"Columbia"},"id":"13073"},{"arcs":[[165,166,167,168,169,170,171]],"type":"Polygon","properties":{"geoid":"13137","name":"Habersham"},"id":"13137"},{"arcs":[[172,173,174,175,176]],"type":"Polygon","properties":{"geoid":"16041","name":"Franklin"},"id":"16041"},{"arcs":[[177,178,179,180,181]],"type":"Polygon","properties":{"geoid":"16033","name":"Clark"},"id":"16033"},{"arcs":[[182,183,184,185,186,187,188]],"type":"Polygon","properties":{"geoid":"16079","name":"Shoshone"},"id":"16079"},{"arcs":[[189,190,191,192,193,194,195]],"type":"Polygon","properties":{"geoid":"17031","name":"Cook"},"id":"17031"},{"arcs":[[196,197,198,199,200,201,202]],"type":"Polygon","properties":{"geoid":"16073","name":"Owyhee"},"id":"16073"},{"arcs":[[203,-185,204,205,206,207,208]],"type":"Polygon","properties":{"geoid":"16035","name":"Clearwater"},"id":"16035"},{"arcs":[[209,210,211,212,213,214]],"type":"Polygon","properties":{"geoid":"18123","name":"Perry"},"id":"18123"},{"arcs":[[215,216,217,218,219,220,221]],"type":"Polygon","properties":{"geoid":"18075","name":"Jay"},"id":"18075"},{"arcs":[[222,223,224,225,226,227,228]],"type":"Polygon","properties":{"geoid":"19045","name":"Clinton"},"id":"19045"},{"arcs":[[229,230,231,232,233,234,235]],"type":"Polygon","properties":{"geoid":"04009","name":"Graham"},"id":"04009"},{"arcs":[[236,237,238,239,240]],"type":"Polygon","properties":{"geoid":"19195","name":"Worth"},"id":"19195"},{"arcs":[[241,242,243,244,245,246]],"type":"Polygon","properties":{"geoid":"20199","name":"Wallace"},"id":"20199"},{"arcs":[[247,248,249,250,251,252]],"type":"Polygon","properties":{"geoid":"01117","name":"Shelby"},"id":"01117"},{"arcs":[[253,254,255,256,257,258]],"type":"Polygon","properties":{"geoid":"01055","name":"Etowah"},"id":"01055"},{"arcs":[[259,260,261,262,263,264]],"type":"Polygon","properties":{"geoid":"01051","name":"Elmore"},"id":"01051"},{"arcs":[[265,266,267,268,-4,269]],"type":"Polygon","properties":{"geoid":"01099","name":"Monroe"},"id":"01099"},{"arcs":[[270,271,272,273,274,275]],"type":"Polygon","properties":{"geoid":"21095","name":"Harlan"},"id":"21095"},{"arcs":[[278,279,280,281]],"type":"Polygon","properties":{"geoid":"22075","name":"Plaquemines"},"id":"22075"},{"arcs":[[282,283,284,285,286,287]],"type":"Polygon","properties":{"geoid":"22117","name":"Washington"},"id":"22117"},{"arcs":[[288,-33,289,290,291,292,293,294]],"type":"Polygon","properties":{"geoid":"22017","name":"Caddo"},"id":"22017"},{"arcs":[[295,296,297,-268]],"type":"Polygon","properties":{"geoid":"01035","name":"Conecuh"},"id":"01035"},{"arcs":[[298,299,300,301,302,303]],"type":"Polygon","properties":{"geoid":"01085","name":"Lowndes"},"id":"01085"},{"arcs":[[304,305,306,307,308]],"type":"Polygon","properties":{"geoid":"23015","name":"Lincoln"},"id":"23015"},{"arcs":[[309,310,311,312,313,314,315]],"type":"Polygon","properties":{"geoid":"23017","name":"Oxford"},"id":"23017"},{"arcs":[[316,317,318,319,320,321,322]],"type":"Polygon","properties":{"geoid":"24005","name":"Baltimore"},"id":"24005"},{"arcs":[[323,324,325,-318,326]],"type":"Polygon","properties":{"geoid":"24025","name":"Harford"},"id":"24025"},{"arcs":[[327,328,329,330]],"type":"Polygon","properties":{"geoid":"24041","name":"Talbot"},"id":"24041"},{"arcs":[[331,332,333,334,335,-325]],"type":"Polygon","properties":{"geoid":"24015","name":"Cecil"},"id":"24015"},{"arcs":[[336,337,338,339,340]],"type":"Polygon","properties":{"geoid":"25009","name":"Essex"},"id":"25009"},{"arcs":[[341,342,343,344,345,346,347]],"type":"Polygon","properties":{"geoid":"25005","name":"Bristol"},"id":"25005"},{"arcs":[[[348,349]],[[352,353,354,355,-342,356,357]]],"type":"MultiPolygon","properties":{"geoid":"25021","name":"Norfolk"},"id":"25021"},{"arcs":[[358,359,360,361,362]],"type":"Polygon","properties":{"geoid":"26041","name":"Delta"},"id":"26041"},{"arcs":[[363,364,365,366,367,368]],"type":"Polygon","properties":{"geoid":"26055","name":"Grand Traverse"},"id":"26055"},{"arcs":[[369,370,371,372]],"type":"Polygon","properties":{"geoid":"26007","name":"Alpena"},"id":"26007"},{"arcs":[[373,374,375,-359,376,377,378]],"type":"Polygon","properties":{"geoid":"26103","name":"Marquette"},"id":"26103"},{"arcs":[[379,380,381,382]],"type":"Polygon","properties":{"geoid":"26147","name":"St. Clair"},"id":"26147"},{"arcs":[[383,384,-379,385,386,387,388,389,390]],"type":"Polygon","properties":{"geoid":"26071","name":"Iron"},"id":"26071"},{"arcs":[[391,392,393,394,395,396]],"type":"Polygon","properties":{"geoid":"27027","name":"Clay"},"id":"27027"},{"arcs":[[397,398,399,400,401,402]],"type":"Polygon","properties":{"geoid":"27091","name":"Martin"},"id":"27091"},{"arcs":[[403,404,405,406,407]],"type":"Polygon","properties":{"geoid":"28033","name":"DeSoto"},"id":"28033"},{"arcs":[[408,409,410,411,412,413]],"type":"Polygon","properties":{"geoid":"28157","name":"Wilkinson"},"id":"28157"},{"arcs":[[414,415,416,417,418]],"type":"Polygon","properties":{"geoid":"29113","name":"Lincoln"},"id":"29113"},{"arcs":[[419,420,421,422,-179,423,424]],"type":"Polygon","properties":{"geoid":"30001","name":"Beaverhead"},"id":"30001"},{"arcs":[[425,426,427,428,429,430]],"type":"Polygon","properties":{"geoid":"30105","name":"Valley"},"id":"30105"},{"arcs":[[431,432,433,434,435,436,437]],"type":"Polygon","properties":{"geoid":"31033","name":"Cheyenne"},"id":"31033"},{"arcs":[[438,439,440,441,-435]],"type":"Polygon","properties":{"geoid":"31049","name":"Deuel"},"id":"31049"},{"arcs":[[442,443,444,445,446,447,448]],"type":"Polygon","properties":{"geoid":"34015","name":"Gloucester"},"id":"34015"},{"arcs":[[449,450,451,452,453]],"type":"Polygon","properties":{"geoid":"36013","name":"Chautauqua"},"id":"36013"},{"arcs":[[454,455,456,457]],"type":"Polygon","properties":{"geoid":"36045","name":"Jefferson"},"id":"36045"},{"arcs":[[458,459,460,461]],"type":"Polygon","properties":{"geoid":"36059","name":"Nassau"},"id":"36059"},{"arcs":[[462,463,464,465,466]],"type":"Polygon","properties":{"geoid":"37133","name":"Onslow"},"id":"37133"},{"arcs":[[467,468,469,470,471]],"type":"Polygon","properties":{"geoid":"37009","name":"Ashe"},"id":"37009"},{"arcs":[[472,473,474,475,476]],"type":"Polygon","properties":{"geoid":"37169","name":"Stokes"},"id":"37169"},{"arcs":[[477,478,479,480,481,482]],"type":"Polygon","properties":{"geoid":"37053","name":"Currituck"},"id":"37053"},{"arcs":[[483,484,485,486,487,488]],"type":"Polygon","properties":{"geoid":"37173","name":"Swain"},"id":"37173"},{"arcs":[[489,490,491,492,493,494,495]],"type":"Polygon","properties":{"geoid":"37131","name":"Northampton"},"id":"37131"},{"arcs":[[496,497,498,499,500,501]],"type":"Polygon","properties":{"geoid":"38035","name":"Grand Forks"},"id":"38035"},{"arcs":[[502,503,504,505,506]],"type":"Polygon","properties":{"geoid":"38067","name":"Pembina"},"id":"38067"},{"arcs":[[507,508,509,510]],"type":"Polygon","properties":{"geoid":"39123","name":"Ottawa"},"id":"39123"},{"arcs":[[511,512,513,514,515,516]],"type":"Polygon","properties":{"geoid":"45051","name":"Horry"},"id":"45051"},{"arcs":[[-129,517,518,519,520,521]],"type":"Polygon","properties":{"geoid":"02240","name":"Southeast Fairbanks"},"id":"02240"},{"arcs":[[522,523,524,525,526,527,528,529]],"type":"Polygon","properties":{"geoid":"40079","name":"Le Flore"},"id":"40079"},{"arcs":[[530,531,532,533,534,535]],"type":"Polygon","properties":{"geoid":"40023","name":"Choctaw"},"id":"40023"},{"arcs":[[536,537,538,539,540,541,542]],"type":"Polygon","properties":{"geoid":"40113","name":"Osage"},"id":"40113"},{"arcs":[[543,544,545,546,547]],"type":"Polygon","properties":{"geoid":"41015","name":"Curry"},"id":"41015"},{"arcs":[[548,549,550,551,-203,552,553,554]],"type":"Polygon","properties":{"geoid":"41045","name":"Malheur"},"id":"41045"},{"arcs":[[555,556,557,558,-549,559]],"type":"Polygon","properties":{"geoid":"41001","name":"Baker"},"id":"41001"},{"arcs":[[560,561,562,563,564,565]],"type":"Polygon","properties":{"geoid":"42111","name":"Somerset"},"id":"42111"},{"arcs":[[566,567,568,-327,-317,569,570]],"type":"Polygon","properties":{"geoid":"42133","name":"York"},"id":"42133"},{"arcs":[[571,572,573,574,575,576,577]],"type":"Polygon","properties":{"geoid":"45003","name":"Aiken"},"id":"45003"},{"arcs":[[578,579,580,581,582,583,584]],"type":"Polygon","properties":{"geoid":"45091","name":"York"},"id":"45091"},{"arcs":[[585,586,587,588,589,590,591]],"type":"Polygon","properties":{"geoid":"46127","name":"Union"},"id":"46127"},{"arcs":[[592,593,594,595]],"type":"Polygon","properties":{"geoid":"46009","name":"Bon Homme"},"id":"46009"},{"arcs":[[596,597,598,599,600,601]],"type":"Polygon","properties":{"geoid":"46089","name":"McPherson"},"id":"46089"},{"arcs":[[602,603,604,605,606,607,608,609,610,611]],"type":"Polygon","properties":{"geoid":"47065","name":"Hamilton"},"id":"47065"},{"arcs":[[612,613,614,615,616,617]],"type":"Polygon","properties":{"geoid":"47059","name":"Greene"},"id":"47059"},{"arcs":[[618,619,620,-472,621,622,623]],"type":"Polygon","properties":{"geoid":"47091","name":"Johnson"},"id":"47091"},{"arcs":[[[624,625]],[[626,627,628]],[[633,634]],[[635,636,637,638]]],"type":"MultiPolygon","properties":{"geoid":"48355","name":"Nueces"},"id":"48355"},{"arcs":[[639,640,641,642,643,644]],"type":"Polygon","properties":{"geoid":"48215","name":"Hidalgo"},"id":"48215"},{"arcs":[[-643,647,648]],"type":"Polygon","properties":{"geoid":"48061","name":"Cameron"},"id":"48061"},{"arcs":[[649,650,651,652,653,654,655]],"type":"Polygon","properties":{"geoid":"48479","name":"Webb"},"id":"48479"},{"arcs":[[[656,657]],[[658,659,660,661,662,663,664,665,666]]],"type":"MultiPolygon","properties":{"geoid":"48057","name":"Calhoun"},"id":"48057"},{"arcs":[[667,668,669,-650,670]],"type":"Polygon","properties":{"geoid":"48323","name":"Maverick"},"id":"48323"},{"arcs":[[671,672,673,674,675,676]],"type":"Polygon","properties":{"geoid":"48465","name":"Val Verde"},"id":"48465"},{"arcs":[[677,678,679,680,681,682]],"type":"Polygon","properties":{"geoid":"48039","name":"Brazoria"},"id":"48039"},{"arcs":[[683,684,685,686,687]],"type":"Polygon","properties":{"geoid":"48229","name":"Hudspeth"},"id":"48229"},{"arcs":[[688,689,-294,690,691,692]],"type":"Polygon","properties":{"geoid":"48203","name":"Harrison"},"id":"48203"},{"arcs":[[-533,693,694,695,696,697,698,699]],"type":"Polygon","properties":{"geoid":"48387","name":"Red River"},"id":"48387"},{"arcs":[[700,701,-295,-690,702]],"type":"Polygon","properties":{"geoid":"48315","name":"Marion"},"id":"48315"},{"arcs":[[703,704,705,706,707,708,709]],"type":"Polygon","properties":{"geoid":"49045","name":"Tooele"},"id":"49045"},{"arcs":[[-709,710,711,712,713]],"type":"Polygon","properties":{"geoid":"49023","name":"Juab"},"id":"49023"},{"arcs":[[714,715,716,717,718]],"type":"Polygon","properties":{"geoid":"51001","name":"Accomack"},"id":"51001"},{"arcs":[[721,722,723,724,725,726,727,728,729]],"type":"Polygon","properties":{"geoid":"51095","name":"James City"},"id":"51095"},{"arcs":[[-718,730]],"type":"Polygon","properties":{"geoid":"51131","name":"Northampton"},"id":"51131"},{"arcs":[[731,732,733,734,735,736,737]],"type":"Polygon","properties":{"geoid":"51057","name":"Essex"},"id":"51057"},{"arcs":[[738,739,740,741,742,743,744,745]],"type":"Polygon","properties":{"geoid":"51107","name":"Loudoun"},"id":"51107"},{"arcs":[[746,747,748,749,750,751,752]],"type":"Polygon","properties":{"geoid":"51083","name":"Halifax"},"id":"51083"},{"arcs":[[753,754,755,756,757]],"type":"Polygon","properties":{"geoid":"53067","name":"Thurston"},"id":"53067"},{"arcs":[[[758,759]],[[760]]],"type":"MultiPolygon","properties":{"geoid":"53029","name":"Island"},"id":"53029"},{"arcs":[[761,762,763,764,765]],"type":"Polygon","properties":{"geoid":"54047","name":"McDowell"},"id":"54047"},{"arcs":[[766,767,768,769,770,771]],"type":"Polygon","properties":{"geoid":"54011","name":"Cabell"},"id":"54011"},{"arcs":[[772,773,774,775]],"type":"Polygon","properties":{"geoid":"54073","name":"Pleasants"},"id":"54073"},{"arcs":[[776,-739,777,778]],"type":"Polygon","properties":{"geoid":"54037","name":"Jefferson"},"id":"54037"},{"arcs":[[779,780,781,782,783]],"type":"Polygon","properties":{"geoid":"54065","name":"Morgan"},"id":"54065"},{"arcs":[[784,785,786,787,788,789]],"type":"Polygon","properties":{"geoid":"17125","name":"Mason"},"id":"17125"},{"arcs":[[790,-779,791,-781]],"type":"Polygon","properties":{"geoid":"54003","name":"Berkeley"},"id":"54003"},{"arcs":[[792,793,794,795,796]],"type":"Polygon","properties":{"geoid":"17007","name":"Boone"},"id":"17007"},{"arcs":[[797,798,799,800,801]],"type":"Polygon","properties":{"geoid":"55011","name":"Buffalo"},"id":"55011"},{"arcs":[[802,803,804,805,-799]],"type":"Polygon","properties":{"geoid":"55121","name":"Trempealeau"},"id":"55121"},{"arcs":[[806,807,808,809,810,811]],"type":"Polygon","properties":{"geoid":"55075","name":"Marinette"},"id":"55075"},{"arcs":[[812,813,814,815,816,817,818,819]],"type":"Polygon","properties":{"geoid":"56029","name":"Park"},"id":"56029"},{"arcs":[[-819,820,821,822,823,824,825,826]],"type":"Polygon","properties":{"geoid":"56039","name":"Teton"},"id":"56039"},{"arcs":[[827,828,829,830]],"type":"Polygon","properties":{"geoid":"06057","name":"Nevada"},"id":"06057"},{"arcs":[[831,832,833,834,835,836]],"type":"Polygon","properties":{"geoid":"05085","name":"Lonoke"},"id":"05085"},{"arcs":[[837,838,839,840,841,842]],"type":"Polygon","properties":{"geoid":"05099","name":"Nevada"},"id":"05099"},{"arcs":[[843,844,845,846,847]],"type":"Polygon","properties":{"geoid":"05013","name":"Calhoun"},"id":"05013"},{"arcs":[[848,849,850,851,852,853]],"type":"Polygon","properties":{"geoid":"06007","name":"Butte"},"id":"06007"},{"arcs":[[854,855,856,857,858,859]],"type":"Polygon","properties":{"geoid":"06089","name":"Shasta"},"id":"06089"},{"arcs":[[860,861,862,863,864,865]],"type":"Polygon","properties":{"geoid":"06047","name":"Merced"},"id":"06047"},{"arcs":[[-78,866,867,868,869]],"type":"Polygon","properties":{"geoid":"06009","name":"Calaveras"},"id":"06009"},{"arcs":[[870,871,872,873,-63,874]],"type":"Polygon","properties":{"geoid":"06033","name":"Lake"},"id":"06033"},{"arcs":[[-850,875,876,-831,877,878]],"type":"Polygon","properties":{"geoid":"06115","name":"Yuba"},"id":"06115"},{"arcs":[[879,880,881,882,883]],"type":"Polygon","properties":{"geoid":"08035","name":"Douglas"},"id":"08035"},{"arcs":[[884,885,886,887,888]],"type":"Polygon","properties":{"geoid":"08019","name":"Clear Creek"},"id":"08019"},{"arcs":[[889,890,891,892,-885,893,894,895]],"type":"Polygon","properties":{"geoid":"08049","name":"Grand"},"id":"08049"},{"arcs":[[896,897,898]],"type":"Polygon","properties":{"geoid":"08029","name":"Delta"},"id":"08029"},{"arcs":[[899,900,901,-86,902]],"type":"Polygon","properties":{"geoid":"08091","name":"Ouray"},"id":"08091"},{"arcs":[[903,904,905,906,907,908]],"type":"Polygon","properties":{"geoid":"08055","name":"Huerfano"},"id":"08055"},{"arcs":[[-87,-902,909,-80,910]],"type":"Polygon","properties":{"geoid":"08111","name":"San Juan"},"id":"08111"},{"arcs":[[911,912,913,914,915]],"type":"Polygon","properties":{"geoid":"09140","name":"Naugatuck Valley"},"id":"09140"},{"arcs":[[916,917,918,919,920,921,922]],"type":"Polygon","properties":{"geoid":"12107","name":"Putnam"},"id":"12107"},{"arcs":[[923,924,925,-923,926,927,928]],"type":"Polygon","properties":{"geoid":"12001","name":"Alachua"},"id":"12001"},{"arcs":[[929,-137,930,-125,931]],"type":"Polygon","properties":{"geoid":"12129","name":"Wakulla"},"id":"12129"},{"arcs":[[932,933,934,935,-929,936,937]],"type":"Polygon","properties":{"geoid":"12041","name":"Gilchrist"},"id":"12041"},{"arcs":[[938,939,940,941,942]],"type":"Polygon","properties":{"geoid":"13089","name":"DeKalb"},"id":"13089"},{"arcs":[[943,944,945,946,947]],"type":"Polygon","properties":{"geoid":"13157","name":"Jackson"},"id":"13157"},{"arcs":[[948,949,-155,950,951,952,953]],"type":"Polygon","properties":{"geoid":"13267","name":"Tattnall"},"id":"13267"},{"arcs":[[954,955,956,957,958,959,960]],"type":"Polygon","properties":{"geoid":"13031","name":"Bulloch"},"id":"13031"},{"arcs":[[961,962,-138,963,964]],"type":"Polygon","properties":{"geoid":"13075","name":"Cook"},"id":"13075"},{"arcs":[[965,966,967,968,969]],"type":"Polygon","properties":{"geoid":"13289","name":"Twiggs"},"id":"13289"},{"arcs":[[970,971,972,973,974,975]],"type":"Polygon","properties":{"geoid":"13303","name":"Washington"},"id":"13303"},{"arcs":[[976,977,978,979,980,981]],"type":"Polygon","properties":{"geoid":"13301","name":"Warren"},"id":"13301"},{"arcs":[[982]],"type":"Polygon","properties":{"geoid":"15003","name":"Honolulu"},"id":"15003"},{"arcs":[[[983]],[[984]]],"type":"MultiPolygon","properties":{"geoid":"15007","name":"Kauai"},"id":"15007"},{"arcs":[[985,986,987,988,989,990]],"type":"Polygon","properties":{"geoid":"16085","name":"Valley"},"id":"16085"},{"arcs":[[991,-182,992,993,994,995]],"type":"Polygon","properties":{"geoid":"16023","name":"Butte"},"id":"16023"},{"arcs":[[996,997,998,999,1000]],"type":"Polygon","properties":{"geoid":"16077","name":"Power"},"id":"16077"},{"arcs":[[1001,1002,-790,1003,1004,1005]],"type":"Polygon","properties":{"geoid":"17017","name":"Cass"},"id":"17017"},{"arcs":[[1006,1007,-222,1008,1009,1010]],"type":"Polygon","properties":{"geoid":"18035","name":"Delaware"},"id":"18035"},{"arcs":[[1011,1012,1013,1014,1015]],"type":"Polygon","properties":{"geoid":"18013","name":"Brown"},"id":"18013"},{"arcs":[[1016,1017,1018,1019,1020]],"type":"Polygon","properties":{"geoid":"18027","name":"Daviess"},"id":"18027"},{"arcs":[[1021,1022,1023,1024]],"type":"Polygon","properties":{"geoid":"19041","name":"Clay"},"id":"19041"},{"arcs":[[1025,1026,1027,1028,1029,1030]],"type":"Polygon","properties":{"geoid":"20139","name":"Osage"},"id":"20139"},{"arcs":[[1031,1032,1033,1034,1035,1036]],"type":"Polygon","properties":{"geoid":"20097","name":"Kiowa"},"id":"20097"},{"arcs":[[1037,1038,1039,1040,1041]],"type":"Polygon","properties":{"geoid":"20069","name":"Gray"},"id":"20069"},{"arcs":[[1042,1043,1044,1045]],"type":"Polygon","properties":{"geoid":"20067","name":"Grant"},"id":"20067"},{"arcs":[[1046,1047,1048,1049,1050,1051,1052]],"type":"Polygon","properties":{"geoid":"21183","name":"Ohio"},"id":"21183"},{"arcs":[[1053,1054,1055,-272,1056,1057,1058]],"type":"Polygon","properties":{"geoid":"21193","name":"Perry"},"id":"21193"},{"arcs":[[1059,1060,1061,1062,1063]],"type":"Polygon","properties":{"geoid":"21115","name":"Johnson"},"id":"21115"},{"arcs":[[1064,1065,1066,1067,1068]],"type":"Polygon","properties":{"geoid":"21061","name":"Edmonson"},"id":"21061"},{"arcs":[[1069,1070,1071,1072,1073,1074]],"type":"Polygon","properties":{"geoid":"21167","name":"Mercer"},"id":"21167"},{"arcs":[[1075,1076,1077,1078,1079,1080]],"type":"Polygon","properties":{"geoid":"21237","name":"Wolfe"},"id":"21237"},{"arcs":[[1081,1082,1083,1084,1085,1086]],"type":"Polygon","properties":{"geoid":"22033","name":"East Baton Rouge"},"id":"22033"},{"arcs":[[[1087,1088,1089]],[[1090,1091,1092,1093,1094]]],"type":"MultiPolygon","properties":{"geoid":"22099","name":"St. Martin"},"id":"22099"},{"arcs":[[1095,1096,1097,1098,1099,1100]],"type":"Polygon","properties":{"geoid":"22025","name":"Catahoula"},"id":"22025"},{"arcs":[[1101,1102,1103,1104,1105,1106,1107,1108]],"type":"Polygon","properties":{"geoid":"22069","name":"Natchitoches"},"id":"22069"},{"arcs":[[1109,-309,1110,1111,1112]],"type":"Polygon","properties":{"geoid":"23023","name":"Sagadahoc"},"id":"23023"},{"arcs":[[1113,1114,1115,1116]],"type":"Polygon","properties":{"geoid":"26135","name":"Oscoda"},"id":"26135"},{"arcs":[[1117,1118,1119,1120,1121,1122]],"type":"Polygon","properties":{"geoid":"27097","name":"Morrison"},"id":"27097"},{"arcs":[[1123,1124,1125,1126,-399,1127,1128]],"type":"Polygon","properties":{"geoid":"27013","name":"Blue Earth"},"id":"27013"},{"arcs":[[1129,1130,1131,1132,1133]],"type":"Polygon","properties":{"geoid":"27147","name":"Steele"},"id":"27147"},{"arcs":[[1134,1135,1136,1137]],"type":"Polygon","properties":{"geoid":"27065","name":"Kanabec"},"id":"27065"},{"arcs":[[1138,1139,1140,-1129,1141,1142]],"type":"Polygon","properties":{"geoid":"27015","name":"Brown"},"id":"27015"},{"arcs":[[1143,1144,1145,1146,1147,1148,1149]],"type":"Polygon","properties":{"geoid":"28145","name":"Union"},"id":"28145"},{"arcs":[[1150,1151,1152,1153,1154,1155]],"type":"Polygon","properties":{"geoid":"28053","name":"Humphreys"},"id":"28053"},{"arcs":[[1156,1157,1158,1159,1160,1161,1162]],"type":"Polygon","properties":{"geoid":"29041","name":"Chariton"},"id":"29041"},{"arcs":[[1163,1164,1165,1166,1167,1168]],"type":"Polygon","properties":{"geoid":"29065","name":"Dent"},"id":"29065"},{"arcs":[[1169,1170,1171,1172,1173,1174]],"type":"Polygon","properties":{"geoid":"30077","name":"Powell"},"id":"30077"},{"arcs":[[1175,1176,1177,1178,-820,-827,1179,1180]],"type":"Polygon","properties":{"geoid":"30031","name":"Gallatin"},"id":"30031"},{"arcs":[[1181,1182,1183,1184,1185,-1178,1186,1187]],"type":"Polygon","properties":{"geoid":"30059","name":"Meagher"},"id":"30059"},{"arcs":[[1188,1189,1190,1191,1192,-183,1193]],"type":"Polygon","properties":{"geoid":"30089","name":"Sanders"},"id":"30089"},{"arcs":[[1194,-1187,-1177,1195]],"type":"Polygon","properties":{"geoid":"30007","name":"Broadwater"},"id":"30007"},{"arcs":[[-1173,1196,1197,-420,1198,1199]],"type":"Polygon","properties":{"geoid":"30023","name":"Deer Lodge"},"id":"30023"},{"arcs":[[1200,1201,1202,1203]],"type":"Polygon","properties":{"geoid":"31185","name":"York"},"id":"31185"},{"arcs":[[1204,1205,1206,1207,1208,1209,1210]],"type":"Polygon","properties":{"geoid":"34027","name":"Morris"},"id":"34027"},{"arcs":[[1211,1212,1213,1214,1215,1216]],"type":"Polygon","properties":{"geoid":"35033","name":"Mora"},"id":"35033"},{"arcs":[[1217,1218,1219,1220,1221,1222]],"type":"Polygon","properties":{"geoid":"36111","name":"Ulster"},"id":"36111"},{"arcs":[[1223,1224,1225,1226,1227,1228]],"type":"Polygon","properties":{"geoid":"36051","name":"Livingston"},"id":"36051"},{"arcs":[[1229,1230,1231,1232]],"type":"Polygon","properties":{"geoid":"36123","name":"Yates"},"id":"36123"},{"arcs":[[1233,1234,1235,1236,1237]],"type":"Polygon","properties":{"geoid":"37153","name":"Richmond"},"id":"37153"},{"arcs":[[1238,1239,1240,1241,1242,1243]],"type":"Polygon","properties":{"geoid":"37051","name":"Cumberland"},"id":"37051"},{"arcs":[[1244,1245,1246,1247,1248,-1240,1249]],"type":"Polygon","properties":{"geoid":"37085","name":"Harnett"},"id":"37085"},{"arcs":[[1250,1251,1252,1253,1254]],"type":"Polygon","properties":{"geoid":"37199","name":"Yancey"},"id":"37199"},{"arcs":[[1255,1256,1257,1258,1259]],"type":"Polygon","properties":{"geoid":"37065","name":"Edgecombe"},"id":"37065"},{"arcs":[[-470,1260,1261,1262,1263,1264,1265,1266]],"type":"Polygon","properties":{"geoid":"37193","name":"Wilkes"},"id":"37193"},{"arcs":[[1267,1268,1269,1270,1271,-1258]],"type":"Polygon","properties":{"geoid":"37117","name":"Martin"},"id":"37117"},{"arcs":[[1272,1273,1274,1275,-486]],"type":"Polygon","properties":{"geoid":"37099","name":"Jackson"},"id":"37099"},{"arcs":[[1276,1277,1278,1279,1280,1281]],"type":"Polygon","properties":{"geoid":"39075","name":"Holmes"},"id":"39075"},{"arcs":[[1282,1283,1284,1285,1286,1287]],"type":"Polygon","properties":{"geoid":"39069","name":"Henry"},"id":"39069"},{"arcs":[[1288,1289,1290,1291]],"type":"Polygon","properties":{"geoid":"40027","name":"Cleveland"},"id":"40027"},{"arcs":[[1292,1293,1294,1295,1296]],"type":"Polygon","properties":{"geoid":"40029","name":"Coal"},"id":"40029"},{"arcs":[[1297,1298,1299,1300,1301,1302,1303]],"type":"Polygon","properties":{"geoid":"40075","name":"Kiowa"},"id":"40075"},{"arcs":[[1304,1305,1306,1307,1308,1309,1310]],"type":"Polygon","properties":{"geoid":"41017","name":"Deschutes"},"id":"41017"},{"arcs":[[1311,1312,1313,1314,1315,1316]],"type":"Polygon","properties":{"geoid":"41047","name":"Marion"},"id":"41047"},{"arcs":[[1317,1318,1319,1320,1321,1322]],"type":"Polygon","properties":{"geoid":"42027","name":"Centre"},"id":"42027"},{"arcs":[[1323,1324,-567,1325,1326]],"type":"Polygon","properties":{"geoid":"42041","name":"Cumberland"},"id":"42041"},{"arcs":[[1327,1328,1329,1330,-1318,1331]],"type":"Polygon","properties":{"geoid":"42035","name":"Clinton"},"id":"42035"},{"arcs":[[1332,1333,1334,1335]],"type":"Polygon","properties":{"geoid":"42003","name":"Allegheny"},"id":"42003"},{"arcs":[[-1334,1336,1337,1338,1339,-561,1340,1341]],"type":"Polygon","properties":{"geoid":"42129","name":"Westmoreland"},"id":"42129"},{"arcs":[[1346,1347,1348,1349]],"type":"Polygon","properties":{"geoid":"45077","name":"Pickens"},"id":"45077"},{"arcs":[[1350,1351,1352,1353,1354,1355]],"type":"Polygon","properties":{"geoid":"45085","name":"Sumter"},"id":"45085"},{"arcs":[[1356,1357,1358,1359,-574,1360]],"type":"Polygon","properties":{"geoid":"45063","name":"Lexington"},"id":"45063"},{"arcs":[[1361,1362,1363,1364,-1351,1365,1366]],"type":"Polygon","properties":{"geoid":"45055","name":"Kershaw"},"id":"45055"},{"arcs":[[1367,1368,1369,1370,1371]],"type":"Polygon","properties":{"geoid":"45089","name":"Williamsburg"},"id":"45089"},{"arcs":[[1372,1373,1374,1375,1376,1377]],"type":"Polygon","properties":{"geoid":"46093","name":"Meade"},"id":"46093"},{"arcs":[[1378,-1377,1379,1380,1381,1382,1383]],"type":"Polygon","properties":{"geoid":"46103","name":"Pennington"},"id":"46103"},{"arcs":[[1384,1385,1386,1387,1388,1389,1390,1391,1392]],"type":"Polygon","properties":{"geoid":"46085","name":"Lyman"},"id":"46085"},{"arcs":[[1393,1394,1395,1396,1397]],"type":"Polygon","properties":{"geoid":"46057","name":"Hamlin"},"id":"46057"},{"arcs":[[1398,1399,1400,1401,1402,1403,1404,1405]],"type":"Polygon","properties":{"geoid":"47093","name":"Knox"},"id":"47093"},{"arcs":[[1406,1407,1408,1409,1410]],"type":"Polygon","properties":{"geoid":"47033","name":"Crockett"},"id":"47033"},{"arcs":[[1411,1412,1413,1414,1415]],"type":"Polygon","properties":{"geoid":"47085","name":"Humphreys"},"id":"47085"},{"arcs":[[1416,1417,1418,-1406,1419,1420]],"type":"Polygon","properties":{"geoid":"47001","name":"Anderson"},"id":"47001"},{"arcs":[[1421,1422,1423,1424,1425]],"type":"Polygon","properties":{"geoid":"47021","name":"Cheatham"},"id":"47021"},{"arcs":[[1426,1427,1428,-678,1429,1430]],"type":"Polygon","properties":{"geoid":"48481","name":"Wharton"},"id":"48481"},{"arcs":[[1431,1432,1433,1434,1435]],"type":"Polygon","properties":{"geoid":"48001","name":"Anderson"},"id":"48001"},{"arcs":[[1436,1437,1438,-679,-1429]],"type":"Polygon","properties":{"geoid":"48157","name":"Fort Bend"},"id":"48157"},{"arcs":[[1439,1440,1441,1442,1443,1444]],"type":"Polygon","properties":{"geoid":"48257","name":"Kaufman"},"id":"48257"},{"arcs":[[1445,1446,1447,1448,1449,1450]],"type":"Polygon","properties":{"geoid":"48471","name":"Walker"},"id":"48471"},{"arcs":[[1451,1452,1453,1454,1455]],"type":"Polygon","properties":{"geoid":"48495","name":"Winkler"},"id":"48495"},{"arcs":[[1456,1457,1458,1459]],"type":"Polygon","properties":{"geoid":"48125","name":"Dickens"},"id":"48125"},{"arcs":[[1460,1461,1462,1463,1464,1465,1466]],"type":"Polygon","properties":{"geoid":"48053","name":"Burnet"},"id":"48053"},{"arcs":[[1467,1468,1469,1470,1471,1472]],"type":"Polygon","properties":{"geoid":"48267","name":"Kimble"},"id":"48267"},{"arcs":[[1473,1474,1475,1476,1477,1478]],"type":"Polygon","properties":{"geoid":"48287","name":"Lee"},"id":"48287"},{"arcs":[[1479,1480,-1435,1481,1482,1483]],"type":"Polygon","properties":{"geoid":"48289","name":"Leon"},"id":"48289"},{"arcs":[[1484,1485,1486,1487,1488]],"type":"Polygon","properties":{"geoid":"48063","name":"Camp"},"id":"48063"},{"arcs":[[-697,1489,-1486,1490]],"type":"Polygon","properties":{"geoid":"48449","name":"Titus"},"id":"48449"},{"arcs":[[1491,1492,1493,1494,-1447]],"type":"Polygon","properties":{"geoid":"48455","name":"Trinity"},"id":"48455"},{"arcs":[[-1476,1495,1496,1497,1498,1499,1500]],"type":"Polygon","properties":{"geoid":"48477","name":"Washington"},"id":"48477"},{"arcs":[[1501,1502,1503,1504,1505,1506]],"type":"Polygon","properties":{"geoid":"48341","name":"Moore"},"id":"48341"},{"arcs":[[1507,1508,1509,1510,1511,1512]],"type":"Polygon","properties":{"geoid":"48155","name":"Foard"},"id":"48155"},{"arcs":[[1513,1514,1515,1516,1517]],"type":"Polygon","properties":{"geoid":"49057","name":"Weber"},"id":"49057"},{"arcs":[[1518,1519,1520,1521]],"type":"Polygon","properties":{"geoid":"49051","name":"Wasatch"},"id":"49051"},{"arcs":[[1522,1523,1524,1525,-1521,1526]],"type":"Polygon","properties":{"geoid":"49013","name":"Duchesne"},"id":"49013"},{"arcs":[[1527,1528,1529,1530,1531,1532]],"type":"Polygon","properties":{"geoid":"49017","name":"Garfield"},"id":"49017"},{"arcs":[[1533,1534,1535,1536,1537,1538,1539]],"type":"Polygon","properties":{"geoid":"51087","name":"Henrico"},"id":"51087"},{"arcs":[[1540,1541,1542,1543,1544,1545]],"type":"Polygon","properties":{"geoid":"51187","name":"Warren"},"id":"51187"},{"arcs":[[1546,1547,1548,1549,1550,1551,1552],[1553],[1554]],"type":"Polygon","properties":{"geoid":"51015","name":"Augusta"},"id":"51015"},{"arcs":[[1555,1556,1557,1558,1559,-748]],"type":"Polygon","properties":{"geoid":"51037","name":"Charlotte"},"id":"51037"},{"arcs":[[1560,1561,1562,1563,1564,1565,1566]],"type":"Polygon","properties":{"geoid":"51121","name":"Montgomery"},"id":"51121"},{"arcs":[[1567,1568,1569,1570,1571,1572,1573,1574]],"type":"Polygon","properties":{"geoid":"51019","name":"Bedford"},"id":"51019"},{"arcs":[[1575,-1567,1576,-1565,1577,1578,1579,1580]],"type":"Polygon","properties":{"geoid":"51155","name":"Pulaski"},"id":"51155"},{"arcs":[[1581,1582,1583,1584,1585,1586]],"type":"Polygon","properties":{"geoid":"51109","name":"Louisa"},"id":"51109"},{"arcs":[[1587,1588,1589,-1582,1590,1591]],"type":"Polygon","properties":{"geoid":"51137","name":"Orange"},"id":"51137"},{"arcs":[[1592,-1547,1593,1594]],"type":"Polygon","properties":{"geoid":"51091","name":"Highland"},"id":"51091"},{"arcs":[[1595,-757,1596,1597,1598,1599,1600,1601]],"type":"Polygon","properties":{"geoid":"53041","name":"Lewis"},"id":"53041"},{"arcs":[[1602,1603,1604,1605,1606]],"type":"Polygon","properties":{"geoid":"53065","name":"Stevens"},"id":"53065"},{"arcs":[[1607,1608,1609,1610]],"type":"Polygon","properties":{"geoid":"53017","name":"Douglas"},"id":"53017"},{"arcs":[[1611,1612,1613,1614,-763,1615]],"type":"Polygon","properties":{"geoid":"54109","name":"Wyoming"},"id":"54109"},{"arcs":[[1616,1617,1618,1619,1620,1621]],"type":"Polygon","properties":{"geoid":"54041","name":"Lewis"},"id":"54041"},{"arcs":[[1622,1623,1624,1625,1626,1627]],"type":"Polygon","properties":{"geoid":"54001","name":"Barbour"},"id":"54001"},{"arcs":[[1628,1629,1630,1631,1632,1633]],"type":"Polygon","properties":{"geoid":"55111","name":"Sauk"},"id":"55111"},{"arcs":[[1634,1635,1636,-803,-798,1637,1638]],"type":"Polygon","properties":{"geoid":"55035","name":"Eau Claire"},"id":"55035"},{"arcs":[[1639,1640,1641,1642,1643]],"type":"Polygon","properties":{"geoid":"31005","name":"Arthur"},"id":"31005"},{"arcs":[[1644,1645,1646,1647,1648]],"type":"Polygon","properties":{"geoid":"38007","name":"Billings"},"id":"38007"},{"arcs":[[1649,1650,1651,1652,1653,-913,1654]],"type":"Polygon","properties":{"geoid":"09110","name":"Capitol"},"id":"09110"},{"arcs":[[1657,1658,1659,1660,-90,1661,-334]],"type":"Polygon","properties":{"geoid":"10003","name":"New Castle"},"id":"10003"},{"arcs":[[-92,1662,1663,1664,1665,1666]],"type":"Polygon","properties":{"geoid":"10005","name":"Sussex"},"id":"10005"},{"arcs":[[1667,1668,1669,1670]],"type":"Polygon","properties":{"geoid":"11001","name":"District of Columbia"},"id":"11001"},{"arcs":[[-937,-928,1671,-105,1672,1673]],"type":"Polygon","properties":{"geoid":"12075","name":"Levy"},"id":"12075"},{"arcs":[[-116,1676,1677,1678,1679]],"type":"Polygon","properties":{"geoid":"12057","name":"Hillsborough"},"id":"12057"},{"arcs":[[1680,1681,1682,1683,1684]],"type":"Polygon","properties":{"geoid":"12009","name":"Brevard"},"id":"12009"},{"arcs":[[1685,1686,1687,-122]],"type":"Polygon","properties":{"geoid":"12113","name":"Santa Rosa"},"id":"12113"},{"arcs":[[1688,1689,1690,1691,1692,1693,1694]],"type":"Polygon","properties":{"geoid":"12131","name":"Walton"},"id":"12131"},{"arcs":[[-98,1696,-938,-1674,1697]],"type":"Polygon","properties":{"geoid":"12029","name":"Dixie"},"id":"12029"},{"arcs":[[1698,1699,1700,-132,-930,1701]],"type":"Polygon","properties":{"geoid":"12073","name":"Leon"},"id":"12073"},{"arcs":[[1702,-144,1703,1704,1705,1706,-96,-135]],"type":"Polygon","properties":{"geoid":"12079","name":"Madison"},"id":"12079"},{"arcs":[[[1707]],[[1708]],[[1709]],[[1710,1711,1712,1713]]],"type":"MultiPolygon","properties":{"geoid":"02130","name":"Ketchikan Gateway"},"id":"02130"},{"arcs":[[[1714]],[[1715,1716,1717,1718,1719,1720,1721,1722,1723]],[[1724]],[[1725]]],"type":"MultiPolygon","properties":{"geoid":"02050","name":"Bethel"},"id":"02050"},{"arcs":[[1726,1727,1728,1729,1730]],"type":"Polygon","properties":{"geoid":"13049","name":"Charlton"},"id":"13049"},{"arcs":[[1731,1732,1733,1734,1735]],"type":"Polygon","properties":{"geoid":"13215","name":"Muscogee"},"id":"13215"},{"arcs":[[1736,1737,1738,1739,1740,1741,1742,1743]],"type":"Polygon","properties":{"geoid":"13105","name":"Elbert"},"id":"13105"},{"arcs":[[1744,1745,1746,1747,1748]],"type":"Polygon","properties":{"geoid":"02282","name":"Yakutat"},"id":"02282"},{"arcs":[[1749,1750,1751,-151,1752,-957]],"type":"Polygon","properties":{"geoid":"13103","name":"Effingham"},"id":"13103"},{"arcs":[[-988,1753,1754,-424,-178,-992,1755]],"type":"Polygon","properties":{"geoid":"16059","name":"Lemhi"},"id":"16059"},{"arcs":[[1756,1757,-209,1758,1759,1760,1761]],"type":"Polygon","properties":{"geoid":"16069","name":"Nez Perce"},"id":"16069"},{"arcs":[[1762,1763,1764,1765,1766,1767]],"type":"Polygon","properties":{"geoid":"01089","name":"Madison"},"id":"01089"},{"arcs":[[1768,1769,1770,1771,1772,1773]],"type":"Polygon","properties":{"geoid":"04005","name":"Coconino"},"id":"04005"},{"arcs":[[1774,1775,1776,1777,1778]],"type":"Polygon","properties":{"geoid":"04027","name":"Yuma"},"id":"04027"},{"arcs":[[1779,1780,1781,1782,1783,-1776,1784]],"type":"Polygon","properties":{"geoid":"04012","name":"La Paz"},"id":"04012"},{"arcs":[[1785,1786,1787,1788,1789,1790,-231,1791]],"type":"Polygon","properties":{"geoid":"04001","name":"Apache"},"id":"04001"},{"arcs":[[1792,-847,1793,1794,1795,1796,1797]],"type":"Polygon","properties":{"geoid":"05139","name":"Union"},"id":"05139"},{"arcs":[[1798,1799,1800,1801,1802,1803,1804,1805,1806]],"type":"Polygon","properties":{"geoid":"05017","name":"Chicot"},"id":"05017"},{"arcs":[[1807,1808,1809,1810,1811,1812,1813]],"type":"Polygon","properties":{"geoid":"05107","name":"Phillips"},"id":"05107"},{"arcs":[[1814,-1813,1815,-1800,1816,1817]],"type":"Polygon","properties":{"geoid":"05041","name":"Desha"},"id":"05041"},{"arcs":[[1818,1819,1820,1821,1822,-525]],"type":"Polygon","properties":{"geoid":"05131","name":"Sebastian"},"id":"05131"},{"arcs":[[1823,1824,1825,1826,1827,1828,1829]],"type":"Polygon","properties":{"geoid":"05007","name":"Benton"},"id":"05007"},{"arcs":[[1830,1831,1832,1833,1834,1835,-1826]],"type":"Polygon","properties":{"geoid":"05015","name":"Carroll"},"id":"05015"},{"arcs":[[1836,1837,1838,1839,1840,1841]],"type":"Polygon","properties":{"geoid":"05121","name":"Randolph"},"id":"05121"},{"arcs":[[1842,1843,1844,1845,-1839]],"type":"Polygon","properties":{"geoid":"05021","name":"Clay"},"id":"05021"},{"arcs":[[1846,1847,1848,1849]],"type":"Polygon","properties":{"geoid":"06073","name":"San Diego"},"id":"06073"},{"arcs":[[-1780,1850,-1848,1851,1852]],"type":"Polygon","properties":{"geoid":"06065","name":"Riverside"},"id":"06065"},{"arcs":[[-67,1855]],"type":"Polygon","properties":{"geoid":"06041","name":"Marin"},"id":"06041"},{"arcs":[[1856,1857,1858,-61,1859]],"type":"Polygon","properties":{"geoid":"06081","name":"San Mateo"},"id":"06081"},{"arcs":[[1860,1861,-74,1862,1863]],"type":"Polygon","properties":{"geoid":"06017","name":"El Dorado"},"id":"06017"},{"arcs":[[1864,1865,1866,-899,1867,1868]],"type":"Polygon","properties":{"geoid":"08077","name":"Mesa"},"id":"08077"},{"arcs":[[1869,1870,1871,1872,1873,1874,1875,1876]],"type":"Polygon","properties":{"geoid":"08123","name":"Weld"},"id":"08123"},{"arcs":[[1877,1878,-1877,1879,-891,1880]],"type":"Polygon","properties":{"geoid":"08069","name":"Larimer"},"id":"08069"},{"arcs":[[1881,1882,-896,1883,1884,1885,1886]],"type":"Polygon","properties":{"geoid":"08107","name":"Routt"},"id":"08107"},{"arcs":[[1887,1888,1889,1890,-1218,1891,1892,1893]],"type":"Polygon","properties":{"geoid":"36025","name":"Delaware"},"id":"36025"},{"arcs":[[[1894]],[[1895,1896,-464,1897]]],"type":"MultiPolygon","properties":{"geoid":"37031","name":"Carteret"},"id":"37031"},{"arcs":[[1898,1899,1900,-1236]],"type":"Polygon","properties":{"geoid":"37165","name":"Scotland"},"id":"37165"},{"arcs":[[1901,1902,1903,-514,1904]],"type":"Polygon","properties":{"geoid":"37019","name":"Brunswick"},"id":"37019"},{"arcs":[[1905,1906,-1903]],"type":"Polygon","properties":{"geoid":"37129","name":"New Hanover"},"id":"37129"},{"arcs":[[1907,1908,1909,1910,1911,1912,-581]],"type":"Polygon","properties":{"geoid":"37119","name":"Mecklenburg"},"id":"37119"},{"arcs":[[1913,1914,1915]],"type":"Polygon","properties":{"geoid":"37137","name":"Pamlico"},"id":"37137"},{"arcs":[[-1271,1916,1917,1918,-1914,1919,1920]],"type":"Polygon","properties":{"geoid":"37013","name":"Beaufort"},"id":"37013"},{"arcs":[[1921,1922,1923,1924,1925]],"type":"Polygon","properties":{"geoid":"37089","name":"Henderson"},"id":"37089"},{"arcs":[[1926,-487,-1276,1927,1928,1929,1930]],"type":"Polygon","properties":{"geoid":"37113","name":"Macon"},"id":"37113"},{"arcs":[[1931,1932,1933,1934]],"type":"Polygon","properties":{"geoid":"37139","name":"Pasquotank"},"id":"37139"},{"arcs":[[1935,-1238,1936,1937,1938]],"type":"Polygon","properties":{"geoid":"37007","name":"Anson"},"id":"37007"},{"arcs":[[1939,1940,1941,-397,1942,1943,1944]],"type":"Polygon","properties":{"geoid":"38017","name":"Cass"},"id":"38017"},{"arcs":[[1945,-506,1946,-497,1947,1948]],"type":"Polygon","properties":{"geoid":"38099","name":"Walsh"},"id":"38099"},{"arcs":[[1949,1950,1951,1952,-1645,1953,1954]],"type":"Polygon","properties":{"geoid":"38053","name":"McKenzie"},"id":"38053"},{"arcs":[[1955,1956,1957,1958,-773,1959,1960]],"type":"Polygon","properties":{"geoid":"39167","name":"Washington"},"id":"39167"},{"arcs":[[1961,1962,1963,-1961,1964,1965,1966]],"type":"Polygon","properties":{"geoid":"39009","name":"Athens"},"id":"39009"},{"arcs":[[1967,-528,1968,-39,1969,1970,-694,-532]],"type":"Polygon","properties":{"geoid":"40089","name":"McCurtain"},"id":"40089"},{"arcs":[[1971,1972,1973,1974]],"type":"Polygon","properties":{"geoid":"41007","name":"Clatsop"},"id":"41007"},{"arcs":[[1975,1976,1977,-1311,1978,1979,1980]],"type":"Polygon","properties":{"geoid":"41039","name":"Lane"},"id":"41039"},{"arcs":[[1981,1982,1983,1984,1985,1986]],"type":"Polygon","properties":{"geoid":"41051","name":"Multnomah"},"id":"41051"},{"arcs":[[1987,-1979,-1310,1988,1989,1990,1991]],"type":"Polygon","properties":{"geoid":"41035","name":"Klamath"},"id":"41035"},{"arcs":[[1992,1993,1994]],"type":"Polygon","properties":{"geoid":"41055","name":"Sherman"},"id":"41055"},{"arcs":[[1995,1996,1997,1998,-1994]],"type":"Polygon","properties":{"geoid":"41021","name":"Gilliam"},"id":"41021"},{"arcs":[[1999,2000,2001,2002,-1327,2003,2004,2005]],"type":"Polygon","properties":{"geoid":"42055","name":"Franklin"},"id":"42055"},{"arcs":[[2006,2007,2008,2009,2010,2011,2012,2013]],"type":"Polygon","properties":{"geoid":"42017","name":"Bucks"},"id":"42017"},{"arcs":[[2014,-453,2015,2016,2017,2018,2019]],"type":"Polygon","properties":{"geoid":"42123","name":"Warren"},"id":"42123"},{"arcs":[[2020,2021,2022,2023,2024]],"type":"Polygon","properties":{"geoid":"42103","name":"Pike"},"id":"42103"},{"arcs":[[2026,2027,2028,-1658,-333,2029]],"type":"Polygon","properties":{"geoid":"42029","name":"Chester"},"id":"42029"},{"arcs":[[2030,-357,-348,2031,2032,2033,2034]],"type":"Polygon","properties":{"geoid":"44007","name":"Providence"},"id":"44007"},{"arcs":[[2035,2036,2037,2038]],"type":"Polygon","properties":{"geoid":"45013","name":"Beaufort"},"id":"45013"},{"arcs":[[-1345,2039,-1343,2040,-1349,2041,2042,-1738,2043,2044]],"type":"Polygon","properties":{"geoid":"45007","name":"Anderson"},"id":"45007"},{"arcs":[[-1937,-1237,-1901,2045,2046,2047,2048,2049]],"type":"Polygon","properties":{"geoid":"45069","name":"Marlboro"},"id":"45069"},{"arcs":[[2050,-516,2051,2052,2053,-1371]],"type":"Polygon","properties":{"geoid":"45043","name":"Georgetown"},"id":"45043"},{"arcs":[[2054,-624,2055,2056,2057,2058]],"type":"Polygon","properties":{"geoid":"47019","name":"Carter"},"id":"47019"},{"arcs":[[2059,2060,2061,2062,-614,2063,2064]],"type":"Polygon","properties":{"geoid":"47073","name":"Hawkins"},"id":"47073"},{"arcs":[[2065,2066,2067,2068,2069,2070,2071]],"type":"Polygon","properties":{"geoid":"47025","name":"Claiborne"},"id":"47025"},{"arcs":[[2072,2073,2074,2075,2076,2077]],"type":"Polygon","properties":{"geoid":"47055","name":"Giles"},"id":"47055"},{"arcs":[[2078,2079,2080,2081,2082,2083,2084,2085]],"type":"Polygon","properties":{"geoid":"47123","name":"Monroe"},"id":"47123"},{"arcs":[[2086,-1403,2087,-489,2088,-2080]],"type":"Polygon","properties":{"geoid":"47009","name":"Blount"},"id":"47009"},{"arcs":[[2091,2092,2093,2094,2095,2096]],"type":"Polygon","properties":{"geoid":"48071","name":"Chambers"},"id":"48071"},{"arcs":[[[-2095,2097]],[[2098]],[[2099,2100,-681]]],"type":"MultiPolygon","properties":{"geoid":"48167","name":"Galveston"},"id":"48167"},{"arcs":[[2101,2102,2103,2104,-1453,2105]],"type":"Polygon","properties":{"geoid":"48003","name":"Andrews"},"id":"48003"},{"arcs":[[-1971,2106,-35,2107,2108,-695]],"type":"Polygon","properties":{"geoid":"48037","name":"Bowie"},"id":"48037"},{"arcs":[[2109,-1507,2110,2111,2112]],"type":"Polygon","properties":{"geoid":"48205","name":"Hartley"},"id":"48205"},{"arcs":[[2113,2114,2115,2116,2117]],"type":"Polygon","properties":{"geoid":"48043","name":"Brewster"},"id":"48043"},{"arcs":[[2118,-1531,2119,2120,2121,-89,2122,2123,-1786,2124,-1770]],"type":"Polygon","properties":{"geoid":"49037","name":"San Juan"},"id":"49037"},{"arcs":[[-1524,2125,2126,2127,2128,2129,2130]],"type":"Polygon","properties":{"geoid":"49047","name":"Uintah"},"id":"49047"},{"arcs":[[2131,2132,2133,2134,2135,-1516,2136]],"type":"Polygon","properties":{"geoid":"49033","name":"Rich"},"id":"49033"},{"arcs":[[2137,2138,2139,2140]],"type":"Polygon","properties":{"geoid":"51051","name":"Dickenson"},"id":"51051"},{"arcs":[[2141,2142,-620,2143,2144,2145,2146,2147,2148]],"type":"Polygon","properties":{"geoid":"51191","name":"Washington"},"id":"51191"},{"arcs":[[2149,2150,2151,2152,-1777,-1784]],"type":"Polygon","properties":{"geoid":"04013","name":"Maricopa"},"id":"04013"},{"arcs":[[-1772,2153,-236,2154,-2151,2155]],"type":"Polygon","properties":{"geoid":"04007","name":"Gila"},"id":"04007"},{"arcs":[[-2155,-235,2156,-2152]],"type":"Polygon","properties":{"geoid":"04021","name":"Pinal"},"id":"04021"},{"arcs":[[2157,2158,2159,2160,-174,2161]],"type":"Polygon","properties":{"geoid":"16029","name":"Caribou"},"id":"16029"},{"arcs":[[2162,2163,2164,2165,2166,2167]],"type":"Polygon","properties":{"geoid":"17153","name":"Pulaski"},"id":"17153"},{"arcs":[[2168,2169,2170,2171,2172,2173]],"type":"Polygon","properties":{"geoid":"17185","name":"Wabash"},"id":"17185"},{"arcs":[[2174,2175,-227,2176,2177,2178]],"type":"Polygon","properties":{"geoid":"17161","name":"Rock Island"},"id":"17161"},{"arcs":[[2179,2180,-191,2181]],"type":"Polygon","properties":{"geoid":"17097","name":"Lake"},"id":"17097"},{"arcs":[[2182,2183,2184,2185,2186,2187]],"type":"Polygon","properties":{"geoid":"18129","name":"Posey"},"id":"18129"},{"arcs":[[2188,2189,2190,2191,2192,2193]],"type":"Polygon","properties":{"geoid":"18061","name":"Harrison"},"id":"18061"},{"arcs":[[-193,2194,2195,2196,2197,2198,2199]],"type":"Polygon","properties":{"geoid":"18089","name":"Lake"},"id":"18089"},{"arcs":[[2200,2201,2202,2203,2204]],"type":"Polygon","properties":{"geoid":"18161","name":"Union"},"id":"18161"},{"arcs":[[2205,2206,2207,-2201,2208,2209]],"type":"Polygon","properties":{"geoid":"18177","name":"Wayne"},"id":"18177"},{"arcs":[[-228,-2176,2210,2211]],"type":"Polygon","properties":{"geoid":"19163","name":"Scott"},"id":"19163"},{"arcs":[[2212,-402,2213,2214,2215]],"type":"Polygon","properties":{"geoid":"19063","name":"Emmet"},"id":"19063"},{"arcs":[[2216,2217,2218,-588]],"type":"Polygon","properties":{"geoid":"19149","name":"Plymouth"},"id":"19149"},{"arcs":[[2219,2220,2221,2222,2223,2224]],"type":"Polygon","properties":{"geoid":"20131","name":"Nemaha"},"id":"20131"},{"arcs":[[2225,2226,2227,2228,2229,2230]],"type":"Polygon","properties":{"geoid":"01043","name":"Cullman"},"id":"01043"},{"arcs":[[2231,2232,2233,2234,2235,-250]],"type":"Polygon","properties":{"geoid":"01121","name":"Talladega"},"id":"01121"},{"arcs":[[-2185,2236,2237,2238,2239,2240,2241]],"type":"Polygon","properties":{"geoid":"21101","name":"Henderson"},"id":"21101"},{"arcs":[[-262,2242,2243,2244,2245,2246]],"type":"Polygon","properties":{"geoid":"01087","name":"Macon"},"id":"01087"},{"arcs":[[2247,2248,2249,2250,2251,-2141,2252,2253]],"type":"Polygon","properties":{"geoid":"21195","name":"Pike"},"id":"21195"},{"arcs":[[2254,2255,2256,2257]],"type":"Polygon","properties":{"geoid":"01033","name":"Colbert"},"id":"01033"},{"arcs":[[2258,-303,2259,-266,2260,2261]],"type":"Polygon","properties":{"geoid":"01131","name":"Wilcox"},"id":"01131"},{"arcs":[[-2230,2262,-259,2263,2264,2265]],"type":"Polygon","properties":{"geoid":"01009","name":"Blount"},"id":"01009"},{"arcs":[[2266,2267,2268,-276,2269,-2067,2270]],"type":"Polygon","properties":{"geoid":"21013","name":"Bell"},"id":"21013"},{"arcs":[[2271,2272,2273,2274,2275,2276,2277]],"type":"Polygon","properties":{"geoid":"21135","name":"Lewis"},"id":"21135"},{"arcs":[[[2278]],[[2279,-278,2280,-280,2281]]],"type":"MultiPolygon","properties":{"geoid":"22087","name":"St. Bernard"},"id":"22087"},{"arcs":[[2282,2283,-287,2284,2285,2286,2287]],"type":"Polygon","properties":{"geoid":"22105","name":"Tangipahoa"},"id":"22105"},{"arcs":[[2288,2289,-2282,-279,2290]],"type":"Polygon","properties":{"geoid":"22071","name":"Orleans"},"id":"22071"},{"arcs":[[2291,2292,-409,2293,2294,2295,2296,-1100]],"type":"Polygon","properties":{"geoid":"22029","name":"Concordia"},"id":"22029"},{"arcs":[[2297,-2261,-270,-3,2298,2299]],"type":"Polygon","properties":{"geoid":"01025","name":"Clarke"},"id":"01025"},{"arcs":[[2300,-1804,2301,2302,2303,2304]],"type":"Polygon","properties":{"geoid":"22035","name":"East Carroll"},"id":"22035"},{"arcs":[[2305,-1108,2306,2307,2308,2309]],"type":"Polygon","properties":{"geoid":"22115","name":"Vernon"},"id":"22115"},{"arcs":[[-1805,-2301,2310,2311]],"type":"Polygon","properties":{"geoid":"22123","name":"West Carroll"},"id":"22123"},{"arcs":[[-413,2312,2313,-1082,2314,2315]],"type":"Polygon","properties":{"geoid":"22037","name":"East Feliciana"},"id":"22037"},{"arcs":[[2318,2319,2320,2321,2322,-306,2323]],"type":"Polygon","properties":{"geoid":"23027","name":"Waldo"},"id":"23027"},{"arcs":[[-301,2324,2325,2326,2327,2328]],"type":"Polygon","properties":{"geoid":"01041","name":"Crenshaw"},"id":"01041"},{"arcs":[[2329,2330,2331,2332,2333]],"type":"Polygon","properties":{"geoid":"01065","name":"Hale"},"id":"01065"},{"arcs":[[2334,2335,2336,-2319,2337,2338,2339]],"type":"Polygon","properties":{"geoid":"23025","name":"Somerset"},"id":"23025"},{"arcs":[[2340,2341,2342]],"type":"Polygon","properties":{"geoid":"24037","name":"St. Mary's"},"id":"24037"},{"arcs":[[[2343,2344,-715,2345]],[[-720,2346]]],"type":"MultiPolygon","properties":{"geoid":"24039","name":"Somerset"},"id":"24039"},{"arcs":[[-2005,2347,2348,2349,2350,-741,2351]],"type":"Polygon","properties":{"geoid":"24021","name":"Frederick"},"id":"24021"},{"arcs":[[2352,-94,2353,-328,2354]],"type":"Polygon","properties":{"geoid":"24035","name":"Queen Anne's"},"id":"24035"},{"arcs":[[-335,-1662,-95,-2353,2355]],"type":"Polygon","properties":{"geoid":"24029","name":"Kent"},"id":"24029"},{"arcs":[[2356]],"type":"Polygon","properties":{"geoid":"25007","name":"Dukes"},"id":"25007"},{"arcs":[[2357,-341,2358,-352,2359,-353,2360]],"type":"Polygon","properties":{"geoid":"25017","name":"Middlesex"},"id":"25017"},{"arcs":[[2361,-377,-363,2362,-809]],"type":"Polygon","properties":{"geoid":"26109","name":"Menominee"},"id":"26109"},{"arcs":[[2363,-370,2364,2365]],"type":"Polygon","properties":{"geoid":"26141","name":"Presque Isle"},"id":"26141"},{"arcs":[[2366,2367]],"type":"Polygon","properties":{"geoid":"27031","name":"Cook"},"id":"27031"},{"arcs":[[-395,2368,2369,2370,2371]],"type":"Polygon","properties":{"geoid":"27167","name":"Wilkin"},"id":"27167"},{"arcs":[[2372,2373,2374,2375,2376,2377,2378,2379]],"type":"Polygon","properties":{"geoid":"27137","name":"St. Louis"},"id":"27137"},{"arcs":[[2380,2381,2382,2383]],"type":"Polygon","properties":{"geoid":"27077","name":"Lake of the Woods"},"id":"27077"},{"arcs":[[2384,2385,2386,2387,2388,2389,2390,2391,-499]],"type":"Polygon","properties":{"geoid":"27119","name":"Polk"},"id":"27119"},{"arcs":[[-505,2392,2393,2394,2395,-2385,-498,-1947]],"type":"Polygon","properties":{"geoid":"27089","name":"Marshall"},"id":"27089"},{"arcs":[[-2391,2396,2397,-392,-1942,2398]],"type":"Polygon","properties":{"geoid":"27107","name":"Norman"},"id":"27107"},{"arcs":[[2399,2400,2401,-410,-2293]],"type":"Polygon","properties":{"geoid":"28001","name":"Adams"},"id":"28001"},{"arcs":[[2402,2403,-1156,2404,2405,-1802]],"type":"Polygon","properties":{"geoid":"28151","name":"Washington"},"id":"28151"},{"arcs":[[2406,2407,2408,2409,2410,2411]],"type":"Polygon","properties":{"geoid":"28087","name":"Lowndes"},"id":"28087"},{"arcs":[[2412,-2303,2413,2414,2415,2416,2417,2418,2419]],"type":"Polygon","properties":{"geoid":"28149","name":"Warren"},"id":"28149"},{"arcs":[[-2417,2420,2421,2422,2423]],"type":"Polygon","properties":{"geoid":"28021","name":"Claiborne"},"id":"28021"},{"arcs":[[2424,-2411,2425,-23,2426,2427]],"type":"Polygon","properties":{"geoid":"28103","name":"Noxubee"},"id":"28103"},{"arcs":[[2428,2429,-407,2430,2431,2432,2433,-1810]],"type":"Polygon","properties":{"geoid":"28143","name":"Tunica"},"id":"28143"},{"arcs":[[2434,2435,2436,2437,2438,2439,2440,2441,2442]],"type":"Polygon","properties":{"geoid":"29143","name":"New Madrid"},"id":"29143"},{"arcs":[[2443,2444,2445,2446,2447,2448]],"type":"Polygon","properties":{"geoid":"29031","name":"Cape Girardeau"},"id":"29031"},{"arcs":[[2449,2450,2451,2452,2453,2454,2455]],"type":"Polygon","properties":{"geoid":"29189","name":"St. Louis"},"id":"29189"},{"arcs":[[2456,2457,2458,2459,2460,2461]],"type":"Polygon","properties":{"geoid":"29171","name":"Putnam"},"id":"29171"},{"arcs":[[2462,2463,2464,-1844,2465,2466]],"type":"Polygon","properties":{"geoid":"29023","name":"Butler"},"id":"29023"},{"arcs":[[2467,2468,2469,2470,2471,2472]],"type":"Polygon","properties":{"geoid":"29037","name":"Cass"},"id":"29037"},{"arcs":[[2473,2474,2475,2476,2477,2478,2479]],"type":"Polygon","properties":{"geoid":"30003","name":"Big Horn"},"id":"30003"},{"arcs":[[2480,2481,-1199,-425,-1755,2482]],"type":"Polygon","properties":{"geoid":"30081","name":"Ravalli"},"id":"30081"},{"arcs":[[2483,-431,2484,2485,2486,2487]],"type":"Polygon","properties":{"geoid":"30071","name":"Phillips"},"id":"30071"},{"arcs":[[2488,-2488,2489,2490,2491]],"type":"Polygon","properties":{"geoid":"30005","name":"Blaine"},"id":"30005"},{"arcs":[[2492,2493,2494,2495,2496,-428]],"type":"Polygon","properties":{"geoid":"30085","name":"Roosevelt"},"id":"30085"},{"arcs":[[2497,-2496,-1950,2498,2499]],"type":"Polygon","properties":{"geoid":"30083","name":"Richland"},"id":"30083"},{"arcs":[[2500,2501,2502,2503]],"type":"Polygon","properties":{"geoid":"31169","name":"Thayer"},"id":"31169"},{"arcs":[[2504,-710,-714,2505,2506,2507,2508]],"type":"Polygon","properties":{"geoid":"32033","name":"White Pine"},"id":"32033"},{"arcs":[[2509,2510,2511,2512,-338,2513]],"type":"Polygon","properties":{"geoid":"33015","name":"Rockingham"},"id":"33015"},{"arcs":[[2514,2515,2516,-2511,2517]],"type":"Polygon","properties":{"geoid":"33017","name":"Strafford"},"id":"33017"},{"arcs":[[2518,2519,2520]],"type":"Polygon","properties":{"geoid":"34009","name":"Cape May"},"id":"34009"},{"arcs":[[2521,2522,2523,2524,2525]],"type":"Polygon","properties":{"geoid":"34023","name":"Middlesex"},"id":"34023"},{"arcs":[[2526,2527,-446,2528]],"type":"Polygon","properties":{"geoid":"34007","name":"Camden"},"id":"34007"},{"arcs":[[2529,-83,2530,2531,2532,2533,-1787]],"type":"Polygon","properties":{"geoid":"35045","name":"San Juan"},"id":"35045"},{"arcs":[[2534,2535,2536,-1213,2537]],"type":"Polygon","properties":{"geoid":"35055","name":"Taos"},"id":"35055"},{"arcs":[[-460,2538]],"type":"Polygon","properties":{"geoid":"36103","name":"Suffolk"},"id":"36103"},{"arcs":[[2539,2540,2541,2542,2543]],"type":"Polygon","properties":{"geoid":"36047","name":"Kings"},"id":"36047"},{"arcs":[[-1223,2544,-2021,2545,-1892]],"type":"Polygon","properties":{"geoid":"36105","name":"Sullivan"},"id":"36105"},{"arcs":[[2546,2547,2548,2549,2550]],"type":"Polygon","properties":{"geoid":"13123","name":"Gilmer"},"id":"13123"},{"arcs":[[-952,2551,2552,-146,2553,2554,2555]],"type":"Polygon","properties":{"geoid":"13305","name":"Wayne"},"id":"13305"},{"arcs":[[2556,-165,2557,2558,-978,2559]],"type":"Polygon","properties":{"geoid":"13189","name":"McDuffie"},"id":"13189"},{"arcs":[[-958,-1753,-154,2560,-157,2561]],"type":"Polygon","properties":{"geoid":"13029","name":"Bryan"},"id":"13029"},{"arcs":[[2562,-2554,-150,2563,-1727,2564]],"type":"Polygon","properties":{"geoid":"13025","name":"Brantley"},"id":"13025"},{"arcs":[[2565,-954,2566,2567,2568]],"type":"Polygon","properties":{"geoid":"13279","name":"Toombs"},"id":"13279"},{"arcs":[[2569,2570,2571,2572,-961,2573,-2566,2574]],"type":"Polygon","properties":{"geoid":"13107","name":"Emanuel"},"id":"13107"},{"arcs":[[-1742,2575,-2560,-977,2576,2577]],"type":"Polygon","properties":{"geoid":"13317","name":"Wilkes"},"id":"13317"},{"arcs":[[2578,2579,2580,2581,2582,2583]],"type":"Polygon","properties":{"geoid":"13133","name":"Greene"},"id":"13133"},{"arcs":[[2584,2585,2586,2587,2588,-1733,2589]],"type":"Polygon","properties":{"geoid":"13263","name":"Talbot"},"id":"13263"},{"arcs":[[2590,2591,2592,2593,2594,2595,2596]],"type":"Polygon","properties":{"geoid":"13205","name":"Mitchell"},"id":"13205"},{"arcs":[[-2575,2597,2598,2599]],"type":"Polygon","properties":{"geoid":"13283","name":"Treutlen"},"id":"13283"},{"arcs":[[-2588,2600,2601,2602,2603,2604,2605]],"type":"Polygon","properties":{"geoid":"13197","name":"Marion"},"id":"13197"},{"arcs":[[2606,2607,2608,2609,2610,2611]],"type":"Polygon","properties":{"geoid":"13079","name":"Crawford"},"id":"13079"},{"arcs":[[2612,2613,-2597,2614,2615,2616]],"type":"Polygon","properties":{"geoid":"13007","name":"Baker"},"id":"13007"},{"arcs":[[[2617]],[[2618]],[[2619]],[[2620,2621]]],"type":"MultiPolygon","properties":{"geoid":"15009","name":"Maui"},"id":"15009"},{"arcs":[[-1756,-996,2622,2623,2624,-989]],"type":"Polygon","properties":{"geoid":"16037","name":"Custer"},"id":"16037"},{"arcs":[[-990,-2625,2625,2626,2627]],"type":"Polygon","properties":{"geoid":"16015","name":"Boise"},"id":"16015"},{"arcs":[[2628,2629,2630,2631,2632,2633]],"type":"Polygon","properties":{"geoid":"18145","name":"Shelby"},"id":"18145"},{"arcs":[[2634,2635,2636,2637,-1007,2638,2639,2640,2641]],"type":"Polygon","properties":{"geoid":"18053","name":"Grant"},"id":"18053"},{"arcs":[[2642,2643,2644,2645,-2189,2646,2647,2648]],"type":"Polygon","properties":{"geoid":"18175","name":"Washington"},"id":"18175"},{"arcs":[[2649,-2640,2650,2651,2652]],"type":"Polygon","properties":{"geoid":"18159","name":"Tipton"},"id":"18159"},{"arcs":[[2653,2654,2655,2656]],"type":"Polygon","properties":{"geoid":"19069","name":"Franklin"},"id":"19069"},{"arcs":[[2657,2658,2659,2660,2661,2662]],"type":"Polygon","properties":{"geoid":"19073","name":"Greene"},"id":"19073"},{"arcs":[[2663,2664,-2663,2665,2666,2667]],"type":"Polygon","properties":{"geoid":"19027","name":"Carroll"},"id":"19027"},{"arcs":[[2668,2669,2670,2671,2672]],"type":"Polygon","properties":{"geoid":"19117","name":"Lucas"},"id":"19117"},{"arcs":[[2673,2674,2675,2676,2677,2678]],"type":"Polygon","properties":{"geoid":"20113","name":"McPherson"},"id":"20113"},{"arcs":[[2679,2680,2681,2682,2683,2684]],"type":"Polygon","properties":{"geoid":"20145","name":"Pawnee"},"id":"20145"},{"arcs":[[2685,2686,2687,2688,2689,2690]],"type":"Polygon","properties":{"geoid":"20161","name":"Riley"},"id":"20161"},{"arcs":[[2691,2692,2693,2694,2695,2696,2697]],"type":"Polygon","properties":{"geoid":"21179","name":"Nelson"},"id":"21179"},{"arcs":[[2698,2699,2700,-1069,2701,-1051]],"type":"Polygon","properties":{"geoid":"21085","name":"Grayson"},"id":"21085"},{"arcs":[[2702,2703,2704,2705,2706,2707]],"type":"Polygon","properties":{"geoid":"21033","name":"Caldwell"},"id":"21033"},{"arcs":[[2708,2709,2710,-1064,2711,-1078,2712]],"type":"Polygon","properties":{"geoid":"21175","name":"Morgan"},"id":"21175"},{"arcs":[[-2696,2713,2714,2715,2716,2717]],"type":"Polygon","properties":{"geoid":"21155","name":"Marion"},"id":"21155"},{"arcs":[[2718,2719,2720,2721,2722,2723,2724]],"type":"Polygon","properties":{"geoid":"21209","name":"Scott"},"id":"21209"},{"arcs":[[2725,2726,2727,2728,2729,-1073]],"type":"Polygon","properties":{"geoid":"21079","name":"Garrard"},"id":"21079"},{"arcs":[[2730,-1053,2731,2732,2733,2734,2735]],"type":"Polygon","properties":{"geoid":"21177","name":"Muhlenberg"},"id":"21177"},{"arcs":[[-1052,-2702,-1068,2736,2737,-2732]],"type":"Polygon","properties":{"geoid":"21031","name":"Butler"},"id":"21031"},{"arcs":[[2738,2739,-2736,2740,-2704]],"type":"Polygon","properties":{"geoid":"21107","name":"Hopkins"},"id":"21107"},{"arcs":[[2741,2742,-2267,2743]],"type":"Polygon","properties":{"geoid":"21121","name":"Knox"},"id":"21121"},{"arcs":[[2744,2745,2746,-2719,2747,2748]],"type":"Polygon","properties":{"geoid":"21187","name":"Owen"},"id":"21187"},{"arcs":[[-1062,2749,-2249,2750,2751]],"type":"Polygon","properties":{"geoid":"21071","name":"Floyd"},"id":"21071"},{"arcs":[[2752,2753,2754,2755,2756]],"type":"Polygon","properties":{"geoid":"21181","name":"Nicholas"},"id":"21181"},{"arcs":[[-2755,2757,2758,2759,2760]],"type":"Polygon","properties":{"geoid":"21011","name":"Bath"},"id":"21011"},{"arcs":[[-2275,2761,2762,-2709,2763,-2759,2764]],"type":"Polygon","properties":{"geoid":"21205","name":"Rowan"},"id":"21205"},{"arcs":[[2765,2766,2767,2768,2769,-1065,-2701]],"type":"Polygon","properties":{"geoid":"21099","name":"Hart"},"id":"21099"},{"arcs":[[-1063,-2752,2770,2771,-1079,-2712]],"type":"Polygon","properties":{"geoid":"21153","name":"Magoffin"},"id":"21153"},{"arcs":[[2772,2773,-1076,2774,2775,2776]],"type":"Polygon","properties":{"geoid":"21197","name":"Powell"},"id":"21197"},{"arcs":[[-2763,2777,2778,-2710]],"type":"Polygon","properties":{"geoid":"21063","name":"Elliott"},"id":"21063"},{"arcs":[[2779,2780,-1096,2781,2782,2783]],"type":"Polygon","properties":{"geoid":"22059","name":"LaSalle"},"id":"22059"},{"arcs":[[2784,2785,2786,2787,2788,2789]],"type":"Polygon","properties":{"geoid":"22039","name":"Evangeline"},"id":"22039"},{"arcs":[[-32,2790,2791,2792,2793,-290]],"type":"Polygon","properties":{"geoid":"22015","name":"Bossier"},"id":"22015"},{"arcs":[[2794,2795,2796,-1098,2797]],"type":"Polygon","properties":{"geoid":"22041","name":"Franklin"},"id":"22041"},{"arcs":[[[2798,-1093,2799,2800,-1088,2801,2802,2803]],[[2804]]],"type":"MultiPolygon","properties":{"geoid":"22045","name":"Iberia"},"id":"22045"},{"arcs":[[-291,-2794,2805,-1103,2806]],"type":"Polygon","properties":{"geoid":"22081","name":"Red River"},"id":"22081"},{"arcs":[[2807,-2784,2808,-1106]],"type":"Polygon","properties":{"geoid":"22043","name":"Grant"},"id":"22043"},{"arcs":[[2809,-1806,-2312,2810,2811,2812]],"type":"Polygon","properties":{"geoid":"22067","name":"Morehouse"},"id":"22067"},{"arcs":[[2813,2814,2815,-2798,-1097,-2781,2816]],"type":"Polygon","properties":{"geoid":"22021","name":"Caldwell"},"id":"22021"},{"arcs":[[2817,2818,-2336]],"type":"Polygon","properties":{"geoid":"23021","name":"Piscataquis"},"id":"23021"},{"arcs":[[2819,2820,2821,2822,2823,2824]],"type":"Polygon","properties":{"geoid":"51093","name":"Isle of Wight"},"id":"51093"},{"arcs":[[2825,2826,2827,2828,2829,2830],[2831]],"type":"Polygon","properties":{"geoid":"51005","name":"Alleghany"},"id":"51005"},{"arcs":[[-744,2832,2833,2834,2835],[2836,2837]],"type":"Polygon","properties":{"geoid":"51153","name":"Prince William"},"id":"51153"},{"arcs":[[2838,2839,2840,-733,2841]],"type":"Polygon","properties":{"geoid":"51193","name":"Westmoreland"},"id":"51193"},{"arcs":[[2842,2843,2844,-2840]],"type":"Polygon","properties":{"geoid":"51133","name":"Northumberland"},"id":"51133"},{"arcs":[[2845,-2844,2846]],"type":"Polygon","properties":{"geoid":"51103","name":"Lancaster"},"id":"51103"},{"arcs":[[2847,-1573,2848,-753,2849,2850,2851,2852,2853]],"type":"Polygon","properties":{"geoid":"51143","name":"Pittsylvania"},"id":"51143"},{"arcs":[[-743,2854,2855,2856,2857,2858,2859,2860,2861,-2833],[2862]],"type":"Polygon","properties":{"geoid":"51059","name":"Fairfax"},"id":"51059"},{"arcs":[[[2863]],[[2864]],[[2865]],[[2866]]],"type":"MultiPolygon","properties":{"geoid":"53055","name":"San Juan"},"id":"53055"},{"arcs":[[[2867]],[[2868,2869,2870]]],"type":"MultiPolygon","properties":{"geoid":"53035","name":"Kitsap"},"id":"53035"},{"arcs":[[2871,2872,-1983,2873]],"type":"Polygon","properties":{"geoid":"53011","name":"Clark"},"id":"53011"},{"arcs":[[2874,-2870,2875,2876,-754,2877,2878]],"type":"Polygon","properties":{"geoid":"53045","name":"Mason"},"id":"53045"},{"arcs":[[[2879,2880,2881,-1597,-756]],[[2882]],[[-2876,-2869,2883]]],"type":"MultiPolygon","properties":{"geoid":"53053","name":"Pierce"},"id":"53053"},{"arcs":[[2884,2885,2886,2887,2888,-1757,2889,2890,2891,2892]],"type":"Polygon","properties":{"geoid":"53075","name":"Whitman"},"id":"53075"},{"arcs":[[2893,-1607,2894,2895]],"type":"Polygon","properties":{"geoid":"53019","name":"Ferry"},"id":"53019"},{"arcs":[[2896,2897,-772,2898,2899,2900,2901]],"type":"Polygon","properties":{"geoid":"54099","name":"Wayne"},"id":"54099"},{"arcs":[[-2900,2902,2903,-1616,-762,2904,-2251,2905]],"type":"Polygon","properties":{"geoid":"54059","name":"Mingo"},"id":"54059"},{"arcs":[[2906,2907,-2830,2908,2909]],"type":"Polygon","properties":{"geoid":"54063","name":"Monroe"},"id":"54063"},{"arcs":[[2910,2911,2912,2913,2914,2915,2916,2917]],"type":"Polygon","properties":{"geoid":"54103","name":"Wetzel"},"id":"54103"},{"arcs":[[-1965,-1960,-776,2918,2919,2920,2921]],"type":"Polygon","properties":{"geoid":"54107","name":"Wood"},"id":"54107"},{"arcs":[[-1959,2922,-2918,2923,2924,-774]],"type":"Polygon","properties":{"geoid":"54095","name":"Tyler"},"id":"54095"},{"arcs":[[2925,2926,2927,2928,2929,2930]],"type":"Polygon","properties":{"geoid":"17189","name":"Washington"},"id":"17189"},{"arcs":[[2931,2932,2933,2934,2935,2936,2937]],"type":"Polygon","properties":{"geoid":"54023","name":"Grant"},"id":"54023"},{"arcs":[[2938,2939,2940,2941,2942]],"type":"Polygon","properties":{"geoid":"55023","name":"Crawford"},"id":"55023"},{"arcs":[[2943,2944,2945,2946]],"type":"Polygon","properties":{"geoid":"17039","name":"De Witt"},"id":"17039"},{"arcs":[[2947,2948,2949,2950]],"type":"Polygon","properties":{"geoid":"06107","name":"Tulare"},"id":"06107"},{"arcs":[[-2478,2951,2952,2953,2954]],"type":"Polygon","properties":{"geoid":"56033","name":"Sheridan"},"id":"56033"},{"arcs":[[-2134,2955,2956,2957]],"type":"Polygon","properties":{"geoid":"56041","name":"Uinta"},"id":"56041"},{"arcs":[[2958,2959,2960,2961]],"type":"Polygon","properties":{"geoid":"02188","name":"Northwest Arctic"},"id":"02188"},{"arcs":[[2962,2963,2964,2965,2966,2967,2968]],"type":"Polygon","properties":{"geoid":"05129","name":"Searcy"},"id":"05129"},{"arcs":[[-841,2969,2970,-848,-1793,2971]],"type":"Polygon","properties":{"geoid":"05103","name":"Ouachita"},"id":"05103"},{"arcs":[[2972,2973,2974,2975,2976,2977,-832]],"type":"Polygon","properties":{"geoid":"05145","name":"White"},"id":"05145"},{"arcs":[[2978,2979,2980,-1794,-846]],"type":"Polygon","properties":{"geoid":"05011","name":"Bradley"},"id":"05011"},{"arcs":[[2981,2982,2983,-2970,-840,2984]],"type":"Polygon","properties":{"geoid":"05019","name":"Clark"},"id":"05019"},{"arcs":[[2985,2986,2987,-1864,2988,2989,-70,2990]],"type":"Polygon","properties":{"geoid":"06067","name":"Sacramento"},"id":"06067"},{"arcs":[[-58,2991,-865,2992,2993]],"type":"Polygon","properties":{"geoid":"06069","name":"San Benito"},"id":"06069"},{"arcs":[[-1863,-79,-870,2994,-2989]],"type":"Polygon","properties":{"geoid":"06005","name":"Amador"},"id":"06005"},{"arcs":[[-851,-879,2995,-2987,2996,2997]],"type":"Polygon","properties":{"geoid":"06101","name":"Sutter"},"id":"06101"},{"arcs":[[2998,-2997,-2986,2999,3000,-873]],"type":"Polygon","properties":{"geoid":"06113","name":"Yolo"},"id":"06113"},{"arcs":[[3001,-852,-2998,-2999,-872]],"type":"Polygon","properties":{"geoid":"06011","name":"Colusa"},"id":"06011"},{"arcs":[[-858,3002,3003,-876,-849,3004]],"type":"Polygon","properties":{"geoid":"06063","name":"Plumas"},"id":"06063"},{"arcs":[[3005,3006,3007,3008,3009,3010,3011,3012,3013,-880,3014]],"type":"Polygon","properties":{"geoid":"08005","name":"Arapahoe"},"id":"08005"},{"arcs":[[-1880,-1876,3015,3016,3017,-892]],"type":"Polygon","properties":{"geoid":"08013","name":"Boulder"},"id":"08013"},{"arcs":[[-1884,-895,3018,3019,3020,3021]],"type":"Polygon","properties":{"geoid":"08037","name":"Eagle"},"id":"08037"},{"arcs":[[3022,3023,3024,3025,-81,-910,-901]],"type":"Polygon","properties":{"geoid":"08053","name":"Hinsdale"},"id":"08053"},{"arcs":[[3026,3027,3028,3029,3030,-924,-936,3031]],"type":"Polygon","properties":{"geoid":"12023","name":"Columbia"},"id":"12023"},{"arcs":[[3032,3033,3034,3035,3036]],"type":"Polygon","properties":{"geoid":"12055","name":"Highlands"},"id":"12055"},{"arcs":[[3037,-1684,3038,3039,3040]],"type":"Polygon","properties":{"geoid":"12097","name":"Osceola"},"id":"12097"},{"arcs":[[3041,3042,3043,3044]],"type":"Polygon","properties":{"geoid":"12013","name":"Calhoun"},"id":"12013"},{"arcs":[[-3043,3045,-1702,-932,-124,3046]],"type":"Polygon","properties":{"geoid":"12077","name":"Liberty"},"id":"12077"},{"arcs":[[3047,3048,-925,-3031]],"type":"Polygon","properties":{"geoid":"12125","name":"Union"},"id":"12125"},{"arcs":[[3049,-2610,3050,-969,3051,3052,3053,3054]],"type":"Polygon","properties":{"geoid":"13153","name":"Houston"},"id":"13153"},{"arcs":[[3055,3056,3057,3058,3059,-943,3060,3061,3062,3063]],"type":"Polygon","properties":{"geoid":"13121","name":"Fulton"},"id":"13121"},{"arcs":[[3064,3065,3066,3067,3068,-139,-963]],"type":"Polygon","properties":{"geoid":"13019","name":"Berrien"},"id":"13019"},{"arcs":[[-1741,3069,-161,-2557,-2576]],"type":"Polygon","properties":{"geoid":"13181","name":"Lincoln"},"id":"13181"},{"arcs":[[-2603,3070,3071,3072,3073,3074,3075,3076]],"type":"Polygon","properties":{"geoid":"13261","name":"Sumter"},"id":"13261"},{"arcs":[[3077,-971,3078,3079,3080]],"type":"Polygon","properties":{"geoid":"13009","name":"Baldwin"},"id":"13009"},{"arcs":[[3081,-1372,-2054,3082,3083,3084]],"type":"Polygon","properties":{"geoid":"45015","name":"Berkeley"},"id":"45015"},{"arcs":[[-1360,3085,3086,-3085,3087,3088,3089,3090,-575]],"type":"Polygon","properties":{"geoid":"45075","name":"Orangeburg"},"id":"45075"},{"arcs":[[3091,-1366,-1356,3092,-1358,3093]],"type":"Polygon","properties":{"geoid":"45079","name":"Richland"},"id":"45079"},{"arcs":[[-1354,3094,-1368,-3082,-3087,3095]],"type":"Polygon","properties":{"geoid":"45027","name":"Clarendon"},"id":"45027"},{"arcs":[[3096,-517,-2051,-1370,3097]],"type":"Polygon","properties":{"geoid":"45067","name":"Marion"},"id":"45067"},{"arcs":[[-1364,3098,-2049,3099,3100]],"type":"Polygon","properties":{"geoid":"45031","name":"Darlington"},"id":"45031"},{"arcs":[[3101,3102,-584,3103,3104,3105,3106]],"type":"Polygon","properties":{"geoid":"45087","name":"Union"},"id":"45087"},{"arcs":[[-1365,-3101,3107,-1352]],"type":"Polygon","properties":{"geoid":"45061","name":"Lee"},"id":"45061"},{"arcs":[[-3093,-1355,-3096,-3086,-1359]],"type":"Polygon","properties":{"geoid":"45017","name":"Calhoun"},"id":"45017"},{"arcs":[[3108,3109,3110,3111,3112,3113,3114]],"type":"Polygon","properties":{"geoid":"46111","name":"Sanborn"},"id":"46111"},{"arcs":[[-1376,3115,3116,3117,3118,-1380]],"type":"Polygon","properties":{"geoid":"46055","name":"Haakon"},"id":"46055"},{"arcs":[[-3118,3119,-1392,3120,3121]],"type":"Polygon","properties":{"geoid":"46075","name":"Jones"},"id":"46075"},{"arcs":[[-1381,-3119,-3122,3122,3123,3124]],"type":"Polygon","properties":{"geoid":"46071","name":"Jackson"},"id":"46071"},{"arcs":[[3125,3126,3127,3128,3129,3130]],"type":"Polygon","properties":{"geoid":"46041","name":"Dewey"},"id":"46041"},{"arcs":[[3131,3132,3133,3134]],"type":"Polygon","properties":{"geoid":"47127","name":"Moore"},"id":"47127"},{"arcs":[[3135,3136,-2086,3137,-2084,3138,3139,3140]],"type":"Polygon","properties":{"geoid":"47107","name":"McMinn"},"id":"47107"},{"arcs":[[3141,3142,3143,3144,3145,3146,3147]],"type":"Polygon","properties":{"geoid":"47149","name":"Rutherford"},"id":"47149"},{"arcs":[[3148,3149,3150,3151,3152,3153,3154,3155,3156,3157]],"type":"Polygon","properties":{"geoid":"47035","name":"Cumberland"},"id":"47035"},{"arcs":[[3158,-3145,3159,3160,3161,3162,-3133]],"type":"Polygon","properties":{"geoid":"47031","name":"Coffee"},"id":"47031"},{"arcs":[[3163,3164,3165,3166,-1407,3167,-41]],"type":"Polygon","properties":{"geoid":"47045","name":"Dyer"},"id":"47045"},{"arcs":[[3168,3169,3170,-1416,3171,3172,3173]],"type":"Polygon","properties":{"geoid":"47005","name":"Benton"},"id":"47005"},{"arcs":[[3174,-1404,-2087,-2079,-3137,3175]],"type":"Polygon","properties":{"geoid":"47105","name":"Loudon"},"id":"47105"},{"arcs":[[3176,3177,3178,3179,3180,3181]],"type":"Polygon","properties":{"geoid":"47041","name":"DeKalb"},"id":"47041"},{"arcs":[[-1414,3182,3183,3184,3185,3186]],"type":"Polygon","properties":{"geoid":"47081","name":"Hickman"},"id":"47081"},{"arcs":[[-3146,-3159,-3132,3187,3188]],"type":"Polygon","properties":{"geoid":"47003","name":"Bedford"},"id":"47003"},{"arcs":[[3189,3190,-618,3191,3192,3193]],"type":"Polygon","properties":{"geoid":"47029","name":"Cocke"},"id":"47029"},{"arcs":[[-3172,-1415,-3187,3194,3195,3196]],"type":"Polygon","properties":{"geoid":"47135","name":"Perry"},"id":"47135"},{"arcs":[[3197,3198,-3141,3199,-606]],"type":"Polygon","properties":{"geoid":"47121","name":"Meigs"},"id":"47121"},{"arcs":[[-1464,3200,3201,3202,3203,3204]],"type":"Polygon","properties":{"geoid":"48453","name":"Travis"},"id":"48453"},{"arcs":[[-1449,3205,3206,3207,3208,3209]],"type":"Polygon","properties":{"geoid":"48339","name":"Montgomery"},"id":"48339"},{"arcs":[[3210,3211,3212,3213,3214,3215]],"type":"Polygon","properties":{"geoid":"48187","name":"Guadalupe"},"id":"48187"},{"arcs":[[3216,3217,3218,3219,3220,3221,3222]],"type":"Polygon","properties":{"geoid":"48423","name":"Smith"},"id":"48423"},{"arcs":[[3223,-1455,3224,3225,3226,3227]],"type":"Polygon","properties":{"geoid":"48475","name":"Ward"},"id":"48475"},{"arcs":[[3228,3229,3230,3231,-3226]],"type":"Polygon","properties":{"geoid":"48103","name":"Crane"},"id":"48103"},{"arcs":[[3232,3233,3234,3235,3236,3237]],"type":"Polygon","properties":{"geoid":"48437","name":"Swisher"},"id":"48437"},{"arcs":[[3238,3239,3240,3241,3242]],"type":"Polygon","properties":{"geoid":"48223","name":"Hopkins"},"id":"48223"},{"arcs":[[3243,-1437,-1428,3244,3245,-1500]],"type":"Polygon","properties":{"geoid":"48015","name":"Austin"},"id":"48015"},{"arcs":[[3246,3247,3248,3249,3250,3251]],"type":"Polygon","properties":{"geoid":"48059","name":"Callahan"},"id":"48059"},{"arcs":[[-3221,3252,3253,3254,3255,-1433,3256]],"type":"Polygon","properties":{"geoid":"48073","name":"Cherokee"},"id":"48073"},{"arcs":[[-3241,3257,-1489,3258,-3217,3259,3260]],"type":"Polygon","properties":{"geoid":"48499","name":"Wood"},"id":"48499"},{"arcs":[[3261,3262,3263,3264,3265]],"type":"Polygon","properties":{"geoid":"48333","name":"Mills"},"id":"48333"},{"arcs":[[3266,3267,-3251,3268,3269,3270]],"type":"Polygon","properties":{"geoid":"48083","name":"Coleman"},"id":"48083"},{"arcs":[[3271,3272,3273,3274,3275,-2103]],"type":"Polygon","properties":{"geoid":"48317","name":"Martin"},"id":"48317"},{"arcs":[[3276,3277,3278,-1496,-1475]],"type":"Polygon","properties":{"geoid":"48051","name":"Burleson"},"id":"48051"},{"arcs":[[3279,3280,3281,-667,3282,3283]],"type":"Polygon","properties":{"geoid":"48469","name":"Victoria"},"id":"48469"},{"arcs":[[3284,3285,-3267,3286,3287,3288]],"type":"Polygon","properties":{"geoid":"48399","name":"Runnels"},"id":"48399"},{"arcs":[[-3242,-3261,3289,3290]],"type":"Polygon","properties":{"geoid":"48379","name":"Rains"},"id":"48379"},{"arcs":[[-1504,3291,3292,3293,3294,3295]],"type":"Polygon","properties":{"geoid":"48065","name":"Carson"},"id":"48065"},{"arcs":[[3296,3297,3298,3299,-640,3300,3301]],"type":"Polygon","properties":{"geoid":"48047","name":"Brooks"},"id":"48047"},{"arcs":[[3302,3303,3304,-2114,3305,-686]],"type":"Polygon","properties":{"geoid":"48243","name":"Jeff Davis"},"id":"48243"},{"arcs":[[3306,3307,3308,-1519,3309,-707]],"type":"Polygon","properties":{"geoid":"49035","name":"Salt Lake"},"id":"49035"},{"arcs":[[3310,3311,3312,3313,3314]],"type":"Polygon","properties":{"geoid":"26137","name":"Otsego"},"id":"26137"},{"arcs":[[-1116,3315,3316,3317,3318]],"type":"Polygon","properties":{"geoid":"26129","name":"Ogemaw"},"id":"26129"},{"arcs":[[3319,3320,-1122,3321,3322,3323,3324,3325,3326]],"type":"Polygon","properties":{"geoid":"27145","name":"Stearns"},"id":"27145"},{"arcs":[[3327,3328,-1139,3329,3330,3331]],"type":"Polygon","properties":{"geoid":"27127","name":"Redwood"},"id":"27127"},{"arcs":[[-2396,3332,3333,-2388,3334,-2386]],"type":"Polygon","properties":{"geoid":"27113","name":"Pennington"},"id":"27113"},{"arcs":[[-2422,3335,3336,3337,3338,3339]],"type":"Polygon","properties":{"geoid":"28029","name":"Copiah"},"id":"28029"},{"arcs":[[3340,3341,3342,3343,3344,-1152]],"type":"Polygon","properties":{"geoid":"28083","name":"Leflore"},"id":"28083"},{"arcs":[[-406,3345,3346,3347,-2431]],"type":"Polygon","properties":{"geoid":"28137","name":"Tate"},"id":"28137"},{"arcs":[[3348,3349,3350,3351,3352]],"type":"Polygon","properties":{"geoid":"28121","name":"Rankin"},"id":"28121"},{"arcs":[[-3345,3353,3354,3355,-1153]],"type":"Polygon","properties":{"geoid":"28051","name":"Holmes"},"id":"28051"},{"arcs":[[3356,3357,3358,3359,3360]],"type":"Polygon","properties":{"geoid":"28079","name":"Leake"},"id":"28079"},{"arcs":[[3361,3362,3363,3364,3365,3366]],"type":"Polygon","properties":{"geoid":"28111","name":"Perry"},"id":"28111"},{"arcs":[[3367,3368,3369,3370,3371,3372,3373]],"type":"Polygon","properties":{"geoid":"29029","name":"Camden"},"id":"29029"},{"arcs":[[3374,3375,3376,3377,3378,3379,3380]],"type":"Polygon","properties":{"geoid":"29159","name":"Pettis"},"id":"29159"},{"arcs":[[3381,3382,3383,3384,3385,3386]],"type":"Polygon","properties":{"geoid":"29025","name":"Caldwell"},"id":"29025"},{"arcs":[[-1198,3387,3388,-421]],"type":"Polygon","properties":{"geoid":"30093","name":"Silver Bow"},"id":"30093"},{"arcs":[[3389,3390,-2493,-427]],"type":"Polygon","properties":{"geoid":"30019","name":"Daniels"},"id":"30019"},{"arcs":[[3391,3392,-1644,3393,-439,-434,3394]],"type":"Polygon","properties":{"geoid":"31069","name":"Garden"},"id":"31069"},{"arcs":[[3395,3396,3397,-1202]],"type":"Polygon","properties":{"geoid":"31159","name":"Seward"},"id":"31159"},{"arcs":[[3398,3399,3400,3401,3402,3403]],"type":"Polygon","properties":{"geoid":"31103","name":"Keya Paha"},"id":"31103"},{"arcs":[[3404,3405,3406,3407,3408,3409]],"type":"Polygon","properties":{"geoid":"31115","name":"Loup"},"id":"31115"},{"arcs":[[3410,3411,3412,3413,3414,3415]],"type":"Polygon","properties":{"geoid":"32001","name":"Churchill"},"id":"32001"},{"arcs":[[3416,3417,3418,3419,3420,-3412]],"type":"Polygon","properties":{"geoid":"32015","name":"Lander"},"id":"32015"},{"arcs":[[-1209,3421,-2522,3422,3423]],"type":"Polygon","properties":{"geoid":"34035","name":"Somerset"},"id":"34035"},{"arcs":[[-2533,3426,3427,3428,3429,3430,3431]],"type":"Polygon","properties":{"geoid":"35043","name":"Sandoval"},"id":"35043"},{"arcs":[[3432,3433,3434,3435,3436,3437,3438]],"type":"Polygon","properties":{"geoid":"35051","name":"Sierra"},"id":"35051"},{"arcs":[[3439,3440,3441,3442,3443,-1889,3444]],"type":"Polygon","properties":{"geoid":"36077","name":"Otsego"},"id":"36077"},{"arcs":[[3445,-3440,3446,3447,3448,3449]],"type":"Polygon","properties":{"geoid":"36053","name":"Madison"},"id":"36053"},{"arcs":[[-3447,-3445,-1888,3450,3451]],"type":"Polygon","properties":{"geoid":"36017","name":"Chenango"},"id":"36017"},{"arcs":[[3452,3453,3454,3455,3456,3457,3458]],"type":"Polygon","properties":{"geoid":"37023","name":"Burke"},"id":"37023"},{"arcs":[[3459,3460,3461,3462,3463,-1248]],"type":"Polygon","properties":{"geoid":"37101","name":"Johnston"},"id":"37101"},{"arcs":[[-1244,3464,-1899,3465]],"type":"Polygon","properties":{"geoid":"37093","name":"Hoke"},"id":"37093"},{"arcs":[[3466,3467,3468,-1250,-1239,-3466,-1235,3469]],"type":"Polygon","properties":{"geoid":"37125","name":"Moore"},"id":"37125"},{"arcs":[[3470,3471,-1256,3472,-3461]],"type":"Polygon","properties":{"geoid":"37127","name":"Nash"},"id":"37127"},{"arcs":[[-3193,3473,3474,3475,-1273,-485,3476]],"type":"Polygon","properties":{"geoid":"37087","name":"Haywood"},"id":"37087"},{"arcs":[[3477,-1253,3478,3479,-1926,-3475]],"type":"Polygon","properties":{"geoid":"37021","name":"Buncombe"},"id":"37021"},{"arcs":[[-1249,-3464,3480,3481,3482,3483,-1241]],"type":"Polygon","properties":{"geoid":"37163","name":"Sampson"},"id":"37163"},{"arcs":[[3484,3485,3486]],"type":"Polygon","properties":{"geoid":"37177","name":"Tyrrell"},"id":"37177"},{"arcs":[[3487,3488,3489,3490,3491,3492,3493,3494]],"type":"Polygon","properties":{"geoid":"38055","name":"McLean"},"id":"38055"},{"arcs":[[3495,3496,3497,3498,3499,3500]],"type":"Polygon","properties":{"geoid":"38005","name":"Benson"},"id":"38005"},{"arcs":[[3501,-501,3502,-1940,3503,3504]],"type":"Polygon","properties":{"geoid":"38091","name":"Steele"},"id":"38091"},{"arcs":[[3505,3506,3507,3508,3509,3510]],"type":"Polygon","properties":{"geoid":"39033","name":"Crawford"},"id":"39033"},{"arcs":[[-541,3511,3512,3513,3514]],"type":"Polygon","properties":{"geoid":"40117","name":"Pawnee"},"id":"40117"},{"arcs":[[3515,3516,3517,3518,3519,3520,-1290]],"type":"Polygon","properties":{"geoid":"40125","name":"Pottawatomie"},"id":"40125"},{"arcs":[[-1291,-3521,3521,3522,3523,3524]],"type":"Polygon","properties":{"geoid":"40087","name":"McClain"},"id":"40087"},{"arcs":[[3525,3526,3527,3528,3529,3530]],"type":"Polygon","properties":{"geoid":"40137","name":"Stephens"},"id":"40137"},{"arcs":[[3531,3532,3533,3534,3535,3536]],"type":"Polygon","properties":{"geoid":"40011","name":"Blaine"},"id":"40011"},{"arcs":[[3537,-1986,3538,3539,-1313,3540]],"type":"Polygon","properties":{"geoid":"41005","name":"Clackamas"},"id":"41005"},{"arcs":[[3541,-556,3542,3543]],"type":"Polygon","properties":{"geoid":"41061","name":"Union"},"id":"41061"},{"arcs":[[3544,-2577,-982,3545,-2581]],"type":"Polygon","properties":{"geoid":"13265","name":"Taliaferro"},"id":"13265"},{"arcs":[[3546,-2014,3547,3548,-2028,3549]],"type":"Polygon","properties":{"geoid":"42091","name":"Montgomery"},"id":"42091"},{"arcs":[[3550,3551,3552,3553,-568,-1325,3554]],"type":"Polygon","properties":{"geoid":"42043","name":"Dauphin"},"id":"42043"},{"arcs":[[3555,3556,3557,3558,3559,3560,-3551,3561]],"type":"Polygon","properties":{"geoid":"42097","name":"Northumberland"},"id":"42097"},{"arcs":[[3562,-263,-2247,3563,3564,-2325,-300]],"type":"Polygon","properties":{"geoid":"01101","name":"Montgomery"},"id":"01101"},{"arcs":[[3565,3566,3567,3568,3569,3570]],"type":"Polygon","properties":{"geoid":"21003","name":"Allen"},"id":"21003"},{"arcs":[[3571,-264,-3563,-299,3572]],"type":"Polygon","properties":{"geoid":"01001","name":"Autauga"},"id":"01001"},{"arcs":[[-1056,3573,-2254,3574,-273]],"type":"Polygon","properties":{"geoid":"21133","name":"Letcher"},"id":"21133"},{"arcs":[[3575,3576,3577,3578,3579]],"type":"Polygon","properties":{"geoid":"21035","name":"Calloway"},"id":"21035"},{"arcs":[[3582,3583,3584,3585]],"type":"Polygon","properties":{"geoid":"22109","name":"Terrebonne"},"id":"22109"},{"arcs":[[3586,-1109,-2306,3587,3588,3589]],"type":"Polygon","properties":{"geoid":"22085","name":"Sabine"},"id":"22085"},{"arcs":[[-313,3590,3591,-2512,-2517,3592]],"type":"Polygon","properties":{"geoid":"23031","name":"York"},"id":"23031"},{"arcs":[[3593,3594,-2341,3595,3596]],"type":"Polygon","properties":{"geoid":"24009","name":"Calvert"},"id":"24009"},{"arcs":[[3597,-2006,-2352,-740,-777,-791,-780,3598]],"type":"Polygon","properties":{"geoid":"24043","name":"Washington"},"id":"24043"},{"arcs":[[3599,-350,3600,3601,3602,-343,-356]],"type":"Polygon","properties":{"geoid":"25023","name":"Plymouth"},"id":"25023"},{"arcs":[[3603,3604,3605,3606,3607,3608]],"type":"Polygon","properties":{"geoid":"25011","name":"Franklin"},"id":"25011"},{"arcs":[[[3609]],[[-364,3610,3611]],[[3612]]],"type":"MultiPolygon","properties":{"geoid":"26089","name":"Leelanau"},"id":"26089"},{"arcs":[[[3613,3614]],[[3615]]],"type":"MultiPolygon","properties":{"geoid":"26083","name":"Keweenaw"},"id":"26083"},{"arcs":[[3616,3617,3618]],"type":"Polygon","properties":{"geoid":"26047","name":"Emmet"},"id":"26047"},{"arcs":[[3619,-382,3620,3621,3622]],"type":"Polygon","properties":{"geoid":"26099","name":"Macomb"},"id":"26099"},{"arcs":[[3623,3624,-2393,-504]],"type":"Polygon","properties":{"geoid":"27069","name":"Kittson"},"id":"27069"},{"arcs":[[3625,3626,3627,-1145,3628]],"type":"Polygon","properties":{"geoid":"28009","name":"Benton"},"id":"28009"},{"arcs":[[3629,3630,3631,3632,3633,3634]],"type":"Polygon","properties":{"geoid":"29087","name":"Holt"},"id":"29087"},{"arcs":[[3635,3636,3637,3638,3639,-2444,3640,3641]],"type":"Polygon","properties":{"geoid":"29157","name":"Perry"},"id":"29157"},{"arcs":[[3642,3643,-2480,3644,-814,3645]],"type":"Polygon","properties":{"geoid":"30009","name":"Carbon"},"id":"30009"},{"arcs":[[3646,3647,3648,3649,3650]],"type":"Polygon","properties":{"geoid":"31061","name":"Franklin"},"id":"31061"},{"arcs":[[-448,3651,-2519,3652,3653,3654,3655]],"type":"Polygon","properties":{"geoid":"34011","name":"Cumberland"},"id":"34011"},{"arcs":[[-2525,3656,3657,3658,3659]],"type":"Polygon","properties":{"geoid":"34025","name":"Monmouth"},"id":"34025"},{"arcs":[[3660,-3423,-2526,-3660,3661,-2011]],"type":"Polygon","properties":{"geoid":"34021","name":"Mercer"},"id":"34021"},{"arcs":[[3662,3663,-2538,-1212,3664,3665,-3427,-2532]],"type":"Polygon","properties":{"geoid":"35039","name":"Rio Arriba"},"id":"35039"},{"arcs":[[3667,3668,3669,-2542,3670,3671]],"type":"Polygon","properties":{"geoid":"36061","name":"New York"},"id":"36061"},{"arcs":[[3674,3675,-462,3676,-2543,-3670]],"type":"Polygon","properties":{"geoid":"36081","name":"Queens"},"id":"36081"},{"arcs":[[3677,3678,3679,3680,-2016,-452]],"type":"Polygon","properties":{"geoid":"36009","name":"Cattaraugus"},"id":"36009"},{"arcs":[[3681,3682,3683,3684,3685,3686,3687]],"type":"Polygon","properties":{"geoid":"36115","name":"Washington"},"id":"36115"},{"arcs":[[3688,3689,3690,3691,-3682,3692,3693]],"type":"Polygon","properties":{"geoid":"36031","name":"Essex"},"id":"36031"},{"arcs":[[-2082,3694,-1931,3695,3696,3697,3698]],"type":"Polygon","properties":{"geoid":"37039","name":"Cherokee"},"id":"37039"},{"arcs":[[3699,3700,3701,3702,3703,-493]],"type":"Polygon","properties":{"geoid":"37091","name":"Hertford"},"id":"37091"},{"arcs":[[-2057,3704,3705,-1251,3706]],"type":"Polygon","properties":{"geoid":"37121","name":"Mitchell"},"id":"37121"},{"arcs":[[3707,3708,3709,-1951,-2495,3710]],"type":"Polygon","properties":{"geoid":"38105","name":"Williams"},"id":"38105"},{"arcs":[[3711,-1287,3712,3713,3714,3715]],"type":"Polygon","properties":{"geoid":"39039","name":"Defiance"},"id":"39039"},{"arcs":[[3716,3717,3718,3719,3720,3721]],"type":"Polygon","properties":{"geoid":"39035","name":"Cuyahoga"},"id":"39035"},{"arcs":[[3722,3723,3724,3725,3726]],"type":"Polygon","properties":{"geoid":"40095","name":"Marshall"},"id":"40095"},{"arcs":[[3727,-454,-2015,3728,3729]],"type":"Polygon","properties":{"geoid":"42049","name":"Erie"},"id":"42049"},{"arcs":[[[-345,3730]],[[3731]]],"type":"MultiPolygon","properties":{"geoid":"44005","name":"Newport"},"id":"44005"},{"arcs":[[3732,-3089,3733,3734,3735,-2037,3736]],"type":"Polygon","properties":{"geoid":"45029","name":"Colleton"},"id":"45029"},{"arcs":[[3737,-1928,-1275,3738,-1350,-2041,-1344,-2040,-1346,-2045,3739,3740,3741,-168]],"type":"Polygon","properties":{"geoid":"45073","name":"Oconee"},"id":"45073"},{"arcs":[[3742,-3569,3743,3744,3745,3746,3747]],"type":"Polygon","properties":{"geoid":"47111","name":"Macon"},"id":"47111"},{"arcs":[[3748,3749,3750,3751,3752,3753]],"type":"Polygon","properties":{"geoid":"47183","name":"Weakley"},"id":"47183"},{"arcs":[[[-662,3755]],[[3757,-657,3758,3759]],[[3760,3761,-627,3762]]],"type":"MultiPolygon","properties":{"geoid":"48007","name":"Aransas"},"id":"48007"},{"arcs":[[3763,3764,-3763,-629,3765,-630,3766,-633,3767,-636,3768,3769]],"type":"Polygon","properties":{"geoid":"48409","name":"San Patricio"},"id":"48409"},{"arcs":[[3770,-688,3771,3772]],"type":"Polygon","properties":{"geoid":"48141","name":"El Paso"},"id":"48141"},{"arcs":[[-660,3773,-1430,-683,3774]],"type":"Polygon","properties":{"geoid":"48321","name":"Matagorda"},"id":"48321"},{"arcs":[[-3306,-2118,3775]],"type":"Polygon","properties":{"geoid":"48377","name":"Presidio"},"id":"48377"},{"arcs":[[-2130,3776,-1869,-2121,3777]],"type":"Polygon","properties":{"geoid":"49019","name":"Grand"},"id":"49019"},{"arcs":[[3778,-176,-2137,-1515,3779]],"type":"Polygon","properties":{"geoid":"49005","name":"Cache"},"id":"49005"},{"arcs":[[3780,3781,3782,3783,3784]],"type":"Polygon","properties":{"geoid":"50009","name":"Essex"},"id":"50009"},{"arcs":[[3785,-765,3786,3787,3788,3789]],"type":"Polygon","properties":{"geoid":"51185","name":"Tazewell"},"id":"51185"},{"arcs":[[-3575,-2253,-2140,3790,3791,3792,-274],[3793]],"type":"Polygon","properties":{"geoid":"51195","name":"Wise"},"id":"51195"},{"arcs":[[-2252,-2905,-766,-3786,3794,-2138]],"type":"Polygon","properties":{"geoid":"51027","name":"Buchanan"},"id":"51027"},{"arcs":[[3795,3796]],"type":"Polygon","properties":{"geoid":"53009","name":"Clallam"},"id":"53009"},{"arcs":[[3797,-2896,3798,3799,-1608,3800,3801,3802]],"type":"Polygon","properties":{"geoid":"53047","name":"Okanogan"},"id":"53047"},{"arcs":[[-195,3803,3804,3805]],"type":"Polygon","properties":{"geoid":"17043","name":"DuPage"},"id":"17043"},{"arcs":[[3806,3807,3808,3809,3810]],"type":"Polygon","properties":{"geoid":"17049","name":"Effingham"},"id":"17049"},{"arcs":[[[3811]],[[3812,3813]]],"type":"MultiPolygon","properties":{"geoid":"55029","name":"Door"},"id":"55029"},{"arcs":[[3814,3815,-868,3816,3817,-861,3818]],"type":"Polygon","properties":{"geoid":"06099","name":"Stanislaus"},"id":"06099"},{"arcs":[[3819,3820,-1384,3821,3822,3823,3824]],"type":"Polygon","properties":{"geoid":"56045","name":"Weston"},"id":"56045"},{"arcs":[[3825,-835,3826,3827,3828,3829]],"type":"Polygon","properties":{"geoid":"05069","name":"Jefferson"},"id":"05069"},{"arcs":[[3830,3831,-838,3832,-30,3833]],"type":"Polygon","properties":{"geoid":"05057","name":"Hempstead"},"id":"05057"},{"arcs":[[3834,-3829,3835,3836,-2979,-845,3837]],"type":"Polygon","properties":{"geoid":"05025","name":"Cleveland"},"id":"05025"},{"arcs":[[-2977,3838,3839,3840,3841,3842]],"type":"Polygon","properties":{"geoid":"05147","name":"Woodruff"},"id":"05147"},{"arcs":[[3843,-860,3844,3845,3846]],"type":"Polygon","properties":{"geoid":"06105","name":"Trinity"},"id":"06105"},{"arcs":[[3849,-3017,3850,3851,3852,-3015,-884,3853,-887]],"type":"Polygon","properties":{"geoid":"08059","name":"Jefferson"},"id":"08059"},{"arcs":[[-894,-889,3854,3855,-3019]],"type":"Polygon","properties":{"geoid":"08117","name":"Summit"},"id":"08117"},{"arcs":[[3856,3857,3858,3859,-904,3860,3861,3862,-3024]],"type":"Polygon","properties":{"geoid":"08109","name":"Saguache"},"id":"08109"},{"arcs":[[-3020,-3856,3863,3864,3865]],"type":"Polygon","properties":{"geoid":"08065","name":"Lake"},"id":"08065"},{"arcs":[[3866,3867,-905,-3860]],"type":"Polygon","properties":{"geoid":"08027","name":"Custer"},"id":"08027"},{"arcs":[[3868,3869,3870,3871,3872,3873]],"type":"Polygon","properties":{"geoid":"12069","name":"Lake"},"id":"12069"},{"arcs":[[-927,-922,3874,-3869,3875,-101,-1672]],"type":"Polygon","properties":{"geoid":"12083","name":"Marion"},"id":"12083"},{"arcs":[[3876,3877,-3778,3878,3879]],"type":"Polygon","properties":{"geoid":"49015","name":"Emery"},"id":"49015"},{"arcs":[[-2835,3880,3881,3882,3883,3884,3885,3886,3887]],"type":"Polygon","properties":{"geoid":"51179","name":"Stafford"},"id":"51179"},{"arcs":[[-1572,3888,3889,3890,-1556,-747,-2849]],"type":"Polygon","properties":{"geoid":"51031","name":"Campbell"},"id":"51031"},{"arcs":[[3891,-1545,3892,3893,3894,3895]],"type":"Polygon","properties":{"geoid":"51139","name":"Page"},"id":"51139"},{"arcs":[[3896,3897,3898,-722,3899,-1535]],"type":"Polygon","properties":{"geoid":"51127","name":"New Kent"},"id":"51127"},{"arcs":[[-1559,3900,3901,3902,3903]],"type":"Polygon","properties":{"geoid":"51111","name":"Lunenburg"},"id":"51111"},{"arcs":[[3904,3905,-1575,3906,3907,-1563],[3908,3909]],"type":"Polygon","properties":{"geoid":"51161","name":"Roanoke"},"id":"51161"},{"arcs":[[3910,3911,3912,3913,3914,3915]],"type":"Polygon","properties":{"geoid":"51007","name":"Amelia"},"id":"51007"},{"arcs":[[-2139,-3795,-3790,3916,-2149,3917,-3791]],"type":"Polygon","properties":{"geoid":"51167","name":"Russell"},"id":"51167"},{"arcs":[[3918,-3887,3919,-1589,3920,3921]],"type":"Polygon","properties":{"geoid":"51047","name":"Culpeper"},"id":"51047"},{"arcs":[[-2845,-2846,3922,-734,-2841]],"type":"Polygon","properties":{"geoid":"51159","name":"Richmond"},"id":"51159"},{"arcs":[[-3913,3923,3924,3925,3926,3927,3928,3929]],"type":"Polygon","properties":{"geoid":"51053","name":"Dinwiddie"},"id":"51053"},{"arcs":[[-737,3930,3931,-723,-3899,3932,3933]],"type":"Polygon","properties":{"geoid":"51097","name":"King and Queen"},"id":"51097"},{"arcs":[[3934,-2857]],"type":"Polygon","properties":{"geoid":"51610","name":"Falls Church"},"id":"51610"},{"arcs":[[3935,-3921,-1588,3936,-3894]],"type":"Polygon","properties":{"geoid":"51113","name":"Madison"},"id":"51113"},{"arcs":[[-2832]],"type":"Polygon","properties":{"geoid":"51580","name":"Covington"},"id":"51580"},{"arcs":[[3937,-1610,3938,3939,3940]],"type":"Polygon","properties":{"geoid":"53037","name":"Kittitas"},"id":"53037"},{"arcs":[[3941,-3801,-1611,-3938,3942,3943]],"type":"Polygon","properties":{"geoid":"53007","name":"Chelan"},"id":"53007"},{"arcs":[[-2919,-775,-2925,3944,3945,3946,3947]],"type":"Polygon","properties":{"geoid":"54085","name":"Ritchie"},"id":"54085"},{"arcs":[[3948,3949,3950,3951,3952]],"type":"Polygon","properties":{"geoid":"54019","name":"Fayette"},"id":"54019"},{"arcs":[[-1626,3953,-2936,3954,3955,3956,3957]],"type":"Polygon","properties":{"geoid":"54083","name":"Randolph"},"id":"54083"},{"arcs":[[3958,-2937,-3954,-1625]],"type":"Polygon","properties":{"geoid":"54093","name":"Tucker"},"id":"54093"},{"arcs":[[3959,-1621,3960,3961,3962,3963]],"type":"Polygon","properties":{"geoid":"54007","name":"Braxton"},"id":"54007"},{"arcs":[[-3946,3964,-1622,-3960,3965]],"type":"Polygon","properties":{"geoid":"54021","name":"Gilmer"},"id":"54021"},{"arcs":[[3966,3967,3968,-1629,3969,3970]],"type":"Polygon","properties":{"geoid":"55057","name":"Juneau"},"id":"55057"},{"arcs":[[3971,3972,3973,3974,3975]],"type":"Polygon","properties":{"geoid":"55107","name":"Rusk"},"id":"55107"},{"arcs":[[-818,3976,3977,3978,3979,3980,3981,-821]],"type":"Polygon","properties":{"geoid":"56013","name":"Fremont"},"id":"56013"},{"arcs":[[-3645,-2479,-2955,3982,3983,-815]],"type":"Polygon","properties":{"geoid":"56003","name":"Big Horn"},"id":"56003"},{"arcs":[[3984,3985,3986,3987,-3979]],"type":"Polygon","properties":{"geoid":"56025","name":"Natrona"},"id":"56025"},{"arcs":[[[3988]],[[3989,-1,3990,3991,3992,3993]]],"type":"MultiPolygon","properties":{"geoid":"01097","name":"Mobile"},"id":"01097"},{"arcs":[[3994,-2299,-2,-3990,3995,3996]],"type":"Polygon","properties":{"geoid":"01129","name":"Washington"},"id":"01129"},{"arcs":[[-2426,-2410,3997,3998,3999,4000,-24]],"type":"Polygon","properties":{"geoid":"01107","name":"Pickens"},"id":"01107"},{"arcs":[[4001,-2265,4002,-248,4003,4004]],"type":"Polygon","properties":{"geoid":"01073","name":"Jefferson"},"id":"01073"},{"arcs":[[4005,4006,4007,-1774,4008,-1782,4009,4010]],"type":"Polygon","properties":{"geoid":"04015","name":"Mohave"},"id":"04015"},{"arcs":[[-3833,-843,4011,4012,-2791,-31]],"type":"Polygon","properties":{"geoid":"05073","name":"Lafayette"},"id":"05073"},{"arcs":[[4013,4014,4015,-4010,-1781,-1853,4016,-53]],"type":"Polygon","properties":{"geoid":"06071","name":"San Bernardino"},"id":"06071"},{"arcs":[[-72,4017,-3815,4018,4019,4020,4021]],"type":"Polygon","properties":{"geoid":"06001","name":"Alameda"},"id":"06001"},{"arcs":[[-76,4022,4023,4024,4025,4026,4027,4028,4029]],"type":"Polygon","properties":{"geoid":"06051","name":"Mono"},"id":"06051"},{"arcs":[[-1652,4030,4031,4032,4033]],"type":"Polygon","properties":{"geoid":"09180","name":"Southeastern Connecticut"},"id":"09180"},{"arcs":[[-921,4034,4035,-1681,4036,-3870,-3875]],"type":"Polygon","properties":{"geoid":"12127","name":"Volusia"},"id":"12127"},{"arcs":[[4037,4038,4039,4040,4041]],"type":"Polygon","properties":{"geoid":"12031","name":"Duval"},"id":"12031"},{"arcs":[[4042,-521,4043,4044,4045,4046,4047,-1718,4048]],"type":"Polygon","properties":{"geoid":"02170","name":"Matanuska-Susitna"},"id":"02170"},{"arcs":[[-4046,4049,4050,4051]],"type":"Polygon","properties":{"geoid":"02020","name":"Anchorage"},"id":"02020"},{"arcs":[[-4044,-520,4052,-1745,4053]],"type":"Polygon","properties":{"geoid":"02066","name":"Copper River"},"id":"02066"},{"arcs":[[[4054]],[[4055]],[[4056]],[[4057]],[[4058]],[[4059]],[[4060]],[[4061]],[[4062]],[[4063]],[[4064,4065,4066,4067,4068]],[[4069]]],"type":"MultiPolygon","properties":{"geoid":"02150","name":"Kodiak Island"},"id":"02150"},{"arcs":[[4070,-2960,4071,4072,-518,-131,4073,-4049,-1717,4074]],"type":"Polygon","properties":{"geoid":"02290","name":"Yukon-Koyukuk"},"id":"02290"},{"arcs":[[-164,4075,-578,4076,4077,-2558]],"type":"Polygon","properties":{"geoid":"13245","name":"Richmond"},"id":"13245"},{"arcs":[[4078,4079,4080,-2551,4081,4082]],"type":"Polygon","properties":{"geoid":"13213","name":"Murray"},"id":"13213"},{"arcs":[[4083,4084,4085,-550,-559]],"type":"Polygon","properties":{"geoid":"16087","name":"Washington"},"id":"16087"},{"arcs":[[-1773,-2156,-2150,-1783,-4009]],"type":"Polygon","properties":{"geoid":"04025","name":"Yavapai"},"id":"04025"},{"arcs":[[4086,-2168,4087,4088,4089,-2446]],"type":"Polygon","properties":{"geoid":"17003","name":"Alexander"},"id":"17003"},{"arcs":[[4090,-215,4091,4092,4093]],"type":"Polygon","properties":{"geoid":"18147","name":"Spencer"},"id":"18147"},{"arcs":[[4094,4095,4096,4097,-1021,4098,4099,-2171]],"type":"Polygon","properties":{"geoid":"18083","name":"Knox"},"id":"18083"},{"arcs":[[4100,4101,4102,4103,4104]],"type":"Polygon","properties":{"geoid":"19051","name":"Davis"},"id":"19051"},{"arcs":[[-2172,-4100,4105,4106,4107,-2183,4108]],"type":"Polygon","properties":{"geoid":"18051","name":"Gibson"},"id":"18051"},{"arcs":[[-3907,-1574,-2848,4109,4110,4111]],"type":"Polygon","properties":{"geoid":"51067","name":"Franklin"},"id":"51067"},{"arcs":[[4112,4113,4114,4115,4116,4117,4118,-3926]],"type":"Polygon","properties":{"geoid":"51149","name":"Prince George"},"id":"51149"},{"arcs":[[4119,-745,-2836,-3888,-3919,4120,-1543]],"type":"Polygon","properties":{"geoid":"51061","name":"Fauquier"},"id":"51061"},{"arcs":[[4121,-1594,-1553,4122,-2826,4123]],"type":"Polygon","properties":{"geoid":"51017","name":"Bath"},"id":"51017"},{"arcs":[[4124,-3883,4125,-738,-3934,4126,4127]],"type":"Polygon","properties":{"geoid":"51033","name":"Caroline"},"id":"51033"},{"arcs":[[-2916,4128,4129,-1628,4130,-1618,4131]],"type":"Polygon","properties":{"geoid":"54033","name":"Harrison"},"id":"54033"},{"arcs":[[4132,-3962,4133,4134,-3950,4135]],"type":"Polygon","properties":{"geoid":"54067","name":"Nicholas"},"id":"54067"},{"arcs":[[-2924,-2917,-4132,-1617,-3965,-3945]],"type":"Polygon","properties":{"geoid":"54017","name":"Doddridge"},"id":"54017"},{"arcs":[[4136,-3947,-3966,-3964,4137,4138]],"type":"Polygon","properties":{"geoid":"54013","name":"Calhoun"},"id":"54013"},{"arcs":[[-822,-3982,4139,4140]],"type":"Polygon","properties":{"geoid":"56035","name":"Sublette"},"id":"56035"},{"arcs":[[4141,-1512,4142,4143,-1458]],"type":"Polygon","properties":{"geoid":"48269","name":"King"},"id":"48269"},{"arcs":[[-103,4144,-113,4145]],"type":"Polygon","properties":{"geoid":"12053","name":"Hernando"},"id":"12053"},{"arcs":[[-142,4146,-3027,4147,-1705]],"type":"Polygon","properties":{"geoid":"12047","name":"Hamilton"},"id":"12047"},{"arcs":[[[4148]],[[4149]],[[4150]],[[4151]],[[4152]],[[4153]],[[4154]],[[4155]],[[4156]],[[4157]],[[4158]],[[4159]],[[4160]],[[4161,4162,4163,4164]],[[4165]],[[4166]],[[4167]],[[4168]],[[4169]],[[4170]]],"type":"MultiPolygon","properties":{"geoid":"02013","name":"Aleutians East"},"id":"02013"},{"arcs":[[[4173,4174,4175,4176]],[[4177,4178,4179,4180]]],"type":"MultiPolygon","properties":{"geoid":"02100","name":"Haines"},"id":"02100"},{"arcs":[[[4181]],[[4182,4183]],[[4184]],[[4185,4186]]],"type":"MultiPolygon","properties":{"geoid":"02220","name":"Sitka"},"id":"02220"},{"arcs":[[4189,4190,4191,-1750,-956,4192]],"type":"Polygon","properties":{"geoid":"13251","name":"Screven"},"id":"13251"},{"arcs":[[4193,-608,4194,-4083,4195,4196]],"type":"Polygon","properties":{"geoid":"13313","name":"Whitfield"},"id":"13313"},{"arcs":[[4197,-2132,-175,-2161]],"type":"Polygon","properties":{"geoid":"16007","name":"Bear Lake"},"id":"16007"},{"arcs":[[4198,-207,4199,-2483,-1754,-987,4200,4201,-1760]],"type":"Polygon","properties":{"geoid":"16049","name":"Idaho"},"id":"16049"},{"arcs":[[-2981,4202,-1807,-2810,-1795]],"type":"Polygon","properties":{"geoid":"05003","name":"Ashley"},"id":"05003"},{"arcs":[[-59,-2994,4203,4204,4205,4206]],"type":"Polygon","properties":{"geoid":"06053","name":"Monterey"},"id":"06053"},{"arcs":[[-4027,4207,4208,4209,-4015,4210,-2948,4211]],"type":"Polygon","properties":{"geoid":"06027","name":"Inyo"},"id":"06027"},{"arcs":[[4212,-4019,-3819,-866,-2992,-57,-1859]],"type":"Polygon","properties":{"geoid":"06085","name":"Santa Clara"},"id":"06085"},{"arcs":[[4213,4214,-3847,4215,4216]],"type":"Polygon","properties":{"geoid":"06023","name":"Humboldt"},"id":"06023"},{"arcs":[[4217,-908,4218,4219,-2536,4220]],"type":"Polygon","properties":{"geoid":"08023","name":"Costilla"},"id":"08023"},{"arcs":[[4221,4222,-1881,-890,-1883]],"type":"Polygon","properties":{"geoid":"08057","name":"Jackson"},"id":"08057"},{"arcs":[[-88,-911,4223,-2123]],"type":"Polygon","properties":{"geoid":"08033","name":"Dolores"},"id":"08033"},{"arcs":[[[4224]],[[4225]],[[-481,4226]],[[4227,4228]]],"type":"MultiPolygon","properties":{"geoid":"37055","name":"Dare"},"id":"37055"},{"arcs":[[-494,-3704,4229,4230,-1269,4231]],"type":"Polygon","properties":{"geoid":"37015","name":"Bertie"},"id":"37015"},{"arcs":[[4232,4233,4234,4235,-508,4236,-1284]],"type":"Polygon","properties":{"geoid":"39095","name":"Lucas"},"id":"39095"},{"arcs":[[-3714,4237,4238,4239]],"type":"Polygon","properties":{"geoid":"39125","name":"Paulding"},"id":"39125"},{"arcs":[[4240,4241,4242,4243,-1335,-1342,4244,4245,4246]],"type":"Polygon","properties":{"geoid":"42125","name":"Washington"},"id":"42125"},{"arcs":[[-3549,4247,-444,4248,-1660,-2026,-2029]],"type":"Polygon","properties":{"geoid":"42045","name":"Delaware"},"id":"42045"},{"arcs":[[4249,4250,-1893,-2546,-2025,4251,4252]],"type":"Polygon","properties":{"geoid":"42127","name":"Wayne"},"id":"42127"},{"arcs":[[4253,4254,-2008,4255,4256]],"type":"Polygon","properties":{"geoid":"42095","name":"Northampton"},"id":"42095"},{"arcs":[[4257,-2039,4258,-152,-1752]],"type":"Polygon","properties":{"geoid":"45053","name":"Jasper"},"id":"45053"},{"arcs":[[4259,4260,4261,-162,-3070,-1740]],"type":"Polygon","properties":{"geoid":"45065","name":"McCormick"},"id":"45065"},{"arcs":[[4262,4263,4264,4265,-596,4266,4267,4268]],"type":"Polygon","properties":{"geoid":"46023","name":"Charles Mix"},"id":"46023"},{"arcs":[[4269,-44,4270,4271,4272,-404,4273]],"type":"Polygon","properties":{"geoid":"47157","name":"Shelby"},"id":"47157"},{"arcs":[[4274,4275,4276,4277,-2093,4278]],"type":"Polygon","properties":{"geoid":"48245","name":"Jefferson"},"id":"48245"},{"arcs":[[-2108,-34,-289,-702,4279]],"type":"Polygon","properties":{"geoid":"48067","name":"Cass"},"id":"48067"},{"arcs":[[4280,-1532,-2119,-1769,-4008,4281]],"type":"Polygon","properties":{"geoid":"49025","name":"Kane"},"id":"49025"},{"arcs":[[4282,4283,-3780,-1514,-705,4284]],"type":"Polygon","properties":{"geoid":"49003","name":"Box Elder"},"id":"49003"},{"arcs":[[4285,-4111,4286,-473,4287,4288]],"type":"Polygon","properties":{"geoid":"51141","name":"Patrick"},"id":"51141"},{"arcs":[[4289,4290,4291,4292,4293,4294]],"type":"Polygon","properties":{"geoid":"18167","name":"Vigo"},"id":"18167"},{"arcs":[[-2567,-953,-2556,4295,4296,4297]],"type":"Polygon","properties":{"geoid":"13001","name":"Appling"},"id":"13001"},{"arcs":[[-3062,4298,4299,4300]],"type":"Polygon","properties":{"geoid":"13113","name":"Fayette"},"id":"13113"},{"arcs":[[4301,4302,-970,-3051,-2609]],"type":"Polygon","properties":{"geoid":"13021","name":"Bibb"},"id":"13021"},{"arcs":[[4303,4304,4305,-2579,4306,4307]],"type":"Polygon","properties":{"geoid":"13219","name":"Oconee"},"id":"13219"},{"arcs":[[4308,4309,-172,4310,4311]],"type":"Polygon","properties":{"geoid":"13311","name":"White"},"id":"13311"},{"arcs":[[4312,-964,-145,-1703,-134,4313]],"type":"Polygon","properties":{"geoid":"13027","name":"Brooks"},"id":"13027"},{"arcs":[[-160,4314,-2552,-951]],"type":"Polygon","properties":{"geoid":"13183","name":"Long"},"id":"13183"},{"arcs":[[-2582,-3546,-981,4315,-972,-3078,4316]],"type":"Polygon","properties":{"geoid":"13141","name":"Hancock"},"id":"13141"},{"arcs":[[-2162,-173,4317,-998,4318]],"type":"Polygon","properties":{"geoid":"16005","name":"Bannock"},"id":"16005"},{"arcs":[[-208,-4199,-1759]],"type":"Polygon","properties":{"geoid":"16061","name":"Lewis"},"id":"16061"},{"arcs":[[-789,4319,4320,-1004]],"type":"Polygon","properties":{"geoid":"17129","name":"Menard"},"id":"17129"},{"arcs":[[4321,4322,4323,4324,4325]],"type":"Polygon","properties":{"geoid":"17175","name":"Stark"},"id":"17175"},{"arcs":[[4326,4327,-2658,-2665,4328]],"type":"Polygon","properties":{"geoid":"19025","name":"Calhoun"},"id":"19025"},{"arcs":[[4329,4330,4331,-2670,4332,4333]],"type":"Polygon","properties":{"geoid":"19125","name":"Marion"},"id":"19125"},{"arcs":[[4334,4335,4336,4337]],"type":"Polygon","properties":{"geoid":"20001","name":"Allen"},"id":"20001"},{"arcs":[[4338,4339,4340,4341,-2685,4342,4343,4344]],"type":"Polygon","properties":{"geoid":"20135","name":"Ness"},"id":"20135"},{"arcs":[[4345,4346,4347,4348,4349,4350,-2727]],"type":"Polygon","properties":{"geoid":"21151","name":"Madison"},"id":"21151"},{"arcs":[[4351,-2692,4352,4353]],"type":"Polygon","properties":{"geoid":"21029","name":"Bullitt"},"id":"21029"},{"arcs":[[4354,-2717,4355,4356,4357]],"type":"Polygon","properties":{"geoid":"21217","name":"Taylor"},"id":"21217"},{"arcs":[[4358,-1080,-2772,4359,-1054,4360]],"type":"Polygon","properties":{"geoid":"21025","name":"Breathitt"},"id":"21025"},{"arcs":[[4361,4362,4363,4364,-2757,4365,-2721]],"type":"Polygon","properties":{"geoid":"21097","name":"Harrison"},"id":"21097"},{"arcs":[[-4366,-2756,4366,4367,4368,-2722]],"type":"Polygon","properties":{"geoid":"21017","name":"Bourbon"},"id":"21017"},{"arcs":[[-4350,4369,4370,4371,4372,4373,4374]],"type":"Polygon","properties":{"geoid":"21109","name":"Jackson"},"id":"21109"},{"arcs":[[-2760,-2764,-2713,-1077,-2774,4375]],"type":"Polygon","properties":{"geoid":"21165","name":"Menifee"},"id":"21165"},{"arcs":[[4376,-2782,-1101,-2297,4377,4378,4379,-2787]],"type":"Polygon","properties":{"geoid":"22009","name":"Avoyelles"},"id":"22009"},{"arcs":[[-1085,4380,4381,4382,4383,4384]],"type":"Polygon","properties":{"geoid":"22005","name":"Ascension"},"id":"22005"},{"arcs":[[4385,4386,-2817,-2780,-2808,-1105]],"type":"Polygon","properties":{"geoid":"22127","name":"Winn"},"id":"22127"},{"arcs":[[-2339,4387,4388,-310,4389]],"type":"Polygon","properties":{"geoid":"23007","name":"Franklin"},"id":"23007"},{"arcs":[[-3608,4390,4391,4392]],"type":"Polygon","properties":{"geoid":"25015","name":"Hampshire"},"id":"25015"},{"arcs":[[4393,-2365,-373,-1114,-3313]],"type":"Polygon","properties":{"geoid":"26119","name":"Montmorency"},"id":"26119"},{"arcs":[[4394,4395,4396,4397,4398,4399,4400]],"type":"Polygon","properties":{"geoid":"27053","name":"Hennepin"},"id":"27053"},{"arcs":[[-1142,-1128,-398,4401,4402]],"type":"Polygon","properties":{"geoid":"27165","name":"Watonwan"},"id":"27165"},{"arcs":[[-1154,-3356,4403,4404,-2415,4405,4406]],"type":"Polygon","properties":{"geoid":"28163","name":"Yazoo"},"id":"28163"},{"arcs":[[4407,-3357,4408,-3349,4409,-4404]],"type":"Polygon","properties":{"geoid":"28089","name":"Madison"},"id":"28089"},{"arcs":[[4410,4411,4412,4413,4414,4415,4416]],"type":"Polygon","properties":{"geoid":"29019","name":"Boone"},"id":"29019"},{"arcs":[[4417,4418,-3382,4419,4420,4421]],"type":"Polygon","properties":{"geoid":"29063","name":"DeKalb"},"id":"29063"},{"arcs":[[4422,4423,-1161,4424,4425,-3377]],"type":"Polygon","properties":{"geoid":"29195","name":"Saline"},"id":"29195"},{"arcs":[[-2497,-2498,4426,4427,4428,-429]],"type":"Polygon","properties":{"geoid":"30055","name":"McCone"},"id":"30055"},{"arcs":[[4429,4430,-1191]],"type":"Polygon","properties":{"geoid":"30047","name":"Lake"},"id":"30047"},{"arcs":[[4431,4432,-1182,4433,4434]],"type":"Polygon","properties":{"geoid":"30013","name":"Cascade"},"id":"30013"},{"arcs":[[4435,4436,-2491,4437,4438,-4432,4439,4440]],"type":"Polygon","properties":{"geoid":"30015","name":"Chouteau"},"id":"30015"},{"arcs":[[-2486,4441,4442,4443,4444]],"type":"Polygon","properties":{"geoid":"30069","name":"Petroleum"},"id":"30069"},{"arcs":[[4445,4446,4447,4448,4449,4450]],"type":"Polygon","properties":{"geoid":"31183","name":"Wheeler"},"id":"31183"},{"arcs":[[4451,4452,4453,4454,-1215]],"type":"Polygon","properties":{"geoid":"35021","name":"Harding"},"id":"35021"},{"arcs":[[4455,-3449,4456,4457]],"type":"Polygon","properties":{"geoid":"36067","name":"Onondaga"},"id":"36067"},{"arcs":[[4458,4459,4460,4461,4462,4463]],"type":"Polygon","properties":{"geoid":"37057","name":"Davidson"},"id":"37057"},{"arcs":[[-3483,4464,-466,4465,-1906,-1902,4466,4467]],"type":"Polygon","properties":{"geoid":"37141","name":"Pender"},"id":"37141"},{"arcs":[[4468,4469,-1936,4470,4471]],"type":"Polygon","properties":{"geoid":"37167","name":"Stanly"},"id":"37167"},{"arcs":[[-4462,4472,-3470,-1234,-4470]],"type":"Polygon","properties":{"geoid":"37123","name":"Montgomery"},"id":"37123"},{"arcs":[[-1242,-3484,-4468,4473,4474]],"type":"Polygon","properties":{"geoid":"37017","name":"Bladen"},"id":"37017"},{"arcs":[[-1252,-3706,4475,-3459,4476,-3479]],"type":"Polygon","properties":{"geoid":"37111","name":"McDowell"},"id":"37111"},{"arcs":[[4477,4478,4479,4480,4481,4482,4483]],"type":"Polygon","properties":{"geoid":"38059","name":"Morton"},"id":"38059"},{"arcs":[[4484,4485,4486,4487,4488,4489]],"type":"Polygon","properties":{"geoid":"39021","name":"Champaign"},"id":"39021"},{"arcs":[[4490,4491,-3543,-560,-555,4492,4493,4494]],"type":"Polygon","properties":{"geoid":"41023","name":"Grant"},"id":"41023"},{"arcs":[[4495,4496,-4494,4497,-1307]],"type":"Polygon","properties":{"geoid":"41013","name":"Crook"},"id":"41013"},{"arcs":[[4498,-4252,-2024,4499,4500,-4254,4501,4502]],"type":"Polygon","properties":{"geoid":"42089","name":"Monroe"},"id":"42089"},{"arcs":[[4503,4504,4505,4506,4507]],"type":"Polygon","properties":{"geoid":"42031","name":"Clarion"},"id":"42031"},{"arcs":[[-4506,4508,4509,-1338,4510]],"type":"Polygon","properties":{"geoid":"42005","name":"Armstrong"},"id":"42005"},{"arcs":[[4511,-3562,4512,-2002,4513,4514]],"type":"Polygon","properties":{"geoid":"42067","name":"Juniata"},"id":"42067"},{"arcs":[[-3100,-2048,4515,-3098,-1369,-3095,-1353,-3108]],"type":"Polygon","properties":{"geoid":"45041","name":"Florence"},"id":"45041"},{"arcs":[[-3106,4516,-3094,-1357,4517,4518,4519]],"type":"Polygon","properties":{"geoid":"45071","name":"Newberry"},"id":"45071"},{"arcs":[[-3090,-3733,4520,4521]],"type":"Polygon","properties":{"geoid":"45009","name":"Bamberg"},"id":"45009"},{"arcs":[[-4521,4522,-4191,4523,4524]],"type":"Polygon","properties":{"geoid":"45005","name":"Allendale"},"id":"45005"},{"arcs":[[-3179,4526,-3149,4527,4528]],"type":"Polygon","properties":{"geoid":"47185","name":"White"},"id":"47185"},{"arcs":[[-3153,4529,-1420,-1405,-3175,-3176,-3136,-3199,4530]],"type":"Polygon","properties":{"geoid":"47145","name":"Roane"},"id":"47145"},{"arcs":[[4531,4532,-3190,4533,-1401]],"type":"Polygon","properties":{"geoid":"47089","name":"Jefferson"},"id":"47089"},{"arcs":[[4534,-2070,4535,-2065,4536,-4532,-1400]],"type":"Polygon","properties":{"geoid":"47057","name":"Grainger"},"id":"47057"},{"arcs":[[4537,4538,-1484,4539,-3278,4540]],"type":"Polygon","properties":{"geoid":"48395","name":"Robertson"},"id":"48395"},{"arcs":[[-1434,-3256,4541,-1492,-1446,4542,-1482]],"type":"Polygon","properties":{"geoid":"48225","name":"Houston"},"id":"48225"},{"arcs":[[-1494,4543,4544,4545,4546,4547]],"type":"Polygon","properties":{"geoid":"48373","name":"Polk"},"id":"48373"},{"arcs":[[-1463,4548,4549,-1479,4550,-3201]],"type":"Polygon","properties":{"geoid":"48491","name":"Williamson"},"id":"48491"},{"arcs":[[4551,4552,-3266,4553,-1467,4554,4555]],"type":"Polygon","properties":{"geoid":"48411","name":"San Saba"},"id":"48411"},{"arcs":[[4556,4557,4558,4559,4560]],"type":"Polygon","properties":{"geoid":"48503","name":"Young"},"id":"48503"},{"arcs":[[4561,4562,-3590,4563,4564,4565,4566]],"type":"Polygon","properties":{"geoid":"48419","name":"Shelby"},"id":"48419"},{"arcs":[[4567,4568,4569,-4545]],"type":"Polygon","properties":{"geoid":"48457","name":"Tyler"},"id":"48457"},{"arcs":[[4570,4571,4572,4573,4574,4575,-4569]],"type":"Polygon","properties":{"geoid":"48241","name":"Jasper"},"id":"48241"},{"arcs":[[-3245,-1427,4576,4577,4578]],"type":"Polygon","properties":{"geoid":"48089","name":"Colorado"},"id":"48089"},{"arcs":[[4579,4580,4581,-3764,4582]],"type":"Polygon","properties":{"geoid":"48025","name":"Bee"},"id":"48025"},{"arcs":[[-1483,-4543,-1451,4583,4584]],"type":"Polygon","properties":{"geoid":"48313","name":"Madison"},"id":"48313"},{"arcs":[[4585,4586,4587,-3303,-685]],"type":"Polygon","properties":{"geoid":"48109","name":"Culberson"},"id":"48109"},{"arcs":[[4588,4589,4590,-1468,4591]],"type":"Polygon","properties":{"geoid":"48327","name":"Menard"},"id":"48327"},{"arcs":[[4592,-3879,-2120,-1530,4593]],"type":"Polygon","properties":{"geoid":"49055","name":"Wayne"},"id":"49055"},{"arcs":[[-1544,-4121,-3922,-3936,-3893]],"type":"Polygon","properties":{"geoid":"51157","name":"Rappahannock"},"id":"51157"},{"arcs":[[-1590,-3920,-3886,4594,-3884,-4125,4595,-1583]],"type":"Polygon","properties":{"geoid":"51177","name":"Spotsylvania"},"id":"51177"},{"arcs":[[-3842,4596,4597,-1808,4598,4599]],"type":"Polygon","properties":{"geoid":"05095","name":"Monroe"},"id":"05095"},{"arcs":[[4600,4601,4602,4603,4604,-3867,-3859]],"type":"Polygon","properties":{"geoid":"08043","name":"Fremont"},"id":"08043"},{"arcs":[[-3865,4605,-4601,-3858,4606,4607]],"type":"Polygon","properties":{"geoid":"08015","name":"Chaffee"},"id":"08015"},{"arcs":[[4608,-897,-1867,4609,-4607,-3857,-3023,-900]],"type":"Polygon","properties":{"geoid":"08051","name":"Gunnison"},"id":"08051"},{"arcs":[[-3871,-4037,4610]],"type":"Polygon","properties":{"geoid":"12117","name":"Seminole"},"id":"12117"},{"arcs":[[-1706,-4148,-3032,-935,4611]],"type":"Polygon","properties":{"geoid":"12121","name":"Suwannee"},"id":"12121"},{"arcs":[[4612,-4296,-2555,-2563,4613]],"type":"Polygon","properties":{"geoid":"13229","name":"Pierce"},"id":"13229"},{"arcs":[[4614,-4077,-577,4615,-4524,-4190,4616,-2572]],"type":"Polygon","properties":{"geoid":"13033","name":"Burke"},"id":"13033"},{"arcs":[[-3130,4617,4618,-1393,-3120,-3117]],"type":"Polygon","properties":{"geoid":"46117","name":"Stanley"},"id":"46117"},{"arcs":[[4619,-3753,4620,4621,-1408,-3167]],"type":"Polygon","properties":{"geoid":"47053","name":"Gibson"},"id":"47053"},{"arcs":[[4622,-3747,4623,4624,-3177,4625]],"type":"Polygon","properties":{"geoid":"47159","name":"Smith"},"id":"47159"},{"arcs":[[-3154,-4531,-3198,-605,4626]],"type":"Polygon","properties":{"geoid":"47143","name":"Rhea"},"id":"47143"},{"arcs":[[-2064,-613,-3191,-4533,-4537]],"type":"Polygon","properties":{"geoid":"47063","name":"Hamblen"},"id":"47063"},{"arcs":[[4627,4628,-3147,-3189,4629,-2074]],"type":"Polygon","properties":{"geoid":"47117","name":"Marshall"},"id":"47117"},{"arcs":[[4630,-692,4631,-4567,4632,-3253,-3220]],"type":"Polygon","properties":{"geoid":"48401","name":"Rusk"},"id":"48401"},{"arcs":[[-4540,-4585,4633,-1497,-3279]],"type":"Polygon","properties":{"geoid":"48041","name":"Brazos"},"id":"48041"},{"arcs":[[4634,4635,-699,4636,-3239,4637]],"type":"Polygon","properties":{"geoid":"48119","name":"Delta"},"id":"48119"},{"arcs":[[4638,4639,4640,4641]],"type":"Polygon","properties":{"geoid":"48219","name":"Hockley"},"id":"48219"},{"arcs":[[-1495,-4548,4642,-3206,-1448]],"type":"Polygon","properties":{"geoid":"48407","name":"San Jacinto"},"id":"48407"},{"arcs":[[4643,-3290,-3260,-3223,4644,-1442]],"type":"Polygon","properties":{"geoid":"48467","name":"Van Zandt"},"id":"48467"},{"arcs":[[4645,-1436,-1481,4646,4647]],"type":"Polygon","properties":{"geoid":"48161","name":"Freestone"},"id":"48161"},{"arcs":[[-4565,4648,-4572,4649,4650]],"type":"Polygon","properties":{"geoid":"48405","name":"San Augustine"},"id":"48405"},{"arcs":[[4651,4652,4653,-1457,4654]],"type":"Polygon","properties":{"geoid":"48345","name":"Motley"},"id":"48345"},{"arcs":[[-3310,-1522,-1526,4655,4656,-711,-708]],"type":"Polygon","properties":{"geoid":"49049","name":"Utah"},"id":"49049"},{"arcs":[[4657,4658,4659,4660,4661,-1140,-3329,4662,4663]],"type":"Polygon","properties":{"geoid":"27129","name":"Renville"},"id":"27129"},{"arcs":[[4664,4665,4666,4667,4668,-1118,4669,4670]],"type":"Polygon","properties":{"geoid":"27021","name":"Cass"},"id":"27021"},{"arcs":[[-4662,4671,4672,-1124,-1141]],"type":"Polygon","properties":{"geoid":"27103","name":"Nicollet"},"id":"27103"},{"arcs":[[-4405,-4410,-3353,-3336,-2421,-2416]],"type":"Polygon","properties":{"geoid":"28049","name":"Hinds"},"id":"28049"},{"arcs":[[4673,4674,4675,4676,-3358,-4408,-3355]],"type":"Polygon","properties":{"geoid":"28007","name":"Attala"},"id":"28007"},{"arcs":[[4677,4678,4679,4680,4681,4682]],"type":"Polygon","properties":{"geoid":"28013","name":"Calhoun"},"id":"28013"},{"arcs":[[4683,4684,-3373,4685,4686]],"type":"Polygon","properties":{"geoid":"29085","name":"Hickory"},"id":"29085"},{"arcs":[[4687,4688,4689,-2476,4690,4691,4692,-4443]],"type":"Polygon","properties":{"geoid":"30087","name":"Rosebud"},"id":"30087"},{"arcs":[[-2485,-430,-4429,4693,4694,-4688,-4442]],"type":"Polygon","properties":{"geoid":"30033","name":"Garfield"},"id":"30033"},{"arcs":[[4695,4696,4697,4698,4699,4700]],"type":"Polygon","properties":{"geoid":"31155","name":"Saunders"},"id":"31155"},{"arcs":[[4701,-2509,4702,-3420]],"type":"Polygon","properties":{"geoid":"32011","name":"Eureka"},"id":"32011"},{"arcs":[[4703,4704,4705,4706,4707,-3442,4708]],"type":"Polygon","properties":{"geoid":"36043","name":"Herkimer"},"id":"36043"},{"arcs":[[4709,4710,-1949,4711,-3497]],"type":"Polygon","properties":{"geoid":"38071","name":"Ramsey"},"id":"38071"},{"arcs":[[4712,4713,4714,4715,4716,4717]],"type":"Polygon","properties":{"geoid":"39079","name":"Jackson"},"id":"39079"},{"arcs":[[4718,4719,4720,4721,4722,4723]],"type":"Polygon","properties":{"geoid":"40145","name":"Wagoner"},"id":"40145"},{"arcs":[[4724,4725,-3537,4726,4727,4728]],"type":"Polygon","properties":{"geoid":"40043","name":"Dewey"},"id":"40043"},{"arcs":[[4729,-1316,4730,-1305,-1978,4731]],"type":"Polygon","properties":{"geoid":"41043","name":"Linn"},"id":"41043"},{"arcs":[[-3554,4732,4733,-2030,-332,-324,-569]],"type":"Polygon","properties":{"geoid":"42071","name":"Lancaster"},"id":"42071"},{"arcs":[[4734,4735,4736,-1332,-1323,4737,4738,4739]],"type":"Polygon","properties":{"geoid":"42033","name":"Clearfield"},"id":"42033"},{"arcs":[[4740,4741,4742,4743,4744]],"type":"Polygon","properties":{"geoid":"42113","name":"Sullivan"},"id":"42113"},{"arcs":[[-1536,-3900,-730,4745,4746,-4117,4747]],"type":"Polygon","properties":{"geoid":"51036","name":"Charles City"},"id":"51036"},{"arcs":[[4748,4749,4750,4751,4752,4753]],"type":"Polygon","properties":{"geoid":"51029","name":"Buckingham"},"id":"51029"},{"arcs":[[-3799,-2895,-1606,4754,-2886,4755,4756]],"type":"Polygon","properties":{"geoid":"53043","name":"Lincoln"},"id":"53043"},{"arcs":[[4757,-3953,4758,4759,-1614,4760]],"type":"Polygon","properties":{"geoid":"54081","name":"Raleigh"},"id":"54081"},{"arcs":[[4761,4762,4763,-4136,-3949,-4758,4764,4765,4766]],"type":"Polygon","properties":{"geoid":"54039","name":"Kanawha"},"id":"54039"},{"arcs":[[4767,-4139,4768,-4763,4769]],"type":"Polygon","properties":{"geoid":"54087","name":"Roane"},"id":"54087"},{"arcs":[[4770,4771,4772,4773,4774,-3969]],"type":"Polygon","properties":{"geoid":"55001","name":"Adams"},"id":"55001"},{"arcs":[[4775,4776,-27,4777,-2300,-3995,4778]],"type":"Polygon","properties":{"geoid":"01023","name":"Choctaw"},"id":"01023"},{"arcs":[[-3004,4779,4780,-828,-877]],"type":"Polygon","properties":{"geoid":"06091","name":"Sierra"},"id":"06091"},{"arcs":[[-914,-1654,4781,4782,4783]],"type":"Polygon","properties":{"geoid":"09170","name":"South Central Connecticut"},"id":"09170"},{"arcs":[[[4784,4785]],[[4786,4787,4788,4789]]],"type":"MultiPolygon","properties":{"geoid":"02195","name":"Petersburg"},"id":"02195"},{"arcs":[[[4790]],[[-2961,-4071,4791,4792]],[[4793]]],"type":"MultiPolygon","properties":{"geoid":"02180","name":"Nome"},"id":"02180"},{"arcs":[[4794,4795,4796,-1000,4797,-4283,4798,4799]],"type":"Polygon","properties":{"geoid":"16031","name":"Cassia"},"id":"16031"},{"arcs":[[4800,4801,-3573,-304,-2259,4802]],"type":"Polygon","properties":{"geoid":"01047","name":"Dallas"},"id":"01047"},{"arcs":[[-2779,4803,4804,-2902,4805,-1060,-2711]],"type":"Polygon","properties":{"geoid":"21127","name":"Lawrence"},"id":"21127"},{"arcs":[[-1796,-2813,4806,4807,4808]],"type":"Polygon","properties":{"geoid":"22111","name":"Union"},"id":"22111"},{"arcs":[[-564,4809,4810,-3599,-784,4811,4812,4813]],"type":"Polygon","properties":{"geoid":"24001","name":"Allegany"},"id":"24001"},{"arcs":[[[-3618,4814,-3311,4815,4816]],[[4817]]],"type":"MultiPolygon","properties":{"geoid":"26029","name":"Charlevoix"},"id":"26029"},{"arcs":[[-2447,-4090,4818,-2436,4819]],"type":"Polygon","properties":{"geoid":"29201","name":"Scott"},"id":"29201"},{"arcs":[[4820,-3438,4821,4822,4823]],"type":"Polygon","properties":{"geoid":"35017","name":"Grant"},"id":"35017"},{"arcs":[[4824,4825,-4482,4826,4827]],"type":"Polygon","properties":{"geoid":"38085","name":"Sioux"},"id":"38085"},{"arcs":[[4828,4829,4830,4831,4832,-539]],"type":"Polygon","properties":{"geoid":"40147","name":"Washington"},"id":"40147"},{"arcs":[[4833,4834,4835,-3102,4836,4837]],"type":"Polygon","properties":{"geoid":"45083","name":"Spartanburg"},"id":"45083"},{"arcs":[[4838,4839,-3301,-645,4840]],"type":"Polygon","properties":{"geoid":"48427","name":"Starr"},"id":"48427"},{"arcs":[[-4575,4841,4842,4843,-4276,4844]],"type":"Polygon","properties":{"geoid":"48361","name":"Orange"},"id":"48361"},{"arcs":[[4845,4846,4847,4848,4849,4850]],"type":"Polygon","properties":{"geoid":"19111","name":"Lee"},"id":"19111"},{"arcs":[[-3565,4851,-21,4852,4853,-2326]],"type":"Polygon","properties":{"geoid":"01109","name":"Pike"},"id":"01109"},{"arcs":[[4854,4855,4856,4857,4858,4859,4860]],"type":"Polygon","properties":{"geoid":"21139","name":"Livingston"},"id":"21139"},{"arcs":[[-213,4861,4862,-2699,-1050,4863]],"type":"Polygon","properties":{"geoid":"21027","name":"Breckinridge"},"id":"21027"},{"arcs":[[-4806,-2901,-2906,-2250,-2750,-1061]],"type":"Polygon","properties":{"geoid":"21159","name":"Martin"},"id":"21159"},{"arcs":[[4864,-2744,-2271,-2066,4865,4866]],"type":"Polygon","properties":{"geoid":"21235","name":"Whitley"},"id":"21235"},{"arcs":[[4867,4868,-2708,4869,-4858,4870]],"type":"Polygon","properties":{"geoid":"21055","name":"Crittenden"},"id":"21055"},{"arcs":[[[-2294,-414,-2316,4871,4872]],[[-4378,-2296,4873]]],"type":"MultiPolygon","properties":{"geoid":"22125","name":"West Feliciana"},"id":"22125"},{"arcs":[[[4874]],[[-330,4875,-1666,4876,4877]]],"type":"MultiPolygon","properties":{"geoid":"24019","name":"Dorchester"},"id":"24019"},{"arcs":[[4878,-565,-4814,4879,-2932,4880]],"type":"Polygon","properties":{"geoid":"24023","name":"Garrett"},"id":"24023"},{"arcs":[[4881,-1669,4882,4883,4884,-3597,4885,-2860]],"type":"Polygon","properties":{"geoid":"24033","name":"Prince George's"},"id":"24033"},{"arcs":[[-2354,-93,-1667,-4876,-329]],"type":"Polygon","properties":{"geoid":"24011","name":"Caroline"},"id":"24011"},{"arcs":[[4886,4887,4888,-4235,4889]],"type":"Polygon","properties":{"geoid":"26115","name":"Monroe"},"id":"26115"},{"arcs":[[-1127,4890,4891,4892,4893,-400]],"type":"Polygon","properties":{"geoid":"27043","name":"Faribault"},"id":"27043"},{"arcs":[[-1803,-2406,4894,-4406,-2414,-2302]],"type":"Polygon","properties":{"geoid":"28055","name":"Issaquena"},"id":"28055"},{"arcs":[[4895,-2472,4896,4897,4898,4899]],"type":"Polygon","properties":{"geoid":"29013","name":"Bates"},"id":"29013"},{"arcs":[[4900,4901,4902,4903,4904,-2469,4905]],"type":"Polygon","properties":{"geoid":"29095","name":"Jackson"},"id":"29095"},{"arcs":[[4906,-4104,4907,4908,-2459]],"type":"Polygon","properties":{"geoid":"29197","name":"Schuyler"},"id":"29197"},{"arcs":[[-1193,4909,-205,-184]],"type":"Polygon","properties":{"geoid":"30061","name":"Mineral"},"id":"30061"},{"arcs":[[4911,-449,-3656,4912,-1656]],"type":"Polygon","properties":{"geoid":"34033","name":"Salem"},"id":"34033"},{"arcs":[[-4501,4913,-1211,4914,-2009,-4255]],"type":"Polygon","properties":{"geoid":"34041","name":"Warren"},"id":"34041"},{"arcs":[[4915,4916,4917,-3668,4918,4919,4920]],"type":"Polygon","properties":{"geoid":"34003","name":"Bergen"},"id":"34003"},{"arcs":[[4921,4922,-4921,4923,-1206,4924]],"type":"Polygon","properties":{"geoid":"34031","name":"Passaic"},"id":"34031"},{"arcs":[[-4220,4925,4926,-4452,-1214,-2537]],"type":"Polygon","properties":{"geoid":"35007","name":"Colfax"},"id":"35007"},{"arcs":[[4927,4928,4929,4930,-4917,4931]],"type":"Polygon","properties":{"geoid":"36119","name":"Westchester"},"id":"36119"},{"arcs":[[4932,-457,4933,4934,-3450,-4456,4935]],"type":"Polygon","properties":{"geoid":"36075","name":"Oswego"},"id":"36075"},{"arcs":[[4936,-2583,-4317,-3081,4937,4938]],"type":"Polygon","properties":{"geoid":"13237","name":"Putnam"},"id":"13237"},{"arcs":[[-3079,-976,4939,4940,-967,4941]],"type":"Polygon","properties":{"geoid":"13319","name":"Wilkinson"},"id":"13319"},{"arcs":[[-2569,4942,4943,-2598]],"type":"Polygon","properties":{"geoid":"13209","name":"Montgomery"},"id":"13209"},{"arcs":[[4944,-2626,-2624,4945,4946,4947,4948,-199]],"type":"Polygon","properties":{"geoid":"16039","name":"Elmore"},"id":"16039"},{"arcs":[[4949,4950,4951,4952,4953,4954]],"type":"Polygon","properties":{"geoid":"19107","name":"Keokuk"},"id":"19107"},{"arcs":[[4955,-2224,4956,4957,4958,-2688]],"type":"Polygon","properties":{"geoid":"20149","name":"Pottawatomie"},"id":"20149"},{"arcs":[[4959,4960,4961,4962,4963,4964]],"type":"Polygon","properties":{"geoid":"20163","name":"Rooks"},"id":"20163"},{"arcs":[[-2771,-2751,-2248,-3574,-1055,-4360]],"type":"Polygon","properties":{"geoid":"21119","name":"Knott"},"id":"21119"},{"arcs":[[4965,4966,4967,-1070,4968,-2694,4969]],"type":"Polygon","properties":{"geoid":"21005","name":"Anderson"},"id":"21005"},{"arcs":[[4970,4971,-4374,4972,-2742,-4865,4973]],"type":"Polygon","properties":{"geoid":"21125","name":"Laurel"},"id":"21125"},{"arcs":[[-2167,4974,4975,4976,-4088]],"type":"Polygon","properties":{"geoid":"21007","name":"Ballard"},"id":"21007"},{"arcs":[[4977,4978,4979,4980,-4386,-1104,-2806,-2793]],"type":"Polygon","properties":{"geoid":"22013","name":"Bienville"},"id":"22013"},{"arcs":[[-2802,-1090,4981,-3583,4982]],"type":"Polygon","properties":{"geoid":"22101","name":"St. Mary"},"id":"22101"},{"arcs":[[4983,4984,-1094,-2799,4985]],"type":"Polygon","properties":{"geoid":"22055","name":"Lafayette"},"id":"22055"},{"arcs":[[4986,-2287,4987,-4381,-1084]],"type":"Polygon","properties":{"geoid":"22063","name":"Livingston"},"id":"22063"},{"arcs":[[-4874,-2295,-4873,4988,4989,-1091,4990,-4379]],"type":"Polygon","properties":{"geoid":"22077","name":"Pointe Coupee"},"id":"22077"},{"arcs":[[-2314,4991,-2288,-4987,-1083]],"type":"Polygon","properties":{"geoid":"22091","name":"St. Helena"},"id":"22091"},{"arcs":[[[4992,-3802,-3942,4993,4994]],[[4995]]],"type":"MultiPolygon","properties":{"geoid":"53057","name":"Skagit"},"id":"53057"},{"arcs":[[-3796,4996,-2879,4997,4998]],"type":"Polygon","properties":{"geoid":"53031","name":"Jefferson"},"id":"53031"},{"arcs":[[4999,-1602,5000,5001]],"type":"Polygon","properties":{"geoid":"53049","name":"Pacific"},"id":"53049"},{"arcs":[[[5002,-3943,-3941,-2881,5003]],[[5004]]],"type":"MultiPolygon","properties":{"geoid":"53033","name":"King"},"id":"53033"},{"arcs":[[5005,-4994,-3944,-5003,5006,-759]],"type":"Polygon","properties":{"geoid":"53061","name":"Snohomish"},"id":"53061"},{"arcs":[[-3955,-2935,5007,5008,-1548,-1593,5009]],"type":"Polygon","properties":{"geoid":"54071","name":"Pendleton"},"id":"54071"},{"arcs":[[5010,5011,5012,5013,5014]],"type":"Polygon","properties":{"geoid":"55051","name":"Iron"},"id":"55051"},{"arcs":[[-863,5015,5016,-4029,5017]],"type":"Polygon","properties":{"geoid":"06039","name":"Madera"},"id":"06039"},{"arcs":[[-2990,-2995,-869,-3816,-4018,-71]],"type":"Polygon","properties":{"geoid":"06077","name":"San Joaquin"},"id":"06077"},{"arcs":[[-5018,-4028,-4212,-2951,5018,-4204,-2993,-864]],"type":"Polygon","properties":{"geoid":"06019","name":"Fresno"},"id":"06019"},{"arcs":[[-834,5019,-4599,-1814,-1815,5020,-3827]],"type":"Polygon","properties":{"geoid":"05001","name":"Arkansas"},"id":"05001"},{"arcs":[[5021,5022,5023,5024,5025,-3839,-2976]],"type":"Polygon","properties":{"geoid":"05067","name":"Jackson"},"id":"05067"},{"arcs":[[5026,5027,5028,5029,5030]],"type":"Polygon","properties":{"geoid":"05029","name":"Conway"},"id":"05029"},{"arcs":[[-1841,5031,5032,-5023,5033,5034]],"type":"Polygon","properties":{"geoid":"05075","name":"Lawrence"},"id":"05075"},{"arcs":[[5035,-4986,-2804,5036,5037,5038]],"type":"Polygon","properties":{"geoid":"22113","name":"Vermilion"},"id":"22113"},{"arcs":[[-4877,-1665,5039,-2344,5040]],"type":"Polygon","properties":{"geoid":"24045","name":"Wicomico"},"id":"24045"},{"arcs":[[[5041]],[[5042,5043,5044,5045,5046]]],"type":"MultiPolygon","properties":{"geoid":"26033","name":"Chippewa"},"id":"26033"},{"arcs":[[5047,-2368,5048,-2374]],"type":"Polygon","properties":{"geoid":"27075","name":"Lake"},"id":"27075"},{"arcs":[[5049,5050,5051,-1189,5052]],"type":"Polygon","properties":{"geoid":"30053","name":"Lincoln"},"id":"30053"},{"arcs":[[5053,-4474,-4467,-1905,-513]],"type":"Polygon","properties":{"geoid":"37047","name":"Columbus"},"id":"37047"},{"arcs":[[-1943,-396,-2372,5054,5055,5056,5057]],"type":"Polygon","properties":{"geoid":"38077","name":"Richland"},"id":"38077"},{"arcs":[[5058,-3083,-2053,5059,-3735]],"type":"Polygon","properties":{"geoid":"45019","name":"Charleston"},"id":"45019"},{"arcs":[[5060,5061,5062,5063,5064,-1422,5065]],"type":"Polygon","properties":{"geoid":"47147","name":"Robertson"},"id":"47147"},{"arcs":[[-3208,5067,-2097,5068,-2100,-680,-1439,5069]],"type":"Polygon","properties":{"geoid":"48201","name":"Harris"},"id":"48201"},{"arcs":[[-4564,-3589,5070,-4573,-4649]],"type":"Polygon","properties":{"geoid":"48403","name":"Sabine"},"id":"48403"},{"arcs":[[5071,-2842,-732,-4126,-3882]],"type":"Polygon","properties":{"geoid":"51099","name":"King George"},"id":"51099"},{"arcs":[[-4880,-4813,5072,-2933]],"type":"Polygon","properties":{"geoid":"54057","name":"Mineral"},"id":"54057"},{"arcs":[[5073,-2985,-839,-3832,5074]],"type":"Polygon","properties":{"geoid":"05109","name":"Pike"},"id":"05109"},{"arcs":[[5075,-3037,5076,5077]],"type":"Polygon","properties":{"geoid":"12049","name":"Hardee"},"id":"12049"},{"arcs":[[5078,5079,5080,5081,5082]],"type":"Polygon","properties":{"geoid":"17187","name":"Warren"},"id":"17187"},{"arcs":[[-4380,-4991,-1095,-4985,5083,-2788]],"type":"Polygon","properties":{"geoid":"22097","name":"St. Landry"},"id":"22097"},{"arcs":[[-1192,-4431,5084,-1175,5085,-2481,-4200,-206,-4910]],"type":"Polygon","properties":{"geoid":"30063","name":"Missoula"},"id":"30063"},{"arcs":[[5086,5087,5088,-4436,5089]],"type":"Polygon","properties":{"geoid":"30051","name":"Liberty"},"id":"30051"},{"arcs":[[-4483,-4826,5090,5091,5092]],"type":"Polygon","properties":{"geoid":"38037","name":"Grant"},"id":"38037"},{"arcs":[[5093,-3510,5094,5095,5096,5097]],"type":"Polygon","properties":{"geoid":"39101","name":"Marion"},"id":"39101"},{"arcs":[[-3088,-3084,-5059,-3734]],"type":"Polygon","properties":{"geoid":"45035","name":"Dorchester"},"id":"45035"},{"arcs":[[5098,-2071,-4535,-1399,-1419]],"type":"Polygon","properties":{"geoid":"47173","name":"Union"},"id":"47173"},{"arcs":[[5099,-4648,5100,5101,5102]],"type":"Polygon","properties":{"geoid":"48349","name":"Navarro"},"id":"48349"},{"arcs":[[5103,5104,-3238,5105,5106,5107]],"type":"Polygon","properties":{"geoid":"48069","name":"Castro"},"id":"48069"},{"arcs":[[5108,-1539,5109,-1537,-4748,-4116,5110,-4114,5111,5112,5113,-3924,-3912]],"type":"Polygon","properties":{"geoid":"51041","name":"Chesterfield"},"id":"51041"},{"arcs":[[5114,5115,5116,-1641,5117]],"type":"Polygon","properties":{"geoid":"31091","name":"Hooker"},"id":"31091"},{"arcs":[[5118,-4201,-986,5119,-4084,-558]],"type":"Polygon","properties":{"geoid":"16003","name":"Adams"},"id":"16003"},{"arcs":[[5120,5121,5122,5123,5124,-255,5125]],"type":"Polygon","properties":{"geoid":"01049","name":"DeKalb"},"id":"01049"},{"arcs":[[[5126,-56,5127,5128]],[[5129]]],"type":"MultiPolygon","properties":{"geoid":"06111","name":"Ventura"},"id":"06111"},{"arcs":[[5130,5131,-1991,5132,-855,-3844,-4215,5133]],"type":"Polygon","properties":{"geoid":"06093","name":"Siskiyou"},"id":"06093"},{"arcs":[[-4034,5134,-4782,-1653]],"type":"Polygon","properties":{"geoid":"09130","name":"Lower Connecticut River Valley"},"id":"09130"},{"arcs":[[-2089,-488,-1927,-3695,-2081]],"type":"Polygon","properties":{"geoid":"37075","name":"Graham"},"id":"37075"},{"arcs":[[-500,-2392,-2399,-1941,-3503]],"type":"Polygon","properties":{"geoid":"38097","name":"Traill"},"id":"38097"},{"arcs":[[-3725,5135,5136,-535,5137,5138,5139]],"type":"Polygon","properties":{"geoid":"40013","name":"Bryan"},"id":"40013"},{"arcs":[[-1980,-1988,5140,5141,-545,5142,5143]],"type":"Polygon","properties":{"geoid":"41019","name":"Douglas"},"id":"41019"},{"arcs":[[-4032,5144,5145,5146]],"type":"Polygon","properties":{"geoid":"44009","name":"Washington"},"id":"44009"},{"arcs":[[-5064,5147,-3570,-3743,5148,5149,5150]],"type":"Polygon","properties":{"geoid":"47165","name":"Sumner"},"id":"47165"},{"arcs":[[[-634,5151,5152,5153]],[[-638,5154,5155,-3299,5156]]],"type":"MultiPolygon","properties":{"geoid":"48273","name":"Kleberg"},"id":"48273"},{"arcs":[[-736,5157,5158,5159,-3931]],"type":"Polygon","properties":{"geoid":"51119","name":"Middlesex"},"id":"51119"},{"arcs":[[-258,5160,-2232,-249,-4003,-2264]],"type":"Polygon","properties":{"geoid":"01115","name":"St. Clair"},"id":"01115"},{"arcs":[[-1035,5161,5162,5163,5164]],"type":"Polygon","properties":{"geoid":"20033","name":"Comanche"},"id":"20033"},{"arcs":[[-2797,5165,-2420,5166,-2418,-2424,5167,-2400,-2292,-1099]],"type":"Polygon","properties":{"geoid":"22107","name":"Tensas"},"id":"22107"},{"arcs":[[-2351,5168,-4883,-1668,-2855,-742]],"type":"Polygon","properties":{"geoid":"24031","name":"Montgomery"},"id":"24031"},{"arcs":[[5169,-374,-385,5170]],"type":"Polygon","properties":{"geoid":"26013","name":"Baraga"},"id":"26013"},{"arcs":[[5171,5172,5173,5174,5175,5176,5177]],"type":"Polygon","properties":{"geoid":"27163","name":"Washington"},"id":"27163"},{"arcs":[[-285,5178,5179,5180,5181,5182,5183]],"type":"Polygon","properties":{"geoid":"28109","name":"Pearl River"},"id":"28109"},{"arcs":[[-829,-4781,5184,5185,5186,5187,5188,5189,-3416,5190,5191,5192,5193]],"type":"Polygon","properties":{"geoid":"32031","name":"Washoe"},"id":"32031"},{"arcs":[[-4915,-1210,-3424,-3661,-2010]],"type":"Polygon","properties":{"geoid":"34019","name":"Hunterdon"},"id":"34019"},{"arcs":[[-1222,5194,5195,5196,-4922,5197,-2022,-2545]],"type":"Polygon","properties":{"geoid":"36071","name":"Orange"},"id":"36071"},{"arcs":[[5198,5199,-3896,5200,5201,-1549,-5009],[5202]],"type":"Polygon","properties":{"geoid":"51165","name":"Rockingham"},"id":"51165"},{"arcs":[[-3855,-888,-3854,5203,-4602,-4606,-3864]],"type":"Polygon","properties":{"geoid":"08093","name":"Park"},"id":"08093"},{"arcs":[[5204,-3873,-3041,-3033,-5076,-1677,-115]],"type":"Polygon","properties":{"geoid":"12105","name":"Polk"},"id":"12105"},{"arcs":[[5205,5206,5207,5208,5209,5210]],"type":"Polygon","properties":{"geoid":"13217","name":"Newton"},"id":"13217"},{"arcs":[[5211]],"type":"Polygon","properties":{"geoid":"15001","name":"Hawaii"},"id":"15001"},{"arcs":[[5212,5213,5214]],"type":"Polygon","properties":{"geoid":"17171","name":"Scott"},"id":"17171"},{"arcs":[[-4373,5215,-1058,5216,-2268,-2743,-4973]],"type":"Polygon","properties":{"geoid":"21051","name":"Clay"},"id":"21051"},{"arcs":[[-1057,-271,-2269,-5217]],"type":"Polygon","properties":{"geoid":"21131","name":"Leslie"},"id":"21131"},{"arcs":[[5217,-2790,5218,-5039,5219,5220,5221]],"type":"Polygon","properties":{"geoid":"22053","name":"Jefferson Davis"},"id":"22053"},{"arcs":[[5222,-4400,5223,5224,5225,5226]],"type":"Polygon","properties":{"geoid":"27139","name":"Scott"},"id":"27139"},{"arcs":[[5227,-3366,5228,5229,5230,-5182]],"type":"Polygon","properties":{"geoid":"28131","name":"Stone"},"id":"28131"},{"arcs":[[5231,-4434,-1188,-1195,5232,-1171,5233]],"type":"Polygon","properties":{"geoid":"30049","name":"Lewis and Clark"},"id":"30049"},{"arcs":[[5234,5235,-5090,-4441,5236,5237]],"type":"Polygon","properties":{"geoid":"30073","name":"Pondera"},"id":"30073"},{"arcs":[[5238,5239,5240,5241,-5116]],"type":"Polygon","properties":{"geoid":"31171","name":"Thomas"},"id":"31171"},{"arcs":[[5242,-3687,5243,5244,5245,5246,5247,5248]],"type":"Polygon","properties":{"geoid":"36091","name":"Saratoga"},"id":"36091"},{"arcs":[[5249,5250,5251,5252]],"type":"Polygon","properties":{"geoid":"37079","name":"Greene"},"id":"37079"},{"arcs":[[-3555,-1324,-2003,-4513]],"type":"Polygon","properties":{"geoid":"42099","name":"Perry"},"id":"42099"},{"arcs":[[-1488,5253,-703,-689,5254,-3218,-3259]],"type":"Polygon","properties":{"geoid":"48459","name":"Upshur"},"id":"48459"},{"arcs":[[5255,5256,-3233,-5105,5257]],"type":"Polygon","properties":{"geoid":"48381","name":"Randall"},"id":"48381"},{"arcs":[[-696,-2109,-4280,-701,-5254,-1487,-1490]],"type":"Polygon","properties":{"geoid":"48343","name":"Morris"},"id":"48343"},{"arcs":[[5258,5259,-1456,-3224,5260]],"type":"Polygon","properties":{"geoid":"48301","name":"Loving"},"id":"48301"},{"arcs":[[5261,-3928,5262,5263,-491],[5264]],"type":"Polygon","properties":{"geoid":"51081","name":"Greensville"},"id":"51081"},{"arcs":[[5265,5266,-5109,-3911]],"type":"Polygon","properties":{"geoid":"51145","name":"Powhatan"},"id":"51145"},{"arcs":[[5267,5268,-1695,5269,-1687]],"type":"Polygon","properties":{"geoid":"12091","name":"Okaloosa"},"id":"12091"},{"arcs":[[-180,-423,5270,-1180,-826,5271,5272,5273]],"type":"Polygon","properties":{"geoid":"16043","name":"Fremont"},"id":"16043"},{"arcs":[[-38,5274,-3834,-29,-2107,-1970]],"type":"Polygon","properties":{"geoid":"05081","name":"Little River"},"id":"05081"},{"arcs":[[-4216,-3846,5275,5276,-875,-62,5277]],"type":"Polygon","properties":{"geoid":"06045","name":"Mendocino"},"id":"06045"},{"arcs":[[-3465,-1243,-4475,-5054,5278,-2046,-1900]],"type":"Polygon","properties":{"geoid":"37155","name":"Robeson"},"id":"37155"},{"arcs":[[-3476,-1925,5279,-1347,-3739,-1274]],"type":"Polygon","properties":{"geoid":"37175","name":"Transylvania"},"id":"37175"},{"arcs":[[5280,5281,5282,-1819,-524,5283,5284]],"type":"Polygon","properties":{"geoid":"40135","name":"Sequoyah"},"id":"40135"},{"arcs":[[-5142,5285,-5131,5286,-546]],"type":"Polygon","properties":{"geoid":"41033","name":"Josephine"},"id":"41033"},{"arcs":[[-4246,5287,5288,-2913,5289]],"type":"Polygon","properties":{"geoid":"42059","name":"Greene"},"id":"42059"},{"arcs":[[5290,-585,-3103,-4836,5291]],"type":"Polygon","properties":{"geoid":"45021","name":"Cherokee"},"id":"45021"},{"arcs":[[5292,5293,-1417,5294,5295,5296,5297]],"type":"Polygon","properties":{"geoid":"47151","name":"Scott"},"id":"47151"},{"arcs":[[[-5153,5298,5299,5300]],[[-5156,5301,5302,-641,-3300]]],"type":"MultiPolygon","properties":{"geoid":"48261","name":"Kenedy"},"id":"48261"},{"arcs":[[5303,-2135,-2958,5304,5305,-1527,-1520,-3309]],"type":"Polygon","properties":{"geoid":"49043","name":"Summit"},"id":"49043"},{"arcs":[[-1560,-3904,5306,5307,5308,5309,-749]],"type":"Polygon","properties":{"geoid":"51117","name":"Mecklenburg"},"id":"51117"},{"arcs":[[5310,5311,5312,5313,5314]],"type":"Polygon","properties":{"geoid":"20023","name":"Cheyenne"},"id":"20023"},{"arcs":[[5315,-4093,5316,-1048,5317,-2239]],"type":"Polygon","properties":{"geoid":"21059","name":"Daviess"},"id":"21059"},{"arcs":[[-4013,5318,5319,-4978,-2792]],"type":"Polygon","properties":{"geoid":"22119","name":"Webster"},"id":"22119"},{"arcs":[[-2861,-4886,-3596,-2343,5320]],"type":"Polygon","properties":{"geoid":"24017","name":"Charles"},"id":"24017"},{"arcs":[[-351,-2359,-340,5321,-354,-2360]],"type":"Polygon","properties":{"geoid":"25025","name":"Suffolk"},"id":"25025"},{"arcs":[[5322,5323,5324,5325,5326,5327]],"type":"Polygon","properties":{"geoid":"27073","name":"Lac qui Parle"},"id":"27073"},{"arcs":[[-2455,5328,5329,5330,5331,5332]],"type":"Polygon","properties":{"geoid":"29099","name":"Jefferson"},"id":"29099"},{"arcs":[[5333,5334,-5238,5335,-5234,-1170,-5085,-4430,-1190,-5052]],"type":"Polygon","properties":{"geoid":"30029","name":"Flathead"},"id":"30029"},{"arcs":[[5336,-4011,-4016,-4210,5337]],"type":"Polygon","properties":{"geoid":"32003","name":"Clark"},"id":"32003"},{"arcs":[[-447,-2528,5338,5339,5340,-2520,-3652]],"type":"Polygon","properties":{"geoid":"34001","name":"Atlantic"},"id":"34001"},{"arcs":[[5341,5342,5343,5344]],"type":"Polygon","properties":{"geoid":"36063","name":"Niagara"},"id":"36063"},{"arcs":[[5345,-979,-2559,-4078,-4615,-2571,5346,-974]],"type":"Polygon","properties":{"geoid":"13163","name":"Jefferson"},"id":"13163"},{"arcs":[[5347,5348,-2599,-4944,5349,5350]],"type":"Polygon","properties":{"geoid":"13309","name":"Wheeler"},"id":"13309"},{"arcs":[[-2723,-4369,5351,-4347,5352,5353]],"type":"Polygon","properties":{"geoid":"21067","name":"Fayette"},"id":"21067"},{"arcs":[[5354,-2728,-4351,-4375,-4972,5355]],"type":"Polygon","properties":{"geoid":"21203","name":"Rockcastle"},"id":"21203"},{"arcs":[[-2697,-2718,-4355,5356,-2767,5357]],"type":"Polygon","properties":{"geoid":"21123","name":"Larue"},"id":"21123"},{"arcs":[[-4990,5358,-1086,-4385,5359,-2800,-1092]],"type":"Polygon","properties":{"geoid":"22047","name":"Iberville"},"id":"22047"},{"arcs":[[5360,5361,-2820,5362,-2824,5363,5364,-3700,-492,-5264]],"type":"Polygon","properties":{"geoid":"51175","name":"Southampton"},"id":"51175"},{"arcs":[[5365,-782,-792,5366,-1541,5367,5368],[5369]],"type":"Polygon","properties":{"geoid":"51069","name":"Frederick"},"id":"51069"},{"arcs":[[-4998,-2878,-758,-1596,-5000,5370]],"type":"Polygon","properties":{"geoid":"53027","name":"Grays Harbor"},"id":"53027"},{"arcs":[[5371,5372,5373,5374,-2926,5375]],"type":"Polygon","properties":{"geoid":"17027","name":"Clinton"},"id":"17027"},{"arcs":[[[5376]],[[5377]],[[5378]],[[5379]],[[5380,-5015,5381,5382,5383]]],"type":"MultiPolygon","properties":{"geoid":"55003","name":"Ashland"},"id":"55003"},{"arcs":[[5384,5385,-3838,-844,-2971,-2984]],"type":"Polygon","properties":{"geoid":"05039","name":"Dallas"},"id":"05039"},{"arcs":[[5386,-853,-3002,-871,-5277]],"type":"Polygon","properties":{"geoid":"06021","name":"Glenn"},"id":"06021"},{"arcs":[[5387,-4837,-3107,-4520,5388,5389]],"type":"Polygon","properties":{"geoid":"45059","name":"Laurens"},"id":"45059"},{"arcs":[[-3121,-1391,5390,5391,-3123]],"type":"Polygon","properties":{"geoid":"46095","name":"Mellette"},"id":"46095"},{"arcs":[[5392,5393,-3115,5394,5395,5396]],"type":"Polygon","properties":{"geoid":"46073","name":"Jerauld"},"id":"46073"},{"arcs":[[-3185,5397,-4628,-2073,5398,5399]],"type":"Polygon","properties":{"geoid":"47119","name":"Maury"},"id":"47119"},{"arcs":[[-5295,-1421,-4530,-3152,5400]],"type":"Polygon","properties":{"geoid":"47129","name":"Morgan"},"id":"47129"},{"arcs":[[-3168,-1411,5401,5402,-42]],"type":"Polygon","properties":{"geoid":"47097","name":"Lauderdale"},"id":"47097"},{"arcs":[[5403,5404,5405,5406,5407,5408,5409]],"type":"Polygon","properties":{"geoid":"48035","name":"Bosque"},"id":"48035"},{"arcs":[[5410,5411,5412,-3211,5413]],"type":"Polygon","properties":{"geoid":"48091","name":"Comal"},"id":"48091"},{"arcs":[[5414,-4577,-1431,-3774,-659,-3282]],"type":"Polygon","properties":{"geoid":"48239","name":"Jackson"},"id":"48239"},{"arcs":[[-3231,5415,5416,5417,5418,5419,-672,5420,5421]],"type":"Polygon","properties":{"geoid":"48105","name":"Crockett"},"id":"48105"},{"arcs":[[5422,5423,-3284,5424,-4581]],"type":"Polygon","properties":{"geoid":"48175","name":"Goliad"},"id":"48175"},{"arcs":[[5425,5426,5427,5428,-4413]],"type":"Polygon","properties":{"geoid":"29027","name":"Callaway"},"id":"29027"},{"arcs":[[-5237,-4440,-4435,-5232,-5336]],"type":"Polygon","properties":{"geoid":"30099","name":"Teton"},"id":"30099"},{"arcs":[[-4924,-4920,5429,5430,5431,-1207]],"type":"Polygon","properties":{"geoid":"34013","name":"Essex"},"id":"34013"},{"arcs":[[5432,-4709,-3441,-3446,-4935]],"type":"Polygon","properties":{"geoid":"36065","name":"Oneida"},"id":"36065"},{"arcs":[[5433,-1259,-1272,-1921,5434,5435,-5251]],"type":"Polygon","properties":{"geoid":"37147","name":"Pitt"},"id":"37147"},{"arcs":[[5436,5437,5438,5439,-3719]],"type":"Polygon","properties":{"geoid":"39055","name":"Geauga"},"id":"39055"},{"arcs":[[-4722,5440,-5285,5441,5442,5443]],"type":"Polygon","properties":{"geoid":"40101","name":"Muskogee"},"id":"40101"},{"arcs":[[5444,-4732,-1977,5445]],"type":"Polygon","properties":{"geoid":"41003","name":"Benton"},"id":"41003"},{"arcs":[[-2828,5446,-1568,-3906,5447]],"type":"Polygon","properties":{"geoid":"51023","name":"Botetourt"},"id":"51023"},{"arcs":[[-1551,5448,-4754,5449,5450,5451]],"type":"Polygon","properties":{"geoid":"51125","name":"Nelson"},"id":"51125"},{"arcs":[[-3933,-3898,5452,-4127]],"type":"Polygon","properties":{"geoid":"51101","name":"King William"},"id":"51101"},{"arcs":[[5453,5454,5455,5456,5457,5458,5459]],"type":"Polygon","properties":{"geoid":"53005","name":"Benton"},"id":"53005"},{"arcs":[[-4135,5460,5461,-4124,-2831,-2908,5462,-3951]],"type":"Polygon","properties":{"geoid":"54025","name":"Greenbrier"},"id":"54025"},{"arcs":[[5463,5464,5465,-5121,5466,5467,-1765]],"type":"Polygon","properties":{"geoid":"01071","name":"Jackson"},"id":"01071"},{"arcs":[[-547,-5287,-5134,-4214,5468]],"type":"Polygon","properties":{"geoid":"06015","name":"Del Norte"},"id":"06015"},{"arcs":[[-1851,-1785,-1775,5469,-1849]],"type":"Polygon","properties":{"geoid":"06025","name":"Imperial"},"id":"06025"},{"arcs":[[-4224,-84,-2530,-2124]],"type":"Polygon","properties":{"geoid":"08083","name":"Montezuma"},"id":"08083"},{"arcs":[[5470,5471,-4038,5472,-1729]],"type":"Polygon","properties":{"geoid":"12089","name":"Nassau"},"id":"12089"},{"arcs":[[5473,5474,5475,5476,-2273]],"type":"Polygon","properties":{"geoid":"21089","name":"Greenup"},"id":"21089"},{"arcs":[[5477,5478,5479,-3519]],"type":"Polygon","properties":{"geoid":"40133","name":"Seminole"},"id":"40133"},{"arcs":[[-2899,-771,5480,-4766,5481,5482,-2903]],"type":"Polygon","properties":{"geoid":"54043","name":"Lincoln"},"id":"54043"},{"arcs":[[5484,5485,5486,5487,5488,5489,5490,5491,5492,-3585,5493]],"type":"Polygon","properties":{"geoid":"22057","name":"Lafourche"},"id":"22057"},{"arcs":[[5494,-1845,-2465,5495,-2443,5496,-49,5497]],"type":"Polygon","properties":{"geoid":"29069","name":"Dunklin"},"id":"29069"},{"arcs":[[5498,-5344,5499,5500,-3678,-451]],"type":"Polygon","properties":{"geoid":"36029","name":"Erie"},"id":"36029"},{"arcs":[[[5501,5502,5503]],[[-2587,5504,-2612,5505,5506,5507,5508,-2601]]],"type":"MultiPolygon","properties":{"geoid":"13269","name":"Taylor"},"id":"13269"},{"arcs":[[5509,5510,5511,5512,5513]],"type":"Polygon","properties":{"geoid":"18183","name":"Whitley"},"id":"18183"},{"arcs":[[-436,-442,5514,5515,5516]],"type":"Polygon","properties":{"geoid":"08115","name":"Sedgwick"},"id":"08115"},{"arcs":[[-4315,-159,5517,-147,-2553]],"type":"Polygon","properties":{"geoid":"13191","name":"McIntosh"},"id":"13191"},{"arcs":[[5518,-1929,-3738,-167,5519]],"type":"Polygon","properties":{"geoid":"13241","name":"Rabun"},"id":"13241"},{"arcs":[[-321,5520,5521,-3594,-4885,5522]],"type":"Polygon","properties":{"geoid":"24003","name":"Anne Arundel"},"id":"24003"},{"arcs":[[[5523]],[[5524,5525,5526,-360,-376]]],"type":"MultiPolygon","properties":{"geoid":"26003","name":"Alger"},"id":"26003"},{"arcs":[[-2012,-3662,-3659,5527,-5339,-2527,5528]],"type":"Polygon","properties":{"geoid":"34005","name":"Burlington"},"id":"34005"},{"arcs":[[5529,5530,5531,5532,5533]],"type":"Polygon","properties":{"geoid":"38075","name":"Renville"},"id":"38075"},{"arcs":[[-4534,-3194,-3477,-484,-2088,-1402]],"type":"Polygon","properties":{"geoid":"47155","name":"Sevier"},"id":"47155"},{"arcs":[[-5425,-3283,-666,5534,-3760,5535,-3761,-3765,-4582]],"type":"Polygon","properties":{"geoid":"48391","name":"Refugio"},"id":"48391"},{"arcs":[[-4747,5536,-2821,-5362,5537,-4118]],"type":"Polygon","properties":{"geoid":"51181","name":"Surry"},"id":"51181"},{"arcs":[[-1600,5538,-2872,5539,5540]],"type":"Polygon","properties":{"geoid":"53015","name":"Cowlitz"},"id":"53015"},{"arcs":[[-4605,5541,5542,5543,5544,-906,-3868]],"type":"Polygon","properties":{"geoid":"08101","name":"Pueblo"},"id":"08101"},{"arcs":[[-2623,-995,5545,-1001,-4797,5546,5547,5548,-4946]],"type":"Polygon","properties":{"geoid":"16013","name":"Blaine"},"id":"16013"},{"arcs":[[-5549,5549,5550,-4947]],"type":"Polygon","properties":{"geoid":"16025","name":"Camas"},"id":"16025"},{"arcs":[[5551,-2683,5552,5553,-1032,5554]],"type":"Polygon","properties":{"geoid":"20047","name":"Edwards"},"id":"20047"},{"arcs":[[-4368,5555,-2777,5556,-4348,-5352]],"type":"Polygon","properties":{"geoid":"21049","name":"Clark"},"id":"21049"},{"arcs":[[-286,-5184,5557,5558,-2289,5559,5560,-2285]],"type":"Polygon","properties":{"geoid":"22103","name":"St. Tammany"},"id":"22103"},{"arcs":[[5561,5562,-2448,-4820,-2435,-5496,-2464]],"type":"Polygon","properties":{"geoid":"29207","name":"Stoddard"},"id":"29207"},{"arcs":[[-4439,5563,5564,-1183,-4433]],"type":"Polygon","properties":{"geoid":"30045","name":"Judith Basin"},"id":"30045"},{"arcs":[[-3480,-4477,-3458,5565,-5292,-4835,5566,-1922]],"type":"Polygon","properties":{"geoid":"37161","name":"Rutherford"},"id":"37161"},{"arcs":[[5567,-495,-4232,-1268,-1257,-3472]],"type":"Polygon","properties":{"geoid":"37083","name":"Halifax"},"id":"37083"},{"arcs":[[5568,5569,-1328,-4737,5570]],"type":"Polygon","properties":{"geoid":"42023","name":"Cameron"},"id":"42023"},{"arcs":[[-4523,-3737,-2036,-4258,-1751,-4192]],"type":"Polygon","properties":{"geoid":"45049","name":"Hampton"},"id":"45049"},{"arcs":[[-5150,5571,-4626,-3182,5572,-3143,5573]],"type":"Polygon","properties":{"geoid":"47189","name":"Wilson"},"id":"47189"},{"arcs":[[5574,5575,-5414,-3216,5576,5577,5578]],"type":"Polygon","properties":{"geoid":"48029","name":"Bexar"},"id":"48029"},{"arcs":[[-3203,5579,5580,5581,-3213,5582]],"type":"Polygon","properties":{"geoid":"48055","name":"Caldwell"},"id":"48055"},{"arcs":[[5583,-4560,5584,5585,5586]],"type":"Polygon","properties":{"geoid":"48429","name":"Stephens"},"id":"48429"},{"arcs":[[-1584,-4596,-4128,-5453,-3897,-1534,5587]],"type":"Polygon","properties":{"geoid":"51085","name":"Hanover"},"id":"51085"},{"arcs":[[5588,-5369,5589,-5199,-5008,-2934]],"type":"Polygon","properties":{"geoid":"54031","name":"Hardy"},"id":"54031"},{"arcs":[[5590,5591,-1699,-3046,5592]],"type":"Polygon","properties":{"geoid":"12039","name":"Gadsden"},"id":"12039"},{"arcs":[[-3697,5593,5594,-4309,5595,5596]],"type":"Polygon","properties":{"geoid":"13291","name":"Union"},"id":"13291"},{"arcs":[[-878,-830,-5194,5597,5598,-1861,-2988,-2996]],"type":"Polygon","properties":{"geoid":"06061","name":"Placer"},"id":"06061"},{"arcs":[[-1930,-5519,5599,-5594,-3696]],"type":"Polygon","properties":{"geoid":"37043","name":"Clay"},"id":"37043"},{"arcs":[[5600,-483,5601,-1932,5602,5603]],"type":"Polygon","properties":{"geoid":"37029","name":"Camden"},"id":"37029"},{"arcs":[[5604,5605,5606,5607]],"type":"Polygon","properties":{"geoid":"39043","name":"Erie"},"id":"39043"},{"arcs":[[-3548,-2013,-5529,-2529,-445,-4248]],"type":"Polygon","properties":{"geoid":"42101","name":"Philadelphia"},"id":"42101"},{"arcs":[[-1390,5608,-3399,5609,-5391]],"type":"Polygon","properties":{"geoid":"46123","name":"Tripp"},"id":"46123"},{"arcs":[[5610,-5108,5611,5612,5613]],"type":"Polygon","properties":{"geoid":"48369","name":"Parmer"},"id":"48369"},{"arcs":[[5614,5615,5616,5617,5618,5619,5620]],"type":"Polygon","properties":{"geoid":"50027","name":"Windsor"},"id":"50027"},{"arcs":[[-3804,-194,-2200,5621,5622,5623]],"type":"Polygon","properties":{"geoid":"17197","name":"Will"},"id":"17197"},{"arcs":[[-5075,-3831,-5275,-37,5624]],"type":"Polygon","properties":{"geoid":"05061","name":"Howard"},"id":"05061"},{"arcs":[[-292,-2807,-1102,-3587,-4563,5625]],"type":"Polygon","properties":{"geoid":"22031","name":"De Soto"},"id":"22031"},{"arcs":[[5626,5627,-2818,-2335,5628]],"type":"Polygon","properties":{"geoid":"23003","name":"Aroostook"},"id":"23003"},{"arcs":[[-4392,5629,5630,-1650,5631,5632]],"type":"Polygon","properties":{"geoid":"25013","name":"Hampden"},"id":"25013"},{"arcs":[[-5326,5633,-4663,-3328,5634,5635,5636]],"type":"Polygon","properties":{"geoid":"27173","name":"Yellow Medicine"},"id":"27173"},{"arcs":[[-417,5637,5638,5639,-2450,5640,5641]],"type":"Polygon","properties":{"geoid":"29183","name":"St. Charles"},"id":"29183"},{"arcs":[[5642,5643,-5235,-5335]],"type":"Polygon","properties":{"geoid":"30035","name":"Glacier"},"id":"30035"},{"arcs":[[5644,-315,5645,5646,-3782]],"type":"Polygon","properties":{"geoid":"33007","name":"Coos"},"id":"33007"},{"arcs":[[5647,-5351,5648,5649,5650,5651]],"type":"Polygon","properties":{"geoid":"13271","name":"Telfair"},"id":"13271"},{"arcs":[[-5550,-5548,5652,5653,5654]],"type":"Polygon","properties":{"geoid":"16063","name":"Lincoln"},"id":"16063"},{"arcs":[[5655,5656,-2641,-2650,5657,5658]],"type":"Polygon","properties":{"geoid":"18067","name":"Howard"},"id":"18067"},{"arcs":[[-4099,-1020,5659,5660,-4106]],"type":"Polygon","properties":{"geoid":"18125","name":"Pike"},"id":"18125"},{"arcs":[[-5557,-2776,5661,-4370,-4349]],"type":"Polygon","properties":{"geoid":"21065","name":"Estill"},"id":"21065"},{"arcs":[[5662,-4361,-1059,-5216,-4372]],"type":"Polygon","properties":{"geoid":"21189","name":"Owsley"},"id":"21189"},{"arcs":[[-2695,-4969,-1075,5663,-2714]],"type":"Polygon","properties":{"geoid":"21229","name":"Washington"},"id":"21229"},{"arcs":[[-2789,-5084,-4984,-5036,-5219]],"type":"Polygon","properties":{"geoid":"22001","name":"Acadia"},"id":"22001"},{"arcs":[[5664,5665,5666,5667,5668,-727,5669,-725]],"type":"Polygon","properties":{"geoid":"51199","name":"York"},"id":"51199"},{"arcs":[[5670,5671,-5456,5672]],"type":"Polygon","properties":{"geoid":"53071","name":"Walla Walla"},"id":"53071"},{"arcs":[[5673,-2174,5674,5675]],"type":"Polygon","properties":{"geoid":"17047","name":"Edwards"},"id":"17047"},{"arcs":[[-4812,-783,-5366,-5589,-5073]],"type":"Polygon","properties":{"geoid":"54027","name":"Hampshire"},"id":"54027"},{"arcs":[[5676,-5384,5677,5678]],"type":"Polygon","properties":{"geoid":"55007","name":"Bayfield"},"id":"55007"},{"arcs":[[-5029,5679,5680,-2973,-837,5681,5682]],"type":"Polygon","properties":{"geoid":"05045","name":"Faulkner"},"id":"05045"},{"arcs":[[5683,-3010,-3849,-3008,-3848,-3006,-3853]],"type":"Polygon","properties":{"geoid":"08031","name":"Denver"},"id":"08031"},{"arcs":[[-3063,-4301,5684,5685,5686,5687,5688]],"type":"Polygon","properties":{"geoid":"13077","name":"Coweta"},"id":"13077"},{"arcs":[[-5389,-4519,5689,5690,-4261,5691]],"type":"Polygon","properties":{"geoid":"45047","name":"Greenwood"},"id":"45047"},{"arcs":[[-5065,-5151,-5574,-3142,5692,-1423]],"type":"Polygon","properties":{"geoid":"47037","name":"Davidson"},"id":"47037"},{"arcs":[[[-5403,5693,5694,-4271,-43]],[[-45,-4270,5695]]],"type":"MultiPolygon","properties":{"geoid":"47167","name":"Tipton"},"id":"47167"},{"arcs":[[5696,-3227,-3232,-5422,5697,-2115,-3305]],"type":"Polygon","properties":{"geoid":"48371","name":"Pecos"},"id":"48371"},{"arcs":[[5698,5699,-1743,-2578,-3545,-2580,-4306]],"type":"Polygon","properties":{"geoid":"13221","name":"Oglethorpe"},"id":"13221"},{"arcs":[[5700,5701,5702,-5652,5703,5704,5705]],"type":"Polygon","properties":{"geoid":"13315","name":"Wilcox"},"id":"13315"},{"arcs":[[-1015,5706,5707,5708,-2643,5709,5710]],"type":"Polygon","properties":{"geoid":"18071","name":"Jackson"},"id":"18071"},{"arcs":[[5711,-4329,-2664,5712,5713]],"type":"Polygon","properties":{"geoid":"19161","name":"Sac"},"id":"19161"},{"arcs":[[-2724,-5354,5714,-1071,-4968,5715]],"type":"Polygon","properties":{"geoid":"21239","name":"Woodford"},"id":"21239"},{"arcs":[[5716,5717,5718,-5298,5719,5720]],"type":"Polygon","properties":{"geoid":"21231","name":"Wayne"},"id":"21231"},{"arcs":[[-1107,-2809,-2783,-4377,-2786,5721,-2307]],"type":"Polygon","properties":{"geoid":"22079","name":"Rapides"},"id":"22079"},{"arcs":[[-2941,5722,5723,5724,5725,5726,5727]],"type":"Polygon","properties":{"geoid":"55043","name":"Grant"},"id":"55043"},{"arcs":[[-2978,-3843,-4600,-5020,-833]],"type":"Polygon","properties":{"geoid":"05117","name":"Prairie"},"id":"05117"},{"arcs":[[-5016,-862,-3818,5728]],"type":"Polygon","properties":{"geoid":"06043","name":"Mariposa"},"id":"06043"},{"arcs":[[-4611,-1685,-3038,-3872]],"type":"Polygon","properties":{"geoid":"12095","name":"Orange"},"id":"12095"},{"arcs":[[-3060,5729,5730,5731,5732,5733,-939]],"type":"Polygon","properties":{"geoid":"13135","name":"Gwinnett"},"id":"13135"},{"arcs":[[5734,5735,5736,-3109,-5394,5737]],"type":"Polygon","properties":{"geoid":"46005","name":"Beadle"},"id":"46005"},{"arcs":[[5738,5739,-3131,-3116,-1375]],"type":"Polygon","properties":{"geoid":"46137","name":"Ziebach"},"id":"46137"},{"arcs":[[-2105,5740,5741,-3229,-3225,-1454]],"type":"Polygon","properties":{"geoid":"48135","name":"Ector"},"id":"48135"},{"arcs":[[-4584,-1450,-3210,5742,-1498,-4634]],"type":"Polygon","properties":{"geoid":"48185","name":"Grimes"},"id":"48185"},{"arcs":[[5743,5744,5745,5746,-1510]],"type":"Polygon","properties":{"geoid":"48023","name":"Baylor"},"id":"48023"},{"arcs":[[5747,-3307,-706,-1518]],"type":"Polygon","properties":{"geoid":"49011","name":"Davis"},"id":"49011"},{"arcs":[[5748,-4395,5749,5750,5751,-3324]],"type":"Polygon","properties":{"geoid":"27171","name":"Wright"},"id":"27171"},{"arcs":[[5752,5753,-4682,5754,5755,5756,-3343]],"type":"Polygon","properties":{"geoid":"28043","name":"Grenada"},"id":"28043"},{"arcs":[[-3385,5757,-1162,-4424,5758,5759]],"type":"Polygon","properties":{"geoid":"29033","name":"Carroll"},"id":"29033"},{"arcs":[[5760,5761,-1898,-463,5762]],"type":"Polygon","properties":{"geoid":"37103","name":"Jones"},"id":"37103"},{"arcs":[[-4245,-1341,-566,-4879,5763,5764,-5288]],"type":"Polygon","properties":{"geoid":"42051","name":"Fayette"},"id":"42051"},{"arcs":[[5765,-2309,5766,-5222,5767]],"type":"Polygon","properties":{"geoid":"22011","name":"Beauregard"},"id":"22011"},{"arcs":[[5768,-3622,5769,-4888,5770]],"type":"Polygon","properties":{"geoid":"26163","name":"Wayne"},"id":"26163"},{"arcs":[[5771,5772,-3783,-5647,5773,5774,5775,5776,-5616]],"type":"Polygon","properties":{"geoid":"33009","name":"Grafton"},"id":"33009"},{"arcs":[[5777,-3486,5778,-4228,5779,-1918]],"type":"Polygon","properties":{"geoid":"37095","name":"Hyde"},"id":"37095"},{"arcs":[[5780,-2147,5781,-2144,-619,-2055,5782,-2062]],"type":"Polygon","properties":{"geoid":"47163","name":"Sullivan"},"id":"47163"},{"arcs":[[5783,5784,5785,5786,5787]],"type":"Polygon","properties":{"geoid":"48075","name":"Childress"},"id":"48075"},{"arcs":[[-275,-3793,5788,5789,-2068,-2270]],"type":"Polygon","properties":{"geoid":"51105","name":"Lee"},"id":"51105"},{"arcs":[[-874,-3001,5790,-64]],"type":"Polygon","properties":{"geoid":"06055","name":"Napa"},"id":"06055"},{"arcs":[[5791,5792,5793,5794,5795]],"type":"Polygon","properties":{"geoid":"08011","name":"Bent"},"id":"08011"},{"arcs":[[5796,-5451,5797,-3890,5798,-1570]],"type":"Polygon","properties":{"geoid":"51009","name":"Amherst"},"id":"51009"},{"arcs":[[5799,-4752,5800,-3915,5801,-3901,-1558]],"type":"Polygon","properties":{"geoid":"51147","name":"Prince Edward"},"id":"51147"},{"arcs":[[-5483,5802,-1612,-2904]],"type":"Polygon","properties":{"geoid":"54045","name":"Logan"},"id":"54045"},{"arcs":[[[5803]],[[5804]],[[5805]],[[5806,5807,-5129,5808]]],"type":"MultiPolygon","properties":{"geoid":"06083","name":"Santa Barbara"},"id":"06083"},{"arcs":[[5809,-3044,-3047,-127,5810]],"type":"Polygon","properties":{"geoid":"12045","name":"Gulf"},"id":"12045"},{"arcs":[[-149,5811,-5471,-1728,-2564]],"type":"Polygon","properties":{"geoid":"13039","name":"Camden"},"id":"13039"},{"arcs":[[-3940,5812,-5460,5813,5814,-1598,-2882]],"type":"Polygon","properties":{"geoid":"53077","name":"Yakima"},"id":"53077"},{"arcs":[[[5815,5816,-1721]],[[5817]],[[5818,-1723]]],"type":"MultiPolygon","properties":{"geoid":"02070","name":"Dillingham"},"id":"02070"},{"arcs":[[5819,5820,5821,-916,5822,5823,-4929]],"type":"Polygon","properties":{"geoid":"09190","name":"Western Connecticut"},"id":"09190"},{"arcs":[[-1913,5824,5825,-1362,5826,5827,-582]],"type":"Polygon","properties":{"geoid":"45057","name":"Lancaster"},"id":"45057"},{"arcs":[[5828,5829,-4800,5830,-200,-4949]],"type":"Polygon","properties":{"geoid":"16083","name":"Twin Falls"},"id":"16083"},{"arcs":[[5831,5832,5833,5834,5835]],"type":"Polygon","properties":{"geoid":"19001","name":"Adair"},"id":"19001"},{"arcs":[[5836,-4974,-4867,5837,-5293,-5719]],"type":"Polygon","properties":{"geoid":"21147","name":"McCreary"},"id":"21147"},{"arcs":[[5838,5839,-4664,-5634,-5325]],"type":"Polygon","properties":{"geoid":"27023","name":"Chippewa"},"id":"27023"},{"arcs":[[-4438,-2490,-2487,-4445,5840,5841,5842,-5564]],"type":"Polygon","properties":{"geoid":"30027","name":"Fergus"},"id":"30027"},{"arcs":[[5843,-4463,-4469,5844,5845]],"type":"Polygon","properties":{"geoid":"37159","name":"Rowan"},"id":"37159"},{"arcs":[[-4510,5846,-4740,5847,-1339]],"type":"Polygon","properties":{"geoid":"42063","name":"Indiana"},"id":"42063"},{"arcs":[[-2136,-5304,-3308,-5748,-1517]],"type":"Polygon","properties":{"geoid":"49029","name":"Morgan"},"id":"49029"},{"arcs":[[5848,-1424,-5693,-3148,-4629,-5398,-3184]],"type":"Polygon","properties":{"geoid":"47187","name":"Williamson"},"id":"47187"},{"arcs":[[5849,5850,5851,5852]],"type":"Polygon","properties":{"geoid":"48311","name":"McMullen"},"id":"48311"},{"arcs":[[-5086,-1174,-1200,-2482]],"type":"Polygon","properties":{"geoid":"30039","name":"Granite"},"id":"30039"},{"arcs":[[5853,5854,-1736,5855,-2244,5856]],"type":"Polygon","properties":{"geoid":"01081","name":"Lee"},"id":"01081"},{"arcs":[[5857,-2257,5858,5859,5860,5861]],"type":"Polygon","properties":{"geoid":"01059","name":"Franklin"},"id":"01059"},{"arcs":[[-1828,5862,5863,5864]],"type":"Polygon","properties":{"geoid":"05143","name":"Washington"},"id":"05143"},{"arcs":[[5865,5866,5867,-2964,5868]],"type":"Polygon","properties":{"geoid":"05089","name":"Marion"},"id":"05089"},{"arcs":[[-5794,5869,5870,5871,5872,5873,5874]],"type":"Polygon","properties":{"geoid":"08009","name":"Baca"},"id":"08009"},{"arcs":[[5875,5876,5877,5878,-5870,-5793]],"type":"Polygon","properties":{"geoid":"08099","name":"Prowers"},"id":"08099"},{"arcs":[[5879,5880,5881,5882,-5315,5883,5884]],"type":"Polygon","properties":{"geoid":"08125","name":"Yuma"},"id":"08125"},{"arcs":[[-5631,5885,-2035,5886,-5145,-4031,-1651]],"type":"Polygon","properties":{"geoid":"09150","name":"Northeastern Connecticut"},"id":"09150"},{"arcs":[[5887,5888,5889,-106,5890,-111,5891]],"type":"Polygon","properties":{"geoid":"12015","name":"Charlotte"},"id":"12015"},{"arcs":[[-3236,5892,-4655,5893,5894]],"type":"Polygon","properties":{"geoid":"48153","name":"Floyd"},"id":"48153"},{"arcs":[[5895,-2379,5896,-4667,5897]],"type":"Polygon","properties":{"geoid":"27061","name":"Itasca"},"id":"27061"},{"arcs":[[5898,5899,5900,5901,5902,5903]],"type":"Polygon","properties":{"geoid":"31179","name":"Wayne"},"id":"31179"},{"arcs":[[-617,5904,-1254,-3478,-3474,-3192]],"type":"Polygon","properties":{"geoid":"37115","name":"Madison"},"id":"37115"},{"arcs":[[-1315,5905,5906,-4496,-1306,-4731]],"type":"Polygon","properties":{"geoid":"41031","name":"Jefferson"},"id":"41031"},{"arcs":[[-1766,-5468,-5467,-5126,-254,-2263,-2229,5907]],"type":"Polygon","properties":{"geoid":"01095","name":"Marshall"},"id":"01095"},{"arcs":[[5908,-2304,-2413,-5166,-2796]],"type":"Polygon","properties":{"geoid":"22065","name":"Madison"},"id":"22065"},{"arcs":[[5909,5910,5911]],"type":"Polygon","properties":{"geoid":"26063","name":"Huron"},"id":"26063"},{"arcs":[[-5435,-1920,-1916,5912,-1896,-5762,5913]],"type":"Polygon","properties":{"geoid":"37049","name":"Craven"},"id":"37049"},{"arcs":[[5914,5915,-1995,-1999,5916,-5906,-1314,-3540]],"type":"Polygon","properties":{"geoid":"41065","name":"Wasco"},"id":"41065"},{"arcs":[[-5071,-3588,-2310,-5766,5917,-4842,-4574]],"type":"Polygon","properties":{"geoid":"48351","name":"Newton"},"id":"48351"},{"arcs":[[-77,-4030,-5017,-5729,-3817,-867]],"type":"Polygon","properties":{"geoid":"06109","name":"Tuolumne"},"id":"06109"},{"arcs":[[-3049,5918,5919,-917,-926]],"type":"Polygon","properties":{"geoid":"12007","name":"Bradford"},"id":"12007"},{"arcs":[[-5202,5920,-1591,-1587,5921,-4749,-5449,-1550],[5922]],"type":"Polygon","properties":{"geoid":"51003","name":"Albemarle"},"id":"51003"},{"arcs":[[5923,5924,-2893,5925,-5673,-5455]],"type":"Polygon","properties":{"geoid":"53021","name":"Franklin"},"id":"53021"},{"arcs":[[-117,-1680,5927]],"type":"Polygon","properties":{"geoid":"12103","name":"Pinellas"},"id":"12103"},{"arcs":[[[5928]],[[5929]],[[5930]],[[5931]],[[5932]],[[5933]],[[5934]],[[5935]],[[5936]],[[5937]],[[5938]],[[5939]],[[5940]],[[5941]],[[5942,5943]],[[5946,5947]],[[-4045,-4054,-1749,5948,5949,-4050]]],"type":"MultiPolygon","properties":{"geoid":"02063","name":"Chugach"},"id":"02063"},{"arcs":[[5950,5951,5952,-197,-552]],"type":"Polygon","properties":{"geoid":"16027","name":"Canyon"},"id":"16027"},{"arcs":[[-907,-5545,5953,-5795,-5875,5954,-4926,-4219]],"type":"Polygon","properties":{"geoid":"08071","name":"Las Animas"},"id":"08071"},{"arcs":[[5955,5956,5957,5958,5959,5960,5961]],"type":"Polygon","properties":{"geoid":"39061","name":"Hamilton"},"id":"39061"},{"arcs":[[5962,-1938,-2050,-3099,-1363,-5826]],"type":"Polygon","properties":{"geoid":"45025","name":"Chesterfield"},"id":"45025"},{"arcs":[[5963,-216,-1008,-2638]],"type":"Polygon","properties":{"geoid":"18009","name":"Blackford"},"id":"18009"},{"arcs":[[-3335,-2387]],"type":"Polygon","properties":{"geoid":"27125","name":"Red Lake"},"id":"27125"},{"arcs":[[-1321,5964,-4514,-2001,5965,5966,5967]],"type":"Polygon","properties":{"geoid":"42061","name":"Huntingdon"},"id":"42061"},{"arcs":[[5968,-5296,-5401,-3151,5969,5970]],"type":"Polygon","properties":{"geoid":"47049","name":"Fentress"},"id":"47049"},{"arcs":[[-3255,5971,-4650,-4571,-4568,-4544,-1493,-4542]],"type":"Polygon","properties":{"geoid":"48005","name":"Angelina"},"id":"48005"},{"arcs":[[-4633,-4566,-4651,-5972,-3254]],"type":"Polygon","properties":{"geoid":"48347","name":"Nacogdoches"},"id":"48347"},{"arcs":[[5972,5973,-5970,-3150,-4527,-3178,-4625]],"type":"Polygon","properties":{"geoid":"47141","name":"Putnam"},"id":"47141"},{"arcs":[[-4656,-1525,-2131,-3878,5974]],"type":"Polygon","properties":{"geoid":"49007","name":"Carbon"},"id":"49007"},{"arcs":[[-3693,-3688,-5243,5975]],"type":"Polygon","properties":{"geoid":"36113","name":"Warren"},"id":"36113"},{"arcs":[[5976,5977,5978,5979,5980,5981]],"type":"Polygon","properties":{"geoid":"38043","name":"Kidder"},"id":"38043"},{"arcs":[[-3885,-4595]],"type":"Polygon","properties":{"geoid":"51630","name":"Fredericksburg"},"id":"51630"},{"arcs":[[5982,5983,5984,5985,5986]],"type":"Polygon","properties":{"geoid":"29227","name":"Worth"},"id":"29227"},{"arcs":[[5987,5988,5989,-1744,-5700,5990,-946]],"type":"Polygon","properties":{"geoid":"13195","name":"Madison"},"id":"13195"},{"arcs":[[5991,-2276,-2765,-2758,-2754,5992]],"type":"Polygon","properties":{"geoid":"21069","name":"Fleming"},"id":"21069"},{"arcs":[[-2350,5993,-322,-5523,-4884,-5169]],"type":"Polygon","properties":{"geoid":"24027","name":"Howard"},"id":"24027"},{"arcs":[[5994,-3956,-5010,-1595,-4122,-5462]],"type":"Polygon","properties":{"geoid":"54075","name":"Pocahontas"},"id":"54075"},{"arcs":[[5995,5996,5997,5998,5999,6000]],"type":"Polygon","properties":{"geoid":"28003","name":"Alcorn"},"id":"28003"},{"arcs":[[-3876,-3874,-5205,-114,-4145,-102]],"type":"Polygon","properties":{"geoid":"12119","name":"Sumter"},"id":"12119"},{"arcs":[[-1791,6001,-4824,6002,6003,-232]],"type":"Polygon","properties":{"geoid":"04011","name":"Greenlee"},"id":"04011"},{"arcs":[[-2125,-1792,-230,-2154,-1771]],"type":"Polygon","properties":{"geoid":"04017","name":"Navajo"},"id":"04017"},{"arcs":[[-269,-298,6004,-5268,-1686,-121,-5]],"type":"Polygon","properties":{"geoid":"01053","name":"Escambia"},"id":"01053"},{"arcs":[[6005,6006,6007,6008,6009,6010,6011]],"type":"Polygon","properties":{"geoid":"01111","name":"Randolph"},"id":"01111"},{"arcs":[[6012,6013,6014,-3998,-2409]],"type":"Polygon","properties":{"geoid":"01075","name":"Lamar"},"id":"01075"},{"arcs":[[-5600,-5520,-166,-4310,-5595]],"type":"Polygon","properties":{"geoid":"13281","name":"Towns"},"id":"13281"},{"arcs":[[-130,-522,-4043,-4074]],"type":"Polygon","properties":{"geoid":"02068","name":"Denali"},"id":"02068"},{"arcs":[[6015,6016,6017,-4871,-4857,6018]],"type":"Polygon","properties":{"geoid":"17069","name":"Hardin"},"id":"17069"},{"arcs":[[6019,-4849,6020,6021,6022,6023,6024]],"type":"Polygon","properties":{"geoid":"17067","name":"Hancock"},"id":"17067"},{"arcs":[[6025,-2182,-190,6026,6027,-795,6028]],"type":"Polygon","properties":{"geoid":"17111","name":"McHenry"},"id":"17111"},{"arcs":[[6029,6030,-4096,6031,6032,6033]],"type":"Polygon","properties":{"geoid":"17033","name":"Crawford"},"id":"17033"},{"arcs":[[6034,6035,6036,6037,-3639,6038]],"type":"Polygon","properties":{"geoid":"17077","name":"Jackson"},"id":"17077"},{"arcs":[[-4108,6039,-2237,-2184]],"type":"Polygon","properties":{"geoid":"18163","name":"Vanderburgh"},"id":"18163"},{"arcs":[[6040,6041,6042,6043,-4291,6044]],"type":"Polygon","properties":{"geoid":"18165","name":"Vermillion"},"id":"18165"},{"arcs":[[-1678,-5078,6046,6047,6048]],"type":"Polygon","properties":{"geoid":"12081","name":"Manatee"},"id":"12081"},{"arcs":[[6049,-11,6050,-5593,-3042,6051,6052,6053]],"type":"Polygon","properties":{"geoid":"12063","name":"Jackson"},"id":"12063"},{"arcs":[[[6054,-1713]],[[6055]],[[6056]],[[6057]],[[6058]],[[6059]],[[6060]],[[6061]],[[6062]],[[6063]],[[6064]],[[-4786,6065]],[[6066,-4183]]],"type":"MultiPolygon","properties":{"geoid":"02198","name":"Prince of Wales-Hyder"},"id":"02198"},{"arcs":[[[6067]],[[6068]],[[6069]],[[6070]],[[6071]],[[6072]],[[6073]],[[6074]],[[6075]],[[6076]],[[6077]],[[6078]],[[6079]],[[6080]],[[6081]],[[6082]],[[6083]],[[6084]],[[6085]],[[6086]],[[6087]],[[6088]],[[6089]],[[6090]],[[6091]],[[6092]],[[6093]],[[6094]],[[6095]],[[6096]]],"type":"MultiPolygon","properties":{"geoid":"02016","name":"Aleutians West"},"id":"02016"},{"arcs":[[6097,6098,6099,6100]],"type":"Polygon","properties":{"geoid":"13143","name":"Haralson"},"id":"13143"},{"arcs":[[6101,6102,6103,-5124]],"type":"Polygon","properties":{"geoid":"13055","name":"Chattooga"},"id":"13055"},{"arcs":[[-609,-4194,6104]],"type":"Polygon","properties":{"geoid":"13047","name":"Catoosa"},"id":"13047"},{"arcs":[[6105,-611,6106,-5122,-5466]],"type":"Polygon","properties":{"geoid":"13083","name":"Dade"},"id":"13083"},{"arcs":[[6107,6108,6109,-6051,-10]],"type":"Polygon","properties":{"geoid":"13253","name":"Seminole"},"id":"13253"},{"arcs":[[6110,-2473,-4896,6111,6112]],"type":"Polygon","properties":{"geoid":"20121","name":"Miami"},"id":"20121"},{"arcs":[[6113,6114,-4005,6115,-2330,6116,-4000]],"type":"Polygon","properties":{"geoid":"01125","name":"Tuscaloosa"},"id":"01125"},{"arcs":[[6117,-1036,-5165,6118,6119,6120]],"type":"Polygon","properties":{"geoid":"20025","name":"Clark"},"id":"20025"},{"arcs":[[6121,6122,-4829,-538,6123]],"type":"Polygon","properties":{"geoid":"20019","name":"Chautauqua"},"id":"20019"},{"arcs":[[-4853,-20,6124,-13,6125,6126]],"type":"Polygon","properties":{"geoid":"01045","name":"Dale"},"id":"01045"},{"arcs":[[6127,6128,-5721,6129,6130]],"type":"Polygon","properties":{"geoid":"21053","name":"Clinton"},"id":"21053"},{"arcs":[[6131,-2193,6132,-4862,-212]],"type":"Polygon","properties":{"geoid":"21163","name":"Meade"},"id":"21163"},{"arcs":[[6133,6134,6135,-2277,-5992,6136]],"type":"Polygon","properties":{"geoid":"21161","name":"Mason"},"id":"21161"},{"arcs":[[-2327,-4854,-6127,6137,6138]],"type":"Polygon","properties":{"geoid":"01031","name":"Coffee"},"id":"01031"},{"arcs":[[-2186,-2242,6139,-4868,-6018,6140]],"type":"Polygon","properties":{"geoid":"21225","name":"Union"},"id":"21225"},{"arcs":[[6141,6142,6143,6144,6145,6146,6147]],"type":"Polygon","properties":{"geoid":"18077","name":"Jefferson"},"id":"18077"},{"arcs":[[6148,6149,6150,-2196]],"type":"Polygon","properties":{"geoid":"18127","name":"Porter"},"id":"18127"},{"arcs":[[6151,6152,6153,6154]],"type":"Polygon","properties":{"geoid":"18115","name":"Ohio"},"id":"18115"},{"arcs":[[6155,6156,6157,6158,-4847]],"type":"Polygon","properties":{"geoid":"19057","name":"Des Moines"},"id":"19057"},{"arcs":[[-2219,6159,6160,6161,6162,6163,-589]],"type":"Polygon","properties":{"geoid":"19193","name":"Woodbury"},"id":"19193"},{"arcs":[[6164,6165,-2217,-587,6166]],"type":"Polygon","properties":{"geoid":"19167","name":"Sioux"},"id":"19167"},{"arcs":[[6167,6168,6169,6170,-239]],"type":"Polygon","properties":{"geoid":"19131","name":"Mitchell"},"id":"19131"},{"arcs":[[6171,6172,6173,6174,6175,-4830,-6123]],"type":"Polygon","properties":{"geoid":"20125","name":"Montgomery"},"id":"20125"},{"arcs":[[6176,6177,6178,6179,6180,6181]],"type":"Polygon","properties":{"geoid":"20021","name":"Cherokee"},"id":"20021"},{"arcs":[[-6112,-4900,6182,6183,6184]],"type":"Polygon","properties":{"geoid":"20107","name":"Linn"},"id":"20107"},{"arcs":[[6185,6186,-4906,-2468,-6111,6187]],"type":"Polygon","properties":{"geoid":"20091","name":"Johnson"},"id":"20091"},{"arcs":[[6188,6189,-4901,-6187,6190]],"type":"Polygon","properties":{"geoid":"20209","name":"Wyandotte"},"id":"20209"},{"arcs":[[6191,6192,6193,6194,6195,6196]],"type":"Polygon","properties":{"geoid":"26005","name":"Allegan"},"id":"26005"},{"arcs":[[-4816,-3315,6197,-366,6198]],"type":"Polygon","properties":{"geoid":"26009","name":"Antrim"},"id":"26009"},{"arcs":[[6199,6200,-4890,-4234,6201,6202]],"type":"Polygon","properties":{"geoid":"26091","name":"Lenawee"},"id":"26091"},{"arcs":[[-372,6203,6204,-1115]],"type":"Polygon","properties":{"geoid":"26001","name":"Alcona"},"id":"26001"},{"arcs":[[6205,6206,6207,6208,6209,6210,6211]],"type":"Polygon","properties":{"geoid":"27049","name":"Goodhue"},"id":"27049"},{"arcs":[[-5055,-2371,6212,6213,6214,6215]],"type":"Polygon","properties":{"geoid":"27155","name":"Traverse"},"id":"27155"},{"arcs":[[6216,-2380,-5896,6217,-2382]],"type":"Polygon","properties":{"geoid":"27071","name":"Koochiching"},"id":"27071"},{"arcs":[[-3365,6218,-3993,6219,-5229]],"type":"Polygon","properties":{"geoid":"28039","name":"George"},"id":"28039"},{"arcs":[[6220,-3996,-3994,-6219,-3364]],"type":"Polygon","properties":{"geoid":"28041","name":"Greene"},"id":"28041"},{"arcs":[[6221,6222,-2258,-5858,6223,6224,-5999]],"type":"Polygon","properties":{"geoid":"28141","name":"Tishomingo"},"id":"28141"},{"arcs":[[6225,6226,6227,6228,6229]],"type":"Polygon","properties":{"geoid":"05071","name":"Johnson"},"id":"05071"},{"arcs":[[-1797,-4809,6230,-4979,-5320,6231]],"type":"Polygon","properties":{"geoid":"22027","name":"Claiborne"},"id":"22027"},{"arcs":[[-2246,6232,-14,-4852,-3564]],"type":"Polygon","properties":{"geoid":"01011","name":"Bullock"},"id":"01011"},{"arcs":[[[-5044,6233]],[[6234]],[[6235,-5046,6236,6237]]],"type":"MultiPolygon","properties":{"geoid":"26097","name":"Mackinac"},"id":"26097"},{"arcs":[[6238,6239,6240,6241]],"type":"Polygon","properties":{"geoid":"26105","name":"Mason"},"id":"26105"},{"arcs":[[6242,6243,6244,6245,6246]],"type":"Polygon","properties":{"geoid":"26021","name":"Berrien"},"id":"26021"},{"arcs":[[-6245,6247,6248,6249,6250]],"type":"Polygon","properties":{"geoid":"26027","name":"Cass"},"id":"26027"},{"arcs":[[6251,6252,-6189,6253,6254,6255]],"type":"Polygon","properties":{"geoid":"29165","name":"Platte"},"id":"29165"},{"arcs":[[6256,6257,6258,6259,6260,6261]],"type":"Polygon","properties":{"geoid":"29127","name":"Marion"},"id":"29127"},{"arcs":[[6262,6263,-4850,-6020,6264,6265]],"type":"Polygon","properties":{"geoid":"29045","name":"Clark"},"id":"29045"},{"arcs":[[6266,6267,-2462,6268,6269,6270]],"type":"Polygon","properties":{"geoid":"29129","name":"Mercer"},"id":"29129"},{"arcs":[[6271,6272,6273,6274,-4697]],"type":"Polygon","properties":{"geoid":"31055","name":"Douglas"},"id":"31055"},{"arcs":[[6275,6276,6277,6278,6279,6280]],"type":"Polygon","properties":{"geoid":"31021","name":"Burt"},"id":"31021"},{"arcs":[[6281,6282,6283,-3392,6284,6285,6286]],"type":"Polygon","properties":{"geoid":"31161","name":"Sheridan"},"id":"31161"},{"arcs":[[6287,6288,6289,6290,-5311,-5883]],"type":"Polygon","properties":{"geoid":"31057","name":"Dundy"},"id":"31057"},{"arcs":[[6291,6292,6293,-2220,6294,6295]],"type":"Polygon","properties":{"geoid":"31133","name":"Pawnee"},"id":"31133"},{"arcs":[[-6275,6296,6297,6298,-4698]],"type":"Polygon","properties":{"geoid":"31153","name":"Sarpy"},"id":"31153"},{"arcs":[[6299,6300,-591,6301,6302,-5900]],"type":"Polygon","properties":{"geoid":"31051","name":"Dixon"},"id":"31051"},{"arcs":[[6303,6304,6305,-1832,6306]],"type":"Polygon","properties":{"geoid":"29209","name":"Stone"},"id":"29209"},{"arcs":[[6307,6308,6309,6310,6311,6312]],"type":"Polygon","properties":{"geoid":"29091","name":"Howell"},"id":"29091"},{"arcs":[[-1186,6313,6314,-3646,-813,-1179]],"type":"Polygon","properties":{"geoid":"30067","name":"Park"},"id":"30067"},{"arcs":[[6315,-3651,6316,6317]],"type":"Polygon","properties":{"geoid":"31083","name":"Harlan"},"id":"31083"},{"arcs":[[-4699,-6299,6318,6319,6320,6321]],"type":"Polygon","properties":{"geoid":"31025","name":"Cass"},"id":"31025"},{"arcs":[[6322,6323,6324,-6296,6325,6326,6327]],"type":"Polygon","properties":{"geoid":"31067","name":"Gage"},"id":"31067"},{"arcs":[[6328,6329,-1824,6330,6331]],"type":"Polygon","properties":{"geoid":"29119","name":"McDonald"},"id":"29119"},{"arcs":[[6332,6333,6334,6335,6336]],"type":"Polygon","properties":{"geoid":"29011","name":"Barton"},"id":"29011"},{"arcs":[[-3512,-540,-4833,6337,-4724,6338,6339]],"type":"Polygon","properties":{"geoid":"40143","name":"Tulsa"},"id":"40143"},{"arcs":[[6340,6341,6342,6343,6344,6345]],"type":"Polygon","properties":{"geoid":"40047","name":"Garfield"},"id":"40047"},{"arcs":[[6346,6347,-3531,6348,6349,-1300]],"type":"Polygon","properties":{"geoid":"40031","name":"Comanche"},"id":"40031"},{"arcs":[[-4518,-1361,-573,6350,-5690]],"type":"Polygon","properties":{"geoid":"45081","name":"Saluda"},"id":"45081"},{"arcs":[[6351,6352,6353,-5735,6354,6355]],"type":"Polygon","properties":{"geoid":"46115","name":"Spink"},"id":"46115"},{"arcs":[[6356,6357,6358,6359,-1386,6360,6361]],"type":"Polygon","properties":{"geoid":"46069","name":"Hyde"},"id":"46069"},{"arcs":[[-5783,-2059,6362,-615,-2063]],"type":"Polygon","properties":{"geoid":"47179","name":"Washington"},"id":"47179"},{"arcs":[[6363,-3579,6364,-3169,6365,-3751]],"type":"Polygon","properties":{"geoid":"47079","name":"Henry"},"id":"47079"},{"arcs":[[6366,6367,6368,-1225,6369,6370]],"type":"Polygon","properties":{"geoid":"36055","name":"Monroe"},"id":"36055"},{"arcs":[[6371,6372,-4936,-4458,6373,6374,6375]],"type":"Polygon","properties":{"geoid":"36011","name":"Cayuga"},"id":"36011"},{"arcs":[[6376,-530,6377,6378]],"type":"Polygon","properties":{"geoid":"40077","name":"Latimer"},"id":"40077"},{"arcs":[[6379,6380,6381,6382,6383,6384]],"type":"Polygon","properties":{"geoid":"48085","name":"Collin"},"id":"48085"},{"arcs":[[-5408,6385,6386,6387,6388]],"type":"Polygon","properties":{"geoid":"48099","name":"Coryell"},"id":"48099"},{"arcs":[[6389,6390,6391,6392,6393,6394]],"type":"Polygon","properties":{"geoid":"46087","name":"McCook"},"id":"46087"},{"arcs":[[6395,6396,6397,6398,-1636,6399]],"type":"Polygon","properties":{"geoid":"55019","name":"Clark"},"id":"55019"},{"arcs":[[6400,6401,6402,6403,6404]],"type":"Polygon","properties":{"geoid":"55085","name":"Oneida"},"id":"55085"},{"arcs":[[-3984,6405,-3985,-3978,6406,-816]],"type":"Polygon","properties":{"geoid":"56043","name":"Washakie"},"id":"56043"},{"arcs":[[-3163,6407,6408,-5464,-1764,6409,-3134]],"type":"Polygon","properties":{"geoid":"47051","name":"Franklin"},"id":"47051"},{"arcs":[[6410,-4471,-1939,-5963,-5825,-1912]],"type":"Polygon","properties":{"geoid":"37179","name":"Union"},"id":"37179"},{"arcs":[[-1270,-4231,6411,-3487,-5778,-1917]],"type":"Polygon","properties":{"geoid":"37187","name":"Washington"},"id":"37187"},{"arcs":[[6412,6413,6414,6415,-5410,6416,6417]],"type":"Polygon","properties":{"geoid":"48143","name":"Erath"},"id":"48143"},{"arcs":[[6418,6419,-1444,6420,-5103,6421,6422]],"type":"Polygon","properties":{"geoid":"48139","name":"Ellis"},"id":"48139"},{"arcs":[[6423,6424,-4541,-3277,-1474,-4550]],"type":"Polygon","properties":{"geoid":"48331","name":"Milam"},"id":"48331"},{"arcs":[[-3823,6425,6426,6427,6428,6429,6430]],"type":"Polygon","properties":{"geoid":"56027","name":"Niobrara"},"id":"56027"},{"arcs":[[6431,6432,-4288,-477,6433,6434,-1262,6435]],"type":"Polygon","properties":{"geoid":"37171","name":"Surry"},"id":"37171"},{"arcs":[[-2852,6436,-2850,-752,6437,6438,6439,6440]],"type":"Polygon","properties":{"geoid":"37033","name":"Caswell"},"id":"37033"},{"arcs":[[-3265,6441,-6388,6442,-1461,-4554]],"type":"Polygon","properties":{"geoid":"48281","name":"Lampasas"},"id":"48281"},{"arcs":[[6443,6444,6445,6446,-3274]],"type":"Polygon","properties":{"geoid":"48227","name":"Howard"},"id":"48227"},{"arcs":[[-5852,6447,6448,-3297,6449,-653]],"type":"Polygon","properties":{"geoid":"48131","name":"Duval"},"id":"48131"},{"arcs":[[6450,-5261,-3228,-5697,-3304,-4588]],"type":"Polygon","properties":{"geoid":"48389","name":"Reeves"},"id":"48389"},{"arcs":[[-6383,6451,-1440,6452]],"type":"Polygon","properties":{"geoid":"48397","name":"Rockwall"},"id":"48397"},{"arcs":[[-5138,-534,-700,-4636,6453]],"type":"Polygon","properties":{"geoid":"48277","name":"Lamar"},"id":"48277"},{"arcs":[[6454,-6436,-1261,-469]],"type":"Polygon","properties":{"geoid":"37005","name":"Alleghany"},"id":"37005"},{"arcs":[[-5365,6455,-5603,-1935,6456,6457,-3701]],"type":"Polygon","properties":{"geoid":"37073","name":"Gates"},"id":"37073"},{"arcs":[[-4551,-1478,6458,-5580,-3202]],"type":"Polygon","properties":{"geoid":"48021","name":"Bastrop"},"id":"48021"},{"arcs":[[6459,6460,6461,-3247,6462,6463]],"type":"Polygon","properties":{"geoid":"48253","name":"Jones"},"id":"48253"},{"arcs":[[6464,6465,6466,6467,6468,6469,-4558]],"type":"Polygon","properties":{"geoid":"48237","name":"Jack"},"id":"48237"},{"arcs":[[-4546,-4570,-4576,-4845,-4275,6470]],"type":"Polygon","properties":{"geoid":"48199","name":"Hardin"},"id":"48199"},{"arcs":[[-1471,6471,6472,6473,6474,6475]],"type":"Polygon","properties":{"geoid":"48265","name":"Kerr"},"id":"48265"},{"arcs":[[6476,-5853,-652,6477]],"type":"Polygon","properties":{"geoid":"48283","name":"La Salle"},"id":"48283"},{"arcs":[[6478,6479,6480,-6461,6481]],"type":"Polygon","properties":{"geoid":"48207","name":"Haskell"},"id":"48207"},{"arcs":[[6482,6483,6484,6485,6486,-3293,6487]],"type":"Polygon","properties":{"geoid":"48393","name":"Roberts"},"id":"48393"},{"arcs":[[6488,-1472,-6476,6489,6490,6491,-674]],"type":"Polygon","properties":{"geoid":"48137","name":"Edwards"},"id":"48137"},{"arcs":[[6492,-3173,-3197,6493,6494,6495]],"type":"Polygon","properties":{"geoid":"47039","name":"Decatur"},"id":"47039"},{"arcs":[[6496,6497,-6131,6498,6499,6500,-3745]],"type":"Polygon","properties":{"geoid":"47027","name":"Clay"},"id":"47027"},{"arcs":[[-5101,-4647,-1480,-4539,6501,6502,6503]],"type":"Polygon","properties":{"geoid":"48293","name":"Limestone"},"id":"48293"},{"arcs":[[6504,6505,-3289,6506,6507]],"type":"Polygon","properties":{"geoid":"48081","name":"Coke"},"id":"48081"},{"arcs":[[-3295,6508,6509,-3234,-5257]],"type":"Polygon","properties":{"geoid":"48011","name":"Armstrong"},"id":"48011"},{"arcs":[[6510,-4556,6511,6512,-1469,-4591]],"type":"Polygon","properties":{"geoid":"48319","name":"Mason"},"id":"48319"},{"arcs":[[6513,-1473,-6489,-673,-5420]],"type":"Polygon","properties":{"geoid":"48435","name":"Sutton"},"id":"48435"},{"arcs":[[6514,6515,-6483,6516,6517]],"type":"Polygon","properties":{"geoid":"48195","name":"Hansford"},"id":"48195"},{"arcs":[[-108,6518,6519,6520,6521,6522]],"type":"Polygon","properties":{"geoid":"12021","name":"Collier"},"id":"12021"},{"arcs":[[6523,6524,6525,-6520,6526]],"type":"Polygon","properties":{"geoid":"12011","name":"Broward"},"id":"12011"},{"arcs":[[-4528,-3158,-4526,-3156,6527,6528,6529]],"type":"Polygon","properties":{"geoid":"47175","name":"Van Buren"},"id":"47175"},{"arcs":[[-6500,6530,-5971,-5974,6531]],"type":"Polygon","properties":{"geoid":"47133","name":"Overton"},"id":"47133"},{"arcs":[[6532,6533,6534,-1528,6535,6536]],"type":"Polygon","properties":{"geoid":"49001","name":"Beaver"},"id":"49001"},{"arcs":[[6537,6538,6539,6540,6541]],"type":"Polygon","properties":{"geoid":"50015","name":"Lamoille"},"id":"50015"},{"arcs":[[-1683,6542,6543,6544,-3039]],"type":"Polygon","properties":{"geoid":"12061","name":"Indian River"},"id":"12061"},{"arcs":[[6545,-6052,-3045,-5810,6546,-1693]],"type":"Polygon","properties":{"geoid":"12005","name":"Bay"},"id":"12005"},{"arcs":[[[6547]],[[-4051,-5950,6548,-5946,6549,-5944,6550,-5947,6551]],[[6552]],[[6554]],[[-1719,-4048,6555,-4065,6556]]],"type":"MultiPolygon","properties":{"geoid":"02122","name":"Kenai Peninsula"},"id":"02122"},{"arcs":[[6557,-5245,6558,6559,6560]],"type":"Polygon","properties":{"geoid":"36001","name":"Albany"},"id":"36001"},{"arcs":[[6561,-6370,-1224,6562,-5500,-5343]],"type":"Polygon","properties":{"geoid":"36037","name":"Genesee"},"id":"36037"},{"arcs":[[-3917,-3789,6563,6564,6565,-2142]],"type":"Polygon","properties":{"geoid":"51173","name":"Smyth"},"id":"51173"},{"arcs":[[-1564,-3908,-4112,-4286,6566,-1578]],"type":"Polygon","properties":{"geoid":"51063","name":"Floyd"},"id":"51063"},{"arcs":[[-2827,-4123,-1552,-5452,-5797,-1569,-5447],[6567],[6568]],"type":"Polygon","properties":{"geoid":"51163","name":"Rockbridge"},"id":"51163"},{"arcs":[[-1554]],"type":"Polygon","properties":{"geoid":"51790","name":"Staunton"},"id":"51790"},{"arcs":[[6569,6570,6571,6572,6573,-18]],"type":"Polygon","properties":{"geoid":"13061","name":"Clay"},"id":"13061"},{"arcs":[[6574,-6573,6575,-2617,6576,-6108,-9]],"type":"Polygon","properties":{"geoid":"13099","name":"Early"},"id":"13099"},{"arcs":[[-6369,6577,6578,-1233,6579,-1226]],"type":"Polygon","properties":{"geoid":"36069","name":"Ontario"},"id":"36069"},{"arcs":[[6580,-5845,-4472,-6411,-1911]],"type":"Polygon","properties":{"geoid":"37025","name":"Cabarrus"},"id":"37025"},{"arcs":[[6581,6582,-4464,-5844,6583]],"type":"Polygon","properties":{"geoid":"37059","name":"Davie"},"id":"37059"},{"arcs":[[-3914,-3930,6584,-3902,-5802]],"type":"Polygon","properties":{"geoid":"51135","name":"Nottoway"},"id":"51135"},{"arcs":[[-5923]],"type":"Polygon","properties":{"geoid":"51540","name":"Charlottesville"},"id":"51540"},{"arcs":[[-2863]],"type":"Polygon","properties":{"geoid":"51600","name":"Fairfax"},"id":"51600"},{"arcs":[[6585,-3698,-5597,6586,6587,-2547,-4081]],"type":"Polygon","properties":{"geoid":"13111","name":"Fannin"},"id":"13111"},{"arcs":[[-6100,6588,6589,-3064,-5689,6590,-6007,6591]],"type":"Polygon","properties":{"geoid":"13045","name":"Carroll"},"id":"13045"},{"arcs":[[6592,-1245,-3469]],"type":"Polygon","properties":{"geoid":"37105","name":"Lee"},"id":"37105"},{"arcs":[[-622,-471,-1267,6593,6594]],"type":"Polygon","properties":{"geoid":"37189","name":"Watauga"},"id":"37189"},{"arcs":[[-5265]],"type":"Polygon","properties":{"geoid":"51595","name":"Emporia"},"id":"51595"},{"arcs":[[6595,-4767,-5481,-770,6596]],"type":"Polygon","properties":{"geoid":"54079","name":"Putnam"},"id":"54079"},{"arcs":[[-3961,-1620,6597,-3957,-5995,-5461,-4134]],"type":"Polygon","properties":{"geoid":"54101","name":"Webster"},"id":"54101"},{"arcs":[[-2594,6598,-4314,-133,-1701,6599]],"type":"Polygon","properties":{"geoid":"13275","name":"Thomas"},"id":"13275"},{"arcs":[[-3742,6600,6601,-169]],"type":"Polygon","properties":{"geoid":"13257","name":"Stephens"},"id":"13257"},{"arcs":[[6602,6603,-3471,6604,6605]],"type":"Polygon","properties":{"geoid":"37069","name":"Franklin"},"id":"37069"},{"arcs":[[-3473,-1260,-5434,-5250,6606,-3462]],"type":"Polygon","properties":{"geoid":"37195","name":"Wilson"},"id":"37195"},{"arcs":[[-4769,-4138,-3963,-4133,-4764]],"type":"Polygon","properties":{"geoid":"54015","name":"Clay"},"id":"54015"},{"arcs":[[6607,6608,6609,6610,6611,6612]],"type":"Polygon","properties":{"geoid":"55039","name":"Fond du Lac"},"id":"55039"},{"arcs":[[6613,6614,6615,6616,-6609,6617]],"type":"Polygon","properties":{"geoid":"55015","name":"Calumet"},"id":"55015"},{"arcs":[[6618,-3975,6619,-6400,-1635,6620]],"type":"Polygon","properties":{"geoid":"55017","name":"Chippewa"},"id":"55017"},{"arcs":[[-5272,-825,6621,6622]],"type":"Polygon","properties":{"geoid":"16081","name":"Teton"},"id":"16081"},{"arcs":[[-4086,6623,-5951,-551]],"type":"Polygon","properties":{"geoid":"16075","name":"Payette"},"id":"16075"},{"arcs":[[-5309,6624,-6603,6625]],"type":"Polygon","properties":{"geoid":"37181","name":"Vance"},"id":"37181"},{"arcs":[[6626,6627,-6570,-17]],"type":"Polygon","properties":{"geoid":"13239","name":"Quitman"},"id":"13239"},{"arcs":[[-5534,6628,-3488,6629,6630]],"type":"Polygon","properties":{"geoid":"38101","name":"Ward"},"id":"38101"},{"arcs":[[-3499,6631,6632,6633,6634]],"type":"Polygon","properties":{"geoid":"38027","name":"Eddy"},"id":"38027"},{"arcs":[[6635,6636,-1297,6637,-5136,-3724,6638]],"type":"Polygon","properties":{"geoid":"40069","name":"Johnston"},"id":"40069"},{"arcs":[[6639,6640,6641,-1294,6642,-5479]],"type":"Polygon","properties":{"geoid":"40063","name":"Hughes"},"id":"40063"},{"arcs":[[6643,6644,6645,6646,-5785,6647]],"type":"Polygon","properties":{"geoid":"40057","name":"Harmon"},"id":"40057"},{"arcs":[[6648,-5861,6649,6650,6651,-6014,6652]],"type":"Polygon","properties":{"geoid":"01093","name":"Marion"},"id":"01093"},{"arcs":[[-6104,6653,6654,6655,6656,-256,-5125]],"type":"Polygon","properties":{"geoid":"01019","name":"Cherokee"},"id":"01019"},{"arcs":[[-2153,-2157,-234,6657,6658,6659,-1778]],"type":"Polygon","properties":{"geoid":"04019","name":"Pima"},"id":"04019"},{"arcs":[[-5980,6660,6661,6662,6663]],"type":"Polygon","properties":{"geoid":"38047","name":"Logan"},"id":"38047"},{"arcs":[[6664,-3500,-6635,6665,6666,-5978,6667]],"type":"Polygon","properties":{"geoid":"38103","name":"Wells"},"id":"38103"},{"arcs":[[6668,-3494,6669,6670,-1646,-1953]],"type":"Polygon","properties":{"geoid":"38025","name":"Dunn"},"id":"38025"},{"arcs":[[6671,6672,-1317,-4730,-5445,6673]],"type":"Polygon","properties":{"geoid":"41053","name":"Polk"},"id":"41053"},{"arcs":[[6674,6675,6676,6677,6678,6679,-3552,-3561]],"type":"Polygon","properties":{"geoid":"42107","name":"Schuylkill"},"id":"42107"},{"arcs":[[6680,6681,-6659]],"type":"Polygon","properties":{"geoid":"04023","name":"Santa Cruz"},"id":"04023"},{"arcs":[[-1823,6682,6683,6684,6685,-526]],"type":"Polygon","properties":{"geoid":"05127","name":"Scott"},"id":"05127"},{"arcs":[[-4017,-1852,-1847,6686,-54]],"type":"Polygon","properties":{"geoid":"06059","name":"Orange"},"id":"06059"},{"arcs":[[-4206,6687,6688,-5807,6689]],"type":"Polygon","properties":{"geoid":"06079","name":"San Luis Obispo"},"id":"06079"},{"arcs":[[-3000,-2991,-69,6690,-65,-5791]],"type":"Polygon","properties":{"geoid":"06095","name":"Solano"},"id":"06095"},{"arcs":[[-1990,6691,-5186,6692,-856,-5133]],"type":"Polygon","properties":{"geoid":"06049","name":"Modoc"},"id":"06049"},{"arcs":[[-4237,-511,6693,6694,6695,-1285]],"type":"Polygon","properties":{"geoid":"39173","name":"Wood"},"id":"39173"},{"arcs":[[-6695,6696,6697,-3506,6698,6699]],"type":"Polygon","properties":{"geoid":"39147","name":"Seneca"},"id":"39147"},{"arcs":[[6700,6701,6702,6703,-3508]],"type":"Polygon","properties":{"geoid":"39139","name":"Richland"},"id":"39139"},{"arcs":[[-4505,6704,6705,-4735,-5847,-4509]],"type":"Polygon","properties":{"geoid":"42065","name":"Jefferson"},"id":"42065"},{"arcs":[[6706,-4744,6707,-6675,-3560,6708]],"type":"Polygon","properties":{"geoid":"42037","name":"Columbia"},"id":"42037"},{"arcs":[[-1868,-898,-4609,-903,-85,-2122]],"type":"Polygon","properties":{"geoid":"08085","name":"Montrose"},"id":"08085"},{"arcs":[[[6711,6712]],[[-6522,6713,6714]],[[6715]]],"type":"MultiPolygon","properties":{"geoid":"12087","name":"Monroe"},"id":"12087"},{"arcs":[[6716,6717,-4221,-2535,-3664,6718]],"type":"Polygon","properties":{"geoid":"08021","name":"Conejos"},"id":"08021"},{"arcs":[[-5440,6719,6720,6721,6722]],"type":"Polygon","properties":{"geoid":"39133","name":"Portage"},"id":"39133"},{"arcs":[[-3720,-6723,6723,6724,6725]],"type":"Polygon","properties":{"geoid":"39153","name":"Summit"},"id":"39153"},{"arcs":[[6726,6727,6728,6729,6730,6731]],"type":"Polygon","properties":{"geoid":"39011","name":"Auglaize"},"id":"39011"},{"arcs":[[-5848,-4739,6732,6733,-562,-1340]],"type":"Polygon","properties":{"geoid":"42021","name":"Cambria"},"id":"42021"},{"arcs":[[6734,-3556,-4512,6735]],"type":"Polygon","properties":{"geoid":"42109","name":"Snyder"},"id":"42109"},{"arcs":[[6736,6737,6738,-5876,-5792,6739,6740]],"type":"Polygon","properties":{"geoid":"08061","name":"Kiowa"},"id":"08061"},{"arcs":[[6741,-437,-5517,6742,-5880,6743,6744,-1872]],"type":"Polygon","properties":{"geoid":"08075","name":"Logan"},"id":"08075"},{"arcs":[[-915,-4784,6745,-5823]],"type":"Polygon","properties":{"geoid":"09120","name":"Greater Bridgeport"},"id":"09120"},{"arcs":[[6746,6747,6748,-1963,6749,6750]],"type":"Polygon","properties":{"geoid":"39127","name":"Perry"},"id":"39127"},{"arcs":[[6751,-6731,6752,-4485,6753,6754]],"type":"Polygon","properties":{"geoid":"39149","name":"Shelby"},"id":"39149"},{"arcs":[[6755,6756,6757,6758,6759]],"type":"Polygon","properties":{"geoid":"39019","name":"Carroll"},"id":"39019"},{"arcs":[[6760,-5571,-4736,-6706,6761]],"type":"Polygon","properties":{"geoid":"42047","name":"Elk"},"id":"42047"},{"arcs":[[6762,-2019,6763,-4508,6764,6765]],"type":"Polygon","properties":{"geoid":"42121","name":"Venango"},"id":"42121"},{"arcs":[[6766,6767,-6356,6768,-6358,6769]],"type":"Polygon","properties":{"geoid":"46049","name":"Faulk"},"id":"46049"},{"arcs":[[6770,-6362,6771,-4618,-3129]],"type":"Polygon","properties":{"geoid":"46119","name":"Sully"},"id":"46119"},{"arcs":[[-3436,6772,-3773,6773,6774]],"type":"Polygon","properties":{"geoid":"35013","name":"Doña Ana"},"id":"35013"},{"arcs":[[-3435,6775,6776,6777,-4586,-684,-3771,-6773]],"type":"Polygon","properties":{"geoid":"35035","name":"Otero"},"id":"35035"},{"arcs":[[6778,-5613,6779,6780,6781]],"type":"Polygon","properties":{"geoid":"48017","name":"Bailey"},"id":"48017"},{"arcs":[[6782,6783,6784,-6485,6785]],"type":"Polygon","properties":{"geoid":"48295","name":"Lipscomb"},"id":"48295"},{"arcs":[[6786,-4282,-4007,6787]],"type":"Polygon","properties":{"geoid":"49053","name":"Washington"},"id":"49053"},{"arcs":[[6788,6789,-1842,-5035,6790,6791]],"type":"Polygon","properties":{"geoid":"05135","name":"Sharp"},"id":"05135"},{"arcs":[[6792,-1874,6793,6794,-3011,-5684,-3852]],"type":"Polygon","properties":{"geoid":"08001","name":"Adams"},"id":"08001"},{"arcs":[[-3862,6795,-6717,6796,6797]],"type":"Polygon","properties":{"geoid":"08105","name":"Rio Grande"},"id":"08105"},{"arcs":[[-6795,6798,-6744,-5885,6799,6800,-3012]],"type":"Polygon","properties":{"geoid":"08121","name":"Washington"},"id":"08121"},{"arcs":[[6801,-246,6802,-6738,6803]],"type":"Polygon","properties":{"geoid":"08017","name":"Cheyenne"},"id":"08017"},{"arcs":[[6804,-4938,-3080,-4942,-966,-4303,6805]],"type":"Polygon","properties":{"geoid":"13169","name":"Jones"},"id":"13169"},{"arcs":[[6806,6807,6808,-2613,-6576,-6572]],"type":"Polygon","properties":{"geoid":"13037","name":"Calhoun"},"id":"13037"},{"arcs":[[6809,6810,6811,-140,-3069]],"type":"Polygon","properties":{"geoid":"13173","name":"Lanier"},"id":"13173"},{"arcs":[[-1221,6812,6813,6814,-5821,6815,-5195]],"type":"Polygon","properties":{"geoid":"36027","name":"Dutchess"},"id":"36027"},{"arcs":[[-2178,6816,6817,-4322,6818,6819]],"type":"Polygon","properties":{"geoid":"17073","name":"Henry"},"id":"17073"},{"arcs":[[-5618,6820,6821,-3605,6822]],"type":"Polygon","properties":{"geoid":"50025","name":"Windham"},"id":"50025"},{"arcs":[[-3397,-4700,-6322,6823,-6324,6824]],"type":"Polygon","properties":{"geoid":"31109","name":"Lancaster"},"id":"31109"},{"arcs":[[-3863,-6798,6825,-3025]],"type":"Polygon","properties":{"geoid":"08079","name":"Mineral"},"id":"08079"},{"arcs":[[-3035,6826,6827,-5890]],"type":"Polygon","properties":{"geoid":"12043","name":"Glades"},"id":"12043"},{"arcs":[[-2632,6828,6829,6830,6831,6832]],"type":"Polygon","properties":{"geoid":"18031","name":"Decatur"},"id":"18031"},{"arcs":[[6833,6834,6835,-5510,6836,6837]],"type":"Polygon","properties":{"geoid":"18113","name":"Noble"},"id":"18113"},{"arcs":[[6838,6839,6840,-2591,-2614,-6809]],"type":"Polygon","properties":{"geoid":"13095","name":"Dougherty"},"id":"13095"},{"arcs":[[6841,6842,6843,6844,6845,-4324]],"type":"Polygon","properties":{"geoid":"17123","name":"Marshall"},"id":"17123"},{"arcs":[[-5662,-2775,-1081,-4359,-5663,-4371]],"type":"Polygon","properties":{"geoid":"21129","name":"Lee"},"id":"21129"},{"arcs":[[-2811,-2311,-2305,-5909,-2795,-2816,6846]],"type":"Polygon","properties":{"geoid":"22083","name":"Richland"},"id":"22083"},{"arcs":[[6847,6848,6849,6850,-6036,6851]],"type":"Polygon","properties":{"geoid":"17055","name":"Franklin"},"id":"17055"},{"arcs":[[6852,6853,6854,6855,6856,6857]],"type":"Polygon","properties":{"geoid":"31121","name":"Merrick"},"id":"31121"},{"arcs":[[-3398,-6825,-6323,6858,6859]],"type":"Polygon","properties":{"geoid":"31151","name":"Saline"},"id":"31151"},{"arcs":[[6860,6861,6862,6863,6864,-6854,6865,6866]],"type":"Polygon","properties":{"geoid":"31141","name":"Platte"},"id":"31141"},{"arcs":[[6867,6868,6869,6870,6871]],"type":"Polygon","properties":{"geoid":"31035","name":"Clay"},"id":"31035"},{"arcs":[[6872,6873,6874,-3647,6875]],"type":"Polygon","properties":{"geoid":"31099","name":"Kearney"},"id":"31099"},{"arcs":[[6876,6877,6878,6879,6880]],"type":"Polygon","properties":{"geoid":"18149","name":"Starke"},"id":"18149"},{"arcs":[[6881,6882,6883,6884,6885,6886,6887]],"type":"Polygon","properties":{"geoid":"18157","name":"Tippecanoe"},"id":"18157"},{"arcs":[[-6884,6888,-5658,-2653,6889,6890,6891]],"type":"Polygon","properties":{"geoid":"18023","name":"Clinton"},"id":"18023"},{"arcs":[[6892,-2204,6893,6894,6895,-6830,6896]],"type":"Polygon","properties":{"geoid":"18047","name":"Franklin"},"id":"18047"},{"arcs":[[6897,-2648,6898,6899,6900]],"type":"Polygon","properties":{"geoid":"18117","name":"Orange"},"id":"18117"},{"arcs":[[-5360,-4384,6901,-5494,-3584,-4982,-1089,-2801]],"type":"Polygon","properties":{"geoid":"22007","name":"Assumption"},"id":"22007"},{"arcs":[[6902,6903,6904,6905,6906,6907]],"type":"Polygon","properties":{"geoid":"26049","name":"Genesee"},"id":"26049"},{"arcs":[[6908,6909,6910,6911,6912]],"type":"Polygon","properties":{"geoid":"26073","name":"Isabella"},"id":"26073"},{"arcs":[[6913,-3451,-1894,-4251,6914,6915]],"type":"Polygon","properties":{"geoid":"36007","name":"Broome"},"id":"36007"},{"arcs":[[6916,-6372,6917,-6578,-6368]],"type":"Polygon","properties":{"geoid":"36117","name":"Wayne"},"id":"36117"},{"arcs":[[6918,6919,6920,6921,6922,-5515,-441]],"type":"Polygon","properties":{"geoid":"31135","name":"Perkins"},"id":"31135"},{"arcs":[[6923,-5191,-3415,6924,-4024,6925,6926]],"type":"Polygon","properties":{"geoid":"32019","name":"Lyon"},"id":"32019"},{"arcs":[[-5193,6927,-6927,6928,-5598]],"type":"Polygon","properties":{"geoid":"32510","name":"Carson City"},"id":"32510"},{"arcs":[[6929,-5659,-6889,-6883,6930]],"type":"Polygon","properties":{"geoid":"18015","name":"Carroll"},"id":"18015"},{"arcs":[[6931,6932,6933,6934,6935]],"type":"Polygon","properties":{"geoid":"19165","name":"Shelby"},"id":"19165"},{"arcs":[[6936,6937,6938,6939,-2655]],"type":"Polygon","properties":{"geoid":"19023","name":"Butler"},"id":"19023"},{"arcs":[[6940,-4954,6941,-4101,6942]],"type":"Polygon","properties":{"geoid":"19179","name":"Wapello"},"id":"19179"},{"arcs":[[6943,6944,6945,-6156,-4846,6946]],"type":"Polygon","properties":{"geoid":"19087","name":"Henry"},"id":"19087"},{"arcs":[[6947,6948,6949,6950,6951]],"type":"Polygon","properties":{"geoid":"26037","name":"Clinton"},"id":"26037"},{"arcs":[[6952,6953,6954,-6909,6955]],"type":"Polygon","properties":{"geoid":"26035","name":"Clare"},"id":"26035"},{"arcs":[[-368,6956,6957,6958,6959]],"type":"Polygon","properties":{"geoid":"26165","name":"Wexford"},"id":"26165"},{"arcs":[[6960,-3318,6961,6962,6963,-6955]],"type":"Polygon","properties":{"geoid":"26051","name":"Gladwin"},"id":"26051"},{"arcs":[[6964,-6959,6965,6966,-6240]],"type":"Polygon","properties":{"geoid":"26085","name":"Lake"},"id":"26085"},{"arcs":[[6967,6968,6969,-4705,6970,-455]],"type":"Polygon","properties":{"geoid":"36089","name":"St. Lawrence"},"id":"36089"},{"arcs":[[-5196,-6816,-5820,-4928,6971]],"type":"Polygon","properties":{"geoid":"36079","name":"Putnam"},"id":"36079"},{"arcs":[[6972,-2515,6973,-5775]],"type":"Polygon","properties":{"geoid":"33001","name":"Belknap"},"id":"33001"},{"arcs":[[6974,6975,6976,6977,-6776,-3434,6978]],"type":"Polygon","properties":{"geoid":"35027","name":"Lincoln"},"id":"35027"},{"arcs":[[6979,6980,6981,-6945,6982,-4952]],"type":"Polygon","properties":{"geoid":"19183","name":"Washington"},"id":"19183"},{"arcs":[[6983,6984,-229,-2212,6985,6986]],"type":"Polygon","properties":{"geoid":"19031","name":"Cedar"},"id":"19031"},{"arcs":[[-4953,-6983,-6944,6987,-6942]],"type":"Polygon","properties":{"geoid":"19101","name":"Jefferson"},"id":"19101"},{"arcs":[[6988,6989,6990,6991,6992]],"type":"Polygon","properties":{"geoid":"19079","name":"Hamilton"},"id":"19079"},{"arcs":[[6993,-5713,-2668,-6932,6994,6995]],"type":"Polygon","properties":{"geoid":"19047","name":"Crawford"},"id":"19047"},{"arcs":[[6996,6997,6998,6999,-4396,-5749,-3323]],"type":"Polygon","properties":{"geoid":"27141","name":"Sherburne"},"id":"27141"},{"arcs":[[7000,-3326,7001,-4658,-5840,7002]],"type":"Polygon","properties":{"geoid":"27067","name":"Kandiyohi"},"id":"27067"},{"arcs":[[7003,-6211,7004,7005,-1131]],"type":"Polygon","properties":{"geoid":"27039","name":"Dodge"},"id":"27039"},{"arcs":[[-5567,-4834,7006,-1923]],"type":"Polygon","properties":{"geoid":"37149","name":"Polk"},"id":"37149"},{"arcs":[[7007,-6819,-4326,7008,7009,-5080]],"type":"Polygon","properties":{"geoid":"17095","name":"Knox"},"id":"17095"},{"arcs":[[-2928,7010,7011,7012,-6848,7013]],"type":"Polygon","properties":{"geoid":"17081","name":"Jefferson"},"id":"17081"},{"arcs":[[-3640,-6038,7014,7015,-2163,-4087,-2445]],"type":"Polygon","properties":{"geoid":"17181","name":"Union"},"id":"17181"},{"arcs":[[7016,7017,7018,7019,7020]],"type":"Polygon","properties":{"geoid":"19065","name":"Fayette"},"id":"19065"},{"arcs":[[7021,7022,7023,7024,7025,7026,7027]],"type":"Polygon","properties":{"geoid":"20015","name":"Butler"},"id":"20015"},{"arcs":[[7028,7029,7030,7031,-4339,7032,7033,7034]],"type":"Polygon","properties":{"geoid":"20063","name":"Gove"},"id":"20063"},{"arcs":[[7035,7036,-4344,7037,-1042,7038,7039]],"type":"Polygon","properties":{"geoid":"20055","name":"Finney"},"id":"20055"},{"arcs":[[-5554,7040,7041,7042,7043,-1033]],"type":"Polygon","properties":{"geoid":"20151","name":"Pratt"},"id":"20151"},{"arcs":[[-5225,7044,-6212,-7004,-1130,7045,7046]],"type":"Polygon","properties":{"geoid":"27131","name":"Rice"},"id":"27131"},{"arcs":[[-4668,-5897,-2378,7047,7048,-1135,7049,7050]],"type":"Polygon","properties":{"geoid":"27001","name":"Aitkin"},"id":"27001"},{"arcs":[[-5750,-4401,-5223,7051,7052]],"type":"Polygon","properties":{"geoid":"27019","name":"Carver"},"id":"27019"},{"arcs":[[7053,-1908,-580,7054]],"type":"Polygon","properties":{"geoid":"37071","name":"Gaston"},"id":"37071"},{"arcs":[[-2056,-623,-6595,7055,-3453,-4476,-3705]],"type":"Polygon","properties":{"geoid":"37011","name":"Avery"},"id":"37011"},{"arcs":[[7056,-1002,7057,7058,7059]],"type":"Polygon","properties":{"geoid":"17009","name":"Brown"},"id":"17009"},{"arcs":[[-6023,7060,7061,-785,-1003,-7057,7062]],"type":"Polygon","properties":{"geoid":"17169","name":"Schuyler"},"id":"17169"},{"arcs":[[7063,7064,7065,-7023,7066,-2676]],"type":"Polygon","properties":{"geoid":"20115","name":"Marion"},"id":"20115"},{"arcs":[[7067,7068,-7040,-1043,7069]],"type":"Polygon","properties":{"geoid":"20093","name":"Kearny"},"id":"20093"},{"arcs":[[7070,7071,7072,7073,7074,7075]],"type":"Polygon","properties":{"geoid":"20029","name":"Cloud"},"id":"20029"},{"arcs":[[7076,7077,-6172,-6122,7078,-7026]],"type":"Polygon","properties":{"geoid":"20049","name":"Elk"},"id":"20049"},{"arcs":[[-7073,7079,-2691,7080,7081,7082]],"type":"Polygon","properties":{"geoid":"20027","name":"Clay"},"id":"20027"},{"arcs":[[7083,-6997,-3322,-1121]],"type":"Polygon","properties":{"geoid":"27009","name":"Benton"},"id":"27009"},{"arcs":[[-2377,7084,7085,-7048]],"type":"Polygon","properties":{"geoid":"27017","name":"Carlton"},"id":"27017"},{"arcs":[[7086,-3331,7087,7088,7089,7090]],"type":"Polygon","properties":{"geoid":"27101","name":"Murray"},"id":"27101"},{"arcs":[[7091,-6000,-6225,7092,7093,-1147]],"type":"Polygon","properties":{"geoid":"28117","name":"Prentiss"},"id":"28117"},{"arcs":[[-6457,-1934,7094,7095]],"type":"Polygon","properties":{"geoid":"37143","name":"Perquimans"},"id":"37143"},{"arcs":[[7096,-1648,7097,7098,7099,7100,7101]],"type":"Polygon","properties":{"geoid":"38087","name":"Slope"},"id":"38087"},{"arcs":[[7102,7103,7104,-5621,7105,-3683,-3692]],"type":"Polygon","properties":{"geoid":"50001","name":"Addison"},"id":"50001"},{"arcs":[[7106,7107,7108,7109]],"type":"Polygon","properties":{"geoid":"51710","name":"Norfolk"},"id":"51710"},{"arcs":[[7110,7111,-1031,7112,7113,7114]],"type":"Polygon","properties":{"geoid":"20111","name":"Lyon"},"id":"20111"},{"arcs":[[-7081,-2690,7115,7116,7117]],"type":"Polygon","properties":{"geoid":"20061","name":"Geary"},"id":"20061"},{"arcs":[[7118,-4338,7119,7120]],"type":"Polygon","properties":{"geoid":"20207","name":"Woodson"},"id":"20207"},{"arcs":[[7121,7122,-2674,7123,7124,7125]],"type":"Polygon","properties":{"geoid":"20053","name":"Ellsworth"},"id":"20053"},{"arcs":[[7126,7127,7128,-2680,-4342]],"type":"Polygon","properties":{"geoid":"20165","name":"Rush"},"id":"20165"},{"arcs":[[7129,7130,7131,7132,7133,-3351]],"type":"Polygon","properties":{"geoid":"28129","name":"Smith"},"id":"28129"},{"arcs":[[-4681,7134,7135,7136,7137,7138,-5755]],"type":"Polygon","properties":{"geoid":"28155","name":"Webster"},"id":"28155"},{"arcs":[[-7137,7139,-2412,-2425,7140,7141]],"type":"Polygon","properties":{"geoid":"28105","name":"Oktibbeha"},"id":"28105"},{"arcs":[[7142,7143,-4683,-5754,7144]],"type":"Polygon","properties":{"geoid":"28161","name":"Yalobusha"},"id":"28161"},{"arcs":[[7145,7146,7147,7148,-7131]],"type":"Polygon","properties":{"geoid":"28061","name":"Jasper"},"id":"28061"},{"arcs":[[7149,7150,7151,7152,-2278,-6136]],"type":"Polygon","properties":{"geoid":"39001","name":"Adams"},"id":"39001"},{"arcs":[[7153,7154,-2911,-2923,-1958,7155]],"type":"Polygon","properties":{"geoid":"39111","name":"Monroe"},"id":"39111"},{"arcs":[[7156,-7109,7157,7158]],"type":"Polygon","properties":{"geoid":"51740","name":"Portsmouth"},"id":"51740"},{"arcs":[[[7159]],[[-3803,-4993,7160]]],"type":"MultiPolygon","properties":{"geoid":"53073","name":"Whatcom"},"id":"53073"},{"arcs":[[-5814,-5459,7161,-1996,-1993,-5916,7162,7163]],"type":"Polygon","properties":{"geoid":"53039","name":"Klickitat"},"id":"53039"},{"arcs":[[-1601,-5541,7164,-1972,7165,-5001]],"type":"Polygon","properties":{"geoid":"53069","name":"Wahkiakum"},"id":"53069"},{"arcs":[[7166,7167,7168,7169,7170,7171,-4962]],"type":"Polygon","properties":{"geoid":"20141","name":"Osborne"},"id":"20141"},{"arcs":[[7172,7173,-7070,7174,-5878]],"type":"Polygon","properties":{"geoid":"20075","name":"Hamilton"},"id":"20075"},{"arcs":[[7175,7176,7177,-5717,-6129,7178]],"type":"Polygon","properties":{"geoid":"21207","name":"Russell"},"id":"21207"},{"arcs":[[7179,7180,7181,-2746,7182]],"type":"Polygon","properties":{"geoid":"21077","name":"Gallatin"},"id":"21077"},{"arcs":[[7183,7184,-3367,-5228,-5181,7185]],"type":"Polygon","properties":{"geoid":"28035","name":"Forrest"},"id":"28035"},{"arcs":[[-2423,-3340,7186,7187,-2401,-5168]],"type":"Polygon","properties":{"geoid":"28063","name":"Jefferson"},"id":"28063"},{"arcs":[[7188,7189,7190,7191,-6304,7192,7193]],"type":"Polygon","properties":{"geoid":"29109","name":"Lawrence"},"id":"29109"},{"arcs":[[7194,7195,7196,7197,7198,-6757,7199]],"type":"Polygon","properties":{"geoid":"39029","name":"Columbiana"},"id":"39029"},{"arcs":[[7200,7201,7202,7203,7204,7205,-5958]],"type":"Polygon","properties":{"geoid":"39025","name":"Clermont"},"id":"39025"},{"arcs":[[7206,7207,7208,7209,7210]],"type":"Polygon","properties":{"geoid":"17103","name":"Lee"},"id":"17103"},{"arcs":[[-2891,7211,7212,7213]],"type":"Polygon","properties":{"geoid":"53023","name":"Garfield"},"id":"53023"},{"arcs":[[7214,-2748,-2725,-5716,-4967,7215]],"type":"Polygon","properties":{"geoid":"21073","name":"Franklin"},"id":"21073"},{"arcs":[[-2716,7216,7217,7218,-7177,7219,-4356]],"type":"Polygon","properties":{"geoid":"21045","name":"Casey"},"id":"21045"},{"arcs":[[7220,7221,7222,7223,-7191,7224]],"type":"Polygon","properties":{"geoid":"29077","name":"Greene"},"id":"29077"},{"arcs":[[7225,7226,-4422,7227,7228,-3632]],"type":"Polygon","properties":{"geoid":"29003","name":"Andrew"},"id":"29003"},{"arcs":[[7229,7230,-6732,-6752,7231,-219]],"type":"Polygon","properties":{"geoid":"39107","name":"Mercer"},"id":"39107"},{"arcs":[[7232,7233,-1288,-3712,7234,7235]],"type":"Polygon","properties":{"geoid":"39171","name":"Williams"},"id":"39171"},{"arcs":[[7236,7237,-5437,-3718]],"type":"Polygon","properties":{"geoid":"39085","name":"Lake"},"id":"39085"},{"arcs":[[7238,7239,-6597,-769,7240]],"type":"Polygon","properties":{"geoid":"54053","name":"Mason"},"id":"54053"},{"arcs":[[7241,7242,-3811,7243,7244,-5374,7245]],"type":"Polygon","properties":{"geoid":"17051","name":"Fayette"},"id":"17051"},{"arcs":[[7246,7247,7248,7249,7250,7251]],"type":"Polygon","properties":{"geoid":"17105","name":"Livingston"},"id":"17105"},{"arcs":[[-2737,-1067,7252,-3566,7253,7254]],"type":"Polygon","properties":{"geoid":"21227","name":"Warren"},"id":"21227"},{"arcs":[[7255,7256,-4970,-2693,-4352]],"type":"Polygon","properties":{"geoid":"21215","name":"Spencer"},"id":"21215"},{"arcs":[[-2274,-5477,7257,-4804,-2778,-2762]],"type":"Polygon","properties":{"geoid":"21043","name":"Carter"},"id":"21043"},{"arcs":[[7258,-4357,-7220,-7176,7259,7260]],"type":"Polygon","properties":{"geoid":"21001","name":"Adair"},"id":"21001"},{"arcs":[[7261,-5331,7262,-3636,7263,7264]],"type":"Polygon","properties":{"geoid":"29187","name":"St. Francois"},"id":"29187"},{"arcs":[[7265,7266,7267,-3383,-4419,7268]],"type":"Polygon","properties":{"geoid":"29061","name":"Daviess"},"id":"29061"},{"arcs":[[7269,7270,7271,-4411,7272,-1159]],"type":"Polygon","properties":{"geoid":"29175","name":"Randolph"},"id":"29175"},{"arcs":[[7273,7274,-6261,7275,7276,-7271]],"type":"Polygon","properties":{"geoid":"29137","name":"Monroe"},"id":"29137"},{"arcs":[[7277,-6202,-4233,-1283,-7234]],"type":"Polygon","properties":{"geoid":"39051","name":"Fulton"},"id":"39051"},{"arcs":[[7278,7279,-6120,7280,7281,-6783,7282,7283]],"type":"Polygon","properties":{"geoid":"40007","name":"Beaver"},"id":"40007"},{"arcs":[[7284,-7163,-5915,-3539,-1985]],"type":"Polygon","properties":{"geoid":"41027","name":"Hood River"},"id":"41027"},{"arcs":[[-7009,-4325,-6846,7285,7286,7287]],"type":"Polygon","properties":{"geoid":"17143","name":"Peoria"},"id":"17143"},{"arcs":[[-7058,-1006,7288,7289,7290,-5213,7291]],"type":"Polygon","properties":{"geoid":"17137","name":"Morgan"},"id":"17137"},{"arcs":[[7292,7293,7294,7295,7296,-3807,-7243,7297]],"type":"Polygon","properties":{"geoid":"17173","name":"Shelby"},"id":"17173"},{"arcs":[[7298,7299,7300,7301,7302,7303]],"type":"Polygon","properties":{"geoid":"13015","name":"Bartow"},"id":"13015"},{"arcs":[[7304,-4308,7305,-5207,7306,-5733]],"type":"Polygon","properties":{"geoid":"13297","name":"Walton"},"id":"13297"},{"arcs":[[7307,-6266,7308,7309,7310,7311]],"type":"Polygon","properties":{"geoid":"29103","name":"Knox"},"id":"29103"},{"arcs":[[7312,-5332,-7262,7313,7314]],"type":"Polygon","properties":{"geoid":"29221","name":"Washington"},"id":"29221"},{"arcs":[[7315,7316,7317,-2467,7318,7319]],"type":"Polygon","properties":{"geoid":"29035","name":"Carter"},"id":"29035"},{"arcs":[[7320,-3641,-2449,-5563,7321]],"type":"Polygon","properties":{"geoid":"29017","name":"Bollinger"},"id":"29017"},{"arcs":[[7322,-6766,7323,7324,7325,7326]],"type":"Polygon","properties":{"geoid":"42085","name":"Mercer"},"id":"42085"},{"arcs":[[7327,7328,7329,7330,7331]],"type":"Polygon","properties":{"geoid":"42117","name":"Tioga"},"id":"42117"},{"arcs":[[7332,-6915,-4250,7333,7334,7335]],"type":"Polygon","properties":{"geoid":"42115","name":"Susquehanna"},"id":"42115"},{"arcs":[[-7198,7336,-4243,7337,7338]],"type":"Polygon","properties":{"geoid":"54029","name":"Hancock"},"id":"54029"},{"arcs":[[7339,7340,-4241,7341,7342]],"type":"Polygon","properties":{"geoid":"54069","name":"Ohio"},"id":"54069"},{"arcs":[[7343,-7338,-4242,-7341]],"type":"Polygon","properties":{"geoid":"54009","name":"Brooke"},"id":"54009"},{"arcs":[[7344,7345,-6840,7346,7347,-3075]],"type":"Polygon","properties":{"geoid":"13177","name":"Lee"},"id":"13177"},{"arcs":[[7348,7349,7350,-3029,7351,-6811]],"type":"Polygon","properties":{"geoid":"13065","name":"Clinch"},"id":"13065"},{"arcs":[[-4691,-2475,7352]],"type":"Polygon","properties":{"geoid":"30103","name":"Treasure"},"id":"30103"},{"arcs":[[-5565,-5843,7353,7354,-1184]],"type":"Polygon","properties":{"geoid":"30107","name":"Wheatland"},"id":"30107"},{"arcs":[[-2500,7355,7356,-4427]],"type":"Polygon","properties":{"geoid":"30021","name":"Dawson"},"id":"30021"},{"arcs":[[-5966,-2000,-3598,-4811,7357]],"type":"Polygon","properties":{"geoid":"42057","name":"Fulton"},"id":"42057"},{"arcs":[[-1389,-4269,7358,-3400,-5609]],"type":"Polygon","properties":{"geoid":"46053","name":"Gregory"},"id":"46053"},{"arcs":[[-6845,7359,-7252,7360,7361,-7286]],"type":"Polygon","properties":{"geoid":"17203","name":"Woodford"},"id":"17203"},{"arcs":[[7362,7363,-6034,7364,7365,-3809]],"type":"Polygon","properties":{"geoid":"17079","name":"Jasper"},"id":"17079"},{"arcs":[[7366,7367,7368,-793,7369,7370]],"type":"Polygon","properties":{"geoid":"55105","name":"Rock"},"id":"55105"},{"arcs":[[7371,-6791,-5034,-5022,-2975,7372,7373]],"type":"Polygon","properties":{"geoid":"05063","name":"Independence"},"id":"05063"},{"arcs":[[-6601,-3741,7374,-5989,7375]],"type":"Polygon","properties":{"geoid":"13119","name":"Franklin"},"id":"13119"},{"arcs":[[-6587,-5596,-4312,7376,7377]],"type":"Polygon","properties":{"geoid":"13187","name":"Lumpkin"},"id":"13187"},{"arcs":[[-4695,7378,7379,7380,7381,-4689]],"type":"Polygon","properties":{"geoid":"30017","name":"Custer"},"id":"30017"},{"arcs":[[7382,7383,-6876,-6316,7384,7385]],"type":"Polygon","properties":{"geoid":"31137","name":"Phelps"},"id":"31137"},{"arcs":[[-6856,7386,-1204,-6868,7387,7388]],"type":"Polygon","properties":{"geoid":"31081","name":"Hamilton"},"id":"31081"},{"arcs":[[7389,7390,-6292,-6325]],"type":"Polygon","properties":{"geoid":"31097","name":"Johnson"},"id":"31097"},{"arcs":[[7391,7392,-5327,-5637,7393,7394,-1395]],"type":"Polygon","properties":{"geoid":"46039","name":"Deuel"},"id":"46039"},{"arcs":[[7395,7396,-602,7397,7398]],"type":"Polygon","properties":{"geoid":"46021","name":"Campbell"},"id":"46021"},{"arcs":[[7399,7400,7401,7402,-5996,7403,-3627,7404]],"type":"Polygon","properties":{"geoid":"47069","name":"Hardeman"},"id":"47069"},{"arcs":[[7405,-2949,-4211,-4014,-52,-5127,-5808,-6689]],"type":"Polygon","properties":{"geoid":"06029","name":"Kern"},"id":"06029"},{"arcs":[[7406,7407,-3970,-1634,7408,-2939,7409,7410]],"type":"Polygon","properties":{"geoid":"55123","name":"Vernon"},"id":"55123"},{"arcs":[[7411,7412,7413,7414,-2592,-6841,-7346]],"type":"Polygon","properties":{"geoid":"13321","name":"Worth"},"id":"13321"},{"arcs":[[-6321,7415,7416,7417,-7390,-6824]],"type":"Polygon","properties":{"geoid":"31131","name":"Otoe"},"id":"31131"},{"arcs":[[7418,-4208,-4026,7419]],"type":"Polygon","properties":{"geoid":"32009","name":"Esmeralda"},"id":"32009"},{"arcs":[[7420,7421,-2514,-337,-2358,7422,7423]],"type":"Polygon","properties":{"geoid":"33011","name":"Hillsborough"},"id":"33011"},{"arcs":[[[-646,7425]],[[-5303,7426,-648,-642]]],"type":"MultiPolygon","properties":{"geoid":"48489","name":"Willacy"},"id":"48489"},{"arcs":[[-675,-6492,7427,-668,7428]],"type":"Polygon","properties":{"geoid":"48271","name":"Kinney"},"id":"48271"},{"arcs":[[-5421,-677,7429,-2116,-5698]],"type":"Polygon","properties":{"geoid":"48443","name":"Terrell"},"id":"48443"},{"arcs":[[7430,7431,-5031,7432,7433,7434,-6684]],"type":"Polygon","properties":{"geoid":"05149","name":"Yell"},"id":"05149"},{"arcs":[[7435,-47,7436,7437,-5025]],"type":"Polygon","properties":{"geoid":"05111","name":"Poinsett"},"id":"05111"},{"arcs":[[7438,7439,7440,7441,-2607,-5505,-2586,7442]],"type":"Polygon","properties":{"geoid":"13293","name":"Upson"},"id":"13293"},{"arcs":[[7443,7444,7445,-6806,-4302,-2608,-7442]],"type":"Polygon","properties":{"geoid":"13207","name":"Monroe"},"id":"13207"},{"arcs":[[-5646,-314,-3593,-2516,-6973,-5774]],"type":"Polygon","properties":{"geoid":"33003","name":"Carroll"},"id":"33003"},{"arcs":[[-3658,7446,-5340,-5528]],"type":"Polygon","properties":{"geoid":"34029","name":"Ocean"},"id":"34029"},{"arcs":[[-2651,-2639,-1011,7447,7448,7449]],"type":"Polygon","properties":{"geoid":"18095","name":"Madison"},"id":"18095"},{"arcs":[[-5512,7450,7451,-2636,7452]],"type":"Polygon","properties":{"geoid":"18069","name":"Huntington"},"id":"18069"},{"arcs":[[7453,7454,-6837,-5514,7455,7456]],"type":"Polygon","properties":{"geoid":"18085","name":"Kosciusko"},"id":"18085"},{"arcs":[[-6885,-6892,7457,7458,7459,7460,7461]],"type":"Polygon","properties":{"geoid":"18107","name":"Montgomery"},"id":"18107"},{"arcs":[[7462,7463,-7457,7464,7465,7466]],"type":"Polygon","properties":{"geoid":"18049","name":"Fulton"},"id":"18049"},{"arcs":[[7467,7468,-7028,7469,7470]],"type":"Polygon","properties":{"geoid":"20173","name":"Sedgwick"},"id":"20173"},{"arcs":[[-7171,7471,-7126,7472,-7128,7473]],"type":"Polygon","properties":{"geoid":"20167","name":"Russell"},"id":"20167"},{"arcs":[[7474,-7075,7475,7476,-7169]],"type":"Polygon","properties":{"geoid":"20123","name":"Mitchell"},"id":"20123"},{"arcs":[[7477,-5555,-1037,-6118,7478,-1039]],"type":"Polygon","properties":{"geoid":"20057","name":"Ford"},"id":"20057"},{"arcs":[[-4337,7479,7480,7481,-6174,7482]],"type":"Polygon","properties":{"geoid":"20133","name":"Neosho"},"id":"20133"},{"arcs":[[7483,-7120,-7483,-6173,-7078]],"type":"Polygon","properties":{"geoid":"20205","name":"Wilson"},"id":"20205"},{"arcs":[[-244,7484,7485,-7068,-7174,7486]],"type":"Polygon","properties":{"geoid":"20203","name":"Wichita"},"id":"20203"},{"arcs":[[-6291,7487,7488,7489,7490,7491,-5312]],"type":"Polygon","properties":{"geoid":"20153","name":"Rawlins"},"id":"20153"},{"arcs":[[7492,-2706,7493,7494,-3577,7495]],"type":"Polygon","properties":{"geoid":"21221","name":"Trigg"},"id":"21221"},{"arcs":[[-3214,-5582,7496,7497,7498,7499,7500]],"type":"Polygon","properties":{"geoid":"48177","name":"Gonzales"},"id":"48177"},{"arcs":[[-6469,7501,7502,7503,7504,7505]],"type":"Polygon","properties":{"geoid":"48367","name":"Parker"},"id":"48367"},{"arcs":[[7506,-5579,7507,7508,7509]],"type":"Polygon","properties":{"geoid":"48325","name":"Medina"},"id":"48325"},{"arcs":[[7510,7511,7512,-4640]],"type":"Polygon","properties":{"geoid":"48303","name":"Lubbock"},"id":"48303"},{"arcs":[[7513,-7449,7514,7515,-2630,7516]],"type":"Polygon","properties":{"geoid":"18059","name":"Hancock"},"id":"18059"},{"arcs":[[7517,-6137,-5993,-2753,-4365]],"type":"Polygon","properties":{"geoid":"21201","name":"Robertson"},"id":"21201"},{"arcs":[[-2689,-4959,7518,-1026,-7112,7519,-7116]],"type":"Polygon","properties":{"geoid":"20197","name":"Wabaunsee"},"id":"20197"},{"arcs":[[-2945,7520,7521,7522,7523,7524]],"type":"Polygon","properties":{"geoid":"17147","name":"Piatt"},"id":"17147"},{"arcs":[[7525,7526,-7363,-3808,-7297]],"type":"Polygon","properties":{"geoid":"17035","name":"Cumberland"},"id":"17035"},{"arcs":[[-5715,-5353,-4346,-2726,-1072]],"type":"Polygon","properties":{"geoid":"21113","name":"Jessamine"},"id":"21113"},{"arcs":[[7527,-4860,7528,-7496,-3576,7529]],"type":"Polygon","properties":{"geoid":"21157","name":"Marshall"},"id":"21157"},{"arcs":[[7530,7531,7532,7533,-7502,-6468]],"type":"Polygon","properties":{"geoid":"48497","name":"Wise"},"id":"48497"},{"arcs":[[7534,-1465,-3205,7535,-5412,7536,7537]],"type":"Polygon","properties":{"geoid":"48031","name":"Blanco"},"id":"48031"},{"arcs":[[-6382,7538,-4638,-3243,-3291,-4644,-1441,-6452]],"type":"Polygon","properties":{"geoid":"48231","name":"Hunt"},"id":"48231"},{"arcs":[[-5577,-3215,-7501,7539,7540]],"type":"Polygon","properties":{"geoid":"48493","name":"Wilson"},"id":"48493"},{"arcs":[[-5664,-1074,-2730,7541,-7217,-2715]],"type":"Polygon","properties":{"geoid":"21021","name":"Boyle"},"id":"21021"},{"arcs":[[7542,7543,7544,7545,-6145]],"type":"Polygon","properties":{"geoid":"21223","name":"Trimble"},"id":"21223"},{"arcs":[[-796,-6028,7546,7547,7548,-7208,7549]],"type":"Polygon","properties":{"geoid":"17037","name":"DeKalb"},"id":"17037"},{"arcs":[[7550,7551,-7298,-7242,7552,7553,7554]],"type":"Polygon","properties":{"geoid":"17135","name":"Montgomery"},"id":"17135"},{"arcs":[[-7013,7555,7556,7557,7558,-6849]],"type":"Polygon","properties":{"geoid":"17065","name":"Hamilton"},"id":"17065"},{"arcs":[[-882,7559,7560,-5542,-4604,7561]],"type":"Polygon","properties":{"geoid":"08041","name":"El Paso"},"id":"08041"},{"arcs":[[7562,-6740,-5796,-5954,-5544]],"type":"Polygon","properties":{"geoid":"08089","name":"Otero"},"id":"08089"},{"arcs":[[7563,-3013,-6801,7564,-6804,-6737,7565,-7561]],"type":"Polygon","properties":{"geoid":"08073","name":"Lincoln"},"id":"08073"},{"arcs":[[-6828,7566,-6527,-6519,-107]],"type":"Polygon","properties":{"geoid":"12051","name":"Hendry"},"id":"12051"},{"arcs":[[-1505,-3296,-5256,7567]],"type":"Polygon","properties":{"geoid":"48375","name":"Potter"},"id":"48375"},{"arcs":[[-5612,-5107,7568,-4639,-6780]],"type":"Polygon","properties":{"geoid":"48279","name":"Lamb"},"id":"48279"},{"arcs":[[-6459,-1477,-1501,-3246,-4579,7569,-7497,-5581]],"type":"Polygon","properties":{"geoid":"48149","name":"Fayette"},"id":"48149"},{"arcs":[[-6474,7570,-5575,-7507,7571,7572]],"type":"Polygon","properties":{"geoid":"48019","name":"Bandera"},"id":"48019"},{"arcs":[[7573,7574,7575,-6505,7576,-6445]],"type":"Polygon","properties":{"geoid":"48335","name":"Mitchell"},"id":"48335"},{"arcs":[[7577,7578,-6465,-4557,-5745]],"type":"Polygon","properties":{"geoid":"48009","name":"Archer"},"id":"48009"},{"arcs":[[-7544,7579,-2749,-7215,7580,7581]],"type":"Polygon","properties":{"geoid":"21103","name":"Henry"},"id":"21103"},{"arcs":[[-4976,7582,7583,7584,7585]],"type":"Polygon","properties":{"geoid":"21039","name":"Carlisle"},"id":"21039"},{"arcs":[[7586,-2921,7587,-4770,-4762,-6596,-7240]],"type":"Polygon","properties":{"geoid":"54035","name":"Jackson"},"id":"54035"},{"arcs":[[7588,7589,7590,7591,7592]],"type":"Polygon","properties":{"geoid":"55101","name":"Racine"},"id":"55101"},{"arcs":[[7593,-1730,-5473,-4042,7594,-5919,-3048,-3030,-7351]],"type":"Polygon","properties":{"geoid":"12003","name":"Baker"},"id":"12003"},{"arcs":[[7595,7596,-4614,-2565,-1731,-7594,-7350,7597]],"type":"Polygon","properties":{"geoid":"13299","name":"Ware"},"id":"13299"},{"arcs":[[7598,-4196,-4082,-2550,7599,-7300,7600]],"type":"Polygon","properties":{"geoid":"13129","name":"Gordon"},"id":"13129"},{"arcs":[[-6417,-5409,-6389,-6442,-3264,7601]],"type":"Polygon","properties":{"geoid":"48193","name":"Hamilton"},"id":"48193"},{"arcs":[[7602,-6502,-4538,-6425,7603]],"type":"Polygon","properties":{"geoid":"48145","name":"Falls"},"id":"48145"},{"arcs":[[-3287,-3271,7604,-4589,7605]],"type":"Polygon","properties":{"geoid":"48095","name":"Concho"},"id":"48095"},{"arcs":[[7606,-3769,-639,-5157,-3298,-6449]],"type":"Polygon","properties":{"geoid":"48249","name":"Jim Wells"},"id":"48249"},{"arcs":[[7607,7608,7609,7610,-6509]],"type":"Polygon","properties":{"geoid":"48129","name":"Donley"},"id":"48129"},{"arcs":[[-2240,-5318,-1047,-2731,-2740,7611]],"type":"Polygon","properties":{"geoid":"21149","name":"McLean"},"id":"21149"},{"arcs":[[-4383,7612,-5485,-6902]],"type":"Polygon","properties":{"geoid":"22093","name":"St. James"},"id":"22093"},{"arcs":[[-7592,7613,-2180,-6026,7614]],"type":"Polygon","properties":{"geoid":"55059","name":"Kenosha"},"id":"55059"},{"arcs":[[7615,7616,-7593,-7615,-6029,-794,-7369]],"type":"Polygon","properties":{"geoid":"55127","name":"Walworth"},"id":"55127"},{"arcs":[[7617,7618,-3056,-6590]],"type":"Polygon","properties":{"geoid":"13097","name":"Douglas"},"id":"13097"},{"arcs":[[-5691,-6351,-572,-4076,-163,-4262]],"type":"Polygon","properties":{"geoid":"45037","name":"Edgefield"},"id":"45037"},{"arcs":[[7619,7620,7621,-4362,-2720,-2747,-7182]],"type":"Polygon","properties":{"geoid":"21081","name":"Grant"},"id":"21081"},{"arcs":[[-7219,7622,-5356,-4971,-5837,-5718,-7178]],"type":"Polygon","properties":{"geoid":"21199","name":"Pulaski"},"id":"21199"},{"arcs":[[-4382,-4988,-2286,-5561,7623,7624,-5486,-7613]],"type":"Polygon","properties":{"geoid":"22095","name":"St. John the Baptist"},"id":"22095"},{"arcs":[[-2819,-5628,7625,7626,-2320,-2337]],"type":"Polygon","properties":{"geoid":"23019","name":"Penobscot"},"id":"23019"},{"arcs":[[7627,7628,7629,7630,7631,-6194]],"type":"Polygon","properties":{"geoid":"26015","name":"Barry"},"id":"26015"},{"arcs":[[7632,7633,7634,-6207,7635,-5177]],"type":"Polygon","properties":{"geoid":"55093","name":"Pierce"},"id":"55093"},{"arcs":[[-805,7636,7637,-7407,7638,7639]],"type":"Polygon","properties":{"geoid":"55063","name":"La Crosse"},"id":"55063"},{"arcs":[[-576,-3091,-4522,-4525,-4616]],"type":"Polygon","properties":{"geoid":"45011","name":"Barnwell"},"id":"45011"},{"arcs":[[-583,-5828,7640,-3104]],"type":"Polygon","properties":{"geoid":"45023","name":"Chester"},"id":"45023"},{"arcs":[[-4092,-214,-4864,-1049,-5317]],"type":"Polygon","properties":{"geoid":"21091","name":"Hancock"},"id":"21091"},{"arcs":[[-2769,7641,-7261,7642,7643,7644]],"type":"Polygon","properties":{"geoid":"21169","name":"Metcalfe"},"id":"21169"},{"arcs":[[-6911,7645,7646,7647,-6948,7648]],"type":"Polygon","properties":{"geoid":"26057","name":"Gratiot"},"id":"26057"},{"arcs":[[7649,-6907,7650,7651,-6949,-7648]],"type":"Polygon","properties":{"geoid":"26155","name":"Shiawassee"},"id":"26155"},{"arcs":[[-728,-5669,7652,7653]],"type":"Polygon","properties":{"geoid":"51700","name":"Newport News"},"id":"51700"},{"arcs":[[7654,7655,-3813,7656,7657]],"type":"Polygon","properties":{"geoid":"55061","name":"Kewaunee"},"id":"55061"},{"arcs":[[-6617,7658,7659,7660,7661,-6610]],"type":"Polygon","properties":{"geoid":"55117","name":"Sheboygan"},"id":"55117"},{"arcs":[[7662,-5623,7663,-7248,7664]],"type":"Polygon","properties":{"geoid":"17063","name":"Grundy"},"id":"17063"},{"arcs":[[-5395,-3114,7665,7666,-4264,7667]],"type":"Polygon","properties":{"geoid":"46003","name":"Aurora"},"id":"46003"},{"arcs":[[-3113,7668,7669,7670,-7666]],"type":"Polygon","properties":{"geoid":"46035","name":"Davison"},"id":"46035"},{"arcs":[[7671,7672,-7392,-1394,7673]],"type":"Polygon","properties":{"geoid":"46029","name":"Codington"},"id":"46029"},{"arcs":[[-3112,7674,-6395,7675,-7669]],"type":"Polygon","properties":{"geoid":"46061","name":"Hanson"},"id":"46061"},{"arcs":[[7676,-1397,7677,7678,7679,-3110,-5737]],"type":"Polygon","properties":{"geoid":"46077","name":"Kingsbury"},"id":"46077"},{"arcs":[[-7667,-7671,7680,-4265]],"type":"Polygon","properties":{"geoid":"46043","name":"Douglas"},"id":"46043"},{"arcs":[[7681,-5706,7682,-7412,-7345,-3074]],"type":"Polygon","properties":{"geoid":"13081","name":"Crisp"},"id":"13081"},{"arcs":[[-2549,7683,7684,-7600]],"type":"Polygon","properties":{"geoid":"13227","name":"Pickens"},"id":"13227"},{"arcs":[[7685,-2611,-3050,7686,-5503]],"type":"Polygon","properties":{"geoid":"13225","name":"Peach"},"id":"13225"},{"arcs":[[7687,7688,-5667]],"type":"Polygon","properties":{"geoid":"51735","name":"Poquoson"},"id":"51735"},{"arcs":[[-2823,7689,-7159,7690,-5604,-6456,-5364]],"type":"Polygon","properties":{"geoid":"51800","name":"Suffolk"},"id":"51800"},{"arcs":[[-5789,-3792,-3918,-2148,-5781,-2061,7691]],"type":"Polygon","properties":{"geoid":"51169","name":"Scott"},"id":"51169"},{"arcs":[[7692,7693,7694,7695,-5725]],"type":"Polygon","properties":{"geoid":"55065","name":"Lafayette"},"id":"55065"},{"arcs":[[7696,7697,7698,-5175,7699]],"type":"Polygon","properties":{"geoid":"55095","name":"Polk"},"id":"55095"},{"arcs":[[-6772,-6361,-1385,-4619]],"type":"Polygon","properties":{"geoid":"46065","name":"Hughes"},"id":"46065"},{"arcs":[[-7680,7700,-6390,-7675,-3111]],"type":"Polygon","properties":{"geoid":"46097","name":"Miner"},"id":"46097"},{"arcs":[[-975,-5347,-2570,7701,-4940]],"type":"Polygon","properties":{"geoid":"13167","name":"Johnson"},"id":"13167"},{"arcs":[[7702,7703,-5348,-5648,-5703,7704]],"type":"Polygon","properties":{"geoid":"13091","name":"Dodge"},"id":"13091"},{"arcs":[[-5159,7705,7706]],"type":"Polygon","properties":{"geoid":"51115","name":"Mathews"},"id":"51115"},{"arcs":[[-2856,-1671,7707,-2858,-3935]],"type":"Polygon","properties":{"geoid":"51013","name":"Arlington"},"id":"51013"},{"arcs":[[-7085,-2376,7708,-5679,7709,7710,7711]],"type":"Polygon","properties":{"geoid":"55031","name":"Douglas"},"id":"55031"},{"arcs":[[7714,7715,-7655,7716,-6615,7717,7718]],"type":"Polygon","properties":{"geoid":"55009","name":"Brown"},"id":"55009"},{"arcs":[[-3200,-3140,7719,-4079,-4195,-607]],"type":"Polygon","properties":{"geoid":"47011","name":"Bradley"},"id":"47011"},{"arcs":[[-3053,7720,-7705,-5702,7721]],"type":"Polygon","properties":{"geoid":"13235","name":"Pulaski"},"id":"13235"},{"arcs":[[-5346,-973,-4316,-980]],"type":"Polygon","properties":{"geoid":"13125","name":"Glascock"},"id":"13125"},{"arcs":[[-7708,-1670,-4882,-2859]],"type":"Polygon","properties":{"geoid":"51510","name":"Alexandria"},"id":"51510"},{"arcs":[[-2890,-1762,7722,-7212]],"type":"Polygon","properties":{"geoid":"53003","name":"Asotin"},"id":"53003"},{"arcs":[[7723,7724,7725,-7526,-7296,7726]],"type":"Polygon","properties":{"geoid":"17029","name":"Coles"},"id":"17029"},{"arcs":[[-3980,-3988,7727,7728,-4222,-1882,7729,7730]],"type":"Polygon","properties":{"geoid":"56007","name":"Carbon"},"id":"56007"},{"arcs":[[7731,7732,-3825,7733,7734,-2953]],"type":"Polygon","properties":{"geoid":"56005","name":"Campbell"},"id":"56005"},{"arcs":[[7735,7736,7737,7738,-3820,-7733]],"type":"Polygon","properties":{"geoid":"56011","name":"Crook"},"id":"56011"},{"arcs":[[7739,7740]],"type":"Polygon","properties":{"geoid":"02060","name":"Bristol Bay"},"id":"02060"},{"arcs":[[7741,7742,-1425,-5849,-3183,-1413]],"type":"Polygon","properties":{"geoid":"47043","name":"Dickson"},"id":"47043"},{"arcs":[[-3752,-6366,-3174,-6493,7743,7744,-4621]],"type":"Polygon","properties":{"geoid":"47017","name":"Carroll"},"id":"47017"},{"arcs":[[-170,-6602,-7376,-5988,-945,7745]],"type":"Polygon","properties":{"geoid":"13011","name":"Banks"},"id":"13011"},{"arcs":[[-6628,7746,7747,7748,-6807,-6571]],"type":"Polygon","properties":{"geoid":"13243","name":"Randolph"},"id":"13243"},{"arcs":[[-960,7749,-949,-2574]],"type":"Polygon","properties":{"geoid":"13043","name":"Candler"},"id":"13043"},{"arcs":[[-6851,7750,7751,-7015,-6037]],"type":"Polygon","properties":{"geoid":"17199","name":"Williamson"},"id":"17199"},{"arcs":[[-4321,7752,7753,7754,-7551,7755,-7289,-1005]],"type":"Polygon","properties":{"geoid":"17167","name":"Sangamon"},"id":"17167"},{"arcs":[[7756,7757,7758,7759,-1604]],"type":"Polygon","properties":{"geoid":"53051","name":"Pend Oreille"},"id":"53051"},{"arcs":[[-5682,-836,-3826,7760,7761,7762]],"type":"Polygon","properties":{"geoid":"05119","name":"Pulaski"},"id":"05119"},{"arcs":[[-1409,-4622,-7745,7763,7764,-7401,7765]],"type":"Polygon","properties":{"geoid":"47113","name":"Madison"},"id":"47113"},{"arcs":[[-3180,-4529,-6530,7766,7767,-3161,7768]],"type":"Polygon","properties":{"geoid":"47177","name":"Warren"},"id":"47177"},{"arcs":[[7769,-7598,-7349,-6810,-3068]],"type":"Polygon","properties":{"geoid":"13003","name":"Atkinson"},"id":"13003"},{"arcs":[[-5209,7770,-4939,-6805,-7446,7771]],"type":"Polygon","properties":{"geoid":"13159","name":"Jasper"},"id":"13159"},{"arcs":[[-7452,7772,7773,-217,-5964,-2637]],"type":"Polygon","properties":{"geoid":"18179","name":"Wells"},"id":"18179"},{"arcs":[[7774,7775,7776,7777,7778,-1017,-4098,7779]],"type":"Polygon","properties":{"geoid":"18055","name":"Greene"},"id":"18055"},{"arcs":[[-6880,-7463,7780,7781,7782]],"type":"Polygon","properties":{"geoid":"18131","name":"Pulaski"},"id":"18131"},{"arcs":[[7783,7784,-6897,-6829,-2631,-7516]],"type":"Polygon","properties":{"geoid":"18139","name":"Rush"},"id":"18139"},{"arcs":[[-6891,7785,7786,7787,-7458]],"type":"Polygon","properties":{"geoid":"18011","name":"Boone"},"id":"18011"},{"arcs":[[-2966,7788,7789,-7374,7790,7791]],"type":"Polygon","properties":{"geoid":"05137","name":"Stone"},"id":"05137"},{"arcs":[[-7762,7792,7793,7794,7795]],"type":"Polygon","properties":{"geoid":"05125","name":"Saline"},"id":"05125"},{"arcs":[[-3186,-5400,7796,7797,-3195]],"type":"Polygon","properties":{"geoid":"47101","name":"Lewis"},"id":"47101"},{"arcs":[[-7767,-6529,7798,-603,7799,7800]],"type":"Polygon","properties":{"geoid":"47153","name":"Sequatchie"},"id":"47153"},{"arcs":[[7801,-2627,-4945,-198,-5953]],"type":"Polygon","properties":{"geoid":"16001","name":"Ada"},"id":"16001"},{"arcs":[[-4085,-5120,-991,-2628,-7802,-5952,-6624]],"type":"Polygon","properties":{"geoid":"16045","name":"Gem"},"id":"16045"},{"arcs":[[7802,-7460,7803,7804,7805,7806]],"type":"Polygon","properties":{"geoid":"18133","name":"Putnam"},"id":"18133"},{"arcs":[[-6991,7807,7808,7809,7810,7811]],"type":"Polygon","properties":{"geoid":"19169","name":"Story"},"id":"19169"},{"arcs":[[7812,-5835,7813,7814,7815]],"type":"Polygon","properties":{"geoid":"19003","name":"Adams"},"id":"19003"},{"arcs":[[7816,7817,7818,7819,7820,-6939]],"type":"Polygon","properties":{"geoid":"19013","name":"Black Hawk"},"id":"19013"},{"arcs":[[7821,7822,7823,7824,7825]],"type":"Polygon","properties":{"geoid":"19055","name":"Delaware"},"id":"19055"},{"arcs":[[7826,-2968,7827,-5027,-7432,7828,-6228]],"type":"Polygon","properties":{"geoid":"05115","name":"Pope"},"id":"05115"},{"arcs":[[-7793,-7761,-3830,-3835,-5386,7829]],"type":"Polygon","properties":{"geoid":"05053","name":"Grant"},"id":"05053"},{"arcs":[[-2441,7830,-2439,7831,7832,-3165,7833]],"type":"Polygon","properties":{"geoid":"47095","name":"Lake"},"id":"47095"},{"arcs":[[-7768,-7801,7834,-6408,-3162]],"type":"Polygon","properties":{"geoid":"47061","name":"Grundy"},"id":"47061"},{"arcs":[[-5654,7835,-4795,-5830,7836]],"type":"Polygon","properties":{"geoid":"16053","name":"Jerome"},"id":"16053"},{"arcs":[[-181,-5274,7837,7838,7839,-993]],"type":"Polygon","properties":{"geoid":"16051","name":"Jefferson"},"id":"16051"},{"arcs":[[-2666,-2662,7840,-5832,7841]],"type":"Polygon","properties":{"geoid":"19077","name":"Guthrie"},"id":"19077"},{"arcs":[[-6940,-7821,7842,7843,7844]],"type":"Polygon","properties":{"geoid":"19075","name":"Grundy"},"id":"19075"},{"arcs":[[-2215,7845,7846,-1023]],"type":"Polygon","properties":{"geoid":"19147","name":"Palo Alto"},"id":"19147"},{"arcs":[[-2656,-7845,7847,-7808,-6990]],"type":"Polygon","properties":{"geoid":"19083","name":"Hardin"},"id":"19083"},{"arcs":[[7848,7849,7850,-6160,-2218]],"type":"Polygon","properties":{"geoid":"19035","name":"Cherokee"},"id":"19035"},{"arcs":[[-7847,7851,7852,-4327,7853]],"type":"Polygon","properties":{"geoid":"19151","name":"Pocahontas"},"id":"19151"},{"arcs":[[-7791,-7373,-2974,-5681,7854]],"type":"Polygon","properties":{"geoid":"05023","name":"Cleburne"},"id":"05023"},{"arcs":[[7855,-7794,-7830,-5385,-2983,7856]],"type":"Polygon","properties":{"geoid":"05059","name":"Hot Spring"},"id":"05059"},{"arcs":[[-6685,-7435,7857,-7857,-2982,-5074,7858]],"type":"Polygon","properties":{"geoid":"05097","name":"Montgomery"},"id":"05097"},{"arcs":[[-3748,-4623,-5572,-5149]],"type":"Polygon","properties":{"geoid":"47169","name":"Trousdale"},"id":"47169"},{"arcs":[[-4643,-4547,-6471,-4279,-2092,-5068,-3207]],"type":"Polygon","properties":{"geoid":"48291","name":"Liberty"},"id":"48291"},{"arcs":[[-5551,-5655,-7837,-5829,-4948]],"type":"Polygon","properties":{"geoid":"16047","name":"Gooding"},"id":"16047"},{"arcs":[[-7788,7859,7860,-7804,-7459]],"type":"Polygon","properties":{"geoid":"18063","name":"Hendricks"},"id":"18063"},{"arcs":[[-7781,-7467,7861,-5656,-6930,7862]],"type":"Polygon","properties":{"geoid":"18017","name":"Cass"},"id":"18017"},{"arcs":[[-2667,-7842,7863,-6933]],"type":"Polygon","properties":{"geoid":"19009","name":"Audubon"},"id":"19009"},{"arcs":[[-7819,7864,7865,7866,7867]],"type":"Polygon","properties":{"geoid":"19011","name":"Benton"},"id":"19011"},{"arcs":[[-5834,7868,7869,7870,-7814]],"type":"Polygon","properties":{"geoid":"19175","name":"Union"},"id":"19175"},{"arcs":[[-6170,7871,-6937,7872]],"type":"Polygon","properties":{"geoid":"19067","name":"Floyd"},"id":"19067"},{"arcs":[[7873,7874,-2673,7875,-7870]],"type":"Polygon","properties":{"geoid":"19039","name":"Clarke"},"id":"19039"},{"arcs":[[-7851,-5714,-6994,-6161]],"type":"Polygon","properties":{"geoid":"19093","name":"Ida"},"id":"19093"},{"arcs":[[-5019,-2950,-7406,-6688,-4205]],"type":"Polygon","properties":{"geoid":"06031","name":"Kings"},"id":"06031"},{"arcs":[[-859,-3005,-854,-5387,-5276,-3845]],"type":"Polygon","properties":{"geoid":"06103","name":"Tehama"},"id":"06103"},{"arcs":[[-6745,-6799,-6794,-1873]],"type":"Polygon","properties":{"geoid":"08087","name":"Morgan"},"id":"08087"},{"arcs":[[-883,-7562,-4603,-5204]],"type":"Polygon","properties":{"geoid":"08119","name":"Teller"},"id":"08119"},{"arcs":[[7876,7877,-6385,7878,7879,-7533]],"type":"Polygon","properties":{"geoid":"48121","name":"Denton"},"id":"48121"},{"arcs":[[7880,-6422,-5102,-6504,7881,-5406]],"type":"Polygon","properties":{"geoid":"48217","name":"Hill"},"id":"48217"},{"arcs":[[7882,-2633,-6833,7883,-5707,-1014]],"type":"Polygon","properties":{"geoid":"18005","name":"Bartholomew"},"id":"18005"},{"arcs":[[-2652,-7450,-7514,7884,-7786,-6890]],"type":"Polygon","properties":{"geoid":"18057","name":"Hamilton"},"id":"18057"},{"arcs":[[-5709,7885,-6147,7886,-2644]],"type":"Polygon","properties":{"geoid":"18143","name":"Scott"},"id":"18143"},{"arcs":[[-6934,-7864,-5836,-7813,7887,7888]],"type":"Polygon","properties":{"geoid":"19029","name":"Cass"},"id":"19029"},{"arcs":[[7889,7890,-7874,-7869,-5833]],"type":"Polygon","properties":{"geoid":"19121","name":"Madison"},"id":"19121"},{"arcs":[[7891,-2657,-6989,7892,7893]],"type":"Polygon","properties":{"geoid":"19197","name":"Wright"},"id":"19197"},{"arcs":[[7894,7895,-7017,7896,-7872]],"type":"Polygon","properties":{"geoid":"19037","name":"Chickasaw"},"id":"19037"},{"arcs":[[-2223,7897,7898,7899,7900,-4957]],"type":"Polygon","properties":{"geoid":"20085","name":"Jackson"},"id":"20085"},{"arcs":[[7901,7902,-6188,7903,-1028,7904]],"type":"Polygon","properties":{"geoid":"20045","name":"Douglas"},"id":"20045"},{"arcs":[[7905,7906,7907,7908,7909]],"type":"Polygon","properties":{"geoid":"20077","name":"Harper"},"id":"20077"},{"arcs":[[7910,-7115,7911,-7024,-7066]],"type":"Polygon","properties":{"geoid":"20017","name":"Chase"},"id":"20017"},{"arcs":[[7912,-7082,-7118,7913,-7064,7914]],"type":"Polygon","properties":{"geoid":"20041","name":"Dickinson"},"id":"20041"},{"arcs":[[-510,7915,-5607,7916,-6697,-6694]],"type":"Polygon","properties":{"geoid":"39143","name":"Sandusky"},"id":"39143"},{"arcs":[[-3529,7917,7918,7919,7920,7921]],"type":"Polygon","properties":{"geoid":"40067","name":"Jefferson"},"id":"40067"},{"arcs":[[7922,7923,7924,-1304,7925,-6644,7926,7927]],"type":"Polygon","properties":{"geoid":"40009","name":"Beckham"},"id":"40009"},{"arcs":[[7928,-1829,-5865,7929,-5282,7930]],"type":"Polygon","properties":{"geoid":"40001","name":"Adair"},"id":"40001"},{"arcs":[[-3139,-2083,-3699,-6586,-4080,-7720]],"type":"Polygon","properties":{"geoid":"47139","name":"Polk"},"id":"47139"},{"arcs":[[7931,-3726,-5140,7932,-6380,-7878,7933]],"type":"Polygon","properties":{"geoid":"48181","name":"Grayson"},"id":"48181"},{"arcs":[[-7887,-6146,-7546,7934,7935,7936,-2645]],"type":"Polygon","properties":{"geoid":"18019","name":"Clark"},"id":"18019"},{"arcs":[[7937,-4294,7938,-7780,-4097,-6031]],"type":"Polygon","properties":{"geoid":"18153","name":"Sullivan"},"id":"18153"},{"arcs":[[7939,-3633,-7229,7940,7941,7942]],"type":"Polygon","properties":{"geoid":"20043","name":"Doniphan"},"id":"20043"},{"arcs":[[7943,-2503,7944,-7071,7945]],"type":"Polygon","properties":{"geoid":"20157","name":"Republic"},"id":"20157"},{"arcs":[[-5873,7946,7947,7948,7949,7950]],"type":"Polygon","properties":{"geoid":"40025","name":"Cimarron"},"id":"40025"},{"arcs":[[-1040,-7479,-6121,-7280,7951,7952]],"type":"Polygon","properties":{"geoid":"20119","name":"Meade"},"id":"20119"},{"arcs":[[-7482,7953,-6182,7954,7955,-6175]],"type":"Polygon","properties":{"geoid":"20099","name":"Labette"},"id":"20099"},{"arcs":[[-7584,7956,-7530,-3580,-6364,-3750,7957]],"type":"Polygon","properties":{"geoid":"21083","name":"Graves"},"id":"21083"},{"arcs":[[-7585,-7958,-3749,7958,7959,7960]],"type":"Polygon","properties":{"geoid":"21105","name":"Hickman"},"id":"21105"},{"arcs":[[7961,-1112,7962,-3591,-312]],"type":"Polygon","properties":{"geoid":"23005","name":"Cumberland"},"id":"23005"},{"arcs":[[-6647,7963,7964,-1508,7965,-5786]],"type":"Polygon","properties":{"geoid":"48197","name":"Hardeman"},"id":"48197"},{"arcs":[[7966,-6887,7967,-6042,7968]],"type":"Polygon","properties":{"geoid":"18171","name":"Warren"},"id":"18171"},{"arcs":[[-6246,-6251,7969,7970,-6878,7971]],"type":"Polygon","properties":{"geoid":"18141","name":"St. Joseph"},"id":"18141"},{"arcs":[[-6836,7972,-3715,-4240,7973,7974,-7773,-7451,-5511]],"type":"Polygon","properties":{"geoid":"18003","name":"Allen"},"id":"18003"},{"arcs":[[7975,-7942,7976,-6255,7977,7978,-7899]],"type":"Polygon","properties":{"geoid":"20005","name":"Atchison"},"id":"20005"},{"arcs":[[-4919,-3672,7980,-5430]],"type":"Polygon","properties":{"geoid":"34017","name":"Hudson"},"id":"34017"},{"arcs":[[-2256,7981,7982,7983,-2227,7984,-5859]],"type":"Polygon","properties":{"geoid":"01079","name":"Lawrence"},"id":"01079"},{"arcs":[[-6144,7985,-7183,-2745,-7580,-7543]],"type":"Polygon","properties":{"geoid":"21041","name":"Carroll"},"id":"21041"},{"arcs":[[[7986]],[[7987]],[[7988]],[[-2323,7990,-307]]],"type":"MultiPolygon","properties":{"geoid":"23013","name":"Knox"},"id":"23013"},{"arcs":[[-5959,-7206,7991,7992]],"type":"Polygon","properties":{"geoid":"21037","name":"Campbell"},"id":"21037"},{"arcs":[[-7204,7993,-6134,-7518,-4364,7994]],"type":"Polygon","properties":{"geoid":"21023","name":"Bracken"},"id":"21023"},{"arcs":[[7995,-2384,7996,-2394,-3625]],"type":"Polygon","properties":{"geoid":"27135","name":"Roseau"},"id":"27135"},{"arcs":[[7997,-4402,-403,-2213,7998,7999,8000]],"type":"Polygon","properties":{"geoid":"27063","name":"Jackson"},"id":"27063"},{"arcs":[[-1208,-5432,8001,-2523,-3422]],"type":"Polygon","properties":{"geoid":"34039","name":"Union"},"id":"34039"},{"arcs":[[-7750,-959,-2562,-156,-950]],"type":"Polygon","properties":{"geoid":"13109","name":"Evans"},"id":"13109"},{"arcs":[[-7908,8002,8003,-6342,8004]],"type":"Polygon","properties":{"geoid":"40053","name":"Grant"},"id":"40053"},{"arcs":[[8005,8006,-543,8007,-8004]],"type":"Polygon","properties":{"geoid":"40071","name":"Kay"},"id":"40071"},{"arcs":[[-6180,8008,-6332,8009,8010]],"type":"Polygon","properties":{"geoid":"40115","name":"Ottawa"},"id":"40115"},{"arcs":[[-251,-2236,8011,8012,-260,8013]],"type":"Polygon","properties":{"geoid":"01037","name":"Coosa"},"id":"01037"},{"arcs":[[-5961,8014,-7620,-7181,8015,-6154,8016]],"type":"Polygon","properties":{"geoid":"21015","name":"Boone"},"id":"21015"},{"arcs":[[8017,8018,-5558,-5183]],"type":"Polygon","properties":{"geoid":"28045","name":"Hancock"},"id":"28045"},{"arcs":[[8019,8020,8021,-283,8022]],"type":"Polygon","properties":{"geoid":"28147","name":"Walthall"},"id":"28147"},{"arcs":[[-4300,8023,8024,8025,8026,8027,8028,-5685]],"type":"Polygon","properties":{"geoid":"13255","name":"Spalding"},"id":"13255"},{"arcs":[[-940,-5734,-7307,-5206,8029]],"type":"Polygon","properties":{"geoid":"13247","name":"Rockdale"},"id":"13247"},{"arcs":[[8030,-3727,-7932,8031,8032,-7919]],"type":"Polygon","properties":{"geoid":"40085","name":"Love"},"id":"40085"},{"arcs":[[-1974,8033,8034,-6672,8035,8036]],"type":"Polygon","properties":{"geoid":"41057","name":"Tillamook"},"id":"41057"},{"arcs":[[8037,-2231,-2266,-4002,-6115,8038,-6651]],"type":"Polygon","properties":{"geoid":"01127","name":"Walker"},"id":"01127"},{"arcs":[[-4844,8039,-5220,-5038,8040,-4277]],"type":"Polygon","properties":{"geoid":"22023","name":"Cameron"},"id":"22023"},{"arcs":[[8041,8042,-6653,-6013,-2408,8043,8044]],"type":"Polygon","properties":{"geoid":"28095","name":"Monroe"},"id":"28095"},{"arcs":[[8045,-7320,8046,-1837,-6790,8047,-6312]],"type":"Polygon","properties":{"geoid":"29149","name":"Oregon"},"id":"29149"},{"arcs":[[-6003,-4823,8048,8049,8050]],"type":"Polygon","properties":{"geoid":"35023","name":"Hidalgo"},"id":"35023"},{"arcs":[[-2534,-3432,8051,-1788]],"type":"Polygon","properties":{"geoid":"35031","name":"McKinley"},"id":"35031"},{"arcs":[[8052,8053,-5259,-6451,-4587,-6778]],"type":"Polygon","properties":{"geoid":"35015","name":"Eddy"},"id":"35015"},{"arcs":[[8054,8055,-4729,8056,8057,-6784,-7282]],"type":"Polygon","properties":{"geoid":"40045","name":"Ellis"},"id":"40045"},{"arcs":[[-1309,8058,-5187,-6692,-1989]],"type":"Polygon","properties":{"geoid":"41037","name":"Lake"},"id":"41037"},{"arcs":[[-5768,-5221,-8040,-4843,-5918]],"type":"Polygon","properties":{"geoid":"22019","name":"Calcasieu"},"id":"22019"},{"arcs":[[8059,-800,-806,-7640,8060,8061,8062]],"type":"Polygon","properties":{"geoid":"27169","name":"Winona"},"id":"27169"},{"arcs":[[-4089,-4977,-7586,-7961,8063,-2437,-4819]],"type":"Polygon","properties":{"geoid":"29133","name":"Mississippi"},"id":"29133"},{"arcs":[[-7276,-6260,8064,8065,8066]],"type":"Polygon","properties":{"geoid":"29173","name":"Ralls"},"id":"29173"},{"arcs":[[8067]],"type":"Polygon","properties":{"geoid":"36085","name":"Richmond"},"id":"36085"},{"arcs":[[-6972,-4932,-4916,-4923,-5197]],"type":"Polygon","properties":{"geoid":"36087","name":"Rockland"},"id":"36087"},{"arcs":[[-5457,-5672,8068,8069,-3544,-4492,8070]],"type":"Polygon","properties":{"geoid":"41059","name":"Umatilla"},"id":"41059"},{"arcs":[[8071,-7213,-7723,-1761,-4202,-5119,-557,-3542,-8070]],"type":"Polygon","properties":{"geoid":"41063","name":"Wallowa"},"id":"41063"},{"arcs":[[-8061,-7639,-7411,8072,8073,8074]],"type":"Polygon","properties":{"geoid":"27055","name":"Houston"},"id":"27055"},{"arcs":[[-7049,-7086,-7712,8075,8076,-1136]],"type":"Polygon","properties":{"geoid":"27115","name":"Pine"},"id":"27115"},{"arcs":[[8077,8078,-2452]],"type":"Polygon","properties":{"geoid":"29510","name":"St. Louis"},"id":"29510"},{"arcs":[[8079,8080,8081,-3630,8082,-7417]],"type":"Polygon","properties":{"geoid":"29005","name":"Atchison"},"id":"29005"},{"arcs":[[8083,-1228,8084,8085,8086,-3680]],"type":"Polygon","properties":{"geoid":"36003","name":"Allegany"},"id":"36003"},{"arcs":[[-1227,-6580,-1232,8087,8088,-7328,8089,-8085]],"type":"Polygon","properties":{"geoid":"36101","name":"Steuben"},"id":"36101"},{"arcs":[[-5141,-1992,-5132,-5286]],"type":"Polygon","properties":{"geoid":"41029","name":"Jackson"},"id":"41029"},{"arcs":[[-3729,-2020,-6763,-7323,8090,8091]],"type":"Polygon","properties":{"geoid":"42039","name":"Crawford"},"id":"42039"},{"arcs":[[-3681,-8087,8092,-5569,-6761,-2017]],"type":"Polygon","properties":{"geoid":"42083","name":"McKean"},"id":"42083"},{"arcs":[[-7933,-5139,-6454,-4635,-7539,-6381]],"type":"Polygon","properties":{"geoid":"48147","name":"Fannin"},"id":"48147"},{"arcs":[[8093,8094,8095,8096]],"type":"Polygon","properties":{"geoid":"48501","name":"Yoakum"},"id":"48501"},{"arcs":[[-2111,-1506,-7568,8097,8098]],"type":"Polygon","properties":{"geoid":"48359","name":"Oldham"},"id":"48359"},{"arcs":[[8099,8100,-5987,8101,-7226,-3631,-8082]],"type":"Polygon","properties":{"geoid":"29147","name":"Nodaway"},"id":"29147"},{"arcs":[[8102,-6336,8103,-7189,8104,-6178]],"type":"Polygon","properties":{"geoid":"29097","name":"Jasper"},"id":"29097"},{"arcs":[[-7382,8105,-7736,-7732,-2952,-2477,-4690]],"type":"Polygon","properties":{"geoid":"30075","name":"Powder River"},"id":"30075"},{"arcs":[[-5244,-3686,8106,8107,8108,-6559]],"type":"Polygon","properties":{"geoid":"36083","name":"Rensselaer"},"id":"36083"},{"arcs":[[8109,8110,-3689,8111,-6969]],"type":"Polygon","properties":{"geoid":"36033","name":"Franklin"},"id":"36033"},{"arcs":[[-7197,8112,8113,-1336,-4244,-7337]],"type":"Polygon","properties":{"geoid":"42007","name":"Beaver"},"id":"42007"},{"arcs":[[-5280,-1924,-7007,-4838,-5388,-2042,-1348]],"type":"Polygon","properties":{"geoid":"45045","name":"Greenville"},"id":"45045"},{"arcs":[[8114,8115,-6167,-586,8116,8117]],"type":"Polygon","properties":{"geoid":"46083","name":"Lincoln"},"id":"46083"},{"arcs":[[8118,8119,-2126,-1523,-5306]],"type":"Polygon","properties":{"geoid":"49009","name":"Daggett"},"id":"49009"},{"arcs":[[-2506,-713,8120,8121,-6533,8122]],"type":"Polygon","properties":{"geoid":"49027","name":"Millard"},"id":"49027"},{"arcs":[[-3685,8123,-5619,-6823,-3604,8124,-8107]],"type":"Polygon","properties":{"geoid":"50003","name":"Bennington"},"id":"50003"},{"arcs":[[8125,-5087,-5236,-5644]],"type":"Polygon","properties":{"geoid":"30101","name":"Toole"},"id":"30101"},{"arcs":[[8126,-6922,8127,-6288,-5882]],"type":"Polygon","properties":{"geoid":"31029","name":"Chase"},"id":"31029"},{"arcs":[[-6870,8128,-2504,-7944,8129,8130]],"type":"Polygon","properties":{"geoid":"31129","name":"Nuckolls"},"id":"31129"},{"arcs":[[8131,8132,8133,-7489,8134]],"type":"Polygon","properties":{"geoid":"31145","name":"Red Willow"},"id":"31145"},{"arcs":[[8135,8136,8137,-5730,-3059]],"type":"Polygon","properties":{"geoid":"13117","name":"Forsyth"},"id":"13117"},{"arcs":[[8138,8139,8140,-3066,8141]],"type":"Polygon","properties":{"geoid":"13155","name":"Irwin"},"id":"13155"},{"arcs":[[-3124,8142,8143,8144]],"type":"Polygon","properties":{"geoid":"46007","name":"Bennett"},"id":"46007"},{"arcs":[[8145,8146,8147,8148,8149,-594]],"type":"Polygon","properties":{"geoid":"46135","name":"Yankton"},"id":"46135"},{"arcs":[[8150,8151,8152,8153]],"type":"Polygon","properties":{"geoid":"46101","name":"Moody"},"id":"46101"},{"arcs":[[-1396,-7395,8154,-8151,8155,-7678]],"type":"Polygon","properties":{"geoid":"46011","name":"Brookings"},"id":"46011"},{"arcs":[[-7106,-5620,-8124,-3684]],"type":"Polygon","properties":{"geoid":"50021","name":"Rutland"},"id":"50021"},{"arcs":[[8156,8157,-6542,8158,8159]],"type":"Polygon","properties":{"geoid":"50011","name":"Franklin"},"id":"50011"},{"arcs":[[-7418,-8083,-3635,8160,-6293,-7391]],"type":"Polygon","properties":{"geoid":"31127","name":"Nemaha"},"id":"31127"},{"arcs":[[-8161,-3634,-7940,8161,-2221,-6294]],"type":"Polygon","properties":{"geoid":"31147","name":"Richardson"},"id":"31147"},{"arcs":[[-6859,-6328,8162,-2502]],"type":"Polygon","properties":{"geoid":"31095","name":"Jefferson"},"id":"31095"},{"arcs":[[-5040,-1664,8163,-716,-2345]],"type":"Polygon","properties":{"geoid":"24047","name":"Worcester"},"id":"24047"},{"arcs":[[-4001,-6117,-2334,8164,-25]],"type":"Polygon","properties":{"geoid":"01063","name":"Greene"},"id":"01063"},{"arcs":[[8165,-5521,-320]],"type":"Polygon","properties":{"geoid":"24510","name":"Baltimore"},"id":"24510"},{"arcs":[[-3602,8166]],"type":"Polygon","properties":{"geoid":"25001","name":"Barnstable"},"id":"25001"},{"arcs":[[8167,-6192,8168,8169]],"type":"Polygon","properties":{"geoid":"26139","name":"Ottawa"},"id":"26139"},{"arcs":[[-4828,8170,-7399,8171,-3126,-5740,8172]],"type":"Polygon","properties":{"geoid":"46031","name":"Corson"},"id":"46031"},{"arcs":[[-2145,-5782,-2146]],"type":"Polygon","properties":{"geoid":"51520","name":"Bristol"},"id":"51520"},{"arcs":[[-3903,-6585,-3929,-5262,-490,8173,-5307]],"type":"Polygon","properties":{"geoid":"51025","name":"Brunswick"},"id":"51025"},{"arcs":[[-6929,-6926,-4023,-75,-1862,-5599]],"type":"Polygon","properties":{"geoid":"32005","name":"Douglas"},"id":"32005"},{"arcs":[[8174,-553,-202,8175,-3418,8176,-5189]],"type":"Polygon","properties":{"geoid":"32013","name":"Humboldt"},"id":"32013"},{"arcs":[[-5617,-5777,8177,-7421,8178,-6821]],"type":"Polygon","properties":{"geoid":"33019","name":"Sullivan"},"id":"33019"},{"arcs":[[8179,-6238,8180,-361,-5527]],"type":"Polygon","properties":{"geoid":"26153","name":"Schoolcraft"},"id":"26153"},{"arcs":[[8181,-3614,8182,-5171,-384,8183]],"type":"Polygon","properties":{"geoid":"26061","name":"Houghton"},"id":"26061"},{"arcs":[[8184,8185,8186,-1373,8187,-7738]],"type":"Polygon","properties":{"geoid":"46019","name":"Butte"},"id":"46019"},{"arcs":[[8188,8189,8190,8191,-6352,-6768,8192,-599]],"type":"Polygon","properties":{"geoid":"46013","name":"Brown"},"id":"46013"},{"arcs":[[-7759,8193,-5053,-1194,-189,8194,8195]],"type":"Polygon","properties":{"geoid":"16017","name":"Bonner"},"id":"16017"},{"arcs":[[-999,-4318,-177,-3779,-4284,-4798]],"type":"Polygon","properties":{"geoid":"16071","name":"Oneida"},"id":"16071"},{"arcs":[[-6899,-2647,-2194,-6132,-211,8196]],"type":"Polygon","properties":{"geoid":"18025","name":"Crawford"},"id":"18025"},{"arcs":[[-7876,8197,-6267,8198,8199]],"type":"Polygon","properties":{"geoid":"19053","name":"Decatur"},"id":"19053"},{"arcs":[[-2672,8200,-2457,-6268,-8198]],"type":"Polygon","properties":{"geoid":"19185","name":"Wayne"},"id":"19185"},{"arcs":[[8201,8202,-6203,-7278,-7233,8203,8204]],"type":"Polygon","properties":{"geoid":"26059","name":"Hillsdale"},"id":"26059"},{"arcs":[[-6963,8205,8206,8207,8208,8209]],"type":"Polygon","properties":{"geoid":"26017","name":"Bay"},"id":"26017"},{"arcs":[[-6494,-3196,-7798,8210,8211,8212]],"type":"Polygon","properties":{"geoid":"47181","name":"Wayne"},"id":"47181"},{"arcs":[[-5695,8213,-7405,-3626,8214,-4272]],"type":"Polygon","properties":{"geoid":"47047","name":"Fayette"},"id":"47047"},{"arcs":[[8215,-187,8216,-2888,8217]],"type":"Polygon","properties":{"geoid":"16009","name":"Benewah"},"id":"16009"},{"arcs":[[-8079,8218,-5376,-2931,8219,8220,-2453]],"type":"Polygon","properties":{"geoid":"17163","name":"St. Clair"},"id":"17163"},{"arcs":[[-6162,-6996,8221,-6277,8222]],"type":"Polygon","properties":{"geoid":"19133","name":"Monona"},"id":"19133"},{"arcs":[[8223,-6935,-7889,8224,8225,-6297,-6274,8226]],"type":"Polygon","properties":{"geoid":"19155","name":"Pottawattamie"},"id":"19155"},{"arcs":[[8227,-5911,8228,-380,8229]],"type":"Polygon","properties":{"geoid":"26151","name":"Sanilac"},"id":"26151"},{"arcs":[[-3317,8230,8231,-8206,-6962]],"type":"Polygon","properties":{"geoid":"26011","name":"Arenac"},"id":"26011"},{"arcs":[[-7797,-5399,-2078,8232,-8211]],"type":"Polygon","properties":{"geoid":"47099","name":"Lawrence"},"id":"47099"},{"arcs":[[-7835,-7800,-612,-6106,-5465,-6409]],"type":"Polygon","properties":{"geoid":"47115","name":"Marion"},"id":"47115"},{"arcs":[[8233,-7059,-7292,-5215,8234,8235,8236,-8065,-6259]],"type":"Polygon","properties":{"geoid":"17149","name":"Pike"},"id":"17149"},{"arcs":[[8237,-6032,-4095,-2170]],"type":"Polygon","properties":{"geoid":"17101","name":"Lawrence"},"id":"17101"},{"arcs":[[8238,-6986,-2211,-2175,8239]],"type":"Polygon","properties":{"geoid":"19139","name":"Muscatine"},"id":"19139"},{"arcs":[[8240,8241,8242,-7895,-6169]],"type":"Polygon","properties":{"geoid":"19089","name":"Howard"},"id":"19089"},{"arcs":[[-8243,8243,-8074,8244,-7018,-7896]],"type":"Polygon","properties":{"geoid":"19191","name":"Winneshiek"},"id":"19191"},{"arcs":[[8245,-1133,8246,-237,8247,-4892]],"type":"Polygon","properties":{"geoid":"27047","name":"Freeborn"},"id":"27047"},{"arcs":[[8248,-8062,-8075,-8244,-8242,8249]],"type":"Polygon","properties":{"geoid":"27045","name":"Fillmore"},"id":"27045"},{"arcs":[[8250,-801,-8060,8251,-6209]],"type":"Polygon","properties":{"geoid":"27157","name":"Wabasha"},"id":"27157"},{"arcs":[[8252,8253,-5066,-1426,-7743,8254,8255]],"type":"Polygon","properties":{"geoid":"47125","name":"Montgomery"},"id":"47125"},{"arcs":[[8256,-7959,-3754,-4620,-3166,-7833]],"type":"Polygon","properties":{"geoid":"47131","name":"Obion"},"id":"47131"},{"arcs":[[8257,8258,8259,8260,8261]],"type":"Polygon","properties":{"geoid":"17075","name":"Iroquois"},"id":"17075"},{"arcs":[[-2179,-6820,-7008,-5079,8262,-6158,8263]],"type":"Polygon","properties":{"geoid":"17131","name":"Mercer"},"id":"17131"},{"arcs":[[8264,-7370,-797,8265,8266]],"type":"Polygon","properties":{"geoid":"17201","name":"Winnebago"},"id":"17201"},{"arcs":[[8267,-2942,-5728,8268,-7822,-7019]],"type":"Polygon","properties":{"geoid":"19043","name":"Clayton"},"id":"19043"},{"arcs":[[8269,-4105,-4907,-2458,-8201]],"type":"Polygon","properties":{"geoid":"19007","name":"Appanoose"},"id":"19007"},{"arcs":[[-7999,-2216,-1022,8270]],"type":"Polygon","properties":{"geoid":"19059","name":"Dickinson"},"id":"19059"},{"arcs":[[-7101,8271,8272,8273]],"type":"Polygon","properties":{"geoid":"38011","name":"Bowman"},"id":"38011"},{"arcs":[[8274,-5981,-6664,8275,-7396,-8171,-4827,-4481]],"type":"Polygon","properties":{"geoid":"38029","name":"Emmons"},"id":"38029"},{"arcs":[[8276,8277,8278,8279,-5532]],"type":"Polygon","properties":{"geoid":"38009","name":"Bottineau"},"id":"38009"},{"arcs":[[-6130,-5720,-5297,-5969,-6531,-6499]],"type":"Polygon","properties":{"geoid":"47137","name":"Pickett"},"id":"47137"},{"arcs":[[-616,-6363,-2058,-3707,-1255,-5905]],"type":"Polygon","properties":{"geoid":"47171","name":"Unicoi"},"id":"47171"},{"arcs":[[8280,-6019,-4856,8281,8282]],"type":"Polygon","properties":{"geoid":"17151","name":"Pope"},"id":"17151"},{"arcs":[[-4848,-6159,-8263,-5083,8283,-6021]],"type":"Polygon","properties":{"geoid":"17071","name":"Henderson"},"id":"17071"},{"arcs":[[8284,8285,8286,-5639,8287]],"type":"Polygon","properties":{"geoid":"17083","name":"Jersey"},"id":"17083"},{"arcs":[[-8134,8288,8289,8290,8291,-7490]],"type":"Polygon","properties":{"geoid":"20039","name":"Decatur"},"id":"20039"},{"arcs":[[-8163,-6327,8292,-2686,-7080,-7072,-7945]],"type":"Polygon","properties":{"geoid":"20201","name":"Washington"},"id":"20201"},{"arcs":[[-8162,-7943,-7976,-7898,-2222]],"type":"Polygon","properties":{"geoid":"20013","name":"Brown"},"id":"20013"},{"arcs":[[8293,-5530,-6631,8294,-3709,8295]],"type":"Polygon","properties":{"geoid":"38013","name":"Burke"},"id":"38013"},{"arcs":[[8296,-507,-1946,-4711,8297]],"type":"Polygon","properties":{"geoid":"38019","name":"Cavalier"},"id":"38019"},{"arcs":[[-4716,8298,8299,-7241,-768,8300]],"type":"Polygon","properties":{"geoid":"39053","name":"Gallia"},"id":"39053"},{"arcs":[[-6027,-196,-3806,8301,-7547]],"type":"Polygon","properties":{"geoid":"17089","name":"Kane"},"id":"17089"},{"arcs":[[-7664,-5622,-2199,8302,-8262,8303,-7249]],"type":"Polygon","properties":{"geoid":"17091","name":"Kankakee"},"id":"17091"},{"arcs":[[-3895,-3937,-1592,-5921,-5201]],"type":"Polygon","properties":{"geoid":"51079","name":"Greene"},"id":"51079"},{"arcs":[[-1538,-5110]],"type":"Polygon","properties":{"geoid":"51760","name":"Richmond"},"id":"51760"},{"arcs":[[-5799,-3889,-1571]],"type":"Polygon","properties":{"geoid":"51680","name":"Lynchburg"},"id":"51680"},{"arcs":[[-5450,-4753,-5800,-1557,-3891,-5798]],"type":"Polygon","properties":{"geoid":"51011","name":"Appomattox"},"id":"51011"},{"arcs":[[-5056,-6216,8304,8305,8306,8307]],"type":"Polygon","properties":{"geoid":"46109","name":"Roberts"},"id":"46109"},{"arcs":[[-1382,-3125,-8145,-6282,8308,8309,8310]],"type":"Polygon","properties":{"geoid":"46102","name":"Oglala Lakota"},"id":"46102"},{"arcs":[[8311,-6781,-4642,-8094,8312]],"type":"Polygon","properties":{"geoid":"48079","name":"Cochran"},"id":"48079"},{"arcs":[[8313,-7293,-7552,-7755]],"type":"Polygon","properties":{"geoid":"17021","name":"Christian"},"id":"17021"},{"arcs":[[8314,8315,8316,-1623,-4130]],"type":"Polygon","properties":{"geoid":"54091","name":"Taylor"},"id":"54091"},{"arcs":[[-4119,-5538,-5361,-5263,-3927]],"type":"Polygon","properties":{"geoid":"51183","name":"Sussex"},"id":"51183"},{"arcs":[[-2825,-5363]],"type":"Polygon","properties":{"geoid":"51620","name":"Franklin"},"id":"51620"},{"arcs":[[-7375,-3740,-2044,-1737,-5990]],"type":"Polygon","properties":{"geoid":"13147","name":"Hart"},"id":"13147"},{"arcs":[[-1555]],"type":"Polygon","properties":{"geoid":"51820","name":"Waynesboro"},"id":"51820"},{"arcs":[[8317,8318,-7921,8319,-6466,-7579]],"type":"Polygon","properties":{"geoid":"48077","name":"Clay"},"id":"48077"},{"arcs":[[8320,-7283,-6786,-6484,-6516]],"type":"Polygon","properties":{"geoid":"48357","name":"Ochiltree"},"id":"48357"},{"arcs":[[8321,-3785,8322,-6538,-8158]],"type":"Polygon","properties":{"geoid":"50019","name":"Orleans"},"id":"50019"},{"arcs":[[-1631,8323,8324,8325,-7367,8326,8327]],"type":"Polygon","properties":{"geoid":"55025","name":"Dane"},"id":"55025"},{"arcs":[[8328,-6612,8329,8330,8331,-8325,8332]],"type":"Polygon","properties":{"geoid":"55027","name":"Dodge"},"id":"55027"},{"arcs":[[8333,8334,-6613,-8329,8335,8336]],"type":"Polygon","properties":{"geoid":"55047","name":"Green Lake"},"id":"55047"},{"arcs":[[-6103,8337,-7601,-7299,8338,-6654]],"type":"Polygon","properties":{"geoid":"13115","name":"Floyd"},"id":"13115"},{"arcs":[[-8217,-186,-204,-1758,-2889]],"type":"Polygon","properties":{"geoid":"16057","name":"Latah"},"id":"16057"},{"arcs":[[8339,-8159,-6541,8340,-7103,-3691,8341]],"type":"Polygon","properties":{"geoid":"50007","name":"Chittenden"},"id":"50007"},{"arcs":[[-5668,-7689,8342,-7653]],"type":"Polygon","properties":{"geoid":"51650","name":"Hampton"},"id":"51650"},{"arcs":[[-5678,-5383,8343,-3972,8344]],"type":"Polygon","properties":{"geoid":"55113","name":"Sawyer"},"id":"55113"},{"arcs":[[8345,8346,8347,-4772,8348]],"type":"Polygon","properties":{"geoid":"55097","name":"Portage"},"id":"55097"},{"arcs":[[8349,-6621,-1639,8350,-7634,8351]],"type":"Polygon","properties":{"geoid":"55033","name":"Dunn"},"id":"55033"},{"arcs":[[8352,8353,-6618,-6608,-8335,8354]],"type":"Polygon","properties":{"geoid":"55139","name":"Winnebago"},"id":"55139"},{"arcs":[[-8195,-188,-8216,8355]],"type":"Polygon","properties":{"geoid":"16055","name":"Kootenai"},"id":"16055"},{"arcs":[[-226,8356,8357,-7211,8358,-6817,-2177]],"type":"Polygon","properties":{"geoid":"17195","name":"Whiteside"},"id":"17195"},{"arcs":[[-7695,8359,-8267,8360,8361,8362]],"type":"Polygon","properties":{"geoid":"17177","name":"Stephenson"},"id":"17177"},{"arcs":[[-4110,-2854,8363,-474,-4287],[8364]],"type":"Polygon","properties":{"geoid":"51089","name":"Henry"},"id":"51089"},{"arcs":[[-2454,-8221,8365,8366,-5329]],"type":"Polygon","properties":{"geoid":"17133","name":"Monroe"},"id":"17133"},{"arcs":[[8367,8368,8369,-7719,8370,8371,8372]],"type":"Polygon","properties":{"geoid":"55115","name":"Shawano"},"id":"55115"},{"arcs":[[-8332,8373,-7616,-7368,-8326]],"type":"Polygon","properties":{"geoid":"55055","name":"Jefferson"},"id":"55055"},{"arcs":[[-1637,-6399,8374,-3967,8375,-7637,-804]],"type":"Polygon","properties":{"geoid":"55053","name":"Jackson"},"id":"55053"},{"arcs":[[8376,-6247,-7972,-6877,-6150]],"type":"Polygon","properties":{"geoid":"18091","name":"LaPorte"},"id":"18091"},{"arcs":[[-221,8377,-2206,8378,-1009]],"type":"Polygon","properties":{"geoid":"18135","name":"Randolph"},"id":"18135"},{"arcs":[[-2198,8379,8380,-8258,-8303]],"type":"Polygon","properties":{"geoid":"18111","name":"Newton"},"id":"18111"},{"arcs":[[-4893,-8248,-241,8381,8382]],"type":"Polygon","properties":{"geoid":"19189","name":"Winnebago"},"id":"19189"},{"arcs":[[-2143,-6566,8383,8384,8385,8386,-6432,-6455,-468,-621]],"type":"Polygon","properties":{"geoid":"51077","name":"Grayson"},"id":"51077"},{"arcs":[[8387,-2838]],"type":"Polygon","properties":{"geoid":"51683","name":"Manassas"},"id":"51683"},{"arcs":[[-6569]],"type":"Polygon","properties":{"geoid":"51530","name":"Buena Vista"},"id":"51530"},{"arcs":[[-6611,-7662,8388,8389,-8330]],"type":"Polygon","properties":{"geoid":"55131","name":"Washington"},"id":"55131"},{"arcs":[[8390,8391,8392,-8373,-8346,8393,-6397]],"type":"Polygon","properties":{"geoid":"55073","name":"Marathon"},"id":"55073"},{"arcs":[[8394,8395,-3976,-6619,-8350,-7698]],"type":"Polygon","properties":{"geoid":"55005","name":"Barron"},"id":"55005"},{"arcs":[[-6430,8396,8397,8398,8399]],"type":"Polygon","properties":{"geoid":"56031","name":"Platte"},"id":"56031"},{"arcs":[[8400,-6446,-7577,-6508,8401,8402]],"type":"Polygon","properties":{"geoid":"48431","name":"Sterling"},"id":"48431"},{"arcs":[[-8073,-7410,-2943,-8268,-8245]],"type":"Polygon","properties":{"geoid":"19005","name":"Allamakee"},"id":"19005"},{"arcs":[[8403,8404,8405,-7947,-5872]],"type":"Polygon","properties":{"geoid":"20129","name":"Morton"},"id":"20129"},{"arcs":[[-7470,8406,-8006,-8003,-7907,8407]],"type":"Polygon","properties":{"geoid":"20191","name":"Sumner"},"id":"20191"},{"arcs":[[-4131,-1627,-3958,-6598,-1619]],"type":"Polygon","properties":{"geoid":"54097","name":"Upshur"},"id":"54097"},{"arcs":[[-3952,-5463,-2907,8408,8409,-4759]],"type":"Polygon","properties":{"geoid":"54089","name":"Summers"},"id":"54089"},{"arcs":[[-6138,-6126,-12,-6050,8410,-1690,8411]],"type":"Polygon","properties":{"geoid":"01061","name":"Geneva"},"id":"01061"},{"arcs":[[-6652,-8039,-6114,-3999,-6015]],"type":"Polygon","properties":{"geoid":"01057","name":"Fayette"},"id":"01057"},{"arcs":[[-527,-6686,-7859,-5625,-36,-1969]],"type":"Polygon","properties":{"geoid":"05113","name":"Polk"},"id":"05113"},{"arcs":[[8412,8413,-6337,-8103,-6177,-7954,-7481]],"type":"Polygon","properties":{"geoid":"20037","name":"Crawford"},"id":"20037"},{"arcs":[[-1585,-5588,-1540,-5267,8414,8415]],"type":"Polygon","properties":{"geoid":"51075","name":"Goochland"},"id":"51075"},{"arcs":[[-4751,8416,-8415,-5266,-3916,-5801]],"type":"Polygon","properties":{"geoid":"51049","name":"Cumberland"},"id":"51049"},{"arcs":[[-1566,-1577]],"type":"Polygon","properties":{"geoid":"51750","name":"Radford"},"id":"51750"},{"arcs":[[-2208,8417,8418,8419,-2202]],"type":"Polygon","properties":{"geoid":"39135","name":"Preble"},"id":"39135"},{"arcs":[[-7199,-7339,-7344,-7340,8420,8421,-6758]],"type":"Polygon","properties":{"geoid":"39081","name":"Jefferson"},"id":"39081"},{"arcs":[[-5864,8422,8423,-1820,-5283,-7930]],"type":"Polygon","properties":{"geoid":"05033","name":"Crawford"},"id":"05033"},{"arcs":[[8424,8425,-2429,-1809,-4598]],"type":"Polygon","properties":{"geoid":"05077","name":"Lee"},"id":"05077"},{"arcs":[[8426,8427,-1581,8428,-6564,-3788]],"type":"Polygon","properties":{"geoid":"51021","name":"Bland"},"id":"51021"},{"arcs":[[-3794]],"type":"Polygon","properties":{"geoid":"51720","name":"Norton"},"id":"51720"},{"arcs":[[-6924,-6928,-5192]],"type":"Polygon","properties":{"geoid":"32029","name":"Storey"},"id":"32029"},{"arcs":[[-4040,8429,8430,-919,8431]],"type":"Polygon","properties":{"geoid":"12109","name":"St. Johns"},"id":"12109"},{"arcs":[[8432,8433,-8421,-7343,8434,-7154,8435]],"type":"Polygon","properties":{"geoid":"39013","name":"Belmont"},"id":"39013"},{"arcs":[[-7238,8436,-3730,-8092,8437,-5438]],"type":"Polygon","properties":{"geoid":"39007","name":"Ashtabula"},"id":"39007"},{"arcs":[[-8120,8438,-7730,-1887,8439,-2127]],"type":"Polygon","properties":{"geoid":"08081","name":"Moffat"},"id":"08081"},{"arcs":[[-5516,-6923,-8127,-5881,-6743]],"type":"Polygon","properties":{"geoid":"08095","name":"Phillips"},"id":"08095"},{"arcs":[[-8440,-1886,8440,-2128]],"type":"Polygon","properties":{"geoid":"08103","name":"Rio Blanco"},"id":"08103"},{"arcs":[[8441,-5632,-1655,-912,-5822,-6815]],"type":"Polygon","properties":{"geoid":"09160","name":"Northwest Hills"},"id":"09160"},{"arcs":[[-4756,-2885,-5925,8442]],"type":"Polygon","properties":{"geoid":"53001","name":"Adams"},"id":"53001"},{"arcs":[[8443,-1632,-8328,8444,-7693,-5724]],"type":"Polygon","properties":{"geoid":"55049","name":"Iowa"},"id":"55049"},{"arcs":[[8445,-5687,8446,8447,8448,-6009]],"type":"Polygon","properties":{"geoid":"13285","name":"Troup"},"id":"13285"},{"arcs":[[-1734,-2589,-2606,8449,8450]],"type":"Polygon","properties":{"geoid":"13053","name":"Chattahoochee"},"id":"13053"},{"arcs":[[-8406,8451,8452,-7284,-8321,-6515,8453,-7948]],"type":"Polygon","properties":{"geoid":"40139","name":"Texas"},"id":"40139"},{"arcs":[[8454,-7909,-8005,-6341,8455,8456]],"type":"Polygon","properties":{"geoid":"40003","name":"Alfalfa"},"id":"40003"},{"arcs":[[-6176,-7956,8457,8458,-4831]],"type":"Polygon","properties":{"geoid":"40105","name":"Nowata"},"id":"40105"},{"arcs":[[-5143,-544,8459]],"type":"Polygon","properties":{"geoid":"41011","name":"Coos"},"id":"41011"},{"arcs":[[8460,8461,8462,8463]],"type":"Polygon","properties":{"geoid":"12085","name":"Martin"},"id":"12085"},{"arcs":[[-6544,8464,-8461,8465]],"type":"Polygon","properties":{"geoid":"12111","name":"St. Lucie"},"id":"12111"},{"arcs":[[-8448,8466,-2590,-1732,-5855,8467]],"type":"Polygon","properties":{"geoid":"13145","name":"Harris"},"id":"13145"},{"arcs":[[-3974,8468,8469,-8391,-6396,-6620]],"type":"Polygon","properties":{"geoid":"55119","name":"Taylor"},"id":"55119"},{"arcs":[[8470,-8369,8471]],"type":"Polygon","properties":{"geoid":"55078","name":"Menominee"},"id":"55078"},{"arcs":[[-8348,8472,-8355,-8334,8473,-4773]],"type":"Polygon","properties":{"geoid":"55137","name":"Waushara"},"id":"55137"},{"arcs":[[-7710,-8345,-8396,8474]],"type":"Polygon","properties":{"geoid":"55129","name":"Washburn"},"id":"55129"},{"arcs":[[8475,-8282,-4855,8476,-2165]],"type":"Polygon","properties":{"geoid":"17127","name":"Massac"},"id":"17127"},{"arcs":[[-5033,8477,-5498,-48,-7436,-5024]],"type":"Polygon","properties":{"geoid":"05031","name":"Craighead"},"id":"05031"},{"arcs":[[-1308,-4498,-4493,-554,-8175,-5188,-8059]],"type":"Polygon","properties":{"geoid":"41025","name":"Harney"},"id":"41025"},{"arcs":[[-7325,8478,-8113,-7196,8479]],"type":"Polygon","properties":{"geoid":"42073","name":"Lawrence"},"id":"42073"},{"arcs":[[8480,8481,-7336,8482,-4741,8483,-7330]],"type":"Polygon","properties":{"geoid":"42015","name":"Bradford"},"id":"42015"},{"arcs":[[-6107,-610,-6105,-4197,-7599,-8338,-6102,-5123]],"type":"Polygon","properties":{"geoid":"13295","name":"Walker"},"id":"13295"},{"arcs":[[-6812,-7352,-3028,-4147,-141]],"type":"Polygon","properties":{"geoid":"13101","name":"Echols"},"id":"13101"},{"arcs":[[[8484]],[[8485]],[[8487]],[[8488]],[[8489]],[[8490,-7740,8491,-5816,-1720,-6557,-4069,8492,-4164]]],"type":"MultiPolygon","properties":{"geoid":"02164","name":"Lake and Peninsula"},"id":"02164"},{"arcs":[[8493,8494,8495,-7789,-2965,-5868]],"type":"Polygon","properties":{"geoid":"05005","name":"Baxter"},"id":"05005"},{"arcs":[[-6693,-5185,-4780,-3003,-857]],"type":"Polygon","properties":{"geoid":"06035","name":"Lassen"},"id":"06035"},{"arcs":[[-2047,-5279,-512,-3097,-4516]],"type":"Polygon","properties":{"geoid":"45033","name":"Dillon"},"id":"45033"},{"arcs":[[8496,-8117,-592,-6301,8497,-8148]],"type":"Polygon","properties":{"geoid":"46027","name":"Clay"},"id":"46027"},{"arcs":[[8498,-8308,8499,-8191]],"type":"Polygon","properties":{"geoid":"46091","name":"Marshall"},"id":"46091"},{"arcs":[[-7287,-7362,8500,8501,-787,8502]],"type":"Polygon","properties":{"geoid":"17179","name":"Tazewell"},"id":"17179"},{"arcs":[[-5289,-5765,8503,-8316,8504,-2914]],"type":"Polygon","properties":{"geoid":"54061","name":"Monongalia"},"id":"54061"},{"arcs":[[-3026,-6826,-6797,-6719,-3663,-2531,-82]],"type":"Polygon","properties":{"geoid":"08007","name":"Archuleta"},"id":"08007"},{"arcs":[[-8364,-2853,-6441,8505,8506,-475]],"type":"Polygon","properties":{"geoid":"37157","name":"Rockingham"},"id":"37157"},{"arcs":[[-1954,-1649,-7097,8507,8508]],"type":"Polygon","properties":{"geoid":"38033","name":"Golden Valley"},"id":"38033"},{"arcs":[[-7100,8509,-5091,-4825,8510,8511,-8272]],"type":"Polygon","properties":{"geoid":"38001","name":"Adams"},"id":"38001"},{"arcs":[[8512,-8298,-4710,-3496,8513,8514]],"type":"Polygon","properties":{"geoid":"38095","name":"Towner"},"id":"38095"},{"arcs":[[-5392,-5610,8515,-8143]],"type":"Polygon","properties":{"geoid":"46121","name":"Todd"},"id":"46121"},{"arcs":[[-7495,8516,-8256,8517,-3170,-6365,-3578]],"type":"Polygon","properties":{"geoid":"47161","name":"Stewart"},"id":"47161"},{"arcs":[[-8096,8518,8519,-3272,-2102,8520]],"type":"Polygon","properties":{"geoid":"48165","name":"Gaines"},"id":"48165"},{"arcs":[[-7949,-8454,-6518,-1502,8521]],"type":"Polygon","properties":{"geoid":"48421","name":"Sherman"},"id":"48421"},{"arcs":[[-7549,8522,-7665,-7247,-7360,-6844,8523,8524,-7209]],"type":"Polygon","properties":{"geoid":"17099","name":"LaSalle"},"id":"17099"},{"arcs":[[-7361,-7251,8525,8526,-7521,-2944,8527,-8501]],"type":"Polygon","properties":{"geoid":"17113","name":"McLean"},"id":"17113"},{"arcs":[[-8435,-7342,-4247,-5290,-2912,-7155]],"type":"Polygon","properties":{"geoid":"54051","name":"Marshall"},"id":"54051"},{"arcs":[[8528,-5057,-8499,-8190,8529]],"type":"Polygon","properties":{"geoid":"38081","name":"Sargent"},"id":"38081"},{"arcs":[[-8438,-8091,-7327,8530,-6720,-5439]],"type":"Polygon","properties":{"geoid":"39155","name":"Trumbull"},"id":"39155"},{"arcs":[[8531,-1302,8532,8533,-7964,-6646]],"type":"Polygon","properties":{"geoid":"40065","name":"Jackson"},"id":"40065"},{"arcs":[[8534,-8160,-8340,8535]],"type":"Polygon","properties":{"geoid":"50013","name":"Grand Isle"},"id":"50013"},{"arcs":[[-6437,-2851]],"type":"Polygon","properties":{"geoid":"51590","name":"Danville"},"id":"51590"},{"arcs":[[8536,-5081,-7010,-7288,-8503,-786,-7062]],"type":"Polygon","properties":{"geoid":"17057","name":"Fulton"},"id":"17057"},{"arcs":[[-8284,-5082,-8537,-7061,-6022]],"type":"Polygon","properties":{"geoid":"17109","name":"McDonough"},"id":"17109"},{"arcs":[[-7717,-7658,8537,-7659,-6616]],"type":"Polygon","properties":{"geoid":"55071","name":"Manitowoc"},"id":"55071"},{"arcs":[[-8057,-4728,8538,-7923,8539,8540]],"type":"Polygon","properties":{"geoid":"40129","name":"Roger Mills"},"id":"40129"},{"arcs":[[8541,-8010,-6331,-1830,-7929,8542,8543]],"type":"Polygon","properties":{"geoid":"40041","name":"Delaware"},"id":"40041"},{"arcs":[[-7107,8544,-479,8545]],"type":"Polygon","properties":{"geoid":"51810","name":"Virginia Beach"},"id":"51810"},{"arcs":[[8546,-8409,-2910,8547,-1561,-1576,-8428]],"type":"Polygon","properties":{"geoid":"51071","name":"Giles"},"id":"51071"},{"arcs":[[-8502,-8528,-2947,8548,-7753,-4320,-788]],"type":"Polygon","properties":{"geoid":"17107","name":"Logan"},"id":"17107"},{"arcs":[[-4140,-3981,-7731,-8439,-8119,-5305,-2957,8549]],"type":"Polygon","properties":{"geoid":"56037","name":"Sweetwater"},"id":"56037"},{"arcs":[[-4174,8550,-4178,8551]],"type":"Polygon","properties":{"geoid":"02230","name":"Skagway"},"id":"02230"},{"arcs":[[-1835,8552,-2969,-7827,-6227,8553]],"type":"Polygon","properties":{"geoid":"05101","name":"Newton"},"id":"05101"},{"arcs":[[-5026,-7438,8554,8555,-3840]],"type":"Polygon","properties":{"geoid":"05037","name":"Cross"},"id":"05037"},{"arcs":[[-2034,8556,-5146,-5887]],"type":"Polygon","properties":{"geoid":"44003","name":"Kent"},"id":"44003"},{"arcs":[[8557,-8153,8558,8559,-8115,8560,-6392]],"type":"Polygon","properties":{"geoid":"46099","name":"Minnehaha"},"id":"46099"},{"arcs":[[-1605,-7760,-8196,-8356,-8218,-2887,-4755]],"type":"Polygon","properties":{"geoid":"53063","name":"Spokane"},"id":"53063"},{"arcs":[[8561,-3021,-3866,-4608,-4610,-1866]],"type":"Polygon","properties":{"geoid":"08097","name":"Pitkin"},"id":"08097"},{"arcs":[[-3016,-1875,-6793,-3851]],"type":"Polygon","properties":{"geoid":"08014","name":"Broomfield"},"id":"08014"},{"arcs":[[-6047,-5077,-3036,-5889,8562]],"type":"Polygon","properties":{"geoid":"12027","name":"DeSoto"},"id":"12027"},{"arcs":[[-1586,-8416,-8417,-4750,-5922]],"type":"Polygon","properties":{"geoid":"51065","name":"Fluvanna"},"id":"51065"},{"arcs":[[-5370]],"type":"Polygon","properties":{"geoid":"51840","name":"Winchester"},"id":"51840"},{"arcs":[[8563,-3910]],"type":"Polygon","properties":{"geoid":"51775","name":"Salem"},"id":"51775"},{"arcs":[[-5114,8564,-5112,-4113,-3925]],"type":"Polygon","properties":{"geoid":"51730","name":"Petersburg"},"id":"51730"},{"arcs":[[8565,8566,8567,8568,8569]],"type":"Polygon","properties":{"geoid":"48169","name":"Garza"},"id":"48169"},{"arcs":[[-1511,-5747,-6479,-4143]],"type":"Polygon","properties":{"geoid":"48275","name":"Knox"},"id":"48275"},{"arcs":[[8570,8571,-3285,-6506,-7576]],"type":"Polygon","properties":{"geoid":"48353","name":"Nolan"},"id":"48353"},{"arcs":[[-6481,8572,-5587,8573,-3248,-6462]],"type":"Polygon","properties":{"geoid":"48417","name":"Shackelford"},"id":"48417"},{"arcs":[[8574,8575,8576,-669]],"type":"Polygon","properties":{"geoid":"48507","name":"Zavala"},"id":"48507"},{"arcs":[[-3371,8577,8578,8579,8580,8581]],"type":"Polygon","properties":{"geoid":"29105","name":"Laclede"},"id":"29105"},{"arcs":[[8582,8583,-1163,-5758,-3384,-7268]],"type":"Polygon","properties":{"geoid":"29117","name":"Livingston"},"id":"29117"},{"arcs":[[8584,8585,8586,8587,8588,8589,-6920,8590]],"type":"Polygon","properties":{"geoid":"31111","name":"Lincoln"},"id":"31111"},{"arcs":[[-5117,-5242,8591,-8585,8592,-1642]],"type":"Polygon","properties":{"geoid":"31117","name":"McPherson"},"id":"31117"},{"arcs":[[8593,-4451,8594,8595,-3408]],"type":"Polygon","properties":{"geoid":"31071","name":"Garfield"},"id":"31071"},{"arcs":[[-6921,-8590,8596,8597,-6289,-8128]],"type":"Polygon","properties":{"geoid":"31085","name":"Hayes"},"id":"31085"},{"arcs":[[-4449,8598,8599,8600,8601,8602]],"type":"Polygon","properties":{"geoid":"31077","name":"Greeley"},"id":"31077"},{"arcs":[[-6434,-476,8603,-4459,-6583,8604]],"type":"Polygon","properties":{"geoid":"37067","name":"Forsyth"},"id":"37067"},{"arcs":[[-5252,-5436,-5914,-5761,8605,8606]],"type":"Polygon","properties":{"geoid":"37107","name":"Lenoir"},"id":"37107"},{"arcs":[[-654,-6450,-3302,-4840,8607]],"type":"Polygon","properties":{"geoid":"48247","name":"Jim Hogg"},"id":"48247"},{"arcs":[[8608,-3504,-1945,8609,8610,8611]],"type":"Polygon","properties":{"geoid":"38003","name":"Barnes"},"id":"38003"},{"arcs":[[-3493,8612,-4478,8613,-6670]],"type":"Polygon","properties":{"geoid":"38057","name":"Mercer"},"id":"38057"},{"arcs":[[-4414,-5429,8614,8615,8616]],"type":"Polygon","properties":{"geoid":"29051","name":"Cole"},"id":"29051"},{"arcs":[[-4267,-595,-8150,8617,8618,8619,8620,8621]],"type":"Polygon","properties":{"geoid":"31107","name":"Knox"},"id":"31107"},{"arcs":[[8622,8623,-432,8624,8625,8626]],"type":"Polygon","properties":{"geoid":"31007","name":"Banner"},"id":"31007"},{"arcs":[[8627,8628,8629,-7201,-5957,8630]],"type":"Polygon","properties":{"geoid":"39165","name":"Warren"},"id":"39165"},{"arcs":[[-1279,8631,-6760,8632,8633,8634]],"type":"Polygon","properties":{"geoid":"39157","name":"Tuscarawas"},"id":"39157"},{"arcs":[[8635,-750,-5310,-6626,-6606,8636,8637]],"type":"Polygon","properties":{"geoid":"37077","name":"Granville"},"id":"37077"},{"arcs":[[8638,-1264,8639,-6584,-5846,-6581,-1910,8640,8641]],"type":"Polygon","properties":{"geoid":"37097","name":"Iredell"},"id":"37097"},{"arcs":[[-8610,-1944,-5058,-8529,8642,8643]],"type":"Polygon","properties":{"geoid":"38073","name":"Ransom"},"id":"38073"},{"arcs":[[-6667,8644,8645,-8612,8646,-6661,-5979]],"type":"Polygon","properties":{"geoid":"38093","name":"Stutsman"},"id":"38093"},{"arcs":[[-6279,8647,-8227,-6273,8648]],"type":"Polygon","properties":{"geoid":"31177","name":"Washington"},"id":"31177"},{"arcs":[[-8144,-8516,-3404,8649,8650,-5239,-5115,8651,-6283]],"type":"Polygon","properties":{"geoid":"31031","name":"Cherry"},"id":"31031"},{"arcs":[[-590,-6164,8652,-6302]],"type":"Polygon","properties":{"geoid":"31043","name":"Dakota"},"id":"31043"},{"arcs":[[8653,8654,8655,-8623,8656]],"type":"Polygon","properties":{"geoid":"31157","name":"Scotts Bluff"},"id":"31157"},{"arcs":[[-2507,-8123,-6537,8657,-6788,-4006,-5337,8658]],"type":"Polygon","properties":{"geoid":"32017","name":"Lincoln"},"id":"32017"},{"arcs":[[-6754,-4490,8659,8660,8661]],"type":"Polygon","properties":{"geoid":"39109","name":"Miami"},"id":"39109"},{"arcs":[[8662,-3721,-6726,8663,8664]],"type":"Polygon","properties":{"geoid":"39103","name":"Medina"},"id":"39103"},{"arcs":[[-8664,-6725,8665,-1277,8666]],"type":"Polygon","properties":{"geoid":"39169","name":"Wayne"},"id":"39169"},{"arcs":[[-6119,-5164,8667,8668,-8055,-7281]],"type":"Polygon","properties":{"geoid":"40059","name":"Harper"},"id":"40059"},{"arcs":[[8669,-1987,-3538,8670,-8034]],"type":"Polygon","properties":{"geoid":"41067","name":"Washington"},"id":"41067"},{"arcs":[[-3275,-6447,-8401,8671,8672]],"type":"Polygon","properties":{"geoid":"48173","name":"Glasscock"},"id":"48173"},{"arcs":[[8673,8674,-4592,-6514,-5419]],"type":"Polygon","properties":{"geoid":"48413","name":"Schleicher"},"id":"48413"},{"arcs":[[8675,-3319,-6961,-6954,8676]],"type":"Polygon","properties":{"geoid":"26143","name":"Roscommon"},"id":"26143"},{"arcs":[[8677,-8677,-6953,8678,-6957]],"type":"Polygon","properties":{"geoid":"26113","name":"Missaukee"},"id":"26113"},{"arcs":[[-6964,-8210,8679,-7646,-6910]],"type":"Polygon","properties":{"geoid":"26111","name":"Midland"},"id":"26111"},{"arcs":[[-2023,-5198,-4925,-1205,-4914,-4500]],"type":"Polygon","properties":{"geoid":"34037","name":"Sussex"},"id":"34037"},{"arcs":[[-5566,-3457,8680,-7055,-579,-5291]],"type":"Polygon","properties":{"geoid":"37045","name":"Cleveland"},"id":"37045"},{"arcs":[[-751,-8636,8681,8682,-6438]],"type":"Polygon","properties":{"geoid":"37145","name":"Person"},"id":"37145"},{"arcs":[[8683,8684,8685,8686,-6747,8687,8688]],"type":"Polygon","properties":{"geoid":"39089","name":"Licking"},"id":"39089"},{"arcs":[[-8633,-6759,-8422,-8434,8689]],"type":"Polygon","properties":{"geoid":"39067","name":"Harrison"},"id":"39067"},{"arcs":[[8690,8691,8692,-6728,8693]],"type":"Polygon","properties":{"geoid":"39003","name":"Allen"},"id":"39003"},{"arcs":[[8694,8695,8696,8697,8698,8699]],"type":"Polygon","properties":{"geoid":"39129","name":"Pickaway"},"id":"39129"},{"arcs":[[8700,-4256,-2007,-3547,8701,-6678]],"type":"Polygon","properties":{"geoid":"42077","name":"Lehigh"},"id":"42077"},{"arcs":[[-4738,-1322,-5968,8702,-6733]],"type":"Polygon","properties":{"geoid":"42013","name":"Blair"},"id":"42013"},{"arcs":[[8703,-3623,-5769,8704,8705,-6905]],"type":"Polygon","properties":{"geoid":"26125","name":"Oakland"},"id":"26125"},{"arcs":[[-6958,-8679,-6956,8706,-6966]],"type":"Polygon","properties":{"geoid":"26133","name":"Osceola"},"id":"26133"},{"arcs":[[8707,-6952,8708,-7629,8709]],"type":"Polygon","properties":{"geoid":"26067","name":"Ionia"},"id":"26067"},{"arcs":[[8710,-8515,8711,-8278]],"type":"Polygon","properties":{"geoid":"38079","name":"Rolette"},"id":"38079"},{"arcs":[[8712,-8296,-3708,8713]],"type":"Polygon","properties":{"geoid":"38023","name":"Divide"},"id":"38023"},{"arcs":[[8714,8715,-7150,-6135,-7994,-7203]],"type":"Polygon","properties":{"geoid":"39015","name":"Brown"},"id":"39015"},{"arcs":[[-5096,8716,8717,-8684,8718,8719]],"type":"Polygon","properties":{"geoid":"39041","name":"Delaware"},"id":"39041"},{"arcs":[[8720,8721,8722,8723,-8629,8724]],"type":"Polygon","properties":{"geoid":"39057","name":"Greene"},"id":"39057"},{"arcs":[[-8724,8725,8726,-8715,-7202,-8630]],"type":"Polygon","properties":{"geoid":"39027","name":"Clinton"},"id":"39027"},{"arcs":[[8727,-7334,-4253,-4499,8728]],"type":"Polygon","properties":{"geoid":"42069","name":"Lackawanna"},"id":"42069"},{"arcs":[[8729,-6709,-3559]],"type":"Polygon","properties":{"geoid":"42093","name":"Montour"},"id":"42093"},{"arcs":[[-5313,-7492,8730,8731,-242,8732]],"type":"Polygon","properties":{"geoid":"20181","name":"Sherman"},"id":"20181"},{"arcs":[[-7631,8733,8734,-8202,8735,8736]],"type":"Polygon","properties":{"geoid":"26025","name":"Calhoun"},"id":"26025"},{"arcs":[[-6195,-7632,-8737,8737,8738]],"type":"Polygon","properties":{"geoid":"26077","name":"Kalamazoo"},"id":"26077"},{"arcs":[[-7997,-2383,-6218,-5898,-4666,8739,8740,-3333,-2395]],"type":"Polygon","properties":{"geoid":"27007","name":"Beltrami"},"id":"27007"},{"arcs":[[8741,8742,-7003,-5839,-5324,8743]],"type":"Polygon","properties":{"geoid":"27151","name":"Swift"},"id":"27151"},{"arcs":[[-3491,8744,-5982,-8275,-4480,8745]],"type":"Polygon","properties":{"geoid":"38015","name":"Burleigh"},"id":"38015"},{"arcs":[[-6663,8746,8747,-597,-7397,-8276]],"type":"Polygon","properties":{"geoid":"38051","name":"McIntosh"},"id":"38051"},{"arcs":[[-5095,-3509,-6704,8748,-8717]],"type":"Polygon","properties":{"geoid":"39117","name":"Morrow"},"id":"39117"},{"arcs":[[8749,8750,-3516,-1289,8751]],"type":"Polygon","properties":{"geoid":"40109","name":"Oklahoma"},"id":"40109"},{"arcs":[[-7978,-6254,-6191,-6186,-7903,8752]],"type":"Polygon","properties":{"geoid":"20103","name":"Leavenworth"},"id":"20103"},{"arcs":[[8753,-1767,-5908,-2228,-7984]],"type":"Polygon","properties":{"geoid":"01103","name":"Morgan"},"id":"01103"},{"arcs":[[-2370,8754,8755,8756,-6213]],"type":"Polygon","properties":{"geoid":"27051","name":"Grant"},"id":"27051"},{"arcs":[[-1137,8757,8758,-6999,8759]],"type":"Polygon","properties":{"geoid":"27059","name":"Isanti"},"id":"27059"},{"arcs":[[-394,8760,8761,8762,8763,-8755,-2369]],"type":"Polygon","properties":{"geoid":"27111","name":"Otter Tail"},"id":"27111"},{"arcs":[[-3325,-5752,8764,-4659,-7002]],"type":"Polygon","properties":{"geoid":"27093","name":"Meeker"},"id":"27093"},{"arcs":[[8765,-8719,-8689,8766,-8696,8767]],"type":"Polygon","properties":{"geoid":"39049","name":"Franklin"},"id":"39049"},{"arcs":[[-4238,-3713,-1286,8768,-8691,8769]],"type":"Polygon","properties":{"geoid":"39137","name":"Putnam"},"id":"39137"},{"arcs":[[8770,-4713,8771,-7152,8772]],"type":"Polygon","properties":{"geoid":"39131","name":"Pike"},"id":"39131"},{"arcs":[[-6642,8773,8774,-6379,8775,8776,-1295]],"type":"Polygon","properties":{"geoid":"40121","name":"Pittsburg"},"id":"40121"},{"arcs":[[8777,-8543,-7931,-5281,-5441,-4721]],"type":"Polygon","properties":{"geoid":"40021","name":"Cherokee"},"id":"40021"},{"arcs":[[-6317,-3650,8778,-4960,8779,8780]],"type":"Polygon","properties":{"geoid":"20147","name":"Phillips"},"id":"20147"},{"arcs":[[-6326,-6295,-2225,-4956,-2687,-8293]],"type":"Polygon","properties":{"geoid":"20117","name":"Marshall"},"id":"20117"},{"arcs":[[8781,-4670,-1123,-3321,8782,-8763]],"type":"Polygon","properties":{"geoid":"27153","name":"Todd"},"id":"27153"},{"arcs":[[-7005,-6210,-8252,-8063,-8249,8783]],"type":"Polygon","properties":{"geoid":"27109","name":"Olmsted"},"id":"27109"},{"arcs":[[-8580,8784,8785,8786]],"type":"Polygon","properties":{"geoid":"29229","name":"Wright"},"id":"29229"},{"arcs":[[-4420,-3387,8787,8788,-6252,8789]],"type":"Polygon","properties":{"geoid":"29049","name":"Clinton"},"id":"29049"},{"arcs":[[8790,8791,-7317,8792,-1166]],"type":"Polygon","properties":{"geoid":"29179","name":"Reynolds"},"id":"29179"},{"arcs":[[-3522,-3520,-5480,-6643,-1293,-6637,8793,8794]],"type":"Polygon","properties":{"geoid":"40123","name":"Pontotoc"},"id":"40123"},{"arcs":[[8795,-3535,8796,8797,-6347,-1299,8798]],"type":"Polygon","properties":{"geoid":"40015","name":"Caddo"},"id":"40015"},{"arcs":[[-2191,8799,-7936,8800,8801,-7256,-4354,8802]],"type":"Polygon","properties":{"geoid":"21111","name":"Jefferson"},"id":"21111"},{"arcs":[[-5960,-7993,8803,-7621,-8015]],"type":"Polygon","properties":{"geoid":"21117","name":"Kenton"},"id":"21117"},{"arcs":[[8804,-5226,-7047,8805,-1125,-4673]],"type":"Polygon","properties":{"geoid":"27079","name":"Le Sueur"},"id":"27079"},{"arcs":[[8806,-7052,-5227,-8805,-4672,-4661]],"type":"Polygon","properties":{"geoid":"27143","name":"Sibley"},"id":"27143"},{"arcs":[[-8788,-3386,-5760,8807,-4903,8808]],"type":"Polygon","properties":{"geoid":"29177","name":"Ray"},"id":"29177"},{"arcs":[[8809,8810,-419,8811,8812,8813,-5427]],"type":"Polygon","properties":{"geoid":"29139","name":"Montgomery"},"id":"29139"},{"arcs":[[-4905,8814,-3375,8815,-2470]],"type":"Polygon","properties":{"geoid":"29101","name":"Johnson"},"id":"29101"},{"arcs":[[-3513,-6340,8816,8817,8818,8819]],"type":"Polygon","properties":{"geoid":"40037","name":"Creek"},"id":"40037"},{"arcs":[[-6638,-1296,-8777,8820,-536,-5137]],"type":"Polygon","properties":{"geoid":"40005","name":"Atoka"},"id":"40005"},{"arcs":[[8821,8822,-6639,-3723,-8031,-7918,-3528]],"type":"Polygon","properties":{"geoid":"40019","name":"Carter"},"id":"40019"},{"arcs":[[-8817,-6339,-4723,-5444,8823,8824]],"type":"Polygon","properties":{"geoid":"40111","name":"Okmulgee"},"id":"40111"},{"arcs":[[-6116,-4004,-253,8825,8826,-2331]],"type":"Polygon","properties":{"geoid":"01007","name":"Bibb"},"id":"01007"},{"arcs":[[-5860,-7985,-2226,-8038,-6650]],"type":"Polygon","properties":{"geoid":"01133","name":"Winston"},"id":"01133"},{"arcs":[[-26,-8165,-2333,8827,-4803,-2262,-2298,-4778]],"type":"Polygon","properties":{"geoid":"01091","name":"Marengo"},"id":"01091"},{"arcs":[[8828,-570,-323,-5994,-2349]],"type":"Polygon","properties":{"geoid":"24013","name":"Carroll"},"id":"24013"},{"arcs":[[8829,-7423,-2361,-358,-2031,-5886,-5630,-4391,-3607]],"type":"Polygon","properties":{"geoid":"25027","name":"Worcester"},"id":"25027"},{"arcs":[[8830,-6196,-8739,-6248,-6244]],"type":"Polygon","properties":{"geoid":"26159","name":"Van Buren"},"id":"26159"},{"arcs":[[-1148,-7094,8831,-8042,8832,8833]],"type":"Polygon","properties":{"geoid":"28081","name":"Lee"},"id":"28081"},{"arcs":[[8834,8835,-5179,-284,-8022,8836]],"type":"Polygon","properties":{"geoid":"28091","name":"Marion"},"id":"28091"},{"arcs":[[-7132,-7149,8837,-3362,-7185,8838]],"type":"Polygon","properties":{"geoid":"28067","name":"Jones"},"id":"28067"},{"arcs":[[-3348,8839,-7143,8840,8841,-2432]],"type":"Polygon","properties":{"geoid":"28107","name":"Panola"},"id":"28107"},{"arcs":[[-6335,8842,8843,-7225,-7190,-8104]],"type":"Polygon","properties":{"geoid":"29057","name":"Dade"},"id":"29057"},{"arcs":[[-7277,-8067,8844,-8810,-5426,-4412,-7272]],"type":"Polygon","properties":{"geoid":"29007","name":"Audrain"},"id":"29007"},{"arcs":[[-7310,8845,-6262,-7275,8846]],"type":"Polygon","properties":{"geoid":"29205","name":"Shelby"},"id":"29205"},{"arcs":[[-7264,-3642,-7321,8847,8848]],"type":"Polygon","properties":{"geoid":"29123","name":"Madison"},"id":"29123"},{"arcs":[[8849,-8848,-7322,-5562,-2463,-7318,-8792]],"type":"Polygon","properties":{"geoid":"29223","name":"Wayne"},"id":"29223"},{"arcs":[[-8008,-542,-3515,8850,8851,-6343]],"type":"Polygon","properties":{"geoid":"40103","name":"Noble"},"id":"40103"},{"arcs":[[8852,-8456,-6346,8853,-3532,-4726,8854]],"type":"Polygon","properties":{"geoid":"40093","name":"Major"},"id":"40093"},{"arcs":[[8855,-8794,-6636,-8823]],"type":"Polygon","properties":{"geoid":"40099","name":"Murray"},"id":"40099"},{"arcs":[[-8736,-8205,8856,8857,8858]],"type":"Polygon","properties":{"geoid":"26023","name":"Branch"},"id":"26023"},{"arcs":[[-3611,-369,8859,8860]],"type":"Polygon","properties":{"geoid":"26019","name":"Benzie"},"id":"26019"},{"arcs":[[-6205,8861,-8231,-3316]],"type":"Polygon","properties":{"geoid":"26069","name":"Iosco"},"id":"26069"},{"arcs":[[-3339,8862,-8020,8863,8864,8865,-7187]],"type":"Polygon","properties":{"geoid":"28085","name":"Lincoln"},"id":"28085"},{"arcs":[[8866,8867,-7186,-5180,-8836]],"type":"Polygon","properties":{"geoid":"28073","name":"Lamar"},"id":"28073"},{"arcs":[[8868,8869,8870,-3341,-1151,-2404]],"type":"Polygon","properties":{"geoid":"28133","name":"Sunflower"},"id":"28133"},{"arcs":[[8871,-1167,-8793,-7316,-8046,-6311]],"type":"Polygon","properties":{"geoid":"29203","name":"Shannon"},"id":"29203"},{"arcs":[[8872,8873,-4692,-7353,-2474,-3644,8874]],"type":"Polygon","properties":{"geoid":"30111","name":"Yellowstone"},"id":"30111"},{"arcs":[[-6349,-3530,-7922,-8319,8875,8876]],"type":"Polygon","properties":{"geoid":"40033","name":"Cotton"},"id":"40033"},{"arcs":[[8877,-5442,-5284,-523,-6377,-8775]],"type":"Polygon","properties":{"geoid":"40061","name":"Haskell"},"id":"40061"},{"arcs":[[-1132,-7006,-8784,-8250,-8241,-6168,-238,-8247]],"type":"Polygon","properties":{"geoid":"27099","name":"Mower"},"id":"27099"},{"arcs":[[8878,-8744,-5323,8879,-8305,-6215]],"type":"Polygon","properties":{"geoid":"27011","name":"Big Stone"},"id":"27011"},{"arcs":[[-2405,-1155,-4407,-4895]],"type":"Polygon","properties":{"geoid":"28125","name":"Sharkey"},"id":"28125"},{"arcs":[[-3352,-7134,8880,8881,8882,-3337]],"type":"Polygon","properties":{"geoid":"28127","name":"Simpson"},"id":"28127"},{"arcs":[[-5841,-4444,-4693,-8874,8883]],"type":"Polygon","properties":{"geoid":"30065","name":"Musselshell"},"id":"30065"},{"arcs":[[-7356,-2499,-1955,-8509,8884,8885]],"type":"Polygon","properties":{"geoid":"30109","name":"Wibaux"},"id":"30109"},{"arcs":[[-6925,-3414,8886,-7420,-4025]],"type":"Polygon","properties":{"geoid":"32021","name":"Mineral"},"id":"32021"},{"arcs":[[8887,8888,8889,8890,-3430]],"type":"Polygon","properties":{"geoid":"35001","name":"Bernalillo"},"id":"35001"},{"arcs":[[8891,8892,8893,8894,-6977]],"type":"Polygon","properties":{"geoid":"35011","name":"De Baca"},"id":"35011"},{"arcs":[[-5231,8895,8896,-8018]],"type":"Polygon","properties":{"geoid":"28047","name":"Harrison"},"id":"28047"},{"arcs":[[-8865,8897,-2283,-4992,-2313,-412,8898]],"type":"Polygon","properties":{"geoid":"28005","name":"Amite"},"id":"28005"},{"arcs":[[-7148,8899,-4779,-3997,-6221,-3363,-8838]],"type":"Polygon","properties":{"geoid":"28153","name":"Wayne"},"id":"28153"},{"arcs":[[-7138,-7142,8900,-4676,8901]],"type":"Polygon","properties":{"geoid":"28019","name":"Choctaw"},"id":"28019"},{"arcs":[[-7188,-8866,-8899,-411,-2402]],"type":"Polygon","properties":{"geoid":"28037","name":"Franklin"},"id":"28037"},{"arcs":[[-6864,8902,8903,-4701,-3396,8904]],"type":"Polygon","properties":{"geoid":"31023","name":"Butler"},"id":"31023"},{"arcs":[[8905,-8621,8906,-4446,-8594,-3407,8907]],"type":"Polygon","properties":{"geoid":"31089","name":"Holt"},"id":"31089"},{"arcs":[[-1216,-4455,8908,8909,8910,8911]],"type":"Polygon","properties":{"geoid":"35047","name":"San Miguel"},"id":"35047"},{"arcs":[[-6971,-4704,-5433,-4934,-456]],"type":"Polygon","properties":{"geoid":"36049","name":"Lewis"},"id":"36049"},{"arcs":[[-1231,8912,8913,8914,-8088]],"type":"Polygon","properties":{"geoid":"36097","name":"Schuyler"},"id":"36097"},{"arcs":[[-7319,-2466,-1843,-1838,-8047]],"type":"Polygon","properties":{"geoid":"29181","name":"Ripley"},"id":"29181"},{"arcs":[[-5330,-8367,8915,-3637,-7263]],"type":"Polygon","properties":{"geoid":"29186","name":"Ste. Genevieve"},"id":"29186"},{"arcs":[[-7941,-7228,-4421,-8790,-6256,-7977]],"type":"Polygon","properties":{"geoid":"29021","name":"Buchanan"},"id":"29021"},{"arcs":[[-8808,-5759,-4423,-3376,-8815,-4904]],"type":"Polygon","properties":{"geoid":"29107","name":"Lafayette"},"id":"29107"},{"arcs":[[-4426,8916,-4416,8917,8918,-3378]],"type":"Polygon","properties":{"geoid":"29053","name":"Cooper"},"id":"29053"},{"arcs":[[8919,8920,-6867,8921,-8599,-4448]],"type":"Polygon","properties":{"geoid":"31011","name":"Boone"},"id":"31011"},{"arcs":[[-6855,-6865,-8905,-1201,-7387]],"type":"Polygon","properties":{"geoid":"31143","name":"Polk"},"id":"31143"},{"arcs":[[-8601,8922,-6858,8923,8924,8925]],"type":"Polygon","properties":{"geoid":"31093","name":"Howard"},"id":"31093"},{"arcs":[[8926,-8602,-8926,8927,8928]],"type":"Polygon","properties":{"geoid":"31163","name":"Sherman"},"id":"31163"},{"arcs":[[-8595,-4450,-8603,-8927,8929]],"type":"Polygon","properties":{"geoid":"31175","name":"Valley"},"id":"31175"},{"arcs":[[-3444,8930,8931,-6561,8932,-1890]],"type":"Polygon","properties":{"geoid":"36095","name":"Schoharie"},"id":"36095"},{"arcs":[[8933,-5248,8934,-4707]],"type":"Polygon","properties":{"geoid":"36035","name":"Fulton"},"id":"36035"},{"arcs":[[8935,-2492,-4437,-5089]],"type":"Polygon","properties":{"geoid":"30041","name":"Hill"},"id":"30041"},{"arcs":[[-2332,-8827,8936,-4801,-8828]],"type":"Polygon","properties":{"geoid":"01105","name":"Perry"},"id":"01105"},{"arcs":[[8937,8938,-7385,-6318,8939,-8289,-8133]],"type":"Polygon","properties":{"geoid":"31065","name":"Furnas"},"id":"31065"},{"arcs":[[8940,-4687,8941,-7221,-8844,8942]],"type":"Polygon","properties":{"geoid":"29167","name":"Polk"},"id":"29167"},{"arcs":[[-8615,-5428,-8814,8943,8944,8945]],"type":"Polygon","properties":{"geoid":"29151","name":"Osage"},"id":"29151"},{"arcs":[[8946,8947,8948,-1169,8949,8950]],"type":"Polygon","properties":{"geoid":"29161","name":"Phelps"},"id":"29161"},{"arcs":[[-8619,8951,-5904,8952,8953]],"type":"Polygon","properties":{"geoid":"31139","name":"Pierce"},"id":"31139"},{"arcs":[[8954,-8309,-6287,8955,8956]],"type":"Polygon","properties":{"geoid":"31045","name":"Dawes"},"id":"31045"},{"arcs":[[-3394,-1643,-8593,-8591,-6919,-440]],"type":"Polygon","properties":{"geoid":"31101","name":"Keith"},"id":"31101"},{"arcs":[[-3402,-8908,-3406,8957]],"type":"Polygon","properties":{"geoid":"31149","name":"Rock"},"id":"31149"},{"arcs":[[-6970,-8112,-3694,-5976,-5249,-8934,-4706]],"type":"Polygon","properties":{"geoid":"36041","name":"Hamilton"},"id":"36041"},{"arcs":[[-8604,-8507,8958,8959,-4460]],"type":"Polygon","properties":{"geoid":"37081","name":"Guilford"},"id":"37081"},{"arcs":[[-2104,-3276,-8673,8960,-5741]],"type":"Polygon","properties":{"geoid":"48329","name":"Midland"},"id":"48329"},{"arcs":[[8961,-6418,-7602,-3263,8962]],"type":"Polygon","properties":{"geoid":"48093","name":"Comanche"},"id":"48093"},{"arcs":[[-7513,-8570,8963,8964,8965]],"type":"Polygon","properties":{"geoid":"48305","name":"Lynn"},"id":"48305"},{"arcs":[[-6475,-7573,8966,-6490]],"type":"Polygon","properties":{"geoid":"48385","name":"Real"},"id":"48385"},{"arcs":[[8967,-7315,8968,-1164,-8949,8969]],"type":"Polygon","properties":{"geoid":"29055","name":"Crawford"},"id":"29055"},{"arcs":[[-2471,-8816,-3381,8970,8971,-4897]],"type":"Polygon","properties":{"geoid":"29083","name":"Henry"},"id":"29083"},{"arcs":[[8972,-8581,-8787,8973,8974,-7223]],"type":"Polygon","properties":{"geoid":"29225","name":"Webster"},"id":"29225"},{"arcs":[[-8589,8975,8976,-8938,-8132,8977,-8597]],"type":"Polygon","properties":{"geoid":"31063","name":"Frontier"},"id":"31063"},{"arcs":[[-5902,8978,-6281,8979,8980,8981]],"type":"Polygon","properties":{"geoid":"31039","name":"Cuming"},"id":"31039"},{"arcs":[[8982,8983,-7383,8984,-8976,-8588]],"type":"Polygon","properties":{"geoid":"31047","name":"Dawson"},"id":"31047"},{"arcs":[[-1203,-6860,-2501,-8129,-6869]],"type":"Polygon","properties":{"geoid":"31059","name":"Fillmore"},"id":"31059"},{"arcs":[[8985,8986,-8642,8987,-3455]],"type":"Polygon","properties":{"geoid":"37035","name":"Catawba"},"id":"37035"},{"arcs":[[-8960,8988,8989,-3467,-4473,-4461]],"type":"Polygon","properties":{"geoid":"37151","name":"Randolph"},"id":"37151"},{"arcs":[[-8959,-8506,-6440,8990,8991,-8989]],"type":"Polygon","properties":{"geoid":"37001","name":"Alamance"},"id":"37001"},{"arcs":[[8992,8993,-4583,-3770,-7607,-6448,-5851]],"type":"Polygon","properties":{"geoid":"48297","name":"Live Oak"},"id":"48297"},{"arcs":[[-7605,-3270,8994,-4552,-6511,-4590]],"type":"Polygon","properties":{"geoid":"48307","name":"McCulloch"},"id":"48307"},{"arcs":[[8995,8996,-6464,-8571,8997]],"type":"Polygon","properties":{"geoid":"48151","name":"Fisher"},"id":"48151"},{"arcs":[[-6510,-7611,8998,-4652,-5893,-3235]],"type":"Polygon","properties":{"geoid":"48045","name":"Briscoe"},"id":"48045"},{"arcs":[[-8108,-8125,-3609,-4393,-5633,-8442,-6814,8999]],"type":"Polygon","properties":{"geoid":"25003","name":"Berkshire"},"id":"25003"},{"arcs":[[-302,-2329,9000,-296,-267,-2260]],"type":"Polygon","properties":{"geoid":"01013","name":"Butler"},"id":"01013"},{"arcs":[[9001,9002,9003,-8170,9004]],"type":"Polygon","properties":{"geoid":"26121","name":"Muskegon"},"id":"26121"},{"arcs":[[-947,-5991,-5699,-4305]],"type":"Polygon","properties":{"geoid":"13059","name":"Clarke"},"id":"13059"},{"arcs":[[-5686,-8029,9005,-7443,-2585,-8467,-8447]],"type":"Polygon","properties":{"geoid":"13199","name":"Meriwether"},"id":"13199"},{"arcs":[[-5653,-5547,-4796,-7836]],"type":"Polygon","properties":{"geoid":"16067","name":"Minidoka"},"id":"16067"},{"arcs":[[-7806,9006,9007,-7776,9008]],"type":"Polygon","properties":{"geoid":"18119","name":"Owen"},"id":"18119"},{"arcs":[[-1019,9009,-6900,-8197,-210,-4091,9010,-5660]],"type":"Polygon","properties":{"geoid":"18037","name":"Dubois"},"id":"18037"},{"arcs":[[-4686,-3372,-8582,-8973,-7222,-8942]],"type":"Polygon","properties":{"geoid":"29059","name":"Dallas"},"id":"29059"},{"arcs":[[9011,-6285,-3395,-433,-8624,-8656]],"type":"Polygon","properties":{"geoid":"31123","name":"Morrill"},"id":"31123"},{"arcs":[[-8749,-6703,9012,-1281,9013,-8685,-8718]],"type":"Polygon","properties":{"geoid":"39083","name":"Knox"},"id":"39083"},{"arcs":[[-1280,-8635,9014,9015,-8686,-9014]],"type":"Polygon","properties":{"geoid":"39031","name":"Coshocton"},"id":"39031"},{"arcs":[[9016,-5912,-8228,9017,-6903,9018,-8208]],"type":"Polygon","properties":{"geoid":"26157","name":"Tuscola"},"id":"26157"},{"arcs":[[-3617,9019,-2366,-4394,-3312,-4815]],"type":"Polygon","properties":{"geoid":"26031","name":"Cheboygan"},"id":"26031"},{"arcs":[[-5509,-5508,9020,-3071,-2602]],"type":"Polygon","properties":{"geoid":"13249","name":"Schley"},"id":"13249"},{"arcs":[[-8149,-8498,-6300,-5899,-8952,-8618]],"type":"Polygon","properties":{"geoid":"31027","name":"Cedar"},"id":"31027"},{"arcs":[[-3413,-3421,-4703,-2508,-8659,-5338,-4209,-7419,-8887]],"type":"Polygon","properties":{"geoid":"32023","name":"Nye"},"id":"32023"},{"arcs":[[-5955,-5874,-7951,9021,-2113,9022,-4453,-4927]],"type":"Polygon","properties":{"geoid":"35059","name":"Union"},"id":"35059"},{"arcs":[[-4293,9023,-7807,-9009,-7775,-7939]],"type":"Polygon","properties":{"geoid":"18021","name":"Clay"},"id":"18021"},{"arcs":[[-8505,-8315,-4129,-2915]],"type":"Polygon","properties":{"geoid":"54049","name":"Marion"},"id":"54049"},{"arcs":[[-8854,-6345,9024,9025,-3533]],"type":"Polygon","properties":{"geoid":"40073","name":"Kingfisher"},"id":"40073"},{"arcs":[[-7324,-6765,-4507,-4511,-1337,-1333,-8114,-8479]],"type":"Polygon","properties":{"geoid":"42019","name":"Butler"},"id":"42019"},{"arcs":[[-4742,-8483,-7335,-8728,9026]],"type":"Polygon","properties":{"geoid":"42131","name":"Wyoming"},"id":"42131"},{"arcs":[[-2043,-5390,-5692,-4260,-1739]],"type":"Polygon","properties":{"geoid":"45001","name":"Abbeville"},"id":"45001"},{"arcs":[[-4273,-8215,-3629,-1144,9027,-3346,-405]],"type":"Polygon","properties":{"geoid":"28093","name":"Marshall"},"id":"28093"},{"arcs":[[9028,-1966,-2922,-7587,-7239,-8300]],"type":"Polygon","properties":{"geoid":"39105","name":"Meigs"},"id":"39105"},{"arcs":[[9029,-3722,-8663,9030,9031,-5605]],"type":"Polygon","properties":{"geoid":"39093","name":"Lorain"},"id":"39093"},{"arcs":[[-4775,9032,-8336,-8333,-8324,-1630]],"type":"Polygon","properties":{"geoid":"55021","name":"Columbia"},"id":"55021"},{"arcs":[[9033,-8310,-8955,9034,-6427]],"type":"Polygon","properties":{"geoid":"46047","name":"Fall River"},"id":"46047"},{"arcs":[[-7765,9035,9036,9037,-7402]],"type":"Polygon","properties":{"geoid":"47023","name":"Chester"},"id":"47023"},{"arcs":[[9038,-2621]],"type":"Polygon","properties":{"geoid":"15005","name":"Kalawao"},"id":"15005"},{"arcs":[[-1816,-1812,9039,-8869,-2403,-1801]],"type":"Polygon","properties":{"geoid":"28011","name":"Bolivar"},"id":"28011"},{"arcs":[[-7093,-6224,-5862,-6649,-8043,-8832]],"type":"Polygon","properties":{"geoid":"28057","name":"Itawamba"},"id":"28057"},{"arcs":[[-7165,-5540,-2874,-1982,-8670,-1973]],"type":"Polygon","properties":{"geoid":"41009","name":"Columbia"},"id":"41009"},{"arcs":[[-7105,9040,9041,-5772,-5615]],"type":"Polygon","properties":{"geoid":"50017","name":"Orange"},"id":"50017"},{"arcs":[[-6521,-6526,9042,-6711,9043,-6712,9044,-6714]],"type":"Polygon","properties":{"geoid":"12086","name":"Miami-Dade"},"id":"12086"},{"arcs":[[-655,-8608,-4839,9045]],"type":"Polygon","properties":{"geoid":"48505","name":"Zapata"},"id":"48505"},{"arcs":[[-8672,-8403,9046,9047,-5417,9048]],"type":"Polygon","properties":{"geoid":"48383","name":"Reagan"},"id":"48383"},{"arcs":[[9049,-4594,-1529,-6535]],"type":"Polygon","properties":{"geoid":"49031","name":"Piute"},"id":"49031"},{"arcs":[[-6140,-2241,-7612,-2739,-2703,-4869]],"type":"Polygon","properties":{"geoid":"21233","name":"Webster"},"id":"21233"},{"arcs":[[9050,-7581,-7216,-4966,-7257,-8802]],"type":"Polygon","properties":{"geoid":"21211","name":"Shelby"},"id":"21211"},{"arcs":[[-7553,-7246,-5373,9051]],"type":"Polygon","properties":{"geoid":"17005","name":"Bond"},"id":"17005"},{"arcs":[[-8527,9052,9053,9054,-7522]],"type":"Polygon","properties":{"geoid":"17019","name":"Champaign"},"id":"17019"},{"arcs":[[9055,9056,-7590,9057]],"type":"Polygon","properties":{"geoid":"55079","name":"Milwaukee"},"id":"55079"},{"arcs":[[-8398,9058,-8626,9059,-1870,-1879,9060]],"type":"Polygon","properties":{"geoid":"56021","name":"Laramie"},"id":"56021"},{"arcs":[[-8411,-6054,9061,-1691]],"type":"Polygon","properties":{"geoid":"12059","name":"Holmes"},"id":"12059"},{"arcs":[[[9062,9063,-4787,9064]],[[9065,9066]],[[9067]],[[9068,9069]],[[9070,9071]],[[9073]],[[9074]],[[-4186,9075,-4188,9076]],[[-1747,9077,-4180,9078]]],"type":"MultiPolygon","properties":{"geoid":"02105","name":"Hoonah-Angoon"},"id":"02105"},{"arcs":[[-842,-2972,-1798,-6232,-5319,-4012]],"type":"Polygon","properties":{"geoid":"05027","name":"Columbia"},"id":"05027"},{"arcs":[[9079,9080,-4955,-6941,9081,-4331]],"type":"Polygon","properties":{"geoid":"19123","name":"Mahaska"},"id":"19123"},{"arcs":[[9082,-7893,-6993,9083,-2659,-4328,-7853]],"type":"Polygon","properties":{"geoid":"19187","name":"Webster"},"id":"19187"},{"arcs":[[-7810,9084,9085,-9080,-4330,9086]],"type":"Polygon","properties":{"geoid":"19099","name":"Jasper"},"id":"19099"},{"arcs":[[-4332,-9082,-6943,-8270,-2671]],"type":"Polygon","properties":{"geoid":"19135","name":"Monroe"},"id":"19135"},{"arcs":[[-7897,-7021,-7817,-6938]],"type":"Polygon","properties":{"geoid":"19017","name":"Bremer"},"id":"19017"},{"arcs":[[9087,9088,-4950,-9081,-9086]],"type":"Polygon","properties":{"geoid":"19157","name":"Poweshiek"},"id":"19157"},{"arcs":[[-5357,-4358,-7259,-7642,-2768]],"type":"Polygon","properties":{"geoid":"21087","name":"Green"},"id":"21087"},{"arcs":[[-2308,-5722,-2785,-5218,-5767]],"type":"Polygon","properties":{"geoid":"22003","name":"Allen"},"id":"22003"},{"arcs":[[-3014,-7564,-7560,-881]],"type":"Polygon","properties":{"geoid":"08039","name":"Elbert"},"id":"08039"},{"arcs":[[-3861,-909,-4218,-6718,-6796]],"type":"Polygon","properties":{"geoid":"08003","name":"Alamosa"},"id":"08003"},{"arcs":[[-8339,-7304,9089,-6098,9090,-6655]],"type":"Polygon","properties":{"geoid":"13233","name":"Polk"},"id":"13233"},{"arcs":[[-8174,-496,-5568,-6604,-6625,-5308]],"type":"Polygon","properties":{"geoid":"37185","name":"Warren"},"id":"37185"},{"arcs":[[-1326,-571,-8829,-2348,-2004]],"type":"Polygon","properties":{"geoid":"42001","name":"Adams"},"id":"42001"},{"arcs":[[9091,-7471,-8408,-7906,9092,-7043]],"type":"Polygon","properties":{"geoid":"20095","name":"Kingman"},"id":"20095"},{"arcs":[[-7117,-7520,-7111,-7911,-7065,-7914]],"type":"Polygon","properties":{"geoid":"20127","name":"Morris"},"id":"20127"},{"arcs":[[-7901,9093,-7905,-1027,-7519,-4958]],"type":"Polygon","properties":{"geoid":"20177","name":"Shawnee"},"id":"20177"},{"arcs":[[-7124,-2679,9094,9095,9096]],"type":"Polygon","properties":{"geoid":"20159","name":"Rice"},"id":"20159"},{"arcs":[[-4808,9097,9098,-4980,-6231]],"type":"Polygon","properties":{"geoid":"22061","name":"Lincoln"},"id":"22061"},{"arcs":[[-4389,9099,-1113,-7962,-311]],"type":"Polygon","properties":{"geoid":"23001","name":"Androscoggin"},"id":"23001"},{"arcs":[[-8028,9100,-7440,-7439,-9006]],"type":"Polygon","properties":{"geoid":"13231","name":"Pike"},"id":"13231"},{"arcs":[[9101,-3076,-7348,-7347,-6839,-6808,-7749]],"type":"Polygon","properties":{"geoid":"13273","name":"Terrell"},"id":"13273"},{"arcs":[[-8511,-8173,-5739,-1374,-8187,9102]],"type":"Polygon","properties":{"geoid":"46105","name":"Perkins"},"id":"46105"},{"arcs":[[-8098,-5258,-5104,-5611,9103,9104]],"type":"Polygon","properties":{"geoid":"48117","name":"Deaf Smith"},"id":"48117"},{"arcs":[[9105,-5050,-8194,-7758]],"type":"Polygon","properties":{"geoid":"16021","name":"Boundary"},"id":"16021"},{"arcs":[[9106,-6045,-4290,9107,-7725,9108]],"type":"Polygon","properties":{"geoid":"17045","name":"Edgar"},"id":"17045"},{"arcs":[[-6183,-4899,9109,9110,-6333,-8414,9111]],"type":"Polygon","properties":{"geoid":"29217","name":"Vernon"},"id":"29217"},{"arcs":[[-7359,-4268,-8622,-8906,-3401]],"type":"Polygon","properties":{"geoid":"31015","name":"Boyd"},"id":"31015"},{"arcs":[[9112,9113,-8710,-7628,-6193,-8168,-9004]],"type":"Polygon","properties":{"geoid":"26081","name":"Kent"},"id":"26081"},{"arcs":[[-8359,-7210,-8525,9114,-6842,-4323,-6818]],"type":"Polygon","properties":{"geoid":"17011","name":"Bureau"},"id":"17011"},{"arcs":[[-5375,-7245,9115,9116,-7011,-2927]],"type":"Polygon","properties":{"geoid":"17121","name":"Marion"},"id":"17121"},{"arcs":[[-7861,9117,9118,-1012,9119,-9007,-7805]],"type":"Polygon","properties":{"geoid":"18109","name":"Morgan"},"id":"18109"},{"arcs":[[-7848,-7844,9120,-9085,-7809]],"type":"Polygon","properties":{"geoid":"19127","name":"Marshall"},"id":"19127"},{"arcs":[[-6988,-6947,-4851,-6264,9121,-4102]],"type":"Polygon","properties":{"geoid":"19177","name":"Van Buren"},"id":"19177"},{"arcs":[[-7039,-1041,-7953,9122,9123,-1044]],"type":"Polygon","properties":{"geoid":"20081","name":"Haskell"},"id":"20081"},{"arcs":[[-9108,-4295,-7938,-6030,-7364,-7527,-7726]],"type":"Polygon","properties":{"geoid":"17023","name":"Clark"},"id":"17023"},{"arcs":[[-7975,9124,-7230,-218,-7774]],"type":"Polygon","properties":{"geoid":"18001","name":"Adams"},"id":"18001"},{"arcs":[[-2214,-401,-4894,-8383,9125,9126,-7846]],"type":"Polygon","properties":{"geoid":"19109","name":"Kossuth"},"id":"19109"},{"arcs":[[-8940,-8781,9127,9128,-8290]],"type":"Polygon","properties":{"geoid":"20137","name":"Norton"},"id":"20137"},{"arcs":[[[9130]],[[-7624,-5560,-2291,-282,9132,-5488,9133]]],"type":"MultiPolygon","properties":{"geoid":"22051","name":"Jefferson"},"id":"22051"},{"arcs":[[-201,-5831,-4799,-4285,-704,-2505,-4702,-3419,-8176]],"type":"Polygon","properties":{"geoid":"32007","name":"Elko"},"id":"32007"},{"arcs":[[-8915,9134,9135,-8481,-7329,-8089]],"type":"Polygon","properties":{"geoid":"36015","name":"Chemung"},"id":"36015"},{"arcs":[[-7523,-9055,-9109,-7724,9136]],"type":"Polygon","properties":{"geoid":"17041","name":"Douglas"},"id":"17041"},{"arcs":[[-5764,-4881,-2938,-3959,-1624,-8317,-8504]],"type":"Polygon","properties":{"geoid":"54077","name":"Preston"},"id":"54077"},{"arcs":[[-8235,-5214,-7291,9137,-8285,9138]],"type":"Polygon","properties":{"geoid":"17061","name":"Greene"},"id":"17061"},{"arcs":[[-7542,-2729,-5355,-7623,-7218]],"type":"Polygon","properties":{"geoid":"21137","name":"Lincoln"},"id":"21137"},{"arcs":[[-4859,-4870,-2707,-7493,-7529]],"type":"Polygon","properties":{"geoid":"21143","name":"Lyon"},"id":"21143"},{"arcs":[[-8230,-383,-3620,-8704,-6904,-9018]],"type":"Polygon","properties":{"geoid":"26087","name":"Lapeer"},"id":"26087"},{"arcs":[[-7626,-5627,9139,9140]],"type":"Polygon","properties":{"geoid":"23029","name":"Washington"},"id":"23029"},{"arcs":[[-6179,-8105,-7194,9141,-6329,-8009]],"type":"Polygon","properties":{"geoid":"29145","name":"Newton"},"id":"29145"},{"arcs":[[-6265,-6025,9142,-6257,-8846,-7309]],"type":"Polygon","properties":{"geoid":"29111","name":"Lewis"},"id":"29111"},{"arcs":[[-948,-4304,-7305,-5732]],"type":"Polygon","properties":{"geoid":"13013","name":"Barrow"},"id":"13013"},{"arcs":[[-3702,-6458,-7096,9143]],"type":"Polygon","properties":{"geoid":"37041","name":"Chowan"},"id":"37041"},{"arcs":[[-2203,-8420,9144,-8631,-5956,-6894]],"type":"Polygon","properties":{"geoid":"39017","name":"Butler"},"id":"39017"},{"arcs":[[-2160,9145,-823,-4141,-8550,-2956,-2133,-4198]],"type":"Polygon","properties":{"geoid":"56023","name":"Lincoln"},"id":"56023"},{"arcs":[[-6429,9146,-8657,-8627,-9059,-8397]],"type":"Polygon","properties":{"geoid":"56015","name":"Goshen"},"id":"56015"},{"arcs":[[-2967,-7792,-7855,-5680,-5028,-7828]],"type":"Polygon","properties":{"geoid":"05141","name":"Van Buren"},"id":"05141"},{"arcs":[[-6198,9147,-8678,-367]],"type":"Polygon","properties":{"geoid":"26079","name":"Kalkaska"},"id":"26079"},{"arcs":[[-8757,9148,-8742,-8879,-6214]],"type":"Polygon","properties":{"geoid":"27149","name":"Stevens"},"id":"27149"},{"arcs":[[-5756,-7139,-8902,-4675,9149]],"type":"Polygon","properties":{"geoid":"28097","name":"Montgomery"},"id":"28097"},{"arcs":[[-1160,-7273,-4417,-8917,-4425]],"type":"Polygon","properties":{"geoid":"29089","name":"Howard"},"id":"29089"},{"arcs":[[-1579,-6567,-4289,-6433,-8387,9150,-8385,9151]],"type":"Polygon","properties":{"geoid":"51035","name":"Carroll"},"id":"51035"},{"arcs":[[-8549,-2946,-7525,9152,-7294,-8314,-7754]],"type":"Polygon","properties":{"geoid":"17115","name":"Macon"},"id":"17115"},{"arcs":[[-7524,-9137,-7727,-7295,-9153]],"type":"Polygon","properties":{"geoid":"17139","name":"Moultrie"},"id":"17139"},{"arcs":[[-6734,-8703,-5967,-7358,-4810,-563]],"type":"Polygon","properties":{"geoid":"42009","name":"Bedford"},"id":"42009"},{"arcs":[[-4630,-3188,-3135,-6410,-1763,9153,-2075]],"type":"Polygon","properties":{"geoid":"47103","name":"Lincoln"},"id":"47103"},{"arcs":[[9154,-8184,-391,9155]],"type":"Polygon","properties":{"geoid":"26131","name":"Ontonagon"},"id":"26131"},{"arcs":[[-2442,-7834,-3164,-40,-5497]],"type":"Polygon","properties":{"geoid":"29155","name":"Pemiscot"},"id":"29155"},{"arcs":[[-8969,-7314,-7265,-8849,-8850,-8791,-1165]],"type":"Polygon","properties":{"geoid":"29093","name":"Iron"},"id":"29093"},{"arcs":[[9156,-7388,-6872,9157,-6874,9158]],"type":"Polygon","properties":{"geoid":"31001","name":"Adams"},"id":"31001"},{"arcs":[[-8909,-4454,-9023,-2112,-8099,-9105,9159,9160,-8893,9161]],"type":"Polygon","properties":{"geoid":"35037","name":"Quay"},"id":"35037"},{"arcs":[[-6439,-8683,9162,9163,-8991]],"type":"Polygon","properties":{"geoid":"37135","name":"Orange"},"id":"37135"},{"arcs":[[-7365,-6033,-8238,-2169,-5674,9164,9165]],"type":"Polygon","properties":{"geoid":"17159","name":"Richland"},"id":"17159"},{"arcs":[[-7250,-8304,-8261,9166,-9053,-8526]],"type":"Polygon","properties":{"geoid":"17053","name":"Ford"},"id":"17053"},{"arcs":[[-7434,9167,-7795,-7856,-7858]],"type":"Polygon","properties":{"geoid":"05051","name":"Garland"},"id":"05051"},{"arcs":[[9168,-8876,-8318,-7578,9169]],"type":"Polygon","properties":{"geoid":"48485","name":"Wichita"},"id":"48485"},{"arcs":[[-7871,-8200,9170,-5984,9171]],"type":"Polygon","properties":{"geoid":"19159","name":"Ringgold"},"id":"19159"},{"arcs":[[9172,9173,9174,-5866,9175,-1833,-6306]],"type":"Polygon","properties":{"geoid":"29213","name":"Taney"},"id":"29213"},{"arcs":[[-8237,9176,-415,-8811,-8845,-8066]],"type":"Polygon","properties":{"geoid":"29163","name":"Pike"},"id":"29163"},{"arcs":[[9177,-6308,9178,-8494,-5867,-9175]],"type":"Polygon","properties":{"geoid":"29153","name":"Ozark"},"id":"29153"},{"arcs":[[-9171,-8199,-6271,9179,-7266,9180,-5985]],"type":"Polygon","properties":{"geoid":"29081","name":"Harrison"},"id":"29081"},{"arcs":[[-8992,-9164,9181,9182,-1246,-6593,-3468,-8990]],"type":"Polygon","properties":{"geoid":"37037","name":"Chatham"},"id":"37037"},{"arcs":[[-7955,-6181,-8011,-8542,9183,9184,-8458]],"type":"Polygon","properties":{"geoid":"40035","name":"Craig"},"id":"40035"},{"arcs":[[-3837,9185,-1817,-1799,-4203,-2980]],"type":"Polygon","properties":{"geoid":"05043","name":"Drew"},"id":"05043"},{"arcs":[[-3018,-3850,-886,-893]],"type":"Polygon","properties":{"geoid":"08047","name":"Gilpin"},"id":"08047"},{"arcs":[[-6995,-6936,-8224,-8648,-6278,-8222]],"type":"Polygon","properties":{"geoid":"19085","name":"Harrison"},"id":"19085"},{"arcs":[[9186,9187,9188,-224,9189]],"type":"Polygon","properties":{"geoid":"19097","name":"Jackson"},"id":"19097"},{"arcs":[[9190,-1045,-9124,9191,-8452,-8405]],"type":"Polygon","properties":{"geoid":"20189","name":"Stevens"},"id":"20189"},{"arcs":[[-8179,-7424,-8830,-3606,-6822]],"type":"Polygon","properties":{"geoid":"33005","name":"Cheshire"},"id":"33005"},{"arcs":[[9192,9193,-8313,-8097,-8521,-2106,-1452,-5260,-8054]],"type":"Polygon","properties":{"geoid":"35025","name":"Lea"},"id":"35025"},{"arcs":[[-1998,9194,-4495,-4497,-5907,-5917]],"type":"Polygon","properties":{"geoid":"41069","name":"Wheeler"},"id":"41069"},{"arcs":[[9195,-4502,-4257,-8701,-6677]],"type":"Polygon","properties":{"geoid":"42025","name":"Carbon"},"id":"42025"},{"arcs":[[-6588,-7378,9196,-8137,9197,-7684,-2548]],"type":"Polygon","properties":{"geoid":"13085","name":"Dawson"},"id":"13085"},{"arcs":[[-5649,-5350,-4943,-2568,-4298,9198,9199]],"type":"Polygon","properties":{"geoid":"13161","name":"Jeff Davis"},"id":"13161"},{"arcs":[[-2734,9200,-5061,-8254,9201]],"type":"Polygon","properties":{"geoid":"21219","name":"Todd"},"id":"21219"},{"arcs":[[-257,-6657,9202,-2233,-5161]],"type":"Polygon","properties":{"geoid":"01015","name":"Calhoun"},"id":"01015"},{"arcs":[[-4931,9203,-3675,-3669,-4918]],"type":"Polygon","properties":{"geoid":"36005","name":"Bronx"},"id":"36005"},{"arcs":[[-7679,-8156,-8154,-8558,-6391,-7701]],"type":"Polygon","properties":{"geoid":"46079","name":"Lake"},"id":"46079"},{"arcs":[[-3746,-6501,-6532,-5973,-4624]],"type":"Polygon","properties":{"geoid":"47087","name":"Jackson"},"id":"47087"},{"arcs":[[-7540,-7500,9204,-5423,-4580,-8994,9205]],"type":"Polygon","properties":{"geoid":"48255","name":"Karnes"},"id":"48255"},{"arcs":[[-7968,-6886,-7462,9206,-6043]],"type":"Polygon","properties":{"geoid":"18045","name":"Fountain"},"id":"18045"},{"arcs":[[-7820,-7868,-9088,-9121,-7843]],"type":"Polygon","properties":{"geoid":"19171","name":"Tama"},"id":"19171"},{"arcs":[[-7473,-7125,-9097,9207,-2681,-7129]],"type":"Polygon","properties":{"geoid":"20009","name":"Barton"},"id":"20009"},{"arcs":[[-8732,9208,-7035,9209,-7485,-243]],"type":"Polygon","properties":{"geoid":"20109","name":"Logan"},"id":"20109"},{"arcs":[[-7033,-4345,-7037,9210]],"type":"Polygon","properties":{"geoid":"20101","name":"Lane"},"id":"20101"},{"arcs":[[-2705,-2741,-2735,-9202,-8253,-8517,-7494]],"type":"Polygon","properties":{"geoid":"21047","name":"Christian"},"id":"21047"},{"arcs":[[9211,-2897,-4805,-7258,-5476]],"type":"Polygon","properties":{"geoid":"21019","name":"Boyd"},"id":"21019"},{"arcs":[[9212,9213,-6916,-7333,-8482,-9136]],"type":"Polygon","properties":{"geoid":"36107","name":"Tioga"},"id":"36107"},{"arcs":[[-3250,9214,-8963,-3262,-4553,-8995,-3269]],"type":"Polygon","properties":{"geoid":"48049","name":"Brown"},"id":"48049"},{"arcs":[[9215,-8540,-7928,9216,9217]],"type":"Polygon","properties":{"geoid":"48483","name":"Wheeler"},"id":"48483"},{"arcs":[[-4657,-5975,-3877,9218,-8121,-712]],"type":"Polygon","properties":{"geoid":"49039","name":"Sanpete"},"id":"49039"},{"arcs":[[-8565,-5113]],"type":"Polygon","properties":{"geoid":"51570","name":"Colonial Heights"},"id":"51570"},{"arcs":[[-2733,-2738,-7255,9219,-5062,-9201]],"type":"Polygon","properties":{"geoid":"21141","name":"Logan"},"id":"21141"},{"arcs":[[-8680,-8209,-9019,-6908,-7650,-7647]],"type":"Polygon","properties":{"geoid":"26145","name":"Saginaw"},"id":"26145"},{"arcs":[[9220,9221,-7091,9222,-8152]],"type":"Polygon","properties":{"geoid":"27117","name":"Pipestone"},"id":"27117"},{"arcs":[[-8579,9223,-8950,-1168,-8872,-6310,9224,-8785]],"type":"Polygon","properties":{"geoid":"29215","name":"Texas"},"id":"29215"},{"arcs":[[9225,-6011,9226,-5857,-2243,-261,-8013]],"type":"Polygon","properties":{"geoid":"01123","name":"Tallapoosa"},"id":"01123"},{"arcs":[[9227]],"type":"Polygon","properties":{"geoid":"25019","name":"Nantucket"},"id":"25019"},{"arcs":[[9228,-8536,-8342,-3690,-8111]],"type":"Polygon","properties":{"geoid":"36019","name":"Clinton"},"id":"36019"},{"arcs":[[-4193,-955,-2573,-4617]],"type":"Polygon","properties":{"geoid":"13165","name":"Jenkins"},"id":"13165"},{"arcs":[[9229,-8450,-2605,9230,-7747,-6627,-16]],"type":"Polygon","properties":{"geoid":"13259","name":"Stewart"},"id":"13259"},{"arcs":[[-5273,-6623,9231,-7838]],"type":"Polygon","properties":{"geoid":"16065","name":"Madison"},"id":"16065"},{"arcs":[[9232,-3054,-7722,-5701,-7682,-3073]],"type":"Polygon","properties":{"geoid":"13093","name":"Dooly"},"id":"13093"},{"arcs":[[-4941,-7702,-2600,-5349,-7704,9233]],"type":"Polygon","properties":{"geoid":"13175","name":"Laurens"},"id":"13175"},{"arcs":[[9234,9235,9236,9237,-1157,-8584]],"type":"Polygon","properties":{"geoid":"29115","name":"Linn"},"id":"29115"},{"arcs":[[-7224,-8975,9238,-9173,-6305,-7192]],"type":"Polygon","properties":{"geoid":"29043","name":"Christian"},"id":"29043"},{"arcs":[[-3379,-8919,9239,9240,-3368,9241]],"type":"Polygon","properties":{"geoid":"29141","name":"Morgan"},"id":"29141"},{"arcs":[[-8102,-5986,-9181,-7269,-4418,-7227]],"type":"Polygon","properties":{"geoid":"29075","name":"Gentry"},"id":"29075"},{"arcs":[[-8851,-3514,-8820,9242,9243]],"type":"Polygon","properties":{"geoid":"40119","name":"Payne"},"id":"40119"},{"arcs":[[9244,-9243,-8819,9245,-3517,-8751]],"type":"Polygon","properties":{"geoid":"40081","name":"Lincoln"},"id":"40081"},{"arcs":[[-5573,-3181,-7769,-3160,-3144]],"type":"Polygon","properties":{"geoid":"47015","name":"Cannon"},"id":"47015"},{"arcs":[[-9037,9246,-6495,-8213,9247,-6222,-5998,9248]],"type":"Polygon","properties":{"geoid":"47071","name":"Hardin"},"id":"47071"},{"arcs":[[-8141,9249,-5650,-9200,9250,-7596,-7770,-3067]],"type":"Polygon","properties":{"geoid":"13069","name":"Coffee"},"id":"13069"},{"arcs":[[-7354,-5842,-8884,-8873,9251,9252]],"type":"Polygon","properties":{"geoid":"30037","name":"Golden Valley"},"id":"30037"},{"arcs":[[9253,-7734,-3824,-6431,-8400,9254,-7728,-3987]],"type":"Polygon","properties":{"geoid":"56009","name":"Converse"},"id":"56009"},{"arcs":[[-6658,-233,-6004,-8051,9255,-6681]],"type":"Polygon","properties":{"geoid":"04003","name":"Cochise"},"id":"04003"},{"arcs":[[-9179,-6313,-8048,-6789,9256,-8495]],"type":"Polygon","properties":{"geoid":"05049","name":"Fulton"},"id":"05049"},{"arcs":[[9257,-3524,9258,-3526,-6348,-8798]],"type":"Polygon","properties":{"geoid":"40051","name":"Grady"},"id":"40051"},{"arcs":[[-4555,-1466,-7535,9259,-6512]],"type":"Polygon","properties":{"geoid":"48299","name":"Llano"},"id":"48299"},{"arcs":[[-3204,-5583,-3212,-5413,-7536]],"type":"Polygon","properties":{"geoid":"48209","name":"Hays"},"id":"48209"},{"arcs":[[-8980,-6280,-8649,-6272,-4696,-8904,9260]],"type":"Polygon","properties":{"geoid":"31053","name":"Dodge"},"id":"31053"},{"arcs":[[-6303,-8653,-6163,-8223,-6276,-8979,-5901]],"type":"Polygon","properties":{"geoid":"31173","name":"Thurston"},"id":"31173"},{"arcs":[[-7306,-4307,-2584,-4937,-7771,-5208]],"type":"Polygon","properties":{"geoid":"13211","name":"Morgan"},"id":"13211"},{"arcs":[[-8361,-8266,-7550,-7207,-8358,9261]],"type":"Polygon","properties":{"geoid":"17141","name":"Ogle"},"id":"17141"},{"arcs":[[-8431,9262,-4035,-920]],"type":"Polygon","properties":{"geoid":"12035","name":"Flagler"},"id":"12035"},{"arcs":[[9263,-2615,-2596,9264,-5591,-6110]],"type":"Polygon","properties":{"geoid":"13087","name":"Decatur"},"id":"13087"},{"arcs":[[9265,-8362,-9262,-8357,-225,-9189]],"type":"Polygon","properties":{"geoid":"17015","name":"Carroll"},"id":"17015"},{"arcs":[[-7610,9266,-5788,9267,-4653,-8999]],"type":"Polygon","properties":{"geoid":"48191","name":"Hall"},"id":"48191"},{"arcs":[[9268,-8674,-5418,-9048]],"type":"Polygon","properties":{"geoid":"48235","name":"Irion"},"id":"48235"},{"arcs":[[-8964,-8569,9269,-7574,-6444,9270]],"type":"Polygon","properties":{"geoid":"48033","name":"Borden"},"id":"48033"},{"arcs":[[-8122,-9219,-3880,-4593,-9050,-6534]],"type":"Polygon","properties":{"geoid":"49041","name":"Sevier"},"id":"49041"},{"arcs":[[-6536,-1533,-4281,-6787,-8658]],"type":"Polygon","properties":{"geoid":"49021","name":"Iron"},"id":"49021"},{"arcs":[[-8341,-6540,9271,-9041,-7104]],"type":"Polygon","properties":{"geoid":"50023","name":"Washington"},"id":"50023"},{"arcs":[[-9062,-6053,-6546,-1692]],"type":"Polygon","properties":{"geoid":"12133","name":"Washington"},"id":"12133"},{"arcs":[[-3403,-8958,-3405,9272,-8650]],"type":"Polygon","properties":{"geoid":"31017","name":"Brown"},"id":"31017"},{"arcs":[[-8625,-438,-6742,-1871,-9060]],"type":"Polygon","properties":{"geoid":"31105","name":"Kimball"},"id":"31105"},{"arcs":[[-5776,-6974,-2518,-2510,-7422,-8178]],"type":"Polygon","properties":{"geoid":"33013","name":"Merrimack"},"id":"33013"},{"arcs":[[-7244,-3810,-7366,-9166,9273,-9116]],"type":"Polygon","properties":{"geoid":"17025","name":"Clay"},"id":"17025"},{"arcs":[[-7752,-8283,-8476,-2164,-7016]],"type":"Polygon","properties":{"geoid":"17087","name":"Johnson"},"id":"17087"},{"arcs":[[-8524,-6843,-9115]],"type":"Polygon","properties":{"geoid":"17155","name":"Putnam"},"id":"17155"},{"arcs":[[9274,9275,-8100,-8081,9276]],"type":"Polygon","properties":{"geoid":"19145","name":"Page"},"id":"19145"},{"arcs":[[-8269,-5727,9277,-9187,9278,-7823]],"type":"Polygon","properties":{"geoid":"19061","name":"Dubuque"},"id":"19061"},{"arcs":[[-7027,-7079,-6124,-537,-8007,-8407]],"type":"Polygon","properties":{"geoid":"20035","name":"Cowley"},"id":"20035"},{"arcs":[[-7303,9279,-7618,-6589,-6099,-9090]],"type":"Polygon","properties":{"geoid":"13223","name":"Paulding"},"id":"13223"},{"arcs":[[-968,-9234,-7703,-7721,-3052]],"type":"Polygon","properties":{"geoid":"13023","name":"Bleckley"},"id":"13023"},{"arcs":[[-600,-8193,-6767,9280,9281]],"type":"Polygon","properties":{"geoid":"46045","name":"Edmunds"},"id":"46045"},{"arcs":[[-7676,-6394,9282,-8146,-593,-4266,-7681,-7670]],"type":"Polygon","properties":{"geoid":"46067","name":"Hutchinson"},"id":"46067"},{"arcs":[[-6769,-6355,-5738,-5393,9283,-6359]],"type":"Polygon","properties":{"geoid":"46059","name":"Hand"},"id":"46059"},{"arcs":[[-8052,-3431,-8891,9284,9285,9286,-1789]],"type":"Polygon","properties":{"geoid":"35006","name":"Cibola"},"id":"35006"},{"arcs":[[-8889,9287,-8911,9288,-6975,9289,9290]],"type":"Polygon","properties":{"geoid":"35057","name":"Torrance"},"id":"35057"},{"arcs":[[-3666,9291,-3426,9292,-3428]],"type":"Polygon","properties":{"geoid":"35028","name":"Los Alamos"},"id":"35028"},{"arcs":[[-6832,9293,-6148,-7886,-5708,-7884]],"type":"Polygon","properties":{"geoid":"18079","name":"Jennings"},"id":"18079"},{"arcs":[[9294,-2209,-2205,-6893,-7785]],"type":"Polygon","properties":{"geoid":"18041","name":"Fayette"},"id":"18041"},{"arcs":[[-6831,-6896,9295,-6152,9296,-6142,-9294]],"type":"Polygon","properties":{"geoid":"18137","name":"Ripley"},"id":"18137"},{"arcs":[[-9207,-7461,-7803,-9024,-4292,-6044]],"type":"Polygon","properties":{"geoid":"18121","name":"Parke"},"id":"18121"},{"arcs":[[[-8064,-7960,-8257,-7832,-2438]],[[-7831,-2440]]],"type":"MultiPolygon","properties":{"geoid":"21075","name":"Fulton"},"id":"21075"},{"arcs":[[-7089,9297,-8001,9298,9299,9300]],"type":"Polygon","properties":{"geoid":"27105","name":"Nobles"},"id":"27105"},{"arcs":[[-8864,-8023,-288,-2284,-8898]],"type":"Polygon","properties":{"geoid":"28113","name":"Pike"},"id":"28113"},{"arcs":[[-8188,-1378,-1379,-3821,-7739]],"type":"Polygon","properties":{"geoid":"46081","name":"Lawrence"},"id":"46081"},{"arcs":[[9301,-5396,-7668,-4263,-1388]],"type":"Polygon","properties":{"geoid":"46015","name":"Brule"},"id":"46015"},{"arcs":[[9302,-9281,-6770,-6357,-6771,-3128]],"type":"Polygon","properties":{"geoid":"46107","name":"Potter"},"id":"46107"},{"arcs":[[9303,-6375,9304,-9213,-9135,-8914]],"type":"Polygon","properties":{"geoid":"36109","name":"Tompkins"},"id":"36109"},{"arcs":[[-4457,-3448,-3452,-6914,-9214,-9305,-6374]],"type":"Polygon","properties":{"geoid":"36023","name":"Cortland"},"id":"36023"},{"arcs":[[-6918,-6376,-9304,-8913,-1230,-6579]],"type":"Polygon","properties":{"geoid":"36099","name":"Seneca"},"id":"36099"},{"arcs":[[-7779,9305,-6901,-9010,-1018]],"type":"Polygon","properties":{"geoid":"18101","name":"Martin"},"id":"18101"},{"arcs":[[-2197,-6151,-6881,-7783,9306,9307,-8380]],"type":"Polygon","properties":{"geoid":"18073","name":"Jasper"},"id":"18073"},{"arcs":[[9308,-7811,-9087,-4334,9309,9310]],"type":"Polygon","properties":{"geoid":"19153","name":"Polk"},"id":"19153"},{"arcs":[[-7882,-6503,-7603,9311,-6386,-5407]],"type":"Polygon","properties":{"geoid":"48309","name":"McLennan"},"id":"48309"},{"arcs":[[-7504,9312,-6423,-7881,-5405,9313,9314]],"type":"Polygon","properties":{"geoid":"48251","name":"Johnson"},"id":"48251"},{"arcs":[[-8402,-6507,-3288,-7606,-8675,-9269,-9047]],"type":"Polygon","properties":{"geoid":"48451","name":"Tom Green"},"id":"48451"},{"arcs":[[-8574,-5586,9315,-6413,-8962,-9215,-3249]],"type":"Polygon","properties":{"geoid":"48133","name":"Eastland"},"id":"48133"},{"arcs":[[-7570,-4578,-5415,-3281,9316,-7498]],"type":"Polygon","properties":{"geoid":"48285","name":"Lavaca"},"id":"48285"},{"arcs":[[-7879,-6384,-6453,-1445,-6420,9317]],"type":"Polygon","properties":{"geoid":"48113","name":"Dallas"},"id":"48113"},{"arcs":[[-5578,-7541,-9206,-8993,-5850,9318,-7508]],"type":"Polygon","properties":{"geoid":"48013","name":"Atascosa"},"id":"48013"},{"arcs":[[-3498,-4712,-1948,-502,-3502,9319,-6632]],"type":"Polygon","properties":{"geoid":"38063","name":"Nelson"},"id":"38063"},{"arcs":[[-8295,-6630,-3495,-6669,-1952,-3710]],"type":"Polygon","properties":{"geoid":"38061","name":"Mountrail"},"id":"38061"},{"arcs":[[-6671,-8614,-4484,-5093,9320,-7098,-1647]],"type":"Polygon","properties":{"geoid":"38089","name":"Stark"},"id":"38089"},{"arcs":[[-2661,9321,-9311,-7890,-7841]],"type":"Polygon","properties":{"geoid":"19049","name":"Dallas"},"id":"19049"},{"arcs":[[-1024,-7854,-5712,-7850]],"type":"Polygon","properties":{"geoid":"19021","name":"Buena Vista"},"id":"19021"},{"arcs":[[-9084,-6992,-7812,-9309,-9322,-2660]],"type":"Polygon","properties":{"geoid":"19015","name":"Boone"},"id":"19015"},{"arcs":[[9322,-1025,-7849,-6166]],"type":"Polygon","properties":{"geoid":"19141","name":"O'Brien"},"id":"19141"},{"arcs":[[-9127,-7894,-9083,-7852]],"type":"Polygon","properties":{"geoid":"19091","name":"Humboldt"},"id":"19091"},{"arcs":[[-9268,-5787,-7966,-1513,-4142,-4654]],"type":"Polygon","properties":{"geoid":"48101","name":"Cottle"},"id":"48101"},{"arcs":[[-5255,-693,-4631,-3219]],"type":"Polygon","properties":{"geoid":"48183","name":"Gregg"},"id":"48183"},{"arcs":[[-6517,-6488,-3292,-1503]],"type":"Polygon","properties":{"geoid":"48233","name":"Hutchinson"},"id":"48233"},{"arcs":[[-8577,9323,-6478,-651,-670]],"type":"Polygon","properties":{"geoid":"48127","name":"Dimmit"},"id":"48127"},{"arcs":[[-5746,-4561,-5584,-8573,-6480]],"type":"Polygon","properties":{"geoid":"48447","name":"Throckmorton"},"id":"48447"},{"arcs":[[-7920,-8033,9324,-7531,-6467,-8320]],"type":"Polygon","properties":{"geoid":"48337","name":"Montague"},"id":"48337"},{"arcs":[[-4637,-698,-1491,-1485,-3258,-3240]],"type":"Polygon","properties":{"geoid":"48159","name":"Franklin"},"id":"48159"},{"arcs":[[-4641,-8966,9325,-8519,-8095]],"type":"Polygon","properties":{"geoid":"48445","name":"Terry"},"id":"48445"},{"arcs":[[9326,9327,-6668,-5977,-8745,-3490]],"type":"Polygon","properties":{"geoid":"38083","name":"Sheridan"},"id":"38083"},{"arcs":[[-6730,9328,9329,-4486,-6753]],"type":"Polygon","properties":{"geoid":"39091","name":"Logan"},"id":"39091"},{"arcs":[[-6696,-6700,9330,9331,-8692,-8769]],"type":"Polygon","properties":{"geoid":"39063","name":"Hancock"},"id":"39063"},{"arcs":[[9332,9333,-8436,-7156,-1957,9334]],"type":"Polygon","properties":{"geoid":"39121","name":"Noble"},"id":"39121"},{"arcs":[[-4963,-7172,-7474,-7127,-4341,9335]],"type":"Polygon","properties":{"geoid":"20051","name":"Ellis"},"id":"20051"},{"arcs":[[-7074,-7083,-7913,9336,9337,-7476]],"type":"Polygon","properties":{"geoid":"20143","name":"Ottawa"},"id":"20143"},{"arcs":[[-9337,-7915,-2675,-7123,9338]],"type":"Polygon","properties":{"geoid":"20169","name":"Saline"},"id":"20169"},{"arcs":[[-9095,-2678,9339,-7468,-9092,-7042,9340]],"type":"Polygon","properties":{"geoid":"20155","name":"Reno"},"id":"20155"},{"arcs":[[-7477,-9338,-9339,-7122,-7472,-7170]],"type":"Polygon","properties":{"geoid":"20105","name":"Lincoln"},"id":"20105"},{"arcs":[[-7381,9341,9342,-8185,-7737,-8106]],"type":"Polygon","properties":{"geoid":"30011","name":"Carter"},"id":"30011"},{"arcs":[[-4428,-7357,-8886,9343,-7379,-4694]],"type":"Polygon","properties":{"geoid":"30079","name":"Prairie"},"id":"30079"},{"arcs":[[9344,-8981,-9261,-8903,-6863]],"type":"Polygon","properties":{"geoid":"31037","name":"Colfax"},"id":"31037"},{"arcs":[[9345,-3409,-8596,-8930,-8929,9346,-8983,-8587,9347]],"type":"Polygon","properties":{"geoid":"31041","name":"Custer"},"id":"31041"},{"arcs":[[-5742,-8961,-9049,-5416,-3230]],"type":"Polygon","properties":{"geoid":"48461","name":"Upton"},"id":"48461"},{"arcs":[[-7509,-9319,-6477,-9324,-8576]],"type":"Polygon","properties":{"geoid":"48163","name":"Frio"},"id":"48163"},{"arcs":[[-6487,-9218,-7608,-3294]],"type":"Polygon","properties":{"geoid":"48179","name":"Gray"},"id":"48179"},{"arcs":[[9348,-9314,-5404,-6416]],"type":"Polygon","properties":{"geoid":"48425","name":"Somervell"},"id":"48425"},{"arcs":[[-6785,-8058,-8541,-9216,-6486]],"type":"Polygon","properties":{"geoid":"48211","name":"Hemphill"},"id":"48211"},{"arcs":[[-5894,-1460,-8566,-7512]],"type":"Polygon","properties":{"geoid":"48107","name":"Crosby"},"id":"48107"},{"arcs":[[-4144,-6482,-6460,-8997,9349]],"type":"Polygon","properties":{"geoid":"48433","name":"Stonewall"},"id":"48433"},{"arcs":[[9350,-3327,-7001,-8743,-9149]],"type":"Polygon","properties":{"geoid":"27121","name":"Pope"},"id":"27121"},{"arcs":[[-8660,-4489,9351,-8721,9352]],"type":"Polygon","properties":{"geoid":"39023","name":"Clark"},"id":"39023"},{"arcs":[[-9015,-8634,-8690,-8433,-9334,9353]],"type":"Polygon","properties":{"geoid":"39059","name":"Guernsey"},"id":"39059"},{"arcs":[[-9031,-8665,-8667,-1282,-9013,-6702,9354]],"type":"Polygon","properties":{"geoid":"39005","name":"Ashland"},"id":"39005"},{"arcs":[[9355,-5097,-8720,-8766,9356,-4487,-9330]],"type":"Polygon","properties":{"geoid":"39159","name":"Union"},"id":"39159"},{"arcs":[[-7113,-1030,9357,9358,-7119,9359]],"type":"Polygon","properties":{"geoid":"20031","name":"Coffey"},"id":"20031"},{"arcs":[[-9210,-7034,-9211,-7036,-7069,-7486]],"type":"Polygon","properties":{"geoid":"20171","name":"Scott"},"id":"20171"},{"arcs":[[-7900,-7979,-8753,-7902,-9094]],"type":"Polygon","properties":{"geoid":"20087","name":"Jefferson"},"id":"20087"},{"arcs":[[-8291,-9129,9360,-7030,9361]],"type":"Polygon","properties":{"geoid":"20179","name":"Sheridan"},"id":"20179"},{"arcs":[[-6803,-245,-7487,-7173,-5877,-6739]],"type":"Polygon","properties":{"geoid":"20071","name":"Greeley"},"id":"20071"},{"arcs":[[-6875,-9158,-6871,-8131,9362,9363,-3648]],"type":"Polygon","properties":{"geoid":"31181","name":"Webster"},"id":"31181"},{"arcs":[[-9347,-8928,-8925,9364,-9159,-6873,-7384,-8984]],"type":"Polygon","properties":{"geoid":"31019","name":"Buffalo"},"id":"31019"},{"arcs":[[-8956,-6286,-9012,-8655,9365]],"type":"Polygon","properties":{"geoid":"31013","name":"Box Butte"},"id":"31013"},{"arcs":[[9366,9367,-4671,-8782,-8762]],"type":"Polygon","properties":{"geoid":"27159","name":"Wadena"},"id":"27159"},{"arcs":[[9368,9369,9370,-3359]],"type":"Polygon","properties":{"geoid":"28099","name":"Neshoba"},"id":"28099"},{"arcs":[[-8882,9371,-8867,-8835,9372]],"type":"Polygon","properties":{"geoid":"28065","name":"Jefferson Davis"},"id":"28065"},{"arcs":[[-1149,-8834,9373,-4679,9374]],"type":"Polygon","properties":{"geoid":"28115","name":"Pontotoc"},"id":"28115"},{"arcs":[[-3523,-8795,-8856,-8822,-3527,-9259]],"type":"Polygon","properties":{"geoid":"40049","name":"Garvin"},"id":"40049"},{"arcs":[[-4832,-8459,-9185,9375,-4719,-6338]],"type":"Polygon","properties":{"geoid":"40131","name":"Rogers"},"id":"40131"},{"arcs":[[-5879,-7175,-1046,-9191,-8404,-5871]],"type":"Polygon","properties":{"geoid":"20187","name":"Stanton"},"id":"20187"},{"arcs":[[-2761,-4376,-2773,-5556,-4367]],"type":"Polygon","properties":{"geoid":"21173","name":"Montgomery"},"id":"21173"},{"arcs":[[-7260,-7179,-6128,-6498,9376,-7643]],"type":"Polygon","properties":{"geoid":"21057","name":"Cumberland"},"id":"21057"},{"arcs":[[-8620,-8954,9377,-8920,-4447,-8907]],"type":"Polygon","properties":{"geoid":"31003","name":"Antelope"},"id":"31003"},{"arcs":[[-8177,-3417,-3411,-5190]],"type":"Polygon","properties":{"geoid":"32027","name":"Pershing"},"id":"32027"},{"arcs":[[-9293,-3425,-9292,-3665,-1217,-8912,-9288,-8888,-3429]],"type":"Polygon","properties":{"geoid":"35049","name":"Santa Fe"},"id":"35049"},{"arcs":[[9378,9379,-8841,-7145,-5753,-3342,-8871]],"type":"Polygon","properties":{"geoid":"28135","name":"Tallahatchie"},"id":"28135"},{"arcs":[[-9111,9380,-8943,-8843,-6334]],"type":"Polygon","properties":{"geoid":"29039","name":"Cedar"},"id":"29039"},{"arcs":[[-2460,-4909,9381,-7312,9382,-9237,9383]],"type":"Polygon","properties":{"geoid":"29001","name":"Adair"},"id":"29001"},{"arcs":[[-3370,9384,9385,-8951,-9224,-8578]],"type":"Polygon","properties":{"geoid":"29169","name":"Pulaski"},"id":"29169"},{"arcs":[[-8671,-3541,-1312,-6673,-8035]],"type":"Polygon","properties":{"geoid":"41071","name":"Yamhill"},"id":"41071"},{"arcs":[[-7162,-5458,-8071,-4491,-9195,-1997]],"type":"Polygon","properties":{"geoid":"41049","name":"Morrow"},"id":"41049"},{"arcs":[[-4872,-2315,-1087,-5359,-4989]],"type":"Polygon","properties":{"geoid":"22121","name":"West Baton Rouge"},"id":"22121"},{"arcs":[[-9099,9386,-2814,-4387,-4981]],"type":"Polygon","properties":{"geoid":"22049","name":"Jackson"},"id":"22049"},{"arcs":[[9387,9388,9389,9390,-6200,-8203,-8735]],"type":"Polygon","properties":{"geoid":"26075","name":"Jackson"},"id":"26075"},{"arcs":[[-8933,-6560,9391,-1219,-1891]],"type":"Polygon","properties":{"geoid":"36039","name":"Greene"},"id":"36039"},{"arcs":[[-8935,-5247,9392,-8931,-3443,-4708]],"type":"Polygon","properties":{"geoid":"36057","name":"Montgomery"},"id":"36057"},{"arcs":[[-9180,-6270,9393,-9235,-8583,-7267]],"type":"Polygon","properties":{"geoid":"29079","name":"Grundy"},"id":"29079"},{"arcs":[[-2461,-9384,-9236,-9394,-6269]],"type":"Polygon","properties":{"geoid":"29211","name":"Sullivan"},"id":"29211"},{"arcs":[[9394,-8616,-8946,9395,-9385,-3369,-9241]],"type":"Polygon","properties":{"geoid":"29131","name":"Miller"},"id":"29131"},{"arcs":[[-8971,-3380,-9242,-3374,-4685,9396]],"type":"Polygon","properties":{"geoid":"29015","name":"Benton"},"id":"29015"},{"arcs":[[-8702,-3550,-2027,-4734,9397,-6679]],"type":"Polygon","properties":{"geoid":"42011","name":"Berks"},"id":"42011"},{"arcs":[[-1320,9398,-6736,-4515,-5965]],"type":"Polygon","properties":{"geoid":"42087","name":"Mifflin"},"id":"42087"},{"arcs":[[-5526,9399,-5047,-6236,-8180]],"type":"Polygon","properties":{"geoid":"26095","name":"Luce"},"id":"26095"},{"arcs":[[-3314,-1117,-8676,-9148]],"type":"Polygon","properties":{"geoid":"26039","name":"Crawford"},"id":"26039"},{"arcs":[[-4399,9400,-5178,-7636,-6206,-7045,-5224]],"type":"Polygon","properties":{"geoid":"27037","name":"Dakota"},"id":"27037"},{"arcs":[[-6435,-8605,-6582,-8640,-1263]],"type":"Polygon","properties":{"geoid":"37197","name":"Yadkin"},"id":"37197"},{"arcs":[[-8682,-8638,9401,-9182,-9163]],"type":"Polygon","properties":{"geoid":"37063","name":"Durham"},"id":"37063"},{"arcs":[[-6344,-8852,-9244,-9245,-8750,-9025]],"type":"Polygon","properties":{"geoid":"40083","name":"Logan"},"id":"40083"},{"arcs":[[-9184,-8544,-8778,-4720,-9376]],"type":"Polygon","properties":{"geoid":"40097","name":"Mayes"},"id":"40097"},{"arcs":[[-6680,-9398,-4733,-3553]],"type":"Polygon","properties":{"geoid":"42075","name":"Lebanon"},"id":"42075"},{"arcs":[[-1580,-9152,-8384,-6565,-8429]],"type":"Polygon","properties":{"geoid":"51197","name":"Wythe"},"id":"51197"},{"arcs":[[-2829,-5448,-3905,-1562,-8548,-2909]],"type":"Polygon","properties":{"geoid":"51045","name":"Craig"},"id":"51045"},{"arcs":[[-5203]],"type":"Polygon","properties":{"geoid":"51660","name":"Harrisonburg"},"id":"51660"},{"arcs":[[-5172,-9401,-4398,9402]],"type":"Polygon","properties":{"geoid":"27123","name":"Ramsey"},"id":"27123"},{"arcs":[[-4669,-7051,9403,-1119]],"type":"Polygon","properties":{"geoid":"27035","name":"Crow Wing"},"id":"27035"},{"arcs":[[-2398,9404,9405,9406,-9367,-8761,-393]],"type":"Polygon","properties":{"geoid":"27005","name":"Becker"},"id":"27005"},{"arcs":[[-6607,-5253,-8607,9407,-3481,-3463]],"type":"Polygon","properties":{"geoid":"37191","name":"Wayne"},"id":"37191"},{"arcs":[[-9408,-8606,-5763,-467,-4465,-3482]],"type":"Polygon","properties":{"geoid":"37061","name":"Duplin"},"id":"37061"},{"arcs":[[-1319,-1331,9408,-3557,-6735,-9399]],"type":"Polygon","properties":{"geoid":"42119","name":"Union"},"id":"42119"},{"arcs":[[-7331,-8484,-4745,-6707,-8730,-3558,-9409,-1330,9409]],"type":"Polygon","properties":{"geoid":"42081","name":"Lycoming"},"id":"42081"},{"arcs":[[-9151,-8386]],"type":"Polygon","properties":{"geoid":"51640","name":"Galax"},"id":"51640"},{"arcs":[[-5926,-2892,-7214,-8072,-8069,-5671]],"type":"Polygon","properties":{"geoid":"53013","name":"Columbia"},"id":"53013"},{"arcs":[[-8371,-7718,-6614,-8354,9410]],"type":"Polygon","properties":{"geoid":"55087","name":"Outagamie"},"id":"55087"},{"arcs":[[-8759,9411,-5173,-9403,-4397,-7000]],"type":"Polygon","properties":{"geoid":"27003","name":"Anoka"},"id":"27003"},{"arcs":[[-7050,-1138,-8760,-6998,-7084,-1120,-9404]],"type":"Polygon","properties":{"geoid":"27095","name":"Mille Lacs"},"id":"27095"},{"arcs":[[-8741,9412,-9406,9413,-2389,-3334]],"type":"Polygon","properties":{"geoid":"27029","name":"Clearwater"},"id":"27029"},{"arcs":[[-1265,-8639,-8987,9414]],"type":"Polygon","properties":{"geoid":"37003","name":"Alexander"},"id":"37003"},{"arcs":[[-6634,9415,-8645,-6666]],"type":"Polygon","properties":{"geoid":"38031","name":"Foster"},"id":"38031"},{"arcs":[[-8647,-8611,-8644,9416,-8747,-6662]],"type":"Polygon","properties":{"geoid":"38045","name":"LaMoure"},"id":"38045"},{"arcs":[[-8279,-8712,-8514,-3501,-6665,-9328,9417]],"type":"Polygon","properties":{"geoid":"38069","name":"Pierce"},"id":"38069"},{"arcs":[[-4743,-9027,-8729,-4503,-9196,-6676,-6708]],"type":"Polygon","properties":{"geoid":"42079","name":"Luzerne"},"id":"42079"},{"arcs":[[-2604,-3077,-9102,-7748,-9231]],"type":"Polygon","properties":{"geoid":"13307","name":"Webster"},"id":"13307"},{"arcs":[[-8192,-8500,-8307,9418,-7672,9419,-6353]],"type":"Polygon","properties":{"geoid":"46037","name":"Day"},"id":"46037"},{"arcs":[[-8474,-8337,-9033,-4774]],"type":"Polygon","properties":{"geoid":"55077","name":"Marquette"},"id":"55077"},{"arcs":[[-1633,-8444,-5723,-2940,-7409]],"type":"Polygon","properties":{"geoid":"55103","name":"Richland"},"id":"55103"},{"arcs":[[-817,-6407,-3977]],"type":"Polygon","properties":{"geoid":"56017","name":"Hot Springs"},"id":"56017"},{"arcs":[[9420,-8044,-2407,-7140,-7136]],"type":"Polygon","properties":{"geoid":"28025","name":"Clay"},"id":"28025"},{"arcs":[[-7404,-6001,-7092,-1146,-3628]],"type":"Polygon","properties":{"geoid":"28139","name":"Tippah"},"id":"28139"},{"arcs":[[-2433,-8842,-9380,9421]],"type":"Polygon","properties":{"geoid":"28119","name":"Quitman"},"id":"28119"},{"arcs":[[-8698,9422,-6750,-1962,9423,9424]],"type":"Polygon","properties":{"geoid":"39073","name":"Hocking"},"id":"39073"},{"arcs":[[-9331,-6699,-3511,-5094,9425]],"type":"Polygon","properties":{"geoid":"39175","name":"Wyandot"},"id":"39175"},{"arcs":[[-6724,-6722,9426,-7200,-6756,-8632,-1278,-8666]],"type":"Polygon","properties":{"geoid":"39151","name":"Stark"},"id":"39151"},{"arcs":[[-6393,-8561,-8118,-8497,-8147,-9283]],"type":"Polygon","properties":{"geoid":"46125","name":"Turner"},"id":"46125"},{"arcs":[[-1383,-8311,-9034,-6426,-3822]],"type":"Polygon","properties":{"geoid":"46033","name":"Custer"},"id":"46033"},{"arcs":[[-6360,-9284,-5397,-9302,-1387]],"type":"Polygon","properties":{"geoid":"46017","name":"Buffalo"},"id":"46017"},{"arcs":[[9427,-5675,-2173,-4109,-2188,9428,-7557]],"type":"Polygon","properties":{"geoid":"17193","name":"White"},"id":"17193"},{"arcs":[[-2646,-7937,-8800,-2190]],"type":"Polygon","properties":{"geoid":"18043","name":"Floyd"},"id":"18043"},{"arcs":[[-8259,-8381,-9308,9429,-6888,-7967,9430]],"type":"Polygon","properties":{"geoid":"18007","name":"Benton"},"id":"18007"},{"arcs":[[-3361,9431,-7130,-3350,-4409]],"type":"Polygon","properties":{"geoid":"28123","name":"Scott"},"id":"28123"},{"arcs":[[-3360,-9371,9432,-7146,-9432]],"type":"Polygon","properties":{"geoid":"28101","name":"Newton"},"id":"28101"},{"arcs":[[-9383,-7311,-8847,-7274,-7270,-1158,-9238]],"type":"Polygon","properties":{"geoid":"29121","name":"Macon"},"id":"29121"},{"arcs":[[-8974,-8786,-9225,-6309,-9178,-9174,-9239]],"type":"Polygon","properties":{"geoid":"29067","name":"Douglas"},"id":"29067"},{"arcs":[[9433,-8699,-9425,9434,-4714,-8771,9435]],"type":"Polygon","properties":{"geoid":"39141","name":"Ross"},"id":"39141"},{"arcs":[[-5606,-9032,-9355,-6701,-3507,-6698,-7917]],"type":"Polygon","properties":{"geoid":"39077","name":"Huron"},"id":"39077"},{"arcs":[[9436,-8700,-9434,9437,-8726,-8723]],"type":"Polygon","properties":{"geoid":"39047","name":"Fayette"},"id":"39047"},{"arcs":[[-8273,-8512,-9103,-8186,-9343,9438]],"type":"Polygon","properties":{"geoid":"46063","name":"Harding"},"id":"46063"},{"arcs":[[-1410,-7766,-7400,-8214,-5694,-5402]],"type":"Polygon","properties":{"geoid":"47075","name":"Haywood"},"id":"47075"},{"arcs":[[-6250,9439,9440,-6838,-7455,9441,-7970]],"type":"Polygon","properties":{"geoid":"18039","name":"Elkhart"},"id":"18039"},{"arcs":[[9442,-7235,-3716,-7973,-6835]],"type":"Polygon","properties":{"geoid":"18033","name":"DeKalb"},"id":"18033"},{"arcs":[[-942,9443,-8024,-4299,-3061]],"type":"Polygon","properties":{"geoid":"13063","name":"Clayton"},"id":"13063"},{"arcs":[[-8027,9444,-7444,-7441,-9101]],"type":"Polygon","properties":{"geoid":"13171","name":"Lamar"},"id":"13171"},{"arcs":[[-8764,-8783,-3320,-9351,-8756]],"type":"Polygon","properties":{"geoid":"27041","name":"Douglas"},"id":"27041"},{"arcs":[[-8881,-7133,-8839,-7184,-8868,-9372]],"type":"Polygon","properties":{"geoid":"28031","name":"Covington"},"id":"28031"},{"arcs":[[9445,-5641,-2456,-5333,-7313,-8968,9446]],"type":"Polygon","properties":{"geoid":"29071","name":"Franklin"},"id":"29071"},{"arcs":[[-6024,-7063,-7060,-8234,-6258,-9143]],"type":"Polygon","properties":{"geoid":"17001","name":"Adams"},"id":"17001"},{"arcs":[[-8365]],"type":"Polygon","properties":{"geoid":"51690","name":"Martinsville"},"id":"51690"},{"arcs":[[-2954,-7735,-9254,-3986,-6406,-3983]],"type":"Polygon","properties":{"geoid":"56019","name":"Johnson"},"id":"56019"},{"arcs":[[-8804,-7992,-7205,-7995,-4363,-7622]],"type":"Polygon","properties":{"geoid":"21191","name":"Pendleton"},"id":"21191"},{"arcs":[[-8707,-6913,9447,9448]],"type":"Polygon","properties":{"geoid":"26107","name":"Mecosta"},"id":"26107"},{"arcs":[[-4898,-8972,-9397,-4684,-8941,-9381,-9110]],"type":"Polygon","properties":{"geoid":"29185","name":"St. Clair"},"id":"29185"},{"arcs":[[-1185,-7355,-9253,9449,-6314]],"type":"Polygon","properties":{"geoid":"30097","name":"Sweet Grass"},"id":"30097"},{"arcs":[[-9161,9450,-6782,-8312,-9194,9451,-8894]],"type":"Polygon","properties":{"geoid":"35041","name":"Roosevelt"},"id":"35041"},{"arcs":[[-8944,-8813,9452,-9447,-8970,-8948,9453]],"type":"Polygon","properties":{"geoid":"29073","name":"Gasconade"},"id":"29073"},{"arcs":[[-9252,-8875,-3643,-6315,-9450]],"type":"Polygon","properties":{"geoid":"30095","name":"Stillwater"},"id":"30095"},{"arcs":[[-5241,9454,-9348,-8586,-8592]],"type":"Polygon","properties":{"geoid":"31113","name":"Logan"},"id":"31113"},{"arcs":[[-1790,-9287,9455,-3439,-4821,-6002]],"type":"Polygon","properties":{"geoid":"35003","name":"Catron"},"id":"35003"},{"arcs":[[-6539,-8323,-3784,-5773,-9042,-9272]],"type":"Polygon","properties":{"geoid":"50005","name":"Caledonia"},"id":"50005"},{"arcs":[[9456,-8858,9457,-6834,-9441]],"type":"Polygon","properties":{"geoid":"18087","name":"LaGrange"},"id":"18087"},{"arcs":[[-8727,-9438,-9436,-8773,-7151,-8716]],"type":"Polygon","properties":{"geoid":"39071","name":"Highland"},"id":"39071"},{"arcs":[[-7926,-1303,-8532,-6645]],"type":"Polygon","properties":{"geoid":"40055","name":"Greer"},"id":"40055"},{"arcs":[[-240,-6171,-7873,-2654,9458]],"type":"Polygon","properties":{"geoid":"19033","name":"Cerro Gordo"},"id":"19033"},{"arcs":[[-1822,9459,-6229,-7829,-7431,-6683]],"type":"Polygon","properties":{"geoid":"05083","name":"Logan"},"id":"05083"},{"arcs":[[-7465,-7456,-5513,-7453,-2635,9460]],"type":"Polygon","properties":{"geoid":"18169","name":"Wabash"},"id":"18169"},{"arcs":[[-5751,-7053,-8807,-4660,-8765]],"type":"Polygon","properties":{"geoid":"27085","name":"McLeod"},"id":"27085"},{"arcs":[[-1707,-4612,-934,-1696,-1697,-97]],"type":"Polygon","properties":{"geoid":"12067","name":"Lafayette"},"id":"12067"},{"arcs":[[-6491,-8967,-7572,-7510,-8575,-7428]],"type":"Polygon","properties":{"geoid":"48463","name":"Uvalde"},"id":"48463"},{"arcs":[[-6633,-9320,-3505,-8609,-8646,-9416]],"type":"Polygon","properties":{"geoid":"38039","name":"Griggs"},"id":"38039"},{"arcs":[[-2076,-9154,-1768,-8754,-7983,9461]],"type":"Polygon","properties":{"geoid":"01083","name":"Limestone"},"id":"01083"},{"arcs":[[-5546,-994,-7840,9462,-2158,-4319,-997]],"type":"Polygon","properties":{"geoid":"16011","name":"Bingham"},"id":"16011"},{"arcs":[[-8568,9463,-8998,-7575,-9270]],"type":"Polygon","properties":{"geoid":"48415","name":"Scurry"},"id":"48415"},{"arcs":[[-8901,-7141,-2428,9464,-9369,-4677]],"type":"Polygon","properties":{"geoid":"28159","name":"Winston"},"id":"28159"},{"arcs":[[-9344,-8885,-8508,-7102,-8274,-9439,-9342,-7380]],"type":"Polygon","properties":{"geoid":"30025","name":"Fallon"},"id":"30025"},{"arcs":[[-8669,9465,-8855,-4725,-8056]],"type":"Polygon","properties":{"geoid":"40153","name":"Woodward"},"id":"40153"},{"arcs":[[-8738,-8859,-9457,-9440,-6249]],"type":"Polygon","properties":{"geoid":"26149","name":"St. Joseph"},"id":"26149"},{"arcs":[[-8204,-7236,-9443,-9458,-8857]],"type":"Polygon","properties":{"geoid":"18151","name":"Steuben"},"id":"18151"},{"arcs":[[-5856,-1735,-8451,-9230,-15,-6233,-2245]],"type":"Polygon","properties":{"geoid":"01113","name":"Russell"},"id":"01113"},{"arcs":[[-4072,-2959,9466]],"type":"Polygon","properties":{"geoid":"02185","name":"North Slope"},"id":"02185"},{"arcs":[[-4863,-6133,-2192,-8803,-4353,-2698,-5358,-2766,-2700]],"type":"Polygon","properties":{"geoid":"21093","name":"Hardin"},"id":"21093"},{"arcs":[[9467,-9156,-390,9468,-5012]],"type":"Polygon","properties":{"geoid":"26053","name":"Gogebic"},"id":"26053"},{"arcs":[[-1301,-6350,-8877,-9169,9469,-8533]],"type":"Polygon","properties":{"geoid":"40141","name":"Tillman"},"id":"40141"},{"arcs":[[-5838,-4866,-2072,-5099,-1418,-5294]],"type":"Polygon","properties":{"geoid":"47013","name":"Campbell"},"id":"47013"},{"arcs":[[-5368,-1546,-3892,-5200,-5590]],"type":"Polygon","properties":{"geoid":"51171","name":"Shenandoah"},"id":"51171"},{"arcs":[[-387,9470,-807,9471]],"type":"Polygon","properties":{"geoid":"55037","name":"Florence"},"id":"55037"},{"arcs":[[-3040,-6545,-8466,-8464,-6827,-3034]],"type":"Polygon","properties":{"geoid":"12093","name":"Okeechobee"},"id":"12093"},{"arcs":[[-9098,-4807,-2812,-6847,-2815,-9387]],"type":"Polygon","properties":{"geoid":"22073","name":"Ouachita"},"id":"22073"},{"arcs":[[-1172,-5233,-1196,-1176,9472,-3388,-1197]],"type":"Polygon","properties":{"geoid":"30043","name":"Jefferson"},"id":"30043"},{"arcs":[[-6594,-1266,-9415,-8986,-3454,-7056]],"type":"Polygon","properties":{"geoid":"37027","name":"Caldwell"},"id":"37027"},{"arcs":[[-1443,-4645,-3222,-3257,-1432,-4646,-5100,-6421]],"type":"Polygon","properties":{"geoid":"48213","name":"Henderson"},"id":"48213"},{"arcs":[[-1609,-3800,-4757,-8443,-5924,-5454,-5813,-3939]],"type":"Polygon","properties":{"geoid":"53025","name":"Grant"},"id":"53025"},{"arcs":[[-941,-8030,-5211,9473,-8025,-9444]],"type":"Polygon","properties":{"geoid":"13151","name":"Henry"},"id":"13151"},{"arcs":[[-5106,-3237,-5895,-7511,-7569]],"type":"Polygon","properties":{"geoid":"48189","name":"Hale"},"id":"48189"},{"arcs":[[-4239,-8770,-8694,-6727,-7231,-9125,-7974]],"type":"Polygon","properties":{"geoid":"39161","name":"Van Wert"},"id":"39161"},{"arcs":[[-8560,9474,-9300,9475,-6165,-8116]],"type":"Polygon","properties":{"geoid":"19119","name":"Lyon"},"id":"19119"},{"arcs":[[9476,-6012,-9226,-8012,-2235]],"type":"Polygon","properties":{"geoid":"01027","name":"Clay"},"id":"01027"},{"arcs":[[-6241,9477,-9002,9478]],"type":"Polygon","properties":{"geoid":"26127","name":"Oceana"},"id":"26127"},{"arcs":[[-9197,-7377,-4311,-171,-7746,-944,-5731,-8138]],"type":"Polygon","properties":{"geoid":"13139","name":"Hall"},"id":"13139"},{"arcs":[[-9442,-7454,-7464,-6879,-7971]],"type":"Polygon","properties":{"geoid":"18099","name":"Marshall"},"id":"18099"},{"arcs":[[-3389,-9473,-1181,-5271,-422]],"type":"Polygon","properties":{"geoid":"30057","name":"Madison"},"id":"30057"},{"arcs":[[-5160,-7707,9479,-5665,-724,-3932]],"type":"Polygon","properties":{"geoid":"51073","name":"Gloucester"},"id":"51073"},{"arcs":[[-8077,9480,-7700,-5174,-9412,-8758]],"type":"Polygon","properties":{"geoid":"27025","name":"Chisago"},"id":"27025"},{"arcs":[[-8772,-4718,9481,-5474,-2272,-7153]],"type":"Polygon","properties":{"geoid":"39145","name":"Scioto"},"id":"39145"},{"arcs":[[9482,-811,9483,-7713,9484,-7715,-8370,-8471,9485]],"type":"Polygon","properties":{"geoid":"55083","name":"Oconto"},"id":"55083"},{"arcs":[[-8388,-2837]],"type":"Polygon","properties":{"geoid":"51685","name":"Manassas Park"},"id":"51685"},{"arcs":[[-8331,-8390,-9058,-7589,-7617,-8374]],"type":"Polygon","properties":{"geoid":"55133","name":"Waukesha"},"id":"55133"},{"arcs":[[-6398,-8394,-8349,-4771,-3968,-8375]],"type":"Polygon","properties":{"geoid":"55141","name":"Wood"},"id":"55141"},{"arcs":[[-19,-6574,-6575,-8,-6125]],"type":"Polygon","properties":{"geoid":"01067","name":"Henry"},"id":"01067"},{"arcs":[[9486,-7554,-9052,-5372,-8219,-8078,-2451,-5640,-8287]],"type":"Polygon","properties":{"geoid":"17119","name":"Madison"},"id":"17119"},{"arcs":[[-8226,9487,9488,-6319,-6298]],"type":"Polygon","properties":{"geoid":"19129","name":"Mills"},"id":"19129"},{"arcs":[[-8344,-5382,-5014,9489,-6405,9490,-8469,-3973]],"type":"Polygon","properties":{"geoid":"55099","name":"Price"},"id":"55099"},{"arcs":[[-8910,-9162,-8892,-6976,-9289]],"type":"Polygon","properties":{"geoid":"35019","name":"Guadalupe"},"id":"35019"},{"arcs":[[-9321,-5092,-8510,-7099]],"type":"Polygon","properties":{"geoid":"38041","name":"Hettinger"},"id":"38041"},{"arcs":[[-9016,-9354,-9333,9491,-6748,-8687]],"type":"Polygon","properties":{"geoid":"39119","name":"Muskingum"},"id":"39119"},{"arcs":[[-9424,-1967,-9029,-8299,-4715,-9435]],"type":"Polygon","properties":{"geoid":"39163","name":"Vinton"},"id":"39163"},{"arcs":[[-4727,-3536,-8796,9492,-7924,-8539]],"type":"Polygon","properties":{"geoid":"40039","name":"Custer"},"id":"40039"},{"arcs":[[-1857,9494]],"type":"Polygon","properties":{"geoid":"06075","name":"San Francisco"},"id":"06075"},{"arcs":[[-7965,-8534,-9470,-9170,-5744,-1509]],"type":"Polygon","properties":{"geoid":"48487","name":"Wilbarger"},"id":"48487"},{"arcs":[[9496,-28,-4777,9497,-9433]],"type":"Polygon","properties":{"geoid":"28075","name":"Lauderdale"},"id":"28075"},{"arcs":[[-4103,-9122,-6263,-7308,-9382,-4908]],"type":"Polygon","properties":{"geoid":"29199","name":"Scotland"},"id":"29199"},{"arcs":[[-8598,-8978,-8135,-7488,-6290]],"type":"Polygon","properties":{"geoid":"31087","name":"Hitchcock"},"id":"31087"},{"arcs":[[-8378,-220,-7232,-6755,-8662,9498,-8418,-2207]],"type":"Polygon","properties":{"geoid":"39037","name":"Darke"},"id":"39037"},{"arcs":[[-4107,-5661,-9011,-4094,-5316,-2238,-6040]],"type":"Polygon","properties":{"geoid":"18173","name":"Warrick"},"id":"18173"},{"arcs":[[-9120,-1016,-5711,9499,-7777,-9008]],"type":"Polygon","properties":{"geoid":"18105","name":"Monroe"},"id":"18105"},{"arcs":[[-7651,-6906,-8706,9500,-9390,9501]],"type":"Polygon","properties":{"geoid":"26093","name":"Livingston"},"id":"26093"},{"arcs":[[-9038,-9249,-5997,-7403]],"type":"Polygon","properties":{"geoid":"47109","name":"McNairy"},"id":"47109"},{"arcs":[[-5539,-1599,-5815,-7164,-7285,-1984,-2873]],"type":"Polygon","properties":{"geoid":"53059","name":"Skamania"},"id":"53059"},{"arcs":[[-6284,-8652,-5118,-1640,-3393]],"type":"Polygon","properties":{"geoid":"31075","name":"Grant"},"id":"31075"},{"arcs":[[-8776,-6378,-529,-1968,-531,-8821]],"type":"Polygon","properties":{"geoid":"40127","name":"Pushmataha"},"id":"40127"},{"arcs":[[-7398,-601,-9282,-9303,-3127,-8172]],"type":"Polygon","properties":{"geoid":"46129","name":"Walworth"},"id":"46129"},{"arcs":[[-1459,-9350,-8996,-9464,-8567]],"type":"Polygon","properties":{"geoid":"48263","name":"Kent"},"id":"48263"},{"arcs":[[-4559,-6470,-7506,9502,-6414,-9316,-5585]],"type":"Polygon","properties":{"geoid":"48363","name":"Palo Pinto"},"id":"48363"},{"arcs":[[-2929,-7014,-6852,-6035,9503]],"type":"Polygon","properties":{"geoid":"17145","name":"Perry"},"id":"17145"},{"arcs":[[-7661,9504,-9056,-8389]],"type":"Polygon","properties":{"geoid":"55089","name":"Ozaukee"},"id":"55089"},{"arcs":[[-5111,-4115]],"type":"Polygon","properties":{"geoid":"51670","name":"Hopewell"},"id":"51670"},{"arcs":[[-7302,9505,-3057,-7619,-9280]],"type":"Polygon","properties":{"geoid":"13067","name":"Cobb"},"id":"13067"},{"arcs":[[-7505,-9315,-9349,-6415,-9503]],"type":"Polygon","properties":{"geoid":"48221","name":"Hood"},"id":"48221"},{"arcs":[[-9374,-8833,-8045,-9421,-7135,-4680]],"type":"Polygon","properties":{"geoid":"28017","name":"Chickasaw"},"id":"28017"},{"arcs":[[-8372,-9411,-8353,-8473,-8347]],"type":"Polygon","properties":{"geoid":"55135","name":"Waupaca"},"id":"55135"},{"arcs":[[-7635,-8351,-1638,-802,-8251,-6208]],"type":"Polygon","properties":{"geoid":"55091","name":"Pepin"},"id":"55091"},{"arcs":[[-2234,-9203,-6656,-9091,-6101,-6592,-6006,-9477]],"type":"Polygon","properties":{"geoid":"01029","name":"Cleburne"},"id":"01029"},{"arcs":[[-5704,-5651,-9250,-8140,9506]],"type":"Polygon","properties":{"geoid":"13017","name":"Ben Hill"},"id":"13017"},{"arcs":[[-2616,-9264,-6109,-6577]],"type":"Polygon","properties":{"geoid":"13201","name":"Miller"},"id":"13201"},{"arcs":[[-9299,-8000,-8271,-9323,-9476]],"type":"Polygon","properties":{"geoid":"19143","name":"Osceola"},"id":"19143"},{"arcs":[[-2682,-9208,-9096,-9341,-7041,-5553]],"type":"Polygon","properties":{"geoid":"20185","name":"Stafford"},"id":"20185"},{"arcs":[[-9465,-2427,-22,-9497,-9370]],"type":"Polygon","properties":{"geoid":"28069","name":"Kemper"},"id":"28069"},{"arcs":[[-8945,-9454,-8947,-9386,-9396]],"type":"Polygon","properties":{"geoid":"29125","name":"Maries"},"id":"29125"},{"arcs":[[-418,-5642,-9446,-9453,-8812]],"type":"Polygon","properties":{"geoid":"29219","name":"Warren"},"id":"29219"},{"arcs":[[-8924,-6857,-7389,-9157,-9365]],"type":"Polygon","properties":{"geoid":"31079","name":"Hall"},"id":"31079"},{"arcs":[[-1840,-1846,-5495,-8478,-5032]],"type":"Polygon","properties":{"geoid":"05055","name":"Greene"},"id":"05055"},{"arcs":[[-8236,-9139,-8288,-5638,-416,-9177]],"type":"Polygon","properties":{"geoid":"17013","name":"Calhoun"},"id":"17013"},{"arcs":[[-7699,-8352,-7633,-5176]],"type":"Polygon","properties":{"geoid":"55109","name":"St. Croix"},"id":"55109"},{"arcs":[[-9257,-6792,-7372,-7790,-8496]],"type":"Polygon","properties":{"geoid":"05065","name":"Izard"},"id":"05065"},{"arcs":[[-8463,9507,-6524,-7567]],"type":"Polygon","properties":{"geoid":"12099","name":"Palm Beach"},"id":"12099"},{"arcs":[[[9508]],[[-4792,-4075,-1716,9509]]],"type":"MultiPolygon","properties":{"geoid":"02158","name":"Kusilvak"},"id":"02158"},{"arcs":[[9510,-7825,9511,-6984,9512,-7866]],"type":"Polygon","properties":{"geoid":"19113","name":"Linn"},"id":"19113"},{"arcs":[[-9512,-7824,-9279,-9190,-223,-6985]],"type":"Polygon","properties":{"geoid":"19105","name":"Jones"},"id":"19105"},{"arcs":[[-8985,-7386,-8939,-8977]],"type":"Polygon","properties":{"geoid":"31073","name":"Gosper"},"id":"31073"},{"arcs":[[-6563,-1229,-8084,-3679,-5501]],"type":"Polygon","properties":{"geoid":"36121","name":"Wyoming"},"id":"36121"},{"arcs":[[-7815,-9172,-5983,-8101,-9276]],"type":"Polygon","properties":{"geoid":"19173","name":"Taylor"},"id":"19173"},{"arcs":[[-8564,-3909]],"type":"Polygon","properties":{"geoid":"51770","name":"Roanoke"},"id":"51770"},{"arcs":[[-388,-9472,-812,-9483,9513,-6402,9514]],"type":"Polygon","properties":{"geoid":"55041","name":"Forest"},"id":"55041"},{"arcs":[[-7566,-6741,-7563,-5543]],"type":"Polygon","properties":{"geoid":"08025","name":"Crowley"},"id":"08025"},{"arcs":[[-5705,-9507,-8139,9515,-7413,-7683]],"type":"Polygon","properties":{"geoid":"13287","name":"Turner"},"id":"13287"},{"arcs":[[-9448,-6912,-7649,-8708,-9114,9516]],"type":"Polygon","properties":{"geoid":"26117","name":"Montcalm"},"id":"26117"},{"arcs":[[-8651,-9273,-3410,-9346,-9455,-5240]],"type":"Polygon","properties":{"geoid":"31009","name":"Blaine"},"id":"31009"},{"arcs":[[-8922,-6866,-6853,-8923,-8600]],"type":"Polygon","properties":{"geoid":"31125","name":"Nance"},"id":"31125"},{"arcs":[[-6978,-8895,-9452,-9193,-8053,-6777]],"type":"Polygon","properties":{"geoid":"35005","name":"Chaves"},"id":"35005"},{"arcs":[[-9402,-8637,-6605,-3460,-1247,-9183]],"type":"Polygon","properties":{"geoid":"37183","name":"Wake"},"id":"37183"},{"arcs":[[-3492,-8746,-4479,-8613]],"type":"Polygon","properties":{"geoid":"38065","name":"Oliver"},"id":"38065"},{"arcs":[[[-7686,-5502,-5506]],[[-5507,-5504,-7687,-3055,-9233,-3072,-9021]]],"type":"MultiPolygon","properties":{"geoid":"13193","name":"Macon"},"id":"13193"},{"arcs":[[9517,-2634,-7883,-1013,-9119]],"type":"Polygon","properties":{"geoid":"18081","name":"Johnson"},"id":"18081"},{"arcs":[[-6387,-9312,-7604,-6424,-4549,-1462,-6443]],"type":"Polygon","properties":{"geoid":"48027","name":"Bell"},"id":"48027"},{"arcs":[[[9518]],[[9519]],[[-4789,9520,-1711,9521]],[[9522]]],"type":"MultiPolygon","properties":{"geoid":"02275","name":"Wrangell"},"id":"02275"},{"arcs":[[-9176,-5869,-2963,-8553,-1834]],"type":"Polygon","properties":{"geoid":"05009","name":"Boone"},"id":"05009"},{"arcs":[[-6800,-5884,-5314,-8733,-247,-6802,-7565]],"type":"Polygon","properties":{"geoid":"08063","name":"Kit Carson"},"id":"08063"},{"arcs":[[-8748,-9417,-8643,-8530,-8189,-598]],"type":"Polygon","properties":{"geoid":"38021","name":"Dickey"},"id":"38021"},{"arcs":[[-8767,-8688,-6751,-9423,-8697]],"type":"Polygon","properties":{"geoid":"39045","name":"Fairfield"},"id":"39045"},{"arcs":[[-9352,-4488,-9357,-8768,-8695,-9437,-8722]],"type":"Polygon","properties":{"geoid":"39097","name":"Madison"},"id":"39097"},{"arcs":[[-6048,-8563,-5888,9523]],"type":"Polygon","properties":{"geoid":"12115","name":"Sarasota"},"id":"12115"},{"arcs":[[9524,-7537,-5411,-5576,-7571,-6473]],"type":"Polygon","properties":{"geoid":"48259","name":"Kendall"},"id":"48259"},{"arcs":[[-691,-293,-5626,-4562,-4632]],"type":"Polygon","properties":{"geoid":"48365","name":"Panola"},"id":"48365"},{"arcs":[[-6513,-9260,-7538,-9525,-6472,-1470]],"type":"Polygon","properties":{"geoid":"48171","name":"Gillespie"},"id":"48171"},{"arcs":[[-6591,-5688,-8446,-6008]],"type":"Polygon","properties":{"geoid":"13149","name":"Heard"},"id":"13149"},{"arcs":[[-9482,-4717,-8301,-767,-2898,-9212,-5475]],"type":"Polygon","properties":{"geoid":"39087","name":"Lawrence"},"id":"39087"},{"arcs":[[-8086,-8090,-7332,-9410,-1329,-5570,-8093]],"type":"Polygon","properties":{"geoid":"42105","name":"Potter"},"id":"42105"},{"arcs":[[-8306,-8880,-5328,-7393,-7673,-9419]],"type":"Polygon","properties":{"geoid":"46051","name":"Grant"},"id":"46051"},{"arcs":[[-7950,-8522,-2110,-9022]],"type":"Polygon","properties":{"geoid":"48111","name":"Dallam"},"id":"48111"},{"arcs":[[9525,-8824,-5443,-8878,-8774,-6641]],"type":"Polygon","properties":{"geoid":"40091","name":"McIntosh"},"id":"40091"},{"arcs":[[-9493,-8799,-1298,-7925]],"type":"Polygon","properties":{"geoid":"40149","name":"Washita"},"id":"40149"},{"arcs":[[-7437,-46,-5696,-4274,-408,-2430,-8426,9526,-8555]],"type":"Polygon","properties":{"geoid":"05035","name":"Crittenden"},"id":"05035"},{"arcs":[[-8036,-6674,-5446,-1976,9527]],"type":"Polygon","properties":{"geoid":"41041","name":"Lincoln"},"id":"41041"},{"arcs":[[-7778,-9500,-5710,-2649,-6898,-9306]],"type":"Polygon","properties":{"geoid":"18093","name":"Lawrence"},"id":"18093"},{"arcs":[[-9461,-2642,-5657,-7862,-7466]],"type":"Polygon","properties":{"geoid":"18103","name":"Miami"},"id":"18103"},{"arcs":[[-8382,-9459,-7892,-9126]],"type":"Polygon","properties":{"geoid":"19081","name":"Hancock"},"id":"19081"},{"arcs":[[-7867,9528,-6980,-4951,-9089]],"type":"Polygon","properties":{"geoid":"19095","name":"Iowa"},"id":"19095"},{"arcs":[[-7491,-8292,-9362,-7029,-9209,-8731]],"type":"Polygon","properties":{"geoid":"20193","name":"Thomas"},"id":"20193"},{"arcs":[[-8366,-8220,-2930,-9504,-6039,-3638,-8916]],"type":"Polygon","properties":{"geoid":"17157","name":"Randolph"},"id":"17157"},{"arcs":[[-5726,-7696,-8363,-9266,-9188,-9278]],"type":"Polygon","properties":{"geoid":"17085","name":"Jo Daviess"},"id":"17085"},{"arcs":[[-8806,-7046,-1134,-8246,-4891,-1126]],"type":"Polygon","properties":{"geoid":"27161","name":"Waseca"},"id":"27161"},{"arcs":[[-5635,-3332,-7087,-9222,9529]],"type":"Polygon","properties":{"geoid":"27083","name":"Lyon"},"id":"27083"},{"arcs":[[-3338,-8883,-9373,-8837,-8021,-8863]],"type":"Polygon","properties":{"geoid":"28077","name":"Lawrence"},"id":"28077"},{"arcs":[[-5903,-8982,-9345,-6862,9530]],"type":"Polygon","properties":{"geoid":"31167","name":"Stanton"},"id":"31167"},{"arcs":[[-8890,-9291,9531,-9285]],"type":"Polygon","properties":{"geoid":"35061","name":"Valencia"},"id":"35061"},{"arcs":[[-7692,-2060,-4536,-2069,-5790]],"type":"Polygon","properties":{"geoid":"47067","name":"Hancock"},"id":"47067"},{"arcs":[[-7558,-9429,-2187,-6141,-6017,9532]],"type":"Polygon","properties":{"geoid":"17059","name":"Gallatin"},"id":"17059"},{"arcs":[[-2677,-7067,-7022,-7469,-9340]],"type":"Polygon","properties":{"geoid":"20079","name":"Harvey"},"id":"20079"},{"arcs":[[-7253,-1066,-2770,-7645,9533,-3567]],"type":"Polygon","properties":{"geoid":"21009","name":"Barren"},"id":"21009"},{"arcs":[[-9297,-6155,-8016,-7180,-7986,-6143]],"type":"Polygon","properties":{"geoid":"18155","name":"Switzerland"},"id":"18155"},{"arcs":[[-6320,-9489,-9277,-8080,-7416]],"type":"Polygon","properties":{"geoid":"19071","name":"Fremont"},"id":"19071"},{"arcs":[[-9123,-7952,-7279,-8453,-9192]],"type":"Polygon","properties":{"geoid":"20175","name":"Seward"},"id":"20175"},{"arcs":[[-8693,-9332,-9426,-5098,-9356,-9329,-6729]],"type":"Polygon","properties":{"geoid":"39065","name":"Hardin"},"id":"39065"},{"arcs":[[-9026,-8752,-1292,-3525,-9258,-8797,-3534]],"type":"Polygon","properties":{"geoid":"40017","name":"Canadian"},"id":"40017"},{"arcs":[[-6463,-3252,-3268,-3286,-8572]],"type":"Polygon","properties":{"geoid":"48441","name":"Taylor"},"id":"48441"},{"arcs":[[-9296,-6895,-5962,-8017,-6153]],"type":"Polygon","properties":{"geoid":"18029","name":"Dearborn"},"id":"18029"},{"arcs":[[-9363,-8130,-7946,-7076,-7475,-7168,9534]],"type":"Polygon","properties":{"geoid":"20089","name":"Jewell"},"id":"20089"},{"arcs":[[-9220,-7254,-3571,-5148,-5063]],"type":"Polygon","properties":{"geoid":"21213","name":"Simpson"},"id":"21213"},{"arcs":[[-4388,-2338,-2324,-305,-1110,-9100]],"type":"Polygon","properties":{"geoid":"23011","name":"Kennebec"},"id":"23011"},{"arcs":[[-7158,-7108,-8546,-478,-5601,-7691]],"type":"Polygon","properties":{"geoid":"51550","name":"Chesapeake"},"id":"51550"},{"arcs":[[-6850,-7559,-9533,-6016,-8281,-7751]],"type":"Polygon","properties":{"geoid":"17165","name":"Saline"},"id":"17165"},{"arcs":[[-7545,-7582,-9051,-8801,-7935]],"type":"Polygon","properties":{"geoid":"21185","name":"Oldham"},"id":"21185"},{"arcs":[[-8826,-252,-8014,-265,-3572,-4802,-8937]],"type":"Polygon","properties":{"geoid":"01021","name":"Chilton"},"id":"01021"},{"arcs":[[[9535]],[[9536]],[[-7627,-9141,9537,-2321]]],"type":"MultiPolygon","properties":{"geoid":"23009","name":"Hancock"},"id":"23009"},{"arcs":[[-9393,-5246,-6558,-8932]],"type":"Polygon","properties":{"geoid":"36093","name":"Schenectady"},"id":"36093"},{"arcs":[[-8988,-8641,-1909,-7054,-8681,-3456]],"type":"Polygon","properties":{"geoid":"37109","name":"Lincoln"},"id":"37109"},{"arcs":[[-5533,-8280,-9418,-9327,-3489,-6629]],"type":"Polygon","properties":{"geoid":"38049","name":"McHenry"},"id":"38049"},{"arcs":[[-9223,-7090,-9301,-9475,-8559]],"type":"Polygon","properties":{"geoid":"27133","name":"Rock"},"id":"27133"},{"arcs":[[-9498,-4776,-8900,-7147]],"type":"Polygon","properties":{"geoid":"28023","name":"Clarke"},"id":"28023"},{"arcs":[[-9160,-9104,-5614,-6779,-9451]],"type":"Polygon","properties":{"geoid":"35009","name":"Curry"},"id":"35009"},{"arcs":[[9538,-6371,-6562,-5342]],"type":"Polygon","properties":{"geoid":"36073","name":"Orleans"},"id":"36073"},{"arcs":[[-1615,-4760,-8410,-8547,-8427,-3787,-764]],"type":"Polygon","properties":{"geoid":"54055","name":"Mercer"},"id":"54055"},{"arcs":[[-8076,-7711,-8475,-8395,-7697,-9481]],"type":"Polygon","properties":{"geoid":"55013","name":"Burnett"},"id":"55013"},{"arcs":[[-8860,-6960,-6965,-6239,9539]],"type":"Polygon","properties":{"geoid":"26101","name":"Manistee"},"id":"26101"},{"arcs":[[-6220,-3992,9540,-8896,-5230]],"type":"Polygon","properties":{"geoid":"28059","name":"Jackson"},"id":"28059"},{"arcs":[[-9499,-8661,-9353,-8725,-8628,-9145,-8419]],"type":"Polygon","properties":{"geoid":"39113","name":"Montgomery"},"id":"39113"},{"arcs":[[-9492,-9335,-1956,-1964,-6749]],"type":"Polygon","properties":{"geoid":"39115","name":"Morgan"},"id":"39115"},{"arcs":[[-9246,-8818,-8825,-9526,-6640,-5478,-3518]],"type":"Polygon","properties":{"geoid":"40107","name":"Okfuskee"},"id":"40107"},{"arcs":[[-7415,9541,-965,-4313,-6599,-2593]],"type":"Polygon","properties":{"geoid":"13071","name":"Colquitt"},"id":"13071"},{"arcs":[[-9199,-4297,-4613,-7597,-9251]],"type":"Polygon","properties":{"geoid":"13005","name":"Bacon"},"id":"13005"},{"arcs":[[9542,-8240,-8264,-6157,-6946,-6982]],"type":"Polygon","properties":{"geoid":"19115","name":"Louisa"},"id":"19115"},{"arcs":[[-9255,-8399,-9061,-1878,-4223,-7729]],"type":"Polygon","properties":{"geoid":"56001","name":"Albany"},"id":"56001"},{"arcs":[[-1827,-1836,-8554,-6226,9543,-8423,-5863]],"type":"Polygon","properties":{"geoid":"05087","name":"Madison"},"id":"05087"},{"arcs":[[-9142,-7193,-6307,-1831,-1825,-6330]],"type":"Polygon","properties":{"geoid":"29009","name":"Barry"},"id":"29009"},{"arcs":[[-3437,-6775,9544,-8049,-4822]],"type":"Polygon","properties":{"geoid":"35029","name":"Luna"},"id":"35029"},{"arcs":[[-9474,-5210,-7772,-7445,-9445,-8026]],"type":"Polygon","properties":{"geoid":"13035","name":"Butts"},"id":"13035"},{"arcs":[[-2018,-6762,-6705,-4504,-6764]],"type":"Polygon","properties":{"geoid":"42053","name":"Forest"},"id":"42053"},{"arcs":[[-5482,-4765,-4761,-1613,-5803]],"type":"Polygon","properties":{"geoid":"54005","name":"Boone"},"id":"54005"},{"arcs":[[-3971,-7408,-7638,-8376]],"type":"Polygon","properties":{"geoid":"55081","name":"Monroe"},"id":"55081"},{"arcs":[[-6403,-9514,-9486,-8472,-8368,-8393,9545]],"type":"Polygon","properties":{"geoid":"55067","name":"Langlade"},"id":"55067"},{"arcs":[[-7020,-7826,-9511,-7865,-7818]],"type":"Polygon","properties":{"geoid":"19019","name":"Buchanan"},"id":"19019"},{"arcs":[[-7904,-6113,9546,-9358,-1029]],"type":"Polygon","properties":{"geoid":"20059","name":"Franklin"},"id":"20059"},{"arcs":[[9547,-4964,-9336,-4340,-7032]],"type":"Polygon","properties":{"geoid":"20195","name":"Trego"},"id":"20195"},{"arcs":[[-778,-746,-4120,-1542,-5367]],"type":"Polygon","properties":{"geoid":"51043","name":"Clarke"},"id":"51043"},{"arcs":[[-7641,-5827,-1367,-3092,-4517,-3105]],"type":"Polygon","properties":{"geoid":"45039","name":"Fairfield"},"id":"45039"},{"arcs":[[-7744,-6496,-9247,-9036,-7764]],"type":"Polygon","properties":{"geoid":"47077","name":"Henderson"},"id":"47077"},{"arcs":[[-5743,-3209,-5070,-1438,-3244,-1499]],"type":"Polygon","properties":{"geoid":"48473","name":"Waller"},"id":"48473"},{"arcs":[[-9217,-7927,-6648,-5784,-9267,-7609]],"type":"Polygon","properties":{"geoid":"48087","name":"Collingsworth"},"id":"48087"},{"arcs":[[-9516,-8142,-3065,-962,-9542,-7414]],"type":"Polygon","properties":{"geoid":"13277","name":"Tift"},"id":"13277"},{"arcs":[[-7787,-7885,-7517,-2629,-9518,-9118,-7860]],"type":"Polygon","properties":{"geoid":"18097","name":"Marion"},"id":"18097"},{"arcs":[[-7448,-1010,-8379,-2210,-9295,-7784,-7515]],"type":"Polygon","properties":{"geoid":"18065","name":"Henry"},"id":"18065"},{"arcs":[[-7782,-7863,-6931,-6882,-9430,-9307]],"type":"Polygon","properties":{"geoid":"18181","name":"White"},"id":"18181"},{"arcs":[[-9001,-2328,-6139,-8412,-1689,-5269,-6005,-297]],"type":"Polygon","properties":{"geoid":"01039","name":"Covington"},"id":"01039"},{"arcs":[[-5030,-5683,-7763,-7796,-9168,-7433]],"type":"Polygon","properties":{"geoid":"05105","name":"Perry"},"id":"05105"},{"arcs":[[-4041,-8432,-918,-5920,-7595]],"type":"Polygon","properties":{"geoid":"12019","name":"Clay"},"id":"12019"},{"arcs":[[-9420,-7674,-1398,-7677,-5736,-6354]],"type":"Polygon","properties":{"geoid":"46025","name":"Clark"},"id":"46025"},{"arcs":[[-6528,-3155,-4627,-604,-7799]],"type":"Polygon","properties":{"geoid":"47007","name":"Bledsoe"},"id":"47007"},{"arcs":[[-7534,-7880,-9318,-6419,-9313,-7503]],"type":"Polygon","properties":{"geoid":"48439","name":"Tarrant"},"id":"48439"},{"arcs":[[-9310,-4333,-2669,-7875,-7891]],"type":"Polygon","properties":{"geoid":"19181","name":"Warren"},"id":"19181"},{"arcs":[[-9513,-6987,-8239,-9543,-6981,-9529]],"type":"Polygon","properties":{"geoid":"19103","name":"Johnson"},"id":"19103"},{"arcs":[[-8225,-7888,-7816,-9275,-9488]],"type":"Polygon","properties":{"geoid":"19137","name":"Montgomery"},"id":"19137"},{"arcs":[[-9128,-8780,-4965,-9548,-7031,-9361]],"type":"Polygon","properties":{"geoid":"20065","name":"Graham"},"id":"20065"},{"arcs":[[-8212,-8233,-2077,-9462,-7982,-2255,-6223,-9248]],"type":"Polygon","properties":{"geoid":"01077","name":"Lauderdale"},"id":"01077"},{"arcs":[[-2595,-6600,-1700,-5592,-9265]],"type":"Polygon","properties":{"geoid":"13131","name":"Grady"},"id":"13131"},{"arcs":[[-4336,-6184,-9112,-8413,-7480]],"type":"Polygon","properties":{"geoid":"20011","name":"Bourbon"},"id":"20011"},{"arcs":[[-8477,-4861,-7528,-7957,-7583,-4975,-2166]],"type":"Polygon","properties":{"geoid":"21145","name":"McCracken"},"id":"21145"},{"arcs":[[-9534,-7644,-9377,-6497,-3744,-3568]],"type":"Polygon","properties":{"geoid":"21171","name":"Monroe"},"id":"21171"},{"arcs":[[-7499,-9317,-3280,-5424,-9205]],"type":"Polygon","properties":{"geoid":"48123","name":"DeWitt"},"id":"48123"},{"arcs":[[-8709,-6951,9548,-9388,-8734,-7630]],"type":"Polygon","properties":{"geoid":"26045","name":"Eaton"},"id":"26045"},{"arcs":[[-8740,-4665,-9368,-9407,-9413]],"type":"Polygon","properties":{"geoid":"27057","name":"Hubbard"},"id":"27057"},{"arcs":[[-9547,-6185,-4335,-9359]],"type":"Polygon","properties":{"geoid":"20003","name":"Anderson"},"id":"20003"},{"arcs":[[-4343,-2684,-5552,-7478,-1038,-7038]],"type":"Polygon","properties":{"geoid":"20083","name":"Hodgeman"},"id":"20083"},{"arcs":[[-9134,-5487,-7625]],"type":"Polygon","properties":{"geoid":"22089","name":"St. Charles"},"id":"22089"},{"arcs":[[-9501,-8705,-5771,-4887,-6201,-9391]],"type":"Polygon","properties":{"geoid":"26161","name":"Washtenaw"},"id":"26161"},{"arcs":[[-7839,-9232,-6622,-824,-9146,-2159,-9463]],"type":"Polygon","properties":{"geoid":"16019","name":"Bonneville"},"id":"16019"},{"arcs":[[-9167,-8260,-9431,-7969,-6041,-9107,-9054]],"type":"Polygon","properties":{"geoid":"17183","name":"Vermilion"},"id":"17183"},{"arcs":[[-7044,-9093,-7910,-8455,9549,-5162,-1034]],"type":"Polygon","properties":{"geoid":"20007","name":"Barber"},"id":"20007"},{"arcs":[[-7394,-5636,-9530,-9221,-8155]],"type":"Polygon","properties":{"geoid":"27081","name":"Lincoln"},"id":"27081"},{"arcs":[[-2434,-9422,-9379,-8870,-9040,-1811]],"type":"Polygon","properties":{"geoid":"28027","name":"Coahoma"},"id":"28027"},{"arcs":[[9550,-8714,-3711,-2494,-3391]],"type":"Polygon","properties":{"geoid":"30091","name":"Sheridan"},"id":"30091"},{"arcs":[[-3347,-9028,-1150,-9375,-4678,-7144,-8840]],"type":"Polygon","properties":{"geoid":"28071","name":"Lafayette"},"id":"28071"},{"arcs":[[-5757,-9150,-4674,-3354,-3344]],"type":"Polygon","properties":{"geoid":"28015","name":"Carroll"},"id":"28015"},{"arcs":[[-8302,-3805,-5624,-7663,-8523,-7548]],"type":"Polygon","properties":{"geoid":"17093","name":"Kendall"},"id":"17093"},{"arcs":[[-8445,-8327,-7371,-8265,-8360,-7694]],"type":"Polygon","properties":{"geoid":"55045","name":"Green"},"id":"55045"},{"arcs":[[-5013,-9469,-389,-9515,-6401,-9490]],"type":"Polygon","properties":{"geoid":"55125","name":"Vilas"},"id":"55125"},{"arcs":[[-3841,-8556,-9527,-8425,-4597]],"type":"Polygon","properties":{"geoid":"05123","name":"St. Francis"},"id":"05123"},{"arcs":[[-3649,-9364,-9535,-7167,-4961,-8779]],"type":"Polygon","properties":{"geoid":"20183","name":"Smith"},"id":"20183"},{"arcs":[[-9286,-9532,-9290,-6979,-3433,-9456]],"type":"Polygon","properties":{"geoid":"35053","name":"Socorro"},"id":"35053"},{"arcs":[[-5670,-726]],"type":"Polygon","properties":{"geoid":"51830","name":"Williamsburg"},"id":"51830"},{"arcs":[[-6428,-9035,-8957,-9366,-8654,-9147]],"type":"Polygon","properties":{"geoid":"31165","name":"Sioux"},"id":"31165"},{"arcs":[[-9392,-8109,-9000,-6813,-1220]],"type":"Polygon","properties":{"geoid":"36021","name":"Columbia"},"id":"36021"},{"arcs":[[-6721,-8531,-7326,-8480,-7195,-9427]],"type":"Polygon","properties":{"geoid":"39099","name":"Mahoning"},"id":"39099"},{"arcs":[[-6253,-8789,-8809,-4902,-6190]],"type":"Polygon","properties":{"geoid":"29047","name":"Clay"},"id":"29047"},{"arcs":[[-8918,-4415,-8617,-9395,-9240]],"type":"Polygon","properties":{"geoid":"29135","name":"Moniteau"},"id":"29135"},{"arcs":[[-8953,-9531,-6861,-8921,-9378]],"type":"Polygon","properties":{"geoid":"31119","name":"Madison"},"id":"31119"},{"arcs":[[-3828,-5021,-1818,-9186,-3836]],"type":"Polygon","properties":{"geoid":"05079","name":"Lincoln"},"id":"05079"},{"arcs":[[-2129,-8441,-1885,-3022,-8562,-1865,-3777]],"type":"Polygon","properties":{"geoid":"08045","name":"Garfield"},"id":"08045"},{"arcs":[[-7685,-9198,-8136,-3058,-9506,-7301]],"type":"Polygon","properties":{"geoid":"13057","name":"Cherokee"},"id":"13057"},{"arcs":[[-386,-378,-2362,-808,-9471]],"type":"Polygon","properties":{"geoid":"26043","name":"Dickinson"},"id":"26043"},{"arcs":[[-7912,-7114,-9360,-7121,-7484,-7077,-7025]],"type":"Polygon","properties":{"geoid":"20073","name":"Greenwood"},"id":"20073"},{"arcs":[[-6950,-7652,-9502,-9389,-9549]],"type":"Polygon","properties":{"geoid":"26065","name":"Ingham"},"id":"26065"},{"arcs":[[-5163,-9550,-8457,-8853,-9466,-8668]],"type":"Polygon","properties":{"geoid":"40151","name":"Woods"},"id":"40151"},{"arcs":[[-347,9551,-2032]],"type":"Polygon","properties":{"geoid":"44001","name":"Bristol"},"id":"44001"},{"arcs":[[-6568]],"type":"Polygon","properties":{"geoid":"51678","name":"Lexington"},"id":"51678"},{"arcs":[[-3948,-4137,-4768,-7588,-2920]],"type":"Polygon","properties":{"geoid":"54105","name":"Wirt"},"id":"54105"},{"arcs":[[-9491,-6404,-9546,-8392,-8470]],"type":"Polygon","properties":{"geoid":"55069","name":"Lincoln"},"id":"55069"},{"arcs":[[-8518,-8255,-7742,-1412,-3171]],"type":"Polygon","properties":{"geoid":"47083","name":"Houston"},"id":"47083"},{"arcs":[[-9326,-8965,-9271,-3273,-8520]],"type":"Polygon","properties":{"geoid":"48115","name":"Dawson"},"id":"48115"},{"arcs":[[-6967,-9449,-9517,-9113,-9003,-9478]],"type":"Polygon","properties":{"geoid":"26123","name":"Newaygo"},"id":"26123"},{"arcs":[[-3330,-1143,-4403,-7998,-9298,-7088]],"type":"Polygon","properties":{"geoid":"27033","name":"Cottonwood"},"id":"27033"},{"arcs":[[-2390,-9414,-9405,-2397]],"type":"Polygon","properties":{"geoid":"27087","name":"Mahnomen"},"id":"27087"},{"arcs":[[-7290,-7756,-7555,-9487,-8286,-9138]],"type":"Polygon","properties":{"geoid":"17117","name":"Macoupin"},"id":"17117"},{"arcs":[[-8424,-9544,-6230,-9460,-1821]],"type":"Polygon","properties":{"geoid":"05047","name":"Franklin"},"id":"05047"},{"arcs":[[-6010,-8449,-8468,-5854,-9227]],"type":"Polygon","properties":{"geoid":"01017","name":"Chambers"},"id":"01017"},{"arcs":[[[9552,-9069,9553,-9071]],[[-4176,9554,-9063,9555,-9067,9556]]],"type":"MultiPolygon","properties":{"geoid":"02110","name":"Juneau"},"id":"02110"},{"arcs":[[-8032,-7934,-7877,-7532,-9325]],"type":"Polygon","properties":{"geoid":"48097","name":"Cooke"},"id":"48097"},{"arcs":[[-9117,-9274,-9165,-5676,-9428,-7556,-7012]],"type":"Polygon","properties":{"geoid":"17191","name":"Wayne"},"id":"17191"}]}}}