{"type":"Topology","arcs":[[[37149,87714],[450,3],[-2,-408],[-449,-2],[1,407]],[[9575,22516],[219,39]],[[9794,22555],[233,-83]],[[10027,22472],[-104,-267]],[[9923,22205],[-365,102]],[[9558,22307],[17,209]],[[35047,26019],[67,161],[245,-71],[-312,-90]],[[20208,83070],[168,0],[157,178],[7,-373],[-304,52],[-28,143]],[[63390,33549],[260,76],[-19,-300],[-221,15],[-20,209]],[[67770,74341],[180,-29],[-2,-116],[-126,2],[-52,143]],[[84538,35442],[442,-19],[-14,-402],[-442,18],[14,403]],[[64011,86344],[5,342]],[[64016,86686],[1259,391],[400,-28],[625,-268]],[[66300,86781],[-27,-754]],[[66273,86027],[-2267,18]],[[64006,86045],[5,299]],[[66273,86027],[-11,-1654]],[[66262,84373],[-2274,-8]],[[63988,84365],[18,1680]],[[45592,60268],[14,-167]],[[45606,60101],[-263,203],[251,109],[-2,-145]],[[43582,71255],[41,200],[143,6],[-50,-344],[-134,138]],[[54161,23686],[13,165],[567,-36],[-42,-526],[-567,39],[29,358]],[[23801,12791],[90,406],[358,-73],[-219,-328],[-229,-5]],[[57444,16048],[87,229],[445,-27],[-33,-445],[-518,38],[19,205]],[[19158,14504],[369,13],[-2,-294],[-367,281]],[[79543,32363],[67,31],[94,152],[47,-33],[-134,-151],[-74,1]],[[49191,55689],[160,88],[-19,-169],[-141,81]],[[20767,64428],[211,154],[1,-254],[-212,100]],[[24948,84590],[215,-46],[2,-285],[-217,331]],[[5917,44509],[277,275],[164,-187],[65,-417],[-431,77],[-75,252]],[[7626,44302],[157,108],[29,-204],[-186,96]],[[60833,67256],[272,19],[-124,-262],[-148,243]],[[48985,4308],[-85,-184]],[[48900,4124],[-330,202],[323,105],[92,-123]],[[60699,22861],[20,258],[446,-29],[-34,-422],[-432,193]],[[20541,58314],[333,105],[-36,-308],[-297,203]],[[15753,79743],[409,55],[157,-353],[-552,-12],[-14,310]],[[60383,33719],[11,218],[753,-29],[-43,-708],[-311,15],[16,294],[-435,30],[9,180]],[[63512,30504],[133,-8]],[[63645,30496],[246,-124],[-13,-277]],[[63878,30095],[-89,7]],[[63789,30102],[-277,402]],[[3256,41938],[40,176],[166,2],[21,-212],[-227,34]],[[19151,75595],[-41,-102]],[[19110,75493],[-181,-2],[8,203],[214,-99]],[[6782,83423],[279,-16],[4,-226],[-262,-2],[-21,244]],[[8550,22178],[328,-155]],[[8878,22023],[-6,-76]],[[8872,21947],[-369,-160],[47,391]],[[46098,42372],[188,34],[-6,-119],[-182,85]],[[17590,73298],[1,-120]],[[17591,73178],[-669,65],[-2,408],[420,29],[250,-382]],[[32209,88697],[451,-114],[3,-330],[-448,3],[-6,441]],[[98631,80271],[447,0],[6,-233],[-454,0],[1,233]],[[13640,12641],[22,278],[203,-28],[-19,-281],[-206,31]],[[55079,55517],[-186,-53],[-74,-625],[-386,31],[155,-459],[-415,-124],[40,738],[-500,249]],[[53713,55274],[302,-26]],[[54015,55248],[227,200]],[[54242,55448],[-243,-73],[-222,180]],[[53777,55555],[274,578],[482,29],[188,-111],[470,-19],[292,136],[-105,-566],[-299,-85]],[[59902,33036],[328,113],[133,-521],[-501,25],[40,383]],[[8261,23270],[325,1]],[[8586,23271],[118,-96]],[[8704,23175],[-48,-378]],[[8656,22797],[-302,-37]],[[8354,22760],[-116,2]],[[8238,22762],[23,508]],[[72009,50552],[212,-7],[-8,-312],[-216,9],[12,310]],[[36094,54584],[197,103],[-41,-283],[-156,180]],[[82282,36754],[203,-1],[-4,-300],[-200,3],[1,298]],[[84317,63977],[438,77],[45,-215],[-478,4],[-5,134]],[[80740,90576],[305,222],[0,179],[625,-51],[296,-141]],[[81966,90785],[-13,-910]],[[81953,89875],[-604,140],[-92,215],[-502,0],[-15,346]],[[44240,29952],[302,36],[-124,-263],[-178,227]],[[8402,66714],[110,30],[15,-213],[-124,0],[-1,183]],[[99599,82463],[388,1],[0,-481],[-394,1],[6,479]],[[5978,81047],[453,-5],[-10,-613],[-446,6],[3,612]],[[73178,85390],[356,14],[143,-214]],[[73677,85190],[-492,-13],[-7,213]],[[58178,76271],[561,41],[-8,-362],[-556,-2],[3,323]],[[27425,46869],[34,92],[114,-8],[61,-103],[-209,19]],[[6792,24345],[420,34],[113,-213]],[[7325,24166],[-214,-192],[-351,-39]],[[6760,23935],[32,410]],[[68253,46615],[81,22],[-14,-127],[-71,14],[4,91]],[[93876,56853],[413,53],[-1,-251],[-300,-21],[-112,219]],[[60342,71311],[458,1],[0,-413],[-455,0],[-3,412]],[[79459,27221],[120,211],[235,-216],[-313,-237],[-42,242]],[[85247,72317],[210,0],[32,-232],[-241,55],[-1,177]],[[31129,54173],[406,126],[362,-401],[-367,-124],[-401,399]],[[85660,70704],[-63,1]],[[85597,70705],[135,143],[-14,401],[151,119],[323,-474],[-368,-33],[-164,-157]],[[20020,60027],[10,325],[281,-12],[-11,-362],[-280,49]],[[12362,25662],[131,144]],[[12493,25806],[562,-63],[-109,-303]],[[12946,25440],[-239,-262]],[[12707,25178],[-618,60],[273,424]],[[85996,65035],[51,-433]],[[86047,64602],[-331,437],[280,-4]],[[59523,43150],[318,149],[118,-357],[-403,-71],[-33,279]],[[67770,25163],[19,192],[205,5],[-14,-189],[-210,-8]],[[11869,37553],[869,10]],[[12738,37563],[92,-197],[-294,-216]],[[12536,37150],[-532,-145],[-135,548]],[[19991,40869],[456,327]],[[20447,41196],[9,-509]],[[20456,40687],[-465,182]],[[7170,86905],[13,134],[134,-91],[-147,-43]],[[99544,79240],[17,208],[438,-7],[-3,-671]],[[99996,78770],[-360,54]],[[99636,78824],[-92,416]],[[83994,65905],[430,185],[-9,-134],[-421,-51]],[[2361,22866],[183,233],[323,-200]],[[2867,22899],[-35,-310]],[[2832,22589],[36,-47]],[[2868,22542],[-332,-90],[-252,140]],[[2284,22592],[77,274]],[[82073,52243],[95,219],[281,-146],[-268,-211],[-108,138]],[[53290,46359],[30,-10]],[[53320,46349],[469,-109]],[[53789,46240],[33,-30]],[[53822,46210],[-12,-504]],[[53810,45706],[-1589,114],[61,831],[557,-115],[451,-177]],[[2028,91750],[251,22],[-20,-318],[-233,108],[2,188]],[[36056,34239],[263,-75],[-7,-157],[-267,13],[11,219]],[[14141,89491],[95,147],[276,-81],[-306,-179],[-65,113]],[[9551,22929],[374,-30]],[[9925,22899],[-131,-344]],[[9575,22516],[-196,320]],[[9379,22836],[172,93]],[[98403,76766],[428,-133]],[[98831,76633],[-2,-255]],[[98829,76378],[-427,1]],[[98402,76379],[1,387]],[[48436,73555],[433,-9],[7,-231],[-449,110],[9,130]],[[10349,53034],[258,5],[-42,-299],[-201,40],[-15,254]],[[18574,41558],[381,-89],[-264,-214]],[[18691,41255],[-117,303]],[[62041,26496],[297,512],[-61,494],[457,-513],[103,-228],[-323,-117],[-152,-223],[-321,75]],[[83763,57310],[239,78],[73,-190],[-221,6],[-91,106]],[[48089,34938],[429,-44],[-11,-135],[-402,82],[-16,97]],[[47267,32282],[362,-28],[-89,-114],[-289,-36],[16,178]],[[17949,78945],[167,305],[333,2],[4,-368],[-504,61]],[[72293,57082],[88,229],[329,-40],[-144,-248],[-273,59]],[[49438,51347],[17,230],[225,-9],[-13,-433],[-229,212]],[[53973,46227],[270,-34]],[[54243,46193],[397,-23],[-50,492]],[[54590,46662],[326,91],[353,340],[-183,175],[15,531],[534,77],[227,242],[578,29],[-105,-569],[-238,78],[-10,-639],[140,-246],[610,-148],[295,37],[327,-155],[-84,-350],[-659,-35]],[[56716,46120],[-283,-329],[-1149,75],[-874,-314]],[[54410,45552],[-137,124]],[[54273,45676],[-274,144],[59,312],[-85,95]],[[22017,92466],[465,9],[8,365],[968,28],[11,-481],[-438,-109],[5,-206],[-671,-8],[-341,195],[-7,207]],[[31959,92119],[30,-1]],[[31989,92118],[3,-136],[-30,-1],[-3,138]],[[26910,91384],[243,-174],[702,-176],[-10,371],[-394,28],[-335,165]],[[27116,91598],[89,600],[9,811],[3654,127],[-107,-335],[252,-48],[430,120],[-236,-675],[292,-263]],[[31499,91935],[-88,-643],[-861,-830],[13,-515]],[[30563,89947],[-869,-4]],[[29694,89943],[-391,-5]],[[29303,89938],[-238,-16],[-421,-454],[-148,-333],[-294,-267]],[[28202,88868],[-60,88],[-730,231],[-1114,40]],[[26298,89227],[120,420],[-10,666],[-210,10],[14,1036],[698,25]],[[58676,70219],[164,365],[380,-121],[-2,-210],[-277,-366],[-258,2],[-7,330]],[[59970,73583],[8,260],[897,-3],[-11,-817],[-916,-7],[22,567]],[[88619,46469],[72,250],[304,73],[-21,-332],[-355,9]],[[80837,69967],[434,-16],[-220,-209],[-214,225]],[[56870,82002],[419,67],[45,-388],[-419,13],[-45,308]],[[83896,88392],[61,-37]],[[83957,88355],[-314,-349],[-429,189],[276,193],[406,4]],[[10259,21090],[151,-145]],[[10410,20945],[-11,-1]],[[10399,20944],[-140,146]],[[48222,46113],[2,1]],[[48224,46114],[235,164]],[[48459,46278],[11,165]],[[48470,46443],[731,-42],[-134,-403]],[[49067,45998],[-814,52]],[[48253,46050],[-31,63]],[[7373,56066],[0,412],[1110,-9],[-4,-817],[-1109,3],[3,411]],[[94466,46700],[33,-120]],[[94499,46580],[-178,-6],[-75,79],[220,47]],[[85537,49443],[426,-425],[-443,9],[17,416]],[[66496,27994],[142,10],[56,-120],[-62,-117],[-144,138],[8,89]],[[63878,30095],[-54,-169],[-174,-19],[-105,121],[244,74]],[[58501,5312],[665,36],[-281,-364],[-403,16],[19,312]],[[90513,57705],[68,355],[181,-3],[-103,-187],[15,-228],[-161,63]],[[97556,59131],[91,-266],[-169,-69],[-114,327]],[[97364,59123],[192,8]],[[86403,40546],[362,63],[-6,-144],[-136,22],[-234,-71],[14,130]],[[74070,31856],[-252,154]],[[73818,32010],[305,212],[139,-240],[-192,-126]],[[78090,34366],[204,90],[-12,-250],[-192,160]],[[19557,52973],[374,136],[84,-410],[-476,35],[18,239]],[[26333,53415],[236,283],[279,-92],[-148,-272],[-367,81]],[[90121,65946],[380,-4],[0,-327],[-379,-1],[-1,332]],[[47711,60096],[222,-3],[-6,-205],[-219,6],[3,202]],[[20348,76830],[-16,0]],[[20332,76830],[-32,306],[254,2],[0,-305],[-206,-3]],[[20822,73156],[0,107],[126,1],[31,-116],[-157,8]],[[84304,53328],[278,31],[-6,-197],[-271,7],[-1,159]],[[88840,49808],[36,168],[172,-7],[-3,-132],[-205,-29]],[[28029,77516],[286,23],[1,-210],[-226,3],[-61,184]],[[29210,77498],[441,110],[2,-306],[-443,12],[0,184]],[[31908,81784],[470,72],[-2,-271],[-394,-17],[-74,216]],[[22583,80712],[227,2],[4,-200],[-228,-2],[-3,200]],[[25604,85712],[244,200],[360,-6],[-24,-606],[-345,154],[-235,258]],[[22916,81095],[203,125],[25,-309],[-227,-2],[-1,186]],[[31209,81053],[281,121],[-3,-206],[-278,85]],[[30777,79534],[217,46],[1,-247],[-218,-1],[0,202]],[[7159,42799],[146,3],[6,-207],[-150,10],[-2,194]],[[513,44583],[197,119],[0,-142],[-197,23]],[[4179,52632],[86,-2],[3,-177],[-93,-78],[4,257]],[[31118,37194],[225,90],[-6,-198],[-219,108]],[[20516,21869],[65,172],[220,-129],[-31,-180],[-254,137]],[[19637,10774],[62,110],[267,-20],[63,-159],[-392,69]],[[97813,75123],[1,72]],[[97814,75195],[825,-18],[217,-190]],[[98856,74987],[-12,-363],[-199,-128]],[[98645,74496],[-150,-1]],[[98495,74495],[-79,-64]],[[98416,74431],[-326,12]],[[98090,74443],[-359,530],[82,150]],[[94396,69648],[-122,0]],[[94274,69648],[-157,0],[-13,276],[304,-60],[-12,-216]],[[6529,75219],[167,1],[56,-206],[-215,-2],[-8,207]],[[7874,73218],[234,64],[-60,-200],[-174,136]],[[5307,72567],[270,-1],[179,-407],[-449,0],[0,408]],[[70204,32020],[9,131],[297,-29],[-123,-273],[-183,171]],[[39003,33164],[657,79],[204,-523],[-603,-60],[-44,326],[-214,178]],[[85264,81315],[6,222],[423,84],[-9,-503],[-430,16],[10,181]],[[33249,60988],[220,-134],[110,-225],[-266,44],[29,204],[-93,111]],[[52731,66591],[223,366]],[[52954,66957],[82,691],[363,543],[294,-201],[337,-38],[181,-411],[-137,-305],[0,-450],[-162,-240],[389,-87],[3,-211]],[[54304,66248],[-43,-32]],[[54261,66216],[0,-71]],[[54261,66145],[4,-30]],[[54265,66115],[-184,-383],[233,-59],[-13,-278],[-293,2],[68,-420],[-231,-5],[2,-341],[-295,18],[-103,-372],[-224,-141],[-448,128],[-6,342],[-224,31],[-36,724],[-219,15],[-6,397]],[[52286,65773],[3,1031],[-442,192]],[[51847,66996],[380,112],[504,-517]],[[48343,29773],[2,-20]],[[48345,29753],[-16,-201],[-218,14],[19,222],[213,-15]],[[38624,30871],[161,36],[17,-142],[-164,-20],[-14,126]],[[78890,66736],[20,408]],[[78910,67144],[321,194]],[[79231,67338],[-9,92]],[[79222,67430],[241,39],[111,407],[-71,209],[-393,633],[-121,160],[-64,162],[-10,994]],[[78915,70034],[5,0]],[[78920,70034],[12,-1010],[58,-130]],[[78990,68894],[33,-37]],[[79023,68857],[49,-80]],[[79072,68777],[131,-180]],[[79203,68597],[117,-39]],[[79320,68558],[783,-20],[232,193]],[[80335,68731],[444,-13],[-12,-409],[-278,-13],[-190,-470],[462,90],[453,377],[196,387],[259,-296],[222,-59]],[[81891,68325],[-1,-22]],[[81890,68303],[-455,-434],[-45,-536],[-141,-201],[57,-287],[-155,-235],[727,-7]],[[81878,66603],[209,-71]],[[82087,66532],[40,-1]],[[82127,66531],[62,-43]],[[82189,66488],[-108,-405],[-556,475],[-162,-25],[-542,155],[-368,-103],[-17,-324],[-867,-182],[-65,-508],[-431,413],[30,743],[-213,9]],[[73949,63030],[226,-11],[-56,-138],[-170,149]],[[6035,89857],[386,75],[228,531],[451,3],[4,-404],[-509,-11],[3,-480],[-566,-120],[3,406]],[[62616,75247],[-150,280],[291,193],[158,-172],[-79,-395],[-220,94]],[[36341,80179],[286,-6],[-2,-89],[-286,10],[2,85]],[[40827,79836],[103,284],[391,-84],[36,-413],[-530,-1],[0,214]],[[35392,82199],[260,75],[0,-199],[-260,124]],[[44231,9705],[-704,-298]],[[43527,9407],[-54,218],[292,203],[466,-123]],[[36541,14547],[173,20],[84,-149],[-276,75],[19,54]],[[39582,41844],[161,-13]],[[39743,41831],[149,80]],[[39892,41911],[11,-1]],[[39903,41910],[43,3]],[[39946,41913],[76,62]],[[40022,41975],[122,79]],[[40144,42054],[244,-56]],[[40388,41998],[82,-64]],[[40470,41934],[571,-100],[264,-357],[367,-150],[-182,-352],[341,-227]],[[41831,40748],[87,-465],[164,-174]],[[42082,40109],[-182,-384],[-596,72],[-676,346],[-25,-312],[-438,-24],[-76,391],[-704,74],[150,202],[723,-60],[99,219],[-461,17],[59,296],[-282,129],[-155,292],[64,477]],[[41058,40594],[163,-293],[363,-172],[83,613],[-609,-148]],[[43952,46914],[24,-71]],[[43976,46843],[-62,-164],[-481,26],[17,238],[502,-29]],[[2187,20720],[543,-49],[162,-509]],[[2892,20162],[-383,157]],[[2509,20319],[-330,321]],[[2179,20640],[8,80]],[[6639,23131],[-36,-201]],[[6603,22930],[-508,60]],[[6095,22990],[-37,202]],[[6058,23192],[56,281],[487,-50],[38,-292]],[[1434,20923],[578,116]],[[2012,21039],[182,-232]],[[2194,20807],[-7,-87]],[[2179,20640],[-412,151],[-344,-105]],[[1423,20686],[11,237]],[[6166,58342],[165,25],[90,-71],[-254,2],[-1,44]],[[17573,56961],[274,207],[507,-8],[198,-206],[-85,-203],[-563,-91],[-331,301]],[[16786,53843],[113,65],[-19,156],[160,-173],[-159,-68],[-95,20]],[[24103,44132],[184,-92]],[[24287,44040],[354,-33],[-40,-525],[203,-225],[-359,-331],[25,-294],[240,-122],[497,97],[478,-105],[44,-303],[-256,-417],[-251,-146],[-717,202],[33,251]],[[24538,42089],[-260,-336],[-358,11],[-144,-248],[-750,158],[25,228],[-436,361],[-427,56],[180,332],[54,380],[277,-22],[312,600],[58,515],[452,44],[138,-416],[405,2],[39,378]],[[24538,42089],[302,-29],[269,205],[-481,235],[-90,-411]],[[16337,48779],[236,-34],[-26,-294],[-154,8],[-56,320]],[[11089,44690],[163,10],[27,-185],[-178,-8],[-12,183]],[[76409,79688],[330,-188],[-1,-331]],[[76738,79169],[-335,-172],[-388,-4],[-232,-180],[-316,-6],[144,527],[-139,309],[937,45]],[[89197,83779],[438,1],[1,-374],[-438,-4],[-1,377]],[[7138,41939],[666,64],[94,-132],[-760,68]],[[80141,57074],[-20,5]],[[80121,57079],[-16,251],[307,-131],[-271,-125]],[[80232,61703],[287,-13],[71,-240],[-299,-168],[-59,421]],[[78600,61972],[600,-46]],[[79200,61926],[-147,-294],[-453,340]],[[2512,70582],[335,-160],[-1,-306],[-334,103],[0,363]],[[8454,68705],[467,0],[1,-202],[-468,0],[0,202]],[[506,65643],[85,96],[233,-297],[-316,2],[-2,199]],[[53198,21067],[61,228],[326,-27],[-192,-376],[-195,175]],[[49571,58135],[238,-10],[-35,-192],[-203,202]],[[46136,57697],[129,-51],[-97,-72],[-32,123]],[[16879,25108],[167,114],[22,-76],[-170,-126],[-19,88]],[[17209,31413],[102,28]],[[17311,31441],[217,65],[152,-200],[-172,-25],[-102,125],[-197,7]],[[16329,24490],[245,22],[-174,-175],[-71,153]],[[65549,72173],[-5,198],[317,-4],[7,-171],[-319,-23]],[[71597,69911],[283,100],[68,-278],[-292,-98],[-59,276]],[[36272,65726],[444,2],[7,-806],[-441,2],[-10,802]],[[33160,64323],[70,-40],[-57,-76],[-64,38],[51,78]],[[31229,68958],[560,10],[-1,-404],[-564,2],[5,392]],[[56172,55282],[376,135],[-20,-573],[-270,192],[-86,246]],[[60954,57852],[340,-11],[-34,-72],[-219,-73],[-87,156]],[[57199,52252],[222,43],[-28,-200],[-194,157]],[[62543,47996],[178,221],[294,-200],[-9,-255],[-473,56],[10,178]],[[82177,42238],[-2,187],[155,-1],[-30,-258],[-123,72]],[[77809,39248],[22,112],[157,-1],[-23,-182],[-156,71]],[[10334,56271],[-38,0]],[[10296,56271],[-104,409],[-323,-3],[-1,347],[606,238],[276,-366],[-386,-132],[-30,-493]],[[29852,49433],[101,201],[206,-15],[-11,-204],[-296,18]],[[13990,11408],[134,201],[217,-148],[-180,-259],[-171,206]],[[45388,71777],[546,-32],[-7,-525],[-541,254],[2,303]],[[45595,66931],[100,0],[-3,-192],[-98,-1],[1,193]],[[73303,40637],[353,-13],[-7,-216],[-345,33],[-1,196]],[[77996,44293],[283,-42],[-149,-222],[-134,264]],[[78199,45729],[499,71],[70,-183],[-569,112]],[[81729,43825],[324,126],[-7,-344],[-317,218]],[[25298,69939],[231,0],[-1,-208],[-231,-2],[1,210]],[[23056,70876],[225,103],[1,-310],[-228,0],[2,207]],[[51159,75582],[270,134],[3,-283],[-273,149]],[[58271,39431],[564,28],[-40,-475],[-436,32],[-88,415]],[[5881,30485],[554,11],[-175,-201],[-39,-353],[-195,223],[192,224],[-337,96]],[[21056,25500],[152,-153],[79,-258],[-260,117],[29,294]],[[68022,49913],[109,-92],[-96,-58],[-13,150]],[[28238,26332],[207,47],[35,-168],[-219,29],[-23,92]],[[24652,17863],[395,-4],[-103,-210],[-292,214]],[[20083,65933],[253,69],[2,-204],[-255,135]],[[6515,34951],[360,92],[153,-378],[-449,-61],[-64,347]],[[72876,84387],[178,372],[271,4]],[[73325,84763],[63,-293],[267,-88]],[[73655,84382],[-16,-347],[-249,-8]],[[73390,84027],[-511,196]],[[72879,84223],[-3,164]],[[68912,84376],[58,319],[455,268],[343,474],[-100,229],[-202,-13]],[[69466,85653],[47,96],[1094,67],[331,99],[5,486]],[[70943,86401],[554,-118],[826,392],[473,476],[1438,730]],[[74234,87881],[826,322],[62,396]],[[75122,88599],[903,812]],[[76025,89411],[228,-278],[97,-451],[-410,-313],[486,-457]],[[76426,87912],[-317,-7]],[[76109,87905],[-224,4]],[[75885,87909],[-825,-12],[-157,-397],[164,-406]],[[75067,87094],[-153,-414],[96,-235]],[[75010,86445],[204,-176],[2,-416],[183,-16],[103,-383],[624,-11]],[[76126,85443],[0,-413],[-201,-506]],[[75925,84524],[-317,-1]],[[75608,84523],[-294,174],[-103,318],[-705,-10],[-420,-80]],[[74086,84925],[-410,65],[1,200]],[[73178,85390],[-208,-323],[355,-304]],[[72876,84387],[-1139,-22]],[[71737,84365],[136,474],[-156,123],[-76,631],[-590,-491]],[[71051,85102],[-115,9],[-6,-114]],[[70930,84997],[-9,-639]],[[70921,84358],[-265,2]],[[70656,84360],[-984,40],[-451,-617],[-224,-202],[-390,348],[305,447]],[[78619,86666],[1106,-3]],[[79725,86663],[221,-91],[-29,-791],[-199,-61],[-6,-340]],[[79712,85380],[-328,15],[-132,188],[-626,-55]],[[78626,85528],[-7,1138]],[[71051,85102],[-121,-105]],[[76737,84521],[-65,0]],[[76672,84521],[-449,261],[126,178],[428,-134],[-40,-305]],[[77447,83901],[12,622]],[[77459,84523],[832,6]],[[78291,84529],[562,7]],[[78853,84536],[-23,-629],[870,-12]],[[79700,83895],[-1,-114]],[[79699,83781],[6,-1386]],[[79705,82395],[-467,12]],[[79238,82407],[-168,2]],[[79070,82409],[-728,11]],[[78342,82420],[-158,566],[-462,-16],[-277,286]],[[77445,83256],[2,645]],[[39301,48957],[-55,-35]],[[39246,48922],[55,35]],[[39231,48970],[-271,155]],[[38960,49125],[266,200],[5,-355]],[[84647,87997],[244,3],[-57,-92],[-194,-3],[7,92]],[[92722,45705],[13,451],[539,-66],[53,-442],[199,-119],[62,-372],[-438,-14],[-432,-139],[4,701]],[[77617,35207],[202,4],[69,-121],[-121,-87],[-32,164],[-118,40]],[[82332,50782],[428,-175],[-210,-281],[-218,456]],[[87704,45378],[97,156],[180,13],[-38,-201],[-239,32]],[[15100,78399],[113,-5],[17,-80],[-130,-2],[0,87]],[[67598,74797],[330,0],[-1,-104],[-183,-29],[-146,133]],[[19407,68069],[550,11],[-119,-240],[-428,25],[-3,204]],[[2892,20162],[18,-26]],[[2910,20136],[371,-575],[783,-255],[228,-194]],[[4292,19112],[282,-254],[516,105]],[[5090,18963],[473,245]],[[5563,19208],[26,324],[-657,43],[12,409]],[[4944,19984],[42,229],[-339,256]],[[4647,20469],[-57,361]],[[4590,20830],[335,15],[130,363]],[[5055,21208],[457,63],[64,921]],[[5576,22192],[239,258]],[[5815,22450],[300,82]],[[6115,22532],[294,-16],[301,216]],[[6710,22732],[84,-308],[782,-175],[14,171]],[[7590,22420],[17,127]],[[7607,22547],[5,144]],[[7612,22691],[263,122]],[[7875,22813],[181,-57]],[[8056,22756],[182,6]],[[8354,22760],[122,-179]],[[8476,22581],[107,-116]],[[8583,22465],[44,-83]],[[8627,22382],[-77,-204]],[[8872,21947],[205,-12]],[[9077,21935],[434,172]],[[9511,22107],[270,-529]],[[9781,21578],[286,-205]],[[10067,21373],[153,-144]],[[10220,21229],[43,-97]],[[10263,21132],[-4,-42]],[[10399,20944],[-7,-65]],[[10392,20879],[-288,-61]],[[10104,20818],[-10,1]],[[10094,20819],[-431,35],[89,-421]],[[9752,20433],[117,-257],[-103,-501]],[[9766,19675],[199,22],[467,-228],[-13,-155]],[[10419,19314],[43,-273]],[[10462,19041],[-124,-302]],[[10338,18739],[-372,142]],[[9966,18881],[-310,231],[-192,-275],[212,-277],[-465,-437],[-214,582],[7,597],[-288,565],[-235,165],[-353,31],[-242,-132],[-298,-400],[-371,-246],[-347,-42],[-609,201],[-495,-484],[-687,-222],[-428,-19],[-287,93],[-416,417],[-916,350],[-523,740]],[[7761,21700],[-92,271],[-184,-178]],[[7485,21793],[-175,-98],[-41,-449],[550,-20],[-58,474]],[[8738,21609],[-172,28]],[[8566,21637],[-189,-272],[-292,-123],[25,-460],[662,-64],[190,534],[-224,357]],[[78382,67994],[226,-10],[-9,-206],[-211,-30],[-6,246]],[[6332,37671],[463,8],[81,-239],[-358,-60],[-186,291]],[[62869,61379],[101,19],[26,-107],[-122,1],[-5,87]],[[33644,88872],[336,148],[-1,-707],[-229,-3],[-106,562]],[[80154,75528],[155,99],[837,48],[-86,-395],[507,-323],[-1413,15],[0,556]],[[23034,38994],[171,70],[-12,-175],[-159,105]],[[86595,55718],[109,165],[-74,150],[187,74],[-4,-256],[-218,-133]],[[76349,82461],[400,-13]],[[76749,82448],[-2,-404],[-277,-197]],[[76470,81847],[-193,270],[72,344]],[[10462,19041],[288,-338]],[[10750,18703],[-134,-426]],[[10616,18277],[-323,188],[45,274]],[[5739,24465],[213,170]],[[5952,24635],[-2,-41]],[[5950,24594],[-5,-84]],[[5945,24510],[-43,-630]],[[5902,23880],[-171,0]],[[5731,23880],[8,585]],[[20456,40687],[-120,-93]],[[20336,40594],[-181,-294],[-754,54],[590,515]],[[7316,54159],[368,106],[-2,-199],[-366,93]],[[70560,82463],[1860,6]],[[72420,82469],[9,-2062]],[[72429,80407],[-1870,-22]],[[70559,80385],[1,2078]],[[78351,76791],[0,114]],[[78351,76905],[662,2],[168,-460]],[[79181,76447],[-11,-331],[-297,5],[12,324],[-297,-27],[-8,-292],[-299,3]],[[78281,76129],[70,662]],[[52728,34306],[239,-12],[-19,-199],[-168,-12],[-52,223]],[[76409,79688],[9,524],[157,207],[858,-14]],[[77433,80405],[-1,-1421]],[[77432,78984],[-696,6],[2,179]],[[27951,13487],[91,219],[180,-208],[-271,-11]],[[83611,71282],[309,116],[15,-261],[-324,145]],[[98381,62969],[44,-414]],[[98425,62555],[-241,-199]],[[98184,62356],[-343,416],[-39,199]],[[97802,62971],[579,-2]],[[38150,48382],[-134,681],[447,-173],[433,51],[64,184]],[[39231,48970],[15,-48]],[[39301,48957],[226,-378],[701,-27]],[[40228,48552],[-4,-43]],[[40224,48509],[-4,-108]],[[40220,48401],[-41,-1123],[-372,18]],[[39807,47296],[-9,-43]],[[39798,47253],[-77,-40]],[[39721,47213],[-25,-35]],[[39696,47178],[-31,-54]],[[39665,47124],[7,-118]],[[39672,47006],[2,-224],[-696,90],[-347,-150]],[[38631,46722],[-12,-43]],[[38619,46679],[-53,-66]],[[38566,46613],[20,-87]],[[38586,46526],[-17,-90]],[[38569,46436],[-111,-12]],[[38458,46424],[-68,190],[-338,-52]],[[38052,46562],[-49,-21]],[[38003,46541],[-291,209]],[[37712,46750],[-95,872],[596,96],[-63,664]],[[68528,30579],[285,-55],[-12,-296],[-291,11],[18,340]],[[90996,77339],[1,989],[1967,7],[240,-204],[-3,-1727],[-2204,4],[-1,931]],[[47538,70148],[297,0],[-4,-253],[-295,2],[2,251]],[[10781,24648],[56,-8]],[[10837,24640],[204,12]],[[11041,24652],[-46,-308]],[[10995,24344],[-179,5]],[[10816,24349],[-317,135]],[[10499,24484],[282,164]],[[76,20991],[253,327],[436,5],[-691,-468],[2,136]],[[11589,23194],[62,-225]],[[11651,22969],[-224,-36],[162,261]],[[4986,19327],[104,-364]],[[4292,19112],[694,215]],[[93050,80378],[-715,1],[-377,226],[-325,575],[-2,818],[474,-1],[28,-205],[395,-181],[423,-797],[99,-436]],[[96282,77800],[605,-46],[3,-563],[-495,-348],[-84,238],[-29,719]],[[96506,79168],[121,133],[637,3],[1,-191],[-635,-33],[-124,88]],[[11748,18371],[478,364],[509,-144],[375,86],[-25,-594],[-205,101],[-1142,84],[10,103]],[[48320,87907],[4,-161]],[[48324,87746],[-484,-162],[-35,254],[515,69]],[[23546,14981],[183,227],[533,225],[496,-94],[38,-485],[-209,-243],[-655,-80],[-386,450]],[[35236,76384],[1,102],[891,-153],[-3,-235],[-892,6],[3,280]],[[45854,85137],[36,66],[210,-9],[-23,-63],[-223,6]],[[38631,55497],[301,-4],[-83,-211],[-218,215]],[[37109,38011],[352,377],[375,-576],[-454,0],[-273,199]],[[39709,8362],[283,146],[181,-183],[-121,-386],[-309,145],[-34,278]],[[57851,56049],[25,212],[150,-62],[-175,-150]],[[60741,72427],[712,-3],[-6,-503],[-524,-4],[-180,153],[-2,357]],[[65230,48342],[-55,81]],[[65175,48423],[161,146],[34,-243],[-140,16]],[[60371,25775],[181,118],[143,-139],[-340,-82],[16,103]],[[91446,35621],[452,120],[19,-622],[-471,502]],[[75278,48882],[327,37],[-92,-242],[-235,205]],[[97955,66007],[140,186],[358,15],[-18,-402],[-280,2],[-200,199]],[[49987,45682],[1097,-52],[-28,-469],[-231,-200]],[[50825,44961],[-436,41],[-402,680]],[[30767,43386],[-8,278],[188,256],[362,-255],[-370,-447],[-172,168]],[[65873,43239],[187,30],[154,386],[567,-55],[181,-248],[-11,-385],[-992,42]],[[65959,43009],[-86,230]],[[45654,6678],[151,-1],[261,-623],[-198,-723],[-200,718],[-14,629]],[[88755,75442],[0,116],[1075,8],[-149,-426],[-925,-35],[-1,337]],[[49344,43455],[451,56],[-102,-288],[-365,23],[16,209]],[[13614,87654],[375,102],[167,-300],[-540,-106],[-2,304]],[[43441,32774],[281,-37]],[[43722,32737],[-29,-219],[-327,19],[75,237]],[[92981,46569],[69,166],[292,23],[-3,-188],[-209,-128],[-149,127]],[[94542,77285],[329,91]],[[94871,77376],[152,-405]],[[95023,76971],[-481,314]],[[6618,29052],[235,99],[-27,-191],[-208,92]],[[20302,90228],[379,106],[7,-255],[-386,-57],[0,206]],[[15600,69407],[221,-42],[-174,-141],[-47,183]],[[62171,40636],[238,8],[-58,-66],[-183,9],[3,49]],[[75745,38800],[218,99],[21,-294],[-249,9],[10,186]],[[83220,46262],[247,161],[-9,-313],[-238,152]],[[26288,73282],[292,4],[-62,781],[133,423],[155,0],[289,616],[307,-204],[1128,-10],[-77,-321],[193,-166],[-1,-739],[-693,10],[-51,-375],[-269,-29],[-329,-406],[-1,-277],[-334,-126],[-10,571],[-545,-132],[-125,380]],[[23952,71595],[223,-13],[1,-298],[-223,2],[-1,309]],[[97609,63551],[275,-48],[452,-292]],[[98336,63211],[45,-242]],[[97802,62971],[-437,19],[0,715],[244,-154]],[[63664,37394],[160,-77],[-9,-144],[-127,4],[-24,217]],[[91186,67417],[920,4],[-125,-606],[-800,123],[5,479]],[[35900,32556],[225,-143],[328,119],[198,-484],[-486,-265],[-265,773]],[[23690,23515],[386,160],[-51,-572],[-335,412]],[[10558,64442],[173,242],[300,46],[63,-469],[-478,28],[-58,153]],[[381,40660],[398,210],[5,-354],[-324,-65],[-79,209]],[[77459,85626],[343,-37]],[[77802,85589],[-344,1]],[[77458,85590],[1,36]],[[56988,66374],[229,6],[-1,-151],[-227,5],[-1,140]],[[38610,79548],[412,2],[-144,-286],[-267,-5],[-1,289]],[[18818,20745],[181,71],[-23,-234],[-158,163]],[[54102,42361],[222,201],[332,56],[-36,-460],[-353,2],[-165,201]],[[5945,24510],[331,-184]],[[6276,24326],[-2,-25]],[[6274,24301],[518,44]],[[6760,23935],[-325,-278],[-556,-143]],[[5879,23514],[23,366]],[[91455,70153],[206,-70]],[[91661,70083],[-73,-322],[-348,0],[-11,237],[226,155]],[[9502,26000],[141,112],[89,-142],[-241,-138]],[[9491,25832],[11,168]],[[67123,62313],[431,-1],[0,-100],[-310,5],[-121,96]],[[24670,58984],[542,85],[-7,-310],[-345,-3],[-190,228]],[[26531,57638],[140,177],[312,-205],[-225,-293],[-227,321]],[[8565,23654],[21,-383]],[[8261,23270],[-48,167]],[[8213,23437],[352,217]],[[92034,62065],[245,251],[676,-23],[-11,-356],[-563,-22],[-347,150]],[[7902,65545],[141,-102],[0,-127],[-140,1],[-1,228]],[[64121,70603],[269,-19],[-77,-59],[-190,-31],[-2,109]],[[68450,63535],[42,211],[195,3],[53,-190],[-290,-24]],[[39039,67782],[440,1],[6,-421],[-431,-1],[-15,421]],[[60398,43255],[177,146],[61,-125],[-238,-21]],[[5869,33142],[302,183],[5,-362],[-307,179]],[[27973,33656],[65,14],[15,207],[117,13],[-11,-139],[-92,2],[9,-185],[-103,88]],[[97365,66835],[214,44],[-20,-218],[-194,-1],[0,175]],[[37851,57391],[346,216],[-28,-435],[-318,219]],[[19726,71424],[333,4],[228,-406],[-367,-133],[4,259],[-198,276]],[[11942,70153],[334,30],[0,-227],[-332,-117],[-2,314]],[[78343,91267],[59,73]],[[78402,91340],[-61,-121]],[[78341,91219],[2,48]],[[91164,63450],[234,324],[196,-335],[-196,-167],[-234,178]],[[26910,91384],[206,214]],[[92811,40462],[-6,253],[211,330],[447,-340],[-652,-243]],[[62387,27798],[320,294],[-12,-303],[-308,9]],[[21782,84119],[219,178],[452,-49],[0,-188],[-671,59]],[[23586,82554],[440,5],[14,-271],[-446,-146],[-8,412]],[[91322,59235],[177,245],[222,-295],[-385,-132],[-14,182]],[[94885,60980],[440,-3],[-28,-612],[-415,210],[3,405]],[[12693,41607],[447,10]],[[13140,41617],[212,352]],[[13352,41969],[-2,73]],[[13350,42042],[41,106]],[[13391,42148],[398,109]],[[13789,42257],[102,178],[496,-85],[46,-276]],[[14433,42074],[21,-358],[-173,-128]],[[14281,41588],[-136,-16]],[[14145,41572],[-998,-104]],[[13147,41468],[-384,-38],[-70,177]],[[13161,39060],[242,-55]],[[13403,39005],[-27,8]],[[13376,39013],[227,212]],[[13603,39225],[-4,-216],[304,-113],[364,405],[-350,241],[-39,258]],[[13878,39800],[281,57],[77,260]],[[14236,40117],[152,-101]],[[14388,40016],[-36,-323],[217,-707],[389,-15],[-60,456],[35,597]],[[14933,40024],[97,305]],[[15030,40329],[75,337],[290,-22],[47,-711]],[[15442,39933],[-28,-313]],[[15414,39620],[398,173]],[[15812,39793],[97,-6]],[[15909,39787],[110,-212]],[[16019,39575],[129,61]],[[16148,39636],[155,129]],[[16303,39765],[232,329],[371,36]],[[16906,40130],[-46,-571]],[[16860,39559],[-566,7],[-97,-207],[-445,93],[-326,-363],[63,-235],[273,-151],[625,286],[139,341],[315,-17]],[[16841,39313],[-28,-432]],[[16813,38881],[-964,-430],[29,-423],[394,-162],[-9,-306],[-232,-250],[509,-23]],[[16540,37287],[-27,-216],[-462,-26],[-149,-188],[-576,-114]],[[15326,36743],[-84,384],[-187,97],[-398,-99]],[[14657,37125],[-182,-91]],[[14475,37034],[-421,132],[-272,-250],[-186,-570],[-393,-5],[-20,310]],[[13183,36651],[-123,-37]],[[13060,36614],[-21,-143]],[[13039,36471],[-89,-132]],[[12950,36339],[-365,-8]],[[12585,36331],[76,332],[285,196],[115,296],[-525,-5]],[[12738,37563],[-232,411],[-463,319],[5,311],[731,71],[38,348],[344,37]],[[34777,74066],[41,155],[184,-54],[-77,-112],[-148,11]],[[79231,67338],[-241,11],[63,296],[243,-8],[-74,-207]],[[83027,58456],[28,165],[209,-23],[-1,-214],[-236,72]],[[39476,36222],[337,8],[-182,-318],[-155,310]],[[46229,17728],[262,-38],[32,-311],[-195,0],[-99,349]],[[79704,81373],[1,1022]],[[79705,82395],[642,-9]],[[80347,82386],[960,-12]],[[81307,82374],[563,-5],[1,-2017]],[[81871,80352],[-2169,39]],[[79702,80391],[2,982]],[[42922,62586],[187,26],[-35,-297],[-117,4],[-35,267]],[[91588,79291],[345,-13],[26,551],[-406,46]],[[91553,79875],[507,188],[470,66],[680,-269]],[[93210,79860],[9,-3]],[[93219,79857],[69,3]],[[93288,79860],[59,-1]],[[93347,79859],[89,3]],[[93436,79862],[364,2],[253,187]],[[94053,80051],[249,-316]],[[94302,79735],[9,-99]],[[94311,79636],[77,-81]],[[94388,79555],[85,-255]],[[94473,79300],[-182,-297],[553,-2]],[[94844,79001],[1,-56]],[[94845,78945],[-730,39],[291,-269]],[[94406,78715],[12,-13]],[[94418,78702],[-95,-28]],[[94323,78674],[-12,-125]],[[94311,78549],[-199,146],[-508,-140]],[[93604,78555],[-160,225],[-986,37],[-779,238],[-91,236]],[[76749,82448],[28,0]],[[76777,82448],[666,-11]],[[77443,82437],[-4,-611],[227,-1],[114,-626]],[[77780,81199],[225,-800]],[[78005,80399],[-572,6]],[[77433,80405],[2,404],[-691,73],[-155,754],[-119,211]],[[14274,81775],[306,9],[-60,-113],[-248,-71],[2,175]],[[77562,67294],[-67,-270],[115,-379]],[[77610,66645],[115,-588]],[[77725,66057],[-85,-98]],[[77640,65959],[-275,23],[-132,-636],[-173,8]],[[77060,65354],[-73,3]],[[76987,65357],[-260,-184]],[[76727,65173],[-6,-12]],[[76721,65161],[-238,-141]],[[76483,65020],[-10,-79]],[[76473,64941],[-197,101],[137,465],[-27,354],[-277,46],[6,515],[-295,11],[-400,581],[-253,-149],[-255,147],[144,459],[1060,-322],[134,309],[306,-28],[108,326],[684,-133],[214,-329]],[[76569,65475],[447,-12],[21,521],[-225,-27],[-21,-383],[-222,-99]],[[25427,33025],[169,-146],[-172,-58],[3,204]],[[28861,59060],[363,143],[35,-346],[-335,-38],[-63,241]],[[15764,10896],[243,35],[-4,-193],[-239,158]],[[8878,22023],[199,-88]],[[86913,31069],[334,266],[283,76],[-489,-397],[-128,55]],[[34326,48590],[157,-40],[-138,-93],[-19,133]],[[80484,58038],[296,-71],[181,44],[-6,-129],[-379,61],[-92,95]],[[27102,76629],[229,1],[1,-203],[-230,0],[0,202]],[[38610,39195],[142,98],[125,-1],[-43,-158],[-224,61]],[[32231,80162],[337,110],[-7,-287],[-330,177]],[[7059,23223],[-301,-63]],[[6758,23160],[15,224],[226,14],[60,-175]],[[99035,79045],[318,-18],[283,-203]],[[99996,78770],[-1,-706],[-825,-5],[82,757],[-217,229]],[[12946,25440],[169,-345],[-201,-576],[146,-182]],[[13060,24337],[-317,184]],[[12743,24521],[199,538],[-235,119]],[[36728,79554],[282,111],[-3,-367],[-233,-2],[-46,258]],[[7449,56884],[236,86],[9,-198],[-245,112]],[[19428,22043],[342,370],[231,-11],[-63,-931],[-365,23],[-183,237],[38,312]],[[73748,68276],[495,-20],[175,-106],[-670,30],[0,96]],[[68673,35132],[351,-433]],[[69024,34699],[-427,183],[76,250]],[[20155,44381],[70,97],[364,-20],[-123,-198],[-208,-65],[-103,186]],[[9256,43760],[333,-1],[1,-235],[-333,-2],[-1,238]],[[32927,71054],[62,417],[710,51],[-33,-514],[-739,46]],[[33010,33772],[142,154],[241,-366],[-369,-59],[-14,271]],[[23736,72868],[336,2],[-1,-202],[-335,-2],[0,202]],[[78229,81107],[-199,4]],[[78030,81111],[3,200],[296,15],[-100,-219]],[[33153,18893],[332,-4],[-58,-290],[-237,8],[-37,286]],[[4295,42002],[306,0],[-19,-147],[-287,147]],[[51133,19841],[439,56],[-15,-198],[-424,142]],[[39325,52462],[153,886],[477,510],[508,99],[484,-659],[271,120],[585,-641],[101,-365],[-516,306],[-593,-97],[28,-357],[400,-17],[-134,-660],[302,-27],[250,269],[244,-279],[137,-351],[-125,-191],[-412,24],[-784,899],[-1092,63],[109,314],[-393,154]],[[61876,33348],[215,-12],[-20,-298],[-219,7],[24,303]],[[96087,52763],[174,60],[74,140],[140,-200],[-388,0]],[[8835,91348],[280,-13],[1,-141],[-274,-85],[-7,239]],[[19592,50806],[507,-31],[0,-311],[-406,53],[-101,289]],[[35614,79424],[-43,233],[265,-68],[-3,-244],[-219,79]],[[58375,3265],[138,-5]],[[58513,3260],[4,-476],[-291,16],[149,465]],[[78479,54773],[336,159],[98,-348],[-206,-48],[-228,237]],[[5836,22795],[6,92]],[[5842,22887],[253,103]],[[6603,22930],[107,-198]],[[6115,22532],[-293,20]],[[5822,22552],[14,243]],[[27751,42706],[337,64],[220,-205],[-554,52],[-3,89]],[[63368,34077],[196,82],[9,-252],[-215,35],[10,135]],[[71151,22102],[404,3],[-266,-306],[-138,303]],[[76538,42467],[445,-63],[-398,-269],[-47,332]],[[6073,40593],[242,216],[375,-310],[11,-209],[-389,-120],[118,329],[-357,94]],[[70297,62145],[501,67],[-216,-228],[-285,161]],[[79132,72323],[515,2],[47,-668],[-148,-363],[-17,-351]],[[79529,70943],[-452,-88]],[[79077,70855],[55,1468]],[[36379,83899],[246,160],[365,-18],[-378,-312],[-233,170]],[[41099,84517],[123,155],[159,-213],[-282,58]],[[24571,34896],[-3,-37]],[[24568,34859],[-161,-376],[-863,373],[23,240],[327,119],[659,-55],[18,-264]],[[61889,78509],[435,153],[-6,-424],[-431,1],[2,270]],[[87768,40332],[99,221],[220,-1],[83,-228],[-402,8]],[[29475,56014],[350,22],[68,-297],[-292,-87],[-126,362]],[[46537,84066],[506,-10],[9,-275],[-504,-115],[-11,400]],[[98837,71746],[330,146],[-56,-307],[-274,161]],[[84081,60182],[208,79],[-17,-171],[-191,92]],[[53300,39328],[148,150],[58,-194],[-206,44]],[[91241,49759],[100,33],[223,-6],[-75,-87],[-248,60]],[[33365,7253],[44,169],[231,-53],[-64,-185],[-211,69]],[[55435,38103],[238,7],[-23,-151],[-226,14],[11,130]],[[41735,76337],[422,1],[-120,-407],[-303,-4],[1,410]],[[78151,91029],[192,238]],[[78341,91219],[-190,-190]],[[26976,81982],[462,-21],[7,-396],[-475,1],[6,416]],[[17112,92321],[190,107],[345,-99],[4,-208],[-485,-5],[-54,205]],[[46629,55963],[178,-5],[-11,-153],[-170,-18],[3,176]],[[6226,28741],[3,-272]],[[6229,28469],[157,162]],[[6386,28631],[116,-73]],[[6502,28558],[-296,-407],[543,-71],[-60,-637],[250,-157],[332,-24],[92,-449]],[[7363,26813],[14,-747],[-410,185],[34,505],[-425,158],[-186,-366],[-1094,-70]],[[5296,26478],[307,258],[84,404],[-305,233],[-469,-162],[-438,7],[221,364],[-5,681],[214,39],[1,340],[476,420],[844,-321]],[[52599,203],[201,-104],[1027,305],[226,-112],[-801,-279],[-721,-13]],[[52531,0],[68,203]],[[29267,69946],[220,63],[-6,-413],[-210,2],[-4,348]],[[77252,28902],[495,-203],[349,320],[278,116],[444,-269],[296,-7],[174,-416],[-184,-635],[-421,289],[-476,22],[-270,-154],[-281,118],[-104,571],[-277,-38],[-23,286]],[[94049,96954],[43,-338]],[[94092,96616],[-43,338]],[[93980,97390],[-263,-166],[233,-228]],[[93950,96996],[-102,-487],[-380,-123],[-228,273],[-71,456],[-444,197],[-73,245],[607,327],[187,224],[523,-60],[11,-658]],[[78287,90109],[739,453],[243,469],[38,1053]],[[79307,92084],[469,357]],[[79776,92441],[-4,-77]],[[79772,92364],[-50,-1556],[438,-236]],[[80160,90572],[79,-259]],[[80239,90313],[-358,-211],[-364,168],[-176,-226]],[[79341,90044],[-661,-487],[-210,3]],[[78470,89560],[-151,476]],[[78319,90036],[-32,73]],[[32349,15037],[193,78],[192,333],[393,-160],[-220,-368],[-558,117]],[[9586,42019],[230,40],[76,-118],[-304,-48],[-2,126]],[[66647,67852],[-82,308],[81,511],[561,-5],[322,178],[17,-433],[408,-52],[15,-718],[-182,-325],[-473,-514],[222,-188],[9,-374],[-562,286],[-123,-334],[2,-591],[-397,-16],[254,623],[-4,402],[-132,418],[-347,84],[-39,596],[450,144]],[[52175,40515],[191,-131],[130,-31],[285,-10],[67,11],[4,41],[76,-39],[100,16],[-12,-178],[-227,-23],[-3,-36],[-85,4],[2,35],[67,11],[52,57],[41,111],[-88,-14],[-319,13],[-287,66],[6,97]],[[15680,35517],[232,-5],[-28,-434],[522,-57],[135,336]],[[16541,35357],[-61,-835]],[[16480,34522],[-11,-280]],[[16469,34242],[28,-268],[-921,76],[-569,-647],[72,-211],[-672,85],[-155,426],[420,50],[440,-135],[54,846],[222,9],[14,635],[251,-8],[27,417]],[[76126,85443],[283,2]],[[76409,85445],[61,-349],[766,-139],[0,279]],[[77236,85236],[149,-1]],[[77385,85235],[65,-713]],[[77450,84522],[-713,-1]],[[76672,84521],[-121,0]],[[76551,84521],[-626,3]],[[45592,60268],[687,16],[16,249],[471,70],[175,-289],[-450,-35],[-23,-264],[329,-87],[0,-248],[-1202,319],[11,102]],[[64650,44285],[74,373],[308,536],[244,-110],[-287,-542],[25,-134]],[[65014,44408],[351,-52],[-23,-462],[346,-80]],[[65688,43814],[234,-124],[-49,-451]],[[65959,43009],[-144,-703],[-526,2],[-110,-174]],[[65179,42134],[-215,7]],[[64964,42141],[129,123],[-245,465],[162,444],[-23,568],[-309,-79],[-155,290],[127,333]],[[46198,39547],[40,117]],[[46238,39664],[219,-26]],[[46457,39638],[173,-14]],[[46630,39624],[381,125]],[[47011,39749],[66,-6]],[[47077,39743],[-331,-222],[129,-237],[-115,-307],[-488,-53],[-74,623]],[[57282,68413],[149,266],[18,640],[281,379],[708,-15],[207,-249],[440,-163],[-216,-404],[431,-21],[222,-199],[-232,-271],[-441,128],[-249,-172],[-197,131],[-450,6],[-2,-410],[-669,354]],[[8704,23175],[114,232],[597,-204]],[[9415,23203],[136,-274]],[[9379,22836],[-441,-70],[-94,-288],[-217,-96]],[[8583,22465],[-106,135]],[[8477,22600],[179,197]],[[86945,45240],[292,56],[-5,-363],[-278,48],[-9,259]],[[37898,28057],[355,93],[-131,-339],[-224,246]],[[21320,57887],[379,49],[-44,-458],[-221,-26],[-114,435]],[[29625,67154],[598,-5],[115,407],[303,-3],[17,-607],[-701,0],[-332,208]],[[25889,25716],[245,223],[379,-120],[-476,-367],[-148,264]],[[21506,56548],[439,149],[-22,-365],[-336,10],[-81,206]],[[34174,21546],[72,17],[-20,-92],[-52,75]],[[87639,65665],[107,103],[387,-167],[-54,-108],[-440,172]],[[79725,88212],[1153,-3],[82,-347],[612,-4],[-43,-1017],[-245,-188],[-1559,10]],[[79725,86663],[0,1549]],[[93825,46761],[-102,-101]],[[93723,46660],[-229,56],[60,151],[271,-106]],[[10628,20664],[43,87]],[[10671,20751],[146,12]],[[10817,20763],[-189,-99]],[[58352,80136],[358,50],[-5,-148],[-352,-77],[-1,175]],[[34885,61147],[330,-96],[-221,-209],[-109,305]],[[18787,33763],[102,144],[149,-146],[-155,-197],[-96,199]],[[25829,66788],[440,0],[-20,-358],[-413,64],[-7,294]],[[58973,84663],[12,-593]],[[58985,84070],[13,-606],[-230,10],[-430,-200],[-550,544],[-718,310],[-298,-52],[-12,325],[353,198],[942,94],[918,-30]],[[4110,32545],[201,-141],[-179,-98],[-22,239]],[[80834,39039],[299,64],[-113,-298],[-186,234]],[[7824,30114],[142,134],[76,411],[339,-127],[605,10],[-361,-642],[5,-430],[-646,-17],[-160,661]],[[67971,83152],[127,62]],[[68098,83214],[-51,48]],[[68047,83262],[348,-10],[46,294]],[[68441,83546],[775,-1]],[[69216,83545],[117,-707],[-249,-382]],[[69084,82456],[-660,7]],[[68424,82463],[-232,166],[-221,523]],[[13768,25496],[97,90],[630,-245],[-302,-212],[-46,274],[-379,93]],[[59739,80247],[370,-59],[12,356],[-296,32],[91,337],[224,178],[951,-54],[112,-369],[-466,2],[-385,-598],[-608,-2],[-5,177]],[[52579,19720],[77,816],[347,171],[592,-58],[-78,-403],[-86,-1017],[-894,77],[42,414]],[[605,56278],[319,101],[303,-73],[14,-466],[-277,1],[-359,437]],[[5863,91684],[337,331],[203,-126],[62,-612],[-490,-1],[-112,408]],[[69891,72547],[189,234],[465,-465],[575,0],[-81,-368],[134,-274],[-11,-337],[-336,42],[-840,-48],[-62,362],[307,459],[-168,377],[-172,18]],[[12031,32732],[-80,-169],[-475,53]],[[11476,32616],[-170,-163]],[[11306,32453],[2,-107]],[[11308,32346],[-131,79],[31,776],[695,171],[277,-128],[31,-311],[-180,-201]],[[94328,43701],[153,347],[186,106],[186,-317],[-392,-294],[-133,158]],[[37304,59612],[269,130],[-5,-307],[-264,177]],[[28970,50634],[189,352],[279,94],[332,-209],[-393,-253],[-407,16]],[[7363,26813],[277,-3],[46,-297],[204,-131],[-88,-1276]],[[7802,25106],[-656,90]],[[7146,25196],[-430,-10]],[[6716,25186],[-722,101]],[[5994,25287],[-209,-1]],[[5785,25286],[-1308,157],[213,197],[245,-98],[239,210],[122,726]],[[7802,25106],[874,-23]],[[8676,25083],[-52,-616]],[[8624,24467],[-670,-138]],[[7954,24329],[-346,-24]],[[7608,24305],[151,257],[-408,231],[-205,403]],[[63512,30504],[-7,510],[332,-91],[77,-278],[-269,-149]],[[9045,48520],[252,4],[-20,-409],[-333,-5],[101,410]],[[13427,26514],[131,157],[-281,355]],[[13277,27026],[76,34]],[[13353,27060],[-11,34]],[[13342,27094],[247,218]],[[13589,27312],[502,144]],[[14091,27456],[236,-199],[-64,-418],[156,-280],[-447,-13],[-117,399],[-279,-77],[9,-502],[-158,148]],[[79708,89360],[259,86],[302,-113],[68,443],[-98,537]],[[80160,90572],[580,4]],[[81953,89875],[-20,-1275],[-2212,-6]],[[79721,88594],[-13,766]],[[46072,33687],[306,-3],[318,301],[-50,-619],[-596,59],[22,262]],[[76409,85445],[34,205]],[[76443,85650],[352,-2],[-3,-379],[444,-33]],[[30867,85439],[447,1],[-172,-310],[-274,-8],[-1,317]],[[24935,92716],[19,197],[1427,68],[427,-181],[37,-320],[-672,-125],[-99,-363],[-457,-61],[-15,407],[-335,-22],[-332,400]],[[74369,76698],[644,-6],[145,139]],[[75158,76831],[417,-143],[-164,606],[872,-123],[-45,-287],[-590,-4],[383,-312],[697,-116],[4,-322],[498,-23],[220,-172],[548,38]],[[77998,75973],[-19,-714],[207,-231],[656,-15],[-16,-500]],[[78826,74513],[11,0]],[[78837,74513],[74,-2]],[[78911,74511],[72,0]],[[78983,74511],[44,0]],[[79027,74511],[364,-145]],[[79391,74366],[-134,-103]],[[79257,74263],[-66,10]],[[79191,74273],[-72,-132]],[[79119,74141],[-180,-368],[-221,4]],[[78718,73777],[-444,-22],[-2,-220]],[[78272,73535],[-9,-346],[-867,-1],[-24,274],[-324,-15],[45,-865]],[[77093,72582],[-224,7],[-241,553]],[[76628,73142],[-52,150]],[[76576,73292],[-545,20]],[[76031,73312],[-327,-180]],[[75704,73132],[-219,94]],[[75485,73226],[-133,168]],[[75352,73394],[34,361],[-274,47]],[[75112,73802],[10,583]],[[75122,74385],[14,946],[-342,201],[-159,304]],[[74635,75836],[518,392],[-87,224]],[[75066,76452],[-99,11]],[[74967,76463],[0,6]],[[74967,76469],[-312,-19]],[[74655,76450],[-204,187]],[[74451,76637],[-68,50]],[[74383,76687],[-14,11]],[[38379,60481],[339,165],[-115,504],[217,-3],[-105,661],[521,57],[80,407],[355,633],[352,-277],[76,-660],[-333,-100],[102,-556],[195,-146],[-23,-411],[112,-311],[-448,-148],[-147,145],[-732,-36],[-446,76]],[[8875,39926],[66,767],[552,-19],[-95,-332],[442,-30],[1,-522],[-657,-51],[-309,187]],[[82010,92228],[19,559]],[[82029,92787],[538,-17],[-64,459]],[[82503,93229],[94,275]],[[82597,93504],[680,187],[368,-887],[-267,-339],[-612,-114],[-140,94],[-616,-217]],[[23730,47660],[477,173],[26,358],[437,10],[46,402],[233,-8],[50,-414],[628,-564],[23,-334],[-822,87],[-147,-287],[-896,241],[-55,336]],[[42896,36714],[65,-68]],[[42961,36646],[-388,-206],[-552,55],[24,309],[199,221],[386,-115],[266,-196]],[[16691,26894],[-177,-266]],[[16514,26628],[-13,-516],[-352,-78],[-332,314],[-176,414],[394,-126],[107,116],[549,142]],[[33433,85387],[794,61],[-109,-405],[-451,-2],[-234,346]],[[54976,51362],[486,117],[-77,-453],[-351,14],[-58,322]],[[63692,54286],[290,0],[210,-266],[-510,-13],[10,279]],[[30088,75612],[224,253],[219,17],[-112,-407],[-331,137]],[[27812,7818],[188,244],[505,154],[66,-261],[-241,-139],[-518,2]],[[16026,46207],[121,-8],[-12,-140],[-124,8],[15,140]],[[51199,43647],[410,8],[7,-480],[440,-73],[-9,-202],[-665,31],[32,613],[-215,103]],[[31972,76657],[203,240],[-127,198],[7,422],[253,20],[497,341],[58,-277],[255,-194],[397,325],[160,-418],[-699,-281],[339,-299],[-337,-434],[-133,268],[-550,-73],[-323,162]],[[33640,87413],[338,231],[106,-463],[-103,-312],[-283,-2],[-58,546]],[[93883,66411],[208,280],[329,-341],[-307,-220],[-230,281]],[[37110,75817],[699,182],[-6,384],[745,148],[144,-1017],[-101,-174],[-619,-31],[-300,281],[-426,-93],[-136,320]],[[70572,83495],[3,207]],[[70575,83702],[333,-2],[26,284],[543,-4],[28,-570],[-65,-375],[-875,-4]],[[70565,83031],[7,464]],[[68065,52616],[242,67],[238,-176],[630,65],[215,-280],[452,6],[-156,-1085],[-446,18],[15,239],[-329,11],[-373,-129],[8,525],[-496,739]],[[62244,25634],[152,393],[317,374],[381,-63],[479,107],[342,-272],[-347,-185],[-152,-631],[406,-499],[-241,-121],[-400,336],[-238,-47],[-225,439],[-474,169]],[[88073,51847],[696,1011],[707,44],[-55,-1430],[-717,79],[30,-330],[-531,170],[-130,456]],[[77451,90319],[612,603]],[[78063,90922],[218,-214],[6,-599]],[[78319,90036],[-160,77],[-710,2]],[[77449,90115],[2,204]],[[75217,83411],[446,81]],[[75663,83492],[-50,-241],[721,159],[230,-329]],[[76564,83081],[213,-633]],[[76349,82461],[-1144,13]],[[75205,82474],[12,937]],[[76909,31581],[249,-120],[-7,-151],[-264,174],[22,97]],[[9103,75327],[339,-86],[88,-208],[-415,-111],[-12,405]],[[80355,71748],[222,84],[955,-28],[73,-350],[-716,-249],[10,257],[-503,32],[-41,254]],[[3620,34267],[166,6],[472,552],[-249,-639],[-389,81]],[[54801,598],[95,133],[243,-36],[179,56],[-7,156],[162,-17],[-8,-180],[-588,-151],[-76,39]],[[65935,16831],[757,-279],[-605,-94],[-152,373]],[[67509,40880],[338,-39],[16,-192],[-318,-37],[-36,268]],[[68673,35132],[271,-75],[404,442],[220,-401],[-544,-399]],[[15326,36743],[-32,-350],[-287,34],[-265,356],[-85,342]],[[39568,50162],[741,-38],[-18,-317],[237,-428],[560,-2],[46,-479],[-191,16],[-380,-229],[-316,95],[-19,628],[-359,125],[-216,270],[-85,359]],[[44909,80835],[346,-18],[750,-175],[-10,274],[473,-91],[-39,-1072],[-557,46],[-328,206],[-185,410],[-432,153],[-18,267]],[[4639,21295],[416,-87]],[[4590,20830],[49,465]],[[84979,94047],[57,195],[765,7],[5,-561],[-606,61],[-221,298]],[[5051,77090],[464,-222],[257,68],[-43,-645],[-233,-265],[-213,2],[-108,456],[223,60],[-347,546]],[[50238,79237],[307,6],[117,402],[287,20],[-1,513],[865,-222],[72,-317],[307,-3],[-6,-534],[-802,-277],[-370,384],[-306,-115],[-470,143]],[[57848,18917],[173,-7],[32,-213],[-220,13],[15,207]],[[14447,18877],[-5,286],[299,260],[449,-320],[376,-94],[319,170],[307,-215],[252,-12],[92,-252],[-1331,369],[-34,-277],[-276,-193],[-448,278]],[[12803,57142],[449,5],[2,-410],[-445,-9],[-6,414]],[[24093,8149],[407,-423],[90,-801],[-226,169],[-271,1055]],[[78005,80399],[1697,-13]],[[79702,80386],[-2,-2061]],[[79700,78325],[-2267,3]],[[77433,78328],[-1,656]],[[26622,15094],[297,328],[302,54],[330,-147],[-245,-610],[-381,-83],[-34,310],[-269,148]],[[19244,27996],[426,-67],[-209,-192],[-217,259]],[[95835,49690],[240,-9]],[[96075,49681],[-288,-503]],[[95787,49178],[-146,109]],[[95641,49287],[194,403]],[[12146,16412],[374,-146],[123,-250],[-65,-352],[368,-13],[227,-387],[-227,-149],[-386,13],[-353,648],[-61,636]],[[95226,77572],[104,-50]],[[95330,77522],[198,-163],[-18,-374]],[[95510,76985],[-487,-14]],[[94871,77376],[355,196]],[[12635,35116],[605,-153],[165,-365],[234,-11]],[[13639,34587],[-37,-239]],[[13602,34348],[-90,-663],[32,-319],[-389,106],[-242,496],[-530,-80],[-124,312],[-368,-112],[-8,736],[417,32],[-50,242],[385,18]],[[85660,70704],[21,-401],[225,-1],[84,509],[585,-12],[247,-101],[-26,-428]],[[86796,70270],[23,-105]],[[86819,70165],[-99,-487],[-365,-214],[-512,49],[-43,286],[-450,-7],[-318,113],[517,600],[48,200]],[[71737,84365],[-816,-7]],[[8957,60346],[450,-156],[329,73],[493,-70],[244,-352],[-358,-292],[-686,336],[-28,260],[-441,-3],[-3,204]],[[5156,60353],[76,189],[355,-102],[440,105],[525,0],[107,-407],[-289,-239],[-1026,-77],[-188,531]],[[44344,44074],[109,127],[966,75],[25,-261],[285,-629],[-418,-102],[-785,52],[18,679],[-200,59]],[[16686,37269],[81,949]],[[16767,38218],[457,246]],[[17224,38464],[40,-3]],[[17264,38461],[223,-130],[475,51]],[[17962,38382],[582,-32]],[[18544,38350],[9,2]],[[18553,38352],[159,-144]],[[18712,38208],[-18,-47]],[[18694,38161],[-178,-139],[85,-999],[273,-18],[-77,-402],[-410,-188],[-549,-570],[-410,34],[-205,-157],[-581,42]],[[16642,35764],[38,58]],[[16680,35822],[-92,152]],[[16588,35974],[98,1295]],[[76791,86278],[5,402]],[[76796,86680],[94,0]],[[76890,86680],[750,-4]],[[77640,86676],[-132,-244],[-49,-806]],[[77458,85590],[-73,-355]],[[76443,85650],[-1,204],[585,0],[-11,404],[-225,20]],[[20447,41196],[242,23],[-39,-531],[-314,-94]],[[78470,89560],[-686,-431],[-319,-16]],[[77465,89113],[-16,1002]],[[94396,69648],[320,-202],[4,-393],[-441,-5],[-395,-131],[-14,283],[404,448]],[[32523,67543],[89,-186],[-83,-52],[-6,238]],[[54076,44331],[220,50]],[[54296,44381],[-77,-453],[332,-125],[-22,-492],[-861,118],[76,404],[384,-28],[87,331],[-139,195]],[[9209,51312],[109,89],[366,-221],[-238,-188],[-27,192],[-210,128]],[[18345,46320],[241,28],[-16,-178],[-207,-7],[-18,157]],[[44617,74504],[473,137],[1,-248],[-474,111]],[[31880,49761],[342,-31],[78,-203],[-336,115],[-84,119]],[[94207,78335],[104,214]],[[94323,78674],[95,28]],[[94406,78715],[315,-209],[507,-55],[-75,-356]],[[95153,78095],[73,-523]],[[94542,77285],[-295,44],[-60,-241]],[[94187,77088],[-66,23]],[[94121,77111],[-94,-74]],[[94027,77037],[-15,13]],[[94012,77050],[-166,338],[128,595],[233,352]],[[97364,59123],[-70,2],[33,614],[229,-608]],[[21181,89031],[57,403],[561,2],[439,-464],[-225,-160],[1,-265],[-553,-132],[0,302],[-280,314]],[[59422,62007],[291,-29],[154,751],[559,-1],[117,-484],[-447,-24],[-464,-380],[-210,167]],[[7362,48082],[292,-97],[14,-277],[-276,103],[-30,271]],[[48892,39315],[305,-18],[104,-325],[-347,108],[-62,235]],[[93050,80378],[460,24],[484,-87],[59,-264]],[[93436,79862],[-89,-3]],[[93288,79860],[-69,-3]],[[93210,79860],[-160,518]],[[77196,30240],[205,188],[397,-133],[354,91],[347,-210],[148,-356],[-63,-276],[-465,-248],[-182,279],[-701,370],[-40,295]],[[91588,79291],[-175,26],[140,558]],[[21483,59190],[264,64],[155,-146],[-208,-180],[-211,262]],[[48331,75485],[515,108],[26,-645],[-483,-75],[-58,612]],[[44499,84610],[120,121],[290,84],[43,-119],[-257,0],[-196,-86]],[[51174,47249],[212,25],[122,-201],[-253,0],[-81,176]],[[3683,64260],[270,-73],[-60,-203],[-215,23],[5,253]],[[86952,46519],[452,85],[-13,-296],[-445,9],[6,202]],[[16148,39636],[155,129]],[[16813,38881],[0,-16]],[[16813,38865],[-46,-647]],[[16686,37269],[-146,18]],[[15909,39787],[110,-212]],[[15475,39816],[337,-23]],[[15414,39620],[61,196]],[[16860,39559],[-19,-246]],[[79692,77507],[356,-142],[270,95],[601,-3],[56,-137]],[[80975,77320],[-36,-33]],[[80939,77287],[189,-535]],[[81128,76752],[128,-321],[-876,-243],[-255,231],[-430,27]],[[79695,76446],[-3,1061]],[[76116,86730],[680,-50]],[[76791,86278],[-739,5]],[[76052,86283],[64,447]],[[12950,36339],[89,132]],[[13060,36614],[123,37]],[[14475,37034],[-95,-679],[-221,-265]],[[14159,36090],[-250,-583]],[[13909,35507],[27,391],[-601,-191],[-74,274],[-386,-191],[-157,130],[-409,-3],[7,-405]],[[12316,35512],[-468,-6],[-208,396],[459,217],[350,-148],[136,360]],[[31283,32357],[521,-43],[534,-134],[495,-10],[10,274],[259,27],[-16,-637],[236,22],[2,-511],[-187,-239],[-241,-35],[-11,419],[-178,173],[-395,-332],[-91,-299],[-455,164],[38,257],[-182,580],[-339,324]],[[17239,38647],[58,0]],[[17297,38647],[150,20]],[[17447,38667],[92,170]],[[17539,38837],[539,125],[485,516],[-202,49],[92,481],[209,197]],[[18662,40205],[36,64]],[[18698,40269],[50,31]],[[18748,40300],[467,-24],[339,-311],[-85,-560],[-132,-199],[-29,-711],[789,-37],[196,-219],[-1066,77],[-533,-155]],[[18712,38208],[-159,144]],[[18544,38350],[-582,32]],[[17264,38461],[-37,44]],[[17227,38505],[12,142]],[[27806,44747],[158,20],[-38,-216],[-119,-61],[-66,200],[65,57]],[[27201,79474],[226,1],[2,-212],[-223,1],[-5,210]],[[18947,25214],[289,156],[199,-193],[565,107],[271,-298],[-319,-73],[-29,-370],[-308,-215],[-373,145],[-270,266],[-25,475]],[[97388,73047],[460,640],[120,-378],[-303,-419],[-277,157]],[[49066,53249],[408,215],[66,-507],[-326,8],[-148,284]],[[24411,51714],[351,493],[226,-396],[-103,-211],[-474,114]],[[26943,39702],[368,90],[265,234],[179,-401],[-672,-134],[-140,211]],[[84323,44564],[563,15],[372,-363],[-737,-166],[-198,514]],[[65873,58383],[16,277],[153,-112],[-9,-244],[-160,79]],[[66675,73642],[315,-42],[280,143],[269,-128],[-83,-414],[-406,-154],[-242,242],[-133,353]],[[71188,44396],[266,50],[86,470],[343,-185],[54,-655],[-309,39],[-440,281]],[[83523,38174],[308,61],[-119,-218],[-189,157]],[[18412,41667],[162,-109]],[[18691,41255],[-317,1]],[[18374,41256],[38,411]],[[54304,66248],[-39,-133]],[[54261,66145],[0,71]],[[46385,22413],[567,113],[-285,-334],[-282,221]],[[66625,79299],[225,214],[361,-5],[138,-180],[-285,-442],[-443,4],[4,409]],[[91688,93943],[14,410],[284,182],[686,-2],[-6,-399],[-271,-103],[-143,-304],[-564,216]],[[41540,28774],[215,474],[214,91],[125,-326],[-32,-735],[-261,107],[-261,389]],[[39691,73609],[449,-231],[-444,-102],[-5,333]],[[2194,20807],[208,194],[375,-13],[313,155],[33,312]],[[3123,21455],[10,169]],[[3133,21624],[661,-117],[182,-281]],[[3976,21226],[-44,-784]],[[3932,20442],[-619,-317]],[[3313,20125],[-403,11]],[[10750,18703],[113,535]],[[10863,19238],[155,-17]],[[11018,19221],[351,-79]],[[11369,19142],[-25,-435],[442,-34]],[[11786,18673],[-38,-302]],[[11748,18371],[-242,-107]],[[11506,18264],[-615,56],[-278,-62]],[[10613,18258],[3,19]],[[48247,82743],[707,-14],[-49,-299],[-649,-16],[-9,329]],[[32604,43146],[361,123],[262,-224],[-482,-371],[-141,472]],[[45061,41905],[19,226]],[[45080,42131],[392,47],[289,177],[28,-391]],[[45789,41964],[-150,-96]],[[45639,41868],[-133,-290]],[[45506,41578],[-121,76]],[[45385,41654],[-4,3]],[[45381,41657],[-125,82]],[[45256,41739],[-195,166]],[[10856,24845],[185,-193]],[[10837,24640],[19,205]],[[17714,40074],[5,-1]],[[17719,40073],[75,120]],[[17794,40193],[496,48],[225,178],[233,-119]],[[18698,40269],[-36,-64]],[[17539,38837],[-422,120],[-51,405],[630,575],[18,137]],[[16813,38865],[272,73],[378,-97],[-16,-174]],[[17297,38647],[-58,0]],[[17227,38505],[-3,-41]],[[95138,50034],[225,195],[118,-280],[-343,85]],[[78718,73777],[180,-287]],[[78898,73490],[-418,-107]],[[78480,73383],[-208,152]],[[4398,25395],[-252,-193]],[[4146,25202],[-853,146],[13,324],[259,216],[650,-206],[183,-287]],[[57002,56156],[56,1192],[242,-8],[-31,440],[704,-31],[-47,-844],[-192,-156],[-85,-642],[-647,49]],[[13367,17764],[140,355],[414,-224],[174,-313],[386,70],[-111,-852],[-670,63],[49,398],[-366,-132],[-16,635]],[[35835,72556],[239,293],[611,-42],[-21,-359],[-475,-138],[-354,246]],[[49479,73563],[141,235],[277,52],[10,-475],[-195,-198],[-233,386]],[[68721,21368],[268,338],[283,105],[202,-205],[-45,-260],[-264,-174],[-444,196]],[[91054,96942],[1072,426],[2,-570],[-679,-215],[-394,-22],[-1,381]],[[54810,42815],[24,340]],[[54834,43155],[1234,-69],[-13,-615]],[[56055,42471],[-214,167],[-770,49]],[[55071,42687],[-261,128]],[[4507,23228],[395,-373],[934,-60]],[[5822,22552],[-7,-102]],[[5576,22192],[-549,-166],[-483,283],[-278,69]],[[4266,22378],[18,117]],[[4284,22495],[4,566],[219,167]],[[16691,26894],[294,-185],[-130,-406],[-181,-43],[-160,368]],[[77725,66057],[685,75],[-30,-303],[-261,-213],[-74,-301],[-367,-120],[17,341],[-415,17],[360,406]],[[38747,82222],[394,1]],[[39141,82223],[94,-283],[618,4]],[[39853,81944],[0,-515],[-512,-5],[-221,-381],[-241,87],[-240,695],[108,397]],[[14974,23326],[438,37],[620,-325],[-201,-169],[-522,128],[-335,329]],[[56055,42471],[-258,-162],[-391,29],[-335,349]],[[86443,95589],[1284,538],[651,184],[222,-151],[-535,-281],[-366,-285],[-825,-84],[-318,28]],[[86556,95538],[-113,51]],[[32406,45088],[332,-138],[160,-207],[-243,-70],[-44,186],[-205,229]],[[75160,77150],[-2,-319]],[[74369,76698],[-375,-249]],[[73994,76449],[-1154,3],[14,913],[1809,2],[193,-238],[304,21]],[[5994,25287],[-29,-432]],[[5965,24855],[-11,-90]],[[5954,24765],[-2,-130]],[[5739,24465],[1,11]],[[5740,24476],[-331,133],[-158,392],[519,74],[15,211]],[[7441,90535],[277,56],[17,-121],[-157,-93],[-137,158]],[[14356,32651],[187,-54]],[[14543,32597],[610,-94],[-272,-538],[-345,5],[19,306],[-224,37],[25,338]],[[97185,71403],[-434,388],[-495,313]],[[96256,72104],[-197,207],[1306,-3],[-189,-663],[9,-242]],[[1501,22601],[19,-363]],[[1520,22238],[166,-317],[-253,-499]],[[1433,21422],[-455,51],[2,411],[521,717]],[[21789,86575],[408,-53],[8,-267],[-416,-62],[0,382]],[[81738,62888],[335,239],[153,-225],[-168,-195],[-320,181]],[[97492,99092],[1049,351],[688,335],[755,221],[2,-2380],[-2476,23],[-37,693]],[[97473,98335],[19,757]],[[89581,95033],[21,411],[798,100],[169,-509],[-290,-79],[95,-427],[-708,202],[-85,302]],[[93667,93289],[264,250],[721,2],[-2,-453],[-975,-54],[-8,255]],[[91493,87624],[337,31],[47,273],[459,-1],[134,-321],[-211,-178],[-377,-69],[-388,69],[-1,196]],[[4000,54553],[104,0],[84,-98],[-184,-2],[-4,100]],[[51640,83714],[185,-3],[-12,432],[480,-84],[172,-158],[620,-271],[71,-542],[-486,-15],[-653,464],[-377,177]],[[46241,90937],[441,38],[-16,-255],[-425,217]],[[48876,48470],[166,389],[716,420],[448,-176],[-114,-374],[-509,-35],[-242,-144],[-465,-80]],[[46101,47033],[1,10]],[[46102,47043],[358,-31],[17,763]],[[46477,47775],[220,-75],[456,86]],[[47153,47786],[239,203],[45,-557],[263,64],[330,-229],[29,486],[-215,282],[462,-9],[-25,-395],[226,-13],[35,529],[827,-42],[-575,-1151],[-285,127],[-39,-638]],[[48459,46278],[-235,-164]],[[48222,46113],[-202,-48]],[[48020,46065],[-299,18]],[[47721,46083],[-204,337],[81,354],[-440,-98],[-258,-530],[-286,2]],[[46614,46148],[-600,30]],[[46014,46178],[18,202]],[[46032,46380],[-49,323],[118,330]],[[55733,49454],[230,102],[-48,-237],[-182,135]],[[58781,46791],[-28,412],[469,-15],[351,-162],[-210,-232],[-463,-102],[-119,99]],[[63211,59349],[174,-132],[268,-19],[-5,-109],[-311,61],[-126,199]],[[66731,60240],[513,25],[22,265],[223,97],[433,-325],[-494,-396],[-117,268],[-580,66]],[[49128,18160],[225,3],[272,305],[279,-98],[202,121],[553,27],[513,-152],[66,-357],[487,-478],[-14,-205],[-444,39],[-417,354],[-533,90],[-250,255],[-65,302],[-252,-14],[94,-556],[-694,-201],[-22,565]],[[50641,39954],[344,166],[39,336],[450,138],[435,-208],[-22,-371],[-767,129],[-479,-190]],[[55353,36420],[102,314],[214,-10],[-11,-422],[-305,118]],[[54810,42815],[-1010,-313],[76,298],[257,285],[701,70]],[[46614,46148],[-50,0]],[[46564,46148],[-212,11]],[[46352,46159],[-13,0]],[[46339,46159],[-330,17]],[[46009,46176],[5,2]],[[38003,46541],[49,21]],[[38458,46424],[111,12]],[[38586,46526],[-20,87]],[[38619,46679],[12,43]],[[39672,47006],[-7,118]],[[39696,47178],[25,35]],[[39798,47253],[9,43]],[[40220,48401],[4,108]],[[40228,48552],[604,-26],[105,-458],[403,35],[134,271],[-464,-25],[-29,170],[1008,-39],[67,387],[602,184],[642,-294]],[[43300,48757],[-65,-69]],[[43235,48688],[-50,-56]],[[43185,48632],[-33,-37]],[[43152,48595],[-176,-425]],[[42976,48170],[-78,-359],[209,-125],[390,74]],[[43497,47760],[307,-216]],[[43804,47544],[186,-53]],[[43990,47491],[-6,-118]],[[43984,47373],[8,-144]],[[43992,47229],[197,-299],[289,24]],[[44478,46954],[252,-16],[116,280]],[[44846,47218],[29,69]],[[44875,47287],[403,-116],[121,628],[600,-152],[478,128]],[[46102,47043],[-1,-10]],[[46032,46380],[-72,-202]],[[45960,46178],[-1055,55],[-226,-315],[-136,-551]],[[44543,45367],[-165,-63],[-24,-422],[295,43]],[[44649,44925],[493,-70],[227,-279],[543,-255]],[[45912,44321],[53,20]],[[45965,44341],[606,173]],[[46571,44514],[359,-142],[61,339],[200,219],[438,-149]],[[47629,44781],[-10,-170]],[[47619,44611],[-19,-309]],[[47600,44302],[0,-3]],[[47600,44299],[-653,-92]],[[46947,44207],[-93,-12]],[[46854,44195],[43,-167],[-665,31],[81,-421],[-56,-768],[154,-103]],[[46411,42767],[144,-4]],[[46555,42763],[436,-22]],[[46991,42741],[146,-78]],[[47137,42663],[129,-424],[-279,-75],[-99,-334]],[[46888,41830],[-70,-370],[200,-163],[-16,-361],[-258,-190]],[[46744,40746],[-519,173]],[[46225,40919],[-109,105]],[[46116,41024],[-170,160]],[[45946,41184],[-39,25]],[[45907,41209],[-61,-188]],[[45846,41021],[-592,379]],[[45254,41400],[-583,116],[-21,-281],[-284,-2]],[[44366,41233],[-439,165],[10,141],[-723,41],[21,-410]],[[43235,41170],[-656,-65]],[[42579,41105],[-14,-281]],[[42565,40824],[31,-197]],[[42596,40627],[136,-9]],[[42732,40618],[45,-660],[244,-8],[51,400],[327,-218]],[[43399,40132],[220,101]],[[43619,40233],[90,64]],[[43709,40297],[95,-15]],[[43804,40282],[40,-93]],[[43844,40189],[-41,-664],[-533,176],[-159,-294]],[[43111,39407],[-6,0]],[[43105,39407],[-217,-46]],[[42888,39361],[-215,108]],[[42673,39469],[-259,-121],[-487,29],[-270,-77],[-100,363],[726,73],[31,275],[-232,98]],[[41831,40748],[-89,357],[160,218],[-225,151],[23,341],[-385,230],[-62,-287],[-715,300]],[[40538,42058],[-94,53]],[[40444,42111],[-203,-10]],[[40241,42101],[-27,-47]],[[40214,42054],[-70,0]],[[40144,42054],[-122,-79]],[[39946,41913],[-43,-3]],[[39892,41911],[-149,-80]],[[39582,41844],[-54,-255],[-869,-133],[263,571],[-395,371],[119,362],[-352,344],[139,881],[-252,88],[-70,474],[147,204]],[[38258,44751],[-157,163]],[[38101,44914],[-39,13]],[[38062,44927],[-2,10]],[[38060,44937],[0,7]],[[38060,44944],[215,209],[164,-329],[315,249],[742,95]],[[39496,45168],[56,49]],[[39552,45217],[105,375]],[[39657,45592],[281,-309],[155,196],[-38,291]],[[40055,45770],[-2,145]],[[40053,45915],[-139,376]],[[39914,46291],[-92,148]],[[39822,46439],[-77,-111]],[[39745,46328],[-438,-129]],[[39307,46199],[-116,379]],[[39191,46578],[-449,-68],[-8,-203]],[[38734,46307],[-140,-89]],[[38594,46218],[-90,-32]],[[38504,46186],[-96,-17]],[[38408,46169],[-77,-11]],[[38331,46158],[-267,298],[-457,-16],[105,310]],[[38976,43298],[57,-138]],[[39033,43160],[435,-180]],[[39468,42980],[252,73]],[[39720,43053],[14,598],[-209,-9]],[[39525,43642],[-617,-44],[68,-300]],[[39885,46485],[186,-318],[153,-1138],[140,-180]],[[40364,44849],[41,-25]],[[40405,44824],[321,-413]],[[40726,44411],[246,-395]],[[40972,44016],[837,-146],[-102,332],[-633,34],[-60,119]],[[41014,44355],[168,87],[68,1356],[-95,233],[-769,300]],[[40386,46331],[-126,14]],[[40260,46345],[-369,144]],[[39891,46489],[-6,-4]],[[40488,43706],[62,-127],[218,60]],[[40768,43639],[-280,67]],[[41074,47301],[22,-121]],[[41096,47180],[17,-89]],[[41113,47091],[147,-84]],[[41260,47007],[40,-1]],[[41300,47006],[314,0]],[[41614,47006],[5,-15]],[[41619,46991],[8,-21]],[[41627,46970],[-40,-147]],[[41587,46823],[700,-32],[91,331],[3,606],[-155,63]],[[42226,47791],[-301,68],[-464,-154]],[[41461,47705],[-5,-285]],[[41456,47420],[-7,-72]],[[41449,47348],[-280,-36],[-142,246]],[[41027,47558],[-407,-24],[-13,-304],[467,71]],[[40637,42194],[261,166],[557,20],[1,-243],[249,-126],[221,311],[6,387],[-162,398],[-420,-57],[-170,-398],[-413,-222],[-130,-236]],[[42928,45822],[310,-405],[162,255],[-29,391],[-443,-241]],[[43976,46843],[-24,71]],[[43477,43759],[177,24],[0,-575],[399,-25],[58,818],[-412,130],[-222,-372]],[[45256,41739],[125,-82]],[[45385,41654],[121,-76]],[[45639,41868],[150,96]],[[45080,42131],[-19,-226]],[[22695,66170],[261,35],[4,300],[328,-109],[111,-613],[-666,100],[-38,287]],[[27160,66576],[4,300],[322,-1],[111,-309],[-437,10]],[[29920,59577],[66,140],[519,48],[-167,-328],[-418,140]],[[20924,78763],[669,4],[5,-611],[-670,-4],[-4,611]],[[18556,85049],[82,211],[450,-2],[-1,-427],[-531,218]],[[15332,83243],[227,160],[54,618],[261,206],[397,0],[122,196],[700,7],[-52,-308],[-328,-113],[-249,-306],[35,-487],[-474,4],[-272,104],[-213,-310],[-208,229]],[[58531,14529],[250,-6],[-29,321],[445,51],[-42,-606],[-387,24],[-237,216]],[[55805,31720],[-3,-6]],[[55802,31714],[-151,-103]],[[55651,31611],[-237,50]],[[55414,31661],[391,59]],[[58375,3265],[-121,536],[444,33],[-185,-574]],[[55628,43472],[213,297],[347,69],[8,-464],[-316,-69],[-252,167]],[[35725,91557],[1058,-689],[-828,69],[-229,408],[-1,212]],[[86796,70270],[539,-5],[-84,-374],[-233,1],[-199,273]],[[71236,75946],[426,-1],[466,-561],[-179,-617],[-499,-19],[-226,169],[12,1029]],[[14423,68211],[59,407],[713,50],[0,-646],[-765,6],[-7,183]],[[96170,97749],[82,186]],[[96252,97935],[311,-10],[132,-444],[-128,-403],[-738,222],[17,294],[324,155]],[[21776,44407],[334,-78],[-8,-191],[-316,-55],[-10,324]],[[42656,23822],[386,275],[220,-243],[-277,-272],[-329,240]],[[78890,66736],[-455,-55]],[[78435,66681],[8,160]],[[78443,66841],[16,447],[461,64],[-10,-208]],[[79525,65246],[224,-6],[202,293],[366,-188],[377,-336],[-789,31],[-380,206]],[[52731,66591],[-4,303],[227,63]],[[80150,73253],[15,141],[991,0],[-4,-634],[-1002,493]],[[94269,45090],[371,60],[287,603],[126,-49],[-351,-888],[-401,64],[-32,210]],[[87067,48956],[366,-72],[7,-190],[-384,-4],[11,266]],[[90558,46526],[203,429],[410,174],[478,-62],[-49,-293],[-340,-220],[-399,116],[-303,-144]],[[95465,48490],[22,364],[154,433]],[[95787,49178],[-235,-672]],[[95552,48506],[-87,-16]],[[69941,22838],[345,185],[213,-302],[-484,-118],[-74,235]],[[61207,29685],[-109,-127]],[[61098,29558],[-160,-326],[-285,-283],[-359,27],[-115,407],[-510,156],[24,315],[1167,-83],[347,-86]],[[25679,90038],[395,90],[25,-247],[-195,-254],[-225,103],[0,308]],[[28202,88868],[-132,-245],[-300,-20],[-132,-204],[-281,-45],[-517,-333],[-336,-67],[-355,-214],[-378,-71],[-152,322],[439,77],[260,220],[-59,208],[39,731]],[[31499,91935],[222,252],[238,-68]],[[31989,92118],[487,-173],[697,69],[404,-182],[10,-1321]],[[33587,90511],[6,-505],[-948,-30]],[[32645,89976],[-2082,-29]],[[23082,87100],[299,224],[-20,289],[571,-195],[395,22],[-92,-520],[-698,-94],[-398,98],[-57,176]],[[86556,95538],[-186,-119],[18,-598],[-755,-184],[-234,-148],[-5,645],[1049,455]],[[61089,46449],[13,363],[793,89],[8,-448],[-534,-207],[-280,203]],[[98425,62555],[344,200],[337,13],[568,-322],[-650,-333],[-373,-265],[-512,309],[45,199]],[[97369,68630],[308,-2],[243,-213],[-338,-191],[-213,406]],[[96472,61562],[308,113],[177,313],[355,-88],[-404,-513],[-252,-172],[-184,347]],[[96992,51856],[317,837],[300,-392],[-28,-323],[-589,-122]],[[8882,80355],[522,21],[522,218],[37,218],[372,251],[189,316],[423,-41],[65,203],[536,-173],[-2,-457],[120,-356],[-543,-202],[286,-405],[-417,44],[-319,-251],[-221,235],[-402,176],[51,191],[-1220,-387],[1,399]],[[17969,88901],[448,170],[680,-51],[327,-178],[241,-332],[-1023,-11],[1,141],[-670,57],[-4,204]],[[20972,92716],[429,19],[-101,-274],[-255,-74],[-73,329]],[[55120,13794],[9,78],[154,-40],[-18,-83],[-145,45]],[[62778,15430],[344,51],[-134,-524],[-219,171],[9,302]],[[61897,12145],[195,-87]],[[62092,12058],[-285,-304],[-688,-266],[-716,-596],[70,366],[-79,503],[398,-185],[290,334],[277,-84],[538,319]],[[56440,13333],[273,286],[299,-12],[-107,-586],[-250,300],[-215,12]],[[22920,55199],[493,-30],[524,64],[-19,-229],[446,47],[14,150],[497,163],[240,-14],[446,195],[113,-701],[-241,-47],[-24,-299],[-569,-168],[-57,-394],[-273,-249],[14,680],[-547,73],[-173,578],[-351,-163],[-545,37],[12,307]],[[20801,53325],[-30,249],[443,-96],[-108,-341],[-305,188]],[[96211,54381],[360,127],[149,-598],[-127,-67],[-361,365],[-21,173]],[[97349,55437],[24,18]],[[97373,55455],[291,-114],[270,-341],[-158,-831]],[[97776,54169],[-287,192]],[[97489,54361],[-770,168],[-551,19],[-131,239]],[[96037,54787],[111,530]],[[96148,55317],[585,89],[390,-123],[226,154]],[[96037,54787],[-267,171],[-392,-2],[9,328],[-282,324]],[[95105,55608],[247,81],[796,-372]],[[87220,35248],[127,-111],[-55,-83],[-111,104],[39,90]],[[91707,38171],[63,358],[201,215],[399,-130],[-663,-443]],[[84935,39997],[98,-8],[6,-119],[-117,17],[13,110]],[[85529,38104],[211,90],[530,-8],[416,-202],[-317,-199],[-552,26],[-288,293]],[[74034,24863],[262,163],[187,-304],[1021,-104],[166,-224],[-116,-238],[-356,30],[-524,273],[-560,143],[-80,261]],[[4067,50684],[376,169],[51,-342],[-235,-51],[-192,224]],[[4109,46990],[206,43],[-194,413],[24,688],[384,43],[75,285],[275,93],[96,-287],[-47,-629],[446,-616],[-370,-149],[-359,287],[-390,-332],[-146,161]],[[6173,42956],[61,1],[3,-87],[-62,1],[-2,85]],[[1625,46098],[138,1],[8,-104],[-146,103]],[[23854,78067],[449,3],[-105,-307],[-227,-2],[-117,306]],[[26243,77466],[71,507],[886,-28],[23,-466],[-339,-135],[-251,150],[-390,-28]],[[26045,87330],[19,261],[245,198],[312,-204],[115,382],[422,205],[183,161],[282,8],[179,211],[794,-181],[-213,-316],[8,-387],[-399,1],[-126,-411],[-626,-409],[-284,209],[-330,-108],[-2,311],[-579,69]],[[90930,53789],[162,217],[364,57],[-58,-551],[-468,277]],[[88488,55071],[539,-66],[-4,-142],[-513,9],[-22,199]],[[28493,15039],[498,157],[325,-525],[-156,-99],[-248,370],[-211,-158],[-208,255]],[[29055,10456],[80,257],[318,438],[438,-39],[299,163],[-125,-573],[-535,30],[-313,-333],[-162,57]],[[84236,56603],[383,166],[-18,-286],[-365,120]],[[11785,73206],[226,151],[170,-280],[-283,-78],[-113,207]],[[11891,74122],[0,306],[329,1],[17,-545],[-346,238]],[[15791,75480],[135,187],[312,-17],[-236,-229],[-211,59]],[[17590,73298],[277,353],[307,-152],[524,-98],[-110,-429],[-321,-95],[-114,-340],[-223,100],[7,312],[-346,229]],[[10881,70857],[318,0],[178,-205],[-246,-106],[-250,311]],[[12128,48581],[354,751],[537,-129],[-224,605],[453,6],[-178,-288],[116,-259],[1332,156],[-241,-243],[-48,-509],[-630,-418],[19,-469],[226,-277],[-566,-11],[-166,684],[-352,-4],[-20,403],[-612,2]],[[10772,45965],[73,228],[325,64],[-101,-352],[-297,60]],[[78043,63025],[319,252],[-38,-608],[-281,356]],[[13742,44322],[665,135],[237,-444],[512,-40],[418,-392],[110,-357],[-569,1],[59,-226],[-708,-79],[-81,288],[-393,399],[47,515],[-297,200]],[[12829,45715],[430,240],[-307,217],[181,407],[339,7],[162,183],[272,-380],[128,-368],[186,47],[162,346],[529,87],[61,-658],[-186,-279],[-80,-469],[-305,-139],[-224,233],[-541,156],[43,418],[-194,50],[-467,-160],[-189,62]],[[77407,60379],[-212,81],[48,-215],[109,-5]],[[77352,60240],[349,-211],[71,-234],[396,-186],[-105,-472],[245,-194]],[[78308,58943],[-436,-119]],[[77872,58824],[-120,-91]],[[77752,58733],[-28,-257]],[[77724,58476],[-81,115]],[[77643,58591],[0,1]],[[77643,58592],[-176,376],[-155,664],[-122,102],[-153,657],[23,208],[347,-220]],[[80141,57074],[396,-253],[0,-204]],[[80537,56617],[-245,-40]],[[80292,56577],[-171,502]],[[77643,58591],[81,-115]],[[77752,58733],[120,91]],[[78308,58943],[212,172],[505,-150],[8,-320],[-258,-81],[104,-479],[-393,-387],[-446,41],[-93,644],[-361,13],[57,196]],[[77407,60379],[-55,-139]],[[76594,53736],[126,237],[191,-5],[1,-257],[-318,25]],[[76233,61836],[487,-126],[-50,-663],[-280,61],[13,371],[-170,357]],[[44222,58597],[289,230],[589,93],[-49,-252],[214,-308],[-744,53],[-299,184]],[[11693,42451],[-25,200]],[[11668,42651],[153,205]],[[11821,42856],[215,3],[193,-289],[373,-111],[1069,22],[118,-224]],[[13391,42148],[-41,-106]],[[13352,41969],[-218,-8],[6,-344]],[[12693,41607],[-9,502],[-338,52],[-59,-626]],[[12287,41535],[-257,76]],[[12030,41611],[-732,0],[395,840]],[[11668,42651],[-267,302],[-51,512],[-334,179],[491,201],[309,-688],[5,-301]],[[35164,56589],[71,330],[185,42],[146,-426],[-402,54]],[[10793,68511],[357,191],[639,10],[74,-337],[-325,-84],[-51,-386],[-665,-96],[49,436],[-78,266]],[[4500,66340],[325,9],[175,-199],[-433,-66],[-67,256]],[[934,67172],[247,3],[-1,-205],[-223,-2],[-23,204]],[[10591,47809],[175,431],[435,-64],[-160,-264],[34,-336],[-243,-4],[-241,237]],[[15412,41464],[496,28],[101,294],[753,-215],[16,-204],[1103,-77]],[[17881,41290],[-87,-1097]],[[17794,40193],[-75,-120]],[[17714,40074],[-808,56]],[[15475,39816],[-33,117]],[[15030,40329],[74,351],[308,784]],[[78898,73490],[204,-435],[-592,6],[-30,322]],[[79191,74273],[66,-10]],[[79391,74366],[29,138]],[[79420,74504],[256,-5]],[[79676,74499],[198,-289],[-204,-472],[-555,195],[4,208]],[[72823,73736],[0,10]],[[72823,73746],[0,129]],[[72823,73875],[1,118]],[[72824,73993],[1,393],[2297,-1]],[[75112,73802],[-471,-433],[-360,-6],[-313,-267],[5,-439],[443,-5],[354,-320],[-395,-106]],[[74375,72226],[-621,64]],[[73754,72290],[-949,37],[18,1409]],[[79700,78325],[-8,-818]],[[79695,76446],[-514,1]],[[78351,76905],[-5,408],[-219,205],[-227,-283]],[[77900,77235],[-470,-96],[3,1189]],[[77998,75973],[283,156]],[[79695,76446],[-19,-1947]],[[79420,74504],[-393,7]],[[78983,74511],[-72,0]],[[78837,74513],[-11,0]],[[89578,77607],[-39,164],[-587,36]],[[88952,77807],[283,402],[309,-28],[151,488],[236,120],[165,-677],[-356,212],[-31,-553],[-131,-164]],[[4009,58391],[679,0],[40,-299],[-167,-211],[-444,1],[-108,509]],[[3975,56442],[249,264],[440,87],[3,-445],[-225,-251],[-467,345]],[[22638,45159],[255,-17],[66,-158],[-151,-55],[-33,119],[-137,111]],[[8867,35775],[542,42],[-189,-342],[-223,-11],[-130,311]],[[9904,34103],[305,623],[353,-134],[150,303],[294,11],[232,-311],[-238,-149],[8,-424],[-479,17],[-193,-152],[-351,47],[-81,169]],[[12651,32122],[63,190]],[[12714,32312],[203,214]],[[12917,32526],[420,435],[196,364],[209,38],[421,-336],[475,-177],[-95,-253]],[[14356,32651],[-534,49],[-33,-151],[308,-362],[-38,-262],[-261,-456],[-453,-7],[151,381],[-283,265],[-187,-359]],[[13026,31749],[-375,373]],[[10793,54271],[-529,-29],[76,276],[374,-20],[79,-227]],[[13510,50521],[143,1],[-66,-151],[-77,150]],[[40140,57615],[412,33],[16,-267],[-444,17],[16,217]],[[1576,24623],[-37,-439]],[[1539,24184],[-64,-334],[-235,-60],[-135,-409],[-360,-99],[-739,343],[246,355],[395,76],[749,-73],[-99,402],[279,238]],[[9896,21987],[568,37],[194,369]],[[10658,22393],[152,-37]],[[10810,22356],[-49,-653],[-271,-6],[-172,-293]],[[10318,21404],[-98,-175]],[[10067,21373],[-191,201]],[[9876,21574],[16,313]],[[9892,21887],[4,100]],[[10995,24344],[239,-296]],[[11234,24048],[559,182]],[[11793,24230],[127,-485],[-172,-19]],[[11748,23726],[-492,39],[-242,-319],[-37,-414],[-148,-189]],[[10829,22843],[-55,27]],[[10774,22870],[-264,109]],[[10510,22979],[-84,198],[143,675],[215,127],[32,370]],[[11534,20936],[277,460],[224,-34]],[[12035,21362],[15,-428]],[[12050,20934],[-470,-170],[-46,172]],[[55550,64455],[426,129],[-107,-411],[-225,-28],[-94,310]],[[52286,65773],[-882,-23],[-1106,23],[-77,137],[140,681],[1254,-4],[232,409]],[[49497,69382],[200,79],[150,625],[451,-1],[29,202],[372,3],[-303,-538],[119,-295],[415,-186],[-3,-437],[-752,17],[-132,171],[-427,152],[-119,208]],[[1472,21401],[221,233]],[[1693,21634],[283,-197],[36,-398]],[[1434,20923],[-24,191]],[[1410,21114],[62,287]],[[7761,21700],[-276,93]],[[8624,24467],[195,-383]],[[8819,24084],[-229,-91]],[[8590,23993],[-478,139]],[[8112,24132],[-158,197]],[[7424,23050],[17,199],[505,272]],[[7946,23521],[267,-84]],[[8056,22756],[-181,57]],[[7612,22691],[-188,359]],[[59417,83984],[2,370],[590,-137],[241,148],[965,-54]],[[61215,84311],[-450,-329],[-87,-623],[-441,-133],[-112,261],[-327,-285],[-24,546],[-374,-89],[17,325]],[[63702,80653],[329,109],[154,-154],[421,-3],[830,478],[70,-515],[-128,-231],[-338,-6],[-243,-173],[-739,-60],[-3,336],[-353,219]],[[62551,79288],[8,493],[604,-129],[-161,-255],[-16,-386],[-424,9],[-11,268]],[[58973,84663],[670,141],[1786,1041],[1096,384]],[[62525,86229],[7,-185]],[[62532,86044],[90,-492],[300,-88],[198,-570]],[[63120,84894],[24,-364],[-753,-43],[-298,406],[-321,-94],[-81,-639],[-476,151]],[[59417,83984],[-432,86]],[[59541,76548],[340,159],[21,218],[303,244],[70,644],[520,-29],[-16,-717],[-279,6],[-6,-285],[-300,5],[-78,-302],[-575,57]],[[67564,71731],[102,618],[566,-7],[5,-291],[-336,-158],[-10,-491],[-327,329]],[[67500,76596],[188,383],[662,-43],[169,281],[700,-190],[294,115],[136,-376],[-212,-73],[-152,-437],[274,-270],[-837,-31],[1,-202],[-965,-13],[21,714],[-279,142]],[[68180,73530],[537,163],[248,-499],[13,-388],[-435,3],[-363,721]],[[75137,62981],[186,135],[180,-253],[-252,-66],[-114,184]],[[74075,70232],[172,-150],[396,27],[-30,-286],[468,-40],[357,-231],[411,-18],[-7,-196],[-336,-110],[-856,204],[-40,371],[-256,48],[-407,384]],[[73947,70235],[128,-3]],[[81891,68325],[225,93],[122,305],[654,-110],[120,-323],[289,39],[140,-532],[-351,-193],[-562,-74],[-345,190],[126,431],[-181,212],[-238,-60]],[[76483,65020],[238,141]],[[76727,65173],[260,184]],[[77060,65354],[209,-111],[-355,-426],[-360,-91],[-81,215]],[[24571,34896],[95,242],[377,-18],[213,115],[211,-60],[-207,-239],[-467,34],[-225,-111]],[[21325,36832],[-17,-176]],[[21308,36656],[-4,-55]],[[21304,36601],[-7,-139]],[[21297,36462],[-163,-254],[-20,-518],[334,-35],[-92,-301],[-229,-212],[-561,-75],[-362,157],[-251,-389],[-287,32],[-432,264],[15,213],[500,394],[136,461],[506,363],[378,2],[110,297],[446,-29]],[[21517,12257],[-342,-16],[-142,396],[60,699],[264,83],[19,368],[220,61],[-66,-902],[194,-158],[-207,-531]],[[39141,82223],[-3,384],[-444,20],[46,340]],[[38740,82967],[397,-18],[363,339],[329,62],[-158,-565],[688,125],[352,-577],[-51,-279],[-338,-139],[-469,29]],[[34511,83410],[-56,710],[324,-98],[102,-374],[227,-30],[105,-406],[-676,-5],[-26,203]],[[36868,84475],[90,285],[448,4],[-11,-625],[-445,-6],[-82,342]],[[2022,87318],[22,100],[94,1],[-32,-203],[-84,102]],[[5498,85852],[757,387],[356,-233],[343,42],[103,-527],[-397,78],[-57,-179],[-830,-6],[-275,438]],[[1208,85286],[223,203],[432,-21],[162,-359],[-704,-128],[-113,305]],[[48341,11502],[36,295],[428,-34],[186,-442],[-656,54],[6,127]],[[9067,86628],[448,318],[-80,-392],[-368,74]],[[41794,74155],[276,26],[114,-199],[-339,-84],[-51,257]],[[1568,77624],[253,338],[338,-262],[-132,-292],[-459,216]],[[5303,73077],[119,203],[231,0],[3,-203],[-353,0]],[[10102,75433],[347,5],[50,-306],[-275,-96],[-122,397]],[[1836,74817],[446,204],[-82,-321],[-364,117]],[[45960,46178],[49,-2]],[[46339,46159],[13,0]],[[46564,46148],[16,-332],[-639,97],[-425,-658],[149,-100],[520,-35],[-26,-408],[412,-198]],[[45965,44341],[-53,-20]],[[44649,44925],[-106,442]],[[44085,40510],[148,55]],[[44233,40565],[42,0]],[[44275,40565],[18,138]],[[44293,40703],[0,9]],[[44293,40712],[4,68]],[[44297,40780],[0,3]],[[44297,40783],[-5,43]],[[44292,40826],[113,15]],[[44405,40841],[6,76]],[[44411,40917],[-503,147]],[[43908,41064],[247,193]],[[44155,41257],[211,-24]],[[45254,41400],[146,-132],[32,-411],[-137,-216],[559,-125]],[[45854,40516],[-1,-5]],[[45853,40511],[-450,70],[-94,-294],[-256,9],[-268,-261],[-271,232],[-383,-352],[-280,-17],[-7,291]],[[43804,40282],[281,228]],[[42896,36714],[111,132],[-146,419],[804,95],[-27,-591],[-258,-207],[-419,84]],[[43441,32774],[-120,326],[185,643],[-285,18],[5,511],[336,-216],[195,297],[525,-40],[-301,-457],[261,-349],[469,181],[-24,-332],[-242,-235],[-1008,-33],[285,-351]],[[42888,39361],[217,46]],[[43111,39407],[2,-128],[-629,-124],[189,314]],[[41627,46970],[100,-82],[-140,-65]],[[40260,46345],[126,-14]],[[41014,44355],[-21,1]],[[40993,44356],[-267,55]],[[40405,44824],[-41,25]],[[39885,46485],[6,4]],[[40388,41998],[-174,56]],[[40241,42101],[203,10]],[[40538,42058],[-68,-124]],[[86293,80896],[495,-7],[172,-623],[-662,13],[-5,617]],[[80561,78316],[377,101],[26,-98]],[[80964,78319],[-403,-3]],[[87474,79529],[639,39],[2,-343],[632,-3],[0,-146],[-1275,12],[2,441]],[[99001,74023],[758,-275],[20,-290],[-741,265],[-182,149]],[[98856,73872],[145,151]],[[88645,70614],[-70,-196]],[[88575,70418],[-62,-358],[-565,-171]],[[87948,69889],[120,199]],[[88068,70088],[1,88]],[[88069,70176],[-129,322]],[[87940,70498],[269,312],[436,-196]],[[75067,87094],[371,-16],[231,219],[-7,405],[223,207]],[[76109,87905],[287,-202],[-55,-781],[-225,-192]],[[76052,86283],[-94,-123],[-474,60],[-474,225]],[[98536,89688],[14,162],[456,50],[119,-422],[-119,-113],[-450,77],[-20,246]],[[61488,31071],[285,-14],[-21,-285],[-172,3],[-92,296]],[[12278,41470],[-97,-167]],[[12181,41303],[97,167]],[[12818,40772],[338,-514],[354,-203],[312,-46]],[[13822,40009],[-671,-13]],[[13151,39996],[-1528,-24]],[[11623,39972],[-20,412],[665,8],[-6,171],[556,209]],[[12030,41611],[-82,-156],[-466,-55],[-197,-818],[118,-490],[142,-121]],[[11545,39971],[-1013,-17]],[[10532,39954],[-50,2475],[1211,22]],[[69106,65839],[547,-274],[-73,-170],[-474,444]],[[11494,87049],[2,399],[282,0],[176,406],[317,0],[120,-206],[6,-793],[-227,-38],[-107,-475],[-337,208],[-8,399],[-224,100]],[[14583,57791],[234,122],[267,-234],[-440,-33],[-61,145]],[[3506,45597],[267,-232],[-147,-111],[-120,343]],[[52531,0],[-257,12],[-371,213],[-236,455],[207,442],[325,-503],[156,-3],[244,-413]],[[97473,98335],[-751,-77],[-159,-326],[-311,3]],[[96170,97749],[-689,-203]],[[95481,97546],[-1,336]],[[95480,97882],[0,574],[1052,352],[324,166],[636,118]],[[7295,31751],[130,0],[-48,-45],[-82,45]],[[10334,56271],[259,-612],[-104,-291],[-512,-21],[58,412],[261,512]],[[23948,32141],[170,75],[3,-96],[-136,-86],[-37,107]],[[3634,27743],[413,-127],[-221,-209],[-192,336]],[[71126,52418],[97,222],[362,-345],[-409,-149],[-50,272]],[[71828,67162],[723,85],[270,-287],[-225,-125],[-579,99],[-189,228]],[[72259,71938],[373,269],[233,-175],[119,-366],[-395,-161],[-330,433]],[[72329,64157],[217,36],[50,-187],[-267,151]],[[68504,68670],[52,333],[496,11],[48,-336],[-596,-8]],[[62709,71711],[301,376],[357,-220],[-159,-356],[-320,-1],[-179,201]],[[75663,83492],[222,209],[58,410],[609,0]],[[76552,84111],[339,-207],[-29,-461],[135,-158]],[[76997,83285],[-120,-188],[-313,-16]],[[38115,71417],[360,47],[-39,-429],[-191,76],[-130,306]],[[27445,22378],[321,349],[-37,285],[214,332],[580,124],[130,-369],[-326,-73],[164,-814],[-429,-338],[-358,135],[-259,369]],[[59202,57293],[514,58],[-104,-400],[-410,342]],[[6226,28741],[2,131],[568,50],[-294,-364]],[[6386,28631],[-157,-162]],[[8676,25083],[1577,-142],[413,125],[190,-221]],[[10856,24845],[-75,-197]],[[10499,24484],[-258,42],[-347,-731]],[[9894,23795],[-624,393],[-451,-104]],[[14033,66887],[521,10],[222,-200],[1,-299],[-561,194],[-183,295]],[[3572,37892],[383,-138],[-26,367],[341,110],[493,-202],[-142,-309],[290,-33],[-14,-429],[-306,-212],[-875,11],[220,244],[-90,395],[-274,196]],[[11445,58565],[555,78],[-186,-382],[-333,67],[-36,237]],[[29080,46846],[324,109],[314,-319],[-500,-85],[-138,295]],[[19116,48201],[259,182],[1193,-87],[-565,-228],[-174,82],[-713,51]],[[16634,12086],[116,162],[151,-69],[-28,-124],[-239,31]],[[17468,18109],[0,141],[354,586],[41,-517],[127,-211],[322,116],[261,-207],[-280,-167],[-547,115],[-278,144]],[[15229,65846],[761,-104],[243,459],[307,11],[-4,710],[393,-154],[-234,-701],[181,-343],[336,-213],[207,-788],[-553,-19],[103,-188],[10,-592],[-253,-20],[27,610],[-204,1],[-115,409],[-229,175],[-457,1],[-193,535],[-326,211]],[[78853,84536],[570,-75]],[[79423,84461],[279,-174]],[[79702,84287],[-2,-271]],[[79700,84016],[0,-121]],[[74234,87881],[634,459],[254,259]],[[72420,82469],[476,2]],[[72896,82471],[554,3]],[[73450,82474],[459,1]],[[73909,82475],[-3,-1054],[-668,12],[-8,-1026]],[[73230,80407],[-801,0]],[[68328,83970],[133,367]],[[68461,84337],[451,39]],[[70656,84360],[-81,-658]],[[70572,83495],[-1356,50]],[[68441,83546],[-113,424]],[[79423,84461],[121,403]],[[79544,84864],[165,245],[384,2],[4,-332]],[[80097,84779],[2,-252]],[[80099,84527],[-395,-4],[-2,-236]],[[68477,85190],[4,51]],[[68481,85241],[366,-6],[4,289],[619,90]],[[69470,85614],[-4,39]],[[68461,84337],[16,853]],[[75608,84523],[-382,-4],[-9,-1108]],[[75217,83411],[-774,611],[-158,242],[-309,69]],[[73976,84333],[110,592]],[[69355,86359],[572,152],[704,11],[312,-121]],[[69470,85614],[-50,207],[42,441],[-107,97]],[[77021,87705],[443,-5]],[[77464,87700],[310,-199]],[[77774,87501],[63,-826]],[[77837,86675],[-197,1]],[[76890,86680],[131,1025]],[[76551,84521],[1,-410]],[[76997,83285],[315,-209],[1,826],[134,-1]],[[77445,83256],[-2,-819]],[[72879,84223],[17,-1752]],[[70560,82463],[5,568]],[[77837,86675],[782,-9]],[[78626,85528],[-510,-122]],[[78116,85406],[-314,183]],[[75827,44154],[229,-19],[337,-305],[-287,-125],[-126,406],[-153,43]],[[20946,69827],[111,179],[790,7],[28,-268],[291,-7],[-2,-507],[-879,-57],[-5,457],[-334,196]],[[23522,75672],[164,145],[422,2],[-30,-302],[-444,-4],[-112,159]],[[68501,85995],[2,173]],[[68503,86168],[230,-10],[622,201]],[[68481,85241],[20,754]],[[69084,82456],[1476,7]],[[70559,80385],[-934,-20]],[[69625,80365],[-247,-4]],[[69378,80361],[-72,-1]],[[69306,80360],[-220,-3]],[[69086,80357],[-42,-1]],[[69044,80356],[-646,-11],[26,2118]],[[73919,84277],[57,56]],[[75205,82474],[-297,2]],[[74908,82476],[-60,280],[-247,86],[-13,400],[-379,236],[-46,544],[-244,255]],[[43161,56197],[485,-5],[-99,-206],[-399,25],[13,186]],[[55802,31714],[3,6]],[[55414,31661],[-77,352],[139,162],[303,-277],[224,43],[577,380],[-43,-583],[284,-16],[-8,-399],[-523,239],[-639,49]],[[53162,73561],[211,258],[305,-1],[54,-616],[-465,91],[-105,268]],[[55946,79867],[501,1],[0,-289],[-501,-4],[0,292]],[[45326,51125],[40,50]],[[45366,51175],[-7,1]],[[45359,51176],[-216,12]],[[45143,51188],[-329,259],[-71,232],[585,250],[443,9],[43,-560],[-201,-270],[-287,17]],[[48223,65836],[2,239]],[[48225,66075],[0,41]],[[48225,66116],[22,-15]],[[48247,66101],[-3,-84]],[[48244,66017],[312,-5]],[[48556,66012],[222,-334],[-640,-263],[-365,181],[8,-372],[-216,-277],[-2,-260],[-461,-83],[-608,397],[228,405],[2,208],[323,133],[516,-290],[341,364],[319,15]],[[59314,66509],[431,-3],[2,-300],[-435,-10],[2,313]],[[58062,63574],[134,-412],[205,-23],[12,-260],[-218,139],[-171,320],[38,236]],[[65230,48342],[342,-244],[-180,-237],[-307,8],[-93,232],[183,322]],[[70306,44202],[155,108],[-16,-53],[-106,-75],[-33,20]],[[63358,39097],[409,-7],[-32,428],[162,-149],[75,-348],[-579,34],[-35,42]],[[18656,30853],[807,-75],[-307,-227],[-482,118],[-18,184]],[[12843,27542],[420,-180],[462,276],[-127,267],[319,197],[23,234],[-555,138],[129,222],[-98,369],[446,245],[131,429],[354,-49],[-15,-199],[699,13],[-31,-254],[-398,-683],[-22,-506],[-193,-445],[-296,-160]],[[13589,27312],[-247,-218]],[[13353,27060],[-336,50]],[[13017,27110],[-12,335],[-162,97]],[[63396,37866],[-385,609],[116,102],[449,-117],[-29,-479],[-151,-115]],[[11024,27073],[30,303]],[[11054,27376],[403,-7],[205,389],[296,-78],[-28,-348],[223,-17],[143,394],[522,-41],[25,-126]],[[13017,27110],[54,-294]],[[13071,26816],[99,-398]],[[13170,26418],[-81,-381],[-493,-7],[-103,-224]],[[12362,25662],[-324,240],[-239,-207],[-257,-1],[-491,192],[-104,201],[77,583],[209,258],[-209,145]],[[17209,31413],[-300,-262],[-398,208],[113,454],[496,133],[191,-505]],[[65080,81351],[451,83],[-2,-270],[-452,-163],[3,350]],[[11356,32036],[-6,-37]],[[11350,31999],[-15,-170]],[[11335,31829],[256,-281]],[[11591,31548],[-322,-571],[695,-252]],[[11964,30725],[-51,-263],[344,-201]],[[12257,30261],[-701,50],[-55,-205],[-298,-48]],[[11203,30058],[-284,-478],[-196,60],[-897,44],[-526,183]],[[9300,29867],[199,466],[-220,100],[70,533],[264,716],[678,98],[1065,256]],[[31198,41295],[466,402],[-172,176],[284,234],[7,216],[808,-122],[414,-140],[140,-324],[-238,-258],[-553,-25],[-299,-248],[199,-313],[-558,124],[-126,256],[-372,22]],[[4586,88786],[330,422],[572,-5],[658,-161],[-887,-180],[1,-204],[-615,-105],[-59,233]],[[21045,39206],[252,141],[451,20],[177,-101],[-1,-321],[-361,-325],[-96,272],[-326,102],[-96,212]],[[21304,36601],[4,55]],[[21325,36832],[110,246],[391,-210],[262,147],[246,-140],[-48,-334],[-527,-342],[-462,263]],[[98403,76766],[97,657],[1011,-6],[-11,-160],[-410,-233],[162,-177],[-421,-214]],[[48918,79685],[596,-150],[7,-281],[-570,4],[-33,427]],[[82050,93658],[236,-13]],[[82286,93645],[185,-404]],[[82471,93241],[-430,6]],[[82041,93247],[9,411]],[[30934,72013],[339,-1],[-1,-153],[-342,-1],[4,155]],[[42225,67078],[243,100],[-3,421],[356,196],[30,208],[518,3],[-215,-405],[327,-102],[-156,-510],[240,-265],[-1037,-156],[-303,510]],[[56532,967],[342,10],[-2,-96],[-354,-50],[14,136]],[[41449,47348],[7,72]],[[41461,47705],[765,86]],[[41619,46991],[-5,15]],[[41300,47006],[-40,1]],[[41113,47091],[-17,89]],[[41074,47301],[-47,257]],[[43990,47491],[341,-111],[116,-134],[31,-292]],[[43992,47229],[-8,144]],[[36502,43979],[303,-261],[229,227],[265,9],[474,-717],[-941,-56],[-36,74]],[[36796,43255],[-294,724]],[[39525,43642],[-57,-662]],[[39033,43160],[-57,138]],[[26297,83257],[0,407],[371,57],[675,239],[147,-322],[502,195],[-3,-403],[463,-104],[-440,-504]],[[28012,82822],[-444,5],[-4,-205],[-264,-197],[-375,211],[-832,109],[7,516],[197,-4]],[[42026,81604],[262,71],[839,-87],[111,-375],[424,-137],[-471,-425],[-409,-36],[-447,419],[219,202],[-438,193],[-90,175]],[[41724,18496],[127,170],[881,134],[150,-229],[-103,-258],[-365,153],[-654,-193],[-36,223]],[[3932,20442],[715,27]],[[4944,19984],[-1631,141]],[[10558,19877],[107,104],[450,-111],[275,255]],[[11390,20125],[537,-303]],[[11927,19822],[-90,-734]],[[11837,19088],[-468,54]],[[11018,19221],[26,222],[-486,434]],[[1520,22238],[205,145],[536,-191],[518,174],[89,176]],[[2832,22589],[381,-21]],[[3213,22568],[-28,-319]],[[3185,22249],[-687,-140],[200,-428]],[[2698,21681],[-334,97],[-154,-177],[-517,33]],[[1472,21401],[-39,21]],[[10027,22472],[182,274]],[[10209,22746],[301,233]],[[10774,22870],[-116,-477]],[[9896,21987],[-17,5]],[[9879,21992],[44,213]],[[5731,23880],[-537,-260],[101,-325]],[[5295,23295],[-631,64]],[[4664,23359],[311,392],[382,285],[383,440]],[[24103,44132],[36,412],[-446,35],[207,416],[717,-69],[-85,-904],[-245,18]],[[74390,52253],[119,351],[559,100],[57,-330],[521,198],[157,-265],[-824,-18],[-209,-348],[-391,58],[11,254]],[[75207,44712],[54,205],[-426,358],[-352,85],[608,427],[-25,371],[355,24],[133,-582],[-38,-262],[281,-272],[-105,-417],[-267,-142],[36,-229],[-266,-184],[12,618]],[[51430,63904],[525,-3],[536,-180],[83,207],[421,207],[46,-410],[-481,-29],[-34,-331],[-414,-73],[-662,10],[-20,602]],[[52077,13546],[91,567],[419,-153],[-43,-421],[-467,7]],[[64763,73770],[214,109],[860,-29],[-295,-467],[-774,39],[-5,348]],[[5950,24594],[36,68],[-32,103]],[[5965,24855],[475,95],[276,236]],[[7608,24305],[-283,-139]],[[6274,24301],[2,25]],[[76452,72326],[635,0]],[[77087,72326],[2045,-3]],[[79077,70855],[-25,-517]],[[79052,70338],[-132,-304]],[[78915,70034],[-2575,102]],[[76340,70136],[112,2190]],[[77450,84522],[9,1]],[[73655,84382],[264,-105]],[[74908,82476],[-999,-1]],[[73450,82474],[4,743],[-64,810]],[[24495,87118],[393,-62],[388,202],[510,-310],[-13,-430],[-248,-250],[-694,-30],[211,343],[-213,66],[-334,471]],[[28822,35040],[286,186],[238,-206],[671,6],[-152,-360],[-473,191],[-580,28],[10,155]],[[87107,93890],[112,830],[148,239],[304,-19],[166,-334],[272,-46],[-12,-582],[-382,-216],[-608,128]],[[93443,72725],[88,309],[246,148],[-119,403],[163,520],[239,-2],[422,-354],[352,-173],[-121,-386],[-337,-144],[-357,112],[-275,-55],[-26,-250],[-275,-128]],[[45907,41209],[39,-25]],[[46116,41024],[109,-105]],[[46744,40746],[444,-168],[155,124]],[[47343,40702],[123,-9]],[[47466,40693],[40,-2]],[[47506,40691],[5,-1]],[[47511,40690],[127,-8]],[[47638,40682],[51,-21]],[[47689,40661],[-79,-393],[-475,29],[-200,-148],[142,-406]],[[47011,39749],[-381,-125]],[[46457,39638],[-219,26]],[[46198,39547],[-323,437],[186,396],[-208,131]],[[45854,40516],[252,263],[-260,242]],[[18034,43206],[771,241],[119,-378],[-301,-79],[-257,-319],[-355,273],[23,262]],[[86472,86339],[462,-575],[685,-48],[231,-446],[-388,-1],[-158,-232],[-248,271],[-339,-43],[-121,594],[144,99],[-268,381]],[[77774,87501],[268,0]],[[78042,87501],[724,65]],[[78766,87566],[-4,-514],[-143,-386]],[[56796,71829],[394,77],[1,-355],[-395,278]],[[14636,55782],[380,189],[238,-153],[-330,-206],[-288,170]],[[16743,15785],[519,39],[188,-97],[-159,-335],[-344,11],[-204,382]],[[73983,80414],[282,2]],[[74265,80416],[167,0]],[[74432,80416],[196,-2]],[[74628,80414],[-344,-56],[60,-346],[-244,-193],[-58,-272],[147,-217],[7,-508],[359,7],[-24,-514],[-955,-9],[0,447],[-230,-6],[66,413],[-128,193],[60,388],[577,391],[62,282]],[[29018,26362],[571,92],[185,-465],[-193,-47],[-222,303],[-341,117]],[[62217,17912],[510,86],[21,-419],[-342,96],[-189,237]],[[87142,83195],[546,2],[-227,-323],[-319,321]],[[19205,64515],[427,-2],[305,-193],[57,-306],[-538,20],[-246,-103],[-5,584]],[[97609,63551],[713,514],[286,40],[232,218],[-109,374],[355,138],[58,-225],[503,-30],[101,-653],[-279,-381],[525,-171],[-183,-411],[-646,-5],[-274,404],[-555,-152]],[[80906,43884],[-7,84],[203,2],[-39,-142],[-157,56]],[[16930,61626],[273,-76],[-96,-175],[-177,251]],[[15559,63054],[224,3]],[[15783,63057],[111,-203],[-502,-6],[167,206]],[[95552,48506],[-87,-16]],[[94982,47028],[42,-14]],[[95024,47014],[-42,14]],[[94970,47029],[-106,7]],[[94864,47036],[67,314],[-107,243],[398,91],[92,-302],[-344,-353]],[[82286,93645],[311,-141]],[[82503,93229],[-32,12]],[[97776,54169],[267,-337],[70,-285],[-174,-418],[-238,39],[14,497],[-515,167],[465,225],[-176,304]],[[40993,44356],[-21,-340]],[[43509,83274],[311,84],[-7,-278],[-286,-14],[-18,208]],[[71005,65674],[258,136],[679,-4],[-450,-679],[-475,-6],[-12,553]],[[97809,85346],[428,9],[528,315],[159,-173],[-317,-429],[-479,7],[-319,271]],[[3008,30714],[36,169],[618,-1],[345,-480],[-183,-132],[-434,14],[-87,256],[-295,174]],[[9491,25832],[-784,20],[-381,253],[43,710],[912,-140],[221,-675]],[[21452,22682],[65,273],[575,-320],[23,-264],[-452,-105],[-211,416]],[[16995,60227],[495,65],[1,-103],[-496,38]],[[12859,85040],[433,-90],[9,-244],[-442,114],[0,220]],[[30023,87052],[415,2],[422,-310],[0,-213],[-447,-22],[1,365],[-391,178]],[[39925,68396],[411,-110],[-395,-146],[-16,256]],[[45602,63861],[898,159],[-32,-678],[-449,-286],[-434,35],[17,770]],[[43150,54098],[174,-158],[47,-199],[-213,27],[-8,330]],[[37791,40641],[347,192],[275,-162],[-162,-256],[-382,29],[-78,197]],[[38400,24648],[176,165],[169,-399],[-217,33],[-128,201]],[[45263,12619],[175,318],[282,-1],[206,-464],[-663,147]],[[40645,11925],[86,181],[412,36],[-72,-252],[-426,35]],[[59789,30820],[166,89],[106,-246],[-271,11],[-1,146]],[[53035,33171],[283,46],[228,-265],[-109,-97],[-170,203],[-232,113]],[[26588,81015],[493,66],[-279,-383],[-214,317]],[[28280,54093],[315,174],[358,33],[172,-258],[-474,-341],[-371,392]],[[36401,49017],[183,197],[344,-53],[341,-321],[-56,-174],[-619,-98],[-193,449]],[[38237,78195],[69,362],[165,-146],[11,-246],[-245,30]],[[45565,79264],[79,-166],[-181,-16],[102,182]],[[53536,80256],[315,-257],[856,-16],[5,-611],[-252,-245],[-450,117],[-101,229],[-344,-77],[-29,860]],[[45080,69120],[236,31],[6,-159],[-204,-19],[-38,147]],[[58829,52689],[287,-2],[-215,-223],[-72,225]],[[72491,61936],[314,179],[66,-316],[-380,137]],[[71500,54023],[267,-56],[0,-154],[-226,20],[-41,190]],[[62508,40323],[225,202],[20,-159],[-87,-124],[-158,81]],[[63085,28667],[107,295],[276,-265],[-383,-30]],[[61897,12145],[193,193],[105,-140],[-103,-140]],[[72980,27116],[134,141],[272,29],[-28,-209],[-378,39]],[[87975,48038],[645,-24],[-43,-386],[-240,20],[-362,390]],[[91301,44886],[372,342],[151,-483],[-376,-21],[-147,162]],[[80129,62927],[273,-4]],[[80402,62923],[104,-2]],[[80506,62921],[36,-1]],[[80542,62920],[-399,-458],[-14,465]],[[74437,61032],[258,346],[162,-353],[-420,7]],[[99272,66863],[444,-40],[-205,-265],[-239,305]],[[89635,70168],[439,-69],[52,-353],[-372,68],[-119,354]],[[11804,22572],[445,-9]],[[12249,22563],[-374,-56],[-71,65]],[[11964,30725],[640,-101],[232,76],[-27,-490],[-552,51]],[[13600,21831],[511,-98]],[[14111,21733],[-258,-135],[-1,-283],[-305,7],[53,509]],[[10567,26998],[118,829],[407,-28],[-38,-423]],[[11024,27073],[-457,-75]],[[13561,22110],[368,232],[334,-207],[108,-348],[-260,-54]],[[13600,21831],[1,15]],[[13601,21846],[-40,264]],[[12018,19917],[651,486],[18,-282],[-162,-489],[-248,-51]],[[12277,19581],[-259,336]],[[1576,24623],[483,26],[-102,-370],[-418,-95]],[[11506,18264],[-229,-700],[-840,300],[176,394]],[[4986,19327],[577,-119]],[[4398,25395],[496,-46],[142,-236],[-196,-641],[99,-345],[-679,279],[-240,-3]],[[4020,24403],[-261,-95]],[[3759,24308],[114,409],[-257,251],[530,234]],[[2698,21681],[94,-233],[331,7]],[[9925,22899],[284,-153]],[[11234,24048],[38,456],[244,174],[277,-448]],[[5861,23207],[197,-15]],[[5842,22887],[-161,377]],[[5681,23264],[180,-57]],[[3976,21226],[200,512]],[[4176,21738],[463,-443]],[[76576,73292],[52,-150]],[[77093,72582],[-6,-256]],[[76452,72326],[-636,2]],[[75816,72328],[215,984]],[[94844,79001],[-371,299]],[[94388,79555],[-77,81]],[[94302,79735],[-65,334],[966,-31],[-136,-239],[62,-887],[-284,33]],[[40684,9910],[554,585],[747,-147],[-316,-714],[-604,-83],[-381,359]],[[13160,39457],[438,-37],[5,-195]],[[13376,39013],[27,-8]],[[13161,39060],[-1,397]],[[65014,44408],[405,114],[33,360],[497,-18],[91,-240],[-131,-432],[-221,-378]],[[33628,29324],[661,-91],[-235,-244],[-426,106],[0,229]],[[31008,22193],[243,-301]],[[31251,21892],[-102,-144],[-410,-61],[-115,362],[384,144]],[[3490,91669],[450,3],[2,-199],[454,-2],[-104,-305],[-694,-5],[-108,508]],[[71331,60009],[420,67],[763,-54],[13,-306],[-528,-197],[-668,490]],[[95527,76395],[1,-2039]],[[95528,74356],[-904,13],[-44,622],[-953,8],[190,435],[0,314],[388,167],[63,-243],[279,4],[489,-174],[0,506],[198,387],[293,0]],[[88069,70176],[-1,-88]],[[87948,69889],[-264,1],[-449,607],[705,1]],[[79700,84016],[263,-128],[500,0],[129,102],[-162,447]],[[80430,84437],[53,93],[811,13]],[[81294,84543],[13,-2169]],[[80347,82386],[-78,864],[-452,197],[-118,334]],[[2699,36253],[286,191],[345,2],[0,-805],[-331,-250],[-291,286],[-9,576]],[[58781,46791],[-154,-198],[-465,-115],[-126,358],[745,-45]],[[69751,60149],[110,433],[696,-8],[62,-669],[-191,-192],[-658,140],[-19,296]],[[2284,22592],[-370,164],[-413,-155]],[[1501,22601],[-201,292],[-2,693],[785,4],[-29,-206],[307,-518]],[[60361,36957],[417,187],[285,-592],[-244,-120],[-349,76],[-109,449]],[[55667,41926],[249,-225],[-259,-232],[10,457]],[[76011,41935],[293,78],[-4,-127],[-289,49]],[[26904,69629],[391,247],[-4,-370],[-387,123]],[[48343,29773],[19,269],[102,-10],[-5,-189],[-114,-90]],[[55400,74607],[681,345],[89,347],[378,-38],[18,-553],[-1166,-101]],[[27264,30365],[351,255],[128,-380],[-303,-71],[-176,196]],[[13822,40009],[56,-209]],[[13160,39457],[-9,539]],[[4176,21738],[228,395],[-138,245]],[[69032,53006],[142,118],[346,-42],[-97,-110],[-391,34]],[[99035,79045],[-183,156],[-3,450],[426,155],[269,-566]],[[89578,77607],[-226,-250],[-602,1],[0,294],[202,155]],[[80975,77320],[609,133],[257,-115],[-6,-273],[-371,-45],[-525,267]],[[3661,24000],[98,308]],[[4020,24403],[270,-247],[721,-103],[86,-203],[-145,-108],[-194,-242],[-536,245],[-277,-167],[-198,103]],[[3747,23681],[-86,319]],[[99328,70328],[423,-15],[228,-146],[-3,-311],[-578,-1],[81,185],[-151,288]],[[97349,55437],[-51,421],[521,332],[-62,-342],[-300,-112],[-84,-281]],[[77562,67294],[411,99],[470,-552]],[[78435,66681],[-825,-36]],[[38747,82222],[-331,-1],[54,465],[270,281]],[[97185,71403],[191,-168],[-5,-569],[-1186,9],[81,706],[-208,522],[198,201]],[[16723,41988],[344,177],[149,-426],[-346,-113],[-147,362]],[[67413,57882],[82,485],[452,-15],[-119,-562],[41,-274],[-344,38],[-112,328]],[[9780,81388],[373,-127],[-92,-210],[-267,170],[-14,167]],[[78600,61972],[-362,428],[183,551],[794,-11],[-15,-1014]],[[97714,70544],[674,58],[6,-351],[-177,-186],[-349,60],[-154,419]],[[34179,89698],[277,-117],[140,-187],[-416,-36],[-1,340]],[[94207,78335],[-482,1],[-121,219]],[[10613,18258],[-519,25],[-177,-87],[49,685]],[[91941,57245],[250,-144],[-240,-129],[-10,273]],[[117,32701],[161,-147],[-158,-84],[-3,231]],[[79712,85380],[-321,-98],[153,-418]],[[78291,84529],[-189,179],[14,698]],[[77468,89057],[2,-454]],[[77470,88603],[-6,-903]],[[77021,87705],[2,188],[-469,20]],[[76554,87913],[-17,412],[340,-2],[-19,306],[271,85],[-2,268],[341,75]],[[76426,87912],[128,1]],[[45359,51176],[7,-1]],[[45326,51125],[-183,63]],[[43152,48595],[33,37]],[[43185,48632],[50,56]],[[43300,48757],[264,95],[1475,-191],[-164,-1374]],[[44846,47218],[-309,7],[-63,86],[-394,206],[-276,27]],[[43497,47760],[14,234],[-535,176]],[[80097,84779],[507,199],[401,-53],[883,29],[2,-408],[-596,-3]],[[80430,84437],[-331,90]],[[79529,70943],[227,-8],[195,-506],[-214,-177],[-685,86]],[[11837,19088],[-1,-1]],[[11836,19087],[-50,-414]],[[4507,23228],[157,131]],[[5295,23295],[386,-31]],[[5879,23514],[-18,-307]],[[3213,22568],[256,-13]],[[3469,22555],[815,-60]],[[3133,21624],[52,625]],[[18374,41256],[-493,34]],[[17881,41290],[40,505],[491,-128]],[[4437,68596],[123,292],[347,9],[-31,612],[500,-156],[394,270],[225,-310],[3,-892],[-227,24],[-219,-253],[-523,145],[-260,260],[-332,-1]],[[56716,46120],[-52,-601],[-612,47],[-210,-500],[-359,27],[-384,-232],[-299,-46],[-263,-340],[-241,-94]],[[54076,44331],[-168,342],[196,269],[266,-65],[40,675]],[[47819,44104],[-99,-128]],[[47720,43976],[-36,7]],[[47684,43983],[135,121]],[[47600,44302],[19,309]],[[47629,44781],[92,1302]],[[48020,46065],[233,-15]],[[49067,45998],[938,-54],[-18,-262]],[[50825,44961],[-239,-313],[-333,22],[-37,-564],[-320,199],[-33,-450],[-1763,101]],[[48100,43956],[-281,148]],[[47819,44104],[-219,195]],[[49458,37054],[305,-18],[400,548],[431,-192],[57,413],[347,-20],[134,-312],[960,117],[-9,-309],[219,-72],[34,678],[437,-109],[38,-343],[-145,-399],[462,-346],[-16,-248],[-623,35],[-353,-91],[-8,-215],[-452,-26],[-539,226],[-410,15],[-72,478],[-558,-59],[-639,249]],[[46854,44195],[93,12]],[[48100,43956],[-22,-319]],[[48078,43637],[-86,-456],[-316,74],[-85,-336],[-277,-78]],[[47314,42841],[-227,-75]],[[47087,42766],[-96,-25]],[[46555,42763],[-144,4]],[[48078,43637],[-217,13]],[[47861,43650],[217,-13]],[[47684,43983],[36,-7]],[[22626,64425],[-1,294],[111,1],[18,-256],[-128,-39]],[[23903,63955],[3,212],[278,1],[-2,-241],[-279,28]],[[64824,63771],[404,199],[0,-488],[-398,17],[-6,272]],[[79772,92364],[772,18],[141,634]],[[80685,93016],[556,364],[563,262],[246,16]],[[82041,93247],[-12,-460]],[[82010,92228],[-44,-1443]],[[12287,41535],[-9,-65]],[[12181,41303],[213,-266],[424,-265]],[[11623,39972],[-78,-1]],[[59452,82460],[85,323],[866,-135],[-161,-592],[-379,60],[-4,402],[-407,-58]],[[79341,90044],[-31,-374],[398,-310]],[[79721,88594],[-672,6]],[[79049,88600],[-636,1]],[[78413,88601],[-943,2]],[[77468,89057],[-3,56]],[[16588,35974],[92,-152]],[[16642,35764],[101,-303],[-202,-104]],[[15680,35517],[-951,17],[-404,98],[-166,458]],[[11869,37553],[-1323,-14],[-14,2415]],[[13909,35507],[-320,-415],[50,-505]],[[12635,35116],[116,291],[-435,105]],[[50215,2671],[157,326]],[[50372,2997],[306,-230],[272,-10],[-27,-603],[-434,244],[-274,273]],[[54243,46193],[-270,34]],[[54273,45676],[-463,30]],[[53810,45706],[176,392],[-164,112]],[[53789,46240],[-469,109]],[[53290,46359],[-167,246],[337,469],[432,-338],[698,-74]],[[52661,63006],[574,-97],[-202,-439],[447,-349],[444,209],[38,-408],[-143,-356],[-191,13],[-527,741],[-308,181],[-132,505]],[[80537,56617],[-1,-170],[376,-494]],[[80912,55953],[-4,-287],[227,-267]],[[81135,55399],[-509,10],[-219,251],[280,226],[-395,691]],[[32719,50542],[364,63],[-18,773],[-277,337],[467,33],[-74,399],[96,147],[474,45],[114,-257],[267,116],[66,-361],[-135,-249],[390,-69],[110,-463],[453,-169],[240,15],[46,-411],[-206,-106],[625,-493],[-352,-38],[-319,355],[-398,-32],[-704,379],[-421,-303],[-436,-7],[-372,296]],[[53732,81805],[631,189],[15,-795],[-274,-20],[-7,311],[-365,315]],[[42510,9982],[325,156],[208,-193],[511,1],[119,390]],[[43673,10336],[1596,-30],[-6,-129]],[[45263,10177],[-26,-619]],[[45237,9558],[0,-22]],[[45237,9536],[-462,313],[-544,-144]],[[43527,9407],[-484,-336],[-249,-78],[-748,114],[390,389],[74,486]],[[8477,22600],[-1,-19]],[[9894,23795],[-460,-323],[-19,-269]],[[8565,23654],[25,339]],[[10558,19877],[-118,267]],[[10440,20144],[-36,204],[739,30],[247,-253]],[[10263,21132],[55,272]],[[10810,22356],[19,487]],[[11748,23726],[-159,-532]],[[11651,22969],[153,-397]],[[12249,22563],[265,-5],[47,-416]],[[12561,22142],[-378,83],[193,-314]],[[12376,21911],[-15,-144]],[[12361,21767],[-292,-180],[-34,-225]],[[11534,20936],[-619,-308],[-98,135]],[[10671,20751],[-261,194]],[[98683,68220],[438,2],[98,204],[544,0],[-24,-612],[-840,2],[3,293],[-219,111]],[[11216,91699],[346,7],[15,-408],[-354,-3],[-7,404]],[[26532,54214],[122,-43],[-76,-105],[-96,-31],[50,179]],[[75160,77150],[13,1169],[2260,9]],[[77900,77235],[-26,-330],[266,-211],[211,97]],[[74375,72226],[-4,-116],[646,-28],[100,246]],[[75117,72328],[699,0]],[[76340,70136],[-1799,79]],[[74541,70215],[34,823],[-822,24]],[[73753,71062],[1,1228]],[[77443,82437],[899,-17]],[[79070,82409],[3,-76]],[[79073,82333],[-3,-321],[447,-52],[-15,-588]],[[79502,81372],[-571,-387],[-16,-371],[-596,8],[-90,485]],[[78030,81111],[-250,88]],[[95521,77966],[350,89],[-193,332],[170,236],[337,-201],[9,-244],[-462,-281],[577,-870],[-96,-299],[191,-339]],[[96404,76389],[-877,6]],[[95527,76395],[-17,590]],[[95330,77522],[192,182],[-1,262]],[[7436,53860],[246,2],[0,-185],[-247,-19],[1,202]],[[58354,36824],[287,254],[180,-367],[-467,113]],[[28087,79952],[444,-1],[11,-407],[-445,1],[-10,407]],[[30697,89229],[9,222]],[[30706,89451],[472,-9],[13,-338],[-230,-116],[-434,114]],[[30527,89102],[170,127]],[[97383,57508],[343,-136],[296,391],[128,-278],[-300,-576],[-260,160],[-19,321],[-188,118]],[[94466,46700],[357,40],[41,296]],[[94970,47029],[12,-1]],[[95024,47014],[-136,-241],[35,-300],[-138,-242],[-286,349]],[[3985,54133],[181,67],[95,-201],[-278,1],[2,133]],[[64530,16888],[-254,10]],[[64276,16898],[67,924],[922,-51],[464,-143],[-14,-212],[-676,69],[-353,-154],[-156,-443]],[[17405,70606],[311,121],[221,-251],[-121,-266],[-231,-27],[-180,423]],[[19151,75595],[469,105],[41,395],[217,15],[454,720]],[[20348,76830],[-297,-473],[0,-245],[448,4],[0,-408],[-560,-5],[-311,-113],[-23,-196],[-352,-306],[-143,405]],[[18078,81793],[336,3],[3,-407],[-341,-4],[2,408]],[[83896,88392],[54,216],[-432,-4],[-34,529],[152,128],[701,90],[112,-266],[-68,-910],[-424,180]],[[86646,60539],[-426,85],[459,567],[465,53],[-88,-509],[-166,-258],[-244,62]],[[85996,65035],[200,-1],[363,290],[133,-404],[-431,-290],[-214,-28]],[[9460,44510],[221,-13],[-28,-134],[-143,-2],[-50,149]],[[35067,68772],[296,3],[109,-509],[369,-38],[-8,550],[674,-560],[568,-42],[202,-233],[-700,-54],[14,-313],[-568,17],[-310,-379],[-235,189],[29,768],[-265,538],[-175,63]],[[48277,74023],[114,513],[838,-430],[28,-426],[-818,1],[-162,342]],[[78063,90922],[88,107]],[[78402,91340],[315,313],[590,431]],[[94822,82210],[550,21],[450,506],[-225,-960],[27,-338],[-469,-105],[-330,452],[-3,424]],[[11203,30058],[301,-53],[107,-605],[-102,-319],[347,-397],[281,-553],[-393,71],[-630,461],[-394,-85],[-328,104],[-79,344],[-273,88],[-344,-395],[-758,42],[-12,316],[260,708],[114,82]],[[14070,72404],[621,107],[-64,-390],[-160,-126],[-397,409]],[[57094,71340],[330,-8],[13,-232],[-338,-14],[-5,254]],[[15677,20057],[154,98],[100,-182],[36,-295],[-109,-18],[-16,366],[-165,31]],[[5666,53857],[356,-17],[5,-234],[-360,-2],[-1,253]],[[47137,42663],[-50,103]],[[47314,42841],[32,-370],[172,-418],[450,48],[456,165],[24,-1224],[-404,-389],[-355,8]],[[47638,40682],[-127,8]],[[47506,40691],[-40,2]],[[47343,40702],[-130,115],[-4,411],[-186,195],[-135,407]],[[43230,87240],[797,-198],[388,49],[-2,-229],[-391,23],[-108,-302],[-424,126],[-84,360],[-176,171]],[[37160,52080],[433,318],[-45,-278],[-207,-213],[-181,173]],[[78766,87566],[272,162],[11,872]],[[79721,88594],[4,-382]],[[89182,96576],[1441,299],[-100,-382],[-859,3],[-482,80]],[[92398,90969],[51,2]],[[92449,90971],[415,-2],[351,-398],[-53,-870],[-304,4],[42,442],[-274,555],[-228,267]],[[38608,87102],[358,-118],[392,114],[86,-393],[-444,5],[-348,202],[-44,190]],[[51343,71915],[401,17],[15,-326],[-305,-90],[-111,399]],[[32926,26390],[57,542],[512,7],[-20,-294],[189,-350],[-738,95]],[[74479,64846],[336,-15],[275,127],[47,-460],[-679,-23],[21,371]],[[82127,66531],[-40,1]],[[81878,66603],[177,395],[441,-114],[-22,-302],[-285,-94]],[[96404,76389],[940,86],[200,-94],[858,-2]],[[98829,76378],[27,-1391]],[[97814,75195],[-1,-72]],[[98090,74443],[-349,-100],[3,-296]],[[97744,74047],[-304,-2],[10,300],[-1922,11]],[[32645,89976],[3,-69]],[[32648,89907],[2,-413],[-1944,-43]],[[30697,89229],[-216,248],[-674,-45],[-379,-155]],[[29428,89277],[265,413],[1,253]],[[40436,38537],[208,-126],[254,-8],[353,80],[183,128],[-39,399],[592,182],[76,-829],[-543,-90],[-648,-294],[-172,65],[9,347],[-180,5],[-93,141]],[[851,88321],[449,104],[227,-429],[-678,104],[2,221]],[[8408,89062],[341,1],[124,203],[437,-102],[-431,-200],[-471,98]],[[35463,36424],[546,112],[-223,338],[368,186],[259,-253],[-356,-227],[-234,-408],[-360,252]],[[72823,73875],[0,-129]],[[72823,73736],[-243,-113],[83,-515],[-217,-283],[-817,-192],[-637,87],[156,816],[287,112],[-6,712],[430,67],[252,173],[-6,-649],[719,42]],[[63988,84357],[0,8]],[[66262,84373],[-7,-221]],[[66255,84152],[-5,-680]],[[66250,83472],[-19,-993],[-1670,11]],[[64561,82490],[-601,0],[28,1867]],[[19031,18340],[1118,-288],[583,-74],[873,-470],[8,-189],[314,-240],[-224,-359],[-287,98],[-505,-289],[-141,813],[-918,202],[45,499],[-742,159],[-124,138]],[[88870,75850],[299,359],[332,-52],[-91,-556],[-392,-5],[-148,254]],[[98416,74431],[79,64]],[[98645,74496],[-16,-280],[372,-193]],[[98856,73872],[-387,-233],[-356,80],[-369,328]],[[48320,87907],[504,-83],[181,-401],[-326,-445],[-255,-9],[-100,777]],[[82327,76918],[281,59],[86,368],[221,379],[646,-84],[140,-301],[-34,-377],[-191,-242],[-349,0],[-92,-196],[-358,67],[-47,249],[-303,78]],[[75352,73394],[133,-168]],[[75704,73132],[-223,-206],[20,-290],[-384,-308]],[[22256,29121],[101,316],[466,42],[420,155],[347,-291],[832,234],[-25,-949],[-859,-715],[-313,439],[-473,11],[-412,508],[-84,250]],[[29428,89277],[-81,-513],[-365,517],[-98,331],[419,326]],[[28560,88274],[341,359],[301,-173],[44,-484],[-691,-62],[5,360]],[[66273,86027],[2228,-32]],[[68477,85190],[-428,-4],[-235,-406],[-684,8],[-237,-195],[-80,-358],[-558,-83]],[[2455,43832],[343,94],[-166,-382],[-177,288]],[[22550,18709],[79,281],[637,-353],[-435,-260],[-265,-25],[-16,357]],[[55037,38011],[66,23],[-22,72],[44,14],[42,-62],[-74,-64],[-56,17]],[[20198,42412],[343,-52],[-17,-212],[-220,14],[-106,250]],[[79702,80386],[0,5]],[[81871,80352],[-21,-2040],[-886,7]],[[80561,78316],[-861,9]],[[58017,41489],[141,0],[-29,-101],[-99,5],[-13,96]],[[69086,80357],[220,3]],[[69378,80361],[247,4]],[[70559,80385],[4,-1390],[-238,0],[-228,-276],[-849,-21],[-225,292]],[[69023,78990],[-175,298],[93,445],[315,176],[-224,207],[12,240]],[[95835,49690],[180,324],[150,-203],[-90,-130]],[[1423,20686],[-181,-144],[-401,-574],[-841,-352],[65,664],[245,-40],[142,598],[319,390],[279,32],[360,-146]],[[9766,19675],[361,330],[313,139]],[[10863,19238],[-444,76]],[[15559,63054],[-334,199],[-6,614],[-889,-7],[-3,324],[713,197],[506,29],[3,-336],[610,8],[-8,-205],[401,-1],[6,-804],[-775,-15]],[[93825,46761],[168,-60],[108,-247],[-290,23],[-88,183]],[[65323,54203],[382,-85],[-10,-237],[-376,169],[4,153]],[[47123,61869],[188,116],[6,568],[444,-6],[-9,-850],[-231,-164],[-398,336]],[[63143,84347],[845,10]],[[64561,82490],[-807,-428],[-449,235],[-1140,-4],[-205,213],[-259,567],[922,615],[-144,507],[324,146],[340,6]],[[79683,55543],[-473,198],[174,142],[344,-66],[-45,-274]],[[93309,49614],[256,18],[80,-82],[-282,-49],[-54,113]],[[842,30891],[266,146],[-130,465],[395,-189],[804,-31],[231,-203],[-45,-460],[100,-368],[-493,-44],[-557,103],[-129,346],[-447,-56],[5,291]],[[66300,86781],[555,-352],[1648,-261]],[[41906,13343],[757,240],[649,-54],[61,-453],[-696,239],[-105,-454],[-462,103],[-204,379]],[[11927,19822],[91,95]],[[12277,19581],[186,-71],[-139,-467],[-488,44]],[[795,81305],[187,-144],[706,-28],[7,-405],[-226,-205],[-447,38],[-35,505],[-192,239]],[[87083,40798],[219,-9],[-14,-382],[-121,113],[5,219],[-89,59]],[[83158,80637],[190,119],[590,1],[0,-439],[-579,-3],[-201,322]],[[78042,87501],[328,231],[43,869]],[[80912,55953],[578,-301],[-355,-253]],[[27971,37405],[178,39],[15,-240],[-195,15],[2,186]],[[12899,62216],[160,52],[93,-302],[-250,55],[-3,195]],[[85029,85790],[192,247],[430,2],[2,-420],[-433,-3],[-191,174]],[[33587,90511],[115,-233],[452,-56],[-150,-280],[0,-409],[-901,-27],[-2,408],[-453,-7]],[[27787,9841],[470,-15],[282,-224],[-431,-497],[-321,736]],[[55198,83619],[84,34],[57,-36],[-105,-59],[-36,61]],[[49686,34812],[292,464],[655,-123],[-2,-262],[-231,-343],[-265,13],[-449,251]],[[52660,41634],[281,350],[430,-17],[-149,-350],[-562,17]],[[30025,66641],[61,-71],[83,10],[-44,-120],[-127,78],[27,103]],[[38408,46169],[96,17]],[[38594,46218],[140,89]],[[39191,46578],[116,-379]],[[39745,46328],[77,111]],[[39914,46291],[-36,-258],[-440,-70],[81,-197],[534,149]],[[40055,45770],[-398,-178]],[[39552,45217],[-56,-49]],[[38060,44944],[0,-7]],[[38062,44927],[39,-13]],[[38258,44751],[-415,-105],[-183,572],[-325,558],[642,393],[354,-11]],[[9558,22307],[-47,-200]],[[7946,23521],[-262,36],[50,554],[378,21]],[[12361,21767],[447,112],[-83,-305],[143,-297],[-80,-186],[-738,-157]],[[48985,4308],[350,-23],[184,-207],[290,-22],[164,-421],[366,-21],[-107,-359],[140,-258]],[[50215,2671],[-361,430],[-331,572],[-623,451]],[[36796,43255],[-258,-361],[-276,230],[-1267,-427],[-31,156],[-703,-52],[-6,189],[-881,-49],[-51,180],[310,283],[452,-154],[90,236],[840,37],[310,-157],[-34,-306],[767,140],[211,256],[-223,316],[456,207]],[[62532,86044],[616,3],[440,100],[2,205],[421,-8]],[[63143,84347],[165,114],[-188,433]],[[74541,70215],[-466,17]],[[73947,70235],[-194,5],[0,822]],[[91455,70153],[-60,226],[513,20],[422,160],[357,-66],[70,-256],[383,-154],[60,-345],[-433,-74],[-419,-309],[-210,206],[-349,14],[7,432],[-135,76]],[[5391,75210],[233,1],[2,-205],[-232,-1],[-3,205]],[[38252,39415],[168,-36],[-35,-94],[-87,16],[-46,114]],[[79776,92441],[909,575]],[[14145,41572],[136,16]],[[14433,42074],[200,-27],[552,446],[81,-781],[146,-248]],[[14933,40024],[-545,-8]],[[14236,40117],[424,107],[19,541],[-744,102],[-807,411],[19,190]],[[75593,55746],[152,217],[333,-6],[-194,-222],[-291,11]],[[37037,64314],[807,-6],[-15,-612],[-777,6],[-15,612]],[[72834,75891],[743,-122],[-692,-157],[-51,279]],[[48244,66017],[3,84]],[[48225,66116],[0,-41]],[[48223,65836],[-186,134],[81,725],[119,431],[445,-212],[-7,-641],[-119,-261]],[[80506,62921],[-104,2]],[[80129,62927],[342,654],[71,-661]],[[23408,37262],[-239,164],[41,376],[387,5],[56,-497],[-245,-48]],[[45526,15399],[-9,196],[209,90],[15,-416],[-215,130]],[[63004,68054],[99,463],[397,-45],[4,-449],[-277,-176],[-223,207]],[[90672,33971],[140,401],[306,82],[129,-491],[-575,8]],[[42136,19660],[169,279],[-163,331],[288,85],[745,422],[118,-491],[-438,-260],[61,-233],[-780,-133]],[[48488,89540],[275,371],[355,76],[124,-201],[479,-15],[28,-456],[-129,-219],[-909,227],[-223,217]],[[95153,78095],[368,-129]],[[12561,22142],[-185,-231]],[[94027,77037],[94,74]],[[94187,77088],[355,-188],[4,-746],[-643,-44],[-220,329],[288,122],[41,489]],[[12217,75446],[442,4],[133,190],[300,18],[-97,-409],[-778,197]],[[92929,54162],[125,125],[72,-22],[-112,-107],[-85,4]],[[93817,50062],[227,273],[139,-121],[-366,-152]],[[67441,15889],[282,30],[105,-161],[-184,-137],[-203,268]],[[13071,26816],[206,210]],[[13427,26514],[-257,-96]],[[37845,13027],[166,-51],[-56,-78],[-110,129]],[[31008,22193],[323,118],[282,-40],[-110,-366],[-252,-13]],[[92398,90969],[-454,1],[1,321],[498,0],[6,-320]],[[7353,28798],[448,16],[-96,-256],[-352,240]],[[83166,69292],[256,474],[332,91],[7,-507],[-658,-294],[63,236]],[[15164,87855],[157,423],[293,414],[553,11],[231,-205],[-228,-442],[35,-323],[-482,-261],[-119,202],[-440,-4],[0,185]],[[54242,55448],[-227,-200]],[[53713,55274],[64,281]],[[74383,76687],[68,-50]],[[74655,76450],[312,19]],[[74967,76463],[99,-11]],[[74635,75836],[-225,-105],[-582,0],[78,269],[-170,244],[258,205]],[[43895,12583],[396,98],[704,-25],[-530,-572],[-328,1],[62,286],[-304,212]],[[72314,23978],[149,130],[207,-85],[-101,-210],[-255,165]],[[74070,31856],[-77,-220],[-226,47],[51,327]],[[83838,63169],[146,496],[664,-9],[128,-390],[-48,-604],[-670,-20],[-220,527]],[[86985,68046],[152,209],[517,0],[-326,-446],[-343,237]],[[9177,37524],[633,38],[80,170],[429,3],[8,-467],[-326,-55],[-824,311]],[[73303,58918],[453,306],[546,-121],[136,-438],[-417,-189],[-728,225],[10,217]],[[23288,25816],[369,-82],[-8,-112],[-350,-27],[-11,221]],[[23233,17193],[336,20],[350,-257],[-68,-219],[-294,-253],[-139,145],[-185,564]],[[16925,67982],[259,-7],[-29,-134],[-233,-1],[3,142]],[[6905,63605],[224,-25],[0,-281],[-223,1],[-1,305]],[[74908,82476],[231,-238],[-80,-414],[184,-341],[-42,-191],[292,-227],[226,-621],[-1091,-30]],[[74432,80416],[-167,0]],[[73983,80414],[-753,-7]],[[76025,89411],[471,419],[334,106],[621,383]],[[14086,52416],[246,186],[-53,320],[415,-11],[253,459],[272,244],[239,-96],[500,281],[47,-276],[-137,-379],[298,-11],[-128,-662],[-282,-51],[-62,-248],[-1082,-132],[91,275],[-453,-12],[-164,113]],[[10567,26998],[-174,-414],[-226,54],[-51,387],[451,-27]],[[13060,24337],[593,-399],[-295,-269],[-519,329],[-752,-207],[-146,711],[524,-135],[278,154]],[[70123,68272],[232,17],[-1,551],[1026,66],[-103,-205],[-8,-819],[-695,-17],[-111,220],[-340,187]],[[52540,58027],[15,254],[444,51],[283,-621],[-540,101]],[[52742,57812],[-202,215]],[[19417,61532],[208,36],[330,-200],[-510,-3],[-28,167]],[[28599,33389],[82,-6],[16,-218],[-92,-2],[-6,226]],[[77965,43045],[339,-127],[-257,-301],[-82,428]],[[61207,29685],[273,42],[-118,-215],[-264,46]],[[42579,41105],[669,-105],[-13,170]],[[44155,41257],[-247,-193]],[[44411,40917],[-6,-76]],[[44292,40826],[5,-43]],[[44297,40780],[-4,-68]],[[44293,40703],[-18,-138]],[[44233,40565],[-148,-55]],[[43709,40297],[-90,-64]],[[43399,40132],[52,819],[-431,17],[-18,-274],[-270,-76]],[[42596,40627],[-31,197]],[[57778,30345],[341,-92],[159,-311],[-382,24],[-118,379]],[[62525,86229],[1491,457]],[[22505,9772],[286,-237],[460,-756],[-63,-233],[-415,333],[-268,893]],[[14618,59787],[-55,314],[-462,222],[-191,680],[662,315],[1,-304],[499,5],[57,-1025],[-109,-361],[-402,154]],[[35035,86278],[347,-299],[238,-2],[-3,-218],[-582,519]],[[55161,61492],[444,-183],[478,100],[73,-315],[-582,-106],[-413,504]],[[4508,42823],[69,0],[2,-195],[-70,2],[-1,193]],[[7410,51158],[398,107],[28,-309],[310,-328],[-615,16],[-121,514]],[[35501,47500],[402,563],[201,-86],[140,-311],[-17,-291],[-565,-75],[-161,200]],[[10104,20818],[288,61]],[[10628,20664],[-492,-240],[-305,91]],[[9831,20515],[263,304]],[[95423,69372],[281,87],[2,226],[214,424],[347,-52],[-4,-293],[281,-178],[818,45],[187,-339],[-486,-104],[-550,186],[-363,-135],[232,-404],[-374,3],[-415,472],[-170,62]],[[4841,78990],[453,148],[-5,-658],[-449,4],[1,506]],[[11306,32453],[170,163]],[[12031,32732],[245,253],[512,-76],[215,-144],[-86,-239]],[[12714,32312],[-63,-190]],[[13026,31749],[-227,29],[-156,-498],[-209,-86],[-213,325],[-630,29]],[[11335,31829],[15,170]],[[11356,32036],[-48,310]],[[11642,31598],[303,33],[184,463],[-351,-106],[-136,-390]],[[41072,26443],[861,337],[595,-437],[-68,407],[418,302],[183,-779],[396,-41],[108,-377],[-208,-30],[-36,-333],[-775,157],[-657,-144],[-226,328],[239,88],[-77,296],[-753,226]],[[78990,68894],[24,561],[224,350],[344,-12],[106,-222]],[[79688,69571],[205,-212],[465,-9],[-234,-302]],[[80124,69048],[-213,-303],[424,-14]],[[79320,68558],[-117,39]],[[79072,68777],[-49,80]],[[16480,34522],[493,209],[690,-79],[-216,-339],[-978,-71]],[[76461,37614],[224,179],[436,-104],[104,-313],[-764,238]],[[9879,21992],[13,-105]],[[9876,21574],[-95,4]],[[42510,9982],[136,399],[-11,549],[194,207],[685,-7],[-90,-346],[249,-448]],[[45237,9558],[126,-94],[709,160]],[[46072,9624],[-46,452],[348,43],[311,-195],[-164,-254],[-94,-653],[-179,-17],[-251,-361],[-325,-35],[-95,336],[-237,114],[-103,482]],[[46267,85882],[204,-99],[-133,-149],[-71,248]],[[88645,70614],[452,-41],[47,-457],[-337,63],[-232,239]],[[91347,50626],[502,213],[-85,-256],[-417,43]],[[82505,63371],[498,108],[-9,-206],[-489,98]],[[27481,63060],[714,59],[395,192],[193,-208],[-273,-386],[0,-236],[-270,-216],[-486,516],[-393,35],[120,244]],[[47278,85230],[741,-155],[250,178],[308,-10],[675,363],[217,-238],[430,-28],[34,255],[331,-49],[228,-325],[14,-482],[-3034,68],[-194,423]],[[68328,83970],[-478,-146],[-675,6],[-4,-210],[-365,-153],[-556,5]],[[23509,57164],[217,25],[-5,-286],[-202,4],[-10,257]],[[65179,42134],[276,-90],[-255,-300],[-236,397]],[[35896,23178],[254,-65],[-22,-254],[-168,-85],[-64,404]],[[89221,47686],[231,6],[-71,-214],[-160,208]],[[54531,83224],[12,145],[312,91],[33,-215],[-357,-21]],[[54251,34976],[235,391],[658,-4],[-20,-294],[-270,-430],[-359,-37],[-244,374]],[[6639,23131],[119,29]],[[7059,23223],[365,-173]],[[7607,22547],[-17,-127]],[[68098,83214],[-127,-62]],[[68424,82463],[-1404,8],[3,242],[572,-13],[-186,259],[11,387],[627,-84]],[[84787,73450],[107,121],[476,-47],[0,-376],[-320,-13],[-263,315]],[[3661,24000],[-226,59]],[[3435,24059],[-261,298],[162,343],[303,-144],[22,-556]],[[79073,82333],[165,74]],[[79704,81373],[-202,-1]],[[326,50046],[9,453],[391,-233],[319,25],[3,-205],[-434,93],[-288,-133]],[[51327,80886],[167,265],[202,-490],[-233,-106],[-136,331]],[[31276,83961],[132,268],[413,112],[37,-411],[-582,31]],[[9831,20515],[-79,-82]],[[64530,16888],[-166,-382],[-801,-471],[249,504],[464,359]],[[3747,23681],[-219,-274],[595,-397],[-283,-344],[-371,-111]],[[2867,22899],[-277,601],[388,538],[457,21]],[[40488,43706],[280,-67]],[[49567,72558],[195,240],[576,-1],[-17,-426],[126,-186],[-476,-116],[-404,489]],[[45263,10177],[465,-211],[344,-342]],[[8566,21637],[172,-28]],[[93980,97390],[1500,492]],[[95481,97546],[-1,-430],[-495,-278],[-527,-66],[-366,-156]],[[94049,96954],[-99,42]],[[13601,21846],[-196,226],[-448,-94],[1,556],[557,-190],[46,-234]],[[68853,72144],[246,-324],[394,-165],[-276,-210],[-364,699]],[[83283,27624],[71,400],[455,-14],[49,-412],[-245,-128],[-330,154]],[[56234,24506],[141,254],[191,-76],[-165,-349],[-167,171]],[[67202,41144],[200,-19],[22,421],[170,93],[328,-526],[-70,-216],[-650,247]]],"bbox":[-84.820157,38.404715,-80.5187681114483,41.977164],"transform":{"scale":[0.00004301431902870728,0.000035724847248472476],"translate":[-84.820157,38.404715]},"objects":{"in":{"type":"GeometryCollection","geometries":[{"arcs":[[0]],"type":"Polygon","properties":{"geoid":"3968042","name":"Rocky Ridge"},"id":"3968042"},{"arcs":[[1,2,3,4,5]],"type":"Polygon","properties":{"geoid":"3921266","name":"Deer Park"},"id":"3921266"},{"arcs":[[6]],"type":"Polygon","properties":{"geoid":"3973698","name":"South Salem"},"id":"3973698"},{"arcs":[[7]],"type":"Polygon","properties":{"geoid":"3945794","name":"McClure"},"id":"3945794"},{"arcs":[[8]],"type":"Polygon","properties":{"geoid":"3918770","name":"Corning"},"id":"3918770"},{"arcs":[[9]],"type":"Polygon","properties":{"geoid":"3930660","name":"Gloria Glens Park"},"id":"3930660"},{"arcs":[[10]],"type":"Polygon","properties":{"geoid":"3931542","name":"Graysville"},"id":"3931542"},{"arcs":[[11,12,13,14,15]],"type":"Polygon","properties":{"geoid":"3903464","name":"Avon Lake"},"id":"3903464"},{"arcs":[[-15,16,17,18]],"type":"Polygon","properties":{"geoid":"3903352","name":"Avon"},"id":"3903352"},{"arcs":[[19,20]],"type":"Polygon","properties":{"geoid":"3924598","name":"Edison"},"id":"3924598"},{"arcs":[[21]],"type":"Polygon","properties":{"geoid":"3913694","name":"Chatfield"},"id":"3913694"},{"arcs":[[22]],"type":"Polygon","properties":{"geoid":"3945696","name":"McArthur"},"id":"3945696"},{"arcs":[[23]],"type":"Polygon","properties":{"geoid":"3969316","name":"Russellville"},"id":"3969316"},{"arcs":[[24]],"type":"Polygon","properties":{"geoid":"3980178","name":"Vinton"},"id":"3980178"},{"arcs":[[25]],"type":"Polygon","properties":{"geoid":"3932984","name":"Hamersville"},"id":"3932984"},{"arcs":[[26]],"type":"Polygon","properties":{"geoid":"3945220","name":"Lower Salem"},"id":"3945220"},{"arcs":[[27]],"type":"Polygon","properties":{"geoid":"3973950","name":"Sparta"},"id":"3973950"},{"arcs":[[28]],"type":"Polygon","properties":{"geoid":"3934118","name":"Harrod"},"id":"3934118"},{"arcs":[[29]],"type":"Polygon","properties":{"geoid":"3977070","name":"Tontogany"},"id":"3977070"},{"arcs":[[30]],"type":"Polygon","properties":{"geoid":"3902330","name":"Arcanum"},"id":"3902330"},{"arcs":[[31]],"type":"Polygon","properties":{"geoid":"3962890","name":"Pitsburg"},"id":"3962890"},{"arcs":[[32]],"type":"Polygon","properties":{"geoid":"3939060","name":"Jeromesville"},"id":"3939060"},{"arcs":[[33,34]],"type":"Polygon","properties":{"geoid":"3933194","name":"Hanging Rock"},"id":"3933194"},{"arcs":[[35]],"type":"Polygon","properties":{"geoid":"3901042","name":"Albany"},"id":"3901042"},{"arcs":[[36]],"type":"Polygon","properties":{"geoid":"3941608","name":"Lakeview"},"id":"3941608"},{"arcs":[[37]],"type":"Polygon","properties":{"geoid":"3935854","name":"Holgate"},"id":"3935854"},{"arcs":[[38]],"type":"Polygon","properties":{"geoid":"3971962","name":"Shawnee"},"id":"3971962"},{"arcs":[[39,40,41,42]],"type":"Polygon","properties":{"geoid":"3977406","name":"Trimble"},"id":"3977406"},{"arcs":[[43]],"type":"Polygon","properties":{"geoid":"3924766","name":"Eldorado"},"id":"3924766"},{"arcs":[[44,45]],"type":"Polygon","properties":{"geoid":"3983706","name":"West Leipsic"},"id":"3983706"},{"arcs":[[46]],"type":"Polygon","properties":{"geoid":"3955874","name":"Ney"},"id":"3955874"},{"arcs":[[47,48,49]],"type":"Polygon","properties":{"geoid":"3930786","name":"Golf Manor"},"id":"3930786"},{"arcs":[[50]],"type":"Polygon","properties":{"geoid":"3908532","name":"Brice"},"id":"3908532"},{"arcs":[[51,52]],"type":"Polygon","properties":{"geoid":"3930282","name":"Glandorf"},"id":"3930282"},{"arcs":[[53]],"type":"Polygon","properties":{"geoid":"3950260","name":"Millbury"},"id":"3950260"},{"arcs":[[54]],"type":"Polygon","properties":{"geoid":"3986856","name":"Yankee Lake"},"id":"3986856"},{"arcs":[[55]],"type":"Polygon","properties":{"geoid":"3952416","name":"Moscow"},"id":"3952416"},{"arcs":[[56,57,58,59,60]],"type":"Polygon","properties":{"geoid":"3953102","name":"Mount Vernon"},"id":"3953102"},{"arcs":[[61]],"type":"Polygon","properties":{"geoid":"3955552","name":"New Straitsville"},"id":"3955552"},{"arcs":[[62,63,64,65,66,67]],"type":"Polygon","properties":{"geoid":"3944366","name":"Lockland"},"id":"3944366"},{"arcs":[[68]],"type":"Polygon","properties":{"geoid":"3963044","name":"Plainfield"},"id":"3963044"},{"arcs":[[69]],"type":"Polygon","properties":{"geoid":"3946830","name":"Magnetic Springs"},"id":"3946830"},{"arcs":[[70]],"type":"Polygon","properties":{"geoid":"3974300","name":"Stafford"},"id":"3974300"},{"arcs":[[71]],"type":"Polygon","properties":{"geoid":"3946998","name":"Malvern"},"id":"3946998"},{"arcs":[[72,73,74]],"type":"Polygon","properties":{"geoid":"3940670","name":"Kirtland Hills"},"id":"3940670"},{"arcs":[[75]],"type":"Polygon","properties":{"geoid":"3940376","name":"Kingston"},"id":"3940376"},{"arcs":[[76]],"type":"Polygon","properties":{"geoid":"3979632","name":"Venedocia"},"id":"3979632"},{"arcs":[[77]],"type":"Polygon","properties":{"geoid":"3958674","name":"Orangeville"},"id":"3958674"},{"arcs":[[78]],"type":"Polygon","properties":{"geoid":"3972256","name":"Sherwood"},"id":"3972256"},{"arcs":[[79,80]],"type":"Polygon","properties":{"geoid":"3954250","name":"Newburgh Heights"},"id":"3954250"},{"arcs":[[81]],"type":"Polygon","properties":{"geoid":"3967762","name":"Rochester"},"id":"3967762"},{"arcs":[[82]],"type":"Polygon","properties":{"geoid":"3953480","name":"Mutual"},"id":"3953480"},{"arcs":[[83,84,85]],"type":"Polygon","properties":{"geoid":"3932158","name":"Greenhills"},"id":"3932158"},{"arcs":[[86]],"type":"Polygon","properties":{"geoid":"3900380","name":"Adamsville"},"id":"3900380"},{"arcs":[[87]],"type":"Polygon","properties":{"geoid":"3966824","name":"Richmond"},"id":"3966824"},{"arcs":[[88]],"type":"Polygon","properties":{"geoid":"3963996","name":"Polk"},"id":"3963996"},{"arcs":[[89]],"type":"Polygon","properties":{"geoid":"3966250","name":"Reno"},"id":"3966250"},{"arcs":[[90]],"type":"Polygon","properties":{"geoid":"3943596","name":"Limaville"},"id":"3943596"},{"arcs":[[91]],"type":"Polygon","properties":{"geoid":"3965676","name":"Raymond"},"id":"3965676"},{"arcs":[[92,93]],"type":"Polygon","properties":{"geoid":"3907608","name":"Bolton"},"id":"3907608"},{"arcs":[[94]],"type":"Polygon","properties":{"geoid":"3954628","name":"New Hampshire"},"id":"3954628"},{"arcs":[[95,96,97,98]],"type":"Polygon","properties":{"geoid":"3941755","name":"Landen"},"id":"3941755"},{"arcs":[[99,100]],"type":"Polygon","properties":{"geoid":"3961448","name":"Pekin"},"id":"3961448"},{"arcs":[[101]],"type":"Polygon","properties":{"geoid":"3909596","name":"Brownsville"},"id":"3909596"},{"arcs":[[102]],"type":"Polygon","properties":{"geoid":"3974622","name":"Stewart"},"id":"3974622"},{"arcs":[[103,104,105]],"type":"Polygon","properties":{"geoid":"3922624","name":"Drexel"},"id":"3922624"},{"arcs":[[106,107,108]],"type":"Polygon","properties":{"geoid":"3932207","name":"Green Meadows"},"id":"3932207"},{"arcs":[[109]],"type":"Polygon","properties":{"geoid":"3964906","name":"Pulaski"},"id":"3964906"},{"arcs":[[110,111,112]],"type":"Polygon","properties":{"geoid":"3983541","name":"West Hill"},"id":"3983541"},{"arcs":[[113]],"type":"Polygon","properties":{"geoid":"3967664","name":"Robertsville"},"id":"3967664"},{"arcs":[[114,115,116,117,118]],"type":"Polygon","properties":{"geoid":"3949462","name":"Miamitown"},"id":"3949462"},{"arcs":[[119]],"type":"Polygon","properties":{"geoid":"3976890","name":"Tippecanoe"},"id":"3976890"},{"arcs":[[120,121,122,123,124]],"type":"Polygon","properties":{"geoid":"3931434","name":"Granville South"},"id":"3931434"},{"arcs":[[125]],"type":"Polygon","properties":{"geoid":"3953914","name":"Nettle Lake"},"id":"3953914"},{"arcs":[[126]],"type":"Polygon","properties":{"geoid":"3959724","name":"Pancoastburg"},"id":"3959724"},{"arcs":[[127]],"type":"Polygon","properties":{"geoid":"3976358","name":"Tedrow"},"id":"3976358"},{"arcs":[[128,129,-2,130,131]],"type":"Polygon","properties":{"geoid":"3922008","name":"Dillonvale"},"id":"3922008"},{"arcs":[[132,133,134,135]],"type":"Polygon","properties":{"geoid":"3947445","name":"Maplewood Park"},"id":"3947445"},{"arcs":[[136]],"type":"Polygon","properties":{"geoid":"3912854","name":"Celeryville"},"id":"3912854"},{"arcs":[[137]],"type":"Polygon","properties":{"geoid":"3955314","name":"Newport"},"id":"3955314"},{"arcs":[[138,139]],"type":"Polygon","properties":{"geoid":"3948832","name":"Medway"},"id":"3948832"},{"arcs":[[140]],"type":"Polygon","properties":{"geoid":"3976568","name":"The Plains"},"id":"3976568"},{"arcs":[[141]],"type":"Polygon","properties":{"geoid":"3942518","name":"Leesville"},"id":"3942518"},{"arcs":[[142]],"type":"Polygon","properties":{"geoid":"3901630","name":"Amanda"},"id":"3901630"},{"arcs":[[143]],"type":"Polygon","properties":{"geoid":"3976148","name":"Tarlton"},"id":"3976148"},{"arcs":[[144]],"type":"Polygon","properties":{"geoid":"3933096","name":"Hamler"},"id":"3933096"},{"arcs":[[145]],"type":"Polygon","properties":{"geoid":"3903744","name":"Baltic"},"id":"3903744"},{"arcs":[[146]],"type":"Polygon","properties":{"geoid":"3934202","name":"Hartford (Croton)"},"id":"3934202"},{"arcs":[[147,148,149,150,151,152]],"type":"Polygon","properties":{"geoid":"3954040","name":"Newark"},"id":"3954040"},{"arcs":[[153]],"type":"Polygon","properties":{"geoid":"3905732","name":"Berkey"},"id":"3905732"},{"arcs":[[154,155]],"type":"Polygon","properties":{"geoid":"3933376","name":"Harbor View"},"id":"3933376"},{"arcs":[[156,157,158,159,160,161,162,163]],"type":"Polygon","properties":{"geoid":"3977000","name":"Toledo"},"id":"3977000"},{"arcs":[[164]],"type":"Polygon","properties":{"geoid":"3953536","name":"Nankin"},"id":"3953536"},{"arcs":[[165]],"type":"Polygon","properties":{"geoid":"3975350","name":"Sullivan"},"id":"3975350"},{"arcs":[[166]],"type":"Polygon","properties":{"geoid":"3944282","name":"Lloydsville"},"id":"3944282"},{"arcs":[[167]],"type":"Polygon","properties":{"geoid":"3949588","name":"Middlebranch"},"id":"3949588"},{"arcs":[[168]],"type":"Polygon","properties":{"geoid":"3906502","name":"Birmingham"},"id":"3906502"},{"arcs":[[169,170]],"type":"Polygon","properties":{"geoid":"3904136","name":"Bass Lake"},"id":"3904136"},{"arcs":[[171,172,173]],"type":"Polygon","properties":{"geoid":"3946736","name":"Madison Place"},"id":"3946736"},{"arcs":[[174,175,176,177,178,179]],"type":"Polygon","properties":{"geoid":"3939088","name":"Jersey"},"id":"3939088"},{"arcs":[[180]],"type":"Polygon","properties":{"geoid":"3947586","name":"Maria Stein"},"id":"3947586"},{"arcs":[[181,182]],"type":"Polygon","properties":{"geoid":"3909316","name":"Brookside"},"id":"3909316"},{"arcs":[[183]],"type":"Polygon","properties":{"geoid":"3935924","name":"Holloway"},"id":"3935924"},{"arcs":[[184]],"type":"Polygon","properties":{"geoid":"3901784","name":"Amesville"},"id":"3901784"},{"arcs":[[-42,185]],"type":"Polygon","properties":{"geoid":"3938304","name":"Jacksonville"},"id":"3938304"},{"arcs":[[186]],"type":"Polygon","properties":{"geoid":"3919554","name":"Crown City"},"id":"3919554"},{"arcs":[[187]],"type":"Polygon","properties":{"geoid":"3901938","name":"Amsterdam"},"id":"3901938"},{"arcs":[[188,189]],"type":"Polygon","properties":{"geoid":"3925368","name":"Empire"},"id":"3925368"},{"arcs":[[190]],"type":"Polygon","properties":{"geoid":"3939130","name":"Jerusalem"},"id":"3939130"},{"arcs":[[191,192]],"type":"Polygon","properties":{"geoid":"3906222","name":"Beverly"},"id":"3906222"},{"arcs":[[193]],"type":"Polygon","properties":{"geoid":"3946158","name":"Macksburg"},"id":"3946158"},{"arcs":[[194]],"type":"Polygon","properties":{"geoid":"3965200","name":"Quincy"},"id":"3965200"},{"arcs":[[195]],"type":"Polygon","properties":{"geoid":"3979226","name":"Valley Hi"},"id":"3979226"},{"arcs":[[196]],"type":"Polygon","properties":{"geoid":"3933306","name":"Hanoverton"},"id":"3933306"},{"arcs":[[197]],"type":"Polygon","properties":{"geoid":"3935119","name":"Hidden Lakes"},"id":"3935119"},{"arcs":[[198,199]],"type":"Polygon","properties":{"geoid":"3905396","name":"Belmore"},"id":"3905396"},{"arcs":[[200]],"type":"Polygon","properties":{"geoid":"3930114","name":"Gilboa"},"id":"3930114"},{"arcs":[[201]],"type":"Polygon","properties":{"geoid":"3921294","name":"Deersville"},"id":"3921294"},{"arcs":[[202]],"type":"Polygon","properties":{"geoid":"3954068","name":"New Athens"},"id":"3954068"},{"arcs":[[203]],"type":"Polygon","properties":{"geoid":"3903646","name":"Bairdstown"},"id":"3903646"},{"arcs":[[204]],"type":"Polygon","properties":{"geoid":"3907062","name":"Bloomdale"},"id":"3907062"},{"arcs":[[205]],"type":"Polygon","properties":{"geoid":"3908112","name":"Bradner"},"id":"3908112"},{"arcs":[[206]],"type":"Polygon","properties":{"geoid":"3919750","name":"Custar"},"id":"3919750"},{"arcs":[[207]],"type":"Polygon","properties":{"geoid":"3934412","name":"Haskins"},"id":"3934412"},{"arcs":[[208]],"type":"Polygon","properties":{"geoid":"3950708","name":"Milton Center"},"id":"3950708"},{"arcs":[[209]],"type":"Polygon","properties":{"geoid":"3982334","name":"Wayne"},"id":"3982334"},{"arcs":[[210]],"type":"Polygon","properties":{"geoid":"3983888","name":"West Millgrove"},"id":"3983888"},{"arcs":[[211]],"type":"Polygon","properties":{"geoid":"3930912","name":"Gordon"},"id":"3930912"},{"arcs":[[212]],"type":"Polygon","properties":{"geoid":"3935896","name":"Hollansburg"},"id":"3935896"},{"arcs":[[213]],"type":"Polygon","properties":{"geoid":"3968672","name":"Rossburg"},"id":"3968672"},{"arcs":[[214]],"type":"Polygon","properties":{"geoid":"3950008","name":"Midway"},"id":"3950008"},{"arcs":[[215]],"type":"Polygon","properties":{"geoid":"3926796","name":"Fayetteville"},"id":"3926796"},{"arcs":[[216]],"type":"Polygon","properties":{"geoid":"3935168","name":"Higginsport"},"id":"3935168"},{"arcs":[[217,218,219,220,221,222,223]],"type":"Polygon","properties":{"geoid":"3911066","name":"Campbell"},"id":"3911066"},{"arcs":[[224,225]],"type":"Polygon","properties":{"geoid":"3981732","name":"Washingtonville"},"id":"3981732"},{"arcs":[[226]],"type":"Polygon","properties":{"geoid":"3909386","name":"Broughton"},"id":"3909386"},{"arcs":[[227]],"type":"Polygon","properties":{"geoid":"3932620","name":"Grover Hill"},"id":"3932620"},{"arcs":[[228]],"type":"Polygon","properties":{"geoid":"3971080","name":"Scott"},"id":"3971080"},{"arcs":[[229]],"type":"Polygon","properties":{"geoid":"3974748","name":"Stockport"},"id":"3974748"},{"arcs":[[230]],"type":"Polygon","properties":{"geoid":"3985414","name":"Williamsport"},"id":"3985414"},{"arcs":[[231]],"type":"Polygon","properties":{"geoid":"3935658","name":"Hiram"},"id":"3935658"},{"arcs":[[232]],"type":"Polygon","properties":{"geoid":"3941902","name":"La Rue"},"id":"3941902"},{"arcs":[[233,234,235,236,237,238,239,240]],"type":"Polygon","properties":{"geoid":"3947138","name":"Mansfield"},"id":"3947138"},{"arcs":[[241,242]],"type":"Polygon","properties":{"geoid":"3900450","name":"Adelphi"},"id":"3900450"},{"arcs":[[243]],"type":"Polygon","properties":{"geoid":"3915336","name":"Clarksburg"},"id":"3915336"},{"arcs":[[244,245,246,247,248,249,250,251,252,253,254,255,256,257,258,259,260,261]],"type":"Polygon","properties":{"geoid":"3912000","name":"Canton"},"id":"3912000"},{"arcs":[[262]],"type":"Polygon","properties":{"geoid":"3985806","name":"Wilmot"},"id":"3985806"},{"arcs":[[263]],"type":"Polygon","properties":{"geoid":"3935864","name":"Holiday City"},"id":"3935864"},{"arcs":[[264]],"type":"Polygon","properties":{"geoid":"3973992","name":"Spencer"},"id":"3973992"},{"arcs":[[265]],"type":"Polygon","properties":{"geoid":"3910282","name":"Burgoon"},"id":"3910282"},{"arcs":[[266]],"type":"Polygon","properties":{"geoid":"3932256","name":"Green Springs"},"id":"3932256"},{"arcs":[[267]],"type":"Polygon","properties":{"geoid":"3934860","name":"Helena"},"id":"3934860"},{"arcs":[[268,269]],"type":"Polygon","properties":{"geoid":"3954166","name":"New Boston"},"id":"3954166"},{"arcs":[[270]],"type":"Polygon","properties":{"geoid":"3965508","name":"Rarden"},"id":"3965508"},{"arcs":[[271,272,273,274,275,276,277,278,279,280,281],[282]],"type":"Polygon","properties":{"geoid":"3932592","name":"Grove City"},"id":"3932592"},{"arcs":[[283,284]],"type":"Polygon","properties":{"geoid":"3950862","name":"Minerva Park"},"id":"3950862"},{"arcs":[[285,286,287,288]],"type":"Polygon","properties":{"geoid":"3900436","name":"Addyston"},"id":"3900436"},{"arcs":[[289,290,291,292]],"type":"Polygon","properties":{"geoid":"3952752","name":"Mount Healthy"},"id":"3952752"},{"arcs":[[293,294,295,-289,296,297]],"type":"Polygon","properties":{"geoid":"3956182","name":"North Bend"},"id":"3956182"},{"arcs":[[298]],"type":"Polygon","properties":{"geoid":"3951674","name":"Montezuma"},"id":"3951674"},{"arcs":[[299]],"type":"Polygon","properties":{"geoid":"3938220","name":"Jackson Center"},"id":"3938220"},{"arcs":[[300]],"type":"Polygon","properties":{"geoid":"3964262","name":"Port Jefferson"},"id":"3964262"},{"arcs":[[301,302,303],[304]],"type":"Polygon","properties":{"geoid":"3974118","name":"Springfield"},"id":"3974118"},{"arcs":[[305]],"type":"Polygon","properties":{"geoid":"3927412","name":"Fletcher"},"id":"3927412"},{"arcs":[[306]],"type":"Polygon","properties":{"geoid":"3945374","name":"Ludlow Falls"},"id":"3945374"},{"arcs":[[307,308]],"type":"Polygon","properties":{"geoid":"3961574","name":"Peninsula"},"id":"3961574"},{"arcs":[[309]],"type":"Polygon","properties":{"geoid":"3983384","name":"West Farmington"},"id":"3983384"},{"arcs":[[310]],"type":"Polygon","properties":{"geoid":"3979898","name":"Verona"},"id":"3979898"},{"arcs":[[311,312]],"type":"Polygon","properties":{"geoid":"3903940","name":"Barnhill"},"id":"3903940"},{"arcs":[[313]],"type":"Polygon","properties":{"geoid":"3950764","name":"Mineral City"},"id":"3950764"},{"arcs":[[314,315]],"type":"Polygon","properties":{"geoid":"3988168","name":"Zoar"},"id":"3988168"},{"arcs":[[316]],"type":"Polygon","properties":{"geoid":"3918546","name":"Convoy"},"id":"3918546"},{"arcs":[[317]],"type":"Polygon","properties":{"geoid":"3949728","name":"Middle Point"},"id":"3949728"},{"arcs":[[318]],"type":"Polygon","properties":{"geoid":"3985736","name":"Willshire"},"id":"3985736"},{"arcs":[[319]],"type":"Polygon","properties":{"geoid":"3932956","name":"Hamden"},"id":"3932956"},{"arcs":[[320]],"type":"Polygon","properties":{"geoid":"3914114","name":"Chesterville"},"id":"3914114"},{"arcs":[[321]],"type":"Polygon","properties":{"geoid":"3929050","name":"Fulton"},"id":"3929050"},{"arcs":[[322]],"type":"Polygon","properties":{"geoid":"3910674","name":"Butlerville"},"id":"3910674"},{"arcs":[[323,324]],"type":"Polygon","properties":{"geoid":"3918840","name":"Corwin"},"id":"3918840"},{"arcs":[[325]],"type":"Polygon","properties":{"geoid":"3963576","name":"Pleasant Plain"},"id":"3963576"},{"arcs":[[326]],"type":"Polygon","properties":{"geoid":"3910254","name":"Burbank"},"id":"3910254"},{"arcs":[[327]],"type":"Polygon","properties":{"geoid":"3948048","name":"Marshallville"},"id":"3948048"},{"arcs":[[328]],"type":"Polygon","properties":{"geoid":"3933656","name":"Harpster"},"id":"3933656"},{"arcs":[[329]],"type":"Polygon","properties":{"geoid":"3947992","name":"Marseilles"},"id":"3947992"},{"arcs":[[330]],"type":"Polygon","properties":{"geoid":"3984574","name":"Wharton"},"id":"3984574"},{"arcs":[[331]],"type":"Polygon","properties":{"geoid":"3929246","name":"Gambier"},"id":"3929246"},{"arcs":[[332]],"type":"Polygon","properties":{"geoid":"3929288","name":"Gann (Brinkhaven)"},"id":"3929288"},{"arcs":[[333]],"type":"Polygon","properties":{"geoid":"3948090","name":"Martinsburg"},"id":"3948090"},{"arcs":[[334]],"type":"Polygon","properties":{"geoid":"3928574","name":"Frazeysburg"},"id":"3928574"},{"arcs":[[335]],"type":"Polygon","properties":{"geoid":"3904192","name":"Batesville"},"id":"3904192"},{"arcs":[[336]],"type":"Polygon","properties":{"geoid":"3970520","name":"Sarahsville"},"id":"3970520"},{"arcs":[[337,338]],"type":"Polygon","properties":{"geoid":"3954194","name":"New Bremen"},"id":"3954194"},{"arcs":[[339]],"type":"Polygon","properties":{"geoid":"3986478","name":"Woodstock"},"id":"3986478"},{"arcs":[[340]],"type":"Polygon","properties":{"geoid":"3953956","name":"Neville"},"id":"3953956"},{"arcs":[[341]],"type":"Polygon","properties":{"geoid":"3955776","name":"New Washington"},"id":"3955776"},{"arcs":[[342]],"type":"Polygon","properties":{"geoid":"3956994","name":"North Robinson"},"id":"3956994"},{"arcs":[[343]],"type":"Polygon","properties":{"geoid":"3919694","name":"Cumberland"},"id":"3919694"},{"arcs":[[344]],"type":"Polygon","properties":{"geoid":"3944954","name":"Lore City"},"id":"3944954"},{"arcs":[[345]],"type":"Polygon","properties":{"geoid":"3958226","name":"Old Washington"},"id":"3958226"},{"arcs":[[346]],"type":"Polygon","properties":{"geoid":"3965116","name":"Quaker City"},"id":"3965116"},{"arcs":[[347]],"type":"Polygon","properties":{"geoid":"3938948","name":"Jenera"},"id":"3938948"},{"arcs":[[348]],"type":"Polygon","properties":{"geoid":"3952668","name":"Mount Cory"},"id":"3952668"},{"arcs":[[349]],"type":"Polygon","properties":{"geoid":"3956420","name":"North Fairfield"},"id":"3956420"},{"arcs":[[350]],"type":"Polygon","properties":{"geoid":"3972977","name":"Somerset"},"id":"3972977"},{"arcs":[[351]],"type":"Polygon","properties":{"geoid":"3971444","name":"Seven Mile"},"id":"3971444"},{"arcs":[[352]],"type":"Polygon","properties":{"geoid":"3949896","name":"Midland"},"id":"3949896"},{"arcs":[[353]],"type":"Polygon","properties":{"geoid":"3918266","name":"Conesville"},"id":"3918266"},{"arcs":[[354]],"type":"Polygon","properties":{"geoid":"3935210","name":"Highland"},"id":"3935210"},{"arcs":[[355]],"type":"Polygon","properties":{"geoid":"3953186","name":"Mowrystown"},"id":"3953186"},{"arcs":[[356]],"type":"Polygon","properties":{"geoid":"3941118","name":"Lafayette"},"id":"3941118"},{"arcs":[[357]],"type":"Polygon","properties":{"geoid":"3931472","name":"Gratis"},"id":"3931472"},{"arcs":[[358,359,360,361,362]],"type":"Polygon","properties":{"geoid":"3909274","name":"Brooklyn Heights"},"id":"3909274"},{"arcs":[[363,364,365,366,367,368,369,370,371,372,373,374,375,376,377,-80,378,-359,379,380,381,382,383,384]],"type":"Polygon","properties":{"geoid":"3916000","name":"Cleveland"},"id":"3916000"},{"arcs":[[385,386,387,388]],"type":"Polygon","properties":{"geoid":"3936918","name":"Hunting Valley"},"id":"3936918"},{"arcs":[[389,-382]],"type":"Polygon","properties":{"geoid":"3943918","name":"Linndale"},"id":"3943918"},{"arcs":[[390,391]],"type":"Polygon","properties":{"geoid":"3956924","name":"North Randall"},"id":"3956924"},{"arcs":[[392,393,394,395,396,397,398,399,400,401,402]],"type":"Polygon","properties":{"geoid":"3972928","name":"Solon"},"id":"3972928"},{"arcs":[[405,406]],"type":"Polygon","properties":{"geoid":"3971976","name":"Shawnee Hills"},"id":"3971976"},{"arcs":[[407]],"type":"Polygon","properties":{"geoid":"3902274","name":"Aquilla"},"id":"3902274"},{"arcs":[[408]],"type":"Polygon","properties":{"geoid":"3953788","name":"Neffs"},"id":"3953788"},{"arcs":[[409]],"type":"Polygon","properties":{"geoid":"3921910","name":"Dexter City"},"id":"3921910"},{"arcs":[[410]],"type":"Polygon","properties":{"geoid":"3928798","name":"Freeport"},"id":"3928798"},{"arcs":[[411]],"type":"Polygon","properties":{"geoid":"3905312","name":"Belmont"},"id":"3905312"},{"arcs":[[412]],"type":"Polygon","properties":{"geoid":"3954110","name":"New Bavaria"},"id":"3954110"},{"arcs":[[413]],"type":"Polygon","properties":{"geoid":"3914254","name":"Chippewa Lake"},"id":"3914254"},{"arcs":[[414]],"type":"Polygon","properties":{"geoid":"3904752","name":"Beaverdam"},"id":"3904752"},{"arcs":[[415,416,417,418,419,420,421,422,423,424,425,426,427,428,429,430,431,432,-67,433,434,435,436,-50,437,438,439,440,441,442,443,-174,444,445,446,447,448,449,450,451,452,453,-287],[454,455],[456,457]],"type":"Polygon","properties":{"geoid":"3915000","name":"Cincinnati"},"id":"3915000"},{"arcs":[[458]],"type":"Polygon","properties":{"geoid":"3935532","name":"Hills and Dales"},"id":"3935532"},{"arcs":[[459]],"type":"Polygon","properties":{"geoid":"3982880","name":"West Alexandria"},"id":"3982880"},{"arcs":[[460]],"type":"Polygon","properties":{"geoid":"3953634","name":"Nashville"},"id":"3953634"},{"arcs":[[461]],"type":"Polygon","properties":{"geoid":"3915588","name":"Clay Center"},"id":"3915588"},{"arcs":[[462]],"type":"Polygon","properties":{"geoid":"3908826","name":"Brimfield"},"id":"3908826"},{"arcs":[[463]],"type":"Polygon","properties":{"geoid":"3916056","name":"Clifton"},"id":"3916056"},{"arcs":[[464]],"type":"Polygon","properties":{"geoid":"3970814","name":"Scio"},"id":"3970814"},{"arcs":[[465,466,467]],"type":"Polygon","properties":{"geoid":"3956448","name":"Northfield"},"id":"3956448"},{"arcs":[[-452,468,469,470]],"type":"Polygon","properties":{"geoid":"3928966","name":"Fruit Hill"},"id":"3928966"},{"arcs":[[471,472,473,474,475,476]],"type":"Polygon","properties":{"geoid":"3952780","name":"Mount Healthy Heights"},"id":"3952780"},{"arcs":[[-109,477,478]],"type":"Polygon","properties":{"geoid":"3935868","name":"Holiday Valley"},"id":"3935868"},{"arcs":[[479]],"type":"Polygon","properties":{"geoid":"3958912","name":"Osgood"},"id":"3958912"},{"arcs":[[480,481,482,483]],"type":"Polygon","properties":{"geoid":"3957008","name":"North Royalton"},"id":"3957008"},{"arcs":[[484,485,486,487]],"type":"Polygon","properties":{"geoid":"3953312","name":"Munroe Falls"},"id":"3953312"},{"arcs":[[488]],"type":"Polygon","properties":{"geoid":"3975252","name":"Sugar Grove"},"id":"3975252"},{"arcs":[[489,490,491,-308]],"type":"Polygon","properties":{"geoid":"3907790","name":"Boston Heights"},"id":"3907790"},{"arcs":[[492]],"type":"Polygon","properties":{"geoid":"3913834","name":"Cherry Fork"},"id":"3913834"},{"arcs":[[493]],"type":"Polygon","properties":{"geoid":"3947922","name":"Marlboro"},"id":"3947922"},{"arcs":[[494,495,496,497]],"type":"Polygon","properties":{"geoid":"3941090","name":"La Croft"},"id":"3941090"},{"arcs":[[498,-406,499,-404,500,501,502,503,504,505,506,507,508,509,510,511,512,513,514,515,516,517,518]],"type":"Polygon","properties":{"geoid":"3922694","name":"Dublin"},"id":"3922694"},{"arcs":[[519]],"type":"Polygon","properties":{"geoid":"3914086","name":"Chesterhill"},"id":"3914086"},{"arcs":[[520]],"type":"Polygon","properties":{"geoid":"3944912","name":"Lordstown"},"id":"3944912"},{"arcs":[[521]],"type":"Polygon","properties":{"geoid":"3976932","name":"Tiro"},"id":"3976932"},{"arcs":[[522,523,524,525,526,527]],"type":"Polygon","properties":{"geoid":"3908378","name":"Brecon"},"id":"3908378"},{"arcs":[[528]],"type":"Polygon","properties":{"geoid":"3924850","name":"Elizabethtown"},"id":"3924850"},{"arcs":[[529,530]],"type":"Polygon","properties":{"geoid":"3966180","name":"Remington"},"id":"3966180"},{"arcs":[[531,-418,532]],"type":"Polygon","properties":{"geoid":"3921518","name":"Delhi Hills"},"id":"3921518"},{"arcs":[[533]],"type":"Polygon","properties":{"geoid":"3913484","name":"Champion Heights"},"id":"3913484"},{"arcs":[[534]],"type":"Polygon","properties":{"geoid":"3914324","name":"Churchill"},"id":"3914324"},{"arcs":[[535]],"type":"Polygon","properties":{"geoid":"3980066","name":"Vienna Center"},"id":"3980066"},{"arcs":[[536]],"type":"Polygon","properties":{"geoid":"3986254","name":"Withamsville"},"id":"3986254"},{"arcs":[[537,538]],"type":"Polygon","properties":{"geoid":"3941552","name":"Lakeside"},"id":"3941552"},{"arcs":[[539]],"type":"Polygon","properties":{"geoid":"3941657","name":"Lake Waynoka"},"id":"3941657"},{"arcs":[[540]],"type":"Polygon","properties":{"geoid":"3904094","name":"Bascom"},"id":"3904094"},{"arcs":[[541]],"type":"Polygon","properties":{"geoid":"3919615","name":"Crystal Rock"},"id":"3919615"},{"arcs":[[542]],"type":"Polygon","properties":{"geoid":"3965298","name":"Radnor"},"id":"3965298"},{"arcs":[[543]],"type":"Polygon","properties":{"geoid":"3921784","name":"Derby"},"id":"3921784"},{"arcs":[[544]],"type":"Polygon","properties":{"geoid":"3928896","name":"Friendship"},"id":"3928896"},{"arcs":[[545]],"type":"Polygon","properties":{"geoid":"3936512","name":"Howard"},"id":"3936512"},{"arcs":[[546]],"type":"Polygon","properties":{"geoid":"3915008","name":"Cinnamon Lake"},"id":"3915008"},{"arcs":[[547,548]],"type":"Polygon","properties":{"geoid":"3977434","name":"Trinway"},"id":"3977434"},{"arcs":[[549]],"type":"Polygon","properties":{"geoid":"3955062","name":"New Marshfield"},"id":"3955062"},{"arcs":[[550]],"type":"Polygon","properties":{"geoid":"3933222","name":"Hannibal"},"id":"3933222"},{"arcs":[[551]],"type":"Polygon","properties":{"geoid":"3940264","name":"Kimbolton"},"id":"3940264"},{"arcs":[[552]],"type":"Polygon","properties":{"geoid":"3941597","name":"Lake Tomahawk"},"id":"3941597"},{"arcs":[[553,554]],"type":"Polygon","properties":{"geoid":"3905013","name":"Beechwood Trails"},"id":"3905013"},{"arcs":[[555]],"type":"Polygon","properties":{"geoid":"3914288","name":"Choctaw Lake"},"id":"3914288"},{"arcs":[[556,557]],"type":"Polygon","properties":{"geoid":"3963478","name":"Pleasant Grove"},"id":"3963478"},{"arcs":[[558]],"type":"Polygon","properties":{"geoid":"3928532","name":"Franklin Furnace"},"id":"3928532"},{"arcs":[[559]],"type":"Polygon","properties":{"geoid":"3941440","name":"Lake Milton"},"id":"3941440"},{"arcs":[[560]],"type":"Polygon","properties":{"geoid":"3925676","name":"Etna"},"id":"3925676"},{"arcs":[[561]],"type":"Polygon","properties":{"geoid":"3962344","name":"Pettisville"},"id":"3962344"},{"arcs":[[562,563]],"type":"Polygon","properties":{"geoid":"3944636","name":"Logan Elm Village"},"id":"3944636"},{"arcs":[[564]],"type":"Polygon","properties":{"geoid":"3906754","name":"Blaine"},"id":"3906754"},{"arcs":[[565,566,567]],"type":"Polygon","properties":{"geoid":"3935613","name":"Hilltop"},"id":"3935613"},{"arcs":[[568]],"type":"Polygon","properties":{"geoid":"3985344","name":"Williamsdale"},"id":"3985344"},{"arcs":[[569]],"type":"Polygon","properties":{"geoid":"3900541","name":"Ai"},"id":"3900541"},{"arcs":[[570]],"type":"Polygon","properties":{"geoid":"3979590","name":"Vaughnsville"},"id":"3979590"},{"arcs":[[571]],"type":"Polygon","properties":{"geoid":"3929064","name":"Fultonham"},"id":"3929064"},{"arcs":[[572]],"type":"Polygon","properties":{"geoid":"3905158","name":"Belle Valley"},"id":"3905158"},{"arcs":[[573]],"type":"Polygon","properties":{"geoid":"3926348","name":"Fairview"},"id":"3926348"},{"arcs":[[574]],"type":"Polygon","properties":{"geoid":"3927048","name":"Findlay"},"id":"3927048"},{"arcs":[[575]],"type":"Polygon","properties":{"geoid":"3965634","name":"Rawson"},"id":"3965634"},{"arcs":[[576,577,-498,578]],"type":"Polygon","properties":{"geoid":"3930520","name":"Glenmoor"},"id":"3930520"},{"arcs":[[579]],"type":"Polygon","properties":{"geoid":"3968448","name":"Rose Farm"},"id":"3968448"},{"arcs":[[580]],"type":"Polygon","properties":{"geoid":"3932680","name":"Guilford Lake"},"id":"3932680"},{"arcs":[[581]],"type":"Polygon","properties":{"geoid":"3954726","name":"New Holland"},"id":"3954726"},{"arcs":[[582]],"type":"Polygon","properties":{"geoid":"3945542","name":"Lynchburg"},"id":"3945542"},{"arcs":[[583]],"type":"Polygon","properties":{"geoid":"3974034","name":"Spencerville"},"id":"3974034"},{"arcs":[[584]],"type":"Polygon","properties":{"geoid":"3955188","name":"New Paris"},"id":"3955188"},{"arcs":[[585,586,587]],"type":"Polygon","properties":{"geoid":"3986394","name":"Woodmere"},"id":"3986394"},{"arcs":[[588]],"type":"Polygon","properties":{"geoid":"3950036","name":"Mifflin"},"id":"3950036"},{"arcs":[[589]],"type":"Polygon","properties":{"geoid":"3958156","name":"Old Fort"},"id":"3958156"},{"arcs":[[590]],"type":"Polygon","properties":{"geoid":"3947460","name":"Marathon"},"id":"3947460"},{"arcs":[[591]],"type":"Polygon","properties":{"geoid":"3926110","name":"Fairfield Beach"},"id":"3926110"},{"arcs":[[-475,592,593,594,-86,595,596]],"type":"Polygon","properties":{"geoid":"3954264","name":"New Burlington"},"id":"3954264"},{"arcs":[[597,598]],"type":"Polygon","properties":{"geoid":"3970044","name":"Salem Heights"},"id":"3970044"},{"arcs":[[599,600]],"type":"Polygon","properties":{"geoid":"3958149","name":"Olde West Chester"},"id":"3958149"},{"arcs":[[601]],"type":"Polygon","properties":{"geoid":"3935994","name":"Holmesville"},"id":"3935994"},{"arcs":[[602]],"type":"Polygon","properties":{"geoid":"3905116","name":"Belle Center"},"id":"3905116"},{"arcs":[[603]],"type":"Polygon","properties":{"geoid":"3969176","name":"Rushsylvania"},"id":"3969176"},{"arcs":[[604,-63,605,606]],"type":"Polygon","properties":{"geoid":"3943722","name":"Lincoln Heights"},"id":"3943722"},{"arcs":[[607]],"type":"Polygon","properties":{"geoid":"3970100","name":"Salineville"},"id":"3970100"},{"arcs":[[608]],"type":"Polygon","properties":{"geoid":"3924794","name":"Elgin"},"id":"3924794"},{"arcs":[[609]],"type":"Polygon","properties":{"geoid":"3918308","name":"Congress"},"id":"3918308"},{"arcs":[[610]],"type":"Polygon","properties":{"geoid":"3928616","name":"Fredericksburg"},"id":"3928616"},{"arcs":[[611]],"type":"Polygon","properties":{"geoid":"3953942","name":"Nevada"},"id":"3953942"},{"arcs":[[612]],"type":"Polygon","properties":{"geoid":"3931458","name":"Gratiot"},"id":"3931458"},{"arcs":[[613]],"type":"Polygon","properties":{"geoid":"3983216","name":"West Elkton"},"id":"3983216"},{"arcs":[[614]],"type":"Polygon","properties":{"geoid":"3957918","name":"Octa"},"id":"3957918"},{"arcs":[[615]],"type":"Polygon","properties":{"geoid":"3968084","name":"Rogers"},"id":"3968084"},{"arcs":[[616]],"type":"Polygon","properties":{"geoid":"3964780","name":"Prospect"},"id":"3964780"},{"arcs":[[617]],"type":"Polygon","properties":{"geoid":"3959738","name":"Pandora"},"id":"3959738"},{"arcs":[[618]],"type":"Polygon","properties":{"geoid":"3927818","name":"Fort Jennings"},"id":"3927818"},{"arcs":[[619,620,621]],"type":"Polygon","properties":{"geoid":"3976834","name":"Timberlake"},"id":"3976834"},{"arcs":[[622]],"type":"Polygon","properties":{"geoid":"3975574","name":"Summitville"},"id":"3975574"},{"arcs":[[-157,623]],"type":"Polygon","properties":{"geoid":"3959010","name":"Ottawa Hills"},"id":"3959010"},{"arcs":[[624]],"type":"Polygon","properties":{"geoid":"3964542","name":"Powhatan Point"},"id":"3964542"},{"arcs":[[625]],"type":"Polygon","properties":{"geoid":"3913778","name":"Chauncey"},"id":"3913778"},{"arcs":[[626]],"type":"Polygon","properties":{"geoid":"3931206","name":"Grand Rapids"},"id":"3931206"},{"arcs":[[627]],"type":"Polygon","properties":{"geoid":"3983972","name":"Weston"},"id":"3983972"},{"arcs":[[628]],"type":"Polygon","properties":{"geoid":"3905718","name":"Bergholz"},"id":"3905718"},{"arcs":[[629]],"type":"Polygon","properties":{"geoid":"3937422","name":"Irondale"},"id":"3937422"},{"arcs":[[[630,631,632,633,634,635,636,637,638,639]],[[640,641,642,643,644,645,646,647,648,649,650,651,652,653,654,655,656,657,658,659,660,661,662,663,664,665,666,667,668,-105,669]]],"type":"MultiPolygon","properties":{"geoid":"3921000","name":"Dayton"},"id":"3921000"},{"arcs":[[670]],"type":"Polygon","properties":{"geoid":"3955398","name":"New Riegel"},"id":"3955398"},{"arcs":[[-247,671]],"type":"Polygon","properties":{"geoid":"3949294","name":"Meyers Lake"},"id":"3949294"},{"arcs":[[672]],"type":"Polygon","properties":{"geoid":"3972242","name":"Sherrodsville"},"id":"3972242"},{"arcs":[[673]],"type":"Polygon","properties":{"geoid":"3920212","name":"Darbyville"},"id":"3920212"},{"arcs":[[674]],"type":"Polygon","properties":{"geoid":"3904696","name":"Beaver"},"id":"3904696"},{"arcs":[[675,676,677,678,679,680]],"type":"Polygon","properties":{"geoid":"3903086","name":"Aurora"},"id":"3903086"},{"arcs":[[681]],"type":"Polygon","properties":{"geoid":"3910954","name":"Caledonia"},"id":"3910954"},{"arcs":[[682,683,684,685,686,687,688,689,690,691,692,693,694,695,696,697,698,699,700]],"type":"Polygon","properties":{"geoid":"3980892","name":"Warren"},"id":"3980892"},{"arcs":[[-467,701,702,703,704,705,706]],"type":"Polygon","properties":{"geoid":"3945976","name":"Macedonia"},"id":"3945976"},{"arcs":[[707]],"type":"Polygon","properties":{"geoid":"3927538","name":"Florida"},"id":"3927538"},{"arcs":[[708,709,710,711,712,713,714,715,716,717],[718]],"type":"Polygon","properties":{"geoid":"3948244","name":"Massillon"},"id":"3948244"},{"arcs":[[719]],"type":"Polygon","properties":{"geoid":"3907930","name":"Bowersville"},"id":"3907930"},{"arcs":[[720]],"type":"Polygon","properties":{"geoid":"3967118","name":"Ridgeway"},"id":"3967118"},{"arcs":[[721]],"type":"Polygon","properties":{"geoid":"3914226","name":"Chilo"},"id":"3914226"},{"arcs":[[722,-438,-49]],"type":"Polygon","properties":{"geoid":"3967128","name":"Ridgewood"},"id":"3967128"},{"arcs":[[723]],"type":"Polygon","properties":{"geoid":"3948286","name":"Matamoras (New Matamoras)"},"id":"3948286"},{"arcs":[[724]],"type":"Polygon","properties":{"geoid":"3978834","name":"Unionville Center"},"id":"3978834"},{"arcs":[[725]],"type":"Polygon","properties":{"geoid":"3968742","name":"Roswell"},"id":"3968742"},{"arcs":[[726]],"type":"Polygon","properties":{"geoid":"3979394","name":"Van Buren"},"id":"3979394"},{"arcs":[[727]],"type":"Polygon","properties":{"geoid":"3958800","name":"Orient"},"id":"3958800"},{"arcs":[[728]],"type":"Polygon","properties":{"geoid":"3967314","name":"Risingsun"},"id":"3967314"},{"arcs":[[729,730]],"type":"Polygon","properties":{"geoid":"3963548","name":"Pleasant Hills"},"id":"3963548"},{"arcs":[[731,-112,732]],"type":"Polygon","properties":{"geoid":"3948272","name":"Masury"},"id":"3948272"},{"arcs":[[-98,733,734,735]],"type":"Polygon","properties":{"geoid":"3945122","name":"Loveland Park"},"id":"3945122"},{"arcs":[[736]],"type":"Polygon","properties":{"geoid":"3906194","name":"Bettsville"},"id":"3906194"},{"arcs":[[737]],"type":"Polygon","properties":{"geoid":"3914156","name":"Chickasaw"},"id":"3914156"},{"arcs":[[738]],"type":"Polygon","properties":{"geoid":"3941419","name":"Lake Lorelei"},"id":"3941419"},{"arcs":[[739]],"type":"Polygon","properties":{"geoid":"3956756","name":"North Lawrence"},"id":"3956756"},{"arcs":[[740,741]],"type":"Polygon","properties":{"geoid":"3946970","name":"Malta"},"id":"3946970"},{"arcs":[[742]],"type":"Polygon","properties":{"geoid":"3956588","name":"North Hampton"},"id":"3956588"},{"arcs":[[743]],"type":"Polygon","properties":{"geoid":"3964430","name":"Potsdam"},"id":"3964430"},{"arcs":[[744]],"type":"Polygon","properties":{"geoid":"3912112","name":"Carey"},"id":"3912112"},{"arcs":[[745]],"type":"Polygon","properties":{"geoid":"3907188","name":"Bloomingburg"},"id":"3907188"},{"arcs":[[746]],"type":"Polygon","properties":{"geoid":"3905662","name":"Benton Ridge"},"id":"3905662"},{"arcs":[[747,748]],"type":"Polygon","properties":{"geoid":"3978078","name":"Twinsburg Heights"},"id":"3978078"},{"arcs":[[749]],"type":"Polygon","properties":{"geoid":"3972578","name":"Sinking Spring"},"id":"3972578"},{"arcs":[[750]],"type":"Polygon","properties":{"geoid":"3983804","name":"West Manchester"},"id":"3983804"},{"arcs":[[751]],"type":"Polygon","properties":{"geoid":"3916434","name":"Coalton"},"id":"3916434"},{"arcs":[[752]],"type":"Polygon","properties":{"geoid":"3921434","name":"Delaware"},"id":"3921434"},{"arcs":[[753]],"type":"Polygon","properties":{"geoid":"3934888","name":"Hemlock"},"id":"3934888"},{"arcs":[[754]],"type":"Polygon","properties":{"geoid":"3954012","name":"New Alexandria"},"id":"3954012"},{"arcs":[[755]],"type":"Polygon","properties":{"geoid":"3901588","name":"Alvordton"},"id":"3901588"},{"arcs":[[756]],"type":"Polygon","properties":{"geoid":"3968574","name":"Rosewood"},"id":"3968574"},{"arcs":[[757]],"type":"Polygon","properties":{"geoid":"3939578","name":"Kansas"},"id":"3939578"},{"arcs":[[758,759]],"type":"Polygon","properties":{"geoid":"3902722","name":"Athalia"},"id":"3902722"},{"arcs":[[760]],"type":"Polygon","properties":{"geoid":"3930702","name":"Gnadenhutten"},"id":"3930702"},{"arcs":[[761,762,-291,763,-427,764,765]],"type":"Polygon","properties":{"geoid":"3956322","name":"North College Hill"},"id":"3956322"},{"arcs":[[766]],"type":"Polygon","properties":{"geoid":"3973796","name":"South Vienna"},"id":"3973796"},{"arcs":[[767]],"type":"Polygon","properties":{"geoid":"3966222","name":"Rendville"},"id":"3966222"},{"arcs":[[768]],"type":"Polygon","properties":{"geoid":"3935826","name":"Hockingport"},"id":"3935826"},{"arcs":[[769]],"type":"Polygon","properties":{"geoid":"3910128","name":"Buffalo"},"id":"3910128"},{"arcs":[[770]],"type":"Polygon","properties":{"geoid":"3942938","name":"Lewisburg"},"id":"3942938"},{"arcs":[[771]],"type":"Polygon","properties":{"geoid":"3952822","name":"Mount Hope"},"id":"3952822"},{"arcs":[[772,773,774]],"type":"Polygon","properties":{"geoid":"3978736","name":"Uniontown"},"id":"3978736"},{"arcs":[[775]],"type":"Polygon","properties":{"geoid":"3935028","name":"Hessville"},"id":"3935028"},{"arcs":[[776]],"type":"Polygon","properties":{"geoid":"3985085","name":"Wightmans Grove"},"id":"3985085"},{"arcs":[[777,778]],"type":"Polygon","properties":{"geoid":"3971983","name":"Shawnee Hills"},"id":"3971983"},{"arcs":[[779]],"type":"Polygon","properties":{"geoid":"3962404","name":"Pheasant Run"},"id":"3962404"},{"arcs":[[780]],"type":"Polygon","properties":{"geoid":"3904542","name":"Beallsville"},"id":"3904542"},{"arcs":[[781]],"type":"Polygon","properties":{"geoid":"3983818","name":"West Mansfield"},"id":"3983818"},{"arcs":[[782]],"type":"Polygon","properties":{"geoid":"3912476","name":"Castalia"},"id":"3912476"},{"arcs":[[783]],"type":"Polygon","properties":{"geoid":"3955118","name":"New Middletown"},"id":"3955118"},{"arcs":[[784]],"type":"Polygon","properties":{"geoid":"3921560","name":"Dellroy"},"id":"3921560"},{"arcs":[[785]],"type":"Polygon","properties":{"geoid":"3963716","name":"Pleasantville"},"id":"3963716"},{"arcs":[[786]],"type":"Polygon","properties":{"geoid":"3934090","name":"Harrisville"},"id":"3934090"},{"arcs":[[787]],"type":"Polygon","properties":{"geoid":"3968196","name":"Rome (Stout)"},"id":"3968196"},{"arcs":[[788]],"type":"Polygon","properties":{"geoid":"3969204","name":"Rushville"},"id":"3969204"},{"arcs":[[789]],"type":"Polygon","properties":{"geoid":"3966320","name":"Republic"},"id":"3966320"},{"arcs":[[790,-622,791]],"type":"Polygon","properties":{"geoid":"3941398","name":"Lakeline"},"id":"3941398"},{"arcs":[[792]],"type":"Polygon","properties":{"geoid":"3964108","name":"Portage"},"id":"3964108"},{"arcs":[[793]],"type":"Polygon","properties":{"geoid":"3945626","name":"Lyons"},"id":"3945626"},{"arcs":[[794]],"type":"Polygon","properties":{"geoid":"3947558","name":"Marengo"},"id":"3947558"},{"arcs":[[795,796,797,798,799,800]],"type":"Polygon","properties":{"geoid":"3933012","name":"Hamilton"},"id":"3933012"},{"arcs":[[801,802]],"type":"Polygon","properties":{"geoid":"3910352","name":"Burlington"},"id":"3910352"},{"arcs":[[803]],"type":"Polygon","properties":{"geoid":"3952598","name":"Mount Blanchard"},"id":"3952598"},{"arcs":[[804]],"type":"Polygon","properties":{"geoid":"3947628","name":"Marietta"},"id":"3947628"},{"arcs":[[807,808]],"type":"Polygon","properties":{"geoid":"3902638","name":"Ashtabula"},"id":"3902638"},{"arcs":[[809,810,811,812,813,814,815,816,817]],"type":"Polygon","properties":{"geoid":"3985484","name":"Willoughby"},"id":"3985484"},{"arcs":[[818]],"type":"Polygon","properties":{"geoid":"3961420","name":"Peebles"},"id":"3961420"},{"arcs":[[819]],"type":"Polygon","properties":{"geoid":"3962414","name":"Phillipsburg"},"id":"3962414"},{"arcs":[[820]],"type":"Polygon","properties":{"geoid":"3986548","name":"Wooster"},"id":"3986548"},{"arcs":[[821]],"type":"Polygon","properties":{"geoid":"3976764","name":"Thurston"},"id":"3976764"},{"arcs":[[822,823,824,825]],"type":"Polygon","properties":{"geoid":"3913190","name":"Centerville"},"id":"3913190"},{"arcs":[[826,827,828,829,830,-392,831,832,-375]],"type":"Polygon","properties":{"geoid":"3980990","name":"Warrensville Heights"},"id":"3980990"},{"arcs":[[833,-20]],"type":"Polygon","properties":{"geoid":"3952738","name":"Mount Gilead"},"id":"3952738"},{"arcs":[[834,835,836,-558,837,838,839]],"type":"Polygon","properties":{"geoid":"3988084","name":"Zanesville"},"id":"3988084"},{"arcs":[[840,841,842,843,844,845]],"type":"Polygon","properties":{"geoid":"3944086","name":"Lithopolis"},"id":"3944086"},{"arcs":[[846]],"type":"Polygon","properties":{"geoid":"3902568","name":"Ashland"},"id":"3902568"},{"arcs":[[-65,847,848,-132,849,-436,850,851]],"type":"Polygon","properties":{"geoid":"3965732","name":"Reading"},"id":"3965732"},{"arcs":[[852]],"type":"Polygon","properties":{"geoid":"3906138","name":"Bethesda"},"id":"3906138"},{"arcs":[[853]],"type":"Polygon","properties":{"geoid":"3928182","name":"Frankfort"},"id":"3928182"},{"arcs":[[854]],"type":"Polygon","properties":{"geoid":"3969302","name":"Russells Point"},"id":"3969302"},{"arcs":[[855]],"type":"Polygon","properties":{"geoid":"3927636","name":"Forest"},"id":"3927636"},{"arcs":[[856]],"type":"Polygon","properties":{"geoid":"3955748","name":"New Vienna"},"id":"3955748"},{"arcs":[[857]],"type":"Polygon","properties":{"geoid":"3942966","name":"Lewistown"},"id":"3942966"},{"arcs":[[858]],"type":"Polygon","properties":{"geoid":"3919848","name":"Cynthiana"},"id":"3919848"},{"arcs":[[859]],"type":"Polygon","properties":{"geoid":"3924024","name":"East Rochester"},"id":"3924024"},{"arcs":[[860,861]],"type":"Polygon","properties":{"geoid":"3914100","name":"Chesterland"},"id":"3914100"},{"arcs":[[862,863]],"type":"Polygon","properties":{"geoid":"3941860","name":"Lansing"},"id":"3941860"},{"arcs":[[864,865,866]],"type":"Polygon","properties":{"geoid":"3963072","name":"Plainville"},"id":"3963072"},{"arcs":[[867]],"type":"Polygon","properties":{"geoid":"3940544","name":"Kipton"},"id":"3940544"},{"arcs":[[868]],"type":"Polygon","properties":{"geoid":"3954152","name":"New Bloomington"},"id":"3954152"},{"arcs":[[869]],"type":"Polygon","properties":{"geoid":"3974216","name":"Spring Valley"},"id":"3974216"},{"arcs":[[870]],"type":"Polygon","properties":{"geoid":"3922260","name":"Dola"},"id":"3922260"},{"arcs":[[871,872]],"type":"Polygon","properties":{"geoid":"3979716","name":"Vermilion"},"id":"3979716"},{"arcs":[[873]],"type":"Polygon","properties":{"geoid":"3972998","name":"Somerville"},"id":"3972998"},{"arcs":[[874]],"type":"Polygon","properties":{"geoid":"3975406","name":"Summerfield"},"id":"3975406"},{"arcs":[[875]],"type":"Polygon","properties":{"geoid":"3977322","name":"Trenton"},"id":"3977322"},{"arcs":[[876,877,878,879,880,881,882]],"type":"Polygon","properties":{"geoid":"3905690","name":"Berea"},"id":"3905690"},{"arcs":[[883]],"type":"Polygon","properties":{"geoid":"3946872","name":"Maineville"},"id":"3946872"},{"arcs":[[884]],"type":"Polygon","properties":{"geoid":"3957834","name":"Oberlin"},"id":"3957834"},{"arcs":[[885]],"type":"Polygon","properties":{"geoid":"3982712","name":"Wellston"},"id":"3982712"},{"arcs":[[886]],"type":"Polygon","properties":{"geoid":"3927902","name":"Fort Recovery"},"id":"3927902"},{"arcs":[[887]],"type":"Polygon","properties":{"geoid":"3962834","name":"Pioneer"},"id":"3962834"},{"arcs":[[888]],"type":"Polygon","properties":{"geoid":"3967356","name":"Rittman"},"id":"3967356"},{"arcs":[[889,890,891,892]],"type":"Polygon","properties":{"geoid":"3912168","name":"Carlisle"},"id":"3912168"},{"arcs":[[893]],"type":"Polygon","properties":{"geoid":"3971640","name":"Shadyside"},"id":"3971640"},{"arcs":[[894]],"type":"Polygon","properties":{"geoid":"3931948","name":"Green Camp"},"id":"3931948"},{"arcs":[[895]],"type":"Polygon","properties":{"geoid":"3956770","name":"North Lewisburg"},"id":"3956770"},{"arcs":[[-800,896,897,898,899,900,901]],"type":"Polygon","properties":{"geoid":"3925970","name":"Fairfield"},"id":"3925970"},{"arcs":[[-898,902,903,904,905,906]],"type":"Polygon","properties":{"geoid":"3974104","name":"Springdale"},"id":"3974104"},{"arcs":[[-40,907]],"type":"Polygon","properties":{"geoid":"3930674","name":"Glouster"},"id":"3930674"},{"arcs":[[908]],"type":"Polygon","properties":{"geoid":"3908084","name":"Bradford"},"id":"3908084"},{"arcs":[[909,910,911,912,913,914]],"type":"Polygon","properties":{"geoid":"3973446","name":"South Lebanon"},"id":"3973446"},{"arcs":[[915,-814,916,-75,917,918]],"type":"Polygon","properties":{"geoid":"3940642","name":"Kirtland"},"id":"3940642"},{"arcs":[[919]],"type":"Polygon","properties":{"geoid":"3974916","name":"Stoutsville"},"id":"3974916"},{"arcs":[[920,921,-828]],"type":"Polygon","properties":{"geoid":"3935255","name":"Highland Hills"},"id":"3935255"},{"arcs":[[922]],"type":"Polygon","properties":{"geoid":"3945332","name":"Luckey"},"id":"3945332"},{"arcs":[[923]],"type":"Polygon","properties":{"geoid":"3976022","name":"Sylvania"},"id":"3976022"},{"arcs":[[924,925,926,927,928,929,930,931,932,933,934,935,936,937,938,939,940,941,942,943,944,945,946,947,948,949,950,951,952,953]],"type":"Polygon","properties":{"geoid":"3901000","name":"Akron"},"id":"3901000"},{"arcs":[[954]],"type":"Polygon","properties":{"geoid":"3947754","name":"Marion"},"id":"3947754"},{"arcs":[[955]],"type":"Polygon","properties":{"geoid":"3909358","name":"Brookville"},"id":"3909358"},{"arcs":[[956,957,958,959]],"type":"Polygon","properties":{"geoid":"3959416","name":"Painesville"},"id":"3959416"},{"arcs":[[960]],"type":"Polygon","properties":{"geoid":"3979072","name":"Urbana"},"id":"3979072"},{"arcs":[[961,962]],"type":"Polygon","properties":{"geoid":"3973068","name":"South Bloomfield"},"id":"3973068"},{"arcs":[[963,964]],"type":"Polygon","properties":{"geoid":"3952374","name":"Morrow"},"id":"3952374"},{"arcs":[[965]],"type":"Polygon","properties":{"geoid":"3986492","name":"Woodville"},"id":"3986492"},{"arcs":[[966]],"type":"Polygon","properties":{"geoid":"3979114","name":"Utica"},"id":"3979114"},{"arcs":[[967]],"type":"Polygon","properties":{"geoid":"3953816","name":"Nellie"},"id":"3953816"},{"arcs":[[968]],"type":"Polygon","properties":{"geoid":"3902316","name":"Arcadia"},"id":"3902316"},{"arcs":[[969]],"type":"Polygon","properties":{"geoid":"3947012","name":"Manchester"},"id":"3947012"},{"arcs":[[970]],"type":"Polygon","properties":{"geoid":"3912462","name":"Casstown"},"id":"3912462"},{"arcs":[[971]],"type":"Polygon","properties":{"geoid":"3940572","name":"Kirkersville"},"id":"3940572"},{"arcs":[[972]],"type":"Polygon","properties":{"geoid":"3928014","name":"Fostoria"},"id":"3928014"},{"arcs":[[973]],"type":"Polygon","properties":{"geoid":"3929722","name":"Genoa"},"id":"3929722"},{"arcs":[[974]],"type":"Polygon","properties":{"geoid":"3944030","name":"Lisbon"},"id":"3944030"},{"arcs":[[975]],"type":"Polygon","properties":{"geoid":"3976778","name":"Tiffin"},"id":"3976778"},{"arcs":[[976,977,978]],"type":"Polygon","properties":{"geoid":"3961028","name":"Parma Heights"},"id":"3961028"},{"arcs":[[979]],"type":"Polygon","properties":{"geoid":"3918868","name":"Coshocton"},"id":"3918868"},{"arcs":[[980]],"type":"Polygon","properties":{"geoid":"3902736","name":"Athens"},"id":"3902736"},{"arcs":[[981]],"type":"Polygon","properties":{"geoid":"3910800","name":"Cadiz"},"id":"3910800"},{"arcs":[[982,983,-818,984,985]],"type":"Polygon","properties":{"geoid":"3985638","name":"Willowick"},"id":"3985638"},{"arcs":[[986,987,988,-702,-466,989,990]],"type":"Polygon","properties":{"geoid":"3980738","name":"Walton Hills"},"id":"3980738"},{"arcs":[[991]],"type":"Polygon","properties":{"geoid":"3945164","name":"Lowell"},"id":"3945164"},{"arcs":[[992]],"type":"Polygon","properties":{"geoid":"3949000","name":"Melrose"},"id":"3949000"},{"arcs":[[993]],"type":"Polygon","properties":{"geoid":"3934328","name":"Hartville"},"id":"3934328"},{"arcs":[[994]],"type":"Polygon","properties":{"geoid":"3911024","name":"Camden"},"id":"3911024"},{"arcs":[[995]],"type":"Polygon","properties":{"geoid":"3913904","name":"Chesapeake"},"id":"3913904"},{"arcs":[[996]],"type":"Polygon","properties":{"geoid":"3976050","name":"Syracuse"},"id":"3976050"},{"arcs":[[997]],"type":"Polygon","properties":{"geoid":"3962442","name":"Philo"},"id":"3962442"},{"arcs":[[998,-741]],"type":"Polygon","properties":{"geoid":"3945822","name":"McConnelsville"},"id":"3945822"},{"arcs":[[-662,999]],"type":"Polygon","properties":{"geoid":"3957764","name":"Oakwood"},"id":"3957764"},{"arcs":[[1000]],"type":"Polygon","properties":{"geoid":"3964486","name":"Powell"},"id":"3964486"},{"arcs":[[1001]],"type":"Polygon","properties":{"geoid":"3905228","name":"Bellevue"},"id":"3905228"},{"arcs":[[1002,-423,1003]],"type":"Polygon","properties":{"geoid":"3914128","name":"Cheviot"},"id":"3914128"},{"arcs":[[1004]],"type":"Polygon","properties":{"geoid":"3961882","name":"Perry"},"id":"3961882"},{"arcs":[[1005]],"type":"Polygon","properties":{"geoid":"3961252","name":"Paulding"},"id":"3961252"},{"arcs":[[1006]],"type":"Polygon","properties":{"geoid":"3957302","name":"Norwalk"},"id":"3957302"},{"arcs":[[1007]],"type":"Polygon","properties":{"geoid":"3985190","name":"Wilkesville"},"id":"3985190"},{"arcs":[[1008]],"type":"Polygon","properties":{"geoid":"3904150","name":"Batavia"},"id":"3904150"},{"arcs":[[1009]],"type":"Polygon","properties":{"geoid":"3940054","name":"Kettlersville"},"id":"3940054"},{"arcs":[[1010]],"type":"Polygon","properties":{"geoid":"3900142","name":"Aberdeen"},"id":"3900142"},{"arcs":[[-706,1011,1012,1013,1014,-491]],"type":"Polygon","properties":{"geoid":"3936651","name":"Hudson"},"id":"3936651"},{"arcs":[[1015]],"type":"Polygon","properties":{"geoid":"3985876","name":"Winchester"},"id":"3985876"},{"arcs":[[1016]],"type":"Polygon","properties":{"geoid":"3915406","name":"Clarksville"},"id":"3915406"},{"arcs":[[1017,1018,1019,1020]],"type":"Polygon","properties":{"geoid":"3976806","name":"Tiltonsville"},"id":"3976806"},{"arcs":[[1021]],"type":"Polygon","properties":{"geoid":"3955384","name":"New Richmond"},"id":"3955384"},{"arcs":[[1022,1023,1024,-567,1025]],"type":"Polygon","properties":{"geoid":"3945934","name":"McDonald"},"id":"3945934"},{"arcs":[[1026,1027,1028]],"type":"Polygon","properties":{"geoid":"3949434","name":"Miamisburg"},"id":"3949434"},{"arcs":[[-93,1029,1030,1031]],"type":"Polygon","properties":{"geoid":"3901420","name":"Alliance"},"id":"3901420"},{"arcs":[[-390,-381,1032,-383]],"type":"Polygon","properties":{"geoid":"3909246","name":"Brooklyn"},"id":"3909246"},{"arcs":[[1033]],"type":"Polygon","properties":{"geoid":"3969680","name":"St. Marys"},"id":"3969680"},{"arcs":[[1034]],"type":"Polygon","properties":{"geoid":"3912868","name":"Celina"},"id":"3912868"},{"arcs":[[1035]],"type":"Polygon","properties":{"geoid":"3984742","name":"Whitehall"},"id":"3984742"},{"arcs":[[1036,1037,1038,1039,1040,1041,1042,1043,1044,1045,1046,1047]],"type":"Polygon","properties":{"geoid":"3904720","name":"Beavercreek"},"id":"3904720"},{"arcs":[[1048,1049,1050,1051,-588,1052,-829,-922,1053]],"type":"Polygon","properties":{"geoid":"3904500","name":"Beachwood"},"id":"3904500"},{"arcs":[[-108,1054,-478]],"type":"Polygon","properties":{"geoid":"3925452","name":"Enon"},"id":"3925452"},{"arcs":[[-985,-817,1055,1056]],"type":"Polygon","properties":{"geoid":"3985036","name":"Wickliffe"},"id":"3985036"},{"arcs":[[-225,1057]],"type":"Polygon","properties":{"geoid":"3942560","name":"Leetonia"},"id":"3942560"},{"arcs":[[1058]],"type":"Polygon","properties":{"geoid":"3940558","name":"Kirby"},"id":"3940558"},{"arcs":[[1059,1060]],"type":"Polygon","properties":{"geoid":"3934790","name":"Hebron"},"id":"3934790"},{"arcs":[[1061]],"type":"Polygon","properties":{"geoid":"3969344","name":"Russia"},"id":"3969344"},{"arcs":[[1062]],"type":"Polygon","properties":{"geoid":"3914296","name":"Christiansburg"},"id":"3914296"},{"arcs":[[1063]],"type":"Polygon","properties":{"geoid":"3902820","name":"Attica"},"id":"3902820"},{"arcs":[[1064]],"type":"Polygon","properties":{"geoid":"3950218","name":"Milford Center"},"id":"3950218"},{"arcs":[[1065,-699,1066,-697,1067,1068,-1026,-566,1069,1070,1071,1072,1073]],"type":"Polygon","properties":{"geoid":"3955916","name":"Niles"},"id":"3955916"},{"arcs":[[-190,1074]],"type":"Polygon","properties":{"geoid":"3975000","name":"Stratton"},"id":"3975000"},{"arcs":[[1075]],"type":"Polygon","properties":{"geoid":"3975896","name":"Swanton"},"id":"3975896"},{"arcs":[[1076]],"type":"Polygon","properties":{"geoid":"3945066","name":"Loudonville"},"id":"3945066"},{"arcs":[[1077]],"type":"Polygon","properties":{"geoid":"3929974","name":"Gettysburg"},"id":"3929974"},{"arcs":[[1078]],"type":"Polygon","properties":{"geoid":"3912252","name":"Carroll"},"id":"3912252"},{"arcs":[[1079,-689,1080,-687,1081,-685,1082]],"type":"Polygon","properties":{"geoid":"3952178","name":"Morgandale"},"id":"3952178"},{"arcs":[[1083]],"type":"Polygon","properties":{"geoid":"3921868","name":"Devola"},"id":"3921868"},{"arcs":[[-683,1084]],"type":"Polygon","properties":{"geoid":"3942308","name":"Leavittsburg"},"id":"3942308"},{"arcs":[[1085]],"type":"Polygon","properties":{"geoid":"3914280","name":"Chippewa Park"},"id":"3914280"},{"arcs":[[1086]],"type":"Polygon","properties":{"geoid":"3935866","name":"Holiday Lakes"},"id":"3935866"},{"arcs":[[1087]],"type":"Polygon","properties":{"geoid":"3984882","name":"Whites Landing"},"id":"3984882"},{"arcs":[[1088]],"type":"Polygon","properties":{"geoid":"3901154","name":"Alexandria"},"id":"3901154"},{"arcs":[[1089]],"type":"Polygon","properties":{"geoid":"3967874","name":"Rockford"},"id":"3967874"},{"arcs":[[1090]],"type":"Polygon","properties":{"geoid":"3952346","name":"Morristown"},"id":"3952346"},{"arcs":[[[1092,1093,-1037,1094,-660]],[[1096,-651,1097]],[[1098,-658]]],"type":"MultiPolygon","properties":{"geoid":"3967468","name":"Riverside"},"id":"3967468"},{"arcs":[[1099,1100,1101,1102,1103]],"type":"Polygon","properties":{"geoid":"3939872","name":"Kent"},"id":"3939872"},{"arcs":[[1104,-1049,1105,1106]],"type":"Polygon","properties":{"geoid":"3978932","name":"University Heights"},"id":"3978932"},{"arcs":[[-668,1107,-666,1108,-664,1109,1110,1111,1112]],"type":"Polygon","properties":{"geoid":"3952010","name":"Moraine"},"id":"3952010"},{"arcs":[[1113]],"type":"Polygon","properties":{"geoid":"3981718","name":"Washington Court House"},"id":"3981718"},{"arcs":[[1114,1115,1116,1117,1118,1119,1120,-1044,1121,-1042,1122,-1040,1123,1124]],"type":"Polygon","properties":{"geoid":"3925914","name":"Fairborn"},"id":"3925914"},{"arcs":[[1125]],"type":"Polygon","properties":{"geoid":"3912560","name":"Catawba"},"id":"3912560"},{"arcs":[[1126]],"type":"Polygon","properties":{"geoid":"3919820","name":"Cygnet"},"id":"3919820"},{"arcs":[[1127]],"type":"Polygon","properties":{"geoid":"3906908","name":"Blanchester"},"id":"3906908"},{"arcs":[[1128]],"type":"Polygon","properties":{"geoid":"3963954","name":"Poland"},"id":"3963954"},{"arcs":[[1129]],"type":"Polygon","properties":{"geoid":"3913036","name":"Centerburg"},"id":"3913036"},{"arcs":[[1130]],"type":"Polygon","properties":{"geoid":"3983734","name":"West Liberty"},"id":"3983734"},{"arcs":[[1131]],"type":"Polygon","properties":{"geoid":"3973124","name":"South Charleston"},"id":"3973124"},{"arcs":[[1132]],"type":"Polygon","properties":{"geoid":"3903926","name":"Barnesville"},"id":"3903926"},{"arcs":[[1133]],"type":"Polygon","properties":{"geoid":"3940180","name":"Killbuck"},"id":"3940180"},{"arcs":[[1134]],"type":"Polygon","properties":{"geoid":"3983468","name":"Westfield Center"},"id":"3983468"},{"arcs":[[1135]],"type":"Polygon","properties":{"geoid":"3954446","name":"New Concord"},"id":"3954446"},{"arcs":[[1136]],"type":"Polygon","properties":{"geoid":"3942980","name":"Lewisville"},"id":"3942980"},{"arcs":[[1137,-140,1138,1139]],"type":"Polygon","properties":{"geoid":"3919596","name":"Crystal Lakes"},"id":"3919596"},{"arcs":[[-236,1140,-238,1141]],"type":"Polygon","properties":{"geoid":"3943764","name":"Lincoln Heights"},"id":"3943764"},{"arcs":[[1142]],"type":"Polygon","properties":{"geoid":"3966880","name":"Richmond Dale"},"id":"3966880"},{"arcs":[[1143]],"type":"Polygon","properties":{"geoid":"3979184","name":"Valley City"},"id":"3979184"},{"arcs":[[1144]],"type":"Polygon","properties":{"geoid":"3903142","name":"Austinburg"},"id":"3903142"},{"arcs":[[1145]],"type":"Polygon","properties":{"geoid":"3902022","name":"Andersonville"},"id":"3902022"},{"arcs":[[1146]],"type":"Polygon","properties":{"geoid":"3948972","name":"Melmore"},"id":"3948972"},{"arcs":[[1147,1148,1149,1150,1151,1152,-416,-286,-296]],"type":"Polygon","properties":{"geoid":"3946088","name":"Mack"},"id":"3946088"},{"arcs":[[-470,1153,1154,1155,1156,1157,1158,1159,1160]],"type":"Polygon","properties":{"geoid":"3927776","name":"Forestville"},"id":"3927776"},{"arcs":[[1161]],"type":"Polygon","properties":{"geoid":"3907258","name":"Bloomingville"},"id":"3907258"},{"arcs":[[1162]],"type":"Polygon","properties":{"geoid":"3941146","name":"Lafayette"},"id":"3941146"},{"arcs":[[1163,1164,1165,1166,1167,1168,1169,1170]],"type":"Polygon","properties":{"geoid":"3906670","name":"Blacklick Estates"},"id":"3906670"},{"arcs":[[1171,-524,1172]],"type":"Polygon","properties":{"geoid":"3935322","name":"Highpoint"},"id":"3935322"},{"arcs":[[[1173,1174,1175,-1120,1176,-1118,1177]],[[1178,-1116,1179,-1125,1180,-1038,-1094]]],"type":"MultiPolygon","properties":{"geoid":"3986660","name":"Wright-Patterson AFB"},"id":"3986660"},{"arcs":[[1181]],"type":"Polygon","properties":{"geoid":"3918420","name":"Connorville"},"id":"3918420"},{"arcs":[[1182,1183,1184,-937]],"type":"Polygon","properties":{"geoid":"3970618","name":"Sawyerwood"},"id":"3970618"},{"arcs":[[1185,1186]],"type":"Polygon","properties":{"geoid":"3968602","name":"Ross"},"id":"3968602"},{"arcs":[[1187]],"type":"Polygon","properties":{"geoid":"3902266","name":"Apple Valley"},"id":"3902266"},{"arcs":[[1188]],"type":"Polygon","properties":{"geoid":"3901742","name":"Amelia"},"id":"3901742"},{"arcs":[[1189]],"type":"Polygon","properties":{"geoid":"3945892","name":"McCutchenville"},"id":"3945892"},{"arcs":[[1190]],"type":"Polygon","properties":{"geoid":"3954698","name":"New Haven"},"id":"3954698"},{"arcs":[[1191]],"type":"Polygon","properties":{"geoid":"3977812","name":"Tuppers Plains"},"id":"3977812"},{"arcs":[[1192]],"type":"Polygon","properties":{"geoid":"3970655","name":"Saybrook-on-the-Lake"},"id":"3970655"},{"arcs":[[1193,1194,1195,1196]],"type":"Polygon","properties":{"geoid":"3933362","name":"Harbor Hills"},"id":"3933362"},{"arcs":[[1197,-766,1198,-425,1199,1200,1201]],"type":"Polygon","properties":{"geoid":"3984812","name":"White Oak"},"id":"3984812"},{"arcs":[[-964,1202]],"type":"Polygon","properties":{"geoid":"3967580","name":"Roachester"},"id":"3967580"},{"arcs":[[-711,1203]],"type":"Polygon","properties":{"geoid":"3966922","name":"Richville"},"id":"3966922"},{"arcs":[[1204,1205,1206]],"type":"Polygon","properties":{"geoid":"3903716","name":"Ballville"},"id":"3903716"},{"arcs":[[1207]],"type":"Polygon","properties":{"geoid":"3930996","name":"Goshen"},"id":"3930996"},{"arcs":[[-1196,1208]],"type":"Polygon","properties":{"geoid":"3976666","name":"Thornport"},"id":"3976666"},{"arcs":[[1209,1210]],"type":"Polygon","properties":{"geoid":"3956812","name":"North Madison"},"id":"3956812"},{"arcs":[[1211]],"type":"Polygon","properties":{"geoid":"3963758","name":"Plumwood"},"id":"3963758"},{"arcs":[[1212,-925,1213,1214]],"type":"Polygon","properties":{"geoid":"3951816","name":"Montrose-Ghent"},"id":"3951816"},{"arcs":[[-901,1215,1216,1217,-472,1218,1219]],"type":"Polygon","properties":{"geoid":"3963604","name":"Pleasant Run"},"id":"3963604"},{"arcs":[[1220]],"type":"Polygon","properties":{"geoid":"3940978","name":"Kunkle"},"id":"3940978"},{"arcs":[[1221,1222]],"type":"Polygon","properties":{"geoid":"3927303","name":"Five Points"},"id":"3927303"},{"arcs":[[1223,1224]],"type":"Polygon","properties":{"geoid":"3986534","name":"Woodworth"},"id":"3986534"},{"arcs":[[1225,1226,1227]],"type":"Polygon","properties":{"geoid":"3936232","name":"Hooven"},"id":"3936232"},{"arcs":[[1228]],"type":"Polygon","properties":{"geoid":"3953718","name":"Neapolis"},"id":"3953718"},{"arcs":[[1229]],"type":"Polygon","properties":{"geoid":"3946844","name":"Magnolia"},"id":"3946844"},{"arcs":[[1230,1231]],"type":"Polygon","properties":{"geoid":"3918350","name":"Conneaut"},"id":"3918350"},{"arcs":[[1232]],"type":"Polygon","properties":{"geoid":"3929610","name":"Geneva"},"id":"3929610"},{"arcs":[[1233]],"type":"Polygon","properties":{"geoid":"3938500","name":"Jefferson"},"id":"3938500"},{"arcs":[[1234]],"type":"Polygon","properties":{"geoid":"3958856","name":"Orwell"},"id":"3958856"},{"arcs":[[1235]],"type":"Polygon","properties":{"geoid":"3910296","name":"Burkettsville"},"id":"3910296"},{"arcs":[[1236]],"type":"Polygon","properties":{"geoid":"3937016","name":"Huron"},"id":"3937016"},{"arcs":[[1237]],"type":"Polygon","properties":{"geoid":"3965032","name":"Put-in-Bay"},"id":"3965032"},{"arcs":[[1238]],"type":"Polygon","properties":{"geoid":"3939340","name":"Johnstown"},"id":"3939340"},{"arcs":[[1239,1240,1241,1242,-177,1243,-175,1244,1245,1246,1247,1248,1249]],"type":"Polygon","properties":{"geoid":"3953970","name":"New Albany"},"id":"3953970"},{"arcs":[[1250]],"type":"Polygon","properties":{"geoid":"3969652","name":"St. Louisville"},"id":"3969652"},{"arcs":[[1251]],"type":"Polygon","properties":{"geoid":"3933292","name":"Hanover"},"id":"3933292"},{"arcs":[[1252]],"type":"Polygon","properties":{"geoid":"3930506","name":"Glenmont"},"id":"3930506"},{"arcs":[[1253]],"type":"Polygon","properties":{"geoid":"3950372","name":"Millersburg"},"id":"3950372"},{"arcs":[[1254]],"type":"Polygon","properties":{"geoid":"3937842","name":"Jackson"},"id":"3937842"},{"arcs":[[1255]],"type":"Polygon","properties":{"geoid":"3903758","name":"Baltimore"},"id":"3903758"},{"arcs":[[1256]],"type":"Polygon","properties":{"geoid":"3908392","name":"Bremen"},"id":"3908392"},{"arcs":[[-1194,1257]],"type":"Polygon","properties":{"geoid":"3909890","name":"Buckeye Lake"},"id":"3909890"},{"arcs":[[[-1248,1258,1259,1260,1261,1262]],[[-518,1263,-516,1264,-514,1265,-512,1266,-510,1267,-508,1268,-506,1269,-504,1270,-502,1271,1272,1273,1274,1275,1276,1277,1278,1279,1280,1281,1282,1283,1284,-1241,1285,-1250,1286,1287,1288,1289,1290,1291,1292,1293,1294,1295,1296,1297,1298,1299,1300,1301,1302,1303,1304,1305,1306,1307,1308,1309,1310,1311,1312,1313,1314,1315,1316,1317,1318,1319,1320,1321,1322,1323,1324,1325,-281,1326,1327,1328,1329,1330,1331,-276,1332,-274,1333,-272,1334,1335,1336,1337,1338,1339,1340,1341,1342,1343,1344,1345,1346,1347,1348,1349,1350,1351,1352,1353,1354],[1355,1356,1357,1358,1359],[1360,1361,1362,1363,1364,1365,1366,1367,1368],[1369,1370],[1371,1372,1373,1374,1375,1376,1377,1378,1379,1380,1381,1382,1383,1384],[1385],[1386],[1387,-285],[1388],[-1036],[-1171,1389,-1169,1390,-1167,1391,-1165,1392],[-51]]],"type":"MultiPolygon","properties":{"geoid":"3918000","name":"Columbus"},"id":"3918000"},{"arcs":[[1393]],"type":"Polygon","properties":{"geoid":"3900198","name":"Ada"},"id":"3900198"},{"arcs":[[1394]],"type":"Polygon","properties":{"geoid":"3922946","name":"Dunkirk"},"id":"3922946"},{"arcs":[[1395]],"type":"Polygon","properties":{"geoid":"3953144","name":"Mount Victory"},"id":"3953144"},{"arcs":[[1396]],"type":"Polygon","properties":{"geoid":"3921812","name":"Deshler"},"id":"3921812"},{"arcs":[[1397]],"type":"Polygon","properties":{"geoid":"3943414","name":"Liberty Center"},"id":"3943414"},{"arcs":[[1398]],"type":"Polygon","properties":{"geoid":"3953550","name":"Napoleon"},"id":"3953550"},{"arcs":[[1399]],"type":"Polygon","properties":{"geoid":"3906320","name":"Bidwell"},"id":"3906320"},{"arcs":[[1400,1401,1402,1403]],"type":"Polygon","properties":{"geoid":"3983776","name":"West Logan"},"id":"3983776"},{"arcs":[[-759,1404]],"type":"Polygon","properties":{"geoid":"3950344","name":"Miller"},"id":"3950344"},{"arcs":[[1405]],"type":"Polygon","properties":{"geoid":"3938276","name":"Jacksontown"},"id":"3938276"},{"arcs":[[1406]],"type":"Polygon","properties":{"geoid":"3966264","name":"Reno Beach"},"id":"3966264"},{"arcs":[[1407,-1031]],"type":"Polygon","properties":{"geoid":"3923254","name":"East Alliance"},"id":"3923254"},{"arcs":[[1408]],"type":"Polygon","properties":{"geoid":"3971836","name":"Sharon Center"},"id":"3971836"},{"arcs":[[1409]],"type":"Polygon","properties":{"geoid":"3930814","name":"Gomer"},"id":"3930814"},{"arcs":[[1410,1411]],"type":"Polygon","properties":{"geoid":"3940390","name":"Kingsville"},"id":"3940390"},{"arcs":[[1412]],"type":"Polygon","properties":{"geoid":"3942210","name":"Lawrenceville"},"id":"3942210"},{"arcs":[[1413]],"type":"Polygon","properties":{"geoid":"3948230","name":"Massieville"},"id":"3948230"},{"arcs":[[-245,1414,1415,1416]],"type":"Polygon","properties":{"geoid":"3966012","name":"Reedurban"},"id":"3966012"},{"arcs":[[1417]],"type":"Polygon","properties":{"geoid":"3956658","name":"North Industry"},"id":"3956658"},{"arcs":[[-234,1418]],"type":"Polygon","properties":{"geoid":"3968490","name":"Roseland"},"id":"3968490"},{"arcs":[[1419]],"type":"Polygon","properties":{"geoid":"3975182","name":"Suffield"},"id":"3975182"},{"arcs":[[1420]],"type":"Polygon","properties":{"geoid":"3905074","name":"Bellaire"},"id":"3905074"},{"arcs":[[1421]],"type":"Polygon","properties":{"geoid":"3927552","name":"Flushing"},"id":"3927552"},{"arcs":[[1422]],"type":"Polygon","properties":{"geoid":"3969526","name":"St. Clairsville"},"id":"3969526"},{"arcs":[[1423,-1020,1424,1425]],"type":"Polygon","properties":{"geoid":"3987178","name":"Yorkville"},"id":"3987178"},{"arcs":[[1426]],"type":"Polygon","properties":{"geoid":"3918588","name":"Coolville"},"id":"3918588"},{"arcs":[[1427,1428]],"type":"Polygon","properties":{"geoid":"3953886","name":"Nelsonville"},"id":"3953886"},{"arcs":[[1429]],"type":"Polygon","properties":{"geoid":"3935882","name":"Holland"},"id":"3935882"},{"arcs":[[-163,1430]],"type":"Polygon","properties":{"geoid":"3948342","name":"Maumee"},"id":"3948342"},{"arcs":[[1431,-156,1432,1433,1434,-159]],"type":"Polygon","properties":{"geoid":"3958730","name":"Oregon"},"id":"3958730"},{"arcs":[[1435]],"type":"Polygon","properties":{"geoid":"3984770","name":"Whitehouse"},"id":"3984770"},{"arcs":[[-1211,1436]],"type":"Polygon","properties":{"geoid":"3956910","name":"North Perry"},"id":"3956910"},{"arcs":[[1437]],"type":"Polygon","properties":{"geoid":"3953606","name":"Nashport"},"id":"3953606"},{"arcs":[[-496,1438]],"type":"Polygon","properties":{"geoid":"3923730","name":"East Liverpool"},"id":"3923730"},{"arcs":[[1439]],"type":"Polygon","properties":{"geoid":"3955790","name":"New Waterford"},"id":"3955790"},{"arcs":[[1440]],"type":"Polygon","properties":{"geoid":"3982740","name":"Wellsville"},"id":"3982740"},{"arcs":[[1441]],"type":"Polygon","properties":{"geoid":"3908812","name":"Brilliant"},"id":"3908812"},{"arcs":[[1442]],"type":"Polygon","properties":{"geoid":"3921308","name":"Defiance"},"id":"3921308"},{"arcs":[[1443]],"type":"Polygon","properties":{"geoid":"3921616","name":"Delta"},"id":"3921616"},{"arcs":[[1444]],"type":"Polygon","properties":{"geoid":"3949238","name":"Metamora"},"id":"3949238"},{"arcs":[[1445]],"type":"Polygon","properties":{"geoid":"3913169","name":"Centerville (Thurman)"},"id":"3913169"},{"arcs":[[1446]],"type":"Polygon","properties":{"geoid":"3913932","name":"Cheshire"},"id":"3913932"},{"arcs":[[1447,1448]],"type":"Polygon","properties":{"geoid":"3929204","name":"Gallipolis"},"id":"3929204"},{"arcs":[[1449]],"type":"Polygon","properties":{"geoid":"3967258","name":"Rio Grande"},"id":"3967258"},{"arcs":[[1450]],"type":"Polygon","properties":{"geoid":"3905130","name":"Bellefontaine"},"id":"3905130"},{"arcs":[[1451]],"type":"Polygon","properties":{"geoid":"3921378","name":"De Graff"},"id":"3921378"},{"arcs":[[[1452]],[[1453,1454,1455,1456,1457,1458]]],"type":"MultiPolygon","properties":{"geoid":"3974608","name":"Steubenville"},"id":"3974608"},{"arcs":[[-1458,1459,1460]],"type":"Polygon","properties":{"geoid":"3986184","name":"Wintersville"},"id":"3986184"},{"arcs":[[1461]],"type":"Polygon","properties":{"geoid":"3902148","name":"Antioch"},"id":"3902148"},{"arcs":[[1462]],"type":"Polygon","properties":{"geoid":"3915210","name":"Clarington"},"id":"3915210"},{"arcs":[[1463]],"type":"Polygon","properties":{"geoid":"3950722","name":"Miltonsburg"},"id":"3950722"},{"arcs":[[1464]],"type":"Polygon","properties":{"geoid":"3986436","name":"Woodsfield"},"id":"3986436"},{"arcs":[[1465]],"type":"Polygon","properties":{"geoid":"3905424","name":"Belpre"},"id":"3905424"},{"arcs":[[1466]],"type":"Polygon","properties":{"geoid":"3902120","name":"Ansonia"},"id":"3902120"},{"arcs":[[1467]],"type":"Polygon","properties":{"geoid":"3932340","name":"Greenville"},"id":"3932340"},{"arcs":[[1468]],"type":"Polygon","properties":{"geoid":"3937604","name":"Ithaca"},"id":"3937604"},{"arcs":[[1469]],"type":"Polygon","properties":{"geoid":"3959598","name":"Palestine"},"id":"3959598"},{"arcs":[[1470]],"type":"Polygon","properties":{"geoid":"3936568","name":"Hoytville"},"id":"3936568"},{"arcs":[[1471]],"type":"Polygon","properties":{"geoid":"3956154","name":"North Baltimore"},"id":"3956154"},{"arcs":[[1472]],"type":"Polygon","properties":{"geoid":"3962148","name":"Perrysburg"},"id":"3962148"},{"arcs":[[1473]],"type":"Polygon","properties":{"geoid":"3936260","name":"Hopedale"},"id":"3936260"},{"arcs":[[1474]],"type":"Polygon","properties":{"geoid":"3939172","name":"Jewett"},"id":"3939172"},{"arcs":[[1475]],"type":"Polygon","properties":{"geoid":"3971206","name":"Seaman"},"id":"3971206"},{"arcs":[[1476]],"type":"Polygon","properties":{"geoid":"3984294","name":"West Union"},"id":"3984294"},{"arcs":[[1477]],"type":"Polygon","properties":{"geoid":"3907916","name":"Bowerston"},"id":"3907916"},{"arcs":[[1478]],"type":"Polygon","properties":{"geoid":"3916266","name":"Cloverdale"},"id":"3916266"},{"arcs":[[1479]],"type":"Polygon","properties":{"geoid":"3922974","name":"Dupont"},"id":"3922974"},{"arcs":[[1480]],"type":"Polygon","properties":{"geoid":"3950358","name":"Miller City"},"id":"3950358"},{"arcs":[[1481,-52]],"type":"Polygon","properties":{"geoid":"3958982","name":"Ottawa"},"id":"3958982"},{"arcs":[[1482]],"type":"Polygon","properties":{"geoid":"3959052","name":"Ottoville"},"id":"3959052"},{"arcs":[[1483]],"type":"Polygon","properties":{"geoid":"3962848","name":"Piqua"},"id":"3962848"},{"arcs":[[1484]],"type":"Polygon","properties":{"geoid":"3963534","name":"Pleasant Hill"},"id":"3963534"},{"arcs":[[1485]],"type":"Polygon","properties":{"geoid":"3907594","name":"Bolivar"},"id":"3907594"},{"arcs":[[1486]],"type":"Polygon","properties":{"geoid":"3976876","name":"Tipp City"},"id":"3976876"},{"arcs":[[1487]],"type":"Polygon","properties":{"geoid":"3977588","name":"Troy"},"id":"3977588"},{"arcs":[[1488,1489,1490,1491,1492,1493,1494,1495]],"type":"Polygon","properties":{"geoid":"3922456","name":"Dover"},"id":"3922456"},{"arcs":[[-312,1496,1497,1498]],"type":"Polygon","properties":{"geoid":"3949966","name":"Midvale"},"id":"3949966"},{"arcs":[[-1495,1499,-1493,1500,-1491,1501]],"type":"Polygon","properties":{"geoid":"3955216","name":"New Philadelphia"},"id":"3955216"},{"arcs":[[1502,-1489]],"type":"Polygon","properties":{"geoid":"3961056","name":"Parral"},"id":"3961056"},{"arcs":[[1503]],"type":"Polygon","properties":{"geoid":"3964346","name":"Port Washington"},"id":"3964346"},{"arcs":[[1504]],"type":"Polygon","properties":{"geoid":"3974958","name":"Strasburg"},"id":"3974958"},{"arcs":[[1505]],"type":"Polygon","properties":{"geoid":"3912084","name":"Cardington"},"id":"3912084"},{"arcs":[[1506,1507,1508,-635,1509,-633,1510,-631,1511,1512,1513]],"type":"Polygon","properties":{"geoid":"3978470","name":"Union"},"id":"3978470"},{"arcs":[[-1508,1514]],"type":"Polygon","properties":{"geoid":"3983902","name":"West Milton"},"id":"3983902"},{"arcs":[[1515]],"type":"Polygon","properties":{"geoid":"3966936","name":"Richwood"},"id":"3966936"},{"arcs":[[1516]],"type":"Polygon","properties":{"geoid":"3921602","name":"Delphos"},"id":"3921602"},{"arcs":[[1517]],"type":"Polygon","properties":{"geoid":"3958002","name":"Ohio City"},"id":"3958002"},{"arcs":[[1518]],"type":"Polygon","properties":{"geoid":"3986632","name":"Wren"},"id":"3986632"},{"arcs":[[1519]],"type":"Polygon","properties":{"geoid":"3919050","name":"Covington"},"id":"3919050"},{"arcs":[[1520,1521,1522,-1174,1523,-656,-1092,-654,-1096,-652,-1097,1524,-649,1525]],"type":"Polygon","properties":{"geoid":"3936610","name":"Huber Heights"},"id":"3936610"},{"arcs":[[-1184,1526]],"type":"Polygon","properties":{"geoid":"3941454","name":"Lakemore"},"id":"3941454"},{"arcs":[[-935,1527,-933,1528,1529,1530]],"type":"Polygon","properties":{"geoid":"3951058","name":"Mogadore"},"id":"3951058"},{"arcs":[[1531,1532,1533,1534,-946,1535,1536,1537]],"type":"Polygon","properties":{"geoid":"3957260","name":"Norton"},"id":"3957260"},{"arcs":[[-1014,1538,-1104,1539,-486,1540,1541]],"type":"Polygon","properties":{"geoid":"3974944","name":"Stow"},"id":"3974944"},{"arcs":[[1542,-487,-1540,1543,-1530,1544,-931,1545,-929,1546,-927]],"type":"Polygon","properties":{"geoid":"3976106","name":"Tallmadge"},"id":"3976106"},{"arcs":[[1547,1548]],"type":"Polygon","properties":{"geoid":"3955650","name":"Newton Falls"},"id":"3955650"},{"arcs":[[1549]],"type":"Polygon","properties":{"geoid":"3916532","name":"Coldwater"},"id":"3916532"},{"arcs":[[1550]],"type":"Polygon","properties":{"geoid":"3969540","name":"St. Henry"},"id":"3969540"},{"arcs":[[1551]],"type":"Polygon","properties":{"geoid":"3977308","name":"Tremont City"},"id":"3977308"},{"arcs":[[1552]],"type":"Polygon","properties":{"geoid":"3926656","name":"Farmersville"},"id":"3926656"},{"arcs":[[1553]],"type":"Polygon","properties":{"geoid":"3929932","name":"Germantown"},"id":"3929932"},{"arcs":[[1554,1555,1556,-1222,1557,1558]],"type":"Polygon","properties":{"geoid":"3974076","name":"Springboro"},"id":"3974076"},{"arcs":[[1559]],"type":"Polygon","properties":{"geoid":"3927832","name":"Fort Loramie"},"id":"3927832"},{"arcs":[[1560]],"type":"Polygon","properties":{"geoid":"3944352","name":"Lockington"},"id":"3944352"},{"arcs":[[1561]],"type":"Polygon","properties":{"geoid":"3980500","name":"Waldo"},"id":"3980500"},{"arcs":[[1562,1563]],"type":"Polygon","properties":{"geoid":"3933838","name":"Harrison"},"id":"3933838"},{"arcs":[[1564,1565,1566,1567,-442,1568,1569,1570]],"type":"Polygon","properties":{"geoid":"3946312","name":"Madeira"},"id":"3946312"},{"arcs":[[-526,1571,1572,1573,1574,1575,1576,1577]],"type":"Polygon","properties":{"geoid":"3951716","name":"Montgomery"},"id":"3951716"},{"arcs":[[1578,1579,1580]],"type":"Polygon","properties":{"geoid":"3976428","name":"Terrace Park"},"id":"3976428"},{"arcs":[[1581]],"type":"Polygon","properties":{"geoid":"3945276","name":"Lucas"},"id":"3945276"},{"arcs":[[-240,1582]],"type":"Polygon","properties":{"geoid":"3958520","name":"Ontario"},"id":"3958520"},{"arcs":[[1583]],"type":"Polygon","properties":{"geoid":"3972102","name":"Shelby"},"id":"3972102"},{"arcs":[[1584,1585,-294,1586,1587]],"type":"Polygon","properties":{"geoid":"3916028","name":"Cleves"},"id":"3916028"},{"arcs":[[1588,-455]],"type":"Polygon","properties":{"geoid":"3925186","name":"Elmwood Place"},"id":"3925186"},{"arcs":[[-905,1589,1590,1591,1592]],"type":"Polygon","properties":{"geoid":"3930380","name":"Glendale"},"id":"3930380"},{"arcs":[[1593,1594,-606,-68,-433,1595,-431,1596]],"type":"Polygon","properties":{"geoid":"3986730","name":"Wyoming"},"id":"3986730"},{"arcs":[[1597,1598]],"type":"Polygon","properties":{"geoid":"3901798","name":"Amherst"},"id":"3901798"},{"arcs":[[1599]],"type":"Polygon","properties":{"geoid":"3931150","name":"Grafton"},"id":"3931150"},{"arcs":[[1600]],"type":"Polygon","properties":{"geoid":"3941230","name":"LaGrange"},"id":"3941230"},{"arcs":[[1601,1602,1603,1604,-1598,1605,-872]],"type":"Polygon","properties":{"geoid":"3944856","name":"Lorain"},"id":"3944856"},{"arcs":[[1606]],"type":"Polygon","properties":{"geoid":"3982642","name":"Wellington"},"id":"3982642"},{"arcs":[[1607]],"type":"Polygon","properties":{"geoid":"3919344","name":"Creston"},"id":"3919344"},{"arcs":[[1608]],"type":"Polygon","properties":{"geoid":"3948790","name":"Medina"},"id":"3948790"},{"arcs":[[1609]],"type":"Polygon","properties":{"geoid":"3971486","name":"Seville"},"id":"3971486"},{"arcs":[[1610]],"type":"Polygon","properties":{"geoid":"3904458","name":"Beach City"},"id":"3904458"},{"arcs":[[1611,1612]],"type":"Polygon","properties":{"geoid":"3911304","name":"Canal Fulton"},"id":"3911304"},{"arcs":[[-257,1613]],"type":"Polygon","properties":{"geoid":"3945094","name":"Louisville"},"id":"3945094"},{"arcs":[[-717,1614,-715,1615,-713,1616]],"type":"Polygon","properties":{"geoid":"3953690","name":"Navarre"},"id":"3953690"},{"arcs":[[1617,-778]],"type":"Polygon","properties":{"geoid":"3938374","name":"Jamestown"},"id":"3938374"},{"arcs":[[1618,1619,1620,1621]],"type":"Polygon","properties":{"geoid":"3986772","name":"Xenia"},"id":"3986772"},{"arcs":[[1622]],"type":"Polygon","properties":{"geoid":"3929778","name":"Georgetown"},"id":"3929778"},{"arcs":[[-1206,1623,1624]],"type":"Polygon","properties":{"geoid":"3928826","name":"Fremont"},"id":"3928826"},{"arcs":[[1625]],"type":"Polygon","properties":{"geoid":"3930072","name":"Gibsonburg"},"id":"3930072"},{"arcs":[[1626]],"type":"Polygon","properties":{"geoid":"3943904","name":"Lindsey"},"id":"3943904"},{"arcs":[[1627]],"type":"Polygon","properties":{"geoid":"3906810","name":"Blakeslee"},"id":"3906810"},{"arcs":[[1628]],"type":"Polygon","properties":{"geoid":"3909792","name":"Bryan"},"id":"3909792"},{"arcs":[[1629]],"type":"Polygon","properties":{"geoid":"3924486","name":"Edgerton"},"id":"3924486"},{"arcs":[[1630]],"type":"Polygon","properties":{"geoid":"3973824","name":"South Webster"},"id":"3973824"},{"arcs":[[1631]],"type":"Polygon","properties":{"geoid":"3975140","name":"Stryker"},"id":"3975140"},{"arcs":[[1632]],"type":"Polygon","properties":{"geoid":"3907286","name":"Bloomville"},"id":"3907286"},{"arcs":[[1633]],"type":"Polygon","properties":{"geoid":"3902204","name":"Antwerp"},"id":"3902204"},{"arcs":[[1634]],"type":"Polygon","properties":{"geoid":"3934552","name":"Haviland"},"id":"3934552"},{"arcs":[[1635]],"type":"Polygon","properties":{"geoid":"3957792","name":"Oakwood"},"id":"3957792"},{"arcs":[[1636]],"type":"Polygon","properties":{"geoid":"3961322","name":"Payne"},"id":"3961322"},{"arcs":[[-1389]],"type":"Polygon","properties":{"geoid":"3906278","name":"Bexley"},"id":"3906278"},{"arcs":[[-1288,1637,-1262,1638,-1260,1639,-1292,1640,-1290,1641]],"type":"Polygon","properties":{"geoid":"3929106","name":"Gahanna"},"id":"3929106"},{"arcs":[[1642,1643,1644,1645,1646,1647,1648,1649,1650,1651,1652,1653,-1311,1654,1655,1656,-1321,1657]],"type":"Polygon","properties":{"geoid":"3932606","name":"Groveport"},"id":"3932606"},{"arcs":[[-962,1658]],"type":"Polygon","properties":{"geoid":"3902680","name":"Ashville"},"id":"3902680"},{"arcs":[[-563,1659]],"type":"Polygon","properties":{"geoid":"3915070","name":"Circleville"},"id":"3915070"},{"arcs":[[-1325,1660,-1323,1661]],"type":"Polygon","properties":{"geoid":"3944310","name":"Lockbourne"},"id":"3944310"},{"arcs":[[1662,-1379]],"type":"Polygon","properties":{"geoid":"3967440","name":"Riverlea"},"id":"3967440"},{"arcs":[[-1368,1663,-1366,1664,1665,-1363,1666,-1361,1667]],"type":"Polygon","properties":{"geoid":"3979002","name":"Upper Arlington"},"id":"3979002"},{"arcs":[[1668,-1330,1669,-1328,1670,-279]],"type":"Polygon","properties":{"geoid":"3979100","name":"Urbancrest"},"id":"3979100"},{"arcs":[[1671]],"type":"Polygon","properties":{"geoid":"3929442","name":"Garrettsville"},"id":"3929442"},{"arcs":[[1672,1673]],"type":"Polygon","properties":{"geoid":"3975196","name":"Sugar Bush Knolls"},"id":"3975196"},{"arcs":[[1674]],"type":"Polygon","properties":{"geoid":"3985946","name":"Windham"},"id":"3985946"},{"arcs":[[1675,1676]],"type":"Polygon","properties":{"geoid":"3945178","name":"Lowellville"},"id":"3945178"},{"arcs":[[1677,1678,1679,1680,1681,1682]],"type":"Polygon","properties":{"geoid":"3971220","name":"Sebring"},"id":"3971220"},{"arcs":[[1683,-371,1684,-1107,1685,-373]],"type":"Polygon","properties":{"geoid":"3916014","name":"Cleveland Heights"},"id":"3916014"},{"arcs":[[1686]],"type":"Polygon","properties":{"geoid":"3902050","name":"Andover"},"id":"3902050"},{"arcs":[[1687]],"type":"Polygon","properties":{"geoid":"3953410","name":"Murray City"},"id":"3953410"},{"arcs":[[[1690,1691,1692,1693]],[[-1514,1694,1695,1696]]],"type":"MultiPolygon","properties":{"geoid":"3915644","name":"Clayton"},"id":"3915644"},{"arcs":[[1697]],"type":"Polygon","properties":{"geoid":"3902232","name":"Apple Creek"},"id":"3902232"},{"arcs":[[1698]],"type":"Polygon","properties":{"geoid":"3902344","name":"Archbold"},"id":"3902344"},{"arcs":[[1699]],"type":"Polygon","properties":{"geoid":"3907832","name":"Botkins"},"id":"3907832"},{"arcs":[[1700]],"type":"Polygon","properties":{"geoid":"3982348","name":"Wayne Lakes"},"id":"3982348"},{"arcs":[[-803,1701]],"type":"Polygon","properties":{"geoid":"3973670","name":"South Point"},"id":"3973670"},{"arcs":[[-1232,1702,-1411,1703,1704,1705]],"type":"Polygon","properties":{"geoid":"3956700","name":"North Kingsville"},"id":"3956700"},{"arcs":[[1706]],"type":"Polygon","properties":{"geoid":"3938192","name":"Jacksonburg"},"id":"3938192"},{"arcs":[[-338,1707]],"type":"Polygon","properties":{"geoid":"3950918","name":"Minster"},"id":"3950918"},{"arcs":[[1708]],"type":"Polygon","properties":{"geoid":"3964360","name":"Port William"},"id":"3964360"},{"arcs":[[1709]],"type":"Polygon","properties":{"geoid":"3950540","name":"Millville"},"id":"3950540"},{"arcs":[[1710]],"type":"Polygon","properties":{"geoid":"3983608","name":"West Lafayette"},"id":"3983608"},{"arcs":[[1711]],"type":"Polygon","properties":{"geoid":"3919974","name":"Dalton"},"id":"3919974"},{"arcs":[[1712]],"type":"Polygon","properties":{"geoid":"3922568","name":"Doylestown"},"id":"3922568"},{"arcs":[[1713]],"type":"Polygon","properties":{"geoid":"3952682","name":"Mount Eaton"},"id":"3952682"},{"arcs":[[1714]],"type":"Polygon","properties":{"geoid":"3972788","name":"Smithville"},"id":"3972788"},{"arcs":[[1715]],"type":"Polygon","properties":{"geoid":"3984196","name":"West Salem"},"id":"3984196"},{"arcs":[[1716,1717,1718,-988]],"type":"Polygon","properties":{"geoid":"3904878","name":"Bedford"},"id":"3904878"},{"arcs":[[1719]],"type":"Polygon","properties":{"geoid":"3975980","name":"Sycamore"},"id":"3975980"},{"arcs":[[1720]],"type":"Polygon","properties":{"geoid":"3935560","name":"Hillsboro"},"id":"3935560"},{"arcs":[[1721]],"type":"Polygon","properties":{"geoid":"3920114","name":"Danville"},"id":"3920114"},{"arcs":[[1722,-798,1723,-796]],"type":"Polygon","properties":{"geoid":"3955104","name":"New Miami"},"id":"3955104"},{"arcs":[[-904,1724,1725,-528,1726,1727,-1590]],"type":"Polygon","properties":{"geoid":"3971892","name":"Sharonville"},"id":"3971892"},{"arcs":[[1728]],"type":"Polygon","properties":{"geoid":"3924808","name":"Elida"},"id":"3924808"},{"arcs":[[1729]],"type":"Polygon","properties":{"geoid":"3924234","name":"Eaton"},"id":"3924234"},{"arcs":[[1730]],"type":"Polygon","properties":{"geoid":"3954838","name":"New Knoxville"},"id":"3954838"},{"arcs":[[1731]],"type":"Polygon","properties":{"geoid":"3948706","name":"Mechanicsburg"},"id":"3948706"},{"arcs":[[1732]],"type":"Polygon","properties":{"geoid":"3969708","name":"St. Paris"},"id":"3969708"},{"arcs":[[1733]],"type":"Polygon","properties":{"geoid":"3926880","name":"Felicity"},"id":"3926880"},{"arcs":[[1734]],"type":"Polygon","properties":{"geoid":"3985288","name":"Williamsburg"},"id":"3985288"},{"arcs":[[1735]],"type":"Polygon","properties":{"geoid":"3943554","name":"Lima"},"id":"3943554"},{"arcs":[[1736,1737,1738,1739,-396]],"type":"Polygon","properties":{"geoid":"3905550","name":"Bentleyville"},"id":"3905550"},{"arcs":[[1740,-367]],"type":"Polygon","properties":{"geoid":"3908336","name":"Bratenahl"},"id":"3908336"},{"arcs":[[1741,1742,1743,1744,1745,-482]],"type":"Polygon","properties":{"geoid":"3909064","name":"Broadview Heights"},"id":"3909064"},{"arcs":[[1746,1747,-385,1748,-977,1749,-880,1750]],"type":"Polygon","properties":{"geoid":"3909288","name":"Brook Park"},"id":"3909288"},{"arcs":[[1751,1752,1753,1754,-1738]],"type":"Polygon","properties":{"geoid":"3913358","name":"Chagrin Falls"},"id":"3913358"},{"arcs":[[-1684,-372]],"type":"Polygon","properties":{"geoid":"3923380","name":"East Cleveland"},"id":"3923380"},{"arcs":[[1755,1756,1757,-364,-1748,1758]],"type":"Polygon","properties":{"geoid":"3926446","name":"Fairview Park"},"id":"3926446"},{"arcs":[[-377,1759,1760,1761]],"type":"Polygon","properties":{"geoid":"3929428","name":"Garfield Heights"},"id":"3929428"},{"arcs":[[1762,-365,-1758,1763]],"type":"Polygon","properties":{"geoid":"3941664","name":"Lakewood"},"id":"3941664"},{"arcs":[[1764,1765,1766,1767,-1051,1768]],"type":"Polygon","properties":{"geoid":"3945556","name":"Lyndhurst"},"id":"3945556"},{"arcs":[[-376,-833,1769,-1717,-987,-1760]],"type":"Polygon","properties":{"geoid":"3947306","name":"Maple Heights"},"id":"3947306"},{"arcs":[[-1719,1770,-403,1771,-703,-989]],"type":"Polygon","properties":{"geoid":"3957750","name":"Oakwood"},"id":"3957750"},{"arcs":[[-978,-1749,-384,-1033,-380,-363,1772,-1742,-481,1773]],"type":"Polygon","properties":{"geoid":"3961000","name":"Parma"},"id":"3961000"},{"arcs":[[-1768,1774,-389,1775,1776,-586,-1052]],"type":"Polygon","properties":{"geoid":"3961686","name":"Pepper Pike"},"id":"3961686"},{"arcs":[[1777]],"type":"Polygon","properties":{"geoid":"3910716","name":"Byesville"},"id":"3910716"},{"arcs":[[1778]],"type":"Polygon","properties":{"geoid":"3907426","name":"Bluffton"},"id":"3907426"},{"arcs":[[1779]],"type":"Polygon","properties":{"geoid":"3945808","name":"McComb"},"id":"3945808"},{"arcs":[[1780,1781,-1764,-1757,1782]],"type":"Polygon","properties":{"geoid":"3968056","name":"Rocky River"},"id":"3968056"},{"arcs":[[-882,1783,-484,1784,1785,1786,1787,1788,1789]],"type":"Polygon","properties":{"geoid":"3975098","name":"Strongsville"},"id":"3975098"},{"arcs":[[1790,-1761,-991,1791,1792]],"type":"Polygon","properties":{"geoid":"3979268","name":"Valley View"},"id":"3979268"},{"arcs":[[1793]],"type":"Polygon","properties":{"geoid":"3902582","name":"Ashley"},"id":"3902582"},{"arcs":[[-1402,1794,-1404,1795]],"type":"Polygon","properties":{"geoid":"3944632","name":"Logan"},"id":"3944632"},{"arcs":[[1796]],"type":"Polygon","properties":{"geoid":"3932368","name":"Greenwich"},"id":"3932368"},{"arcs":[[1797]],"type":"Polygon","properties":{"geoid":"3980458","name":"Wakeman"},"id":"3980458"},{"arcs":[[1798,1799,1800,1801]],"type":"Polygon","properties":{"geoid":"3975602","name":"Sunbury"},"id":"3975602"},{"arcs":[[1802,1803,1804,1805,1806,1807]],"type":"Polygon","properties":{"geoid":"3929162","name":"Galion"},"id":"3929162"},{"arcs":[[1808]],"type":"Polygon","properties":{"geoid":"3934636","name":"Hayesville"},"id":"3934636"},{"arcs":[[1809]],"type":"Polygon","properties":{"geoid":"3962190","name":"Perrysville"},"id":"3962190"},{"arcs":[[-548,1810]],"type":"Polygon","properties":{"geoid":"3922610","name":"Dresden"},"id":"3922610"},{"arcs":[[1811]],"type":"Polygon","properties":{"geoid":"3957372","name":"Norwich"},"id":"3957372"},{"arcs":[[1812]],"type":"Polygon","properties":{"geoid":"3968560","name":"Roseville"},"id":"3968560"},{"arcs":[[1813]],"type":"Polygon","properties":{"geoid":"3934384","name":"Harveysburg"},"id":"3934384"},{"arcs":[[1814,-914,1815,-912,1816,1817]],"type":"Polygon","properties":{"geoid":"3942364","name":"Lebanon"},"id":"3942364"},{"arcs":[[1818]],"type":"Polygon","properties":{"geoid":"3919456","name":"Crooksville"},"id":"3919456"},{"arcs":[[1819,1820,-1818,1821,1822,1823,-96,1824]],"type":"Polygon","properties":{"geoid":"3948188","name":"Mason"},"id":"3948188"},{"arcs":[[-324,1825]],"type":"Polygon","properties":{"geoid":"3982418","name":"Waynesville"},"id":"3982418"},{"arcs":[[1826]],"type":"Polygon","properties":{"geoid":"3924262","name":"Eaton Estates"},"id":"3924262"},{"arcs":[[1827,1828,1829,1830,1831,1832,1833,1834]],"type":"Polygon","properties":{"geoid":"3949840","name":"Middletown"},"id":"3949840"},{"arcs":[[1835]],"type":"Polygon","properties":{"geoid":"3944674","name":"London"},"id":"3944674"},{"arcs":[[1836]],"type":"Polygon","properties":{"geoid":"3951772","name":"Montpelier"},"id":"3951772"},{"arcs":[[1837]],"type":"Polygon","properties":{"geoid":"3986940","name":"Yellow Springs"},"id":"3986940"},{"arcs":[[1838,-1619,1839,-1621]],"type":"Polygon","properties":{"geoid":"3985092","name":"Wilberforce"},"id":"3985092"},{"arcs":[[-133,1840]],"type":"Polygon","properties":{"geoid":"3936582","name":"Hubbard"},"id":"3936582"},{"arcs":[[1841]],"type":"Polygon","properties":{"geoid":"3951618","name":"Monroeville"},"id":"3951618"},{"arcs":[[1842,1843,1844,1845]],"type":"Polygon","properties":{"geoid":"3931234","name":"Grand River"},"id":"3931234"},{"arcs":[[1846]],"type":"Polygon","properties":{"geoid":"3979534","name":"Vanlue"},"id":"3979534"},{"arcs":[[1847]],"type":"Polygon","properties":{"geoid":"3910030","name":"Bucyrus"},"id":"3910030"},{"arcs":[[1848]],"type":"Polygon","properties":{"geoid":"3964766","name":"Proctorville"},"id":"3964766"},{"arcs":[[-1384,1849,-1382,1850,-1380,-1663,-1378,1851,-1376,1852,-1374,1853,-1372,1854]],"type":"Polygon","properties":{"geoid":"3986604","name":"Worthington"},"id":"3986604"},{"arcs":[[-1280,1855,-1282,1856]],"type":"Polygon","properties":{"geoid":"3936624","name":"Huber Ridge"},"id":"3936624"},{"arcs":[[1857,1858]],"type":"Polygon","properties":{"geoid":"3941363","name":"Lake Darby"},"id":"3941363"},{"arcs":[[1859,-1357,1860,-1360]],"type":"Polygon","properties":{"geoid":"3943792","name":"Lincoln Village"},"id":"3943792"},{"arcs":[[1861,1862]],"type":"Polygon","properties":{"geoid":"3907972","name":"Bowling Green"},"id":"3907972"},{"arcs":[[1863]],"type":"Polygon","properties":{"geoid":"3916308","name":"Clyde"},"id":"3916308"},{"arcs":[[1864]],"type":"Polygon","properties":{"geoid":"3962708","name":"Piketon"},"id":"3962708"},{"arcs":[[1865,-421,1866,-1152]],"type":"Polygon","properties":{"geoid":"3919008","name":"Covedale"},"id":"3919008"},{"arcs":[[1867,1868,1869,1870,-1156,1871]],"type":"Polygon","properties":{"geoid":"3922674","name":"Dry Run"},"id":"3922674"},{"arcs":[[1872,-117,1873,1874,1875,1876,-1585,1877,-1227]],"type":"Polygon","properties":{"geoid":"3931262","name":"Grandview"},"id":"3931262"},{"arcs":[[-4,1878,1879,-1577,1880,-1565,1881,1882]],"type":"Polygon","properties":{"geoid":"3939914","name":"Kenwood"},"id":"3939914"},{"arcs":[[-1219,-477,1883,1884,1885]],"type":"Polygon","properties":{"geoid":"3956553","name":"Northgate"},"id":"3956553"},{"arcs":[[-302,1886]],"type":"Polygon","properties":{"geoid":"3956938","name":"Northridge"},"id":"3956938"},{"arcs":[[1887]],"type":"Polygon","properties":{"geoid":"3954432","name":"Newcomerstown"},"id":"3954432"},{"arcs":[[1888]],"type":"Polygon","properties":{"geoid":"3910996","name":"Cambridge"},"id":"3910996"},{"arcs":[[1889]],"type":"Polygon","properties":{"geoid":"3942994","name":"Lexington"},"id":"3942994"},{"arcs":[[1890]],"type":"Polygon","properties":{"geoid":"3957596","name":"Oak Hill"},"id":"3957596"},{"arcs":[[1891]],"type":"Polygon","properties":{"geoid":"3944604","name":"Lodi"},"id":"3944604"},{"arcs":[[1892,-1217,1893,-899,-907,1894,-84,-595,1895,-593,-474]],"type":"Polygon","properties":{"geoid":"3927706","name":"Forest Park"},"id":"3927706"},{"arcs":[[1896,1897,-775,1898,1899,-249,1900,1901]],"type":"Polygon","properties":{"geoid":"3931860","name":"Green"},"id":"3931860"},{"arcs":[[-832,-391,-831,1902,-393,-1771,-1718,-1770]],"type":"Polygon","properties":{"geoid":"3904920","name":"Bedford Heights"},"id":"3904920"},{"arcs":[[-361,1903,-1793,1904,-1744,1905]],"type":"Polygon","properties":{"geoid":"3937240","name":"Independence"},"id":"3937240"},{"arcs":[[1906]],"type":"Polygon","properties":{"geoid":"3981858","name":"Waterville"},"id":"3981858"},{"arcs":[[1907]],"type":"Polygon","properties":{"geoid":"3938920","name":"Jeffersonville"},"id":"3938920"},{"arcs":[[1908]],"type":"Polygon","properties":{"geoid":"3946480","name":"Madison"},"id":"3946480"},{"arcs":[[1909]],"type":"Polygon","properties":{"geoid":"3911360","name":"Canfield"},"id":"3911360"},{"arcs":[[-1309,1910,-1307,1911,-1305,1912,1913,1914,1915,1916,1917,1918,-845,1919,-843,1920,-841,1921,-1656,1922]],"type":"Polygon","properties":{"geoid":"3911332","name":"Canal Winchester"},"id":"3911332"},{"arcs":[[1923]],"type":"Polygon","properties":{"geoid":"3954334","name":"New Carlisle"},"id":"3954334"},{"arcs":[[1924]],"type":"Polygon","properties":{"geoid":"3949700","name":"Middlefield"},"id":"3949700"},{"arcs":[[1925,1926,1927,-1775,-1767]],"type":"Polygon","properties":{"geoid":"3948482","name":"Mayfield Heights"},"id":"3948482"},{"arcs":[[1928]],"type":"Polygon","properties":{"geoid":"3970576","name":"Savannah"},"id":"3970576"},{"arcs":[[1929]],"type":"Polygon","properties":{"geoid":"3902092","name":"Anna"},"id":"3902092"},{"arcs":[[1930]],"type":"Polygon","properties":{"geoid":"3906068","name":"Bethel"},"id":"3906068"},{"arcs":[[1931,1932,1933,1934]],"type":"Polygon","properties":{"geoid":"3966530","name":"Richfield"},"id":"3966530"},{"arcs":[[1935]],"type":"Polygon","properties":{"geoid":"3942476","name":"Leesburg"},"id":"3942476"},{"arcs":[[1936]],"type":"Polygon","properties":{"geoid":"3969358","name":"Rutland"},"id":"3969358"},{"arcs":[[1937]],"type":"Polygon","properties":{"geoid":"3959934","name":"Parkman"},"id":"3959934"},{"arcs":[[1938]],"type":"Polygon","properties":{"geoid":"3983930","name":"Westminster"},"id":"3983930"},{"arcs":[[1939,-577]],"type":"Polygon","properties":{"geoid":"3910926","name":"Calcutta"},"id":"3910926"},{"arcs":[[1940]],"type":"Polygon","properties":{"geoid":"3970072","name":"Salesville"},"id":"3970072"},{"arcs":[[1941]],"type":"Polygon","properties":{"geoid":"3978848","name":"Uniopolis"},"id":"3978848"},{"arcs":[[1942,1943]],"type":"Polygon","properties":{"geoid":"3919400","name":"Cridersville"},"id":"3919400"},{"arcs":[[1947,1948]],"type":"Polygon","properties":{"geoid":"3948104","name":"Martins Ferry"},"id":"3948104"},{"arcs":[[1949,-959,1950,-1844]],"type":"Polygon","properties":{"geoid":"3926306","name":"Fairport Harbor"},"id":"3926306"},{"arcs":[[-1456,1951]],"type":"Polygon","properties":{"geoid":"3950904","name":"Mingo Junction"},"id":"3950904"},{"arcs":[[-1666,1952,-1364]],"type":"Polygon","properties":{"geoid":"3947474","name":"Marble Cliff"},"id":"3947474"},{"arcs":[[1953]],"type":"Polygon","properties":{"geoid":"3979982","name":"Vickery"},"id":"3979982"},{"arcs":[[1954]],"type":"Polygon","properties":{"geoid":"3940096","name":"Kidron"},"id":"3940096"},{"arcs":[[1955]],"type":"Polygon","properties":{"geoid":"3940507","name":"Kinsman Center"},"id":"3940507"},{"arcs":[[1956]],"type":"Polygon","properties":{"geoid":"3920268","name":"Darrtown"},"id":"3920268"},{"arcs":[[-601,1957]],"type":"Polygon","properties":{"geoid":"3904840","name":"Beckett Ridge"},"id":"3904840"},{"arcs":[[1958]],"type":"Polygon","properties":{"geoid":"3969666","name":"St. Martin"},"id":"3969666"},{"arcs":[[1959]],"type":"Polygon","properties":{"geoid":"3969596","name":"St. Johns"},"id":"3969596"},{"arcs":[[1960]],"type":"Polygon","properties":{"geoid":"3967104","name":"Ridgeville Corners"},"id":"3967104"},{"arcs":[[1961]],"type":"Polygon","properties":{"geoid":"3974846","name":"Stony Ridge"},"id":"3974846"},{"arcs":[[1962]],"type":"Polygon","properties":{"geoid":"3957876","name":"Oceola"},"id":"3957876"},{"arcs":[[1963]],"type":"Polygon","properties":{"geoid":"3937142","name":"Iberia"},"id":"3937142"},{"arcs":[[1964]],"type":"Polygon","properties":{"geoid":"3940124","name":"Kilbourne"},"id":"3940124"},{"arcs":[[1965]],"type":"Polygon","properties":{"geoid":"3920198","name":"Darbydale"},"id":"3920198"},{"arcs":[[1966]],"type":"Polygon","properties":{"geoid":"3907888","name":"Bourneville"},"id":"3907888"},{"arcs":[[1967]],"type":"Polygon","properties":{"geoid":"3950876","name":"Minford"},"id":"3950876"},{"arcs":[[1968]],"type":"Polygon","properties":{"geoid":"3945906","name":"McDermott"},"id":"3945906"},{"arcs":[[1969]],"type":"Polygon","properties":{"geoid":"3912056","name":"Carbon Hill"},"id":"3912056"},{"arcs":[[1970]],"type":"Polygon","properties":{"geoid":"3967804","name":"Rockbridge"},"id":"3967804"},{"arcs":[[1971]],"type":"Polygon","properties":{"geoid":"3968938","name":"Rudolph"},"id":"3968938"},{"arcs":[[1972]],"type":"Polygon","properties":{"geoid":"3923702","name":"East Liberty"},"id":"3923702"},{"arcs":[[1973]],"type":"Polygon","properties":{"geoid":"3954320","name":"New California"},"id":"3954320"},{"arcs":[[1974]],"type":"Polygon","properties":{"geoid":"3927930","name":"Fort Seneca"},"id":"3927930"},{"arcs":[[1975]],"type":"Polygon","properties":{"geoid":"3927356","name":"Flat Rock"},"id":"3927356"},{"arcs":[[1976]],"type":"Polygon","properties":{"geoid":"3916784","name":"Collins"},"id":"3916784"},{"arcs":[[1977]],"type":"Polygon","properties":{"geoid":"3975392","name":"Sulphur Springs"},"id":"3975392"},{"arcs":[[1978]],"type":"Polygon","properties":{"geoid":"3906740","name":"Bladensburg"},"id":"3906740"},{"arcs":[[1979]],"type":"Polygon","properties":{"geoid":"3986072","name":"Winesburg"},"id":"3986072"},{"arcs":[[1980]],"type":"Polygon","properties":{"geoid":"3928882","name":"Fresno"},"id":"3928882"},{"arcs":[[1981]],"type":"Polygon","properties":{"geoid":"3923534","name":"East Fultonham"},"id":"3923534"},{"arcs":[[1982]],"type":"Polygon","properties":{"geoid":"3950456","name":"Millfield"},"id":"3950456"},{"arcs":[[-1448,1983]],"type":"Polygon","properties":{"geoid":"3939564","name":"Kanauga"},"id":"3939564"},{"arcs":[[1984]],"type":"Polygon","properties":{"geoid":"3980150","name":"Vincent"},"id":"3980150"},{"arcs":[[1985]],"type":"Polygon","properties":{"geoid":"3941188","name":"Lafferty"},"id":"3941188"},{"arcs":[[1986]],"type":"Polygon","properties":{"geoid":"3930352","name":"Glencoe"},"id":"3930352"},{"arcs":[[1987,1988,1989,1990]],"type":"Polygon","properties":{"geoid":"3970464","name":"Sandyville"},"id":"3970464"},{"arcs":[[1991]],"type":"Polygon","properties":{"geoid":"3922848","name":"Dundee"},"id":"3922848"},{"arcs":[[1992]],"type":"Polygon","properties":{"geoid":"3953802","name":"Negley"},"id":"3953802"},{"arcs":[[1993]],"type":"Polygon","properties":{"geoid":"3920030","name":"Damascus"},"id":"3920030"},{"arcs":[[1994,1995]],"type":"Polygon","properties":{"geoid":"3949504","name":"Miamiville"},"id":"3949504"},{"arcs":[[1996,-1832]],"type":"Polygon","properties":{"geoid":"3936806","name":"Hunter"},"id":"3936806"},{"arcs":[[1997,1998]],"type":"Polygon","properties":{"geoid":"3920366","name":"Day Heights"},"id":"3920366"},{"arcs":[[1999,-1820,2000]],"type":"Polygon","properties":{"geoid":"3928058","name":"Four Bridges"},"id":"3928058"},{"arcs":[[2001,-1998,2002,2003]],"type":"Polygon","properties":{"geoid":"3953032","name":"Mount Repose"},"id":"3953032"},{"arcs":[[2004,2005]],"type":"Polygon","properties":{"geoid":"3975434","name":"Summerside"},"id":"3975434"},{"arcs":[[2006,-1563]],"type":"Polygon","properties":{"geoid":"3954684","name":"New Haven"},"id":"3954684"},{"arcs":[[-1160,2007]],"type":"Polygon","properties":{"geoid":"3916521","name":"Coldstream"},"id":"3916521"},{"arcs":[[2008,-419,-532]],"type":"Polygon","properties":{"geoid":"3921610","name":"Delshire"},"id":"3921610"},{"arcs":[[-1186,2009,2010,2011]],"type":"Polygon","properties":{"geoid":"3922960","name":"Dunlap"},"id":"3922960"},{"arcs":[[2012,-1148,-295,-1586,-1877]],"type":"Polygon","properties":{"geoid":"3949420","name":"Miami Heights"},"id":"3949420"},{"arcs":[[-130,2013,-1879,-3]],"type":"Polygon","properties":{"geoid":"3968714","name":"Rossmoyne"},"id":"3968714"},{"arcs":[[-1573,2014]],"type":"Polygon","properties":{"geoid":"3972620","name":"Sixteen Mile Stand"},"id":"3972620"},{"arcs":[[2015,-292,-763,2016,2017]],"type":"Polygon","properties":{"geoid":"3972648","name":"Skyline Acres"},"id":"3972648"},{"arcs":[[2018,2019,-1004,-422,-1866,-1151]],"type":"Polygon","properties":{"geoid":"3908602","name":"Bridgetown"},"id":"3908602"},{"arcs":[[-941,2020,-939,2021,-1897,2022,2023]],"type":"Polygon","properties":{"geoid":"3964136","name":"Portage Lakes"},"id":"3964136"},{"arcs":[[-695,2024,-693,2025,-691,2026]],"type":"Polygon","properties":{"geoid":"3936557","name":"Howland Center"},"id":"3936557"},{"arcs":[[2027]],"type":"Polygon","properties":{"geoid":"3984140","name":"West Portsmouth"},"id":"3984140"},{"arcs":[[2028,-643,2029,-641,2030]],"type":"Polygon","properties":{"geoid":"3927846","name":"Fort McKinley"},"id":"3927846"},{"arcs":[[-836,2031]],"type":"Polygon","properties":{"geoid":"3957218","name":"North Zanesville"},"id":"3957218"},{"arcs":[[-900,-1894,-1216]],"type":"Polygon","properties":{"geoid":"3963618","name":"Pleasant Run Farm"},"id":"3963618"},{"arcs":[[2032]],"type":"Polygon","properties":{"geoid":"3930828","name":"Good Hope"},"id":"3930828"},{"arcs":[[2033,2034]],"type":"Polygon","properties":{"geoid":"3968004","name":"Rocky Fork Point"},"id":"3968004"},{"arcs":[[2035]],"type":"Polygon","properties":{"geoid":"3941500","name":"Lake Seneca"},"id":"3941500"},{"arcs":[[2036]],"type":"Polygon","properties":{"geoid":"3980612","name":"Walnut Creek"},"id":"3980612"},{"arcs":[[2037,2038]],"type":"Polygon","properties":{"geoid":"3903184","name":"Austintown"},"id":"3903184"},{"arcs":[[-1682,2039,-1680,2040]],"type":"Polygon","properties":{"geoid":"3947362","name":"Maple Ridge"},"id":"3947362"},{"arcs":[[-1740,2041,2042,2043,-678,2044,-397]],"type":"Polygon","properties":{"geoid":"3903585","name":"Bainbridge"},"id":"3903585"},{"arcs":[[2045]],"type":"Polygon","properties":{"geoid":"3941373","name":"Lake Lakengren"},"id":"3941373"},{"arcs":[[2046]],"type":"Polygon","properties":{"geoid":"3947950","name":"Marne"},"id":"3947950"},{"arcs":[[2047]],"type":"Polygon","properties":{"geoid":"3905816","name":"Berlin"},"id":"3905816"},{"arcs":[[-119,2048,2049]],"type":"Polygon","properties":{"geoid":"3907377","name":"Blue Jay"},"id":"3907377"},{"arcs":[[2050]],"type":"Polygon","properties":{"geoid":"3954866","name":"New Lexington"},"id":"3954866"},{"arcs":[[2051]],"type":"Polygon","properties":{"geoid":"3976680","name":"Thornville"},"id":"3976680"},{"arcs":[[2052]],"type":"Polygon","properties":{"geoid":"3963436","name":"Pleasant City"},"id":"3963436"},{"arcs":[[2053]],"type":"Polygon","properties":{"geoid":"3902400","name":"Arlington"},"id":"3902400"},{"arcs":[[2054,-242]],"type":"Polygon","properties":{"geoid":"3942084","name":"Laurelville"},"id":"3942084"},{"arcs":[[2055]],"type":"Polygon","properties":{"geoid":"3954908","name":"New London"},"id":"3954908"},{"arcs":[[2056]],"type":"Polygon","properties":{"geoid":"3969400","name":"Sabina"},"id":"3969400"},{"arcs":[[-1692,2057,-644,-2029,2058]],"type":"Polygon","properties":{"geoid":"3972284","name":"Shiloh"},"id":"3972284"},{"arcs":[[-1200,-424,-1003,-2020,2059]],"type":"Polygon","properties":{"geoid":"3951212","name":"Monfort Heights"},"id":"3951212"},{"arcs":[[2060]],"type":"Polygon","properties":{"geoid":"3911318","name":"Canal Lewisville"},"id":"3911318"},{"arcs":[[-113,-732,2061]],"type":"Polygon","properties":{"geoid":"3909200","name":"Brookfield Center"},"id":"3909200"},{"arcs":[[-1548,2062]],"type":"Polygon","properties":{"geoid":"3973118","name":"South Canal"},"id":"3973118"},{"arcs":[[2063,-1101]],"type":"Polygon","properties":{"geoid":"3908168","name":"Brady Lake"},"id":"3908168"},{"arcs":[[2064,-2011,2065,2066]],"type":"Polygon","properties":{"geoid":"3922660","name":"Dry Ridge"},"id":"3922660"},{"arcs":[[2067]],"type":"Polygon","properties":{"geoid":"3962302","name":"Petersburg"},"id":"3962302"},{"arcs":[[-1454,2068]],"type":"Polygon","properties":{"geoid":"3964472","name":"Pottery Addition"},"id":"3964472"},{"arcs":[[2069,-1416,2070,-709]],"type":"Polygon","properties":{"geoid":"3962134","name":"Perry Heights"},"id":"3962134"},{"arcs":[[-1624,-1205,2071]],"type":"Polygon","properties":{"geoid":"3974832","name":"Stony Prairie"},"id":"3974832"},{"arcs":[[-1224,2072]],"type":"Polygon","properties":{"geoid":"3956798","name":"North Lima"},"id":"3956798"},{"arcs":[[2073]],"type":"Polygon","properties":{"geoid":"3908308","name":"Brandt"},"id":"3908308"},{"arcs":[[2074]],"type":"Polygon","properties":{"geoid":"3941349","name":"Lake Buckhorn"},"id":"3941349"},{"arcs":[[2075]],"type":"Polygon","properties":{"geoid":"3909652","name":"Brunersburg"},"id":"3909652"},{"arcs":[[-315,2076]],"type":"Polygon","properties":{"geoid":"3985228","name":"Wilkshire Hills"},"id":"3985228"},{"arcs":[[2077]],"type":"Polygon","properties":{"geoid":"3955524","name":"New Springfield"},"id":"3955524"},{"arcs":[[2078]],"type":"Polygon","properties":{"geoid":"3985442","name":"Williston"},"id":"3985442"},{"arcs":[[-700,-1066,2079]],"type":"Polygon","properties":{"geoid":"3907583","name":"Bolindale"},"id":"3907583"},{"arcs":[[-453,-471,-1161,2080]],"type":"Polygon","properties":{"geoid":"3970050","name":"Salem Heights"},"id":"3970050"},{"arcs":[[2081]],"type":"Polygon","properties":{"geoid":"3924066","name":"East Springfield"},"id":"3924066"},{"arcs":[[2082]],"type":"Polygon","properties":{"geoid":"3916700","name":"College Corner"},"id":"3916700"},{"arcs":[[-1776,-388,2083,-1752,-1737,-395,2084]],"type":"Polygon","properties":{"geoid":"3952052","name":"Moreland Hills"},"id":"3952052"},{"arcs":[[2085,2086,-1765,2087,2088]],"type":"Polygon","properties":{"geoid":"3966894","name":"Richmond Heights"},"id":"3966894"},{"arcs":[[2089,-2088,-1769,-1050,-1105,-1685,-370]],"type":"Polygon","properties":{"geoid":"3973264","name":"South Euclid"},"id":"3973264"},{"arcs":[[-1801,2090,-1799,2091]],"type":"Polygon","properties":{"geoid":"3929148","name":"Galena"},"id":"3929148"},{"arcs":[[2092,2093,-1273,2094,-1284,2095,-1278,2096,-1276]],"type":"Polygon","properties":{"geoid":"3983342","name":"Westerville"},"id":"3983342"},{"arcs":[[2097,-2043,2098,-1754]],"type":"Polygon","properties":{"geoid":"3973684","name":"South Russell"},"id":"3973684"},{"arcs":[[-774,2099,-1899]],"type":"Polygon","properties":{"geoid":"3932298","name":"Greentown"},"id":"3932298"},{"arcs":[[-1871,2100,2101,-1157]],"type":"Polygon","properties":{"geoid":"3913848","name":"Cherry Grove"},"id":"3913848"},{"arcs":[[2102,-1885,2103,-2017,-762,-1198]],"type":"Polygon","properties":{"geoid":"3932536","name":"Groesbeck"},"id":"3932536"},{"arcs":[[-476,-597,2104,-2018,-2104,-1884]],"type":"Polygon","properties":{"geoid":"3956280","name":"Northbrook"},"id":"3956280"},{"arcs":[[-1875,2105,2106,-1201,-2060,-2019,-1150,2107]],"type":"Polygon","properties":{"geoid":"3921742","name":"Dent"},"id":"3921742"},{"arcs":[[-1140,2108,2109]],"type":"Polygon","properties":{"geoid":"3959920","name":"Park Layne"},"id":"3959920"},{"arcs":[[2110]],"type":"Polygon","properties":{"geoid":"3979562","name":"Van Wert"},"id":"3979562"},{"arcs":[[-151,2111,-1060,2112]],"type":"Polygon","properties":{"geoid":"3934748","name":"Heath"},"id":"3934748"},{"arcs":[[[2113,2114,2115]],[[2116,-1294,2117,-1246,2118,-179,2119,-555,2120,2121,2122,-1296]]],"type":"MultiPolygon","properties":{"geoid":"3961112","name":"Pataskala"},"id":"3961112"},{"arcs":[[2123]],"type":"Polygon","properties":{"geoid":"3941720","name":"Lancaster"},"id":"3941720"},{"arcs":[[2124,-1297,-2123,-2122,2125,2126,2127,2128,-1301,2129,-1299],[-2116,2132,-2114]],"type":"Polygon","properties":{"geoid":"3966390","name":"Reynoldsburg"},"id":"3966390"},{"arcs":[[2133]],"type":"Polygon","properties":{"geoid":"3901210","name":"Alger"},"id":"3901210"},{"arcs":[[2134]],"type":"Polygon","properties":{"geoid":"3946046","name":"McGuffey"},"id":"3946046"},{"arcs":[[2135]],"type":"Polygon","properties":{"geoid":"3972396","name":"Shreve"},"id":"3972396"},{"arcs":[[2136,2137,-1846,2138,-957,2139,-73,-917,-813]],"type":"Polygon","properties":{"geoid":"3949056","name":"Mentor"},"id":"3949056"},{"arcs":[[-1513,2140,-1690,2141,-1694,2142,-1695]],"type":"Polygon","properties":{"geoid":"3925396","name":"Englewood"},"id":"3925396"},{"arcs":[[2143]],"type":"Polygon","properties":{"geoid":"3973040","name":"South Amherst"},"id":"3973040"},{"arcs":[[-1056,-816,2144,-919,2145,2146,2147,-2086,2148]],"type":"Polygon","properties":{"geoid":"3985512","name":"Willoughby Hills"},"id":"3985512"},{"arcs":[[-663,-1000,-661,-1095,-1048,2149,-1046,2150,-823,2151,-1110]],"type":"Polygon","properties":{"geoid":"3940040","name":"Kettering"},"id":"3940040"},{"arcs":[[-1696,-2143,-1693,-2059,-2031,-670,-104,2152]],"type":"Polygon","properties":{"geoid":"3977504","name":"Trotwood"},"id":"3977504"},{"arcs":[[2153,-1027,2154,-1112]],"type":"Polygon","properties":{"geoid":"3983090","name":"West Carrollton"},"id":"3983090"},{"arcs":[[2155,2156]],"type":"Polygon","properties":{"geoid":"3916378","name":"Coal Grove"},"id":"3916378"},{"arcs":[[-149,2157,-153,2158,2159,-123,2160,-121,2161]],"type":"Polygon","properties":{"geoid":"3931402","name":"Granville"},"id":"3931402"},{"arcs":[[2162]],"type":"Polygon","properties":{"geoid":"3905284","name":"Bellville"},"id":"3905284"},{"arcs":[[-1498,2163,2164,2165]],"type":"Polygon","properties":{"geoid":"3978176","name":"Uhrichsville"},"id":"3978176"},{"arcs":[[2166]],"type":"Polygon","properties":{"geoid":"3948160","name":"Marysville"},"id":"3948160"},{"arcs":[[2167]],"type":"Polygon","properties":{"geoid":"3905900","name":"Berlin Heights"},"id":"3905900"},{"arcs":[[2168,2169,2170,2171,2172,-270,2173]],"type":"Polygon","properties":{"geoid":"3964304","name":"Portsmouth"},"id":"3964304"},{"arcs":[[-66,-852,2174,-434]],"type":"Polygon","properties":{"geoid":"3902428","name":"Arlington Heights"},"id":"3902428"},{"arcs":[[-1591,-1728,2175,-848,-64,-605,2176]],"type":"Polygon","properties":{"geoid":"3925802","name":"Evendale"},"id":"3925802"},{"arcs":[[-1868,2177,2178]],"type":"Polygon","properties":{"geoid":"3955678","name":"Newtown"},"id":"3955678"},{"arcs":[[2179,-1567,2180,-1575,2181,-531,2182,-1996,2183,2184,2185,2186,-1579,2187,-866,2188,-172,-444]],"type":"Polygon","properties":{"geoid":"3976582","name":"The Village of Indian Hill"},"id":"3976582"},{"arcs":[[2189]],"type":"Polygon","properties":{"geoid":"3923940","name":"East Palestine"},"id":"3923940"},{"arcs":[[2190]],"type":"Polygon","properties":{"geoid":"3926768","name":"Fayette"},"id":"3926768"},{"arcs":[[2191]],"type":"Polygon","properties":{"geoid":"3988070","name":"Zanesfield"},"id":"3988070"},{"arcs":[[-1213,2192,-1542,2193,-488,-1543,-926]],"type":"Polygon","properties":{"geoid":"3919778","name":"Cuyahoga Falls"},"id":"3919778"},{"arcs":[[-1537,2194,2195,-2023,-1902,2196,2197,2198]],"type":"Polygon","properties":{"geoid":"3954562","name":"New Franklin"},"id":"3954562"},{"arcs":[[-1541,-485,-2194]],"type":"Polygon","properties":{"geoid":"3972494","name":"Silver Lake"},"id":"3972494"},{"arcs":[[2199,-401,2200,2201,2202,-749,2203,-704]],"type":"Polygon","properties":{"geoid":"3978050","name":"Twinsburg"},"id":"3978050"},{"arcs":[[2204,2205,2206,-1024,2207]],"type":"Polygon","properties":{"geoid":"3930198","name":"Girard"},"id":"3930198"},{"arcs":[[2208]],"type":"Polygon","properties":{"geoid":"3987164","name":"Yorkshire"},"id":"3987164"},{"arcs":[[2209]],"type":"Polygon","properties":{"geoid":"3939508","name":"Junction City"},"id":"3939508"},{"arcs":[[2210]],"type":"Polygon","properties":{"geoid":"3939074","name":"Jerry City"},"id":"3939074"},{"arcs":[[2211,2212,2213]],"type":"Polygon","properties":{"geoid":"3980486","name":"Walbridge"},"id":"3980486"},{"arcs":[[2214]],"type":"Polygon","properties":{"geoid":"3977112","name":"Toronto"},"id":"3977112"},{"arcs":[[-182,2215,-1948,2216,-1947,2217]],"type":"Polygon","properties":{"geoid":"3908560","name":"Bridgeport"},"id":"3908560"},{"arcs":[[2218]],"type":"Polygon","properties":{"geoid":"3955818","name":"New Weston"},"id":"3955818"},{"arcs":[[2219,2220]],"type":"Polygon","properties":{"geoid":"3964024","name":"Pomeroy"},"id":"3964024"},{"arcs":[[2221]],"type":"Polygon","properties":{"geoid":"3918014","name":"Columbus Grove"},"id":"3918014"},{"arcs":[[-45,2222,-199,2223]],"type":"Polygon","properties":{"geoid":"3942602","name":"Leipsic"},"id":"3942602"},{"arcs":[[2224]],"type":"Polygon","properties":{"geoid":"3946942","name":"Malinta"},"id":"3946942"},{"arcs":[[-170,2225]],"type":"Polygon","properties":{"geoid":"3913554","name":"Chardon"},"id":"3913554"},{"arcs":[[2226]],"type":"Polygon","properties":{"geoid":"3912280","name":"Carrollton"},"id":"3912280"},{"arcs":[[2227,-100]],"type":"Polygon","properties":{"geoid":"3950834","name":"Minerva"},"id":"3950834"},{"arcs":[[2228]],"type":"Polygon","properties":{"geoid":"3942028","name":"Laura"},"id":"3942028"},{"arcs":[[2229]],"type":"Polygon","properties":{"geoid":"3979044","name":"Upper Sandusky"},"id":"3979044"},{"arcs":[[2230]],"type":"Polygon","properties":{"geoid":"3985232","name":"Willard"},"id":"3985232"},{"arcs":[[2231,-792,-621,2232,-810,-984]],"type":"Polygon","properties":{"geoid":"3923618","name":"Eastlake"},"id":"3923618"},{"arcs":[[2233]],"type":"Polygon","properties":{"geoid":"3918812","name":"Cortland"},"id":"3918812"},{"arcs":[[-1834,2234]],"type":"Polygon","properties":{"geoid":"3951310","name":"Monroe"},"id":"3951310"},{"arcs":[[2235]],"type":"Polygon","properties":{"geoid":"3939536","name":"Kalida"},"id":"3939536"},{"arcs":[[2236]],"type":"Polygon","properties":{"geoid":"3903562","name":"Bailey Lakes"},"id":"3903562"},{"arcs":[[2237]],"type":"Polygon","properties":{"geoid":"3959220","name":"Owensville"},"id":"3959220"},{"arcs":[[2238]],"type":"Polygon","properties":{"geoid":"3957064","name":"North Star"},"id":"3957064"},{"arcs":[[2239,-2128,2240,-1918,2241,-1916,2242,-1914,2243,-1303]],"type":"Polygon","properties":{"geoid":"3962498","name":"Pickerington"},"id":"3962498"},{"arcs":[[2244]],"type":"Polygon","properties":{"geoid":"3964150","name":"Port Clinton"},"id":"3964150"},{"arcs":[[2245]],"type":"Polygon","properties":{"geoid":"3958940","name":"Ostrander"},"id":"3958940"},{"arcs":[[-815,-916,-2145]],"type":"Polygon","properties":{"geoid":"3980402","name":"Waite Hill"},"id":"3980402"},{"arcs":[[2246,-2146,2247,-862,-386,-1928]],"type":"Polygon","properties":{"geoid":"3929498","name":"Gates Mills"},"id":"3929498"},{"arcs":[[2248]],"type":"Polygon","properties":{"geoid":"3929652","name":"Geneva-on-the-Lake"},"id":"3929652"},{"arcs":[[2249,2250]],"type":"Polygon","properties":{"geoid":"3967600","name":"Roaming Shores"},"id":"3967600"},{"arcs":[[2251]],"type":"Polygon","properties":{"geoid":"3957582","name":"Oak Harbor"},"id":"3957582"},{"arcs":[[2252]],"type":"Polygon","properties":{"geoid":"3972298","name":"Shiloh"},"id":"3972298"},{"arcs":[[2253]],"type":"Polygon","properties":{"geoid":"3932088","name":"Greenfield"},"id":"3932088"},{"arcs":[[2254]],"type":"Polygon","properties":{"geoid":"3908504","name":"Brewster"},"id":"3908504"},{"arcs":[[-261,2255,-259,2256]],"type":"Polygon","properties":{"geoid":"3923324","name":"East Canton"},"id":"3923324"},{"arcs":[[-2206,2257,-135,2258,-219,2259,-224,2260,2261,-2038]],"type":"Polygon","properties":{"geoid":"3988000","name":"Youngstown"},"id":"3988000"},{"arcs":[[-160,-1435,2262,2263,-2212,2264,2265]],"type":"Polygon","properties":{"geoid":"3957190","name":"Northwood"},"id":"3957190"},{"arcs":[[-1906,-1743,-1773,-362]],"type":"Polygon","properties":{"geoid":"3971416","name":"Seven Hills"},"id":"3971416"},{"arcs":[[2266]],"type":"Polygon","properties":{"geoid":"3918070","name":"Commercial Point"},"id":"3918070"},{"arcs":[[2267]],"type":"Polygon","properties":{"geoid":"3924640","name":"Edon"},"id":"3924640"},{"arcs":[[2268]],"type":"Polygon","properties":{"geoid":"3984308","name":"West Unity"},"id":"3984308"},{"arcs":[[2269]],"type":"Polygon","properties":{"geoid":"3953046","name":"Mount Sterling"},"id":"3953046"},{"arcs":[[-1534,2270,-1532,2271]],"type":"Polygon","properties":{"geoid":"3980304","name":"Wadsworth"},"id":"3980304"},{"arcs":[[2272,-18,2273,2274,2275,2276]],"type":"Polygon","properties":{"geoid":"3956966","name":"North Ridgeville"},"id":"3956966"},{"arcs":[[2277]],"type":"Polygon","properties":{"geoid":"3952906","name":"Mount Orab"},"id":"3952906"},{"arcs":[[2278]],"type":"Polygon","properties":{"geoid":"3919106","name":"Craig Beach"},"id":"3919106"},{"arcs":[[-223,2279,-221,2280,-1677,2281,-2261]],"type":"Polygon","properties":{"geoid":"3975126","name":"Struthers"},"id":"3975126"},{"arcs":[[-538,2282]],"type":"Polygon","properties":{"geoid":"3947502","name":"Marblehead"},"id":"3947502"},{"arcs":[[2283]],"type":"Polygon","properties":{"geoid":"3965592","name":"Ravenna"},"id":"3965592"},{"arcs":[[-945,2284,-943,2285,-2195,-1536]],"type":"Polygon","properties":{"geoid":"3903828","name":"Barberton"},"id":"3903828"},{"arcs":[[2286]],"type":"Polygon","properties":{"geoid":"3985792","name":"Wilmington"},"id":"3985792"},{"arcs":[[[-161,-2266,2287]],[[2288]]],"type":"MultiPolygon","properties":{"geoid":"3968686","name":"Rossford"},"id":"3968686"},{"arcs":[[-17,2289,-1783,-1756,2290,-2274]],"type":"Polygon","properties":{"geoid":"3983622","name":"Westlake"},"id":"3983622"},{"arcs":[[2291]],"type":"Polygon","properties":{"geoid":"3954978","name":"New Madison"},"id":"3954978"},{"arcs":[[2292]],"type":"Polygon","properties":{"geoid":"3910156","name":"Buford"},"id":"3910156"},{"arcs":[[2293]],"type":"Polygon","properties":{"geoid":"3984182","name":"West Rushville"},"id":"3984182"},{"arcs":[[2294]],"type":"Polygon","properties":{"geoid":"3922288","name":"Donnelsville"},"id":"3922288"},{"arcs":[[2295,-680,2296,-1673,2297,-1013]],"type":"Polygon","properties":{"geoid":"3975014","name":"Streetsboro"},"id":"3975014"},{"arcs":[[2298]],"type":"Polygon","properties":{"geoid":"3930436","name":"Glenford"},"id":"3930436"},{"arcs":[[-1789,2299,-1787,2300,-1785,2301,2302]],"type":"Polygon","properties":{"geoid":"3909680","name":"Brunswick"},"id":"3909680"},{"arcs":[[-1018,2303]],"type":"Polygon","properties":{"geoid":"3965662","name":"Rayland"},"id":"3965662"},{"arcs":[[-1587,-298,2304]],"type":"Polygon","properties":{"geoid":"3971958","name":"Shawnee"},"id":"3971958"},{"arcs":[[2305,-2178,-1872,-1155,2306,-450]],"type":"Polygon","properties":{"geoid":"3977840","name":"Turpin Hills"},"id":"3977840"},{"arcs":[[-1943,2307]],"type":"Polygon","properties":{"geoid":"3927944","name":"Fort Shawnee"},"id":"3927944"},{"arcs":[[-863,2308]],"type":"Polygon","properties":{"geoid":"3986282","name":"Wolfhurst"},"id":"3986282"},{"arcs":[[2309]],"type":"Polygon","properties":{"geoid":"3981032","name":"Warsaw"},"id":"3981032"},{"arcs":[[2310]],"type":"Polygon","properties":{"geoid":"3911334","name":"Candlewood Lake"},"id":"3911334"},{"arcs":[[2311,-2277,2312]],"type":"Polygon","properties":{"geoid":"3925256","name":"Elyria"},"id":"3925256"},{"arcs":[[2313]],"type":"Polygon","properties":{"geoid":"3977924","name":"Tuscarawas"},"id":"3977924"},{"arcs":[[2314]],"type":"Polygon","properties":{"geoid":"3952976","name":"Mount Pleasant"},"id":"3952976"},{"arcs":[[2315]],"type":"Polygon","properties":{"geoid":"3959234","name":"Oxford"},"id":"3959234"},{"arcs":[[2316,-1781,-2290,-14]],"type":"Polygon","properties":{"geoid":"3904416","name":"Bay Village"},"id":"3904416"},{"arcs":[[2317]],"type":"Polygon","properties":{"geoid":"3945304","name":"Lucasville"},"id":"3945304"},{"arcs":[[-1870,2318,-2006,2319,-2101]],"type":"Polygon","properties":{"geoid":"3952612","name":"Mount Carmel"},"id":"3952612"},{"arcs":[[-1686,-1106,-1054,-921,-827,-374]],"type":"Polygon","properties":{"geoid":"3971682","name":"Shaker Heights"},"id":"3971682"},{"arcs":[[2320]],"type":"Polygon","properties":{"geoid":"3935098","name":"Hicksville"},"id":"3935098"},{"arcs":[[2321]],"type":"Polygon","properties":{"geoid":"3985834","name":"Wilson"},"id":"3985834"},{"arcs":[[2322]],"type":"Polygon","properties":{"geoid":"3947180","name":"Mantua"},"id":"3947180"},{"arcs":[[-2147,-2247,-1927,2323]],"type":"Polygon","properties":{"geoid":"3948468","name":"Mayfield"},"id":"3948468"},{"arcs":[[2324,-2165]],"type":"Polygon","properties":{"geoid":"3921714","name":"Dennison"},"id":"3921714"},{"arcs":[[2325]],"type":"Polygon","properties":{"geoid":"3973768","name":"South Solon"},"id":"3973768"},{"arcs":[[-81,-378,-1762,-1791,-1904,-360,-379]],"type":"Polygon","properties":{"geoid":"3919806","name":"Cuyahoga Heights"},"id":"3919806"},{"arcs":[[-1053,-587,-1777,-2085,-394,-1903,-830]],"type":"Polygon","properties":{"geoid":"3958604","name":"Orange"},"id":"3958604"},{"arcs":[[2326]],"type":"Polygon","properties":{"geoid":"3909974","name":"Buckland"},"id":"3909974"},{"arcs":[[2327]],"type":"Polygon","properties":{"geoid":"3910436","name":"Burton"},"id":"3910436"},{"arcs":[[-1434,2328,-2263]],"type":"Polygon","properties":{"geoid":"3919736","name":"Curtice"},"id":"3919736"},{"arcs":[[2329]],"type":"Polygon","properties":{"geoid":"3905676","name":"Bentonville"},"id":"3905676"},{"arcs":[[2330]],"type":"Polygon","properties":{"geoid":"3906208","name":"Beulah Beach"},"id":"3906208"},{"arcs":[[2331]],"type":"Polygon","properties":{"geoid":"3932928","name":"Hamburg"},"id":"3932928"},{"arcs":[[2332]],"type":"Polygon","properties":{"geoid":"3950400","name":"Millersport"},"id":"3950400"},{"arcs":[[2333]],"type":"Polygon","properties":{"geoid":"3961182","name":"Patterson"},"id":"3961182"},{"arcs":[[-1354,2334,-1352,2335,-1350,2336,-1348,2337,-1346,2338,-1344,2339,-1342,2340,-1340,2341,-1338,2342,-1336,2343]],"type":"Polygon","properties":{"geoid":"3935476","name":"Hilliard"},"id":"3935476"},{"arcs":[[-437,-850,-131,-6,2344,-439,-723,-48]],"type":"Polygon","properties":{"geoid":"3901672","name":"Amberley"},"id":"3901672"},{"arcs":[[-1592,-2177,-607,-1595,2345]],"type":"Polygon","properties":{"geoid":"3986366","name":"Woodlawn"},"id":"3986366"},{"arcs":[[2346,-1580,-2187]],"type":"Polygon","properties":{"geoid":"3950176","name":"Milford"},"id":"3950176"},{"arcs":[[-34,2347,-2156,2348]],"type":"Polygon","properties":{"geoid":"3937464","name":"Ironton"},"id":"3937464"},{"arcs":[[-1859,2349]],"type":"Polygon","properties":{"geoid":"3983580","name":"West Jefferson"},"id":"3983580"},{"arcs":[[2350,-16,-19,-2273,-2312,2351,-1604]],"type":"Polygon","properties":{"geoid":"3972060","name":"Sheffield"},"id":"3972060"},{"arcs":[[-2198,2352,-1613,2353]],"type":"Polygon","properties":{"geoid":"3916182","name":"Clinton"},"id":"3916182"},{"arcs":[[-598,2354]],"type":"Polygon","properties":{"geoid":"3969834","name":"Salem"},"id":"3969834"},{"arcs":[[2355]],"type":"Polygon","properties":{"geoid":"3941986","name":"Latty"},"id":"3941986"},{"arcs":[[2356]],"type":"Polygon","properties":{"geoid":"3933740","name":"Harrisburg"},"id":"3933740"},{"arcs":[[2357,-2137,-812]],"type":"Polygon","properties":{"geoid":"3949098","name":"Mentor-on-the-Lake"},"id":"3949098"},{"arcs":[[-639,2358,-637,2359,-1526,-648,2360,-646,2361]],"type":"Polygon","properties":{"geoid":"3979492","name":"Vandalia"},"id":"3979492"},{"arcs":[[2362]],"type":"Polygon","properties":{"geoid":"3974804","name":"Stone Creek"},"id":"3974804"},{"arcs":[[2363]],"type":"Polygon","properties":{"geoid":"3952276","name":"Morral"},"id":"3952276"},{"arcs":[[-1576,-2181,-1566,-1881]],"type":"Polygon","properties":{"geoid":"3918244","name":"Concorde Hills"},"id":"3918244"},{"arcs":[[2364]],"type":"Polygon","properties":{"geoid":"3962578","name":"Pigeon Creek"},"id":"3962578"},{"arcs":[[-1807,2365,-1805,2366,-1803,2367]],"type":"Polygon","properties":{"geoid":"3919330","name":"Crestline"},"id":"3919330"},{"arcs":[[-1990,2368,-1988,2369]],"type":"Polygon","properties":{"geoid":"3924052","name":"East Sparta"},"id":"3924052"},{"arcs":[[2370]],"type":"Polygon","properties":{"geoid":"3912784","name":"Cedarville"},"id":"3912784"},{"arcs":[[2371]],"type":"Polygon","properties":{"geoid":"3974734","name":"Stockdale"},"id":"3974734"},{"arcs":[[2372]],"type":"Polygon","properties":{"geoid":"3955244","name":"New Pittsburg"},"id":"3955244"},{"arcs":[[2373]],"type":"Polygon","properties":{"geoid":"3970548","name":"Sardis"},"id":"3970548"},{"arcs":[[2374]],"type":"Polygon","properties":{"geoid":"3981935","name":"Waverly"},"id":"3981935"},{"arcs":[[2375]],"type":"Polygon","properties":{"geoid":"3939662","name":"Kelleys Island"},"id":"3939662"},{"arcs":[[2376,-2208,-1023,-1069]],"type":"Polygon","properties":{"geoid":"3946144","name":"McKinley Heights"},"id":"3946144"},{"arcs":[[2377,-2185]],"type":"Polygon","properties":{"geoid":"3911150","name":"Camp Dennison"},"id":"3911150"},{"arcs":[[-1073,2378,-1071,2379]],"type":"Polygon","properties":{"geoid":"3950778","name":"Mineral Ridge"},"id":"3950778"},{"arcs":[[2380]],"type":"Polygon","properties":{"geoid":"3918504","name":"Continental"},"id":"3918504"},{"arcs":[[2381]],"type":"Polygon","properties":{"geoid":"3907202","name":"Bloomingdale"},"id":"3907202"},{"arcs":[[2382]],"type":"Polygon","properties":{"geoid":"3922022","name":"Dillonvale"},"id":"3922022"},{"arcs":[[2383]],"type":"Polygon","properties":{"geoid":"3965256","name":"Racine"},"id":"3965256"},{"arcs":[[2384,-910,2385,-1823]],"type":"Polygon","properties":{"geoid":"3940348","name":"Kings Mills"},"id":"3940348"},{"arcs":[[2386]],"type":"Polygon","properties":{"geoid":"3959066","name":"Otway"},"id":"3959066"},{"arcs":[[-2307,-1154,-469,-451]],"type":"Polygon","properties":{"geoid":"3972258","name":"Sherwood"},"id":"3972258"},{"arcs":[[2387,-2034]],"type":"Polygon","properties":{"geoid":"3935256","name":"Highland Holiday"},"id":"3935256"},{"arcs":[[-2250,2388]],"type":"Polygon","properties":{"geoid":"3967846","name":"Rock Creek"},"id":"3967846"},{"arcs":[[2389]],"type":"Polygon","properties":{"geoid":"3986422","name":"Woodsdale"},"id":"3986422"},{"arcs":[[2390]],"type":"Polygon","properties":{"geoid":"3933768","name":"Harrisburg"},"id":"3933768"},{"arcs":[[2391]],"type":"Polygon","properties":{"geoid":"3981928","name":"Wauseon"},"id":"3981928"},{"arcs":[[-60,2392,-58,2393]],"type":"Polygon","properties":{"geoid":"3973530","name":"South Mount Vernon"},"id":"3973530"},{"arcs":[[-954,2394,-952,2395,-950,2396,-948,2397,-1214]],"type":"Polygon","properties":{"geoid":"3926166","name":"Fairlawn"},"id":"3926166"},{"arcs":[[-2176,-1727,-527,-1578,-1880,-2014,-129,-849]],"type":"Polygon","properties":{"geoid":"3907300","name":"Blue Ash"},"id":"3907300"},{"arcs":[[2398]],"type":"Polygon","properties":{"geoid":"3915434","name":"Clarktown"},"id":"3915434"},{"arcs":[[2399]],"type":"Polygon","properties":{"geoid":"3944128","name":"Little Hocking"},"id":"3944128"},{"arcs":[[-192,2400]],"type":"Polygon","properties":{"geoid":"3981760","name":"Waterford"},"id":"3981760"},{"arcs":[[2401]],"type":"Polygon","properties":{"geoid":"3941443","name":"Lake Mohawk"},"id":"3941443"},{"arcs":[[2402]],"type":"Polygon","properties":{"geoid":"3936176","name":"Homeworth"},"id":"3936176"},{"arcs":[[2403]],"type":"Polygon","properties":{"geoid":"3954852","name":"New Lebanon"},"id":"3954852"},{"arcs":[[2404]],"type":"Polygon","properties":{"geoid":"3975210","name":"Sugarcreek"},"id":"3975210"},{"arcs":[[2405]],"type":"Polygon","properties":{"geoid":"3948118","name":"Martinsville"},"id":"3948118"},{"arcs":[[2406]],"type":"Polygon","properties":{"geoid":"3970534","name":"Sardinia"},"id":"3970534"},{"arcs":[[2407]],"type":"Polygon","properties":{"geoid":"3910884","name":"Cairo"},"id":"3910884"},{"arcs":[[2408]],"type":"Polygon","properties":{"geoid":"3949042","name":"Mendon"},"id":"3949042"},{"arcs":[[-1905,2409,-1934,2410,-1932,2411,-1745]],"type":"Polygon","properties":{"geoid":"3908364","name":"Brecksville"},"id":"3908364"},{"arcs":[[2412,-986,-1057,-2149,-2089,-2090,-369]],"type":"Polygon","properties":{"geoid":"3925704","name":"Euclid"},"id":"3925704"},{"arcs":[[-1750,-979,-1774,-1784,-881]],"type":"Polygon","properties":{"geoid":"3949644","name":"Middleburg Heights"},"id":"3949644"},{"arcs":[[2413]],"type":"Polygon","properties":{"geoid":"3972424","name":"Sidney"},"id":"3972424"},{"arcs":[[2414]],"type":"Polygon","properties":{"geoid":"3984528","name":"Wetherington"},"id":"3984528"},{"arcs":[[-735,2415]],"type":"Polygon","properties":{"geoid":"3945108","name":"Loveland"},"id":"3945108"},{"arcs":[[2416]],"type":"Polygon","properties":{"geoid":"3958828","name":"Orrville"},"id":"3958828"},{"arcs":[[2417,2418]],"type":"Polygon","properties":{"geoid":"3928658","name":"Fredericktown"},"id":"3928658"},{"arcs":[[2419]],"type":"Polygon","properties":{"geoid":"3982390","name":"Waynesfield"},"id":"3982390"},{"arcs":[[2420]],"type":"Polygon","properties":{"geoid":"3950316","name":"Milledgeville"},"id":"3950316"},{"arcs":[[2421]],"type":"Polygon","properties":{"geoid":"3971360","name":"Senecaville"},"id":"3971360"},{"arcs":[[-1428,2422]],"type":"Polygon","properties":{"geoid":"3909834","name":"Buchtel"},"id":"3909834"},{"arcs":[[-1314,2423,-1312,-1654,2424,-1652,2425,-1650,2426,-1648,2427,-1646,2428,-1644,2429,-1658,-1320,2430,-1318,2431,-1316,2432]],"type":"Polygon","properties":{"geoid":"3957862","name":"Obetz"},"id":"3957862"},{"arcs":[[2433]],"type":"Polygon","properties":{"geoid":"3934594","name":"Haydenville"},"id":"3934594"},{"arcs":[[2434,-12,-2351,-1603]],"type":"Polygon","properties":{"geoid":"3972088","name":"Sheffield Lake"},"id":"3972088"},{"arcs":[[2435]],"type":"Polygon","properties":{"geoid":"3967272","name":"Ripley"},"id":"3967272"},{"arcs":[[2436]],"type":"Polygon","properties":{"geoid":"3980766","name":"Wapakoneta"},"id":"3980766"},{"arcs":[[2437]],"type":"Polygon","properties":{"geoid":"3925144","name":"Elmore"},"id":"3925144"},{"arcs":[[2438]],"type":"Polygon","properties":{"geoid":"3910632","name":"Butler"},"id":"3910632"},{"arcs":[[2439]],"type":"Polygon","properties":{"geoid":"3912504","name":"Castine"},"id":"3912504"},{"arcs":[[2440]],"type":"Polygon","properties":{"geoid":"3979912","name":"Versailles"},"id":"3979912"},{"arcs":[[-1589,-456]],"type":"Polygon","properties":{"geoid":"3969470","name":"St. Bernard"},"id":"3969470"},{"arcs":[[2441]],"type":"Polygon","properties":{"geoid":"3963030","name":"Plain City"},"id":"3963030"},{"arcs":[[-447,2442,-445,-173,-2189,-865,2443,2444]],"type":"Polygon","properties":{"geoid":"3947600","name":"Mariemont"},"id":"3947600"},{"arcs":[[2445]],"type":"Polygon","properties":{"geoid":"3917036","name":"Columbiana"},"id":"3917036"},{"arcs":[[2446]],"type":"Polygon","properties":{"geoid":"3912700","name":"Cecil"},"id":"3912700"},{"arcs":[[-892,2447,-890,2448,-1556,2449,-1559,2450,-1830,2451,-1828,2452],[2453]],"type":"Polygon","properties":{"geoid":"3928476","name":"Franklin"},"id":"3928476"},{"arcs":[[2454]],"type":"Polygon","properties":{"geoid":"3914184","name":"Chillicothe"},"id":"3914184"},{"arcs":[[2455,2456,2457,-255,2458,-253,2459,-251]],"type":"Polygon","properties":{"geoid":"3956294","name":"North Canton"},"id":"3956294"},{"arcs":[[2460,-825]],"type":"Polygon","properties":{"geoid":"3905102","name":"Bellbrook"},"id":"3905102"},{"arcs":[[-402,-2200,-1772]],"type":"Polygon","properties":{"geoid":"3930632","name":"Glenwillow"},"id":"3930632"},{"arcs":[[2461]],"type":"Polygon","properties":{"geoid":"3910940","name":"Caldwell"},"id":"3910940"},{"arcs":[[-2345,-5,-1883,2462,-1570,2463,-440]],"type":"Polygon","properties":{"geoid":"3972522","name":"Silverton"},"id":"3972522"},{"arcs":[[-2169,2464]],"type":"Polygon","properties":{"geoid":"3968546","name":"Rosemount"},"id":"3968546"},{"arcs":[[2465,2466,-2172]],"type":"Polygon","properties":{"geoid":"3984588","name":"Wheelersburg"},"id":"3984588"},{"arcs":[[2467]],"type":"Polygon","properties":{"geoid":"3904402","name":"Bay View"},"id":"3904402"},{"arcs":[[2468,-1678]],"type":"Polygon","properties":{"geoid":"3905410","name":"Beloit"},"id":"3905410"},{"arcs":[[2469]],"type":"Polygon","properties":{"geoid":"3900464","name":"Adena"},"id":"3900464"},{"arcs":[[2470]],"type":"Polygon","properties":{"geoid":"3982376","name":"Waynesburg"},"id":"3982376"},{"arcs":[[2471]],"type":"Polygon","properties":{"geoid":"3939886","name":"Kenton"},"id":"3939886"},{"arcs":[[2472]],"type":"Polygon","properties":{"geoid":"3970380","name":"Sandusky"},"id":"3970380"},{"arcs":[[-2291,-1759,-1747,2473,-2275]],"type":"Polygon","properties":{"geoid":"3956882","name":"North Olmsted"},"id":"3956882"},{"arcs":[[-1665,-1365,-1953]],"type":"Polygon","properties":{"geoid":"3931304","name":"Grandview Heights"},"id":"3931304"},{"arcs":[[2474]],"type":"Polygon","properties":{"geoid":"3936988","name":"Huntsville"},"id":"3936988"},{"arcs":[[-2148,-2324,-1926,-1766,-2087]],"type":"Polygon","properties":{"geoid":"3935252","name":"Highland Heights"},"id":"3935252"},{"arcs":[[-839,2475]],"type":"Polygon","properties":{"geoid":"3973894","name":"South Zanesville"},"id":"3973894"},{"arcs":[[2476]],"type":"Polygon","properties":{"geoid":"3903604","name":"Bainbridge"},"id":"3903604"},{"arcs":[[2477]],"type":"Polygon","properties":{"geoid":"3903786","name":"Bannock"},"id":"3903786"},{"arcs":[[2478]],"type":"Polygon","properties":{"geoid":"3950974","name":"Mitiwanga"},"id":"3950974"},{"arcs":[[2479]],"type":"Polygon","properties":{"geoid":"3935126","name":"Hide-A-Way Hills"},"id":"3935126"},{"arcs":[[2480,-730,2481,-1597,-430,2482,-428,-764,-290]],"type":"Polygon","properties":{"geoid":"3927104","name":"Finneytown"},"id":"3927104"},{"arcs":[[-878,2483,-883,2484]],"type":"Polygon","properties":{"geoid":"3958422","name":"Olmsted Falls"},"id":"3958422"},{"arcs":[[2485]],"type":"Polygon","properties":{"geoid":"3902848","name":"Atwater"},"id":"3902848"},{"arcs":[[2486,2487]],"type":"Polygon","properties":{"geoid":"3954082","name":"New Baltimore"},"id":"3954082"},{"arcs":[[2488,-399,-676,2489,-2202]],"type":"Polygon","properties":{"geoid":"3966152","name":"Reminderville"},"id":"3966152"},{"arcs":[[2490]],"type":"Polygon","properties":{"geoid":"3978624","name":"Union City"},"id":"3978624"},{"arcs":[[2491]],"type":"Polygon","properties":{"geoid":"3950134","name":"Milan"},"id":"3950134"},{"arcs":[[2492]],"type":"Polygon","properties":{"geoid":"3961504","name":"Pemberville"},"id":"3961504"},{"arcs":[[-2445,2493,-448]],"type":"Polygon","properties":{"geoid":"3925942","name":"Fairfax"},"id":"3925942"},{"arcs":[[-2220,2494]],"type":"Polygon","properties":{"geoid":"3949756","name":"Middleport"},"id":"3949756"},{"arcs":[[-2487,-2067,2495,-2106,-1874,-116,2496]],"type":"Polygon","properties":{"geoid":"3976197","name":"Taylor Creek"},"id":"3976197"},{"arcs":[[-1370,2497]],"type":"Polygon","properties":{"geoid":"3979282","name":"Valleyview"},"id":"3979282"},{"arcs":[[2498]],"type":"Polygon","properties":{"geoid":"3963800","name":"Plymouth"},"id":"3963800"},{"arcs":[[2499,-2466,-2171]],"type":"Polygon","properties":{"geoid":"3970912","name":"Sciotodale"},"id":"3970912"},{"arcs":[[2500,-458]],"type":"Polygon","properties":{"geoid":"3957386","name":"Norwood"},"id":"3957386"},{"arcs":[[2501,-1705,2502,-806,2503,-808]],"type":"Polygon","properties":{"geoid":"3924542","name":"Edgewood"},"id":"3924542"},{"arcs":[[-2004,2504]],"type":"Polygon","properties":{"geoid":"3953270","name":"Mulberry"},"id":"3953270"},{"arcs":[[2505]],"type":"Polygon","properties":{"geoid":"3974566","name":"Sterling"},"id":"3974566"},{"arcs":[[2506]],"type":"Polygon","properties":{"geoid":"3955342","name":"Newport"},"id":"3955342"},{"arcs":[[2507]],"type":"Polygon","properties":{"geoid":"3988028","name":"Zaleski"},"id":"3988028"},{"arcs":[[2508]],"type":"Polygon","properties":{"geoid":"3922820","name":"Duncan Falls"},"id":"3922820"}]}}}