{"type":"Topology","arcs":[[[72397,31063],[3165,-146]],[[75562,30917],[725,-29],[-36,-415],[280,-17]],[[76531,30456],[-20,-453],[331,-21],[-32,-584]],[[76810,29398],[-1351,61],[-28,-422],[-443,16]],[[74988,29053],[-1791,74]],[[73197,29127],[60,1224],[-903,35]],[[72354,30386],[43,677]],[[24805,43277],[1220,-68]],[[26025,43209],[-63,-673]],[[25962,42536],[-191,174],[-621,-181],[-437,4],[-242,119],[-25,294],[359,331]],[[23157,43400],[220,-15]],[[23377,43385],[-220,15]],[[22792,43428],[228,-17]],[[23020,43411],[-320,-382],[-129,71]],[[22571,43100],[221,328]],[[22394,42307],[658,-385],[-25,-224],[750,-162],[144,249],[303,-7],[308,332],[97,410],[807,3],[8,-328],[-388,-304],[-215,189],[-302,30],[-33,-251],[716,-203],[261,159],[224,357],[-21,350],[276,9]],[[25962,42531],[-189,-1805]],[[25773,40726],[-3001,262],[-471,14]],[[22301,41002],[93,1305]],[[21477,42084],[78,1030]],[[21555,43114],[801,-57]],[[22356,43057],[12,-386],[-267,-171]],[[22101,42500],[-342,-341],[-282,-75]],[[88760,76405],[2240,6]],[[91000,76411],[2,-2019]],[[91002,74392],[-2243,-4]],[[88759,74388],[1,2017]],[[26625,87257],[-195,-5]],[[26430,87252],[195,5]],[[25967,87452],[81,137],[131,129],[223,162]],[[26402,87880],[439,137],[516,333],[282,45],[132,204],[300,20],[132,245]],[[28203,88864],[293,267],[149,333]],[[28645,89464],[323,5],[-8,-288],[217,-177],[-616,-710],[-5,-383],[368,-183],[86,264],[233,0],[-119,905],[223,-2],[82,378]],[[29429,89273],[368,-2],[243,195]],[[30040,89466],[-17,-2417]],[[30023,87049],[-72,-1033]],[[29951,86016],[-1362,5]],[[28589,86021],[-1294,0],[-7,617]],[[27288,86638],[153,350],[426,266],[126,412],[399,-2],[-9,387],[214,316],[-794,181],[-179,-211],[-283,-8],[-933,-722],[-99,178],[-244,-198],[-3,-339]],[[26062,87248],[-244,3]],[[25818,87251],[149,201]],[[32664,88299],[2676,13]],[[35340,88312],[-8,-1221]],[[35332,87091],[11,-813],[-899,-12]],[[34444,86266],[-9,407],[-1758,-27]],[[32677,86646],[1,413]],[[32678,87059],[-14,1240]],[[21778,32462],[1867,-138]],[[23645,32324],[1841,-138]],[[25486,32186],[-969,-1248]],[[24517,30938],[-1841,125],[-1022,43]],[[21654,31106],[124,1356]],[[55834,55592],[1122,-47]],[[56956,55545],[-1,-18]],[[56955,55527],[-59,-1006]],[[56896,54521],[-1117,55],[55,1016]],[[56438,30090],[2608,-163]],[[59046,29927],[-215,-2482]],[[58831,27445],[-2617,169]],[[56214,27614],[224,2476]],[[63365,53265],[2318,-83]],[[65683,53182],[-67,-2021]],[[65616,51161],[-2125,58]],[[63491,51219],[-244,11]],[[63247,51230],[118,2035]],[[49523,62523],[21,2031]],[[49544,64554],[1440,-33],[23,-1211],[-437,8],[20,-816]],[[50590,62502],[-1068,1]],[[49522,62503],[1,20]],[[86520,74399],[2239,-11]],[[88759,74388],[15,-2079]],[[88774,72309],[-1967,7]],[[86807,72316],[-291,1]],[[86516,72317],[4,2082]],[[97670,86626],[2321,11]],[[99991,86637],[5,-2125]],[[99996,84512],[-2313,21]],[[97683,84533],[-13,2093]],[[97652,88630],[2336,-4]],[[99988,88626],[3,-1989]],[[97670,86626],[-18,2004]],[[74371,76700],[644,-6],[145,139]],[[75160,76833],[417,-143],[-164,606],[456,126],[-1,-205],[417,-44],[-45,-287],[-590,-5],[383,-311],[514,-109],[187,-329],[452,-17],[266,-178],[548,39]],[[78000,75976],[-19,-714],[226,-232],[637,-14],[-16,-500]],[[78828,74516],[11,0]],[[78839,74516],[74,-1]],[[78913,74515],[72,-1]],[[78985,74514],[44,0]],[[79029,74514],[364,-145]],[[79393,74369],[-134,-103]],[[79259,74266],[-66,11]],[[79193,74277],[-72,-133]],[[79121,74144],[-180,-367],[-664,-18],[-12,-566],[-883,0]],[[77382,73193],[-8,273],[-324,-15],[181,-503],[-105,-363],[-255,8],[-233,354],[36,329],[-325,-49],[-365,90],[-278,-181]],[[75706,73136],[-219,94]],[[75487,73230],[-133,168]],[[75354,73398],[34,360],[-274,48]],[[75114,73806],[10,582]],[[75124,74388],[14,946],[-361,196],[-140,308]],[[74637,75838],[518,392],[-87,224]],[[75068,76454],[-99,11]],[[74969,76465],[0,7]],[[74969,76472],[-312,-19]],[[74657,76453],[-204,186]],[[74453,76639],[-68,51]],[[74385,76690],[-14,10]],[[70566,78288],[2307,18]],[[72873,78306],[-31,-1852]],[[72842,76454],[-2283,8]],[[70559,76462],[7,1826]],[[8475,60152],[2707,13]],[[11182,60165],[0,-2]],[[11182,60163],[1,-2030]],[[11183,58133],[1,-414]],[[11184,57719],[-2694,-15]],[[8490,57704],[-4,1415]],[[8486,59119],[-11,1033]],[[50271,50163],[2233,-135]],[[52504,50028],[-135,-2082]],[[52369,47946],[-2226,134]],[[50143,48080],[128,2083]],[[76419,85438],[26,209]],[[76445,85647],[352,-2],[-3,-379],[444,-32]],[[77238,85234],[0,-280],[-766,140],[-53,344]],[[86436,92635],[2293,23]],[[88729,92658],[20,-2046]],[[88749,90612],[-2293,-15]],[[86456,90597],[-20,2038]],[[72068,46877],[0,3]],[[72068,46880],[2169,-75]],[[74237,46805],[-82,-2066]],[[74155,44739],[-2179,89]],[[71976,44828],[92,2049]],[[45574,27531],[2614,-150]],[[48188,27381],[-27,-384]],[[48161,26997],[-152,-2069]],[[48009,24928],[-2603,160]],[[45406,25088],[168,2443]],[[95483,94722],[2079,33]],[[97562,94755],[44,-2129]],[[97606,92626],[-2121,-10]],[[95485,92616],[-2,2106]],[[29750,42356],[138,481]],[[29888,42837],[573,2114],[-145,8]],[[30316,44959],[113,1041]],[[30429,46000],[524,65]],[[30953,46065],[948,-958]],[[31901,45107],[-227,-2828]],[[31674,42279],[-722,322],[-1202,-245]],[[90739,65011],[1332,-11]],[[92071,65000],[440,1]],[[92511,65001],[-19,-2030]],[[92492,62971],[5,-326],[-448,6]],[[92049,62651],[-1332,25]],[[90717,62676],[22,2335]],[[29951,86016],[-2,-167],[917,-1],[2,-1232]],[[30868,84616],[-29,-1214],[-910,-7]],[[29929,83395],[-896,25],[-2,1215],[-443,7]],[[28588,84642],[1,1379]],[[46276,37301],[0,6]],[[46276,37307],[2676,-200]],[[48952,37107],[-195,-2430]],[[48757,34677],[-2590,189]],[[46167,34866],[-76,5]],[[46091,34871],[185,2430]],[[380,82158],[29,-22],[2618,14]],[[3027,82150],[15,-2437]],[[3042,79713],[-2655,4]],[[387,79717],[-7,2441]],[[61217,49350],[97,1983]],[[61314,51333],[1933,-103]],[[63491,51219],[-88,-1997]],[[63403,49222],[-2188,121]],[[61215,49343],[2,7]],[[51040,62503],[1308,2]],[[52348,62505],[47,-2444]],[[52395,60061],[-1328,-3]],[[51067,60058],[-27,2445]],[[48394,56474],[2273,-116]],[[50667,56358],[-132,-2030]],[[50535,54328],[-2289,127]],[[48246,54455],[148,2019]],[[21848,70070],[159,-18],[2504,8]],[[24511,70060],[-10,-2466]],[[24501,67594],[-2645,19]],[[21856,67613],[-8,2457]],[[55849,72453],[1794,0]],[[57643,72453],[31,-2546]],[[57674,69907],[-1792,9]],[[55882,69916],[-33,2537]],[[13378,24248],[-342,25]],[[13036,24273],[12,82]],[[13048,24355],[4,6]],[[13052,24361],[37,101]],[[13089,24462],[-60,34]],[[13029,24496],[89,124],[260,-372]],[[57567,78561],[43,1816]],[[57610,80377],[1720,-31]],[[59330,80346],[-32,-2081]],[[59298,78265],[-1733,41]],[[57565,78306],[2,255]],[[67850,51096],[828,-27]],[[68678,51069],[1228,-42]],[[69906,51027],[171,-4]],[[70077,51023],[-84,-2007]],[[69993,49016],[-2220,75]],[[67773,49091],[77,2005]],[[77463,85634],[341,-48]],[[77804,85586],[-346,3]],[[77458,85589],[5,45]],[[41599,53052],[11,203]],[[41610,53255],[30,527]],[[41640,53782],[60,1030]],[[41700,54812],[2253,-119]],[[43953,54693],[-138,-2045]],[[43815,52648],[-1,-1]],[[43814,52647],[-1956,90]],[[41858,52737],[-262,246]],[[41596,52983],[3,69]],[[68914,84374],[58,319],[455,268],[343,473],[-100,230],[-203,-14]],[[69467,85650],[48,97],[1094,67],[331,98],[0,494]],[[70940,86406],[559,-126],[311,137],[812,545],[730,562],[193,-59],[704,422]],[[74249,87887],[822,317],[-10,444]],[[75061,88648],[251,77],[715,682]],[[76027,89407],[228,-278],[97,-451],[-410,-313],[486,-457]],[[76428,87908],[-317,-7]],[[76111,87901],[-224,4]],[[75887,87905],[-809,-2],[-9,-813]],[[75069,87090],[-2,-207],[-276,-214],[221,-227]],[[75012,86442],[199,-175],[3,-406],[177,-19],[113,-390],[624,-11]],[[76128,85441],[0,-413],[-201,-505]],[[75927,84523],[-317,-2]],[[75610,84521],[-294,174],[-86,314],[-722,-6],[-420,-80]],[[74088,84923],[-410,65],[1,199]],[[73679,85187],[-143,215],[-356,-15]],[[73180,85387],[-208,-322],[344,-315]],[[73316,84750],[-241,0],[-201,-365]],[[72874,84385],[-1135,-22]],[[71739,84363],[134,144],[-154,453],[-76,631],[-590,-491]],[[71053,85100],[-175,-44],[48,-65]],[[70926,84991],[-6,-634]],[[70920,84357],[-262,1]],[[70658,84358],[-985,40],[-450,-617],[-224,-202],[-390,348],[305,447]],[[79772,92430],[911,607]],[[80683,93037],[28,-309],[-165,-352],[-771,-18]],[[79775,92358],[-3,72]],[[19524,34992],[430,-133],[251,389],[408,52],[129,-157],[386,23],[229,212],[91,301],[-333,35],[20,517],[204,135],[-13,489],[-447,29],[-110,-297],[-377,-1],[-508,-364],[-275,-545]],[[19609,35677],[52,878],[302,493],[278,60],[7,337],[-220,15],[2,410],[-200,16],[15,399]],[[19845,38285],[477,370]],[[20322,38655],[457,-31],[-43,-383],[881,-24]],[[21617,38217],[-140,-124],[727,-753],[-115,-302],[729,-228],[-126,-606]],[[22692,36204],[-226,-368],[-63,-494],[-345,-265],[64,-311],[-245,-199],[109,-218]],[[21986,34349],[-462,-203],[-443,-49],[-189,-178]],[[20892,33919],[86,351],[-1099,279],[-355,443]],[[5754,82164],[2663,15]],[[8417,82179],[12,-1649]],[[8429,80530],[9,-787]],[[8438,79743],[-2680,-20]],[[5758,79723],[-4,2441]],[[2564,54524],[428,-3]],[[2992,54521],[1694,-7]],[[4686,54514],[4,-1625]],[[4690,52889],[-1,-808]],[[4689,52081],[-2116,7]],[[2573,52088],[0,47]],[[2573,52135],[-9,2389]],[[8462,63834],[1381,2]],[[9843,63836],[1337,4]],[[11180,63840],[-2,-1634]],[[11178,62206],[-2713,-12]],[[8465,62194],[0,407]],[[8465,62601],[-3,1233]],[[67942,42934],[1744,-67]],[[69686,42867],[433,-19]],[[70119,42848],[-138,-2443]],[[69981,40405],[-1723,81]],[[68258,40486],[43,802],[-447,13],[88,1633]],[[91058,94730],[2183,-5]],[[93241,94725],[-8,-2097]],[[93233,92628],[-2182,14]],[[91051,92642],[7,2088]],[[30222,58776],[2361,33]],[[32583,58809],[290,5]],[[32873,58814],[218,-1597]],[[33091,57217],[-3055,-327]],[[30036,56890],[186,1886]],[[39695,72467],[896,5]],[[40591,72472],[2,-2435]],[[40593,70037],[-893,-2]],[[39700,70035],[-5,2432]],[[89399,62702],[1318,-26]],[[92049,62651],[-27,-1208]],[[92022,61443],[-36,-1231]],[[91986,60212],[-1334,26]],[[90652,60238],[-1328,30]],[[89324,60268],[75,2434]],[[54857,58287],[90,1568],[118,227]],[[55065,60082],[1784,3],[355,46]],[[57204,60131],[-130,-2537]],[[57074,57594],[-2250,124]],[[54824,57718],[33,569]],[[86156,48118],[1785,-63]],[[87941,48055],[883,-30],[-19,-404]],[[88805,47621],[-93,-1971]],[[88712,45650],[-2652,108]],[[86060,45758],[96,2360]],[[403,69916],[2664,2]],[[3067,69918],[-10,-2444]],[[3057,67474],[-2641,4]],[[416,67478],[-13,2438]],[[24149,92881],[39,-1814]],[[24188,91067],[-2294,-14]],[[21894,91053],[-46,1744]],[[21848,92797],[2301,84]],[[49142,7674],[2582,-173]],[[51724,7501],[-151,-2012]],[[51573,5489],[-33,-451]],[[51540,5038],[-2168,131]],[[49372,5169],[-1441,83]],[[47931,5252],[421,175],[-600,1329]],[[47752,6756],[53,987],[1337,-69]],[[83561,49432],[3,73]],[[83564,49505],[2647,-44],[420,-111]],[[86631,49350],[1357,-64]],[[87988,49286],[-47,-1231]],[[86156,48118],[5,73],[-2637,75]],[[83524,48266],[37,1166]],[[77470,89052],[2,-453]],[[77472,88599],[-6,-902]],[[77466,87697],[-443,4]],[[77023,87701],[-73,204],[-394,4]],[[76556,87909],[-17,412],[346,-2],[-25,306],[271,87],[-2,266],[341,74]],[[2714,35038],[2559,16]],[[5273,35054],[42,-2479]],[[5315,32575],[-2592,-2]],[[2723,32573],[-9,2465]],[[69897,46987],[2171,-110]],[[71976,44828],[-2184,105]],[[69792,44933],[105,2054]],[[16574,60231],[2637,26]],[[19211,60257],[-1,-611]],[[19210,59646],[2,-1459],[-200,3]],[[19012,58190],[-2435,1]],[[16577,58191],[-3,2040]],[[24488,82256],[2707,-33]],[[27195,82223],[3,-2467]],[[27198,79756],[-2690,45]],[[24508,79801],[-20,2455]],[[91040,84556],[2171,-8]],[[93211,84548],[-4,-2142]],[[93207,82406],[-2183,-13]],[[91024,82393],[16,2163]],[[5740,74806],[2694,15]],[[8434,74821],[4,-2446]],[[8438,72375],[-447,-1]],[[7991,72374],[-2237,-7]],[[5754,72367],[-14,2439]],[[97506,97632],[2483,-22]],[[99989,97610],[1,-2827]],[[99990,94783],[-2428,-28]],[[97562,94755],[-44,2043]],[[97518,96798],[-12,834]],[[12035,21394],[105,296]],[[12140,21690],[79,3]],[[12219,21693],[-66,-356]],[[12153,21337],[-118,57]],[[48757,34677],[-170,-2060]],[[48587,32617],[-29,-409]],[[48558,32208],[-2591,197]],[[45967,32405],[200,2461]],[[54500,39266],[82,854]],[[54582,40120],[1763,-117]],[[56345,40003],[-178,-2474]],[[56167,37529],[-1801,124]],[[54366,37653],[134,1613]],[[24509,65177],[2630,-24]],[[27139,65153],[-53,-2123]],[[27086,63030],[-348,114]],[[26738,63144],[-337,332],[-291,124],[-1185,357]],[[24925,63957],[-176,24],[-249,-319]],[[24500,63662],[9,1515]],[[29812,65116],[954,-6]],[[30766,65110],[26,-811],[415,0]],[[31207,64299],[876,20],[-3,-408],[476,-22]],[[32556,63889],[0,-1210]],[[32556,62679],[-2748,1]],[[29808,62680],[4,2436]],[[24501,67594],[1783,9]],[[26284,67603],[887,-2]],[[27171,67601],[-32,-2448]],[[24509,65177],[-8,2417]],[[86693,61580],[902,-46],[-18,-403],[889,-29],[-28,-813]],[[88438,60289],[-893,26]],[[87545,60315],[-1794,59]],[[85751,60374],[31,622],[439,-19],[25,604],[447,-1]],[[84058,62851],[2684,-79]],[[86742,62772],[-49,-1192]],[[85751,60374],[-446,18]],[[85305,60392],[-1309,42]],[[83996,60434],[70,1929],[-8,488]],[[82573,58011],[22,822]],[[82595,58833],[473,-30],[2,-191],[868,16],[1280,-40]],[[85218,58588],[-75,-1822]],[[85143,56766],[-1266,-18],[-1339,53]],[[82538,56801],[35,1210]],[[50590,82697],[2318,-36]],[[52908,82661],[47,-2018]],[[52955,80643],[-2322,22]],[[50633,80665],[-43,2032]],[[97632,90662],[2356,23]],[[99988,90685],[0,-2059]],[[97652,88630],[-20,2032]],[[95480,90648],[2152,14]],[[97652,88630],[-2171,3]],[[95481,88633],[-1,2015]],[[93229,88632],[2252,1]],[[95481,88633],[1,-2000]],[[95482,86633],[-7,0]],[[95475,86633],[-2253,23]],[[93222,86656],[7,1976]],[[93237,90640],[2243,8]],[[93229,88632],[8,2008]],[[97606,92626],[2381,21]],[[99987,92647],[1,-1962]],[[97632,90662],[-26,1964]],[[78151,91024],[191,235]],[[78342,91259],[1,-46]],[[78343,91213],[-192,-189]],[[85583,34441],[2453,-124],[-7,-122]],[[88029,34195],[-71,-1492]],[[87958,32703],[-2436,104]],[[85522,32807],[61,1634]],[[11126,77282],[2636,9]],[[13762,77291],[21,-2439]],[[13783,74852],[-2664,-20]],[[11119,74832],[7,2450]],[[40593,70037],[6,-2444]],[[40599,67593],[5,-1221]],[[40604,66372],[-887,-12]],[[39717,66360],[-10,1230]],[[39707,67590],[-7,2445]],[[69172,29292],[444,-29],[60,1256]],[[69676,30519],[923,-42],[407,-107]],[[71006,30370],[-83,-1967]],[[70923,28403],[-22,-347],[-435,19],[-68,-1303]],[[70398,26772],[-1353,61]],[[69045,26833],[127,2459]],[[7890,26411],[50,769]],[[7940,27180],[3076,-175]],[[11016,27005],[-34,-423]],[[10982,26582],[-3,-42]],[[10979,26540],[-4,-55]],[[10975,26485],[-28,-370]],[[10947,26115],[-91,-1241]],[[10856,24874],[-408,59]],[[10448,24933],[-473,89],[-1299,90]],[[8676,25112],[-430,60],[-444,-37]],[[7802,25135],[88,1276]],[[11119,86234],[2627,12]],[[13746,86246],[0,-10]],[[13746,86236],[10,-1616]],[[13756,84620],[-2632,-7]],[[11124,84613],[-5,1621]],[[53532,27033],[72,736]],[[53604,27769],[2610,-155]],[[56214,27614],[-164,-2502]],[[56050,25112],[-2663,168]],[[53387,25280],[145,1753]],[[60333,72436],[1202,-7]],[[61535,72429],[1023,-7]],[[62558,72422],[33,-2544]],[[62591,69878],[-2177,10]],[[60414,69888],[-59,0]],[[60355,69888],[-22,2548]],[[81016,52736],[19,452],[1378,-25]],[[82413,53163],[1328,-45]],[[83741,53118],[-75,-2015]],[[83666,51103],[-2,-70]],[[83664,51033],[-2697,72]],[[80967,51105],[49,1631]],[[48251,82742],[2339,-45]],[[50633,80665],[-2323,41]],[[48310,80706],[-59,2036]],[[2694,42338],[2512,6]],[[5206,42344],[26,-2453]],[[5232,39891],[-2532,-22]],[[2700,39869],[-6,2469]],[[88741,86686],[2295,-20]],[[91036,86666],[4,0]],[[91040,86666],[0,-2110]],[[91040,84556],[-2298,11]],[[88742,84567],[-1,2119]],[[73701,63366],[19,1632]],[[73720,64998],[6,291]],[[73726,65289],[2348,-94]],[[76074,65195],[-139,-2467]],[[75935,62728],[-558,-72]],[[75377,62656],[-1656,-214]],[[73721,62442],[-20,924]],[[4898,27650],[-202,203],[-5,437],[214,40],[1,339],[218,62],[225,649]],[[5349,29380],[33,-291],[399,-201],[386,0],[60,-363],[276,61]],[[6503,28586],[-297,-408],[543,-70],[-59,-637],[249,-157],[332,-24],[92,-449]],[[7363,26841],[14,-746],[-410,184],[35,505],[-426,158],[-186,-366],[-1094,-69]],[[5296,26507],[19,40]],[[5315,26547],[288,217],[84,405],[-333,351]],[[5354,27520],[-441,-280],[-438,6],[221,364],[202,40]],[[48669,65643],[3,189]],[[48672,65832],[4,449]],[[48676,66281],[7,640]],[[48683,66921],[11,540]],[[48694,67461],[909,-22]],[[49603,67439],[-59,-2458]],[[49544,64981],[0,-415]],[[49544,64566],[-885,5]],[[48659,64571],[10,1072]],[[86340,52995],[710,-16]],[[87050,52979],[2428,-62]],[[89478,52917],[-52,-1228]],[[89426,51689],[-32,-817]],[[89394,50872],[-428,76],[-2265,68]],[[86701,51016],[-419,13]],[[86282,51029],[58,1966]],[[13746,86236],[2651,20]],[[16397,86256],[0,-8]],[[16397,86248],[-2,-1620]],[[16395,84628],[-2639,-8]],[[72254,55048],[2238,-75]],[[74492,54973],[-68,-1995]],[[74424,52978],[-2,-50]],[[74422,52928],[-2245,66]],[[72177,52994],[77,2054]],[[79723,88590],[2212,6]],[[81935,88596],[-28,-1959]],[[81907,86637],[-2180,23]],[[79727,86660],[-4,1930]],[[95483,96818],[2035,-20]],[[95483,94722],[0,2096]],[[13779,79734],[2631,16]],[[16410,79750],[40,-2441]],[[16450,77309],[-2688,-18]],[[13762,77291],[17,2443]],[[77453,90314],[606,597]],[[78059,90911],[225,-208],[5,-598]],[[78289,90105],[32,-74]],[[78321,90031],[-160,77],[-710,2]],[[77451,90110],[2,204]],[[28090,77334],[1786,-34]],[[29876,77300],[-9,-2425]],[[29867,74875],[-1336,20]],[[28531,74895],[-442,5]],[[28089,74900],[1,2434]],[[5732,84595],[2659,7]],[[8391,84602],[4,0]],[[8395,84602],[22,-2423]],[[5754,82164],[-22,2431]],[[78814,52818],[2202,-82]],[[80967,51105],[-13,-437]],[[80954,50668],[-2136,61]],[[78818,50729],[-77,3]],[[78741,50732],[73,2086]],[[88438,60289],[886,-21]],[[90652,60238],[-62,-1861]],[[90590,58377],[-2671,125]],[[87919,58502],[-440,14]],[[87479,58516],[66,1799]],[[72599,37835],[77,2436]],[[72676,40271],[2208,-81]],[[74884,40190],[-70,-2440]],[[74814,37750],[-877,25]],[[73937,37775],[-1338,44]],[[72599,37819],[0,16]],[[71076,69913],[2680,3]],[[73756,69916],[-7,-2139]],[[73749,67777],[-2,-320]],[[73747,67457],[-2727,8]],[[71020,67465],[56,2448]],[[8458,67493],[1371,8]],[[9829,67501],[4,-821]],[[9833,66680],[10,-2844]],[[8462,63834],[0,1216]],[[8462,65050],[-4,2443]],[[35228,74881],[2677,16]],[[37905,74897],[1,-2437]],[[37906,72460],[-2681,-11]],[[35225,72449],[3,2432]],[[33300,36329],[1189,-58]],[[34489,36271],[1958,-118]],[[36447,36153],[-124,-1912]],[[36323,34241],[-10,-210]],[[36313,34031],[-2749,135]],[[33564,34166],[-264,2163]],[[56843,53482],[2136,-58]],[[58979,53424],[0,-12]],[[58979,53412],[-27,-2044]],[[58952,51368],[-1858,47]],[[57094,51415],[-371,20]],[[56723,51435],[120,2047]],[[51724,7501],[49,520]],[[51773,8021],[2807,-213]],[[54580,7808],[-191,-2496]],[[54389,5312],[0,-1]],[[54389,5311],[-2816,178]],[[18373,47791],[35,460]],[[18408,48251],[1855,-105],[835,-75]],[[21098,48071],[-194,-2444]],[[20904,45627],[-2675,171]],[[18229,45798],[144,1993]],[[65616,51161],[2234,-65]],[[67773,49091],[-2213,66]],[[65560,49157],[56,2004]],[[43476,17499],[14,201],[456,-22],[91,200]],[[44037,17878],[812,-46],[-19,-211],[401,-19]],[[45231,17602],[-157,-2262]],[[45074,15340],[-426,25]],[[44648,15365],[-1299,65]],[[43349,15430],[127,2069]],[[16815,38978],[8,-7],[-9,-10]],[[16814,38961],[1,17]],[[18472,16261],[4,39]],[[18476,16300],[168,-61],[1698,-200]],[[20342,16039],[-122,-1813],[364,-28]],[[20584,14198],[316,-377],[90,-310]],[[20990,13511],[-2774,252]],[[18216,13763],[256,2498]],[[22727,13256],[532,109],[866,97]],[[24125,13462],[1429,-409]],[[25554,13053],[-465,-543],[-614,-255],[-246,-1330]],[[24229,10925],[-1650,987]],[[22579,11912],[169,60],[-21,1284]],[[85266,81314],[6,222],[424,84],[-9,-502],[-431,15],[10,181]],[[83940,80318],[-579,-3]],[[83361,80315],[7,432],[572,10],[0,-439]],[[419,65045],[2626,-12]],[[3045,65033],[-7,-2441]],[[3038,62592],[-2619,1]],[[419,62593],[0,2452]],[[5799,62596],[2666,5]],[[8465,62194],[8,-1632]],[[8473,60562],[-1559,-4]],[[6914,60558],[-120,197],[-241,-200]],[[6553,60555],[-765,-4]],[[5788,60551],[11,2045]],[[86514,78298],[2239,-24]],[[88753,78274],[7,-1869]],[[88760,76405],[-2239,-11]],[[86521,76394],[-7,1904]],[[80563,78317],[381,89],[23,-91]],[[80967,78315],[-404,2]],[[77435,80405],[572,-5]],[[78007,80400],[1697,-14]],[[79704,80386],[-2,-2060]],[[79702,78326],[-2267,3]],[[77435,78329],[-1,656]],[[77434,78985],[1,1420]],[[79193,74277],[66,-11]],[[79393,74369],[29,138]],[[79422,74507],[256,-4]],[[79678,74503],[-2,-155]],[[79676,74348],[-4,-560]],[[79672,73788],[-554,148],[3,208]],[[91040,86666],[2182,-10]],[[93222,86656],[-11,-2108]],[[97722,78329],[2277,1]],[[99999,78330],[-7,-1947]],[[99992,76383],[-1160,-2]],[[98832,76381],[-1111,1]],[[97721,76382],[1,1947]],[[83664,51033],[-66,-408],[-34,-1120]],[[83561,49432],[-2642,54]],[[80919,49486],[35,1182]],[[13756,84620],[26,-2443]],[[13782,82177],[-2657,2]],[[11125,82179],[-1,2434]],[[3005,84582],[2727,13]],[[5754,82164],[-2727,-14]],[[3027,82150],[-22,2432]],[[377,84570],[2628,12]],[[380,82158],[-3,2412]],[[8395,84602],[2729,11]],[[11125,82179],[-2708,0]],[[10210,89058],[3516,18]],[[13726,89076],[20,-2830]],[[11119,86234],[-4,800],[-899,-5]],[[10216,87029],[-6,2029]],[[87410,56641],[450,-14]],[[87860,56627],[1867,-62]],[[89727,56565],[-45,-1219],[-125,-605]],[[89557,54741],[-2214,81]],[[87343,54822],[67,1819]],[[73756,69916],[-1,329]],[[73755,70245],[788,-24]],[[74543,70221],[1799,-79]],[[76342,70142],[-138,-2463]],[[76204,67679],[-2455,98]],[[73746,67193],[416,338],[1014,-50],[942,-325],[66,100]],[[76184,67256],[68,209],[306,-28],[99,223]],[[76657,67660],[465,68],[228,-98]],[[77350,67630],[-14,-261],[224,-164],[52,-553],[133,-275],[-103,-336],[-276,-66],[-131,-620],[-450,17],[-62,-203]],[[76723,65169],[-438,18]],[[76285,65187],[152,531],[-329,130]],[[76108,65848],[18,346]],[[76126,66194],[4,68]],[[76130,66262],[-308,178],[-400,581],[-253,-149],[-239,123],[128,483],[-839,41],[-473,-334]],[[73746,67185],[0,8]],[[4689,52081],[89,0],[-13,-1203]],[[4765,50878],[26,-1204]],[[4791,49674],[-2196,-8]],[[2595,49666],[-22,2422]],[[373,54543],[2191,-19]],[[2573,52135],[-2215,21]],[[358,52156],[15,2387]],[[5141,46438],[788,11],[-15,804],[122,3]],[[6036,47256],[1198,21]],[[7234,47277],[49,-2437]],[[7283,44840],[-2121,-36]],[[5162,44804],[-21,1634]],[[25345,55989],[36,444]],[[25381,56433],[173,1500]],[[25554,57933],[127,1345]],[[25681,59278],[2635,-194]],[[28316,59084],[-260,-3199]],[[28056,55885],[-4,-50]],[[28052,55835],[-2707,154]],[[66233,82478],[793,-7]],[[67026,82471],[48,-1]],[[67074,82470],[280,-3]],[[67354,82467],[1071,-5]],[[68425,82462],[-25,-2116]],[[68400,80346],[-2195,-6]],[[66205,80340],[28,2138]],[[57543,82540],[1831,-18]],[[59374,82522],[-44,-2176]],[[57610,80377],[-3,207]],[[57607,80584],[-64,1956]],[[59298,78265],[2348,-23]],[[61646,78242],[-32,-1756]],[[61614,76486],[-2308,17]],[[59306,76503],[-8,1762]],[[8357,22791],[299,36]],[[8656,22827],[-178,-197]],[[8478,22630],[-2,-18]],[[8476,22612],[-119,179]],[[2910,20168],[164,-133],[215,-452],[775,-245],[468,-439],[563,35],[471,223],[25,407],[-659,43],[12,409]],[[4944,20016],[50,216],[-300,90],[-102,539]],[[4592,20861],[333,18],[130,361]],[[5055,21240],[457,61],[79,1128]],[[5591,22429],[224,52]],[[5815,22481],[301,81]],[[6116,22562],[307,-6],[287,207]],[[6710,22763],[84,-309],[790,-188],[28,456]],[[7612,22722],[261,124]],[[7873,22846],[183,-60]],[[8056,22786],[182,7]],[[8238,22793],[119,-2]],[[8476,22612],[114,-107]],[[8590,22505],[37,-93]],[[8627,22412],[-77,-203]],[[8550,22209],[-46,-392],[368,161]],[[8872,21978],[205,-11]],[[9077,21967],[434,171]],[[9511,22138],[277,-530]],[[9788,21608],[279,-215]],[[10067,21393],[148,-141]],[[10215,21252],[51,-87]],[[10266,21165],[-7,-43]],[[10259,21122],[141,-145]],[[10400,20977],[-7,-67]],[[10393,20910],[-286,-61]],[[10107,20849],[-45,4]],[[10062,20853],[-399,29],[83,-423]],[[9746,20459],[33,-3]],[[9779,20456],[69,-326],[-101,-351],[-252,-210],[156,-361],[319,512],[471,-230],[-94,-619],[-421,66],[-270,207],[-175,-283],[193,-269],[-451,-443]],[[9223,18149],[-149,178],[-76,411],[7,596],[-289,565],[-235,165],[-353,31],[-242,-132],[-297,-400],[-372,-246],[-347,-42],[-609,201],[-495,-484],[-687,-222],[-428,-18],[-287,92],[-416,417],[-916,350],[-519,735]],[[2513,20346],[397,-178]],[[7761,21731],[113,257],[-243,-11],[-131,-141]],[[7500,21836],[-206,-164],[-25,-390],[402,-101],[162,98],[-72,452]],[[8735,21640],[-166,27]],[[8569,21667],[-192,-271],[-292,-123],[33,-460],[654,-65],[195,605],[-232,287]],[[8550,22209],[329,-155]],[[8879,22054],[-7,-76]],[[6595,22961],[-500,59]],[[6095,23020],[19,483],[545,-103],[-64,-439]],[[25773,40726],[3411,-299]],[[29184,40427],[-445,-1848]],[[28739,38579],[-94,-374],[-1375,119]],[[27270,38324],[13,83],[-1599,101]],[[25684,38508],[-108,8]],[[25576,38516],[197,2210]],[[18069,43748],[160,2050]],[[20904,45627],[-204,-2471]],[[20700,43156],[-2657,198]],[[18043,43354],[26,394]],[[26672,45208],[1600,-121]],[[28272,45087],[2044,-128]],[[29888,42837],[-776,100],[-2644,239]],[[26468,43176],[204,2032]],[[23761,33801],[974,-53],[15,227],[1561,-67],[537,-459]],[[26848,33449],[-113,-1358]],[[26735,32091],[-1249,95]],[[23645,32324],[116,1477]],[[8443,78917],[-1,-407],[2684,-10]],[[11126,78500],[0,-1218]],[[11126,77282],[-2679,-3]],[[8447,77279],[-453,0]],[[7994,77279],[2,1629],[447,9]],[[390,74818],[2680,-4]],[[3070,74814],[0,-2455]],[[3070,72359],[-2678,-5]],[[392,72354],[-2,2464]],[[8438,79743],[5,-826]],[[7994,77279],[-2267,-19]],[[5727,77260],[31,2463]],[[64460,32107],[184,-17]],[[64644,32090],[2464,-155]],[[67108,31935],[-161,-2527]],[[66947,29408],[-2679,160]],[[64268,29568],[192,2539]],[[63783,38266],[1308,-53]],[[65091,38213],[1732,-108]],[[66823,38105],[419,-3]],[[67242,38102],[-40,-846],[76,-420]],[[67278,36836],[-2276,135]],[[65002,36971],[-1302,84]],[[63700,37055],[83,1211]],[[36647,39339],[4,89]],[[36651,39428],[2102,-113]],[[38753,39315],[-376,-155],[-5,-173],[297,-270],[334,-13],[-63,-470],[-234,-370],[636,-378],[-151,-301]],[[39191,37185],[-1001,-10],[299,-634]],[[38489,36541],[-2011,115]],[[36478,36656],[169,2683]],[[48558,32208],[-214,-2408]],[[48344,29800],[-216,-8],[-2348,149]],[[45780,29941],[187,2464]],[[2989,87017],[2729,14]],[[5718,87031],[6,-1105]],[[5724,85926],[1,-267]],[[5725,85659],[1,-37]],[[5726,85622],[1,-116]],[[5727,85506],[5,-911]],[[3005,84582],[-16,2435]],[[8400,87030],[1816,-1]],[[8391,84602],[9,2428]],[[41713,44222],[-5,0]],[[41708,44222],[5,0]],[[41461,41999],[-145,36]],[[41316,42035],[145,-36]],[[41135,42087],[-77,13]],[[41058,42100],[-9,284],[278,186],[-158,328],[189,165],[413,64],[162,-398],[-6,-387],[-221,-311],[-514,366],[-57,-310]],[[40417,42221],[-79,16]],[[40338,42237],[79,-16]],[[40195,44480],[58,24]],[[40253,44504],[-58,-24]],[[39865,42309],[146,-11]],[[40011,42298],[-77,3]],[[39934,42301],[-18,1]],[[39916,42302],[-51,7]],[[39857,42310],[-23,3]],[[39834,42313],[23,-3]],[[39735,42324],[-36,1]],[[39699,42325],[36,-1]],[[39540,43860],[195,-190],[-14,-597],[-167,-91]],[[39554,42982],[-14,878]],[[39422,44234],[138,26]],[[39560,44260],[-135,-30]],[[39425,44230],[-3,4]],[[46988,42184],[109,-6]],[[47097,42178],[-78,-861]],[[47019,41317],[-201,136],[170,731]],[[45322,42280],[34,0]],[[45356,42280],[-34,0]],[[45473,42281],[292,-20]],[[45765,42261],[-29,-376],[-251,-327],[-823,532],[811,191]],[[43819,39715],[-13,-147]],[[43806,39568],[13,147]],[[43804,39547],[25,280]],[[43829,39827],[3,97]],[[43832,39924],[13,286]],[[43845,40210],[83,1209]],[[43928,41419],[724,-164],[20,281],[585,-40],[327,-121],[565,64],[-18,-625],[627,24],[245,119]],[[47003,40957],[-95,-1237]],[[46908,39720],[-442,37],[-64,-819]],[[46402,38938],[-2638,168]],[[43764,39106],[40,441]],[[11178,62206],[0,-214]],[[11178,61992],[4,-1827]],[[8475,60152],[-2,410]],[[21269,50095],[36,406]],[[21305,50501],[2642,-193]],[[23947,50308],[-178,-2016]],[[23769,48292],[-2639,182]],[[21130,48474],[139,1621]],[[28845,51147],[653,-56]],[[29498,51091],[1322,-109],[-53,-753]],[[30767,50229],[-138,-2028]],[[30629,48201],[-2042,126]],[[28587,48327],[258,2820]],[[26872,51312],[792,-66]],[[27664,51246],[1181,-99]],[[28587,48327],[-2058,126]],[[26529,48453],[343,2859]],[[47049,72543],[1539,-13]],[[48588,72530],[126,-1]],[[48714,72529],[7,-2632]],[[48721,69897],[-1710,15]],[[47011,69912],[38,2631]],[[42830,72474],[447,0]],[[43277,72474],[1784,0]],[[45061,72474],[-13,-2423]],[[45048,70051],[-1786,-10]],[[43262,70041],[-442,-1]],[[42820,70040],[10,2434]],[[45672,67450],[1293,-1]],[[46965,67449],[832,-5]],[[47797,67444],[-20,-813]],[[47777,66631],[-1,-100]],[[47776,66531],[-9,-717]],[[47767,65814],[-702,6]],[[47065,65820],[-171,3]],[[46894,65823],[-1265,3]],[[45629,65826],[43,1624]],[[54496,52079],[88,1516]],[[54584,53595],[2253,-100]],[[56837,53495],[6,-13]],[[56723,51435],[-1917,97]],[[54806,51532],[-337,19],[27,528]],[[58831,45385],[2207,-88]],[[61038,45297],[-2,-44]],[[61036,45253],[-92,-1974],[-766,26]],[[60178,43305],[-1460,67]],[[58718,43372],[113,2013]],[[47979,50287],[2292,-124]],[[50143,48080],[-2290,115]],[[47853,48195],[126,2092]],[[33511,33603],[53,563]],[[36313,34031],[-198,-2891]],[[36115,31140],[-1201,500],[-180,363]],[[34734,32003],[-356,110],[-927,905],[60,585]],[[30163,32639],[906,420]],[[31069,33059],[785,279],[1657,265]],[[34734,32003],[-1239,-646],[-637,-711],[7,-547],[123,-232],[-395,-45],[5,-213]],[[32598,29609],[-317,59],[-109,203],[-489,-20]],[[31683,29851],[-48,289],[-233,3],[-98,342],[-640,-20],[-36,312],[-423,264],[44,140]],[[30249,31181],[223,167],[-224,339],[230,196],[-254,370],[-61,386]],[[31281,32299],[341,-240],[182,-580],[-38,-257],[456,-164],[91,298],[395,333],[177,-174],[12,-418],[241,35],[187,239],[-2,511],[-236,-23],[16,638],[-259,-28],[-10,-274],[-495,10],[-534,134],[-524,-40]],[[76451,47142],[68,1635]],[[76519,48777],[2208,-87]],[[78727,48690],[-69,-843],[4,-1197]],[[78662,46650],[-436,16]],[[78226,46666],[-1803,55]],[[76423,46721],[28,421]],[[72161,48931],[1055,-33]],[[73216,48898],[1100,-34]],[[74316,48864],[-61,-1641]],[[74255,47223],[-18,-418]],[[72068,46880],[93,2051]],[[80816,46575],[16,476]],[[80832,47051],[2653,-73]],[[83485,46978],[-34,-1200]],[[83451,45778],[-29,-812]],[[83422,44966],[-2653,53]],[[80769,45019],[47,1556]],[[80919,49486],[-30,-875]],[[80889,48611],[-2162,79]],[[78727,48690],[91,2039]],[[27091,70039],[94,56]],[[27185,70095],[93,-57]],[[27278,70038],[-187,1]],[[21843,72459],[2674,13]],[[24517,72472],[-6,-2412]],[[21848,70070],[0,355]],[[21848,70425],[-5,2034]],[[48587,32617],[2562,-142]],[[51149,32475],[-22,-406]],[[51127,32069],[-145,-2447]],[[50982,29622],[-2635,157]],[[48347,29779],[-3,21]],[[55335,76517],[2311,-8]],[[57646,76509],[62,-618],[34,-1400]],[[57742,74491],[-2335,-11]],[[55407,74480],[-72,2037]],[[41322,79829],[-450,7]],[[40872,79836],[59,285],[391,-85],[0,-207]],[[32646,84021],[2702,4]],[[35348,84025],[-43,-1827]],[[35305,82198],[-2690,1]],[[32615,82199],[31,1822]],[[57679,65004],[2729,-16]],[[60408,64988],[27,-1637]],[[60435,63351],[0,-811]],[[60435,62540],[-2739,-3]],[[57696,62537],[-17,2467]],[[60398,67429],[2217,12]],[[62615,67441],[15,-2441]],[[62630,65000],[-4,0]],[[62626,65000],[-2218,-12]],[[60408,64988],[-10,2441]],[[59279,74472],[2299,-44]],[[61578,74428],[-43,-1999]],[[60333,72436],[-1090,14]],[[59243,72450],[36,2022]],[[35232,63897],[-4,-1217]],[[35228,62680],[-2672,-1]],[[32556,63889],[2676,8]],[[37936,62693],[1940,29],[738,-11]],[[40614,62711],[-28,-2465]],[[40586,60246],[-2438,0]],[[38148,60246],[-234,1]],[[37914,60247],[22,2446]],[[40586,60246],[2705,37]],[[43291,60283],[-8,-1882]],[[43283,58401],[-1357,-172]],[[41926,58229],[-1346,-176],[-2,371]],[[40578,58424],[8,1822]],[[21782,84247],[672,-1],[203,296],[575,200]],[[23232,84742],[343,-85],[9,-1189]],[[23584,83468],[-452,-8],[1,-199],[-449,-3],[-336,-205],[5,-407],[-577,-4]],[[21776,82642],[6,1605]],[[21776,82235],[1818,12],[577,-106],[317,115]],[[24508,79801],[-2703,-13]],[[21805,79788],[-29,2447]],[[57440,42399],[2681,-152]],[[60121,42247],[-159,-2483]],[[59962,39764],[-2711,180]],[[57251,39944],[189,2455]],[[61732,34713],[86,1222],[436,-22]],[[62254,35913],[1315,-52],[-72,-1240]],[[63497,34621],[-25,-373],[-1325,20]],[[62147,34268],[-432,23],[17,422]],[[67599,74800],[331,0],[-1,-104],[-183,-28],[-147,132]],[[36072,13410],[712,1],[705,384],[398,877],[739,378]],[[38626,15050],[472,-554],[381,-298],[302,-473]],[[39781,13725],[-297,88],[-914,-113],[-192,-80],[-132,-525],[-26,-905],[-465,-1255],[44,-470],[-221,-178]],[[37578,10287],[-335,36],[-313,-306],[-334,-184],[-79,-342],[-436,10]],[[36081,9501],[-5,2989]],[[36076,12490],[-4,920]],[[44232,9742],[-704,-297]],[[43528,9445],[-53,217],[289,197],[468,-117]],[[40625,79838],[203,-2]],[[40828,79836],[0,-213],[530,0],[-36,206]],[[41322,79829],[2017,-15]],[[43339,79814],[-37,-2444]],[[43302,77370],[-2711,9]],[[40591,77379],[34,2459]],[[32532,74869],[2696,12]],[[35225,72449],[-2681,-25]],[[32544,72424],[-12,2445]],[[43302,77370],[2816,-31]],[[46118,77339],[24,-658]],[[46142,76681],[64,-1777]],[[46206,74904],[-2900,15]],[[43306,74919],[-4,2451]],[[8035,28717],[237,112]],[[8272,28829],[2895,-173]],[[11167,28656],[-75,-830]],[[11092,27826],[-37,-422]],[[11055,27404],[-30,-302]],[[11025,27102],[-9,-97]],[[7940,27180],[95,1537]],[[119,32579],[1208,-30],[1396,24]],[[2723,32573],[12,-2498]],[[2735,30075],[-1793,26],[-840,-49]],[[102,30052],[17,2527]],[[19332,29130],[67,861]],[[19399,29991],[2174,-71]],[[21573,29920],[114,-7],[85,-2073]],[[21772,27840],[-575,91],[-894,599],[-990,351]],[[19313,28881],[19,249]],[[19399,29991],[146,1928]],[[19545,31919],[57,701]],[[19602,32620],[1267,-83]],[[20869,32537],[909,-75]],[[21654,31106],[-81,-1186]],[[24388,27612],[225,1506],[614,-285]],[[25227,28833],[949,-387],[1412,-1847]],[[27588,26599],[-898,-646]],[[26690,25953],[-451,-326]],[[26239,25627],[-1036,-757]],[[25203,24870],[-363,1123],[-144,616]],[[24696,26609],[-308,1003]],[[28752,29752],[-101,-1454]],[[28651,28298],[-72,-1005]],[[28579,27293],[-991,-694]],[[25227,28833],[3525,919]],[[63475,55293],[1,26]],[[63476,55319],[2006,-86],[257,19]],[[65739,55252],[-57,-2047]],[[65682,53205],[1,-23]],[[63365,53265],[110,2028]],[[72177,52990],[0,4]],[[74422,52928],[-85,-2063]],[[74337,50865],[-1044,33]],[[73293,50898],[-1178,67]],[[72115,50965],[62,2025]],[[63880,78242],[2292,-1]],[[66172,78241],[-33,-1788]],[[66139,76453],[-2301,15]],[[63838,76468],[42,1774]],[[72842,76454],[-15,-2064]],[[72827,74390],[-671,-6]],[[72156,74384],[-248,203],[-157,-203]],[[71751,74384],[-1196,11]],[[70555,74395],[4,2067]],[[13928,58165],[2649,26]],[[16577,58191],[7,-2448]],[[16584,55743],[-2660,-19]],[[13924,55724],[4,2441]],[[47294,21418],[446,-28],[89,1125]],[[47829,22515],[2622,-159]],[[50451,22356],[-32,-356]],[[50419,22000],[-113,-1247]],[[50306,20753],[-67,-801]],[[50239,19952],[-3049,224]],[[47190,20176],[104,1242]],[[52418,14804],[64,625]],[[52482,15429],[2768,-203]],[[55250,15226],[0,-10]],[[55250,15216],[-230,-2454]],[[55020,12762],[-38,-414]],[[54982,12348],[-434,56],[-2337,193]],[[52211,12597],[207,2207]],[[38363,48867],[534,91],[64,183]],[[38961,49141],[271,-154]],[[39232,48987],[15,-48]],[[39247,48939],[55,34]],[[39302,48973],[163,-261]],[[39465,48712],[63,-116]],[[39528,48596],[-1164,81]],[[38364,48677],[-1,190]],[[36515,55347],[22,1748]],[[36537,57095],[1323,-96]],[[37860,56999],[-1,-425],[-118,-160],[35,-651],[340,-1190],[-5,-237]],[[38111,54336],[-1597,123]],[[36514,54459],[1,888]],[[79727,86617],[221,-48],[-29,-790],[-199,-62]],[[79720,85717],[7,900]],[[86476,88642],[2272,-7]],[[88748,88635],[-7,-1949]],[[88741,86686],[-2251,-15]],[[86490,86671],[-14,1971]],[[88749,90612],[-1,-1977]],[[86476,88642],[-20,1955]],[[84383,84559],[2116,10]],[[86499,84569],[24,-2197]],[[86523,82372],[-2160,3]],[[84363,82375],[20,2184]],[[47025,64599],[19,-1]],[[47044,64598],[85,0]],[[47129,64598],[-16,-135],[-90,0],[2,136]],[[92953,70085],[244,-208]],[[93197,69877],[-194,2]],[[93003,69879],[-50,206]],[[46719,58514],[15,287],[503,60]],[[47237,58861],[1319,166],[-35,-470]],[[48521,58557],[-127,-2083]],[[48394,56474],[-1777,90]],[[46617,56564],[102,1950]],[[5864,91678],[86,205],[477,127],[36,-738],[-488,-2],[-111,408]],[[28805,8608],[-49,-446],[192,-89]],[[28948,8073],[-618,-219],[-439,-62]],[[27891,7792],[-50,199],[749,589],[215,28]],[[26520,15289],[149,1979]],[[26669,17268],[1429,-43],[340,79]],[[28438,17304],[-144,-1014],[47,-234],[-93,-1295]],[[28248,14761],[-69,-802],[-1743,113]],[[26436,14072],[84,1217]],[[49398,9702],[756,-56],[88,411]],[[50242,10057],[1719,-162]],[[51961,9895],[-188,-1874]],[[49142,7674],[114,374],[142,1654]],[[51961,9895],[57,621]],[[52018,10516],[2304,-190]],[[54322,10326],[-69,-820],[458,-42],[-131,-1656]],[[54389,5312],[2771,-172]],[[57160,5140],[-4,-49]],[[57156,5091],[-162,-2381]],[[56994,2710],[-348,0],[-2420,147]],[[54226,2857],[163,2454]],[[30606,47792],[2582,-29]],[[33188,47763],[241,-3]],[[33429,47760],[-114,-1469]],[[33315,46291],[-2362,-226]],[[30429,46000],[177,1792]],[[16410,79750],[2705,16]],[[19115,79766],[23,-2441]],[[19138,77325],[-2688,-16]],[[67770,49043],[3,48]],[[69993,49016],[3,-1]],[[69996,49015],[-99,-2028]],[[69897,46987],[-2207,65]],[[67690,47052],[80,1991]],[[63869,39532],[1312,-77]],[[65181,39455],[-90,-1242]],[[63783,38266],[86,1266]],[[61131,47341],[84,2002]],[[63403,49222],[-1,-7]],[[63402,49215],[-78,-1961]],[[63324,47254],[-2193,87]],[[70119,42848],[1755,-84]],[[71874,42764],[872,-30]],[[72746,42734],[-70,-2463]],[[72676,40271],[-2695,134]],[[5232,39891],[2593,38]],[[7825,39929],[39,-2395]],[[7864,37534],[-2611,-21]],[[5253,37513],[-21,2378]],[[11118,74412],[1,420]],[[13783,74852],[14,-2035]],[[13797,72817],[-446,-20],[-2238,-3]],[[11113,72794],[5,1618]],[[16385,82201],[2689,13]],[[19074,82214],[41,-2448]],[[16410,79750],[-25,2451]],[[15601,45935],[2574,-160],[54,23]],[[18069,43748],[-2631,190]],[[15438,43938],[163,1997]],[[15735,47966],[2638,-175]],[[15601,45935],[134,2031]],[[99602,82462],[387,1]],[[99989,82463],[1,-482]],[[99990,81981],[-395,1],[7,480]],[[95515,80258],[2195,13]],[[97710,80271],[12,-1942]],[[97722,78329],[-2195,2]],[[95527,78331],[-12,1927]],[[77670,58569],[35,-44]],[[77705,58525],[-35,44]],[[77874,58836],[-120,-92]],[[77754,58744],[120,92]],[[75577,60118],[1314,-67],[34,944]],[[76925,60995],[2256,-78]],[[79181,60917],[-38,-1005]],[[79143,59912],[-237,11],[-103,-502],[-335,-292]],[[78468,59129],[-158,-175]],[[78310,58954],[-244,171],[-34,452],[-287,219],[-43,247],[-663,358],[217,-757],[106,-119],[18,-734],[259,-195]],[[77639,58596],[27,-201]],[[77666,58395],[-92,-333]],[[77574,58062],[-861,139],[-5,-187],[-993,32]],[[75715,58046],[-210,209]],[[75505,58255],[72,1863]],[[79143,59912],[-44,-989]],[[79099,58923],[-286,226],[-345,-20]],[[78191,57497],[294,65],[227,300],[551,-580],[193,182],[-115,505],[-460,128],[-146,386],[323,190],[41,247]],[[79099,58920],[1725,-78]],[[80824,58842],[-18,-613]],[[80806,58229],[-48,-1418]],[[80758,56811],[-650,19]],[[80108,56830],[-1936,107]],[[78172,56937],[19,560]],[[77666,58395],[277,-179],[178,-677]],[[78121,57539],[-547,523]],[[77639,58596],[31,-27]],[[77705,58525],[49,219]],[[77874,58836],[436,118]],[[79099,58923],[0,-3]],[[78191,57497],[-70,42]],[[80824,58842],[221,-5],[74,2049]],[[81119,60886],[232,-5]],[[81351,60881],[-16,-354],[1324,-45]],[[82659,60482],[-64,-1649]],[[82573,58011],[-1334,35],[8,171],[-441,12]],[[59020,55472],[2170,-73]],[[61190,55399],[-91,-2019]],[[61099,53380],[-2120,32]],[[58979,53424],[41,2048]],[[50535,54328],[-137,-2017]],[[50398,52311],[-2287,112]],[[48111,52423],[135,2032]],[[11163,66275],[2705,37]],[[13868,66312],[12,-1230]],[[13880,65082],[8,-1217]],[[13888,63865],[-2218,-9]],[[11670,63856],[-7,812],[-489,-3],[-11,1610]],[[19204,65129],[2657,36]],[[21861,65165],[-8,-2455]],[[21853,62710],[-2648,-15]],[[19205,62695],[-1,2434]],[[9833,66680],[1330,10],[0,-415]],[[11670,63856],[-490,-16]],[[34318,55481],[536,-100],[248,-129],[1127,231],[286,-136]],[[36514,54459],[4,-951]],[[36518,53508],[-604,-55],[30,-295],[-608,-60],[22,-246],[-582,-51]],[[34776,52801],[-406,-32]],[[34370,52769],[-42,592],[-212,-27],[-140,568],[342,1579]],[[8438,72375],[1342,5]],[[9780,72380],[25,-2436]],[[9805,69944],[-1362,-4]],[[8443,69940],[5,812],[-446,-4],[-11,1626]],[[81368,43363],[2004,-53]],[[83372,43310],[-76,-2334]],[[83296,40976],[-1773,46]],[[81523,41022],[-649,15]],[[80874,41037],[32,1243],[423,-8],[39,1091]],[[75187,35273],[652,-24]],[[75839,35249],[1977,-77]],[[77816,35172],[-3,-403]],[[77813,34769],[-7,-1753]],[[77806,33016],[-2569,98]],[[75237,33114],[-98,4]],[[75139,33118],[48,2155]],[[52348,62505],[2678,19]],[[55026,62524],[39,-2442]],[[55065,60082],[-2226,-18]],[[52839,60064],[-444,-3]],[[52285,67069],[644,-672],[-19,1051]],[[52910,67448],[490,750],[678,-324]],[[54078,67874],[99,-413]],[[54177,67461],[-102,-218],[0,-450],[-162,-240],[390,-87],[-220,-726],[222,-54],[-3,-283],[-293,3],[68,-420]],[[54077,64986],[-231,-5],[3,-332],[-295,8],[-104,-371],[-223,-141],[-448,128],[-2,264],[-474,14]],[[52303,64551],[5,83]],[[52308,64634],[0,-10]],[[52308,64624],[-2,-17]],[[52306,64607],[113,3],[16,153],[-127,-9],[-4,143],[405,66]],[[52709,64963],[-416,421]],[[52293,65384],[-3,1428],[-442,92],[-2,305],[439,-140]],[[3057,67474],[-12,-2441]],[[419,65045],[-3,2433]],[[53094,21754],[93,1031]],[[53187,22785],[2666,-178]],[[55853,22607],[-162,-2055]],[[55691,20552],[-2095,128]],[[53596,20680],[-592,59]],[[53004,20739],[90,1015]],[[48161,26997],[1744,-140],[881,-45]],[[50786,26812],[-156,-2027]],[[50630,24785],[-2065,134],[-103,-774],[-508,32]],[[47954,24177],[55,751]],[[47893,23345],[61,832]],[[50630,24785],[-179,-2429]],[[47829,22515],[64,830]],[[55655,20116],[2594,-158]],[[58249,19958],[-190,-2487]],[[58059,17471],[-2614,207]],[[55445,17678],[210,2438]],[[28526,18894],[1122,521],[498,-119],[24,452]],[[30170,19748],[808,-447],[357,-284]],[[31335,19017],[-59,-1151]],[[31276,17866],[-632,-113]],[[30644,17753],[-1958,-396]],[[28686,17357],[-41,652],[48,411],[-167,474]],[[72422,82469],[476,1]],[[72898,82470],[554,3]],[[73452,82473],[459,1]],[[73911,82474],[-18,-1052],[-666,10],[-2,-1024]],[[73225,80408],[-336,-3]],[[72889,80405],[-469,3]],[[72420,80408],[2,2061]],[[78769,87562],[271,163],[11,871]],[[79051,88596],[672,-6]],[[79727,86660],[-1106,3]],[[78621,86663],[143,386],[5,513]],[[71053,85100],[-127,-109]],[[78415,88597],[636,-1]],[[78769,87562],[-725,-64]],[[78044,87498],[0,232],[328,-2],[43,869]],[[76574,83080],[299,-1],[127,213]],[[77000,83292],[315,-217],[3,825],[131,-1]],[[77449,83899],[-2,-642]],[[77447,83257],[-2,-821]],[[77445,82436],[-666,11]],[[76779,82447],[-205,633]],[[77449,83899],[3,622]],[[77452,84521],[841,6]],[[78293,84527],[562,7]],[[78855,84534],[-23,-629],[870,-12]],[[79702,83893],[5,-1499]],[[79707,82394],[-467,12]],[[79240,82406],[-168,2]],[[79072,82408],[-728,11]],[[78344,82419],[-158,555],[-470,2],[-269,281]],[[15942,32902],[471,-35]],[[16413,32867],[1332,-100]],[[17745,32767],[1857,-147]],[[19545,31919],[-393,-269],[-371,-1],[-890,-479],[216,-380],[59,-336],[-303,-73],[-598,-642],[12,-247]],[[17277,29492],[-530,73]],[[16747,29565],[-335,478],[-667,32]],[[15745,30075],[197,2827]],[[65551,72178],[-6,197]],[[65545,72375],[546,-5]],[[66091,72370],[2043,-23]],[[68134,72347],[221,-3]],[[68355,72344],[39,-2446]],[[68394,69898],[-2672,-14]],[[65722,69884],[-76,2248],[-95,46]],[[91002,74392],[14,-2086]],[[91016,72306],[-1609,2]],[[89407,72308],[-633,1]],[[91016,72306],[1152,8]],[[92168,72314],[-15,-1623]],[[92153,70691],[-917,7],[-5,-817]],[[91231,69881],[-1816,13]],[[89415,69894],[-18,0]],[[89397,69894],[10,2414]],[[35915,30819],[200,321]],[[36115,31140],[2351,-114]],[[38466,31026],[2321,-96]],[[40787,30930],[96,-3]],[[40883,30927],[-389,-749],[-723,-659],[-304,-437]],[[39467,29082],[-290,97],[-3262,1640]],[[67206,59315],[1608,-53]],[[68814,59262],[1328,-33]],[[70142,59229],[-32,-2055]],[[70110,57174],[-2079,36]],[[68031,57210],[-890,47]],[[67141,57257],[65,2058]],[[7905,35079],[2644,27]],[[10549,35106],[887,6]],[[11436,35112],[34,-1928]],[[11470,33184],[-894,5]],[[10576,33189],[-2534,18],[-116,25]],[[7926,33232],[-21,1847]],[[73714,72331],[42,-35]],[[73756,72296],[-42,0],[0,35]],[[35241,70008],[2226,15]],[[37467,70023],[20,-2447],[441,0]],[[37928,67576],[4,-415]],[[37932,67161],[-1335,-8],[0,-404],[-1349,-10]],[[35248,66739],[-3,819]],[[35245,67558],[-4,2450]],[[31672,72418],[872,6]],[[32544,72424],[21,-2432]],[[32565,69992],[-1332,0]],[[31233,69992],[-2,1215],[445,3],[-4,1208]],[[19211,60257],[-1,605]],[[19210,60862],[2644,20]],[[21854,60882],[3,-1137]],[[21857,59745],[-663,-93],[-1984,-6]],[[58831,27445],[-205,-2495]],[[58626,24950],[-862,53]],[[57764,25003],[-1714,109]],[[81515,64987],[1783,-71]],[[83298,64916],[-93,-2042]],[[83205,62874],[-1778,29]],[[81427,62903],[88,2084]],[[64562,59406],[1347,-47]],[[65909,59359],[1297,-44]],[[67141,57257],[-1314,34]],[[65827,57291],[-1294,50]],[[64533,57341],[42,798],[-13,1267]],[[54857,58287],[-1857,57]],[[53000,58344],[45,1252],[-204,-30],[-2,498]],[[27198,79756],[2673,-16]],[[29871,79740],[5,-2440]],[[28090,77334],[-869,7]],[[27221,77341],[-23,2415]],[[70077,51023],[2038,-58]],[[73293,50898],[-77,-2000]],[[72161,48931],[-2165,84]],[[78342,91259],[60,75]],[[78402,91334],[-59,-121]],[[78855,84534],[574,-76]],[[79429,84458],[275,-173]],[[79704,84285],[-2,-392]],[[69952,35504],[2582,-129]],[[72534,35375],[-39,-2048]],[[72495,33327],[-289,-58],[-1488,57],[-191,321],[-447,0]],[[70080,33647],[15,400],[-460,27],[61,1077],[231,-6],[25,359]],[[33315,46291],[87,9]],[[33402,46300],[617,-1394]],[[34019,44906],[77,-568],[-453,-238],[13,-213]],[[33656,43887],[-1122,600],[-633,620]],[[16477,72429],[2690,18]],[[19167,72447],[12,-2039]],[[19179,70408],[1,-413]],[[19180,69995],[-2659,-10]],[[16521,69985],[-17,814]],[[16504,70799],[-27,1630]],[[45961,46197],[50,-3]],[[46011,46194],[330,-17]],[[46341,46177],[12,0]],[[46353,46177],[212,-11]],[[46565,46166],[16,-332],[-639,97],[-434,-656],[158,-102],[520,-34],[-26,-408],[341,-27],[71,-171]],[[46572,44533],[-604,-172]],[[45968,44361],[-55,-21]],[[45913,44340],[-770,534],[-553,84],[-55,360],[145,618],[226,315],[1055,-54]],[[43386,45995],[0,-10]],[[43386,45985],[0,10]],[[43381,45712],[-10,-70]],[[43371,45642],[10,70]],[[43331,45139],[77,415],[257,-136],[-334,-279]],[[5206,42344],[2110,39]],[[7316,42383],[467,10]],[[7783,42393],[42,-2464]],[[54580,7808],[2744,-174]],[[57324,7634],[-164,-2494]],[[334,89973],[2662,-18]],[[2996,89955],[-7,-2938]],[[2989,87017],[-2628,-17]],[[361,87000],[-27,2973]],[[3039,92222],[4,-2268]],[[3043,89954],[-47,1]],[[334,89973],[-4,2153],[2709,96]],[[11183,58133],[2745,32]],[[13924,55724],[1,-408]],[[13925,55316],[-1775,-29]],[[12150,55287],[-2,1240],[-956,-17]],[[11192,56510],[-8,1209]],[[78813,65085],[2702,-98]],[[81427,62903],[-2210,42]],[[79217,62945],[-494,6]],[[78723,62951],[90,2134]],[[61865,32268],[198,-12]],[[62063,32256],[2397,-149]],[[64268,29568],[-2594,175]],[[61674,29743],[191,2525]],[[67387,33574],[2366,-151],[89,-73]],[[69842,33350],[-89,-1557],[-219,13]],[[69534,31806],[-2248,119]],[[67286,31925],[101,1649]],[[29674,52985],[359,-495],[714,442],[299,-456],[504,286],[118,-227]],[[31668,52535],[29,-316],[766,-1055],[150,-464]],[[32613,50700],[-412,-277],[-449,-38],[-464,-281],[-521,125]],[[29498,51091],[176,1894]],[[62334,37130],[1366,-75]],[[65002,36971],[-180,-2433]],[[64822,34538],[-1325,83]],[[62254,35913],[80,1217]],[[22356,43057],[215,43]],[[23020,43411],[-35,260]],[[22985,43671],[84,472],[370,50]],[[23439,44193],[221,-421],[405,2],[34,377],[436,-152],[67,-498],[203,-224]],[[25962,42536],[0,-5]],[[22394,42307],[-293,193]],[[23377,43385],[-220,15]],[[61646,78242],[2234,0]],[[63838,76468],[-2222,18]],[[61616,76486],[-2,0]],[[63,27658],[2653,-18]],[[2716,27640],[1,-2417]],[[2717,25223],[-1395,4]],[[1322,25227],[-1306,7]],[[16,25234],[47,2424]],[[39191,37185],[1098,21],[258,-748]],[[40547,36458],[319,-922],[-1257,-563]],[[39609,34973],[-328,-141],[-792,1709]],[[56345,40003],[906,-59]],[[59962,39764],[-182,-2479]],[[59780,37285],[-2725,185]],[[57055,37470],[-888,59]],[[81892,84544],[2491,15]],[[84363,82375],[-2491,-7]],[[81872,82368],[20,2176]],[[47620,44630],[-18,-309]],[[47602,44321],[18,309]],[[47601,44313],[-26,-307]],[[47575,44006],[-131,4]],[[47444,44010],[-546,37]],[[46898,44047],[90,185],[613,81]],[[46341,46177],[12,0]],[[45968,44361],[-55,-21]],[[46565,46166],[158,-9]],[[46723,46157],[999,-56]],[[47722,46101],[-93,-1300]],[[47629,44801],[-436,148],[-201,-219],[-61,-339],[-359,142]],[[2735,30075],[-19,-2435]],[[63,27658],[39,2394]],[[37467,70023],[448,2]],[[37915,70025],[1785,10]],[[39707,67590],[-1779,-14]],[[88748,79222],[1,-145]],[[88749,79077],[-1274,12],[1,441],[639,39],[2,-343],[631,-4]],[[39016,58206],[4,202],[1558,16]],[[41926,58229],[-93,-1419]],[[41833,56810],[-2160,90]],[[39673,56900],[72,1058],[-728,-83],[-1,331]],[[1322,25227],[-32,-1611]],[[1290,23616],[-6,-797],[-1283,-12]],[[1,22807],[15,2427]],[[43478,56315],[69,-4]],[[43547,56311],[-69,4]],[[41764,55811],[39,582]],[[41803,56393],[1666,-78]],[[43469,56315],[-307,-105],[-12,-186],[398,-25],[291,297]],[[43839,56296],[226,-12]],[[44065,56284],[-112,-1591]],[[41700,54812],[64,999]],[[63838,76468],[-54,-2059]],[[63784,74409],[-2206,19]],[[61578,74428],[38,2058]],[[62618,75250],[219,-94],[80,395],[-159,171],[-290,-192],[150,-280]],[[40828,79836],[44,0]],[[43297,62723],[2280,35]],[[45577,62758],[-24,-1067]],[[45553,61691],[-456,9],[-23,-1440]],[[45074,60260],[-1783,23]],[[43291,60283],[6,2440]],[[91039,88636],[2190,-4]],[[91036,86666],[3,1970]],[[35332,87091],[2715,10]],[[38047,87101],[24,-1626]],[[38071,85475],[-2719,-19]],[[35352,85456],[-898,-5],[-10,815]],[[68394,69898],[2682,15]],[[71020,67465],[-2601,-24]],[[68419,67441],[-25,2457]],[[88416,40753],[151,2380]],[[88567,43133],[2610,-140]],[[91177,42993],[-30,-395]],[[91147,42598],[-112,-2038]],[[91035,40560],[-1322,80]],[[89713,40640],[-1297,113]],[[66947,29408],[-153,-2459]],[[66794,26949],[-2718,155]],[[64076,27104],[192,2464]],[[66947,29408],[2225,-116]],[[69045,26833],[-2251,116]],[[63909,24615],[2731,-146]],[[66640,24469],[-166,-2492]],[[66474,21977],[-2750,142]],[[63724,22119],[185,2496]],[[60342,12426],[1881,-89]],[[62223,12337],[-414,-547],[-689,-265],[-606,-545],[-100,-237],[115,-527]],[[60529,10216],[-329,20]],[[60200,10236],[142,2190]],[[57884,15031],[151,2034]],[[58035,17065],[2623,-141]],[[60658,16924],[-146,-2059]],[[60512,14865],[-2630,136]],[[57882,15001],[2,30]],[[91593,50381],[2718,-106]],[[94311,50275],[-54,-1129]],[[94257,49146],[-455,-112]],[[93802,49034],[-2266,102]],[[91536,49136],[57,1245]],[[91986,60212],[-11,-347]],[[91975,59865],[-68,-2046],[74,-4]],[[91981,57815],[-41,-1309]],[[91940,56506],[-1776,50]],[[90164,56556],[41,1221],[362,-11],[23,611]],[[86798,69821],[0,77]],[[86798,69898],[1152,-4]],[[87950,69894],[304,1]],[[88254,69895],[1143,-1]],[[89415,69894],[-11,-2453]],[[89404,67441],[-2607,4]],[[86797,67445],[1,2376]],[[92511,65001],[2185,-1]],[[94696,65000],[13,-2030]],[[94709,62970],[-890,-29],[-1327,30]],[[65390,19530],[930,-36],[49,821]],[[66369,20315],[2735,-147]],[[69104,20168],[-114,-1651]],[[68990,18517],[-59,-820]],[[68931,17697],[-899,44],[-7,-77],[-911,55],[-112,74],[-790,45]],[[66212,17838],[17,400],[-922,129],[83,1163]],[[58435,22446],[886,-49]],[[59321,22397],[1774,-113]],[[61095,22284],[-211,-2485]],[[60884,19799],[-2635,159]],[[58249,19958],[186,2488]],[[60884,19799],[-226,-2875]],[[58035,17065],[24,406]],[[19074,82214],[2702,21]],[[21805,79788],[-2690,-22]],[[74136,44319],[1078,-37],[7,176],[1133,4]],[[76354,44462],[549,-19],[330,-224]],[[77233,44219],[-49,-1245]],[[77184,42974],[-2678,103],[-12,-412]],[[74494,42665],[-428,19]],[[74066,42684],[70,1635]],[[83741,53118],[835,-20]],[[84576,53098],[1766,-41],[-2,-62]],[[86282,51029],[-2616,74]],[[82287,35687],[1607,5]],[[83894,35692],[-99,-2823]],[[83795,32869],[-719,-41]],[[83076,32828],[-431,6],[25,798],[-437,13]],[[82233,33645],[54,2042]],[[72695,28321],[35,612],[448,-8],[19,202]],[[74988,29053],[-45,-759],[226,-66],[-55,-818],[-224,8],[-43,-823]],[[74847,26595],[-2222,93]],[[72625,26688],[70,1633]],[[72143,26296],[451,-16],[31,408]],[[74847,26595],[665,-24],[-23,-419],[327,-140]],[[75816,26012],[-72,-699]],[[75744,25313],[-3640,175]],[[72104,25488],[39,808]],[[95475,86633],[27,-476],[-3,-1609]],[[95499,84548],[-1404,-24],[-884,24]],[[3045,65033],[2736,7]],[[5781,65040],[18,-2444]],[[5799,62596],[-2761,-4]],[[19199,67560],[2657,53]],[[21856,67613],[5,-2448]],[[19204,65129],[-5,2431]],[[21800,89119],[0,408]],[[21800,89527],[880,14]],[[22680,89541],[897,4]],[[23577,89545],[14,-1624]],[[23591,87921],[-452,-5],[-57,-819]],[[23082,87097],[-1291,-12]],[[21791,87085],[9,2034]],[[26183,91143],[29,211],[699,25]],[[26911,91379],[191,-161],[754,-189],[-10,370],[-394,28],[-335,165]],[[27117,91592],[89,600],[9,811]],[[27215,93003],[3654,125]],[[30869,93128],[-107,-334],[603,108],[154,241]],[[31519,93143],[-294,-951],[293,-149]],[[31518,92043],[-106,-757],[-861,-829],[13,-515]],[[30564,89942],[-872,-4]],[[29692,89938],[-626,-21],[-421,-453]],[[28203,88864],[-61,88],[-729,230],[-1115,41]],[[26298,89223],[121,419],[-10,666],[-210,10],[-16,825]],[[83485,46978],[39,1288]],[[86060,45758],[-3,-61]],[[86057,45697],[-2606,81]],[[67596,45022],[2196,-89]],[[69792,44933],[-106,-2066]],[[67942,42934],[-443,17]],[[67499,42951],[97,2071]],[[3070,72359],[2684,8]],[[5754,72367],[15,-2437]],[[5769,69930],[-2702,-12]],[[3067,69918],[3,2441]],[[86520,74399],[1,1995]],[[92022,61443],[2671,-67]],[[94693,61376],[-5,-383]],[[94688,60993],[-16,-1194]],[[94672,59799],[-2697,66]],[[64013,86341],[4,346]],[[64017,86687],[1270,390],[377,-33],[638,-257]],[[66302,86787],[-27,-763]],[[66275,86024],[-2267,18]],[[64008,86042],[5,299]],[[7234,47277],[1840,39]],[[9074,47316],[21,-2440]],[[9095,44876],[-1812,-36]],[[3059,77258],[2668,2]],[[5727,77260],[13,-2454]],[[5740,74806],[-2670,8]],[[3070,74814],[-11,2444]],[[97670,86626],[-2188,7]],[[48757,34677],[2497,-142]],[[51254,34535],[-46,-811]],[[51208,33724],[-59,-1249]],[[60435,62540],[8,-1228]],[[60443,61312],[5,-742]],[[60448,60570],[-1274,-176]],[[59174,60394],[-1443,-193]],[[57731,60201],[-35,2336]],[[57742,74491],[45,-2038]],[[57787,72453],[-144,0]],[[55849,72453],[-347,0]],[[55502,72453],[-95,2026]],[[55407,74479],[0,1]],[[46030,54578],[2216,-123]],[[48111,52423],[-2215,118]],[[45896,52541],[134,2037]],[[34015,21781],[82,444]],[[34097,22225],[2447,-124]],[[36544,22101],[-38,-451],[-582,-454]],[[35924,21196],[-780,-531],[-361,-310],[-1183,-849]],[[33600,19506],[415,2275]],[[84398,86651],[2092,20]],[[86490,86671],[8,-391]],[[86498,86280],[1,-10]],[[86499,86270],[-8,-310]],[[86491,85960],[1,-104]],[[86492,85856],[7,-1287]],[[84383,84559],[15,2092]],[[7825,39929],[2707,47]],[[10532,39976],[14,-2414]],[[10546,37562],[-2682,-28]],[[68031,57210],[-56,-2027]],[[67975,55183],[-2236,69]],[[65739,55252],[88,2039]],[[21861,65165],[2648,12]],[[24500,63662],[-186,-72],[-538,-448],[-140,-425]],[[23636,62717],[-1783,-7]],[[86742,62772],[2210,-64]],[[88952,62708],[447,-6]],[[46402,38938],[-126,-1631]],[[46276,37301],[-2011,114]],[[44265,37415],[-595,31],[94,1660]],[[45014,48345],[598,-34]],[[45612,48311],[-27,-471]],[[45585,47840],[-24,-356],[-282,-296],[-403,116]],[[44876,47304],[219,99],[-164,266],[-4,488],[87,188]],[[43805,47561],[326,-68],[408,-251],[308,-6]],[[44847,47236],[-116,-281],[-580,89],[-346,517]],[[43436,46752],[15,209],[496,-46],[-31,-218],[-480,55]],[[83296,40976],[349,-8]],[[83645,40968],[-14,-400],[-341,8],[-34,-1231]],[[83256,39345],[-786,-46],[-18,-828],[-122,2]],[[82330,38473],[-881,21]],[[81449,38494],[74,2528]],[[60512,14865],[2413,-120]],[[62925,14745],[-356,-567],[-333,-333],[-48,-408],[140,-517],[-105,-583]],[[60342,12426],[170,2439]],[[140,37499],[2570,0]],[[2710,37499],[-12,-826]],[[2698,36673],[16,-1635]],[[2714,35038],[-2578,7]],[[136,35045],[4,2454]],[[11123,79743],[2656,-9]],[[11126,78500],[-3,1243]],[[80407,28844],[2554,-63],[16,79]],[[82977,28860],[1598,-34]],[[84575,28826],[-663,-839],[-52,-361],[-244,-128],[-425,117],[-671,-122],[-623,-322],[-1164,-801],[-391,-89]],[[80342,26281],[65,2563]],[[260,47266],[2369,-24]],[[2629,47242],[17,-806]],[[2646,46436],[21,-1649]],[[2667,44787],[-1506,-3],[-947,32]],[[214,44816],[46,2450]],[[91024,82393],[-11,0]],[[91013,82393],[-2274,-10]],[[88739,82383],[-3,0]],[[88736,82383],[6,2184]],[[60884,19799],[2664,-163]],[[63548,19636],[-202,-2862]],[[63346,16774],[-2688,150]],[[40606,74911],[2700,8]],[[43306,74919],[-29,-2445]],[[42830,72474],[-2239,-2]],[[40591,72472],[15,2439]],[[40736,86800],[595,91],[298,-41],[347,121],[342,-29],[901,172]],[[43219,87114],[191,-627]],[[43410,86487],[4,-180]],[[43414,86307],[-265,-117],[-239,-463],[-433,-220],[-332,132],[-710,-172]],[[41435,85467],[-687,-26]],[[40748,85441],[-12,1359]],[[49133,39576],[223,3287]],[[49356,42863],[2017,-115]],[[51373,42748],[666,-28]],[[52039,42720],[-184,-3295]],[[51855,39425],[-133,6]],[[51722,39431],[-2589,144]],[[49133,39575],[0,1]],[[32873,58814],[2233,29]],[[35106,58843],[1440,16],[-2,-169]],[[36544,58690],[0,-1057]],[[36544,57633],[-3092,-370]],[[33452,57263],[-361,-46]],[[88748,88635],[2291,1]],[[5273,35054],[2632,25]],[[7926,33232],[7,-622]],[[7933,32610],[-2618,-35]],[[50500,69889],[1778,6]],[[52278,69895],[13,-2452]],[[52291,67443],[-1801,-4]],[[50490,67439],[10,2450]],[[79727,86660],[0,-43]],[[79720,85717],[-6,-340]],[[79714,85377],[-328,16],[-128,184],[-630,-51]],[[78628,85526],[-7,1137]],[[21831,77346],[2697,15]],[[24528,77361],[-1,-2446]],[[24527,74915],[-2687,-16]],[[21840,74899],[-9,2447]],[[51208,33724],[2823,-161]],[[54031,33563],[-57,-789]],[[53974,32774],[-64,-869]],[[53910,31905],[-2783,164]],[[50716,76586],[2334,-30]],[[53050,76556],[40,-2044]],[[53090,74512],[-2286,42]],[[50804,74554],[-88,2032]],[[53090,74512],[56,-2044]],[[53146,72468],[-877,17]],[[52269,72485],[-1364,16]],[[50905,72501],[-101,2053]],[[94693,61376],[19,1236]],[[94712,62612],[2650,-33]],[[97362,62579],[-6,-574]],[[97356,62005],[-397,-8],[-177,-312],[-308,-113],[4,-601]],[[96478,60971],[-1790,22]],[[54226,2857],[-1408,68]],[[52818,2925],[43,835],[-1408,77]],[[51453,3837],[87,1201]],[[56956,55545],[118,2049]],[[57074,57594],[2005,-71]],[[59079,57523],[-59,-2051]],[[59020,55472],[-2065,55]],[[7761,21731],[-261,105]],[[15895,50004],[437,-30]],[[16332,49974],[2203,-154]],[[18535,49820],[-127,-1569]],[[15735,47966],[160,2038]],[[92853,80264],[92,1]],[[92945,80265],[64,-400],[203,-4]],[[93212,79861],[851,7],[257,-579],[-207,-233],[724,18],[-26,-118],[-693,29],[-4,-289],[-508,-139],[-396,391]],[[93210,78948],[-9,-142],[-740,12],[-780,238],[371,1003],[333,88],[154,-185],[268,24],[46,278]],[[76606,52694],[136,185],[559,-8]],[[77301,52871],[1513,-53]],[[78741,50732],[-2124,67]],[[76617,50799],[-79,2]],[[76538,50801],[68,1893]],[[45996,80916],[430,-165]],[[46426,80751],[-2,0]],[[46424,80751],[-90,3]],[[46334,80754],[-75,2]],[[46259,80756],[-257,9]],[[46002,80765],[-6,151]],[[24303,36051],[275,217],[-208,238],[231,358],[569,256],[-225,359],[1092,610],[-353,419]],[[27270,38324],[-143,-1571]],[[27127,36753],[-109,-1302]],[[27018,35451],[-2628,175]],[[24390,35626],[-87,425]],[[72599,37835],[-2743,136]],[[69856,37971],[125,2434]],[[60448,60570],[954,138],[-41,-1220]],[[61361,59488],[-57,-1635]],[[61304,57853],[-2212,83]],[[59092,57936],[82,2458]],[[44076,25160],[1330,-72]],[[47893,23345],[-3176,173]],[[44717,23518],[-908,1098]],[[43809,24616],[173,113],[-107,287],[201,144]],[[50143,48080],[-136,-2118]],[[50007,45962],[-2285,139]],[[47722,46101],[131,2094]],[[43298,64350],[430,30],[1883,18]],[[45611,64398],[-34,-1640]],[[43297,62723],[1,1627]],[[62603,69878],[3119,6]],[[65722,69884],[-15,-2432]],[[65707,67452],[-3092,-11]],[[62615,67441],[44,2028],[-56,409]],[[75887,87905],[-223,-207],[7,-405],[-244,-215],[-358,12]],[[52616,20158],[41,410],[347,171]],[[53596,20680],[-77,-402],[-87,-1016],[-564,44]],[[52868,19306],[-329,32],[77,820]],[[77086,40122],[895,-23]],[[77981,40099],[1354,-34]],[[79335,40065],[-66,-1625]],[[79269,38440],[-12,-412]],[[79257,38028],[-893,25],[-5,-201],[-465,10],[-1,-214]],[[77893,37648],[-883,22]],[[77010,37670],[76,2452]],[[22138,20206],[21,1394]],[[22159,21600],[1680,56],[414,210]],[[24253,21866],[-75,-1973]],[[24178,19893],[-803,137],[-1243,-22]],[[22132,20008],[6,198]],[[78059,90911],[92,113]],[[78402,91334],[137,176],[770,555]],[[79309,92065],[-38,-1039],[-243,-469],[-739,-452]],[[91000,76411],[2204,-5]],[[93204,76406],[38,-2022]],[[93242,74384],[-2240,8]],[[88946,65014],[453,-1]],[[89399,65013],[1340,-2]],[[88952,62708],[-6,2306]],[[66474,21977],[-105,-1662]],[[65390,19530],[-1842,106]],[[63548,19636],[176,2483]],[[57742,74491],[1537,-19]],[[59243,72450],[-1456,3]],[[65682,65007],[956,-11],[9,613]],[[66647,65609],[214,193]],[[66861,65802],[223,3],[1,411],[1342,-2]],[[68427,66214],[-1,-1225]],[[68426,64989],[1,-1649]],[[68427,63340],[-833,-15],[-1920,36]],[[65674,63361],[8,1646]],[[30323,67563],[27,2433]],[[30350,69996],[883,-4]],[[32565,69992],[7,-2442]],[[32572,67550],[-1794,7]],[[30778,67557],[-455,6]],[[71122,72321],[1685,11]],[[72807,72332],[907,-1]],[[73756,72296],[0,-2]],[[73756,72294],[-1,-1227]],[[73755,71067],[0,-822]],[[71076,69913],[-21,1432]],[[71055,71345],[232,613],[-246,-5],[81,368]],[[54031,33563],[134,1646]],[[54165,35209],[2693,-189]],[[56858,35020],[-125,-1628]],[[56733,33392],[-58,-808]],[[56675,32584],[-77,6]],[[56598,32590],[-2624,184]],[[45611,64398],[2,207]],[[45613,64605],[1318,-5]],[[46931,64600],[-43,-2030]],[[46888,62570],[-28,-1019]],[[46860,61551],[-1310,7],[3,133]],[[52955,80643],[2321,-50]],[[55276,80593],[21,-1990]],[[55297,78603],[-2290,-14]],[[53007,78589],[-52,2054]],[[20324,23739],[596,1962],[251,-42]],[[21171,25659],[980,-170]],[[22151,25489],[445,-96],[321,-1822]],[[22917,23571],[-727,45]],[[22190,23616],[-1866,123]],[[13142,41638],[211,222],[-5,308],[1039,202],[46,-276]],[[14433,42094],[18,-310],[-170,-175]],[[14281,41609],[-136,-16]],[[14145,41593],[-998,-104]],[[13147,41489],[-5,149]],[[13161,39082],[57,-332],[514,167],[536,406],[-351,241],[-39,258],[286,213]],[[14164,40035],[72,103]],[[14236,40138],[152,-101]],[[14388,40037],[-35,-322],[216,-707],[390,-15],[-60,456],[34,596]],[[14933,40045],[97,307]],[[15030,40352],[70,336],[295,-23],[48,-710]],[[15443,39955],[-28,-314]],[[15415,39641],[397,174]],[[15812,39815],[98,-7]],[[15910,39808],[110,-212]],[[16020,39596],[128,62]],[[16148,39658],[156,128]],[[16304,39786],[243,344],[360,21]],[[16907,40151],[-46,-571]],[[16861,39580],[-566,7],[-98,-206],[-445,93],[-326,-363],[336,-386],[626,286],[139,341],[315,-17]],[[16842,39335],[-27,-357]],[[16814,38961],[0,-59]],[[16814,38902],[-964,-429],[28,-425],[395,-160],[-10,-305],[-207,-251],[484,-22]],[[16540,37310],[-26,-216],[-463,-26],[-148,-188],[-577,-114]],[[15326,36766],[-84,384],[-187,97],[-398,-100]],[[14657,37147],[-182,-90]],[[14475,37057],[-421,132],[-272,-250],[-186,-570],[-392,-4],[-21,310]],[[13183,36675],[-123,-38]],[[13060,36637],[-21,-142]],[[13039,36495],[-89,-132]],[[12950,36363],[-365,-8]],[[12585,36355],[77,331],[284,196],[115,296],[-322,407]],[[12739,37585],[-233,411],[-463,319],[5,311],[731,71],[13,319],[369,66]],[[15947,22068],[920,840],[210,564],[278,476]],[[17355,23948],[1555,-115]],[[18910,23833],[318,-24]],[[19228,23809],[-108,-1768]],[[19120,22041],[-2231,-735]],[[16889,21306],[-243,241],[-699,521]],[[17794,40214],[-6,-123],[-69,4]],[[17719,40095],[75,119]],[[59374,82522],[2337,-14]],[[61711,82508],[-31,-2173]],[[61680,80335],[-1172,2]],[[60508,80337],[222,333],[474,-2],[-112,368],[-950,55],[-224,-178],[-92,-337],[239,-235]],[[60065,80341],[-735,5]],[[88747,80256],[2254,10]],[[91001,80266],[-1,-1936]],[[91000,78330],[-2247,-12]],[[88753,78318],[-4,759]],[[88748,79222],[-1,1034]],[[47821,44124],[-8,-133]],[[47813,43991],[-128,11]],[[47685,44002],[136,122]],[[47620,44630],[9,171]],[[50007,45962],[-54,-823],[229,156],[418,-390],[-13,-238],[-333,22],[-37,-564],[-320,199],[-32,-450]],[[49865,43874],[-1821,105]],[[48044,43979],[-223,145]],[[47821,44124],[-220,194]],[[47601,44318],[1,3]],[[31140,38212],[222,461],[1149,288]],[[32511,38961],[494,-268],[281,28],[177,-302],[470,-193],[654,458]],[[34587,38684],[-98,-2413]],[[33300,36329],[-1692,93],[-1309,102]],[[30299,36524],[841,1688]],[[58935,47427],[80,1998]],[[59015,49425],[1851,-42],[351,-33]],[[61131,47341],[-2197,67]],[[58934,47408],[1,19]],[[37951,79782],[2674,56]],[[40591,77379],[-902,-40],[-1764,2]],[[37925,77341],[47,743],[-21,1698]],[[81968,90780],[31,1003]],[[81999,91783],[312,2],[434,472]],[[82745,92257],[160,114]],[[82905,92371],[616,-23],[847,142]],[[84368,92490],[-8,-796],[397,-247],[-10,-853]],[[84747,90594],[-380,-1]],[[84367,90593],[-2404,-12]],[[81963,90581],[5,199]],[[38051,87493],[2689,-3]],[[40740,87490],[-4,-690]],[[40748,85441],[-2676,19]],[[38072,85460],[-1,15]],[[38047,87101],[4,392]],[[34331,23221],[521,-37],[239,-222],[370,-73],[206,421],[-88,321],[507,198],[-227,295],[108,137],[390,-77],[239,-179],[683,276]],[[37279,24281],[342,-589],[476,-1692]],[[38097,22000],[-1553,101]],[[34097,22225],[234,996]],[[62591,69878],[12,0]],[[60398,67429],[16,2459]],[[27221,77341],[-913,13]],[[26308,77354],[-1780,7]],[[24528,77361],[-20,2440]],[[3042,79713],[17,-2455]],[[3059,77258],[-2670,-17]],[[389,77241],[-2,2476]],[[16686,19541],[-52,199],[345,1047],[-90,519]],[[19120,22041],[-156,-1554]],[[18964,20487],[-140,-1233]],[[18824,19254],[-1925,-322],[-290,231]],[[16609,19163],[77,378]],[[50786,26812],[30,403]],[[50816,27215],[2716,-182]],[[53387,25280],[-56,-682]],[[53331,24598],[-2701,187]],[[34109,12686],[1967,-196]],[[36081,9501],[0,-921]],[[36081,8580],[-387,-41],[-555,304],[-165,-148],[-661,-61],[-332,377],[-170,34]],[[33811,9045],[249,277],[161,1087],[-253,620],[268,270],[-44,273],[169,415],[13,357],[-265,342]],[[77827,31388],[76,1625]],[[77903,33013],[1718,-60],[11,573]],[[79632,33526],[898,-19]],[[80530,33507],[-3,-206]],[[80527,33301],[-50,-2029]],[[80477,31272],[-1782,15]],[[78695,31287],[-807,39],[-61,62]],[[88729,92658],[2322,-16]],[[91051,92642],[-22,-2021]],[[91029,90621],[-2280,-9]],[[39717,66360],[10,-2021]],[[39727,64339],[-1788,-21]],[[37939,64318],[-7,2843]],[[20666,20307],[1472,-101]],[[22132,20008],[-94,-2715]],[[22038,17293],[-1628,168]],[[20410,17461],[256,2846]],[[3043,89954],[2327,-19]],[[5370,89935],[347,-2]],[[5717,89933],[1,-821]],[[5718,89112],[-604,79],[-222,175],[-220,-516],[-27,-301],[615,105],[1,203],[457,-63]],[[5718,88794],[0,-1763]],[[76074,65195],[211,-8]],[[76723,65169],[2090,-84]],[[78723,62951],[-100,271],[-509,105],[-168,-303],[-964,-148]],[[76982,62876],[-1047,-148]],[[90164,56556],[-437,9]],[[87860,56627],[59,1875]],[[54592,46680],[128,-6]],[[54720,46674],[37,-2]],[[54757,46672],[513,438],[-182,176],[57,278],[249,90]],[[55394,47654],[-69,4]],[[55325,47658],[-78,4]],[[55247,47662],[-37,2]],[[55210,47664],[-118,5]],[[55092,47669],[544,224],[227,242],[578,29],[-105,-569]],[[56336,47595],[-75,6]],[[56261,47601],[-162,11]],[[56099,47612],[23,-322],[271,-479],[384,-34]],[[56777,46777],[683,-255],[-83,-349],[-659,-35]],[[56718,46138],[-311,-327],[-1122,73],[-873,-314]],[[54412,45570],[-138,124]],[[54274,45694],[-274,145],[59,454],[583,-105],[-50,492]],[[92134,69046],[842,22],[27,811]],[[93197,69877],[1529,-11]],[[94726,69866],[-13,-2437]],[[94713,67429],[-2605,17]],[[92108,67446],[26,1600]],[[12050,20965],[103,372]],[[12219,21693],[142,105]],[[12361,21798],[447,112],[-83,-305],[521,21],[-272,-361]],[[12974,21265],[-104,59]],[[12870,21324],[-38,32]],[[12832,21356],[-43,-234],[-740,-169]],[[12049,20953],[1,12]],[[28438,17304],[248,53]],[[30644,17753],[-155,-1710],[245,-74],[67,-292]],[[30801,15677],[-107,-144],[226,-249],[89,-343]],[[31009,14941],[-205,-199],[-428,-84],[-567,23]],[[29809,14681],[-1561,80]],[[97815,75126],[1,72]],[[97816,75198],[825,-18],[218,-190]],[[98859,74990],[-12,-362],[-199,-129]],[[98648,74499],[-151,-1]],[[98497,74498],[-78,-64]],[[98419,74434],[-327,12]],[[98092,74446],[-359,530],[82,150]],[[61481,27267],[2595,-163]],[[64076,27104],[-167,-2489]],[[63909,24615],[-2617,159]],[[61292,24774],[189,2493]],[[75487,73230],[-133,168]],[[77382,73193],[-18,-864]],[[77364,72329],[-910,1]],[[76454,72330],[-1335,3]],[[75119,72333],[384,307],[-20,290],[223,206]],[[14225,53520],[1781,17]],[[16006,53537],[182,-284]],[[16188,53253],[-111,-1005]],[[16077,52248],[-429,43],[-28,-204],[-581,-20],[-213,-561]],[[14826,51506],[-557,-8],[-18,804]],[[14251,52302],[-26,1218]],[[62486,39604],[1383,-72]],[[62334,37130],[-427,25]],[[61907,37155],[104,1656],[421,-25],[54,818]],[[66474,21977],[2739,-132]],[[69213,21845],[-109,-1677]],[[27086,63030],[680,-364],[473,-10],[159,-166],[561,8],[841,-380]],[[29800,62118],[12,-1507]],[[29812,60611],[-1634,94]],[[28178,60705],[-10,86],[-1118,-117],[-61,511]],[[26989,61185],[-251,1959]],[[36821,16833],[2226,-100]],[[39047,16733],[376,-18],[2169,-241]],[[41592,16474],[-227,-80],[-59,-902]],[[41306,15492],[-4,0]],[[41302,15492],[-3118,65]],[[38184,15557],[-799,25],[-119,325],[46,564],[-263,99],[-228,263]],[[19143,26743],[170,2138]],[[21772,27840],[-499,-1756]],[[21273,26084],[-2148,438]],[[19125,26522],[18,221]],[[13187,49283],[952,122],[128,284],[252,-250],[-242,-242],[-48,-510],[-338,-191],[-299,-371]],[[13592,48125],[-20,1],[9,-130]],[[13581,47996],[8,-93]],[[13589,47903],[-345,-1],[14,327],[-497,-36],[-21,403],[-496,3],[256,409],[-17,340],[536,-128],[-223,604],[452,6],[-178,-288],[117,-259]],[[27195,82223],[2709,-28]],[[29904,82195],[-33,-2455]],[[53050,76556],[2285,-39]],[[55407,74479],[-2317,33]],[[86369,95557],[1348,565],[750,227],[296,171]],[[88763,96520],[-9,-1809]],[[88754,94711],[-25,-2053]],[[86436,92635],[-10,561]],[[86426,93196],[-57,2361]],[[52818,2925],[-92,-1246],[-467,29],[-76,-1230],[-416,20]],[[51767,498],[-169,459],[-77,628],[-226,411],[-371,199]],[[50924,2195],[75,1636],[454,6]],[[97368,69847],[2610,15]],[[99978,69862],[18,-2447]],[[99996,67415],[-2624,5]],[[97372,67420],[-4,2427]],[[88946,34969],[50,810],[211,191],[205,-209],[461,-26]],[[89873,35735],[-29,-407],[439,-24],[-10,-198],[416,-22],[-12,-215],[876,-42],[264,-223]],[[91817,34604],[-222,-542],[-275,-110],[-591,54],[-364,-109],[-349,-300]],[[90016,33597],[-260,103],[40,825],[-434,33],[12,194],[-433,13],[5,204]],[[26735,32091],[1563,-111]],[[28298,31980],[-512,-479],[-609,-351],[-260,-387],[-537,-507],[-924,-92],[-114,128]],[[25342,30292],[-390,432],[-435,214]],[[13378,24248],[-20,-549],[-518,329]],[[12840,24028],[196,245]],[[7864,37534],[41,-2455]],[[5273,35054],[-11,1628]],[[5262,36682],[-9,831]],[[79704,80386],[0,5]],[[79704,80391],[2169,-38]],[[81873,80353],[-21,-2040]],[[81852,78313],[-885,2]],[[80563,78317],[-861,9]],[[83373,43373],[49,1593]],[[86057,45697],[-100,-2401]],[[85957,43296],[-2584,77]],[[54020,72456],[1482,-3]],[[55882,69916],[-1806,-2]],[[54076,69914],[-56,2542]],[[59419,83982],[2,370],[590,-137],[240,148],[966,-54]],[[61217,84309],[-450,-329],[-88,-622],[-440,-133],[-56,271],[-384,-295],[-23,545],[-375,-88]],[[59401,83658],[18,324]],[[40365,44868],[41,-25]],[[40406,44843],[-41,25]],[[40195,44480],[58,24]],[[39422,44234],[-18,-4]],[[39404,44230],[0,2],[156,28]],[[38062,44929],[267,-154],[29,-399],[214,-312]],[[38572,44064],[-436,41]],[[38136,44105],[-74,824]],[[37893,46167],[268,38]],[[38161,46205],[271,6]],[[38432,46211],[217,20]],[[38649,46231],[73,19]],[[38722,46250],[537,199]],[[39259,46449],[232,-314],[341,252],[220,-274],[46,-635],[-159,-177],[-354,259],[-88,-373],[-616,-30],[-140,-234],[-301,-80],[-164,328],[-216,-233]],[[38060,44938],[-167,1229]],[[24263,15468],[612,-113],[1645,-66]],[[26436,14072],[-75,-1082]],[[26361,12990],[-807,63]],[[24125,13462],[138,2006]],[[52657,52184],[1839,-105]],[[54806,51532],[-107,-1625]],[[54699,49907],[-2195,121]],[[52504,50028],[153,2156]],[[78472,73303],[428,191],[204,-435],[-592,6],[-40,238]],[[9800,90471],[967,-3],[2976,45]],[[13743,90513],[-17,-1433]],[[13726,89080],[0,-4]],[[10210,89058],[-7,847],[-397,7]],[[9806,89912],[-6,559]],[[61099,53380],[-89,-2018]],[[61010,51362],[-1022,24],[-955,-19]],[[59033,51367],[-81,1]],[[67004,41094],[295,23],[560,-240],[8,-373]],[[67867,40504],[99,-522],[153,-348],[-98,-508],[-319,-398],[301,-661]],[[68003,38067],[-761,35]],[[66823,38105],[181,2989]],[[41833,56810],[-30,-417]],[[41764,55811],[-2167,106]],[[39597,55917],[76,983]],[[6883,25183],[18,-1]],[[6901,25182],[-5,-47],[-13,48]],[[12870,21324],[-38,32]],[[11658,22992],[448,284],[144,383],[256,95]],[[12506,23754],[334,274]],[[13378,24248],[168,-13]],[[13546,24235],[187,-231],[141,-452],[-32,-339],[452,-918],[752,-632]],[[15046,21663],[-184,-103],[-995,-1191]],[[13867,20369],[-168,7],[-611,565],[-114,324]],[[12361,21798],[4,116]],[[12365,21914],[277,486],[-157,244],[-301,-80]],[[12184,22564],[-309,-26],[-217,454]],[[9011,50186],[2667,30]],[[11678,50216],[42,-2862]],[[11720,47354],[-2646,-38]],[[9074,47316],[-56,2417],[-95,-1]],[[8923,49732],[88,454]],[[48050,15168],[1765,-133]],[[49815,15035],[-199,-2501]],[[49616,12534],[-1732,102]],[[47884,12636],[-34,410],[81,469],[119,1653]],[[39016,58206],[-1139,15],[-56,450],[-148,149]],[[37673,58820],[-131,417],[588,-3],[18,1012]],[[81584,66528],[500,-437],[108,446],[-604,98]],[[81588,66635],[34,698]],[[81622,67333],[7,128]],[[81629,67461],[2679,-104]],[[84308,67357],[-115,-2284]],[[84193,65073],[-8,-194],[-887,37]],[[81515,64987],[69,1541]],[[16537,66929],[392,-154],[-126,-525],[73,-518],[337,-213],[105,-405]],[[17318,65114],[102,-382],[-554,-20],[103,-188],[11,-591],[-253,-20],[-175,209]],[[16552,64122],[0,64]],[[16552,64186],[-2,338]],[[16550,64524],[-116,408],[-228,175],[-885,-6]],[[15321,65101],[334,195],[-100,347],[153,280],[282,-174],[244,460],[306,11],[-3,709]],[[12169,21929],[196,-15]],[[12140,21690],[29,239]],[[10259,21122],[152,-146]],[[10411,20976],[-11,1]],[[10318,21435],[-52,-270]],[[10215,21252],[103,183]],[[10393,20910],[-286,-61]],[[10671,20782],[482,-12],[381,198]],[[11534,20968],[47,-173]],[[11581,20795],[-301,-16],[-57,-238],[-324,-23],[-283,127],[-261,-60]],[[10355,20585],[316,197]],[[9885,22085],[104,8]],[[9989,22093],[-96,-175]],[[9893,21918],[-8,167]],[[9746,20459],[85,88]],[[9831,20547],[178,-56]],[[10009,20491],[-230,-35]],[[9788,21608],[88,-2]],[[9876,21606],[191,-213]],[[8879,22054],[198,-87]],[[8735,21640],[-166,27]],[[9095,44876],[10,1]],[[9105,44877],[45,-1023],[16,-1429]],[[9166,42425],[-1383,-32]],[[7316,42383],[-56,2032],[23,425]],[[16481,34546],[492,209],[692,-78],[-218,-340],[-542,-81],[-435,10]],[[16470,34266],[11,280]],[[87779,37548],[439,-95],[1738,-87]],[[89956,37366],[84,-420],[217,-12]],[[90257,36934],[-26,-405],[105,-312],[-345,19],[-118,-501]],[[88946,34969],[-440,18]],[[88506,34987],[21,407],[-434,17],[33,487],[-873,37]],[[87253,35935],[57,1225],[443,-22],[26,410]],[[45074,15340],[1727,-96]],[[46801,15244],[1249,-76]],[[47884,12636],[-831,72]],[[47053,12708],[-2383,102],[-178,-103]],[[44492,12707],[49,1014],[-334,11],[-22,1257],[434,-18],[29,394]],[[79217,62945],[-22,-1552],[444,-485]],[[79639,60908],[-458,9]],[[76925,60995],[57,1881]],[[30040,89466],[2611,23]],[[32651,89489],[13,-1190]],[[32678,87059],[-2655,-10]],[[43196,87259],[646,-218],[603,68]],[[44445,87109],[-31,-250],[-391,23],[-108,-302],[-424,126],[-81,-219]],[[43219,87114],[-23,145]],[[95529,76398],[352,0]],[[95881,76398],[177,-2]],[[96058,76396],[675,-7]],[[96733,76389],[465,-3]],[[97198,76386],[37,1]],[[97235,76387],[54,3]],[[97289,76390],[10,2]],[[97299,76392],[248,-6]],[[97547,76386],[174,-4]],[[98832,76381],[27,-1391]],[[97816,75198],[-1,-72]],[[98092,74446],[-349,-100],[3,-295]],[[97746,74051],[-303,-3],[10,300],[-442,4],[0,-205],[-358,-1],[-27,210],[-1095,3]],[[95531,74359],[-2,2039]],[[44569,58147],[556,-36],[42,514],[284,33]],[[45451,58658],[1268,-144]],[[46617,56564],[-455,26]],[[46162,56590],[-1803,101]],[[44359,56691],[70,1068],[140,388]],[[68099,83207],[-50,54]],[[68049,83261],[347,-10],[47,293]],[[68443,83544],[775,-1]],[[69218,83543],[117,-706],[-249,-382]],[[69086,82455],[-661,7]],[[68425,82462],[-231,166],[239,331],[-439,2],[-23,185]],[[67971,83146],[128,61]],[[65682,53205],[2216,-67]],[[67898,53138],[136,-8]],[[68034,53130],[374,-117],[-69,-285],[208,-206]],[[68547,52522],[-434,180],[212,-543],[238,-267],[-34,-324]],[[68529,51568],[149,-499]],[[29867,74875],[2665,-6]],[[31672,72418],[-1805,17]],[[29867,72435],[0,2440]],[[36409,44815],[56,93],[-50,1143],[968,-32],[37,481]],[[37420,46500],[95,33]],[[37515,46533],[343,-41]],[[37858,46492],[35,-325]],[[38060,44938],[2,-9]],[[38136,44105],[34,-406],[-371,-46],[-214,280],[-349,-252],[-201,283],[-426,-211]],[[36609,43753],[-108,449],[93,117],[-343,433],[158,63]],[[74910,82475],[297,-2]],[[75207,82473],[1135,-13]],[[76342,82460],[-63,-344],[193,-270]],[[76472,81846],[-189,-424],[26,-1041],[-232,34]],[[76077,80415],[-402,7]],[[75675,80422],[-180,643],[-292,227],[42,191],[-184,341],[80,413],[-231,238]],[[16481,34546],[60,835]],[[16541,35381],[10,109]],[[16551,35490],[198,0],[-17,167],[-169,-77]],[[16563,35580],[14,210]],[[16577,35790],[66,-3]],[[16643,35787],[426,-4],[425,-104],[1813,-99]],[[19307,35580],[16,-37]],[[19323,35543],[-800,-750],[-211,-847],[-479,39],[-88,-1218]],[[16413,32867],[106,1342],[-49,57]],[[39549,33714],[60,1259]],[[40547,36458],[1542,-56]],[[42089,36402],[534,-665]],[[42623,35737],[-44,-427],[194,-284]],[[42773,35026],[419,-632],[21,-606],[128,-211]],[[43341,33577],[-2445,91]],[[40896,33668],[-1347,46]],[[10009,20491],[346,94]],[[11581,20795],[469,170]],[[12049,20953],[-310,-2652]],[[11739,18301],[-110,-987]],[[11629,17314],[-606,417],[-949,229],[-467,14],[-384,175]],[[10395,20361],[24,-340],[696,-119],[302,374],[-274,134],[-748,-49]],[[3039,92222],[2712,69]],[[5751,92291],[-13,-1917],[-368,-439]],[[22336,57556],[3218,377]],[[25381,56433],[-906,-91],[-5,-87]],[[24470,56255],[-2268,-257]],[[22202,55998],[134,1558]],[[90257,36934],[2476,-119]],[[92733,36815],[-57,-437],[-647,-276],[-96,-200],[-19,-947],[-97,-351]],[[42623,35737],[324,113],[-96,416],[122,317],[523,34],[230,-91],[370,365],[169,524]],[[46091,34871],[-1761,93]],[[44330,34964],[-1557,62]],[[95543,77236],[3,-250]],[[95546,76986],[-521,-109],[-19,642],[231,52],[306,-335]],[[6503,28586],[364,303],[282,21],[427,-426],[427,223]],[[8003,28707],[32,10]],[[7890,26411],[-232,139],[-18,289],[-277,2]],[[5148,25329],[-233,45]],[[4915,25374],[233,-45]],[[5292,26250],[-118,-469],[-216,-168]],[[4958,25613],[-135,800],[351,113],[118,-276]],[[4412,25545],[489,-168]],[[4901,25377],[-503,47]],[[4398,25424],[14,121]],[[8963,54585],[6,8]],[[8969,54593],[8,663],[2215,14],[-2,1222]],[[11190,56492],[2,18]],[[12150,55287],[4,-584],[286,41],[21,-847]],[[12461,53897],[-2179,-20],[0,-96],[-1319,-7]],[[8963,53774],[0,811]],[[5785,59119],[2701,0]],[[8490,57704],[-1,-404]],[[8489,57300],[-2710,-2]],[[5779,57298],[6,1821]],[[28579,27293],[2260,-24]],[[30839,27269],[7,-540],[-127,-206],[51,-280],[369,-120],[76,-221],[324,-30],[156,-356]],[[31695,25516],[-801,-572],[-361,-380]],[[30533,24564],[-596,560],[-897,418],[-751,121],[-567,-23],[-934,373],[-98,-60]],[[56634,43507],[2084,-135]],[[60178,43305],[-53,-1058]],[[60125,42247],[-4,0]],[[57440,42399],[-883,57]],[[56557,42456],[77,1051]],[[76428,87908],[128,1]],[[77023,87701],[-131,-1024]],[[76892,86677],[-94,0]],[[76798,86677],[-680,52]],[[76118,86729],[225,190],[55,780],[-287,202]],[[78172,56937],[-82,-625],[-457,-391]],[[77633,55921],[-623,28]],[[77010,55949],[-270,20],[27,637],[-1114,23]],[[75653,56629],[62,1417]],[[93233,92628],[4,-1988]],[[93237,90640],[-2208,-19]],[[13915,60199],[2659,32]],[[13928,58165],[-13,2034]],[[47797,67444],[454,27],[10,799],[450,-4]],[[48711,68266],[-17,-805]],[[48683,66921],[-445,212],[-161,-541],[-300,39]],[[47776,66531],[342,-37],[165,-183],[393,-30]],[[48672,65832],[-223,-25]],[[48449,65807],[-53,0]],[[48396,65807],[-401,3]],[[47995,65810],[-82,1]],[[47913,65811],[-26,-1]],[[47887,65810],[-120,4]],[[85034,69911],[315,373],[643,532],[585,-11],[221,-101]],[[86798,70704],[0,-806]],[[86798,69821],[-310,-136],[-131,-215],[-509,49],[-46,286],[-449,-7],[-319,113]],[[69045,26833],[-78,-1235],[442,-17],[-18,-413],[437,-21],[-40,-824]],[[69788,24323],[-445,11]],[[69343,24334],[-2703,135]],[[66640,24469],[154,2480]],[[27139,65153],[1781,-35]],[[28920,65118],[892,-2]],[[29808,62680],[-8,-562]],[[35305,82198],[2694,27]],[[37999,82225],[-50,-1423],[2,-1020]],[[37951,79782],[-666,-46],[-2011,27]],[[35274,79763],[40,711],[-9,1724]],[[57497,10098],[200,2467]],[[57697,12565],[2645,-139]],[[60200,10236],[-20,-299],[-462,18]],[[59718,9955],[-2222,122]],[[57496,10077],[1,21]],[[39893,46507],[368,-143]],[[40261,46364],[126,-14]],[[40387,46350],[770,-301],[94,-233],[-71,-1355],[-164,-87]],[[41016,44374],[-15,1]],[[41001,44375],[-274,55]],[[40727,44430],[-321,413]],[[40365,44868],[-140,180],[-153,1138],[-186,317]],[[39886,46503],[7,4]],[[8400,89903],[1406,9]],[[8400,87030],[0,2873]],[[75119,72333],[-100,-247],[-646,28],[4,116]],[[74377,72230],[395,106],[-354,320],[-443,5],[-25,439],[271,49],[61,217],[361,7],[471,433]],[[70142,59229],[927,-20]],[[71069,59209],[885,-27],[-11,-207],[1366,-39]],[[73309,58936],[-20,-613]],[[73289,58323],[-44,-1231]],[[73245,57092],[-918,25]],[[72327,57117],[-2217,57]],[[77816,35172],[1417,-24],[8,409],[445,-4],[13,816]],[[79699,36369],[880,-22],[-3,-248]],[[80576,36099],[-46,-2592]],[[79632,33526],[-2,396],[-438,5],[4,409],[-907,19],[18,399],[-494,15]],[[2667,44787],[2495,17]],[[5162,44804],[44,-2460]],[[2694,42338],[-27,2449]],[[35238,65113],[10,1626]],[[37939,64318],[-2706,-4]],[[35233,64314],[5,799]],[[66126,74404],[2239,-4]],[[68365,74400],[-1,-787]],[[68364,73613],[-2,-258]],[[68362,73355],[-2,-194]],[[68360,73161],[-1,-192]],[[68359,72969],[-1,-65]],[[68358,72904],[-1,-108]],[[68357,72796],[-4,-334]],[[68353,72462],[-219,-115]],[[66091,72370],[35,2034]],[[66675,73591],[377,-540],[406,154],[83,414],[-545,133],[-321,-161]],[[67771,74284],[179,-84],[1,121],[-180,-37]],[[84380,88602],[2096,40]],[[84398,86651],[-15,1520]],[[84383,88171],[-3,431]],[[19180,69995],[19,-2435]],[[19199,67560],[-2671,-21]],[[16528,67539],[-8,1223]],[[16520,68762],[1,1223]],[[83372,43310],[1,63]],[[85957,43296],[-99,-2398]],[[85858,40898],[-2213,70]],[[46351,91809],[514,211],[-25,-571],[-489,360]],[[46139,92538],[229,335],[284,18],[108,-423],[-621,70]],[[45947,90737],[426,371],[532,-162],[-745,-688],[-213,479]],[[94713,67429],[2659,-9]],[[97372,67420],[-8,-2408]],[[97364,65012],[-2668,-12]],[[94696,65000],[17,2429]],[[76204,67679],[-20,-423]],[[73746,67193],[1,264]],[[76130,66262],[-4,-68]],[[76108,65848],[-34,-653]],[[73726,65289],[20,1896]],[[36955,42675],[1377,-1029],[413,-13]],[[38745,41633],[-25,-241],[334,25],[314,192]],[[39368,41609],[81,-1]],[[39449,41608],[80,1]],[[39529,41609],[3,0]],[[39532,41609],[-40,-852],[76,-536],[-50,-924]],[[39518,39297],[-765,18]],[[36651,39428],[-164,2546]],[[36487,41974],[-30,388],[498,313]],[[70562,82462],[1860,7]],[[72420,80408],[-1859,-23]],[[70561,80385],[1,2077]],[[80832,47051],[57,1560]],[[15356,24098],[1999,-150]],[[15947,22068],[-255,-16],[-558,-458],[-88,69]],[[13546,24235],[1810,-137]],[[56763,84398],[710,238]],[[57473,84636],[27,-733]],[[57500,83903],[-428,223],[-309,272]],[[390,74818],[-1,2423]],[[97373,72312],[378,0]],[[97751,72312],[2245,-14]],[[99996,72298],[-18,-2436]],[[97368,69847],[5,2465]],[[98844,71644],[269,-54],[56,307],[-284,21],[-41,-274]],[[16394,92614],[2704,91]],[[19098,92705],[47,-1688]],[[19145,91017],[-2700,-39]],[[16445,90978],[-51,1636]],[[30868,84616],[1790,10]],[[32658,84626],[-12,-605]],[[32615,82199],[-2114,-20],[-597,16]],[[29904,82195],[25,1200]],[[414,60143],[2638,-3]],[[3052,60140],[2,-818]],[[3054,59322],[0,-1634]],[[3054,57688],[-2674,6]],[[380,57694],[34,2449]],[[56639,45233],[295,81],[18,201]],[[56952,45515],[1880,-103]],[[58832,45412],[-1,-27]],[[56634,43507],[-119,232],[124,1494]],[[5758,79723],[-2716,-10]],[[82659,60482],[1337,-48]],[[85305,60392],[-87,-1804]],[[86520,80894],[270,-5],[172,-622]],[[86962,80267],[-439,-64]],[[86523,80203],[-223,76]],[[86300,80279],[-5,617],[225,-2]],[[78662,46650],[2154,-75]],[[80769,45019],[-24,-925],[-668,20]],[[80077,44114],[-1945,59]],[[78132,44173],[94,2493]],[[24167,85245],[171,376],[585,63]],[[24923,85684],[9,-181],[870,-1],[38,-815]],[[25840,84687],[2,-811],[-1356,2],[-2,-404]],[[24484,83474],[-900,-6]],[[23232,84742],[335,121],[600,382]],[[19138,77325],[2693,21]],[[21840,74899],[-2685,-14]],[[19155,74885],[-17,2440]],[[44461,11984],[31,723]],[[47053,12708],[-143,-2444]],[[46910,10264],[-1639,79]],[[45271,10343],[-806,22]],[[44465,10365],[-1,420],[-478,-2]],[[43986,10783],[30,816],[434,-42],[11,427]],[[63784,74409],[-47,-2006]],[[63737,72403],[-1179,19]],[[59502,33616],[95,1219]],[[59597,34835],[2135,-122]],[[62147,34268],[-75,-1205]],[[62072,33063],[-1759,107],[16,409],[-827,37]],[[88754,94711],[1167,7],[132,-157],[341,165],[664,4]],[[26361,12990],[-16,-202]],[[26345,12788],[-199,-2565]],[[26146,10223],[-580,23],[-169,-90],[-289,189]],[[25108,10345],[-879,580]],[[7933,32610],[30,-2055]],[[7963,30555],[-138,-414]],[[7825,30141],[-2479,-42]],[[5346,30099],[-31,2476]],[[19167,72447],[2676,12]],[[21848,70425],[-2669,-17]],[[93204,76406],[2325,-8]],[[95531,74359],[-2289,25]],[[94662,59384],[2910,-60]],[[97572,59324],[123,-604],[437,-546],[63,-561]],[[98195,57613],[-35,52],[-3526,100]],[[94634,57765],[28,1619]],[[70574,83493],[3,207]],[[70577,83700],[333,-2],[26,284],[543,-4],[27,-569],[-64,-375],[-875,-4]],[[70567,83030],[7,463]],[[74814,37750],[1093,-36]],[[75907,37714],[-68,-2465]],[[75187,35273],[-1327,47]],[[73860,35320],[77,2455]],[[22101,54761],[101,1237]],[[24470,56255],[-196,-2268]],[[24274,53987],[-219,15]],[[24055,54002],[-2007,148]],[[22048,54150],[53,611]],[[79702,78326],[-8,-818]],[[79694,77508],[3,-1060]],[[79697,76448],[-514,1]],[[79183,76449],[-168,460],[-662,-2]],[[78353,76907],[-4,408],[-220,205],[-227,-283]],[[77902,77237],[-470,-96],[3,1188]],[[19204,65129],[-1886,-15]],[[16537,66929],[-1,203]],[[16536,67132],[-8,407]],[[79134,72328],[537,2]],[[79671,72330],[2105,0]],[[81776,72330],[68,-1]],[[81844,72329],[-106,-2389]],[[81738,69940],[-2697,95]],[[79041,70035],[93,2293]],[[76420,80212],[157,208],[858,-15]],[[77434,78985],[-696,6],[3,509],[-330,4],[9,708]],[[98419,74434],[78,64]],[[98648,74499],[116,-140]],[[98764,74359],[-73,-191],[313,-142]],[[99004,74026],[-146,-150]],[[98858,73876],[-177,55],[-210,-288],[-723,234]],[[97748,73877],[-2,174]],[[84539,72321],[1977,-4]],[[86807,72316],[-9,-1612]],[[85034,69911],[-598,7]],[[84436,69918],[103,2403]],[[12461,53897],[19,-1640]],[[12480,52257],[-412,3]],[[12068,52260],[-3089,-28]],[[8979,52232],[-16,1542]],[[28046,70036],[1331,-15]],[[29377,70021],[973,-25]],[[30323,67563],[-1411,21]],[[28912,67584],[-880,9]],[[28032,67593],[14,2443]],[[8112,24162],[478,-139]],[[8590,24023],[-24,-339]],[[8566,23684],[-353,-216]],[[8213,23468],[-267,83]],[[7946,23551],[-262,36],[50,553],[378,22]],[[79704,84285],[2,236],[395,4]],[[80101,84525],[1791,19]],[[81872,82368],[-2165,26]],[[64822,34538],[2178,-130]],[[67000,34408],[446,-25],[-59,-809]],[[67286,31925],[-178,10]],[[64644,32090],[178,2448]],[[86701,51016],[-70,-1666]],[[48711,68266],[10,1625]],[[48721,69891],[1779,-2]],[[50490,67439],[-887,0]],[[74492,54973],[2495,-55]],[[76987,54918],[431,-11],[-86,-640],[287,-168],[-266,-251],[-52,-977]],[[76606,52694],[-843,26],[14,203],[-1353,55]],[[52908,82661],[613,-3],[11,781]],[[53532,83439],[430,-114],[709,80]],[[54671,83405],[17,-753],[557,-6]],[[55245,82646],[31,-2053]],[[1,20053],[309,219],[142,597],[319,391],[279,31],[254,-146],[382,807],[-230,263],[269,199],[536,-191],[518,174],[53,223]],[[2832,22620],[381,-21]],[[3213,22599],[-158,-1725],[-35,-701]],[[3020,20173],[-110,-5]],[[2513,20346],[-465,392],[-520,62],[-286,-227],[-401,-573],[-841,-352],[1,405]],[[61010,51362],[304,-29]],[[59015,49425],[18,1942]],[[72534,35375],[1326,-55]],[[75139,33118],[-2342,99]],[[72797,33217],[-302,110]],[[61680,80335],[2248,2]],[[63928,80337],[-1,-131]],[[63927,80206],[-47,-1964]],[[61646,78242],[34,2093]],[[84371,94591],[1818,933],[180,33]],[[86426,93196],[-854,-238],[-252,42],[-572,-173],[-380,-337]],[[84368,92490],[3,2101]],[[82031,92781],[538,-17],[-66,442],[444,446],[332,32],[205,-432],[-13,-269],[176,-185],[-267,-339],[-475,-88]],[[82745,92257],[-116,182],[-617,-217]],[[82012,92222],[19,559]],[[56435,30090],[163,2500]],[[56675,32584],[2518,-149]],[[59193,32435],[-147,-2508]],[[56438,30090],[-3,0]],[[34019,44906],[684,0],[1706,-91]],[[36609,43753],[88,-407],[229,-215],[144,-352],[-115,-104]],[[36487,41974],[-1986,-101]],[[34501,41873],[-24,647],[-181,594],[-577,36],[-63,737]],[[79710,89356],[260,85],[301,-112],[68,442],[-98,529]],[[80241,90300],[-79,266]],[[80162,90566],[580,5]],[[80742,90571],[15,-346],[502,0],[92,-215],[286,-141],[318,1]],[[81955,89870],[-20,-1274]],[[79723,88590],[-13,766]],[[79335,40065],[1319,-30],[18,1005]],[[80672,41040],[202,-3]],[[81449,38494],[-827,19],[-3,-107],[-1350,34]],[[5346,30099],[-2337,-39],[-274,15]],[[18965,54990],[1680,20]],[[20645,55010],[-50,-139],[1506,-110]],[[22048,54150],[-63,-821]],[[21985,53329],[-805,58],[-408,201],[-1793,-20]],[[18979,53568],[-14,1422]],[[65993,61336],[426,53],[1967,-45]],[[68386,61344],[464,-9]],[[68850,61335],[-36,-2073]],[[65909,59359],[84,1977]],[[16585,55285],[2370,311]],[[18955,55596],[10,-606]],[[18979,53568],[-146,-9]],[[18833,53559],[-623,382],[-115,169],[-703,35],[-966,-629],[-238,-263]],[[16006,53537],[-19,1670],[598,78]],[[84193,65073],[2591,-37]],[[86784,65036],[-42,-2264]],[[84058,62851],[-853,23]],[[15443,39955],[33,-117]],[[15476,39838],[-61,-197]],[[14388,40037],[545,8]],[[13152,40018],[671,12]],[[13823,40030],[341,5]],[[13161,39082],[-9,936]],[[83256,39345],[1647,-51]],[[84903,39294],[-69,-1844]],[[84834,37450],[-1,-205],[-456,13],[19,409],[-1192,27]],[[83204,37694],[-443,4],[-314,216],[-117,559]],[[55297,78603],[38,-2086]],[[53050,76556],[-43,2031]],[[53007,78587],[0,2]],[[95452,97105],[34,423]],[[95486,97528],[362,78],[-1,220],[396,-65],[322,155],[1,230],[247,103],[654,77]],[[97467,98326],[39,-694]],[[95483,96818],[-31,287]],[[27171,67601],[861,-8]],[[28912,67584],[8,-2466]],[[24188,91067],[447,10]],[[24635,91077],[-23,-1147],[-579,-6],[1,-369]],[[24034,89555],[-457,-10]],[[22680,89541],[224,103],[449,3],[-2,272],[420,1],[-23,640],[-1843,-8]],[[21905,90552],[-11,501]],[[77903,33013],[-97,3]],[[43953,54693],[2077,-115]],[[45896,52541],[-2081,107]],[[93241,94725],[2242,-3]],[[95485,92616],[-2252,12]],[[86784,65036],[2162,-22]],[[53007,78587],[-2313,28]],[[50694,78615],[-13,441]],[[50681,79056],[334,154],[370,-383],[601,151],[201,124],[7,534],[-308,3],[-71,317],[-866,223],[1,-513],[-287,-20]],[[50663,79646],[-30,1019]],[[70110,57174],[-66,-2058]],[[70044,55116],[-2069,67]],[[78321,90031],[151,-475]],[[78472,89556],[-686,-431],[-319,-17]],[[77467,89108],[-16,1002]],[[19155,74885],[-2686,-20]],[[16469,74865],[-19,2444]],[[77470,89052],[-3,56]],[[78472,89556],[210,-4],[661,487]],[[79343,90039],[-124,-313],[248,-282],[243,-88]],[[78415,88597],[-943,2]],[[26345,12788],[2557,-193]],[[28902,12595],[-118,-1226],[325,-709],[-22,-616]],[[29087,10044],[-11,-211]],[[29076,9833],[-1288,45],[-1657,152]],[[26131,10030],[15,193]],[[70923,28403],[1772,-82]],[[72143,26296],[-1462,56],[-298,203],[15,217]],[[83036,31278],[40,1550]],[[83795,32869],[1727,-62]],[[85522,32807],[-68,-1628],[-700,16]],[[84754,31195],[-1718,83]],[[13984,50269],[138,491],[704,746]],[[16077,52248],[-12,-207],[398,-29]],[[16463,52012],[44,-210],[-175,-1828]],[[15895,50004],[-1922,139]],[[13973,50143],[11,126]],[[50007,45962],[2210,-123]],[[52217,45839],[-178,-3119]],[[51373,42748],[55,1052],[-1563,74]],[[66256,84151],[558,75],[81,350],[237,219],[669,-3],[250,392],[428,3]],[[68479,85187],[-16,-852]],[[68463,84335],[-133,-366]],[[68330,83969],[-483,-149],[-670,9],[-12,-204],[-358,-160],[-555,6]],[[66252,83471],[4,680]],[[19228,23809],[1096,-70]],[[22190,23616],[-31,-2016]],[[20666,20307],[-1702,180]],[[64765,73773],[214,110],[860,-30],[-296,-466],[-773,39],[-5,347]],[[52980,57769],[259,59],[-239,516]],[[54824,57718],[-91,-1554]],[[54733,56164],[-199,11]],[[54534,56175],[-545,29]],[[53989,56204],[-1068,50]],[[52921,56254],[59,1515]],[[50590,62502],[450,1]],[[51067,60058],[-446,3]],[[50621,60061],[-1118,15]],[[49503,60076],[19,2427]],[[80758,56811],[221,-13],[-27,-535],[222,-8],[-28,-453],[344,-10],[5,-207],[1001,-25]],[[82496,55560],[-19,-560]],[[82477,55000],[-37,-1020]],[[82440,53980],[-1375,36],[-427,357],[13,411],[-648,25]],[[80003,54809],[105,2021]],[[68179,67449],[240,-8]],[[68419,67441],[8,-1227]],[[66861,65802],[-61,566],[288,167],[459,-288],[-9,374],[-223,180],[473,522],[391,126]],[[66422,67450],[41,0]],[[66463,67450],[-41,0]],[[65707,67452],[492,-1]],[[66199,67451],[68,-319],[318,-96],[132,-419],[-70,-1008]],[[65682,65007],[25,2445]],[[39094,19082],[1642,-38]],[[40736,19044],[812,-86]],[[41548,18958],[-382,-829],[127,-525]],[[41293,17604],[18,-284],[-231,-332],[512,-514]],[[39047,16733],[47,2349]],[[6020,48897],[882,14],[-15,820]],[[6887,49731],[2036,1]],[[6036,47256],[-16,1641]],[[32646,89972],[947,29]],[[33593,90001],[1761,45]],[[35354,90046],[-14,-1734]],[[32651,89489],[-5,483]],[[46888,62570],[2635,-47]],[[49503,60076],[-1778,24]],[[47725,60100],[19,827],[-677,9],[5,409],[-212,206]],[[50667,56358],[2254,-104]],[[52921,56254],[-120,-2050]],[[52801,54204],[-2266,124]],[[48449,65807],[-53,0]],[[47995,65810],[-82,1]],[[48659,64571],[-1420,26]],[[47239,64597],[325,98],[2,261],[217,277],[-8,371],[364,-181],[530,220]],[[47887,65810],[-323,-345],[-499,355]],[[46894,65823],[-399,-813],[549,-412]],[[47025,64599],[-94,1]],[[45613,64605],[16,1221]],[[16059,17191],[678,-15],[81,-392],[497,-187],[805,-192],[352,-144]],[[18216,13763],[-27,-290]],[[18189,13473],[-1286,153],[-681,492]],[[16222,14118],[-527,411],[-70,169]],[[15625,14698],[-206,2134]],[[15419,16832],[-20,218],[522,-47],[138,188]],[[2716,27640],[2182,10]],[[5354,27520],[-39,-973]],[[5296,26507],[-4,-257]],[[4958,25613],[-268,56],[-278,-124]],[[4398,25424],[-252,-193]],[[4146,25231],[-1429,-8]],[[47575,44006],[110,-4]],[[47813,43991],[231,-12]],[[49356,42863],[-1983,123]],[[47373,42986],[71,1024]],[[39346,52743],[196,121],[-63,498],[134,104],[36,426]],[[39649,53892],[93,-6]],[[39742,53886],[214,-14]],[[39956,53872],[687,-36]],[[40643,53836],[-135,-344],[440,-180],[271,121],[391,-178]],[[41599,53052],[-3,-69]],[[41858,52737],[-282,-109]],[[41576,52628],[-501,136],[-279,-128],[47,-740],[247,-160]],[[41090,51736],[429,-129]],[[41519,51607],[-19,-327]],[[41500,51280],[-245,13],[-350,450]],[[40905,51743],[-203,203],[-1001,58]],[[39701,52004],[-14,161]],[[39687,52165],[87,275],[-446,36]],[[39328,52476],[18,267]],[[71027,63356],[2674,10]],[[73721,62442],[-298,-205],[-52,-1016]],[[73371,61221],[-2266,65]],[[71105,61286],[-69,779],[-9,1291]],[[61726,83330],[298,-179],[194,424],[436,7],[-174,611],[324,147]],[[62804,84340],[340,5]],[[63144,84345],[845,10]],[[63989,84355],[-27,-1866],[601,0]],[[64563,82489],[-371,-191],[-234,3]],[[63958,82301],[0,-47]],[[63958,82254],[-2,-88]],[[63956,82166],[-390,-24],[-61,347],[-319,10],[263,-404],[-359,-126],[-111,329],[-343,-7],[-104,207]],[[62532,82498],[-260,4]],[[62272,82502],[-310,3]],[[61962,82505],[-247,110]],[[61715,82615],[11,715]],[[24110,24078],[1093,792]],[[26239,25627],[64,-214],[592,-1116]],[[26895,24297],[85,-199],[-521,-757],[-10,-353]],[[26449,22988],[-420,-113],[-107,-605]],[[25922,22270],[-676,57]],[[25246,22327],[-1136,1751]],[[11470,33184],[977,-5],[844,-63]],[[13291,33116],[-396,-831],[243,-590],[-107,-1480]],[[13031,30215],[-1802,153]],[[11229,30368],[118,1683],[-694,-198],[-65,59]],[[10588,31912],[-12,1277]],[[26301,70046],[790,-7]],[[27278,70038],[768,-2]],[[26284,67603],[17,2443]],[[47129,64598],[110,-1]],[[49544,64566],[0,-12]],[[13743,90513],[2710,58]],[[16453,90571],[-58,-633],[2,-835]],[[16397,89103],[-2671,-23]],[[20904,45627],[263,-37],[2382,-151]],[[23549,45439],[-110,-1246]],[[22985,43671],[-193,-243]],[[21555,43114],[-855,42]],[[5781,67485],[2677,8]],[[8462,65050],[-2681,-10]],[[5781,65040],[0,2445]],[[39781,13725],[145,-174]],[[39926,13551],[278,-161],[265,-1059],[416,-1479]],[[40885,10852],[-294,-304],[40,-321],[-308,-236],[-467,174],[-267,-199]],[[39589,9966],[-731,215],[-167,201],[-564,-88],[-549,-7]],[[11534,20968],[277,459],[224,-33]],[[59193,32435],[244,-11]],[[59437,32424],[2428,-156]],[[61674,29743],[-2628,184]],[[36544,58690],[1129,130]],[[39673,56900],[-1813,99]],[[36537,57095],[7,538]],[[96268,69851],[-753,9]],[[95515,69860],[310,41],[98,214],[347,-52],[-2,-212]],[[35354,90046],[2722,39]],[[38076,90085],[-25,-2592]],[[51013,84517],[56,-25]],[[51069,84492],[-56,25]],[[47492,85279],[528,-207],[1254,568],[58,-154],[602,-150],[58,-198],[512,-332]],[[50504,84806],[8,-67]],[[50512,84739],[-2068,43]],[[48444,84782],[-982,21],[-183,329],[213,147]],[[43043,32570],[1143,-58]],[[44186,32512],[1781,-107]],[[45780,29941],[-3422,186]],[[42358,30127],[72,227],[342,59],[39,296],[-323,155]],[[42488,30864],[-366,320],[-2,755],[72,220],[851,411]],[[35915,30819],[-1351,-2126]],[[34564,28693],[-913,-1437]],[[33651,27256],[-165,206],[102,297],[-176,179],[63,467],[-215,65],[-148,337],[-619,630],[105,172]],[[311,49690],[2284,-24]],[[2595,49666],[34,-2424]],[[260,47266],[51,2424]],[[69343,24334],[-130,-2489]],[[9416,23234],[18,268],[460,323]],[[9894,23825],[159,455],[188,276],[258,-43]],[[10499,24513],[317,-134]],[[10816,24379],[-31,-370],[-215,-127],[-144,-675],[84,-198]],[[10510,23009],[-340,-108],[-619,58]],[[9551,22959],[-135,275]],[[32525,76295],[113,351],[563,-68],[114,329],[-338,128],[699,286]],[[33676,77321],[1573,-1]],[[35249,77320],[-21,-2439]],[[32532,74869],[-7,1426]],[[119,32579],[17,2466]],[[91057,96944],[1340,582],[486,118],[378,231]],[[93261,97875],[-13,-1916]],[[93248,95959],[-7,-1234]],[[91058,94730],[-1,2214]],[[13675,13113],[1950,1585]],[[16222,14118],[-229,-1129],[-457,-2059]],[[15536,10930],[-1080,197],[-338,134],[-402,583],[-82,756],[41,513]],[[79309,92065],[463,365]],[[79775,92358],[-51,-1555],[438,-237]],[[80241,90300],[-358,-203],[-364,168],[-176,-226]],[[41435,85467],[489,-228]],[[41924,85239],[-227,3],[-134,-315],[-222,-57],[-183,-335],[-217,142],[-187,-197]],[[40754,84480],[-369,-102],[2,-461],[-581,-66],[4,387],[-1743,29]],[[38067,84267],[5,1193]],[[43341,33577],[-317,-115],[-66,-235],[184,-349],[-99,-308]],[[42488,30864],[-1605,63]],[[40787,30930],[109,2738]],[[50068,18097],[-49,-609]],[[50019,17488],[-783,57]],[[49236,17545],[0,137],[609,148],[-93,555],[251,13],[65,-301]],[[47079,18946],[111,1230]],[[50239,19952],[-76,-826]],[[50163,19126],[-56,-602]],[[50107,18524],[-202,-121],[-343,96],[-208,-303],[-224,-3],[72,-646]],[[49202,17547],[-2185,143]],[[47017,17690],[62,1256]],[[8443,69940],[-2,0]],[[8441,69940],[-2672,-10]],[[22301,41002],[-96,-1232]],[[22205,39770],[-1772,115]],[[20433,39885],[33,408],[-2264,170]],[[18202,40463],[404,474],[333,254],[323,-47],[315,299],[414,13],[753,271],[408,297],[325,60]],[[74884,40190],[438,-18]],[[75322,40172],[1764,-50]],[[77010,37670],[-1103,44]],[[26895,24297],[580,66],[558,-371],[382,-127],[1093,197],[497,-188],[336,5]],[[30341,23879],[92,-499],[-197,-1641]],[[30236,21739],[-42,-330]],[[30194,21409],[-1388,-391],[-512,-331],[-591,-72]],[[27703,20615],[-39,567],[-175,587],[-1022,480],[59,313],[-77,426]],[[57672,68785],[-2,-87]],[[57670,68698],[2,87]],[[57669,68016],[283,49],[3,410],[449,-5],[198,-131],[248,171],[442,-128],[232,272],[-223,198],[-431,21],[213,409],[-436,158],[-208,249],[-711,14],[-55,147]],[[57673,69850],[1,57]],[[57674,69907],[2681,-19]],[[60398,67429],[-2734,31]],[[57664,67460],[5,556]],[[3011,55846],[42,31],[1,1202]],[[3054,57079],[2725,3]],[[5779,57082],[3,-2520]],[[5782,54562],[-1096,-48]],[[2992,54521],[19,1325]],[[5349,29380],[-3,719]],[[7825,30141],[145,-241]],[[7970,29900],[2,-79]],[[7972,29821],[13,-341]],[[7985,29480],[18,-773]],[[39518,39297],[2494,-96]],[[42012,39201],[-9,-400],[183,-600],[-24,-464],[119,-169],[-369,-268],[254,-172],[-158,-261],[81,-465]],[[37862,47679],[352,56],[-191,1328],[219,150],[121,-338]],[[38363,48875],[0,-8]],[[38364,48677],[-5,-1008],[-497,10]],[[68353,72462],[2,-118]],[[42742,27708],[2832,-177]],[[44076,25160],[-94,695],[-336,16],[-24,336],[-253,281],[-344,95],[-271,695],[-288,-115]],[[42466,27163],[-274,181],[205,309],[345,55]],[[37925,77341],[-1092,-29],[-1584,8]],[[35249,77320],[25,2443]],[[13797,72817],[23,-2040]],[[13820,70777],[-2201,-14]],[[11619,70763],[3,1629],[-503,-2]],[[11119,72390],[-6,404]],[[44445,87109],[693,308]],[[45138,87417],[62,-139],[555,194]],[[45755,87472],[30,-849]],[[45785,86623],[-749,-302],[-868,2],[-315,-70],[-439,54]],[[57697,12565],[185,2436]],[[18476,16300],[159,1340]],[[18635,17640],[1775,-179]],[[22038,17293],[86,-365],[-355,-327],[101,-103]],[[21870,16498],[-163,-101],[-288,208],[-659,-606],[-418,40]],[[75377,62656],[23,-563],[-46,-1967]],[[75354,60126],[-2016,52]],[[73338,60178],[33,1043]],[[11190,56492],[-2707,-10]],[[8483,56482],[6,818]],[[82496,55560],[42,1241]],[[85143,56766],[-71,-1826]],[[85072,54940],[-447,14]],[[84625,54954],[-2148,46]],[[74337,50865],[2201,-64]],[[76617,50799],[-86,-1607]],[[76531,49192],[-1748,54],[-448,40],[-19,-422]],[[76472,81846],[119,-210],[155,-754],[691,-73],[-2,-404]],[[76420,80212],[-343,203]],[[68395,78254],[2171,34]],[[70559,76462],[-1178,0]],[[69381,76462],[-115,414],[249,268],[-1120,-107]],[[68395,77037],[0,1217]],[[68394,76895],[0,42]],[[68394,76937],[0,37]],[[68394,76974],[1,46]],[[68395,77020],[-1,-125]],[[35274,79763],[-2719,-6]],[[32555,79757],[60,2442]],[[24527,74915],[1785,-4]],[[26312,74911],[334,-3]],[[26646,74908],[153,-1]],[[26799,74907],[169,1]],[[26968,74908],[11,-124],[-468,-714],[113,-264],[-40,-397],[-293,-245],[123,-264],[545,147],[9,-580]],[[26968,72467],[-2451,5]],[[24517,72472],[10,2443]],[[26968,72467],[163,0]],[[27131,72467],[53,1]],[[27184,72468],[1,-2373]],[[26301,70046],[-1790,14]],[[85957,43296],[2614,-96]],[[88571,43200],[-4,-67]],[[88416,40753],[-1775,84]],[[86641,40837],[-783,61]],[[37906,72460],[1789,7]],[[37915,70025],[-9,2435]],[[52672,17280],[60,605]],[[52732,17885],[2713,-207]],[[55445,17678],[-95,-1407],[-100,-1045]],[[52482,15429],[190,1851]],[[2646,46436],[2495,2]],[[79032,54866],[971,-57]],[[82440,53980],[-27,-817]],[[78814,52818],[51,1398],[158,10],[9,640]],[[6914,60558],[-361,-3]],[[73921,84275],[57,56]],[[73978,84331],[309,-68],[158,-243],[774,-611]],[[75219,83409],[-12,-936]],[[74910,82475],[-60,280],[-247,86],[-13,400],[-379,236],[-46,543],[-244,255]],[[51621,37179],[101,2252]],[[51855,39425],[2645,-159]],[[54366,37653],[-69,-845]],[[54297,36808],[-913,57]],[[53384,36865],[-587,33],[-129,161],[144,398],[-38,344],[-437,109],[94,-308],[-128,-371],[-223,-53],[13,435],[-364,-47],[-108,-387]],[[48521,58557],[2264,-115]],[[50785,58442],[-118,-2084]],[[78922,70040],[119,-5]],[[79041,70035],[-49,-1135]],[[78992,68900],[-58,131],[-12,1009]],[[76342,70142],[2575,-102]],[[78917,70040],[10,-993],[64,-163]],[[78991,68884],[-59,-1318]],[[78932,67566],[-1582,64]],[[76657,67660],[-453,19]],[[26308,77354],[4,-2443]],[[61674,29743],[-193,-2476]],[[61481,27267],[-2650,178]],[[23636,62717],[123,-252],[-92,-395],[-369,-225],[-254,-884],[217,-1504]],[[23261,59457],[-846,57]],[[22415,59514],[-558,41],[0,190]],[[21854,60882],[-1,1828]],[[11720,47354],[412,0]],[[12132,47354],[55,-2432]],[[12187,44922],[-3082,-45]],[[19098,89118],[2702,1]],[[21791,87085],[-2,-794]],[[21789,86291],[-2698,-22]],[[19091,86269],[7,2849]],[[46908,39720],[2225,-144]],[[49133,39575],[-181,-2468]],[[96213,54395],[360,127],[149,-598],[-127,-67],[-344,350],[-38,188]],[[97375,55468],[292,-114],[270,-341],[-121,-613],[46,-190]],[[97862,54210],[-241,203],[-380,13],[-92,190]],[[97149,54616],[-110,-183],[-318,110],[-551,18],[-130,240],[104,451]],[[96144,55252],[286,162],[696,-117],[249,171]],[[86456,90597],[-1709,-3]],[[72104,25488],[-72,-1250]],[[72032,24238],[-2244,85]],[[68990,18517],[930,-48]],[[69920,18469],[217,-438],[709,-602],[200,-305],[-21,-355],[-159,-161],[-229,-892],[70,-253],[528,-626],[-90,-215],[-328,-81],[-518,267],[-227,269],[-353,134]],[[69719,15211],[-954,67]],[[68765,15278],[166,2419]],[[30839,27269],[2812,-13]],[[33651,27256],[-175,-583],[121,-232],[-167,-252],[-89,-548]],[[33341,25641],[69,-638],[149,-130],[-107,-389],[-289,-295]],[[33163,24189],[-497,176],[-624,379],[-247,28],[-137,264],[37,480]],[[33429,47760],[2107,-27]],[[35536,47733],[1985,-45]],[[37521,47688],[-76,-912]],[[37445,46776],[-3392,253],[-44,-664],[-607,-65]],[[63934,80766],[253,-158],[419,-30],[832,505],[69,-514],[-127,-232]],[[65380,80337],[-319,-5],[-806,-288]],[[64255,80044],[-328,162]],[[63928,80337],[1,87]],[[63929,80424],[0,84]],[[63929,80508],[5,258]],[[45816,51393],[43,665]],[[45859,52058],[37,483]],[[48111,52423],[-132,-2136]],[[47979,50287],[-2237,136]],[[45742,50423],[74,970]],[[56733,33392],[2742,-172]],[[59475,33220],[-38,-796]],[[56435,30090],[-2657,158]],[[53778,30248],[132,1657]],[[72327,57117],[-73,-2061]],[[72254,55056],[-2210,60]],[[68369,75735],[355,20],[0,202],[414,-34],[389,-150],[34,215],[-274,271],[94,203]],[[70555,74395],[-2190,5]],[[68365,74400],[4,1335]],[[74255,47223],[2196,-81]],[[76423,46721],[-69,-2259]],[[74136,44319],[19,420]],[[97547,76386],[-248,6]],[[97289,76390],[-54,-3]],[[97198,76386],[-465,3]],[[96058,76396],[-5,113],[-274,164],[102,-275]],[[95529,76398],[17,588]],[[95543,77236],[-16,1095]],[[79029,74514],[393,-7]],[[78913,74515],[72,-1]],[[78828,74516],[11,0]],[[79672,73788],[0,-46]],[[79672,73742],[-1,-1412]],[[79134,72328],[-1770,1]],[[84320,76401],[2201,-7]],[[86520,74399],[-2225,22]],[[84295,74421],[25,1980]],[[47294,21418],[-1266,91]],[[46028,21509],[244,453],[-366,21],[312,323],[-685,202],[-816,1010]],[[43283,48756],[-47,-51]],[[43236,48705],[-50,-56]],[[43186,48649],[-33,-38]],[[43153,48611],[-98,-108]],[[43055,48503],[-62,-55]],[[42993,48448],[-10,1]],[[42983,48449],[-154,7]],[[42829,48456],[-778,38]],[[42051,48494],[127,441],[1105,-179]],[[41941,48499],[-17,0]],[[41924,48499],[17,0]],[[26251,89092],[47,131]],[[26402,87880],[-292,-180],[-338,-35],[-153,323],[440,77],[248,219],[-56,808]],[[68850,61335],[2255,-49]],[[71105,61286],[-36,-2077]],[[69755,36132],[101,1839]],[[72599,37819],[-65,-2444]],[[69952,35504],[-226,9],[29,619]],[[78044,87498],[-268,0]],[[77776,87498],[-310,199]],[[9829,67501],[1332,6],[-10,1202]],[[11151,68709],[2689,28]],[[13840,68737],[0,-22]],[[13840,68715],[18,-1625]],[[13858,67090],[10,-778]],[[20645,55010],[130,553],[-53,193],[489,1413]],[[21211,57169],[-2,1048],[1167,4]],[[22376,58221],[-40,-665]],[[88712,45650],[-4,-78]],[[88708,45572],[-137,-2372]],[[76519,48777],[12,415]],[[87119,54829],[224,-7]],[[89557,54741],[-5,-194]],[[89552,54547],[-74,-1630]],[[87050,52979],[69,1850]],[[84363,82375],[-15,-2063]],[[84348,80312],[-408,6]],[[83361,80315],[-1488,38]],[[81873,80353],[-1,2015]],[[92168,72314],[1078,6]],[[93246,72320],[1506,0]],[[94752,72320],[-26,-2454]],[[92953,70085],[7,601],[-807,5]],[[28805,8608],[220,417],[51,808]],[[29087,10044],[1154,-232],[1237,6]],[[31478,9818],[-111,-511]],[[31367,9307],[-8,-183],[367,-120],[205,-410],[74,-351],[-72,-576],[-234,-96]],[[31699,7571],[-264,46],[-429,410],[-416,256],[-385,106],[-659,-119],[-598,-197]],[[84348,80312],[1952,-33]],[[86523,80203],[-9,-1905]],[[86514,78298],[-2184,8]],[[84330,78306],[18,2006]],[[62534,86041],[615,3],[440,100],[3,205],[421,-8]],[[64008,86042],[-19,-1687]],[[63144,84345],[165,114],[-187,433]],[[63122,84892],[-198,569],[-300,89],[-90,491]],[[12132,47354],[1747,21]],[[13879,47375],[-2,-203],[229,-728],[426,-18],[143,-182],[310,73],[-226,-1248],[-112,-287],[132,-237]],[[14779,44545],[-2069,-19]],[[12710,44526],[2,404],[-525,-8]],[[40711,82296],[0,-88]],[[40711,82208],[-43,-1]],[[40668,82207],[43,89]],[[40503,82207],[-90,1]],[[40413,82208],[90,-1]],[[40300,82209],[-121,2]],[[40179,82211],[-29,462],[243,-103],[-93,-361]],[[40754,84480],[-42,-2148]],[[40712,82332],[-352,577],[-688,-125],[158,565],[-328,2],[-364,-403],[-654,-323],[52,-202],[312,1],[294,-202]],[[39142,82222],[-1143,3]],[[37999,82225],[68,2042]],[[13867,20369],[333,-252]],[[14200,20117],[-878,-2076]],[[13322,18041],[-202,164],[-1381,96]],[[85634,35665],[284,-9],[30,332]],[[85948,35988],[1305,-53]],[[88506,34987],[-33,-802],[-444,10]],[[85583,34441],[51,1224]],[[95467,82436],[37,48]],[[95504,82484],[38,-48]],[[95542,82436],[110,1]],[[95652,82437],[10,0]],[[95662,82437],[103,-59],[-265,-1030]],[[95500,81348],[-342,-15],[-331,452],[-3,425],[551,20],[92,206]],[[8272,28829],[384,273],[256,12],[178,666],[-301,395],[184,349],[336,194]],[[9309,30718],[-29,-259],[220,-100],[-127,-406],[454,-242],[897,-44],[199,-70],[274,348]],[[11197,29945],[42,-491],[-72,-798]],[[63566,57344],[967,-3]],[[63476,55319],[90,2025]],[[22692,36204],[440,-141],[305,-225],[408,-140],[458,353]],[[24390,35626],[-122,-574],[-8,-616],[-489,-434]],[[23771,34002],[-1631,156],[-154,191]],[[55245,82646],[2294,5]],[[57539,82651],[4,-111]],[[57607,80584],[-2331,9]],[[45930,82789],[2321,-47]],[[48310,80706],[-1884,45]],[[45996,80916],[-46,1325]],[[45950,82241],[-20,548]],[[50504,84806],[509,-289]],[[51069,84492],[549,-119],[1914,-934]],[[50590,82697],[-78,2042]],[[48461,89531],[267,176],[126,279],[267,0],[165,-208],[444,-38],[10,-454],[-124,-206],[-320,-62],[-131,203],[-475,82],[-229,228]],[[54671,83405],[866,349],[773,478],[453,166]],[[57500,83903],[39,-1252]],[[43352,81240],[312,-164],[-317,-287]],[[43347,80789],[-155,-138],[-408,-36],[-447,419],[218,201],[-438,193],[172,247],[839,-87],[224,-348]],[[95485,92616],[-5,-1968]],[[95487,98453],[1544,558],[455,65]],[[97486,99076],[-19,-750]],[[95486,97528],[1,925]],[[99990,94783],[-3,-2136]],[[16389,83594],[325,413],[589,-7],[866,179],[460,-43],[457,-143]],[[19086,83993],[-12,-1779]],[[16385,82201],[4,1393]],[[16397,86248],[2694,21]],[[19091,86269],[-5,-2276]],[[16389,83594],[6,1034]],[[3057,67474],[2724,11]],[[403,69916],[-11,2438]],[[9805,69944],[1335,10]],[[11140,69954],[11,-1245]],[[8458,67493],[-17,2447]],[[33144,50264],[1320,179],[49,-260],[240,-129],[374,185]],[[35127,50239],[225,-371]],[[35352,49868],[-247,-141],[543,-810],[-114,-357],[85,-661],[-83,-166]],[[33188,47763],[109,997],[-217,540],[105,608],[-41,356]],[[36518,53508],[23,-1995],[188,1]],[[36729,51514],[57,-338],[-684,-184],[-108,-260],[-306,-195],[-599,-43]],[[35089,50494],[-186,1074],[-127,1233]],[[29696,53243],[188,2031]],[[29884,55274],[598,-148],[112,519],[572,-144],[-66,-311],[554,-123],[-43,-181],[547,-102]],[[32158,54784],[308,-62],[-233,-895],[85,-540],[257,27],[-21,-702]],[[32554,52612],[-886,-77]],[[29674,52985],[22,258]],[[32613,50700],[313,-448],[218,12]],[[30606,47792],[23,409]],[[12832,27547],[106,34],[147,-184],[408,48],[234,221],[19,333],[289,19]],[[14035,28018],[-97,323],[-323,194],[-220,-474]],[[13395,28061],[-10,-1]],[[13385,28060],[48,1220],[434,43],[129,456],[352,-64],[-16,-199],[680,-3],[-16,-245],[-221,-292],[11,-337],[-184,-45],[-4,-517],[-214,-86]],[[14384,27991],[9,-345],[-783,-291],[-278,-197],[244,-226]],[[13576,26932],[-75,-13]],[[13501,26919],[-182,227],[-302,-7]],[[13017,27139],[-12,334],[-173,74]],[[15420,26892],[92,1017]],[[15512,27909],[1196,-79]],[[16708,27830],[174,-210],[82,-499],[977,-95]],[[17941,27026],[80,-203],[-467,6],[-220,-233],[-164,-368],[-674,-456],[-495,-460],[-584,-436]],[[15417,24876],[199,1914],[-196,102]],[[17277,29492],[1941,-399],[114,37]],[[19143,26743],[-497,-166],[-308,458],[-397,-9]],[[16708,27830],[79,150],[-125,407],[-185,140],[200,234],[70,804]],[[73289,58323],[2216,-68]],[[75653,56629],[-870,31],[-233,-126]],[[74550,56534],[-266,74],[-1060,34],[21,450]],[[74550,56534],[-58,-1561]],[[72254,55048],[0,8]],[[77633,55921],[444,-22],[-50,-771],[950,-33],[55,-229]],[[76987,54918],[23,1031]],[[12681,42540],[-3,-55]],[[12678,42485],[0,-3]],[[12678,42482],[-76,-3]],[[12602,42479],[79,61]],[[12417,42479],[-678,-5]],[[11739,42474],[-46,-3]],[[11693,42471],[128,405],[215,3],[381,-400]],[[57764,25003],[-202,-2501]],[[57562,22502],[-1709,105]],[[55853,22607],[197,2505]],[[81427,62903],[-76,-2022]],[[81119,60886],[-1480,22]],[[13291,33116],[873,-65]],[[14164,33051],[1778,-149]],[[15745,30075],[-1362,74],[-893,137],[-459,-71]],[[13071,26843],[372,-18]],[[13443,26825],[110,-211],[-376,-154]],[[13177,26460],[-220,203],[114,180]],[[12187,27745],[110,-9]],[[12297,27736],[-144,-393],[-223,17],[28,347],[229,38]],[[11092,27826],[570,-41]],[[11662,27785],[-205,-388],[-402,7]],[[11025,27102],[229,-11],[-272,-509]],[[10979,26540],[-4,-55]],[[10947,26115],[104,-200],[491,-192],[257,1],[-29,-351],[218,10],[51,548],[468,12],[211,212],[400,-18]],[[13118,26137],[49,-677],[-208,-696]],[[12959,24764],[-800,95],[-859,43]],[[11300,24902],[-444,-28]],[[13052,24361],[37,101]],[[13118,26137],[59,323]],[[13443,26825],[58,94]],[[13576,26932],[378,88],[265,-142],[295,67],[622,-115],[284,62]],[[15417,24876],[-61,-778]],[[13029,24496],[-70,268]],[[18043,43354],[-161,-2043]],[[17882,41311],[-1103,76]],[[16779,41387],[-17,204],[-753,215],[-179,-351]],[[15830,41455],[-147,11]],[[15683,41466],[-145,10]],[[15538,41476],[-126,8]],[[15412,41484],[-145,248],[-83,485],[218,302]],[[15402,42519],[124,421],[264,522],[-223,193],[-258,0],[-131,301]],[[15178,43956],[260,-18]],[[14779,44545],[399,-589]],[[15402,42519],[-217,-6]],[[15185,42513],[-2507,-28]],[[12681,42540],[29,1986]],[[15735,47966],[-1732,119],[-249,4],[-165,10]],[[13589,48099],[3,26]],[[13187,49283],[-97,270],[330,294],[503,129],[50,167]],[[12602,42479],[-185,0]],[[11693,42471],[-1211,-22]],[[10482,42449],[-1316,-24]],[[95499,84548],[2184,-15]],[[97683,84533],[17,-2083]],[[97700,82450],[-2038,-13]],[[95652,82437],[-110,-1]],[[95504,82484],[-5,2064]],[[91000,78330],[1966,6],[238,-204]],[[93204,78132],[0,-1726]],[[91000,76411],[0,1919]],[[13589,48099],[-8,-103]],[[11678,50216],[441,6]],[[12119,50222],[1865,47]],[[13589,47903],[290,-528]],[[53331,24598],[-144,-1813]],[[53094,21754],[-885,132],[-849,2],[-941,112]],[[57562,22502],[873,-56]],[[55655,20116],[36,436]],[[54226,2857],[-172,-2523]],[[54054,334],[-801,-279],[-470,-55],[-507,54],[-372,213],[-137,231]],[[46594,4687],[1337,565]],[[49372,5169],[-36,-844],[-188,-301]],[[49148,4024],[-577,342],[-761,32],[-367,-39],[-480,117],[-369,211]],[[34318,55481],[-537,101]],[[33781,55582],[54,294],[-314,36],[-165,319],[96,1032]],[[57156,5091],[1734,-72]],[[58890,5019],[-157,-277],[-42,-957],[-167,-428],[-32,-752],[-226,-790],[-234,-526],[-386,-233],[-773,-133]],[[56873,923],[121,1787]],[[56873,923],[-369,-51],[-352,139],[-686,-259],[-1412,-418]],[[50452,12474],[1731,-128]],[[52183,12346],[-165,-1830]],[[50242,10057],[210,2417]],[[88753,78274],[0,44]],[[91013,82393],[-12,-2127]],[[88747,80256],[-8,2127]],[[99996,84512],[-7,-2049]],[[99602,82462],[-1902,-12]],[[46699,42775],[551,-174],[18,-342],[-171,-81]],[[46988,42184],[-326,18],[37,573]],[[49460,37077],[304,-18],[175,397],[542,-35],[172,406],[346,-19],[135,-313],[277,9],[210,-325]],[[53384,36865],[-255,-152],[-16,-248],[-623,32],[-353,-88],[-4,-214],[-455,-27],[-117,-223]],[[51561,35945],[-153,350],[-273,130],[-407,-16],[36,454],[-647,172],[-191,-118],[-463,-41],[-3,201]],[[57055,37470],[-197,-2450]],[[54165,35209],[132,1599]],[[47003,40957],[16,360]],[[46699,42775],[16,253],[658,-42]],[[30778,67557],[-12,-2447]],[[26989,61185],[-1698,-182]],[[25291,61003],[-137,1021],[-313,-38],[-55,407],[348,43],[-209,1521]],[[25291,61003],[230,-1714]],[[25521,59289],[-2260,168]],[[85218,58588],[2261,-72]],[[87410,56641],[-923,80],[-1344,45]],[[32556,62679],[-7,-1214]],[[32549,61465],[50,-1230]],[[32599,60235],[-2805,12],[18,364]],[[51254,34535],[237,-10],[70,1420]],[[45074,60260],[-6,-409],[433,-10],[-50,-1183]],[[44569,58147],[-1259,85],[-27,169]],[[31276,17866],[2075,375]],[[33351,18241],[-155,-1144],[65,-192],[-293,-228],[-168,-550],[-133,-18],[-4,-473]],[[32663,15636],[-1702,128],[-160,-87]],[[62630,65000],[3052,7]],[[65674,63361],[-2591,-1]],[[63083,63360],[-452,9]],[[62631,63369],[-5,1631]],[[47725,60100],[-455,15],[-33,-1254]],[[67867,40504],[391,-18]],[[69856,37971],[-1853,96]],[[65181,39455],[136,2074]],[[65317,41529],[465,-20]],[[65782,41509],[746,-402],[476,-13]],[[14145,41593],[136,16]],[[14433,42094],[201,-26],[551,445]],[[15412,41484],[-404,-847],[22,-285]],[[14236,40138],[424,107],[19,541],[-93,136],[-650,-34],[-146,187],[-431,192],[-212,222]],[[44065,56284],[25,418],[269,-11]],[[46162,56590],[-132,-2012]],[[43839,56296],[-292,15]],[[43478,56315],[-9,0]],[[13913,35592],[-165,-43],[-159,-433],[49,-514],[-233,20],[-167,376],[-599,134],[112,299],[-435,104]],[[12316,35535],[-7,405],[409,4],[157,-130],[386,191],[74,-274],[466,89],[112,-228]],[[65177,45108],[61,-4]],[[65238,45104],[-61,4]],[[65277,45103],[846,-34]],[[66123,45069],[-23,-663],[-280,-399]],[[65820,44007],[-476,-93],[23,461],[-376,186],[286,542]],[[62708,45185],[518,2]],[[63226,45187],[1730,-72]],[[64956,45115],[-68,-406],[-163,-33],[-73,-372]],[[64652,44304],[-127,-333],[155,-290],[405,-272],[-196,-336]],[[64889,43073],[-1780,91]],[[63109,43164],[90,1512],[-462,220],[-29,289]],[[61036,45253],[1672,-68]],[[63109,43164],[-379,20],[-85,-1103]],[[62645,42081],[-855,57]],[[61790,42138],[-1665,109]],[[61038,45297],[93,2044]],[[63324,47254],[-3,-67]],[[63321,47187],[-95,-2000]],[[63321,47187],[2017,-75]],[[65338,47112],[214,-202],[684,-202],[-19,-629]],[[66217,46079],[-382,-277],[-58,-337],[346,-396]],[[65277,45103],[-39,1]],[[65177,45108],[-221,7]],[[67649,46044],[41,1008]],[[67596,45022],[53,1022]],[[71976,44828],[-102,-2064]],[[31367,9307],[674,546],[333,-448],[31,-296],[248,-91],[1158,27]],[[36081,8580],[15,-2561]],[[36096,6019],[-441,-534],[-178,-75],[-543,354],[-113,598],[-409,422],[-620,360],[-421,129],[-824,147],[-623,48],[-225,103]],[[32663,15636],[862,-106],[2161,-1502],[380,-29]],[[36066,13999],[6,-589]],[[34109,12686],[-1731,160]],[[32378,12846],[-625,47]],[[31753,12893],[-108,95],[169,903],[-82,359],[-282,64],[9,378],[-181,310],[-269,-61]],[[31753,12893],[-153,18],[-242,-369],[-1265,-67],[-692,71]],[[29401,12546],[-140,941],[14,290],[534,904]],[[28902,12595],[499,-49]],[[32378,12846],[221,-350],[-315,-65],[178,-395],[-148,-403],[293,-200],[-224,-391],[-37,-433],[-279,84],[-208,-311],[-431,-329],[50,-235]],[[65820,44007],[104,-297],[-117,-314],[154,-367]],[[65961,43029],[-98,-1],[-46,-702],[-310,-188]],[[65507,42138],[-301,19],[-288,389],[-29,527]],[[61361,59488],[2141,-69],[160,24]],[[63662,59443],[900,-37]],[[63566,57344],[-2293,95]],[[61273,57439],[31,414]],[[65674,63361],[-17,-2055]],[[65657,61306],[-1977,13]],[[63680,61319],[-589,9]],[[63091,61328],[-8,2032]],[[68427,63340],[2600,16]],[[68386,61344],[36,332],[5,1664]],[[60435,63351],[2196,18]],[[63091,61328],[-1414,26],[-1234,-42]],[[50306,20753],[946,-82],[-36,-417],[1400,-96]],[[52868,19306],[-43,-398]],[[52825,18908],[-2662,218]],[[50019,17488],[610,-41]],[[50629,17447],[52,-4]],[[50681,17443],[41,-3]],[[50722,17440],[297,-22]],[[51019,17418],[122,-10]],[[51141,17408],[118,-9]],[[51259,17399],[22,-2]],[[51281,17397],[1391,-117]],[[52418,14804],[-2603,231]],[[49815,15035],[204,2453]],[[52211,12597],[-28,-251]],[[50452,12474],[-836,60]],[[52825,18908],[-93,-1023]],[[51281,17397],[-96,209],[335,191]],[[51520,17797],[-291,109],[-56,493],[-779,169],[-287,-44]],[[50068,18097],[250,-255],[533,-90],[338,-181],[70,-172]],[[51141,17408],[-122,10]],[[50722,17440],[-93,7]],[[13858,67090],[2678,42]],[[15321,65101],[-1441,-19]],[[19155,74885],[12,-2438]],[[16477,72429],[0,400]],[[16477,72829],[-8,2036]],[[16469,74865],[-2686,-13]],[[13820,70765],[2684,34]],[[16520,68762],[-2680,-47]],[[13840,68737],[-20,2028]],[[3573,37914],[382,-137],[-26,367],[341,109],[493,-201],[-142,-309],[291,-33],[-15,-429],[-306,-212],[-652,9],[-93,640],[-273,196]],[[2698,36673],[2564,9]],[[180,42349],[2514,-11]],[[2700,39869],[-2552,11]],[[148,39880],[32,2469]],[[2710,37499],[-10,2370]],[[26297,83255],[1,414],[452,-29],[112,610],[323,-32]],[[27185,84218],[0,-90]],[[27185,84128],[1,-107]],[[27186,84021],[286,-375],[521,192],[-4,-410],[357,-8],[60,-396],[-227,-483],[-154,280]],[[28025,82821],[-369,117],[-72,-317],[-278,6]],[[27306,82627],[-111,-181]],[[27195,82446],[-282,189],[-620,-5],[-197,133],[-21,497],[222,-5]],[[46070,78722],[2311,-57]],[[48381,78665],[58,-2044]],[[48439,76621],[-2297,60]],[[46118,77339],[-48,1383]],[[57567,78561],[-1111,49],[-1159,-7]],[[37445,46776],[-12,-114]],[[37433,46662],[-5,-56]],[[37428,46606],[-8,-106]],[[32677,86646],[-19,-2020]],[[24484,83474],[4,-1218]],[[21776,82235],[0,407]],[[34487,41199],[14,674]],[[36647,39339],[-493,-480],[-810,166]],[[35344,39025],[-217,699],[-164,-15],[-628,262],[154,446],[-188,181],[186,601]],[[31775,42234],[190,102],[1042,-255],[23,-403]],[[33030,41678],[-199,-182],[-496,-41],[-279,-228],[-16,-304],[-342,118],[-152,243],[-361,-128],[5,280],[475,281],[110,517]],[[32448,39051],[138,34],[213,542],[-340,303],[31,438],[1106,486],[891,345]],[[35344,39025],[-495,-153],[-262,-188]],[[32511,38961],[-63,90]],[[28739,38579],[1366,-103],[59,-203],[976,-61]],[[30299,36524],[-307,25]],[[29992,36549],[-2865,204]],[[9780,72380],[1339,10]],[[11619,70763],[-9,-804],[-470,-5]],[[32565,69992],[2676,16]],[[35245,67558],[-2673,-8]],[[35241,70008],[-16,2441]],[[11436,35112],[444,5],[3,413]],[[11883,35530],[433,5]],[[13913,35592],[247,522]],[[14160,36114],[137,-145],[66,-394]],[[14363,35575],[-199,-2524]],[[52217,45839],[5,-1]],[[52222,45838],[2052,-144]],[[54412,45570],[-41,-674],[-266,64],[-195,-268],[447,-25],[115,-219],[410,367]],[[54882,44815],[-280,-564],[266,-626],[-63,-899]],[[54805,42726],[-247,-149],[-2519,143]],[[13142,41638],[-9,548],[-454,97],[-1,199]],[[13823,40030],[-313,46],[-354,204],[-338,513]],[[12818,40793],[-424,265],[-212,266]],[[12182,41324],[96,166]],[[12278,41490],[9,66]],[[12287,41556],[59,626],[339,-52],[78,-680],[384,39]],[[12182,41324],[96,166]],[[13152,40018],[-1529,-24]],[[11623,39994],[-20,411],[666,9],[-6,170],[555,209]],[[11739,42474],[-441,-842],[732,-1]],[[12030,41631],[-81,-155],[-466,-55],[-107,-318],[34,-345],[-124,-155],[117,-489],[143,-122]],[[11546,39992],[-1014,-16]],[[10532,39976],[-50,2473]],[[57565,78306],[66,-397],[15,-1400]],[[53164,73565],[210,258],[306,-2],[54,-615],[-466,91],[-104,268]],[[54020,72456],[-874,12]],[[48734,74576],[2070,-22]],[[50905,72501],[-426,7]],[[50479,72508],[-1765,21]],[[48588,72530],[-42,1147]],[[48546,73677],[712,6],[-28,427],[-285,170],[-211,296]],[[12950,36363],[89,132]],[[13060,36637],[123,38]],[[14475,37057],[-95,-679],[-220,-264]],[[11883,35530],[-243,395],[245,76],[565,-6],[135,360]],[[16148,39658],[156,128]],[[16814,38902],[-21,-379]],[[16793,38523],[-107,-1231]],[[16686,37292],[-146,18]],[[15910,39808],[110,-212]],[[15476,39838],[336,-23]],[[16861,39580],[-19,-245]],[[81368,43363],[-639,14],[-451,-93]],[[80278,43284],[11,411],[-216,0],[4,419]],[[72746,42734],[1320,-50]],[[74494,42665],[-24,-1214],[435,-12],[-6,-422],[443,-17]],[[75342,41000],[-20,-828]],[[13888,63865],[1,-812]],[[13889,63053],[12,-1021]],[[13901,62032],[-2723,-40]],[[13901,62032],[14,-1833]],[[13915,60199],[-2733,-36]],[[16562,62665],[2643,30]],[[19205,62695],[5,-1833]],[[16574,60231],[-12,2434]],[[21430,52131],[449,-33]],[[21879,52098],[1987,-136]],[[23866,51962],[225,-21],[-33,-407]],[[24058,51534],[-111,-1226]],[[21305,50501],[125,1630]],[[18535,49820],[35,466]],[[18570,50286],[2699,-191]],[[21130,48474],[-32,-403]],[[26799,74907],[169,1]],[[28089,74900],[-686,5]],[[27403,74905],[-90,1]],[[27313,74906],[-106,234],[-562,-33],[1,-199]],[[50681,79056],[-135,188],[117,402]],[[23769,48292],[-220,-2853]],[[50398,52311],[2259,-127]],[[50271,50163],[127,2148]],[[56718,46138],[-28,-333],[262,-290]],[[56639,45233],[26,304],[-611,47],[-210,-499],[-359,26],[-603,-296]],[[54699,49907],[-14,-220]],[[54685,49687],[-134,-1866]],[[54551,47821],[-2182,125]],[[29421,72442],[446,-7]],[[29377,70021],[44,2421]],[[21843,72459],[-3,2440]],[[27313,74906],[90,-1]],[[28531,74895],[3,-422],[113,-245],[8,-558],[-688,9],[-58,-377],[-276,-26],[1,-267],[-332,-139],[-171,-403]],[[27184,72468],[2237,-26]],[[29876,77300],[2180,12]],[[32056,77312],[471,5]],[[32527,77317],[-2,-1022]],[[50982,29622],[2735,-162]],[[53717,29460],[-113,-1691]],[[50816,27215],[166,2407]],[[53778,30248],[-61,-788]],[[12030,41631],[257,-75]],[[11623,39994],[-77,-2]],[[15538,41476],[145,-10]],[[15830,41455],[949,-68]],[[17882,41311],[-64,-821]],[[17818,40490],[-24,-276]],[[17719,40095],[-812,56]],[[63737,72403],[1808,-28]],[[71020,67465],[-3,-2465]],[[71017,65000],[-2591,-11]],[[24058,51534],[912,-62]],[[24970,51472],[1902,-160]],[[26529,48453],[-43,-374]],[[26486,48079],[-2717,213]],[[26486,48079],[-256,-2844]],[[26230,45235],[-2681,204]],[[12978,14676],[393,321],[1209,1786]],[[14580,16783],[217,308]],[[14797,17091],[622,-259]],[[13675,13113],[-58,596],[-639,967]],[[48188,27381],[159,2398]],[[70359,72321],[188,0]],[[70547,72321],[119,0]],[[70666,72321],[-306,-77],[-1,77]],[[68355,72344],[1710,-22]],[[70065,72322],[69,0]],[[70134,72322],[99,-166],[-307,-458],[62,-362],[840,48],[227,-39]],[[71017,65000],[2703,-2]],[[71027,63356],[-10,1644]],[[28752,29752],[62,902]],[[28814,30654],[514,145],[403,258],[518,124]],[[31683,29851],[-47,-274]],[[31636,29577],[-700,-3],[-486,-548],[-1799,-728]],[[26848,33449],[42,530]],[[26890,33979],[897,-196],[1796,-41],[-43,-557],[491,-34],[132,-512]],[[28814,30654],[104,1277],[-620,49]],[[29992,36549],[-49,-385],[321,-874],[72,-337],[366,-217],[-92,-254],[247,-143],[158,-679],[-156,-178],[-7,-329],[217,-94]],[[26890,33979],[128,1472]],[[56777,46777],[63,767]],[[56840,47544],[2095,-117]],[[58934,47408],[-102,-1996]],[[56841,47557],[132,1961]],[[56973,49518],[2042,-93]],[[56840,47544],[1,13]],[[12181,16197],[729,243],[449,-49],[507,117],[367,348],[347,-73]],[[12978,14676],[-418,487],[-353,647],[-26,387]],[[13322,18041],[937,-780],[538,-170]],[[12181,16197],[-197,680],[-355,437]],[[56099,47612],[162,-11]],[[56336,47595],[505,-38]],[[54540,47695],[552,-26]],[[55210,47664],[37,-2]],[[55325,47658],[69,-4]],[[54757,46672],[-37,2]],[[54592,46680],[-113,6],[61,1009]],[[47601,44313],[0,5]],[[52369,47946],[-147,-2108]],[[66422,67450],[41,0]],[[68179,67449],[-208,199],[-13,612],[-350,0],[-77,590],[-322,-178],[-561,5],[1,-818]],[[66649,67859],[-451,-144],[1,-264]],[[16059,17191],[345,441],[-28,357],[329,535],[-96,639]],[[18824,19254],[-189,-1614]],[[45061,72474],[669,-1],[550,83]],[[46280,72556],[769,-13]],[[47011,69912],[-1316,12]],[[45695,69924],[2,132],[-649,-5]],[[40604,66372],[5,-1222],[2682,9]],[[43291,65159],[7,-809]],[[43298,64350],[-2685,-11]],[[40613,64339],[-886,0]],[[30839,27269],[139,553],[-130,472],[244,296],[-140,176],[636,464],[48,347]],[[32572,67550],[-18,-2444]],[[32554,65106],[-934,-5],[-2,-382],[-412,-9],[1,-411]],[[32554,65106],[1046,-14],[1638,21]],[[35233,64314],[-1,-417]],[[10546,37562],[2193,23]],[[10549,35106],[-3,2456]],[[42820,70040],[-2227,-3]],[[45673,67622],[22,2302]],[[47011,69912],[-46,-2463]],[[45672,67450],[1,172]],[[43276,66588],[290,144],[-240,264],[156,510],[153,102]],[[43635,67608],[2038,14]],[[43291,65159],[-15,1429]],[[94752,72320],[771,-3]],[[95523,72317],[1850,-5]],[[97368,69847],[-1100,4]],[[95515,69860],[-789,6]],[[16584,55743],[1,-458]],[[14225,53520],[-11,1457],[-288,-38],[-1,377]],[[16463,52012],[2226,-159]],[[18689,51853],[-119,-1567]],[[19012,58190],[6,-1019]],[[19018,57171],[5,-1567],[-68,-8]],[[12068,52260],[51,-2038]],[[9011,50186],[-32,2046]],[[12480,52257],[1771,45]],[[10062,20853],[-231,-306]],[[95531,74359],[-8,-2042]],[[93246,72320],[-4,2064]],[[99004,74026],[757,-274],[21,-290],[-741,264],[-183,150]],[[98764,74359],[1233,14]],[[99997,74373],[-1,-2075]],[[97751,72312],[-4,794],[-207,6],[60,539],[148,226]],[[87950,69894],[261,921],[438,-110],[-134,-640],[-261,-170]],[[88742,84567],[-2243,2]],[[86492,85856],[228,-593],[338,43],[249,-271],[314,307],[0,371],[-685,48],[-438,519]],[[86499,86270],[-8,-310]],[[45859,52058],[-530,-114],[-342,-160],[-35,-236],[188,-208],[474,-216],[202,269]],[[45742,50423],[-2069,120]],[[43673,50543],[141,2104]],[[41519,51607],[6,106]],[[41525,51713],[51,915]],[[43673,50543],[-2209,118]],[[41464,50661],[36,619]],[[54076,69914],[-1798,-19]],[[52278,69895],[18,413],[-27,2177]],[[54076,69914],[2,-2040]],[[52910,67448],[-619,-5]],[[54177,67461],[797,7]],[[54974,67468],[-1,-2463]],[[54973,65005],[-896,-19]],[[52709,64963],[-412,-8]],[[52297,64955],[-4,429]],[[52285,67069],[6,374]],[[54974,67468],[900,-5]],[[55874,67463],[206,0]],[[56080,67463],[5,-177],[446,-2],[-26,-340],[250,-246],[13,-1681]],[[56768,65017],[-1795,-12]],[[57672,68785],[-184,204],[100,320],[-50,443],[135,98]],[[57669,68016],[0,222],[-386,40],[150,408],[237,12]],[[56080,67463],[1584,-3]],[[57664,67460],[15,-2456]],[[57679,65004],[-911,13]],[[55874,67463],[8,2453]],[[66139,76453],[1642,3]],[[67781,76456],[-21,-713],[384,72],[225,-80]],[[66126,74404],[13,2049]],[[68400,80346],[-5,-2092]],[[68395,78254],[-2223,-13]],[[66172,78241],[33,2099]],[[68394,76937],[0,-42]],[[68395,77020],[0,17]],[[67781,76456],[-31,566],[644,-48]],[[68358,72904],[1,65]],[[68360,73161],[2,194]],[[68364,73613],[354,97],[249,-512],[13,-388],[-623,-14]],[[41525,51713],[-435,23]],[[40643,53836],[997,-54]],[[39742,53886],[214,-14]],[[40905,51743],[-1168,50]],[[39737,51793],[-36,211]],[[39383,53246],[49,661]],[[39432,53907],[217,-15]],[[39346,52743],[37,503]],[[39687,52165],[-374,68]],[[39313,52233],[15,243]],[[45742,50423],[-130,-2112]],[[45014,48345],[-3,1]],[[45011,48346],[-13,348],[-1433,175]],[[43565,48869],[108,1674]],[[47853,48195],[-2241,116]],[[41464,50661],[-90,-1848],[205,-298]],[[41579,48515],[-137,4]],[[41442,48519],[-83,3]],[[41359,48522],[-377,14]],[[40982,48536],[-149,6]],[[40833,48542],[-604,26]],[[40229,48568],[-701,28]],[[39465,48712],[-147,530],[-10,507],[305,-17],[124,2061]],[[69049,80356],[42,1]],[[69091,80357],[214,3]],[[69305,80360],[75,1]],[[69380,80361],[246,4]],[[69626,80365],[935,20]],[[70561,80385],[3,-1389]],[[70564,78996],[-282,0],[-185,-275],[-848,-22],[-371,377],[-74,626],[454,211],[-221,204],[12,239]],[[69380,80361],[246,4]],[[69091,80357],[214,3]],[[68400,80346],[649,10]],[[70564,78996],[2,-708]],[[63784,74409],[2342,-5]],[[33676,77321],[-160,412],[-397,-324],[-589,316]],[[32530,77725],[25,2032]],[[40606,74911],[-15,2468]],[[43339,79814],[2695,-20]],[[46034,79794],[1,-40]],[[46035,79754],[35,-1032]],[[72156,74384],[-49,-429],[719,-7]],[[72826,73948],[-1,-70]],[[72825,73878],[0,-129]],[[72825,73749],[0,-10]],[[72825,73739],[-211,-299],[51,-328],[-217,-282],[-817,-193],[-637,87],[150,820],[348,107],[-61,712],[320,21]],[[37904,76398],[1,54]],[[37905,76452],[5,257]],[[37910,76709],[152,-260],[487,84],[52,-612],[110,-403],[-238,-251],[-572,146]],[[37901,75413],[-228,179],[-426,-92],[-126,363],[689,138],[94,397]],[[32549,61465],[580,-352],[516,-474],[344,106],[348,-215],[308,31],[311,-121],[255,95]],[[35211,60535],[228,63]],[[35439,60598],[71,-525],[-567,-66],[163,-1164]],[[32583,58809],[71,283],[-55,1143]],[[30236,21739],[648,-57],[285,214],[335,39],[147,169],[387,28],[14,-245],[342,-159]],[[32394,21728],[-832,-1320],[-197,-967],[-30,-424]],[[30170,19748],[-47,976],[71,685]],[[27703,20615],[226,-297],[-36,-614]],[[27893,19704],[-1077,66],[-339,-64]],[[26477,19706],[-96,90],[-773,40]],[[25608,19836],[341,1527],[-27,907]],[[30341,23879],[-45,436],[237,249]],[[33163,24189],[365,-257],[-72,-252],[436,-253],[357,343],[82,-549]],[[34015,21781],[-854,-35],[-583,-107],[-184,89]],[[28526,18894],[-421,-67],[-212,877]],[[43236,48705],[-50,-56]],[[43186,48649],[-33,-38]],[[43055,48503],[-51,-55]],[[43004,48448],[-11,0]],[[42983,48449],[-154,7]],[[43565,48869],[-282,-113]],[[42051,48494],[-110,5]],[[41924,48499],[-345,16]],[[39597,55917],[-165,-2010]],[[39383,53246],[-966,67],[-136,722],[-170,301]],[[39313,52233],[-379,23],[-186,-394],[-941,-98],[39,-253]],[[37846,51511],[-1117,3]],[[84373,89427],[7,-825]],[[84383,88171],[-484,217],[54,216],[-433,-4]],[[83520,88600],[-51,623],[870,123],[34,81]],[[22251,28994],[102,476],[471,-3],[421,172],[373,-263],[808,225],[-30,-240],[191,-202],[-466,-253],[18,-155],[-309,-362],[-531,-182],[-432,177],[-204,-352],[-217,273],[305,78],[-172,413],[-328,198]],[[23427,28876],[381,51],[171,229],[-321,111],[-231,-391]],[[67975,55183],[-77,-2045]],[[70044,55116],[-61,-2062]],[[69983,53054],[-1949,76]],[[69939,51907],[15,347]],[[69954,52254],[29,800]],[[69983,53054],[2194,-64]],[[69906,51027],[33,880]],[[61190,55399],[2285,-106]],[[63365,53265],[-2266,115]],[[61190,55399],[83,2040]],[[65560,49157],[-2158,58]],[[81890,84952],[17,1685]],[[81907,86637],[2491,14]],[[81892,84544],[-2,408]],[[80100,84777],[506,199],[401,-53],[883,29]],[[80101,84525],[-1,252]],[[57204,60131],[527,70]],[[59092,57936],[-13,-413]],[[7963,30555],[1023,13],[-361,-641],[6,-430],[-646,-17]],[[7972,29821],[-2,79]],[[75342,41000],[20,811],[2003,-68]],[[77365,41743],[659,-19]],[[78024,41724],[-43,-1625]],[[80576,36099],[804,-25],[14,413]],[[81394,36487],[896,-7],[-3,-793]],[[82233,33645],[-11,-390],[-1695,46]],[[79257,38028],[16,-831],[438,-13],[-12,-815]],[[77816,35172],[77,2476]],[[78024,41724],[2661,-65],[-13,-619]],[[81449,38494],[-55,-2007]],[[24923,85684],[273,452],[183,110]],[[25379,86246],[395,269],[13,430]],[[25787,86945],[31,306]],[[26062,87248],[368,4]],[[26625,87257],[1,-310],[642,-102],[20,-207]],[[28588,84642],[-1011,15],[6,203],[-402,11]],[[27181,84871],[-433,7],[-5,-204],[-903,13]],[[30564,89942],[2082,30]],[[29429,89273],[265,413],[-2,252]],[[29871,79740],[2684,17]],[[32530,77725],[0,-43]],[[32530,77682],[-474,-163],[0,-207]],[[52542,58039],[-207,334]],[[52335,58373],[665,-29]],[[52980,57769],[-237,55]],[[52743,57824],[-201,215]],[[52335,58373],[-1550,69]],[[50785,58442],[59,866],[-224,-27],[1,780]],[[52801,54204],[-144,-2020]],[[54610,54104],[45,848]],[[54655,54952],[165,-100],[74,625],[186,53]],[[55080,55530],[300,85]],[[55380,55615],[454,-23]],[[56896,54521],[-59,-1026]],[[54584,53595],[26,509]],[[59962,39764],[1650,-105]],[[61612,39659],[874,-55]],[[61907,37155],[-2127,130]],[[59780,37285],[-183,-2450]],[[59597,34835],[-2739,185]],[[59502,33616],[-27,-396]],[[54805,42726],[1038,-68],[-11,-154],[725,-48]],[[54582,40120],[223,2606]],[[33600,19506],[-249,-1265]],[[24178,19893],[-12,-181]],[[24166,19712],[-146,-1236],[-750,-1215]],[[23270,17261],[-1232,32]],[[26669,17268],[-748,26]],[[25921,17294],[41,1513],[131,615],[384,284]],[[22917,23571],[-34,-627],[641,39],[294,454],[292,641]],[[25246,22327],[-993,-461]],[[7802,25135],[-656,90]],[[7146,25225],[-245,-43]],[[6883,25183],[-167,32]],[[6716,25215],[-722,101]],[[5994,25316],[-846,13]],[[4915,25374],[-14,3]],[[25342,30292],[-115,-1459]],[[24388,27612],[-2616,228]],[[10588,31912],[-296,-106],[-678,-98],[-305,-990]],[[22151,25489],[643,753],[882,404],[1020,-37]],[[21273,26084],[-102,-425]],[[18910,23833],[215,2689]],[[11229,30368],[-32,-423]],[[60508,80337],[-180,-264],[-582,-2],[319,270]],[[62804,84340],[-269,11]],[[62535,84351],[-7,169],[594,21],[0,351]],[[62436,84350],[-607,0]],[[61829,84350],[-164,333],[430,208],[341,-541]],[[42012,39201],[1752,-95]],[[36323,34241],[223,-149],[181,-328],[413,411],[322,-208],[466,-37],[72,-320],[630,302]],[[38630,33912],[-164,-2886]],[[44217,33129],[229,17],[242,235],[24,332],[-469,-181]],[[44243,33532],[12,234]],[[44255,33766],[5,102]],[[44260,33868],[14,280]],[[44274,34148],[9,190]],[[44283,34338],[47,626]],[[44186,32512],[31,617]],[[69842,33350],[78,54]],[[69920,33404],[160,243]],[[72797,33217],[-593,-175],[-66,-605],[-145,-420],[30,-449],[399,-16],[-25,-489]],[[72354,30386],[-13,-239],[-1219,56],[-116,167]],[[69676,30519],[55,857],[-224,13],[27,417]],[[38097,22000],[706,-46]],[[38803,21954],[83,-489],[-140,-461],[75,-255],[-423,-256],[138,-401],[417,-798],[-63,-61]],[[38890,19233],[-626,-599],[-366,-106],[-503,88]],[[37395,18616],[1,1213],[-632,99],[-808,953],[-32,315]],[[42893,21700],[3135,-191]],[[47079,18946],[-2128,146],[-854,93]],[[44097,19185],[53,1085],[-777,-274]],[[43373,19996],[-197,812],[-283,892]],[[37395,18616],[-777,-337],[-1115,-225],[-375,-197]],[[35128,17857],[-126,300],[-1651,84]],[[38803,21954],[142,-10]],[[38945,21944],[2182,-138]],[[41127,21806],[87,-1041],[-349,-1070],[-129,-651]],[[39094,19082],[-204,151]],[[41127,21806],[803,-47]],[[41930,21759],[963,-59]],[[43373,19996],[-856,-558],[396,-25],[-412,-506],[-489,-230],[-464,281]],[[57473,84636],[583,55],[918,-30]],[[58974,84661],[-74,-500],[519,-179]],[[59401,83658],[-27,-1136]],[[63958,82301],[0,-47]],[[61711,82508],[251,-3]],[[62272,82502],[260,-4]],[[63956,82166],[-22,-1400]],[[63929,80508],[0,-84]],[[11118,74412],[-251,-25],[-574,439],[-1859,-5]],[[8434,74821],[13,2458]],[[69755,36132],[-358,24],[-18,-207],[-1183,64]],[[68196,36013],[-390,428]],[[67806,36441],[26,410],[-554,-15]],[[67806,36441],[-230,-192],[-19,-226],[-328,15],[-125,-195],[-104,-1435]],[[68196,36013],[2,-394],[388,-268],[179,-399],[450,-345],[151,-250],[34,-455],[477,-244],[43,-254]],[[93207,82406],[2260,30]],[[95500,81348],[15,-1090]],[[95515,80258],[-2309,7]],[[93206,80265],[1,2141]],[[38630,33912],[300,110],[139,-206],[480,-102]],[[64563,82489],[1670,-11]],[[66205,80340],[-825,-3]],[[61726,83330],[18,890]],[[61744,84220],[85,130]],[[62436,84350],[99,1]],[[61711,82508],[4,107]],[[59279,74472],[-13,1407],[40,624]],[[63989,84355],[2274,16]],[[66263,84371],[-7,-220]],[[66252,83471],[-19,-993]],[[39589,9966],[222,-234],[733,-1291],[126,-48],[-210,-570]],[[40460,7823],[-532,-154],[-461,-507],[-87,-390],[-384,-565],[-328,-126],[-1059,-101],[-861,326],[-652,-287]],[[36020,17138],[209,-15],[592,-290]],[[38184,15557],[442,-507]],[[36066,13999],[-46,3139]],[[39926,13551],[728,-67],[1302,-205]],[[41956,13279],[221,-635],[436,-193],[-106,-207],[-396,54],[-223,-246]],[[41888,12052],[22,-218],[308,-395],[74,-352],[-195,-200]],[[42097,10887],[-436,-106],[-588,-23],[-188,94]],[[46910,10264],[2523,-168],[-35,-394]],[[47752,6756],[-772,1688],[-212,-94]],[[46768,8350],[142,1914]],[[34564,28693],[1236,-292],[751,-1213],[159,-587],[46,-530],[125,-138]],[[36881,25933],[-117,-974]],[[36764,24959],[-820,46],[-484,116],[-123,398],[-1996,122]],[[39467,29082],[-387,-1767],[-42,-349],[515,-147]],[[39553,26819],[-237,-51],[-52,-499],[-880,-85],[-221,45],[-756,-117],[-526,-179]],[[35228,62680],[2708,13]],[[37914,60247],[-1522,-2],[-643,335],[-310,18]],[[35211,60535],[17,2145]],[[37939,64318],[-3,-1625]],[[43297,62723],[-2683,-12]],[[40614,62711],[-1,1628]],[[40712,82332],[-1,-36]],[[40668,82207],[-165,0]],[[40413,82208],[-90,-294],[-1087,25],[-94,283]],[[40179,82211],[121,-2]],[[45780,29941],[-206,-2410]],[[42742,27708],[-87,515],[-321,47],[-117,175],[338,158],[291,467],[-9,193],[-550,89],[121,584],[-50,191]],[[40374,25800],[202,-153],[99,-436],[568,-218],[468,466],[239,12],[241,-306],[546,-1526],[352,-213]],[[43089,23426],[-774,-1312],[-385,-355]],[[38945,21944],[457,971],[205,237],[53,286],[-232,994],[282,240],[425,214],[68,877],[171,37]],[[40711,82208],[2649,51]],[[43360,82259],[-8,-1019]],[[43347,80789],[-8,-975]],[[40625,79838],[86,2370]],[[43408,84545],[252,-151],[453,40],[452,251]],[[44565,84685],[1292,10],[73,-1906]],[[45950,82241],[-2590,18]],[[43360,82259],[48,2286]],[[36764,24959],[515,-678]],[[40374,25800],[697,734]],[[41071,26534],[1395,629]],[[43809,24616],[-205,-1059],[-515,-131]],[[66302,86787],[550,-359],[1651,-256]],[[68503,86172],[-1,-180]],[[68502,85992],[-2227,32]],[[76793,86275],[5,402]],[[76892,86677],[750,-4]],[[77642,86673],[-123,-204],[-56,-835]],[[77458,85589],[-71,-357]],[[77387,85232],[-149,2]],[[76445,85647],[-1,205],[575,10],[-1,393],[-225,20]],[[74249,87887],[621,449],[191,312]],[[73316,84750],[74,-282],[269,-88]],[[73659,84380],[-23,-347],[-244,-8]],[[73392,84025],[-263,201],[-250,-5]],[[72879,84221],[-5,164]],[[46002,80765],[0,-20]],[[46002,80745],[1,-21]],[[46003,80724],[3,-82]],[[46006,80642],[-419,71],[-42,-708],[444,-5],[44,-159]],[[46033,79841],[1,-47]],[[42097,10887],[15,-468],[420,-280],[-427,-193],[140,-588],[-226,-217]],[[42019,9141],[-470,-171],[-467,-783],[-622,-364]],[[57696,62537],[-2670,-13]],[[55026,62524],[-53,2481]],[[76118,86729],[-57,-449]],[[76061,86280],[-101,-123],[-474,61],[-474,224]],[[76027,89407],[471,437],[353,105],[602,365]],[[68479,85187],[4,52]],[[68483,85239],[366,-6],[624,211],[-1,167]],[[69472,85611],[-5,39]],[[68914,84374],[-451,-39]],[[39553,26819],[372,-190],[886,67],[260,-162]],[[52348,62505],[-45,2046]],[[52306,64607],[2,17]],[[52308,64634],[-11,321]],[[75610,84521],[-382,-4],[-9,-1108]],[[73978,84331],[110,592]],[[78344,82419],[-899,17]],[[73659,84380],[262,-105]],[[74910,82475],[-999,-1]],[[73452,82473],[-60,1552]],[[44461,11984],[-1426,53]],[[43035,12037],[1,1238],[60,914],[191,-6],[62,1247]],[[41302,15492],[-32,-193],[198,-311],[295,-46],[13,-209],[-369,-219],[253,-202],[277,-439],[-61,-424],[80,-170]],[[77804,85586],[314,-182]],[[78118,85404],[-14,-698],[189,-179]],[[77452,84521],[-65,711]],[[77642,86673],[197,-1]],[[77839,86672],[782,-9]],[[78628,85526],[-510,-122]],[[76061,86280],[732,-5]],[[76419,85438],[-291,3]],[[69353,86359],[847,176],[427,-6],[313,-123]],[[69472,85611],[-50,208],[42,440],[-111,100]],[[77776,87498],[63,-826]],[[75927,84523],[626,-4]],[[76553,84519],[1,-413]],[[76554,84106],[-609,1],[-58,-408],[-222,-208]],[[75665,83491],[-446,-82]],[[69218,83543],[1356,-50]],[[70567,83030],[-5,-568]],[[70562,82462],[-1476,-7]],[[79714,85377],[-1,-139]],[[79713,85238],[-314,55],[114,-567],[-84,-268]],[[76756,84520],[-70,-2]],[[76686,84518],[-455,257],[344,59],[181,-314]],[[67971,83146],[128,61]],[[67074,82470],[280,-3]],[[68330,83969],[113,-425]],[[68049,83261],[-638,85],[15,-385],[-400,-234],[0,-256]],[[23771,34002],[-10,-201]],[[20869,32537],[-92,377],[162,576],[-47,429]],[[21617,38217],[1783,-129],[-36,195],[412,10],[15,178],[702,359]],[[24493,38830],[599,-58],[46,-217],[438,-39]],[[16587,35970],[56,-183]],[[16577,35790],[10,180]],[[16551,35490],[12,90]],[[22205,39770],[874,-60],[-45,-694],[1459,-186]],[[20322,38655],[111,1230]],[[46699,42775],[-429,56],[44,826],[-81,422],[665,-32]],[[45473,42281],[292,-20]],[[45322,42280],[34,0]],[[19323,35543],[-88,-388],[289,-163]],[[20584,14198],[1193,-82]],[[21777,14116],[-27,-357],[977,-503]],[[22579,11912],[-15,-212],[-232,-385],[-259,50],[-236,-256],[-247,-47],[-196,-263],[-398,-263],[28,-283]],[[21024,10253],[-654,390],[-350,93]],[[20020,10736],[89,233],[-70,837],[317,303],[164,-16],[337,383],[2,680],[217,114],[-86,241]],[[21870,16498],[185,4],[207,-585],[-209,-451]],[[22053,15466],[-189,-552],[35,-378],[-122,-420]],[[25108,10345],[89,-414],[-325,-158],[-220,71],[-475,-215],[40,-350],[-344,-403],[-309,-222],[18,-169]],[[23582,8485],[-373,86],[-435,346],[-131,570],[-298,405],[-653,247],[-668,114]],[[23270,17261],[1035,6]],[[24305,17267],[-42,-1799]],[[24263,15468],[-2210,-2]],[[19307,35580],[302,97]],[[5724,85926],[531,310],[357,-233],[342,42],[104,-527],[-398,78],[-57,-179],[-830,-5],[-46,94]],[[5726,85622],[-1,37]],[[5751,92291],[2252,58]],[[8003,92349],[1,-2440]],[[8004,89909],[-2287,24]],[[8003,92349],[1776,50]],[[9779,92399],[21,-1928]],[[8400,89903],[-396,6]],[[44345,44093],[109,128],[966,74],[26,-261],[284,-628],[-417,-103],[-786,52],[18,679],[-200,59]],[[25379,86246],[-195,11],[-350,-340],[-1,1089],[191,220],[613,-74],[150,-207]],[[5718,87031],[2682,-1]],[[43386,45985],[-5,-273]],[[43371,45642],[-272,20],[61,346],[226,-13]],[[37433,46662],[306,-126],[1167,196],[73,158],[696,-90],[121,470]],[[39796,47270],[12,43]],[[39808,47313],[372,-10],[49,1265]],[[40833,48542],[105,-457],[403,35]],[[41341,48120],[11,260]],[[41352,48380],[-370,156]],[[41359,48522],[83,-3]],[[43004,48448],[9,-1]],[[43013,48447],[-36,-260]],[[42977,48187],[-79,-342],[246,-150],[354,82]],[[43498,47777],[307,-216]],[[44847,47236],[29,68]],[[45585,47840],[219,38],[642,-86],[15,-763],[-306,-34],[61,-292],[-207,-160],[-48,-346]],[[43928,41419],[10,140],[-723,42],[22,-410],[-319,134]],[[42918,41325],[-337,-199],[-29,-475],[206,-13],[-48,-449],[312,-218],[51,400],[637,-53],[135,-108]],[[43832,39924],[-3,-97]],[[43804,39547],[-77,174],[-456,2],[-132,-319],[-275,-4],[-356,180],[-92,-210],[-483,28]],[[41933,39398],[-351,-53],[-24,340],[490,43]],[[42048,39728],[236,30],[31,274],[-231,98]],[[42084,40130],[-227,393],[-115,593],[161,227],[-225,151],[46,445],[-263,60]],[[41316,42035],[-899,186]],[[40338,42237],[-391,-304],[-261,120],[-145,-188]],[[39541,41865],[-12,-256]],[[39449,41608],[-81,1]],[[38745,41633],[178,414],[-395,371],[-350,73],[469,289],[-352,344],[139,880],[138,60]],[[39259,46449],[-35,151],[-481,-72],[-21,-278]],[[38649,46231],[-217,-20]],[[38161,46205],[-303,287]],[[37515,46533],[-87,73]],[[39540,43860],[-14,-198],[-614,-44],[-3,-299],[179,-235],[466,-102]],[[39404,44230],[21,0]],[[39699,42325],[217,-23]],[[39934,42301],[77,-3]],[[39865,42309],[-8,1]],[[39834,42313],[-99,11]],[[40727,44430],[236,-389]],[[40963,44041],[847,-151],[-97,332]],[[41708,44222],[-633,31],[-59,121]],[[40387,46350],[-126,14]],[[39893,46507],[-7,-4]],[[41075,47318],[89,-119]],[[41164,47199],[-67,-1]],[[41097,47198],[17,-90]],[[41114,47108],[147,-83]],[[41261,47025],[40,-2]],[[41301,47023],[583,-196],[404,-18],[83,331],[11,605],[-456,131],[-503,-59],[-169,-251],[-226,9]],[[41028,47575],[-407,-23],[-13,-304],[467,70]],[[41058,42100],[77,-13]],[[41287,46714],[1,47]],[[41288,46761],[-1,-47]],[[41264,46309],[6,69]],[[41270,46378],[-6,-69]],[[43478,43778],[178,24],[-1,-575],[399,-25],[58,818],[-412,130],[-222,-372]],[[43819,39715],[-13,-147]],[[46011,46194],[531,-9],[181,-28]],[[40963,44041],[38,334]],[[72842,76454],[1154,-3]],[[73996,76451],[-258,-204],[170,-245],[-79,-268],[583,0],[225,104]],[[75124,74388],[-2297,2]],[[75160,76833],[15,1488]],[[75175,78321],[2260,8]],[[77902,77237],[-26,-330],[266,-211],[211,97]],[[78353,76793],[-70,-661]],[[78283,76132],[-283,-156]],[[76472,81846],[277,197],[2,404]],[[76751,82447],[28,0]],[[77445,82436],[-4,-610],[227,-1],[114,-627]],[[77782,81198],[225,-798]],[[78353,76793],[0,114]],[[79183,76449],[-11,-330],[-297,5],[12,323],[-297,-26],[-8,-292],[-299,3]],[[76342,82460],[409,-13]],[[39532,41609],[9,256]],[[42084,40130],[-36,-402]],[[41933,39398],[79,-197]],[[41261,47025],[40,-2]],[[41270,46378],[-6,-69]],[[41288,46761],[-1,-47]],[[41164,47199],[-67,-1]],[[41097,47198],[17,-90]],[[41352,48380],[-11,-260]],[[41028,47575],[47,-257]],[[39796,47270],[12,43]],[[73225,80408],[1859,8]],[[75084,80416],[3,-2096]],[[75087,78320],[-2214,-14]],[[72873,78306],[16,2099]],[[79697,76448],[-7,-702]],[[79690,75746],[0,-45]],[[79690,75701],[-4,-474]],[[79686,75227],[-3,-171]],[[79683,75056],[-5,-551]],[[79678,74505],[0,-2]],[[79072,82408],[3,-76]],[[79075,82332],[-3,-320],[447,-52],[-15,-588]],[[79504,81372],[-571,-387],[-16,-371],[-596,8],[-288,474],[-251,102]],[[79240,82406],[-165,-74]],[[79504,81372],[202,0]],[[79706,81372],[-2,-981]],[[66275,86024],[-12,-1653]],[[59306,76503],[-1660,6]],[[3054,59322],[1845,3],[-1,-205],[887,-1]],[[5779,57298],[0,-216]],[[3054,57079],[0,609]],[[91940,56506],[-36,-1153]],[[91904,55353],[-104,-63],[-29,-821]],[[91771,54469],[-2219,78]],[[91771,54469],[-66,-1632]],[[91705,52837],[-61,-1234]],[[91644,51603],[-2218,86]],[[87119,54829],[-707,75],[-1340,36]],[[91644,51603],[-51,-1222]],[[91536,49136],[-2206,92]],[[89330,49228],[64,1644]],[[5788,60551],[-2740,1]],[[3048,60552],[-10,2040]],[[3048,60552],[4,-412]],[[414,60143],[5,2450]],[[3011,55846],[-2082,421],[-564,-334]],[[365,55933],[15,1761]],[[75068,76454],[-99,11]],[[74969,76472],[-312,-19]],[[74453,76639],[-68,51]],[[75087,78320],[88,1]],[[74371,76700],[-375,-249]],[[75084,80416],[591,6]],[[97710,80271],[2287,16]],[[99997,80287],[2,-1957]],[[97700,82450],[10,-2179]],[[99990,81981],[7,-1694]],[[93212,79861],[-6,404]],[[95527,78331],[-2323,4]],[[93204,78335],[6,613]],[[4592,20861],[48,465],[415,-86]],[[1290,23616],[1366,-6]],[[2656,23610],[211,-680],[-35,-310]],[[1,20053],[0,2754]],[[4146,25231],[-530,-234],[257,-251],[-156,-716],[-332,78],[-407,-40],[-322,-458]],[[5950,24623],[4,171]],[[5954,24794],[11,91]],[[5965,24885],[30,155],[446,-61],[275,236]],[[7146,25225],[220,-196],[-15,-206],[416,-199],[-159,-289]],[[7608,24335],[-283,-139]],[[7325,24196],[-113,213],[-420,-35]],[[6792,24374],[-847,166]],[[5945,24540],[5,83]],[[7954,24358],[670,139]],[[8624,24497],[195,-383]],[[8819,24114],[-229,-91]],[[8112,24162],[-158,196]],[[86523,82372],[-3,-1478]],[[24305,17267],[1616,27]],[[79694,77508],[356,-141],[273,85],[633,-35],[-17,-375],[191,-288]],[[81130,76754],[128,-321]],[[81258,76433],[-876,-243],[-255,232],[-430,26]],[[86523,82372],[2213,11]],[[88747,80256],[-1785,11]],[[81810,74466],[2485,-45]],[[84295,74421],[-31,-2100]],[[84264,72321],[-2420,8]],[[81776,72330],[34,2136]],[[81852,78313],[2478,-7]],[[84330,78306],[-10,-1905]],[[84320,76401],[-2494,23]],[[81826,76424],[26,1889]],[[82331,76917],[301,-75],[47,-248],[358,-67],[92,198],[350,-2],[190,241],[34,377],[-139,300],[-647,84],[-32,-387],[-189,9],[-86,-368],[-279,-62]],[[79690,75746],[156,1],[39,201],[130,-1],[50,-244],[-375,-2]],[[79686,75227],[-3,-171]],[[26131,10030],[-158,-2167],[-54,-1245]],[[25919,6618],[-360,194],[-969,152],[-225,169],[-267,1049],[-516,303]],[[81239,67475],[108,1]],[[81347,67476],[-108,-1]],[[81588,66635],[-280,218],[-57,286],[371,194]],[[78932,67566],[536,-22]],[[79468,67544],[-137,-325],[-419,-68]],[[78912,67151],[20,415]],[[78844,65710],[48,1033]],[[78892,66743],[213,-9],[-30,-742],[80,-294],[-311,12]],[[78844,65707],[-2,-30]],[[78842,65677],[2,30]],[[78833,65495],[673,84],[65,508],[867,181],[17,324],[368,104],[761,-168]],[[78813,65085],[20,410]],[[81766,67816],[475,51],[70,291],[-193,266],[122,305],[654,-109],[120,-324],[289,40],[140,-532],[-343,17],[-8,-210],[-562,-74],[-435,268],[-329,11]],[[84264,72321],[275,0]],[[84436,69918],[-5,-81]],[[84431,69837],[-2693,103]],[[81657,68071],[-2,-50]],[[81655,68021],[2,50]],[[81647,67870],[-18,-409]],[[81629,67461],[-282,15]],[[81239,67475],[408,395]],[[81738,69940],[-68,-1566]],[[81670,68374],[-258,313],[-175,32],[-89,-593]],[[81148,68126],[-95,-154],[-449,-150],[-305,10],[21,498],[449,-15],[12,409],[-444,13],[-232,-192],[-783,19],[-330,336]],[[78991,68884],[514,-793],[71,-209],[-108,-338]],[[81647,67870],[8,151]],[[81657,68071],[13,303]],[[84431,69837],[-118,-2363]],[[84313,67474],[-5,-117]],[[86797,67445],[-2484,29]],[[79706,81372],[1,1022]],[[81826,76424],[-568,9]],[[11123,80733],[2,1446]],[[13782,82177],[-3,-2443]],[[11123,79743],[0,990]],[[4791,49674],[340,3],[8,-788],[881,8]],[[180,42349],[34,2467]],[[19098,92705],[2750,92]],[[21894,91053],[-2749,-36]],[[13923,92529],[2471,85]],[[16445,90978],[8,-407]],[[13743,90513],[-28,1224],[226,2],[-18,790]],[[16397,89103],[0,-2847]],[[9779,92399],[4144,130]],[[16397,89103],[2701,15]],[[311,49690],[47,2466]],[[6669,52952],[439,8],[-32,1619]],[[7076,54579],[1887,6]],[[8979,52232],[-1416,-12],[-879,-82]],[[6684,52138],[-15,814]],[[4765,50878],[621,47],[1286,27]],[[6672,50952],[35,-1221],[180,0]],[[5782,54562],[1294,17]],[[6669,52952],[-1539,-16],[-440,-47]],[[6672,50952],[12,1186]],[[11123,80733],[-685,-28],[-216,-234],[-277,107],[-564,-103],[-192,123],[-760,-68]],[[10318,21435],[172,292],[271,7],[49,652]],[[10810,22386],[19,487]],[[10829,22873],[148,190],[38,413],[241,319],[492,-39]],[[11748,23756],[-203,-495],[113,-269]],[[12184,22564],[-15,-635]],[[10671,20782],[-260,194]],[[25178,53921],[167,2068]],[[28052,55835],[-222,-2514]],[[27830,53321],[-2678,212]],[[25152,53533],[26,388]],[[25178,53921],[-904,66]],[[19018,57171],[2193,-2]],[[7325,24196],[-276,-222],[-360,1],[103,399]],[[12506,23754],[-419,67],[-105,488],[-6,433],[489,-345],[419,83],[164,-125]],[[9989,22093],[475,-38],[58,383],[288,-52]],[[9876,21606],[17,312]],[[10816,24379],[418,-302]],[[11234,24077],[446,193],[204,-184],[-136,-330]],[[10829,22873],[-319,136]],[[26230,45235],[442,-27]],[[26468,43176],[-443,33]],[[8624,24497],[52,615]],[[10448,24933],[340,-150],[-289,-270]],[[9894,23825],[-624,393],[-451,-104]],[[7954,24358],[-346,-23]],[[11300,24902],[-66,-825]],[[9885,22085],[39,151]],[[9924,22236],[71,316],[-420,-6]],[[9575,22546],[-195,320]],[[9380,22866],[171,93]],[[8478,22630],[112,-125]],[[22376,58221],[39,1293]],[[25521,59289],[160,-11]],[[24055,54002],[-189,-2040]],[[21879,52098],[106,1231]],[[25152,53533],[-182,-2061]],[[91231,69881],[-18,-826],[921,-9]],[[92108,67446],[0,-18]],[[92108,67428],[-2704,13]],[[98801,62970],[1195,3]],[[99996,62973],[0,-309]],[[99996,62664],[-908,-104],[20,217],[-307,193]],[[97362,62579],[6,420]],[[97368,62999],[1314,-28]],[[98682,62971],[7,-411],[-434,-4],[-113,-389]],[[98142,62167],[-785,-229]],[[97357,61938],[-1,67]],[[97364,65012],[4,-2013]],[[94712,62612],[-3,358]],[[99996,67415],[0,-2435]],[[99996,64980],[-2632,32]],[[89404,67441],[-5,-2428]],[[86784,65036],[13,2409]],[[21800,89527],[119,401],[-14,624]],[[24034,89555],[-1,-612],[584,11],[-1,156],[1635,-18]],[[25967,87452],[-1349,12],[-124,264],[-901,-14],[-2,207]],[[31518,92043],[392,228]],[[31910,92271],[77,-154]],[[31987,92117],[-24,-141],[30,0],[-3,135]],[[31990,92111],[188,-54]],[[32178,92057],[341,-108]],[[32519,91949],[271,37]],[[32790,91986],[234,-5]],[[33024,91981],[39,-15]],[[33063,91966],[516,-105]],[[33579,91861],[14,-1860]],[[23082,87097],[20,-788],[903,8],[15,-766],[147,-306]],[[21782,84247],[7,2044]],[[24635,91077],[1548,66]],[[33024,91981],[39,-15]],[[32519,91949],[271,37]],[[31910,92271],[455,302],[190,-257],[-377,-259]],[[31990,92111],[-3,6]],[[30869,93128],[650,15]],[[92748,46590],[899,-1],[155,2445]],[[94257,49146],[1463,-73]],[[95720,49073],[-165,-530],[77,-767],[-81,-317],[-477,-366],[-183,-302],[143,-554]],[[95034,46237],[-949,34],[-5,-126],[-1343,29]],[[92737,46174],[11,416]],[[95034,46237],[22,-515],[-137,-276],[-108,-614],[60,-781]],[[94871,44051],[-2213,105]],[[92658,44156],[94,1239],[-15,779]],[[88805,47621],[1332,-65],[22,415],[1318,-52]],[[91477,47919],[-16,-433],[1316,-35],[-29,-861]],[[92658,44156],[-1410,76]],[[91248,44232],[83,1224],[-2623,116]],[[91248,44232],[-71,-1239]],[[91147,42598],[1346,-76],[546,-236],[243,-5]],[[93282,42281],[-28,-315],[349,-572],[89,-294],[-226,-374],[-497,-249]],[[92969,40477],[-1934,83]],[[59515,24892],[1777,-118]],[[61292,24774],[-197,-2490]],[[59321,22397],[194,2495]],[[59515,24892],[-889,58]],[[21430,52131],[-2706,193]],[[18724,52324],[109,1235]],[[28056,55885],[1873,-110]],[[29929,55775],[-45,-501]],[[29696,53243],[-1866,78]],[[75676,24759],[-120,-574],[-356,30],[-332,165]],[[74868,24380],[-752,252],[-80,260],[262,164],[187,-304],[1021,-104],[170,111]],[[76531,30456],[628,-23],[18,838],[324,-25],[326,142]],[[78695,31287],[-59,-1743]],[[78636,29544],[-7,-172]],[[78629,29372],[-2,-64]],[[78627,29308],[-2,-42]],[[78625,29266],[62,-33]],[[78687,29233],[22,-202],[-568,98],[-144,-184]],[[77997,28945],[-294,-5]],[[77703,28940],[-452,18],[13,419],[-454,21]],[[77703,28940],[-24,-217]],[[77679,28723],[-21,-612]],[[77658,28111],[-25,-453]],[[77633,27658],[-518,-519],[-910,-570],[-354,-394],[-35,-163]],[[67626,15372],[1139,-94]],[[69719,15211],[-237,-90],[-302,-418],[-96,-765],[-239,-314],[-705,-445],[-490,141],[-387,344],[7,272],[621,674],[-15,343],[-250,419]],[[63266,15531],[80,1243]],[[66212,17838],[-475,24],[-30,-570]],[[65707,17292],[-195,185],[-355,61],[-428,-129],[-363,-870],[-872,-514],[-228,-494]],[[61095,22284],[2629,-165]],[[67626,15372],[-160,390],[-348,589],[-424,235],[-605,-94],[-382,800]],[[94545,55277],[845,20],[754,-45]],[[97149,54616],[-73,-1875]],[[97076,52741],[-2644,102]],[[94432,52843],[113,2434]],[[91705,52837],[2723,-96]],[[94428,52741],[-73,-1537]],[[94355,51204],[-44,-929]],[[97862,54210],[254,-649],[-70,-296],[-282,-434]],[[97764,52831],[-71,-87],[-617,-3]],[[94355,51204],[2327,-101]],[[96682,51103],[-152,-843],[-419,-505],[-391,-682]],[[94428,52741],[4,102]],[[97764,52831],[-27,-540],[-147,-294],[-514,-293],[-394,-601]],[[83204,37694],[-17,-811],[295,-11],[-26,-803],[453,-22]],[[83909,36047],[-15,-355]],[[90016,33597],[-515,-390],[-541,-528],[-702,-530],[-344,-343]],[[87914,31806],[44,897]],[[89956,37366],[30,409],[220,-18],[49,1206]],[[90255,38963],[669,-34],[15,202],[1559,-72],[397,104]],[[92895,39163],[-253,-345],[-644,-434],[-160,-325],[106,-289],[448,-432],[341,-523]],[[92969,40477],[-133,-233],[105,-467],[-46,-614]],[[90255,38963],[-648,43]],[[89607,39006],[106,1634]],[[84834,37450],[876,-16],[287,-227],[-49,-1219]],[[85634,35665],[5,190],[-403,167],[-1327,25]],[[71945,22735],[87,1503]],[[75744,25313],[-68,-554]],[[74868,24380],[-499,-28],[-810,104],[-516,-100],[-419,-468],[117,-814],[-223,-199],[-573,-140]],[[80477,31272],[-1,-7]],[[80476,31265],[-69,-2421]],[[80407,28844],[-1291,43]],[[79116,28887],[-372,181],[163,248],[-271,228]],[[78629,29372],[-2,-64]],[[78625,29266],[62,-33]],[[77679,28723],[318,222]],[[79116,28887],[174,-417],[-184,-634]],[[79106,27836],[-226,178]],[[78880,28014],[-52,34]],[[78828,28048],[-396,130],[-493,-185]],[[77939,27993],[-281,118]],[[33579,91861],[544,22],[246,170],[145,350],[723,-522],[-33,-293],[532,-31],[1055,-693],[30,-166],[973,-393],[670,-218]],[[38464,90087],[-388,-2]],[[32530,77682],[-3,-365]],[[29750,42356],[-159,-396],[-255,-977]],[[29336,40983],[-152,-556]],[[41306,15492],[2043,-62]],[[43035,12037],[-1147,15]],[[63266,15531],[-237,-357],[-104,-429]],[[60529,10216],[412,-297],[382,-1370],[-179,-598],[84,-526]],[[61228,7425],[-1675,87]],[[59553,7512],[165,2443]],[[54982,12348],[-200,-2058]],[[54782,10290],[-460,36]],[[57324,7634],[2229,-122]],[[59553,7512],[-149,-2081]],[[59404,5431],[-514,-412]],[[57884,15031],[-2634,185]],[[61228,7425],[337,-1192],[-121,-621],[-268,-247],[-776,-100],[-554,198],[-442,-32]],[[57697,12565],[-2677,197]],[[54782,10290],[2715,-192]],[[57496,10077],[-172,-2443]],[[75665,83491],[-50,-241],[721,158],[2,-326],[236,-2]],[[87554,39163],[757,-87],[1296,-70]],[[87779,37548],[50,781],[-315,220],[40,614]],[[80683,93037],[1118,612],[251,199]],[[82052,93848],[-21,-1067]],[[82012,92222],[-13,-439]],[[81968,90780],[-295,141],[-626,51],[1,-179],[-306,-222]],[[40740,87490],[5,811],[431,3],[4,415]],[[41180,88719],[484,-523],[681,-494],[851,-443]],[[140,37499],[8,2381]],[[26911,91379],[206,213]],[[45231,17602],[1765,-110]],[[46996,17492],[-195,-2248]],[[48952,37107],[508,-30]],[[11662,27785],[525,-40]],[[12297,27736],[111,-8]],[[12408,27728],[424,-181]],[[13017,27139],[54,-296]],[[50924,2195],[-433,244],[-636,703],[-331,571],[-376,311]],[[65507,42138],[61,-356],[214,-273]],[[65317,41529],[13,202],[-2699,143],[14,207]],[[93204,78132],[0,203]],[[77452,84521],[-696,-1]],[[76686,84518],[-133,1]],[[98195,57613],[-342,-692],[-14,-948],[-379,-224],[-85,-281]],[[94545,55277],[89,2488]],[[16686,19541],[-411,115],[-613,17],[-172,96],[-634,-133],[-458,134],[-198,347]],[[52801,54204],[1219,-69]],[[54020,54135],[138,-9]],[[54158,54126],[452,-22]],[[46259,80756],[75,-2]],[[46424,80751],[82,-599],[-76,-398],[-395,0]],[[46033,79841],[-27,801]],[[46003,80724],[-1,21]],[[87914,31806],[-742,-673],[-703,-807],[-316,-584],[-465,-593],[-305,-48]],[[85383,29101],[48,1274],[-706,33],[29,787]],[[34501,41873],[-549,-165],[-922,-30]],[[31775,42234],[-101,45]],[[84903,39294],[1429,-83],[237,95]],[[86569,39306],[101,-108],[884,-35]],[[42466,67606],[356,195],[30,209],[412,1]],[[43264,68011],[1,-218]],[[43265,67793],[1,-189]],[[43266,67604],[369,4]],[[43276,66588],[-747,-12],[-154,406],[91,624]],[[81810,74466],[16,1958]],[[91029,90621],[10,-1985]],[[89330,49228],[-1342,58]],[[41293,17604],[2183,-105]],[[44017,10372],[448,-7]],[[45271,10343],[-33,-769]],[[45238,9574],[-462,312],[-544,-144]],[[43528,9445],[-484,-336],[-249,-79],[-748,114]],[[42047,9144],[390,389],[44,435],[355,207],[209,-193],[511,1],[47,394],[414,-5]],[[7873,22846],[183,-60]],[[5965,24885],[29,431]],[[5950,24623],[4,171]],[[7946,23551],[-505,-272],[-14,-457],[185,-100]],[[6710,22763],[-115,198]],[[6095,23020],[-253,-102]],[[5842,22918],[103,1622]],[[5822,22582],[294,-20]],[[5815,22481],[7,101]],[[19098,89118],[0,810],[72,210],[-25,879]],[[13782,82177],[2603,24]],[[50479,72508],[21,-2619]],[[48721,69891],[0,6]],[[71739,84363],[-819,-6]],[[9416,23234],[-598,203],[-114,-232]],[[8704,23205],[-118,96]],[[8586,23301],[-20,383]],[[61612,39659],[178,2479]],[[73679,85187],[-492,-23],[-7,223]],[[28178,60705],[192,-1626]],[[28370,59079],[-54,5]],[[98682,62971],[119,-1]],[[99996,62664],[-970,-542],[-372,-264],[-512,309]],[[45230,7817],[755,209],[783,324]],[[46594,4687],[-547,432],[-178,252],[-200,717],[-12,707],[-162,649],[-265,373]],[[5769,69930],[12,-2445]],[[37904,76398],[1,54]],[[37910,76709],[15,632]],[[40606,74911],[-2701,-14]],[[37905,74897],[-4,516]],[[39247,48939],[55,34]],[[38961,49141],[277,203],[-6,-357]],[[48439,76621],[2277,-35]],[[48734,74576],[-223,183]],[[48511,74759],[-72,1862]],[[83036,31278],[-1,-83]],[[83035,31195],[-2559,70]],[[65307,47316],[194,410],[31,468]],[[65532,48194],[74,158],[370,-41],[185,418],[292,-311],[629,150],[257,436],[431,39]],[[67649,46044],[-1432,35]],[[65338,47112],[-31,204]],[[78912,67151],[-20,-408]],[[78844,65710],[0,-3]],[[78842,65677],[-9,-182]],[[81955,89870],[8,711]],[[84367,90593],[6,-1166]],[[83520,88600],[-1585,-4]],[[70555,74395],[-6,-1854]],[[70549,72541],[-248,0],[-220,244],[-188,-234],[172,-229]],[[54534,56175],[189,-111]],[[54723,56064],[469,-19],[293,136],[-105,-566]],[[54655,54952],[-183,-148],[118,-380],[-432,-298]],[[54020,54135],[35,521],[160,382],[-296,61],[332,311],[-422,150],[160,644]],[[16550,64524],[2,-338]],[[16552,64122],[7,-1041]],[[16559,63081],[-2670,-28]],[[92108,67428],[-37,-2428]],[[43986,10783],[31,-411]],[[42047,9144],[-28,-3]],[[73338,60178],[-29,-1242]],[[65307,47316],[-237,12],[20,1000],[442,-134]],[[8627,22412],[217,97],[94,287],[442,70]],[[9575,22546],[-16,-208]],[[9559,22338],[-48,-200]],[[30222,58776],[11,155],[-1863,148]],[[80100,84777],[-4,332],[-383,129]],[[68503,86172],[311,15],[539,172]],[[68483,85239],[19,753]],[[5718,89112],[0,-318]],[[35348,84025],[4,1431]],[[65961,43029],[1538,-78]],[[93206,80265],[-261,0]],[[92853,80264],[-1852,2]],[[68529,51568],[228,212],[171,-284],[329,-10],[-15,-239],[445,-18],[72,687],[180,-9]],[[69954,52254],[-562,53],[-253,281],[-592,-66]],[[82052,93848],[619,13],[853,269],[847,461]],[[37521,47688],[341,-9]],[[16793,38523],[3052,-238]],[[16587,35970],[99,1322]],[[86641,40837],[-72,-1531]],[[75354,60126],[223,-8]],[[44274,34148],[-14,-280]],[[44255,33766],[-12,-234]],[[44217,33129],[-467,-201],[-27,-165],[-388,11],[-13,351],[185,643],[-284,18],[4,510],[336,-215],[195,297],[525,-40]],[[21782,84247],[-442,95],[-623,-15],[-614,141],[-308,-78],[-368,-370],[-341,-27]],[[77000,83292],[-138,149],[31,461],[-339,204]],[[49544,64981],[2753,-26]],[[24166,19712],[1185,-1],[257,125]],[[84625,54954],[-49,-1856]],[[63680,61319],[60,-283],[-78,-1593]],[[32448,39051],[-619,730],[-166,667],[-282,-35],[-1122,251],[-115,294],[-808,25]],[[13820,70777],[0,-12]],[[72825,73878],[0,-129]],[[72827,74390],[-1,-442]],[[72825,73739],[-18,-1407]],[[71122,72321],[-456,0]],[[70547,72321],[2,220]],[[72898,82470],[-19,1751]],[[70359,72321],[-225,1]],[[8262,23300],[324,1]],[[8704,23205],[-48,-378]],[[8238,22793],[24,507]],[[21831,77346],[-26,2442]],[[27185,84128],[1,-107]],[[27181,84871],[4,-653]],[[27195,82446],[0,-223]],[[41924,85239],[318,-356],[381,401],[358,-59],[427,-680]],[[97357,61938],[-824,-968]],[[96533,60970],[-55,1]],[[50694,78615],[-2313,50]],[[48381,78665],[-71,2041]],[[9559,22338],[365,-102]],[[47017,17690],[-21,-198]],[[44037,17878],[60,1307]],[[94672,59799],[-10,-415]],[[94634,57765],[-2653,50]],[[15326,36766],[-31,-349],[-287,33],[-265,356],[-86,341]],[[56975,49559],[119,1856]],[[56973,49518],[2,41]],[[3213,22599],[2378,-170]],[[4944,20016],[-1924,157]],[[377,84570],[-16,2430]],[[78922,70040],[-5,0]],[[76342,70142],[112,2188]],[[58974,84661],[667,149],[1788,1034],[1110,390]],[[62539,86234],[-5,-193]],[[61744,84220],[-345,-65],[-182,154]],[[46647,88494],[-432,-468],[47,-300],[-507,-254]],[[45138,87417],[508,573],[124,363],[-204,374],[169,244],[438,119],[474,-596]],[[16541,35381],[-135,-336],[-521,56],[27,435],[-1549,39]],[[34370,52769],[-1816,-157]],[[32158,54784],[89,383],[794,-156],[86,400],[593,-91],[61,262]],[[18202,40463],[-384,27]],[[65657,61306],[336,30]],[[93248,95959],[564,7],[2,380],[647,418],[886,189],[105,152]],[[93261,97875],[294,272],[533,-87],[462,219],[937,174]],[[88763,96520],[1533,257],[761,167]],[[30036,56890],[-107,-1115]],[[91477,47919],[59,1217]],[[35089,50494],[38,-255]],[[94545,55277],[-2641,76]],[[38464,90087],[767,-209],[669,-62],[416,-192],[452,-317],[412,-588]],[[35352,49868],[1232,125],[496,-510],[149,52],[-40,442],[413,168],[732,70]],[[38334,50215],[29,-1340]],[[40599,67593],[1867,13]],[[43265,67793],[1,-189]],[[43262,70041],[2,-2030]],[[75562,30917],[16,521],[-307,12],[46,1252],[-80,412]],[[85383,29101],[-536,-118],[-272,-157]],[[82977,28860],[58,2335]],[[50716,76586],[-22,2029]],[[46218,74617],[2235,-36]],[[48453,74581],[-173,-605],[266,-299]],[[46280,72556],[-62,2061]],[[27891,7792],[-393,-386],[-198,-865],[-163,-179],[-353,-71],[-865,327]],[[69213,21845],[2029,-98]],[[71242,21747],[260,-898],[58,-885],[-77,-523],[-161,-230],[-539,-322],[-751,157],[-146,-294],[34,-283]],[[37846,51511],[464,-4],[24,-1292]],[[14035,28018],[-640,43]],[[15512,27909],[-1128,82]],[[13385,28060],[-509,36],[-468,-368]],[[8969,54593],[-489,113],[3,1776]],[[28587,48327],[-315,-3240]],[[18189,13473],[-346,-3173]],[[17843,10300],[-437,-25],[-869,246],[-1001,409]],[[70658,84358],[-81,-658]],[[54685,49687],[2290,-128]],[[54540,47695],[11,126]],[[16562,62665],[-3,416]],[[80342,26281],[-469,24],[-263,339],[-251,910],[-253,282]],[[78880,28014],[-52,34]],[[77939,27993],[-306,-335]],[[42977,48187],[535,-176],[-14,-234]],[[48511,74759],[-58,-178]],[[46218,74617],[-12,287]],[[27664,51246],[166,2075]],[[78132,44173],[-899,46]],[[80278,43284],[-439,10],[-18,-816],[-1766,55],[-31,-809]],[[77365,41743],[34,816],[-231,5],[16,410]],[[13797,72817],[2680,12]],[[62072,33063],[-9,-807]],[[35128,17857],[278,-162],[274,-327],[340,-230]],[[48251,82742],[-54,1701],[247,339]],[[73755,71067],[822,-23],[-34,-823]],[[73756,72294],[621,-64]],[[36478,36656],[-31,-503]],[[99992,76383],[5,-2010]],[[44565,84685],[334,130],[182,234],[524,-56],[691,478],[-28,409],[404,-85],[820,-516]],[[43013,48447],[1998,-101]],[[54733,56164],[-10,-100]],[[18689,51853],[35,471]],[[45230,7817],[-68,212],[179,1063],[-103,482]],[[62539,86234],[1478,453]],[[373,54543],[-8,1390]],[[97486,99076],[697,290],[351,76],[801,378],[651,179],[3,-2389]],[[94871,44051],[-16,-194],[-427,-324],[-140,-353],[200,-841],[-287,-193],[-638,281],[-281,-146]],[[71945,22735],[-371,-734],[-332,-254]],[[96533,60970],[24,-247],[337,-311],[678,-1088]],[[5842,22918],[-20,-336]],[[8262,23300],[-49,168]],[[49236,17545],[-34,2]],[[20020,10736],[-460,4],[-387,-145],[-1140,-317],[-190,22]],[[79672,73742],[238,488],[-234,118]],[[79678,74505],[2132,-39]],[[46647,88494],[656,-717],[314,-2],[514,164],[744,-127],[148,-384],[-348,-464],[-639,-33],[-270,-225],[-337,100],[-630,0],[-393,-438],[-315,269],[-306,-14]],[[24149,92881],[3066,122]],[[99996,64980],[0,-2007]]],"bbox":[-84.820157,38.403202,-80.51888147012559,41.977523],"transform":{"scale":[0.00004301318543059833,0.00003574356743567433],"translate":[-84.820157,38.403202]},"objects":{"in":{"type":"GeometryCollection","geometries":[{"arcs":[[0,1,2,3,4,5,6]],"type":"Polygon","properties":{"geoid":"3916781844","name":"Watertown"},"id":"3916781844"},{"arcs":[[[7,8,9]],[[12,13,14]],[[15,16,17,18]],[[19,20,21,22]]],"type":"MultiPolygon","properties":{"geoid":"3902374119","name":"Springfield"},"id":"3902374119"},{"arcs":[[23,24,25,26]],"type":"Polygon","properties":{"geoid":"3909950638","name":"Milton"},"id":"3909950638"},{"arcs":[[29,30,31,32,33,34,35,36,37,38,39,40]],"type":"Polygon","properties":{"geoid":"3917362162","name":"Perrysburg"},"id":"3917362162"},{"arcs":[[41,42,43,44,45,46]],"type":"Polygon","properties":{"geoid":"3912315546","name":"Clay"},"id":"3912315546"},{"arcs":[[47,48,49,50,51]],"type":"Polygon","properties":{"geoid":"3902743064","name":"Liberty"},"id":"3902743064"},{"arcs":[[52,53,54,55]],"type":"Polygon","properties":{"geoid":"3908316686","name":"College"},"id":"3908316686"},{"arcs":[[56,57,58,59]],"type":"Polygon","properties":{"geoid":"3907374405","name":"Starr"},"id":"3907374405"},{"arcs":[[60,61,62,63,64]],"type":"Polygon","properties":{"geoid":"3903104864","name":"Bedford"},"id":"3903104864"},{"arcs":[[65,66,67,68]],"type":"Polygon","properties":{"geoid":"3911777602","name":"Troy"},"id":"3911777602"},{"arcs":[[69,70,71,72,73]],"type":"Polygon","properties":{"geoid":"3913321210","name":"Deerfield"},"id":"3913321210"},{"arcs":[[74,75,76,77]],"type":"Polygon","properties":{"geoid":"3915540502","name":"Kinsman"},"id":"3915540502"},{"arcs":[[78,79,-75,80]],"type":"Polygon","properties":{"geoid":"3900785372","name":"Williamsfield"},"id":"3900785372"},{"arcs":[[81,82,83,84,85,86,87,88,89,90,91,92,93,94,95,96,97,98,99,100,101,102,103,104,105]],"type":"Polygon","properties":{"geoid":"3915301000","name":"Akron"},"id":"3915301000"},{"arcs":[[106,107,108,109]],"type":"Polygon","properties":{"geoid":"3910331374","name":"Granger"},"id":"3910331374"},{"arcs":[[110,111,112,113,114,115,116]],"type":"Polygon","properties":{"geoid":"3901169694","name":"St. Marys"},"id":"3901169694"},{"arcs":[[117,118,119,120]],"type":"Polygon","properties":{"geoid":"3908943232","name":"Liberty"},"id":"3908943232"},{"arcs":[[121,122,123]],"type":"Polygon","properties":{"geoid":"3903535255","name":"Highland Hills"},"id":"3903535255"},{"arcs":[[124,125,126,127]],"type":"Polygon","properties":{"geoid":"3905576628","name":"Thompson"},"id":"3905576628"},{"arcs":[[128,129,130,131,132]],"type":"Polygon","properties":{"geoid":"3905900282","name":"Adams"},"id":"3905900282"},{"arcs":[[133,134,135,136,137]],"type":"Polygon","properties":{"geoid":"3914134006","name":"Harrison"},"id":"3914134006"},{"arcs":[[138,139,140,141]],"type":"Polygon","properties":{"geoid":"3900721672","name":"Denmark"},"id":"3900721672"},{"arcs":[[142,143,144,145,146,147,148]],"type":"Polygon","properties":{"geoid":"3909772960","name":"Somerford"},"id":"3909772960"},{"arcs":[[149,150,151,152,153,154]],"type":"Polygon","properties":{"geoid":"3902928238","name":"Franklin"},"id":"3902928238"},{"arcs":[[-37,155,156,157,158]],"type":"Polygon","properties":{"geoid":"3917382544","name":"Webster"},"id":"3917382544"},{"arcs":[[159,160,161,162,163,164]],"type":"Polygon","properties":{"geoid":"3904501637","name":"Amanda"},"id":"3904501637"},{"arcs":[[165,166,167,168]],"type":"Polygon","properties":{"geoid":"3903935112","name":"Hicksville"},"id":"3903935112"},{"arcs":[[169,170,-64,171,172,173]],"type":"Polygon","properties":{"geoid":"3903162624","name":"Pike"},"id":"3903162624"},{"arcs":[[174,175,176,177]],"type":"Polygon","properties":{"geoid":"3913962050","name":"Perry"},"id":"3913962050"},{"arcs":[[178,179,180,181]],"type":"Polygon","properties":{"geoid":"3911773061","name":"South Bloomfield"},"id":"3911773061"},{"arcs":[[182,183,184,185]],"type":"Polygon","properties":{"geoid":"3906358632","name":"Orange"},"id":"3906358632"},{"arcs":[[186,187,188,189]],"type":"Polygon","properties":{"geoid":"3900515672","name":"Clear Creek"},"id":"3900515672"},{"arcs":[[190,191,192,193,194,195]],"type":"Polygon","properties":{"geoid":"3916545108","name":"Loveland"},"id":"3916545108"},{"arcs":[[196,197,198,199,200]],"type":"Polygon","properties":{"geoid":"3909311010","name":"Camden"},"id":"3909311010"},{"arcs":[[201,202,203,204,205,206]],"type":"Polygon","properties":{"geoid":"3903128252","name":"Franklin"},"id":"3903128252"},{"arcs":[[207,208,209]],"type":"Polygon","properties":{"geoid":"3903586394","name":"Woodmere"},"id":"3903586394"},{"arcs":[[210,211,212,213,214,215,216,217,218]],"type":"Polygon","properties":{"geoid":"3904109428","name":"Brown"},"id":"3904109428"},{"arcs":[[219,220,221,222,223,224,225,226,227,228,229,230,231,232,233,234,235,236,237,238,239,240,241,242]],"type":"Polygon","properties":{"geoid":"3903516000","name":"Cleveland"},"id":"3903516000"},{"arcs":[[243,244,245]],"type":"Polygon","properties":{"geoid":"3908549098","name":"Mentor-on-the-Lake"},"id":"3908549098"},{"arcs":[[246,247,248,249,250,251,252,253]],"type":"Polygon","properties":{"geoid":"3905786786","name":"Xenia"},"id":"3905786786"},{"arcs":[[254,255,256,257,258]],"type":"Polygon","properties":{"geoid":"3903921420","name":"Delaware"},"id":"3903921420"},{"arcs":[[259,260,261,262,263,264,265]],"type":"Polygon","properties":{"geoid":"3903701294","name":"Allen"},"id":"3903701294"},{"arcs":[[266,267,268,269,270,271]],"type":"Polygon","properties":{"geoid":"3901169806","name":"Salem"},"id":"3901169806"},{"arcs":[[272,273,274,275,276]],"type":"Polygon","properties":{"geoid":"3911970170","name":"Salt Creek"},"id":"3911970170"},{"arcs":[[277,278,279,280]],"type":"Polygon","properties":{"geoid":"3900703156","name":"Austinburg"},"id":"3900703156"},{"arcs":[[281,282,283,284,285]],"type":"Polygon","properties":{"geoid":"3915981662","name":"Washington"},"id":"3915981662"},{"arcs":[[286,287,288,289]],"type":"Polygon","properties":{"geoid":"3903376463","name":"Texas"},"id":"3903376463"},{"arcs":[[290,-154,291,292,293,294,295]],"type":"Polygon","properties":{"geoid":"3901928126","name":"Fox"},"id":"3901928126"},{"arcs":[[296,297,298,299,300]],"type":"Polygon","properties":{"geoid":"3908362652","name":"Pike"},"id":"3908362652"},{"arcs":[[301,302,303,304,305]],"type":"Polygon","properties":{"geoid":"3901378218","name":"Union"},"id":"3901378218"},{"arcs":[[306,307,308,309]],"type":"Polygon","properties":{"geoid":"3916134034","name":"Harrison"},"id":"3916134034"},{"arcs":[[310,311,312,313]],"type":"Polygon","properties":{"geoid":"3909566516","name":"Richfield"},"id":"3909566516"},{"arcs":[[314,315,316,317,318,319,320]],"type":"Polygon","properties":{"geoid":"3908724822","name":"Elizabeth"},"id":"3908724822"},{"arcs":[[321,322,323,324,-302,325,326]],"type":"Polygon","properties":{"geoid":"3901327566","name":"Flushing"},"id":"3901327566"},{"arcs":[[327,328,329,330,331]],"type":"Polygon","properties":{"geoid":"3903566894","name":"Richmond Heights"},"id":"3903566894"},{"arcs":[[332,333,334,335]],"type":"Polygon","properties":{"geoid":"3913572964","name":"Somers"},"id":"3913572964"},{"arcs":[[336,-133,337,338]],"type":"Polygon","properties":{"geoid":"3911935238","name":"Highland"},"id":"3911935238"},{"arcs":[[339,340,341,342,343]],"type":"Polygon","properties":{"geoid":"3901115448","name":"Clay"},"id":"3901115448"},{"arcs":[[344,345,346,347]],"type":"Polygon","properties":{"geoid":"3917343400","name":"Liberty"},"id":"3917343400"},{"arcs":[[348,349,350,351]],"type":"Polygon","properties":{"geoid":"3915508938","name":"Bristol"},"id":"3915508938"},{"arcs":[[352,353,354,355,356]],"type":"Polygon","properties":{"geoid":"3912542000","name":"Latty"},"id":"3912542000"},{"arcs":[[357,358,359,360,361]],"type":"Polygon","properties":{"geoid":"3900751296","name":"Monroe"},"id":"3900751296"},{"arcs":[[362,363,364,365]],"type":"Polygon","properties":{"geoid":"3906150176","name":"Milford"},"id":"3906150176"},{"arcs":[[-163,366,367,368,369]],"type":"Polygon","properties":{"geoid":"3904515686","name":"Clearcreek"},"id":"3904515686"},{"arcs":[[370,371,372,373,374]],"type":"Polygon","properties":{"geoid":"3904566684","name":"Richland"},"id":"3904566684"},{"arcs":[[375,376,377,378,379,380]],"type":"Polygon","properties":{"geoid":"3906513316","name":"Cessna"},"id":"3906513316"},{"arcs":[[381,382,383,384,385,386]],"type":"Polygon","properties":{"geoid":"3906531024","name":"Goshen"},"id":"3906531024"},{"arcs":[[387,388,389,-376,390]],"type":"Polygon","properties":{"geoid":"3906581298","name":"Washington"},"id":"3906581298"},{"arcs":[[391,392,393,394]],"type":"Polygon","properties":{"geoid":"3901912896","name":"Center"},"id":"3901912896"},{"arcs":[[395,396,-395,397,398,399]],"type":"Polygon","properties":{"geoid":"3901933782","name":"Harrison"},"id":"3901933782"},{"arcs":[[400,401,402,403,404]],"type":"Polygon","properties":{"geoid":"3901958576","name":"Orange"},"id":"3901958576"},{"arcs":[[405,406,407,408]],"type":"Polygon","properties":{"geoid":"3904350148","name":"Milan"},"id":"3904350148"},{"arcs":[[409,410,-79,411]],"type":"Polygon","properties":{"geoid":"3900702064","name":"Andover"},"id":"3900702064"},{"arcs":[[412,-412,413,414]],"type":"Polygon","properties":{"geoid":"3900713890","name":"Cherry Valley"},"id":"3900713890"},{"arcs":[[415,416,417,418,419]],"type":"Polygon","properties":{"geoid":"3900716560","name":"Colebrook"},"id":"3900716560"},{"arcs":[[420,-415,-416,421]],"type":"Polygon","properties":{"geoid":"3900754964","name":"New Lyme"},"id":"3900754964"},{"arcs":[[422,423,-410,424]],"type":"Polygon","properties":{"geoid":"3900766796","name":"Richmond"},"id":"3900766796"},{"arcs":[[425,426,427]],"type":"Polygon","properties":{"geoid":"3908541398","name":"Lakeline"},"id":"3908541398"},{"arcs":[[428,429,430,431]],"type":"Polygon","properties":{"geoid":"3911105606","name":"Benton"},"id":"3911105606"},{"arcs":[[432,433,434,435]],"type":"Polygon","properties":{"geoid":"3913751562","name":"Monroe"},"id":"3913751562"},{"arcs":[[-289,436,437,438,439,440]],"type":"Polygon","properties":{"geoid":"3903376967","name":"Tod"},"id":"3903376967"},{"arcs":[[441,442,443,444,445,446]],"type":"Polygon","properties":{"geoid":"3916782838","name":"Wesley"},"id":"3916782838"},{"arcs":[[447,448,449,450,451,452,453,454,455,456,457]],"type":"Polygon","properties":{"geoid":"3901783150","name":"West Chester"},"id":"3901783150"},{"arcs":[[458,459,460,461,462]],"type":"Polygon","properties":{"geoid":"3906967062","name":"Ridgeville"},"id":"3906967062"},{"arcs":[[463,464,465,466,467]],"type":"Polygon","properties":{"geoid":"3916375854","name":"Swan"},"id":"3916375854"},{"arcs":[[468,469,470,471,472,473]],"type":"Polygon","properties":{"geoid":"3900537660","name":"Jackson"},"id":"3900537660"},{"arcs":[[474,475,476,477,478,479]],"type":"Polygon","properties":{"geoid":"3906781312","name":"Washington"},"id":"3906781312"},{"arcs":[[480,-409,481,482]],"type":"Polygon","properties":{"geoid":"3904359276","name":"Oxford"},"id":"3904359276"},{"arcs":[[483,484,485,486]],"type":"Polygon","properties":{"geoid":"3913551548","name":"Monroe"},"id":"3913551548"},{"arcs":[[487,488,489,490,491]],"type":"Polygon","properties":{"geoid":"3915549210","name":"Mesopotamia"},"id":"3915549210"},{"arcs":[[492,493,494,495,496,497,498]],"type":"Polygon","properties":{"geoid":"3915175208","name":"Sugar Creek"},"id":"3915175208"},{"arcs":[[499,500,501,502,503,504,505]],"type":"Polygon","properties":{"geoid":"3901733012","name":"Hamilton"},"id":"3901733012"},{"arcs":[[506,507,508,509,510,511,512,513,514]],"type":"Polygon","properties":{"geoid":"3913970394","name":"Sandusky"},"id":"3913970394"},{"arcs":[[515,516,517,518,519,520,521]],"type":"Polygon","properties":{"geoid":"3906710814","name":"Cadiz"},"id":"3906710814"},{"arcs":[[522,523,524,525,-461]],"type":"Polygon","properties":{"geoid":"3906928700","name":"Freedom"},"id":"3906928700"},{"arcs":[[526,527,528,529,530]],"type":"Polygon","properties":{"geoid":"3903100240","name":"Adams"},"id":"3903100240"},{"arcs":[[531,532,533,534]],"type":"Polygon","properties":{"geoid":"3905513988","name":"Chester"},"id":"3905513988"},{"arcs":[[535,-361,-139,536]],"type":"Polygon","properties":{"geoid":"3900772053","name":"Sheffield"},"id":"3900772053"},{"arcs":[[537,538,539,540]],"type":"Polygon","properties":{"geoid":"3906963296","name":"Pleasant"},"id":"3906963296"},{"arcs":[[541,542,543,544,545]],"type":"Polygon","properties":{"geoid":"3908585638","name":"Willowick"},"id":"3908585638"},{"arcs":[[546,547,548,549,550]],"type":"Polygon","properties":{"geoid":"3906312392","name":"Cass"},"id":"3906312392"},{"arcs":[[551,552,553,-255,554]],"type":"Polygon","properties":{"geoid":"3903981200","name":"Washington"},"id":"3903981200"},{"arcs":[[555,-480,556,557,558,559]],"type":"Polygon","properties":{"geoid":"3915762092","name":"Perry"},"id":"3915762092"},{"arcs":[[-393,560,-295,561,562,563,564]],"type":"Polygon","properties":{"geoid":"3901942434","name":"Lee"},"id":"3901942434"},{"arcs":[[565,566,567,568,569,570]],"type":"Polygon","properties":{"geoid":"3912109162","name":"Brookfield"},"id":"3912109162"},{"arcs":[[571,572,573,574,575]],"type":"Polygon","properties":{"geoid":"3916904276","name":"Baughman"},"id":"3916904276"},{"arcs":[[576,577,578,-267,579,580]],"type":"Polygon","properties":{"geoid":"3916138990","name":"Jennings"},"id":"3916138990"},{"arcs":[[581,582,583,584]],"type":"Polygon","properties":{"geoid":"3914771355","name":"Seneca"},"id":"3914771355"},{"arcs":[[585,586,587,588,589,590]],"type":"Polygon","properties":{"geoid":"3904746396","name":"Madison"},"id":"3904746396"},{"arcs":[[591,592,593,594,595,596]],"type":"Polygon","properties":{"geoid":"3908315504","name":"Clay"},"id":"3908315504"},{"arcs":[[597,598,599,600,601,-316]],"type":"Polygon","properties":{"geoid":"3908700562","name":"Aid"},"id":"3908700562"},{"arcs":[[602,603,604,605,606]],"type":"Polygon","properties":{"geoid":"3902137702","name":"Jackson"},"id":"3902137702"},{"arcs":[[607,-207,608,609]],"type":"Polygon","properties":{"geoid":"3903180220","name":"Virginia"},"id":"3903180220"},{"arcs":[[610,611,612,613,614,615]],"type":"Polygon","properties":{"geoid":"3913178512","name":"Union"},"id":"3913178512"},{"arcs":[[616,617]],"type":"Polygon","properties":{"geoid":"3905721000","name":"Dayton"},"id":"3905721000"},{"arcs":[[618,619,620,621,622,623]],"type":"Polygon","properties":{"geoid":"3901515224","name":"Clark"},"id":"3901515224"},{"arcs":[[624,625,626,627,628]],"type":"Polygon","properties":{"geoid":"3901538528","name":"Jefferson"},"id":"3901538528"},{"arcs":[[629]],"type":"Polygon","properties":{"geoid":"3913335658","name":"Hiram"},"id":"3913335658"},{"arcs":[[630,631]],"type":"Polygon","properties":{"geoid":"3913347180","name":"Mantua"},"id":"3913347180"},{"arcs":[[632,633,634,635]],"type":"Polygon","properties":{"geoid":"3910706586","name":"Black Creek"},"id":"3910706586"},{"arcs":[[636,-271,637,638,639,640,641]],"type":"Polygon","properties":{"geoid":"3910712952","name":"Center"},"id":"3910712952"},{"arcs":[[642,643,644,645]],"type":"Polygon","properties":{"geoid":"3913359822","name":"Paris"},"id":"3913359822"},{"arcs":[[646,647]],"type":"Polygon","properties":{"geoid":"3913375196","name":"Sugar Bush Knolls"},"id":"3913375196"},{"arcs":[[648,649,650,651,652,653]],"type":"Polygon","properties":{"geoid":"3915336651","name":"Hudson"},"id":"3915336651"},{"arcs":[[-92,654,-90,655,656,657,658,659]],"type":"Polygon","properties":{"geoid":"3915351058","name":"Mogadore"},"id":"3915351058"},{"arcs":[[660,661,-349,-490]],"type":"Polygon","properties":{"geoid":"3915507160","name":"Bloomfield"},"id":"3915507160"},{"arcs":[[662,663,664,665,666]],"type":"Polygon","properties":{"geoid":"3915536596","name":"Hubbard"},"id":"3915536596"},{"arcs":[[-557,-479,667,-322,668,669]],"type":"Polygon","properties":{"geoid":"3906728812","name":"Freeport"},"id":"3906728812"},{"arcs":[[-462,670,671,672]],"type":"Polygon","properties":{"geoid":"3903900268","name":"Adams"},"id":"3903900268"},{"arcs":[[673,-555,674,675]],"type":"Polygon","properties":{"geoid":"3903926614","name":"Farmer"},"id":"3903926614"},{"arcs":[[676,-676,-166,677]],"type":"Polygon","properties":{"geoid":"3903950190","name":"Milford"},"id":"3903950190"},{"arcs":[[678,-673,679,-554]],"type":"Polygon","properties":{"geoid":"3903976772","name":"Tiffin"},"id":"3903976772"},{"arcs":[[680,681,-459,682,683]],"type":"Polygon","properties":{"geoid":"3905129876","name":"German"},"id":"3905129876"},{"arcs":[[684,685,686,687,688]],"type":"Polygon","properties":{"geoid":"3906768994","name":"Rumley"},"id":"3906768994"},{"arcs":[[689,690,691,692,693,-573]],"type":"Polygon","properties":{"geoid":"3915142168","name":"Lawrence"},"id":"3915142168"},{"arcs":[[694,695,696,697,698,699,700,701,702,703]],"type":"Polygon","properties":{"geoid":"3915148244","name":"Massillon"},"id":"3915148244"},{"arcs":[[-264,704,705,706,707]],"type":"Polygon","properties":{"geoid":"3903709414","name":"Brown"},"id":"3903709414"},{"arcs":[[708,-266,709,710]],"type":"Polygon","properties":{"geoid":"3903750960","name":"Mississinawa"},"id":"3903750960"},{"arcs":[[711,712,713,714,715]],"type":"Polygon","properties":{"geoid":"3903779380","name":"Van Buren"},"id":"3903779380"},{"arcs":[[716,717,718,719,720,721,722]],"type":"Polygon","properties":{"geoid":"3909169134","name":"Rushcreek"},"id":"3909169134"},{"arcs":[[723,724,725,726,727,728,729]],"type":"Polygon","properties":{"geoid":"3909316910","name":"Columbia"},"id":"3909316910"},{"arcs":[[730,731,-198,732,733]],"type":"Polygon","properties":{"geoid":"3909334972","name":"Henrietta"},"id":"3909334972"},{"arcs":[[734,735,736,737]],"type":"Polygon","properties":{"geoid":"3909382656","name":"Wellington"},"id":"3909382656"},{"arcs":[[738,739,740,741]],"type":"Polygon","properties":{"geoid":"3906102428","name":"Arlington Heights"},"id":"3906102428"},{"arcs":[[742,743,744,745,746,747,748,749,750,751,752,753,-742,754,755,756,757,758,759,760,761,762,763,764,765,766,767,768,769,770,771,772,773],[774,775],[776,777]],"type":"Polygon","properties":{"geoid":"3906115000","name":"Cincinnati"},"id":"3906115000"},{"arcs":[[778,779,-758]],"type":"Polygon","properties":{"geoid":"3906130786","name":"Golf Manor"},"id":"3906130786"},{"arcs":[[780,781]],"type":"Polygon","properties":{"geoid":"3906152752","name":"Mount Healthy"},"id":"3906152752"},{"arcs":[[782,783,784,785,786,787]],"type":"Polygon","properties":{"geoid":"3902346354","name":"Madison"},"id":"3902346354"},{"arcs":[[788,-606,789,790,791]],"type":"Polygon","properties":{"geoid":"3902362610","name":"Pike"},"id":"3902362610"},{"arcs":[[792,793,-144,794,795]],"type":"Polygon","properties":{"geoid":"3902363226","name":"Pleasant"},"id":"3902363226"},{"arcs":[[796,797,798,-49,799]],"type":"Polygon","properties":{"geoid":"3905738626","name":"Jefferson"},"id":"3905738626"},{"arcs":[[800,801,802,803,804]],"type":"Polygon","properties":{"geoid":"3912503002","name":"Auglaize"},"id":"3912503002"},{"arcs":[[805,806,807,808]],"type":"Polygon","properties":{"geoid":"3912505634","name":"Benton"},"id":"3912505634"},{"arcs":[[-258,809,-805,810,811]],"type":"Polygon","properties":{"geoid":"3912525298","name":"Emerald"},"id":"3912525298"},{"arcs":[[812,813,814,815,816]],"type":"Polygon","properties":{"geoid":"3911536092","name":"Homer"},"id":"3911536092"},{"arcs":[[817,818,819,820,821,822,823]],"type":"Polygon","properties":{"geoid":"3911587066","name":"York"},"id":"3911587066"},{"arcs":[[824,825,826,827,828,829]],"type":"Polygon","properties":{"geoid":"3912920156","name":"Darby"},"id":"3912920156"},{"arcs":[[-369,830,831,832]],"type":"Polygon","properties":{"geoid":"3912970184","name":"Saltcreek"},"id":"3912970184"},{"arcs":[[833,834,835,836,837,838,-674,839]],"type":"Polygon","properties":{"geoid":"3917113008","name":"Center"},"id":"3917113008"},{"arcs":[[840,-683,-463,-679,-553,841]],"type":"Polygon","properties":{"geoid":"3917174131","name":"Springfield"},"id":"3917174131"},{"arcs":[[[846,847]],[[852,853,854,855]],[[860,861]],[[862,863,864]]],"type":"MultiPolygon","properties":{"geoid":"3904928280","name":"Franklin"},"id":"3904928280"},{"arcs":[[[865,866,867]],[[870,871]],[[874,875,876,877,878,879,880,881,882]]],"type":"MultiPolygon","properties":{"geoid":"3904946410","name":"Madison"},"id":"3904946410"},{"arcs":[[-270,883,884,-111,885,-638]],"type":"Polygon","properties":{"geoid":"3901155986","name":"Noble"},"id":"3901155986"},{"arcs":[[886,887,888,889,890]],"type":"Polygon","properties":{"geoid":"3902118126","name":"Concord"},"id":"3902118126"},{"arcs":[[891,892,893,894,895]],"type":"Polygon","properties":{"geoid":"3902169078","name":"Rush"},"id":"3902169078"},{"arcs":[[896,897,-896,898,899]],"type":"Polygon","properties":{"geoid":"3902182096","name":"Wayne"},"id":"3902182096"},{"arcs":[[900,901,902,903,904]],"type":"Polygon","properties":{"geoid":"3903302890","name":"Auburn"},"id":"3903302890"},{"arcs":[[905,906,907,908,909,910]],"type":"Polygon","properties":{"geoid":"3903313708","name":"Chatfield"},"id":"3903313708"},{"arcs":[[911,912,913,914,915,916,917,918,919]],"type":"Polygon","properties":{"geoid":"3903338570","name":"Jefferson"},"id":"3903338570"},{"arcs":[[920,921,922,-597,923,924]],"type":"Polygon","properties":{"geoid":"3908352108","name":"Morgan"},"id":"3908352108"},{"arcs":[[925,926,927,928,929]],"type":"Polygon","properties":{"geoid":"3908936316","name":"Hopewell"},"id":"3908936316"},{"arcs":[[930,-121,931,932]],"type":"Polygon","properties":{"geoid":"3908951450","name":"Monroe"},"id":"3908951450"},{"arcs":[[933,-590,934,935,936]],"type":"Polygon","properties":{"geoid":"3904747684","name":"Marion"},"id":"3904747684"},{"arcs":[[937,938,-937,939,940,941,942],[943]],"type":"Polygon","properties":{"geoid":"3904778316","name":"Union"},"id":"3904778316"},{"arcs":[[944,945,946,947,948,949]],"type":"Polygon","properties":{"geoid":"3905938640","name":"Jefferson"},"id":"3905938640"},{"arcs":[[950,951,952,953,-130,954]],"type":"Polygon","properties":{"geoid":"3905940838","name":"Knox"},"id":"3905940838"},{"arcs":[[955,956,957,958,959,960]],"type":"Polygon","properties":{"geoid":"3905959290","name":"Oxford"},"id":"3905959290"},{"arcs":[[-558,-670,961,962,963]],"type":"Polygon","properties":{"geoid":"3905981256","name":"Washington"},"id":"3905981256"},{"arcs":[[964,965,966]],"type":"Polygon","properties":{"geoid":"3906302400","name":"Arlington"},"id":"3906302400"},{"arcs":[[967,968,-183,969,970]],"type":"Polygon","properties":{"geoid":"3906378330","name":"Union"},"id":"3906378330"},{"arcs":[[-831,-368,971,972,973,974,975]],"type":"Polygon","properties":{"geoid":"3907361868","name":"Perry"},"id":"3907361868"},{"arcs":[[976,977,978,979]],"type":"Polygon","properties":{"geoid":"3907754922","name":"New London"},"id":"3907754922"},{"arcs":[[980,981]],"type":"Polygon","properties":{"geoid":"3914332256","name":"Green Springs"},"id":"3914332256"},{"arcs":[[982,983,984,985]],"type":"Polygon","properties":{"geoid":"3914346592","name":"Madison"},"id":"3914346592"},{"arcs":[[986,987,988,989,990]],"type":"Polygon","properties":{"geoid":"3900531682","name":"Green"},"id":"3900531682"},{"arcs":[[991,992,993,994,995]],"type":"Polygon","properties":{"geoid":"3900551086","name":"Mohican"},"id":"3900551086"},{"arcs":[[996,997,-469,998,999]],"type":"Polygon","properties":{"geoid":"3900575357","name":"Sullivan"},"id":"3900575357"},{"arcs":[[1000,1001,-385,1002]],"type":"Polygon","properties":{"geoid":"3910131178","name":"Grand"},"id":"3910131178"},{"arcs":[[1003,1004,1005,1006,1007]],"type":"Polygon","properties":{"geoid":"3910147768","name":"Marion"},"id":"3910147768"},{"arcs":[[1008,1009,1010,1011,1012]],"type":"Polygon","properties":{"geoid":"3910166754","name":"Richland"},"id":"3910166754"},{"arcs":[[1013,1014,1015,1016]],"type":"Polygon","properties":{"geoid":"3917331220","name":"Grand Rapids"},"id":"3917331220"},{"arcs":[[1017,-348,1018,1019]],"type":"Polygon","properties":{"geoid":"3917350680","name":"Milton"},"id":"3917350680"},{"arcs":[[1020,1021,1022,1023]],"type":"Polygon","properties":{"geoid":"3912736386","name":"Hopewell"},"id":"3912736386"},{"arcs":[[1024,1025,1026,1027]],"type":"Polygon","properties":{"geoid":"3912763366","name":"Pleasant"},"id":"3912763366"},{"arcs":[[1028]],"type":"Polygon","properties":{"geoid":"3910314254","name":"Chippewa Lake"},"id":"3910314254"},{"arcs":[[1029,1030,1031,1032,1033,1034]],"type":"Polygon","properties":{"geoid":"3914509764","name":"Brush Creek"},"id":"3914509764"},{"arcs":[[1035,1036]],"type":"Polygon","properties":{"geoid":"3914554166","name":"New Boston"},"id":"3914554166"},{"arcs":[[1037,1038,1039,1040,1041,1042]],"type":"Polygon","properties":{"geoid":"3914700324","name":"Adams"},"id":"3914700324"},{"arcs":[[1043,-585,1044,1045]],"type":"Polygon","properties":{"geoid":"3914706432","name":"Big Spring"},"id":"3914706432"},{"arcs":[[1046,1047,1048,1049,1050]],"type":"Polygon","properties":{"geoid":"3914765942","name":"Reed"},"id":"3914765942"},{"arcs":[[1051,1052,1053,1054,1055,1056,-449,1057]],"type":"Polygon","properties":{"geoid":"3901743050","name":"Liberty"},"id":"3901743050"},{"arcs":[[1058,1059,1060,1061]],"type":"Polygon","properties":{"geoid":"3901759241","name":"Oxford"},"id":"3901759241"},{"arcs":[[1062,1063,1064,1065,1066]],"type":"Polygon","properties":{"geoid":"3902700226","name":"Adams"},"id":"3902700226"},{"arcs":[[1067,1068,1069,1070,-52,1071,-1064]],"type":"Polygon","properties":{"geoid":"3902713974","name":"Chester"},"id":"3902713974"},{"arcs":[[1072,1073,1074,1075,1076,1077,1078]],"type":"Polygon","properties":{"geoid":"3902731710","name":"Green"},"id":"3902731710"},{"arcs":[[1079,1080,1081,-1074,1082]],"type":"Polygon","properties":{"geoid":"3902782124","name":"Wayne"},"id":"3902782124"},{"arcs":[[1083,1084,1085,1086,-61,1087]],"type":"Polygon","properties":{"geoid":"3903138556","name":"Jefferson"},"id":"3903138556"},{"arcs":[[1088,-530,1089,1090,1091,1092]],"type":"Polygon","properties":{"geoid":"3903159248","name":"Oxford"},"id":"3903159248"},{"arcs":[[1093,1094,1095,1096]],"type":"Polygon","properties":{"geoid":"3910344072","name":"Litchfield"},"id":"3910344072"},{"arcs":[[-109,1097,1098,1099,1100,1101]],"type":"Polygon","properties":{"geoid":"3910371801","name":"Sharon"},"id":"3910371801"},{"arcs":[[1102,1103,1104,1105]],"type":"Polygon","properties":{"geoid":"3914922050","name":"Dinsmore"},"id":"3914922050"},{"arcs":[[1106,1107,1108,1109,1110,1111,1112]],"type":"Polygon","properties":{"geoid":"3907937856","name":"Jackson"},"id":"3907937856"},{"arcs":[[1113,1114,1115,1116,1117,1118,1119]],"type":"Polygon","properties":{"geoid":"3907946466","name":"Madison"},"id":"3907946466"},{"arcs":[[1120,1121,1122,1123,1124,1125,1126,1127]],"type":"Polygon","properties":{"geoid":"3904181242","name":"Washington"},"id":"3904181242"},{"arcs":[[1128,1129,1130,1131,1132]],"type":"Polygon","properties":{"geoid":"3904176617","name":"Thompson"},"id":"3904176617"},{"arcs":[[1133,1134]],"type":"Polygon","properties":{"geoid":"3905536918","name":"Hunting Valley"},"id":"3905536918"},{"arcs":[[1135,1136,1137,1138]],"type":"Polygon","properties":{"geoid":"3905536946","name":"Huntsburg"},"id":"3905536946"},{"arcs":[[-127,1139,-1136,1140]],"type":"Polygon","properties":{"geoid":"3905551842","name":"Montville"},"id":"3905551842"},{"arcs":[[1141,1142,1143,1144]],"type":"Polygon","properties":{"geoid":"3905577574","name":"Troy"},"id":"3905577574"},{"arcs":[[1145,1146,1147]],"type":"Polygon","properties":{"geoid":"3911729162","name":"Galion"},"id":"3911729162"},{"arcs":[[1148,1149,1150]],"type":"Polygon","properties":{"geoid":"3909961798","name":"Perry"},"id":"3909961798"},{"arcs":[[1151,1152,1153,1154,1155]],"type":"Polygon","properties":{"geoid":"3911733600","name":"Harmony"},"id":"3911733600"},{"arcs":[[1156]],"type":"Polygon","properties":{"geoid":"3917162834","name":"Pioneer"},"id":"3917162834"},{"arcs":[[1157,1158,1159]],"type":"Polygon","properties":{"geoid":"3900147026","name":"Manchester"},"id":"3900147026"},{"arcs":[[1160,1161,1162,1163,1164]],"type":"Polygon","properties":{"geoid":"3900185890","name":"Winchester"},"id":"3900185890"},{"arcs":[[1165,1166,1167,-598,-315,1168]],"type":"Polygon","properties":{"geoid":"3908721084","name":"Decatur"},"id":"3908721084"},{"arcs":[[1169,1170,1171,-599,-1168]],"type":"Polygon","properties":{"geoid":"3908776031","name":"Symmes"},"id":"3908776031"},{"arcs":[[-601,1172,1173,1174,1175,1176]],"type":"Polygon","properties":{"geoid":"3908786002","name":"Windsor"},"id":"3908786002"},{"arcs":[[1177,1178,1179,1180,-146,1181]],"type":"Polygon","properties":{"geoid":"3909762666","name":"Pike"},"id":"3909762666"},{"arcs":[[1182,1183,1184,-539]],"type":"Polygon","properties":{"geoid":"3906947726","name":"Marion"},"id":"3906947726"},{"arcs":[[1185,-206,1186,1187,1188,1189]],"type":"Polygon","properties":{"geoid":"3911900310","name":"Adams"},"id":"3911900310"},{"arcs":[[1190,1191,-818,1192]],"type":"Polygon","properties":{"geoid":"3911915532","name":"Clay"},"id":"3911915532"},{"arcs":[[1193,-173,1194,1195,1196]],"type":"Polygon","properties":{"geoid":"3911937926","name":"Jackson"},"id":"3911937926"},{"arcs":[[1197,1198,1199,1200,-275]],"type":"Polygon","properties":{"geoid":"3911966600","name":"Rich Hill"},"id":"3911966600"},{"arcs":[[1201,1202,1203,1204]],"type":"Polygon","properties":{"geoid":"3913577994","name":"Twin"},"id":"3913577994"},{"arcs":[[1205,-435,1206,1207,1208]],"type":"Polygon","properties":{"geoid":"3913762036","name":"Perry"},"id":"3913762036"},{"arcs":[[1209,1210,-1183,1211]],"type":"Polygon","properties":{"geoid":"3906951408","name":"Monroe"},"id":"3906951408"},{"arcs":[[1212,-789,1213,1214]],"type":"Polygon","properties":{"geoid":"3910924836","name":"Elizabeth"},"id":"3910924836"},{"arcs":[[1215,-607,-1213,1216]],"type":"Polygon","properties":{"geoid":"3910944968","name":"Lostcreek"},"id":"3910944968"},{"arcs":[[1217,1218,1219]],"type":"Polygon","properties":{"geoid":"3915558674","name":"Orangeville"},"id":"3915558674"},{"arcs":[[1220,1221,1222,1223]],"type":"Polygon","properties":{"geoid":"3915580052","name":"Vienna"},"id":"3915580052"},{"arcs":[[1228,1229,1230,1231,1232,1233,1234,1235,1236,1237,1238]],"type":"Polygon","properties":{"geoid":"3915722470","name":"Dover"},"id":"3915722470"},{"arcs":[[[-1232,1239,1240]],[[1241,1242,1243,1244,1245,1246,1247]],[[-1236,1248,1249]]],"type":"MultiPolygon","properties":{"geoid":"3915731066","name":"Goshen"},"id":"3915731066"},{"arcs":[[1250,-1226,1251,-1227,1252,-1233,-1241,1253,-1242,1254,-1249,-1235]],"type":"Polygon","properties":{"geoid":"3915755216","name":"New Philadelphia"},"id":"3915755216"},{"arcs":[[1255,1256,1257,1258,-401,1259,-1244]],"type":"Polygon","properties":{"geoid":"3915780920","name":"Warren"},"id":"3915780920"},{"arcs":[[1260,1261,1262,-593,1263]],"type":"Polygon","properties":{"geoid":"3908310590","name":"Butler"},"id":"3908310590"},{"arcs":[[-181,1264,1265,1266]],"type":"Polygon","properties":{"geoid":"3908335462","name":"Hilliar"},"id":"3908335462"},{"arcs":[[1267,1268,1269,1270,1271]],"type":"Polygon","properties":{"geoid":"3900301602","name":"Amanda"},"id":"3900301602"},{"arcs":[[1272,1273,1274,1275]],"type":"Polygon","properties":{"geoid":"3900302988","name":"Auglaize"},"id":"3900302988"},{"arcs":[[1276,-1272,1277,-268,-579]],"type":"Polygon","properties":{"geoid":"3900373982","name":"Spencer"},"id":"3900373982"},{"arcs":[[1278,-1133,1279,1280,1281,1282]],"type":"Polygon","properties":{"geoid":"3915942490","name":"Leesburg"},"id":"3915942490"},{"arcs":[[-355,1283,1284,1285,1286]],"type":"Polygon","properties":{"geoid":"3916138122","name":"Jackson"},"id":"3916138122"},{"arcs":[[1287,1288,1289,1290,1291]],"type":"Polygon","properties":{"geoid":"3912104682","name":"Beaver"},"id":"3912104682"},{"arcs":[[1292,1293,1294,1295,1296,1297,1298]],"type":"Polygon","properties":{"geoid":"3912137940","name":"Jackson"},"id":"3912137940"},{"arcs":[[1299,1300,1301,1302,-176]],"type":"Polygon","properties":{"geoid":"3913938794","name":"Jefferson"},"id":"3913938794"},{"arcs":[[1303,1304,1305,1306,1307,1308,1309,1310,1311,1312,1313]],"type":"Polygon","properties":{"geoid":"3913947138","name":"Mansfield"},"id":"3913947138"},{"arcs":[[-309,1314,-633,1315]],"type":"Polygon","properties":{"geoid":"3916185750","name":"Willshire"},"id":"3916185750"},{"arcs":[[1316,1317,1318,1319,1320,1321]],"type":"Polygon","properties":{"geoid":"3916316210","name":"Clinton"},"id":"3916316210"},{"arcs":[[-136,1322,1323,1324,1325]],"type":"Polygon","properties":{"geoid":"3916323100","name":"Eagle"},"id":"3916323100"},{"arcs":[[1326,-1325,1327,-1108,1328]],"type":"Polygon","properties":{"geoid":"3916334048","name":"Harrison"},"id":"3916334048"},{"arcs":[[1329,1330,1331,1332]],"type":"Polygon","properties":{"geoid":"3916385204","name":"Wilkesville"},"id":"3916385204"},{"arcs":[[1333,1334,1335,1336,1337,1338]],"type":"Polygon","properties":{"geoid":"3907137828","name":"Jackson"},"id":"3907137828"},{"arcs":[[1339,1340,1341,1342,1343,1344,1345]],"type":"Polygon","properties":{"geoid":"3903509064","name":"Broadview Heights"},"id":"3903509064"},{"arcs":[[1346,1347,-535,1348,1349]],"type":"Polygon","properties":{"geoid":"3903529498","name":"Gates Mills"},"id":"3903529498"},{"arcs":[[1350,-240]],"type":"Polygon","properties":{"geoid":"3903543918","name":"Linndale"},"id":"3903543918"},{"arcs":[[1351,-1347,1352,1353]],"type":"Polygon","properties":{"geoid":"3903548468","name":"Mayfield"},"id":"3903548468"},{"arcs":[[1354,1355,1356,1357,1358,1359]],"type":"Polygon","properties":{"geoid":"3903557750","name":"Oakwood"},"id":"3903557750"},{"arcs":[[1360,1361,1362,1363,1364,1365,1366,1367,1368,-1357]],"type":"Polygon","properties":{"geoid":"3903572928","name":"Solon"},"id":"3903572928"},{"arcs":[[1369,1370,1371,-1069,1372,1373,1374,1375]],"type":"Polygon","properties":{"geoid":"3916582306","name":"Wayne"},"id":"3916582306"},{"arcs":[[1376,1377,1378,1379,1380,1381,1382]],"type":"Polygon","properties":{"geoid":"3916911276","name":"Canaan"},"id":"3916911276"},{"arcs":[[-26,1383,1384,1385,-71]],"type":"Polygon","properties":{"geoid":"3909905858","name":"Berlin"},"id":"3909905858"},{"arcs":[[-1385,1386,1387,1388,1389,1390,1391]],"type":"Polygon","properties":{"geoid":"3909931038","name":"Goshen"},"id":"3909931038"},{"arcs":[[1392,1393,1394,1395,1396,1397]],"type":"Polygon","properties":{"geoid":"3914121224","name":"Deerfield"},"id":"3914121224"},{"arcs":[[1398,1399,1400,1401,1402,1403]],"type":"Polygon","properties":{"geoid":"3907548692","name":"Mechanic"},"id":"3907548692"},{"arcs":[[1404,1405,1406,1407,1408,1409]],"type":"Polygon","properties":{"geoid":"3911329904","name":"German"},"id":"3911329904"},{"arcs":[[1410,1411]],"type":"Polygon","properties":{"geoid":"3916957260","name":"Norton"},"id":"3916957260"},{"arcs":[[1412,1413,1414,1415,1416,1417]],"type":"Polygon","properties":{"geoid":"3917519190","name":"Crane"},"id":"3917519190"},{"arcs":[[1418,1419,1420,1421]],"type":"Polygon","properties":{"geoid":"3917566992","name":"Ridge"},"id":"3917566992"},{"arcs":[[1422,1423,1424,1425,-341]],"type":"Polygon","properties":{"geoid":"3901130954","name":"Goshen"},"id":"3901130954"},{"arcs":[[-59,1426,1427,1428,-466]],"type":"Polygon","properties":{"geoid":"3916309526","name":"Brown"},"id":"3916309526"},{"arcs":[[1429,1430,1431,1432]],"type":"Polygon","properties":{"geoid":"3915170436","name":"Sandy"},"id":"3915170436"},{"arcs":[[1433,1434,-1404,1435,1436,1437]],"type":"Polygon","properties":{"geoid":"3907540194","name":"Killbuck"},"id":"3907540194"},{"arcs":[[-1302,-297,1438,1439]],"type":"Polygon","properties":{"geoid":"3908305844","name":"Berlin"},"id":"3908305844"},{"arcs":[[1440,1441,-547,1442,1443]],"type":"Polygon","properties":{"geoid":"3917307020","name":"Bloom"},"id":"3917307020"},{"arcs":[[-205,1444,-1092,1445,-951,1446,-1187]],"type":"Polygon","properties":{"geoid":"3903143960","name":"Linton"},"id":"3903143960"},{"arcs":[[1447,1448,-427]],"type":"Polygon","properties":{"geoid":"3908576834","name":"Timberlake"},"id":"3908576834"},{"arcs":[[1449,1450,1451,-1364]],"type":"Polygon","properties":{"geoid":"3903505550","name":"Bentleyville"},"id":"3903505550"},{"arcs":[[1452,1453,1454,1455]],"type":"Polygon","properties":{"geoid":"3911548930","name":"Meigsville"},"id":"3911548930"},{"arcs":[[1456,1457,1458,1459,-147,-1181]],"type":"Polygon","properties":{"geoid":"3909751478","name":"Monroe"},"id":"3909751478"},{"arcs":[[1460,1461,1462,1463,1464,1465]],"type":"Polygon","properties":{"geoid":"3913763380","name":"Pleasant"},"id":"3913763380"},{"arcs":[[[1466,1467,1468,1469,1470,1471,1472,1473]],[[1478]]],"type":"MultiPolygon","properties":{"geoid":"3904950064","name":"Mifflin"},"id":"3904950064"},{"arcs":[[1479,1480,1481,-1202,-485]],"type":"Polygon","properties":{"geoid":"3913533992","name":"Harrison"},"id":"3913533992"},{"arcs":[[1482,1483,-1173,-600]],"type":"Polygon","properties":{"geoid":"3908748174","name":"Mason"},"id":"3908748174"},{"arcs":[[1484,1485,1486,1487]],"type":"Polygon","properties":{"geoid":"3917127530","name":"Florence"},"id":"3917127530"},{"arcs":[[1488,1489,-1485,1490]],"type":"Polygon","properties":{"geoid":"3917157162","name":"Northwest"},"id":"3917157162"},{"arcs":[[1491,-1106,1492,1493,1494,1495,-114]],"type":"Polygon","properties":{"geoid":"3914979464","name":"Van Buren"},"id":"3914979464"},{"arcs":[[1496,-1433,1497,1498,1499]],"type":"Polygon","properties":{"geoid":"3915162694","name":"Pike"},"id":"3915162694"},{"arcs":[[1500,1501,-817,1502,1503]],"type":"Polygon","properties":{"geoid":"3900977420","name":"Trimble"},"id":"3900977420"},{"arcs":[[1504,1505,1506,1507]],"type":"Polygon","properties":{"geoid":"3911561602","name":"Penn"},"id":"3911561602"},{"arcs":[[1508,1509,1510,-893,1511]],"type":"Polygon","properties":{"geoid":"3915901336","name":"Allen"},"id":"3915901336"},{"arcs":[[1512,-823,1513,1514,-1026,1515]],"type":"Polygon","properties":{"geoid":"3912704584","name":"Bearfield"},"id":"3912704584"},{"arcs":[[-22,1516,-14,1517,1518,1519,-10,1520,-16,1521]],"type":"Polygon","properties":{"geoid":"3902374118","name":"Springfield"},"id":"3902374118"},{"arcs":[[-736,1523,-1097,1524,1525]],"type":"Polygon","properties":{"geoid":"3909361532","name":"Penfield"},"id":"3909361532"},{"arcs":[[1526,1527,1528,1529,1530]],"type":"Polygon","properties":{"geoid":"3901752080","name":"Morgan"},"id":"3901752080"},{"arcs":[[1531,1532,1533,-828]],"type":"Polygon","properties":{"geoid":"3912953256","name":"Muhlenberg"},"id":"3912953256"},{"arcs":[[1534,-1023,1535,1536,1537,-373]],"type":"Polygon","properties":{"geoid":"3912765760","name":"Reading"},"id":"3912765760"},{"arcs":[[1538,-1145,1539,1540]],"type":"Polygon","properties":{"geoid":"3905502904","name":"Auburn"},"id":"3905502904"},{"arcs":[[[1543,1544,1545,1546]],[[1549,1550,1551,1552,-1471]]],"type":"MultiPolygon","properties":{"geoid":"3904938612","name":"Jefferson"},"id":"3904938612"},{"arcs":[[-1061,1553,-1527,1554]],"type":"Polygon","properties":{"geoid":"3901766096","name":"Reily"},"id":"3901766096"},{"arcs":[[1555,1556,-441,1557,-1414]],"type":"Polygon","properties":{"geoid":"3917524360","name":"Eden"},"id":"3917524360"},{"arcs":[[1558,1559]],"type":"Polygon","properties":{"geoid":"3913385946","name":"Windham"},"id":"3913385946"},{"arcs":[[1560,-1012,1561,1562,1563]],"type":"Polygon","properties":{"geoid":"3910180514","name":"Waldo"},"id":"3910180514"},{"arcs":[[-1530,1564,1565,1566]],"type":"Polygon","properties":{"geoid":"3906133852","name":"Harrison"},"id":"3906133852"},{"arcs":[[1569,1570,1571,1572,1573,-214,1574]],"type":"Polygon","properties":{"geoid":"3904159262","name":"Oxford"},"id":"3904159262"},{"arcs":[[-1525,1575,1576,1577],[1578]],"type":"Polygon","properties":{"geoid":"3910373999","name":"Spencer"},"id":"3910373999"},{"arcs":[[1579,-981,-1039]],"type":"Polygon","properties":{"geoid":"3914732256","name":"Green Springs"},"id":"3914732256"},{"arcs":[[1580,1581,1582,1583,1584]],"type":"Polygon","properties":{"geoid":"3911711248","name":"Canaan"},"id":"3911711248"},{"arcs":[[1585,-420,-661,-489,1586]],"type":"Polygon","properties":{"geoid":"3900758870","name":"Orwell"},"id":"3900758870"},{"arcs":[[-44,1587,1588,1589,1590]],"type":"Polygon","properties":{"geoid":"3912333726","name":"Harris"},"id":"3912333726"},{"arcs":[[1591,-576,1592,1593]],"type":"Polygon","properties":{"geoid":"3916931878","name":"Green"},"id":"3916931878"},{"arcs":[[1594,1595,1596,1597,1598,1599]],"type":"Polygon","properties":{"geoid":"3901381088","name":"Washington"},"id":"3901381088"},{"arcs":[[-816,1600,1601,1602]],"type":"Polygon","properties":{"geoid":"3900901770","name":"Ames"},"id":"3900901770"},{"arcs":[[1603,-447,1604,-1601]],"type":"Polygon","properties":{"geoid":"3900905942","name":"Bern"},"id":"3900905942"},{"arcs":[[1605,1606,1607,1608]],"type":"Polygon","properties":{"geoid":"3900944590","name":"Lodi"},"id":"3900944590"},{"arcs":[[1609,1610,1611,1612]],"type":"Polygon","properties":{"geoid":"3905329218","name":"Gallipolis"},"id":"3905329218"},{"arcs":[[1613,1614,1615,1616,1617]],"type":"Polygon","properties":{"geoid":"3905352094","name":"Morgan"},"id":"3905352094"},{"arcs":[[1618,1619,1620,1621,1622]],"type":"Polygon","properties":{"geoid":"3908152990","name":"Mount Pleasant"},"id":"3908152990"},{"arcs":[[-562,-294,1623,1624,1625,1626,1627]],"type":"Polygon","properties":{"geoid":"3908174122","name":"Springfield"},"id":"3908174122"},{"arcs":[[1628,1629,1630,1631,-1391,1632,1633,1634]],"type":"Polygon","properties":{"geoid":"3902940824","name":"Knox"},"id":"3902940824"},{"arcs":[[1635,1636,1637,-152]],"type":"Polygon","properties":{"geoid":"3902982138","name":"Wayne"},"id":"3902982138"},{"arcs":[[1638,1639,1640,1641,1642,1643]],"type":"Polygon","properties":{"geoid":"3910514016","name":"Chester"},"id":"3910514016"},{"arcs":[[1644,1645,1646,1647,1648]],"type":"Polygon","properties":{"geoid":"3910516924","name":"Columbia"},"id":"3910516924"},{"arcs":[[-1331,-1648,1649,-1615,1650]],"type":"Polygon","properties":{"geoid":"3910569904","name":"Salem"},"id":"3910569904"},{"arcs":[[1651,-1020,1652,-1211]],"type":"Polygon","properties":{"geoid":"3906966502","name":"Richfield"},"id":"3906966502"},{"arcs":[[1653,1654,1655,1656,1657,1658]],"type":"Polygon","properties":{"geoid":"3905937786","name":"Jackson"},"id":"3905937786"},{"arcs":[[1659,1660,-522,1661,-477]],"type":"Polygon","properties":{"geoid":"3906757456","name":"Nottingham"},"id":"3906757456"},{"arcs":[[1662,1663,1664,1665,1666]],"type":"Polygon","properties":{"geoid":"3911106124","name":"Bethel"},"id":"3911106124"},{"arcs":[[1667,-5,1668,1669,1670]],"type":"Polygon","properties":{"geoid":"3916703898","name":"Barlow"},"id":"3916703898"},{"arcs":[[1671,-1670,1672,1673,1674,1675]],"type":"Polygon","properties":{"geoid":"3916722918","name":"Dunham"},"id":"3916722918"},{"arcs":[[-419,1676,1677,-662]],"type":"Polygon","properties":{"geoid":"3915532046","name":"Greene"},"id":"3915532046"},{"arcs":[[1678,1679,1680,-634]],"type":"Polygon","properties":{"geoid":"3910722708","name":"Dublin"},"id":"3910722708"},{"arcs":[[1681,1682,-1273,1683]],"type":"Polygon","properties":{"geoid":"3900337646","name":"Jackson"},"id":"3900337646"},{"arcs":[[1684,1685,1686,1687,1688,1689,1690]],"type":"Polygon","properties":{"geoid":"3909575903","name":"Swanton"},"id":"3909575903"},{"arcs":[[1691,1692,1693,1694,1695,1696,1697,1698,1699,-32,1700,1701]],"type":"Polygon","properties":{"geoid":"3909577000","name":"Toledo"},"id":"3909577000"},{"arcs":[[1702,-326,-306,1703,1704,-958]],"type":"Polygon","properties":{"geoid":"3901340600","name":"Kirkwood"},"id":"3901340600"},{"arcs":[[1705,1706,-273,1707,1708]],"type":"Polygon","properties":{"geoid":"3911961994","name":"Perry"},"id":"3911961994"},{"arcs":[[1709,1710,1711,1712]],"type":"Polygon","properties":{"geoid":"3916178596","name":"Union"},"id":"3916178596"},{"arcs":[[-645,-27,-70,1713]],"type":"Polygon","properties":{"geoid":"3913359668","name":"Palmyra"},"id":"3913359668"},{"arcs":[[-293,1714,1715,1716,1717,-1624]],"type":"Polygon","properties":{"geoid":"3908109750","name":"Brush Creek"},"id":"3908109750"},{"arcs":[[1718,1719,1720,1721,1722]],"type":"Polygon","properties":{"geoid":"3909303464","name":"Avon Lake"},"id":"3909303464"},{"arcs":[[1723,1724,1725,-714]],"type":"Polygon","properties":{"geoid":"3903728266","name":"Franklin"},"id":"3903728266"},{"arcs":[[1726,1727,1728,1729]],"type":"Polygon","properties":{"geoid":"3912561266","name":"Paulding"},"id":"3912561266"},{"arcs":[[-414,-81,1730,-417]],"type":"Polygon","properties":{"geoid":"3900782040","name":"Wayne"},"id":"3900782040"},{"arcs":[[1731,1732,1733,-972,-367]],"type":"Polygon","properties":{"geoid":"3904546382","name":"Madison"},"id":"3904546382"},{"arcs":[[-990,1734,1735,1736,1737,1738]],"type":"Polygon","properties":{"geoid":"3900533236","name":"Hanover"},"id":"3900533236"},{"arcs":[[-979,1739,1740,-187,1741,1742,1743]],"type":"Polygon","properties":{"geoid":"3900568966","name":"Ruggles"},"id":"3900568966"},{"arcs":[[1744,-1267,1745,1746]],"type":"Polygon","properties":{"geoid":"3904164178","name":"Porter"},"id":"3904164178"},{"arcs":[[1747,1748,1749,1750,1751]],"type":"Polygon","properties":{"geoid":"3913162022","name":"Perry"},"id":"3913162022"},{"arcs":[[1752,1753,1754,1755,1756,1757,-1142,1758]],"type":"Polygon","properties":{"geoid":"3905510464","name":"Burton"},"id":"3905510464"},{"arcs":[[1759,1760,1761,-1203]],"type":"Polygon","properties":{"geoid":"3911361966","name":"Perry"},"id":"3911361966"},{"arcs":[[-1436,-1403,1762,1763,1764]],"type":"Polygon","properties":{"geoid":"3903115266","name":"Clark"},"id":"3903115266"},{"arcs":[[1765,-381,1766,1767,-1274]],"type":"Polygon","properties":{"geoid":"3906547712","name":"Marion"},"id":"3906547712"},{"arcs":[[1768,1769,-296,-561,-392,-397]],"type":"Polygon","properties":{"geoid":"3901981116","name":"Washington"},"id":"3901981116"},{"arcs":[[-882,1770,-160,1771,1772]],"type":"Polygon","properties":{"geoid":"3912946564","name":"Madison"},"id":"3912946564"},{"arcs":[[[1773,1774,1775,1776]],[[1777,1778]],[[1779]]],"type":"MultiPolygon","properties":{"geoid":"3904906922","name":"Blendon"},"id":"3904906922"},{"arcs":[[-1290,1780,1781,1782,1783,1784]],"type":"Polygon","properties":{"geoid":"3911171349","name":"Seneca"},"id":"3911171349"},{"arcs":[[1785,1786,-1610,1787]],"type":"Polygon","properties":{"geoid":"3905300422","name":"Addison"},"id":"3905300422"},{"arcs":[[1788,1789,1790,1791,1792]],"type":"Polygon","properties":{"geoid":"3913522106","name":"Dixon"},"id":"3913522106"},{"arcs":[[1793,-541,-433,-802,1794]],"type":"Polygon","properties":{"geoid":"3903935196","name":"Highland"},"id":"3903935196"},{"arcs":[[1795,1796,1797,1798]],"type":"Polygon","properties":{"geoid":"3916755356","name":"Newport"},"id":"3916755356"},{"arcs":[[1799,1800,1801,1802,1803]],"type":"Polygon","properties":{"geoid":"3903743092","name":"Liberty"},"id":"3903743092"},{"arcs":[[-491,-352,1804,1805,1806,1807]],"type":"Polygon","properties":{"geoid":"3915526684","name":"Farmington"},"id":"3915526684"},{"arcs":[[-1650,1808,1809,1810]],"type":"Polygon","properties":{"geoid":"3910569372","name":"Rutland"},"id":"3910569372"},{"arcs":[[1811,1812,-906,1813,1814]],"type":"Polygon","properties":{"geoid":"3914707006","name":"Bloom"},"id":"3914707006"},{"arcs":[[1815,1816,1817,1818,1819,1820]],"type":"Polygon","properties":{"geoid":"3912304304","name":"Bay"},"id":"3912304304"},{"arcs":[[1821,1822,1823,1824,1825,1826,1827]],"type":"Polygon","properties":{"geoid":"3904543120","name":"Liberty"},"id":"3904543120"},{"arcs":[[1828,1829,1830,1831,1832,-284]],"type":"Polygon","properties":{"geoid":"3915938108","name":"Jackson"},"id":"3915938108"},{"arcs":[[1833,-1587,-488,-1137]],"type":"Polygon","properties":{"geoid":"3900785988","name":"Windsor"},"id":"3900785988"},{"arcs":[[1834,-1410,1835,1836,-334]],"type":"Polygon","properties":{"geoid":"3913531486","name":"Gratis"},"id":"3913531486"},{"arcs":[[1837,1838,1839,1840]],"type":"Polygon","properties":{"geoid":"3913938038","name":"Jackson"},"id":"3913938038"},{"arcs":[[-1349,1841,-1135,1842,1843,1844]],"type":"Polygon","properties":{"geoid":"3903536918","name":"Hunting Valley"},"id":"3903536918"},{"arcs":[[1845,1846,1847,1848]],"type":"Polygon","properties":{"geoid":"3906363268","name":"Pleasant"},"id":"3906363268"},{"arcs":[[-1734,1849,1850,1851,1852,-973]],"type":"Polygon","properties":{"geoid":"3907330842","name":"Good Hope"},"id":"3907330842"},{"arcs":[[1853,1854,1855,1856]],"type":"Polygon","properties":{"geoid":"3907726040","name":"Fairfield"},"id":"3907726040"},{"arcs":[[-1856,1857,1858,1859,1860]],"type":"Polygon","properties":{"geoid":"3907767300","name":"Ripley"},"id":"3907767300"},{"arcs":[[1861,1862,1863,1864,1865,-1716]],"type":"Polygon","properties":{"geoid":"3902986912","name":"Yellow Creek"},"id":"3902986912"},{"arcs":[[-317,-602,-1177,1866,1867,1868]],"type":"Polygon","properties":{"geoid":"3908742154","name":"Lawrence"},"id":"3908742154"},{"arcs":[[1869,1870,1871,1872,-54]],"type":"Polygon","properties":{"geoid":"3908336526","name":"Howard"},"id":"3908336526"},{"arcs":[[-775,1873]],"type":"Polygon","properties":{"geoid":"3906125186","name":"Elmwood Place"},"id":"3906125186"},{"arcs":[[1874,1875,1876,-603,-1216,1877]],"type":"Polygon","properties":{"geoid":"3910909498","name":"Brown"},"id":"3910909498"},{"arcs":[[1878,1879,1880,1881]],"type":"Polygon","properties":{"geoid":"3915580892","name":"Warren"},"id":"3915580892"},{"arcs":[[1882,1883,-560,1884,1885,1886]],"type":"Polygon","properties":{"geoid":"3915781648","name":"Washington"},"id":"3915781648"},{"arcs":[[1887,1888,1889,1890,1891,1892]],"type":"Polygon","properties":{"geoid":"3904305228","name":"Bellevue"},"id":"3904305228"},{"arcs":[[1893,-786,1894,1895,1896,1897]],"type":"Polygon","properties":{"geoid":"3905768630","name":"Ross"},"id":"3905768630"},{"arcs":[[-1201,-566,1898,1899]],"type":"Polygon","properties":{"geoid":"3911948916","name":"Meigs"},"id":"3911948916"},{"arcs":[[-1737,1900,1901,1902,1903]],"type":"Polygon","properties":{"geoid":"3908338668","name":"Jefferson"},"id":"3908338668"},{"arcs":[[1904,-137,-1326,-1327,1905,1906,1907]],"type":"Polygon","properties":{"geoid":"3914143302","name":"Liberty"},"id":"3914143302"},{"arcs":[[-932,1908,1909,1910]],"type":"Polygon","properties":{"geoid":"3908939102","name":"Jersey"},"id":"3908939102"},{"arcs":[[1911,1912,-1581,1913]],"type":"Polygon","properties":{"geoid":"3910177742","name":"Tully"},"id":"3910177742"},{"arcs":[[1914,1915,1916,1917]],"type":"Polygon","properties":{"geoid":"3916914044","name":"Chester"},"id":"3916914044"},{"arcs":[[1918,-228]],"type":"Polygon","properties":{"geoid":"3903523380","name":"East Cleveland"},"id":"3903523380"},{"arcs":[[1919,-1321,1920,1921]],"type":"Polygon","properties":{"geoid":"3907982712","name":"Wellston"},"id":"3907982712"},{"arcs":[[1922,1923,1924,1925,1926,1927,1928]],"type":"Polygon","properties":{"geoid":"3912112994","name":"Center"},"id":"3912112994"},{"arcs":[[1929,1930,1931,1932,1933]],"type":"Polygon","properties":{"geoid":"3907169862","name":"Salem"},"id":"3907169862"},{"arcs":[[1934,-428,-1449,1935,1936,-543]],"type":"Polygon","properties":{"geoid":"3908523618","name":"Eastlake"},"id":"3908523618"},{"arcs":[[1937,1938,1939,-25]],"type":"Polygon","properties":{"geoid":"3909937884","name":"Jackson"},"id":"3909937884"},{"arcs":[[1940,1941,-155,-291,-1770,1942]],"type":"Polygon","properties":{"geoid":"3901923226","name":"East"},"id":"3901923226"},{"arcs":[[-1608,1943,-1639,1944,1945]],"type":"Polygon","properties":{"geoid":"3910504906","name":"Bedford"},"id":"3910504906"},{"arcs":[[1946,-1000,1947,-1740]],"type":"Polygon","properties":{"geoid":"3900577532","name":"Troy"},"id":"3900577532"},{"arcs":[[1948,1949,1950,1951,1952,1953,1954]],"type":"Polygon","properties":{"geoid":"3916928504","name":"Franklin"},"id":"3916928504"},{"arcs":[[1955,1956,-1421,1957,1958,1959]],"type":"Polygon","properties":{"geoid":"3917566782","name":"Richland"},"id":"3917566782"},{"arcs":[[1960,1961,-1412,1962,1963,1964,-690,-572,1965,1966]],"type":"Polygon","properties":{"geoid":"3916914240","name":"Chippewa"},"id":"3916914240"},{"arcs":[[1967,1968,1969,1970,1971,1972,-1851]],"type":"Polygon","properties":{"geoid":"3907347740","name":"Marion"},"id":"3907347740"},{"arcs":[[-1582,-1913,1973,1974,1975,1976,1977]],"type":"Polygon","properties":{"geoid":"3911781508","name":"Washington"},"id":"3911781508"},{"arcs":[[1978,1979,1980,1981]],"type":"Polygon","properties":{"geoid":"3907777158","name":"Townsend"},"id":"3907777158"},{"arcs":[[1982,1983,1984,1985,1986]],"type":"Polygon","properties":{"geoid":"3902738542","name":"Jefferson"},"id":"3902738542"},{"arcs":[[[1987,1988,1989,1990,1991]],[[1992,1993,1994,1995,1996,1997,1998,1999,2000,2001,2002,2003,2004,2005,2006,2007,-618,2008,2009,2010,2011,2012,2013,2014,2015,2016,2017,2018,2019]]],"type":"MultiPolygon","properties":{"geoid":"3911321000","name":"Dayton"},"id":"3911321000"},{"arcs":[[2020,2021,2022,2023,2024,2025]],"type":"Polygon","properties":{"geoid":"3902582110","name":"Wayne"},"id":"3902582110"},{"arcs":[[2026,2027]],"type":"Polygon","properties":{"geoid":"3911382222","name":"Wayne"},"id":"3911382222"},{"arcs":[[2028,2029,2030,2031,2032,-732]],"type":"Polygon","properties":{"geoid":"3909355446","name":"New Russia"},"id":"3909355446"},{"arcs":[[2033,2034,2035,2036,-1559,2037]],"type":"Polygon","properties":{"geoid":"3915508056","name":"Braceville"},"id":"3915508056"},{"arcs":[[[2038,2039,2040]],[[-1542,2041,-1552,-1910,2042,2043,2044,2045,2046]]],"type":"MultiPolygon","properties":{"geoid":"3908961112","name":"Pataskala"},"id":"3908961112"},{"arcs":[[2047,2048,2049,-586,2050,2051]],"type":"Polygon","properties":{"geoid":"3909765480","name":"Range"},"id":"3909765480"},{"arcs":[[2052,2053,-174,-1194,2054,2055]],"type":"Polygon","properties":{"geoid":"3908961924","name":"Perry"},"id":"3908961924"},{"arcs":[[2056,-1043,2057,2058]],"type":"Polygon","properties":{"geoid":"3914763394","name":"Pleasant"},"id":"3914763394"},{"arcs":[[2059,2060,2061,2062,2063,2064,2065,2066]],"type":"Polygon","properties":{"geoid":"3908518196","name":"Concord"},"id":"3908518196"},{"arcs":[[2067,2068,-1821,2069,2070,-1589,2071]],"type":"Polygon","properties":{"geoid":"3912369946","name":"Salem"},"id":"3912369946"},{"arcs":[[2072,2073,2074,-1749,2075]],"type":"Polygon","properties":{"geoid":"3914161308","name":"Paxton"},"id":"3914161308"},{"arcs":[[-472,2076,-1918,-992,2077]],"type":"Polygon","properties":{"geoid":"3900561756","name":"Perry"},"id":"3900561756"},{"arcs":[[-347,-1444,2078,2079,2080]],"type":"Polygon","properties":{"geoid":"3917334986","name":"Henry"},"id":"3917334986"},{"arcs":[[-168,2081,2082,2083]],"type":"Polygon","properties":{"geoid":"3912512308","name":"Carryall"},"id":"3912512308"},{"arcs":[[2084,-2025,2085,2086,2087,2088]],"type":"Polygon","properties":{"geoid":"3902537716","name":"Jackson"},"id":"3902537716"},{"arcs":[[2089,2090,-468,2091,2092,-1324]],"type":"Polygon","properties":{"geoid":"3916338136","name":"Jackson"},"id":"3916338136"},{"arcs":[[2093,-1034,2094,2095,2096]],"type":"Polygon","properties":{"geoid":"3900138486","name":"Jefferson"},"id":"3900138486"},{"arcs":[[2097,2098,2099,2100,2101,2102,2103]],"type":"Polygon","properties":{"geoid":"3916770002","name":"Salem"},"id":"3916770002"},{"arcs":[[2104,2105,2106,-126]],"type":"Polygon","properties":{"geoid":"3900777686","name":"Trumbull"},"id":"3900777686"},{"arcs":[[-1558,-440,2107,2108,2109,-1415]],"type":"Polygon","properties":{"geoid":"3917502190","name":"Antrim"},"id":"3917502190"},{"arcs":[[2110,-1934,2111,2112,2113]],"type":"Polygon","properties":{"geoid":"3901531696","name":"Green"},"id":"3901531696"},{"arcs":[[-1490,2114,2115,2116,2117,2118,-834,-1486]],"type":"Polygon","properties":{"geoid":"3917175819","name":"Superior"},"id":"3917175819"},{"arcs":[[2119,-699,2120,-1500,2121,2122,-496]],"type":"Polygon","properties":{"geoid":"3915106180","name":"Bethlehem"},"id":"3915106180"},{"arcs":[[-563,-1628,2123,-686,2124]],"type":"Polygon","properties":{"geoid":"3901945038","name":"Loudon"},"id":"3901945038"},{"arcs":[[2125,2126,2127,2128,2129,2130,2131,2132,2133,2134,2135,2136,2137,2138,2139]],"type":"Polygon","properties":{"geoid":"3908954040","name":"Newark"},"id":"3908954040"},{"arcs":[[2140,-1150,2141,2142,2143,2144]],"type":"Polygon","properties":{"geoid":"3902969848","name":"Salem"},"id":"3902969848"},{"arcs":[[2145,-365,2146,2147,2148,2149,2150,2151]],"type":"Polygon","properties":{"geoid":"3902550176","name":"Milford"},"id":"3902550176"},{"arcs":[[2152,-1338,2153,2154,2155,2156,-1163]],"type":"Polygon","properties":{"geoid":"3900171052","name":"Scott"},"id":"3900171052"},{"arcs":[[2157,2158,2159,2160,2161,2162,2163]],"type":"Polygon","properties":{"geoid":"3909911066","name":"Campbell"},"id":"3909911066"},{"arcs":[[2164,2165,2166,2167]],"type":"Polygon","properties":{"geoid":"3900902750","name":"Athens"},"id":"3900902750"},{"arcs":[[-94,2169,2170,2171,2172]],"type":"Polygon","properties":{"geoid":"3915319036","name":"Coventry"},"id":"3915319036"},{"arcs":[[2173,2174,2175,2176,2177,2178]],"type":"Polygon","properties":{"geoid":"3914916168","name":"Clinton"},"id":"3914916168"},{"arcs":[[2179,-1193,-824,-1513,2180,2181]],"type":"Polygon","properties":{"geoid":"3912733964","name":"Harrison"},"id":"3912733964"},{"arcs":[[2182,2183,-1640,-1944]],"type":"Polygon","properties":{"geoid":"3910558646","name":"Orange"},"id":"3910558646"},{"arcs":[[2184,2185,2186,2187,2188,-378]],"type":"Polygon","properties":{"geoid":"3906509848","name":"Buck"},"id":"3906509848"},{"arcs":[[2189,2190,2191,2192,2193,2194]],"type":"Polygon","properties":{"geoid":"3913111122","name":"Camp Creek"},"id":"3913111122"},{"arcs":[[2195,-1066,2196,2197,2198]],"type":"Polygon","properties":{"geoid":"3902779772","name":"Vernon"},"id":"3902779772"},{"arcs":[[2199,2200,2201,2202]],"type":"Polygon","properties":{"geoid":"3910962848","name":"Piqua"},"id":"3910962848"},{"arcs":[[2203,2204,-1441,-346]],"type":"Polygon","properties":{"geoid":"3917364122","name":"Portage"},"id":"3917364122"},{"arcs":[[2205,-980,-1744,2206,-1855]],"type":"Polygon","properties":{"geoid":"3907727216","name":"Fitchville"},"id":"3907727216"},{"arcs":[[2207,2208,2209,-125,2210,2211]],"type":"Polygon","properties":{"geoid":"3908546494","name":"Madison"},"id":"3908546494"},{"arcs":[[-1868,2212,2213,2214]],"type":"Polygon","properties":{"geoid":"3908761910","name":"Perry"},"id":"3908761910"},{"arcs":[[2215,2216,2217,2218]],"type":"Polygon","properties":{"geoid":"3902978890","name":"Unity"},"id":"3902978890"},{"arcs":[[2219,2220,2221,2222]],"type":"Polygon","properties":{"geoid":"3911142448","name":"Lee"},"id":"3911142448"},{"arcs":[[-799,2223,2224,2225,-50]],"type":"Polygon","properties":{"geoid":"3902785820","name":"Wilson"},"id":"3902785820"},{"arcs":[[-191,2226,2227]],"type":"Polygon","properties":{"geoid":"3902545108","name":"Loveland"},"id":"3902545108"},{"arcs":[[-1204,2228,-1835,2229,2230]],"type":"Polygon","properties":{"geoid":"3913541846","name":"Lanier"},"id":"3913541846"},{"arcs":[[2231,2232,2233,2234,-647,2235,-651]],"type":"Polygon","properties":{"geoid":"3913375014","name":"Streetsboro"},"id":"3913375014"},{"arcs":[[2236,-959,-1705,2237,2238]],"type":"Polygon","properties":{"geoid":"3901380864","name":"Warren"},"id":"3901380864"},{"arcs":[[2239,-1742,-190,2240,2241]],"type":"Polygon","properties":{"geoid":"3913910646","name":"Butler"},"id":"3913910646"},{"arcs":[[2242,2243,2244]],"type":"Polygon","properties":{"geoid":"3909301798","name":"Amherst"},"id":"3909301798"},{"arcs":[[[-863,2248,2249]],[[2250,2251,2252]],[[2253,2254,2255,2256,2257,2258,2259]]],"type":"MultiPolygon","properties":{"geoid":"3904957344","name":"Norwich"},"id":"3904957344"},{"arcs":[[2260,-1165,2261,2262,-626,2263]],"type":"Polygon","properties":{"geoid":"3901537688","name":"Jackson"},"id":"3901537688"},{"arcs":[[2264,-925,2265,2266,2267]],"type":"Polygon","properties":{"geoid":"3908910366","name":"Burlington"},"id":"3908910366"},{"arcs":[[2268]],"type":"Polygon","properties":{"geoid":"3915341454","name":"Lakemore"},"id":"3915341454"},{"arcs":[[2269,2270,2271,-681,2272,2273]],"type":"Polygon","properties":{"geoid":"3905128294","name":"Franklin"},"id":"3905128294"},{"arcs":[[-1263,2274,2275,2276,-594]],"type":"Polygon","properties":{"geoid":"3908337870","name":"Jackson"},"id":"3908337870"},{"arcs":[[2277,2278,2279,-820,2280]],"type":"Polygon","properties":{"geoid":"3911933936","name":"Harrison"},"id":"3911933936"},{"arcs":[[-1563,2281,-1570,2282,2283]],"type":"Polygon","properties":{"geoid":"3904147908","name":"Marlboro"},"id":"3904147908"},{"arcs":[[2284,2285]],"type":"Polygon","properties":{"geoid":"3906125970","name":"Fairfield"},"id":"3906125970"},{"arcs":[[2287,2288,-2227,2289,2290,2291,2292,-2148,2293,2294,2295]],"type":"Polygon","properties":{"geoid":"3902549322","name":"Miami"},"id":"3902549322"},{"arcs":[[2296,2297,2298,2299,2300]],"type":"Polygon","properties":{"geoid":"3910954138","name":"Newberry"},"id":"3910954138"},{"arcs":[[2301,2302,2303,2304]],"type":"Polygon","properties":{"geoid":"3907933040","name":"Hamilton"},"id":"3907933040"},{"arcs":[[-1006,-1013,-1561,2305,2306]],"type":"Polygon","properties":{"geoid":"3910163352","name":"Pleasant"},"id":"3910163352"},{"arcs":[[2307,2308,2309,2310,2311,2312,-1430,2313]],"type":"Polygon","properties":{"geoid":"3915158926","name":"Osnaburg"},"id":"3915158926"},{"arcs":[[2314,2315,2316,2317,2318,2319]],"type":"Polygon","properties":{"geoid":"3900343554","name":"Lima"},"id":"3900343554"},{"arcs":[[[2320,-2294,-2147,-364,2321]],[[2322,2323,-766]],[[2324,-764,2325]],[[2327,2328,2329,2330]],[[2331,2332,2333]],[[2334,2335,2336,-771]],[[2337,2338,-762]],[[2339,-759,-780]]],"type":"MultiPolygon","properties":{"geoid":"3906116882","name":"Columbia"},"id":"3906116882"},{"arcs":[[-1726,2341,2342,2343,-1481,2344]],"type":"Polygon","properties":{"geoid":"3903751366","name":"Monroe"},"id":"3903751366"},{"arcs":[[2345,2346]],"type":"Polygon","properties":{"geoid":"3905705102","name":"Bellbrook"},"id":"3905705102"},{"arcs":[[2347,2348,2349,-2220,2350,2351,2352]],"type":"Polygon","properties":{"geoid":"3911131808","name":"Green"},"id":"3911131808"},{"arcs":[[-614,2353,2354,-2305,2355,2356,2357]],"type":"Polygon","properties":{"geoid":"3914546606","name":"Madison"},"id":"3914546606"},{"arcs":[[-2122,-1499,2358,2359,-1230,2360]],"type":"Polygon","properties":{"geoid":"3915742182","name":"Lawrence"},"id":"3915742182"},{"arcs":[[2361,2362,-47,2363,-35]],"type":"Polygon","properties":{"geoid":"3917341328","name":"Lake"},"id":"3917341328"},{"arcs":[[2364,2365,-1817,2366]],"type":"Polygon","properties":{"geoid":"3912364150","name":"Port Clinton"},"id":"3912364150"},{"arcs":[[2367,2368,2369,2370,2371,2372,2373,2374,2375,-666,2376,-2159,2377,-2164,2378,2379,2380]],"type":"Polygon","properties":{"geoid":"3909988000","name":"Youngstown"},"id":"3909988000"},{"arcs":[[2381,2382,-1156,2383,2384,2385]],"type":"Polygon","properties":{"geoid":"3911743680","name":"Lincoln"},"id":"3911743680"},{"arcs":[[2386,2387,2388,2389,2390,2391,2392]],"type":"Polygon","properties":{"geoid":"3903505690","name":"Berea"},"id":"3903505690"},{"arcs":[[-1087,2393,2394,2395,2396,2397,-202,-608,-62]],"type":"Polygon","properties":{"geoid":"3903137730","name":"Jackson"},"id":"3903137730"},{"arcs":[[2398,-1046,-1419,2399,2400]],"type":"Polygon","properties":{"geoid":"3906306362","name":"Biglick"},"id":"3906306362"},{"arcs":[[2401,2402,2403,2404,-2260,2405,-2253,2406,2407]],"type":"Polygon","properties":{"geoid":"3904909442","name":"Brown"},"id":"3904909442"},{"arcs":[[2408,2409,2410,2411,2412,2413]],"type":"Polygon","properties":{"geoid":"3915369428","name":"Sagamore Hills"},"id":"3915369428"},{"arcs":[[-2346,2414,2415,2416,2417,2418,2419,2420,2421,-1371,2422]],"type":"Polygon","properties":{"geoid":"3905775201","name":"Sugarcreek"},"id":"3905775201"},{"arcs":[[2423,-1533,2424,2425,2426,2427,2428,2429]],"type":"Polygon","properties":{"geoid":"3912937982","name":"Jackson"},"id":"3912937982"},{"arcs":[[-772,-2337,2430,-2330,2431,-2152,2432,2433,2434],[2435]],"type":"Polygon","properties":{"geoid":"3906101980","name":"Anderson"},"id":"3906101980"},{"arcs":[[2436,2437,-2115,-1489]],"type":"Polygon","properties":{"geoid":"3917108630","name":"Bridgewater"},"id":"3917108630"},{"arcs":[[2438,-718,2439,2440,2441]],"type":"Polygon","properties":{"geoid":"3909145682","name":"McArthur"},"id":"3909145682"},{"arcs":[[-2350,2442,2443,-2221]],"type":"Polygon","properties":{"geoid":"3911157988","name":"Ohio"},"id":"3911157988"},{"arcs":[[2444,-1772,-165,2445,2446,-2427]],"type":"Polygon","properties":{"geoid":"3912980598","name":"Walnut"},"id":"3912980598"},{"arcs":[[2447,2448]],"type":"Polygon","properties":{"geoid":"3915545934","name":"McDonald"},"id":"3915545934"},{"arcs":[[[2449,2450,-1058,-448,2451,-502]],[[2454,2455]],[[2456,2457,2458]]],"type":"MultiPolygon","properties":{"geoid":"3901725984","name":"Fairfield"},"id":"3901725984"},{"arcs":[[2459,2460,2461,-1495,2462,2463,2464]],"type":"Polygon","properties":{"geoid":"3914946172","name":"McLean"},"id":"3914946172"},{"arcs":[[2465,-116,2466,2467,2468]],"type":"Polygon","properties":{"geoid":"3910728350","name":"Franklin"},"id":"3910728350"},{"arcs":[[-944]],"type":"Polygon","properties":{"geoid":"3904781718","name":"Washington Court House"},"id":"3904781718"},{"arcs":[[-1075,-1082,2469,2470,2471,2472]],"type":"Polygon","properties":{"geoid":"3907126026","name":"Fairfield"},"id":"3907126026"},{"arcs":[[2473,-929,2474,2475,-1021,2476,2477]],"type":"Polygon","properties":{"geoid":"3908907944","name":"Bowling Green"},"id":"3908907944"},{"arcs":[[2478,-331,2479,2480,2481,2482,-226]],"type":"Polygon","properties":{"geoid":"3903573264","name":"South Euclid"},"id":"3903573264"},{"arcs":[[-1237,-1250,-1255,-1248,2483,2484,2485,2486]],"type":"Polygon","properties":{"geoid":"3915787094","name":"York"},"id":"3915787094"},{"arcs":[[-280,2487,2488,-2106]],"type":"Polygon","properties":{"geoid":"3900752066","name":"Morgan"},"id":"3900752066"},{"arcs":[[2489,-344,-1103,2490]],"type":"Polygon","properties":{"geoid":"3901165018","name":"Pusheta"},"id":"3901165018"},{"arcs":[[[-914,2491,2492,-510,2493]],[[2494,-508,2495,2496,2497,2498,2499,2500,-916]]],"type":"MultiPolygon","properties":{"geoid":"3903337744","name":"Jackson"},"id":"3903337744"},{"arcs":[[2501,2502,-1629,2503]],"type":"Polygon","properties":{"geoid":"3915101420","name":"Alliance"},"id":"3915101420"},{"arcs":[[-1605,2504,2505,2506,2507]],"type":"Polygon","properties":{"geoid":"3900968238","name":"Rome"},"id":"3900968238"},{"arcs":[[2508,2509,-387,2510,-2185,-377]],"type":"Polygon","properties":{"geoid":"3906563282","name":"Pleasant"},"id":"3906563282"},{"arcs":[[2511,2512,2513,2514]],"type":"Polygon","properties":{"geoid":"3914338052","name":"Jackson"},"id":"3914338052"},{"arcs":[[2515,2516,-1613,2517,2518,2519]],"type":"Polygon","properties":{"geoid":"3905331738","name":"Green"},"id":"3905331738"},{"arcs":[[2520,2521,2522,2523,2524,2525,-2246,2526,2527]],"type":"Polygon","properties":{"geoid":"3904979002","name":"Upper Arlington"},"id":"3904979002"},{"arcs":[[2528,-2273,-684,-841,2529]],"type":"Polygon","properties":{"geoid":"3917108140","name":"Brady"},"id":"3917108140"},{"arcs":[[-97,-2169,-95,-2173,2530,2531]],"type":"Polygon","properties":{"geoid":"3915303828","name":"Barberton"},"id":"3915303828"},{"arcs":[[2532,2533,2534,2535,2536,2537,-1401]],"type":"Polygon","properties":{"geoid":"3907515280","name":"Clark"},"id":"3907515280"},{"arcs":[[2538,2539,2540,-2100,2541,-1295]],"type":"Polygon","properties":{"geoid":"3912138766","name":"Jefferson"},"id":"3912138766"},{"arcs":[[2542,2543,-484,2544]],"type":"Polygon","properties":{"geoid":"3903710576","name":"Butler"},"id":"3903710576"},{"arcs":[[2545,-1416,-2110,2546,2547]],"type":"Polygon","properties":{"geoid":"3917562904","name":"Pitt"},"id":"3917562904"},{"arcs":[[2548,2549,2550,2551,2552,2553,2554,2555,2556,-1379,2557],[2558],[2559]],"type":"Polygon","properties":{"geoid":"3910383426","name":"Westfield"},"id":"3910383426"},{"arcs":[[2560,-1139,-1753,2561,2562]],"type":"Polygon","properties":{"geoid":"3905515168","name":"Claridon"},"id":"3905515168"},{"arcs":[[-1464,2563,2564,2565,2566]],"type":"Polygon","properties":{"geoid":"3900351282","name":"Monroe"},"id":"3900351282"},{"arcs":[[2567,-2239,2568,2569,-1781,-1289]],"type":"Polygon","properties":{"geoid":"3901372970","name":"Somerset"},"id":"3901372970"},{"arcs":[[[2570]],[[2571]],[[2572]]],"type":"MultiPolygon","properties":{"geoid":"3912365046","name":"Put-in-Bay"},"id":"3912365046"},{"arcs":[[2573,2574,2575,2576]],"type":"Polygon","properties":{"geoid":"3902924906","name":"Elkrun"},"id":"3902924906"},{"arcs":[[[-574,-694,2577,-695,2578]],[[-703,2579,-701,2580,-495,2581]]],"type":"MultiPolygon","properties":{"geoid":"3915177910","name":"Tuscarawas"},"id":"3915177910"},{"arcs":[[2582,2583,2584,2585,2586,2587,2588,-826,2589,2590]],"type":"Polygon","properties":{"geoid":"3904963254","name":"Pleasant"},"id":"3904963254"},{"arcs":[[2591,-1346,2592,2593]],"type":"Polygon","properties":{"geoid":"3903557008","name":"North Royalton"},"id":"3903557008"},{"arcs":[[-962,-669,-327,-1703,-957,2594]],"type":"Polygon","properties":{"geoid":"3905944716","name":"Londonderry"},"id":"3905944716"},{"arcs":[[2595,-2021,2596,-2291,2597]],"type":"Polygon","properties":{"geoid":"3902531010","name":"Goshen"},"id":"3902531010"},{"arcs":[[2598,2599,2600]],"type":"Polygon","properties":{"geoid":"3904379716","name":"Vermilion"},"id":"3904379716"},{"arcs":[[-2083,-1730,-806,2601]],"type":"Polygon","properties":{"geoid":"3912533950","name":"Harrison"},"id":"3912533950"},{"arcs":[[2602,2603,2604,-2216,2605],[2606]],"type":"Polygon","properties":{"geoid":"3909974124","name":"Springfield"},"id":"3909974124"},{"arcs":[[2607,2608,2609,2610]],"type":"Polygon","properties":{"geoid":"3905168896","name":"Royalton"},"id":"3905168896"},{"arcs":[[-157,2611,2612,-986,2613,2614]],"type":"Polygon","properties":{"geoid":"3917328756","name":"Freedom"},"id":"3917328756"},{"arcs":[[2615,2616,2617,2618,2619]],"type":"Polygon","properties":{"geoid":"3910781452","name":"Washington"},"id":"3910781452"},{"arcs":[[2620,2621,2622,-930,-2474,2623]],"type":"Polygon","properties":{"geoid":"3908928336","name":"Franklin"},"id":"3908928336"},{"arcs":[[-675,-259,2624,-167]],"type":"Polygon","properties":{"geoid":"3903947852","name":"Mark"},"id":"3903947852"},{"arcs":[[2625,-399,2626,-402,-1259]],"type":"Polygon","properties":{"geoid":"3901951324","name":"Monroe"},"id":"3901951324"},{"arcs":[[2627,2628,2629,2630]],"type":"Polygon","properties":{"geoid":"3913329442","name":"Garrettsville"},"id":"3913329442"},{"arcs":[[-948,2631,-961,2632,2633,2634]],"type":"Polygon","properties":{"geoid":"3905985708","name":"Wills"},"id":"3905985708"},{"arcs":[[2635,2636,2637,2638,-1015,2639]],"type":"Polygon","properties":{"geoid":"3917381704","name":"Washington"},"id":"3917381704"},{"arcs":[[2640,-1849,2641,2642]],"type":"Polygon","properties":{"geoid":"3913779450","name":"Van Buren"},"id":"3913779450"},{"arcs":[[2643,-2357,2644,2645,2646,2647,2648]],"type":"Polygon","properties":{"geoid":"3914534020","name":"Harrison"},"id":"3914534020"},{"arcs":[[-1577,2649,2650,-470,-998]],"type":"Polygon","properties":{"geoid":"3910336078","name":"Homer"},"id":"3910336078"},{"arcs":[[2651,2652,-1028,2653,2654]],"type":"Polygon","properties":{"geoid":"3912770226","name":"Salt Lick"},"id":"3912770226"},{"arcs":[[2655,-281,-2105,-2210]],"type":"Polygon","properties":{"geoid":"3900733642","name":"Harpersfield"},"id":"3900733642"},{"arcs":[[-2263,2656,2657,2658,2659,-627]],"type":"Polygon","properties":{"geoid":"3901510758","name":"Byrd"},"id":"3901510758"},{"arcs":[[-1837,2660,2661,2662,2663]],"type":"Polygon","properties":{"geoid":"3901782082","name":"Wayne"},"id":"3901782082"},{"arcs":[[2664,-971,2665,-1462]],"type":"Polygon","properties":{"geoid":"3913767174","name":"Riley"},"id":"3913767174"},{"arcs":[[2666,-2381,2667,-1939]],"type":"Polygon","properties":{"geoid":"3909903198","name":"Austintown"},"id":"3909903198"},{"arcs":[[2668,2669,2670,2671]],"type":"Polygon","properties":{"geoid":"3908140866","name":"Knox"},"id":"3908140866"},{"arcs":[[2672,2673,2674]],"type":"Polygon","properties":{"geoid":"3903561028","name":"Parma Heights"},"id":"3903561028"},{"arcs":[[-569,2675,2676,-1293,2677,2678]],"type":"Polygon","properties":{"geoid":"3912171826","name":"Sharon"},"id":"3912171826"},{"arcs":[[2679,-2441,2680,2681,2682,2683]],"type":"Polygon","properties":{"geoid":"3909133908","name":"Harrison"},"id":"3909133908"},{"arcs":[[-652,2684,2685,2686,2687,2688,2689]],"type":"Polygon","properties":{"geoid":"3915374944","name":"Stow"},"id":"3915374944"},{"arcs":[[-2494,-509,-2495,-915]],"type":"Polygon","properties":{"geoid":"3903319330","name":"Crestline"},"id":"3903319330"},{"arcs":[[-2565,-1684,2690,-2315,2691,2692]],"type":"Polygon","properties":{"geoid":"3900304206","name":"Bath"},"id":"3900304206"},{"arcs":[[2693,2694,2695,2696,2697,2698]],"type":"Polygon","properties":{"geoid":"3915141314","name":"Lake"},"id":"3915141314"},{"arcs":[[2699,-654,2700]],"type":"Polygon","properties":{"geoid":"3915307790","name":"Boston Heights"},"id":"3915307790"},{"arcs":[[-2163,2701,-2161,2702,2703,2704,2705,2706,-2379]],"type":"Polygon","properties":{"geoid":"3909975126","name":"Struthers"},"id":"3909975126"},{"arcs":[[2707,-73,2708,-2502,2709,2710]],"type":"Polygon","properties":{"geoid":"3915143022","name":"Lexington"},"id":"3915143022"},{"arcs":[[-2464,2711,2712,2713,2714]],"type":"Polygon","properties":{"geoid":"3914919834","name":"Cynthian"},"id":"3914919834"},{"arcs":[[2715,2716,-1956,2717,2718,2719]],"type":"Polygon","properties":{"geoid":"3906321462","name":"Delaware"},"id":"3906321462"},{"arcs":[[2720,2721,2722,2723,2724]],"type":"Polygon","properties":{"geoid":"3906186366","name":"Woodlawn"},"id":"3906186366"},{"arcs":[[-1452,2725,2726,-1541,2727,-1365]],"type":"Polygon","properties":{"geoid":"3905503590","name":"Bainbridge"},"id":"3905503590"},{"arcs":[[2728,2729,-1508,2730,-814,2731]],"type":"Polygon","properties":{"geoid":"3911578484","name":"Union"},"id":"3911578484"},{"arcs":[[-478,-1662,-521,2732,-323,-668]],"type":"Polygon","properties":{"geoid":"3906751940","name":"Moorefield"},"id":"3906751940"},{"arcs":[[2733,2734,-1841,2735,-511,-2493]],"type":"Polygon","properties":{"geoid":"3913971830","name":"Sharon"},"id":"3913971830"},{"arcs":[[2736,2737,-1883,2738,-528]],"type":"Polygon","properties":{"geoid":"3915769974","name":"Salem"},"id":"3915769974"},{"arcs":[[2739,2740,2741,2742,-1979,-407]],"type":"Polygon","properties":{"geoid":"3904305802","name":"Berlin"},"id":"3904305802"},{"arcs":[[2743,2744,2745,2746,-774,2747]],"type":"Polygon","properties":{"geoid":"3906149364","name":"Miami"},"id":"3906149364"},{"arcs":[[-2276,2748,-170,-2054,2749]],"type":"Polygon","properties":{"geoid":"3908926530","name":"Fallsbury"},"id":"3908926530"},{"arcs":[[-1454,2750,-2678,-1299,2751,2752]],"type":"Polygon","properties":{"geoid":"3911512980","name":"Center"},"id":"3911512980"},{"arcs":[[2753,2754,2755,-1524,2756]],"type":"Polygon","properties":{"geoid":"3909341244","name":"LaGrange"},"id":"3909341244"},{"arcs":[[2757,-2212,2758,2759]],"type":"Polygon","properties":{"geoid":"3908561896","name":"Perry"},"id":"3908561896"},{"arcs":[[2760,-2062,2761,2762]],"type":"Polygon","properties":{"geoid":"3908559416","name":"Painesville"},"id":"3908559416"},{"arcs":[[2763,-1972,2764,2765,-57,2766]],"type":"Polygon","properties":{"geoid":"3907331780","name":"Green"},"id":"3907331780"},{"arcs":[[2767,-2408,2768,-2591,2769,2770,-1459]],"type":"Polygon","properties":{"geoid":"3909738696","name":"Jefferson"},"id":"3909738696"},{"arcs":[[2771,2772,2773,2774,2775,-532,2776]],"type":"Polygon","properties":{"geoid":"3908540642","name":"Kirtland"},"id":"3908540642"},{"arcs":[[2777,2778,-1291,-1785,2779,-1925]],"type":"Polygon","properties":{"geoid":"3912147810","name":"Marion"},"id":"3912147810"},{"arcs":[[-335,-2664,2780,-1060]],"type":"Polygon","properties":{"geoid":"3901750162","name":"Milford"},"id":"3901750162"},{"arcs":[[2781,2782,-2684,2783,2784,2785]],"type":"Polygon","properties":{"geoid":"3909163324","name":"Pleasant"},"id":"3909163324"},{"arcs":[[2786,2787,2788,-1399,-1435,2789]],"type":"Polygon","properties":{"geoid":"3907533460","name":"Hardy"},"id":"3907533460"},{"arcs":[[2790,2791,-2786,2792,2793,-2175,2794]],"type":"Polygon","properties":{"geoid":"3914969960","name":"Salem"},"id":"3914969960"},{"arcs":[[-2313,2795,2796,-396,2797,-1431]],"type":"Polygon","properties":{"geoid":"3901909400","name":"Brown"},"id":"3901909400"},{"arcs":[[[2798,2799,-1999]],[[2800,-1996]],[[2801,2802,-1993,2803]]],"type":"MultiPolygon","properties":{"geoid":"3911333922","name":"Harrison"},"id":"3911333922"},{"arcs":[[-1783,2804,2805,2806,2807]],"type":"Polygon","properties":{"geoid":"3911175497","name":"Summit"},"id":"3911175497"},{"arcs":[[-1981,2808,-2206,2809,2810]],"type":"Polygon","properties":{"geoid":"3907734258","name":"Hartland"},"id":"3907734258"},{"arcs":[[2811,2812,2813,-362,-536,2814]],"type":"Polygon","properties":{"geoid":"3900740404","name":"Kingsville"},"id":"3900740404"},{"arcs":[[2815,-2719,2816,-2509,-390]],"type":"Polygon","properties":{"geoid":"3906506866","name":"Blanchard"},"id":"3906506866"},{"arcs":[[-312,2817,2818,2819,-1687,2820,2821]],"type":"Polygon","properties":{"geoid":"3909573990","name":"Spencer"},"id":"3909573990"},{"arcs":[[-2542,-2099,2822,-1296]],"type":"Polygon","properties":{"geoid":"3916703072","name":"Aurelius"},"id":"3916703072"},{"arcs":[[2823,-1747,2824,-215]],"type":"Polygon","properties":{"geoid":"3904140362","name":"Kingston"},"id":"3904140362"},{"arcs":[[2825,-142,2826,-279]],"type":"Polygon","properties":{"geoid":"3900738514","name":"Jefferson"},"id":"3900738514"},{"arcs":[[2827,-1943,-1769,-2797]],"type":"Polygon","properties":{"geoid":"3901903030","name":"Augusta"},"id":"3901903030"},{"arcs":[[-408,-1982,-2811,2828,2829,2830,2831]],"type":"Polygon","properties":{"geoid":"3907757316","name":"Norwalk"},"id":"3907757316"},{"arcs":[[-1402,2832,2833,-1763]],"type":"Polygon","properties":{"geoid":"3903150274","name":"Mill Creek"},"id":"3903150274"},{"arcs":[[-545,2834,2835,2836]],"type":"Polygon","properties":{"geoid":"3908585036","name":"Wickliffe"},"id":"3908585036"},{"arcs":[[-1185,-2643,2837,2838]],"type":"Polygon","properties":{"geoid":"3913743288","name":"Liberty"},"id":"3913743288"},{"arcs":[[2839,-2836,2840,2841,-2777,-1348,-1352,2842,-328]],"type":"Polygon","properties":{"geoid":"3908585512","name":"Willoughby Hills"},"id":"3908585512"},{"arcs":[[-2658,2843,2844,2845,2846,2847]],"type":"Polygon","properties":{"geoid":"3900143036","name":"Liberty"},"id":"3900143036"},{"arcs":[[-445,2848,-1671,-1672,2849]],"type":"Polygon","properties":{"geoid":"3916726096","name":"Fairfield"},"id":"3916726096"},{"arcs":[[2850,-1665,2851,2852,2853]],"type":"Polygon","properties":{"geoid":"3916745360","name":"Ludlow"},"id":"3916745360"},{"arcs":[[2854,-2177,2855,2856,-1875,2857,2858]],"type":"Polygon","properties":{"geoid":"3914958660","name":"Orange"},"id":"3914958660"},{"arcs":[[2859,2860,-1824,2861,-2043]],"type":"Polygon","properties":{"geoid":"3908933894","name":"Harrison"},"id":"3908933894"},{"arcs":[[2862,2863,2864,2865,2866]],"type":"Polygon","properties":{"geoid":"3903556882","name":"North Olmsted"},"id":"3903556882"},{"arcs":[[-2024,2867,-1987,2868,-1930,-2111,2869,-2086]],"type":"Polygon","properties":{"geoid":"3901561770","name":"Perry"},"id":"3901561770"},{"arcs":[[2870]],"type":"Polygon","properties":{"geoid":"3910344604","name":"Lodi"},"id":"3910344604"},{"arcs":[[2871,-1439,-301,2872,2873,2874,2875,2876]],"type":"Polygon","properties":{"geoid":"3908352290","name":"Morris"},"id":"3908352290"},{"arcs":[[-68,2877,-178,2878,2879,2880]],"type":"Polygon","properties":{"geoid":"3911761980","name":"Perry"},"id":"3911761980"},{"arcs":[[-1246,2881,2882,2883,2884,2885]],"type":"Polygon","properties":{"geoid":"3915750232","name":"Mill"},"id":"3915750232"},{"arcs":[[[2886,2887,-1951,2888]],[[2891,2892,-1949,2893]]],"type":"MultiPolygon","properties":{"geoid":"3916986562","name":"Wooster"},"id":"3916986562"},{"arcs":[[2894,2895,2896,2897,-2191,2898]],"type":"Polygon","properties":{"geoid":"3913155622","name":"Newton"},"id":"3913155622"},{"arcs":[[-2341,-778]],"type":"Polygon","properties":{"geoid":"3906157386","name":"Norwood"},"id":"3906157386"},{"arcs":[[2899,2900,-2300,-1724,-713,2901]],"type":"Polygon","properties":{"geoid":"3903700254","name":"Adams"},"id":"3903700254"},{"arcs":[[2902,2903,2904,-42,-2363,2905]],"type":"Polygon","properties":{"geoid":"3912301322","name":"Allen"},"id":"3912301322"},{"arcs":[[-1977,2906,-69,-2881,2907,2908]],"type":"Polygon","properties":{"geoid":"3911718294","name":"Congress"},"id":"3911718294"},{"arcs":[[2909,2910,2911,-180]],"type":"Polygon","properties":{"geoid":"3908343218","name":"Liberty"},"id":"3908343218"},{"arcs":[[[-515,2914,2915]],[[-917,-2501,2916]],[[-919,2917,-1146,2918,-1975,2919]]],"type":"MultiPolygon","properties":{"geoid":"3903364010","name":"Polk"},"id":"3903364010"},{"arcs":[[2920,-624,2921,2922,2923,2924,2925]],"type":"Polygon","properties":{"geoid":"3902576155","name":"Tate"},"id":"3902576155"},{"arcs":[[2926,-506,2927,-504,2928,-2456,2929,-2459,2930,2931,-1528]],"type":"Polygon","properties":{"geoid":"3901768616","name":"Ross"},"id":"3901768616"},{"arcs":[[-1545,2932,-2040,2933,-2044,-2862,-1823,2934,2935]],"type":"Polygon","properties":{"geoid":"3908925690","name":"Etna"},"id":"3908925690"},{"arcs":[[2936,2937,2938,2939,2940,-211,2941,-218,2942,2943,2944,2945,2946,2947,2948,2949,2950]],"type":"Polygon","properties":{"geoid":"3904121469","name":"Delaware City"},"id":"3904121469"},{"arcs":[[2951,-499,2952,2953,2954]],"type":"Polygon","properties":{"geoid":"3907559514","name":"Paint"},"id":"3907559514"},{"arcs":[[2955,2956,2957,2958,2959,2960,2961,2962,2963,2964,2965,2966]],"type":"Polygon","properties":{"geoid":"3909325256","name":"Elyria"},"id":"3909325256"},{"arcs":[[2967,-1077,2968,2969,2970,2971,2972]],"type":"Polygon","properties":{"geoid":"3907178344","name":"Union"},"id":"3907178344"},{"arcs":[[-1408,2973,2974,2975,2976,2977]],"type":"Polygon","properties":{"geoid":"3916528490","name":"Franklin"},"id":"3916528490"},{"arcs":[[2978,-967,2979,-2720,-2816,-389,2980]],"type":"Polygon","properties":{"geoid":"3906346438","name":"Madison"},"id":"3906346438"},{"arcs":[[-2919,-1148,2981,-2915,-514,2982,-66,-2907,-1976]],"type":"Polygon","properties":{"geoid":"3911756224","name":"North Bloomfield"},"id":"3911756224"},{"arcs":[[2983,2984,2985,-2271]],"type":"Polygon","properties":{"geoid":"3905122442","name":"Dover"},"id":"3905122442"},{"arcs":[[2986,2987,-1519,2988,-15,-1517,-21,2989,-790]],"type":"Polygon","properties":{"geoid":"3902329862","name":"German"},"id":"3902329862"},{"arcs":[[2990,-581,2991,2992]],"type":"Polygon","properties":{"geoid":"3916187136","name":"York"},"id":"3916187136"},{"arcs":[[-1032,2993,2994,2995,2996]],"type":"Polygon","properties":{"geoid":"3914578554","name":"Union"},"id":"3914578554"},{"arcs":[[2997,-366,-2146,-2432,-2329]],"type":"Polygon","properties":{"geoid":"3906176428","name":"Terrace Park"},"id":"3906176428"},{"arcs":[[2998,2999,-1504,3000,-2766]],"type":"Polygon","properties":{"geoid":"3907380780","name":"Ward"},"id":"3907380780"},{"arcs":[[-1831,3001,-2306,-1564,3002,-1130,3003]],"type":"Polygon","properties":{"geoid":"3910164794","name":"Prospect"},"id":"3910164794"},{"arcs":[[3004,3005]],"type":"Polygon","properties":{"geoid":"3909925998","name":"Fairfield"},"id":"3909925998"},{"arcs":[[-2905,3006,3007,-2072,-1588,-43]],"type":"Polygon","properties":{"geoid":"3912305620","name":"Benton"},"id":"3912305620"},{"arcs":[[3010,3011,3012,3013]],"type":"Polygon","properties":{"geoid":"3904370380","name":"Sandusky"},"id":"3904370380"},{"arcs":[[3014,3015,-833,3016,3017,3018]],"type":"Polygon","properties":{"geoid":"3912962484","name":"Pickaway"},"id":"3912962484"},{"arcs":[[-940,-936,-1393,3019,3020,3021]],"type":"Polygon","properties":{"geoid":"3904782166","name":"Wayne"},"id":"3904782166"},{"arcs":[[3022,3023,-1800,3024]],"type":"Polygon","properties":{"geoid":"3903781186","name":"Washington"},"id":"3903781186"},{"arcs":[[-2507,3025,-2183,-1607]],"type":"Polygon","properties":{"geoid":"3900912336","name":"Carthage"},"id":"3900912336"},{"arcs":[[3026,3027,3028,3029,3030,3031]],"type":"Polygon","properties":{"geoid":"3906107300","name":"Blue Ash"},"id":"3906107300"},{"arcs":[[3032,3033,3034,-1044,3035]],"type":"Polygon","properties":{"geoid":"3914745052","name":"Loudon"},"id":"3914745052"},{"arcs":[[-1792,-336,-1059,3036]],"type":"Polygon","properties":{"geoid":"3913537590","name":"Israel"},"id":"3913537590"},{"arcs":[[3037,3038,3039,-278,3040]],"type":"Polygon","properties":{"geoid":"3900770646","name":"Saybrook"},"id":"3900770646"},{"arcs":[[3041,-2924,3042,3043]],"type":"Polygon","properties":{"geoid":"3902581130","name":"Washington"},"id":"3902581130"},{"arcs":[[-1937,3044,-246,3045,-2773,3046,-2841,-2835,-544]],"type":"Polygon","properties":{"geoid":"3908585484","name":"Willoughby"},"id":"3908585484"},{"arcs":[[-2070,-1820,3047,3048,3049,3050]],"type":"Polygon","properties":{"geoid":"3914366460","name":"Rice"},"id":"3914366460"},{"arcs":[[-2429,3051,-3019,3052,-1396,3053]],"type":"Polygon","properties":{"geoid":"3912982264","name":"Wayne"},"id":"3912982264"},{"arcs":[[[3054,3055,3056]],[[3057,-1112,3058,3059,3060,3061,3062]]],"type":"MultiPolygon","properties":{"geoid":"3907943204","name":"Liberty"},"id":"3907943204"},{"arcs":[[-356,-1287,3063,3064,-1711]],"type":"Polygon","properties":{"geoid":"3916135756","name":"Hoaglin"},"id":"3916135756"},{"arcs":[[-23,-1522,-19,3065,3066,3067,3068]],"type":"Polygon","properties":{"geoid":"3902346788","name":"Mad River"},"id":"3902346788"},{"arcs":[[-568,3069,3070,-1929,3071,-2676]],"type":"Polygon","properties":{"geoid":"3912156028","name":"Noble"},"id":"3912156028"},{"arcs":[[3072,3073,3074,3075,3076,-2970]],"type":"Polygon","properties":{"geoid":"3907143190","name":"Liberty"},"id":"3907143190"},{"arcs":[[3079,3080,3081,-473,-2078,3082,3083]],"type":"Polygon","properties":{"geoid":"3900551688","name":"Montgomery"},"id":"3900551688"},{"arcs":[[3084,3085,3086,3087,-261,3088]],"type":"Polygon","properties":{"geoid":"3910731430","name":"Granville"},"id":"3910731430"},{"arcs":[[[3089,-2663,3090,3091,3092,3093,-2450,-501]],[[-505,-2928]]],"type":"MultiPolygon","properties":{"geoid":"3901769498","name":"St. Clair"},"id":"3901769498"},{"arcs":[[-2589,3094,3095,-2425,-1532,-827]],"type":"Polygon","properties":{"geoid":"3912970870","name":"Scioto"},"id":"3912970870"},{"arcs":[[3096,3097,-1128,3098]],"type":"Polygon","properties":{"geoid":"3915981242","name":"Washington"},"id":"3915981242"},{"arcs":[[3099,-1380,-2557]],"type":"Polygon","properties":{"geoid":"3910311276","name":"Canaan"},"id":"3910311276"},{"arcs":[[3100,-138,-1905,3101,3102]],"type":"Polygon","properties":{"geoid":"3914174129","name":"Springfield"},"id":"3914174129"},{"arcs":[[-2514,-2059,3103,3104]],"type":"Polygon","properties":{"geoid":"3914743316","name":"Liberty"},"id":"3914743316"},{"arcs":[[-1208,3105,3106,3107,3108]],"type":"Polygon","properties":{"geoid":"3913738024","name":"Jackson"},"id":"3913738024"},{"arcs":[[-2366,3109,3110,3111,3112,-1818]],"type":"Polygon","properties":{"geoid":"3912364080","name":"Portage"},"id":"3912364080"},{"arcs":[[3113,-1617,-1788,-2517]],"type":"Polygon","properties":{"geoid":"3905374120","name":"Springfield"},"id":"3905374120"},{"arcs":[[3114,3115,-2113,3116,3117,-620]],"type":"Polygon","properties":{"geoid":"3901562596","name":"Pike"},"id":"3901562596"},{"arcs":[[-498,3118,3119,3120,-2953]],"type":"Polygon","properties":{"geoid":"3915782292","name":"Wayne"},"id":"3915782292"},{"arcs":[[-2467,-115,-1496,-2462,3121,3122]],"type":"Polygon","properties":{"geoid":"3901129848","name":"German"},"id":"3901129848"},{"arcs":[[3123,-404,3124,3125,3126,-2883]],"type":"Polygon","properties":{"geoid":"3906751394","name":"Monroe"},"id":"3906751394"},{"arcs":[[-1091,3127,-1886,3128,3129,-952,-1446]],"type":"Polygon","properties":{"geoid":"3905984616","name":"Wheeling"},"id":"3905984616"},{"arcs":[[3130,-2700,3131,-2412]],"type":"Polygon","properties":{"geoid":"3915356490","name":"Northfield Center"},"id":"3915356490"},{"arcs":[[[3132,-110,3133,3134,3135]],[[3136,3137,3138,3139]]],"type":"MultiPolygon","properties":{"geoid":"3910348804","name":"Medina"},"id":"3910348804"},{"arcs":[[-985,-2515,3140,3141]],"type":"Polygon","properties":{"geoid":"3914371087","name":"Scott"},"id":"3914371087"},{"arcs":[[3142,3143,3144,3145,3146,3147,3148]],"type":"Polygon","properties":{"geoid":"3906343148","name":"Liberty"},"id":"3906343148"},{"arcs":[[-3148,3149,3150,3151,-965,-2979,3152,-969]],"type":"Polygon","properties":{"geoid":"3906323086","name":"Eagle"},"id":"3906323086"},{"arcs":[[-2569,3153,3154,-1595,3155,3156]],"type":"Polygon","properties":{"geoid":"3901382068","name":"Wayne"},"id":"3901382068"},{"arcs":[[3157,-290,-1557,3158]],"type":"Polygon","properties":{"geoid":"3917575987","name":"Sycamore"},"id":"3917575987"},{"arcs":[[3159,3160,3161,-1115,3162]],"type":"Polygon","properties":{"geoid":"3907907090","name":"Bloomfield"},"id":"3907907090"},{"arcs":[[3163,-716,-2543,-1802]],"type":"Polygon","properties":{"geoid":"3903753732","name":"Neave"},"id":"3903753732"},{"arcs":[[3164,-2885,3165,-475,-556,3166]],"type":"Polygon","properties":{"geoid":"3915769106","name":"Rush"},"id":"3915769106"},{"arcs":[[3167,-640]],"type":"Polygon","properties":{"geoid":"3910782206","name":"Wayne"},"id":"3910782206"},{"arcs":[[3168,3169,3170,-2409,3171]],"type":"Polygon","properties":{"geoid":"3903579268","name":"Valley View"},"id":"3903579268"},{"arcs":[[3172,-1826,3173,-375,3174,3175,3176]],"type":"Polygon","properties":{"geoid":"3904563240","name":"Pleasant"},"id":"3904563240"},{"arcs":[[3177,3178,-179,-1154]],"type":"Polygon","properties":{"geoid":"3911714030","name":"Chester"},"id":"3911714030"},{"arcs":[[[3179,3180,3181]],[[3182,3183,3184,3185,-697,3186,-693]]],"type":"MultiPolygon","properties":{"geoid":"3915138094","name":"Jackson"},"id":"3915138094"},{"arcs":[[-2080,3187,-3143,-1847]],"type":"Polygon","properties":{"geoid":"3906364066","name":"Portage"},"id":"3906364066"},{"arcs":[[-3001,3188,3189,-58]],"type":"Polygon","properties":{"geoid":"3900986982","name":"York"},"id":"3900986982"},{"arcs":[[-1768,3190,3191,3192,-1425,3193]],"type":"Polygon","properties":{"geoid":"3906568784","name":"Roundhead"},"id":"3906568784"},{"arcs":[[-2299,3194,3195,3196,-2342,-1725]],"type":"Polygon","properties":{"geoid":"3910955594","name":"Newton"},"id":"3910955594"},{"arcs":[[3197,-1691,3198,3199,3200]],"type":"Polygon","properties":{"geoid":"3905175861","name":"Swan Creek"},"id":"3905175861"},{"arcs":[[-881,3201,-1828,3202,-161,-1771]],"type":"Polygon","properties":{"geoid":"3904506950","name":"Bloom"},"id":"3904506950"},{"arcs":[[[3203]],[[3204,3205,3206,3207]]],"type":"MultiPolygon","properties":{"geoid":"3908174608","name":"Steubenville"},"id":"3908174608"},{"arcs":[[-2759,-2211,-128,3208,-2064]],"type":"Polygon","properties":{"geoid":"3908542812","name":"Leroy"},"id":"3908542812"},{"arcs":[[-446,-2850,-1676,3209,3210,-2505]],"type":"Polygon","properties":{"geoid":"3916721098","name":"Decatur"},"id":"3916721098"},{"arcs":[[-1642,3211,3212,3213,3214]],"type":"Polygon","properties":{"geoid":"3910542336","name":"Lebanon"},"id":"3910542336"},{"arcs":[[3215,3216,3217,3218,-2471]],"type":"Polygon","properties":{"geoid":"3907146452","name":"Madison"},"id":"3907146452"},{"arcs":[[3219,3220,3221,3222,-1457,-1180]],"type":"Polygon","properties":{"geoid":"3909720142","name":"Darby"},"id":"3909720142"},{"arcs":[[3223,3224,3225,-2755,3226,3227,3228]],"type":"Polygon","properties":{"geoid":"3909331150","name":"Grafton"},"id":"3909331150"},{"arcs":[[3229,3230,-1746,3231,3232,3233]],"type":"Polygon","properties":{"geoid":"3904177336","name":"Trenton"},"id":"3904177336"},{"arcs":[[[3234,3235,-2999,-2765,-1971]],[[-1852,-1973,-2764,3236,3237]]],"type":"MultiPolygon","properties":{"geoid":"3907326488","name":"Falls"},"id":"3907326488"},{"arcs":[[-2538,3238,3239,-2833]],"type":"Polygon","properties":{"geoid":"3903119218","name":"Crawford"},"id":"3903119218"},{"arcs":[[3240,-3134,-1102,3241,3242]],"type":"Polygon","properties":{"geoid":"3910351856","name":"Montville"},"id":"3910351856"},{"arcs":[[-131,-954,3243,-950,3244,-1654,3245]],"type":"Polygon","properties":{"geoid":"3905911003","name":"Cambridge"},"id":"3905911003"},{"arcs":[[-1223,-667,-2376,3246,-2374,3247,-2372,3248,-2370,3249,-2368,3250,-2448,3251]],"type":"Polygon","properties":{"geoid":"3915543344","name":"Liberty"},"id":"3915543344"},{"arcs":[[[3252,-656,-89]],[[-93,-660,3255,3256,-2694,3257,-2170],[-2269]]],"type":"MultiPolygon","properties":{"geoid":"3915374130","name":"Springfield"},"id":"3915374130"},{"arcs":[[3258,-1714,3259,3260]],"type":"Polygon","properties":{"geoid":"3913324584","name":"Edinburg"},"id":"3913324584"},{"arcs":[[-1906,-1329,-1107,3261,3262]],"type":"Polygon","properties":{"geoid":"3914138808","name":"Jefferson"},"id":"3914138808"},{"arcs":[[3263,3264,3265,3266,3267,3268,3269,3270,3271]],"type":"Polygon","properties":{"geoid":"3904118010","name":"Columbus City"},"id":"3904118010"},{"arcs":[[3274,-1701,-31,3275]],"type":"Polygon","properties":{"geoid":"3909548342","name":"Maumee"},"id":"3909548342"},{"arcs":[[3276,3277,-2533,-1400,-2789]],"type":"Polygon","properties":{"geoid":"3907505830","name":"Berlin"},"id":"3907505830"},{"arcs":[[3278,-1899,-571,3279,-1453,3280]],"type":"Polygon","properties":{"geoid":"3911508910","name":"Bristol"},"id":"3911508910"},{"arcs":[[-2843,-1354,3281,3282,-329]],"type":"Polygon","properties":{"geoid":"3903535252","name":"Highland Heights"},"id":"3903535252"},{"arcs":[[3283,3284,3285,3286,3287,-1268,-1277,-578]],"type":"Polygon","properties":{"geoid":"3900347656","name":"Marion"},"id":"3900347656"},{"arcs":[[3288,3289,3290,-2442,-2680,-2783]],"type":"Polygon","properties":{"geoid":"3909181424","name":"Washington"},"id":"3909181424"},{"arcs":[[-1704,-305,3291,3292,-3154,-2238]],"type":"Polygon","properties":{"geoid":"3901330968","name":"Goshen"},"id":"3901330968"},{"arcs":[[-3129,-1885,-559,-964,-946,3293]],"type":"Polygon","properties":{"geoid":"3905951380","name":"Monroe"},"id":"3905951380"},{"arcs":[[3294,-688,3295,3296,-517,3297]],"type":"Polygon","properties":{"geoid":"3906702358","name":"Archer"},"id":"3906702358"},{"arcs":[[-1540,3298,3299,-632,3300,3301]],"type":"Polygon","properties":{"geoid":"3913347194","name":"Mantua"},"id":"3913347194"},{"arcs":[[3302,3303,3304,-2142,-1149,3305,-1388]],"type":"Polygon","properties":{"geoid":"3909931794","name":"Green"},"id":"3909931794"},{"arcs":[[3306,-2846,3307,3308,3309,3310,-1158]],"type":"Polygon","properties":{"geoid":"3900151268","name":"Monroe"},"id":"3900151268"},{"arcs":[[-3047,-2772,-2842]],"type":"Polygon","properties":{"geoid":"3908580402","name":"Waite Hill"},"id":"3908580402"},{"arcs":[[3311,-2630,3312,3313,3314]],"type":"Polygon","properties":{"geoid":"3913328742","name":"Freedom"},"id":"3913328742"},{"arcs":[[3315,-1723,3316,-2958,3317,3318]],"type":"Polygon","properties":{"geoid":"3909372060","name":"Sheffield"},"id":"3909372060"},{"arcs":[[3319,3320,3321,3322,-3196]],"type":"Polygon","properties":{"geoid":"3910918224","name":"Concord"},"id":"3910918224"},{"arcs":[[[3323,3324,3325]],[[3328,3329]],[[-3050,3330,3331,3332,3333]]],"type":"MultiPolygon","properties":{"geoid":"3914370408","name":"Sandusky"},"id":"3914370408"},{"arcs":[[-2151,-2287,-2149,-2293,3334,3335,3336,-2433]],"type":"Polygon","properties":{"geoid":"3902578288","name":"Union"},"id":"3902578288"},{"arcs":[[3337,3338,-2352,3339,-429,3340]],"type":"Polygon","properties":{"geoid":"3911161952","name":"Perry"},"id":"3911161952"},{"arcs":[[3341,3342,3343,3344,3345,3346]],"type":"Polygon","properties":{"geoid":"3915518812","name":"Cortland"},"id":"3915518812"},{"arcs":[[3347,3348,3349,-1053]],"type":"Polygon","properties":{"geoid":"3901742672","name":"Lemon"},"id":"3901742672"},{"arcs":[[3350,-1437,-1765,-1085,3351]],"type":"Polygon","properties":{"geoid":"3903151352","name":"Monroe"},"id":"3903151352"},{"arcs":[[3352,-1898,3353,3354,-252]],"type":"Polygon","properties":{"geoid":"3905754810","name":"New Jasper"},"id":"3905754810"},{"arcs":[[3355,3356,-734,3357,-2743]],"type":"Polygon","properties":{"geoid":"3904327482","name":"Florence"},"id":"3904327482"},{"arcs":[[3358,-483,3359,-1888,3360,3361]],"type":"Polygon","properties":{"geoid":"3904332578","name":"Groton"},"id":"3904332578"},{"arcs":[[3362,-3010,3363,-2740,-406,3364,-3012]],"type":"Polygon","properties":{"geoid":"3904337030","name":"Huron"},"id":"3904337030"},{"arcs":[[3365]],"type":"Polygon","properties":{"geoid":"3904339662","name":"Kelleys Island"},"id":"3904339662"},{"arcs":[[3366,-2601,3367,-3356,-2742]],"type":"Polygon","properties":{"geoid":"3904379730","name":"Vermilion"},"id":"3904379730"},{"arcs":[[3368,3369]],"type":"Polygon","properties":{"geoid":"3914316308","name":"Clyde"},"id":"3914316308"},{"arcs":[[-2827,3370,-421,-2488]],"type":"Polygon","properties":{"geoid":"3900742742","name":"Lenox"},"id":"3900742742"},{"arcs":[[3371,3372,-2813,3373]],"type":"Polygon","properties":{"geoid":"3900756700","name":"North Kingsville"},"id":"3900756700"},{"arcs":[[-360,3374,-423,-140]],"type":"Polygon","properties":{"geoid":"3900762568","name":"Pierpont"},"id":"3900762568"},{"arcs":[[3375,3376,-1210,3377]],"type":"Polygon","properties":{"geoid":"3906933866","name":"Harrison"},"id":"3906933866"},{"arcs":[[-525,3378,3379,-3376,3380]],"type":"Polygon","properties":{"geoid":"3906943176","name":"Liberty"},"id":"3906943176"},{"arcs":[[3381,-2993,-1679,-1315]],"type":"Polygon","properties":{"geoid":"3916143372","name":"Liberty"},"id":"3916143372"},{"arcs":[[-808,-1713,-307,3382]],"type":"Polygon","properties":{"geoid":"3916177756","name":"Tully"},"id":"3916177756"},{"arcs":[[-3064,-1286,3383,3384,-3284,-577,3385]],"type":"Polygon","properties":{"geoid":"3916181676","name":"Washington"},"id":"3916181676"},{"arcs":[[3386,3387,3388,-3220,-1179,3389]],"type":"Polygon","properties":{"geoid":"3915920170","name":"Darby"},"id":"3915920170"},{"arcs":[[-1281,3390,3391,3392]],"type":"Polygon","properties":{"geoid":"3915922484","name":"Dover"},"id":"3915922484"},{"arcs":[[3393,3394,3395,3396,-1509,3397]],"type":"Polygon","properties":{"geoid":"3915943358","name":"Liberty"},"id":"3915943358"},{"arcs":[[-894,-1511,3398,-3390,-1178,3399]],"type":"Polygon","properties":{"geoid":"3915978582","name":"Union"},"id":"3915978582"},{"arcs":[[3400,3401,3402,3403,3404,3405,3406,3407]],"type":"Polygon","properties":{"geoid":"3916542364","name":"Lebanon"},"id":"3916542364"},{"arcs":[[3408,3409,3410,3411,3412]],"type":"Polygon","properties":{"geoid":"3916569988","name":"Salem"},"id":"3916569988"},{"arcs":[[-1374,3413,-1067,-2196,3414,-3411,3415]],"type":"Polygon","properties":{"geoid":"3916581690","name":"Washington"},"id":"3916581690"},{"arcs":[[-2536,3416,-1238,-2487,3417,3418]],"type":"Polygon","properties":{"geoid":"3915702918","name":"Auburn"},"id":"3915702918"},{"arcs":[[-3239,-2537,-3419,3419,-527,3420]],"type":"Polygon","properties":{"geoid":"3915709988","name":"Bucks"},"id":"3915709988"},{"arcs":[[-2485,3421,-3167,-1884,-2738,3422]],"type":"Polygon","properties":{"geoid":"3915715574","name":"Clay"},"id":"3915715574"},{"arcs":[[[3423,3424,3425,3426]],[[3427,3428,3429]]],"type":"MultiPolygon","properties":{"geoid":"3910978470","name":"Union"},"id":"3910978470"},{"arcs":[[-1429,3430,3431,3432]],"type":"Polygon","properties":{"geoid":"3916346620","name":"Madison"},"id":"3916346620"},{"arcs":[[-1253,-1228,-1252,-1225,-1251,-1234]],"type":"Polygon","properties":{"geoid":"3915722456","name":"Dover"},"id":"3915722456"},{"arcs":[[-529,-2739,-1887,-3128,-1090]],"type":"Polygon","properties":{"geoid":"3915759304","name":"Oxford"},"id":"3915759304"},{"arcs":[[-1498,3433,-1257,3434,-2359]],"type":"Polygon","properties":{"geoid":"3915770443","name":"Sandy"},"id":"3915770443"},{"arcs":[[3435,3436,-1376,3437,-2975]],"type":"Polygon","properties":{"geoid":"3916515700","name":"Clear Creek"},"id":"3916515700"},{"arcs":[[[3438,3439,3440]],[[3441,3442]],[[3443,3444,-1055]],[[-450,-1057,3445]],[[3447,3448,3449,3450,-454]]],"type":"MultiPolygon","properties":{"geoid":"3916521238","name":"Deerfield"},"id":"3916521238"},{"arcs":[[-3449,3452,-3440,3453,-3406,3454,-3413,3455,-2598,-2290,-196,3456]],"type":"Polygon","properties":{"geoid":"3916533068","name":"Hamilton"},"id":"3916533068"},{"arcs":[[-1214,-792,3457,3458,3459,3460,3461,3462,3463,3464,3465]],"type":"Polygon","properties":{"geoid":"3910906110","name":"Bethel"},"id":"3910906110"},{"arcs":[[-3322,3466,-3465,3467,3468,-3424,3469]],"type":"Polygon","properties":{"geoid":"3910951492","name":"Monroe"},"id":"3910951492"},{"arcs":[[-2858,-1878,3470,3471,-2200,3472]],"type":"Polygon","properties":{"geoid":"3910974097","name":"Springcreek"},"id":"3910974097"},{"arcs":[[-3197,-3323,-3470,-3427,3473,-3430,3474,3475,-2343]],"type":"Polygon","properties":{"geoid":"3910978456","name":"Union"},"id":"3910978456"},{"arcs":[[3476,3477,3478,-3345,3479,-3343,3480]],"type":"Polygon","properties":{"geoid":"3915539298","name":"Johnston"},"id":"3915539298"},{"arcs":[[3481,3482,-1938,3483]],"type":"Polygon","properties":{"geoid":"3915544912","name":"Lordstown"},"id":"3915544912"},{"arcs":[[[-3472,3484,-2201]],[[3485,3486,-2859,-3473,-2203,3487,-3320,-3195,-2298]]],"type":"MultiPolygon","properties":{"geoid":"3910981466","name":"Washington"},"id":"3910981466"},{"arcs":[[-1328,-2093,3488,-1317,3489,-1109]],"type":"Polygon","properties":{"geoid":"3916366768","name":"Richland"},"id":"3916366768"},{"arcs":[[-1319,-3432,3490,-1649,-1330,3491]],"type":"Polygon","properties":{"geoid":"3916380192","name":"Vinton"},"id":"3916380192"},{"arcs":[[-2213,-1867,3492,3493]],"type":"Polygon","properties":{"geoid":"3908726782","name":"Fayette"},"id":"3908726782"},{"arcs":[[3494,-319,3495,3496]],"type":"Polygon","properties":{"geoid":"3908733054","name":"Hamilton"},"id":"3908733054"},{"arcs":[[-1832,-3004,-1129,-1279,3497,3498]],"type":"Polygon","properties":{"geoid":"3915915112","name":"Claibourne"},"id":"3915915112"},{"arcs":[[-1175,3499,3500,3501]],"type":"Polygon","properties":{"geoid":"3908768280","name":"Rome"},"id":"3908768280"},{"arcs":[[-1176,-3502,3502,-3493]],"type":"Polygon","properties":{"geoid":"3908778372","name":"Union"},"id":"3908778372"},{"arcs":[[3503,3504,-1170,-1167,3505]],"type":"Polygon","properties":{"geoid":"3908781396","name":"Washington"},"id":"3908781396"},{"arcs":[[-2036,-3484,-24,-644,3506]],"type":"Polygon","properties":{"geoid":"3915555636","name":"Newton"},"id":"3915555636"},{"arcs":[[-1806,3507,-2034,3508]],"type":"Polygon","properties":{"geoid":"3915573397","name":"Southington"},"id":"3915573397"},{"arcs":[[-77,3509,-1218,3510,-3478]],"type":"Polygon","properties":{"geoid":"3915579856","name":"Vernon"},"id":"3915579856"},{"arcs":[[-2369,-3250]],"type":"Polygon","properties":{"geoid":"3915588000","name":"Youngstown"},"id":"3915588000"},{"arcs":[[3511,-866,3512]],"type":"Polygon","properties":{"geoid":"3904518000","name":"Columbus"},"id":"3904518000"},{"arcs":[[3513,-3177,3514,3515]],"type":"Polygon","properties":{"geoid":"3904541740","name":"Lancaster City"},"id":"3904541740"},{"arcs":[[-3175,-374,-1538,3516,-1969,3517]],"type":"Polygon","properties":{"geoid":"3904569120","name":"Rush Creek"},"id":"3904569120"},{"arcs":[[-2935,-1822,-3202,-880,3518,-867,-3512,3519]],"type":"Polygon","properties":{"geoid":"3904580206","name":"Violet"},"id":"3904580206"},{"arcs":[[-2718,-1960,3520,-382,-2510,-2817]],"type":"Polygon","properties":{"geoid":"3906537814","name":"Jackson"},"id":"3906537814"},{"arcs":[[-185,-391,-1766,-1683]],"type":"Polygon","properties":{"geoid":"3906543162","name":"Liberty"},"id":"3906543162"},{"arcs":[[-379,-2189,3521,3522]],"type":"Polygon","properties":{"geoid":"3906545598","name":"Lynn"},"id":"3906545598"},{"arcs":[[-1767,-380,-3523,3523,3524,-3191]],"type":"Polygon","properties":{"geoid":"3906545920","name":"McDonald"},"id":"3906545920"},{"arcs":[[3525,-564,-2125,-685,3526,-403]],"type":"Polygon","properties":{"geoid":"3901961784","name":"Perry"},"id":"3901961784"},{"arcs":[[-2186,-2511,-386,3527,3528,3529]],"type":"Polygon","properties":{"geoid":"3906522736","name":"Dudley"},"id":"3906522736"},{"arcs":[[3530,-3515,-3176,-3518,-1968,-1850,-1733]],"type":"Polygon","properties":{"geoid":"3904505956","name":"Berne"},"id":"3904505956"},{"arcs":[[-1010,-1584,3531,-2382,3532]],"type":"Polygon","properties":{"geoid":"3911712098","name":"Cardington"},"id":"3911712098"},{"arcs":[[-1337,3533,3534,3535,-2154]],"type":"Polygon","properties":{"geoid":"3900108350","name":"Bratton"},"id":"3900108350"},{"arcs":[[-994,3536,-1955,3537,3538,3539]],"type":"Polygon","properties":{"geoid":"3916916224","name":"Clinton"},"id":"3916916224"},{"arcs":[[-1583,-1978,-2909,3540,-1152,-2383,-3532]],"type":"Polygon","properties":{"geoid":"3911730128","name":"Gilead"},"id":"3911730128"},{"arcs":[[3541,-276,-1900,3542,-2279]],"type":"Polygon","properties":{"geoid":"3911907398","name":"Blue Rock"},"id":"3911907398"},{"arcs":[[3543,3544,3545,-2281,-819,-1192]],"type":"Polygon","properties":{"geoid":"3911909757","name":"Brush Creek"},"id":"3911909757"},{"arcs":[[-1991,3546,-1989,3547,-3468,-3464,3548,-1997,-2801,-1995,3549]],"type":"Polygon","properties":{"geoid":"3911379492","name":"Vandalia"},"id":"3911379492"},{"arcs":[[3550,-2385,3551,-2824,-1574]],"type":"Polygon","properties":{"geoid":"3911762260","name":"Peru"},"id":"3911762260"},{"arcs":[[-1562,-1011,-3533,-2386,-3551,-1573,3552,-1568,3553,-1571,-2282]],"type":"Polygon","properties":{"geoid":"3911783454","name":"Westfield"},"id":"3911783454"},{"arcs":[[3554,3555]],"type":"Polygon","properties":{"geoid":"3911383090","name":"West Carrollton"},"id":"3911383090"},{"arcs":[[[3558,3559,3560]],[[3561,3562,3563,3564,3565,3566]]],"type":"MultiPolygon","properties":{"geoid":"3911926502","name":"Falls"},"id":"3911926502"},{"arcs":[[-928,3567,-3567,3568,3569,3570,-2475]],"type":"Polygon","properties":{"geoid":"3911936372","name":"Hopewell"},"id":"3911936372"},{"arcs":[[3571,-1197,3572,3573,-3562,-3568,-927]],"type":"Polygon","properties":{"geoid":"3911943470","name":"Licking"},"id":"3911943470"},{"arcs":[[3574,3575,3576,-3559,3577,-3557,3578,-3563,-3574]],"type":"Polygon","properties":{"geoid":"3911953438","name":"Muskingum"},"id":"3911953438"},{"arcs":[[3579,-1189,-339,-1706,3580]],"type":"Polygon","properties":{"geoid":"3911969932","name":"Salem"},"id":"3911969932"},{"arcs":[[-338,3581,-1198,-274,-1707]],"type":"Polygon","properties":{"geoid":"3911978498","name":"Union"},"id":"3911978498"},{"arcs":[[3582,-2096,3583,3584,-3310]],"type":"Polygon","properties":{"geoid":"3900131668","name":"Green"},"id":"3900131668"},{"arcs":[[-3536,3585,3586,-1035,-2094,3587,3588,3589,-2155]],"type":"Polygon","properties":{"geoid":"3900148888","name":"Meigs"},"id":"3900148888"},{"arcs":[[-2156,-3590,3590,3591]],"type":"Polygon","properties":{"geoid":"3900158366","name":"Oliver"},"id":"3900158366"},{"arcs":[[3592,-3591,-3589,3593,-3308,-2845]],"type":"Polygon","properties":{"geoid":"3900176768","name":"Tiffin"},"id":"3900176768"},{"arcs":[[-3564,-3579,-3558,-3578,-3561,3594,3595,3596,-3565]],"type":"Polygon","properties":{"geoid":"3911988084","name":"Zanesville"},"id":"3911988084"},{"arcs":[[-1902,3597,3598,-1438,-3351,3599,3600]],"type":"Polygon","properties":{"geoid":"3907566712","name":"Richland"},"id":"3907566712"},{"arcs":[[-3538,3601,3602,3603,3604]],"type":"Polygon","properties":{"geoid":"3907567286","name":"Ripley"},"id":"3907567286"},{"arcs":[[3605,-2955,-3277,-2788,3606]],"type":"Polygon","properties":{"geoid":"3907570156","name":"Salt Creek"},"id":"3907570156"},{"arcs":[[3607,-3539,-3605,3608,-1735,-989]],"type":"Polygon","properties":{"geoid":"3907581368","name":"Washington"},"id":"3907581368"},{"arcs":[[-1111,3609,-1922,3610,3611,-3059]],"type":"Polygon","properties":{"geoid":"3907916336","name":"Coal"},"id":"3907916336"},{"arcs":[[3612,3613,3614,3615,3616,3617,3618,3619,-3163,-1114,3620,3621]],"type":"Polygon","properties":{"geoid":"3907928322","name":"Franklin"},"id":"3907928322"},{"arcs":[[-3621,-1120,3622,-3504,3623,-2303]],"type":"Polygon","properties":{"geoid":"3907938654","name":"Jefferson"},"id":"3907938654"},{"arcs":[[[-3612,3624,-3160,-3620,3625,3626,-3060]],[[3627,-3618,3628,-3616,3629,-3613,-3055]]],"type":"MultiPolygon","properties":{"geoid":"3907943442","name":"Lick"},"id":"3907943442"},{"arcs":[[-3611,-1921,-1320,-3492,-1333,-3161,-3625]],"type":"Polygon","properties":{"geoid":"3907950624","name":"Milton"},"id":"3907950624"},{"arcs":[[3630,-2692,-2320,3631,-1269,-3288]],"type":"Polygon","properties":{"geoid":"3900301756","name":"American"},"id":"3900301756"},{"arcs":[[-2838,3632,-1461,3633,3634]],"type":"Polygon","properties":{"geoid":"3913758996","name":"Ottawa"},"id":"3913758996"},{"arcs":[[-540,-2839,3635,-434]],"type":"Polygon","properties":{"geoid":"3913759612","name":"Palmer"},"id":"3913759612"},{"arcs":[[3636,-1465,-2567,3637,-3286,3638]],"type":"Polygon","properties":{"geoid":"3913775206","name":"Sugar Creek"},"id":"3913775206"},{"arcs":[[3639]],"type":"Polygon","properties":{"geoid":"3913524234","name":"Eaton"},"id":"3913524234"},{"arcs":[[3640,-2230,-333,-1791]],"type":"Polygon","properties":{"geoid":"3913529484","name":"Gasper"},"id":"3913529484"},{"arcs":[[3641,-487,3642,3643]],"type":"Polygon","properties":{"geoid":"3913538780","name":"Jefferson"},"id":"3913538780"},{"arcs":[[3644,-486,-1205,-2231,-3641,-1790],[-3640]],"type":"Polygon","properties":{"geoid":"3913581564","name":"Washington"},"id":"3913581564"},{"arcs":[[3645,3646,3647,3648,3649,3650,3651]],"type":"Polygon","properties":{"geoid":"3917307972","name":"Bowling Green"},"id":"3917307972"},{"arcs":[[3652,3653,3654,-1048,3655]],"type":"Polygon","properties":{"geoid":"3907772193","name":"Sherman"},"id":"3907772193"},{"arcs":[[-3358,-733,-197,3656,-1980]],"type":"Polygon","properties":{"geoid":"3907780472","name":"Wakeman"},"id":"3907780472"},{"arcs":[[-3223,3657,3658,3659,-2402,-2768,-1458]],"type":"Polygon","properties":{"geoid":"3909711234","name":"Canaan"},"id":"3909711234"},{"arcs":[[-36,-2364,-46,3660,-2612,-156]],"type":"Polygon","properties":{"geoid":"3917377630","name":"Troy"},"id":"3917377630"},{"arcs":[[-1016,-2639,3661,-1018,3662]],"type":"Polygon","properties":{"geoid":"3917383986","name":"Weston"},"id":"3917383986"},{"arcs":[[-2666,-970,-186,-1682,-2564,-1463]],"type":"Polygon","properties":{"geoid":"3900366614","name":"Richland"},"id":"3900366614"},{"arcs":[[-3638,-2566,-2693,-3631,-3287]],"type":"Polygon","properties":{"geoid":"3900375199","name":"Sugar Creek"},"id":"3900375199"},{"arcs":[[3663,-2770,-2590,-825,3664,3665]],"type":"Polygon","properties":{"geoid":"3909726068","name":"Fairfield"},"id":"3909726068"},{"arcs":[[3666,3667]],"type":"Polygon","properties":{"geoid":"3909744674","name":"London"},"id":"3909744674"},{"arcs":[[3668,-3666,3669,-2049,3670]],"type":"Polygon","properties":{"geoid":"3909757708","name":"Oak Run"},"id":"3909757708"},{"arcs":[[-785,3671,-2052,3672,3673,-1895]],"type":"Polygon","properties":{"geoid":"3909774784","name":"Stokes"},"id":"3909774784"},{"arcs":[[3674,-3108,3675,-3384,-1285]],"type":"Polygon","properties":{"geoid":"3913751660","name":"Monterey"},"id":"3913751660"},{"arcs":[[3676,-1418,3677,-1958]],"type":"Polygon","properties":{"geoid":"3917570016","name":"Salem"},"id":"3917570016"},{"arcs":[[-584,-3159,-1556,-1413,3678]],"type":"Polygon","properties":{"geoid":"3917578141","name":"Tymochtee"},"id":"3917578141"},{"arcs":[[3679,3680,-3555,3681,3682,3683,-3436,-2974,-1407]],"type":"Polygon","properties":{"geoid":"3911349392","name":"Miami"},"id":"3911349392"},{"arcs":[[3684,3685,-2139,3686,3687,3688,-2861]],"type":"Polygon","properties":{"geoid":"3908978400","name":"Union"},"id":"3908978400"},{"arcs":[[[-3425,-3469,-3548,-1988,3689]],[[-3550,-1994,-2803,3690,3691,3692,3693,3694]]],"type":"MultiPolygon","properties":{"geoid":"3911310618","name":"Butler"},"id":"3911310618"},{"arcs":[[[-3691,-2802,3696,3697]],[[-3475,-3429,3698,3699,3700,3701]]],"type":"MultiPolygon","properties":{"geoid":"3911315644","name":"Clayton"},"id":"3911315644"},{"arcs":[[-3657,-201,3702,-977,-2809]],"type":"Polygon","properties":{"geoid":"3907715364","name":"Clarksfield"},"id":"3907715364"},{"arcs":[[3703]],"type":"Polygon","properties":{"geoid":"3907732368","name":"Greenwich"},"id":"3907732368"},{"arcs":[[-2207,-1743,-2240,3704,-1858],[-3704]],"type":"Polygon","properties":{"geoid":"3907732382","name":"Greenwich"},"id":"3907732382"},{"arcs":[[3705,-1861,3706,3707,-902,3708,3709]],"type":"Polygon","properties":{"geoid":"3907754712","name":"New Haven"},"id":"3907754712"},{"arcs":[[-2018,3710,-2016,3711,-2014,3712,-3682,-3556,-3681,3713]],"type":"Polygon","properties":{"geoid":"3911352010","name":"Moraine"},"id":"3911352010"},{"arcs":[[[3715,3716,3717,-2010]],[[3719,-2000,-2800]],[[3720,-2007]]],"type":"MultiPolygon","properties":{"geoid":"3911367468","name":"Riverside"},"id":"3911367468"},{"arcs":[[-963,-2595,-956,-2632,-947]],"type":"Polygon","properties":{"geoid":"3905946424","name":"Madison"},"id":"3905946424"},{"arcs":[[-2633,-960,-2237,-2568,-1288,3721,3722]],"type":"Polygon","properties":{"geoid":"3905950568","name":"Millwood"},"id":"3905950568"},{"arcs":[[3723,-1658,3724,3725,-3070,-567,-1200]],"type":"Polygon","properties":{"geoid":"3905973986","name":"Spencer"},"id":"3905973986"},{"arcs":[[-1278,-1271,3726,3727,3728,-884,-269]],"type":"Polygon","properties":{"geoid":"3901144618","name":"Logan"},"id":"3901144618"},{"arcs":[[-3729,3729,3730,-112,-885]],"type":"Polygon","properties":{"geoid":"3901152472","name":"Moulton"},"id":"3901152472"},{"arcs":[[3731,3732,-1423,-340,3733]],"type":"Polygon","properties":{"geoid":"3901178204","name":"Union"},"id":"3901178204"},{"arcs":[[-3731,-2491,-1492,-113]],"type":"Polygon","properties":{"geoid":"3901181074","name":"Washington"},"id":"3901181074"},{"arcs":[[3734,3735,3736,3737,-888,3738]],"type":"Polygon","properties":{"geoid":"3902133796","name":"Harrison"},"id":"3902133796"},{"arcs":[[3739,3740,-891,3741,-604,-1877]],"type":"Polygon","properties":{"geoid":"3902139228","name":"Johnson"},"id":"3902139228"},{"arcs":[[-132,-3246,-1659,-3724,-1199,-3582]],"type":"Polygon","properties":{"geoid":"3905983664","name":"Westland"},"id":"3905983664"},{"arcs":[[-2079,-1443,-551,3743,3744,3745,-3144,-3188]],"type":"Polygon","properties":{"geoid":"3906301308","name":"Allen"},"id":"3906301308"},{"arcs":[[-2831,3746]],"type":"Polygon","properties":{"geoid":"3907757302","name":"Norwalk"},"id":"3907757302"},{"arcs":[[-3742,-890,3747,-2987,-605]],"type":"Polygon","properties":{"geoid":"3902146760","name":"Mad River"},"id":"3902146760"},{"arcs":[[3748,-2268,-118,3749]],"type":"Polygon","properties":{"geoid":"3908905494","name":"Bennington"},"id":"3908905494"},{"arcs":[[-1266,-3750,-931,-3232]],"type":"Polygon","properties":{"geoid":"3908934188","name":"Hartford"},"id":"3908934188"},{"arcs":[[-2138,3750,-2621,3751,-3687]],"type":"Polygon","properties":{"geoid":"3908934748","name":"Heath"},"id":"3908934748"},{"arcs":[[-2267,3752,3753,3754,-119]],"type":"Polygon","properties":{"geoid":"3908946116","name":"McKean"},"id":"3908946116"},{"arcs":[[3755,-2400,-1422,-1957,-2717,3756]],"type":"Polygon","properties":{"geoid":"3906301644","name":"Amanda"},"id":"3906301644"},{"arcs":[[-1848,-3149,-968,3757]],"type":"Polygon","properties":{"geoid":"3906306838","name":"Blanchard"},"id":"3906306838"},{"arcs":[[-3743,-3145,-3746,3758,-3744,-550,3759,-3150,-3147]],"type":"Polygon","properties":{"geoid":"3906327048","name":"Findlay"},"id":"3906327048"},{"arcs":[[3760,-3757,-2716,-2980,-966,-3152]],"type":"Polygon","properties":{"geoid":"3906337800","name":"Jackson"},"id":"3906337800"},{"arcs":[[-3153,-2981,-388,-184]],"type":"Polygon","properties":{"geoid":"3906379408","name":"Van Buren"},"id":"3906379408"},{"arcs":[[3761,3762,3763,-3036,-2399,-548]],"type":"Polygon","properties":{"geoid":"3906381284","name":"Washington"},"id":"3906381284"},{"arcs":[[3764,3765,-464,-2091,3766]],"type":"Polygon","properties":{"geoid":"3907305578","name":"Benton"},"id":"3907305578"},{"arcs":[[-1853,-3238,3767,-3765,-974]],"type":"Polygon","properties":{"geoid":"3907342056","name":"Laurel"},"id":"3907342056"},{"arcs":[[3768,-3694,-3696,-3692,-3698,3769,-3700]],"type":"Polygon","properties":{"geoid":"3911325396","name":"Englewood"},"id":"3911325396"},{"arcs":[[-3463,3770,-3461,3771,-3459,3772,3773,-2028,3774,-2005,-3715,-2003,-3719,-2001,-3720,-2799,-1998,-3549]],"type":"Polygon","properties":{"geoid":"3911336610","name":"Huber Heights"},"id":"3911336610"},{"arcs":[[-2651,3775,-1377,-1383,-1915,-2077,-471]],"type":"Polygon","properties":{"geoid":"3916918322","name":"Congress"},"id":"3916918322"},{"arcs":[[-1593,3776,3777,-1952,-2888]],"type":"Polygon","properties":{"geoid":"3916924136","name":"East Union"},"id":"3916924136"},{"arcs":[[-3738,3778,3779,-900,3780,3781,-889]],"type":"Polygon","properties":{"geoid":"3902169820","name":"Salem"},"id":"3902169820"},{"arcs":[[-3782,3782,3783,-3748]],"type":"Polygon","properties":{"geoid":"3902179086","name":"Urbana"},"id":"3902179086"},{"arcs":[[3784,3785,3786,-2925,-3042,3787]],"type":"Polygon","properties":{"geoid":"3902551338","name":"Monroe"},"id":"3902551338"},{"arcs":[[3788,-975,-3767,-2090,-1323,-135]],"type":"Polygon","properties":{"geoid":"3907370142","name":"Salt Creek"},"id":"3907370142"},{"arcs":[[[3789,3790,3791]],[[3792,3793,3794,-1966,-1592,-1381]]],"type":"MultiPolygon","properties":{"geoid":"3916950666","name":"Milton"},"id":"3916950666"},{"arcs":[[3795,-493,-2952,3796]],"type":"Polygon","properties":{"geoid":"3916959556","name":"Paint"},"id":"3916959556"},{"arcs":[[-575,-2579,-704,-2582,-494,-3796,-3777]],"type":"Polygon","properties":{"geoid":"3916975231","name":"Sugar Creek"},"id":"3916975231"},{"arcs":[[-1080,3797,3798,-942,3799,3800]],"type":"Polygon","properties":{"geoid":"3904718154","name":"Concord"},"id":"3904718154"},{"arcs":[[3801,3802,-943,-3799,3803,-2224,-798]],"type":"Polygon","properties":{"geoid":"3904738388","name":"Jasper"},"id":"3904738388"},{"arcs":[[-1896,-3674,3804,-938,-3803,3805]],"type":"Polygon","properties":{"geoid":"3904738598","name":"Jefferson"},"id":"3904738598"},{"arcs":[[-2137,3806,3807,-2056,3808,-2622,-3751]],"type":"Polygon","properties":{"geoid":"3908946508","name":"Madison"},"id":"3908946508"},{"arcs":[[3809,3810,-2053,-3808,3811]],"type":"Polygon","properties":{"geoid":"3908948132","name":"Mary Ann"},"id":"3908948132"},{"arcs":[[3812,-3785,3813]],"type":"Polygon","properties":{"geoid":"3902557960","name":"Ohio"},"id":"3902557960"},{"arcs":[[-3337,3814,-3786,-3813,3815,-2434]],"type":"Polygon","properties":{"geoid":"3902562540","name":"Pierce"},"id":"3902562540"},{"arcs":[[[3816,-2134,3817,-3812,-3807,-2136]],[[3818,-2132,3819,-2130,3820,-2128,3821,-2126,3822]]],"type":"MultiPolygon","properties":{"geoid":"3908954054","name":"Newark"},"id":"3908954054"},{"arcs":[[[-2045,-2934,-2039]],[[3823,-2046,-2041,-2933,-1544]]],"type":"MultiPolygon","properties":{"geoid":"3908966396","name":"Reynoldsburg City"},"id":"3908966396"},{"arcs":[[-120,3824,-3685,-2860,-1909]],"type":"Polygon","properties":{"geoid":"3908969456","name":"St. Albans"},"id":"3908969456"},{"arcs":[[-1382,-1594,-2887,3826,3827,-2892,-1916]],"type":"Polygon","properties":{"geoid":"3916982320","name":"Wayne"},"id":"3916982320"},{"arcs":[[3828,-2088,3829,-3115,-619,-2921]],"type":"Polygon","properties":{"geoid":"3902585302","name":"Williamsburg"},"id":"3902585302"},{"arcs":[[3830,3831,-905,3832,3833,-908]],"type":"Polygon","properties":{"geoid":"3903319134","name":"Cranberry"},"id":"3903319134"},{"arcs":[[-439,3834,3835,3836,3837,-2108]],"type":"Polygon","properties":{"geoid":"3903319932","name":"Dallas"},"id":"3903319932"},{"arcs":[[-3800,-941,-3022,-3216,3838]],"type":"Polygon","properties":{"geoid":"3904761826","name":"Perry"},"id":"3904761826"},{"arcs":[[-3828,-3827,-2889,-1950,-2893]],"type":"Polygon","properties":{"geoid":"3916986548","name":"Wooster"},"id":"3916986548"},{"arcs":[[-1045,-3679,-3677,-1420]],"type":"Polygon","properties":{"geoid":"3917519246","name":"Crawford"},"id":"3917519246"},{"arcs":[[-1959,3839,3840,-383,-3521]],"type":"Polygon","properties":{"geoid":"3917538178","name":"Jackson"},"id":"3917538178"},{"arcs":[[3841,-2548,3842,-1003,-384,-3841]],"type":"Polygon","properties":{"geoid":"3917548006","name":"Marseilles"},"id":"3917548006"},{"arcs":[[-3130,-3294,-945,-3244,-953]],"type":"Polygon","properties":{"geoid":"3905943134","name":"Liberty"},"id":"3905943134"},{"arcs":[[3843,-2019,-3714,-3680,-1406,3844]],"type":"Polygon","properties":{"geoid":"3911338738","name":"Jefferson"},"id":"3911338738"},{"arcs":[[-918,-2917,-2500,-2914,-2498,-2913,-2496,-507,-2916,-2982,-1147,-2918]],"type":"Polygon","properties":{"geoid":"3903329176","name":"Galion City"},"id":"3903329176"},{"arcs":[[-1814,-911,3845,-288]],"type":"Polygon","properties":{"geoid":"3903345500","name":"Lykens"},"id":"3903345500"},{"arcs":[[3846,-3833,3847,-912,3848]],"type":"Polygon","properties":{"geoid":"3903370366","name":"Sandusky"},"id":"3903370366"},{"arcs":[[3849,3850,-3849,-920,-2920,-1974,-1912,-3836,3851]],"type":"Polygon","properties":{"geoid":"3903384644","name":"Whetstone"},"id":"3903384644"},{"arcs":[[3852,3853,-2606,3854,-3006,3855,-3305]],"type":"Polygon","properties":{"geoid":"3909904668","name":"Beaver"},"id":"3909904668"},{"arcs":[[-1105,3856,-2795,-2174,3857,-1493]],"type":"Polygon","properties":{"geoid":"3914928434","name":"Franklin"},"id":"3914928434"},{"arcs":[[3858,3859,-3740,-1876,-2857]],"type":"Polygon","properties":{"geoid":"3914931850","name":"Green"},"id":"3914931850"},{"arcs":[[-343,3860,3861,-2791,-3857,-1104]],"type":"Polygon","properties":{"geoid":"3914938080","name":"Jackson"},"id":"3914938080"},{"arcs":[[-2714,3862,-3486,-2297,3863]],"type":"Polygon","properties":{"geoid":"3914944884","name":"Loramie"},"id":"3914944884"},{"arcs":[[-2713,3864,-2178,-2855,-3487,-3863]],"type":"Polygon","properties":{"geoid":"3914981620","name":"Washington"},"id":"3914981620"},{"arcs":[[3865,-2335,-770]],"type":"Polygon","properties":{"geoid":"3906125942","name":"Fairfax"},"id":"3906125942"},{"arcs":[[-2668,3866,-3853,-3304,3867]],"type":"Polygon","properties":{"geoid":"3909911374","name":"Canfield"},"id":"3909911374"},{"arcs":[[-1940,-3868,-3303,-1387,-1384]],"type":"Polygon","properties":{"geoid":"3909925088","name":"Ellsworth"},"id":"3909925088"},{"arcs":[[3868,-2705]],"type":"Polygon","properties":{"geoid":"3909945178","name":"Lowellville"},"id":"3909945178"},{"arcs":[[-2607]],"type":"Polygon","properties":{"geoid":"3909955118","name":"New Middletown"},"id":"3909955118"},{"arcs":[[-2706,-3869,-2704,3869,3870,-2604,3871]],"type":"Polygon","properties":{"geoid":"3909963968","name":"Poland"},"id":"3909963968"},{"arcs":[[-1631,3872]],"type":"Polygon","properties":{"geoid":"3909971220","name":"Sebring"},"id":"3909971220"},{"arcs":[[-2380,-2707,-3872,-2603,-3854,-3867]],"type":"Polygon","properties":{"geoid":"3909907468","name":"Boardman"},"id":"3909907468"},{"arcs":[[-1138,-492,3873,-1758,3874,-1754]],"type":"Polygon","properties":{"geoid":"3905549714","name":"Middlefield"},"id":"3905549714"},{"arcs":[[-216,-2825,-3231,3876,-3234,3877,3878]],"type":"Polygon","properties":{"geoid":"3904105774","name":"Berkshire"},"id":"3904105774"},{"arcs":[[-2946,3879,3880,-2943,-217,-3879,3881,3882]],"type":"Polygon","properties":{"geoid":"3904105788","name":"Berlin"},"id":"3904105788"},{"arcs":[[-1859,-3705,-2242,3883,3884]],"type":"Polygon","properties":{"geoid":"3913907230","name":"Bloominggrove"},"id":"3913907230"},{"arcs":[[-3884,3885,-1305,3886,-1839]],"type":"Polygon","properties":{"geoid":"3913928406","name":"Franklin"},"id":"3913928406"},{"arcs":[[[3887,3888,3889,-1307]],[[-1313,3890,3891]],[[-3887,-1304,3892]]],"type":"MultiPolygon","properties":{"geoid":"3913946578","name":"Madison"},"id":"3913946578"},{"arcs":[[3893,3894,3895,3896,-3889]],"type":"Polygon","properties":{"geoid":"3913950092","name":"Mifflin"},"id":"3913950092"},{"arcs":[[-3078,3897,-3080,3898]],"type":"Polygon","properties":{"geoid":"3900502568","name":"Ashland"},"id":"3900502568"},{"arcs":[[-995,-3540,-3608,-988]],"type":"Polygon","properties":{"geoid":"3900541272","name":"Lake"},"id":"3900541272"},{"arcs":[[3899,3900,3901,-3896]],"type":"Polygon","properties":{"geoid":"3900550050","name":"Mifflin"},"id":"3900550050"},{"arcs":[[-189,-3081,-3898,-3079,-3899,-3084,-3900,-3895,3902]],"type":"Polygon","properties":{"geoid":"3900550610","name":"Milton"},"id":"3900550610"},{"arcs":[[3903,3904,-3243,-2549,3905],[-1029]],"type":"Polygon","properties":{"geoid":"3910341174","name":"Lafayette"},"id":"3910341174"},{"arcs":[[-729,3906,3907,3908]],"type":"Polygon","properties":{"geoid":"3910344240","name":"Liverpool"},"id":"3910344240"},{"arcs":[[-3138,3909,-3140,3910,-3135,-3241,-3905,3911]],"type":"Polygon","properties":{"geoid":"3910348808","name":"Medina City"},"id":"3910348808"},{"arcs":[[3912,-2553,3913,-2551,3914,-2555]],"type":"Polygon","properties":{"geoid":"3910371488","name":"Seville Village"},"id":"3910371488"},{"arcs":[[-1741,-1948,-999,-474,-3082,-188]],"type":"Polygon","properties":{"geoid":"3900558562","name":"Orange"},"id":"3900558562"},{"arcs":[[-3083,-996,-987,-3901]],"type":"Polygon","properties":{"geoid":"3900579758","name":"Vermillion"},"id":"3900579758"},{"arcs":[[[-3881,3915,-2944]],[[3916,-212,-2941]],[[-2948,3918,3919]],[[3920,3921,-2937,3922]],[[-2950,3923,3924]]],"type":"MultiPolygon","properties":{"geoid":"3904121448","name":"Delaware"},"id":"3904121448"},{"arcs":[[-3878,3925,-1774,3926,3927,3928]],"type":"Polygon","properties":{"geoid":"3904129694","name":"Genoa"},"id":"3904129694"},{"arcs":[[-3233,-933,3929,-3926]],"type":"Polygon","properties":{"geoid":"3904133516","name":"Harlem"},"id":"3904133516"},{"arcs":[[[-3916,-3880,-2945]],[[-3919,-2947,-3883,3930,3931,3932,3933,3934,3935,3936,-1126,3937]]],"type":"MultiPolygon","properties":{"geoid":"3904143106","name":"Liberty"},"id":"3904143106"},{"arcs":[[3938,3939,3940,3941,3942,3943,3944]],"type":"Polygon","properties":{"geoid":"3910309680","name":"Brunswick"},"id":"3910309680"},{"arcs":[[3947,-3945,3948,-3133,-3907]],"type":"Polygon","properties":{"geoid":"3910309708","name":"Brunswick Hills"},"id":"3910309708"},{"arcs":[[3949,-2558,-1378,-3776,-2650],[-2871]],"type":"Polygon","properties":{"geoid":"3910334104","name":"Harrisville"},"id":"3910334104"},{"arcs":[[-3141,-3105,-3034,3950,3951]],"type":"Polygon","properties":{"geoid":"3914738066","name":"Jackson"},"id":"3914738066"},{"arcs":[[-1042,-1051,-1812,3952]],"type":"Polygon","properties":{"geoid":"3914771024","name":"Scipio"},"id":"3914771024"},{"arcs":[[3953,3954,3955,-3656,-1047,-1041]],"type":"Polygon","properties":{"geoid":"3914776632","name":"Thompson"},"id":"3914776632"},{"arcs":[[-1100,3956,3957,3958,3959,3960]],"type":"Polygon","properties":{"geoid":"3910380304","name":"Wadsworth"},"id":"3910380304"},{"arcs":[[-2559]],"type":"Polygon","properties":{"geoid":"3910383468","name":"Westfield Center"},"id":"3910383468"},{"arcs":[[-3908,-3136,-3911,-3139,-3912,-3904,-1095]],"type":"Polygon","properties":{"geoid":"3910387052","name":"York"},"id":"3910387052"},{"arcs":[[3961,3962,3963,3964]],"type":"Polygon","properties":{"geoid":"3914776778","name":"Tiffin"},"id":"3914776778"},{"arcs":[[3965,3966,3967,-1829,-283,3968,-3529]],"type":"Polygon","properties":{"geoid":"3910107958","name":"Bowling Green"},"id":"3910107958"},{"arcs":[[-3075,3969,3970,-1335,3971]],"type":"Polygon","properties":{"geoid":"3907148034","name":"Marshall"},"id":"3907148034"},{"arcs":[[-2971,-3077,3972,3973,3974,3975]],"type":"Polygon","properties":{"geoid":"3907155048","name":"New Market"},"id":"3907155048"},{"arcs":[[-3074,3976,-2472,-3219,3977,-2076,-1748,3978,-3970]],"type":"Polygon","properties":{"geoid":"3907159500","name":"Paint"},"id":"3907159500"},{"arcs":[[-1076,-2473,-3977,-3073,-2969]],"type":"Polygon","properties":{"geoid":"3907161588","name":"Penn"},"id":"3907161588"},{"arcs":[[-3076,-3972,-1334,3979,-3973]],"type":"Polygon","properties":{"geoid":"3907181340","name":"Washington"},"id":"3907181340"},{"arcs":[[[3982,3983,-3268]],[[-3882,-3929,3985,-3272,3986,-3274,3987,-3931]]],"type":"MultiPolygon","properties":{"geoid":"3904158618","name":"Orange"},"id":"3904158618"},{"arcs":[[-3003,-2284,3988,-3921,3989,-1131]],"type":"Polygon","properties":{"geoid":"3904165312","name":"Radnor"},"id":"3904165312"},{"arcs":[[-1280,-1132,-3990,-3923,-2951,-3925,3990,3991,-3391]],"type":"Polygon","properties":{"geoid":"3904170842","name":"Scioto"},"id":"3904170842"},{"arcs":[[-3230,-3877]],"type":"Polygon","properties":{"geoid":"3904175620","name":"Sunbury Village"},"id":"3904175620"},{"arcs":[[-2283,-1575,-213,-3917,-2940,-3918,-2938,-3922,-3989]],"type":"Polygon","properties":{"geoid":"3904177560","name":"Troy"},"id":"3904177560"},{"arcs":[[3992,-2563,3993,3994]],"type":"Polygon","properties":{"geoid":"3905513554","name":"Chardon"},"id":"3905513554"},{"arcs":[[3995],[3996]],"type":"Polygon","properties":{"geoid":"3902785792","name":"Wilmington"},"id":"3902785792"},{"arcs":[[-1764,3997,-2394,-1086]],"type":"Polygon","properties":{"geoid":"3903106152","name":"Bethlehem"},"id":"3903106152"},{"arcs":[[-2834,3998,3999,-2395,-3998]],"type":"Polygon","properties":{"geoid":"3903139634","name":"Keene"},"id":"3903139634"},{"arcs":[[4000,4001,4002,-1093,-1445,-204,4003]],"type":"Polygon","properties":{"geoid":"3903141132","name":"Lafayette"},"id":"3903141132"},{"arcs":[[4004,-1088,4005,-1262]],"type":"Polygon","properties":{"geoid":"3903154376","name":"Newcastle"},"id":"3903154376"},{"arcs":[[-3600,-3352,-1084,-4005,4006]],"type":"Polygon","properties":{"geoid":"3903176953","name":"Tiverton"},"id":"3903176953"},{"arcs":[[-172,-63,-610,4007,-1195]],"type":"Polygon","properties":{"geoid":"3903181172","name":"Washington"},"id":"3903181172"},{"arcs":[[-3240,-3421,-531,-1089,-4003,-3999]],"type":"Polygon","properties":{"geoid":"3903184714","name":"White Eyes"},"id":"3903184714"},{"arcs":[[4008,4009,-1759,-1539,4010]],"type":"Polygon","properties":{"geoid":"3905554292","name":"Newbury"},"id":"3905554292"},{"arcs":[[4011,-4011,-2727,4012]],"type":"Polygon","properties":{"geoid":"3905573684","name":"South Russell"},"id":"3905573684"},{"arcs":[[4013,-1738,-1904,4014,-1871,-299]],"type":"Polygon","properties":{"geoid":"3908309470","name":"Brown"},"id":"3908309470"},{"arcs":[[-2662,4015,-3093,4016,-3091]],"type":"Polygon","properties":{"geoid":"3901777322","name":"Trenton"},"id":"3901777322"},{"arcs":[[4017,4018,4019,-1923,-3071,-3726]],"type":"Polygon","properties":{"geoid":"3912110142","name":"Buffalo"},"id":"3912110142"},{"arcs":[[-2541,4020,4021,-1667,4022,-2101]],"type":"Polygon","properties":{"geoid":"3912124878","name":"Elk"},"id":"3912124878"},{"arcs":[[-1927,4023,-2539,4024]],"type":"Polygon","properties":{"geoid":"3912125438","name":"Enoch"},"id":"3912125438"},{"arcs":[[-3072,-1928,-4025,-1294,-2677]],"type":"Polygon","properties":{"geoid":"3912158310","name":"Olive"},"id":"3912158310"},{"arcs":[[4025,-2778,-1924,-4020]],"type":"Polygon","properties":{"geoid":"3912171352","name":"Seneca"},"id":"3912171352"},{"arcs":[[-1926,-2780,4026,-4021,-2540,-4024]],"type":"Polygon","properties":{"geoid":"3912174728","name":"Stock"},"id":"3912174728"},{"arcs":[[4027,4028,4029,-40,4030,-28,4031,-38,-159,4032,4033,-2637]],"type":"Polygon","properties":{"geoid":"3917349812","name":"Middleton"},"id":"3917349812"},{"arcs":[[-1699,4034,-2906,-2362,-34,4035]],"type":"Polygon","properties":{"geoid":"3917357190","name":"Northwood"},"id":"3917357190"},{"arcs":[[4036,-3952,4037,4038,-3762,-1442]],"type":"Polygon","properties":{"geoid":"3917362106","name":"Perry"},"id":"3917362106"},{"arcs":[[-4032,-29,-4031,-39]],"type":"Polygon","properties":{"geoid":"3917362148","name":"Perrysburg"},"id":"3917362148"},{"arcs":[[4039,4040,-2872,4041,4042]],"type":"Polygon","properties":{"geoid":"3908328658","name":"Fredericktown"},"id":"3908328658"},{"arcs":[[-2879,-177,-1303,-1440,-4041,4043,4044]],"type":"Polygon","properties":{"geoid":"3908349658","name":"Middlebury"},"id":"3908349658"},{"arcs":[[-2912,4045,-3749,-1265]],"type":"Polygon","properties":{"geoid":"3908350204","name":"Milford"},"id":"3908350204"},{"arcs":[[4046,4047,4048,4049,-56,4050,-922,4051]],"type":"Polygon","properties":{"geoid":"3908363310","name":"Pleasant"},"id":"3908363310"},{"arcs":[[-4015,-1903,-3601,-4007,-1261,-1872]],"type":"Polygon","properties":{"geoid":"3908378358","name":"Union"},"id":"3908378358"},{"arcs":[[-4044,-4040,-4043,-4042,-2877,-2910,-3179]],"type":"Polygon","properties":{"geoid":"3908382194","name":"Wayne"},"id":"3908382194"},{"arcs":[[-2781,-3090,-500,-2927,-1554]],"type":"Polygon","properties":{"geoid":"3901733250","name":"Hanover"},"id":"3901733250"},{"arcs":[[4052,4053,-2182,4054,-1536]],"type":"Polygon","properties":{"geoid":"3912715658","name":"Clayton"},"id":"3912715658"},{"arcs":[[-1537,4055,4056,-3517]],"type":"Polygon","properties":{"geoid":"3912737968","name":"Jackson"},"id":"3912737968"},{"arcs":[[-4057,-2652,4057,-3235,-1970]],"type":"Polygon","properties":{"geoid":"3912751198","name":"Monday Creek"},"id":"3912751198"},{"arcs":[[-4055,-2181,-1516,-1025,-2653,-4056]],"type":"Polygon","properties":{"geoid":"3912762680","name":"Pike"},"id":"3912762680"},{"arcs":[[4058,-2477,-1024,-1535,-372,4059]],"type":"Polygon","properties":{"geoid":"3912776659","name":"Thorn"},"id":"3912776659"},{"arcs":[[-3971,-3979,-1752,4060,-3534,-1336]],"type":"Polygon","properties":{"geoid":"3907109736","name":"Brushcreek"},"id":"3907109736"},{"arcs":[[-1933,4061,4062,4063,-2112]],"type":"Polygon","properties":{"geoid":"3907115476","name":"Clay"},"id":"3907115476"},{"arcs":[[-3974,-3980,-1339,-2153,-1162,4064,4065]],"type":"Polygon","properties":{"geoid":"3907118168","name":"Concord"},"id":"3907118168"},{"arcs":[[-1986,4066,-2973,4067,-1931,-2869]],"type":"Polygon","properties":{"geoid":"3907122204","name":"Dodson"},"id":"3907122204"},{"arcs":[[-2930,-2455,-2929,-503,-2452,-458,4068,4069,-2285,4070,4071,4072,-2454,4073,-2457]],"type":"Polygon","properties":{"geoid":"3901725970","name":"Fairfield"},"id":"3901725970"},{"arcs":[[[-3997]],[[-51,-2226,4074,-1073,4075,-1065,-1072],[-3996]]],"type":"MultiPolygon","properties":{"geoid":"3902778302","name":"Union"},"id":"3902778302"},{"arcs":[[-1409,-2978,4076,-3348,-1052,-2451,-3094,-4016,-2661,-1836]],"type":"Polygon","properties":{"geoid":"3901746340","name":"Madison"},"id":"3901746340"},{"arcs":[[4077,-1078,-2968,-4067,-1985]],"type":"Polygon","properties":{"geoid":"3902715238","name":"Clark"},"id":"3902715238"},{"arcs":[[-2198,4078,-1983,-2868,-2023,4079]],"type":"Polygon","properties":{"geoid":"3902747670","name":"Marion"},"id":"3902747670"},{"arcs":[[-2225,-3804,-3798,-1083,-4075]],"type":"Polygon","properties":{"geoid":"3902766642","name":"Richland"},"id":"3902766642"},{"arcs":[[-4077,-2977,4080,-3349]],"type":"Polygon","properties":{"geoid":"3901749840","name":"Middletown"},"id":"3901749840"},{"arcs":[[-2032,4081]],"type":"Polygon","properties":{"geoid":"3909357834","name":"Oberlin"},"id":"3909357834"},{"arcs":[[[-3318,-2957,4082,4083]],[[4084,4085]]],"type":"MultiPolygon","properties":{"geoid":"3909372067","name":"Sheffield"},"id":"3909372067"},{"arcs":[[4086,-1773,-2445,-2426,-3096]],"type":"Polygon","properties":{"geoid":"3912933978","name":"Harrison"},"id":"3912933978"},{"arcs":[[-589,4087,4088,-1394,-935]],"type":"Polygon","properties":{"geoid":"3912962008","name":"Perry"},"id":"3912962008"},{"arcs":[[4089,4090,4091,4092,4093,4094,-2446,-164,-370,-3016,4095]],"type":"Polygon","properties":{"geoid":"3912981550","name":"Washington"},"id":"3912981550"},{"arcs":[[-1506,4096,4097,-1455,-2753,4098,-7,4099,-443,4100]],"type":"Polygon","properties":{"geoid":"3911586016","name":"Windsor"},"id":"3911586016"},{"arcs":[[-1750,-2075,4101,4102,4103,4104]],"type":"Polygon","properties":{"geoid":"3913105648","name":"Benton"},"id":"3913105648"},{"arcs":[[4105,-3262,-1113,-3058,4106,4107,4108]],"type":"Polygon","properties":{"geoid":"3913137996","name":"Jackson"},"id":"3913137996"},{"arcs":[[-1751,-4105,4109,4110,-4061]],"type":"Polygon","properties":{"geoid":"3913150078","name":"Mifflin"},"id":"3913150078"},{"arcs":[[4111,4112,4113,-2895,4114,-4103]],"type":"Polygon","properties":{"geoid":"3913161392","name":"Pebble"},"id":"3913161392"},{"arcs":[[4115,4116,-4109,4117,-2896,-4114]],"type":"Polygon","properties":{"geoid":"3913161434","name":"Pee Pee"},"id":"3913161434"},{"arcs":[[4118,4119,-2245,4120,-731,-3357,-3368,-2600]],"type":"Polygon","properties":{"geoid":"3909309568","name":"Brownhelm"},"id":"3909309568"},{"arcs":[[4122,-2965,4123,-2963,4124,-3229,4125,-3227,-2754,-2030]],"type":"Polygon","properties":{"geoid":"3909312140","name":"Carlisle"},"id":"3909312140"},{"arcs":[[-1729,-357,-1710,-807]],"type":"Polygon","properties":{"geoid":"3912507370","name":"Blue Creek"},"id":"3912507370"},{"arcs":[[-803,-436,-1206,4126,4127]],"type":"Polygon","properties":{"geoid":"3912509512","name":"Brown"},"id":"3912509512"},{"arcs":[[-2625,-812,-1727,-2082]],"type":"Polygon","properties":{"geoid":"3912519176","name":"Crane"},"id":"3912519176"},{"arcs":[[-4127,-1209,-3109,-3675,-1284,-354]],"type":"Polygon","properties":{"geoid":"3912581536","name":"Washington"},"id":"3912581536"},{"arcs":[[-2280,-3543,-3279,4128,4129,4130,-821]],"type":"Polygon","properties":{"geoid":"3911506964","name":"Bloom"},"id":"3911506964"},{"arcs":[[-822,-4131,4131,-2729,-1514]],"type":"Polygon","properties":{"geoid":"3911521182","name":"Deerfield"},"id":"3911521182"},{"arcs":[[-4130,4132,-4097,-1505,-2730,-4132]],"type":"Polygon","properties":{"geoid":"3911546984","name":"Malta"},"id":"3911546984"},{"arcs":[[-2731,-1507,-4101,-442,-1604,-815]],"type":"Polygon","properties":{"geoid":"3911547796","name":"Marion"},"id":"3911547796"},{"arcs":[[4133,-3347,4134,4135,4136]],"type":"Polygon","properties":{"geoid":"3915504444","name":"Bazetta"},"id":"3915504444"},{"arcs":[[4137,-2430,-3054,-1395,-4089]],"type":"Polygon","properties":{"geoid":"3912921168","name":"Deercreek"},"id":"3912921168"},{"arcs":[[-2962,-4122,-2960,4138,-730,4139,-3224,-4125]],"type":"Polygon","properties":{"geoid":"3909324220","name":"Eaton"},"id":"3909324220"},{"arcs":[[[4140,4141,-4085,4142,-4083,-2956]],[[-2966,-4123,4143]]],"type":"MultiPolygon","properties":{"geoid":"3909325270","name":"Elyria"},"id":"3909325270"},{"arcs":[[-737,-1526,-1578,-997,4144]],"type":"Polygon","properties":{"geoid":"3909336876","name":"Huntington"},"id":"3909336876"},{"arcs":[[4145,4146,-2867,4147,-4139,-2959]],"type":"Polygon","properties":{"geoid":"3909356966","name":"North Ridgeville"},"id":"3909356966"},{"arcs":[[-2095,-1033,-2997,4148,4149,-3584]],"type":"Polygon","properties":{"geoid":"3914555902","name":"Nile"},"id":"3914555902"},{"arcs":[[4150,-2195,4151,-1030,-3587,4152]],"type":"Polygon","properties":{"geoid":"3914565522","name":"Rarden"},"id":"3914565522"},{"arcs":[[4153,4154,4155,4156,-2995]],"type":"Polygon","properties":{"geoid":"3914569092","name":"Rush"},"id":"3914569092"},{"arcs":[[4157,-1169,-321,4158,4159]],"type":"Polygon","properties":{"geoid":"3914579828","name":"Vernon"},"id":"3914579828"},{"arcs":[[-3021,4160,4161,4162,-3217]],"type":"Polygon","properties":{"geoid":"3914110016","name":"Buckskin"},"id":"3914110016"},{"arcs":[[-1398,4163,4164,-4161,-3020]],"type":"Polygon","properties":{"geoid":"3914118238","name":"Concord"},"id":"3914118238"},{"arcs":[[4165,-1008,4166,-3967,4167]],"type":"Polygon","properties":{"geoid":"3910106348","name":"Big Island"},"id":"3910106348"},{"arcs":[[-1002,-4168,-3966,-3528]],"type":"Polygon","properties":{"geoid":"3910151730","name":"Montgomery"},"id":"3910151730"},{"arcs":[[-3843,-2547,4168,-4166,-1001]],"type":"Polygon","properties":{"geoid":"3910170240","name":"Salt Rock"},"id":"3910170240"},{"arcs":[[-3837,-1914,4169,4170]],"type":"Polygon","properties":{"geoid":"3910171073","name":"Scott"},"id":"3910171073"},{"arcs":[[4171,-3326,4172,-3328,4173,-3332],[4174,-3330]],"type":"Polygon","properties":{"geoid":"3914328826","name":"Fremont"},"id":"3914328826"},{"arcs":[[-3017,4175,-3101,4176]],"type":"Polygon","properties":{"geoid":"3914131822","name":"Green"},"id":"3914131822"},{"arcs":[[4177,4178,-4116,-4113,4179]],"type":"Polygon","properties":{"geoid":"3914136890","name":"Huntington"},"id":"3914136890"},{"arcs":[[4180,4181,-3370,4182,-1040,-982,-1580,-1038,4183]],"type":"Polygon","properties":{"geoid":"3914331990","name":"Green Creek"},"id":"3914331990"},{"arcs":[[4184,4185,-3362,4186,4187]],"type":"Polygon","properties":{"geoid":"3914377162","name":"Townsend"},"id":"3914377162"},{"arcs":[[-4163,4188,-2073,-3978,-3218]],"type":"Polygon","properties":{"geoid":"3914159542","name":"Paint"},"id":"3914159542"},{"arcs":[[4189,4190,-3102,-1908,4191,-4178]],"type":"Polygon","properties":{"geoid":"3914170898","name":"Scioto"},"id":"3914170898"},{"arcs":[[4192,4193,4194,-1721]],"type":"Polygon","properties":{"geoid":"3903504416","name":"Bay Village"},"id":"3903504416"},{"arcs":[[4195,-2481,4196,4197,-210,4198,4199,-123,4200]],"type":"Polygon","properties":{"geoid":"3903504500","name":"Beachwood"},"id":"3903504500"},{"arcs":[[4201,-223]],"type":"Polygon","properties":{"geoid":"3903508336","name":"Bratenahl"},"id":"3903508336"},{"arcs":[[-237,4202,4203,4204,4205]],"type":"Polygon","properties":{"geoid":"3903509274","name":"Brooklyn Heights"},"id":"3903509274"},{"arcs":[[-3369,-4182,-4187,-3361,-1893,4206,4207,4208,4209,4210,-3954,-4183]],"type":"Polygon","properties":{"geoid":"3914387080","name":"York"},"id":"3914387080"},{"arcs":[[-2996,-4157,4211,4212,-4149]],"type":"Polygon","properties":{"geoid":"3914581606","name":"Washington"},"id":"3914581606"},{"arcs":[[-3897,-3902,-991,4213,4214]],"type":"Polygon","properties":{"geoid":"3913951576","name":"Monroe"},"id":"3913951576"},{"arcs":[[-1919,-227,-2483,4215,4216,-229]],"type":"Polygon","properties":{"geoid":"3903516014","name":"Cleveland Heights"},"id":"3903516014"},{"arcs":[[4217,-546,-2837,-2840,-332,-2479,-225]],"type":"Polygon","properties":{"geoid":"3903525704","name":"Euclid"},"id":"3903525704"},{"arcs":[[4218,4219,4220,-220,4221,-2864]],"type":"Polygon","properties":{"geoid":"3903526446","name":"Fairview Park"},"id":"3903526446"},{"arcs":[[-4165,4222,-4190,-4180,-4112,-4102,-2074,-4189,-4162]],"type":"Polygon","properties":{"geoid":"3914178008","name":"Twin"},"id":"3914178008"},{"arcs":[[[-1308,-3890,-4215,-1300,4223]],[[-3891,-1312,4224,-1310,4225]]],"type":"MultiPolygon","properties":{"geoid":"3913981578","name":"Washington"},"id":"3913981578"},{"arcs":[[-233,4226,-3170,4227]],"type":"Polygon","properties":{"geoid":"3903529428","name":"Garfield Heights"},"id":"3903529428"},{"arcs":[[-1369,4228,-1358]],"type":"Polygon","properties":{"geoid":"3903530632","name":"Glenwillow"},"id":"3903530632"},{"arcs":[[-4204,4229,-3172,4230,-1342,4231]],"type":"Polygon","properties":{"geoid":"3903537240","name":"Independence"},"id":"3903537240"},{"arcs":[[-615,-2358,-2644,4232,4233]],"type":"Polygon","properties":{"geoid":"3914538815","name":"Jefferson"},"id":"3914538815"},{"arcs":[[-2194,4234,-4154,-2994,-1031,-4152]],"type":"Polygon","properties":{"geoid":"3914552150","name":"Morgan"},"id":"3914552150"},{"arcs":[[-4199,-209,4235,4236,-1362,4237]],"type":"Polygon","properties":{"geoid":"3903558604","name":"Orange"},"id":"3903558604"},{"arcs":[[4238,4239,-1845,4240,-4236,-208,-4198]],"type":"Polygon","properties":{"geoid":"3903561686","name":"Pepper Pike"},"id":"3903561686"},{"arcs":[[-4217,4241,-4201,-122,4242,-230]],"type":"Polygon","properties":{"geoid":"3903571682","name":"Shaker Heights"},"id":"3903571682"},{"arcs":[[-2482,-4196,-4242,-4216]],"type":"Polygon","properties":{"geoid":"3903578932","name":"University Heights"},"id":"3903578932"},{"arcs":[[4243,-221,-4221,4244]],"type":"Polygon","properties":{"geoid":"3903541664","name":"Lakewood"},"id":"3903541664"},{"arcs":[[-330,-3283,4245,-4239,-4197,-2480]],"type":"Polygon","properties":{"geoid":"3903545556","name":"Lyndhurst"},"id":"3903545556"},{"arcs":[[-232,4246,4247,4248,4249,-4227]],"type":"Polygon","properties":{"geoid":"3903547306","name":"Maple Heights"},"id":"3903547306"},{"arcs":[[4250,-2675,4251,4252,-2390]],"type":"Polygon","properties":{"geoid":"3903549644","name":"Middleburg Heights"},"id":"3903549644"},{"arcs":[[-4241,-1844,4253,4254,-1450,-1363,-4237]],"type":"Polygon","properties":{"geoid":"3903552052","name":"Moreland Hills"},"id":"3903552052"},{"arcs":[[4255,4256]],"type":"Polygon","properties":{"geoid":"3903556924","name":"North Randall"},"id":"3903556924"},{"arcs":[[-2866,4259,-2388,4260,-724,-4148]],"type":"Polygon","properties":{"geoid":"3903558408","name":"Olmsted"},"id":"3903558408"},{"arcs":[[-253,-3355,4261,-800,-48,-1071,4262]],"type":"Polygon","properties":{"geoid":"3905710856","name":"Caesarscreek"},"id":"3905710856"},{"arcs":[[4263,4264,-787,-1894,-3353,-251]],"type":"Polygon","properties":{"geoid":"3905712798","name":"Cedarville"},"id":"3905712798"},{"arcs":[[[4265,-2419,4266]],[[-2417,4267]]],"type":"MultiPolygon","properties":{"geoid":"3905740040","name":"Kettering"},"id":"3905740040"},{"arcs":[[-3067,4268,-4264,-250,4269]],"type":"Polygon","properties":{"geoid":"3905749336","name":"Miami"},"id":"3905749336"},{"arcs":[[-1546,-2936,-3520,4270]],"type":"Polygon","properties":{"geoid":"3904977714","name":"Truro"},"id":"3904977714"},{"arcs":[[4273,-254,-4263,-1070,-1372,-2422]],"type":"Polygon","properties":{"geoid":"3905774223","name":"Spring Valley"},"id":"3905774223"},{"arcs":[[-622,4274,4275,-629,4276,4277,4278]],"type":"Polygon","properties":{"geoid":"3901563212","name":"Pleasant"},"id":"3901563212"},{"arcs":[[-3118,4279,4280,-4275,-621]],"type":"Polygon","properties":{"geoid":"3901571066","name":"Scott"},"id":"3901571066"},{"arcs":[[-2087,-2870,-2114,-3116,-3830]],"type":"Polygon","properties":{"geoid":"3901574559","name":"Sterling"},"id":"3901574559"},{"arcs":[[-628,-2660,4281,4282,-4277]],"type":"Polygon","properties":{"geoid":"3901578232","name":"Union"},"id":"3901578232"},{"arcs":[[-4064,4283,4284,4285,-4280,-3117]],"type":"Polygon","properties":{"geoid":"3901581102","name":"Washington"},"id":"3901581102"},{"arcs":[[-2421,4286,-247,-4274]],"type":"Polygon","properties":{"geoid":"3905786772","name":"Xenia"},"id":"3905786772"},{"arcs":[[4287,-838,4288,-836]],"type":"Polygon","properties":{"geoid":"3917109792","name":"Bryan"},"id":"3917109792"},{"arcs":[[4289,4290,4291,-2116,-2438],[-1157]],"type":"Polygon","properties":{"geoid":"3917146634","name":"Madison"},"id":"3917146634"},{"arcs":[[4292,4293,-2274,-2529,4294,-4291]],"type":"Polygon","properties":{"geoid":"3917150302","name":"Mill Creek"},"id":"3917150302"},{"arcs":[[4295]],"type":"Polygon","properties":{"geoid":"3904984742","name":"Whitehall"},"id":"3904984742"},{"arcs":[[-4029,4296]],"type":"Polygon","properties":{"geoid":"3909567752","name":"Roche de Boeuf"},"id":"3909567752"},{"arcs":[[4297,-842,-552,-839,-4288,-835]],"type":"Polygon","properties":{"geoid":"3917164920","name":"Pulaski"},"id":"3917164920"},{"arcs":[[-1476,4298,-1478,4299]],"type":"Polygon","properties":{"geoid":"3904916112","name":"Clinton"},"id":"3904916112"},{"arcs":[[[4300,4301,4302,-3936,4303,4304,4305,-3934,4306,-3932,-3988,-3273,-3987,-3271,-3985,-3269,-3984,4307,4308,4309,4310,-1779,4311,-1776,4312,-1474,-1549,-1472,-1553,-2042,-1543,-2047,-3824,-1547,-4271,-3513,-868,-3519,-879,4313,4314,-877,4315,-875,4316,4317,4318,4319,-846,4320,-850,4321,4322,-2586,4323,-2584,4324,-2251,-2406,-2259,4325,-2257,4326,-2255,4327,-2404,4328,-3659],[-861,4329],[-864,-2250,4330],[4331,-855,4332,-853,4333,-858,4334,-860],[-2527,-2247,-2526,4335,4336,-844,4337,-2523,4338,-2521,4339],[4340,4341,4342,4343,4344,4345,4346],[4347,-848],[-1477,-4299,-1475,-4300],[-1479],[-1780],[4352],[-4296],[-4272,-872]],[[-1550,-1470,-1548,-1468,4354]]],"type":"MultiPolygon","properties":{"geoid":"3904918000","name":"Columbus"},"id":"3904918000"},{"arcs":[[-2524,-4338,-843,-4337,4355]],"type":"Polygon","properties":{"geoid":"3904931304","name":"Grandview Heights"},"id":"3904931304"},{"arcs":[[4356,4357,-99,4358,-1098]],"type":"Polygon","properties":{"geoid":"3915318658","name":"Copley"},"id":"3915318658"},{"arcs":[[4359,4360,-2690,4361,4362,4363,-83]],"type":"Polygon","properties":{"geoid":"3915319778","name":"Cuyahoga Falls"},"id":"3915319778"},{"arcs":[[4364,4365,-1359,4366,4367,-649,-3131]],"type":"Polygon","properties":{"geoid":"3915345976","name":"Macedonia"},"id":"3915345976"},{"arcs":[[4368,-2688,4369,-4363]],"type":"Polygon","properties":{"geoid":"3915353312","name":"Munroe Falls"},"id":"3915353312"},{"arcs":[[4370,-4365,-2411]],"type":"Polygon","properties":{"geoid":"3915356448","name":"Northfield"},"id":"3915356448"},{"arcs":[[[-859,-4335,-857,-4334,-856,-4332]],[[4371,-4322,-849,-4321,-845,-4320,4372,-4318,4373,-3095,-2588]]],"type":"MultiPolygon","properties":{"geoid":"3904937772","name":"Jackson"},"id":"3904937772"},{"arcs":[[[-3935,-4306,4379,-4304]],[[4380,-4347]]],"type":"MultiPolygon","properties":{"geoid":"3904961840","name":"Perry"},"id":"3904961840"},{"arcs":[[-1344,4382,4383,4384,4385]],"type":"Polygon","properties":{"geoid":"3915366544","name":"Richfield"},"id":"3915366544"},{"arcs":[[-4364,-4370,-2687,4386,4387,4388,4389,4390,4391,-657,-3253,-88,-3254,-86,-3255,-84]],"type":"Polygon","properties":{"geoid":"3915376106","name":"Tallmadge"},"id":"3915376106"},{"arcs":[[-4229,-1368,4392,4393,4394,-4367]],"type":"Polygon","properties":{"geoid":"3915378050","name":"Twinsburg"},"id":"3915378050"},{"arcs":[[[-1367,4395,-4393]],[[-4395,4396,4397,-2232,-650,-4368]]],"type":"MultiPolygon","properties":{"geoid":"3915378064","name":"Twinsburg"},"id":"3915378064"},{"arcs":[[-1722,4398,-4146,-3317]],"type":"Polygon","properties":{"geoid":"3909303352","name":"Avon"},"id":"3909303352"},{"arcs":[[-200,-738,4399,-3703]],"type":"Polygon","properties":{"geoid":"3909308770","name":"Brighton"},"id":"3909308770"},{"arcs":[[4400,-2469,4401,-3086,4402,-2618]],"type":"Polygon","properties":{"geoid":"3910710604","name":"Butler"},"id":"3910710604"},{"arcs":[[-687,-2124,-1627,4403,4404,4405,-3296]],"type":"Polygon","properties":{"geoid":"3906729890","name":"German"},"id":"3906729890"},{"arcs":[[-3297,-4406,4406,4407,4408,-518]],"type":"Polygon","properties":{"geoid":"3906731766","name":"Green"},"id":"3906731766"},{"arcs":[[-3527,-689,-3295,4409,-3125]],"type":"Polygon","properties":{"geoid":"3906756084","name":"North"},"id":"3906756084"},{"arcs":[[-519,-4409,4410,-1623,4411,4412]],"type":"Polygon","properties":{"geoid":"3906772361","name":"Short Creek"},"id":"3906772361"},{"arcs":[[-1681,-642,4413,4414]],"type":"Polygon","properties":{"geoid":"3910736344","name":"Hopewell"},"id":"3910736344"},{"arcs":[[-635,-4415,4415,-2616,4416]],"type":"Polygon","properties":{"geoid":"3910743260","name":"Liberty"},"id":"3910743260"},{"arcs":[[-2619,-4403,-3085,4417,4418]],"type":"Polygon","properties":{"geoid":"3910765781","name":"Recovery"},"id":"3910765781"},{"arcs":[[-4385,4422,-4360,-82,4423,-4357,-108]],"type":"Polygon","properties":{"geoid":"3915304248","name":"Bath"},"id":"3915304248"},{"arcs":[[4424,-2413,-3132,-2701,-653,-4361,-4423,-4384]],"type":"Polygon","properties":{"geoid":"3915307776","name":"Boston"},"id":"3915307776"},{"arcs":[[4425,4426,-663,-1222]],"type":"Polygon","properties":{"geoid":"3915509190","name":"Brookfield"},"id":"3915509190"},{"arcs":[[-3346,-3479,4427,-1221,-4135]],"type":"Polygon","properties":{"geoid":"3915528098","name":"Fowler"},"id":"3915528098"},{"arcs":[[-3511,-1220,4428,-4426,-4428]],"type":"Polygon","properties":{"geoid":"3915534230","name":"Hartford"},"id":"3915534230"},{"arcs":[[-1881,4429,-4136,-1224,4430,4431]],"type":"Polygon","properties":{"geoid":"3915536554","name":"Howland"},"id":"3915536554"},{"arcs":[[-745,4432]],"type":"Polygon","properties":{"geoid":"3906114128","name":"Cheviot"},"id":"3906114128"},{"arcs":[[-1566,4433,4434,-2744,4435]],"type":"Polygon","properties":{"geoid":"3906184938","name":"Whitewater"},"id":"3906184938"},{"arcs":[[-1529,-2932,4436,-4434,-1565]],"type":"Polygon","properties":{"geoid":"3906119470","name":"Crosby"},"id":"3906119470"},{"arcs":[[4437,4438,4439,-4071,-2286,-4070,4440,4441,4442,4443,4444]],"type":"Polygon","properties":{"geoid":"3906127706","name":"Forest Park"},"id":"3906127706"},{"arcs":[[4445,4446,4447,-2721,4448]],"type":"Polygon","properties":{"geoid":"3906130380","name":"Glendale"},"id":"3906130380"},{"arcs":[[-1144,4449,-2631,-3312,-3299],[-630]],"type":"Polygon","properties":{"geoid":"3913335672","name":"Hiram"},"id":"3913335672"},{"arcs":[[4450,-4065,-1161,-2261,-4285]],"type":"Polygon","properties":{"geoid":"3901523072","name":"Eagle"},"id":"3901523072"},{"arcs":[[-4281,-4286,-2264,-625,-4276]],"type":"Polygon","properties":{"geoid":"3901528210","name":"Franklin"},"id":"3901528210"},{"arcs":[[4451,4452,4453,-2686]],"type":"Polygon","properties":{"geoid":"3913339872","name":"Kent"},"id":"3913339872"},{"arcs":[[4454,-1807,-3509,4455,-2628,-4450]],"type":"Polygon","properties":{"geoid":"3913353858","name":"Nelson"},"id":"3913353858"},{"arcs":[[4456,4457,4458,-2696,4459]],"type":"Polygon","properties":{"geoid":"3913365452","name":"Randolph"},"id":"3913365452"},{"arcs":[[4460,4461,4462,4463],[4464]],"type":"Polygon","properties":{"geoid":"3913365606","name":"Ravenna"},"id":"3913365606"},{"arcs":[[-3301,-631,-3300,-3315,-4461,-2234]],"type":"Polygon","properties":{"geoid":"3913371731","name":"Shalersville"},"id":"3913371731"},{"arcs":[[4465,-4388]],"type":"Polygon","properties":{"geoid":"3913376106","name":"Tallmadge"},"id":"3913376106"},{"arcs":[[-2659,-2848,4467,4468,-4282]],"type":"Polygon","properties":{"geoid":"3901536834","name":"Huntington"},"id":"3901536834"},{"arcs":[[[-2309,4471]],[[4472,4473,4474]],[[4475,4476]],[[4479,-2314,-1497,4480]]],"type":"MultiPolygon","properties":{"geoid":"3915112014","name":"Canton"},"id":"3915112014"},{"arcs":[[4481]],"type":"Polygon","properties":{"geoid":"3915145094","name":"Louisville"},"id":"3915145094"},{"arcs":[[-4459,4482,-2711,4483,4484,-2697]],"type":"Polygon","properties":{"geoid":"3915147936","name":"Marlboro"},"id":"3915147936"},{"arcs":[[[4487,4488,-4470,4489]],[[-3181,-2698,4490,4491,4492]],[[4493,-4473,-3185]]],"type":"MultiPolygon","properties":{"geoid":"3915162988","name":"Plain"},"id":"3915162988"},{"arcs":[[-2629,-4456,-2038,-1560,-2037,-3507,-643,-3313]],"type":"Polygon","properties":{"geoid":"3913385960","name":"Windham"},"id":"3913385960"},{"arcs":[[4494,-4486,4495,-4491,-4485,4496,4497,-2311,-4488],[-4482]],"type":"Polygon","properties":{"geoid":"3915155944","name":"Nimishillen"},"id":"3915155944"},{"arcs":[[-4484,-2710,-2504,-1635,4498,-4497]],"type":"Polygon","properties":{"geoid":"3915181634","name":"Washington"},"id":"3915181634"},{"arcs":[[-3260,-74,-2708,-4483,-4458]],"type":"Polygon","properties":{"geoid":"3913302862","name":"Atwater"},"id":"3913302862"},{"arcs":[[4499,-2728,-3302,-2233,-4398]],"type":"Polygon","properties":{"geoid":"3913303086","name":"Aurora"},"id":"3913303086"},{"arcs":[[-3314,-646,-3259,-4462]],"type":"Polygon","properties":{"geoid":"3913313610","name":"Charlestown"},"id":"3913313610"},{"arcs":[[-2236,-648,-2235,-4464,4500,-4453,-4452,-2685]],"type":"Polygon","properties":{"geoid":"3913328392","name":"Franklin"},"id":"3913328392"},{"arcs":[[4501,-672,4502,-1794,4503]],"type":"Polygon","properties":{"geoid":"3903966670","name":"Richland"},"id":"3903966670"},{"arcs":[[-707,4504,-2902,-712,-3164,-1801,-3024]],"type":"Polygon","properties":{"geoid":"3903732354","name":"Greenville"},"id":"3903732354"},{"arcs":[[-1803,-2545,-3642,4505]],"type":"Polygon","properties":{"geoid":"3903733810","name":"Harrison"},"id":"3903733810"},{"arcs":[[4506,-313,4507,-2609]],"type":"Polygon","properties":{"geoid":"3905101728","name":"Amboy"},"id":"3905101728"},{"arcs":[[4508,-2611,4509,-2984,4510]],"type":"Polygon","properties":{"geoid":"3905114072","name":"Chesterfield"},"id":"3905114072"},{"arcs":[[-2986,4511,-523,-460,-682,-2272]],"type":"Polygon","properties":{"geoid":"3905116126","name":"Clinton"},"id":"3905116126"},{"arcs":[[4512,-4511,-2270,-4294]],"type":"Polygon","properties":{"geoid":"3905130940","name":"Gorham"},"id":"3905130940"},{"arcs":[[4513,-3201,-3379,-524,-4512]],"type":"Polygon","properties":{"geoid":"3905187024","name":"York"},"id":"3905187024"},{"arcs":[[-710,-265,-708,-3023,4514]],"type":"Polygon","properties":{"geoid":"3903737758","name":"Jackson"},"id":"3903737758"},{"arcs":[[4515,4516,-2465,-2715,4517,4518]],"type":"Polygon","properties":{"geoid":"3903761168","name":"Patterson"},"id":"3903761168"},{"arcs":[[4519,4520,-2900,-4505,-706]],"type":"Polygon","properties":{"geoid":"3903766656","name":"Richland"},"id":"3903766656"},{"arcs":[[-3088,4521,-4516,4522,-262]],"type":"Polygon","properties":{"geoid":"3903780248","name":"Wabash"},"id":"3903780248"},{"arcs":[[-4518,-3864,-2301,-2901,-4521,4523]],"type":"Polygon","properties":{"geoid":"3903782152","name":"Wayne"},"id":"3903782152"},{"arcs":[[-4523,-4519,-4524,-4520,-705,-263]],"type":"Polygon","properties":{"geoid":"3903787010","name":"York"},"id":"3903787010"},{"arcs":[[-680,-4502,4524,-256]],"type":"Polygon","properties":{"geoid":"3903956014","name":"Noble"},"id":"3903956014"},{"arcs":[[-2325,4525,4526,4527,4528,-2296,4529,-2322,-363,-2998,-2328,4530,-2323,-765]],"type":"Polygon","properties":{"geoid":"3906176582","name":"The Village of Indian Hill"},"id":"3906176582"},{"arcs":[[4531,-723,4532,4533,4534]],"type":"Polygon","properties":{"geoid":"3909138682","name":"Jefferson"},"id":"3909138682"},{"arcs":[[-2440,-717,-4532,4535,-2681]],"type":"Polygon","properties":{"geoid":"3909141286","name":"Lake"},"id":"3909141286"},{"arcs":[[-3862,4536,-3289,-2782,-2792]],"type":"Polygon","properties":{"geoid":"3909107118","name":"Bloomfield"},"id":"3909107118"},{"arcs":[[-4443,4537]],"type":"Polygon","properties":{"geoid":"3906132158","name":"Greenhills"},"id":"3906132158"},{"arcs":[[-192,-2228,-2289,4538]],"type":"Polygon","properties":{"geoid":"3906145108","name":"Loveland"},"id":"3906145108"},{"arcs":[[4539,-4526,-2326,-763,-2339,4540,-2333]],"type":"Polygon","properties":{"geoid":"3906146312","name":"Madeira"},"id":"3906146312"},{"arcs":[[-769,-2327,-767,-2324,-4531,-2331,-2431,-2336,-3866]],"type":"Polygon","properties":{"geoid":"3906147600","name":"Mariemont"},"id":"3906147600"},{"arcs":[[4541,4542,-4528,4543,-3030]],"type":"Polygon","properties":{"geoid":"3906151716","name":"Montgomery"},"id":"3906151716"},{"arcs":[[-2436]],"type":"Polygon","properties":{"geoid":"3906155678","name":"Newtown"},"id":"3906155678"},{"arcs":[[[-3784,4544,-796,4545,-8,-1520,-2988]],[[-2989,-1518,-13]]],"type":"MultiPolygon","properties":{"geoid":"3902351912","name":"Moorefield"},"id":"3902351912"},{"arcs":[[4546,-456,4547,-3028,4548,-4447]],"type":"Polygon","properties":{"geoid":"3906171892","name":"Sharonville"},"id":"3906171892"},{"arcs":[[-4069,-457,-4547,-4446,4549,-4441]],"type":"Polygon","properties":{"geoid":"3906174104","name":"Springdale"},"id":"3906174104"},{"arcs":[[[-455,-3451,4550,-4542,-3029,-4548]],[[-3031,-4544,-4527,-4540,-2332,4551,4552,4553,4554]],[[-741,4555,-755]]],"type":"MultiPolygon","properties":{"geoid":"3906175973","name":"Sycamore"},"id":"3906175973"},{"arcs":[[[-2295,-2321,-4530]],[[-3450,-3457,-195,-3452,-193,-4539,-2288,-4529,-4543,-4551]]],"type":"MultiPolygon","properties":{"geoid":"3906176028","name":"Symmes"},"id":"3906176028"},{"arcs":[[4556,-3192,-3525,4557,-719,-2439,-3291]],"type":"Polygon","properties":{"geoid":"3909166740","name":"Richland"},"id":"3909166740"},{"arcs":[[-342,-1426,-3193,-4557,-3290,-4537,-3861]],"type":"Polygon","properties":{"geoid":"3909174780","name":"Stokes"},"id":"3909174780"},{"arcs":[[-2784,-2683,4558,-3736,4559]],"type":"Polygon","properties":{"geoid":"3909178414","name":"Union"},"id":"3909178414"},{"arcs":[[-2682,-4536,-4535,4560,-3779,-3737,-4559]],"type":"Polygon","properties":{"geoid":"3909143246","name":"Liberty"},"id":"3909143246"},{"arcs":[[-1390,4561,-2145,4562,4563,-1633]],"type":"Polygon","properties":{"geoid":"3902910562","name":"Butler"},"id":"3902910562"},{"arcs":[[[4564,4565,4566]],[[-1864,4567,4568,4569,4570,4571]]],"type":"MultiPolygon","properties":{"geoid":"3902944226","name":"Liverpool"},"id":"3902944226"},{"arcs":[[-2576,4572,-4568,-1863,4573,-1637]],"type":"Polygon","properties":{"geoid":"3902946368","name":"Madison"},"id":"3902946368"},{"arcs":[[-2218,4574,4575,-2575]],"type":"Polygon","properties":{"geoid":"3902949784","name":"Middleton"},"id":"3902949784"},{"arcs":[[-153,-1638,-4574,-1862,-1715,-292]],"type":"Polygon","properties":{"geoid":"3902981158","name":"Washington"},"id":"3902981158"},{"arcs":[[-1634,4576,-1941,-2828,4577]],"type":"Polygon","properties":{"geoid":"3902982852","name":"West"},"id":"3902982852"},{"arcs":[[-2821,-1686,4578]],"type":"Polygon","properties":{"geoid":"3909533418","name":"Harding"},"id":"3909533418"},{"arcs":[[-2820,4579,-3276,-30,4580,-1688]],"type":"Polygon","properties":{"geoid":"3909551156","name":"Monclova"},"id":"3909551156"},{"arcs":[[4581,4582,4583,4584,4585,4586,4587,4588,4589,4590,-2903,-4035,-1698]],"type":"Polygon","properties":{"geoid":"3909558730","name":"Oregon"},"id":"3909558730"},{"arcs":[[-3199,-1690,4591,-2640,-1014,4592]],"type":"Polygon","properties":{"geoid":"3909564836","name":"Providence"},"id":"3909564836"},{"arcs":[[-2819,4593,-1702,-3275,-4580]],"type":"Polygon","properties":{"geoid":"3909574123","name":"Springfield"},"id":"3909574123"},{"arcs":[[[4596,-4585,4597,-4583]],[[4598,-1696]]],"type":"MultiPolygon","properties":{"geoid":"3909581438","name":"Washington"},"id":"3909581438"},{"arcs":[[-1689,-4581,-41,-4030,-4297,-4028,-2636,-4592]],"type":"Polygon","properties":{"geoid":"3909581872","name":"Waterville"},"id":"3909581872"},{"arcs":[[-1602,-2508,-1606,-2166]],"type":"Polygon","properties":{"geoid":"3900911220","name":"Canaan"},"id":"3900911220"},{"arcs":[[4599,-1621,4600,4601,4602,4603]],"type":"Polygon","properties":{"geoid":"3901361378","name":"Pease"},"id":"3901361378"},{"arcs":[[-4603,4604,4605,4606]],"type":"Polygon","properties":{"geoid":"3901364962","name":"Pultney"},"id":"3901364962"},{"arcs":[[-304,4607,4608,-4604,-4607,4609,4610,-3292]],"type":"Polygon","properties":{"geoid":"3901366628","name":"Richland"},"id":"3901366628"},{"arcs":[[-3293,-4611,4611,-1596,-3155]],"type":"Polygon","properties":{"geoid":"3901372736","name":"Smith"},"id":"3901372736"},{"arcs":[[4612,4613,4614,-1598]],"type":"Polygon","properties":{"geoid":"3901386996","name":"York"},"id":"3901386996"},{"arcs":[[-1503,-1603,-2165,-3189]],"type":"Polygon","properties":{"geoid":"3900922414","name":"Dover"},"id":"3900922414"},{"arcs":[[4615,4616,-1646,4617]],"type":"Polygon","properties":{"geoid":"3900942420","name":"Lee"},"id":"3900942420"},{"arcs":[[-3190,-2168,-4616,4618,-1427]],"type":"Polygon","properties":{"geoid":"3900981777","name":"Waterloo"},"id":"3900981777"},{"arcs":[[-2793,-2785,-4560,-3735,4619,4620]],"type":"Polygon","properties":{"geoid":"3909149378","name":"Miami"},"id":"3909149378"},{"arcs":[[-4533,-722,4621,4622,-3394,4623]],"type":"Polygon","properties":{"geoid":"3909161938","name":"Perry"},"id":"3909161938"},{"arcs":[[4624,4625]],"type":"Polygon","properties":{"geoid":"3916705424","name":"Belpre"},"id":"3916705424"},{"arcs":[[4626,-2104,4627,4628,4629,4630,4631,4632,4633,4634,-3]],"type":"Polygon","properties":{"geoid":"3916753452","name":"Muskingum"},"id":"3916753452"},{"arcs":[[-4,-4635,4635,4636,4637,4638,-1673,-1669]],"type":"Polygon","properties":{"geoid":"3916780934","name":"Warren"},"id":"3916780934"},{"arcs":[[4639,-3214,4640]],"type":"Polygon","properties":{"geoid":"3910542868","name":"Letart"},"id":"3910542868"},{"arcs":[[4641,-1810,-1945,-1644,4642,4643]],"type":"Polygon","properties":{"geoid":"3910570114","name":"Salisbury"},"id":"3910570114"},{"arcs":[[4644,-1946,-1809,-1647]],"type":"Polygon","properties":{"geoid":"3910570996","name":"Scipio"},"id":"3910570996"},{"arcs":[[-1643,-3215,-4640,4645,-4643]],"type":"Polygon","properties":{"geoid":"3910575847","name":"Sutton"},"id":"3910575847"},{"arcs":[[4646,-3207,4647,4648,4649],[-3204]],"type":"Polygon","properties":{"geoid":"3908119484","name":"Cross Creek"},"id":"3908119484"},{"arcs":[[-4408,4650,4651,4652,-1619,-4411]],"type":"Polygon","properties":{"geoid":"3908172767","name":"Smithfield"},"id":"3908172767"},{"arcs":[[-3206,4653,4654,-4648]],"type":"Polygon","properties":{"geoid":"3908174615","name":"Steubenville"},"id":"3908174615"},{"arcs":[[-4653,4655,4656,-4601,-1620]],"type":"Polygon","properties":{"geoid":"3908180878","name":"Warren"},"id":"3908180878"},{"arcs":[[4657,-4649,-4655,4658,-4656,-4652]],"type":"Polygon","properties":{"geoid":"3908182698","name":"Wells"},"id":"3908182698"},{"arcs":[[-1784,-2808,4659,4660,-1663,-4022,-4027]],"type":"Polygon","properties":{"geoid":"3911128357","name":"Franklin"},"id":"3911128357"},{"arcs":[[-430,-3340,-2351,-2223,4661,4662]],"type":"Polygon","properties":{"geoid":"3911137898","name":"Jackson"},"id":"3911137898"},{"arcs":[[4663,4664,4665,-2443,-2349]],"type":"Polygon","properties":{"geoid":"3911169918","name":"Salem"},"id":"3911169918"},{"arcs":[[-1599,-4615,4666,-4665,4667,4668]],"type":"Polygon","properties":{"geoid":"3911175945","name":"Switzerland"},"id":"3911175945"},{"arcs":[[-2807,4669,-3338,4670,-4660]],"type":"Polygon","properties":{"geoid":"3911182208","name":"Wayne"},"id":"3911182208"},{"arcs":[[4671,-3210,-1675,4672,-4626,4673]],"type":"Polygon","properties":{"geoid":"3916705438","name":"Belpre"},"id":"3916705438"},{"arcs":[[-2103,4674,4675,4676,4677,-4628]],"type":"Polygon","properties":{"geoid":"3916726810","name":"Fearing"},"id":"3916726810"},{"arcs":[[4680,-4633,-4680,-4631,-4679,-4629,-4678,4681,4682,4683,4684,4685,-4637]],"type":"Polygon","properties":{"geoid":"3916747628","name":"Marietta"},"id":"3916747628"},{"arcs":[[4686,4687,-3007,-2904,-4591]],"type":"Polygon","properties":{"geoid":"3909539116","name":"Jerusalem"},"id":"3909539116"},{"arcs":[[4688,-3763,-4039]],"type":"Polygon","properties":{"geoid":"3917328014","name":"Fostoria"},"id":"3917328014"},{"arcs":[[-1521,-9,-4546,-795,-143,4689,4690,-783,-17]],"type":"Polygon","properties":{"geoid":"3902333586","name":"Harmony"},"id":"3902333586"},{"arcs":[[-2193,4691,-4234,4692,-4155,-4235]],"type":"Polygon","properties":{"geoid":"3914579170","name":"Valley"},"id":"3914579170"},{"arcs":[[-1811,-4642,4693,-1786,-1616]],"type":"Polygon","properties":{"geoid":"3905313946","name":"Cheshire"},"id":"3905313946"},{"arcs":[[-2518,-1612,4694,4695,4696]],"type":"Polygon","properties":{"geoid":"3905315462","name":"Clay"},"id":"3905315462"},{"arcs":[[-3623,-1119,4697,4698,-1171,-3505]],"type":"Polygon","properties":{"geoid":"3905332074","name":"Greenfield"},"id":"3905332074"},{"arcs":[[-1484,4699,4700,4701,-3500,-1174]],"type":"Polygon","properties":{"geoid":"3905332760","name":"Guyan"},"id":"3905332760"},{"arcs":[[-3162,-1332,-1651,-1614,4702,-1116]],"type":"Polygon","properties":{"geoid":"3905336848","name":"Huntington"},"id":"3905336848"},{"arcs":[[-4696,4703,-4701]],"type":"Polygon","properties":{"geoid":"3905357974","name":"Ohio"},"id":"3905357974"},{"arcs":[[-4703,-1618,-3114,4704,-1117]],"type":"Polygon","properties":{"geoid":"3905365228","name":"Raccoon"},"id":"3905365228"},{"arcs":[[-4699,4705,-2520,4706,-1483,-1172]],"type":"Polygon","properties":{"geoid":"3905380584","name":"Walnut"},"id":"3905380584"},{"arcs":[[-4250,4707,-1360,-4366,-4371,-2410,-3171]],"type":"Polygon","properties":{"geoid":"3903580738","name":"Walton Hills"},"id":"3903580738"},{"arcs":[[4708,-4668,-4664,-2348,4709]],"type":"Polygon","properties":{"geoid":"3911100296","name":"Adams"},"id":"3911100296"},{"arcs":[[-2387,-4258,-2392,-727,-4259,-725,-4261]],"type":"Polygon","properties":{"geoid":"3903558422","name":"Olmsted Falls"},"id":"3903558422"},{"arcs":[[-2109,-3838,-4171,-1004,-4169]],"type":"Polygon","properties":{"geoid":"3910131192","name":"Grand Prairie"},"id":"3910131192"},{"arcs":[[-245,4710,4711,-2763,4712,-2060,4713,-2774,-3046]],"type":"Polygon","properties":{"geoid":"3908549056","name":"Mentor"},"id":"3908549056"},{"arcs":[[4714,4715,-2367,-1816,-2069]],"type":"Polygon","properties":{"geoid":"3912325578","name":"Erie"},"id":"3912325578"},{"arcs":[[-3643,-3645,-1789,4716]],"type":"Polygon","properties":{"geoid":"3913538010","name":"Jackson"},"id":"3913538010"},{"arcs":[[-1693,4717]],"type":"Polygon","properties":{"geoid":"3909559010","name":"Ottawa Hills"},"id":"3909559010"},{"arcs":[[-3689,-4060,-371,-3174,-1825]],"type":"Polygon","properties":{"geoid":"3904580570","name":"Walnut"},"id":"3904580570"},{"arcs":[[4718,4719,-2354,-613]],"type":"Polygon","properties":{"geoid":"3913147824","name":"Marion"},"id":"3913147824"},{"arcs":[[-2908,-2880,-4045,-3178,-1153,-3541]],"type":"Polygon","properties":{"geoid":"3911728378","name":"Franklin"},"id":"3911728378"},{"arcs":[[4720,-3516,-3531,-1732,-162]],"type":"Polygon","properties":{"geoid":"3904535812","name":"Hocking"},"id":"3904535812"},{"arcs":[[-3447,-451,-3446,-1056,-3445,4721,-3443,4722,4723,-3408,4724,-3441,-3453,-3448,-453]],"type":"Polygon","properties":{"geoid":"3916548188","name":"Mason"},"id":"3916548188"},{"arcs":[[-318,-1869,-2215,4725,-3496]],"type":"Polygon","properties":{"geoid":"3908778974","name":"Upper"},"id":"3908778974"},{"arcs":[[-3569,-3566,-3597,4726,-3545,4727]],"type":"Polygon","properties":{"geoid":"3911974125","name":"Springfield"},"id":"3911974125"},{"arcs":[[-2614,-3142,-4037,-2205]],"type":"Polygon","properties":{"geoid":"3917351744","name":"Montgomery"},"id":"3917351744"},{"arcs":[[-1275,-3194,-1424,-3733]],"type":"Polygon","properties":{"geoid":"3901182054","name":"Wayne"},"id":"3901182054"},{"arcs":[[4728,-4431,-3252,-2449,-3251,-2667,-3483]],"type":"Polygon","properties":{"geoid":"3915582446","name":"Weathersfield"},"id":"3915582446"},{"arcs":[[-4414,-641,-3168,-639,-886,-117,-2466,-4401,-2617,-4416]],"type":"Polygon","properties":{"geoid":"3910738724","name":"Jefferson"},"id":"3910738724"},{"arcs":[[-4243,-124,-4200,-4238,4729,-4257,4730,-4247,-231]],"type":"Polygon","properties":{"geoid":"3903580990","name":"Warrensville Heights"},"id":"3903580990"},{"arcs":[[-1260,-405,-3124,-2882,-1245]],"type":"Polygon","properties":{"geoid":"3915778568","name":"Union"},"id":"3915778568"},{"arcs":[[-2671,4731,-3208,-4647,4732]],"type":"Polygon","properties":{"geoid":"3908137534","name":"Island Creek"},"id":"3908137534"},{"arcs":[[-4525,-4504,-1795,-801,-810,-257]],"type":"Polygon","properties":{"geoid":"3903921322","name":"Defiance"},"id":"3903921322"},{"arcs":[[-2597,-2026,-2085,4733,-3335,-2292]],"type":"Polygon","properties":{"geoid":"3902574825","name":"Stonelick"},"id":"3902574825"},{"arcs":[[4734,4735,4736,-4052,-921,-2265,-4046]],"type":"Polygon","properties":{"geoid":"3908350330","name":"Miller"},"id":"3908350330"},{"arcs":[[-4400,-4145,-1947,-978]],"type":"Polygon","properties":{"geoid":"3909367776","name":"Rochester"},"id":"3909367776"},{"arcs":[[-398,-394,-565,-3526,-2627]],"type":"Polygon","properties":{"geoid":"3901978260","name":"Union"},"id":"3901978260"},{"arcs":[[-1254,-1240,-1231,-2360,-3435,-1256,-1243]],"type":"Polygon","properties":{"geoid":"3915726082","name":"Fairfield"},"id":"3915726082"},{"arcs":[[-3875,-1757,-3876,-1755]],"type":"Polygon","properties":{"geoid":"3905549700","name":"Middlefield"},"id":"3905549700"},{"arcs":[[-1892,4737,-1890,4738,-3955,-4211,4739,-4209,4740,-4207]],"type":"Polygon","properties":{"geoid":"3907705228","name":"Bellevue"},"id":"3907705228"},{"arcs":[[-2853,-431,-4663,4741,4742]],"type":"Polygon","properties":{"geoid":"3916731276","name":"Grandview"},"id":"3916731276"},{"arcs":[[-2689,-4369,-4362]],"type":"Polygon","properties":{"geoid":"3915372494","name":"Silver Lake"},"id":"3915372494"},{"arcs":[[-1460,-2771,4743,-3667,4744,-148]],"type":"Polygon","properties":{"geoid":"3909721154","name":"Deer Creek"},"id":"3909721154"},{"arcs":[[4745,4746,-4710,-2353,-3339,-4670,-2806]],"type":"Polygon","properties":{"geoid":"3911112966","name":"Center"},"id":"3911112966"},{"arcs":[[4747,4748,4749,4750,-3850,4751]],"type":"Polygon","properties":{"geoid":"3903310030","name":"Bucyrus"},"id":"3903310030"},{"arcs":[[-4463,-3261,-4457,4752]],"type":"Polygon","properties":{"geoid":"3913368392","name":"Rootstown"},"id":"3913368392"},{"arcs":[[-3418,-2486,-3423,-2737,-3420]],"type":"Polygon","properties":{"geoid":"3915738836","name":"Jefferson"},"id":"3915738836"},{"arcs":[[-4231,-2414,-4425,-4383,-1343]],"type":"Polygon","properties":{"geoid":"3903508364","name":"Brecksville"},"id":"3903508364"},{"arcs":[[-2107,4753,-1834,-1140]],"type":"Polygon","properties":{"geoid":"3900734300","name":"Hartsgrove"},"id":"3900734300"},{"arcs":[[-4100,-6,-1668,-2849,-444]],"type":"Polygon","properties":{"geoid":"3916759626","name":"Palmer"},"id":"3916759626"},{"arcs":[[-520,-4413,4754,-324,-2733]],"type":"Polygon","properties":{"geoid":"3906702764","name":"Athens"},"id":"3906702764"},{"arcs":[[-3354,-1897,-3806,-3802,-797,-4262]],"type":"Polygon","properties":{"geoid":"3905772473","name":"Silvercreek"},"id":"3905772473"},{"arcs":[[-2241,-3903,-3894,-3888,-1306,-3886]],"type":"Polygon","properties":{"geoid":"3913982628","name":"Weller"},"id":"3913982628"},{"arcs":[[4755,-616,-4692,-2192,-2898]],"type":"Polygon","properties":{"geoid":"3913170884","name":"Scioto"},"id":"3913170884"},{"arcs":[[-3874,-1808,-4455,-1143]],"type":"Polygon","properties":{"geoid":"3905559948","name":"Parkman"},"id":"3905559948"},{"arcs":[[-1068,-1063,-3414,-1373]],"type":"Polygon","properties":{"geoid":"3916548216","name":"Massie"},"id":"3916548216"},{"arcs":[[4756,-2647,4757,4758,-1037,4759,4760]],"type":"Polygon","properties":{"geoid":"3914564304","name":"Portsmouth"},"id":"3914564304"},{"arcs":[[-2391,-4253,-2594,-3943,-3946,-3941,-3947,-3939,-3948,-728]],"type":"Polygon","properties":{"geoid":"3903575098","name":"Strongsville"},"id":"3903575098"},{"arcs":[[-3701,-3770,-3697,-2804,-2020,-3844,-1761]],"type":"Polygon","properties":{"geoid":"3911377504","name":"Trotwood"},"id":"3911377504"},{"arcs":[[[-4072,-4440,4762]],[[-4444,-4538,-4442,-4550,-4449,-2725,4764,-750,4765,-782,4766,4767]],[[4768,-748,4769]]],"type":"MultiPolygon","properties":{"geoid":"3906174121","name":"Springfield"},"id":"3906174121"},{"arcs":[[-4508,-2822,-4579,-1685,-3198,4770]],"type":"Polygon","properties":{"geoid":"3905129036","name":"Fulton"},"id":"3905129036"},{"arcs":[[4771,-1212,-538,-4503]],"type":"Polygon","properties":{"geoid":"3906927342","name":"Flatrock"},"id":"3906927342"},{"arcs":[[-3708,4772,-2735,4773,-903]],"type":"Polygon","properties":{"geoid":"3913963814","name":"Plymouth"},"id":"3913963814"},{"arcs":[[-1351,-239,4774,-241]],"type":"Polygon","properties":{"geoid":"3903509246","name":"Brooklyn"},"id":"3903509246"},{"arcs":[[-4448,-4549,-3027,4775,4776,4777,-2722]],"type":"Polygon","properties":{"geoid":"3906125802","name":"Evendale"},"id":"3906125802"},{"arcs":[[-3570,-4728,-3544,-1191,-2180,-4054,4778]],"type":"Polygon","properties":{"geoid":"3911955608","name":"Newton"},"id":"3911955608"},{"arcs":[[-3678,-1417,-2546,-3842,-3840]],"type":"Polygon","properties":{"geoid":"3917550106","name":"Mifflin"},"id":"3917550106"},{"arcs":[[-235,4779]],"type":"Polygon","properties":{"geoid":"3903554250","name":"Newburgh Heights"},"id":"3903554250"},{"arcs":[[-3522,-2188,4780,4781,-720,-4558,-3524]],"type":"Polygon","properties":{"geoid":"3906576198","name":"Taylor Creek"},"id":"3906576198"},{"arcs":[[4782,-4567,4783,-4570]],"type":"Polygon","properties":{"geoid":"3902923730","name":"East Liverpool"},"id":"3902923730"},{"arcs":[[4784,-4159,-320,-3495,4785]],"type":"Polygon","properties":{"geoid":"3914531836","name":"Green"},"id":"3914531836"},{"arcs":[[-1397,-3053,-3018,-4177,-3103,-4191,-4223,-4164]],"type":"Polygon","properties":{"geoid":"3914178540","name":"Union"},"id":"3914178540"},{"arcs":[[-1712,4786,-3382,-308]],"type":"Polygon","properties":{"geoid":"3916163408","name":"Pleasant"},"id":"3916163408"},{"arcs":[[-106,-4422,-104,-4421,-102,-4420,-100,-4358,-4424]],"type":"Polygon","properties":{"geoid":"3915326166","name":"Fairlawn"},"id":"3915326166"},{"arcs":[[-3964,4788,-2058,-3953,4789,4790]],"type":"Polygon","properties":{"geoid":"3914716154","name":"Clinton"},"id":"3914716154"},{"arcs":[[-1122,4792]],"type":"Polygon","properties":{"geoid":"3904171976","name":"Shawnee Hills"},"id":"3904171976"},{"arcs":[[4793,-1857,-3706,4794,4795]],"type":"Polygon","properties":{"geoid":"3907732102","name":"Greenfield"},"id":"3907732102"},{"arcs":[[-2102,-4023,-1666,-2851,4796,4797,-4675]],"type":"Polygon","properties":{"geoid":"3916743386","name":"Liberty"},"id":"3916743386"},{"arcs":[[4798,4799,-1190,-3580,4800,-3576,4801]],"type":"Polygon","properties":{"geoid":"3911946536","name":"Madison"},"id":"3911946536"},{"arcs":[[[-3186,-4475,4802,-4476,4803,-4479,4804,-4481,-2121,-698]],[[-3187,-696,-2578]],[[-700,-2120,-2581]]],"type":"MultiPolygon","properties":{"geoid":"3915162078","name":"Perry"},"id":"3915162078"},{"arcs":[[4805,-2066,4806,-3995,4807,-2776]],"type":"Polygon","properties":{"geoid":"3905513561","name":"Chardon"},"id":"3905513561"},{"arcs":[[-2556,-3915,-2550,-3242,4808,4809,-3793,-3100]],"type":"Polygon","properties":{"geoid":"3910332676","name":"Guilford"},"id":"3910332676"},{"arcs":[[-2875,4810,4811,-4049,-4048,4812,-4736,4813]],"type":"Polygon","properties":{"geoid":"3908353102","name":"Mount Vernon"},"id":"3908353102"},{"arcs":[[-3632,-2319,4814,-2317,4815,4816,-3727,-1270]],"type":"Polygon","properties":{"geoid":"3900371955","name":"Shawnee"},"id":"3900371955"},{"arcs":[[-4564,4817,-150,-1942,-4577]],"type":"Polygon","properties":{"geoid":"3902933264","name":"Hanover"},"id":"3902933264"},{"arcs":[[-4693,-4233,-2649,4818,-4761,4819,-4212,-4156]],"type":"Polygon","properties":{"geoid":"3914515560","name":"Clay"},"id":"3914515560"},{"arcs":[[-2954,-3121,4820,-2534,-3278]],"type":"Polygon","properties":{"geoid":"3907580626","name":"Walnut Creek"},"id":"3907580626"},{"arcs":[[-1762,-3845,-1405,-2229]],"type":"Polygon","properties":{"geoid":"3911337912","name":"Jackson"},"id":"3911337912"},{"arcs":[[-4799,4821]],"type":"Polygon","properties":{"geoid":"3911938752","name":"Jefferson"},"id":"3911938752"},{"arcs":[[-757,4822,-4554,4823,4824,-760,-2340,-779]],"type":"Polygon","properties":{"geoid":"3906101672","name":"Amberley"},"id":"3906101672"},{"arcs":[[-2187,-3530,-3969,-282,4825,-4781]],"type":"Polygon","properties":{"geoid":"3906532837","name":"Hale"},"id":"3906532837"},{"arcs":[[-4254,-1843,-1134,-1842,-534,-4009,-4012,4826]],"type":"Polygon","properties":{"geoid":"3905569232","name":"Russell"},"id":"3905569232"},{"arcs":[[-4194,4827,-4245,-4220,4828]],"type":"Polygon","properties":{"geoid":"3903568056","name":"Rocky River"},"id":"3903568056"},{"arcs":[[-3428,-3474,-3426,-3690,-1992,-3695,-3769,-3699]],"type":"Polygon","properties":{"geoid":"3911378625","name":"Union City"},"id":"3911378625"},{"arcs":[[4829,-2118]],"type":"Polygon","properties":{"geoid":"3917151772","name":"Montpelier"},"id":"3917151772"},{"arcs":[[-3434,-1432,-2798,-400,-2626,-1258]],"type":"Polygon","properties":{"geoid":"3901968420","name":"Rose"},"id":"3901968420"},{"arcs":[[-3768,-3237,-2767,-60,-465,-3766]],"type":"Polygon","properties":{"geoid":"3907381354","name":"Washington"},"id":"3907381354"},{"arcs":[[-811,-804,-4128,-353,-1728]],"type":"Polygon","properties":{"geoid":"3912537954","name":"Jackson"},"id":"3912537954"},{"arcs":[[-1917,-2894,-3537,-993]],"type":"Polygon","properties":{"geoid":"3916962995","name":"Plain"},"id":"3916962995"},{"arcs":[[-4563,-2144,-2577,-1636,-151,-4818]],"type":"Polygon","properties":{"geoid":"3902912910","name":"Center"},"id":"3902912910"},{"arcs":[[-2197,-4076,-1079,-4078,-1984,-4079]],"type":"Polygon","properties":{"geoid":"3902781144","name":"Washington"},"id":"3902781144"},{"arcs":[[4830,-1590,-2071,-3051,-3334,-2512,-984]],"type":"Polygon","properties":{"geoid":"3914381592","name":"Washington"},"id":"3914381592"},{"arcs":[[4831,-1708,-277,-3542,-2278,-3546,-4727,-3596]],"type":"Polygon","properties":{"geoid":"3911982236","name":"Wayne"},"id":"3911982236"},{"arcs":[[-1805,-351,-4137,4832,-1879,4833,-3508]],"type":"Polygon","properties":{"geoid":"3915513470","name":"Champion"},"id":"3915513470"},{"arcs":[[[4834,-4004,-203,-2398]],[[-4000,-4002,4835,-2396]]],"type":"MultiPolygon","properties":{"geoid":"3903177896","name":"Tuscarawas"},"id":"3903177896"},{"arcs":[[[4836,-2760,-2063,-2761,-4712]],[[-2762,-2061,-4713]]],"type":"MultiPolygon","properties":{"geoid":"3908559430","name":"Painesville"},"id":"3908559430"},{"arcs":[[[-2258,-4326]],[[-2254,-2405,-4328]],[[-3222,4837,-3099,-1127,-3937,-4303,-4382,-4301,-3658]],[[-4329,-2403,-3660]]],"type":"MultiPolygon","properties":{"geoid":"3904981242","name":"Washington"},"id":"3904981242"},{"arcs":[[-3717,4838,-248,-4287,-2420,-4266,4839]],"type":"Polygon","properties":{"geoid":"3905704724","name":"Beavercreek"},"id":"3905704724"},{"arcs":[[-2570,-3157,4840,-4746,-2805,-1782]],"type":"Polygon","properties":{"geoid":"3911146928","name":"Malaga"},"id":"3911146928"},{"arcs":[[-4465]],"type":"Polygon","properties":{"geoid":"3913365592","name":"Ravenna"},"id":"3913365592"},{"arcs":[[-1827,-3173,-3514,-4721,-3203]],"type":"Polygon","properties":{"geoid":"3904532060","name":"Greenfield"},"id":"3904532060"},{"arcs":[[-4821,-3120,4841,-1239,-3417,-2535]],"type":"Polygon","properties":{"geoid":"3915775217","name":"Sugar Creek"},"id":"3915775217"},{"arcs":[[-4094,4842,-4092,4843,-4090,4844]],"type":"Polygon","properties":{"geoid":"3912915070","name":"Circleville"},"id":"3912915070"},{"arcs":[[-3200,-4593,4845,-3380]],"type":"Polygon","properties":{"geoid":"3906981326","name":"Washington"},"id":"3906981326"},{"arcs":[[-4731,-4256,-4730,-1361,-1356,4846,-4248]],"type":"Polygon","properties":{"geoid":"3903504920","name":"Bedford Heights"},"id":"3903504920"},{"arcs":[[-513,4847,-4226,-1309,-4224,-175,-2878,-67,-2983]],"type":"Polygon","properties":{"geoid":"3913977616","name":"Troy"},"id":"3913977616"},{"arcs":[[-4063,4848,-3975,-4066,-4451,-4284]],"type":"Polygon","properties":{"geoid":"3907184826","name":"Whiteoak"},"id":"3907184826"},{"arcs":[[-3166,-2884,-3127,4849,-1660,-476]],"type":"Polygon","properties":{"geoid":"3906728308","name":"Franklin"},"id":"3906728308"},{"arcs":[[-4827,-4013,-2726,-1451,-4255]],"type":"Polygon","properties":{"geoid":"3903513372","name":"Chagrin Falls"},"id":"3903513372"},{"arcs":[[-3609,-3604,4850,-3598,-1901,-1736]],"type":"Polygon","properties":{"geoid":"3907540852","name":"Knox"},"id":"3907540852"},{"arcs":[[-149,-4745,-3668,-4744,-3664,-3669,4851,-4690]],"type":"Polygon","properties":{"geoid":"3909778428","name":"Union"},"id":"3909778428"},{"arcs":[[-3676,-3107,4852,-3639,-3285,-3385]],"type":"Polygon","properties":{"geoid":"3913738976","name":"Jennings"},"id":"3913738976"},{"arcs":[[-2992,-580,-272,-637,-1680]],"type":"Polygon","properties":{"geoid":"3910778442","name":"Union"},"id":"3910778442"},{"arcs":[[-3104,-4789,-3963,-4788,-3965,-4791,-582,-3035]],"type":"Polygon","properties":{"geoid":"3914736400","name":"Hopewell"},"id":"3914736400"},{"arcs":[[[-1099,4854,-3957]],[[-1101,-3961,4855,-1961,4856,-3791,4857,-4809]]],"type":"MultiPolygon","properties":{"geoid":"3910380318","name":"Wadsworth"},"id":"3910380318"},{"arcs":[[-4205,-4232,-1341,4858]],"type":"Polygon","properties":{"geoid":"3903571416","name":"Seven Hills"},"id":"3903571416"},{"arcs":[[-4399,-4195,-4829,-4219,-2863,-4147]],"type":"Polygon","properties":{"geoid":"3903583622","name":"Westlake"},"id":"3903583622"},{"arcs":[[-4714,-2067,-4806,-2775]],"type":"Polygon","properties":{"geoid":"3908540670","name":"Kirtland Hills"},"id":"3908540670"},{"arcs":[[-2593,-1345,-4386,-107,-3949,-3944]],"type":"Polygon","properties":{"geoid":"3910335644","name":"Hinckley"},"id":"3910335644"},{"arcs":[[-4858,-3790,4859,-3794,-4810]],"type":"Polygon","properties":{"geoid":"3910367356","name":"Rittman"},"id":"3910367356"},{"arcs":[[4860,-4777,4861,-739,-754,4862]],"type":"Polygon","properties":{"geoid":"3906144366","name":"Lockland"},"id":"3906144366"},{"arcs":[[-1019,-2081,-1846,4863]],"type":"Polygon","properties":{"geoid":"3917338164","name":"Jackson"},"id":"3917338164"},{"arcs":[[-2638,-4034,4865,-3646,-3652,4866,-345,-3662]],"type":"Polygon","properties":{"geoid":"3917363002","name":"Plain"},"id":"3917363002"},{"arcs":[[-418,-1731,-78,-3477,-1677]],"type":"Polygon","properties":{"geoid":"3915532732","name":"Gustavus"},"id":"3915532732"},{"arcs":[[-3126,-4410,-3298,-516,-1661,-4850]],"type":"Polygon","properties":{"geoid":"3906774724","name":"Stock"},"id":"3906774724"},{"arcs":[[-4740,-4210]],"type":"Polygon","properties":{"geoid":"3914305228","name":"Bellevue"},"id":"3914305228"},{"arcs":[[-3049,4867,-4188,-4181,-3324,-4172,-3331]],"type":"Polygon","properties":{"geoid":"3914367188","name":"Riley"},"id":"3914367188"},{"arcs":[[-4836,-4001,-4835,-2397]],"type":"Polygon","properties":{"geoid":"3903118868","name":"Coshocton"},"id":"3903118868"},{"arcs":[[-4572,4868,4869,-1865]],"type":"Polygon","properties":{"geoid":"3902982740","name":"Wellsville"},"id":"3902982740"},{"arcs":[[-4846,-1017,-3663,-1652,-3377]],"type":"Polygon","properties":{"geoid":"3906920016","name":"Damascus"},"id":"3906920016"},{"arcs":[[-482,-2832,-3747,-2830,4870,4871]],"type":"Polygon","properties":{"geoid":"3907767006","name":"Ridgefield"},"id":"3907767006"},{"arcs":[[-4825,4872,-4552,-2334,-4541,-2338,-761]],"type":"Polygon","properties":{"geoid":"3906172522","name":"Silverton"},"id":"3906172522"},{"arcs":[[-1428,-4619,-4618,-1645,-3491,-3431]],"type":"Polygon","properties":{"geoid":"3916340880","name":"Knox"},"id":"3916340880"},{"arcs":[[-4107,-3063,4873,-4719,-612,4874]],"type":"Polygon","properties":{"geoid":"3913104710","name":"Beaver"},"id":"3913104710"},{"arcs":[[-1718,4875,-2672,4876,-1625]],"type":"Polygon","properties":{"geoid":"3908168644","name":"Ross"},"id":"3908168644"},{"arcs":[[-2065,-3209,-1141,-2561,-3993,-4807]],"type":"Polygon","properties":{"geoid":"3905532914","name":"Hambden"},"id":"3905532914"},{"arcs":[[-2012,4877]],"type":"Polygon","properties":{"geoid":"3911357764","name":"Oakwood"},"id":"3911357764"},{"arcs":[[4878,-595,-2277,-2750,-3811,4879]],"type":"Polygon","properties":{"geoid":"3908924332","name":"Eden"},"id":"3908924332"},{"arcs":[[4880,-746,-4433,-744,4881,-2746]],"type":"Polygon","properties":{"geoid":"3906131752","name":"Green"},"id":"3906131752"},{"arcs":[[-3809,-2055,-3572,-926,-2623]],"type":"Polygon","properties":{"geoid":"3908933299","name":"Hanover"},"id":"3908933299"},{"arcs":[[-2642,-3758,-2665,-3633]],"type":"Polygon","properties":{"geoid":"3913706880","name":"Blanchard"},"id":"3913706880"},{"arcs":[[-1487,-840,-677,4882]],"type":"Polygon","properties":{"geoid":"3917169638","name":"St. Joseph"},"id":"3917169638"},{"arcs":[[-2171,-3258,-2699,-3180,4883,-3183,4884]],"type":"Polygon","properties":{"geoid":"3915331860","name":"Green"},"id":"3915331860"},{"arcs":[[4885,4886,-3319,-4084,-4143,-4086,-4142,4887,-2243,-4120]],"type":"Polygon","properties":{"geoid":"3909344856","name":"Lorain"},"id":"3909344856"},{"arcs":[[-4478,-4804,-4477,-4803,-4474,-4494,-3184,-4884,-3182,-4493,-4492,-4496,-4487,-4495,-4490,-4471,-4489,-2310,-4472,-2308,-4480,-4805]],"type":"Polygon","properties":{"geoid":"3915112000","name":"Canton"},"id":"3915112000"},{"arcs":[[-1118,-4705,-2516,-4706,-4698]],"type":"Polygon","properties":{"geoid":"3905361854","name":"Perry"},"id":"3905361854"},{"arcs":[[[-4833,-4430,-1880]],[[-4834,-1882,-4432,-4729,-3482,-2035]]],"type":"MultiPolygon","properties":{"geoid":"3915580906","name":"Warren"},"id":"3915580906"},{"arcs":[[4888,-3111,4889]],"type":"Polygon","properties":{"geoid":"3912312588","name":"Catawba Island"},"id":"3912312588"},{"arcs":[[[-4372,-2587,-4323]],[[-2249,-865,-4331]],[[-862,-4330]],[[-2407,-2252,-4325,-2583,-2769]]],"type":"MultiPolygon","properties":{"geoid":"3904964570","name":"Prairie"},"id":"3904964570"},{"arcs":[[-2013,-4878,-2011,-3718,-4840,-4267,-2418,-4268,-2416,4890,-3683,-3713]],"type":"Polygon","properties":{"geoid":"3911340040","name":"Kettering"},"id":"3911340040"},{"arcs":[[-3498,-1283,4891,-3396,4892]],"type":"Polygon","properties":{"geoid":"3915976194","name":"Taylor"},"id":"3915976194"},{"arcs":[[[-4314,-878,-4315]],[[-4319,-4373]],[[-4317,-883,-4087,-4374]]],"type":"MultiPolygon","properties":{"geoid":"3904933026","name":"Hamilton"},"id":"3904933026"},{"arcs":[[-4553,-4873,-4824]],"type":"Polygon","properties":{"geoid":"3906121266","name":"Deer Park"},"id":"3906121266"},{"arcs":[[-3458,-791,-2990,-20,-3069,4893,-3773]],"type":"Polygon","properties":{"geoid":"3902306054","name":"Bethel"},"id":"3902306054"},{"arcs":[[-4118,-4108,-4875,-611,-4756,-2897]],"type":"Polygon","properties":{"geoid":"3913171171","name":"Seal"},"id":"3913171171"},{"arcs":[[-3603,4894,-2790,-1434,-3599,-4851]],"type":"Polygon","properties":{"geoid":"3907551422","name":"Monroe"},"id":"3907551422"},{"arcs":[[-4167,-1007,-2307,-3002,-1830,-3968]],"type":"Polygon","properties":{"geoid":"3910131962","name":"Green Camp"},"id":"3910131962"},{"arcs":[[-1775,-3930,-1911,-1551,-4355,-1467,-4313]],"type":"Polygon","properties":{"geoid":"3904962974","name":"Plain"},"id":"3904962974"},{"arcs":[[-4051,-55,-1873,-1264,-592,-923]],"type":"Polygon","properties":{"geoid":"3908333880","name":"Harrison"},"id":"3908333880"},{"arcs":[[4895,-2815,-537,-2826,-3040]],"type":"Polygon","properties":{"geoid":"3900763772","name":"Plymouth"},"id":"3900763772"},{"arcs":[[4896,-3374,-2812,-4896,-3039]],"type":"Polygon","properties":{"geoid":"3900702652","name":"Ashtabula"},"id":"3900702652"},{"arcs":[[4897,-3041,-2656,-2209]],"type":"Polygon","properties":{"geoid":"3900729624","name":"Geneva"},"id":"3900729624"},{"arcs":[[-4782,-4826,-286,4898,-4622,-721]],"type":"Polygon","properties":{"geoid":"3909107552","name":"Bokescreek"},"id":"3909107552"},{"arcs":[[-4249,-4847,-1355,-4708]],"type":"Polygon","properties":{"geoid":"3903504878","name":"Bedford"},"id":"3903504878"},{"arcs":[[-3707,-1860,-3885,-1838,-4773]],"type":"Polygon","properties":{"geoid":"3913912420","name":"Cass"},"id":"3913912420"},{"arcs":[[-3156,-1600,-4669,-4709,-4747,-4841]],"type":"Polygon","properties":{"geoid":"3911175686","name":"Sunsbury"},"id":"3911175686"},{"arcs":[[-3490,-1322,-1920,-3610,-1110]],"type":"Polygon","properties":{"geoid":"3907981382","name":"Washington"},"id":"3907981382"},{"arcs":[[-832,-976,-3789,-134,-4176]],"type":"Polygon","properties":{"geoid":"3914116630","name":"Colerain"},"id":"3914116630"},{"arcs":[[-3778,-3797,-3606,-1953]],"type":"Polygon","properties":{"geoid":"3916970198","name":"Salt Creek"},"id":"3916970198"},{"arcs":[[-2244,-4888,-4141,-2967,-4144,-2029,-4121]],"type":"Polygon","properties":{"geoid":"3909301812","name":"Amherst"},"id":"3909301812"},{"arcs":[[-1389,-3306,-1151,-2141,-4562]],"type":"Polygon","properties":{"geoid":"3902961798","name":"Perry"},"id":"3902961798"},{"arcs":[[-4899,-285,-1833,-3499,-4893,-3395,-4623]],"type":"Polygon","properties":{"geoid":"3915987122","name":"York"},"id":"3915987122"},{"arcs":[[4899,-1622,-4600,-4609]],"type":"Polygon","properties":{"geoid":"3901316602","name":"Colerain"},"id":"3901316602"},{"arcs":[[-3673,-2051,-591,-934,-939,-3805]],"type":"Polygon","properties":{"geoid":"3904759486","name":"Paint"},"id":"3904759486"},{"arcs":[[-3485,-3471,-1217,-1215,-3466,-3467,-3321,-3488,-2202]],"type":"Polygon","properties":{"geoid":"3910974475","name":"Staunton"},"id":"3910974475"},{"arcs":[[-3397,-4892,-1282,-3393,4900,-3387,-3399,-1510]],"type":"Polygon","properties":{"geoid":"3915959864","name":"Paris"},"id":"3915959864"},{"arcs":[[-4780,-234,-4228,-3169,-4230,-4203,-236]],"type":"Polygon","properties":{"geoid":"3903519806","name":"Cuyahoga Heights"},"id":"3903519806"},{"arcs":[[-2167,-1609,-4645,-4617]],"type":"Polygon","properties":{"geoid":"3900901112","name":"Alexander"},"id":"3900901112"},{"arcs":[[-2489,-422,-1586,-4754]],"type":"Polygon","properties":{"geoid":"3900768224","name":"Rome"},"id":"3900768224"},{"arcs":[[-3412,-3415,-2199,-4080,-2022,-2596,-3456]],"type":"Polygon","properties":{"geoid":"3916533474","name":"Harlan"},"id":"3916533474"},{"arcs":[[-1626,-4877,-4733,4901,-4404]],"type":"Polygon","properties":{"geoid":"3908169876","name":"Salem"},"id":"3908169876"},{"arcs":[[-4688,4902,-4715,-2068,-3008]],"type":"Polygon","properties":{"geoid":"3912312266","name":"Carroll"},"id":"3912312266"},{"arcs":[[-1247,-2886,-3165,-3422,-2484]],"type":"Polygon","properties":{"geoid":"3915781060","name":"Warwick"},"id":"3915781060"},{"arcs":[[-2033,-4082,-2031,-2757,-735,-199]],"type":"Polygon","properties":{"geoid":"3909362960","name":"Pittsfield"},"id":"3909362960"},{"arcs":[[4903,4904,-3097,-4838,-3221,-3389]],"type":"Polygon","properties":{"geoid":"3915939046","name":"Jerome"},"id":"3915939046"},{"arcs":[[-4734,-2089,-3829,-2926,-3787,-3815,-3336]],"type":"Polygon","properties":{"geoid":"3902504157","name":"Batavia"},"id":"3902504157"},{"arcs":[[4905,-4752,-3852,-3835,-438]],"type":"Polygon","properties":{"geoid":"3903310044","name":"Bucyrus"},"id":"3903310044"},{"arcs":[[-3846,-910,4907,-4748,-4906,-437]],"type":"Polygon","properties":{"geoid":"3903335980","name":"Holmes"},"id":"3903335980"},{"arcs":[[-904,-4774,-2734,-2492,-913,-3848]],"type":"Polygon","properties":{"geoid":"3903379786","name":"Vernon"},"id":"3903379786"},{"arcs":[[-4498,-4499,-4578,-2796,-2312]],"type":"Polygon","properties":{"geoid":"3915159850","name":"Paris"},"id":"3915159850"},{"arcs":[[-1297,-2823,-2098,-4627,-2,4908]],"type":"Polygon","properties":{"geoid":"3916700338","name":"Adams"},"id":"3916700338"},{"arcs":[[-4797,-2854,-4743,4909,-1797,4910]],"type":"Polygon","properties":{"geoid":"3916737268","name":"Independence"},"id":"3916737268"},{"arcs":[[-2752,-1298,-4909,-1,-4099]],"type":"Polygon","properties":{"geoid":"3916781774","name":"Waterford"},"id":"3916781774"},{"arcs":[[-549,-2401,-3756,-3761,-3151,-3760]],"type":"Polygon","properties":{"geoid":"3906347698","name":"Marion"},"id":"3906347698"},{"arcs":[[-2829,-2810,-1854,4911]],"type":"Polygon","properties":{"geoid":"3907709148","name":"Bronson"},"id":"3907709148"},{"arcs":[[-4739,-1889,-3360,-4872,-3653,-3956]],"type":"Polygon","properties":{"geoid":"3907745514","name":"Lyme"},"id":"3907745514"},{"arcs":[[4912,4913,-3709,-901,-3832,4914]],"type":"Polygon","properties":{"geoid":"3907766810","name":"Richmond"},"id":"3907766810"},{"arcs":[[-1678,-3481,-3342,-4134,-350]],"type":"Polygon","properties":{"geoid":"3915548678","name":"Mecca"},"id":"3915548678"},{"arcs":[[-497,-2123,-2361,-1229,-4842,-3119]],"type":"Polygon","properties":{"geoid":"3915728462","name":"Franklin"},"id":"3915728462"},{"arcs":[[-3594,-3588,-2097,-3583,-3309]],"type":"Polygon","properties":{"geoid":"3900109722","name":"Brush Creek"},"id":"3900109722"},{"arcs":[[-4468,-2847,-3307,-1160,4915]],"type":"Polygon","properties":{"geoid":"3900174069","name":"Sprigg"},"id":"3900174069"},{"arcs":[[-2184,4916,4917,-3212,-1641]],"type":"Polygon","properties":{"geoid":"3910558282","name":"Olive"},"id":"3910558282"},{"arcs":[[-1447,-955,-129,-337,-1188]],"type":"Polygon","properties":{"geoid":"3911951506","name":"Monroe"},"id":"3911951506"},{"arcs":[[-4801,-3581,-1709,-4832,-3595,-3560,-3577]],"type":"Polygon","properties":{"geoid":"3911981522","name":"Washington"},"id":"3911981522"},{"arcs":[[-3392,-3992,4918,-4904,-3388,-4901]],"type":"Polygon","properties":{"geoid":"3915950288","name":"Millcreek"},"id":"3915950288"},{"arcs":[[-3801,-3839,-2470,-1081]],"type":"Polygon","properties":{"geoid":"3904731724","name":"Green"},"id":"3904731724"},{"arcs":[[-2009,-617,-2008,-3721,-2006,-3775,-2027,-3774,-4894,-3068,-4270,-249,-4839,-3716]],"type":"Polygon","properties":{"geoid":"3905704220","name":"Bath"},"id":"3905704220"},{"arcs":[[[4919,-3402]],[[-3350,-4081,-2976,-3438,-1375,-3416,-3410,4920,-3404,4921,-4723,-3442,-4722,-3444,-1054]]],"type":"MultiPolygon","properties":{"geoid":"3916577868","name":"Turtlecreek"},"id":"3916577868"},{"arcs":[[-3122,-2461,4922]],"type":"Polygon","properties":{"geoid":"3901137674","name":"Jackson"},"id":"3901137674"},{"arcs":[[-3781,-899,4923,-793,-4545,-3783]],"type":"Polygon","properties":{"geoid":"3902178274","name":"Union"},"id":"3902178274"},{"arcs":[[-2923,4924,4925,-3043]],"type":"Polygon","properties":{"geoid":"3902528224","name":"Franklin"},"id":"3902528224"},{"arcs":[[-909,-3834,-3847,-3851,-4751,-4907,-4749,-4908]],"type":"Polygon","properties":{"geoid":"3903343078","name":"Liberty"},"id":"3903343078"},{"arcs":[[-2865,-4222,-243,4926,-2673,-4251,-2389,-4260]],"type":"Polygon","properties":{"geoid":"3903509288","name":"Brook Park"},"id":"3903509288"},{"arcs":[[-3282,-1353,-1350,-4240,-4246]],"type":"Polygon","properties":{"geoid":"3903548482","name":"Mayfield Heights"},"id":"3903548482"},{"arcs":[[-2674,-4927,-242,-4775,-238,-4206,-4859,-1340,-2592,-4252]],"type":"Polygon","properties":{"geoid":"3903561000","name":"Parma"},"id":"3903561000"},{"arcs":[[-3554,-1569,-3553,-1572]],"type":"Polygon","properties":{"geoid":"3904102582","name":"Ashley"},"id":"3904102582"},{"arcs":[[-3752,-2624,-2478,-4059,-3688]],"type":"Polygon","properties":{"geoid":"3908943456","name":"Licking"},"id":"3908943456"},{"arcs":[[-3754,4927,-4880,-3810,-3818,-2133,-3819,4928]],"type":"Polygon","properties":{"geoid":"3908955580","name":"Newton"},"id":"3908955580"},{"arcs":[[-2316,-2691,-1276,-3732,4929,-4816]],"type":"Polygon","properties":{"geoid":"3900361742","name":"Perry"},"id":"3900361742"},{"arcs":[[[-4677,-1799,4930,-4682]],[[-4634,-4681,-4636]],[[-4686,4932,-4638]]],"type":"MultiPolygon","properties":{"geoid":"3916747642","name":"Marietta"},"id":"3916747642"},{"arcs":[[[4933,-4310]],[[-4346,-4375,-4344,-4379,-4378,-4341,-4381]]],"type":"MultiPolygon","properties":{"geoid":"3904971787","name":"Sharon"},"id":"3904971787"},{"arcs":[[-3655,-4796,4934,-4913,4935,-1049]],"type":"Polygon","properties":{"geoid":"3907757358","name":"Norwich"},"id":"3907757358"},{"arcs":[[-18,-788,-4265,-4269,-3066]],"type":"Polygon","properties":{"geoid":"3902331703","name":"Green"},"id":"3902331703"},{"arcs":[[-1494,-3858,-2179,-3865,-2712,-2463]],"type":"Polygon","properties":{"geoid":"3914977854","name":"Turtle Creek"},"id":"3914977854"},{"arcs":[[-4192,-1907,-3263,-4106,-4117,-4179]],"type":"Polygon","properties":{"geoid":"3914128420","name":"Franklin"},"id":"3914128420"},{"arcs":[[-4624,-3398,-1512,-892,-898,4936]],"type":"Polygon","properties":{"geoid":"3909188042","name":"Zane"},"id":"3909188042"},{"arcs":[[-4691,-4852,-3671,-2048,-3672,-784]],"type":"Polygon","properties":{"geoid":"3909759528","name":"Paint"},"id":"3909759528"},{"arcs":[[-3755,-4929,-3823,-2140,-3686,-3825]],"type":"Polygon","properties":{"geoid":"3908931416","name":"Granville"},"id":"3908931416"},{"arcs":[[-2747,-4882,-743]],"type":"Polygon","properties":{"geoid":"3906121504","name":"Delhi"},"id":"3906121504"},{"arcs":[[-4402,-2468,-3123,-4923,-2460,-4517,-4522,-3087]],"type":"Polygon","properties":{"geoid":"3910747782","name":"Marion"},"id":"3910747782"},{"arcs":[[-141,-425,-413,-3371]],"type":"Polygon","properties":{"geoid":"3900722344","name":"Dorset"},"id":"3900722344"},{"arcs":[[-4214,-1739,-4014,-298,-1301]],"type":"Polygon","properties":{"geoid":"3913986618","name":"Worthington"},"id":"3913986618"},{"arcs":[[-3856,-3005,-3855,-2219,-2574,-2143]],"type":"Polygon","properties":{"geoid":"3902925998","name":"Fairfield"},"id":"3902925998"},{"arcs":[[-4891,-2415,-2347,-2423,-1370,-3437,-3684]],"type":"Polygon","properties":{"geoid":"3911381494","name":"Washington"},"id":"3911381494"},{"arcs":[[-895,-3400,-1182,-145,-794,-4924]],"type":"Polygon","properties":{"geoid":"3902130982","name":"Goshen"},"id":"3902130982"},{"arcs":[[-2266,-924,-596,-4879,-4928,-3753]],"type":"Polygon","properties":{"geoid":"3908981410","name":"Washington"},"id":"3908981410"},{"arcs":[[-3065,-3386,-2991,-4787]],"type":"Polygon","properties":{"geoid":"3916166978","name":"Ridge"},"id":"3916166978"},{"arcs":[[-2092,-467,-3433,-1318,-3489]],"type":"Polygon","properties":{"geoid":"3916324892","name":"Elk"},"id":"3916324892"},{"arcs":[[-4871,-4912,-4794,-3654]],"type":"Polygon","properties":{"geoid":"3907762246","name":"Peru"},"id":"3907762246"},{"arcs":[[-2344,-3476,-3702,-1760,-1482]],"type":"Polygon","properties":{"geoid":"3911315518","name":"Clay"},"id":"3911315518"},{"arcs":[[-949,-2635,4937,-1655,-3245]],"type":"Polygon","properties":{"geoid":"3905912938","name":"Center"},"id":"3905912938"},{"arcs":[[-1656,-4938,-2634,-3723,4938,-4019,4939]],"type":"Polygon","properties":{"geoid":"3905966698","name":"Richland"},"id":"3905966698"},{"arcs":[[-4129,-3281,-1456,-4098,-4133]],"type":"Polygon","properties":{"geoid":"3911552122","name":"Morgan"},"id":"3911552122"},{"arcs":[[4940,-3634,-1466,-3637,-4853,-3106]],"type":"Polygon","properties":{"geoid":"3913778526","name":"Union"},"id":"3913778526"},{"arcs":[[-4689,-4038,-3951,-3033,-3764]],"type":"Polygon","properties":{"geoid":"3914728014","name":"Fostoria"},"id":"3914728014"},{"arcs":[[-1657,-4940,-4018,-3725]],"type":"Polygon","properties":{"geoid":"3905979156","name":"Valley"},"id":"3905979156"},{"arcs":[[-2262,-1164,-2157,-3592,-3593,-2844,-2657]],"type":"Polygon","properties":{"geoid":"3900182012","name":"Wayne"},"id":"3900182012"},{"arcs":[[-4058,-2655,4941,-1501,-3000,-3236]],"type":"Polygon","properties":{"geoid":"3912716350","name":"Coal"},"id":"3912716350"},{"arcs":[[-1050,-4936,-4915,-3831,-907,-1813]],"type":"Polygon","properties":{"geoid":"3914779674","name":"Venice"},"id":"3914779674"},{"arcs":[[-4111,4942,-4153,-3586,-3535]],"type":"Polygon","properties":{"geoid":"3900128196","name":"Franklin"},"id":"3900128196"},{"arcs":[[-1196,-4008,-609,-1186,-4800,-4822,-4802,-3575,-3573]],"type":"Polygon","properties":{"geoid":"3911912406","name":"Cass"},"id":"3911912406"},{"arcs":[[-2384,-1155,-182,-1745,-3552]],"type":"Polygon","properties":{"geoid":"3911705508","name":"Bennington"},"id":"3911705508"},{"arcs":[[-3013,-3365,-481,4943]],"type":"Polygon","properties":{"geoid":"3904361714","name":"Perkins"},"id":"3904361714"},{"arcs":[[-4006,-65,-171,-2749,-2275]],"type":"Polygon","properties":{"geoid":"3903161812","name":"Perry"},"id":"3903161812"},{"arcs":[[-1700,-4036,-33]],"type":"Polygon","properties":{"geoid":"3917368686","name":"Rossford"},"id":"3917368686"},{"arcs":[[4944,-691,-1965]],"type":"Polygon","properties":{"geoid":"3915316182","name":"Clinton"},"id":"3915316182"},{"arcs":[[4945,-2531,-2172,-4885,-692,-4945,-1964]],"type":"Polygon","properties":{"geoid":"3915354562","name":"New Franklin"},"id":"3915354562"},{"arcs":[[-4405,-4902,-4650,-4658,-4651,-4407]],"type":"Polygon","properties":{"geoid":"3908182180","name":"Wayne"},"id":"3908182180"},{"arcs":[[-4033,-158,-2615,-2204,-4867,-3651,-3650,-3649,-4865,-3647,-4866]],"type":"Polygon","properties":{"geoid":"3917313015","name":"Center"},"id":"3917313015"},{"arcs":[[-2476,-3571,-4779,-4053,-1022]],"type":"Polygon","properties":{"geoid":"3912746550","name":"Madison"},"id":"3912746550"},{"arcs":[[-1954,-3607,-2787,-4895,-3602]],"type":"Polygon","properties":{"geoid":"3907564584","name":"Prairie"},"id":"3907564584"},{"arcs":[[-3722,-1292,-2779,-4026,-4939]],"type":"Polygon","properties":{"geoid":"3912182250","name":"Wayne"},"id":"3912182250"},{"arcs":[[-1932,-4068,-2972,-3976,-4849,-4062]],"type":"Polygon","properties":{"geoid":"3907132970","name":"Hamer"},"id":"3907132970"},{"arcs":[[-3670,-3665,-830,4946,-587,-2050]],"type":"Polygon","properties":{"geoid":"3909763338","name":"Pleasant"},"id":"3909763338"},{"arcs":[[-3333,-4174,-3327,-4173,-3325,-4184,-2057,-2513]],"type":"Polygon","properties":{"geoid":"3914303730","name":"Ballville"},"id":"3914303730"},{"arcs":[[-2736,-1840,-3893,-1314,-3892,-4848,-512]],"type":"Polygon","properties":{"geoid":"3913974128","name":"Springfield"},"id":"3913974128"},{"arcs":[[-3636,-3635,-4941,-1207]],"type":"Polygon","properties":{"geoid":"3913732228","name":"Greensburg"},"id":"3913732228"},{"arcs":[[-2709,-72,-1386,-1392,-1632,-3873,-1630,-2503]],"type":"Polygon","properties":{"geoid":"3909972740","name":"Smith"},"id":"3909972740"},{"arcs":[[-2377,-665,4947,-3870,-2703,-2160]],"type":"Polygon","properties":{"geoid":"3909916476","name":"Coitsville"},"id":"3909916476"},{"arcs":[[-4935,-4795,-3710,-4914]],"type":"Polygon","properties":{"geoid":"3907785232","name":"Willard"},"id":"3907785232"},{"arcs":[[-4817,-4930,-3734,-2490,-3730,-3728]],"type":"Polygon","properties":{"geoid":"3901122722","name":"Duchouquet"},"id":"3901122722"},{"arcs":[[-3014,-4944,-3359,-4186,4948]],"type":"Polygon","properties":{"geoid":"3904347572","name":"Margaretta"},"id":"3904347572"},{"arcs":[[4949,-3927,-1777,-4312,-1778,-4311,-4934,-4309]],"type":"Polygon","properties":{"geoid":"3904983342","name":"Westerville"},"id":"3904983342"},{"arcs":[[[-4921,-3409,-3455,-3405]],[[-3407,-3454,-3439,-4725]],[[-4922,-3403,-4920,-3401,-4724]]],"type":"MultiPolygon","properties":{"geoid":"3916578610","name":"Union"},"id":"3916578610"},{"arcs":[[[-2874,4950,-4811]],[[-4047,-4737,-4813]],[[-2876,-4814,-4735,-2911]]],"type":"MultiPolygon","properties":{"geoid":"3908316140","name":"Clinton"},"id":"3908316140"},{"arcs":[[-4170,-1585,-1009,-1005]],"type":"Polygon","properties":{"geoid":"3910115196","name":"Claridon"},"id":"3910115196"},{"arcs":[[-2356,-2304,-3624,-3506,-1166,-4158,-2645]],"type":"Polygon","properties":{"geoid":"3914506992","name":"Bloom"},"id":"3914506992"},{"arcs":[[-4110,-4104,-4115,-2899,-2190,-4151,-4943]],"type":"Polygon","properties":{"geoid":"3913175637","name":"Sunfish"},"id":"3913175637"},{"arcs":[[-4396,-1366,-4500,-4397,-4394]],"type":"Polygon","properties":{"geoid":"3915366152","name":"Reminderville"},"id":"3915366152"},{"arcs":[[-2654,-1027,-1515,-2732,-813,-1502,-4942]],"type":"Polygon","properties":{"geoid":"3912751520","name":"Monroe"},"id":"3912751520"},{"arcs":[[-2560]],"type":"Polygon","properties":{"geoid":"3910330660","name":"Gloria Glens Park"},"id":"3910330660"},{"arcs":[[-1874,-776]],"type":"Polygon","properties":{"geoid":"3906169470","name":"St. Bernard"},"id":"3906169470"},{"arcs":[[-4353]],"type":"Polygon","properties":{"geoid":"3904906278","name":"Bexley"},"id":"3904906278"},{"arcs":[[4951,-4620,-3739,-887,-3741,-3860]],"type":"Polygon","properties":{"geoid":"3902100212","name":"Adams"},"id":"3902100212"},{"arcs":[[-715,-2345,-1480,-2544]],"type":"Polygon","properties":{"geoid":"3903777980","name":"Twin"},"id":"3903777980"},{"arcs":[[[-4758,-2646,-4160,-4785,4952]],[[-2648,-4757,-4819]]],"type":"MultiPolygon","properties":{"geoid":"3914564206","name":"Porter"},"id":"3914564206"},{"arcs":[[-4790,-1815,-287,-3158,-583]],"type":"Polygon","properties":{"geoid":"3914724346","name":"Eden"},"id":"3914724346"},{"arcs":[[-1579]],"type":"Polygon","properties":{"geoid":"3910373992","name":"Spencer"},"id":"3910373992"},{"arcs":[[-2176,-2794,-4621,-4952,-3859,-2856]],"type":"Polygon","properties":{"geoid":"3914962064","name":"Perry"},"id":"3914962064"},{"arcs":[[-3226,-3225,-4140,-3909,-1094,-2756]],"type":"Polygon","properties":{"geoid":"3909331164","name":"Grafton"},"id":"3909331164"},{"arcs":[[4953,-1719,-3316,-4887]],"type":"Polygon","properties":{"geoid":"3909372088","name":"Sheffield Lake"},"id":"3909372088"},{"arcs":[[-4418,-3089,-260,-709,4954]],"type":"Polygon","properties":{"geoid":"3910730058","name":"Gibson"},"id":"3910730058"},{"arcs":[[-3373,4955,-358,-2814]],"type":"Polygon","properties":{"geoid":"3900718350","name":"Conneaut"},"id":"3900718350"},{"arcs":[[-4947,-829,-1534,-2424,-4138,-4088,-588]],"type":"Polygon","properties":{"geoid":"3912951534","name":"Monroe"},"id":"3912951534"},{"arcs":[[-3924,-2949,-3920,-3938,-1125,-4792,-1123,-4793,-1121,-3098,-4905,-4919,-3991]],"type":"Polygon","properties":{"geoid":"3904118140","name":"Concord"},"id":"3904118140"},{"arcs":[[-570,-2679,-2751,-3280]],"type":"Polygon","properties":{"geoid":"3911547040","name":"Manchester"},"id":"3911547040"},{"arcs":[[-2447,-4095,-4845,-4096,-3015,-3052,-2428]],"type":"Polygon","properties":{"geoid":"3912915077","name":"Circleville"},"id":"3912915077"},{"arcs":[[-1653,-4864,-2641,-1184]],"type":"Polygon","properties":{"geoid":"3906904052","name":"Bartlow"},"id":"3906904052"},{"arcs":[[-526,-3381,-3378,-4772,-671]],"type":"Polygon","properties":{"geoid":"3906953564","name":"Napoleon"},"id":"3906953564"},{"arcs":[[-3983,-3267,-3982,-3981,-3264,-3986,-3928,-4950,-4308]],"type":"Polygon","properties":{"geoid":"3904183349","name":"Westerville City"},"id":"3904183349"},{"arcs":[[-4808,-3994,-2562,-4010,-533]],"type":"Polygon","properties":{"geoid":"3905553340","name":"Munson"},"id":"3905553340"},{"arcs":[[-4612,-4610,-4606,4956,-4613,-1597]],"type":"Polygon","properties":{"geoid":"3901348580","name":"Mead"},"id":"3901348580"},{"arcs":[[-325,-4755,-4412,-4900,-4608,-303]],"type":"Polygon","properties":{"geoid":"3901384602","name":"Wheeling"},"id":"3901384602"},{"arcs":[[-3026,-2506,-3211,-4672,4957,-4917]],"type":"Polygon","properties":{"geoid":"3900977546","name":"Troy"},"id":"3900977546"},{"arcs":[[-2519,-4697,-4700,-4707]],"type":"Polygon","properties":{"geoid":"3905333824","name":"Harrison"},"id":"3905333824"},{"arcs":[[-1717,-1866,-4870,4958,-2669,-4876]],"type":"Polygon","properties":{"geoid":"3908170086","name":"Saline"},"id":"3908170086"},{"arcs":[[-4437,-2931,-2458,-4074,-2453,-4073,-4763,-4439,-4764,-4445,-4768,4959,-4770,-747,-4881,-2745,-4435]],"type":"Polygon","properties":{"geoid":"3906116616","name":"Colerain"},"id":"3906116616"},{"arcs":[[-4778,-4861,4960,-2723]],"type":"Polygon","properties":{"geoid":"3906143722","name":"Lincoln Heights"},"id":"3906143722"},{"arcs":[[-4767,-781,-4766,-749,-4769,-4960]],"type":"Polygon","properties":{"geoid":"3906156322","name":"North College Hill"},"id":"3906156322"},{"arcs":[[-2724,-4961,-4863,-753,-4762,-751,-4765]],"type":"Polygon","properties":{"geoid":"3906186730","name":"Wyoming"},"id":"3906186730"},{"arcs":[[-4798,-4911,-1796,-4676]],"type":"Polygon","properties":{"geoid":"3916742196","name":"Lawrence"},"id":"3916742196"},{"arcs":[[[-3615,-3614,-3630]],[[-3627,-3626,-3619,-3628,-3057,4961,-3061]]],"type":"MultiPolygon","properties":{"geoid":"3907937842","name":"Jackson"},"id":"3907937842"},{"arcs":[[-2922,-623,-4279,4962,-4925]],"type":"Polygon","properties":{"geoid":"3901542910","name":"Lewis"},"id":"3901542910"},{"arcs":[[-2525,-4356,-4336]],"type":"Polygon","properties":{"geoid":"3904947474","name":"Marble Cliff"},"id":"3904947474"},{"arcs":[[-4510,-2610,-4771,-4514,-2985]],"type":"Polygon","properties":{"geoid":"3905162638","name":"Pike"},"id":"3905162638"},{"arcs":[[-3661,-45,-1591,-4831,-983,-2613]],"type":"Polygon","properties":{"geoid":"3914386506","name":"Woodville"},"id":"3914386506"},{"arcs":[[-4292,-4295,-2530,-4298,-2119,-4830,-2117]],"type":"Polygon","properties":{"geoid":"3917138864","name":"Jefferson"},"id":"3917138864"},{"arcs":[[4963,-658,-4392,4964,-4460,-2695,-3257]],"type":"Polygon","properties":{"geoid":"3913375189","name":"Suffield"},"id":"3913375189"},{"arcs":[[-4889,4965,-3112]],"type":"Polygon","properties":{"geoid":"3912320058","name":"Danbury"},"id":"3912320058"},{"arcs":[[-4860,-3792,-4857,-1967,-3795]],"type":"Polygon","properties":{"geoid":"3916967356","name":"Rittman"},"id":"3916967356"},{"arcs":[[-4720,-4874,-3062,-4962,-3056,-3622,-2302,-2355]],"type":"Polygon","properties":{"geoid":"3907970856","name":"Scioto"},"id":"3907970856"},{"arcs":[[-4661,-4671,-3341,-432,-2852,-1664]],"type":"Polygon","properties":{"geoid":"3911181480","name":"Washington"},"id":"3911181480"},{"arcs":[[-4467,-4389,-4466,-4387,-4454,-4501,-4753,-4965,-4391]],"type":"Polygon","properties":{"geoid":"3913308840","name":"Brimfield"},"id":"3913308840"},{"arcs":[[-659,-4964,-3256]],"type":"Polygon","properties":{"geoid":"3913351058","name":"Mogadore"},"id":"3913351058"},{"arcs":[[-4862,-4776,-3032,-4555,-4823,-756,-4556,-740]],"type":"Polygon","properties":{"geoid":"3906165732","name":"Reading"},"id":"3906165732"},{"arcs":[[-4598,-4584]],"type":"Polygon","properties":{"geoid":"3909533376","name":"Harbor View"},"id":"3909533376"},{"arcs":[[4966,-1694,-4718,-1692,-4594,-2818,-311]],"type":"Polygon","properties":{"geoid":"3909576025","name":"Sylvania"},"id":"3909576025"},{"arcs":[[-3772,-3460]],"type":"Polygon","properties":{"geoid":"3910936610","name":"Huber Heights"},"id":"3910936610"},{"arcs":[[-4576,4967,-4565,-4783,-4569,-4573]],"type":"Polygon","properties":{"geoid":"3902969512","name":"St. Clair"},"id":"3902969512"},{"arcs":[[-1096,-3906,-3950,-1576]],"type":"Polygon","properties":{"geoid":"3910313750","name":"Chatham"},"id":"3910313750"},{"arcs":[[-2873,-300,-1870,-53,-4050,-4812,-4951]],"type":"Polygon","properties":{"geoid":"3908351436","name":"Monroe"},"id":"3908351436"},{"arcs":[[-3960,-4854,-3958,-4855,-4359,-98,-2532,-4946,-1963,-1411,-1962,-4856]],"type":"Polygon","properties":{"geoid":"3915357260","name":"Norton"},"id":"3915357260"},{"arcs":[[-4534,-4937,-897,-3780,-4561]],"type":"Polygon","properties":{"geoid":"3909151464","name":"Monroe"},"id":"3909151464"}]}}}