{"type":"Topology","arcs":[[[21805,79796],[2703,13]],[[24508,79809],[20,-2441]],[[24528,77368],[-2697,-14]],[[21831,77354],[-26,2442]],[[11113,72802],[2238,2],[446,21]],[[13797,72825],[23,-2040]],[[13820,70785],[-2201,-14]],[[11619,70771],[3,1628],[-503,-1]],[[11119,72398],[-6,404]],[[63783,38270],[1308,-53]],[[65091,38217],[1733,-108]],[[66824,38109],[418,-3]],[[67242,38106],[-40,-846],[77,-420]],[[67279,36840],[-2277,135]],[[65002,36975],[-1302,84]],[[63700,37059],[83,1211]],[[53050,76563],[2285,-38]],[[55335,76525],[72,-2038]],[[55407,74487],[0,-1]],[[55407,74486],[-2317,34]],[[53090,74520],[-40,2043]],[[48188,27384],[159,2398]],[[48347,29782],[2635,-157]],[[50982,29625],[-166,-2407]],[[50816,27218],[-30,-403]],[[50786,26815],[-881,45],[-1744,140]],[[48161,27000],[27,384]],[[32646,89981],[948,29]],[[33594,90010],[1760,45]],[[35354,90055],[-14,-1734]],[[35340,88321],[-2676,-13]],[[32664,88308],[-13,1190]],[[32651,89498],[-5,483]],[[95483,94734],[2079,30]],[[97562,94764],[44,-2126]],[[97606,92638],[-2121,-10]],[[95485,92628],[-2,2106]],[[97606,92638],[21,-1957]],[[97627,90681],[-2147,-19]],[[95480,90662],[5,1966]],[[45996,80924],[430,-165]],[[46426,80759],[-2,0]],[[46424,80759],[-90,3]],[[46334,80762],[-75,2]],[[46259,80764],[-257,9]],[[46002,80773],[-6,151]],[[61615,76494],[31,1756]],[[61646,78250],[2234,0]],[[63880,78250],[-42,-1774]],[[63838,76476],[-2222,18]],[[61616,76494],[-1,0]],[[63475,55299],[1,26]],[[63476,55325],[2006,-86],[257,19]],[[65739,55258],[-56,-2048]],[[65683,53210],[0,-23]],[[65683,53187],[-2318,83]],[[63365,53270],[110,2029]],[[86499,84577],[2243,-2]],[[88742,84575],[-3,-2184]],[[88739,82391],[-2216,-11]],[[86523,82380],[-24,2197]],[[265,47270],[2364,-23]],[[2629,47247],[17,-806]],[[2646,46441],[21,-1649]],[[2667,44792],[-1506,-4],[-947,32]],[[214,44820],[51,2450]],[[45231,17604],[1766,-111]],[[46997,17493],[-196,-2248]],[[46801,15245],[-1727,97]],[[45074,15342],[157,2262]],[[76118,86735],[680,-49]],[[76798,86686],[-5,-402]],[[76793,86284],[-739,5]],[[76054,86289],[64,446]],[[21843,72467],[2674,12]],[[24517,72479],[-6,-2412]],[[24511,70067],[-2504,-8],[-159,18]],[[21848,70077],[0,355]],[[21848,70432],[-5,2035]],[[2723,32576],[2592,2]],[[5315,32578],[31,-2475]],[[5346,30103],[-2337,-40],[-274,15]],[[2735,30078],[-12,2498]],[[32615,82207],[2690,-1]],[[35305,82206],[9,-1724],[-40,-711]],[[35274,79771],[-2719,-6]],[[32555,79765],[60,2442]],[[5206,42349],[2110,39]],[[7316,42388],[467,10]],[[7783,42398],[42,-2465]],[[7825,39933],[-2593,-38]],[[5232,39895],[-26,2454]],[[66474,21979],[2739,-132]],[[69213,21847],[-109,-1677]],[[69104,20170],[-2735,147]],[[66369,20317],[105,1662]],[[71112,61291],[2253,-62]],[[73365,61229],[-14,-1045]],[[73351,60184],[-46,-1248]],[[73305,58936],[-1365,48],[7,207],[-897,23]],[[71050,59214],[62,2077]],[[58,27661],[2658,-18]],[[2716,27643],[1,-2418]],[[2717,25225],[-1395,5]],[[1322,25230],[-1306,6]],[[16,25236],[42,2425]],[[78153,91032],[192,238]],[[78345,91270],[-2,-47]],[[78343,91223],[-190,-191]],[[8400,89912],[1406,9]],[[9806,89921],[397,-7],[7,-847]],[[10210,89067],[6,-2029]],[[10216,87038],[-1816,0]],[[8400,87038],[0,2874]],[[24511,70067],[1790,-14]],[[26301,70053],[-17,-2443]],[[26284,67610],[-1783,-9]],[[24501,67601],[10,2466]],[[74155,44744],[82,2066]],[[74237,46810],[18,418]],[[74255,47228],[2196,-81]],[[76451,47147],[-28,-421]],[[76423,46726],[-69,-2259]],[[76354,44467],[-1133,-4],[-7,-177],[-1078,37]],[[74136,44323],[19,421]],[[19115,79774],[2690,22]],[[21831,77354],[-2693,-21]],[[19138,77333],[-23,2441]],[[86523,80211],[439,64]],[[86962,80275],[1785,-11]],[[88747,80264],[2,-1034]],[[88749,79230],[-632,4],[-2,343],[-639,-39],[-1,-441],[1275,-13]],[[88750,79084],[0,-755]],[[88750,78329],[1,-47]],[[88751,78282],[-2237,24]],[[86514,78306],[9,1905]],[[46860,61557],[28,1020]],[[46888,62577],[2635,-47]],[[49523,62530],[-1,-21]],[[49522,62509],[-19,-2427]],[[49503,60082],[-1777,32]],[[47726,60114],[18,819],[-677,9],[5,409],[-212,206]],[[53164,73572],[211,259],[305,-2],[54,-616],[-466,91],[-104,268]],[[59279,74479],[2299,-43]],[[61578,74436],[-43,-1999]],[[61535,72437],[-1202,6]],[[60333,72443],[-1090,14]],[[59243,72457],[36,2022]],[[83373,43377],[49,1594]],[[83422,44971],[29,812]],[[83451,45783],[2606,-81]],[[86057,45702],[-100,-2402]],[[85957,43300],[-2584,77]],[[2910,20170],[372,-575],[782,-255],[511,-448],[598,74],[383,194],[33,406],[-657,43],[12,409]],[[4944,20018],[42,229],[-293,76],[-102,540]],[[4591,20863],[334,16],[130,363]],[[5055,21242],[457,62],[86,1126]],[[5598,22430],[217,53]],[[5815,22483],[300,82]],[[6115,22565],[294,-16],[301,216]],[[6710,22765],[84,-308],[782,-175],[36,442]],[[7612,22724],[263,122]],[[7875,22846],[181,-57]],[[8056,22789],[182,6]],[[8238,22795],[116,-2]],[[8354,22793],[122,-179]],[[8476,22614],[107,-116]],[[8583,22498],[44,-84]],[[8627,22414],[-77,-203]],[[8550,22211],[-46,-391],[368,160]],[[8872,21980],[205,-12]],[[9077,21968],[434,172]],[[9511,22140],[270,-529]],[[9781,21611],[286,-205]],[[10067,21406],[153,-143]],[[10220,21263],[44,-97]],[[10264,21166],[-5,-42]],[[10259,21124],[141,-147]],[[10400,20977],[-7,-65]],[[10393,20912],[-289,-60]],[[10104,20852],[-10,0]],[[10094,20852],[-431,36],[89,-421]],[[9752,20467],[15,-8]],[[9767,20459],[102,-250],[-136,-453],[-260,-449],[266,-50],[226,474],[468,-228],[-86,-630],[-421,66],[-270,207],[-192,-275],[212,-277],[-465,-436]],[[9211,18158],[-137,170],[-76,412],[7,596],[-289,565],[-235,165],[-353,31],[-242,-132],[-297,-400],[-372,-246],[-347,-42],[-609,201],[-495,-484],[-687,-222],[-428,-18],[-287,92],[-416,417],[-916,350],[-523,740]],[[2509,20353],[401,-183]],[[7761,21733],[-92,271],[-184,-178]],[[7485,21826],[-175,-98],[-41,-449],[550,-19],[-58,473]],[[8738,21642],[-172,28]],[[8566,21670],[-189,-272],[-292,-122],[25,-460],[662,-65],[190,535],[-224,356]],[[8465,62200],[2713,12]],[[11178,62212],[0,-213]],[[11178,61999],[4,-1828]],[[11182,60171],[-2707,-13]],[[8475,60158],[-2,410]],[[8473,60568],[-8,1632]],[[60408,64995],[2218,12]],[[62626,65007],[5,-1628]],[[62631,63379],[-2196,-28]],[[60435,63351],[-27,1644]],[[92511,65008],[2185,-2]],[[94696,65006],[13,-2030]],[[94709,62976],[-890,-29],[-1327,30]],[[92492,62977],[19,2031]],[[29951,86025],[72,1033]],[[30023,87058],[2655,10]],[[32678,87068],[-1,-414]],[[32677,86654],[-19,-2020]],[[32658,84634],[-1790,-10]],[[30868,84624],[-2,1232],[-917,2],[2,167]],[[76531,49197],[86,1607]],[[76617,50804],[2124,-67]],[[78741,50737],[77,-2]],[[78818,50735],[-91,-2040]],[[78727,48695],[-2208,87]],[[76519,48782],[12,415]],[[95482,86639],[2201,-35]],[[97683,86604],[0,-2050]],[[97683,84554],[-2171,3]],[[95512,84557],[-30,2082]],[[52039,42724],[2520,-142],[246,148]],[[54805,42730],[-223,-2606]],[[54582,40124],[-82,-854]],[[54500,39270],[-2645,159]],[[51855,39429],[184,3295]],[[32873,58819],[2233,30]],[[35106,58849],[1438,17],[0,-170]],[[36544,58696],[0,-1057]],[[36544,57639],[-3090,-370]],[[33454,57269],[-333,-42]],[[33121,57227],[-248,1592]],[[3027,82159],[2727,13]],[[5754,82172],[4,-2441]],[[5758,79731],[-2716,-10]],[[3042,79721],[-15,2438]],[[32677,86654],[1758,27],[9,-407]],[[34444,86274],[10,-815],[898,6]],[[35352,85465],[-4,-1432]],[[35348,84033],[-2702,-4]],[[32646,84029],[12,605]],[[69755,36136],[101,1838]],[[69856,37974],[2743,-135]],[[72599,37839],[0,-16]],[[72599,37823],[-65,-2445]],[[72534,35378],[-2581,130]],[[69953,35508],[-227,9],[29,619]],[[59475,33223],[27,397]],[[59502,33620],[827,-38],[-16,-409],[1759,-107]],[[62072,33066],[-9,-807]],[[62063,32259],[-198,12]],[[61865,32271],[-2428,156]],[[59437,32427],[38,796]],[[13746,86245],[2651,20]],[[16397,86265],[0,-8]],[[16397,86257],[-2,-1621]],[[16395,84636],[-2639,-8]],[[13756,84628],[-10,1617]],[[19205,62701],[2648,16]],[[21853,62717],[1,-1829]],[[21854,60888],[-2644,-20]],[[19210,60868],[-5,1833]],[[83372,43315],[1,62]],[[85957,43300],[-99,-2398]],[[85858,40902],[-2213,70]],[[83645,40972],[-349,8]],[[83296,40980],[76,2335]],[[39700,70042],[893,2]],[[40593,70044],[6,-2444]],[[40599,67600],[5,-1222]],[[40604,66378],[-887,-11]],[[39717,66367],[-10,1230]],[[39707,67597],[-7,2445]],[[60121,42251],[4,0]],[[60125,42251],[1665,-108]],[[61790,42143],[-178,-2480]],[[61612,39663],[-1650,105]],[[59962,39768],[159,2483]],[[28589,86030],[1362,-5]],[[30868,84624],[-29,-1214],[-910,-6]],[[29929,83404],[-896,25],[-2,1214],[-443,8]],[[28588,84651],[1,1379]],[[415,62599],[2623,-1]],[[3038,62598],[10,-2040]],[[3048,60558],[4,-412]],[[3052,60146],[-2643,3]],[[409,60149],[6,2450]],[[8550,22211],[329,-155]],[[8879,22056],[-7,-76]],[[13915,60205],[2659,32]],[[16574,60237],[3,-2040]],[[16577,58197],[-2649,-26]],[[13928,58171],[-13,2034]],[[73746,67200],[416,338],[1014,-50],[942,-325],[66,100]],[[76184,67263],[68,208],[306,-27],[99,223]],[[76657,67667],[465,68],[228,-98]],[[77350,67637],[-14,-261],[224,-164],[53,-553],[132,-275],[-105,-337],[-273,-51],[-132,-635],[-450,18],[-61,-203]],[[76724,65176],[-439,17]],[[76285,65193],[152,532],[-329,130]],[[76108,65855],[19,346]],[[76127,66201],[3,67]],[[76130,66268],[-308,179],[-400,580],[-253,-148],[-255,147],[144,458],[-839,42],[-473,-335]],[[73746,67191],[0,9]],[[76571,65490],[447,-13],[21,522],[-225,-27],[-20,-383],[-223,-99]],[[50143,48085],[2226,-134]],[[52369,47951],[-147,-2108]],[[52222,45843],[-5,0]],[[52217,45843],[-2210,124]],[[50007,45967],[136,2118]],[[30778,67564],[1794,-7]],[[32572,67557],[-18,-2445]],[[32554,65112],[-934,-5],[-1,-381],[-413,-10],[1,-411]],[[31207,64305],[-415,1],[-26,811]],[[30766,65117],[12,2447]],[[72495,33331],[39,2047]],[[72534,35378],[1326,-54]],[[73860,35324],[1327,-47]],[[75187,35277],[-48,-2155]],[[75139,33122],[-2342,98]],[[72797,33220],[-302,111]],[[80477,31275],[50,2030]],[[80527,33305],[1695,-47],[11,390]],[[82233,33648],[437,-12],[-25,-799],[431,-6]],[[83076,32831],[-40,-1550]],[[83036,31281],[-1,-83]],[[83035,31198],[-2559,70]],[[80476,31268],[1,7]],[[80563,78325],[378,101],[25,-98]],[[80966,78328],[-403,-3]],[[59718,9956],[462,-18],[20,299]],[[60200,10237],[329,-20]],[[60529,10217],[412,-297],[382,-1370],[-179,-599],[84,-525]],[[61228,7426],[-1675,87]],[[59553,7513],[165,2443]],[[5754,82172],[2663,16]],[[8417,82188],[12,-1650]],[[8429,80538],[9,-787]],[[8438,79751],[-2680,-20]],[[81826,76431],[2494,-22]],[[84320,76409],[-25,-1980]],[[84295,74429],[-2485,44]],[[81810,74473],[16,1958]],[[79723,88599],[2212,6]],[[81935,88605],[-28,-1959]],[[81907,86646],[-2180,23]],[[79727,86669],[-4,1930]],[[15947,22070],[920,840],[210,564],[277,476]],[[17354,23950],[1540,-114]],[[18894,23836],[408,-28]],[[19302,23808],[-182,-1763]],[[19120,22045],[-2231,-737]],[[16889,21308],[-243,241],[-699,521]],[[69792,44937],[2184,-105]],[[71976,44832],[-102,-2064]],[[71874,42768],[-1755,84]],[[70119,42852],[-433,19]],[[69686,42871],[106,2066]],[[44097,19187],[854,-93],[2128,-146]],[[47079,18948],[-62,-1256]],[[47017,17692],[-20,-199]],[[45231,17604],[-401,19],[19,211],[-812,45]],[[44037,17879],[60,1308]],[[58435,22448],[886,-48]],[[59321,22400],[1774,-114]],[[61095,22286],[-210,-2485]],[[60885,19801],[-2636,159]],[[58249,19960],[186,2488]],[[46162,56596],[455,-27]],[[46617,56569],[1777,-89]],[[48394,56480],[-148,-2020]],[[48246,54460],[-2216,123]],[[46030,54583],[132,2013]],[[16779,41391],[-948,68]],[[15831,41459],[178,351],[753,-214],[17,-205]],[[15683,41470],[-145,10]],[[15538,41480],[145,-10]],[[93222,86665],[2260,-26]],[[95512,84557],[-13,0]],[[95499,84557],[-2288,-1]],[[93211,84556],[11,2109]],[[78345,91270],[59,74]],[[78404,91344],[-61,-121]],[[77010,55954],[623,-27]],[[77633,55927],[444,-22],[-50,-772],[950,-33],[55,-229]],[[79032,54871],[-9,-640],[-158,-10],[-51,-1398]],[[78814,52823],[-1513,54]],[[77301,52877],[52,976],[266,251],[-287,168],[86,640],[-431,12]],[[76987,54924],[23,1030]],[[85583,34444],[2453,-123],[-7,-123]],[[88029,34198],[-71,-1492]],[[87958,32706],[-2436,104]],[[85522,32810],[61,1634]],[[54973,65012],[1795,12]],[[56768,65024],[911,-13]],[[57679,65011],[17,-2468]],[[57696,62543],[-2670,-13]],[[55026,62530],[-53,2482]],[[53094,21756],[93,1032]],[[53187,22788],[2666,-179]],[[55853,22609],[-162,-2055]],[[55691,20554],[-2095,128]],[[53596,20682],[-592,59]],[[53004,20741],[90,1015]],[[91035,88651],[2198,-6]],[[93233,88645],[-11,-1980]],[[93222,86665],[-2189,15]],[[91033,86680],[2,1971]],[[8395,84611],[2729,10]],[[11124,84621],[1,-2434]],[[11125,82187],[-2708,1]],[[8417,82188],[-22,2423]],[[61131,47345],[84,2002]],[[61215,49347],[2188,-120]],[[63403,49227],[-1,-7]],[[63402,49220],[-78,-1961]],[[63324,47259],[-2193,86]],[[48521,58562],[2264,-114]],[[50785,58448],[-118,-2085]],[[50667,56363],[-2273,117]],[[48394,56480],[127,2082]],[[62072,33066],[75,1205]],[[62147,34271],[1325,-20],[25,373]],[[63497,34624],[1325,-82]],[[64822,34542],[-178,-2449]],[[64644,32093],[-184,17]],[[64460,32110],[-2397,149]],[[93233,92637],[2252,-9]],[[95480,90662],[-2243,-13]],[[93237,90649],[-4,1988]],[[49398,9703],[756,-56],[88,411]],[[50242,10058],[1719,-162]],[[51961,9896],[-188,-1875]],[[51773,8021],[-49,-520]],[[51724,7501],[-2582,173]],[[49142,7674],[114,375],[142,1654]],[[54580,7809],[2744,-174]],[[57324,7635],[-164,-2494]],[[57160,5141],[-2771,171]],[[54389,5312],[191,2497]],[[5718,89121],[0,-318]],[[5718,88803],[-459,63],[1,-203],[-615,-105],[8,249],[263,406],[572,-5],[230,-87]],[[15895,50009],[437,-30]],[[16332,49979],[2203,-154]],[[18535,49825],[-127,-1569]],[[18408,48256],[-35,-460]],[[18373,47796],[-2638,175]],[[15735,47971],[160,2038]],[[18373,47796],[-144,-1994]],[[18229,45802],[-54,-22],[-2574,160]],[[15601,45940],[134,2031]],[[74371,76708],[644,-6],[145,138]],[[75160,76840],[417,-142],[-164,606],[456,126],[-1,-205],[417,-45],[-45,-287],[-590,-3],[383,-312],[697,-116],[4,-322],[498,-22],[220,-173],[548,39]],[[78000,75984],[-19,-714],[207,-232],[656,-15],[-16,-499]],[[78828,74524],[11,0]],[[78839,74524],[74,-2]],[[78913,74522],[72,0]],[[78985,74522],[44,0]],[[79029,74522],[364,-145]],[[79393,74377],[-134,-104]],[[79259,74273],[-66,11]],[[79193,74284],[-72,-132]],[[79121,74152],[-180,-368],[-664,-18],[-12,-565],[-883,-1]],[[77382,73200],[-8,273],[-324,-14],[181,-503],[-105,-364],[-255,8],[-233,355],[36,328],[-325,-48],[-365,90],[-278,-182]],[[75706,73143],[-219,94]],[[75487,73237],[-133,168]],[[75354,73405],[34,361],[-273,47]],[[75115,73813],[9,583]],[[75124,74396],[14,946],[-342,200],[-159,304]],[[74637,75846],[518,392],[-87,224]],[[75068,76462],[-99,11]],[[74969,76473],[0,6]],[[74969,76479],[-312,-19]],[[74657,76460],[-204,187]],[[74453,76647],[-68,50]],[[74385,76697],[-14,11]],[[77435,80413],[572,-5]],[[78007,80408],[1697,-14]],[[79704,80394],[-2,-2060]],[[79702,78334],[-2267,3]],[[77435,78337],[-1,656]],[[77434,78993],[1,1420]],[[78472,73310],[428,191],[204,-434],[-592,6],[-40,237]],[[76351,82468],[400,-12]],[[76751,82456],[-2,-404],[-277,-197]],[[76472,81855],[-193,270],[72,343]],[[91015,84565],[2196,-9]],[[93211,84556],[-4,-2141]],[[93207,82415],[-2195,-14]],[[91012,82401],[3,2164]],[[97683,84554],[17,-2095]],[[97700,82459],[-2038,-14]],[[95662,82445],[-10,0]],[[95652,82445],[-110,-1]],[[95542,82444],[-33,54]],[[95509,82498],[-10,2059]],[[99602,82471],[387,1]],[[99989,82472],[1,-481]],[[99990,81991],[-395,0],[7,480]],[[14657,37151],[398,99],[187,-97],[84,-383]],[[15326,36770],[-31,-350],[-287,34],[-265,356],[-86,341]],[[72252,55062],[75,2061]],[[72327,57123],[916,-25]],[[73243,57098],[-19,-450],[1060,-34],[266,-74]],[[74550,56540],[-65,-1562]],[[74485,54978],[-2233,74]],[[72252,55052],[0,10]],[[74418,52933],[1,50]],[[74419,52983],[1358,-55],[-14,-203],[843,-26]],[[76606,52699],[-68,-1892]],[[76538,50807],[-2193,63]],[[74345,50870],[73,2063]],[[29696,53248],[183,2010]],[[29879,55258],[604,-124],[113,524],[564,-142],[-75,-316],[581,-111],[-20,-198],[512,-102]],[[32158,54789],[309,-62],[-231,-895],[86,-537],[192,-298],[44,-379]],[[32558,52618],[-880,-77]],[[31678,52541],[-127,226],[-502,-285],[-300,448],[-723,-445],[-353,495]],[[29673,52980],[23,268]],[[5754,72375],[2237,6]],[[7991,72381],[11,-1626],[446,4],[-5,-812]],[[8443,69947],[-2,0]],[[8441,69947],[-2672,-10]],[[5769,69937],[-15,2438]],[[3070,72366],[2684,9]],[[5769,69937],[-2702,-12]],[[3067,69925],[3,2441]],[[24508,79809],[2690,-45]],[[27198,79764],[23,-2415]],[[27221,77349],[-913,13]],[[26308,77362],[-1780,6]],[[43297,62729],[2280,35]],[[45577,62764],[-24,-1067]],[[45553,61697],[-456,9],[-23,-1440]],[[45074,60266],[-1783,23]],[[43291,60289],[6,2440]],[[44569,58152],[556,-35],[42,514],[284,33]],[[45451,58664],[1268,-144]],[[46719,58520],[-102,-1951]],[[46162,56596],[-1803,101]],[[44359,56697],[70,1068],[140,387]],[[67868,40509],[390,-19]],[[68258,40490],[1723,-81]],[[69981,40409],[-125,-2435]],[[69856,37974],[-1853,97]],[[68003,38071],[-262,435],[-32,266],[312,358],[98,508],[-153,348],[-98,523]],[[60178,43309],[767,-24],[91,1972]],[[61036,45257],[1672,-68]],[[62708,45189],[29,-289],[462,-220],[-90,-1512]],[[63109,43168],[-379,20],[-85,-1103]],[[62645,42085],[-855,58]],[[60125,42251],[53,1058]],[[67942,42938],[1744,-67]],[[70119,42852],[-138,-2443]],[[68258,40490],[43,802],[-447,14],[88,1632]],[[51254,34539],[237,-10],[70,1420]],[[51561,35949],[117,223],[451,26],[8,215],[353,91],[623,-35],[16,248],[255,151]],[[53384,36868],[913,-57]],[[54297,36811],[-132,-1598]],[[54165,35213],[-134,-1647]],[[54031,33566],[-2823,161]],[[51208,33727],[46,812]],[[46167,34870],[2590,-189]],[[48757,34681],[-170,-2060]],[[48587,32621],[-29,-409]],[[48558,32212],[-2591,196]],[[45967,32408],[200,2462]],[[29202,40438],[152,548]],[[29354,40986],[790,-24],[115,-294],[1122,-251],[281,35],[167,-667],[619,-730]],[[32448,39055],[63,-90]],[[32511,38965],[-1149,-289],[-222,-461]],[[31140,38215],[-976,62],[-59,203],[-1392,104]],[[28713,38584],[489,1854]],[[75342,41004],[20,811],[2003,-67]],[[77365,41748],[659,-20]],[[78024,41728],[-43,-1625]],[[77981,40103],[-895,23]],[[77086,40126],[-1764,50]],[[75322,40176],[20,828]],[[75187,35277],[652,-24]],[[75839,35253],[1977,-78]],[[77816,35175],[-3,-402]],[[77813,34773],[-7,-1754]],[[77806,33019],[-2569,98]],[[75237,33117],[-98,5]],[[73937,37779],[877,-25]],[[74814,37754],[1093,-36]],[[75907,37718],[-68,-2465]],[[73860,35324],[77,2455]],[[27171,67607],[861,-7]],[[28032,67600],[880,-10]],[[28912,67590],[8,-2466]],[[28920,65124],[-1781,35]],[[27139,65159],[32,2448]],[[28912,67590],[1411,-21]],[[30323,67569],[455,-5]],[[30766,65117],[-954,6]],[[29812,65123],[-892,1]],[[21861,65172],[2648,11]],[[24509,65183],[-9,-1515]],[[24500,63668],[-186,-72],[-538,-448],[-140,-425]],[[23636,62723],[-1783,-6]],[[21853,62717],[8,2455]],[[89407,72316],[1609,-3]],[[91016,72313],[1152,8]],[[92168,72321],[-15,-1623]],[[92153,70698],[-917,7],[-5,-817]],[[91231,69888],[-1816,13]],[[89415,69901],[-18,0]],[[89397,69901],[10,2415]],[[62334,37133],[1366,-74]],[[65002,36975],[-180,-2433]],[[63497,34624],[72,1240],[-1315,53]],[[62254,35917],[80,1216]],[[61732,34716],[86,1223],[436,-22]],[[62147,34271],[-432,24],[17,421]],[[16385,82209],[2689,13]],[[19074,82222],[41,-2448]],[[19115,79774],[-2705,-16]],[[16410,79758],[-25,2451]],[[40614,62718],[2683,11]],[[43291,60289],[-2705,-37]],[[40586,60252],[28,2466]],[[35232,63904],[-4,-1218]],[[35228,62686],[-2672,-1]],[[32556,62685],[0,1210]],[[32556,63895],[2676,9]],[[43291,60289],[-8,-1882]],[[43283,58407],[-1357,-172]],[[41926,58235],[-1346,-176],[-2,370]],[[40578,58429],[8,1823]],[[135,37503],[2575,0]],[[2710,37503],[-12,-826]],[[2698,36677],[16,-1635]],[[2714,35042],[-2586,7]],[[128,35049],[7,2454]],[[146,39884],[2554,-11]],[[2700,39873],[10,-2370]],[[135,37503],[11,2381]],[[7825,39933],[39,-2395]],[[7864,37538],[-2611,-22]],[[5253,37516],[-21,2379]],[[67600,74807],[330,0],[-1,-104],[-183,-28],[-146,132]],[[61578,74436],[2206,-20]],[[63784,74416],[-47,-2005]],[[63737,72411],[-1179,18]],[[62558,72429],[-1023,8]],[[16469,74873],[2686,20]],[[19155,74893],[12,-2438]],[[19167,72455],[-2690,-19]],[[16477,72436],[0,401]],[[16477,72837],[-8,2036]],[[48715,72536],[1764,-21]],[[50479,72515],[21,-2619]],[[50500,69896],[-1779,2]],[[48721,69898],[0,6]],[[48721,69904],[-6,2632]],[[68850,61338],[2262,-47]],[[71050,59214],[-895,22]],[[70155,59236],[-1341,32]],[[68814,59268],[36,2070]],[[65657,61320],[17,2048]],[[65674,63368],[2745,-22]],[[68419,63346],[-24,-1996]],[[68395,61350],[-2037,46],[-358,-48]],[[66000,61348],[-343,-28]],[[45574,27534],[2614,-150]],[[48161,27000],[-152,-2069]],[[48009,24931],[-2603,159]],[[45406,25090],[168,2444]],[[47294,21420],[446,-28],[89,1125]],[[47829,22517],[2622,-159]],[[50451,22358],[-32,-356]],[[50419,22002],[-113,-1247]],[[50306,20755],[-67,-801]],[[50239,19954],[-3049,224]],[[47190,20178],[104,1242]],[[52616,20160],[41,410],[347,171]],[[53596,20682],[-77,-402],[-87,-1017],[-564,45]],[[52868,19308],[-329,32],[77,820]],[[5785,59125],[2701,0]],[[8486,59125],[4,-1415]],[[8490,57710],[-1,-404]],[[8489,57306],[-2710,-2]],[[5779,57304],[6,1821]],[[5781,65047],[2681,9]],[[8462,65056],[0,-1215]],[[8462,63841],[3,-1234]],[[8465,62607],[-2666,-5]],[[5799,62602],[-18,2445]],[[41322,79837],[-450,7]],[[40872,79844],[59,285],[391,-85],[0,-207]],[[35348,84033],[-43,-1827]],[[32615,82207],[31,1822]],[[44461,11985],[31,723]],[[44492,12708],[178,103],[2383,-102]],[[47053,12709],[-143,-2444]],[[46910,10265],[-1639,79]],[[45271,10344],[-848,22]],[[44423,10366],[-4,420],[-433,-2]],[[43986,10784],[30,816],[434,-42],[11,427]],[[52657,52189],[1839,-104]],[[54496,52085],[-27,-529],[337,-18]],[[54806,51538],[-107,-1626]],[[54699,49912],[-2195,122]],[[52504,50034],[153,2155]],[[58831,45389],[2207,-87]],[[61038,45302],[-2,-45]],[[60178,43309],[-1460,68]],[[58718,43377],[113,2012]],[[47979,50292],[2292,-124]],[[50271,50168],[-128,-2083]],[[50143,48085],[-2290,115]],[[47853,48200],[126,2092]],[[54592,46685],[128,-7]],[[54720,46678],[37,-1]],[[54757,46677],[513,438],[-182,175],[57,278],[249,91]],[[55394,47659],[-69,4]],[[55325,47663],[-78,4]],[[55247,47667],[-37,2]],[[55210,47669],[-118,5]],[[55092,47674],[544,224],[227,242],[578,29],[-105,-569]],[[56336,47600],[-75,6]],[[56261,47606],[-162,11]],[[56099,47617],[-11,-577],[168,-10],[351,-345],[170,97]],[[56777,46782],[684,-255],[-84,-349],[-659,-35]],[[56718,46143],[-283,-329],[-1149,75],[-874,-314]],[[54412,45575],[-138,124]],[[54274,45699],[-274,144],[68,450],[574,-100],[-50,492]],[[54806,51538],[1918,-98]],[[56724,51440],[370,-20]],[[57094,51420],[-119,-1856]],[[56975,49564],[-2290,128]],[[54685,49692],[14,220]],[[40625,79846],[203,-2]],[[40828,79844],[0,-213],[530,0],[-36,206]],[[41322,79837],[2017,-15]],[[43339,79822],[-37,-2444]],[[43302,77378],[-2711,8]],[[40591,77386],[34,2460]],[[35274,79771],[2011,-27],[666,47]],[[37951,79791],[21,-1699],[-47,-743]],[[37925,77349],[-1092,-29],[-1583,8]],[[35250,77328],[24,2443]],[[43302,77378],[4,-2452]],[[43306,74926],[-2700,-7]],[[40606,74919],[-15,2467]],[[16463,52018],[2226,-159]],[[18689,51859],[-119,-1568]],[[18570,50291],[-35,-466]],[[16332,49979],[175,1829],[-44,210]],[[88763,96526],[1461,247],[832,170]],[[91056,96943],[4,-2201]],[[91060,94742],[-686,-2],[-321,-162],[-146,158],[-1153,-2]],[[88754,94734],[9,1792]],[[93241,94738],[2242,-4]],[[93233,92637],[8,2101]],[[88746,92661],[2305,-6]],[[91051,92655],[-13,-2016]],[[91038,90639],[-4,-7]],[[91034,90632],[-2285,-11]],[[88749,90621],[-3,2040]],[[86784,65042],[2162,-22]],[[88946,65020],[6,-2306]],[[88952,62714],[-2209,65]],[[86743,62779],[41,2263]],[[89399,62709],[1318,-27]],[[90717,62682],[1332,-25]],[[92049,62657],[-27,-1208]],[[92022,61449],[-36,-1230]],[[91986,60219],[-1334,25]],[[90652,60244],[-1328,30]],[[89324,60274],[75,2435]],[[82573,58019],[22,820]],[[82595,58839],[473,-30],[2,-191],[868,16],[1280,-40]],[[85218,58594],[-75,-1822]],[[85143,56772],[-1266,-18],[-1339,53]],[[82538,56807],[35,1212]],[[85305,60398],[446,-18]],[[85751,60380],[1794,-59]],[[87545,60321],[-66,-1799]],[[87479,58522],[-2261,72]],[[85218,58594],[87,1804]],[[18833,53565],[146,8]],[[18979,53573],[1793,20],[408,-200],[805,-59]],[[21985,53334],[-106,-1231]],[[21879,52103],[-449,33]],[[21430,52136],[-2706,194]],[[18724,52330],[109,1235]],[[27830,53326],[1866,-78]],[[29673,52980],[-175,-1884]],[[29498,51096],[-653,56]],[[28845,51152],[-1181,99]],[[27664,51251],[166,2075]],[[83561,49437],[3,73]],[[83564,49510],[2647,-44],[420,-111]],[[86631,49355],[1357,-64]],[[87988,49291],[-47,-1231]],[[87941,48060],[-1785,62]],[[86156,48122],[5,73],[-2637,76]],[[83524,48271],[37,1166]],[[86057,45702],[3,60]],[[86060,45762],[2652,-107]],[[88712,45655],[-4,-79]],[[88708,45576],[-137,-2372]],[[88571,43204],[-2614,96]],[[83485,46983],[39,1288]],[[86156,48122],[-96,-2360]],[[83451,45783],[34,1200]],[[86798,69828],[1,77]],[[86799,69905],[1152,-4]],[[87951,69901],[304,1]],[[88255,69902],[1142,-1]],[[89415,69901],[-21,-426],[10,-2027]],[[89404,67448],[-2607,4]],[[86797,67452],[1,2376]],[[97356,62011],[2,-67]],[[97358,61944],[-825,-968]],[[96533,60976],[-55,1]],[[96478,60977],[-4,601],[308,113],[177,313],[397,7]],[[16815,38981],[8,-6],[-9,-10]],[[16814,38965],[1,16]],[[33300,36332],[1189,-57]],[[34489,36275],[1958,-118]],[[36447,36157],[-124,-1912]],[[36323,34245],[-10,-210]],[[36313,34035],[-2749,134]],[[33564,34169],[-264,2163]],[[76354,44467],[549,-20],[330,-224]],[[77233,44223],[-49,-1244]],[[77184,42979],[-2678,102],[-12,-411]],[[74494,42670],[-428,18]],[[74066,42688],[70,1635]],[[80077,44119],[668,-21],[24,926]],[[80769,45024],[2653,-53]],[[83372,43315],[-2004,52]],[[81368,43367],[-639,14],[-450,-93]],[[80279,43288],[10,412],[-216,0],[4,419]],[[80816,46580],[16,476]],[[80832,47056],[2653,-73]],[[80769,45024],[47,1556]],[[78818,50735],[2136,-67]],[[80954,50668],[-35,-1177]],[[80919,49491],[-30,-875]],[[80889,48616],[-2162,79]],[[24517,72479],[2451,-5]],[[26968,72474],[163,1]],[[27131,72475],[53,0]],[[27184,72475],[1,-2378]],[[27185,70097],[-92,-51]],[[27093,70046],[-792,7]],[[24528,77368],[-1,-2446]],[[24527,74922],[-2687,-15]],[[21840,74907],[-9,2447]],[[50982,29625],[2735,-162]],[[53717,29463],[-113,-1691]],[[53604,27772],[-72,-736]],[[53532,27036],[-2716,182]],[[59193,32439],[244,-12]],[[61865,32271],[-191,-2525]],[[61674,29746],[-2628,184]],[[59046,29930],[147,2509]],[[53007,78597],[2290,14]],[[55297,78611],[38,-2086]],[[53050,76563],[-43,2031]],[[53007,78594],[0,3]],[[5758,79731],[-31,-2463]],[[5727,77268],[-2668,-2]],[[3059,77266],[-17,2455]],[[5740,74813],[2694,15]],[[8434,74828],[4,-2446]],[[8438,72382],[-447,-1]],[[5754,72375],[-14,2438]],[[72599,37823],[1338,-44]],[[64822,34542],[2178,-131]],[[67000,34411],[446,-24],[-59,-810]],[[67387,33577],[-101,-1649]],[[67286,31928],[-178,10]],[[67108,31938],[-2464,155]],[[36647,39343],[4,89]],[[36651,39432],[2102,-113]],[[38753,39319],[-376,-155],[-4,-173],[296,-270],[334,-13],[-63,-470],[-234,-370],[636,-378],[-151,-301]],[[39191,37189],[-1001,-11],[299,-634]],[[38489,36544],[-2011,116]],[[36478,36660],[169,2683]],[[48558,32212],[-214,-2409]],[[48344,29803],[-215,-8],[-2349,149]],[[45780,29944],[187,2464]],[[34015,21783],[82,444]],[[34097,22227],[2447,-123]],[[36544,22104],[-38,-451],[-582,-455]],[[35924,21198],[-780,-531],[-361,-310],[-1183,-849]],[[33600,19508],[415,2275]],[[84295,74429],[2225,-23]],[[86520,74406],[-4,-2082]],[[86516,72324],[-1977,4]],[[84539,72328],[-275,0]],[[84264,72328],[31,2101]],[[85266,81323],[6,221],[424,85],[-9,-503],[-431,15],[10,182]],[[16587,35974],[56,-183]],[[16643,35791],[-66,3]],[[16577,35794],[10,180]],[[16563,35584],[165,112],[15,-208],[-192,2]],[[16551,35490],[12,94]],[[40727,44435],[267,-56]],[[40994,44379],[-20,-339]],[[40974,44040],[-247,395]],[[44345,44097],[109,128],[966,74],[26,-261],[284,-628],[-417,-102],[-786,52],[18,679],[-200,58]],[[46142,76689],[2297,-60]],[[48439,76629],[72,-1863]],[[48511,74766],[-58,-178]],[[48453,74588],[-2235,37]],[[46218,74625],[-12,287]],[[46206,74912],[-64,1777]],[[46070,78730],[2311,-57]],[[48381,78673],[58,-2044]],[[46142,76689],[-24,658]],[[46118,77347],[-48,1383]],[[121,32583],[1206,-31],[1396,24]],[[2735,30078],[-1793,26],[-840,-49]],[[102,30055],[19,2528]],[[19550,31925],[53,705]],[[19603,32630],[1266,-90]],[[20869,32540],[909,-75]],[[21778,32465],[-124,-1356]],[[21654,31109],[-81,-1186]],[[21573,29923],[-2172,71]],[[19401,29994],[149,1931]],[[20324,23741],[596,1962],[251,-42]],[[21171,25661],[980,-170]],[[22151,25491],[445,-95],[321,-1823]],[[22917,23573],[-727,46]],[[22190,23619],[-1866,122]],[[65739,55258],[2236,-69]],[[67975,55189],[-76,-2046]],[[67899,53143],[-2216,67]],[[69993,49021],[84,2007]],[[70077,51028],[2038,-58]],[[72115,50970],[1178,-67]],[[73293,50903],[-77,-2001]],[[73216,48902],[-1055,34]],[[72161,48936],[-2165,84]],[[69996,49020],[-3,1]],[[63403,49227],[88,1997]],[[63491,51224],[2125,-58]],[[65616,51166],[-56,-2004]],[[65560,49162],[-2158,58]],[[8354,22793],[302,36]],[[8656,22829],[-178,-196]],[[8478,22633],[-2,-19]],[[9575,22548],[420,7],[-71,-317]],[[9924,22238],[-365,102]],[[9559,22340],[16,208]],[[12219,21695],[-66,-356]],[[12153,21339],[-118,57]],[[12035,21396],[184,299]],[[9511,22140],[48,200]],[[9924,22238],[-38,-134]],[[9886,22104],[7,-184]],[[9893,21920],[-17,-312]],[[9876,21608],[-95,3]],[[26672,45213],[1600,-121]],[[28272,45092],[2046,-111]],[[30318,44981],[80,-22],[-578,-2113]],[[29820,42846],[-708,95],[-2644,239]],[[26468,43180],[204,2033]],[[22356,43061],[215,44]],[[22571,43105],[129,-72],[320,382]],[[23020,43415],[-35,260]],[[22985,43675],[84,473],[370,49]],[[23439,44197],[221,-421],[405,2],[38,377],[539,-124],[-40,-525],[203,-225]],[[24805,43281],[-359,-331],[25,-293],[239,-123],[440,-1],[621,182],[191,-174]],[[25962,42541],[0,-5]],[[25962,42536],[-33,-330]],[[25929,42206],[-1,-8]],[[25928,42198],[-706,-537],[-716,202],[33,251]],[[24539,42114],[-261,-336],[-357,11],[-144,-248],[-751,158],[26,228],[-658,384]],[[22394,42311],[-293,194]],[[22101,42505],[267,170],[-12,386]],[[23157,43404],[226,-14]],[[23383,43390],[-226,14]],[[24539,42114],[302,-30],[268,206],[-480,234],[-90,-410]],[[66301,86787],[555,-353],[1649,-260]],[[68505,86174],[-3,-173]],[[68502,86001],[-2227,32]],[[66275,86033],[26,754]],[[76798,86686],[94,0]],[[76892,86686],[750,-4]],[[77642,86682],[-132,-245],[-48,-805]],[[77462,85632],[-2,-35]],[[77460,85597],[-73,-356]],[[77387,85241],[-149,1]],[[77238,85242],[-444,33],[3,379],[-351,2]],[[76446,85656],[-2,204],[585,0],[-11,404],[-225,20]],[[68914,84383],[58,319],[455,267],[343,474],[-100,229],[-203,-13]],[[69467,85659],[48,96],[1094,67],[331,99],[5,486]],[[70945,86407],[554,-119],[826,392],[473,477],[1438,729]],[[74236,87886],[826,322],[62,396]],[[75124,88604],[583,474],[321,337]],[[76028,89415],[227,-277],[97,-452],[-410,-312],[486,-457]],[[76428,87917],[-317,-7]],[[76111,87910],[-224,4]],[[75887,87914],[-824,-12],[-158,-397],[164,-406]],[[75069,87099],[-153,-413],[96,-235]],[[75012,86451],[204,-176],[2,-416],[183,-16],[103,-383],[624,-10]],[[76128,85450],[0,-413],[-201,-506]],[[75927,84531],[-317,-2]],[[75610,84529],[-294,175],[-103,317],[-705,-9],[-420,-81]],[[74088,84931],[-410,66],[1,199]],[[73679,85196],[-143,214],[-356,-14]],[[73180,85396],[-208,-323],[355,-304]],[[73327,84769],[-271,-4],[-178,-372]],[[72878,84393],[-1139,-22]],[[71739,84371],[135,475],[-155,122],[-76,631],[-590,-491]],[[71053,85108],[-115,9],[-7,-113]],[[70931,85004],[-8,-639]],[[70923,84365],[-265,1]],[[70658,84366],[-984,40],[-451,-617],[-224,-201],[-390,347],[305,448]],[[76411,85451],[35,205]],[[77238,85242],[0,-279],[-766,140],[-61,348]],[[75927,84531],[626,-3]],[[76553,84528],[1,-410]],[[76554,84118],[-609,0],[-58,-411],[-222,-208]],[[75665,83499],[-446,-81]],[[75219,83418],[9,1107],[382,4]],[[77642,86682],[197,-2]],[[77839,86680],[782,-8]],[[78621,86672],[7,-1137]],[[78628,85535],[-510,-122]],[[78118,85413],[-314,182]],[[77804,85595],[-342,37]],[[41500,51285],[19,327]],[[41519,51612],[6,106]],[[41525,51718],[51,915]],[[41576,52633],[282,109]],[[41858,52742],[1956,-90]],[[43814,52652],[-141,-2104]],[[43673,50548],[-2209,118]],[[41464,50666],[36,619]],[[38363,48872],[534,91],[64,183]],[[38961,49146],[271,-154]],[[39232,48992],[15,-48]],[[39247,48944],[55,34]],[[39302,48978],[163,-261]],[[39465,48717],[63,-117]],[[39528,48600],[-1161,81]],[[38367,48681],[-4,191]],[[39673,56905],[2160,-89]],[[41833,56816],[-30,-417]],[[41803,56399],[-39,-582]],[[41764,55817],[-2167,106]],[[39597,55923],[76,982]],[[81892,84552],[2491,16]],[[84383,84568],[-20,-2185]],[[84363,82383],[-2491,-7]],[[81872,82376],[20,2176]],[[84380,88611],[2096,40]],[[86476,88651],[14,-1966]],[[86490,86685],[-2092,-25]],[[84398,86660],[-15,1520]],[[84383,88180],[-3,431]],[[81890,84960],[17,1686]],[[81907,86646],[2491,14]],[[84398,86660],[-15,-2092]],[[81892,84552],[-2,408]],[[86436,92644],[2310,17]],[[88749,90621],[-2293,-15]],[[86456,90606],[-20,2038]],[[79704,80394],[0,5]],[[79704,80399],[2169,-38]],[[81873,80361],[-21,-2040]],[[81852,78321],[-886,7]],[[80563,78325],[-861,9]],[[25554,13054],[807,-62]],[[26361,12992],[-16,-202]],[[26345,12790],[-199,-2566]],[[26146,10224],[-580,23],[-169,-90],[-289,189]],[[25108,10346],[-879,580]],[[24229,10926],[246,1330],[614,255],[465,543]],[[18472,16262],[4,40]],[[18476,16302],[168,-61],[1698,-201]],[[20342,16040],[-122,-1812],[364,-29]],[[20584,14199],[316,-377],[90,-309]],[[20990,13513],[-2441,237],[-333,14]],[[18216,13764],[256,2498]],[[19302,23808],[1022,-67]],[[22190,23619],[-31,-2017]],[[22159,21602],[-21,-1394]],[[22138,20208],[-1472,101]],[[20666,20309],[-1702,180]],[[18964,20489],[156,1556]],[[78842,65684],[2,29]],[[78844,65713],[0,4]],[[78844,65717],[311,-12],[-80,294],[30,742],[-213,9]],[[78892,66750],[20,408]],[[78912,67158],[419,68],[137,325]],[[79468,67551],[108,338],[-71,209],[-514,793]],[[78991,68891],[-64,162],[-10,994]],[[78917,70047],[5,0]],[[78922,70047],[12,-1009],[58,-131]],[[78992,68907],[330,-336],[783,-20],[232,193],[445,-13],[-13,-409],[-278,-13],[-180,-191],[-9,-279],[462,90],[452,377],[196,388],[259,-297]],[[81671,68397],[222,-59]],[[81893,68338],[-1,-22]],[[81892,68316],[-235,-238]],[[81657,68078],[-2,-50]],[[81655,68028],[-8,-151]],[[81647,67877],[-408,-395]],[[81239,67482],[108,0]],[[81347,67482],[282,-14]],[[81629,67468],[-7,-128]],[[81622,67340],[-371,-194],[57,-287],[280,-218]],[[81588,66641],[604,-97],[-108,-447],[-500,438]],[[81584,66535],[-761,167],[-368,-103],[-17,-324],[-867,-182],[-65,-508],[-673,-83]],[[78833,65502],[9,182]],[[78813,65092],[2702,-99]],[[81515,64993],[-88,-2084]],[[81427,62909],[-2210,47]],[[79217,62956],[-494,6]],[[78723,62962],[90,2130]],[[56837,53501],[59,1025]],[[56896,54526],[59,1007]],[[56955,55533],[2065,-55]],[[59020,55478],[-41,-2048]],[[58979,53430],[-2135,57]],[[56844,53487],[-7,14]],[[50535,54333],[2266,-124]],[[52801,54209],[-144,-2020]],[[52657,52189],[-2259,127]],[[50398,52316],[137,2017]],[[2989,87026],[2729,14]],[[5718,87040],[6,-1105]],[[5724,85935],[1,-267]],[[5725,85668],[1,-37]],[[5726,85631],[1,-114]],[[5727,85517],[5,-913]],[[5732,84604],[-2727,-14]],[[3005,84590],[-16,2436]],[[10216,87038],[899,5],[4,-800]],[[11119,86243],[5,-1622]],[[8395,84611],[-4,0]],[[8391,84611],[9,2427]],[[22132,20010],[1243,22],[803,-137]],[[24178,19895],[-12,-181]],[[24166,19714],[-146,-1236],[-750,-1215]],[[23270,17263],[-1232,31]],[[22038,17294],[94,2716]],[[2564,54529],[442,-3]],[[3006,54526],[1680,-6]],[[4686,54520],[4,-1626]],[[4690,52894],[-1,-808]],[[4689,52086],[-2116,7]],[[2573,52093],[0,47]],[[2573,52140],[-9,2389]],[[19199,67567],[2657,52]],[[21856,67619],[5,-2447]],[[21861,65172],[-2657,-37]],[[19204,65135],[-5,2432]],[[19179,70415],[2669,17]],[[21848,70077],[8,-2458]],[[19199,67567],[-19,2435]],[[19180,70002],[-1,413]],[[57679,65011],[2729,-16]],[[60435,63351],[-4,-807]],[[60431,62544],[-2735,-1]],[[57742,74498],[1537,-19]],[[59243,72457],[-1456,3]],[[57787,72460],[-45,2038]],[[378,54548],[2186,-19]],[[2573,52140],[-2206,21]],[[367,52161],[11,2387]],[[317,49695],[2278,-24]],[[2595,49671],[34,-2424]],[[265,47270],[52,2425]],[[82413,53168],[27,817]],[[82440,53985],[37,1021]],[[82477,55006],[2148,-47]],[[84625,54959],[-49,-1855]],[[84576,53104],[-835,20]],[[83741,53124],[-1328,44]],[[87410,56646],[450,-13]],[[87860,56633],[1867,-63]],[[89727,56570],[-45,-1219],[-125,-605]],[[89557,54746],[-2214,81]],[[87343,54827],[67,1819]],[[81016,52742],[19,451],[1378,-25]],[[83741,53124],[-75,-2016]],[[83666,51108],[-2,-70]],[[83664,51038],[-2697,72]],[[80967,51110],[49,1632]],[[64013,86350],[4,342]],[[64017,86692],[1260,390],[400,-28],[624,-267]],[[66275,86033],[-2267,18]],[[64008,86051],[5,299]],[[61680,80343],[2248,2]],[[63928,80345],[-1,-131]],[[63927,80214],[-47,-1964]],[[61646,78250],[34,2093]],[[57646,76516],[1660,-6]],[[59306,76510],[-27,-2031]],[[57742,74498],[-34,1401],[-62,617]],[[56214,27617],[2617,-169]],[[58831,27448],[-205,-2496]],[[58626,24952],[-862,53]],[[57764,25005],[-1714,109]],[[56050,25114],[164,2503]],[[53532,27036],[-144,-1754]],[[53388,25282],[-57,-681]],[[53331,24601],[-2701,187]],[[50630,24788],[156,2027]],[[53604,27772],[2610,-155]],[[56050,25114],[-2662,168]],[[13368,24251],[-332,26]],[[13036,24277],[16,80]],[[13052,24357],[8,12]],[[13060,24369],[308,-118]],[[73720,65004],[6,292]],[[73726,65296],[2348,-95]],[[76074,65201],[-139,-2467]],[[75935,62734],[-558,-75]],[[75377,62659],[-1654,-227]],[[73723,62432],[-22,930]],[[73701,63362],[19,1642]],[[62603,69885],[3119,6]],[[65722,69891],[-15,-2432]],[[65707,67459],[-3092,-11]],[[62615,67448],[44,2028],[-56,409]],[[73714,72338],[42,-35]],[[73756,72303],[-42,0],[0,35]],[[71017,65007],[2703,-3]],[[73701,63362],[-2674,1]],[[71027,63363],[0,7]],[[71027,63370],[-10,1637]],[[33351,18243],[1651,-84],[126,-300]],[[35128,17859],[279,-163],[273,-326],[340,-230]],[[36020,17140],[46,-3140]],[[36066,14000],[-380,30],[-2161,1502],[-862,106]],[[32663,15638],[305,1041],[293,228],[-65,192],[155,1144]],[[32572,67557],[2673,8]],[[35245,67565],[3,-819]],[[35248,66746],[-10,-1627]],[[35238,65119],[-1638,-21],[-1046,14]],[[16574,60237],[2637,26]],[[19211,60263],[-1,-611]],[[19210,59652],[2,-1459],[-200,3]],[[19012,58196],[-2435,1]],[[8490,57710],[2694,15]],[[11184,57725],[8,-1209]],[[11192,56516],[-2,-18]],[[11190,56498],[-2707,-10]],[[8483,56488],[6,818]],[[28587,48332],[2042,-126]],[[30629,48206],[-23,-409]],[[30606,47797],[-177,-1793]],[[30429,46004],[-111,-1023]],[[28272,45092],[315,3240]],[[29498,51096],[1322,-109],[-53,-753]],[[30767,50234],[-138,-2028]],[[28587,48332],[258,2820]],[[45061,72481],[669,0],[550,83]],[[46280,72564],[769,-14]],[[47049,72550],[-38,-2631]],[[47011,69919],[-1316,12]],[[45695,69931],[2,132],[-649,-5]],[[45048,70058],[13,2423]],[[43262,70048],[1786,10]],[[45695,69931],[-22,-2303]],[[45673,67628],[-2038,-13]],[[43635,67615],[-369,-4]],[[43266,67611],[-1,189]],[[43265,67800],[-1,218]],[[43264,68018],[-2,2030]],[[47011,69919],[-46,-2463]],[[46965,67456],[-1293,0]],[[45672,67456],[1,172]],[[26625,87266],[-195,-5]],[[26430,87261],[195,5]],[[25967,87461],[81,137],[131,129],[223,162]],[[26402,87889],[439,137],[516,333],[282,45],[132,204],[300,20],[132,245]],[[28203,88873],[293,267],[149,333],[421,453],[238,16]],[[29304,89942],[-419,-325],[97,-332],[366,-517],[81,514]],[[29429,89282],[368,-2],[243,195]],[[30040,89475],[-17,-2417]],[[28589,86030],[-1294,-1],[-7,618]],[[27288,86647],[153,350],[426,266],[126,411],[399,-1],[-9,387],[214,316],[-794,181],[-179,-211],[-283,-8],[-182,-161],[-423,-205],[-114,-381],[-313,203],[-244,-198],[-3,-340]],[[26062,87256],[-244,3]],[[25818,87259],[149,202]],[[28556,87919],[691,62],[-44,484],[-302,173],[-341,-359],[-4,-360]],[[47444,44015],[131,-5]],[[47575,44010],[110,-3]],[[47685,44007],[128,-12]],[[47813,43995],[231,-12]],[[48044,43983],[1821,-104]],[[49865,43879],[1563,-75],[-55,-1052]],[[51373,42752],[-2017,115]],[[49356,42867],[-1983,123]],[[47373,42990],[71,1025]],[[7485,21826],[276,-93]],[[72599,37839],[77,2436]],[[72676,40275],[2208,-81]],[[74884,40194],[-70,-2440]],[[37906,72468],[1789,7]],[[39695,72475],[5,-2433]],[[39700,70042],[-1785,-10]],[[37915,70032],[-9,2436]],[[55834,55598],[1122,-48]],[[56956,55550],[-1,-17]],[[56896,54526],[-1117,56],[55,1016]],[[89478,52922],[74,1630]],[[89552,54552],[2219,-78]],[[91771,54474],[-66,-1632]],[[91705,52842],[-61,-1234]],[[91644,51608],[-2218,86]],[[89426,51694],[52,1228]],[[79779,92445],[908,574]],[[80687,93019],[-141,-634],[-771,-18]],[[79775,92367],[4,78]],[[37936,62699],[2678,19]],[[40586,60252],[-2438,0]],[[38148,60252],[-233,1]],[[37915,60253],[21,2446]],[[18073,43752],[156,2050]],[[18229,45802],[2675,-173]],[[20904,45629],[-204,-2468]],[[20700,43161],[-2657,197]],[[18043,43358],[30,394]],[[35354,90055],[2722,39]],[[38076,90094],[-25,-2592]],[[38051,87502],[-4,-392]],[[38047,87110],[-2715,-10]],[[35332,87100],[8,1221]],[[80954,50668],[13,442]],[[83664,51038],[-66,-408],[-34,-1120]],[[83561,49437],[-2642,54]],[[51540,5039],[33,451]],[[51573,5490],[2816,-179]],[[54389,5311],[-163,-2454]],[[54226,2857],[-1408,69]],[[52818,2926],[43,834],[-1408,77]],[[51453,3837],[87,1202]],[[24527,74922],[-10,-2443]],[[21843,72467],[-3,2440]],[[85634,35668],[284,-9],[30,333]],[[85948,35992],[1305,-53]],[[87253,35939],[873,-38],[-33,-486],[434,-17],[-21,-408]],[[88506,34990],[-36,-812],[-441,20]],[[85583,34444],[51,1224]],[[69897,46992],[2171,-111]],[[72068,46881],[-92,-2049]],[[69792,44937],[105,2055]],[[97368,69854],[2610,15]],[[99978,69869],[18,-2447]],[[99996,67422],[-2624,4]],[[97372,67426],[-4,2428]],[[5732,84604],[22,-2432]],[[3027,82159],[-22,2431]],[[69213,21847],[130,2490]],[[69343,24337],[445,-12]],[[69788,24325],[2245,-84]],[[72033,24241],[-88,-1504]],[[71945,22737],[-371,-734],[-332,-254]],[[71242,21749],[-2029,98]],[[57055,37474],[2725,-185]],[[59780,37289],[-183,-2450]],[[59597,34839],[-2739,185]],[[56858,35024],[197,2450]],[[4898,27653],[-202,203],[-5,437],[214,40],[373,667],[71,383]],[[5349,29383],[33,-291],[399,-201],[386,0],[60,-363],[276,60]],[[6503,28588],[-297,-407],[543,-70],[-59,-638],[249,-157],[332,-23],[92,-449]],[[7363,26844],[14,-747],[-410,185],[35,505],[-426,158],[-186,-366],[-1094,-70]],[[5296,26509],[19,40]],[[5315,26549],[288,218],[84,404],[-333,352]],[[5354,27523],[-441,-281],[-438,6],[221,364],[202,41]],[[95484,96828],[2035,-20]],[[97519,96808],[43,-2044]],[[95483,94734],[1,2094]],[[24178,19895],[75,1973]],[[24253,21868],[993,461]],[[25246,22329],[676,-56]],[[25922,22273],[27,-908],[-341,-1527]],[[25608,19838],[-257,-125],[-1185,1]],[[89404,67448],[-5,-2428]],[[89399,65020],[-453,0]],[[86784,65042],[13,2410]],[[60398,67435],[2217,13]],[[62615,67448],[15,-2441]],[[62630,65007],[-4,0]],[[60408,64995],[-10,2440]],[[89873,35738],[118,502],[345,-19],[-105,311],[26,406]],[[90257,36938],[2476,-119]],[[92733,36819],[-57,-437],[-647,-276],[-95,-200],[-20,-948],[-97,-351]],[[91817,34607],[-264,224],[-876,42],[12,214],[-416,22],[10,199],[-439,23],[29,407]],[[83036,31281],[1718,-83]],[[84754,31198],[-29,-787],[706,-32],[-47,-1275]],[[85384,29104],[-537,-118],[-272,-157]],[[84575,28829],[-1598,34]],[[82977,28863],[58,2335]],[[416,65052],[2629,-13]],[[3045,65039],[-7,-2441]],[[415,62599],[1,2453]],[[68394,76945],[0,-42]],[[68394,76903],[0,42]],[[66172,78249],[2223,13]],[[68395,78262],[0,-1217]],[[68395,77045],[0,-17]],[[68395,77028],[-1,-46]],[[68394,76982],[-507,-77],[-106,-441]],[[67781,76464],[-1642,-4]],[[66139,76460],[33,1789]],[[86521,76401],[2234,12]],[[88755,76413],[5,0]],[[88760,76413],[-1,-2018]],[[88759,74395],[-2239,11]],[[86520,74406],[1,1995]],[[81523,41026],[1773,-46]],[[83645,40972],[-14,-400],[-341,8],[-34,-1231]],[[83256,39349],[-786,-46],[-18,-829],[-122,3]],[[82330,38477],[-881,21]],[[81449,38498],[74,2528]],[[3057,67481],[2724,11]],[[5781,67492],[0,-2445]],[[5781,65047],[-2736,-8]],[[3045,65039],[12,2442]],[[32530,77690],[-3,-365]],[[32527,77325],[-471,-5]],[[32056,77320],[0,207],[474,163]],[[72495,33331],[-289,-59],[-1488,57],[-191,321],[-447,0]],[[70080,33650],[15,400],[-460,27],[61,1077],[231,-6],[26,360]],[[47821,44128],[223,-145]],[[47813,43995],[8,133]],[[47601,44318],[0,5]],[[47601,44323],[220,-195]],[[47821,44128],[-136,-121]],[[47575,44010],[26,308]],[[11124,84621],[2632,7]],[[13756,84628],[26,-2443]],[[13782,82185],[-2657,2]],[[8429,80538],[760,68],[192,-123],[545,119],[296,-123],[216,235],[685,27]],[[11123,80741],[0,-990]],[[11123,79751],[3,-1243]],[[11126,78508],[-2684,10],[1,407]],[[8443,78925],[-5,826]],[[13743,90522],[2710,59]],[[16453,90581],[-58,-634],[2,-835]],[[16397,89112],[-2671,-23]],[[13726,89089],[17,1433]],[[9800,90480],[967,-3],[2976,45]],[[13726,89089],[0,-4]],[[13726,89085],[-3516,-18]],[[9806,89921],[-6,559]],[[403,69923],[2664,2]],[[3067,69925],[-10,-2444]],[[3057,67481],[-2642,4]],[[415,67485],[-12,2438]],[[19211,60263],[-1,605]],[[21854,60888],[3,-1137]],[[21857,59751],[-663,-93],[-1984,-6]],[[13782,82185],[2603,24]],[[16410,79758],[-2631,-16]],[[13779,79742],[3,2443]],[[45074,60266],[-6,-409],[433,-10],[-50,-1183]],[[44569,58152],[-1259,86],[-27,169]],[[19138,77333],[-2688,-16]],[[16450,77317],[-40,2441]],[[53989,56210],[545,-29]],[[54534,56181],[189,-112]],[[54723,56069],[469,-19],[293,137],[-105,-566]],[[55380,55621],[-300,-85]],[[55080,55536],[-186,-54],[-73,-624],[-166,100]],[[54655,54958],[-221,-69],[156,-459],[-432,-299]],[[54158,54131],[-138,9]],[[54020,54140],[35,522],[160,382],[-147,291],[-245,126],[166,749]],[[56050,25114],[-197,-2505]],[[53187,22788],[144,1813]],[[2646,46441],[2495,2]],[[5141,46443],[21,-1634]],[[5162,44809],[-2495,-17]],[[31960,92122],[29,0]],[[31989,92122],[4,-137],[-30,0],[-3,137]],[[46988,42189],[109,-7]],[[47097,42182],[-78,-860]],[[47019,41322],[-199,163],[168,704]],[[45322,42284],[34,0]],[[45356,42284],[-34,0]],[[45473,42285],[292,-20]],[[45765,42265],[-29,-376],[-251,-327],[-228,202],[-595,330],[811,191]],[[43931,41463],[-2,-28]],[[43929,41435],[2,28]],[[43819,39719],[-13,-147]],[[43806,39572],[13,147]],[[43804,39551],[25,280]],[[43829,39831],[3,94]],[[43832,39925],[13,289]],[[43845,40214],[83,1209]],[[43928,41423],[439,-165],[285,1],[20,281],[585,-40],[314,-323],[125,196],[453,70],[-18,-625],[627,24],[245,119]],[[47003,40961],[-95,-1237]],[[46908,39724],[-442,37],[-64,-819]],[[46402,38942],[-2638,168]],[[43764,39110],[40,441]],[[77893,37652],[1,214],[465,-10],[5,201],[893,-25]],[[79257,38032],[16,-831],[438,-13],[-12,-815]],[[79699,36373],[-13,-816],[-445,4],[-8,-410],[-1417,24]],[[77816,35175],[77,2477]],[[77645,58610],[0,-2]],[[77645,58608],[81,-114]],[[77726,58494],[28,256]],[[77754,58750],[120,92]],[[77874,58842],[436,118]],[[78310,58960],[182,160]],[[78492,59120],[321,18],[285,-231]],[[79098,58907],[-62,-244],[-259,-82],[104,-479],[229,-157],[491,17],[-184,-260],[-322,19],[-315,273],[-590,-514]],[[78190,57480],[-67,65]],[[78123,57545],[-172,482],[-2,374],[-282,0]],[[77667,58401],[-22,209]],[[8458,67499],[1371,9]],[[9829,67508],[4,-821]],[[9833,66687],[10,-2845]],[[9843,63842],[-1381,-1]],[[8462,65056],[-4,2443]],[[77472,88608],[943,-2]],[[78415,88606],[-43,-869],[-328,2],[0,-232]],[[78044,87507],[-268,-1]],[[77776,87506],[-310,199]],[[77466,87705],[6,903]],[[16395,84636],[-6,-1033]],[[16389,83603],[-4,-1394]],[[3070,74821],[2670,-8]],[[3070,72366],[0,2455]],[[43298,64356],[430,31],[1883,18]],[[45611,64405],[-34,-1641]],[[43297,62729],[1,1627]],[[78769,87571],[271,162],[11,872]],[[79051,88605],[672,-6]],[[79727,86669],[-1106,3]],[[78621,86672],[143,386],[5,513]],[[61481,27270],[2595,-163]],[[64076,27107],[-167,-2490]],[[63909,24617],[-2617,159]],[[61292,24776],[189,2494]],[[66947,29411],[2225,-116]],[[69172,29295],[-127,-2459]],[[69045,26836],[-2251,116]],[[66794,26952],[153,2459]],[[63909,24617],[2731,-146]],[[66640,24471],[-166,-2492]],[[66474,21979],[-2750,142]],[[63724,22121],[185,2496]],[[61674,29746],[-193,-2476]],[[61481,27270],[-2650,178]],[[58831,27448],[215,2482]],[[60658,16926],[2688,-150]],[[63346,16776],[-80,-1244]],[[63266,15532],[-237,-356],[-104,-429]],[[62925,14747],[-2413,120]],[[60512,14867],[146,2059]],[[57324,7635],[2229,-122]],[[59553,7513],[-149,-2082]],[[59404,5431],[-514,-412]],[[58890,5019],[-1733,73]],[[57157,5092],[3,49]],[[91941,56512],[40,1309]],[[91981,57821],[2653,-50]],[[94634,57771],[-89,-2488]],[[94545,55283],[-2641,76]],[[91904,55359],[37,1153]],[[91705,52842],[2723,-96]],[[94428,52746],[-73,-1537]],[[94355,51209],[-44,-929]],[[94311,50280],[-2718,106]],[[91593,50386],[51,1222]],[[65390,19532],[930,-36],[49,821]],[[69104,20170],[-114,-1651]],[[68990,18519],[-59,-820]],[[68931,17699],[-899,44],[-7,-77],[-911,55],[-902,118]],[[66212,17839],[17,401],[-922,129],[83,1163]],[[58059,17473],[190,2487]],[[60885,19801],[-227,-2875]],[[60658,16926],[-2623,140]],[[58035,17066],[24,407]],[[22159,21602],[1680,56],[414,210]],[[22132,20010],[6,198]],[[54297,36811],[69,845]],[[54366,37656],[1801,-124]],[[56167,37532],[888,-58]],[[56858,35024],[-2693,189]],[[84264,72328],[-2420,9]],[[81844,72337],[-68,0]],[[81776,72337],[34,2136]],[[80889,48616],[-57,-1560]],[[80816,46580],[-2154,75]],[[78662,46655],[-4,1196],[69,844]],[[29421,72449],[446,-6]],[[29867,72443],[1805,-18]],[[31672,72425],[4,-1207],[-445,-4],[2,-1215]],[[31233,69999],[-883,4]],[[30350,70003],[-973,24]],[[29377,70027],[44,2422]],[[51149,32479],[59,1248]],[[54031,33566],[-57,-789]],[[53974,32777],[-64,-869]],[[53910,31908],[-2783,164]],[[51127,32072],[22,407]],[[39191,37189],[1120,22],[268,-751]],[[40579,36460],[322,-905],[-1292,-579]],[[39609,34976],[-328,-140],[-792,1708]],[[38803,21956],[142,-9]],[[38945,21947],[2182,-139]],[[41127,21808],[87,-1041],[-349,-1070],[-129,-651]],[[40736,19046],[-1642,38]],[[39094,19084],[-204,151]],[[38890,19235],[63,61],[-417,798],[-138,401],[423,257],[-75,254],[140,461],[-83,489]],[[86520,80902],[270,-5],[172,-622]],[[86523,80211],[-223,76]],[[86300,80287],[-5,617],[225,-2]],[[7234,47282],[1840,39]],[[9074,47321],[21,-2440]],[[9095,44881],[-1812,-37]],[[7283,44844],[-49,2438]],[[62558,72429],[33,-2544]],[[62591,69885],[-2177,10]],[[60414,69895],[-59,0]],[[60355,69895],[-22,2548]],[[22151,25491],[643,753],[882,405],[1020,-37]],[[24696,26612],[144,-616],[363,-1124]],[[25203,24872],[-1093,-792]],[[24110,24080],[-292,-641],[-294,-454],[-641,-39],[34,627]],[[21778,32465],[1867,-138]],[[23645,32327],[1841,-138]],[[25486,32189],[-969,-1248]],[[24517,30941],[-1841,125],[-1022,43]],[[72177,52996],[1,3]],[[72178,52999],[2240,-66]],[[74345,50870],[-1052,33]],[[72115,50970],[62,2026]],[[8566,23686],[20,-383]],[[8586,23303],[-324,-1]],[[8262,23302],[-49,168]],[[8213,23470],[353,216]],[[6604,22963],[-509,59]],[[6095,23022],[19,483],[545,-103],[-55,-439]],[[66275,86033],[-12,-1654]],[[66263,84379],[-2273,-7]],[[63990,84372],[18,1679]],[[62526,86235],[1491,457]],[[64013,86350],[-421,8],[-3,-206],[-440,-99],[-615,-3]],[[62534,86050],[-8,185]],[[77023,87710],[443,-5]],[[77776,87506],[63,-826]],[[76892,86686],[131,1024]],[[77460,85597],[344,-2]],[[78118,85413],[-14,-698],[189,-180]],[[78293,84535],[-832,-6]],[[77461,84529],[-9,0]],[[77452,84529],[-65,712]],[[65707,67459],[-25,-2446]],[[65682,65013],[-3052,-6]],[[26361,12992],[75,1082]],[[26436,14074],[1743,-113],[69,801]],[[28248,14762],[1561,-79]],[[29809,14683],[-534,-905],[-14,-290],[140,-941]],[[29401,12547],[-499,49]],[[28902,12596],[-2557,194]],[[81955,89879],[8,711]],[[81963,90590],[2405,12]],[[84368,90602],[5,-1166]],[[84373,89436],[-735,-170],[-152,-129],[34,-528]],[[83520,88609],[-1585,-4]],[[81935,88605],[20,1274]],[[88749,90621],[-1,-1967]],[[88748,88654],[0,-10]],[[88748,88644],[-2272,7]],[[86476,88651],[-20,1955]],[[21269,50100],[36,406]],[[21305,50506],[2642,-193]],[[23947,50313],[-178,-2016]],[[23769,48297],[-2639,181]],[[21130,48478],[139,1622]],[[42830,72481],[447,0]],[[43277,72481],[1784,0]],[[43262,70048],[-442,-1]],[[42820,70047],[10,2434]],[[40604,66378],[5,-1222],[2682,10]],[[43291,65166],[7,-810]],[[43298,64356],[-2685,-10]],[[40613,64346],[-886,0]],[[39727,64346],[-10,2021]],[[87554,39167],[757,-87],[1296,-70]],[[89607,39010],[648,-43]],[[90255,38967],[-49,-1206],[-220,18],[-30,-409]],[[89956,37370],[-1738,87],[-439,95]],[[87779,37552],[50,781],[-315,220],[40,614]],[[82977,28863],[-16,-80],[-2554,64]],[[80407,28847],[69,2421]],[[18408,48256],[1855,-105],[835,-75]],[[21098,48076],[-194,-2447]],[[22727,13257],[532,109],[867,97]],[[24126,13463],[1428,-409]],[[24229,10926],[-1650,987]],[[22579,11913],[169,61],[-21,1283]],[[18635,17642],[1775,-179]],[[20410,17463],[1628,-169]],[[22038,17294],[86,-364],[-355,-327],[101,-103]],[[21870,16500],[-216,-86],[-235,193],[-662,-606],[-415,39]],[[18476,16302],[159,1340]],[[84539,72328],[-103,-2403]],[[84436,69925],[-5,-81]],[[84431,69844],[-2693,103]],[[81738,69947],[106,2390]],[[81657,68078],[-2,-50]],[[81647,67877],[-18,-409]],[[81347,67482],[-108,0]],[[78992,68907],[49,1135]],[[79041,70042],[2697,-95]],[[81738,69947],[-67,-1550]],[[79468,67551],[-536,22]],[[78932,67573],[59,1318]],[[11123,79751],[2656,-9]],[[13779,79742],[-17,-2443]],[[13762,77299],[-2636,-10]],[[11126,77289],[0,1219]],[[5732,84604],[2659,7]],[[13726,89085],[20,-2830]],[[13746,86255],[-2627,-12]],[[24149,92891],[39,-1815]],[[24188,91076],[-2294,-14]],[[21894,91062],[-46,1744]],[[21848,92806],[2301,85]],[[66640,24471],[2703,-134]],[[92022,61449],[2671,-67]],[[94693,61382],[-5,-382]],[[94688,61000],[-16,-1195]],[[94672,59805],[-2697,66]],[[91975,59871],[11,348]],[[94311,50280],[-54,-1129]],[[94257,49151],[-455,-112]],[[93802,49039],[-2266,102]],[[91536,49141],[57,1245]],[[71242,21749],[260,-898],[58,-885],[-77,-523],[-161,-230],[-539,-322],[-751,157],[-146,-294],[34,-283]],[[69920,18471],[-930,48]],[[94752,72327],[771,-2]],[[95523,72325],[1850,-6]],[[97373,72319],[-5,-2465]],[[97368,69854],[-1100,4]],[[96268,69858],[2,212],[-347,52],[-98,-214],[-310,-41]],[[95515,69867],[-788,6]],[[94727,69873],[25,2454]],[[11183,58139],[2745,32]],[[13928,58171],[-4,-2441]],[[13924,55730],[1,-408]],[[13925,55322],[-1775,-29]],[[12150,55293],[-2,1239],[-956,-16]],[[11184,57725],[-1,414]],[[27830,53326],[222,2515]],[[28052,55841],[4,49]],[[28056,55890],[1873,-109]],[[29929,55781],[-50,-523]],[[46699,42779],[551,-174],[18,-342],[-171,-81]],[[46988,42189],[-326,18],[37,572]],[[52955,80651],[2321,-50]],[[55276,80601],[21,-1990]],[[53007,78597],[-52,2054]],[[97627,90681],[2361,-1]],[[99988,90680],[0,-2048]],[[99988,88632],[-2338,7]],[[97650,88639],[-23,2042]],[[93233,88645],[5,0]],[[93238,88645],[2243,-5]],[[95481,88640],[1,-2001]],[[88741,86695],[7,1949]],[[88748,88654],[2287,-3]],[[91033,86680],[-2292,9]],[[88741,86689],[0,6]],[[87479,58522],[440,-15]],[[87919,58507],[-59,-1874]],[[87410,56646],[-923,80],[-1344,46]],[[9011,50191],[2667,30]],[[11678,50221],[42,-2862]],[[11720,47359],[-2646,-38]],[[9074,47321],[-56,2417],[-95,-1]],[[8923,49737],[88,454]],[[91015,84565],[18,2115]],[[91015,84565],[-2273,10]],[[88742,84575],[-1,2114]],[[97683,84554],[2313,-20]],[[99996,84534],[-7,-2062]],[[99602,82471],[-1902,-12]],[[67772,74352],[179,-30],[-1,-115],[-126,2],[-52,143]],[[12693,41632],[310,8]],[[13003,41640],[350,225],[38,307]],[[13391,42172],[398,109]],[[13789,42281],[102,178],[496,-84],[46,-277]],[[14433,42098],[21,-357],[-173,-128]],[[14281,41613],[-136,-16]],[[14145,41597],[-998,-104]],[[13147,41493],[-384,-38],[-70,177]],[[13161,39086],[57,-332],[685,168],[365,405],[-351,241],[-39,258],[286,213]],[[14164,40039],[72,103]],[[14236,40142],[152,-101]],[[14388,40041],[-35,-322],[216,-708],[390,-14],[-60,456],[34,596]],[[14933,40049],[98,305]],[[15031,40354],[74,338],[290,-22],[48,-711]],[[15443,39959],[-28,-314]],[[15415,39645],[397,174]],[[15812,39819],[98,-7]],[[15910,39812],[110,-212]],[[16020,39600],[128,62]],[[16148,39662],[156,128]],[[16304,39790],[232,330],[371,35]],[[16907,40155],[-46,-571]],[[16861,39584],[-566,7],[-98,-206],[-445,93],[-326,-363],[63,-235],[273,-151],[626,285],[139,341],[315,-16]],[[16842,39339],[-27,-358]],[[16814,38965],[0,-59]],[[16814,38906],[-964,-429],[28,-422],[395,-163],[-10,-306],[-231,-250],[508,-22]],[[16540,37314],[-26,-217],[-463,-25],[-148,-188],[-577,-114]],[[14657,37151],[-182,-90]],[[14475,37061],[-421,131],[-272,-249],[-186,-570],[-392,-5],[-21,310]],[[13183,36678],[-123,-37]],[[13060,36641],[-21,-143]],[[13039,36498],[-89,-132]],[[12950,36366],[-365,-8]],[[12585,36358],[77,332],[284,196],[115,296],[-322,407]],[[12739,37589],[-233,411],[-463,319],[5,311],[731,70],[39,348],[343,38]],[[17794,40218],[-6,-123],[-69,4]],[[17719,40099],[75,119]],[[76606,52699],[136,185],[559,-7]],[[78814,52823],[-73,-2086]],[[76617,50804],[-79,3]],[[30222,58782],[2361,32]],[[32583,58814],[290,5]],[[33121,57227],[-3085,-332]],[[30036,56895],[186,1887]],[[5769,69937],[12,-2445]],[[50500,69896],[1778,6]],[[52278,69902],[13,-2453]],[[52291,67449],[-1801,-3]],[[50490,67446],[10,2450]],[[67211,59314],[1603,-46]],[[70155,59236],[-49,-2056]],[[70106,57180],[-2074,36]],[[68032,57216],[-891,47]],[[67141,57263],[70,2051]],[[48344,29803],[3,-21]],[[45574,27534],[206,2410]],[[44076,25162],[1330,-72]],[[48009,24931],[-57,-786]],[[47952,24145],[-59,-797]],[[47893,23348],[-3175,172]],[[44718,23520],[-909,1099]],[[43809,24619],[173,113],[94,430]],[[48050,15170],[1765,-134]],[[49815,15036],[-199,-2501]],[[49616,12535],[-1732,103]],[[47884,12638],[-34,410],[81,468],[119,1654]],[[32615,82207],[-2114,-20],[-597,16]],[[29904,82203],[25,1201]],[[32555,79765],[-2684,-17]],[[29871,79748],[33,2455]],[[21776,82650],[577,4],[-5,408],[336,205],[449,2],[-1,199],[452,8]],[[23584,83476],[900,6]],[[24484,83482],[4,-1218]],[[24488,82264],[-317,-115],[-577,106],[-1818,-12]],[[21776,82243],[0,407]],[[3011,55852],[42,31],[1,1202]],[[3054,57085],[2725,3]],[[5779,57088],[3,-2520]],[[5782,54568],[-1096,-48]],[[3006,54526],[5,1326]],[[45230,7818],[755,209],[783,324]],[[46768,8351],[212,94],[772,-1689]],[[47752,6756],[600,-1329],[-421,-174]],[[47931,5253],[-1337,-566]],[[46594,4687],[-547,432],[-178,252],[-200,718],[-12,707],[-162,649],[-265,373]],[[39911,13583],[2045,-303]],[[41956,13280],[221,-634],[436,-194],[-106,-207],[-396,54],[-223,-246]],[[41888,12053],[22,-218],[308,-395],[74,-352],[-195,-200]],[[42097,10888],[-436,-106],[-588,-23],[-188,94]],[[40885,10853],[-195,642],[-516,1981],[-263,107]],[[43339,79822],[2695,-20]],[[46034,79802],[1,-40]],[[46035,79762],[35,-1032]],[[46118,77347],[-2816,31]],[[8979,52237],[3089,28]],[[12068,52265],[51,-2038]],[[12119,50227],[-441,-6]],[[9011,50191],[-32,2046]],[[35238,65119],[-5,-799]],[[35233,64320],[-1,-416]],[[32556,63895],[-476,22],[3,409],[-876,-21]],[[6917,60562],[-364,-1]],[[6553,60561],[241,200],[123,-199]],[[97562,94764],[2428,28]],[[99990,94792],[-3,-2136]],[[99987,92656],[-2381,-18]],[[86641,40841],[1775,-83]],[[88416,40758],[1297,-114]],[[89713,40644],[-106,-1634]],[[87554,39167],[-884,35],[-101,108]],[[86569,39310],[72,1531]],[[79706,81381],[1,1022]],[[79707,82403],[2165,-27]],[[81872,82376],[1,-2015]],[[79704,80399],[2,982]],[[91000,78337],[1966,7],[240,-204]],[[93206,78140],[-2,-1726]],[[93204,76414],[-2204,4]],[[91000,76418],[0,1919]],[[18689,51859],[35,471]],[[21430,52136],[-125,-1630]],[[21269,50100],[-2699,191]],[[88759,74395],[15,-2079]],[[88774,72316],[-1967,7]],[[86807,72323],[-291,1]],[[64268,29571],[2679,-160]],[[66794,26952],[-2718,155]],[[64076,27107],[192,2464]],[[35352,85465],[2719,19]],[[38071,85484],[1,-16]],[[38072,85468],[-5,-1193]],[[38067,84275],[-68,-2042]],[[37999,82233],[-2694,-27]],[[50271,50168],[2233,-134]],[[52504,50034],[-135,-2083]],[[47952,24145],[424,-28],[163,806],[2091,-135]],[[50630,24788],[-179,-2430]],[[47829,22517],[64,831]],[[88739,82391],[8,-2127]],[[86520,80902],[3,1478]],[[95481,88640],[2169,-1]],[[97650,88639],[33,-2035]],[[50785,58448],[1550,-70]],[[52335,58378],[207,-334]],[[52542,58044],[201,-215]],[[52743,57829],[237,-54]],[[52980,57775],[-59,-1515]],[[52921,56260],[-2254,103]],[[46276,37304],[0,7]],[[46276,37311],[2676,-200]],[[48952,37111],[-195,-2430]],[[46167,34870],[-75,4]],[[46092,34874],[184,2430]],[[51961,9896],[57,621]],[[52018,10517],[2304,-190]],[[54322,10327],[-69,-820],[458,-42],[-131,-1656]],[[54580,7809],[-2807,212]],[[84308,67364],[5,117]],[[84313,67481],[2484,-29]],[[86784,65042],[-2591,38]],[[84193,65080],[115,2284]],[[67770,49048],[3,48]],[[67773,49096],[2220,-75]],[[69996,49020],[-99,-2028]],[[69897,46992],[-2207,64]],[[67690,47056],[80,1992]],[[76454,72337],[910,0]],[[77364,72337],[1770,-2]],[[79134,72335],[-93,-2293]],[[79041,70042],[-119,5]],[[78917,70047],[-2575,102]],[[76342,70149],[112,2188]],[[77645,58608],[81,-114]],[[77754,58750],[120,92]],[[75577,60124],[1314,-67],[34,944]],[[76925,61001],[2256,-78]],[[79181,60923],[-38,-1005]],[[79143,59918],[-237,11],[-103,-502],[-311,-307]],[[78310,58960],[-245,194],[105,472],[-396,186],[-71,234],[-664,362],[153,-657],[122,-102],[155,-664],[176,-375]],[[77667,58401],[-93,-333]],[[77574,58068],[-861,139],[-5,-187],[-993,32]],[[75715,58052],[-210,208]],[[75505,58260],[72,1864]],[[8438,72382],[1342,5]],[[9780,72387],[25,-2436]],[[9805,69951],[-1362,-4]],[[99988,88632],[3,-2002]],[[99991,86630],[-2308,-26]],[[84058,62857],[2685,-78]],[[86743,62779],[-50,-1193]],[[86693,61586],[-447,1],[-25,-604],[-439,19],[-31,-622]],[[85305,60398],[-1309,43]],[[83996,60441],[70,1928],[-8,488]],[[69045,26836],[-78,-1235],[443,-17],[-19,-413],[437,-21],[-40,-825]],[[66640,24471],[154,2481]],[[48246,54460],[-135,-2031]],[[48111,52429],[-2215,118]],[[45896,52547],[134,2036]],[[72161,48936],[-93,-2051]],[[72068,46885],[0,-4]],[[81523,41026],[-649,15]],[[80874,41041],[33,1243],[422,-8],[39,1091]],[[79257,38032],[12,412]],[[79269,38444],[1350,-34],[3,107],[827,-19]],[[81449,38498],[-55,-2008]],[[81394,36490],[-14,-412],[-804,24]],[[80576,36102],[3,249],[-880,22]],[[48757,34681],[2497,-142]],[[51149,32479],[-2562,142]],[[47025,64605],[19,0]],[[47044,64605],[85,-1]],[[47129,64604],[-16,-134],[-90,0],[2,135]],[[35233,64320],[2706,4]],[[37939,64324],[-3,-1625]],[[37936,62699],[-2708,-13]],[[2694,42343],[2512,6]],[[5232,39895],[-2532,-22]],[[2700,39873],[-6,2470]],[[52348,62512],[2678,18]],[[55026,62530],[39,-2442]],[[55065,60088],[-2226,-18]],[[52839,60070],[-444,-3]],[[52395,60067],[-47,2445]],[[81873,80361],[1488,-38]],[[83361,80323],[579,3]],[[83940,80326],[408,-6]],[[84348,80320],[-18,-2007]],[[84330,78313],[-2478,8]],[[57696,62543],[35,-2336]],[[57731,60207],[-527,-70]],[[57204,60137],[-355,-45],[-1784,-4]],[[79143,59918],[-45,-1011]],[[79098,58907],[1726,-59]],[[80824,58848],[-17,-613]],[[80807,58235],[-49,-1418]],[[80758,56817],[-650,19]],[[80108,56836],[-1936,107]],[[78172,56943],[18,537]],[[78123,57545],[-549,523]],[[416,65052],[-1,2433]],[[50667,56363],[-132,-2030]],[[50535,54333],[-2289,127]],[[65532,48199],[-31,-468],[-194,-410]],[[65307,47321],[-237,12],[20,999],[442,-133]],[[84576,53104],[1766,-41],[-2,-62]],[[86340,53001],[-58,-1967]],[[86282,51034],[-2616,74]],[[55655,20118],[2594,-158]],[[58059,17473],[-2614,207]],[[55445,17680],[210,2438]],[[66205,80348],[2195,6]],[[68400,80354],[-5,-2092]],[[66172,78249],[33,2099]],[[52285,67075],[221,-473],[226,4],[223,442],[-45,407]],[[52910,67455],[490,750],[678,-324]],[[54078,67881],[99,-413]],[[54177,67468],[-102,-218],[0,-450],[-162,-240],[390,-87],[-220,-727],[232,-58],[-13,-278],[-293,2],[68,-420]],[[54077,64992],[-231,-5],[3,-341],[-295,18],[-103,-372],[-224,-141],[-448,129],[-7,341],[-469,-63]],[[52303,64558],[5,83]],[[52308,64641],[0,-10]],[[52308,64631],[-2,-17]],[[52306,64614],[113,2],[16,154],[-127,-9],[-4,143],[405,65]],[[52709,64969],[-416,421]],[[52293,65390],[-3,1429],[-442,92],[-2,305],[439,-141]],[[5141,46443],[788,10],[-15,805],[122,2]],[[6036,47260],[1198,22]],[[7283,44844],[-2121,-35]],[[69045,26836],[1353,-61]],[[70398,26775],[-15,-218],[298,-202],[1462,-57]],[[72143,26298],[-39,-807]],[[72104,25491],[-71,-1250]],[[13923,92538],[2471,85]],[[16394,92623],[51,-1636]],[[16445,90987],[8,-406]],[[13743,90522],[-28,1224],[226,2],[-18,790]],[[56634,43512],[2084,-135]],[[60121,42251],[-2681,152]],[[57440,42403],[-882,58]],[[56558,42461],[76,1051]],[[43306,74926],[2900,-14]],[[46218,74625],[62,-2061]],[[43277,72481],[29,2445]],[[389,77248],[2670,18]],[[3059,77266],[11,-2445]],[[3070,74821],[-2679,5]],[[391,74826],[-2,2422]],[[61674,29746],[2594,-175]],[[95481,88640],[-1,2022]],[[63869,39536],[1312,-77]],[[65181,39459],[-90,-1242]],[[63783,38270],[86,1266]],[[29813,60617],[-13,1507]],[[29800,62124],[8,562]],[[29808,62686],[2748,-1]],[[32556,62685],[-7,-1213]],[[32549,61472],[50,-1231]],[[32599,60241],[-2805,12],[19,364]],[[88760,76413],[2240,5]],[[91000,76418],[2,-2018]],[[91002,74400],[-2243,-5]],[[9779,92408],[4144,130]],[[9800,90480],[-21,1928]],[[54020,72463],[1482,-2]],[[55502,72461],[347,-1]],[[55849,72460],[33,-2537]],[[55882,69923],[-1806,-2]],[[54076,69921],[-56,2542]],[[30163,32642],[906,420]],[[31069,33062],[785,279],[1657,265]],[[33511,33606],[-60,-585],[927,-904],[356,-111]],[[34734,32006],[-1196,-609],[-680,-748],[7,-547],[123,-232],[-395,-45],[5,-213]],[[32598,29612],[-317,59],[-109,203],[-489,-20]],[[31683,29854],[-48,289],[-233,3],[-98,342],[-640,-20],[-36,312],[-423,264],[45,140]],[[30250,31184],[44,550],[140,366],[-210,156],[-61,386]],[[31281,32302],[342,-240],[181,-580],[-38,-257],[456,-163],[91,298],[395,332],[177,-173],[12,-419],[241,35],[187,239],[-2,511],[-236,-23],[16,638],[-259,-27],[-10,-275],[-495,10],[-534,135],[-524,-41]],[[53910,31908],[-132,-1657]],[[53778,30251],[-61,-788]],[[50982,29625],[145,2447]],[[84363,82383],[2160,-3]],[[86300,80287],[-1952,33]],[[84348,80320],[15,2063]],[[62618,75257],[-150,280],[290,193],[159,-172],[-80,-394],[-219,93]],[[19524,34996],[430,-133],[251,388],[361,-157],[562,76],[229,211],[91,302],[-333,35],[20,517],[204,135],[-13,488],[-447,30],[-110,-297],[-377,-2],[-507,-363],[-276,-545]],[[19609,35681],[52,877],[302,494],[278,60],[7,337],[-220,15],[2,410],[-200,16],[15,399]],[[19845,38289],[477,370]],[[20322,38659],[457,-31],[-43,-383],[881,-24]],[[21617,38221],[-140,-124],[727,-753],[-115,-302],[729,-228],[-126,-606]],[[22692,36208],[-226,-368],[-63,-494],[-345,-265],[64,-311],[-245,-200],[109,-218]],[[21986,34352],[-462,-203],[-443,-48],[-189,-179]],[[20892,33922],[86,351],[-1099,280],[-355,443]],[[39541,41869],[-9,-256]],[[39532,41613],[-3,0]],[[39529,41613],[12,256]],[[39449,41612],[-81,1]],[[39368,41613],[81,-1]],[[39404,44234],[18,4]],[[39422,44238],[3,-4]],[[39425,44234],[-21,0]],[[39540,43865],[-5,-874]],[[39535,42991],[-447,97],[-179,236],[0,298],[618,40],[13,203]],[[36609,43758],[426,211],[201,-284],[349,253],[214,-281],[371,46],[-34,406]],[[38136,44109],[46,-12]],[[38182,44097],[166,-19]],[[38348,44078],[224,-10]],[[38572,44068],[-138,-59],[-139,-881],[352,-343],[-119,-363],[395,-371],[-202,-413]],[[38721,41638],[-389,13],[-1377,1028]],[[36955,42679],[115,104],[-144,353],[-229,215],[-88,407]],[[24388,27615],[225,1506],[614,-285]],[[25227,28836],[949,-387],[1412,-1847]],[[27588,26602],[-898,-646]],[[26690,25956],[-451,-327]],[[26239,25629],[-1036,-757]],[[24696,26612],[-308,1003]],[[8003,92359],[1776,49]],[[8400,89912],[-396,6]],[[8004,89918],[-1,2441]],[[39346,52748],[196,121],[-63,499],[134,104],[36,426]],[[39649,53898],[93,-6]],[[39742,53892],[214,-15]],[[39956,53877],[687,-35]],[[40643,53842],[-135,-344],[440,-180],[271,120],[391,-178]],[[41610,53260],[-11,-203]],[[41599,53057],[-3,-69]],[[41596,52988],[262,-246]],[[41576,52633],[-501,136],[-279,-128],[47,-740],[247,-160]],[[41090,51741],[429,-129]],[[41500,51285],[-245,13],[-350,450]],[[40905,51748],[-203,203],[-1001,59]],[[39701,52010],[-14,160]],[[39687,52170],[-359,312]],[[39328,52482],[18,266]],[[52801,54209],[1219,-69]],[[54158,54131],[452,-22]],[[54610,54109],[-26,-509]],[[54584,53600],[-88,-1515]],[[50452,12475],[1731,-128]],[[52183,12347],[-165,-1830]],[[50242,10058],[210,2417]],[[79727,86669],[0,-43]],[[79727,86626],[-7,-900]],[[79720,85726],[-6,-340]],[[79714,85386],[-328,15],[-132,188],[-626,-54]],[[70574,83502],[3,206]],[[70577,83708],[333,-1],[26,284],[543,-5],[28,-569],[-65,-375],[-875,-4]],[[70567,83038],[7,464]],[[84320,76409],[2201,-8]],[[77902,77245],[227,283],[220,-205],[4,-408]],[[78353,76915],[0,-114]],[[78353,76801],[-211,-97],[-266,211],[26,330]],[[78044,87507],[725,64]],[[19335,29133],[66,861]],[[21573,29923],[114,-7],[85,-2073]],[[21772,27843],[-575,91],[-894,599],[-987,350]],[[19316,28883],[19,250]],[[65827,57300],[1314,-37]],[[68032,57216],[-57,-2027]],[[65739,55258],[88,2042]],[[96268,69858],[-753,9]],[[73679,85196],[-492,-12],[-7,212]],[[77806,33019],[97,-3]],[[77903,33016],[-76,-1624]],[[77827,31392],[-326,-143],[-324,26],[-18,-839],[-628,23]],[[76531,30459],[-280,17],[36,415],[-725,29]],[[75562,30920],[16,521],[-307,12],[47,1138],[-81,526]],[[28046,70043],[1331,-16]],[[30350,70003],[-27,-2434]],[[28032,67600],[14,2443]],[[19074,82222],[2702,21]],[[21776,82243],[29,-2447]],[[97513,97643],[2476,-23]],[[99989,97620],[1,-2828]],[[97519,96808],[-6,835]],[[27270,38328],[1332,-118],[111,374]],[[31140,38215],[-841,-1687]],[[30299,36528],[-307,24]],[[29992,36552],[-2865,204]],[[27127,36756],[143,1572]],[[71006,30373],[116,-167],[1219,-56],[13,239]],[[72354,30389],[903,-35],[-60,-1224]],[[73197,29130],[-19,-203],[-448,9],[-35,-612]],[[72695,28324],[-1772,82]],[[70923,28406],[83,1967]],[[337,89982],[2659,-18]],[[2996,89964],[-7,-2938]],[[2989,87026],[-2626,-17]],[[363,87009],[-26,2973]],[[49523,62530],[21,2031]],[[49544,64561],[1440,-33],[23,-1212],[-437,9],[20,-817]],[[50590,62508],[-1068,1]],[[79690,75754],[156,0],[39,202],[130,-2],[-35,-237],[-290,-8]],[[79690,75709],[0,45]],[[79686,75235],[-3,-172]],[[79683,75063],[3,172]],[[24305,17268],[1616,28]],[[25921,17296],[748,-26]],[[26669,17270],[-149,-1980]],[[26520,15290],[-1645,66],[-612,113]],[[24263,15469],[42,1799]],[[59174,60400],[1270,176]],[[60444,60576],[970,138],[-53,-1213]],[[61361,59501],[-65,-1642]],[[61296,57859],[-2204,83]],[[59092,57942],[82,2458]],[[91002,74400],[14,-2087]],[[89407,72316],[-633,0]],[[63724,22121],[-2629,165]],[[61095,22286],[197,2490]],[[66233,82487],[789,-8]],[[67022,82479],[44,-1]],[[67066,82478],[306,-3]],[[67372,82475],[1054,-5]],[[68426,82470],[-26,-2116]],[[66205,80348],[28,2139]],[[68426,64996],[2591,11]],[[71027,63370],[-2600,-20]],[[68427,63350],[-1,1646]],[[32565,69999],[2676,16]],[[35241,70015],[4,-2450]],[[32572,67557],[-7,2442]],[[91231,69888],[-18,-826],[921,-9]],[[92134,69053],[-26,-1600]],[[92108,67453],[0,-18]],[[92108,67435],[-2704,13]],[[77447,83263],[277,-286],[462,16],[158,-566]],[[78344,82427],[-899,17]],[[77445,82444],[2,819]],[[56841,47562],[132,1961]],[[56973,49523],[2042,-93]],[[59015,49430],[-80,-1999]],[[58935,47431],[-2095,117]],[[56840,47548],[1,14]],[[19098,92715],[2750,91]],[[21894,91062],[-2749,-36]],[[19145,91026],[-47,1689]],[[3054,59328],[1845,3],[-1,-205],[887,-1]],[[5779,57304],[0,-216]],[[3054,57085],[0,609]],[[3054,57694],[0,1634]],[[44017,10373],[406,-7]],[[45271,10344],[-33,-769]],[[45238,9575],[-462,312],[-544,-144]],[[44232,9743],[-466,123],[-291,-203],[53,-217]],[[43528,9446],[-484,-336],[-249,-79],[-748,114]],[[42047,9145],[390,389],[44,435],[355,207],[209,-193],[511,1],[47,394],[414,-5]],[[91056,96943],[1386,601],[432,110],[359,209]],[[93233,97863],[10,-1893]],[[93243,95970],[-2,-1232]],[[93241,94738],[-2181,4]],[[26183,91153],[29,210],[699,25]],[[26911,91388],[242,-174],[703,-176],[-10,370],[-394,29],[-335,165]],[[27117,91602],[89,599],[9,811]],[[27215,93012],[3654,127]],[[30869,93139],[-107,-335],[252,-48],[377,170],[128,231]],[[31519,93157],[-311,-956],[292,-262]],[[31500,91939],[-88,-644],[-861,-829],[13,-515]],[[30564,89951],[-869,-4]],[[29695,89947],[-391,-5]],[[28203,88873],[-61,88],[-729,230],[-1114,41]],[[26299,89232],[120,419],[-10,666],[-210,10],[-16,826]],[[4689,52086],[89,1],[-13,-1204]],[[4765,50883],[26,-1204]],[[4791,49679],[-2196,-8]],[[2595,49671],[-22,2422]],[[88741,86695],[-2251,-10]],[[47011,69919],[1710,-15]],[[48721,69898],[-10,-1625]],[[48711,68273],[-450,4],[-10,-800],[-454,-26]],[[47797,67451],[-832,5]],[[73756,69923],[-1,329]],[[73755,70252],[788,-24]],[[74543,70228],[1799,-79]],[[76342,70149],[-138,-2463]],[[76204,67686],[-2455,97]],[[73749,67783],[7,2140]],[[33511,33606],[53,563]],[[36313,34035],[-198,-2892]],[[36115,31143],[-1201,500],[-180,363]],[[52183,12347],[28,252]],[[52211,12599],[2337,-193],[434,-56]],[[54982,12350],[-200,-2059]],[[54782,10291],[-460,36]],[[63724,22121],[-176,-2483]],[[63548,19638],[-2663,163]],[[86514,78306],[-2184,7]],[[56994,2711],[163,2381]],[[58890,5019],[-157,-277],[-42,-957],[-167,-428],[-32,-752],[-226,-790],[-234,-526],[-386,-233],[-773,-133]],[[56873,923],[121,1788]],[[94355,51209],[2328,-101]],[[96683,51108],[-153,-843],[-419,-505],[-391,-682]],[[95720,49078],[-1463,73]],[[2,22809],[1282,12],[6,797]],[[1290,23618],[1366,-5]],[[2656,23613],[211,-681],[-35,-310]],[[2832,22622],[-53,-223],[-518,-174],[-536,191],[-269,-199],[230,-263],[-382,-807],[-254,146],[-279,-31],[-319,-391],[-142,-597],[-310,-219]],[[0,20055],[2,2754]],[[91147,42602],[1346,-76],[546,-235],[243,-6]],[[93282,42285],[-28,-315],[349,-571],[89,-295],[-226,-373],[-497,-250]],[[92969,40481],[-1934,83]],[[91035,40564],[112,2038]],[[97495,99092],[1049,351],[688,335],[755,221],[2,-2379]],[[97513,97643],[-37,693]],[[97476,98336],[19,756]],[[43469,56321],[9,-1]],[[43478,56320],[69,-3]],[[43547,56317],[292,-15]],[[43839,56302],[-291,-297],[-398,25],[12,185],[307,106]],[[25962,42536],[-33,-330]],[[24805,43281],[1220,-67]],[[26025,43214],[-63,-673]],[[23157,43404],[226,-14]],[[22792,43432],[228,-17]],[[22571,43105],[221,327]],[[25928,42198],[-155,-1468]],[[25773,40730],[-3001,262],[-471,14]],[[22301,41006],[93,1305]],[[21477,42088],[78,1030]],[[21555,43118],[801,-57]],[[22101,42505],[-342,-341],[-282,-76]],[[54733,56169],[91,1555]],[[54824,57724],[2250,-124]],[[57074,57600],[-118,-2050]],[[55834,55598],[-454,23]],[[54723,56069],[10,100]],[[39313,52238],[374,-68]],[[39701,52010],[36,-212]],[[39737,51798],[-124,-2061],[-305,17],[10,-507],[147,-530]],[[39302,48978],[-55,-34]],[[39232,48992],[-5,354],[-266,-200]],[[38363,48872],[0,8]],[[38363,48880],[-29,1340]],[[38334,50220],[-24,1292],[-464,4]],[[37846,51516],[-39,253],[942,98],[185,395],[379,-24]],[[76128,85450],[283,1]],[[77452,84529],[-713,-2]],[[76739,84527],[40,305],[-428,135],[-126,-179],[449,-261]],[[76674,84527],[-121,1]],[[75084,80424],[591,6]],[[75675,80430],[402,-7]],[[76077,80423],[343,-203]],[[76420,80220],[-9,-708],[330,-4],[-3,-509],[696,-6]],[[77435,78337],[-2260,-9]],[[75175,78328],[-88,0]],[[75087,78328],[-3,2096]],[[45859,52063],[-43,-664]],[[45816,51399],[-201,-270],[-475,216],[-188,209],[35,235],[342,160],[530,114]],[[14145,41597],[136,16]],[[14433,42098],[201,-26],[551,445]],[[15185,42517],[217,6]],[[15402,42523],[-218,-302],[83,-485],[145,-248]],[[15412,41488],[-308,-783],[-73,-351]],[[14933,40049],[-545,-8]],[[14236,40142],[424,107],[19,541],[-743,102],[-808,411],[19,190]],[[38753,39319],[765,-18]],[[39518,39301],[2494,-96]],[[42012,39205],[-6,-392],[180,-608],[-24,-465],[119,-168],[-369,-268],[254,-173],[-158,-260],[81,-465]],[[42089,36406],[-1510,54]],[[89399,65020],[1340,-2]],[[90739,65018],[-22,-2336]],[[89399,62709],[-447,5]],[[63122,84900],[187,-433],[-165,-113]],[[63144,84354],[-340,-6]],[[62804,84348],[-269,11]],[[62535,84359],[-7,169],[618,9],[-24,363]],[[62436,84359],[-607,-1]],[[61829,84358],[-167,327],[433,214],[341,-540]],[[2716,27643],[2182,10]],[[5354,27523],[-39,-974]],[[5296,26509],[-4,-256]],[[5292,26253],[-118,276],[-351,-114],[135,-799]],[[4958,25616],[-268,56],[-278,-124]],[[4412,25548],[-14,-122]],[[4398,25426],[-252,-193]],[[4146,25233],[-1429,-8]],[[91038,90639],[2197,10]],[[93235,90649],[3,-2004]],[[91035,88651],[-1,1981]],[[16585,55291],[2370,310]],[[18955,55601],[10,-606]],[[18965,54995],[14,-1422]],[[18833,53565],[-623,381],[-115,169],[-703,36],[-965,-629],[-239,-264]],[[16188,53258],[-182,285]],[[16006,53543],[-19,1670],[598,78]],[[85858,40902],[783,-61]],[[86569,39310],[-237,-95],[-1429,83]],[[84903,39298],[-1647,51]],[[89713,40644],[1322,-80]],[[92969,40481],[-132,-233],[104,-467],[-46,-614]],[[92895,39167],[-397,-104],[-1559,72],[-15,-202],[-669,34]],[[43013,48452],[1998,-102]],[[45011,48350],[3,0]],[[45014,48350],[-138,-1041]],[[44876,47309],[-29,-68]],[[44847,47241],[-309,6],[-457,292],[-276,27]],[[43805,47566],[-307,216]],[[43498,47782],[14,234],[-535,176]],[[42977,48192],[36,260]],[[54720,46678],[37,-1]],[[52369,47951],[2182,-125]],[[54551,47826],[-11,-127]],[[54540,47699],[-61,-1008],[113,-6]],[[54274,45699],[-2052,144]],[[56777,46782],[63,766]],[[58935,47431],[-1,-19]],[[58934,47412],[-102,-1996]],[[58832,45416],[-1880,103]],[[56952,45519],[-262,290],[28,334]],[[68419,67447],[2602,25]],[[71021,67472],[-4,-2465]],[[68426,64996],[1,1225]],[[68427,66221],[-8,1226]],[[80743,90580],[305,222],[-1,179],[626,-51],[295,-141]],[[81968,90789],[-5,-199]],[[81955,89879],[-318,-1],[-285,141],[-93,215],[-502,0],[-14,346]],[[41302,15493],[4,0]],[[41306,15493],[2043,-62]],[[43349,15431],[-62,-1247],[-191,6],[-60,-914],[-1,-1238]],[[43035,12038],[-1147,15]],[[41956,13280],[-80,170],[61,424],[-277,439],[-253,203],[369,218],[-13,209],[-295,47],[-198,311],[32,192]],[[33316,46296],[86,9]],[[33402,46305],[617,-1395]],[[34019,44910],[77,-568],[-453,-238],[13,-212]],[[33656,43892],[-1122,599],[-633,621]],[[31901,45112],[-948,957]],[[30953,46069],[2363,227]],[[36821,16834],[2226,-99]],[[39047,16735],[376,-18],[2169,-242]],[[41592,16475],[-227,-79],[-59,-903]],[[41302,15493],[-3118,66]],[[38184,15559],[-799,24],[-119,325],[46,564],[-262,100],[-229,262]],[[31478,9819],[-50,235],[431,329],[208,311],[279,-84],[37,433],[224,391],[-293,200],[148,403],[-178,395],[315,65],[-221,351]],[[32378,12848],[1731,-161]],[[34109,12687],[265,-341],[-13,-358],[-169,-414],[44,-274],[-268,-270],[253,-620],[-161,-1087],[-249,-277]],[[33811,9046],[-1158,-27],[-248,91],[-31,296],[-333,448],[-674,-546]],[[31367,9308],[111,511]],[[26848,33452],[42,530]],[[26890,33982],[897,-195],[1796,-42],[-43,-557],[491,-34],[132,-512]],[[30250,31184],[-519,-124],[-403,-257],[-514,-146]],[[28814,30657],[104,1278],[-620,48]],[[28298,31983],[-1563,111]],[[26735,32094],[113,1358]],[[88751,78282],[4,-1869]],[[86521,76401],[-7,1905]],[[37860,57005],[1813,-100]],[[39597,55923],[-165,-2011]],[[39432,53912],[-49,-661]],[[39383,53251],[-966,67],[-136,722],[-170,301]],[[38111,54341],[5,237],[-340,1191],[-35,651],[118,160],[1,425]],[[33402,46305],[607,65],[44,664],[3392,-253]],[[37445,46781],[-12,-115]],[[37433,46666],[-5,-50]],[[37428,46616],[-8,-111]],[[37420,46505],[-37,-482],[-968,32],[50,-1142],[-56,-94]],[[36409,44819],[-1706,91],[-684,0]],[[72068,46885],[2169,-75]],[[74155,44744],[-2179,88]],[[24501,67601],[-2645,18]],[[57697,12567],[185,2436]],[[57882,15003],[2630,-136]],[[60512,14867],[-170,-2439]],[[60342,12428],[-2645,139]],[[5864,91687],[336,331],[203,-125],[62,-612],[-490,-2],[-111,408]],[[99990,81991],[7,-1709]],[[99997,80282],[-2287,-3]],[[97710,80279],[-10,2180]],[[8627,22414],[217,97],[94,287],[442,71]],[[9380,22869],[195,-321]],[[9077,21968],[-198,88]],[[21782,84256],[672,-2],[203,296],[575,201]],[[23232,84751],[343,-85],[9,-1190]],[[21776,82650],[6,1606]],[[96213,54401],[360,126],[149,-598],[-127,-67],[-361,365],[-21,174]],[[97375,55474],[292,-114],[270,-341],[-121,-613],[46,-190]],[[97862,54216],[-241,202],[-380,14],[-92,189]],[[97149,54621],[-110,-183],[-318,111],[-551,18],[-130,239],[104,452]],[[96144,55258],[286,162],[696,-118],[249,172]],[[317,49695],[50,2466]],[[32525,76303],[113,351],[341,-344],[336,434],[0,171],[-338,128],[699,286]],[[33676,77329],[1574,-1]],[[35250,77328],[-22,-2440]],[[35228,74888],[-2696,-12]],[[32532,74876],[-7,1427]],[[76428,87917],[128,1]],[[76556,87918],[469,-20],[-2,-188]],[[76118,86735],[225,193],[55,780],[-287,202]],[[29812,65123],[-4,-2437]],[[29800,62124],[-841,380],[-561,-8],[-159,167],[-473,9],[-680,364]],[[27086,63036],[53,2123]],[[25773,40730],[-197,-2210]],[[25576,38520],[-484,45],[32,208],[-627,78]],[[24497,38851],[-1463,169],[46,694],[-875,66]],[[22205,39780],[96,1226]],[[5799,62602],[-2761,-4]],[[41610,53260],[30,528]],[[41640,53788],[60,1029]],[[41700,54817],[2253,-119]],[[43953,54698],[-138,-2045]],[[43815,52653],[-1,-1]],[[41596,52988],[3,69]],[[84903,39298],[-69,-1844]],[[84834,37454],[-1,-205],[-456,12],[19,410],[-1192,27]],[[83204,37698],[-443,4],[-314,216],[-117,559]],[[45859,52063],[37,484]],[[48111,52429],[-132,-2137]],[[47979,50292],[-2237,136]],[[45742,50428],[74,971]],[[36323,34245],[223,-150],[181,-328],[413,411],[322,-208],[466,-37],[60,-320],[642,302]],[[38630,33915],[-164,-2886]],[[38466,31029],[-2351,114]],[[19167,72455],[12,-2040]],[[19180,70002],[-2659,-10]],[[16521,69992],[-17,814]],[[16504,70806],[-27,1630]],[[50590,82706],[2318,-37]],[[52908,82669],[47,-2018]],[[52955,80651],[-2322,23]],[[50633,80674],[-2,0]],[[50631,80674],[-41,2032]],[[5781,67492],[2677,7]],[[387,79725],[2655,-4]],[[389,77248],[-2,2477]],[[35228,62686],[-17,-2145]],[[35211,60541],[-255,-95],[-311,121],[-308,-31],[-348,215],[-344,-106],[-516,474],[-580,353]],[[50716,76593],[2334,-30]],[[53090,74520],[-2286,42]],[[50804,74562],[-88,2031]],[[40740,87498],[5,812],[431,3],[3,382]],[[41179,88695],[240,-306],[890,-659],[922,-485]],[[43231,87245],[-12,-122]],[[43219,87123],[-901,-172],[-342,29],[-347,-121],[-298,41],[-595,-91]],[[40736,86809],[4,689]],[[9309,30721],[305,990],[984,203]],[[10598,31914],[749,94],[-122,-1634]],[[11225,30374],[-32,-431]],[[11193,29943],[-274,-334],[-195,61],[-897,44],[-447,257],[120,391],[-220,100],[29,259]],[[36544,58696],[1129,130]],[[37673,58826],[148,-149],[56,-450],[1139,-15]],[[39016,58212],[1,-331],[728,83],[-72,-1059]],[[37860,57005],[-1323,96]],[[36537,57101],[7,538]],[[40374,25803],[697,734]],[[41071,26537],[1395,628]],[[42466,27165],[288,116],[271,-695],[344,-95],[253,-281],[24,-337],[336,-16],[94,-695]],[[43809,24619],[-205,-1059],[-515,-132]],[[43089,23428],[-352,214],[-546,1526],[-241,306],[-239,-13],[-468,-465],[-568,218],[-99,436],[-202,153]],[[13322,18043],[884,1995]],[[14206,20038],[192,-266],[455,-135],[281,90],[1141,-69],[411,-115]],[[16686,19543],[-77,-378]],[[16609,19165],[96,-640],[-329,-534],[28,-357],[-345,-441]],[[16059,17193],[-138,-188],[-522,47],[20,-218]],[[15419,16834],[-622,258]],[[14797,17092],[-538,171],[-937,780]],[[46377,91825],[316,195],[195,-77],[-50,-473],[-190,-28],[-271,383]],[[46141,92557],[227,325],[284,19],[28,-300],[-254,-140],[-285,96]],[[45947,90746],[226,298],[510,-65],[-15,-256],[-324,-317],[-397,340]],[[94688,61000],[1790,-23]],[[96533,60976],[24,-247],[337,-311],[678,-1088]],[[97572,59330],[-2910,60]],[[94662,59390],[10,415]],[[97748,73884],[723,-234],[210,289],[177,-56]],[[98858,73883],[183,-149],[741,-265],[-20,290],[-758,275]],[[99004,74034],[-313,141],[73,191]],[[98764,74366],[1233,14]],[[99997,74380],[-1,-2075]],[[99996,72305],[-2245,14]],[[97751,72319],[-83,583],[-249,247],[329,735]],[[12681,42544],[-3,-55]],[[12678,42489],[-76,-6]],[[12602,42483],[79,61]],[[12417,42483],[-678,-5]],[[11739,42478],[-46,-3]],[[11693,42475],[128,405],[215,3],[381,-400]],[[51724,7501],[-151,-2011]],[[51540,5039],[-2168,130]],[[49372,5169],[-1441,84]],[[47752,6756],[53,988],[1337,-70]],[[93233,92637],[-2182,18]],[[91051,92655],[9,2087]],[[46615,46171],[-50,-1]],[[46565,46170],[-212,12]],[[46353,46182],[-12,0]],[[46341,46182],[-330,17]],[[46011,46199],[604,-28]],[[37433,46666],[306,-126],[1167,196],[73,159],[696,-90],[124,470]],[[39799,47275],[9,43]],[[39808,47318],[372,-18],[49,1273]],[[40229,48573],[604,-26]],[[40833,48547],[105,-457],[403,35]],[[41341,48125],[11,260]],[[41352,48385],[-370,156]],[[40982,48541],[377,-14]],[[41359,48527],[83,-3]],[[41442,48524],[137,-4]],[[41579,48520],[474,-21]],[[42053,48499],[776,-38]],[[42829,48461],[154,-7]],[[42983,48454],[11,-1]],[[42994,48453],[11,0]],[[43005,48453],[8,-1]],[[42977,48192],[-78,-359],[209,-125],[390,74]],[[43805,47566],[346,-518],[580,-88],[116,281]],[[44876,47309],[403,-116],[121,628],[185,24]],[[45585,47845],[332,31],[529,-79],[15,-763],[-306,-35],[-171,-273],[-23,-525]],[[45961,46201],[-1055,55],[-226,-315],[-145,-618],[70,-355],[538,-89],[227,-280],[543,-254]],[[45913,44345],[53,20]],[[45966,44365],[606,173]],[[46572,44538],[359,-142],[61,338],[201,219],[438,-149]],[[47631,44804],[-11,-169]],[[47620,44635],[-18,-310]],[[47602,44325],[-1,-2]],[[47601,44318],[-653,-87],[-50,-180]],[[46898,44051],[-665,32],[81,-421],[-56,-768],[441,-115]],[[47019,41322],[-16,-361]],[[43928,41423],[1,12]],[[43931,41463],[7,100],[-723,42],[22,-410],[-656,-65],[-29,-475],[206,-13],[-48,-449],[312,-218],[51,400],[637,-53],[135,-108]],[[43832,39925],[-3,-94]],[[43804,39551],[-533,176],[-130,-314],[-251,-27],[-385,193],[-89,-205],[-483,28]],[[41933,39402],[-275,-77],[-100,364],[490,43]],[[42048,39732],[237,30],[30,275],[-231,97]],[[42084,40134],[-225,370],[-116,626],[160,218],[-225,151],[23,341],[-240,163]],[[41461,42003],[-145,36]],[[41316,42039],[-62,-256],[-453,164],[55,154],[-439,124]],[[40417,42225],[-79,16]],[[40338,42241],[-391,-304],[-261,120],[-145,-188]],[[39529,41613],[-80,-1]],[[39368,41613],[-314,-192],[-334,-25],[1,242]],[[38572,44068],[-224,10]],[[38182,44097],[-48,71]],[[38134,44168],[-7,77]],[[38127,44245],[-15,325],[217,210],[-266,170]],[[38063,44950],[-1,5]],[[38062,44955],[214,221],[164,-328],[315,248],[742,96],[82,375],[360,-261],[155,196],[-42,616],[-744,104],[-49,231]],[[39259,46453],[-516,80],[-21,-278]],[[38722,46255],[-77,-20]],[[38645,46235],[-213,-19]],[[38432,46216],[-271,-6]],[[38161,46210],[-303,286]],[[37858,46496],[-339,42]],[[37519,46538],[-91,78]],[[39535,42991],[186,86]],[[39721,43077],[14,597],[-195,191]],[[39425,44234],[191,40]],[[39616,44274],[-56,-7],[-156,-31],[0,-2]],[[39699,42329],[21,-105],[289,-15],[-29,127]],[[39980,42336],[-69,18]],[[39911,42354],[-188,-26]],[[39723,42328],[-24,1]],[[39886,46507],[187,-317],[152,-1137],[140,-180]],[[40365,44873],[41,-26]],[[40406,44847],[321,-412]],[[40974,44040],[836,-147],[-102,333],[-633,33],[-59,120]],[[41016,44379],[167,86],[68,1356],[-94,233],[-770,300]],[[40387,46354],[-126,14]],[[40261,46368],[-368,143]],[[39893,46511],[-7,-4]],[[40253,44508],[-58,-23]],[[40195,44485],[58,23]],[[41075,47323],[22,-120]],[[41097,47203],[17,-90]],[[41114,47113],[147,-84]],[[41261,47029],[40,-1]],[[41301,47028],[583,-196],[404,-18],[92,331],[2,605],[-456,131],[-510,-92],[-387,-209]],[[41029,47580],[-408,-24],[-13,-304],[467,71]],[[41092,42085],[6,2]],[[41098,42087],[97,312],[511,-364],[221,312],[6,386],[-162,398],[-420,-57],[-182,-172],[-146,-394],[69,-423]],[[41264,46314],[6,68]],[[41270,46382],[-6,-68]],[[43369,45647],[12,69]],[[43381,45716],[5,273]],[[43386,45989],[0,11]],[[43386,46000],[-226,12],[-61,-346],[270,-19]],[[43434,46727],[482,-25],[31,218],[-496,46],[-17,-239]],[[43478,43783],[178,24],[-1,-575],[399,-25],[58,818],[-412,129],[-222,-371]],[[43819,39719],[-13,-147]],[[45765,42265],[-292,20]],[[45356,42284],[-34,0]],[[77470,89061],[2,-453]],[[76556,87918],[-17,412],[340,-2],[-19,306],[272,84],[-3,269],[341,74]],[[23947,50313],[111,1226]],[[24058,51539],[912,-62]],[[24970,51477],[1902,-159]],[[26872,51318],[-340,-2837]],[[26532,48481],[-46,-397]],[[26486,48084],[-2717,213]],[[26895,24300],[580,65],[558,-371],[382,-126],[1087,200],[503,-192],[336,5]],[[30341,23881],[92,-499],[-197,-1640]],[[30236,21742],[-42,-331]],[[30194,21411],[-1388,-391],[-512,-331],[-591,-72]],[[27703,20617],[-39,567],[-175,587],[-1022,480],[59,314],[-77,425]],[[26449,22990],[12,359],[519,752],[-85,199]],[[36881,25935],[526,180],[756,116],[221,-44],[880,84],[52,500],[237,51]],[[39553,26822],[262,-175],[996,51],[260,-161]],[[40374,25803],[-171,-37],[-68,-877],[-425,-214],[-282,-241],[232,-994],[-53,-286],[-204,-236],[-458,-971]],[[38803,21956],[-706,46]],[[38097,22002],[-476,1692],[-342,589]],[[37279,24283],[-515,678]],[[36764,24961],[117,974]],[[77350,67637],[1582,-64]],[[78932,67573],[-20,-415]],[[78892,66750],[-48,-1033]],[[78844,65713],[-2,-29]],[[78833,65502],[-20,-410]],[[78813,65092],[-2089,84]],[[76204,67686],[453,-19]],[[76184,67263],[20,423]],[[76127,66201],[3,67]],[[76285,65193],[-211,8]],[[76074,65201],[34,654]],[[98092,74454],[327,-12]],[[98419,74442],[78,64]],[[98497,74506],[151,0]],[[98648,74506],[116,-140]],[[99004,74034],[-146,-151]],[[97748,73884],[-1,174]],[[97747,74058],[-3,296],[348,100]],[[3213,22601],[2385,-171]],[[5055,21242],[-415,87],[-49,-466]],[[4944,20018],[-1924,157]],[[3020,20175],[35,701],[158,1725]],[[95515,80272],[2195,7]],[[97710,80279],[12,-1942]],[[97722,78337],[-2202,2]],[[95520,78339],[-5,1933]],[[8272,28832],[384,273],[256,12],[178,666],[-301,395],[184,349],[336,194]],[[11193,29943],[46,-486],[-72,-798]],[[11167,28659],[-2895,173]],[[54584,53600],[2253,-99]],[[56844,53487],[-120,-2047]],[[73723,62432],[-318,-203],[-40,-1000]],[[71112,61291],[18,653],[-97,123],[-6,1296]],[[34444,86274],[899,13],[-11,813]],[[38047,87110],[24,-1626]],[[60065,80349],[-239,236],[92,336],[224,178],[950,-54],[112,-369],[-465,2],[-231,-332]],[[60508,80346],[-154,-265],[-608,-2],[319,270]],[[54974,67474],[900,-4]],[[55874,67470],[206,0]],[[56080,67470],[5,-177],[446,-2],[-26,-340],[250,-246],[13,-1681]],[[54973,65012],[1,2462]],[[25773,40730],[3429,-292]],[[27270,38328],[-12,61],[-1574,123]],[[25684,38512],[-108,8]],[[61612,39663],[874,-55]],[[62486,39608],[-54,-818],[-421,25],[-104,-1656]],[[61907,37159],[-2127,130]],[[59780,37289],[182,2479]],[[92168,72321],[1078,6]],[[93246,72327],[1506,0]],[[94727,69873],[-1530,11]],[[93197,69884],[-244,208]],[[92953,70092],[7,601],[-807,5]],[[52335,58378],[665,-28]],[[53000,58350],[239,-516],[-259,-59]],[[61228,7426],[337,-1193],[-121,-621],[-268,-246],[-776,-101],[-553,199],[-443,-33]],[[76739,84527],[-65,0]],[[30801,15678],[160,88],[1702,-128]],[[36066,14000],[6,-589]],[[36072,13411],[4,-920]],[[36076,12491],[-1967,196]],[[32378,12848],[-625,46]],[[31753,12894],[-108,96],[169,902],[-82,359],[-282,65],[188,311],[-214,305],[-415,11]],[[31009,14943],[-208,735]],[[28651,28301],[101,1454]],[[28752,29755],[62,902]],[[31683,29854],[-47,-274]],[[31636,29580],[-700,-3],[-486,-548],[-1799,-728]],[[2910,20170],[110,5]],[[95531,77281],[2,-287]],[[95533,76994],[-508,-109],[-1,657],[407,-64],[100,-197]],[[93206,78140],[1,205]],[[93207,78345],[2313,-6]],[[95520,78339],[11,-1058]],[[95533,76994],[-4,-589]],[[95529,76405],[-2325,9]],[[95483,97117],[0,430]],[[95483,97547],[365,69],[-1,216],[396,-49],[323,150],[158,326],[752,77]],[[95484,96828],[-1,289]],[[19091,86278],[2698,21]],[[21789,86299],[-7,-2043]],[[21782,84256],[-442,95],[-623,-15],[-614,141],[-308,-79],[-368,-370],[-341,-26]],[[19086,84002],[5,2276]],[[86490,86685],[8,-396]],[[86498,86289],[1,-10]],[[86499,86279],[-8,-310]],[[86491,85969],[1,-104]],[[86492,85865],[7,-1288]],[[86499,84577],[-2116,-9]],[[80807,58235],[440,-12],[-8,-172],[1334,-32]],[[82538,56807],[-41,-1242]],[[82497,55565],[-977,25],[-24,209],[-350,9],[18,438],[-220,4],[28,554],[-214,13]],[[16540,37314],[146,-18]],[[16686,37296],[-99,-1322]],[[16577,35794],[-14,-210]],[[16551,35490],[-10,-106]],[[16541,35384],[-135,-335],[-521,56],[27,434],[-1549,39]],[[14363,35578],[-66,395],[-137,144]],[[14160,36117],[220,265],[95,679]],[[63958,82326],[0,-64]],[[63958,82262],[0,64]],[[61711,82516],[251,-3]],[[61962,82513],[310,-3]],[[62272,82510],[260,-4]],[[62532,82506],[447,-200],[327,-2],[582,-276],[68,146]],[[63956,82174],[-22,-1404]],[[63934,80770],[-5,-254]],[[63929,80516],[0,-83]],[[63929,80433],[-1,-88]],[[61680,80343],[31,2173]],[[31335,19019],[30,424],[197,967],[832,1321]],[[32394,21731],[184,-90],[583,107],[854,35]],[[33600,19508],[-249,-1265]],[[33351,18243],[-2075,-376]],[[31276,17867],[59,1152]],[[21894,91062],[11,-501]],[[21905,90561],[14,-624],[-119,-401]],[[21800,89536],[0,-408]],[[21800,89128],[-2702,-1]],[[19098,89127],[0,810],[72,210],[-25,879]],[[39016,58212],[4,202],[1558,15]],[[41926,58235],[-93,-1419]],[[42742,27710],[2832,-176]],[[42466,27165],[-274,182],[205,309],[345,54]],[[70559,76470],[2283,-8]],[[72842,76462],[-15,-2065]],[[72827,74397],[-671,-5]],[[72156,74392],[-248,202],[-157,-203]],[[71751,74391],[-1196,12]],[[70555,74403],[4,2067]],[[78226,46671],[436,-16]],[[80077,44119],[-1944,59]],[[78133,44178],[93,2493]],[[19126,26524],[2148,-437]],[[21274,26087],[-103,-426]],[[18894,23836],[232,2688]],[[35248,66746],[1349,10],[0,404],[1335,8]],[[37932,67168],[7,-2844]],[[47853,48200],[-2241,116]],[[45612,48316],[130,2112]],[[98840,71758],[329,146],[-56,-307],[-273,161]],[[43476,17501],[14,201],[456,-22],[91,199]],[[45074,15342],[-426,24]],[[44648,15366],[-1299,65]],[[43349,15431],[127,2070]],[[34331,23224],[521,-37],[239,-222],[370,-73],[206,420],[-88,321],[507,198],[-227,295],[108,138],[390,-78],[239,-179],[683,276]],[[38097,22002],[-1553,102]],[[34097,22227],[234,997]],[[59020,55478],[2170,-74]],[[61190,55404],[-91,-2019]],[[61099,53385],[-2120,32]],[[58979,53417],[0,13]],[[40599,67600],[1867,13]],[[42466,67613],[-91,-624],[154,-407],[747,12]],[[43276,66594],[15,-1428]],[[49356,42867],[-223,-3287]],[[49133,39580],[-2225,144]],[[46699,42779],[16,253],[658,-42]],[[13589,48104],[165,-10],[249,-5],[1732,-118]],[[15601,45940],[-163,-1998]],[[15438,43942],[-260,18]],[[15178,43960],[-399,590]],[[14779,44550],[-132,236],[158,174],[-18,627],[186,279],[12,456],[-310,-73],[-143,178],[-426,21],[-229,729],[2,203]],[[13879,47380],[-298,621]],[[13581,48001],[8,103]],[[68049,83269],[50,-48]],[[68099,83221],[-126,-62]],[[67973,83159],[221,-523],[232,-166]],[[67372,82475],[-306,3]],[[67022,82479],[3,242],[572,-14],[-186,259],[11,387],[627,-84]],[[72825,73747],[0,10]],[[72825,73757],[0,129]],[[72825,73886],[1,118]],[[72826,74004],[1,393]],[[72827,74397],[2297,-1]],[[75115,73813],[-472,-433],[-360,-6],[-313,-267],[5,-438],[443,-6],[354,-320],[-395,-106]],[[74377,72237],[-621,65]],[[73756,72302],[0,1]],[[73714,72338],[-907,1]],[[72807,72339],[18,1408]],[[82497,55565],[-20,-559]],[[82440,53985],[-1375,37],[-427,356],[13,411],[-648,25]],[[80003,54814],[105,2022]],[[74066,42688],[-1320,50]],[[72746,42738],[-872,30]],[[56761,84407],[353,199],[359,36]],[[57473,84642],[27,-731]],[[57500,83911],[-428,223],[-299,-51],[-12,324]],[[59597,34839],[-95,-1219]],[[59475,33223],[-2742,172]],[[56733,33395],[125,1629]],[[35228,74888],[2677,17]],[[37905,74905],[1,-2437]],[[37906,72468],[-2681,-12]],[[35225,72456],[3,2432]],[[72397,31066],[3165,-146]],[[76531,30459],[-20,-453],[331,-21],[-32,-584]],[[76810,29401],[-1351,61],[-28,-422],[-448,19]],[[74983,29059],[-1786,71]],[[72354,30389],[43,677]],[[29813,60617],[-1635,94]],[[28178,60711],[-10,86],[-1118,-117],[-61,512]],[[26989,61192],[-251,1958]],[[26738,63150],[348,-114]],[[84371,94577],[1006,552],[992,419]],[[86369,95548],[57,-2343]],[[86426,93205],[-854,-238],[-252,42],[-572,-173],[-380,-337]],[[84368,92499],[3,2078]],[[7970,29903],[2,-79]],[[7972,29824],[-2,79]],[[7927,33235],[115,-24],[2534,-19]],[[10576,33192],[22,-1278]],[[8272,28832],[-237,-112]],[[8035,28720],[-32,-10]],[[8003,28710],[-18,773]],[[7985,29483],[646,17],[-6,430],[361,641],[-1023,-13]],[[7963,30558],[-30,2055]],[[7933,32613],[-6,622]],[[15438,43942],[2635,-190]],[[18043,43358],[-161,-2043]],[[17882,41315],[-1103,76]],[[15831,41459],[-148,11]],[[15538,41480],[-126,8]],[[15402,42523],[124,422],[264,521],[-223,193],[-258,0],[-131,301]],[[13746,86255],[0,-10]],[[36447,36157],[31,503]],[[39609,34976],[-60,-1258]],[[39549,33718],[-480,101],[-139,206],[-300,-110]],[[30341,23881],[-45,436],[237,250]],[[30533,24567],[361,380],[801,571]],[[31695,25518],[-37,-480],[137,-263],[247,-28],[624,-379],[497,-177]],[[33163,24191],[365,-257],[-72,-251],[436,-253],[357,342],[82,-548]],[[32394,21731],[-342,159],[-14,244],[-387,-28],[-147,-168],[-335,-39],[-285,-215],[-648,58]],[[28316,59090],[55,-5]],[[28371,59085],[1862,-148],[-11,-155]],[[30036,56895],[-107,-1114]],[[28056,55890],[260,3200]],[[45611,64405],[2,207]],[[45613,64612],[1318,-5]],[[46931,64607],[-43,-2030]],[[46860,61557],[-1310,7],[3,133]],[[86798,70711],[9,1612]],[[88255,69902],[260,171],[134,639],[-438,110],[-260,-921]],[[86799,69905],[-1,806]],[[24303,36054],[275,218],[-208,238],[231,358],[569,256],[-225,359],[1092,610],[-353,419]],[[27127,36756],[-109,-1301]],[[27018,35455],[-983,48],[-1645,127]],[[24390,35630],[-87,424]],[[13820,70772],[2684,34]],[[16521,69992],[-1,-1223]],[[16520,68769],[-2680,-47]],[[13840,68722],[0,22]],[[13840,68744],[-20,2028]],[[45198,87444],[439,522],[99,1013],[444,103],[464,-584]],[[46644,88498],[-429,-463],[47,-300],[-507,-254]],[[45755,87481],[-557,-37]],[[58974,84669],[671,141],[1786,1041],[1095,384]],[[62534,86050],[90,-492],[300,-88],[198,-570]],[[62535,84359],[-99,0]],[[61829,84358],[-85,-129]],[[61744,84229],[-345,-66],[-182,154]],[[61217,84317],[-966,54],[-240,-148],[-590,137],[-2,-369]],[[59419,83991],[-519,179],[74,499]],[[2714,35042],[2559,16]],[[5273,35058],[42,-2480]],[[2723,32576],[-9,2466]],[[13762,77299],[2688,18]],[[16450,77317],[19,-2444]],[[16469,74873],[-2686,-14]],[[13783,74859],[-21,2440]],[[24527,74922],[1785,-3]],[[26312,74919],[335,-4]],[[26647,74915],[143,0]],[[26790,74915],[181,9]],[[26971,74924],[-165,-423],[-154,0],[-133,-423],[62,-780],[-292,-5],[125,-380],[545,132],[9,-571]],[[25178,53926],[167,2069]],[[25345,55995],[2707,-154]],[[27830,53326],[-2678,213]],[[25152,53539],[26,387]],[[70931,85004],[122,104]],[[71739,84371],[-816,-6]],[[20584,14199],[1193,-82]],[[21777,14117],[-27,-357],[977,-503]],[[22579,11913],[-15,-212],[-232,-385],[-259,50],[-236,-256],[-247,-47],[-196,-263],[-398,-263],[28,-283]],[[21024,10254],[-654,390],[-350,93]],[[20020,10737],[89,233],[-70,837],[317,303],[164,-16],[337,383],[2,680],[217,114],[-86,242]],[[4146,25233],[-530,-233],[257,-251],[-212,-717],[-276,78],[-407,-39],[-322,-458]],[[1290,23618],[32,1612]],[[78695,31290],[1782,-15]],[[80407,28847],[-1291,43]],[[79116,28890],[-372,181],[163,247],[-271,229]],[[78636,29547],[59,1743]],[[78629,29375],[-2,-64]],[[78627,29311],[2,64]],[[78625,29269],[62,-33]],[[78687,29236],[-62,33]],[[9105,44881],[3082,45]],[[12187,44926],[525,9],[-2,-404]],[[12710,44531],[-29,-1987]],[[12602,42483],[-185,0]],[[11693,42475],[-1211,-21]],[[10482,42454],[-1316,-25]],[[9166,42429],[-16,1430],[-45,1022]],[[24500,63668],[249,319],[176,-24]],[[24925,63963],[209,-1521],[-348,-42],[55,-408],[313,38],[137,-1021]],[[25291,61009],[230,-1714]],[[25521,59295],[-2260,168]],[[23261,59463],[-217,1504],[254,884],[369,225],[92,395],[-123,252]],[[53000,58350],[1857,-57]],[[54857,58293],[-33,-569]],[[54733,56169],[-199,12]],[[53989,56210],[-1068,50]],[[29401,12547],[692,-70],[1265,66],[242,369],[153,-18]],[[31478,9819],[-1237,-6],[-1154,233]],[[29087,10046],[22,615],[-325,710],[118,1225]],[[25342,30295],[114,-127],[924,91],[537,507],[272,396],[597,342],[512,479]],[[28752,29755],[-3525,-919]],[[25227,28836],[115,1459]],[[24488,82264],[2707,-33]],[[27195,82231],[3,-2467]],[[24508,79809],[-20,2455]],[[74485,54978],[-66,-1995]],[[72178,52999],[74,2053]],[[61038,45302],[93,2043]],[[63324,47259],[-3,-67]],[[63321,47192],[-95,-2000]],[[63226,45192],[-518,-3]],[[91771,54474],[29,821],[104,64]],[[94545,55283],[-112,-2435]],[[94433,52848],[-5,-102]],[[24165,85251],[173,379],[585,63]],[[24923,85693],[12,-181],[867,-2],[38,-814]],[[25840,84696],[2,-812],[-1356,3],[-2,-405]],[[23232,84751],[335,120],[598,380]],[[70106,57180],[-62,-2058]],[[70044,55122],[-2069,67]],[[32511,38965],[494,-268],[281,28],[177,-302],[470,-193],[654,458]],[[34587,38688],[-98,-2413]],[[33300,36332],[-1692,93],[-1309,103]],[[37951,79791],[2674,55]],[[40591,77386],[-902,-39],[-1764,2]],[[84834,37454],[876,-16],[287,-227],[-49,-1219]],[[85634,35668],[5,190],[-403,167],[-1327,26]],[[83909,36051],[-453,22],[26,803],[-295,10],[17,812]],[[80824,58848],[221,-5],[74,2049]],[[81119,60892],[232,-5]],[[81351,60887],[-15,-354],[1323,-45]],[[82659,60488],[-64,-1649]],[[60342,12428],[1881,-90]],[[62223,12338],[-414,-546],[-689,-266],[-606,-545],[-100,-237],[115,-527]],[[60200,10237],[142,2191]],[[97572,59330],[123,-605],[437,-545],[63,-562]],[[98195,57618],[-34,53],[-3527,100]],[[94634,57771],[28,1619]],[[2667,44792],[27,-2449]],[[2694,42343],[-2514,11]],[[180,42354],[34,2466]],[[43219,87123],[188,-49],[3,-579]],[[43410,86495],[4,-159]],[[43414,86336],[-365,-226],[-146,-378],[-622,-128],[-177,186],[-692,-129],[6,-201]],[[41418,85460],[-670,-10]],[[40748,85450],[-12,1359]],[[41092,42085],[6,2]],[[39699,42329],[24,-1]],[[39911,42354],[69,-18]],[[40338,42241],[79,-16]],[[41316,42039],[145,-36]],[[42084,40134],[-36,-402]],[[41933,39402],[79,-197]],[[39518,39301],[50,924],[-76,536],[40,852]],[[68362,73362],[-2,-194]],[[68360,73168],[2,194]],[[68359,72976],[-1,-65]],[[68358,72911],[1,65]],[[68353,72469],[4,334]],[[68357,72803],[623,14],[-13,389],[-248,498],[-354,-84]],[[68365,73620],[1,788]],[[68366,74408],[2189,-5]],[[70555,74403],[-6,-1854]],[[70549,72549],[-248,-1],[-220,244],[-188,-233],[172,-230]],[[70065,72329],[-1710,23]],[[68355,72352],[-2,117]],[[65390,19532],[-1842,106]],[[8566,21670],[172,-28]],[[32678,87068],[-14,1240]],[[97547,76391],[-249,2]],[[97298,76393],[249,-2]],[[97289,76394],[-54,0]],[[97235,76394],[54,0]],[[97198,76394],[-465,3]],[[96733,76397],[465,-3]],[[96041,76401],[-217,2]],[[95824,76403],[45,178],[186,-83],[-14,-97]],[[63956,82174],[2,88]],[[63958,82326],[605,171]],[[64563,82497],[1670,-10]],[[66205,80348],[-825,-3]],[[65380,80345],[127,232],[-69,514],[-831,-477],[-420,2],[-253,154]],[[63929,80516],[0,-83]],[[92108,67453],[2606,-18]],[[94714,67435],[-18,-2429]],[[92511,65008],[-440,-1]],[[92071,65007],[37,2428]],[[76566,83089],[313,15],[120,188]],[[76999,83292],[316,-209],[0,826],[134,-1]],[[77449,83908],[-2,-645]],[[77445,82444],[-666,11]],[[76779,82455],[-213,634]],[[83298,64923],[887,-38],[8,195]],[[84058,62857],[-853,23]],[[83205,62880],[93,2043]],[[70106,57180],[2221,-57]],[[72252,55062],[-2208,60]],[[21617,38221],[1783,-129],[-36,195],[412,10],[15,178],[706,376]],[[24303,36054],[-458,-352],[-408,140],[-305,224],[-440,142]],[[93243,95970],[569,6],[2,379],[647,418],[526,66],[496,278]],[[5727,77268],[13,-2455]],[[33341,25643],[1988,-114],[131,-405],[484,-116],[820,-47]],[[33163,24191],[289,296],[107,389],[-149,130],[-69,637]],[[67973,83159],[126,62]],[[68049,83269],[347,-10],[47,294]],[[68443,83553],[775,-1]],[[69218,83552],[117,-706],[-249,-382]],[[69086,82464],[-660,6]],[[24501,67601],[8,-2418]],[[24923,85693],[273,451],[183,111]],[[25379,86255],[395,268],[13,431]],[[25787,86954],[31,305]],[[26062,87256],[368,5]],[[26625,87266],[1,-310],[388,-96],[274,-213]],[[28588,84651],[-1011,14],[6,204],[-402,11]],[[27181,84880],[-433,7],[-4,-205],[-904,14]],[[26239,25629],[64,-214],[592,-1115]],[[26449,22990],[-420,-113],[-107,-604]],[[25246,22329],[-1136,1751]],[[13984,50274],[138,492],[704,745]],[[14826,51511],[217,566],[577,15],[28,204],[429,-43]],[[16077,52253],[-12,-206],[398,-29]],[[15895,50009],[-1922,139]],[[13973,50148],[11,126]],[[63680,61326],[1977,-6]],[[66000,61348],[-89,-1985]],[[65911,59363],[-1346,49]],[[64565,59412],[-896,36]],[[63669,59448],[71,1594],[-60,284]],[[16745,29551],[531,-52]],[[17276,29499],[1931,-407],[128,41]],[[19316,28883],[-166,-2072]],[[19150,26811],[-504,-232],[-314,454],[-381,19]],[[17951,27052],[-1142,86],[142,253],[-245,439]],[[16706,27830],[83,143],[-142,465],[98,1113]],[[11182,60170],[2733,35]],[[11183,58139],[-1,2031]],[[48111,52429],[2287,-113]],[[50398,52316],[-127,-2148]],[[33578,91835],[561,44],[203,140],[166,379],[700,-497],[-12,-311],[534,-26],[1746,-1132],[899,-335]],[[38375,90097],[-299,-3]],[[33594,90010],[-16,1825]],[[2735,30078],[-19,-2435]],[[58,27661],[44,2394]],[[92748,46595],[899,-1],[155,2445]],[[95720,49078],[-165,-530],[77,-768],[-81,-316],[-477,-366],[-183,-303],[143,-553]],[[95034,46242],[-949,34],[-5,-126],[-1343,29]],[[92737,46179],[11,416]],[[86369,95548],[1360,580],[651,185],[383,213]],[[88754,94734],[-8,-2073]],[[86436,92644],[-10,561]],[[72746,42738],[-70,-2463]],[[72676,40275],[-2695,134]],[[54226,2857],[2420,-146],[348,0]],[[56873,923],[-369,-51],[-352,139],[-686,-259],[-1412,-418]],[[54054,334],[172,2523]],[[47494,85286],[-228,-149],[207,-324],[971,-22]],[[48444,84791],[-253,-338],[58,-1703]],[[48249,82750],[-2320,59]],[[45929,82809],[-72,1894],[-1261,0]],[[44596,84703],[895,275],[597,267],[224,245],[-44,398],[404,-84],[822,-518]],[[76810,29401],[454,-21],[-11,-420],[450,-17]],[[77703,28943],[-24,-217]],[[77679,28726],[-21,-613]],[[77658,28113],[-25,-452]],[[77633,27661],[-518,-519],[-910,-570],[-354,-395],[-35,-162]],[[75816,26015],[-327,140],[23,418],[-664,25]],[[74848,26598],[42,823],[224,-8],[55,818],[-228,10],[42,818]],[[95034,46242],[22,-515],[-137,-277],[-108,-614],[60,-782]],[[94871,44054],[-2213,106]],[[92658,44160],[94,1240],[-15,779]],[[5349,29383],[-3,720]],[[5346,30103],[2479,41]],[[7825,30144],[145,-241]],[[7972,29824],[13,-341]],[[8003,28710],[-427,-223],[-427,426],[-282,-22],[-364,-303]],[[40195,44485],[58,23]],[[39422,44238],[194,36]],[[72156,74392],[-49,-429],[719,41]],[[72825,73886],[0,-129]],[[72825,73747],[-243,-113],[83,-515],[-217,-282],[-817,-193],[-637,87],[156,816],[287,112],[-6,712],[320,20]],[[59401,83666],[375,88],[23,-545],[328,285],[112,-261],[440,133],[88,623],[450,328]],[[61744,84229],[-17,-891]],[[61727,83338],[-12,-715]],[[61715,82623],[-4,-107]],[[61711,82516],[-2337,15]],[[59374,82531],[27,1135]],[[91012,82401],[-2273,-10]],[[39911,13583],[-130,143]],[[39781,13726],[-302,473],[-381,298],[-472,554]],[[38626,15051],[-442,508]],[[37925,77349],[-15,-633]],[[37910,76716],[-5,-256]],[[37905,76460],[-1,-54]],[[37904,76406],[-94,-397],[-689,-139],[126,-363],[426,93],[228,-180]],[[37901,75420],[4,-515]],[[54177,67468],[797,6]],[[54973,65012],[-896,-20]],[[52709,64969],[-412,-8]],[[52297,64961],[-4,429]],[[52291,67449],[619,6]],[[52285,67075],[6,374]],[[77813,34773],[494,-15],[-18,-400],[908,-18],[-5,-410],[438,-5],[2,-395]],[[79632,33530],[-11,-574],[-1718,60]],[[23771,34005],[489,435],[8,615],[122,575]],[[27018,35455],[-128,-1473]],[[26848,33452],[-537,460],[-1561,67],[-15,-228],[-974,54]],[[23761,33805],[10,200]],[[29685,42345],[135,501]],[[30429,46004],[524,65]],[[31901,45112],[-227,-2829]],[[31674,42283],[-722,322],[-1267,-260]],[[55250,15228],[100,1044],[95,1408]],[[58035,17066],[-151,-2033]],[[57884,15033],[-2634,185]],[[55250,15218],[0,10]],[[48439,76629],[2277,-36]],[[50804,74562],[-2070,21]],[[48734,74583],[-223,183]],[[16397,89112],[2701,15]],[[19098,89127],[-7,-2849]],[[19091,86278],[-2694,-21]],[[16397,86265],[0,2847]],[[73216,48902],[1100,-33]],[[74316,48869],[-61,-1641]],[[55849,72460],[1794,0]],[[57643,72460],[31,-2546]],[[57674,69914],[-1792,9]],[[38051,87502],[2689,-4]],[[40748,85450],[-2676,18]],[[42012,39205],[1752,-95]],[[43764,39110],[-94,-1660],[595,-32]],[[44265,37418],[-169,-523],[-370,-366],[-230,92],[-523,-34],[-122,-317],[102,-472],[-330,-57]],[[42623,35741],[-534,665]],[[49603,67446],[887,0]],[[52297,64961],[-2752,26]],[[49545,64987],[58,2459]],[[57543,82548],[1831,-17]],[[59374,82531],[-43,-2153]],[[59331,80378],[-1721,7]],[[57610,80385],[-4,226]],[[57606,80611],[-63,1937]],[[13797,72825],[2680,12]],[[13820,70772],[0,13]],[[57764,25005],[-202,-2501]],[[57562,22504],[-1709,105]],[[48249,82750],[57,-2036]],[[48306,80714],[-1880,45]],[[45996,80924],[-46,1325]],[[45950,82249],[-21,560]],[[18955,55601],[68,9],[-5,1567]],[[19018,57177],[2193,-2]],[[21211,57175],[-489,-1414],[53,-192],[-130,-553]],[[20645,55016],[-1680,-21]],[[70566,78296],[2307,18]],[[72873,78314],[-31,-1852]],[[70559,76470],[7,1826]],[[83361,80323],[-10,441],[589,1],[0,-439]],[[12132,47359],[1498,19]],[[13630,47378],[102,0]],[[13732,47378],[110,0]],[[13842,47378],[37,2]],[[14779,44550],[-2069,-19]],[[12187,44926],[-55,2433]],[[15185,42517],[-1514,-11]],[[13671,42506],[-230,-4]],[[13441,42502],[-763,-13]],[[11720,47359],[412,0]],[[9105,44881],[-10,0]],[[13187,49288],[952,122],[128,284],[252,-250],[-242,-242],[-48,-510],[-338,-191],[-299,-371]],[[13592,48130],[-28,-115],[17,-14]],[[13842,47378],[-110,0]],[[13630,47378],[-352,141],[-166,683],[-351,-4],[-21,402],[-496,4],[256,409],[-17,340],[536,-128],[-223,604],[452,6],[-178,-288],[117,-259]],[[13592,48130],[-3,-26]],[[12119,50227],[1865,47]],[[13973,50148],[-50,-167],[-503,-129],[-330,-294],[97,-270]],[[75068,76462],[-99,11]],[[74969,76479],[-312,-19]],[[74453,76647],[-68,50]],[[72873,78314],[2214,14]],[[75175,78328],[-15,-1488]],[[74371,76708],[-375,-249]],[[73996,76459],[-1154,3]],[[76420,80220],[157,208],[858,-15]],[[73996,76459],[-258,-205],[170,-244],[-78,-269],[582,1],[225,104]],[[77435,78337],[-3,-1189],[470,97]],[[78353,76801],[-70,-662]],[[78283,76139],[-283,-155]],[[79193,74284],[66,-11]],[[79393,74377],[29,138]],[[79422,74515],[256,-5]],[[79678,74510],[-2,-154]],[[79676,74356],[-4,-561]],[[79672,73795],[-554,149],[3,208]],[[74377,72237],[-4,-115],[646,-29],[100,247]],[[75119,72340],[1335,-3]],[[74543,70228],[34,823],[-822,23]],[[73755,71074],[1,1228]],[[76472,81855],[119,-211],[155,-754],[691,-72],[-2,-405]],[[76077,80423],[232,-34],[-26,1041],[189,425]],[[79075,82340],[165,74]],[[79240,82414],[467,-11]],[[79706,81381],[-202,-1]],[[79504,81380],[15,588],[-447,52],[3,320]],[[72889,80413],[343,3]],[[73232,80416],[1852,8]],[[72873,78314],[16,2099]],[[79702,78334],[-8,-818]],[[79694,77516],[4,-1060]],[[79698,76456],[-515,1]],[[79183,76457],[-168,460],[-662,-2]],[[78283,76139],[300,-3],[8,292],[296,27],[-12,-324],[297,-5],[11,331]],[[79698,76456],[-8,-702]],[[79690,75709],[-4,-474]],[[79683,75063],[-5,-551]],[[79678,74512],[0,-2]],[[79422,74515],[-393,7]],[[78985,74522],[-72,0]],[[78839,74524],[-11,0]],[[78344,82427],[728,-11]],[[79072,82416],[3,-76]],[[79504,81380],[-571,-387],[-16,-371],[-596,8],[-288,474],[-251,102]],[[77782,81206],[-114,627],[-227,1],[4,610]],[[93207,82415],[2253,29]],[[95460,82444],[-85,-206],[-551,-20],[3,-424],[331,-452],[354,21]],[[95512,81363],[3,-1091]],[[95515,80272],[-2309,1]],[[93206,80273],[1,2142]],[[88747,80264],[2254,10]],[[91001,80274],[-1,-1937]],[[91000,78337],[-941,-4],[-125,465],[-322,-466],[-862,-3]],[[88750,79084],[-1,146]],[[93210,78956],[397,-392],[687,448],[26,285],[-256,579],[-852,-7]],[[93212,79869],[-6,404]],[[93207,78345],[3,611]],[[95509,82498],[-49,-54]],[[49372,5169],[-36,-843],[-188,-302]],[[49148,4024],[-577,343],[-1128,-7],[-480,116],[-369,211]],[[51453,3837],[-454,-6],[-75,-1636]],[[50924,2195],[-433,244],[-636,703],[-331,571],[-376,311]],[[23261,59463],[-846,57]],[[22415,59520],[-558,41],[0,190]],[[26284,67610],[887,-3]],[[27139,65159],[-2630,24]],[[36409,44819],[-158,-62],[343,-433],[-93,-117],[108,-449]],[[36955,42679],[-498,-313],[30,-388]],[[36487,41978],[-1986,-100]],[[34501,41878],[-24,647],[-181,593],[-577,37],[-63,737]],[[30606,47797],[2583,-30]],[[33189,47767],[240,-2]],[[33429,47765],[-113,-1469]],[[34587,38688],[262,188],[495,153]],[[35344,39029],[810,-166],[493,480]],[[31674,42283],[101,-45]],[[31775,42238],[-110,-516],[-473,-285],[-7,-277],[386,138],[126,-256],[558,-124],[-199,313],[299,248],[553,25],[122,178]],[[33030,41682],[922,30],[549,166]],[[34501,41878],[-14,-675]],[[34487,41203],[-891,-345],[-1106,-486],[-31,-438],[340,-303],[-213,-543],[-138,-33]],[[29354,40986],[331,1359]],[[77981,40103],[1354,-34]],[[79335,40069],[-66,-1625]],[[77893,37652],[-883,22]],[[77010,37674],[76,2452]],[[80530,33510],[46,2592]],[[81394,36490],[896,-7],[-3,-792]],[[82287,35691],[-54,-2043]],[[80527,33305],[3,205]],[[74884,40194],[438,-18]],[[77010,37674],[-1103,44]],[[65181,39459],[136,2074]],[[65317,41533],[465,-20]],[[65782,41513],[746,-402],[476,-12]],[[67004,41099],[-180,-2990]],[[65560,49162],[2213,-66]],[[67770,49048],[-431,-39],[-257,-436],[-629,-151],[-292,312],[-185,-418],[-370,41],[-74,-158]],[[65307,47321],[31,-205]],[[65338,47116],[-2017,76]],[[67004,41099],[295,22],[560,-240],[9,-372]],[[68003,38071],[-761,35]],[[32599,60241],[55,-1143],[-71,-284]],[[28371,59085],[-193,1626]],[[65338,47116],[214,-201],[684,-202],[-18,-629]],[[66218,46084],[-383,-277],[-58,-337],[346,-396]],[[66123,45074],[-846,33]],[[65277,45107],[-39,2]],[[65238,45109],[-61,3]],[[65177,45112],[-221,8]],[[64956,45120],[-1730,72]],[[62645,42085],[-14,-207],[2699,-143],[-13,-202]],[[63869,39536],[-1383,72]],[[63109,43168],[1780,-91]],[[64889,43077],[29,-527],[290,-388],[299,-20]],[[65507,42142],[61,-356],[214,-273]],[[64652,44309],[73,372],[164,33],[67,406]],[[65177,45112],[61,-3]],[[65277,45107],[-286,-541],[376,-186],[-23,-462],[476,94]],[[65820,44012],[104,-298],[-117,-313],[154,-368]],[[65961,43033],[-98,-1],[-46,-702],[-310,-188]],[[64889,43077],[123,120],[-23,568],[-309,-79],[-155,290],[127,333]],[[48952,37111],[508,-30]],[[49460,37081],[263,-171],[375,-79],[19,208],[647,-172],[-36,-454],[680,-114],[153,-350]],[[51373,42752],[666,-28]],[[51855,39429],[-133,6]],[[51722,39435],[-2589,144]],[[49133,39579],[0,1]],[[95531,74366],[1095,-3],[27,-210],[358,-5],[0,211],[442,-3],[-10,-300],[304,2]],[[97751,72319],[-378,0]],[[95523,72325],[8,2041]],[[98859,74998],[-27,1390]],[[98832,76388],[1160,-2]],[[99992,76386],[5,-2006]],[[98648,74506],[199,129],[12,363]],[[98419,74442],[78,64]],[[97816,75206],[-1,-72]],[[97815,75134],[1,72]],[[62334,37133],[-427,26]],[[61732,34716],[-2135,123]],[[95529,76405],[295,-2]],[[96041,76401],[692,-4]],[[97198,76394],[37,0]],[[97289,76394],[9,-1]],[[97547,76391],[187,-2]],[[97734,76389],[1098,-1]],[[98859,74998],[-218,189],[-825,19]],[[97815,75134],[-81,-150],[358,-530]],[[95531,74366],[-2,2039]],[[12278,41494],[-96,-166]],[[12182,41328],[96,166]],[[12818,40797],[338,-513],[354,-204],[313,-46]],[[13823,40034],[-671,-12]],[[13152,40022],[-1529,-24]],[[11623,39998],[-20,411],[666,9],[-6,170],[555,209]],[[11739,42478],[-441,-842],[732,-1]],[[12030,41635],[-81,-155],[-466,-55],[-107,-318],[34,-345],[-124,-155],[117,-489],[143,-122]],[[11546,39996],[-1014,-16]],[[10532,39980],[-50,2474]],[[15443,39959],[33,-117]],[[15476,39842],[-61,-197]],[[13823,40034],[341,5]],[[13161,39086],[-9,936]],[[13183,36678],[-123,-37]],[[13039,36498],[-89,-132]],[[10546,37565],[2193,24]],[[12585,36358],[-135,-360],[-350,148],[-460,-217],[243,-395]],[[11883,35534],[-3,-413],[-444,-5]],[[11436,35116],[-887,-6]],[[10549,35110],[-3,2455]],[[12678,42489],[763,13]],[[13671,42506],[118,-225]],[[13391,42172],[-258,18],[3,-330],[-133,-220]],[[12693,41632],[-8,502],[-338,52],[-60,-626]],[[12287,41560],[-257,75]],[[16541,35384],[-60,-834]],[[16481,34550],[-11,-280]],[[16470,34270],[49,-57],[-106,-1336]],[[16413,32877],[-458,35]],[[15955,32912],[-1791,144]],[[14164,33056],[199,2522]],[[30040,89475],[2611,23]],[[30564,89951],[2082,30]],[[29429,89282],[265,413],[1,252]],[[32555,79765],[-25,-2032]],[[32530,77733],[0,-43]],[[32056,77320],[-2180,-12]],[[29876,77308],[-5,2440]],[[79181,60923],[458,-9]],[[79639,60914],[1480,-22]],[[75935,62734],[1047,143]],[[76982,62877],[-57,-1876]],[[75577,60124],[-223,8]],[[75354,60132],[46,1968],[-23,559]],[[74550,56540],[233,125],[870,-30]],[[75653,56635],[1114,-24],[-27,-637],[270,-20]],[[76987,54924],[-2502,54]],[[76982,62877],[926,126],[191,320],[524,-94],[100,-267]],[[79217,62956],[-22,-1557],[444,-485]],[[27185,84136],[1,-82]],[[27186,84054],[-1,82]],[[27181,84880],[4,-662]],[[27185,84218],[-323,31],[-193,-521],[-371,-57],[-1,-407]],[[26297,83264],[-196,4],[-7,-515],[832,-110],[269,-186]],[[27195,82457],[0,-226]],[[81427,62909],[-76,-2022]],[[78172,56943],[-82,-625],[-457,-391]],[[75653,56635],[62,1417]],[[33153,50271],[1314,172],[43,-261],[243,-126],[383,81]],[[35136,50137],[216,-263]],[[35352,49874],[-238,-137],[534,-815],[-109,-362],[-20,-821]],[[35519,47739],[-2090,26]],[[33189,47767],[108,998],[-215,535],[340,197],[-222,364],[-47,410]],[[49503,60082],[1118,-15]],[[50621,60067],[-1,-780],[224,27],[-59,-866]],[[48521,58562],[36,471],[-1320,-166]],[[47237,58867],[33,1254],[456,-7]],[[46931,64607],[94,-2]],[[47129,64604],[110,0]],[[47239,64604],[1420,-26]],[[48659,64578],[885,-5]],[[49544,64573],[0,-12]],[[44065,56290],[25,417],[269,-10]],[[46030,54583],[-2077,115]],[[43953,54698],[112,1592]],[[44065,56290],[-226,12]],[[43547,56317],[-69,3]],[[43469,56321],[-1666,78]],[[35352,49874],[18,2]],[[35370,49876],[352,37]],[[35722,49913],[807,79],[183,-95],[308,-468],[208,117],[-41,454],[449,150],[698,70]],[[38363,48880],[-121,363],[-224,-159],[133,-680]],[[38151,48404],[63,-664],[-352,-56]],[[37862,47684],[-341,9]],[[37521,47693],[-2002,46]],[[33781,55585],[537,-99]],[[34318,55486],[-342,-1578],[140,-569],[216,28],[38,-593]],[[34370,52774],[-1812,-156]],[[32158,54789],[90,377],[791,-148],[85,397],[596,-90],[61,260]],[[30767,50234],[528,-132],[457,288],[455,36],[411,282]],[[32618,50708],[315,-455],[220,18]],[[33454,57269],[-104,-1033],[156,-307],[330,-43],[-55,-301]],[[8441,69947],[17,-2448]],[[7825,39933],[2707,47]],[[10532,39980],[14,-2415]],[[10546,37565],[-2682,-27]],[[40754,84488],[350,52],[237,338],[222,57],[194,343]],[[41757,85278],[485,-386],[389,393],[229,65],[548,-846]],[[43408,84504],[-47,-2236]],[[43361,82268],[-2650,-52]],[[40711,82216],[0,89]],[[40711,82305],[1,35]],[[40712,82340],[42,2148]],[[40711,82216],[-43,0]],[[40668,82216],[43,89]],[[40503,82215],[-90,1]],[[40413,82216],[90,-1]],[[40300,82217],[-121,2]],[[40179,82219],[-29,462],[243,-103],[-93,-361]],[[38067,84275],[1743,-28],[-4,-388],[581,66],[-2,461],[369,102]],[[40712,82340],[-352,577],[-688,-125],[158,565],[-329,-62],[-363,-339],[-654,-323],[52,-202],[312,1],[294,-201]],[[39142,82231],[-1143,2]],[[43408,84504],[646,-139],[542,338]],[[45950,82249],[-2589,19]],[[13924,55730],[2660,19]],[[16584,55749],[1,-458]],[[16006,53543],[-1781,-17]],[[14225,53526],[-11,1457],[-288,-38],[-1,377]],[[8963,54590],[6,8]],[[8969,54598],[8,663],[2215,14],[-2,1223]],[[12150,55293],[4,-585],[286,42],[21,-848]],[[12461,53902],[-2179,-19],[0,-97],[-1319,-6]],[[8963,53780],[0,810]],[[36072,13411],[712,1],[705,384],[398,877],[739,378]],[[39781,13726],[-297,88],[-914,-112],[-192,-81],[-132,-525],[-26,-904],[-465,-1256],[44,-470],[-221,-178]],[[37578,10288],[-335,36],[-313,-306],[-334,-184],[-79,-342],[-436,10]],[[36081,9502],[-5,2989]],[[43035,12038],[1426,-53]],[[43986,10784],[31,-411]],[[42047,9145],[-40,-5]],[[42007,9140],[127,395],[-29,412],[421,229],[-414,244],[-15,468]],[[46801,15245],[1249,-75]],[[47884,12638],[-831,71]],[[44492,12708],[49,1014],[-334,12],[-22,1257],[434,-19],[29,394]],[[46910,10265],[-142,-1914]],[[45230,7818],[-68,212],[179,1063],[-103,482]],[[36020,17140],[209,-16],[592,-290]],[[40885,10853],[-294,-304],[40,-321],[-308,-236],[-467,174],[-267,-199]],[[39589,9967],[-731,215],[-167,201],[-564,-88],[-549,-7]],[[57094,51420],[1858,-47]],[[58952,51373],[81,-1]],[[59033,51372],[-18,-1942]],[[56973,49523],[2,41]],[[56639,45237],[295,81],[18,201]],[[58832,45416],[-1,-27]],[[56634,43512],[-119,231],[124,1494]],[[52217,45843],[-178,-3119]],[[49865,43879],[32,450],[320,-199],[37,563],[333,-21],[13,237],[-418,391],[-229,-156],[54,823]],[[56639,45237],[26,305],[-611,47],[-210,-500],[-359,27],[-603,-297]],[[54882,44819],[-410,-367],[-394,-98],[-168,342],[195,269],[266,-64],[41,674]],[[50007,45967],[-2285,139]],[[47722,46106],[131,2094]],[[56558,42461],[-726,47],[11,154],[-1038,68]],[[54805,42730],[63,899],[-266,627],[280,563]],[[5799,62602],[-11,-2043]],[[5788,60559],[-2740,-1]],[[5788,60559],[765,2]],[[6917,60562],[1556,6]],[[8475,60158],[11,-1033]],[[3054,59328],[-2,818]],[[388,57700],[2666,-6]],[[3011,55852],[-2082,421],[-555,-332]],[[374,55941],[14,1759]],[[56099,47617],[162,-11]],[[56336,47600],[505,-38]],[[54540,47699],[552,-25]],[[55210,47669],[37,-2]],[[55325,47663],[69,-4]],[[54551,47826],[134,1866]],[[47602,44325],[18,310]],[[47631,44804],[91,1302]],[[46007,80651],[26,-802]],[[46033,79849],[-44,159],[-444,5],[-185,410],[-432,153],[-17,267],[345,-18],[751,-174]],[[37999,82233],[-50,-1422],[2,-1020]],[[41418,85460],[339,-182]],[[35915,30822],[3262,-1640],[290,-98]],[[39467,29084],[-387,-1766],[-42,-350],[515,-146]],[[36881,25935],[-125,139],[-46,530],[-159,587],[-751,1213],[-1236,292]],[[34564,28696],[1351,2126]],[[35915,30822],[200,321]],[[38466,31029],[2322,-96]],[[40788,30933],[95,-3]],[[40883,30930],[-389,-748],[-722,-660],[-305,-438]],[[43089,23428],[-774,-1312],[-385,-355]],[[41930,21761],[-803,47]],[[40883,30930],[1605,-63]],[[42488,30867],[323,-155],[-39,-296],[-342,-59],[-72,-227]],[[42358,30130],[50,-191],[-121,-584],[550,-89],[9,-193],[-291,-467],[-338,-158],[117,-175],[336,-79],[72,-484]],[[52672,17282],[60,605]],[[52732,17887],[2713,-207]],[[55250,15228],[-2768,203]],[[52482,15431],[190,1851]],[[50306,20755],[946,-82],[-36,-417],[1400,-96]],[[52868,19308],[-43,-398]],[[52825,18910],[-2662,217]],[[50163,19127],[76,827]],[[51019,17419],[122,-9]],[[51141,17410],[-122,9]],[[50722,17442],[-41,2]],[[50681,17444],[-157,8]],[[50524,17452],[198,-10]],[[50107,18526],[554,26],[295,-177],[217,26],[67,-358],[486,-477],[-13,-205]],[[51713,17361],[-454,40]],[[51259,17401],[-70,172],[-338,181],[-533,90],[-250,255]],[[50068,18099],[-65,301],[-251,-13],[93,-556],[-609,-147],[0,-137]],[[49236,17547],[-34,2]],[[49202,17549],[-72,646],[224,2],[272,305],[279,-97],[202,121]],[[52825,18910],[-93,-1023]],[[52672,17282],[-959,79]],[[50107,18526],[56,601]],[[51259,17401],[-118,9]],[[51019,17419],[-297,23]],[[50524,17452],[-505,38]],[[50019,17490],[49,609]],[[52418,14805],[64,626]],[[55250,15218],[-230,-2455]],[[55020,12763],[-38,-413]],[[52211,12599],[207,2206]],[[42830,72481],[-2239,-2]],[[40591,72479],[15,2440]],[[37905,74905],[2701,14]],[[40591,72479],[-896,-4]],[[32530,77733],[589,-316],[397,324],[160,-412]],[[32525,76303],[2,1022]],[[52278,69902],[1798,19]],[[54076,69921],[2,-2040]],[[48669,65650],[3,189]],[[48672,65839],[4,449]],[[48676,66288],[7,640]],[[48683,66928],[11,540]],[[48694,67468],[909,-22]],[[49545,64987],[-1,-414]],[[48659,64578],[10,1072]],[[52308,64631],[-2,-17]],[[52297,64961],[11,-320]],[[52303,64558],[45,-2046]],[[52348,62512],[-1308,-3]],[[51040,62509],[-450,-1]],[[73305,58936],[-23,-606]],[[73282,58330],[-39,-1232]],[[60440,61313],[690,35],[1961,-14]],[[63091,61334],[589,-8]],[[63669,59448],[-2308,53]],[[60444,60576],[-4,737]],[[64565,59412],[10,-1249],[-44,-817]],[[64531,57346],[-965,5]],[[63566,57351],[-2285,97]],[[61281,57448],[15,411]],[[19074,82222],[12,1780]],[[69046,80364],[41,1]],[[69087,80365],[221,3]],[[69308,80368],[72,1]],[[69380,80369],[247,5]],[[69627,80374],[934,19]],[[70561,80393],[4,-1389]],[[70565,79004],[-239,0],[-227,-275],[-850,-22],[-224,292]],[[69025,78999],[-176,298],[94,444],[315,177],[-224,206],[12,240]],[[63838,76476],[2301,-16]],[[66139,76460],[-13,-2048]],[[66126,74412],[-2342,4]],[[63784,74416],[54,2060]],[[70561,80393],[1870,22]],[[72431,80415],[458,-2]],[[70566,78296],[-1,708]],[[63880,78250],[2292,-1]],[[13783,74859],[-2664,-20]],[[11119,74839],[7,2450]],[[9780,72387],[1339,11]],[[11619,70771],[-9,-805],[-470,-5]],[[11140,69961],[-1335,-10]],[[19167,72455],[2676,12]],[[21840,74907],[-2685,-14]],[[19155,74893],[-17,2440]],[[37915,60253],[-1523,-2],[-643,335],[-310,18]],[[35439,60604],[-228,-63]],[[37939,64324],[1788,22]],[[40613,64346],[1,-1628]],[[37673,58826],[-131,417],[588,-3],[18,1012]],[[13840,68744],[-2689,-28]],[[11151,68716],[-11,1245]],[[68369,75742],[356,21],[-1,202],[414,-35],[389,-149],[34,215],[-274,271],[94,202]],[[69381,76469],[1178,1]],[[68366,74408],[3,1334]],[[70549,72549],[-2,-221]],[[70547,72328],[-188,0]],[[70359,72328],[-225,2]],[[70134,72330],[-69,-1]],[[68359,72976],[1,192]],[[68362,73362],[3,258]],[[68357,72803],[1,108]],[[61578,74436],[38,2058]],[[66126,74412],[2240,-4]],[[68353,72469],[-219,-114]],[[68134,72355],[-2043,22]],[[66091,72377],[35,2035]],[[66675,73598],[377,-540],[406,155],[83,414],[-545,133],[-321,-162]],[[3573,37918],[382,-137],[-26,367],[341,109],[493,-202],[-142,-308],[291,-34],[-15,-428],[-306,-213],[-875,11],[220,244],[-90,395],[-273,196]],[[5273,35058],[2632,25]],[[7905,35083],[22,-1848]],[[7933,32613],[-2618,-35]],[[121,32583],[7,2466]],[[146,39884],[34,2470]],[[7864,37538],[41,-2455]],[[5273,35058],[-11,1628]],[[5262,36686],[-9,830]],[[93237,90649],[-2,0]],[[95483,98457],[1051,352],[324,166],[637,117]],[[95483,97547],[0,910]],[[93233,97863],[215,246],[418,55],[222,-94],[581,234],[814,153]],[[89324,60274],[-886,21]],[[88438,60295],[28,814],[-889,28],[18,404],[-902,45]],[[51038,84497],[555,-100],[874,-489],[349,-104],[675,-353]],[[53491,83451],[30,-785],[-613,3]],[[50590,82706],[-83,2039]],[[50507,84745],[-13,482],[615,-467],[-71,-263]],[[54666,83412],[871,350],[926,539],[298,106]],[[57500,83911],[40,-1259]],[[57540,82652],[-2295,8]],[[55245,82660],[-557,1],[-22,751]],[[88712,45655],[93,1971]],[[88805,47626],[1332,-65],[22,415],[1318,-52]],[[91477,47924],[-16,-433],[1316,-35],[-29,-861]],[[92658,44160],[-1410,76]],[[91248,44236],[83,1224],[-2623,116]],[[22101,54766],[101,1238]],[[22202,56004],[2268,257]],[[24470,56261],[-196,-2269]],[[24274,53992],[-219,16]],[[24055,54008],[-2007,147]],[[22048,54155],[53,611]],[[24470,56261],[5,87],[906,91]],[[25381,56439],[-36,-444]],[[25178,53926],[-904,66]],[[22336,57562],[3218,376]],[[25554,57938],[-173,-1499]],[[22202,56004],[134,1558]],[[20645,55016],[-50,-140],[1506,-110]],[[22048,54155],[-63,-821]],[[24055,54008],[-189,-2041]],[[23866,51967],[-1987,136]],[[98802,62976],[1194,4]],[[99996,62980],[0,-310]],[[99996,62670],[-908,-103],[20,216],[-306,193]],[[97356,62011],[6,575]],[[97362,62586],[6,419]],[[97368,63005],[1314,-27]],[[98682,62978],[7,-412],[-434,-4],[-113,-389]],[[98142,62173],[-784,-229]],[[99996,67422],[0,-2435]],[[99996,64987],[-2632,31]],[[97364,65018],[8,2408]],[[99996,64987],[0,-2007]],[[98802,62976],[-120,2]],[[97368,63005],[-4,2013]],[[77184,42979],[-16,-410],[231,-5],[-34,-816]],[[75342,41004],[-443,17],[6,423],[-435,11],[24,1215]],[[76531,49197],[-1748,53],[-448,41],[-19,-422]],[[26790,74915],[181,9]],[[27221,77349],[869,-7]],[[28090,77342],[-1,-2435]],[[28089,74907],[-686,5]],[[27403,74912],[-86,1]],[[27317,74913],[-222,204],[-446,-2],[-2,-200]],[[26312,74919],[-4,2443]],[[27317,74913],[86,-1]],[[28089,74907],[442,-4]],[[28531,74903],[-78,-321],[194,-166],[-1,-739],[-694,10],[-51,-375],[-268,-29],[-329,-406],[-173,-402]],[[28531,74903],[1336,-21]],[[29867,74882],[0,-2439]],[[29421,72449],[-2237,26]],[[32532,74876],[-2665,6]],[[29867,74882],[9,2426]],[[59193,32439],[-2518,149]],[[56675,32588],[58,807]],[[53974,32777],[2624,-184]],[[56598,32593],[-163,-2500]],[[56435,30093],[-2657,158]],[[56435,30093],[3,0]],[[56438,30093],[-224,-2476]],[[46259,80764],[75,-2]],[[46424,80759],[82,-599],[-76,-398],[-395,0]],[[46034,79802],[-1,47]],[[46007,80651],[-4,81]],[[46003,80732],[0,21]],[[46003,80753],[-1,20]],[[50694,78623],[2313,-29]],[[50716,76593],[-22,2030]],[[55407,74486],[95,-2025]],[[54020,72463],[-874,12]],[[53146,72475],[-56,2045]],[[40736,19046],[812,-86]],[[41548,18960],[-382,-829],[127,-525]],[[41293,17606],[18,-284],[-231,-332],[512,-515]],[[39047,16735],[47,2349]],[[41930,21761],[963,-59]],[[42893,21702],[283,-892],[197,-812]],[[43373,19998],[-856,-558],[396,-25],[-412,-506],[-489,-230],[-464,281]],[[41293,17606],[2183,-105]],[[35128,17859],[375,197],[1115,225],[777,337]],[[37395,18618],[503,-89],[366,107],[626,599]],[[48306,80714],[4,0]],[[48310,80714],[71,-2041]],[[46003,80732],[0,21]],[[31636,29580],[-48,-347],[-636,-464],[140,-176],[-244,-296],[130,-472],[-139,-553]],[[30839,27272],[-2260,23]],[[28579,27295],[72,1006]],[[29992,36552],[-49,-384],[321,-874],[72,-338],[366,-217],[-92,-254],[247,-143],[158,-678],[-156,-178],[-7,-330],[217,-94]],[[32598,29612],[-105,-172],[619,-630],[148,-338],[215,-64],[-63,-468],[176,-178],[-102,-297],[165,-207]],[[33651,27258],[-2812,14]],[[34564,28696],[-913,-1438]],[[84320,76409],[10,1904]],[[3070,72366],[-2677,-5]],[[393,72361],[-2,2465]],[[8447,77287],[2679,2]],[[11119,74839],[-1,-419]],[[11118,74420],[-251,-25],[-574,439],[-1859,-6]],[[8434,74828],[13,2459]],[[5727,77268],[2267,18]],[[7994,77286],[453,1]],[[11118,74420],[-5,-1618]],[[67108,31938],[-161,-2527]],[[64268,29571],[192,2539]],[[67806,36444],[390,-427]],[[68196,36017],[3,-395],[387,-267],[179,-400],[450,-345],[151,-250],[34,-454],[477,-245],[44,-253]],[[69921,33408],[-79,-54]],[[69842,33354],[-89,72],[-2366,151]],[[67000,34411],[104,1436],[125,195],[328,-15],[19,226],[230,191]],[[67286,31928],[2248,-118]],[[69534,31810],[-27,-418],[224,-13],[-55,-857]],[[69676,30522],[-60,-1256],[-444,29]],[[69534,31810],[219,-13],[89,1557]],[[69921,33408],[159,242]],[[72797,33220],[-593,-175],[-66,-605],[-145,-420],[30,-449],[399,-16],[-25,-489]],[[71006,30373],[-407,107],[-923,42]],[[26735,32094],[-1249,95]],[[23645,32327],[116,1478]],[[20433,39889],[1772,-109]],[[20322,38659],[111,1230]],[[44283,34341],[-9,-189]],[[44274,34152],[-14,-281]],[[44260,33871],[-5,-102]],[[44255,33769],[-12,-234]],[[44243,33535],[469,182],[-24,-333],[-242,-234],[-229,-18]],[[44217,33132],[-882,-355],[-13,351],[185,643],[-284,18],[4,511],[336,-216],[195,297],[525,-40]],[[39549,33718],[1347,-46]],[[40896,33672],[-108,-2739]],[[43043,32574],[1143,-58]],[[44186,32516],[1781,-108]],[[45780,29944],[-3422,186]],[[42488,30867],[-366,321],[-1,754],[71,220],[851,412]],[[19323,35546],[-88,-387],[289,-163]],[[20892,33922],[47,-429],[-162,-575],[92,-378]],[[19603,32630],[-1858,147]],[[17745,32777],[88,1212],[479,-39],[211,847],[800,749]],[[16470,34270],[977,71],[216,338],[-690,80],[-492,-209]],[[16643,35791],[426,-4],[425,-105],[1813,-99]],[[19307,35583],[16,-37]],[[17745,32777],[-1332,100]],[[19307,35583],[302,98]],[[54655,54958],[-45,-849]],[[52801,54209],[120,2051]],[[57074,57600],[2005,-71]],[[59079,57529],[-59,-2051]],[[50621,60067],[446,-3]],[[51067,60064],[1328,3]],[[52839,60070],[2,-498],[204,30],[-45,-1252]],[[54857,58293],[90,1568],[118,227]],[[57204,60137],[-130,-2537]],[[59079,57529],[13,413]],[[61281,57448],[-91,-2044]],[[18189,13474],[27,290]],[[20020,10737],[-460,5],[-387,-146],[-1140,-317],[-190,22]],[[17843,10301],[346,3173]],[[21870,16500],[185,3],[207,-584],[-209,-451]],[[22053,15468],[-189,-553],[35,-377],[-122,-421]],[[25108,10346],[89,-414],[-324,-158],[-221,71],[-475,-215],[40,-350],[-344,-403],[-309,-222],[18,-169]],[[23582,8486],[-373,86],[-435,345],[-131,571],[-298,405],[-653,247],[-668,114]],[[79676,74356],[200,-135],[-204,-472]],[[79672,73749],[0,46]],[[81826,76431],[26,1890]],[[82332,76925],[300,-75],[47,-249],[358,-67],[92,196],[350,0],[190,241],[34,378],[-139,300],[-647,84],[-221,-378],[-86,-368],[-278,-62]],[[79678,74512],[2132,-39]],[[81776,72337],[-2105,0]],[[79671,72337],[1,1412]],[[43815,52653],[2081,-106]],[[45742,50428],[-2069,120]],[[43301,48778],[-65,-68]],[[43236,48710],[-50,-57]],[[43186,48653],[-33,-37]],[[43153,48616],[-98,-108]],[[43055,48508],[-61,-55]],[[42983,48454],[-154,7]],[[42053,48499],[125,441],[1123,-162]],[[45612,48316],[-598,34]],[[45011,48350],[29,333],[-1475,191]],[[43565,48874],[108,1674]],[[41700,54817],[64,1000]],[[36515,55359],[22,1742]],[[38111,54341],[-1597,124]],[[36514,54465],[1,894]],[[41640,53788],[-997,54]],[[39956,53877],[-214,15]],[[39649,53898],[-217,14]],[[79134,72335],[537,2]],[[81893,68338],[225,93],[122,305],[654,-109],[120,-324],[290,40],[139,-532],[-351,-193],[-562,-74],[-344,190],[125,431],[-181,211],[-238,-60]],[[84431,69844],[-118,-2363]],[[84308,67364],[-2679,104]],[[81515,64993],[1783,-70]],[[83205,62880],[-1778,29]],[[84373,89436],[78,-347],[-71,-478]],[[84383,88180],[-484,217],[54,216],[-433,-4]],[[84368,90602],[379,1]],[[84747,90603],[1709,3]],[[86492,85865],[228,-593],[338,42],[249,-271],[158,233],[387,0],[-231,446],[-685,48],[-438,519]],[[86499,86279],[-8,-310]],[[37420,46505],[99,33]],[[37858,46496],[18,-157]],[[37876,46339],[186,-1384]],[[38063,44950],[64,-705]],[[38134,44168],[2,-59]],[[43386,46000],[0,-11]],[[43381,45716],[-12,-69]],[[76554,84118],[339,-207],[-29,-461],[135,-158]],[[76566,83089],[-228,1],[-2,327],[-721,-159],[50,241]],[[73911,82483],[999,0]],[[74910,82483],[231,-238],[-80,-413],[184,-341],[-42,-191],[292,-227],[180,-643]],[[73232,80416],[8,1025],[668,-12],[3,1054]],[[74088,84931],[-110,-591]],[[73978,84340],[-57,-57]],[[73921,84283],[-264,105]],[[73657,84388],[-267,88],[-63,293]],[[20904,45629],[263,-35],[2382,-151]],[[23549,45443],[-110,-1246]],[[22985,43675],[-193,-243]],[[21555,43118],[-855,43]],[[76028,89415],[470,420],[334,105],[621,383]],[[77453,90323],[-2,-204]],[[77451,90119],[16,-1002]],[[77467,89117],[3,-56]],[[68479,85196],[4,51]],[[68483,85247],[366,-6],[4,289],[619,90]],[[69472,85620],[-5,39]],[[68914,84383],[-451,-39]],[[68463,84344],[16,852]],[[69357,86365],[572,152],[704,11],[312,-121]],[[69472,85620],[-50,207],[42,440],[-107,98]],[[78415,88606],[636,-1]],[[70562,82471],[1860,6]],[[72422,82477],[9,-2062]],[[70561,80393],[1,2078]],[[66252,83479],[555,-5],[366,153],[4,210],[675,-6],[48,145],[430,1]],[[68330,83977],[113,-424]],[[66233,82487],[19,992]],[[70577,83708],[81,658]],[[72878,84393],[3,-164]],[[72881,84229],[17,-1751]],[[72898,82478],[-476,-1]],[[70562,82471],[5,567]],[[77449,83908],[12,621]],[[78293,84535],[562,8]],[[78855,84543],[-23,-629],[870,-12]],[[79702,83902],[5,-1499]],[[79240,82414],[-168,2]],[[73978,84340],[309,-69],[158,-242],[774,-611]],[[75219,83418],[-12,-937]],[[75207,82481],[-297,2]],[[74910,82483],[-60,280],[-247,87],[-13,399],[-379,236],[-46,543],[-244,255]],[[68502,86001],[-19,-754]],[[68479,85196],[-428,-4],[-235,-406],[-684,9],[-237,-196],[-80,-358],[-559,-82]],[[66256,84159],[7,220]],[[79694,77516],[356,-142],[271,96],[600,-4],[19,-416],[190,-288]],[[81130,76762],[128,-322]],[[81258,76440],[-876,-242],[-255,231],[-429,27]],[[4398,25426],[503,-47]],[[4901,25379],[14,-3]],[[4915,25376],[233,-44]],[[5148,25332],[846,-14]],[[5994,25318],[-29,-431]],[[5965,24887],[-11,-90]],[[5954,24797],[-4,-171]],[[5950,24626],[-5,-84]],[[5945,24542],[-103,-1622]],[[5842,22920],[-20,-335]],[[5822,22585],[-7,-102]],[[3213,22601],[-381,21]],[[7954,24361],[670,138]],[[8624,24499],[195,-383]],[[8819,24116],[-229,-91]],[[8590,24025],[-478,140]],[[8112,24165],[-158,196]],[[6792,24377],[420,34],[113,-212]],[[7325,24199],[-214,-192],[-298,-62],[-21,432]],[[13036,24277],[-196,-247]],[[12840,24030],[-334,-273]],[[12506,23757],[-419,67],[-146,710],[524,-135],[419,84],[168,-126]],[[10104,20852],[289,60]],[[10400,20977],[11,1]],[[10411,20978],[260,-194]],[[10671,20784],[-316,-197]],[[10355,20587],[-346,-94]],[[10009,20493],[-178,56]],[[9831,20549],[263,303]],[[10816,24381],[418,-301]],[[11234,24080],[446,192],[204,-183],[-136,-330]],[[11748,23759],[-492,38],[-241,-319],[-38,-413],[-148,-189]],[[10829,22876],[-319,135]],[[10510,23011],[-84,198],[144,675],[215,127],[31,370]],[[5842,22920],[253,102]],[[6604,22963],[106,-198]],[[6115,22565],[-293,20]],[[7146,25228],[656,-91]],[[7802,25137],[444,37],[430,-59]],[[8676,25115],[-52,-616]],[[7954,24361],[-346,-23]],[[7608,24338],[151,256],[-408,231],[-205,403]],[[11534,20970],[277,459],[224,-33]],[[12153,21339],[-103,-372]],[[12050,20967],[-469,-170]],[[11581,20797],[-47,173]],[[7946,23554],[267,-84]],[[8262,23302],[-24,-507]],[[8056,22789],[-181,57]],[[7612,22724],[-185,100],[14,457],[505,273]],[[45961,46201],[50,-2]],[[46341,46182],[12,0]],[[46565,46170],[16,-331],[-639,97],[-424,-658],[148,-100],[520,-34],[-26,-408],[312,-19],[100,-179]],[[45966,44365],[-53,-20]],[[45585,47845],[27,471]],[[47722,46106],[-1107,65]],[[46898,44051],[546,-36]],[[40261,46368],[126,-14]],[[41016,44379],[-22,0]],[[40406,44847],[-41,26]],[[39886,46507],[7,4]],[[21772,27843],[-498,-1756]],[[19126,26524],[24,287]],[[21772,27843],[2616,-228]],[[22257,29151],[100,316],[467,41],[420,156],[273,-85],[74,-206],[832,234],[-26,-948],[-858,-715],[-313,438],[-474,12],[-411,507],[-84,250]],[[50804,74562],[101,-2054]],[[50905,72508],[-426,7]],[[48715,72536],[-127,1]],[[48588,72537],[-42,1147]],[[48546,73684],[712,7],[-28,426],[-285,170],[-211,296]],[[67899,53143],[135,-8]],[[68034,53135],[374,-117],[-69,-285],[208,-206]],[[68547,52527],[-433,181],[211,-544],[238,-267],[-34,-324]],[[68529,51573],[149,-499]],[[68678,51074],[-828,27]],[[67850,51101],[-2234,65]],[[65616,51166],[67,2021]],[[61190,55404],[2285,-105]],[[63365,53270],[-2266,115]],[[63365,53270],[-118,-2035]],[[63247,51235],[-1933,103]],[[61314,51338],[-304,29]],[[61010,51367],[89,2018]],[[68529,51573],[228,212],[171,-283],[329,-11],[-15,-239],[445,-18],[72,687],[180,-9]],[[69939,51912],[-33,-879]],[[69906,51033],[-1228,41]],[[68034,53135],[1949,-76]],[[69983,53059],[-29,-799]],[[69954,52260],[-562,52],[-215,281],[-630,-66]],[[72177,52996],[-2194,63]],[[69983,53059],[61,2063]],[[55335,76525],[2311,-9]],[[57742,74498],[-2335,-11]],[[50663,79654],[287,20],[-1,513],[866,-223],[71,-317],[308,-3],[-7,-534],[-201,-124],[-601,-152],[-370,384],[-334,-154]],[[50681,79064],[-135,188],[117,402]],[[50694,78623],[-13,441]],[[50663,79654],[-30,1020]],[[48381,78673],[2313,-50]],[[55276,80601],[2330,10]],[[57610,80385],[43,-1815]],[[57653,78570],[-1197,48],[-1159,-7]],[[8035,28720],[-95,-1537]],[[7940,27183],[-50,-770]],[[7890,26413],[-204,131],[-46,297],[-277,3]],[[4915,25376],[233,-44]],[[5292,26253],[-118,-470],[-216,-167]],[[4412,25548],[489,-169]],[[7825,30144],[138,414]],[[13858,67097],[2678,42]],[[16536,67139],[1,-203]],[[16537,66936],[3,-709],[-306,-11],[-244,-460],[-282,173],[-153,-280],[100,-347],[-334,-194]],[[15321,65108],[-1441,-20]],[[13880,65088],[-12,1231]],[[13868,66319],[-10,778]],[[9829,67508],[1332,6],[-10,1202]],[[13840,68722],[18,-1625]],[[13868,66319],[-2705,-37]],[[11163,66282],[0,415],[-1330,-10]],[[16537,66936],[392,-154],[-233,-701],[180,-342],[337,-213],[105,-406]],[[17318,65120],[102,-382],[-554,-19],[103,-188],[11,-592],[-253,-20],[-175,209]],[[16552,64128],[0,64]],[[16552,64192],[-2,338]],[[16550,64530],[-116,409],[-228,175],[-885,-6]],[[11163,66282],[11,-1611],[489,3],[7,-811]],[[11670,63863],[-490,-16]],[[11180,63847],[-1337,-5]],[[16520,68769],[8,-1223]],[[16528,67546],[8,-407]],[[62591,69885],[12,0]],[[60398,67435],[16,2460]],[[57787,72460],[-144,0]],[[26478,19708],[338,64],[1077,-67]],[[27893,19705],[212,-876],[421,67]],[[28526,18896],[167,-474],[-48,-412],[41,-651]],[[28686,17359],[-248,-53]],[[28438,17306],[-340,-79],[-1429,43]],[[25921,17296],[41,1513],[131,615],[385,284]],[[27588,26602],[991,693]],[[30839,27272],[7,-540],[-127,-207],[51,-280],[369,-119],[76,-222],[324,-29],[156,-357]],[[30533,24567],[-596,560],[-897,417],[-751,122],[-567,-24],[-934,374],[-98,-60]],[[27703,20617],[226,-297],[-36,-615]],[[26478,19708],[-97,90],[-773,40]],[[5162,44809],[44,-2460]],[[4791,49679],[340,3],[8,-788],[881,8]],[[6020,48902],[16,-1642]],[[9166,42429],[-1383,-31]],[[7316,42388],[-56,2031],[23,425]],[[6669,52958],[439,8],[-32,1618]],[[7076,54584],[1887,6]],[[8963,53780],[16,-1543]],[[8979,52237],[-1416,-12],[-879,-81]],[[6684,52144],[-15,814]],[[4765,50883],[621,47],[1286,27]],[[6672,50957],[35,-1221],[180,0]],[[6887,49736],[15,-820],[-882,-14]],[[8923,49737],[-2036,-1]],[[6672,50957],[12,1187]],[[4690,52894],[440,47],[1539,17]],[[3039,92231],[2712,70]],[[5751,92301],[-13,-1918],[-368,-439]],[[5370,89944],[-2327,19]],[[3043,89963],[-4,2268]],[[5724,85935],[531,310],[357,-233],[342,41],[104,-526],[-398,78],[-57,-179],[-830,-6],[-46,97]],[[5726,85631],[-1,37]],[[5717,89942],[2287,-24]],[[8400,87038],[-2682,2]],[[5718,87040],[0,1763]],[[5718,89121],[-1,821]],[[5751,92301],[2252,58]],[[5717,89942],[-347,2]],[[12843,27573],[420,-180],[462,276],[-127,266],[423,87]],[[14021,28022],[-81,344],[-332,169],[-216,-467]],[[13392,28068],[-6,0]],[[13386,28068],[-1,436],[129,222],[-98,369],[446,245],[131,429],[355,-49],[-16,-199],[699,12],[-31,-253],[-398,-682],[-21,-507],[-131,-102]],[[14450,27989],[-62,-342],[-773,-277],[-290,-203],[247,-217]],[[13572,26950],[-83,-12]],[[13489,26938],[-168,225],[-304,-22]],[[13017,27141],[-12,335],[-162,97]],[[73392,84033],[249,9],[16,346]],[[73911,82483],[-459,-2]],[[73452,82481],[4,744],[-64,808]],[[12068,52265],[412,-3]],[[12480,52262],[1771,46]],[[14251,52308],[18,-805],[557,8]],[[403,69923],[-10,2438]],[[69939,51912],[15,348]],[[70077,51028],[-171,5]],[[7994,77286],[2,1630],[447,9]],[[11178,61999],[2723,39]],[[13901,62038],[14,-1833]],[[11182,60170],[0,1]],[[5262,36686],[-2564,-9]],[[17318,65120],[1886,15]],[[19204,65135],[1,-2434]],[[19205,62701],[-2643,-30]],[[16562,62671],[-3,416]],[[16559,63087],[-7,1041]],[[16552,64192],[-2,338]],[[16842,39339],[19,245]],[[16907,40155],[812,-56]],[[17794,40218],[25,283]],[[17819,40501],[383,-33]],[[18202,40468],[2265,-170],[-34,-409]],[[19845,38289],[-3052,238]],[[16793,38527],[21,379]],[[43005,48453],[50,55]],[[43153,48616],[33,37]],[[43186,48653],[50,57]],[[43301,48778],[264,96]],[[25554,57938],[127,1346]],[[25681,59284],[2635,-194]],[[75487,73237],[-133,168]],[[77382,73200],[-18,-863]],[[75119,72340],[384,307],[-20,290],[223,206]],[[86701,51021],[2265,-68],[428,-75]],[[89394,50878],[-64,-1645]],[[89330,49233],[-1342,58]],[[86631,49355],[70,1666]],[[86340,53001],[710,-17]],[[87050,52984],[2428,-62]],[[89426,51694],[-32,-816]],[[86701,51021],[-419,13]],[[89727,56570],[437,-9]],[[90164,56561],[1777,-49]],[[89552,54552],[5,194]],[[85143,56772],[-71,-1827]],[[85072,54945],[-447,14]],[[91536,49141],[-2206,92]],[[85072,54945],[1340,-35],[707,-75]],[[87119,54835],[-69,-1851]],[[58626,24952],[889,-58]],[[59515,24894],[-194,-2494]],[[58435,22448],[-873,56]],[[55655,20118],[36,436]],[[17276,29499],[-11,243],[598,642],[303,73],[-59,336],[-216,380],[890,479],[371,1],[398,272]],[[15415,26899],[97,1013]],[[15512,27912],[1194,-82]],[[17951,27052],[77,-233],[-430,18],[-530,-799],[-223,3],[-774,-582],[-66,-139],[-582,-437]],[[15423,24883],[196,1914],[-204,102]],[[14450,27989],[1062,-77]],[[15415,26899],[-321,-58],[-675,138],[-156,-109],[-316,162],[-375,-82]],[[13489,26938],[-57,-109]],[[13432,26829],[-352,16]],[[13080,26845],[-63,296]],[[12408,27730],[474,376],[504,-38]],[[13392,28068],[629,-46]],[[12843,27573],[-435,157]],[[65551,72185],[-6,197]],[[65545,72382],[546,-5]],[[68134,72355],[221,-3]],[[68355,72352],[39,-2447]],[[68394,69905],[-2672,-14]],[[65722,69891],[-75,2249],[-96,45]],[[63737,72411],[1808,-29]],[[65682,65013],[956,-10],[9,612]],[[66647,65615],[215,194]],[[66862,65809],[223,3],[0,411],[1342,-2]],[[68427,63350],[-8,-4]],[[65674,63368],[8,1645]],[[33811,9046],[170,-34],[332,-377],[661,61],[165,148],[555,-304],[387,41]],[[36081,8581],[-1,-2556],[27,-10]],[[36107,6015],[-452,-530],[-178,-74],[-543,354],[-113,598],[-409,421],[-620,360],[-421,130],[-824,147],[-623,48],[-225,103]],[[31699,7572],[235,96],[71,576],[-74,351],[-205,410],[-367,120],[8,183]],[[28686,17359],[1958,396]],[[30644,17755],[-155,-1711],[245,-73],[67,-293]],[[31009,14943],[-205,-199],[-428,-84],[-567,23]],[[28248,14762],[93,1295],[-47,235],[144,1014]],[[25919,6619],[54,1245],[158,2167]],[[26131,10031],[1657,-152],[1288,-45]],[[29076,9834],[-51,-809],[-220,-416]],[[28805,8609],[-215,-28],[-749,-589],[50,-200]],[[27891,7792],[-383,-438],[-82,-497],[-182,-459],[-538,-126],[-787,347]],[[87119,54835],[224,-8]],[[35241,70015],[2226,16]],[[37467,70031],[20,-2448],[441,0]],[[37928,67583],[4,-415]],[[32544,72431],[2681,25]],[[35225,72456],[16,-2441]],[[32565,69999],[-21,2432]],[[37467,70031],[448,1]],[[39707,67597],[-1779,-14]],[[31672,72425],[872,6]],[[32565,69999],[-1332,0]],[[13889,63060],[2670,27]],[[16562,62671],[12,-2434]],[[13901,62038],[-12,1022]],[[11670,63863],[2218,8]],[[13888,63871],[1,-811]],[[11178,62212],[2,1635]],[[23866,51967],[225,-21],[-33,-407]],[[21098,48076],[32,402]],[[23769,48297],[-220,-2854]],[[26486,48084],[-256,-2845]],[[26230,45239],[-2681,204]],[[16222,14119],[681,-491],[1286,-154]],[[17843,10301],[-437,-25],[-869,246],[-1001,409]],[[15536,10931],[457,2059],[229,1129]],[[15355,24099],[1999,-149]],[[15947,22070],[-255,-16],[-558,-457],[-88,68]],[[15046,21665],[-752,633],[-452,917],[32,339],[-187,527]],[[13687,24081],[-40,41]],[[13647,24122],[-101,115]],[[13546,24237],[1809,-138]],[[12219,21695],[142,105]],[[12361,21800],[447,112],[-83,-305],[521,21],[-272,-361]],[[12974,21267],[-104,59]],[[12870,21326],[-38,32]],[[12832,21358],[-43,-234],[-740,-169]],[[12049,20955],[1,12]],[[11739,18303],[1381,-96],[202,-164]],[[14797,17092],[-217,-307]],[[14580,16785],[-347,73],[-367,-348],[-507,-117],[-449,48],[-729,-242]],[[12181,16199],[-197,680],[-355,437]],[[11629,17316],[110,987]],[[16059,17193],[678,-15],[81,-393],[189,-13],[527,-356],[119,90],[819,-244]],[[16222,14119],[-527,411],[-70,170]],[[15625,14700],[-206,2134]],[[16609,19165],[291,-231],[1924,322]],[[18824,19256],[-189,-1614]],[[47777,66638],[300,-40],[161,542],[445,-212]],[[48676,66288],[-118,-262],[-519,-41],[79,516],[-342,36]],[[47776,66537],[1,101]],[[43266,67611],[-1,189]],[[40593,70044],[2227,3]],[[43264,68018],[-412,-1],[-30,-209],[-356,-195]],[[40591,72479],[2,-2435]],[[48396,65813],[53,0]],[[48449,65813],[-53,0]],[[47995,65817],[-82,1]],[[47913,65818],[82,-1]],[[47239,64604],[325,98],[2,260],[217,277],[-8,372],[364,-182],[530,221]],[[47065,65827],[702,-7]],[[47767,65820],[120,-3]],[[47887,65817],[-323,-345],[-499,355]],[[45629,65832],[1265,-2]],[[46894,65830],[-399,-814],[549,-411]],[[45613,64612],[16,1220]],[[43276,66594],[290,144],[-240,265],[156,509],[153,103]],[[45672,67456],[-43,-1624]],[[59401,83666],[18,325]],[[57473,84642],[583,57],[918,-30]],[[57543,82548],[-3,104]],[[61727,83338],[401,10],[497,347],[-145,507],[324,146]],[[63144,84354],[845,9]],[[63989,84363],[-27,-1866],[601,0]],[[62532,82506],[-260,4]],[[61962,82513],[-247,110]],[[65380,80345],[-338,-5],[-244,-174],[-738,-59],[-133,107]],[[61680,80343],[-1172,3]],[[60065,80349],[-729,5]],[[59336,80354],[-5,24]],[[59324,78261],[12,2093]],[[61646,78250],[-2322,11]],[[67626,15373],[1139,-94]],[[68765,15279],[954,-67]],[[69719,15212],[-237,-89],[-302,-418],[-96,-765],[-239,-314],[-705,-445],[-490,140],[-387,344],[7,272],[621,674],[-15,343],[-250,419]],[[9831,20549],[-79,-82]],[[81826,76431],[-568,9]],[[52418,14805],[-2603,231]],[[49815,15036],[204,2454]],[[33030,41682],[-25,404],[-1040,254],[-190,-102]],[[41579,48520],[-205,298],[90,1848]],[[77467,89117],[319,17],[686,431]],[[78472,89565],[210,-4],[661,487]],[[79343,90048],[-31,-374],[398,-309]],[[79710,89365],[13,-766]],[[58979,53417],[-27,-2044]],[[61292,24776],[-1777,118]],[[83996,60441],[-1337,47]],[[47777,66638],[20,813]],[[48711,68273],[-17,-805]],[[48672,65839],[-223,-26]],[[48396,65813],[-401,4]],[[47913,65818],[-26,-1]],[[47767,65820],[9,717]],[[76751,82456],[28,-1]],[[77782,81206],[225,-798]],[[92071,65007],[-1332,11]],[[88946,34973],[50,810],[211,191],[205,-210],[461,-26]],[[91817,34607],[-222,-541],[-275,-111],[-591,55],[-364,-109],[-349,-300]],[[90016,33601],[-260,102],[40,825],[-434,33],[12,194],[-433,14],[5,204]],[[99996,72305],[-18,-2436]],[[53491,83451],[418,-119],[757,80]],[[55245,82660],[31,-2059]],[[28805,8609],[-49,-446],[192,-89]],[[28948,8074],[-617,-219],[-440,-63]],[[378,82168],[31,-24],[2618,15]],[[387,79725],[-9,2443]],[[16394,92623],[2704,92]],[[19145,91026],[-2700,-39]],[[63491,51224],[-244,11]],[[78814,52823],[2202,-81]],[[79710,89365],[260,85],[301,-112],[68,442],[-98,537]],[[80241,90317],[-79,259]],[[80162,90576],[581,4]],[[99996,62670],[-970,-541],[-372,-265],[-512,309]],[[74236,87886],[634,459],[254,259]],[[63346,16776],[202,2862]],[[66212,17839],[-475,25],[-30,-570]],[[65707,17294],[-195,184],[-472,42],[-353,-154],[-321,-825],[-872,-515],[-228,-494]],[[32544,72431],[-12,2445]],[[75069,87099],[371,-15],[231,218],[-7,405],[223,207]],[[76054,86289],[-94,-123],[-474,60],[-474,225]],[[24517,30941],[440,-217],[385,-429]],[[14160,36117],[-251,-583]],[[13909,35534],[27,391],[-355,-189],[-246,-2],[-74,274],[-386,-191],[-157,130],[-409,-3],[7,-405]],[[12316,35539],[-433,-5]],[[67279,36840],[553,15],[-26,-411]],[[7890,26413],[-88,-1276]],[[7146,25228],[-245,-44]],[[6901,25184],[-18,2]],[[6883,25186],[-167,32]],[[6716,25218],[-722,100]],[[82287,35691],[1607,4]],[[83894,35695],[-99,-2822]],[[83795,32873],[-719,-42]],[[87779,37552],[-26,-410],[-443,21],[-57,-1224]],[[89956,37370],[84,-420],[217,-12]],[[88946,34973],[-440,17]],[[92895,39167],[-253,-345],[-644,-434],[-160,-325],[106,-289],[448,-432],[341,-523]],[[74848,26598],[-2223,93]],[[72625,26691],[70,1633]],[[72143,26298],[451,-15],[31,408]],[[75816,26015],[-72,-699]],[[75744,25316],[-3640,175]],[[84754,31198],[700,-15],[68,1627]],[[87958,32706],[-44,-897]],[[87914,31809],[-742,-673],[-703,-807],[-316,-584],[-465,-594],[-304,-47]],[[83795,32873],[1727,-63]],[[77679,28726],[318,222]],[[77997,28948],[145,184],[567,-98],[-22,202]],[[78625,29269],[2,42]],[[78629,29375],[7,172]],[[79116,28890],[174,-417],[-184,-634]],[[79106,27839],[-226,178]],[[78880,28017],[-52,34]],[[78828,28051],[-396,130],[-493,-185]],[[77939,27996],[-281,117]],[[84575,28829],[-663,-839],[-52,-361],[-244,-129],[-425,118],[-671,-122],[-623,-323],[-1164,-800],[-391,-89]],[[80342,26284],[65,2563]],[[81588,66641],[34,699]],[[81515,64993],[69,1542]],[[16745,29551],[-332,488],[-674,39]],[[15739,30078],[216,2834]],[[85034,69918],[315,373],[644,532],[584,-11],[221,-101]],[[86798,69828],[-310,-136],[-131,-215],[-512,49],[-43,286],[-449,-7],[-319,113]],[[47237,58867],[-503,-60],[-15,-287]],[[87941,48060],[883,-30],[-19,-404]],[[76519,48782],[-68,-1635]],[[50452,12475],[-836,60]],[[16577,58197],[7,-2448]],[[47294,21420],[-1266,91]],[[46028,21511],[244,453],[-366,22],[312,322],[-685,202],[-815,1010]],[[16889,21308],[90,-519],[-345,-1047],[52,-199]],[[14206,20038],[-339,333]],[[13867,20371],[995,1191],[184,103]],[[91981,57821],[-74,4],[68,2046]],[[374,84579],[2631,11]],[[378,82168],[-4,2411]],[[11125,82187],[-2,-1446]],[[21800,89128],[-9,-2035]],[[21791,87093],[-2,-794]],[[75744,25316],[-68,-555]],[[75676,24761],[-170,-111],[-1021,104],[-187,304],[-262,-163],[80,-261],[752,-252]],[[74868,24382],[-499,-27],[-810,104],[-516,-101],[-419,-468],[117,-814],[-223,-198],[-573,-141]],[[19086,84002],[-457,142],[-460,43],[-866,-178],[-589,7],[-325,-413]],[[47017,17692],[2185,-143]],[[49236,17547],[783,-57]],[[91012,82401],[-11,-2127]],[[80530,33510],[-898,20]],[[77451,90119],[710,-2],[160,-77]],[[78321,90040],[151,-475]],[[20410,17463],[256,2846]],[[54389,5312],[0,-1]],[[54782,10291],[2715,-192]],[[57497,10099],[-1,-21]],[[57496,10078],[-172,-2443]],[[26436,14074],[84,1216]],[[31678,52541],[36,-316],[749,-1056],[155,-461]],[[80342,26284],[-469,24],[-263,339],[-251,910],[-253,282]],[[78880,28017],[-52,34]],[[77703,28943],[294,5]],[[77939,27996],[-306,-335]],[[23082,87106],[57,819],[452,5]],[[23591,87930],[2,-207],[901,13],[124,-263],[1349,-12]],[[25787,86954],[-510,309],[-389,-202],[-271,4],[-3,-408],[429,-70],[-212,-343],[548,11]],[[24165,85251],[-145,308],[-15,767],[-903,-8],[-20,788]],[[31500,91939],[222,251],[238,-68]],[[31989,92122],[488,-173],[697,68],[404,-182]],[[21791,87093],[1291,13]],[[24188,91076],[447,10]],[[24635,91086],[-23,-1147],[-579,-6],[1,-369]],[[24034,89564],[-458,-10]],[[23576,89554],[-896,-4]],[[22680,89550],[224,103],[449,3],[-2,272],[420,1],[-23,640],[-1843,-8]],[[68505,86174],[230,-10],[622,201]],[[10576,33192],[894,1]],[[11470,33193],[956,1],[866,-69]],[[13292,33125],[-167,-349],[-449,-473],[-21,-200],[336,-147],[149,-245],[-117,-1500]],[[13023,30211],[-1798,163]],[[76423,46726],[1803,-55]],[[78133,44178],[-900,45]],[[56598,32593],[77,-5]],[[59046,29930],[-2608,163]],[[23270,17263],[1035,5]],[[24263,15469],[-2210,-1]],[[46910,10265],[2523,-168],[-35,-394]],[[24635,91086],[1548,67]],[[26299,89232],[-48,-131]],[[26251,89101],[-1635,18],[1,-156],[-584,-11],[1,612]],[[21800,89536],[880,14]],[[23576,89554],[15,-1624]],[[24149,92891],[3066,121]],[[27117,91602],[-206,-214]],[[49460,37081],[304,-19],[175,398],[542,-35],[172,406],[346,-19],[135,-313],[277,9],[210,-326]],[[51621,37182],[108,387],[364,47],[-13,-434],[223,53],[34,678],[437,-109],[38,-343],[-144,-398],[129,-161],[587,-34]],[[16686,37296],[107,1231]],[[71122,72328],[1685,11]],[[73755,71074],[0,-822]],[[73756,69923],[-2680,-3]],[[71076,69920],[-21,1432]],[[71055,71352],[232,614],[-246,-6],[81,368]],[[69920,18471],[217,-439],[709,-601],[200,-305],[-21,-356],[-159,-160],[-229,-893],[70,-253],[528,-625],[-90,-216],[-328,-80],[-518,267],[-227,269],[-353,133]],[[68765,15279],[166,2420]],[[78065,90926],[88,106]],[[78404,91344],[315,312],[590,432]],[[79309,92088],[-38,-1053],[-243,-469],[-739,-452]],[[78289,90114],[-5,598],[-219,214]],[[62925,14747],[-356,-567],[-332,-333],[-49,-409],[140,-516],[-105,-584]],[[57497,10099],[200,2468]],[[59718,9956],[-2222,122]],[[57884,15033],[-2,-30]],[[57697,12567],[-2677,196]],[[91477,47924],[59,1217]],[[91177,42998],[71,1238]],[[94871,44054],[-16,-193],[-427,-323],[-140,-354],[200,-841],[-287,-193],[-638,281],[-281,-146]],[[91147,42602],[30,396]],[[94545,55283],[845,20],[754,-45]],[[97149,54621],[-73,-1874]],[[97076,52747],[-2643,101]],[[98195,57618],[-342,-691],[-14,-949],[-379,-223],[-85,-281]],[[97862,54216],[254,-649],[-70,-297],[-282,-434]],[[97764,52836],[-70,-86],[-618,-3]],[[77453,90323],[612,603]],[[78289,90114],[32,-74]],[[58934,47412],[2197,-67]],[[83909,36051],[-15,-356]],[[75354,60132],[-2003,52]],[[88571,43204],[-4,-67]],[[88567,43137],[-151,-2379]],[[92945,80270],[261,3]],[[93212,79869],[-206,4],[-61,397]],[[91001,80274],[1852,-4]],[[92853,80270],[-596,-278],[-195,79],[-180,-522],[54,-262],[-255,-223],[780,-238],[742,-10],[7,140]],[[40300,82217],[-121,2]],[[39142,82231],[94,-284],[1087,-25],[90,294]],[[40503,82215],[165,1]],[[40711,82216],[-86,-2370]],[[92049,62657],[448,-6],[-5,326]],[[94709,62976],[3,-358]],[[94712,62618],[-19,-1236]],[[97722,78337],[12,-1948]],[[21986,34352],[154,-191],[1631,-156]],[[67690,47056],[-41,-1007]],[[67649,46049],[-1431,35]],[[30194,21411],[-71,-685],[47,-976]],[[30170,19750],[-24,-452],[-498,119],[-1122,-521]],[[60355,69895],[-2681,19]],[[26532,48481],[2055,-149]],[[26672,45213],[-442,26]],[[18824,19256],[140,1233]],[[97372,67426],[-2658,9]],[[94714,67435],[13,2438]],[[13023,30211],[463,74],[1212,-160],[1041,-47]],[[12408,27730],[-111,9]],[[12297,27739],[-110,9]],[[12187,27748],[-525,40]],[[11662,27788],[-570,41]],[[11092,27829],[75,830]],[[94696,65006],[2668,12]],[[97362,62586],[-2650,32]],[[67850,51101],[-77,-2005]],[[5950,24626],[4,171]],[[5965,24887],[30,156],[446,-62],[275,237]],[[6883,25186],[13,-48],[5,46]],[[7608,24338],[-283,-139]],[[6792,24377],[-847,165]],[[2509,20353],[-461,387],[-520,62],[-286,-227],[-401,-573],[-841,-352],[0,405]],[[10448,24936],[408,-60]],[[10856,24876],[444,28]],[[11300,24904],[-66,-824]],[[10816,24381],[-317,135]],[[10499,24516],[289,269],[-340,151]],[[9551,22961],[619,-57],[340,107]],[[10829,22876],[-18,-487]],[[10811,22389],[-289,52],[-58,-384],[-475,38]],[[9989,22095],[-103,9]],[[9380,22869],[171,92]],[[8478,22633],[105,-135]],[[10264,21166],[54,271]],[[10318,21437],[172,293],[271,7],[50,652]],[[11748,23759],[-203,-495],[113,-270]],[[11658,22994],[217,-454],[374,55]],[[12249,22595],[266,-4]],[[12515,22591],[47,-417]],[[12562,22174],[-186,-230]],[[12376,21944],[-15,-144]],[[11534,20970],[-381,-198],[-482,12]],[[10411,20978],[-152,146]],[[26468,43180],[-443,34]],[[37876,46339],[285,-129]],[[38432,46216],[213,19]],[[38722,46255],[537,198]],[[59324,78261],[-1672,14]],[[57652,78275],[1,295]],[[59306,76510],[2309,-16]],[[63989,84363],[1,9]],[[66256,84159],[-4,-680]],[[10975,26488],[4,54]],[[10979,26542],[3,42]],[[10982,26584],[252,375],[-209,145]],[[11025,27104],[30,302]],[[11055,27406],[402,-6],[205,388]],[[12187,27748],[-229,-38],[-28,-348],[223,-16],[144,393]],[[13080,26845],[90,-396]],[[13170,26449],[-19,-45]],[[13151,26404],[-62,-336],[-371,90],[-211,-213],[-469,-11],[-54,-566],[-214,8],[29,351],[-257,-2],[-491,193],[-104,200]],[[10947,26118],[28,370]],[[92134,69053],[843,22],[26,811]],[[93003,69886],[194,-2]],[[47494,85286],[526,-205],[250,178],[308,-10],[676,364],[217,-239],[429,-28],[34,255],[-205,414],[1414,-1244],[-105,-274]],[[50507,84745],[-2063,46]],[[44255,33769],[-12,-234]],[[44274,34152],[-14,-281]],[[42773,35030],[1557,-62]],[[44330,34968],[-47,-627]],[[44217,33132],[-31,-616]],[[43043,32574],[99,308],[-184,348],[66,235],[317,115]],[[43341,33580],[-128,211],[-21,606],[-419,633]],[[44330,34968],[1762,-94]],[[42893,21702],[3135,-191]],[[47190,20178],[-111,-1230]],[[44097,19187],[53,1085],[-777,-274]],[[31335,19019],[-357,284],[-808,447]],[[22415,59520],[-39,-1293]],[[22376,58227],[-1167,-5],[2,-1047]],[[19018,57177],[-6,1019]],[[33651,27258],[-175,-582],[121,-233],[-167,-251],[-89,-549]],[[27195,82231],[2709,-28]],[[29871,79748],[-2673,16]],[[8465,62200],[0,407]],[[57670,68705],[2,87]],[[57672,68792],[-184,207],[100,317],[-50,443],[135,98]],[[57673,69857],[59,-146],[708,-15],[207,-249],[439,-163],[-216,-404],[431,-21],[223,-199],[-232,-271],[-442,128],[-248,-171],[-198,131],[-449,5],[-3,-410],[-283,-49]],[[57669,68023],[0,222],[-386,39],[150,408],[237,13]],[[57670,68705],[2,87]],[[57673,69857],[1,57]],[[60398,67435],[-2734,32]],[[57664,67467],[5,556]],[[57679,65011],[-15,2456]],[[80279,43288],[-439,11],[-19,-817],[-1766,56],[-31,-810]],[[28046,70043],[-766,2]],[[27280,70045],[-95,52]],[[57652,78275],[-6,-1759]],[[38367,48681],[-8,-1007],[-497,10]],[[84436,69925],[598,-7]],[[50590,82706],[-2341,44]],[[26872,51318],[792,-67]],[[12978,14677],[393,322],[1209,1786]],[[15625,14700],[-1950,-1587]],[[13675,13113],[-58,598],[-639,966]],[[15536,10931],[-1080,197],[-338,134],[-402,583],[-82,756],[41,512]],[[90016,33601],[-515,-391],[-541,-528],[-702,-530],[-344,-343]],[[70398,26775],[68,1303],[440,-19],[17,347]],[[41090,51741],[435,-23]],[[39737,51798],[1168,-50]],[[41442,48524],[-83,3]],[[40982,48541],[-149,6]],[[40229,48573],[-701,27]],[[39383,53251],[-37,-503]],[[39328,52482],[-15,-244]],[[37846,51516],[-1090,3]],[[36756,51519],[-215,-1],[-23,1995]],[[36518,53513],[-4,952]],[[77827,31392],[61,-63],[807,-39]],[[80100,84785],[506,199],[401,-53],[883,29]],[[81892,84552],[-1791,-19]],[[80101,84533],[-1,252]],[[79713,85247],[383,-130],[4,-332]],[[80101,84533],[-395,-4],[-2,-235]],[[79704,84294],[-279,173]],[[79425,84467],[88,268],[-120,553],[320,-41]],[[69218,83552],[1356,-50]],[[70562,82471],[-1476,-7]],[[68463,84344],[-133,-367]],[[73452,82481],[-554,-3]],[[72881,84229],[511,-196]],[[76351,82468],[-1144,13]],[[73749,67783],[-2,-319]],[[73747,67464],[-2726,8]],[[71021,67472],[55,2448]],[[65674,63368],[-2596,-4]],[[63078,63364],[-447,15]],[[68394,69905],[2682,15]],[[68419,67447],[-25,2458]],[[68174,67456],[245,-9]],[[66862,65809],[0,397],[123,334],[562,-286],[-9,374],[-222,188],[473,514],[385,126]],[[66422,67457],[41,-1]],[[66463,67456],[-41,1]],[[65707,67459],[492,-1]],[[66199,67458],[21,1]],[[66220,67459],[43,-3]],[[66263,67456],[-97,-255],[419,-159],[132,-418],[4,-401],[-255,-623],[181,15]],[[30644,17755],[632,112]],[[36081,9502],[0,-921]],[[54582,40124],[1763,-117]],[[56345,40007],[-178,-2475]],[[54366,37656],[134,1614]],[[12818,40797],[-424,265],[-212,266]],[[12278,41494],[9,66]],[[99987,92656],[1,-1976]],[[16528,67546],[2671,21]],[[46894,65830],[171,-3]],[[8819,24116],[451,104],[624,-393]],[[9894,23827],[-460,-322],[-18,-269]],[[9416,23236],[-598,203],[-114,-232]],[[8704,23207],[-118,96]],[[8566,23686],[24,339]],[[43352,81248],[312,-164],[-317,-287]],[[43347,80797],[-155,-138],[-408,-36],[-447,419],[218,202],[-438,192],[172,247],[839,-87],[224,-348]],[[57731,60207],[1443,193]],[[36515,55359],[-278,129],[-1122,-230],[-261,129],[-536,99]],[[12978,14677],[-418,487],[-353,647],[-26,388]],[[40896,33672],[2445,-92]],[[59324,78261],[-18,-1751]],[[78855,84543],[570,-76]],[[79704,84294],[-2,-392]],[[67626,15373],[-160,391],[-348,589],[-424,234],[-605,-94],[-382,801]],[[25152,53539],[-182,-2062]],[[22376,58227],[-40,-665]],[[3043,89963],[-47,1]],[[337,89982],[-7,2153],[2709,96]],[[26146,10224],[-15,-193]],[[25919,6619],[-360,194],[-969,151],[-225,169],[-267,1049],[-516,304]],[[90590,58383],[62,1861]],[[90164,56561],[41,1222],[362,-11],[23,611]],[[79727,86626],[221,-48],[-29,-791],[-199,-61]],[[13797,72825],[-14,2034]],[[99997,80282],[2,-1954]],[[99999,78328],[-2277,9]],[[99999,78328],[-7,-1942]],[[34487,41203],[-186,-601],[188,-181],[-154,-446],[628,-262],[165,15],[216,-699]],[[91002,74400],[2241,-8]],[[93243,74392],[3,-2065]],[[51767,498],[416,-20],[76,1230],[467,-29],[92,1247]],[[54054,334],[-801,-279],[-470,-55],[-507,54],[-372,213],[-137,231]],[[51767,498],[-169,460],[-77,627],[-226,411],[-371,199]],[[78024,41728],[2661,-65],[-12,-619]],[[80673,41044],[-19,-1005],[-1319,30]],[[80874,41041],[-201,3]],[[69792,44937],[-2195,89]],[[67597,45026],[52,1023]],[[65961,43033],[1538,-77]],[[67499,42956],[443,-18]],[[27093,70046],[-33,-406],[232,-121],[-12,526]],[[59015,49430],[1851,-42],[351,-33]],[[61217,49355],[-2,-8]],[[16188,53258],[-111,-1005]],[[14251,52308],[-26,1218]],[[12480,52262],[-19,1640]],[[8483,56488],[-3,-1777],[489,-113]],[[7076,54584],[-1294,-16]],[[388,57700],[21,2449]],[[67781,76464],[-21,-714],[609,-8]],[[68394,76982],[0,-37]],[[68394,76903],[1,125]],[[68395,77045],[369,52],[457,-60],[160,-568]],[[17882,41315],[-63,-814]],[[16304,39790],[-156,-128]],[[16020,39600],[-110,212]],[[15812,39819],[-336,23]],[[9767,20459],[242,34]],[[10355,20587],[282,61],[262,-128],[324,23],[57,238],[301,16]],[[12049,20955],[-310,-2652]],[[11629,17316],[-606,417],[-949,229],[-467,14],[-396,182]],[[10395,20363],[24,-340],[696,-119],[263,101],[39,273],[-274,134],[-748,-49]],[[11546,39996],[77,2]],[[36518,53513],[-604,-55],[30,-295],[-609,-60],[22,-247],[-589,-50]],[[34768,52806],[-398,-32]],[[52269,72492],[877,-17]],[[52278,69902],[16,401],[-25,2189]],[[51067,60064],[-27,2445]],[[55882,69923],[-8,-2453]],[[68395,61350],[455,-12]],[[67211,59314],[-1300,49]],[[63091,61334],[-13,2030]],[[69380,80369],[247,5]],[[69087,80365],[221,3]],[[68400,80354],[646,10]],[[70566,78296],[-2171,-34]],[[93243,74392],[2288,-26]],[[88438,60295],[-893,26]],[[24263,15469],[-137,-2006]],[[64765,73781],[214,109],[860,-29],[-296,-466],[-773,38],[-5,348]],[[46644,88498],[659,-712],[277,-13],[544,169],[701,-113],[181,-401],[-325,-445],[-492,9],[-413,-264],[-362,107],[-588,-3],[-298,-211],[-50,-210],[-540,296],[-153,-61]],[[45785,86646],[-30,835]],[[82054,93830],[653,41],[917,283],[747,423]],[[84368,92499],[-847,-142],[-616,23]],[[82905,92380],[475,88],[267,339],[-176,185],[13,270],[-205,432],[-332,-33],[-444,-446],[66,-442],[-538,17]],[[82031,92790],[23,1040]],[[82012,92231],[617,217],[116,-181]],[[82745,92267],[-434,-473],[-312,-2]],[[81999,91792],[13,439]],[[66422,67457],[41,-1]],[[66220,67459],[43,-3]],[[68174,67456],[-203,199],[-15,717],[-408,53],[-17,432],[-322,-178],[-561,5],[-81,-510],[82,-308]],[[66649,67866],[-451,-144],[1,-264]],[[37905,76460],[-1,-54]],[[37901,75420],[72,-100],[619,30],[101,175],[-144,1016],[-463,-85],[-176,260]],[[8112,24165],[-378,-22],[-50,-554],[262,-35]],[[52269,72492],[-1364,16]],[[27185,84218],[0,-82]],[[27186,84054],[305,-410],[502,196],[-4,-403],[463,-104],[-440,-504]],[[28012,82829],[-444,5],[-3,-205],[-370,-172]],[[81968,90789],[31,1003]],[[82745,92267],[160,113]],[[84368,92499],[-8,-796],[397,-247],[-10,-853]],[[66123,45074],[-23,-663],[-280,-399]],[[11092,27829],[-37,-423]],[[11025,27104],[-9,-97]],[[11016,27007],[-3076,176]],[[57440,42403],[-189,-2455]],[[57251,39948],[-906,59]],[[67499,42956],[98,2070]],[[92953,70092],[50,-206]],[[10318,21437],[-98,-174]],[[10067,21406],[-191,202]],[[9893,21920],[96,175]],[[80003,54814],[-971,57]],[[93243,74392],[-39,2022]],[[48453,74588],[-173,-605],[266,-299]],[[48588,72537],[-1539,13]],[[26738,63150],[-336,332],[-292,124],[-1185,357]],[[25521,59295],[160,-11]],[[59962,39768],[-2711,180]],[[49133,39579],[-181,-2468]],[[46276,37311],[126,1631]],[[37521,47693],[-76,-912]],[[29876,77308],[-1786,34]],[[39589,9967],[494,-588],[107,-355],[480,-631],[-210,-569]],[[40460,7824],[-532,-154],[-461,-507],[-87,-391],[-203,-378],[-436,-361],[-516,10],[-645,-69],[-667,304],[-308,28],[-498,-291]],[[43410,86495],[81,220],[424,-126],[108,302],[391,-24],[35,244]],[[44449,87111],[749,333]],[[45785,86646],[-339,-201],[-408,-111],[-1624,2]],[[21477,42088],[-325,-59],[-408,-298],[-753,-271],[-414,-13],[-315,-299],[-323,47],[-362,-263],[-375,-464]],[[95542,82444],[110,1]],[[95662,82445],[99,-58],[-249,-1024]],[[75505,58260],[-1761,36],[-462,34]],[[36756,51519],[46,-325],[-700,-197],[-88,-255],[-363,38],[-260,-261]],[[35391,50519],[-134,404],[-240,-15],[-249,1898]],[[7905,35083],[2644,27]],[[11436,35116],[34,-1923]],[[90590,58383],[-2671,124]],[[68196,36017],[1183,-64],[18,207],[358,-24]],[[13909,35534],[-320,-414],[49,-515],[-233,20],[-165,366],[-605,152],[116,291],[-435,105]],[[13432,26829],[137,-168],[-399,-212]],[[10982,26584],[34,423]],[[10975,26488],[4,54]],[[13151,26404],[65,-797],[-163,-270],[63,-211],[-157,-360]],[[12959,24766],[-800,96],[-859,42]],[[10856,24876],[91,1242]],[[35136,50137],[234,-261]],[[35722,49913],[-625,493],[294,113]],[[43361,82268],[-9,-1020]],[[43347,80797],[-8,-975]],[[40872,79844],[-44,0]],[[13888,63871],[-8,1217]],[[13368,24251],[178,-14]],[[13647,24122],[-279,129]],[[12870,21326],[-38,32]],[[11658,22994],[448,284],[144,384],[256,95]],[[12840,24030],[410,-221],[259,-23],[178,295]],[[13867,20371],[-167,7],[-612,565],[-114,324]],[[12376,21944],[186,230]],[[12515,22591],[-266,4]],[[57664,67467],[-1584,3]],[[51621,37182],[101,2253]],[[79713,85247],[1,139]],[[71122,72328],[-456,0]],[[70666,72328],[-119,0]],[[13292,33125],[872,-69]],[[59033,51372],[1977,-5]],[[61314,51338],[-97,-1983]],[[50419,22002],[941,-111],[849,-3],[885,-132]],[[43231,87245],[797,-198],[421,64]],[[29076,9834],[11,212]],[[31699,7572],[-264,46],[-429,409],[-416,257],[-385,106],[-659,-120],[-598,-196]],[[79309,92088],[470,357]],[[79775,92367],[-50,-1555],[437,-236]],[[80241,90317],[-358,-211],[-364,168],[-176,-226]],[[65827,57300],[-1296,46]],[[35439,60604],[71,-525],[-567,-66],[163,-1164]],[[36487,41978],[164,-2546]],[[25291,61009],[1698,183]],[[99991,86630],[5,-2096]],[[70359,72328],[2,-77],[305,77]],[[71055,71352],[-227,39],[-840,-48],[-62,362],[307,459],[-99,166]],[[26402,87889],[-630,-215],[-153,322],[440,77],[260,220],[-68,808]],[[32009,92369],[366,204],[147,-235],[-398,-253],[-115,284]],[[30869,93139],[650,18]],[[91177,42998],[-2610,139]],[[42007,9140],[-458,-170],[-467,-782],[-622,-364]],[[50631,80674],[-2321,40]],[[44265,37418],[2011,-114]],[[42773,35030],[-194,284],[44,427]],[[92945,80270],[-92,0]],[[73747,67464],[-1,-264]],[[73746,67191],[-20,-1895]],[[378,54548],[-4,1393]],[[35924,21198],[32,-315],[808,-953],[632,-99],[-1,-1213]],[[60440,61313],[-9,1231]],[[2,22809],[14,2427]],[[48490,89544],[275,372],[354,75],[124,-201],[480,-14],[27,-457],[-129,-219],[-908,228],[-223,216]],[[12959,24766],[101,-397]],[[44232,9743],[-704,-297]],[[9894,23827],[159,456],[188,275],[258,-42]],[[9551,22961],[-135,275]],[[80687,93019],[556,364],[811,447]],[[82031,92790],[-19,-559]],[[10448,24936],[-473,89],[-1299,90]],[[8656,22829],[48,378]],[[15423,24883],[-68,-784]],[[75676,24761],[-120,-573],[-356,30],[-332,164]],[[39808,47318],[-9,-43]],[[38375,90097],[793,-226],[744,-64],[658,-346],[609,-766]],[[63566,57351],[-90,-2026]],[[374,84579],[-11,2430]],[[41341,48125],[11,260]],[[41264,46314],[6,68]],[[41301,47028],[-40,1]],[[41114,47113],[-17,90]],[[41075,47323],[-46,257]],[[97764,52836],[-27,-540],[-147,-294],[-514,-293],[-393,-601]]],"bbox":[-84.820157,38.403202,-80.5188842290377,41.977164],"transform":{"scale":[0.0000430131578412014,0.000035739977399774015],"translate":[-84.820157,38.403202]},"objects":{"in":{"type":"GeometryCollection","geometries":[{"arcs":[[0,1,2,3]],"type":"Polygon","properties":{"geoid":"3917338164","name":"Jackson"},"id":"3917338164"},{"arcs":[[4,5,6,7,8]],"type":"Polygon","properties":{"geoid":"3913738024","name":"Jackson"},"id":"3913738024"},{"arcs":[[9,10,11,12,13,14,15]],"type":"Polygon","properties":{"geoid":"3911587066","name":"York"},"id":"3911587066"},{"arcs":[[16,17,18,19,20]],"type":"Polygon","properties":{"geoid":"3907727216","name":"Fitchville"},"id":"3907727216"},{"arcs":[[21,22,23,24,25,26]],"type":"Polygon","properties":{"geoid":"3907370142","name":"Salt Creek"},"id":"3907370142"},{"arcs":[[27,28,29,30,31,32]],"type":"Polygon","properties":{"geoid":"3912301322","name":"Allen"},"id":"3912301322"},{"arcs":[[33,34,35,36]],"type":"Polygon","properties":{"geoid":"3900721672","name":"Denmark"},"id":"3900721672"},{"arcs":[[-36,37,38,39]],"type":"Polygon","properties":{"geoid":"3900722344","name":"Dorset"},"id":"3900722344"},{"arcs":[[40,41,42,43,44,45]],"type":"Polygon","properties":{"geoid":"3904305228","name":"Bellevue"},"id":"3904305228"},{"arcs":[[46,47,48,49,50]],"type":"Polygon","properties":{"geoid":"3909361532","name":"Penfield"},"id":"3909361532"},{"arcs":[[51,52,53,54,55,56]],"type":"Polygon","properties":{"geoid":"3903138556","name":"Jefferson"},"id":"3903138556"},{"arcs":[[57,58,59,60]],"type":"Polygon","properties":{"geoid":"3905559948","name":"Parkman"},"id":"3905559948"},{"arcs":[[61,62,63,64,65]],"type":"Polygon","properties":{"geoid":"3903743092","name":"Liberty"},"id":"3903743092"},{"arcs":[[66,67,68,69]],"type":"Polygon","properties":{"geoid":"3913147824","name":"Marion"},"id":"3913147824"},{"arcs":[[70,71,72,73]],"type":"Polygon","properties":{"geoid":"3903578932","name":"University Heights"},"id":"3903578932"},{"arcs":[[74,75,76,77,78]],"type":"Polygon","properties":{"geoid":"3906378330","name":"Union"},"id":"3906378330"},{"arcs":[[79,80,81,82]],"type":"Polygon","properties":{"geoid":"3901750162","name":"Milford"},"id":"3901750162"},{"arcs":[[83,84,85,86]],"type":"Polygon","properties":{"geoid":"3914371087","name":"Scott"},"id":"3914371087"},{"arcs":[[87,88,89,90,91]],"type":"Polygon","properties":{"geoid":"3913533992","name":"Harrison"},"id":"3913533992"},{"arcs":[[92,93,94,95]],"type":"Polygon","properties":{"geoid":"3910558646","name":"Orange"},"id":"3910558646"},{"arcs":[[96,97,98,99,100]],"type":"Polygon","properties":{"geoid":"3907580626","name":"Walnut Creek"},"id":"3907580626"},{"arcs":[[101,102,103,104,105]],"type":"Polygon","properties":{"geoid":"3901752080","name":"Morgan"},"id":"3901752080"},{"arcs":[[106,107,108]],"type":"Polygon","properties":{"geoid":"3908541398","name":"Lakeline"},"id":"3908541398"},{"arcs":[[109,110,111,112,113]],"type":"Polygon","properties":{"geoid":"3917108140","name":"Brady"},"id":"3917108140"},{"arcs":[[114,115,116,117]],"type":"Polygon","properties":{"geoid":"3906379408","name":"Van Buren"},"id":"3906379408"},{"arcs":[[118,119,120,121,122,123,124]],"type":"Polygon","properties":{"geoid":"3905911003","name":"Cambridge"},"id":"3905911003"},{"arcs":[[125,-4,126,127]],"type":"Polygon","properties":{"geoid":"3906904052","name":"Bartlow"},"id":"3906904052"},{"arcs":[[128,129,130,131,132,133,134,135]],"type":"Polygon","properties":{"geoid":"3913385960","name":"Windham"},"id":"3913385960"},{"arcs":[[136,137,138,139,140,141]],"type":"Polygon","properties":{"geoid":"3911718294","name":"Congress"},"id":"3911718294"},{"arcs":[[142]],"type":"Polygon","properties":{"geoid":"3907732368","name":"Greenwich"},"id":"3907732368"},{"arcs":[[143,144,145,146,147]],"type":"Polygon","properties":{"geoid":"3900575357","name":"Sullivan"},"id":"3900575357"},{"arcs":[[148,149,150,151,152]],"type":"Polygon","properties":{"geoid":"3901380864","name":"Warren"},"id":"3901380864"},{"arcs":[[153,154,155,156,157,158,159,160,161,162,163,164,165,166,167,168,169,170,171,172,173,174,175,176,177,178,179,180,181,182,183,184,185],[186,187],[188,189]],"type":"Polygon","properties":{"geoid":"3906115000","name":"Cincinnati"},"id":"3906115000"},{"arcs":[[190,191,192,193,194,195]],"type":"Polygon","properties":{"geoid":"3901155986","name":"Noble"},"id":"3901155986"},{"arcs":[[196,197,198,199]],"type":"Polygon","properties":{"geoid":"3900541272","name":"Lake"},"id":"3900541272"},{"arcs":[[200,201,202,203]],"type":"Polygon","properties":{"geoid":"3902982138","name":"Wayne"},"id":"3902982138"},{"arcs":[[204,205,206,207,208,209]],"type":"Polygon","properties":{"geoid":"3917377630","name":"Troy"},"id":"3917377630"},{"arcs":[[210,211,212,213,214,215]],"type":"Polygon","properties":{"geoid":"3905951380","name":"Monroe"},"id":"3905951380"},{"arcs":[[216,217,218,219]],"type":"Polygon","properties":{"geoid":"3915532732","name":"Gustavus"},"id":"3915532732"},{"arcs":[[220,221,222,223,224]],"type":"Polygon","properties":{"geoid":"3904580570","name":"Walnut"},"id":"3904580570"},{"arcs":[[225,226,227,228,229,230]],"type":"Polygon","properties":{"geoid":"3915938108","name":"Jackson"},"id":"3915938108"},{"arcs":[[231,232,233,234]],"type":"Polygon","properties":{"geoid":"3903947852","name":"Mark"},"id":"3903947852"},{"arcs":[[-208,235,236,237,238,239]],"type":"Polygon","properties":{"geoid":"3914386506","name":"Woodville"},"id":"3914386506"},{"arcs":[[240,241,242,243,244,245]],"type":"Polygon","properties":{"geoid":"3911508910","name":"Bristol"},"id":"3911508910"},{"arcs":[[246,247,248,249,250,251]],"type":"Polygon","properties":{"geoid":"3912716350","name":"Coal"},"id":"3912716350"},{"arcs":[[252,253,254,255,256]],"type":"Polygon","properties":{"geoid":"3906928700","name":"Freedom"},"id":"3906928700"},{"arcs":[[257,258,259,260]],"type":"Polygon","properties":{"geoid":"3901182054","name":"Wayne"},"id":"3901182054"},{"arcs":[[261,-153,262,263,264,265]],"type":"Polygon","properties":{"geoid":"3901372970","name":"Somerset"},"id":"3901372970"},{"arcs":[[266,267,268,269,270,271]],"type":"Polygon","properties":{"geoid":"3903376967","name":"Tod"},"id":"3903376967"},{"arcs":[[272,273,274,275,276]],"type":"Polygon","properties":{"geoid":"3912746550","name":"Madison"},"id":"3912746550"},{"arcs":[[277,-210,278,279,280]],"type":"Polygon","properties":{"geoid":"3917382544","name":"Webster"},"id":"3917382544"},{"arcs":[[281,282,283,284,285]],"type":"Polygon","properties":{"geoid":"3910743260","name":"Liberty"},"id":"3910743260"},{"arcs":[[286,287,-170]],"type":"Polygon","properties":{"geoid":"3906130786","name":"Golf Manor"},"id":"3906130786"},{"arcs":[[288,289,290,291]],"type":"Polygon","properties":{"geoid":"3901165018","name":"Pusheta"},"id":"3901165018"},{"arcs":[[292,293,294,295,296,297,298,299,300,301],[302]],"type":"Polygon","properties":{"geoid":"3915148244","name":"Massillon"},"id":"3915148244"},{"arcs":[[303,304,305,306,307]],"type":"Polygon","properties":{"geoid":"3908969456","name":"St. Albans"},"id":"3908969456"},{"arcs":[[308,309,310,311,312]],"type":"Polygon","properties":{"geoid":"3917538178","name":"Jackson"},"id":"3917538178"},{"arcs":[[313,314,315,316,317,318]],"type":"Polygon","properties":{"geoid":"3911512980","name":"Center"},"id":"3911512980"},{"arcs":[[319,320,321,322,323,324,325]],"type":"Polygon","properties":{"geoid":"3916743386","name":"Liberty"},"id":"3916743386"},{"arcs":[[326,327]],"type":"Polygon","properties":{"geoid":"3913375196","name":"Sugar Bush Knolls"},"id":"3913375196"},{"arcs":[[328,329,330,331,332]],"type":"Polygon","properties":{"geoid":"3905315462","name":"Clay"},"id":"3905315462"},{"arcs":[[333,334,335,336,-233]],"type":"Polygon","properties":{"geoid":"3903921420","name":"Delaware"},"id":"3903921420"},{"arcs":[[337,338,339,340]],"type":"Polygon","properties":{"geoid":"3913368392","name":"Rootstown"},"id":"3913368392"},{"arcs":[[341,342,343,344]],"type":"Polygon","properties":{"geoid":"3905513988","name":"Chester"},"id":"3905513988"},{"arcs":[[345,346,347,348,349,350]],"type":"Polygon","properties":{"geoid":"3902582110","name":"Wayne"},"id":"3902582110"},{"arcs":[[351,352,353,354,355]],"type":"Polygon","properties":{"geoid":"3911978498","name":"Union"},"id":"3911978498"},{"arcs":[[356,357,358,-67,359,360]],"type":"Polygon","properties":{"geoid":"3913104710","name":"Beaver"},"id":"3913104710"},{"arcs":[[361,362,363,364,365]],"type":"Polygon","properties":{"geoid":"3910516924","name":"Columbia"},"id":"3910516924"},{"arcs":[[366,367,368,369,370]],"type":"Polygon","properties":{"geoid":"3911705508","name":"Bennington"},"id":"3911705508"},{"arcs":[[371,372]],"type":"Polygon","properties":{"geoid":"3910936610","name":"Huber Heights"},"id":"3910936610"},{"arcs":[[375,-220,376,377,378]],"type":"Polygon","properties":{"geoid":"3915532046","name":"Greene"},"id":"3915532046"},{"arcs":[[379,380,-108]],"type":"Polygon","properties":{"geoid":"3908576834","name":"Timberlake"},"id":"3908576834"},{"arcs":[[381,382,383,384,385,386]],"type":"Polygon","properties":{"geoid":"3915715574","name":"Clay"},"id":"3915715574"},{"arcs":[[387,388,389,390]],"type":"Polygon","properties":{"geoid":"3911105606","name":"Benton"},"id":"3911105606"},{"arcs":[[391,392,393,394,395]],"type":"Polygon","properties":{"geoid":"3913951576","name":"Monroe"},"id":"3913951576"},{"arcs":[[396,397,398,399,400,401]],"type":"Polygon","properties":{"geoid":"3916316210","name":"Clinton"},"id":"3916316210"},{"arcs":[[402,403,404,405]],"type":"Polygon","properties":{"geoid":"3900758870","name":"Orwell"},"id":"3900758870"},{"arcs":[[406,407,408,409]],"type":"Polygon","properties":{"geoid":"3903976772","name":"Tiffin"},"id":"3903976772"},{"arcs":[[410,411,412,413,414]],"type":"Polygon","properties":{"geoid":"3911937926","name":"Jackson"},"id":"3911937926"},{"arcs":[[415,416,417,418]],"type":"Polygon","properties":{"geoid":"3911714030","name":"Chester"},"id":"3911714030"},{"arcs":[[419,420,421,422,423,424,-249]],"type":"Polygon","properties":{"geoid":"3912751520","name":"Monroe"},"id":"3912751520"},{"arcs":[[425,-40,426,427]],"type":"Polygon","properties":{"geoid":"3900742742","name":"Lenox"},"id":"3900742742"},{"arcs":[[428,429,430,431,432,433]],"type":"Polygon","properties":{"geoid":"3908721084","name":"Decatur"},"id":"3908721084"},{"arcs":[[434,435,436,437]],"type":"Polygon","properties":{"geoid":"3908748174","name":"Mason"},"id":"3908748174"},{"arcs":[[438,439]],"type":"Polygon","properties":{"geoid":"3917151772","name":"Montpelier"},"id":"3917151772"},{"arcs":[[440,441,442,443,444,445]],"type":"Polygon","properties":{"geoid":"3910909498","name":"Brown"},"id":"3910909498"},{"arcs":[[-445,446,447,448]],"type":"Polygon","properties":{"geoid":"3910944968","name":"Lostcreek"},"id":"3910944968"},{"arcs":[[449,450,451,452,453,454,455,456,457,458,459,460,461,462,463,464,465,466,467,468,469,470,471,472,473]],"type":"Polygon","properties":{"geoid":"3915301000","name":"Akron"},"id":"3915301000"},{"arcs":[[474,475,476,477,478,479]],"type":"Polygon","properties":{"geoid":"3915336651","name":"Hudson"},"id":"3915336651"},{"arcs":[[480]],"type":"Polygon","properties":{"geoid":"3915341454","name":"Lakemore"},"id":"3915341454"},{"arcs":[[481,482,483]],"type":"Polygon","properties":{"geoid":"3915356448","name":"Northfield"},"id":"3915356448"},{"arcs":[[484,485,486,487]],"type":"Polygon","properties":{"geoid":"3915508938","name":"Bristol"},"id":"3915508938"},{"arcs":[[-377,-219,488,489,490,491,492,493]],"type":"Polygon","properties":{"geoid":"3915539298","name":"Johnston"},"id":"3915539298"},{"arcs":[[494,495,496]],"type":"Polygon","properties":{"geoid":"3915558674","name":"Orangeville"},"id":"3915558674"},{"arcs":[[497,498]],"type":"Polygon","properties":{"geoid":"3911357764","name":"Oakwood"},"id":"3911357764"},{"arcs":[[499,500,501,502,503,504]],"type":"Polygon","properties":{"geoid":"3915709988","name":"Bucks"},"id":"3915709988"},{"arcs":[[505,506,507,508,509]],"type":"Polygon","properties":{"geoid":"3915759304","name":"Oxford"},"id":"3915759304"},{"arcs":[[510,511,512,513,514,515]],"type":"Polygon","properties":{"geoid":"3915943358","name":"Liberty"},"id":"3915943358"},{"arcs":[[516,517,518,519,520]],"type":"Polygon","properties":{"geoid":"3916135756","name":"Hoaglin"},"id":"3916135756"},{"arcs":[[521,-521,522,523]],"type":"Polygon","properties":{"geoid":"3916178596","name":"Union"},"id":"3916178596"},{"arcs":[[524,525,526,527,-2]],"type":"Polygon","properties":{"geoid":"3917334986","name":"Henry"},"id":"3917334986"},{"arcs":[[528,529,530,531,532]],"type":"Polygon","properties":{"geoid":"3911711248","name":"Canaan"},"id":"3911711248"},{"arcs":[[533,534,535,-367,536,537]],"type":"Polygon","properties":{"geoid":"3911743680","name":"Lincoln"},"id":"3911743680"},{"arcs":[[538,539,540,541,542]],"type":"Polygon","properties":{"geoid":"3911907398","name":"Blue Rock"},"id":"3911907398"},{"arcs":[[543,544,545,546,547,-274,548]],"type":"Polygon","properties":{"geoid":"3911936372","name":"Hopewell"},"id":"3911936372"},{"arcs":[[549,-355,550,-540,551]],"type":"Polygon","properties":{"geoid":"3911970170","name":"Salt Creek"},"id":"3911970170"},{"arcs":[[552,553,554,555,556,557,558]],"type":"Polygon","properties":{"geoid":"3904505956","name":"Berne"},"id":"3904505956"},{"arcs":[[559,560,561,562,563]],"type":"Polygon","properties":{"geoid":"3904515686","name":"Clearcreek"},"id":"3904515686"},{"arcs":[[564,565,566,567,568,569]],"type":"Polygon","properties":{"geoid":"3909759528","name":"Paint"},"id":"3909759528"},{"arcs":[[570,571,572,573,574,575]],"type":"Polygon","properties":{"geoid":"3912110142","name":"Buffalo"},"id":"3912110142"},{"arcs":[[576,577,578,579,580,581,-317]],"type":"Polygon","properties":{"geoid":"3912137940","name":"Jackson"},"id":"3912137940"},{"arcs":[[582,583,584,-577,-316,585]],"type":"Polygon","properties":{"geoid":"3912171826","name":"Sharon"},"id":"3912171826"},{"arcs":[[586,587,588,589,590]],"type":"Polygon","properties":{"geoid":"3906506866","name":"Blanchard"},"id":"3906506866"},{"arcs":[[591,592,-313,593,594,-589]],"type":"Polygon","properties":{"geoid":"3906537814","name":"Jackson"},"id":"3906537814"},{"arcs":[[595,596,597,598,599]],"type":"Polygon","properties":{"geoid":"3906547712","name":"Marion"},"id":"3906547712"},{"arcs":[[600,601,602,603,604,605,606]],"type":"Polygon","properties":{"geoid":"3909931038","name":"Goshen"},"id":"3909931038"},{"arcs":[[607,-15,608,-422,609,610]],"type":"Polygon","properties":{"geoid":"3912704584","name":"Bearfield"},"id":"3912704584"},{"arcs":[[611,-610,-421,612]],"type":"Polygon","properties":{"geoid":"3912763366","name":"Pleasant"},"id":"3912763366"},{"arcs":[[613,614,615,616]],"type":"Polygon","properties":{"geoid":"3906951408","name":"Monroe"},"id":"3906951408"},{"arcs":[[617,-533,618,619]],"type":"Polygon","properties":{"geoid":"3910115196","name":"Claridon"},"id":"3910115196"},{"arcs":[[620,621,622,623]],"type":"Polygon","properties":{"geoid":"3910131178","name":"Grand"},"id":"3910131178"},{"arcs":[[-619,624,625,626,627]],"type":"Polygon","properties":{"geoid":"3910166754","name":"Richland"},"id":"3910166754"},{"arcs":[[628,629,630,631,632]],"type":"Polygon","properties":{"geoid":"3913522106","name":"Dixon"},"id":"3913522106"},{"arcs":[[633,634,-629,635]],"type":"Polygon","properties":{"geoid":"3913538010","name":"Jackson"},"id":"3913538010"},{"arcs":[[-91,636,637,638]],"type":"Polygon","properties":{"geoid":"3913577994","name":"Twin"},"id":"3913577994"},{"arcs":[[639]],"type":"Polygon","properties":{"geoid":"3910314254","name":"Chippewa Lake"},"id":"3910314254"},{"arcs":[[640,641,642,643,-145]],"type":"Polygon","properties":{"geoid":"3910336078","name":"Homer"},"id":"3910336078"},{"arcs":[[644,645,646,647,648]],"type":"Polygon","properties":{"geoid":"3913758996","name":"Ottawa"},"id":"3913758996"},{"arcs":[[649,650,651,652,653]],"type":"Polygon","properties":{"geoid":"3913963814","name":"Plymouth"},"id":"3913963814"},{"arcs":[[654,-101,655,656,657]],"type":"Polygon","properties":{"geoid":"3907505830","name":"Berlin"},"id":"3907505830"},{"arcs":[[658,659,660,661,662]],"type":"Polygon","properties":{"geoid":"3907564584","name":"Prairie"},"id":"3907564584"},{"arcs":[[663,-27,664,665,666]],"type":"Polygon","properties":{"geoid":"3914134006","name":"Harrison"},"id":"3914134006"},{"arcs":[[667,668,669,670,671,672,673]],"type":"Polygon","properties":{"geoid":"3907937856","name":"Jackson"},"id":"3907937856"},{"arcs":[[674,-401,675,676]],"type":"Polygon","properties":{"geoid":"3907982712","name":"Wellston"},"id":"3907982712"},{"arcs":[[677,678,679,680,681]],"type":"Polygon","properties":{"geoid":"3910728350","name":"Franklin"},"id":"3910728350"},{"arcs":[[682,683,684,685,686]],"type":"Polygon","properties":{"geoid":"3910778442","name":"Union"},"id":"3910778442"},{"arcs":[[687,688]],"type":"Polygon","properties":{"geoid":"3914332256","name":"Green Springs"},"id":"3914332256"},{"arcs":[[-239,689,-84,690]],"type":"Polygon","properties":{"geoid":"3914346592","name":"Madison"},"id":"3914346592"},{"arcs":[[691,692,693,694,695,696,697]],"type":"Polygon","properties":{"geoid":"3914534020","name":"Harrison"},"id":"3914534020"},{"arcs":[[698,699,700,701,702]],"type":"Polygon","properties":{"geoid":"3908910366","name":"Burlington"},"id":"3908910366"},{"arcs":[[703,704,-544,705,706]],"type":"Polygon","properties":{"geoid":"3908936316","name":"Hopewell"},"id":"3908936316"},{"arcs":[[707,708,709,710]],"type":"Polygon","properties":{"geoid":"3908951450","name":"Monroe"},"id":"3908951450"},{"arcs":[[711,712,713,714,715,716,717,718,719,720,721,722,723,724,725]],"type":"Polygon","properties":{"geoid":"3908954040","name":"Newark"},"id":"3908954040"},{"arcs":[[-701,726,727,728,729,730]],"type":"Polygon","properties":{"geoid":"3908981410","name":"Washington"},"id":"3908981410"},{"arcs":[[731,732,733,734,735,736]],"type":"Polygon","properties":{"geoid":"3914700324","name":"Adams"},"id":"3914700324"},{"arcs":[[737,738,739,740]],"type":"Polygon","properties":{"geoid":"3914743316","name":"Liberty"},"id":"3914743316"},{"arcs":[[-736,741,742,743]],"type":"Polygon","properties":{"geoid":"3914771024","name":"Scipio"},"id":"3914771024"},{"arcs":[[744,745,746,-442,747]],"type":"Polygon","properties":{"geoid":"3914931850","name":"Green"},"id":"3914931850"},{"arcs":[[748,749,750,751]],"type":"Polygon","properties":{"geoid":"3900729624","name":"Geneva"},"id":"3900729624"},{"arcs":[[752,-37,-426,753]],"type":"Polygon","properties":{"geoid":"3900738514","name":"Jefferson"},"id":"3900738514"},{"arcs":[[754,755,756,757,758]],"type":"Polygon","properties":{"geoid":"3900777686","name":"Trumbull"},"id":"3900777686"},{"arcs":[[759,760,761,762]],"type":"Polygon","properties":{"geoid":"3901903030","name":"Augusta"},"id":"3901903030"},{"arcs":[[763,764,765,766,767,768,769]],"type":"Polygon","properties":{"geoid":"3901928126","name":"Fox"},"id":"3901928126"},{"arcs":[[770,771,772,773,774]],"type":"Polygon","properties":{"geoid":"3901958576","name":"Orange"},"id":"3901958576"},{"arcs":[[775,776,777,778,779]],"type":"Polygon","properties":{"geoid":"3901978260","name":"Union"},"id":"3901978260"},{"arcs":[[780,781,782,783,784,785]],"type":"Polygon","properties":{"geoid":"3909149378","name":"Miami"},"id":"3909149378"},{"arcs":[[786,-516,787,788,789,790]],"type":"Polygon","properties":{"geoid":"3909188042","name":"Zane"},"id":"3909188042"},{"arcs":[[791,792,793,794,795,796,797]],"type":"Polygon","properties":{"geoid":"3901327566","name":"Flushing"},"id":"3901327566"},{"arcs":[[798,799,800,801,802,-152]],"type":"Polygon","properties":{"geoid":"3901330968","name":"Goshen"},"id":"3901330968"},{"arcs":[[803,-797,804,-799,-151,805]],"type":"Polygon","properties":{"geoid":"3901340600","name":"Kirkwood"},"id":"3901340600"},{"arcs":[[806,807,808,809,-606,810,811,812]],"type":"Polygon","properties":{"geoid":"3902940824","name":"Knox"},"id":"3902940824"},{"arcs":[[813,814,815,816]],"type":"Polygon","properties":{"geoid":"3902982740","name":"Wellsville"},"id":"3902982740"},{"arcs":[[817,818]],"type":"Polygon","properties":{"geoid":"3905721000","name":"Dayton"},"id":"3905721000"},{"arcs":[[819,820,821,822,823,824]],"type":"Polygon","properties":{"geoid":"3904746396","name":"Madison"},"id":"3904746396"},{"arcs":[[-124,825,826,827,828,829]],"type":"Polygon","properties":{"geoid":"3905937786","name":"Jackson"},"id":"3905937786"},{"arcs":[[830,831,-149,-262,832,833,834]],"type":"Polygon","properties":{"geoid":"3905950568","name":"Millwood"},"id":"3905950568"},{"arcs":[[835,836,-806,-150,-832,837]],"type":"Polygon","properties":{"geoid":"3905959290","name":"Oxford"},"id":"3905959290"},{"arcs":[[838,839,840,841,-214]],"type":"Polygon","properties":{"geoid":"3905981256","name":"Washington"},"id":"3905981256"},{"arcs":[[842,843,844,845,846,847,-115,-76]],"type":"Polygon","properties":{"geoid":"3906323086","name":"Eagle"},"id":"3906323086"},{"arcs":[[-3,848,849,850]],"type":"Polygon","properties":{"geoid":"3906363268","name":"Pleasant"},"id":"3906363268"},{"arcs":[[851,852,853,854,-24]],"type":"Polygon","properties":{"geoid":"3907305578","name":"Benton"},"id":"3907305578"},{"arcs":[[855,-251,856,857,858]],"type":"Polygon","properties":{"geoid":"3907380780","name":"Ward"},"id":"3907380780"},{"arcs":[[859,860,-17,861,862]],"type":"Polygon","properties":{"geoid":"3907734258","name":"Hartland"},"id":"3907734258"},{"arcs":[[-234,863,864,865]],"type":"Polygon","properties":{"geoid":"3912519176","name":"Crane"},"id":"3912519176"},{"arcs":[[866,867,868,-517,869]],"type":"Polygon","properties":{"geoid":"3912542000","name":"Latty"},"id":"3912542000"},{"arcs":[[870,-586,-315,-244]],"type":"Polygon","properties":{"geoid":"3911547040","name":"Manchester"},"id":"3911547040"},{"arcs":[[871,872,873,874,875,-423]],"type":"Polygon","properties":{"geoid":"3911578484","name":"Union"},"id":"3911578484"},{"arcs":[[876,877,878,879,880,881]],"type":"Polygon","properties":{"geoid":"3912920156","name":"Darby"},"id":"3912920156"},{"arcs":[[-563,882,883,884]],"type":"Polygon","properties":{"geoid":"3912970184","name":"Saltcreek"},"id":"3912970184"},{"arcs":[[885,886,887,888,889]],"type":"Polygon","properties":{"geoid":"3913162022","name":"Perry"},"id":"3913162022"},{"arcs":[[890,891,892,893,894]],"type":"Polygon","properties":{"geoid":"3913302862","name":"Atwater"},"id":"3913302862"},{"arcs":[[895]],"type":"Polygon","properties":{"geoid":"3913335658","name":"Hiram"},"id":"3913335658"},{"arcs":[[[896,897,898]],[[899,900]]],"type":"MultiPolygon","properties":{"geoid":"3905740040","name":"Kettering"},"id":"3905740040"},{"arcs":[[901,902,903]],"type":"Polygon","properties":{"geoid":"3904947474","name":"Marble Cliff"},"id":"3904947474"},{"arcs":[[904]],"type":"Polygon","properties":{"geoid":"3904984742","name":"Whitehall"},"id":"3904984742"},{"arcs":[[905,906,907,908,909,910]],"type":"Polygon","properties":{"geoid":"3907757358","name":"Norwich"},"id":"3907757358"},{"arcs":[[911,912,-906,913,914]],"type":"Polygon","properties":{"geoid":"3907772193","name":"Sherman"},"id":"3907772193"},{"arcs":[[915,-83,916,917]],"type":"Polygon","properties":{"geoid":"3901759241","name":"Oxford"},"id":"3901759241"},{"arcs":[[918,919,920,921,922,923,924]],"type":"Polygon","properties":{"geoid":"3902713974","name":"Chester"},"id":"3902713974"},{"arcs":[[925,926,927,928,929]],"type":"Polygon","properties":{"geoid":"3902738542","name":"Jefferson"},"id":"3902738542"},{"arcs":[[930,931,932,-54]],"type":"Polygon","properties":{"geoid":"3903106152","name":"Bethlehem"},"id":"3903106152"},{"arcs":[[933,934,935,936,937,938,939]],"type":"Polygon","properties":{"geoid":"3903143960","name":"Linton"},"id":"3903143960"},{"arcs":[[940,941,942,943,-413]],"type":"Polygon","properties":{"geoid":"3903181172","name":"Washington"},"id":"3903181172"},{"arcs":[[944,945,946,-166]],"type":"Polygon","properties":{"geoid":"3906102428","name":"Arlington Heights"},"id":"3906102428"},{"arcs":[[947,948,949]],"type":"Polygon","properties":{"geoid":"3906121266","name":"Deer Park"},"id":"3906121266"},{"arcs":[[950,951,952]],"type":"Polygon","properties":{"geoid":"3906150176","name":"Milford"},"id":"3906150176"},{"arcs":[[953,-949,954,955,956,957,-173]],"type":"Polygon","properties":{"geoid":"3906172522","name":"Silverton"},"id":"3906172522"},{"arcs":[[958,959,960,961,962]],"type":"Polygon","properties":{"geoid":"3902363226","name":"Pleasant"},"id":"3902363226"},{"arcs":[[963,964,965,966,967,968,969,970,971,972,973,974,975],[978]],"type":"Polygon","properties":{"geoid":"3902374118","name":"Springfield"},"id":"3902374118"},{"arcs":[[979,980,981,982]],"type":"Polygon","properties":{"geoid":"3903504416","name":"Bay Village"},"id":"3903504416"},{"arcs":[[-72,983,984,985,986,987,988,989,990]],"type":"Polygon","properties":{"geoid":"3903504500","name":"Beachwood"},"id":"3903504500"},{"arcs":[[991,992,993,994,995,996,997,998,999,1000,1001,1002,1003,1004,1005,1006,1007,1008,1009,1010,1011,1012,1013,1014]],"type":"Polygon","properties":{"geoid":"3903516000","name":"Cleveland"},"id":"3903516000"},{"arcs":[[1015,-990,1016]],"type":"Polygon","properties":{"geoid":"3903535255","name":"Highland Hills"},"id":"3903535255"},{"arcs":[[-1004,1017,1018,1019,1020,1021]],"type":"Polygon","properties":{"geoid":"3903547306","name":"Maple Heights"},"id":"3903547306"},{"arcs":[[1022,1023,1024,1025,1026,1027,-986]],"type":"Polygon","properties":{"geoid":"3903561686","name":"Pepper Pike"},"id":"3903561686"},{"arcs":[[1028,1029,1030,1031,1032,1033,1034,1035]],"type":"Polygon","properties":{"geoid":"3904105788","name":"Berlin"},"id":"3904105788"},{"arcs":[[1036,1037,1038,1039,1040,1041,1042,1043]],"type":"Polygon","properties":{"geoid":"3904181242","name":"Washington"},"id":"3904181242"},{"arcs":[[1044,1045,1046,1047,1048]],"type":"Polygon","properties":{"geoid":"3904147908","name":"Marlboro"},"id":"3904147908"},{"arcs":[[1049,1050,1051,1052]],"type":"Polygon","properties":{"geoid":"3905502904","name":"Auburn"},"id":"3905502904"},{"arcs":[[1053,1054,1055,1056,1057]],"type":"Polygon","properties":{"geoid":"3905515168","name":"Claridon"},"id":"3905515168"},{"arcs":[[1058,1059,1060,-1050,1061]],"type":"Polygon","properties":{"geoid":"3905554292","name":"Newbury"},"id":"3905554292"},{"arcs":[[1062,-759,1063,1064]],"type":"Polygon","properties":{"geoid":"3905576628","name":"Thompson"},"id":"3905576628"},{"arcs":[[1065,1066,1067,1068,-327,1069,-477]],"type":"Polygon","properties":{"geoid":"3913375014","name":"Streetsboro"},"id":"3913375014"},{"arcs":[[1070,1071,1072,1073,1074,1075]],"type":"Polygon","properties":{"geoid":"3901510758","name":"Byrd"},"id":"3901510758"},{"arcs":[[1076,1077,1078,1079,1080,1081]],"type":"Polygon","properties":{"geoid":"3901515224","name":"Clark"},"id":"3901515224"},{"arcs":[[-349,1082,-930,1083,1084,1085,1086,1087]],"type":"Polygon","properties":{"geoid":"3901561770","name":"Perry"},"id":"3901561770"},{"arcs":[[1088,1089,1090,1091,1092,1093,1094,1095,1096,1097,1098,1099,1100,1101,1102,1103,1104,1105,1106,1107,1108,1109,1110]],"type":"Polygon","properties":{"geoid":"3915112000","name":"Canton"},"id":"3915112000"},{"arcs":[[1111,1112,1113,1114,1115]],"type":"Polygon","properties":{"geoid":"3915162694","name":"Pike"},"id":"3915162694"},{"arcs":[[1116,1117,1118,1119,1120,1121]],"type":"Polygon","properties":{"geoid":"3908333880","name":"Harrison"},"id":"3908333880"},{"arcs":[[1122,1123,1124,1125]],"type":"Polygon","properties":{"geoid":"3908350204","name":"Milford"},"id":"3908350204"},{"arcs":[[1126,1127,1128,1129,1130,1131,1132,1133]],"type":"Polygon","properties":{"geoid":"3917113008","name":"Center"},"id":"3917113008"},{"arcs":[[-113,1134,1135,-407,1136,1137]],"type":"Polygon","properties":{"geoid":"3917174131","name":"Springfield"},"id":"3917174131"},{"arcs":[[1138,1139,1140,1141,1142]],"type":"Polygon","properties":{"geoid":"3907115476","name":"Clay"},"id":"3907115476"},{"arcs":[[1143,1144,1145,1146,1147,1148,1149]],"type":"Polygon","properties":{"geoid":"3903701294","name":"Allen"},"id":"3903701294"},{"arcs":[[1150,1151,1152,1153]],"type":"Polygon","properties":{"geoid":"3900337646","name":"Jackson"},"id":"3900337646"},{"arcs":[[1154,-78,1155,-1151,1156,1157]],"type":"Polygon","properties":{"geoid":"3900366614","name":"Richland"},"id":"3900366614"},{"arcs":[[1158,-200,1159,1160,-394]],"type":"Polygon","properties":{"geoid":"3900531682","name":"Green"},"id":"3900531682"},{"arcs":[[1161,-148,1162,1163]],"type":"Polygon","properties":{"geoid":"3900577532","name":"Troy"},"id":"3900577532"},{"arcs":[[1164,-1150,1165,1166]],"type":"Polygon","properties":{"geoid":"3903750960","name":"Mississinawa"},"id":"3903750960"},{"arcs":[[1167,1168,-62,1169]],"type":"Polygon","properties":{"geoid":"3903781186","name":"Washington"},"id":"3903781186"},{"arcs":[[1170,1171,1172,1173,1174,1175]],"type":"Polygon","properties":{"geoid":"3906728308","name":"Franklin"},"id":"3906728308"},{"arcs":[[1176,1177,1178,1179,1180]],"type":"Polygon","properties":{"geoid":"3906768994","name":"Rumley"},"id":"3906768994"},{"arcs":[[1181,-1176,1182,1183,1184,1185]],"type":"Polygon","properties":{"geoid":"3906781312","name":"Washington"},"id":"3906781312"},{"arcs":[[1186,1187,-983,1188,1189]],"type":"Polygon","properties":{"geoid":"3909303464","name":"Avon Lake"},"id":"3909303464"},{"arcs":[[1190,1191,1192,-48,1193]],"type":"Polygon","properties":{"geoid":"3909341244","name":"LaGrange"},"id":"3909341244"},{"arcs":[[1194,1195,-1162,1196]],"type":"Polygon","properties":{"geoid":"3909367776","name":"Rochester"},"id":"3909367776"},{"arcs":[[1197,1198,1199,1200,1201]],"type":"Polygon","properties":{"geoid":"3916309526","name":"Brown"},"id":"3916309526"},{"arcs":[[-25,-855,1202,1203,1204,1205]],"type":"Polygon","properties":{"geoid":"3916338136","name":"Jackson"},"id":"3916338136"},{"arcs":[[-854,1206,-1202,1207,-1203]],"type":"Polygon","properties":{"geoid":"3916375854","name":"Swan"},"id":"3916375854"},{"arcs":[[1208,1209,1210,1211]],"type":"Polygon","properties":{"geoid":"3916545108","name":"Loveland"},"id":"3916545108"},{"arcs":[[1212,1213,1214,1215,1216,1217,1218]],"type":"Polygon","properties":{"geoid":"3915175208","name":"Sugar Creek"},"id":"3915175208"},{"arcs":[[1219,1220,1221,1222]],"type":"Polygon","properties":{"geoid":"3916914044","name":"Chester"},"id":"3916914044"},{"arcs":[[1223,1224]],"type":"Polygon","properties":{"geoid":"3916957260","name":"Norton"},"id":"3916957260"},{"arcs":[[1225,-1219,1226,1227,1228]],"type":"Polygon","properties":{"geoid":"3916959556","name":"Paint"},"id":"3916959556"},{"arcs":[[1229,1230,1231,1232,1233]],"type":"Polygon","properties":{"geoid":"3900128196","name":"Franklin"},"id":"3900128196"},{"arcs":[[1234,1235,1236,1237,-310]],"type":"Polygon","properties":{"geoid":"3917550106","name":"Mifflin"},"id":"3917550106"},{"arcs":[[1238,1239,1240,1241,-290]],"type":"Polygon","properties":{"geoid":"3901115448","name":"Clay"},"id":"3901115448"},{"arcs":[[-680,1242,1243,1244,1245,1246]],"type":"Polygon","properties":{"geoid":"3901129848","name":"German"},"id":"3901129848"},{"arcs":[[1247,1248,1249,1250,-960,1251]],"type":"Polygon","properties":{"geoid":"3902130982","name":"Goshen"},"id":"3902130982"},{"arcs":[[-789,1252,1253,-1248,1254]],"type":"Polygon","properties":{"geoid":"3902169078","name":"Rush"},"id":"3902169078"},{"arcs":[[1255,1256,1257,1258,1259,1260]],"type":"Polygon","properties":{"geoid":"3903319134","name":"Cranberry"},"id":"3903319134"},{"arcs":[[1261,-1260,1262,1263,1264,1265,1266,1267]],"type":"Polygon","properties":{"geoid":"3903343078","name":"Liberty"},"id":"3903343078"},{"arcs":[[-1263,-1259,1268,1269,1270]],"type":"Polygon","properties":{"geoid":"3903370366","name":"Sandusky"},"id":"3903370366"},{"arcs":[[1273,1274,1275,1276,1277,1278,-205,-278,1279,1280,1281,1282],[1283]],"type":"Polygon","properties":{"geoid":"3917362162","name":"Perrysburg"},"id":"3917362162"},{"arcs":[[1284,1285,1286,1287,1288,1289,1290,1291,1292]],"type":"Polygon","properties":{"geoid":"3908925690","name":"Etna"},"id":"3908925690"},{"arcs":[[1293,-188]],"type":"Polygon","properties":{"geoid":"3906169470","name":"St. Bernard"},"id":"3906169470"},{"arcs":[[1294,1295,1296,-583,-871,-243]],"type":"Polygon","properties":{"geoid":"3912109162","name":"Brookfield"},"id":"3912109162"},{"arcs":[[1297,1298,1299,1300]],"type":"Polygon","properties":{"geoid":"3917575987","name":"Sycamore"},"id":"3917575987"},{"arcs":[[1301,1302,-1118,1303]],"type":"Polygon","properties":{"geoid":"3908316686","name":"College"},"id":"3908316686"},{"arcs":[[1304,1305,1306,1307,1308,1309]],"type":"Polygon","properties":{"geoid":"3906731766","name":"Green"},"id":"3906731766"},{"arcs":[[1310,1311,1312]],"type":"Polygon","properties":{"geoid":"3908549098","name":"Mentor-on-the-Lake"},"id":"3908549098"},{"arcs":[[1313,-620,1314,1315,1316]],"type":"Polygon","properties":{"geoid":"3910147768","name":"Marion"},"id":"3910147768"},{"arcs":[[1317,1318,1319,1320,1321]],"type":"Polygon","properties":{"geoid":"3902362610","name":"Pike"},"id":"3902362610"},{"arcs":[[-30,1322,1323,1324,1325,1326]],"type":"Polygon","properties":{"geoid":"3912305620","name":"Benton"},"id":"3912305620"},{"arcs":[[1327,-1185,1328,-792,1329,-840]],"type":"Polygon","properties":{"geoid":"3906728812","name":"Freeport"},"id":"3906728812"},{"arcs":[[1330,1331,1332,1333,1334,1335]],"type":"Polygon","properties":{"geoid":"3908742154","name":"Lawrence"},"id":"3908742154"},{"arcs":[[-850,1336,-75,1337]],"type":"Polygon","properties":{"geoid":"3906306838","name":"Blanchard"},"id":"3906306838"},{"arcs":[[1338,1339,1340,1341,-388,1342]],"type":"Polygon","properties":{"geoid":"3911161952","name":"Perry"},"id":"3911161952"},{"arcs":[[1343,1344,-352,1345]],"type":"Polygon","properties":{"geoid":"3911935238","name":"Highland"},"id":"3911935238"},{"arcs":[[1346,1347,1348,1349]],"type":"Polygon","properties":{"geoid":"3902978890","name":"Unity"},"id":"3902978890"},{"arcs":[[-1133,1350,-232,1351]],"type":"Polygon","properties":{"geoid":"3903926614","name":"Farmer"},"id":"3903926614"},{"arcs":[[1352,1353,1354,1355,1356,1357]],"type":"Polygon","properties":{"geoid":"3900977546","name":"Troy"},"id":"3900977546"},{"arcs":[[1358,1359,1360,1361]],"type":"Polygon","properties":{"geoid":"3912737968","name":"Jackson"},"id":"3912737968"},{"arcs":[[1362,1363,1364,1365,1366,1367,1368]],"type":"Polygon","properties":{"geoid":"3901733012","name":"Hamilton"},"id":"3901733012"},{"arcs":[[1369,1370,-34,1371]],"type":"Polygon","properties":{"geoid":"3900772053","name":"Sheffield"},"id":"3900772053"},{"arcs":[[1372,1373,1374,1375,1376,-1140]],"type":"Polygon","properties":{"geoid":"3907132970","name":"Hamer"},"id":"3907132970"},{"arcs":[[-812,1377,1378,-760,1379]],"type":"Polygon","properties":{"geoid":"3902982852","name":"West"},"id":"3902982852"},{"arcs":[[1380,1381,1382,-197,1383]],"type":"Polygon","properties":{"geoid":"3900551086","name":"Mohican"},"id":"3900551086"},{"arcs":[[1384,1385,1386,1387]],"type":"Polygon","properties":{"geoid":"3911157988","name":"Ohio"},"id":"3911157988"},{"arcs":[[-324,1388,1389,1390,1391,1392]],"type":"Polygon","properties":{"geoid":"3916737268","name":"Independence"},"id":"3916737268"},{"arcs":[[1393,1394,-282,1395]],"type":"Polygon","properties":{"geoid":"3910706586","name":"Black Creek"},"id":"3910706586"},{"arcs":[[1398,1399,1400,1401,1402,1403,1404]],"type":"Polygon","properties":{"geoid":"3910387052","name":"York"},"id":"3910387052"},{"arcs":[[1405,1406,1407,1408,1409]],"type":"Polygon","properties":{"geoid":"3913359668","name":"Palmyra"},"id":"3913359668"},{"arcs":[[1410,-265,1411,1412,1413,1414]],"type":"Polygon","properties":{"geoid":"3911171349","name":"Seneca"},"id":"3911171349"},{"arcs":[[1415,1416,1417,1418]],"type":"Polygon","properties":{"geoid":"3916143372","name":"Liberty"},"id":"3916143372"},{"arcs":[[1419,1420,1421]],"type":"Polygon","properties":{"geoid":"3917328014","name":"Fostoria"},"id":"3917328014"},{"arcs":[[-245,-314,1422,1423]],"type":"Polygon","properties":{"geoid":"3911548930","name":"Meigsville"},"id":"3911548930"},{"arcs":[[[1424,-1288,1425]],[[1426,1427,1428,-1286,1429]]],"type":"MultiPolygon","properties":{"geoid":"3908966396","name":"Reynoldsburg City"},"id":"3908966396"},{"arcs":[[1430,1431,1432,-408]],"type":"Polygon","properties":{"geoid":"3903900268","name":"Adams"},"id":"3903900268"},{"arcs":[[1433,1434,1435,1436,1437,-336]],"type":"Polygon","properties":{"geoid":"3903921322","name":"Defiance"},"id":"3903921322"},{"arcs":[[1438,1439,1440,1441]],"type":"Polygon","properties":{"geoid":"3905122442","name":"Dover"},"id":"3905122442"},{"arcs":[[1442,-1442,1443,1444,-111,1445]],"type":"Polygon","properties":{"geoid":"3905128294","name":"Franklin"},"id":"3905128294"},{"arcs":[[1446,1447,1448,1449]],"type":"Polygon","properties":{"geoid":"3916134034","name":"Harrison"},"id":"3916134034"},{"arcs":[[1450,-260,1451,1452,-1240]],"type":"Polygon","properties":{"geoid":"3901130954","name":"Goshen"},"id":"3901130954"},{"arcs":[[1453,-617,1454,1455]],"type":"Polygon","properties":{"geoid":"3906927342","name":"Flatrock"},"id":"3906927342"},{"arcs":[[-625,-532,1456,-534,1457]],"type":"Polygon","properties":{"geoid":"3911712098","name":"Cardington"},"id":"3911712098"},{"arcs":[[-616,-128,1458,1459]],"type":"Polygon","properties":{"geoid":"3906947726","name":"Marion"},"id":"3906947726"},{"arcs":[[1460,1461,1462,1463,1464,1465,1466,1467]],"type":"Polygon","properties":{"geoid":"3908353102","name":"Mount Vernon"},"id":"3908353102"},{"arcs":[[-1204,-1208,1468,-398,1469]],"type":"Polygon","properties":{"geoid":"3916324892","name":"Elk"},"id":"3916324892"},{"arcs":[[1470,1471,1472,-64]],"type":"Polygon","properties":{"geoid":"3903753732","name":"Neave"},"id":"3903753732"},{"arcs":[[1473,1474]],"type":"Polygon","properties":{"geoid":"3909533376","name":"Harbor View"},"id":"3909533376"},{"arcs":[[[1475,1476,1477]],[[1480,1481]],[[1486,1487,1488,1489,1490,1491,1492,1493,1494]]],"type":"MultiPolygon","properties":{"geoid":"3904946410","name":"Madison"},"id":"3904946410"},{"arcs":[[1495,1496,1497,1498]],"type":"Polygon","properties":{"geoid":"3912125438","name":"Enoch"},"id":"3912125438"},{"arcs":[[1499,1500,1501,1502,1503,1504,1505,1506,1507,1508,1509]],"type":"Polygon","properties":{"geoid":"3915755216","name":"New Philadelphia"},"id":"3915755216"},{"arcs":[[1510,1511,1512,1513,-684,1514]],"type":"Polygon","properties":{"geoid":"3916138990","name":"Jennings"},"id":"3916138990"},{"arcs":[[1515,1516,1517,1518,1519]],"type":"Polygon","properties":{"geoid":"3903535252","name":"Highland Heights"},"id":"3903535252"},{"arcs":[[-256,1520,1521,-1454,-1432]],"type":"Polygon","properties":{"geoid":"3906953564","name":"Napoleon"},"id":"3906953564"},{"arcs":[[1522,-870,-522,1523]],"type":"Polygon","properties":{"geoid":"3912507370","name":"Blue Creek"},"id":"3912507370"},{"arcs":[[1524,1525,-529,1526]],"type":"Polygon","properties":{"geoid":"3910177742","name":"Tully"},"id":"3910177742"},{"arcs":[[1527,1528,-345,1529,1530]],"type":"Polygon","properties":{"geoid":"3903529498","name":"Gates Mills"},"id":"3903529498"},{"arcs":[[1531,1532,1533,1534]],"type":"Polygon","properties":{"geoid":"3900902750","name":"Athens"},"id":"3900902750"},{"arcs":[[1535,1536,1537,1538]],"type":"Polygon","properties":{"geoid":"3900905942","name":"Bern"},"id":"3900905942"},{"arcs":[[1539,1540,1541,1542]],"type":"Polygon","properties":{"geoid":"3900944590","name":"Lodi"},"id":"3900944590"},{"arcs":[[-858,1543,1544,1545]],"type":"Polygon","properties":{"geoid":"3900986982","name":"York"},"id":"3900986982"},{"arcs":[[1546,1547,1548,1549,1550]],"type":"Polygon","properties":{"geoid":"3905313946","name":"Cheshire"},"id":"3905313946"},{"arcs":[[-436,1551,1552,1553,1554,1555]],"type":"Polygon","properties":{"geoid":"3905332760","name":"Guyan"},"id":"3905332760"},{"arcs":[[1556,1557,1558,1559,1560]],"type":"Polygon","properties":{"geoid":"3908169876","name":"Salem"},"id":"3908169876"},{"arcs":[[-1308,1561,1562,1563,1564,1565]],"type":"Polygon","properties":{"geoid":"3908172767","name":"Smithfield"},"id":"3908172767"},{"arcs":[[1566,-95,1567,1568,1569,1570]],"type":"Polygon","properties":{"geoid":"3910514016","name":"Chester"},"id":"3910514016"},{"arcs":[[1571,-365,1572,1573,1574]],"type":"Polygon","properties":{"geoid":"3910569904","name":"Salem"},"id":"3910569904"},{"arcs":[[-1085,1575,-1373,-1139,1576]],"type":"Polygon","properties":{"geoid":"3907169862","name":"Salem"},"id":"3907169862"},{"arcs":[[1577,1578,1579,-1362,1580,-556]],"type":"Polygon","properties":{"geoid":"3904569120","name":"Rush Creek"},"id":"3904569120"},{"arcs":[[-340,-895,1581,1582,1583]],"type":"Polygon","properties":{"geoid":"3913365452","name":"Randolph"},"id":"3913365452"},{"arcs":[[-842,1584,-836,1585,1586]],"type":"Polygon","properties":{"geoid":"3905946424","name":"Madison"},"id":"3905946424"},{"arcs":[[1587,1588,1589,1590,1591,1592]],"type":"Polygon","properties":{"geoid":"3906301644","name":"Amanda"},"id":"3906301644"},{"arcs":[[1593,-558,1594,1595,1596,1597]],"type":"Polygon","properties":{"geoid":"3907330842","name":"Good Hope"},"id":"3907330842"},{"arcs":[[1598,1599,1600,-880]],"type":"Polygon","properties":{"geoid":"3912953256","name":"Muhlenberg"},"id":"3912953256"},{"arcs":[[1601,1602,1603,1604,1605,1606]],"type":"Polygon","properties":{"geoid":"3913161392","name":"Pebble"},"id":"3913161392"},{"arcs":[[1607,-129,1608,1609]],"type":"Polygon","properties":{"geoid":"3913329442","name":"Garrettsville"},"id":"3913329442"},{"arcs":[[1610,1611,1612,1613]],"type":"Polygon","properties":{"geoid":"3903728266","name":"Franklin"},"id":"3903728266"},{"arcs":[[-146,-644,1614,1615,1616,1617]],"type":"Polygon","properties":{"geoid":"3900537660","name":"Jackson"},"id":"3900537660"},{"arcs":[[1618,1619,1620,1621,-928]],"type":"Polygon","properties":{"geoid":"3902715238","name":"Clark"},"id":"3902715238"},{"arcs":[[-922,1622,1623,1624,1625]],"type":"Polygon","properties":{"geoid":"3902743064","name":"Liberty"},"id":"3902743064"},{"arcs":[[1626,1627,-510,1628,-936,1629]],"type":"Polygon","properties":{"geoid":"3903159248","name":"Oxford"},"id":"3903159248"},{"arcs":[[1630,1631,1632,1633]],"type":"Polygon","properties":{"geoid":"3906143722","name":"Lincoln Heights"},"id":"3906143722"},{"arcs":[[1634,1635]],"type":"Polygon","properties":{"geoid":"3906152752","name":"Mount Healthy"},"id":"3906152752"},{"arcs":[[-1189,1636,1637,1638]],"type":"Polygon","properties":{"geoid":"3909303352","name":"Avon"},"id":"3909303352"},{"arcs":[[1639,-1187,1640,1641]],"type":"Polygon","properties":{"geoid":"3909372088","name":"Sheffield Lake"},"id":"3909372088"},{"arcs":[[1642,-1519,1643,-1023,-985,1644]],"type":"Polygon","properties":{"geoid":"3903545556","name":"Lyndhurst"},"id":"3903545556"},{"arcs":[[-988,1645,-1027,1646,1647,1648,1649]],"type":"Polygon","properties":{"geoid":"3903558604","name":"Orange"},"id":"3903558604"},{"arcs":[[-1222,1650,1651,-1382]],"type":"Polygon","properties":{"geoid":"3916962995","name":"Plain"},"id":"3916962995"},{"arcs":[[1652,1653,1654,1655,1656,1657,-1072]],"type":"Polygon","properties":{"geoid":"3900182012","name":"Wayne"},"id":"3900182012"},{"arcs":[[1658,1659,1660,1661,1662,1663]],"type":"Polygon","properties":{"geoid":"3905513561","name":"Chardon"},"id":"3905513561"},{"arcs":[[-1064,1664,1665,1666,1667]],"type":"Polygon","properties":{"geoid":"3905551842","name":"Montville"},"id":"3905551842"},{"arcs":[[1668,1669,1670,1671,1672]],"type":"Polygon","properties":{"geoid":"3902118126","name":"Concord"},"id":"3902118126"},{"arcs":[[1673,1674,-1261,-1262,1675,1676]],"type":"Polygon","properties":{"geoid":"3903313708","name":"Chatfield"},"id":"3903313708"},{"arcs":[[-270,1677,1678,1679,1680,1681]],"type":"Polygon","properties":{"geoid":"3903319932","name":"Dallas"},"id":"3903319932"},{"arcs":[[1682,1683,1684,1685,1686]],"type":"Polygon","properties":{"geoid":"3911100296","name":"Adams"},"id":"3911100296"},{"arcs":[[-325,-1393,1687,1688]],"type":"Polygon","properties":{"geoid":"3916742196","name":"Lawrence"},"id":"3916742196"},{"arcs":[[-444,1689,1690,-1319,-447]],"type":"Polygon","properties":{"geoid":"3902137702","name":"Jackson"},"id":"3902137702"},{"arcs":[[1691,1692,-1076,1693,1694]],"type":"Polygon","properties":{"geoid":"3901538528","name":"Jefferson"},"id":"3901538528"},{"arcs":[[1695,1696,1697,1698,-1078,1699]],"type":"Polygon","properties":{"geoid":"3901562596","name":"Pike"},"id":"3901562596"},{"arcs":[[-1582,-894,1700,1701,1702,1703]],"type":"Polygon","properties":{"geoid":"3915147936","name":"Marlboro"},"id":"3915147936"},{"arcs":[[[-1104,1705,-1106,1706]],[[1707,1708,1709,-1098]],[[-1094,1710,1711]]],"type":"MultiPolygon","properties":{"geoid":"3915162988","name":"Plain"},"id":"3915162988"},{"arcs":[[1712,1713,1714,1715,-1436]],"type":"Polygon","properties":{"geoid":"3903935196","name":"Highland"},"id":"3903935196"},{"arcs":[[1716,-1137,-410,-334,-1351]],"type":"Polygon","properties":{"geoid":"3903981200","name":"Washington"},"id":"3903981200"},{"arcs":[[-1445,1717,1718,-1135,-112]],"type":"Polygon","properties":{"geoid":"3905129876","name":"German"},"id":"3905129876"},{"arcs":[[1719,1720,1721,1722]],"type":"Polygon","properties":{"geoid":"3909566516","name":"Richfield"},"id":"3909566516"},{"arcs":[[1723,-1353,-93,-1541]],"type":"Polygon","properties":{"geoid":"3900912336","name":"Carthage"},"id":"3900912336"},{"arcs":[[-767,1724,1725,1726,1727,1728]],"type":"Polygon","properties":{"geoid":"3908109750","name":"Brush Creek"},"id":"3908109750"},{"arcs":[[-1565,1729,1730,1731,1732]],"type":"Polygon","properties":{"geoid":"3908152990","name":"Mount Pleasant"},"id":"3908152990"},{"arcs":[[-94,-1358,1733,1734,-1568]],"type":"Polygon","properties":{"geoid":"3910558282","name":"Olive"},"id":"3910558282"},{"arcs":[[1735,1736,1737,1738,1739,1740,1741]],"type":"Polygon","properties":{"geoid":"3909904668","name":"Beaver"},"id":"3909904668"},{"arcs":[[1742,1743,1744,1745,1746,-1244,1747]],"type":"Polygon","properties":{"geoid":"3914979464","name":"Van Buren"},"id":"3914979464"},{"arcs":[[1748,1749,1750,1751,-511,-787]],"type":"Polygon","properties":{"geoid":"3909161938","name":"Perry"},"id":"3909161938"},{"arcs":[[1752,-1476,1753]],"type":"Polygon","properties":{"geoid":"3904518000","name":"Columbus"},"id":"3904518000"},{"arcs":[[1754,1755,-860,1756]],"type":"Polygon","properties":{"geoid":"3907777158","name":"Townsend"},"id":"3907777158"},{"arcs":[[1757,1758,1759,1760]],"type":"Polygon","properties":{"geoid":"3900702064","name":"Andover"},"id":"3900702064"},{"arcs":[[1761,1762,1763,-376,-404]],"type":"Polygon","properties":{"geoid":"3900716560","name":"Colebrook"},"id":"3900716560"},{"arcs":[[1764,-1666,1765,-406,1766,1767]],"type":"Polygon","properties":{"geoid":"3900785988","name":"Windsor"},"id":"3900785988"},{"arcs":[[-779,1768,1769,-1177,1770,-773]],"type":"Polygon","properties":{"geoid":"3901961784","name":"Perry"},"id":"3901961784"},{"arcs":[[1771,1772,1773,1774,1775]],"type":"Polygon","properties":{"geoid":"3910954138","name":"Newberry"},"id":"3910954138"},{"arcs":[[-405,-379,-485,1776]],"type":"Polygon","properties":{"geoid":"3915507160","name":"Bloomfield"},"id":"3915507160"},{"arcs":[[-1767,-1777,1777,1778]],"type":"Polygon","properties":{"geoid":"3915549210","name":"Mesopotamia"},"id":"3915549210"},{"arcs":[[1779,1780,-495,1781,-489]],"type":"Polygon","properties":{"geoid":"3915579856","name":"Vernon"},"id":"3915579856"},{"arcs":[[1782]],"type":"Polygon","properties":{"geoid":"3910330660","name":"Gloria Glens Park"},"id":"3910330660"},{"arcs":[[[1783,1784,1785,1786,1787,1788,1789,1790]],[[1791,1792,1793,1794,1795,1796,1797,1798,1799,1800,1801,1802,1803,1804,1805,1806,-819,1807,1808,1809,-498,1810,1811,1812,1813,1814,1815,1816,1817]]],"type":"MultiPolygon","properties":{"geoid":"3911321000","name":"Dayton"},"id":"3911321000"},{"arcs":[[1818,1819]],"type":"Polygon","properties":{"geoid":"3911382222","name":"Wayne"},"id":"3911382222"},{"arcs":[[1820,-385,1821,-212,1822,-508]],"type":"Polygon","properties":{"geoid":"3915781648","name":"Washington"},"id":"3915781648"},{"arcs":[[1823,1824,-231,1825,1826]],"type":"Polygon","properties":{"geoid":"3915981662","name":"Washington"},"id":"3915981662"},{"arcs":[[-523,1827,-1416,-1448]],"type":"Polygon","properties":{"geoid":"3916163408","name":"Pleasant"},"id":"3916163408"},{"arcs":[[1828,1829,1830,1831]],"type":"Polygon","properties":{"geoid":"3913938038","name":"Jackson"},"id":"3913938038"},{"arcs":[[1832,-657,1833,1834,1835,1836]],"type":"Polygon","properties":{"geoid":"3907548692","name":"Mechanic"},"id":"3907548692"},{"arcs":[[-884,1837,-22,-664,1838]],"type":"Polygon","properties":{"geoid":"3914116630","name":"Colerain"},"id":"3914116630"},{"arcs":[[1839,-666,1840,1841,1842,1843,1844]],"type":"Polygon","properties":{"geoid":"3914143302","name":"Liberty"},"id":"3914143302"},{"arcs":[[1845,1846,1847,1848]],"type":"Polygon","properties":{"geoid":"3907933040","name":"Hamilton"},"id":"3907933040"},{"arcs":[[-279,-209,-240,-691,1849,1850]],"type":"Polygon","properties":{"geoid":"3917328756","name":"Freedom"},"id":"3917328756"},{"arcs":[[-1850,-87,1851,1852]],"type":"Polygon","properties":{"geoid":"3917351744","name":"Montgomery"},"id":"3917351744"},{"arcs":[[1853,1854,1855,1856,1857]],"type":"Polygon","properties":{"geoid":"3917383986","name":"Weston"},"id":"3917383986"},{"arcs":[[1858,1859,1860,1861,-1145,1862]],"type":"Polygon","properties":{"geoid":"3910731430","name":"Granville"},"id":"3910731430"},{"arcs":[[1863,1864,1865,1866,1867]],"type":"Polygon","properties":{"geoid":"3914531836","name":"Green"},"id":"3914531836"},{"arcs":[[1868,1869,1870,1871,1872]],"type":"Polygon","properties":{"geoid":"3914569092","name":"Rush"},"id":"3914569092"},{"arcs":[[1873,1874,1875,-915,1876,-735]],"type":"Polygon","properties":{"geoid":"3914776632","name":"Thompson"},"id":"3914776632"},{"arcs":[[1877,1878,1879,-1772,1880]],"type":"Polygon","properties":{"geoid":"3914944884","name":"Loramie"},"id":"3914944884"},{"arcs":[[-1238,1881,1882,-624,1883,-311]],"type":"Polygon","properties":{"geoid":"3917548006","name":"Marseilles"},"id":"3917548006"},{"arcs":[[1884,1885]],"type":"Polygon","properties":{"geoid":"3910782206","name":"Wayne"},"id":"3910782206"},{"arcs":[[1886,1887,1888,-35]],"type":"Polygon","properties":{"geoid":"3900762568","name":"Pierpont"},"id":"3900762568"},{"arcs":[[1889,1890,1891,-1683,1892,1893]],"type":"Polygon","properties":{"geoid":"3911175686","name":"Sunsbury"},"id":"3911175686"},{"arcs":[[1894,1895,1896,-1067,1897]],"type":"Polygon","properties":{"geoid":"3913303086","name":"Aurora"},"id":"3913303086"},{"arcs":[[1898,1899,1900,1901]],"type":"Polygon","properties":{"geoid":"3915544912","name":"Lordstown"},"id":"3915544912"},{"arcs":[[1902,-785,1903,-1669,1904,-746]],"type":"Polygon","properties":{"geoid":"3902100212","name":"Adams"},"id":"3902100212"},{"arcs":[[-1409,1905,1906,1907,-892]],"type":"Polygon","properties":{"geoid":"3913321210","name":"Deerfield"},"id":"3913321210"},{"arcs":[[1908,-1539,1909,1910]],"type":"Polygon","properties":{"geoid":"3900901770","name":"Ames"},"id":"3900901770"},{"arcs":[[-238,1911,1912,1913,1914,1915,-690]],"type":"Polygon","properties":{"geoid":"3914381592","name":"Washington"},"id":"3914381592"},{"arcs":[[1916,1917,-304,-709]],"type":"Polygon","properties":{"geoid":"3908943232","name":"Liberty"},"id":"3908943232"},{"arcs":[[-1842,1918,1919,-669,1920]],"type":"Polygon","properties":{"geoid":"3916334048","name":"Harrison"},"id":"3916334048"},{"arcs":[[-60,1921,-130,-1608,1922]],"type":"Polygon","properties":{"geoid":"3913353858","name":"Nelson"},"id":"3913353858"},{"arcs":[[1923,1924,-217,-1764]],"type":"Polygon","properties":{"geoid":"3900782040","name":"Wayne"},"id":"3900782040"},{"arcs":[[1925,1926,1927,1928,1929,1930,-417]],"type":"Polygon","properties":{"geoid":"3908382194","name":"Wayne"},"id":"3908382194"},{"arcs":[[1931,1932,1933,-560,1934,1935]],"type":"Polygon","properties":{"geoid":"3904501637","name":"Amanda"},"id":"3904501637"},{"arcs":[[1936,1937,1938,1939,-431]],"type":"Polygon","properties":{"geoid":"3908776031","name":"Symmes"},"id":"3908776031"},{"arcs":[[1940,1941,-1380,1942,1943]],"type":"Polygon","properties":{"geoid":"3915159850","name":"Paris"},"id":"3915159850"},{"arcs":[[1944,1945,-940,1946,1947,1948]],"type":"Polygon","properties":{"geoid":"3911900310","name":"Adams"},"id":"3911900310"},{"arcs":[[1949,1950,1951,1952,-1096,1953,1954]],"type":"Polygon","properties":{"geoid":"3915331860","name":"Green"},"id":"3915331860"},{"arcs":[[1957,1958,1959,1960,-1505,1961,-1510,1962,1963,1964,1965]],"type":"Polygon","properties":{"geoid":"3915722470","name":"Dover"},"id":"3915722470"},{"arcs":[[-869,1966,1967,1968,-518]],"type":"Polygon","properties":{"geoid":"3916138122","name":"Jackson"},"id":"3916138122"},{"arcs":[[-1760,1969,1970,-1925]],"type":"Polygon","properties":{"geoid":"3900785372","name":"Williamsfield"},"id":"3900785372"},{"arcs":[[1971,1972,1973,-776,1974,1975]],"type":"Polygon","properties":{"geoid":"3901933782","name":"Harrison"},"id":"3901933782"},{"arcs":[[-1538,1976,-1354,-1724,1977]],"type":"Polygon","properties":{"geoid":"3900968238","name":"Rome"},"id":"3900968238"},{"arcs":[[-370,1978,1979,1980]],"type":"Polygon","properties":{"geoid":"3904164178","name":"Porter"},"id":"3904164178"},{"arcs":[[-939,1981,1982,-1344,-1947]],"type":"Polygon","properties":{"geoid":"3911951506","name":"Monroe"},"id":"3911951506"},{"arcs":[[-833,-266,-1411,1983,1984]],"type":"Polygon","properties":{"geoid":"3912104682","name":"Beaver"},"id":"3912104682"},{"arcs":[[1985,1986,1987,1988,1989,-1497]],"type":"Polygon","properties":{"geoid":"3912174728","name":"Stock"},"id":"3912174728"},{"arcs":[[1990,-559,-1594,1991,-561]],"type":"Polygon","properties":{"geoid":"3904546382","name":"Madison"},"id":"3904546382"},{"arcs":[[1992,1993,1994]],"type":"Polygon","properties":{"geoid":"3911729162","name":"Galion"},"id":"3911729162"},{"arcs":[[-1883,1995,1996,1997,-621]],"type":"Polygon","properties":{"geoid":"3910170240","name":"Salt Rock"},"id":"3910170240"},{"arcs":[[1998,-92,1999,2000]],"type":"Polygon","properties":{"geoid":"3913551548","name":"Monroe"},"id":"3913551548"},{"arcs":[[2001,2002,2003,2004,2005]],"type":"Polygon","properties":{"geoid":"3913938794","name":"Jefferson"},"id":"3913938794"},{"arcs":[[2006,2007,2008,2009,2010,-1068]],"type":"Polygon","properties":{"geoid":"3913371731","name":"Shalersville"},"id":"3913371731"},{"arcs":[[-395,2011,2012,2013,-2003]],"type":"Polygon","properties":{"geoid":"3913986618","name":"Worthington"},"id":"3913986618"},{"arcs":[[[-1961,2014,-1506]],[[-1507,2015,2016,2017,2018,2019,2020]],[[-1963,-1509,2021]]],"type":"MultiPolygon","properties":{"geoid":"3915731066","name":"Goshen"},"id":"3915731066"},{"arcs":[[-1449,-1419,-1394,2022]],"type":"Polygon","properties":{"geoid":"3916185750","name":"Willshire"},"id":"3916185750"},{"arcs":[[-418,2023,2024,-369]],"type":"Polygon","properties":{"geoid":"3911773061","name":"South Bloomfield"},"id":"3911773061"},{"arcs":[[2025,2026]],"type":"Polygon","properties":{"geoid":"3911938752","name":"Jefferson"},"id":"3911938752"},{"arcs":[[-1175,2027,2028,2029,-1183]],"type":"Polygon","properties":{"geoid":"3906757456","name":"Nottingham"},"id":"3906757456"},{"arcs":[[2030,-1572,2031,2032]],"type":"Polygon","properties":{"geoid":"3916385204","name":"Wilkesville"},"id":"3916385204"},{"arcs":[[2033,2034,-1399,2035]],"type":"Polygon","properties":{"geoid":"3910344240","name":"Liverpool"},"id":"3910344240"},{"arcs":[[2036,2037,2038,2039,2040,2041,2042,2043,2044,2045,2046]],"type":"Polygon","properties":{"geoid":"3913947138","name":"Mansfield"},"id":"3913947138"},{"arcs":[[2047,2048,-1614,2049,-1472]],"type":"Polygon","properties":{"geoid":"3903779380","name":"Van Buren"},"id":"3903779380"},{"arcs":[[2050,2051,2052,2053,-1355,-1977]],"type":"Polygon","properties":{"geoid":"3916721098","name":"Decatur"},"id":"3916721098"},{"arcs":[[2054,2055,2056,-1439,2057]],"type":"Polygon","properties":{"geoid":"3905114072","name":"Chesterfield"},"id":"3905114072"},{"arcs":[[2058,-706,-549,-273,2059,2060,2061]],"type":"Polygon","properties":{"geoid":"3908907944","name":"Bowling Green"},"id":"3908907944"},{"arcs":[[2062,-910,2063,-1256,-1675,2064]],"type":"Polygon","properties":{"geoid":"3914779674","name":"Venice"},"id":"3914779674"},{"arcs":[[2065,2066,2067,2068]],"type":"Polygon","properties":{"geoid":"3912533950","name":"Harrison"},"id":"3912533950"},{"arcs":[[2069,-1911,-1532,-1544]],"type":"Polygon","properties":{"geoid":"3900922414","name":"Dover"},"id":"3900922414"},{"arcs":[[-39,-1761,-1924,2070]],"type":"Polygon","properties":{"geoid":"3900713890","name":"Cherry Valley"},"id":"3900713890"},{"arcs":[[2071,2072,-10,2073]],"type":"Polygon","properties":{"geoid":"3911915532","name":"Clay"},"id":"3911915532"},{"arcs":[[2074,2075,2076,2077,2078,2079]],"type":"Polygon","properties":{"geoid":"3906522736","name":"Dudley"},"id":"3906522736"},{"arcs":[[2080,2081,2082,-1408]],"type":"Polygon","properties":{"geoid":"3909950638","name":"Milton"},"id":"3909950638"},{"arcs":[[2083,-2058,-1443,2084]],"type":"Polygon","properties":{"geoid":"3905130940","name":"Gorham"},"id":"3905130940"},{"arcs":[[2085,2086,2087,2088,2089]],"type":"Polygon","properties":{"geoid":"3913910646","name":"Butler"},"id":"3913910646"},{"arcs":[[2090,2091,2092,2093,2094,2095,2096],[2097]],"type":"Polygon","properties":{"geoid":"3904778316","name":"Union"},"id":"3904778316"},{"arcs":[[-841,-1330,-798,-804,-837,-1585]],"type":"Polygon","properties":{"geoid":"3905944716","name":"Londonderry"},"id":"3905944716"},{"arcs":[[-1597,2098,2099,-852,2100]],"type":"Polygon","properties":{"geoid":"3907342056","name":"Laurel"},"id":"3907342056"},{"arcs":[[2101,-1923,-1610,2102,2103],[-896]],"type":"Polygon","properties":{"geoid":"3913335672","name":"Hiram"},"id":"3913335672"},{"arcs":[[2104]],"type":"Polygon","properties":{"geoid":"3910373992","name":"Spencer"},"id":"3910373992"},{"arcs":[[2105,2106,2107,2108,2109,2110,2111,2112]],"type":"Polygon","properties":{"geoid":"3905786786","name":"Xenia"},"id":"3905786786"},{"arcs":[[[2113,2114,2115]],[[2118,2119,2120]],[[2121,2122]],[[2123,2124,2125,2126,2127,2128,2129]]],"type":"MultiPolygon","properties":{"geoid":"3904964570","name":"Prairie"},"id":"3904964570"},{"arcs":[[2130,2131,2132,2133,2134,-1620,2135]],"type":"Polygon","properties":{"geoid":"3902731710","name":"Green"},"id":"3902731710"},{"arcs":[[2136,-2085,-1446,-110,2137,2138]],"type":"Polygon","properties":{"geoid":"3917150302","name":"Mill Creek"},"id":"3917150302"},{"arcs":[[2139,2140,2141,2142,2143,2144,2145,2146,-1032,2147,2148,-1029,2149,2150,2151,2152,2153]],"type":"Polygon","properties":{"geoid":"3904121469","name":"Delaware City"},"id":"3904121469"},{"arcs":[[2154,-1467,2155,2156,2157,-699,-1124]],"type":"Polygon","properties":{"geoid":"3908350330","name":"Miller"},"id":"3908350330"},{"arcs":[[2158,2159,-1937,-430,2160]],"type":"Polygon","properties":{"geoid":"3908781396","name":"Washington"},"id":"3908781396"},{"arcs":[[-1530,2161,2162,2163,2164,-1025]],"type":"Polygon","properties":{"geoid":"3903536918","name":"Hunting Valley"},"id":"3903536918"},{"arcs":[[2165,2166,2167]],"type":"Polygon","properties":{"geoid":"3903561028","name":"Parma Heights"},"id":"3903561028"},{"arcs":[[2168,-1410,-891,-339]],"type":"Polygon","properties":{"geoid":"3913324584","name":"Edinburg"},"id":"3913324584"},{"arcs":[[2169,2170,2171]],"type":"Polygon","properties":{"geoid":"3915372494","name":"Silver Lake"},"id":"3915372494"},{"arcs":[[-1518,2172,-1531,-1024,-1644]],"type":"Polygon","properties":{"geoid":"3903548482","name":"Mayfield Heights"},"id":"3903548482"},{"arcs":[[2173,-924,2174,2175,2176]],"type":"Polygon","properties":{"geoid":"3902700226","name":"Adams"},"id":"3902700226"},{"arcs":[[2177,-1836,2178,-931,2179]],"type":"Polygon","properties":{"geoid":"3903115266","name":"Clark"},"id":"3903115266"},{"arcs":[[2180,-1740]],"type":"Polygon","properties":{"geoid":"3909925998","name":"Fairfield"},"id":"3909925998"},{"arcs":[[-1007,2181]],"type":"Polygon","properties":{"geoid":"3903554250","name":"Newburgh Heights"},"id":"3903554250"},{"arcs":[[-581,2182,2183,2184,2185,2186]],"type":"Polygon","properties":{"geoid":"3916700338","name":"Adams"},"id":"3916700338"},{"arcs":[[2187,-1592,2188,-592,-588,2189]],"type":"Polygon","properties":{"geoid":"3906321462","name":"Delaware"},"id":"3906321462"},{"arcs":[[2190,2191,-126,-615]],"type":"Polygon","properties":{"geoid":"3906966502","name":"Richfield"},"id":"3906966502"},{"arcs":[[2192,2193,-1887,-1371,2194]],"type":"Polygon","properties":{"geoid":"3900751296","name":"Monroe"},"id":"3900751296"},{"arcs":[[2195,-569,2196,2197,2198,2199]],"type":"Polygon","properties":{"geoid":"3909774784","name":"Stokes"},"id":"3909774784"},{"arcs":[[2200,2201,2202,2203,2204]],"type":"Polygon","properties":{"geoid":"3916759626","name":"Palmer"},"id":"3916759626"},{"arcs":[[2205,2206,2207,2208]],"type":"Polygon","properties":{"geoid":"3917127530","name":"Florence"},"id":"3917127530"},{"arcs":[[2209,2210,2211,-139]],"type":"Polygon","properties":{"geoid":"3911777602","name":"Troy"},"id":"3911777602"},{"arcs":[[2212,2213]],"type":"Polygon","properties":{"geoid":"3913376106","name":"Tallmadge"},"id":"3913376106"},{"arcs":[[2216,2217,2218,2219,2220]],"type":"Polygon","properties":{"geoid":"3901523072","name":"Eagle"},"id":"3901523072"},{"arcs":[[2221,2222,2223,2224,2225]],"type":"Polygon","properties":{"geoid":"3908338668","name":"Jefferson"},"id":"3908338668"},{"arcs":[[-2083,2226,-601,2227,-1906]],"type":"Polygon","properties":{"geoid":"3909905858","name":"Berlin"},"id":"3909905858"},{"arcs":[[-1534,-1543,2228,2229]],"type":"Polygon","properties":{"geoid":"3900901112","name":"Alexander"},"id":"3900901112"},{"arcs":[[2230,2231,2232,2233,2234,-2034,2235]],"type":"Polygon","properties":{"geoid":"3909316910","name":"Columbia"},"id":"3909316910"},{"arcs":[[2236,-1229,2237,2238]],"type":"Polygon","properties":{"geoid":"3916970198","name":"Salt Creek"},"id":"3916970198"},{"arcs":[[2239,2240,-1235,2241]],"type":"Polygon","properties":{"geoid":"3917570016","name":"Salem"},"id":"3917570016"},{"arcs":[[-605,2242,2243,2244,2245,-811]],"type":"Polygon","properties":{"geoid":"3902910562","name":"Butler"},"id":"3902910562"},{"arcs":[[2246,2247,2248]],"type":"Polygon","properties":{"geoid":"3903530632","name":"Glenwillow"},"id":"3903530632"},{"arcs":[[2249,2250,2251,2252,2253]],"type":"Polygon","properties":{"geoid":"3908948132","name":"Mary Ann"},"id":"3908948132"},{"arcs":[[2254,-1722,2255,2256]],"type":"Polygon","properties":{"geoid":"3905101728","name":"Amboy"},"id":"3905101728"},{"arcs":[[2257,-682,2258,-1860,2259,2260]],"type":"Polygon","properties":{"geoid":"3910710604","name":"Butler"},"id":"3910710604"},{"arcs":[[2261,-696,2262,2263,2264,2265,2266]],"type":"Polygon","properties":{"geoid":"3914564304","name":"Portsmouth"},"id":"3914564304"},{"arcs":[[2267,2268,2269,2270,-750]],"type":"Polygon","properties":{"geoid":"3900770646","name":"Saybrook"},"id":"3900770646"},{"arcs":[[2271,2272,2273,2274,2275,2276,2277,2278,2279,-1276,2280,2281]],"type":"Polygon","properties":{"geoid":"3909577000","name":"Toledo"},"id":"3909577000"},{"arcs":[[-1148,2282,2283,2284,2285]],"type":"Polygon","properties":{"geoid":"3903709414","name":"Brown"},"id":"3903709414"},{"arcs":[[-1667,-1765,2286,-1055]],"type":"Polygon","properties":{"geoid":"3905536946","name":"Huntsburg"},"id":"3905536946"},{"arcs":[[2287,-653,2288,2289,2290,-1269]],"type":"Polygon","properties":{"geoid":"3903379786","name":"Vernon"},"id":"3903379786"},{"arcs":[[2291,2292,2293,2294,2295,2296]],"type":"Polygon","properties":{"geoid":"3915142168","name":"Lawrence"},"id":"3915142168"},{"arcs":[[2297,-824,2298,2299,-2093]],"type":"Polygon","properties":{"geoid":"3904747684","name":"Marion"},"id":"3904747684"},{"arcs":[[2300,2301,2302,2303,-1938,-2160]],"type":"Polygon","properties":{"geoid":"3905332074","name":"Greenfield"},"id":"3905332074"},{"arcs":[[-2229,2304,2305,-364]],"type":"Polygon","properties":{"geoid":"3910570996","name":"Scipio"},"id":"3910570996"},{"arcs":[[-2103,-1609,-136,2306,-2010]],"type":"Polygon","properties":{"geoid":"3913328742","name":"Freedom"},"id":"3913328742"},{"arcs":[[2307,-1555,2308,2309]],"type":"Polygon","properties":{"geoid":"3908768280","name":"Rome"},"id":"3908768280"},{"arcs":[[-1564,2310,2311,2312,-1730]],"type":"Polygon","properties":{"geoid":"3908180878","name":"Warren"},"id":"3908180878"},{"arcs":[[2313,2314,2315,2316,2317]],"type":"Polygon","properties":{"geoid":"3906184938","name":"Whitewater"},"id":"3906184938"},{"arcs":[[2318,2319,2320,2321]],"type":"Polygon","properties":{"geoid":"3901386996","name":"York"},"id":"3901386996"},{"arcs":[[2322,-2193,2323,2324]],"type":"Polygon","properties":{"geoid":"3900718350","name":"Conneaut"},"id":"3900718350"},{"arcs":[[2325,2326,2327,2328]],"type":"Polygon","properties":{"geoid":"3904102582","name":"Ashley"},"id":"3904102582"},{"arcs":[[[-979]],[[2330,2331,-969]],[[2333,-965,2334]],[[-974,-973,2335,2336,2337]],[[2338,2339,-976,2340]]],"type":"MultiPolygon","properties":{"geoid":"3902374119","name":"Springfield"},"id":"3902374119"},{"arcs":[[2341,2342,2343,-1302,2344,-1463,2345]],"type":"Polygon","properties":{"geoid":"3908351436","name":"Monroe"},"id":"3908351436"},{"arcs":[[2346,-2152,2347,2348,-1041,2349,-1039,2350,-1037,2351,2352,2353,2354]],"type":"Polygon","properties":{"geoid":"3904118140","name":"Concord"},"id":"3904118140"},{"arcs":[[2355,-1017,-989,-1650,2356,2357,2358,-1018,-1003]],"type":"Polygon","properties":{"geoid":"3903580990","name":"Warrensville Heights"},"id":"3903580990"},{"arcs":[[2359,2360,2361,2362,-479,2363,2364,2365]],"type":"Polygon","properties":{"geoid":"3915307776","name":"Boston"},"id":"3915307776"},{"arcs":[[2366,2367]],"type":"Polygon","properties":{"geoid":"3904175620","name":"Sunbury Village"},"id":"3904175620"},{"arcs":[[-1790,2368,-1788,2369,2370,2371,2372,-1796,2373,-1794,2374]],"type":"Polygon","properties":{"geoid":"3911379492","name":"Vandalia"},"id":"3911379492"},{"arcs":[[2375,2376,2377,2378,-1599,-879]],"type":"Polygon","properties":{"geoid":"3912970870","name":"Scioto"},"id":"3912970870"},{"arcs":[[-1379,2379,2380,-764,2381,-761]],"type":"Polygon","properties":{"geoid":"3901923226","name":"East"},"id":"3901923226"},{"arcs":[[[2382,2383,2384,2385]],[[2386,2387]]],"type":"MultiPolygon","properties":{"geoid":"3909372067","name":"Sheffield"},"id":"3909372067"},{"arcs":[[2388,-1369,2389,-1367,2390,2391,2392,2393,2394,2395,-103]],"type":"Polygon","properties":{"geoid":"3901768616","name":"Ross"},"id":"3901768616"},{"arcs":[[-757,2396,2397,-1762,-403,2398]],"type":"Polygon","properties":{"geoid":"3900768224","name":"Rome"},"id":"3900768224"},{"arcs":[[2399,2400,2401,-781,2402,2403,2404]],"type":"Polygon","properties":{"geoid":"3914969960","name":"Salem"},"id":"3914969960"},{"arcs":[[-264,2405,-1894,2406,2407,-1412]],"type":"Polygon","properties":{"geoid":"3911146928","name":"Malaga"},"id":"3911146928"},{"arcs":[[2408,-2321,2409,2410,-1684,-1892]],"type":"Polygon","properties":{"geoid":"3911175945","name":"Switzerland"},"id":"3911175945"},{"arcs":[[2411,2412,2413,2414,2415,2416,2417,2418]],"type":"Polygon","properties":{"geoid":"3904983342","name":"Westerville"},"id":"3904983342"},{"arcs":[[2420,2421,2422,-726,2423,-305]],"type":"Polygon","properties":{"geoid":"3908931416","name":"Granville"},"id":"3908931416"},{"arcs":[[-723,2424,-2253,2425,2426,2427,2428]],"type":"Polygon","properties":{"geoid":"3908946508","name":"Madison"},"id":"3908946508"},{"arcs":[[2429,2430,-2237,2431,2432]],"type":"Polygon","properties":{"geoid":"3916924136","name":"East Union"},"id":"3916924136"},{"arcs":[[2433,2434,-1659,2435]],"type":"Polygon","properties":{"geoid":"3908540670","name":"Kirtland Hills"},"id":"3908540670"},{"arcs":[[2436,2437,2438,2439,-1870,2440]],"type":"Polygon","properties":{"geoid":"3914579170","name":"Valley"},"id":"3914579170"},{"arcs":[[2441,2442,2443,2444,2445,2446]],"type":"Polygon","properties":{"geoid":"3909751478","name":"Monroe"},"id":"3909751478"},{"arcs":[[2447,2448,2449,-2437,2450,2451]],"type":"Polygon","properties":{"geoid":"3913111122","name":"Camp Creek"},"id":"3913111122"},{"arcs":[[2452,2453,2454,2455,2456]],"type":"Polygon","properties":{"geoid":"3900109722","name":"Brush Creek"},"id":"3900109722"},{"arcs":[[2457,2458,-2097,2459,2460,2461,2462]],"type":"Polygon","properties":{"geoid":"3904738388","name":"Jasper"},"id":"3904738388"},{"arcs":[[-135,2463,-1406,2464]],"type":"Polygon","properties":{"geoid":"3913359822","name":"Paris"},"id":"3913359822"},{"arcs":[[2465,-1049,2466,2467,2468,2469]],"type":"Polygon","properties":{"geoid":"3904165312","name":"Radnor"},"id":"3904165312"},{"arcs":[[2470,2471,2472,2473,2474,2475,-2443]],"type":"Polygon","properties":{"geoid":"3909711234","name":"Canaan"},"id":"3909711234"},{"arcs":[[-1983,2476,-119,2477,-1345]],"type":"Polygon","properties":{"geoid":"3905900282","name":"Adams"},"id":"3905900282"},{"arcs":[[-77,-118,2478,-1156]],"type":"Polygon","properties":{"geoid":"3906358632","name":"Orange"},"id":"3906358632"},{"arcs":[[2479,2480,2481,2482]],"type":"Polygon","properties":{"geoid":"3905374120","name":"Springfield"},"id":"3905374120"},{"arcs":[[2483]],"type":"Polygon","properties":{"geoid":"3917162834","name":"Pioneer"},"id":"3917162834"},{"arcs":[[-1782,-497,2484,2485,2486]],"type":"Polygon","properties":{"geoid":"3915534230","name":"Hartford"},"id":"3915534230"},{"arcs":[[-169,2487,2488,-950,-954,-172,2489,-287]],"type":"Polygon","properties":{"geoid":"3906101672","name":"Amberley"},"id":"3906101672"},{"arcs":[[2490,2491,-1854,2492]],"type":"Polygon","properties":{"geoid":"3917331220","name":"Grand Rapids"},"id":"3917331220"},{"arcs":[[[2493]],[[2494,2495,2496,2497]]],"type":"MultiPolygon","properties":{"geoid":"3908174608","name":"Steubenville"},"id":"3908174608"},{"arcs":[[-1166,-1149,-2286,-1168,2498]],"type":"Polygon","properties":{"geoid":"3903737758","name":"Jackson"},"id":"3903737758"},{"arcs":[[2499,2500,2501,2502,2503]],"type":"Polygon","properties":{"geoid":"3914745052","name":"Loudon"},"id":"3914745052"},{"arcs":[[-2098]],"type":"Polygon","properties":{"geoid":"3904781718","name":"Washington Court House"},"id":"3904781718"},{"arcs":[[2504,2505,-1645,-984,-71,2506,-998]],"type":"Polygon","properties":{"geoid":"3903573264","name":"South Euclid"},"id":"3903573264"},{"arcs":[[-590,-595,2507,-2076,2508,2509]],"type":"Polygon","properties":{"geoid":"3906563282","name":"Pleasant"},"id":"3906563282"},{"arcs":[[-2337,2510,2511,2512,2513]],"type":"Polygon","properties":{"geoid":"3902331703","name":"Green"},"id":"3902331703"},{"arcs":[[-1418,-687,2514,-1395]],"type":"Polygon","properties":{"geoid":"3910722708","name":"Dublin"},"id":"3910722708"},{"arcs":[[-2145,2515,2516,2517,2518,2519,-1033,-2147,2520]],"type":"Polygon","properties":{"geoid":"3904109428","name":"Brown"},"id":"3904109428"},{"arcs":[[-1413,-2408,2521,2522,2523]],"type":"Polygon","properties":{"geoid":"3911175497","name":"Summit"},"id":"3911175497"},{"arcs":[[-1294,-187]],"type":"Polygon","properties":{"geoid":"3906125186","name":"Elmwood Place"},"id":"3906125186"},{"arcs":[[-2367,2524,-1980,2525,2526,2527]],"type":"Polygon","properties":{"geoid":"3904177336","name":"Trenton"},"id":"3904177336"},{"arcs":[[-823,2528,2529,2530,-2299]],"type":"Polygon","properties":{"geoid":"3912962008","name":"Perry"},"id":"3912962008"},{"arcs":[[-647,2531,-1158,2532,2533,2534]],"type":"Polygon","properties":{"geoid":"3913763380","name":"Pleasant"},"id":"3913763380"},{"arcs":[[2535,2536,2537,2538,2539]],"type":"Polygon","properties":{"geoid":"3904350148","name":"Milan"},"id":"3904350148"},{"arcs":[[2540,-1515,-683,-1417]],"type":"Polygon","properties":{"geoid":"3916187136","name":"York"},"id":"3916187136"},{"arcs":[[2541,-866,-2066,2542]],"type":"Polygon","properties":{"geoid":"3912512308","name":"Carryall"},"id":"3912512308"},{"arcs":[[-622,2543,2544,-2078]],"type":"Polygon","properties":{"geoid":"3910151730","name":"Montgomery"},"id":"3910151730"},{"arcs":[[2545,-21,2546,2547]],"type":"Polygon","properties":{"geoid":"3907726040","name":"Fairfield"},"id":"3907726040"},{"arcs":[[2548,2549,2550,2551,2552]],"type":"Polygon","properties":{"geoid":"3912325578","name":"Erie"},"id":"3912325578"},{"arcs":[[-1910,-1978,-1540,-1533]],"type":"Polygon","properties":{"geoid":"3900911220","name":"Canaan"},"id":"3900911220"},{"arcs":[[2553,2554,2555,2556]],"type":"Polygon","properties":{"geoid":"3901749840","name":"Middletown"},"id":"3901749840"},{"arcs":[[-228,2557,2558,2559,-2466,2560,2561]],"type":"Polygon","properties":{"geoid":"3910164794","name":"Prospect"},"id":"3910164794"},{"arcs":[[2562,2563,2564,-1845,2565,2566]],"type":"Polygon","properties":{"geoid":"3914170898","name":"Scioto"},"id":"3914170898"},{"arcs":[[2567,2568,2569,2570,2571,2572,2573]],"type":"Polygon","properties":{"geoid":"3902504157","name":"Batavia"},"id":"3902504157"},{"arcs":[[[2574]],[[2575]],[[2576]]],"type":"MultiPolygon","properties":{"geoid":"3912365046","name":"Put-in-Bay"},"id":"3912365046"},{"arcs":[[-1727,2577,-816,2578,2579,2580]],"type":"Polygon","properties":{"geoid":"3908170086","name":"Saline"},"id":"3908170086"},{"arcs":[[2581,2582,2583,2584,2585,2586,2587]],"type":"Polygon","properties":{"geoid":"3909963968","name":"Poland"},"id":"3909963968"},{"arcs":[[[2588,2589,2590]],[[2591,2592,2593]]],"type":"MultiPolygon","properties":{"geoid":"3910978470","name":"Union"},"id":"3910978470"},{"arcs":[[-433,2594,-1331,2595,2596,-1866,2597]],"type":"Polygon","properties":{"geoid":"3908724822","name":"Elizabeth"},"id":"3908724822"},{"arcs":[[-2271,-754,2598,2599]],"type":"Polygon","properties":{"geoid":"3900703156","name":"Austinburg"},"id":"3900703156"},{"arcs":[[[2600,2601,2602,2603,2604]],[[2605,2606,2607,2608,2609,2610,2611,2612,2613,2614,2615,2616,2617,2618,2619,2620,-2419,2621,-2417,2622,-2415,2623,2624,2625,2626,2627,2628,2629,2630,2631,-1427,2632,2633,-1754,-1478,2634,-1491,2635,-1483,2636,-1489,2637,-1487,2638,2639,2640,2641,2642,2643,2644,2645,-2116,2646,-2118,2647,-2128,2648,-2126,2649,2650,2651,2652,2653,2654,2655,2656,2657,2658,2659,2660,-2473],[2661,2662,-2123],[2663,2664,-2121],[2665,2666,2667,2668],[2669,2670,2671,-904,2672,2673,2674,2675,2676],[2679,2680,2681,2682,2683,2684],[2685,2686],[2689,2690,2691,2692],[2693],[2694],[-905],[2696,-1482]]],"type":"MultiPolygon","properties":{"geoid":"3904918000","name":"Columbus"},"id":"3904918000"},{"arcs":[[2698,-1520,-1643,-2506,2699]],"type":"Polygon","properties":{"geoid":"3903566894","name":"Richmond Heights"},"id":"3903566894"},{"arcs":[[2700,2701,2702,2703,2704,2705,-1671]],"type":"Polygon","properties":{"geoid":"3902169820","name":"Salem"},"id":"3902169820"},{"arcs":[[2706,2707,2708,2709,2710,2711]],"type":"Polygon","properties":{"geoid":"3907143190","name":"Liberty"},"id":"3907143190"},{"arcs":[[2712,2713,-2563,2714,-1602,2715,2716,2717,2718]],"type":"Polygon","properties":{"geoid":"3914178008","name":"Twin"},"id":"3914178008"},{"arcs":[[[2719,2720,-1092,2721,-1090,2722,-1111,2723,2724,-296]],[[-303]],[[2725,-294,2726]],[[-298,2728,2729]]],"type":"MultiPolygon","properties":{"geoid":"3915162078","name":"Perry"},"id":"3915162078"},{"arcs":[[2730,2731,2732,2733,-2584,2734,-2582,2735,2736]],"type":"Polygon","properties":{"geoid":"3909975126","name":"Struthers"},"id":"3909975126"},{"arcs":[[2737,-157,2738,-155,2739,2740]],"type":"Polygon","properties":{"geoid":"3906131752","name":"Green"},"id":"3906131752"},{"arcs":[[2741,2742,2743,2744]],"type":"Polygon","properties":{"geoid":"3915580052","name":"Vienna"},"id":"3915580052"},{"arcs":[[2745,-2557,2746,2747]],"type":"Polygon","properties":{"geoid":"3901742672","name":"Lemon"},"id":"3901742672"},{"arcs":[[-2158,2748,-1122,2749,-727,-700]],"type":"Polygon","properties":{"geoid":"3908352108","name":"Morgan"},"id":"3908352108"},{"arcs":[[-1227,-1218,2750,-97,2751]],"type":"Polygon","properties":{"geoid":"3907559514","name":"Paint"},"id":"3907559514"},{"arcs":[[2752,-1326,2753,-1912,-237]],"type":"Polygon","properties":{"geoid":"3912333726","name":"Harris"},"id":"3912333726"},{"arcs":[[2754,2755]],"type":"Polygon","properties":{"geoid":"3909357834","name":"Oberlin"},"id":"3909357834"},{"arcs":[[2756,2757,2758,-392,2759]],"type":"Polygon","properties":{"geoid":"3913950092","name":"Mifflin"},"id":"3913950092"},{"arcs":[[2760,-570,-2196,2761,2762,-2511]],"type":"Polygon","properties":{"geoid":"3902346354","name":"Madison"},"id":"3902346354"},{"arcs":[[-276,2763,2764,2765,2766]],"type":"Polygon","properties":{"geoid":"3912715658","name":"Clayton"},"id":"3912715658"},{"arcs":[[2767,2768,-1742,2769,2770,2771,-603]],"type":"Polygon","properties":{"geoid":"3909931794","name":"Green"},"id":"3909931794"},{"arcs":[[-1927,2772,2773,-1929,-1928]],"type":"Polygon","properties":{"geoid":"3908328658","name":"Fredericktown"},"id":"3908328658"},{"arcs":[[-332,2774,-1553]],"type":"Polygon","properties":{"geoid":"3905357974","name":"Ohio"},"id":"3905357974"},{"arcs":[[2775,-2358]],"type":"Polygon","properties":{"geoid":"3903556924","name":"North Randall"},"id":"3903556924"},{"arcs":[[2776,-1233,2777,2778,2779,-2454,2780,2781,2782]],"type":"Polygon","properties":{"geoid":"3900148888","name":"Meigs"},"id":"3900148888"},{"arcs":[[2783,2784,-2460,-2096,2785,2786]],"type":"Polygon","properties":{"geoid":"3904718154","name":"Concord"},"id":"3904718154"},{"arcs":[[2787,-2740,-154]],"type":"Polygon","properties":{"geoid":"3906121504","name":"Delhi"},"id":"3906121504"},{"arcs":[[2788,2789]],"type":"Polygon","properties":{"geoid":"3915545934","name":"McDonald"},"id":"3915545934"},{"arcs":[[2790,2791,2792,-2790,2793,2794,-1900]],"type":"Polygon","properties":{"geoid":"3915582446","name":"Weathersfield"},"id":"3915582446"},{"arcs":[[2795,2796,-2324,-2195,-1370,2797]],"type":"Polygon","properties":{"geoid":"3900740404","name":"Kingsville"},"id":"3900740404"},{"arcs":[[2798,2799,2800,2801]],"type":"Polygon","properties":{"geoid":"3906981326","name":"Washington"},"id":"3906981326"},{"arcs":[[-1056,2802,2803,2804,2805,2806,2807,-1061]],"type":"Polygon","properties":{"geoid":"3905510464","name":"Burton"},"id":"3905510464"},{"arcs":[[2808,-775,2809,2810,-2018]],"type":"Polygon","properties":{"geoid":"3915778568","name":"Union"},"id":"3915778568"},{"arcs":[[-1811,-499,-1810,2811,2812,-899,2813,-901,2814,2815,2816,2817]],"type":"Polygon","properties":{"geoid":"3911340040","name":"Kettering"},"id":"3911340040"},{"arcs":[[2820,2821,2822,2823,2824,2825,2826,2827,-1191,2828]],"type":"Polygon","properties":{"geoid":"3909312140","name":"Carlisle"},"id":"3909312140"},{"arcs":[[2829,2830,-890,2831,2832,2833]],"type":"Polygon","properties":{"geoid":"3907109736","name":"Brushcreek"},"id":"3907109736"},{"arcs":[[-2256,2834,2835,2836,2837,2838]],"type":"Polygon","properties":{"geoid":"3905129036","name":"Fulton"},"id":"3905129036"},{"arcs":[[2839,-627,2840,-1045,-2560]],"type":"Polygon","properties":{"geoid":"3910180514","name":"Waldo"},"id":"3910180514"},{"arcs":[[2841,-667,-1840,-2565,2842]],"type":"Polygon","properties":{"geoid":"3914174129","name":"Springfield"},"id":"3914174129"},{"arcs":[[2843,2844,2845,2846,2847,2848]],"type":"Polygon","properties":{"geoid":"3910371801","name":"Sharon"},"id":"3910371801"},{"arcs":[[2849,-1586,-838,-831,2850,2851]],"type":"Polygon","properties":{"geoid":"3905985708","name":"Wills"},"id":"3905985708"},{"arcs":[[2852,2853,-926,-1083,-348,2854]],"type":"Polygon","properties":{"geoid":"3902747670","name":"Marion"},"id":"3902747670"},{"arcs":[[-1237,2855,2856,-1996,-1882]],"type":"Polygon","properties":{"geoid":"3917562904","name":"Pitt"},"id":"3917562904"},{"arcs":[[-2527,-711,2857,2858]],"type":"Polygon","properties":{"geoid":"3904133516","name":"Harlem"},"id":"3904133516"},{"arcs":[[2859]],"type":"Polygon","properties":{"geoid":"3909955118","name":"New Middletown"},"id":"3909955118"},{"arcs":[[2860,-360,-70,2861,2862,2863]],"type":"Polygon","properties":{"geoid":"3913178512","name":"Union"},"id":"3913178512"},{"arcs":[[2864,-2717,2865,-887,2866]],"type":"Polygon","properties":{"geoid":"3914161308","name":"Paxton"},"id":"3914161308"},{"arcs":[[2867,2868,2869,2870,-1120]],"type":"Polygon","properties":{"geoid":"3908310590","name":"Butler"},"id":"3908310590"},{"arcs":[[2871,2872,2873,-1678,-269]],"type":"Polygon","properties":{"geoid":"3903310044","name":"Bucyrus"},"id":"3903310044"},{"arcs":[[-1292,2874,2875,-1492,-2635,-1477,-1753,2876]],"type":"Polygon","properties":{"geoid":"3904580206","name":"Violet"},"id":"3904580206"},{"arcs":[[2877,-449,2878,2879,2880,2881,2882,2883]],"type":"Polygon","properties":{"geoid":"3910974475","name":"Staunton"},"id":"3910974475"},{"arcs":[[2884,2885,2886,-2234,2887,-2232,2888]],"type":"Polygon","properties":{"geoid":"3903558422","name":"Olmsted Falls"},"id":"3903558422"},{"arcs":[[2889,2890,2891,2892,2893,-466,2894,2895,2896,-1224,2897,2898]],"type":"Polygon","properties":{"geoid":"3915357260","name":"Norton"},"id":"3915357260"},{"arcs":[[-2019,-2811,2899,-1172,2900,2901]],"type":"Polygon","properties":{"geoid":"3915750232","name":"Mill"},"id":"3915750232"},{"arcs":[[-2478,-125,-830,2902,2903,-353]],"type":"Polygon","properties":{"geoid":"3905983664","name":"Westland"},"id":"3905983664"},{"arcs":[[2904,2905,2906]],"type":"Polygon","properties":{"geoid":"3904379716","name":"Vermilion"},"id":"3904379716"},{"arcs":[[-1361,2907,-247,2908,2909]],"type":"Polygon","properties":{"geoid":"3912751198","name":"Monday Creek"},"id":"3912751198"},{"arcs":[[-1038,-2351]],"type":"Polygon","properties":{"geoid":"3904171976","name":"Shawnee Hills"},"id":"3904171976"},{"arcs":[[2910,2911,2912,2913]],"type":"Polygon","properties":{"geoid":"3914771355","name":"Seneca"},"id":"3914771355"},{"arcs":[[2914,-2186,2915,2916,2917,-2202,2918]],"type":"Polygon","properties":{"geoid":"3916781844","name":"Watertown"},"id":"3916781844"},{"arcs":[[-2509,-2075,2919,2920,2921,2922]],"type":"Polygon","properties":{"geoid":"3906509848","name":"Buck"},"id":"3906509848"},{"arcs":[[2923,2924,2925,2926]],"type":"Polygon","properties":{"geoid":"3908561896","name":"Perry"},"id":"3908561896"},{"arcs":[[2929,2930,-2554,-2746,2931,2932,2933,2934,2935,2936]],"type":"Polygon","properties":{"geoid":"3901746340","name":"Madison"},"id":"3901746340"},{"arcs":[[2937,-1322,2938,2939,-373,2940,-375,2941,-2372,2942,-2880]],"type":"Polygon","properties":{"geoid":"3910906110","name":"Bethel"},"id":"3910906110"},{"arcs":[[-1719,2943,-257,-1431,-1136]],"type":"Polygon","properties":{"geoid":"3906967062","name":"Ridgeville"},"id":"3906967062"},{"arcs":[[2944,-881,-1601,2945,2946,-2529,-822]],"type":"Polygon","properties":{"geoid":"3912951534","name":"Monroe"},"id":"3912951534"},{"arcs":[[-2708,2947,2948,2949,2950,-2867,-886,-2831,2951]],"type":"Polygon","properties":{"geoid":"3907159500","name":"Paint"},"id":"3907159500"},{"arcs":[[2952,2953,-1827,2954,-1751,2955]],"type":"Polygon","properties":{"geoid":"3909107552","name":"Bokescreek"},"id":"3909107552"},{"arcs":[[-530,-1526,2956,2957,2958,-137,2959]],"type":"Polygon","properties":{"geoid":"3911781508","name":"Washington"},"id":"3911781508"},{"arcs":[[2960,-1907,-2228,-607,-810,2961,-808,2962]],"type":"Polygon","properties":{"geoid":"3909972740","name":"Smith"},"id":"3909972740"},{"arcs":[[2963,-2762,-2200,2964,2965,2966]],"type":"Polygon","properties":{"geoid":"3905768630","name":"Ross"},"id":"3905768630"},{"arcs":[[2967,-2534,2968,2969,2970,2971]],"type":"Polygon","properties":{"geoid":"3913775206","name":"Sugar Creek"},"id":"3913775206"},{"arcs":[[2972,2973,2974]],"type":"Polygon","properties":{"geoid":"3912312588","name":"Catawba Island"},"id":"3912312588"},{"arcs":[[2975,-1642,2976,-2386,2977,-2388,2978,2979,2980,2981]],"type":"Polygon","properties":{"geoid":"3909344856","name":"Lorain"},"id":"3909344856"},{"arcs":[[2982,2983,-80,2984]],"type":"Polygon","properties":{"geoid":"3913572964","name":"Somers"},"id":"3913572964"},{"arcs":[[2985,2986,2987,2988]],"type":"Polygon","properties":{"geoid":"3913759612","name":"Palmer"},"id":"3913759612"},{"arcs":[[2989,2990,2991,2992,2993,-843,-1337]],"type":"Polygon","properties":{"geoid":"3906343148","name":"Liberty"},"id":"3906343148"},{"arcs":[[2994,2995,-1749,2996,2997]],"type":"Polygon","properties":{"geoid":"3909138682","name":"Jefferson"},"id":"3909138682"},{"arcs":[[2998,-1011,2999,-1013]],"type":"Polygon","properties":{"geoid":"3903509246","name":"Brooklyn"},"id":"3903509246"},{"arcs":[[-1080,3000,3001,-1695,3002,3003,3004]],"type":"Polygon","properties":{"geoid":"3901563212","name":"Pleasant"},"id":"3901563212"},{"arcs":[[-104,-2396,3005,-2315,3006]],"type":"Polygon","properties":{"geoid":"3906119470","name":"Crosby"},"id":"3906119470"},{"arcs":[[3007,-326,-1689,3008,3009,3010]],"type":"Polygon","properties":{"geoid":"3916726810","name":"Fearing"},"id":"3916726810"},{"arcs":[[3015,3016,3017,-2591,3018,-2594,3019,3020,3021]],"type":"Polygon","properties":{"geoid":"3910978456","name":"Union"},"id":"3910978456"},{"arcs":[[-598,3022,3023,3024,3025,3026]],"type":"Polygon","properties":{"geoid":"3906545920","name":"McDonald"},"id":"3906545920"},{"arcs":[[-2774,3027,3028,-2342,3029,-1461,3030,-1930]],"type":"Polygon","properties":{"geoid":"3908352290","name":"Morris"},"id":"3908352290"},{"arcs":[[-1657,3031,-2781,-2453,3032,3033]],"type":"Polygon","properties":{"geoid":"3900176768","name":"Tiffin"},"id":"3900176768"},{"arcs":[[3034,-2461,-2785,3035,3036]],"type":"Polygon","properties":{"geoid":"3902766642","name":"Richland"},"id":"3902766642"},{"arcs":[[3037,3038,-525,3039]],"type":"Polygon","properties":{"geoid":"3917343400","name":"Liberty"},"id":"3917343400"},{"arcs":[[-504,3040,-506,-1628,3041]],"type":"Polygon","properties":{"geoid":"3903100240","name":"Adams"},"id":"3903100240"},{"arcs":[[3042,-415,3043,3044,3045,-545,-705]],"type":"Polygon","properties":{"geoid":"3911943470","name":"Licking"},"id":"3911943470"},{"arcs":[[3046,-1560,3047,3048,-1562,-1307]],"type":"Polygon","properties":{"geoid":"3908182180","name":"Wayne"},"id":"3908182180"},{"arcs":[[3049,3050,3051,-1855,-2492,3052]],"type":"Polygon","properties":{"geoid":"3917381704","name":"Washington"},"id":"3917381704"},{"arcs":[[-1835,3053,3054,-2179]],"type":"Polygon","properties":{"geoid":"3903150274","name":"Mill Creek"},"id":"3903150274"},{"arcs":[[-568,3055,3056,-820,3057,-2197]],"type":"Polygon","properties":{"geoid":"3909765480","name":"Range"},"id":"3909765480"},{"arcs":[[3058,-737,3059,-739]],"type":"Polygon","properties":{"geoid":"3914763394","name":"Pleasant"},"id":"3914763394"},{"arcs":[[-2523,3060,-1339,3061,3062]],"type":"Polygon","properties":{"geoid":"3911182208","name":"Wayne"},"id":"3911182208"},{"arcs":[[3063,3064,3065,3066,-771,-2809,-2017]],"type":"Polygon","properties":{"geoid":"3915780920","name":"Warren"},"id":"3915780920"},{"arcs":[[3067,3068,-330,3069]],"type":"Polygon","properties":{"geoid":"3905329218","name":"Gallipolis"},"id":"3905329218"},{"arcs":[[-2580,3070,3071,3072]],"type":"Polygon","properties":{"geoid":"3908140866","name":"Knox"},"id":"3908140866"},{"arcs":[[-65,3073,3074,3075]],"type":"Polygon","properties":{"geoid":"3903733810","name":"Harrison"},"id":"3903733810"},{"arcs":[[-2552,3076,3077,3078,3079,3080]],"type":"Polygon","properties":{"geoid":"3912304304","name":"Bay"},"id":"3912304304"},{"arcs":[[[3082,-2668,3083,-2666]],[[-2114,-2646,3084,-2644,3085,-2642,3086,-2640,3087,-2377,3088]]],"type":"MultiPolygon","properties":{"geoid":"3904937772","name":"Jackson"},"id":"3904937772"},{"arcs":[[3093,3094,3095,3096,3097,3098,3099,3100]],"type":"Polygon","properties":{"geoid":"3910332676","name":"Guilford"},"id":"3910332676"},{"arcs":[[-1542,-96,-1567,3101,-2305]],"type":"Polygon","properties":{"geoid":"3910504906","name":"Bedford"},"id":"3910504906"},{"arcs":[[3102,-190]],"type":"Polygon","properties":{"geoid":"3906157386","name":"Norwood"},"id":"3906157386"},{"arcs":[[-31,-1327,-2753,-236,-207,3103]],"type":"Polygon","properties":{"geoid":"3912315546","name":"Clay"},"id":"3912315546"},{"arcs":[[3110,3111]],"type":"Polygon","properties":{"geoid":"3915588000","name":"Youngstown"},"id":"3915588000"},{"arcs":[[3112,-2819,3113,3114,-2236,3115,3116,-2825]],"type":"Polygon","properties":{"geoid":"3909324220","name":"Eaton"},"id":"3909324220"},{"arcs":[[-2245,3118,3119,-201,3120,3121]],"type":"Polygon","properties":{"geoid":"3902912910","name":"Center"},"id":"3902912910"},{"arcs":[[3122,3123,3124,-2249,3125,3126]],"type":"Polygon","properties":{"geoid":"3903557750","name":"Oakwood"},"id":"3903557750"},{"arcs":[[3127,-1943,-763,-1972,3128,3129]],"type":"Polygon","properties":{"geoid":"3901909400","name":"Brown"},"id":"3901909400"},{"arcs":[[3130,-500,3131,-3054]],"type":"Polygon","properties":{"geoid":"3903119218","name":"Crawford"},"id":"3903119218"},{"arcs":[[3132,-2512,-2763,-2964,3133,-2110]],"type":"Polygon","properties":{"geoid":"3905712798","name":"Cedarville"},"id":"3905712798"},{"arcs":[[3134,-2798,-1372,-753,-2270]],"type":"Polygon","properties":{"geoid":"3900763772","name":"Plymouth"},"id":"3900763772"},{"arcs":[[-865,3135,-1523,-2067]],"type":"Polygon","properties":{"geoid":"3912561266","name":"Paulding"},"id":"3912561266"},{"arcs":[[3136,-2718,-2865,-2951,3137]],"type":"Polygon","properties":{"geoid":"3914159542","name":"Paint"},"id":"3914159542"},{"arcs":[[3138,-2885,3139,3140,3141,3142,-2887]],"type":"Polygon","properties":{"geoid":"3903505690","name":"Berea"},"id":"3903505690"},{"arcs":[[-2479,3143,-596,-1152]],"type":"Polygon","properties":{"geoid":"3906543162","name":"Liberty"},"id":"3906543162"},{"arcs":[[3144,3145,3146,-1282,3147,-1272,3148,-1280,-281,3149,3150,-3051]],"type":"Polygon","properties":{"geoid":"3917349812","name":"Middleton"},"id":"3917349812"},{"arcs":[[-1621,-2135,3151,-2712,3152,-1375,3153]],"type":"Polygon","properties":{"geoid":"3907178344","name":"Union"},"id":"3907178344"},{"arcs":[[3154,3155,3156,-748,-441,3157,3158]],"type":"Polygon","properties":{"geoid":"3914958660","name":"Orange"},"id":"3914958660"},{"arcs":[[3159,-663,3160,3161,3162,3163]],"type":"Polygon","properties":{"geoid":"3907551422","name":"Monroe"},"id":"3907551422"},{"arcs":[[3164,3165,-2177,3166,3167,3168,3169]],"type":"Polygon","properties":{"geoid":"3916581690","name":"Washington"},"id":"3916581690"},{"arcs":[[3170,-292,-1743,3171]],"type":"Polygon","properties":{"geoid":"3901181074","name":"Washington"},"id":"3901181074"},{"arcs":[[3172,3173,-708,-2526]],"type":"Polygon","properties":{"geoid":"3908934188","name":"Hartford"},"id":"3908934188"},{"arcs":[[3174,3175,-1323,-29,3176]],"type":"Polygon","properties":{"geoid":"3909539116","name":"Jerusalem"},"id":"3909539116"},{"arcs":[[-917,3177,-102,3178]],"type":"Polygon","properties":{"geoid":"3901766096","name":"Reily"},"id":"3901766096"},{"arcs":[[3179,-1731,-2313,3180,3181,3182]],"type":"Polygon","properties":{"geoid":"3901361378","name":"Pease"},"id":"3901361378"},{"arcs":[[3183,-752,3184,-1063,3185,-2925]],"type":"Polygon","properties":{"geoid":"3908546494","name":"Madison"},"id":"3908546494"},{"arcs":[[-354,-2904,3186,3187,-551]],"type":"Polygon","properties":{"geoid":"3911966600","name":"Rich Hill"},"id":"3911966600"},{"arcs":[[3188,-2310,3189,3190]],"type":"Polygon","properties":{"geoid":"3908778372","name":"Union"},"id":"3908778372"},{"arcs":[[3191,3192,3193,3194,3195]],"type":"Polygon","properties":{"geoid":"3904347572","name":"Margaretta"},"id":"3904347572"},{"arcs":[[-2917,3196,3197,3198,3199,3200,3201,3202]],"type":"Polygon","properties":{"geoid":"3916780934","name":"Warren"},"id":"3916780934"},{"arcs":[[-3182,3203,3204,3205]],"type":"Polygon","properties":{"geoid":"3901364962","name":"Pultney"},"id":"3901364962"},{"arcs":[[-665,-26,-1206,-1919,-1841]],"type":"Polygon","properties":{"geoid":"3916323100","name":"Eagle"},"id":"3916323100"},{"arcs":[[[3206,3207,3208,-2929,3209,-2934,3210,-1364]],[[-1368,-2390]]],"type":"MultiPolygon","properties":{"geoid":"3901769498","name":"St. Clair"},"id":"3901769498"},{"arcs":[[[-3082,-2687]],[[-2663,-2662,-2122]],[[3212,-2664,-2120]]],"type":"MultiPolygon","properties":{"geoid":"3904928280","name":"Franklin"},"id":"3904928280"},{"arcs":[[-2847,3213,-2892,3214,-2890,3215]],"type":"Polygon","properties":{"geoid":"3910380304","name":"Wadsworth"},"id":"3910380304"},{"arcs":[[3216,-2980,3217,3218,3219,3220,3221]],"type":"Polygon","properties":{"geoid":"3909301812","name":"Amherst"},"id":"3909301812"},{"arcs":[[-1778,-488,3222,-59]],"type":"Polygon","properties":{"geoid":"3915526684","name":"Farmington"},"id":"3915526684"},{"arcs":[[-2451,-2441,-1869,3223,3224,3225]],"type":"Polygon","properties":{"geoid":"3914552150","name":"Morgan"},"id":"3914552150"},{"arcs":[[-740,3226,3227,3228,3229,3230,-2911,-2502]],"type":"Polygon","properties":{"geoid":"3914736400","name":"Hopewell"},"id":"3914736400"},{"arcs":[[[3231,-2760,3232,-2040]],[[-2046,3233,3234]],[[3235,-2037,3236]]],"type":"MultiPolygon","properties":{"geoid":"3913946578","name":"Madison"},"id":"3913946578"},{"arcs":[[3237,3238,-2183,-580]],"type":"Polygon","properties":{"geoid":"3916703072","name":"Aurelius"},"id":"3916703072"},{"arcs":[[3239,-2966,3240,-2458,3241,3242]],"type":"Polygon","properties":{"geoid":"3905772473","name":"Silvercreek"},"id":"3905772473"},{"arcs":[[-1857,-3040,-1,-2192]],"type":"Polygon","properties":{"geoid":"3917350680","name":"Milton"},"id":"3917350680"},{"arcs":[[3243,-961,-1251,3244,-2446,3245,3246]],"type":"Polygon","properties":{"geoid":"3909772960","name":"Somerford"},"id":"3909772960"},{"arcs":[[3247,-2032,-1575,3248,3249,3250]],"type":"Polygon","properties":{"geoid":"3905336848","name":"Huntington"},"id":"3905336848"},{"arcs":[[3251,-2548,3252,3253,-907]],"type":"Polygon","properties":{"geoid":"3907732102","name":"Greenfield"},"id":"3907732102"},{"arcs":[[3254,3255,3256,-254,3257]],"type":"Polygon","properties":{"geoid":"3905187024","name":"York"},"id":"3905187024"},{"arcs":[[-938,3258,3259,-120,-2477,-1982]],"type":"Polygon","properties":{"geoid":"3905940838","name":"Knox"},"id":"3905940838"},{"arcs":[[3260,3261,3262,-2088]],"type":"Polygon","properties":{"geoid":"3900515672","name":"Clear Creek"},"id":"3900515672"},{"arcs":[[3263,-2553,-3081,3264,-1913,-2754,-1325]],"type":"Polygon","properties":{"geoid":"3912369946","name":"Salem"},"id":"3912369946"},{"arcs":[[3265,3266,3267,3268,-2378]],"type":"Polygon","properties":{"geoid":"3912933978","name":"Harrison"},"id":"3912933978"},{"arcs":[[3269,-1831,-3237,-2047,-3235,3270,3271]],"type":"Polygon","properties":{"geoid":"3913974128","name":"Springfield"},"id":"3913974128"},{"arcs":[[3272,3273,3274,3275,3276]],"type":"Polygon","properties":{"geoid":"3909334972","name":"Henrietta"},"id":"3909334972"},{"arcs":[[3277,-648,-2535,-2968,3278,-6]],"type":"Polygon","properties":{"geoid":"3913778526","name":"Union"},"id":"3913778526"},{"arcs":[[-1201,3279,3280,-1469]],"type":"Polygon","properties":{"geoid":"3916346620","name":"Madison"},"id":"3916346620"},{"arcs":[[-3194,3281,3282,-41,3283,3284]],"type":"Polygon","properties":{"geoid":"3904332578","name":"Groton"},"id":"3904332578"},{"arcs":[[3285,3286,3287,3288,-2401]],"type":"Polygon","properties":{"geoid":"3909107118","name":"Bloomfield"},"id":"3909107118"},{"arcs":[[3289,3290,-2844,3291]],"type":"Polygon","properties":{"geoid":"3910331374","name":"Granger"},"id":"3910331374"},{"arcs":[[-2008,3292]],"type":"Polygon","properties":{"geoid":"3913347180","name":"Mantua"},"id":"3913347180"},{"arcs":[[3293,3294,3295,3296,-2882,3297,-3017,3298]],"type":"Polygon","properties":{"geoid":"3910918224","name":"Concord"},"id":"3910918224"},{"arcs":[[-3298,-2881,-2943,-2371,3299,3300,3301,-2589,-3018]],"type":"Polygon","properties":{"geoid":"3910951492","name":"Monroe"},"id":"3910951492"},{"arcs":[[-1774,3302,-3299,-3016,3303,-1612]],"type":"Polygon","properties":{"geoid":"3910955594","name":"Newton"},"id":"3910955594"},{"arcs":[[3304,3305,-2883,-3297,3306,-3295,3307]],"type":"Polygon","properties":{"geoid":"3910962848","name":"Piqua"},"id":"3910962848"},{"arcs":[[[3308,-2884,-3306]],[[-1880,3309,-3159,3310,-3308,-3294,-3303,-1773]]],"type":"MultiPolygon","properties":{"geoid":"3910981466","name":"Washington"},"id":"3910981466"},{"arcs":[[3314,-2365,3315,-450,3316,3317,-3291]],"type":"Polygon","properties":{"geoid":"3915304248","name":"Bath"},"id":"3915304248"},{"arcs":[[3318,-480,-2363]],"type":"Polygon","properties":{"geoid":"3915307790","name":"Boston Heights"},"id":"3915307790"},{"arcs":[[-3318,3319,-467,-2894,-2845]],"type":"Polygon","properties":{"geoid":"3915318658","name":"Copley"},"id":"3915318658"},{"arcs":[[-3316,-2364,3320,-2172,3321,3322,-451]],"type":"Polygon","properties":{"geoid":"3915319778","name":"Cuyahoga Falls"},"id":"3915319778"},{"arcs":[[-474,-3314,-472,-3313,-470,-3312,-468,-3320,-3317]],"type":"Polygon","properties":{"geoid":"3915326166","name":"Fairlawn"},"id":"3915326166"},{"arcs":[[-460,3323,-458,3324,3325,3326,3327,3328]],"type":"Polygon","properties":{"geoid":"3915351058","name":"Mogadore"},"id":"3915351058"},{"arcs":[[-2896,3329,3330,-1955,-2294,3331,3332]],"type":"Polygon","properties":{"geoid":"3915354562","name":"New Franklin"},"id":"3915354562"},{"arcs":[[3333,-3319,-2362,3334]],"type":"Polygon","properties":{"geoid":"3915356490","name":"Northfield Center"},"id":"3915356490"},{"arcs":[[3335,3336,-1895,3337,3338]],"type":"Polygon","properties":{"geoid":"3915366152","name":"Reminderville"},"id":"3915366152"},{"arcs":[[3339,3340,-2366,-3315,3341]],"type":"Polygon","properties":{"geoid":"3915366544","name":"Richfield"},"id":"3915366544"},{"arcs":[[-478,3342,3343,3344,3345,-2170,-3321]],"type":"Polygon","properties":{"geoid":"3915374944","name":"Stow"},"id":"3915374944"},{"arcs":[[-3323,3346,-3345,3347,-2214,3348,-2216,3349,3350,-3326,3351,-456,3352,-454,3353,-452]],"type":"Polygon","properties":{"geoid":"3915376106","name":"Tallmadge"},"id":"3915376106"},{"arcs":[[-2248,3354,3355,-3339,3356,3357]],"type":"Polygon","properties":{"geoid":"3915378050","name":"Twinsburg"},"id":"3915378050"},{"arcs":[[3358,3359,3360,3361,3362]],"type":"Polygon","properties":{"geoid":"3915504444","name":"Bazetta"},"id":"3915504444"},{"arcs":[[3363,3364,3365,-133,3366,-131]],"type":"Polygon","properties":{"geoid":"3915508056","name":"Braceville"},"id":"3915508056"},{"arcs":[[3367,3368,-3362,-2745,-2792,3369]],"type":"Polygon","properties":{"geoid":"3915536554","name":"Howland"},"id":"3915536554"},{"arcs":[[-378,-494,3370,-3359,-486]],"type":"Polygon","properties":{"geoid":"3915548678","name":"Mecca"},"id":"3915548678"},{"arcs":[[-3366,-1902,-2081,-1407,-2464,-134]],"type":"Polygon","properties":{"geoid":"3915555636","name":"Newton"},"id":"3915555636"},{"arcs":[[-1867,-2597,3371,3372]],"type":"Polygon","properties":{"geoid":"3908733054","name":"Hamilton"},"id":"3908733054"},{"arcs":[[-2596,-1336,3373,3374,-3372]],"type":"Polygon","properties":{"geoid":"3908778974","name":"Upper"},"id":"3908778974"},{"arcs":[[-599,-3027,3375,3376,-1452,-259]],"type":"Polygon","properties":{"geoid":"3906568784","name":"Roundhead"},"id":"3906568784"},{"arcs":[[-117,3377,-591,3378,-3144]],"type":"Polygon","properties":{"geoid":"3906581298","name":"Washington"},"id":"3906581298"},{"arcs":[[-2476,3379,-2130,3380,3381,3382,-2444]],"type":"Polygon","properties":{"geoid":"3909738696","name":"Jefferson"},"id":"3909738696"},{"arcs":[[3383,3384,3385,-2447,-3245,-1250]],"type":"Polygon","properties":{"geoid":"3909762666","name":"Pike"},"id":"3909762666"},{"arcs":[[3386,3387,-882,-2945,-821,-3057]],"type":"Polygon","properties":{"geoid":"3909763338","name":"Pleasant"},"id":"3909763338"},{"arcs":[[-3247,3388,3389,3390,3391,3392,-566,3393]],"type":"Polygon","properties":{"geoid":"3909778428","name":"Union"},"id":"3909778428"},{"arcs":[[-574,3394,3395,-1986,-1496,3396,3397]],"type":"Polygon","properties":{"geoid":"3912112994","name":"Center"},"id":"3912112994"},{"arcs":[[3398,-1989,3399,3400,-321,3401]],"type":"Polygon","properties":{"geoid":"3912124878","name":"Elk"},"id":"3912124878"},{"arcs":[[-1297,3402,-575,-3398,3403,-584]],"type":"Polygon","properties":{"geoid":"3912156028","name":"Noble"},"id":"3912156028"},{"arcs":[[-3404,-3397,-1499,-578,-585]],"type":"Polygon","properties":{"geoid":"3912158310","name":"Olive"},"id":"3912158310"},{"arcs":[[3404,3405,3406,3407,-11,-2073]],"type":"Polygon","properties":{"geoid":"3911909757","name":"Brush Creek"},"id":"3911909757"},{"arcs":[[-414,-944,3408,-1945,3409,-2027,3410,3411,-3044]],"type":"Polygon","properties":{"geoid":"3911912406","name":"Cass"},"id":"3911912406"},{"arcs":[[3412,-543,3413,-12,-3408]],"type":"Polygon","properties":{"geoid":"3911933936","name":"Harrison"},"id":"3911933936"},{"arcs":[[-594,-312,-1884,-623,-2077,-2508]],"type":"Polygon","properties":{"geoid":"3906531024","name":"Goshen"},"id":"3906531024"},{"arcs":[[-2920,-2080,3414,-1824,-2954,3415]],"type":"Polygon","properties":{"geoid":"3906532837","name":"Hale"},"id":"3906532837"},{"arcs":[[-3412,3416,3417,3418,3419,3420,3421,3422,-3045]],"type":"Polygon","properties":{"geoid":"3911953438","name":"Muskingum"},"id":"3911953438"},{"arcs":[[-548,3423,-3405,-2072,3424,-2764,-275]],"type":"Polygon","properties":{"geoid":"3911955608","name":"Newton"},"id":"3911955608"},{"arcs":[[-547,3425,3426,3427,-3406,-3424]],"type":"Polygon","properties":{"geoid":"3911974125","name":"Springfield"},"id":"3911974125"},{"arcs":[[3428,-3422,3429,-3420,3430,3431,3432,-3427,3433]],"type":"Polygon","properties":{"geoid":"3911988084","name":"Zanesville"},"id":"3911988084"},{"arcs":[[3434,3435,-553,-1991,-1934]],"type":"Polygon","properties":{"geoid":"3904535812","name":"Hocking"},"id":"3904535812"},{"arcs":[[-2875,-1291,3436,-225,3437,3438,3439]],"type":"Polygon","properties":{"geoid":"3904543120","name":"Liberty"},"id":"3904543120"},{"arcs":[[3440,-2736,-2588,3441,-1737,3442]],"type":"Polygon","properties":{"geoid":"3909907468","name":"Boardman"},"id":"3909907468"},{"arcs":[[3443,3444,3445,-2585,-2734,3446]],"type":"Polygon","properties":{"geoid":"3909916476","name":"Coitsville"},"id":"3909916476"},{"arcs":[[-809,-2962]],"type":"Polygon","properties":{"geoid":"3909971220","name":"Sebring"},"id":"3909971220"},{"arcs":[[-3425,-2074,-16,-608,3450,-2765]],"type":"Polygon","properties":{"geoid":"3912733964","name":"Harrison"},"id":"3912733964"},{"arcs":[[-2766,-3451,-611,-612,3451,-1360]],"type":"Polygon","properties":{"geoid":"3912762680","name":"Pike"},"id":"3912762680"},{"arcs":[[-2908,-3452,-613,-420,-248]],"type":"Polygon","properties":{"geoid":"3912770226","name":"Salt Lick"},"id":"3912770226"},{"arcs":[[3452,-3111,3453,-3109,3454,-3107,3455,-3105,3456,3457,-3444,3458,-3450,3459,-2737,-3441,3460]],"type":"Polygon","properties":{"geoid":"3909988000","name":"Youngstown"},"id":"3909988000"},{"arcs":[[[3463,3464,3465,3466]],[[-3020,-2593,3467,3468,3469,3470]]],"type":"MultiPolygon","properties":{"geoid":"3911315644","name":"Clayton"},"id":"3911315644"},{"arcs":[[[3471,3472,-1798]],[[-2374,-1795]],[[-3465,3473,-1792,3474]]],"type":"MultiPolygon","properties":{"geoid":"3911333922","name":"Harrison"},"id":"3911333922"},{"arcs":[[3477,-1817,3478,3479,3480,3481]],"type":"Polygon","properties":{"geoid":"3911338738","name":"Jefferson"},"id":"3911338738"},{"arcs":[[-2592,-3019,-2590,3482,-3301,3483,-1786,3484,-1784,3485,3486,-3468]],"type":"Polygon","properties":{"geoid":"3911378625","name":"Union City"},"id":"3911378625"},{"arcs":[[-2816,3487,3488,3489,3490,3491,3492]],"type":"Polygon","properties":{"geoid":"3911381494","name":"Washington"},"id":"3911381494"},{"arcs":[[3493,-32,-3104,-206,-1279]],"type":"Polygon","properties":{"geoid":"3917341328","name":"Lake"},"id":"3917341328"},{"arcs":[[-2279,3494,-33,-3494,-1278,3495]],"type":"Polygon","properties":{"geoid":"3917357190","name":"Northwood"},"id":"3917357190"},{"arcs":[[-1852,3496,3497,-1422,3498,3499]],"type":"Polygon","properties":{"geoid":"3917362106","name":"Perry"},"id":"3917362106"},{"arcs":[[-1960,3500,3501,-3064,-2016,-2015]],"type":"Polygon","properties":{"geoid":"3915726082","name":"Fairfield"},"id":"3915726082"},{"arcs":[[-1216,3502,3503,-1958,3504,3505]],"type":"Polygon","properties":{"geoid":"3915728462","name":"Franklin"},"id":"3915728462"},{"arcs":[[3506,3507,-387,3508,-503]],"type":"Polygon","properties":{"geoid":"3915738836","name":"Jefferson"},"id":"3915738836"},{"arcs":[[3509,-1115,3510,-3501,-1959,-3504]],"type":"Polygon","properties":{"geoid":"3915742182","name":"Lawrence"},"id":"3915742182"},{"arcs":[[-3052,-3151,3513,3514,3515,3516,-3038,-1856]],"type":"Polygon","properties":{"geoid":"3917363002","name":"Plain"},"id":"3917363002"},{"arcs":[[[-2280,-3496,-1277]],[[-1284]]],"type":"MultiPolygon","properties":{"geoid":"3917368686","name":"Rossford"},"id":"3917368686"},{"arcs":[[-3509,-386,-1821,-507,-3041]],"type":"Polygon","properties":{"geoid":"3915769974","name":"Salem"},"id":"3915769974"},{"arcs":[[-1114,3517,-3065,-3502,-3511]],"type":"Polygon","properties":{"geoid":"3915770443","name":"Sandy"},"id":"3915770443"},{"arcs":[[-1964,-2022,-1508,-2021,3518,-382,-3508,3519]],"type":"Polygon","properties":{"geoid":"3915787094","name":"York"},"id":"3915787094"},{"arcs":[[3520,3521,3522,3523,-3385,3524]],"type":"Polygon","properties":{"geoid":"3915920170","name":"Darby"},"id":"3915920170"},{"arcs":[[-141,3525,3526,-416,3527,3528]],"type":"Polygon","properties":{"geoid":"3911728378","name":"Franklin"},"id":"3911728378"},{"arcs":[[3529,-1995,3530,3531,3532,3533,-2210,-138,-2959]],"type":"Polygon","properties":{"geoid":"3911756224","name":"North Bloomfield"},"id":"3911756224"},{"arcs":[[3534,-537,-371,3535,3536]],"type":"Polygon","properties":{"geoid":"3911762260","name":"Peru"},"id":"3911762260"},{"arcs":[[-2841,-626,-1458,-538,-3535,3537,-2328,3538,-2326,3539,-1046]],"type":"Polygon","properties":{"geoid":"3911783454","name":"Westfield"},"id":"3911783454"},{"arcs":[[3540,3541,3542,-2353,3543,3544,3545,3546,-3523]],"type":"Polygon","properties":{"geoid":"3915939046","name":"Jerome"},"id":"3915939046"},{"arcs":[[3547,3548,3549,-513,3550]],"type":"Polygon","properties":{"geoid":"3915976194","name":"Taylor"},"id":"3915976194"},{"arcs":[[-1254,3551,3552,-3525,-3384,-1249]],"type":"Polygon","properties":{"geoid":"3915978582","name":"Union"},"id":"3915978582"},{"arcs":[[-2955,-1826,-230,3553,-3551,-512,-1752]],"type":"Polygon","properties":{"geoid":"3915987122","name":"York"},"id":"3915987122"},{"arcs":[[-520,3554,-2541,-1828]],"type":"Polygon","properties":{"geoid":"3916166978","name":"Ridge"},"id":"3916166978"},{"arcs":[[3555,3556,3557,-637]],"type":"Polygon","properties":{"geoid":"3911361966","name":"Perry"},"id":"3911361966"},{"arcs":[[3558,3559,3560,3561,3562,3563,3564]],"type":"Polygon","properties":{"geoid":"3914367188","name":"Riley"},"id":"3914367188"},{"arcs":[[[-3563,3565,3566]],[[3569,3570]],[[3571,-3565,3572,3573,-1915]]],"type":"MultiPolygon","properties":{"geoid":"3914370408","name":"Sandusky"},"id":"3914370408"},{"arcs":[[3574,-3195,-3285,3575,-3561]],"type":"Polygon","properties":{"geoid":"3914377162","name":"Townsend"},"id":"3914377162"},{"arcs":[[3576,3577,-2405,3578,3579,-1745]],"type":"Polygon","properties":{"geoid":"3914928434","name":"Franklin"},"id":"3914928434"},{"arcs":[[3580,3581,-1245,-1747,3582,3583,3584]],"type":"Polygon","properties":{"geoid":"3914946172","name":"McLean"},"id":"3914946172"},{"arcs":[[3585,-3225,3586,3587,3588,-2779]],"type":"Polygon","properties":{"geoid":"3914509764","name":"Brush Creek"},"id":"3914509764"},{"arcs":[[-2440,3589,-698,3590,-2267,3591,3592,-1871]],"type":"Polygon","properties":{"geoid":"3914515560","name":"Clay"},"id":"3914515560"},{"arcs":[[-2862,-69,3593,-1849,3594,-693,3595]],"type":"Polygon","properties":{"geoid":"3914546606","name":"Madison"},"id":"3914546606"},{"arcs":[[[-2263,-695,3596,-1864,3597]],[[-697,-2262,-3591]]],"type":"MultiPolygon","properties":{"geoid":"3914564206","name":"Porter"},"id":"3914564206"},{"arcs":[[3598,-2452,-3226,-3586,-2778,-1232]],"type":"Polygon","properties":{"geoid":"3914565522","name":"Rarden"},"id":"3914565522"},{"arcs":[[-3224,-1873,3599,3600,-3587]],"type":"Polygon","properties":{"geoid":"3914578554","name":"Union"},"id":"3914578554"},{"arcs":[[-729,3601,3602,3603,-2251,3604]],"type":"Polygon","properties":{"geoid":"3908924332","name":"Eden"},"id":"3908924332"},{"arcs":[[3605,-2428,3606,-707,-2059,3607]],"type":"Polygon","properties":{"geoid":"3908928336","name":"Franklin"},"id":"3908928336"},{"arcs":[[-307,3608,-3437,-1290,3609]],"type":"Polygon","properties":{"geoid":"3908933894","name":"Harrison"},"id":"3908933894"},{"arcs":[[-724,-2429,-3606,3610,3611]],"type":"Polygon","properties":{"geoid":"3908934748","name":"Heath"},"id":"3908934748"},{"arcs":[[-710,-308,3612,3613]],"type":"Polygon","properties":{"geoid":"3908939102","name":"Jersey"},"id":"3908939102"},{"arcs":[[-3611,-3608,-2062,3614,3615]],"type":"Polygon","properties":{"geoid":"3908943456","name":"Licking"},"id":"3908943456"},{"arcs":[[-2515,3616,3617,-283]],"type":"Polygon","properties":{"geoid":"3910736344","name":"Hopewell"},"id":"3910736344"},{"arcs":[[-3618,3618,-1885,3619,-195,3620,-678,-2258,3621,-284]],"type":"Polygon","properties":{"geoid":"3910738724","name":"Jefferson"},"id":"3910738724"},{"arcs":[[3622,-2260,-1859,3623,3624]],"type":"Polygon","properties":{"geoid":"3910765781","name":"Recovery"},"id":"3910765781"},{"arcs":[[[3625,-720,3626,-2254,-2425,-722]],[[3627,-718,3628,-716,3629,-714,-2420,-712,-2423]]],"type":"MultiPolygon","properties":{"geoid":"3908954054","name":"Newark"},"id":"3908954054"},{"arcs":[[3630,-730,-3605,-2250,-3627,-719,-3628,-2422]],"type":"Polygon","properties":{"geoid":"3908955580","name":"Newton"},"id":"3908955580"},{"arcs":[[[-1426,-1287,-1429]],[[3631,-2630,3632,-3613,-3610,-1289,-1425,-1428,-2632]]],"type":"MultiPolygon","properties":{"geoid":"3908961112","name":"Pataskala"},"id":"3908961112"},{"arcs":[[3633,3634]],"type":"Polygon","properties":{"geoid":"3914305228","name":"Bellevue"},"id":"3914305228"},{"arcs":[[-1916,3635,-738,-85]],"type":"Polygon","properties":{"geoid":"3914338052","name":"Jackson"},"id":"3914338052"},{"arcs":[[-3265,-3080,3636,-3559,-3572,-1914]],"type":"Polygon","properties":{"geoid":"3914366460","name":"Rice"},"id":"3914366460"},{"arcs":[[3637,3638,-2713,3639,3640]],"type":"Polygon","properties":{"geoid":"3914118238","name":"Concord"},"id":"3914118238"},{"arcs":[[3641,-2531,3642,3643,3644,-3638]],"type":"Polygon","properties":{"geoid":"3914121224","name":"Deerfield"},"id":"3914121224"},{"arcs":[[-2567,3645,3646,-1603,-2715]],"type":"Polygon","properties":{"geoid":"3914136890","name":"Huntington"},"id":"3914136890"},{"arcs":[[-3645,3647,3648,3649,-2843,-2564,-2714,-3639]],"type":"Polygon","properties":{"geoid":"3914178540","name":"Union"},"id":"3914178540"},{"arcs":[[3650,3651,-3248,3652,3653]],"type":"Polygon","properties":{"geoid":"3907907090","name":"Bloomfield"},"id":"3907907090"},{"arcs":[[-672,3654,-677,3655,3656,3657]],"type":"Polygon","properties":{"geoid":"3907916336","name":"Coal"},"id":"3907916336"},{"arcs":[[[3660,3661,3662]],[[3663,3664,3665,3666,3667,3668]]],"type":"MultiPolygon","properties":{"geoid":"3907937842","name":"Jackson"},"id":"3907937842"},{"arcs":[[[-3657,3669,-3651,3670,-3664,3671]],[[-3666,3672,-3659,3673,-3663,3674,3675]]],"type":"MultiPolygon","properties":{"geoid":"3907943442","name":"Lick"},"id":"3907943442"},{"arcs":[[3676,-3653,-3251,3677,3678,-2302,3679]],"type":"Polygon","properties":{"geoid":"3907946466","name":"Madison"},"id":"3907946466"},{"arcs":[[-743,-2065,-1674,3680,3681]],"type":"Polygon","properties":{"geoid":"3914707006","name":"Bloom"},"id":"3914707006"},{"arcs":[[3682,-3682,3683,-1298,-2912]],"type":"Polygon","properties":{"geoid":"3914724346","name":"Eden"},"id":"3914724346"},{"arcs":[[-1420,-3498,3684,-2500,3685]],"type":"Polygon","properties":{"geoid":"3914728014","name":"Fostoria"},"id":"3914728014"},{"arcs":[[-86,-741,-2501,-3685,-3497]],"type":"Polygon","properties":{"geoid":"3914738066","name":"Jackson"},"id":"3914738066"},{"arcs":[[-1877,-914,-911,-2063,-742]],"type":"Polygon","properties":{"geoid":"3914765942","name":"Reed"},"id":"3914765942"},{"arcs":[[3686,3687,-2038,-3236,-1830]],"type":"Polygon","properties":{"geoid":"3913928406","name":"Franklin"},"id":"3913928406"},{"arcs":[[3688,3689,3690,3691,3692,-3272,3693,-3533,3694]],"type":"Polygon","properties":{"geoid":"3913970394","name":"Sandusky"},"id":"3913970394"},{"arcs":[[-3694,-3271,3696,-2042,3697,3698,3699,-2211,-3534]],"type":"Polygon","properties":{"geoid":"3913977616","name":"Troy"},"id":"3913977616"},{"arcs":[[[-2041,-3233,-396,-2002,-3698]],[[-3234,-2045,-3696,-2043,-3697]]],"type":"MultiPolygon","properties":{"geoid":"3913981578","name":"Washington"},"id":"3913981578"},{"arcs":[[-656,-100,3700,3701,-501,-3131,-1834]],"type":"Polygon","properties":{"geoid":"3907515280","name":"Clark"},"id":"3907515280"},{"arcs":[[3702,3703,-3164,3704,-2223,3705]],"type":"Polygon","properties":{"geoid":"3907540852","name":"Knox"},"id":"3907540852"},{"arcs":[[-2224,-3705,-3163,3706,3707,3708,3709]],"type":"Polygon","properties":{"geoid":"3907566712","name":"Richland"},"id":"3907566712"},{"arcs":[[-2801,-2493,-1858,-2191,3710]],"type":"Polygon","properties":{"geoid":"3906920016","name":"Damascus"},"id":"3906920016"},{"arcs":[[3711,3712,3713,3714,3715,3716,3717,3718]],"type":"Polygon","properties":{"geoid":"3910309680","name":"Brunswick"},"id":"3910309680"},{"arcs":[[3719,3720,3721,3722]],"type":"Polygon","properties":{"geoid":"3910313750","name":"Chatham"},"id":"3910313750"},{"arcs":[[3723,3724,-3342,-3290,3725,-3717]],"type":"Polygon","properties":{"geoid":"3910335644","name":"Hinckley"},"id":"3910335644"},{"arcs":[[3726,-1405,-3720,-49]],"type":"Polygon","properties":{"geoid":"3910344072","name":"Litchfield"},"id":"3910344072"},{"arcs":[[-1715,-2989,3727,3728]],"type":"Polygon","properties":{"geoid":"3913751562","name":"Monroe"},"id":"3913751562"},{"arcs":[[3729,-8,3730,3731,-1968]],"type":"Polygon","properties":{"geoid":"3913751660","name":"Monterey"},"id":"3913751660"},{"arcs":[[3732,-79,-1155,-2532]],"type":"Polygon","properties":{"geoid":"3913767174","name":"Riley"},"id":"3913767174"},{"arcs":[[-127,-851,3733,3734]],"type":"Polygon","properties":{"geoid":"3913779450","name":"Van Buren"},"id":"3913779450"},{"arcs":[[-1998,-1317,3735,3736,-2544]],"type":"Polygon","properties":{"geoid":"3910106348","name":"Big Island"},"id":"3910106348"},{"arcs":[[3737,-1681,3738,-1314,-1997]],"type":"Polygon","properties":{"geoid":"3910131192","name":"Grand Prairie"},"id":"3910131192"},{"arcs":[[-1315,-628,-2840,-2559,3739]],"type":"Polygon","properties":{"geoid":"3910163352","name":"Pleasant"},"id":"3910163352"},{"arcs":[[-1680,-1527,-618,-3739]],"type":"Polygon","properties":{"geoid":"3910171073","name":"Scott"},"id":"3910171073"},{"arcs":[[-3734,-1338,-3733,-646]],"type":"Polygon","properties":{"geoid":"3913706880","name":"Blanchard"},"id":"3913706880"},{"arcs":[[-3731,-7,-3279,-2972,3740,3741]],"type":"Polygon","properties":{"geoid":"3913738976","name":"Jennings"},"id":"3913738976"},{"arcs":[[3742,3743,-2849,-3097,3744]],"type":"Polygon","properties":{"geoid":"3910351856","name":"Montville"},"id":"3910351856"},{"arcs":[[3745,3746,3747,3748,-3099]],"type":"Polygon","properties":{"geoid":"3910367356","name":"Rittman"},"id":"3910367356"},{"arcs":[[-3092,3749,-3090,3750,-3095,3751]],"type":"Polygon","properties":{"geoid":"3910371488","name":"Seville Village"},"id":"3910371488"},{"arcs":[[-50,-3723,-641,3752],[-2105]],"type":"Polygon","properties":{"geoid":"3910373999","name":"Spencer"},"id":"3910373999"},{"arcs":[[3753,-3096,-3751,-3091,-3750,-3093,-3752,-3094,3754,3755,3756],[3757],[-1783]],"type":"Polygon","properties":{"geoid":"3910383426","name":"Westfield"},"id":"3910383426"},{"arcs":[[3758]],"type":"Polygon","properties":{"geoid":"3913524234","name":"Eaton"},"id":"3913524234"},{"arcs":[[3759,3760,-2937,3761,-2984]],"type":"Polygon","properties":{"geoid":"3913531486","name":"Gratis"},"id":"3913531486"},{"arcs":[[-632,-2985,-916,3762]],"type":"Polygon","properties":{"geoid":"3913537590","name":"Israel"},"id":"3913537590"},{"arcs":[[-3075,-2001,-634,3763]],"type":"Polygon","properties":{"geoid":"3913538780","name":"Jefferson"},"id":"3913538780"},{"arcs":[[-638,3764,-3760,3765,3766]],"type":"Polygon","properties":{"geoid":"3913541846","name":"Lanier"},"id":"3913541846"},{"arcs":[[-2599,-428,3767,-2397,-756]],"type":"Polygon","properties":{"geoid":"3900752066","name":"Morgan"},"id":"3900752066"},{"arcs":[[3768,-2325,-2797,3769]],"type":"Polygon","properties":{"geoid":"3900756700","name":"North Kingsville"},"id":"3900756700"},{"arcs":[[3770,-3770,-2796,-3135,-2269]],"type":"Polygon","properties":{"geoid":"3900702652","name":"Ashtabula"},"id":"3900702652"},{"arcs":[[-762,-2382,-770,3771,3772,-1973]],"type":"Polygon","properties":{"geoid":"3901981116","name":"Washington"},"id":"3901981116"},{"arcs":[[3773,3774,-2536,3775,3776]],"type":"Polygon","properties":{"geoid":"3904337030","name":"Huron"},"id":"3904337030"},{"arcs":[[3777,-2907,3778,3779,3780]],"type":"Polygon","properties":{"geoid":"3904379730","name":"Vermilion"},"id":"3904379730"},{"arcs":[[3781,3782,3783,-3183,-3206,3784,3785,-801]],"type":"Polygon","properties":{"geoid":"3901366628","name":"Richland"},"id":"3901366628"},{"arcs":[[3786,3787,3788,3789,3790,3791]],"type":"Polygon","properties":{"geoid":"3909133908","name":"Harrison"},"id":"3909133908"},{"arcs":[[3792,3793,-2995,3794,-3789]],"type":"Polygon","properties":{"geoid":"3909141286","name":"Lake"},"id":"3909141286"},{"arcs":[[3795,3796,-3793,-3788,3797]],"type":"Polygon","properties":{"geoid":"3909145682","name":"McArthur"},"id":"3909145682"},{"arcs":[[-3289,3798,-3792,3799,-782,-2402]],"type":"Polygon","properties":{"geoid":"3909163324","name":"Pleasant"},"id":"3909163324"},{"arcs":[[-3800,-3791,3800,3801,-783]],"type":"Polygon","properties":{"geoid":"3909178414","name":"Union"},"id":"3909178414"},{"arcs":[[[3802,3803,3804]],[[3805,3806,3807,3808,3809,-814]]],"type":"MultiPolygon","properties":{"geoid":"3902944226","name":"Liverpool"},"id":"3902944226"},{"arcs":[[-1349,3810,3811,3812]],"type":"Polygon","properties":{"geoid":"3902949784","name":"Middleton"},"id":"3902949784"},{"arcs":[[-3812,3813,-3803,3814,-3808,3815]],"type":"Polygon","properties":{"geoid":"3902969512","name":"St. Clair"},"id":"3902969512"},{"arcs":[[-828,3816,-571,3817]],"type":"Polygon","properties":{"geoid":"3905979156","name":"Valley"},"id":"3905979156"},{"arcs":[[-1629,-509,-1823,-211,3818,-3259,-937]],"type":"Polygon","properties":{"geoid":"3905984616","name":"Wheeling"},"id":"3905984616"},{"arcs":[[-527,3820,3821,3822,3823,3824,-2991,3825]],"type":"Polygon","properties":{"geoid":"3906301308","name":"Allen"},"id":"3906301308"},{"arcs":[[-3820,-2992,-3825,3826,-3823,3827,3828,-844,-2994]],"type":"Polygon","properties":{"geoid":"3906327048","name":"Findlay"},"id":"3906327048"},{"arcs":[[3829,3830,-1588,3831,-845,-3829]],"type":"Polygon","properties":{"geoid":"3906347698","name":"Marion"},"id":"3906347698"},{"arcs":[[-3499,-1421,-3686,-2504,3832,3833]],"type":"Polygon","properties":{"geoid":"3906381284","name":"Washington"},"id":"3906381284"},{"arcs":[[[-2909,-252,-856,3834,3835]],[[-1596,3836,3837,3838,-2099]]],"type":"MultiPolygon","properties":{"geoid":"3907326488","name":"Falls"},"id":"3907326488"},{"arcs":[[-883,-562,-1992,-1598,-2101,-23,-1838]],"type":"Polygon","properties":{"geoid":"3907361868","name":"Perry"},"id":"3907361868"},{"arcs":[[-2100,-3839,3839,3840,-1207,-853]],"type":"Polygon","properties":{"geoid":"3907381354","name":"Washington"},"id":"3907381354"},{"arcs":[[-45,3841,-43,3842,-1875,3843,-3634,3844,3845,3846]],"type":"Polygon","properties":{"geoid":"3907705228","name":"Bellevue"},"id":"3907705228"},{"arcs":[[3847,-862,-2546,3848]],"type":"Polygon","properties":{"geoid":"3907709148","name":"Bronson"},"id":"3907709148"},{"arcs":[[-20,3849,-2086,3850,3851],[-143]],"type":"Polygon","properties":{"geoid":"3907732382","name":"Greenwich"},"id":"3907732382"},{"arcs":[[-1605,3852,3853,3854,-2449,3855]],"type":"Polygon","properties":{"geoid":"3913155622","name":"Newton"},"id":"3913155622"},{"arcs":[[-3647,3856,3857,3858,-3853,-1604]],"type":"Polygon","properties":{"geoid":"3913161434","name":"Pee Pee"},"id":"3913161434"},{"arcs":[[3859,-2864,-2438,-2450,-3855]],"type":"Polygon","properties":{"geoid":"3913170884","name":"Scioto"},"id":"3913170884"},{"arcs":[[3860,3861,-1606,-3856,-2448,-3599,-1231]],"type":"Polygon","properties":{"geoid":"3913175637","name":"Sunfish"},"id":"3913175637"},{"arcs":[[-3843,-42,-3283,3862,3863,-912,-1876]],"type":"Polygon","properties":{"geoid":"3907745514","name":"Lyme"},"id":"3907745514"},{"arcs":[[-2787,3865,3866,3867]],"type":"Polygon","properties":{"geoid":"3904731724","name":"Green"},"id":"3904731724"},{"arcs":[[-2965,-2199,3868,-2091,-2459,-3241]],"type":"Polygon","properties":{"geoid":"3904738598","name":"Jefferson"},"id":"3904738598"},{"arcs":[[-2786,-2095,3869,3870,-3866]],"type":"Polygon","properties":{"geoid":"3904761826","name":"Perry"},"id":"3904761826"},{"arcs":[[-2094,-2300,-3642,-3641,3871,-3870]],"type":"Polygon","properties":{"geoid":"3904782166","name":"Wayne"},"id":"3904782166"},{"arcs":[[-2307,-2465,-2169,3872]],"type":"Polygon","properties":{"geoid":"3913313610","name":"Charlestown"},"id":"3913313610"},{"arcs":[[-2068,-1524,3873,3874]],"type":"Polygon","properties":{"geoid":"3912505634","name":"Benton"},"id":"3912505634"},{"arcs":[[3875,-3729,3876,3877,3878]],"type":"Polygon","properties":{"geoid":"3912509512","name":"Brown"},"id":"3912509512"},{"arcs":[[3879,3880,-3879,-867,-3136]],"type":"Polygon","properties":{"geoid":"3912537954","name":"Jackson"},"id":"3912537954"},{"arcs":[[-3878,3881,-9,-3730,-1967,-868]],"type":"Polygon","properties":{"geoid":"3912581536","name":"Washington"},"id":"3912581536"},{"arcs":[[-424,-876,3882,-1909,3883]],"type":"Polygon","properties":{"geoid":"3911536092","name":"Homer"},"id":"3911536092"},{"arcs":[[3884,3885,3886,3887,-873,3888]],"type":"Polygon","properties":{"geoid":"3911546984","name":"Malta"},"id":"3911546984"},{"arcs":[[-875,3889,3890,3891,-1536,-3883]],"type":"Polygon","properties":{"geoid":"3911547796","name":"Marion"},"id":"3911547796"},{"arcs":[[3892,-3887,3893,-1423,-319,3894,-2919,-2201,3895,-3891]],"type":"Polygon","properties":{"geoid":"3911586016","name":"Windsor"},"id":"3911586016"},{"arcs":[[-3242,-2463,3896,-1624,3897]],"type":"Polygon","properties":{"geoid":"3905738626","name":"Jefferson"},"id":"3905738626"},{"arcs":[[3898,-2513,-3133,-2109,3899]],"type":"Polygon","properties":{"geoid":"3905749336","name":"Miami"},"id":"3905749336"},{"arcs":[[3900,3901,3902,3903,3904,3905]],"type":"Polygon","properties":{"geoid":"3912915070","name":"Circleville"},"id":"3912915070"},{"arcs":[[-2947,3906,3907,-3643,-2530]],"type":"Polygon","properties":{"geoid":"3912921168","name":"Deercreek"},"id":"3912921168"},{"arcs":[[3908,3909,-885,3910,-3649,3911]],"type":"Polygon","properties":{"geoid":"3912962484","name":"Pickaway"},"id":"3912962484"},{"arcs":[[3912,-2113,3913,-920,3914,3915]],"type":"Polygon","properties":{"geoid":"3905774223","name":"Spring Valley"},"id":"3905774223"},{"arcs":[[3916,-3488,-2815,-900,-2814,-898,3917,3918,-3916,3919,-3490]],"type":"Polygon","properties":{"geoid":"3905775201","name":"Sugarcreek"},"id":"3905775201"},{"arcs":[[-3919,3920,-2106,-3913]],"type":"Polygon","properties":{"geoid":"3905786772","name":"Xenia"},"id":"3905786772"},{"arcs":[[[-3030,-2346,-1462]],[[3921,-2156,-1466]],[[-3031,-1468,-2155,3922]]],"type":"MultiPolygon","properties":{"geoid":"3908316140","name":"Clinton"},"id":"3908316140"},{"arcs":[[-2025,-1126,-3173,-1979]],"type":"Polygon","properties":{"geoid":"3908335462","name":"Hilliar"},"id":"3908335462"},{"arcs":[[-2344,3923,3924,-1119,-1303]],"type":"Polygon","properties":{"geoid":"3908336526","name":"Howard"},"id":"3908336526"},{"arcs":[[-1052,-2104,-2009,-3293,-2007,-1897]],"type":"Polygon","properties":{"geoid":"3913347194","name":"Mantua"},"id":"3913347194"},{"arcs":[[-1931,-3923,-1123,-2024]],"type":"Polygon","properties":{"geoid":"3908343218","name":"Liberty"},"id":"3908343218"},{"arcs":[[3925,3926,-2005,3927,-2773,-1926,-3527]],"type":"Polygon","properties":{"geoid":"3908349658","name":"Middlebury"},"id":"3908349658"},{"arcs":[[3928,-2014,3929,-2343,-3029]],"type":"Polygon","properties":{"geoid":"3908362652","name":"Pike"},"id":"3908362652"},{"arcs":[[-3922,-1465,-1464,-2345,-1304,-1117,-2749,-2157]],"type":"Polygon","properties":{"geoid":"3908363310","name":"Pleasant"},"id":"3908363310"},{"arcs":[[3930,-2225,-3710,3931,-2868,-3925]],"type":"Polygon","properties":{"geoid":"3908378358","name":"Union"},"id":"3908378358"},{"arcs":[[3932,-1081,-3005,3933,3934]],"type":"Polygon","properties":{"geoid":"3901542910","name":"Lewis"},"id":"3901542910"},{"arcs":[[-1699,3935,3936,-3001,-1079]],"type":"Polygon","properties":{"geoid":"3901571066","name":"Scott"},"id":"3901571066"},{"arcs":[[-1694,-1075,3937,3938,-3003]],"type":"Polygon","properties":{"geoid":"3901578232","name":"Union"},"id":"3901578232"},{"arcs":[[-3328,3939,3940]],"type":"Polygon","properties":{"geoid":"3913351058","name":"Mogadore"},"id":"3913351058"},{"arcs":[[-2011,-3873,-338,3941],[3942]],"type":"Polygon","properties":{"geoid":"3913365606","name":"Ravenna"},"id":"3913365606"},{"arcs":[[-3940,-3327,-3351,3943,-1584,3944,3945]],"type":"Polygon","properties":{"geoid":"3913375189","name":"Suffield"},"id":"3913375189"},{"arcs":[[-3367,-132]],"type":"Polygon","properties":{"geoid":"3913385946","name":"Windham"},"id":"3913385946"},{"arcs":[[-2520,3946,-2525,-2368,-2528,3947,-1034]],"type":"Polygon","properties":{"geoid":"3904105774","name":"Berkshire"},"id":"3904105774"},{"arcs":[[3948,3949,3950,3951,3952,-2619,3953,-2617,3954]],"type":"Polygon","properties":{"geoid":"3904118010","name":"Columbus City"},"id":"3904118010"},{"arcs":[[-3948,-2859,3955,-2413,3956,3957]],"type":"Polygon","properties":{"geoid":"3904129694","name":"Genoa"},"id":"3904129694"},{"arcs":[[-3536,-1981,-3947,-2519]],"type":"Polygon","properties":{"geoid":"3904140362","name":"Kingston"},"id":"3904140362"},{"arcs":[[-1047,-3540,-2329,-3538,-3537,-2518,3958]],"type":"Polygon","properties":{"geoid":"3904159262","name":"Oxford"},"id":"3904159262"},{"arcs":[[3959,-2561,-2470,3960,3961]],"type":"Polygon","properties":{"geoid":"3904176617","name":"Thompson"},"id":"3904176617"},{"arcs":[[-1048,-3959,-2517,3962,-2143,3963,-2141,3964,-2467]],"type":"Polygon","properties":{"geoid":"3904177560","name":"Troy"},"id":"3904177560"},{"arcs":[[[-1953,-1708,-1097]],[[-1954,-1095,-1712,-2720,-295,-2726,-2295]]],"type":"MultiPolygon","properties":{"geoid":"3915138094","name":"Jackson"},"id":"3915138094"},{"arcs":[[3965,-3945,-1583,-1704,-1709,-1952]],"type":"Polygon","properties":{"geoid":"3915141314","name":"Lake"},"id":"3915141314"},{"arcs":[[-1100,3966]],"type":"Polygon","properties":{"geoid":"3915145094","name":"Louisville"},"id":"3915145094"},{"arcs":[[-1103,-1705,-1101,-3967,-1099,-1710,-1703,3967,-1941,3968,-1706]],"type":"Polygon","properties":{"geoid":"3915155944","name":"Nimishillen"},"id":"3915155944"},{"arcs":[[3969,-3130,3970,-1113]],"type":"Polygon","properties":{"geoid":"3915170436","name":"Sandy"},"id":"3915170436"},{"arcs":[[3971,-1058,3972,-1662]],"type":"Polygon","properties":{"geoid":"3905513554","name":"Chardon"},"id":"3905513554"},{"arcs":[[3973,3974,-1668,-1054,-3972,-1661]],"type":"Polygon","properties":{"geoid":"3905532914","name":"Hambden"},"id":"3905532914"},{"arcs":[[-2287,-1768,-1779,-58,-2807,3975,-2803]],"type":"Polygon","properties":{"geoid":"3905549714","name":"Middlefield"},"id":"3905549714"},{"arcs":[[-2808,-61,-2102,-1051]],"type":"Polygon","properties":{"geoid":"3905577574","name":"Troy"},"id":"3905577574"},{"arcs":[[-2695]],"type":"Polygon","properties":{"geoid":"3904906278","name":"Bexley"},"id":"3904906278"},{"arcs":[[-2475,3977,-2660,3978,3979,-2653,3980,-2651,3981,-2124,-3380]],"type":"Polygon","properties":{"geoid":"3904909442","name":"Brown"},"id":"3904909442"},{"arcs":[[3982,-2691,3983,-2693]],"type":"Polygon","properties":{"geoid":"3904916112","name":"Clinton"},"id":"3904916112"},{"arcs":[[-1020,3984,-3123,3985]],"type":"Polygon","properties":{"geoid":"3903504878","name":"Bedford"},"id":"3903504878"},{"arcs":[[3986,3987,-2360,-3341,3988]],"type":"Polygon","properties":{"geoid":"3903508364","name":"Brecksville"},"id":"3903508364"},{"arcs":[[-2182,-1006,3989,3990,3991,3992,-1008]],"type":"Polygon","properties":{"geoid":"3903519806","name":"Cuyahoga Heights"},"id":"3903519806"},{"arcs":[[3993,3994,-967,3995,-2335,-964,-2340,3996,-1320]],"type":"Polygon","properties":{"geoid":"3902329862","name":"German"},"id":"3902329862"},{"arcs":[[3997,3998,3999,4000,-2700,-2505,-997]],"type":"Polygon","properties":{"geoid":"3903525704","name":"Euclid"},"id":"3903525704"},{"arcs":[[4001,4002,4003,-992,4004,4005]],"type":"Polygon","properties":{"geoid":"3903526446","name":"Fairview Park"},"id":"3903526446"},{"arcs":[[4006,-993,-4004,4007]],"type":"Polygon","properties":{"geoid":"3903541664","name":"Lakewood"},"id":"3903541664"},{"arcs":[[4008,-1528,-2173,-1517]],"type":"Polygon","properties":{"geoid":"3903548468","name":"Mayfield"},"id":"3903548468"},{"arcs":[[4009,4010,-3724,4011]],"type":"Polygon","properties":{"geoid":"3903557008","name":"North Royalton"},"id":"3903557008"},{"arcs":[[4012,4013,-3140,-2889,-2231,4014]],"type":"Polygon","properties":{"geoid":"3903558408","name":"Olmsted"},"id":"3903558408"},{"arcs":[[-2167,4015,-1014,-3000,-1010,4016,4017,4018,-4010,4019]],"type":"Polygon","properties":{"geoid":"3903561000","name":"Parma"},"id":"3903561000"},{"arcs":[[4020,-1648,4021,4022,4023,-3337,4024,-3355,-2247,-3125]],"type":"Polygon","properties":{"geoid":"3903572928","name":"Solon"},"id":"3903572928"},{"arcs":[[-3991,4025,4026,4027,4028]],"type":"Polygon","properties":{"geoid":"3903579268","name":"Valley View"},"id":"3903579268"},{"arcs":[[-1637,-982,4029,-4002,4030,4031]],"type":"Polygon","properties":{"geoid":"3903583622","name":"Westlake"},"id":"3903583622"},{"arcs":[[4032,4033,4034,-3344]],"type":"Polygon","properties":{"geoid":"3913339872","name":"Kent"},"id":"3913339872"},{"arcs":[[-156,-2739]],"type":"Polygon","properties":{"geoid":"3906114128","name":"Cheviot"},"id":"3906114128"},{"arcs":[[-3006,-2395,4035,4036,4037,4038,4039,4040,4041,4042,4043,4044,4045,-158,-2738,4046,-2316]],"type":"Polygon","properties":{"geoid":"3906116616","name":"Colerain"},"id":"3906116616"},{"arcs":[[4047,4048,4049,4050,4051]],"type":"Polygon","properties":{"geoid":"3906130380","name":"Glendale"},"id":"3906130380"},{"arcs":[[4052,4053]],"type":"Polygon","properties":{"geoid":"3906132158","name":"Greenhills"},"id":"3906132158"},{"arcs":[[-1210,4054,4055,4056]],"type":"Polygon","properties":{"geoid":"3906145108","name":"Loveland"},"id":"3906145108"},{"arcs":[[-181,4057,-179,4058,4059,4060,4061,4062,4063]],"type":"Polygon","properties":{"geoid":"3906147600","name":"Mariemont"},"id":"3906147600"},{"arcs":[[4064,4065,4066,4067,4068]],"type":"Polygon","properties":{"geoid":"3906151716","name":"Montgomery"},"id":"3906151716"},{"arcs":[[4069,-1635,4070,-160,4071,-4045]],"type":"Polygon","properties":{"geoid":"3906156322","name":"North College Hill"},"id":"3906156322"},{"arcs":[[4072,4073,4074,-4048,4075,4076]],"type":"Polygon","properties":{"geoid":"3906174104","name":"Springdale"},"id":"3906174104"},{"arcs":[[4077,-952,4078,4079,4080]],"type":"Polygon","properties":{"geoid":"3906176428","name":"Terrace Park"},"id":"3906176428"},{"arcs":[[4081,-1633,4082,-164,4083,-162,4084]],"type":"Polygon","properties":{"geoid":"3906186730","name":"Wyoming"},"id":"3906186730"},{"arcs":[[4085,-2604,4086,-2602,4087,-2628,4088,-2626]],"type":"Polygon","properties":{"geoid":"3904950064","name":"Mifflin"},"id":"3904950064"},{"arcs":[[4089,-2858,-3614,4090,-2605,-4086,-2625]],"type":"Polygon","properties":{"geoid":"3904962974","name":"Plain"},"id":"3904962974"},{"arcs":[[4091,-1293,-2877,-2634]],"type":"Polygon","properties":{"geoid":"3904977714","name":"Truro"},"id":"3904977714"},{"arcs":[[-2676,4092,-2674,4093,-902,-2672,4094,-2670,4095]],"type":"Polygon","properties":{"geoid":"3904979002","name":"Upper Arlington"},"id":"3904979002"},{"arcs":[[-3167,-2176,4096,-2853,4097]],"type":"Polygon","properties":{"geoid":"3902779772","name":"Vernon"},"id":"3902779772"},{"arcs":[[-4097,4098,-2136,-1619,-927,-2854]],"type":"Polygon","properties":{"geoid":"3902781144","name":"Washington"},"id":"3902781144"},{"arcs":[[4099]],"type":"Polygon","properties":{"geoid":"3902785792","name":"Wilmington"},"id":"3902785792"},{"arcs":[[-3253,4100,4101,-650,4102,4103,4104]],"type":"Polygon","properties":{"geoid":"3907754712","name":"New Haven"},"id":"3907754712"},{"arcs":[[-55,-933,4105,4106,4107,4108,4109,4110,4111]],"type":"Polygon","properties":{"geoid":"3903137730","name":"Jackson"},"id":"3903137730"},{"arcs":[[4112,-57,4113,-2869]],"type":"Polygon","properties":{"geoid":"3903154376","name":"Newcastle"},"id":"3903154376"},{"arcs":[[-4114,4114,4115,4116,4117]],"type":"Polygon","properties":{"geoid":"3903161812","name":"Perry"},"id":"3903161812"},{"arcs":[[[4118,4119,4120,-4109]],[[4121,4122,4123,-4107]]],"type":"MultiPolygon","properties":{"geoid":"3903177896","name":"Tuscarawas"},"id":"3903177896"},{"arcs":[[-3132,-505,-3042,-1627,4124,4125]],"type":"Polygon","properties":{"geoid":"3903184714","name":"White Eyes"},"id":"3903184714"},{"arcs":[[4126,-1197,4127,-18]],"type":"Polygon","properties":{"geoid":"3907754922","name":"New London"},"id":"3907754922"},{"arcs":[[4128,4129]],"type":"Polygon","properties":{"geoid":"3907757302","name":"Norwalk"},"id":"3907757302"},{"arcs":[[-2538,-1757,-863,-3848,4130,-4129,4131]],"type":"Polygon","properties":{"geoid":"3907757316","name":"Norwalk"},"id":"3907757316"},{"arcs":[[4132,-3849,-3252,-913]],"type":"Polygon","properties":{"geoid":"3907762246","name":"Peru"},"id":"3907762246"},{"arcs":[[4133,-3276,4134,4135,-1756]],"type":"Polygon","properties":{"geoid":"3907780472","name":"Wakeman"},"id":"3907780472"},{"arcs":[[[-3211,-2933,4136,4137,4138,-1365]],[[4140,-2392]],[[4141,-4036,-2394]]],"type":"MultiPolygon","properties":{"geoid":"3901725984","name":"Fairfield"},"id":"3901725984"},{"arcs":[[-82,-3207,-1363,-2389,-3178]],"type":"Polygon","properties":{"geoid":"3901733250","name":"Hanover"},"id":"3901733250"},{"arcs":[[4142,-2935,-3210,-2928,-3209]],"type":"Polygon","properties":{"geoid":"3901777322","name":"Trenton"},"id":"3901777322"},{"arcs":[[-3762,-2936,-4143,-3208,-81]],"type":"Polygon","properties":{"geoid":"3901782082","name":"Wayne"},"id":"3901782082"},{"arcs":[[4143,4144,4145,4146,4147,4148]],"type":"Polygon","properties":{"geoid":"3900301756","name":"American"},"id":"3900301756"},{"arcs":[[4149,-3741,-2971,4150,-4149,4151,4152,-1512]],"type":"Polygon","properties":{"geoid":"3900347656","name":"Marion"},"id":"3900347656"},{"arcs":[[4153,4154,4155,4156,4157,-4146]],"type":"Polygon","properties":{"geoid":"3900343554","name":"Lima"},"id":"3900343554"},{"arcs":[[-4153,4158,4159,4160,-1513]],"type":"Polygon","properties":{"geoid":"3900373982","name":"Spencer"},"id":"3900373982"},{"arcs":[[-2970,4161,4162,-4144,-4151]],"type":"Polygon","properties":{"geoid":"3900375199","name":"Sugar Creek"},"id":"3900375199"},{"arcs":[[-1616,4163,-1223,-1381,4164]],"type":"Polygon","properties":{"geoid":"3900561756","name":"Perry"},"id":"3900561756"},{"arcs":[[-4128,-1164,4165,-3261,-2087,-3850,-19]],"type":"Polygon","properties":{"geoid":"3900568966","name":"Ruggles"},"id":"3900568966"},{"arcs":[[4166,4167,4168,4169,4170,-2218,4171]],"type":"Polygon","properties":{"geoid":"3907118168","name":"Concord"},"id":"3907118168"},{"arcs":[[-2133,4172,-3867,4173,-2949,4174]],"type":"Polygon","properties":{"geoid":"3907126026","name":"Fairfield"},"id":"3907126026"},{"arcs":[[-3153,-2711,4175,-4167,4176,-1376]],"type":"Polygon","properties":{"geoid":"3907155048","name":"New Market"},"id":"3907155048"},{"arcs":[[-2134,-4175,-2948,-2707,-3152]],"type":"Polygon","properties":{"geoid":"3907161588","name":"Penn"},"id":"3907161588"},{"arcs":[[-1473,4177,-1999,-3074]],"type":"Polygon","properties":{"geoid":"3903710576","name":"Butler"},"id":"3903710576"},{"arcs":[[-2285,4178,4179,-2048,-1471,-63,-1169]],"type":"Polygon","properties":{"geoid":"3903732354","name":"Greenville"},"id":"3903732354"},{"arcs":[[-1613,-3304,-3022,4180,-89,4181]],"type":"Polygon","properties":{"geoid":"3903751366","name":"Monroe"},"id":"3903751366"},{"arcs":[[4182,4183,-3585,4184,4185,4186]],"type":"Polygon","properties":{"geoid":"3903761168","name":"Patterson"},"id":"3903761168"},{"arcs":[[4187,4188,4189,-4179,-2284]],"type":"Polygon","properties":{"geoid":"3903766656","name":"Richland"},"id":"3903766656"},{"arcs":[[-4186,-1881,-1776,4190,-4189,4191]],"type":"Polygon","properties":{"geoid":"3903782152","name":"Wayne"},"id":"3903782152"},{"arcs":[[4192,-4187,-4192,-4188,-2283,-1147]],"type":"Polygon","properties":{"geoid":"3903787010","name":"York"},"id":"3903787010"},{"arcs":[[4193,4194,4195,4196]],"type":"Polygon","properties":{"geoid":"3917108630","name":"Bridgewater"},"id":"3917108630"},{"arcs":[[4197,-1131,4198,-1129]],"type":"Polygon","properties":{"geoid":"3917109792","name":"Bryan"},"id":"3917109792"},{"arcs":[[4199,-2138,-114,4200,4201,-439,4202]],"type":"Polygon","properties":{"geoid":"3917138864","name":"Jefferson"},"id":"3917138864"},{"arcs":[[4203,-2139,-4200,4204,-4195],[-2484]],"type":"Polygon","properties":{"geoid":"3917146634","name":"Madison"},"id":"3917146634"},{"arcs":[[-4201,-1138,-1717,-1132,-4198,-1128]],"type":"Polygon","properties":{"geoid":"3917164920","name":"Pulaski"},"id":"3917164920"},{"arcs":[[4205,4206,4207,4208,4209,4210,4211,4212]],"type":"Polygon","properties":{"geoid":"3916542364","name":"Lebanon"},"id":"3916542364"},{"arcs":[[-4094,-2673,-903]],"type":"Polygon","properties":{"geoid":"3904931304","name":"Grandview Heights"},"id":"3904931304"},{"arcs":[[-1504,-1957,-1502,-1956,-1500,-1962]],"type":"Polygon","properties":{"geoid":"3915722456","name":"Dover"},"id":"3915722456"},{"arcs":[[4213,-3992,-4029,-3987,4214,4215]],"type":"Polygon","properties":{"geoid":"3903537240","name":"Independence"},"id":"3903537240"},{"arcs":[[4216,4217,4218,-3155,-3310,-1879]],"type":"Polygon","properties":{"geoid":"3914981620","name":"Washington"},"id":"3914981620"},{"arcs":[[-3874,-524,-1447,4219]],"type":"Polygon","properties":{"geoid":"3916177756","name":"Tully"},"id":"3916177756"},{"arcs":[[4220,-4123,-4125,-1630,-935,4221,-4120]],"type":"Polygon","properties":{"geoid":"3903141132","name":"Lafayette"},"id":"3903141132"},{"arcs":[[-1437,-1716,-3876,-3881,4222]],"type":"Polygon","properties":{"geoid":"3912503002","name":"Auglaize"},"id":"3912503002"},{"arcs":[[4223,4224,-3171,4225,-193]],"type":"Polygon","properties":{"geoid":"3901152472","name":"Moulton"},"id":"3901152472"},{"arcs":[[-635,-2000,-639,-3767,4226,-630],[-3759]],"type":"Polygon","properties":{"geoid":"3913581564","name":"Washington"},"id":"3913581564"},{"arcs":[[-4155,4227,4228,4229,4230,4231]],"type":"Polygon","properties":{"geoid":"3900361742","name":"Perry"},"id":"3900361742"},{"arcs":[[-1808,-818,-1807,4233,-1805,4234,-1819,4235,4236,4237,-3900,-2108,4238,4239]],"type":"Polygon","properties":{"geoid":"3905704220","name":"Bath"},"id":"3905704220"},{"arcs":[[-306,-2424,-725,-3612,-3616,-221,-3609]],"type":"Polygon","properties":{"geoid":"3908978400","name":"Union"},"id":"3908978400"},{"arcs":[[4240,-3952,4241,4242,-3949,4243,-3957,-2412,-2621]],"type":"Polygon","properties":{"geoid":"3904183349","name":"Westerville City"},"id":"3904183349"},{"arcs":[[-3794,-3797,4244,4245,-2956,-1750,-2996]],"type":"Polygon","properties":{"geoid":"3909169134","name":"Rushcreek"},"id":"3909169134"},{"arcs":[[-462,4247,-1950,-3331,4248]],"type":"Polygon","properties":{"geoid":"3915319036","name":"Coventry"},"id":"3915319036"},{"arcs":[[4249,4250,4251,-794,4252]],"type":"Polygon","properties":{"geoid":"3906702764","name":"Athens"},"id":"3906702764"},{"arcs":[[4253,4254,-1310,4255,-4250,4256,-2029]],"type":"Polygon","properties":{"geoid":"3906710814","name":"Cadiz"},"id":"3906710814"},{"arcs":[[-1179,4257,4258,-1561,-3047,-1306,4259]],"type":"Polygon","properties":{"geoid":"3906729890","name":"German"},"id":"3906729890"},{"arcs":[[-2810,-774,4260,4261,-1173,-2900]],"type":"Polygon","properties":{"geoid":"3906751394","name":"Monroe"},"id":"3906751394"},{"arcs":[[-4256,-1309,-1566,-1733,4262,-4251]],"type":"Polygon","properties":{"geoid":"3906772361","name":"Short Creek"},"id":"3906772361"},{"arcs":[[-4262,4263,4264,-4254,-2028,-1174]],"type":"Polygon","properties":{"geoid":"3906774724","name":"Stock"},"id":"3906774724"},{"arcs":[[-1200,4265,4266,-362,4267,-3280]],"type":"Polygon","properties":{"geoid":"3916340880","name":"Knox"},"id":"3916340880"},{"arcs":[[-399,-3281,-4268,-366,-2031,4268]],"type":"Polygon","properties":{"geoid":"3916380192","name":"Vinton"},"id":"3916380192"},{"arcs":[[-925,-2174,-3166,4269]],"type":"Polygon","properties":{"geoid":"3916548216","name":"Massie"},"id":"3916548216"},{"arcs":[[4270,4271,-3169,4272,4273]],"type":"Polygon","properties":{"geoid":"3916569988","name":"Salem"},"id":"3916569988"},{"arcs":[[[4274,-4271,4275,-4210]],[[-4212,4276,4277,4278]],[[4279,-4208,4280,-4206,4281]]],"type":"MultiPolygon","properties":{"geoid":"3916578610","name":"Union"},"id":"3916578610"},{"arcs":[[4282,4283,-3756,4284,4285,4286,4287]],"type":"Polygon","properties":{"geoid":"3916911276","name":"Canaan"},"id":"3916911276"},{"arcs":[[-643,4288,-4283,-4288,-1220,-4164,-1615]],"type":"Polygon","properties":{"geoid":"3916918322","name":"Congress"},"id":"3916918322"},{"arcs":[[4289,4290,4291,-2432,-2239,4292,-660,4293]],"type":"Polygon","properties":{"geoid":"3916928504","name":"Franklin"},"id":"3916928504"},{"arcs":[[-2456,4294,4295,4296,4297]],"type":"Polygon","properties":{"geoid":"3900131668","name":"Green"},"id":"3900131668"},{"arcs":[[-4170,4298,4299,-2783,4300,-1655,4301]],"type":"Polygon","properties":{"geoid":"3900171052","name":"Scott"},"id":"3900171052"},{"arcs":[[4302,4303,4304,4305,4306]],"type":"Polygon","properties":{"geoid":"3900174069","name":"Sprigg"},"id":"3900174069"},{"arcs":[[4307,-1180,-4260,-1305,-4255,-4265]],"type":"Polygon","properties":{"geoid":"3906702358","name":"Archer"},"id":"3906702358"},{"arcs":[[4308,4309,4310,-2856,-1236,-2241]],"type":"Polygon","properties":{"geoid":"3917519190","name":"Crane"},"id":"3917519190"},{"arcs":[[4311,4312,-2240,4313]],"type":"Polygon","properties":{"geoid":"3917519246","name":"Crawford"},"id":"3917519246"},{"arcs":[[4314,-1300,-272,4315,-4310]],"type":"Polygon","properties":{"geoid":"3917524360","name":"Eden"},"id":"3917524360"},{"arcs":[[4316,-4314,4317,-1590]],"type":"Polygon","properties":{"geoid":"3917566992","name":"Ridge"},"id":"3917566992"},{"arcs":[[-2913,-1301,-4315,-4309,-4313]],"type":"Polygon","properties":{"geoid":"3917578141","name":"Tymochtee"},"id":"3917578141"},{"arcs":[[4318,-4231,4319,-289,-4225,4320]],"type":"Polygon","properties":{"geoid":"3901122722","name":"Duchouquet"},"id":"3901122722"},{"arcs":[[-4160,4321,4322,-4321,-4224,-192,4323]],"type":"Polygon","properties":{"geoid":"3901144618","name":"Logan"},"id":"3901144618"},{"arcs":[[-4230,-261,-1451,-1239,-4320]],"type":"Polygon","properties":{"geoid":"3901178204","name":"Union"},"id":"3901178204"},{"arcs":[[-784,-3802,4324,-2701,-1670,-1904]],"type":"Polygon","properties":{"geoid":"3902133796","name":"Harrison"},"id":"3902133796"},{"arcs":[[4325,-1672,4326,-3994,-1691]],"type":"Polygon","properties":{"geoid":"3902146760","name":"Mad River"},"id":"3902146760"},{"arcs":[[-2706,4327,4328,-4327]],"type":"Polygon","properties":{"geoid":"3902179086","name":"Urbana"},"id":"3902179086"},{"arcs":[[4329,-3935,4330,4331]],"type":"Polygon","properties":{"geoid":"3902528224","name":"Franklin"},"id":"3902528224"},{"arcs":[[4332,-346,4333,4334,4335,4336,4337]],"type":"Polygon","properties":{"geoid":"3902531010","name":"Goshen"},"id":"3902531010"},{"arcs":[[-4079,-951,4338,4339,4340,4341,4342,4343]],"type":"Polygon","properties":{"geoid":"3902550176","name":"Milford"},"id":"3902550176"},{"arcs":[[4344,-2574,4345,4346,4347,4348]],"type":"Polygon","properties":{"geoid":"3902562540","name":"Pierce"},"id":"3902562540"},{"arcs":[[4349,-1082,-3933,-4330,4350,4351,-2572]],"type":"Polygon","properties":{"geoid":"3902576155","name":"Tate"},"id":"3902576155"},{"arcs":[[-2571,4352,4353,-1700,-1077,-4350]],"type":"Polygon","properties":{"geoid":"3902585302","name":"Williamsburg"},"id":"3902585302"},{"arcs":[[4354,-3691,4355,4356]],"type":"Polygon","properties":{"geoid":"3903319330","name":"Crestline"},"id":"3903319330"},{"arcs":[[4358,-1676,-1268,4359,-2872,-268]],"type":"Polygon","properties":{"geoid":"3903335980","name":"Holmes"},"id":"3903335980"},{"arcs":[[-3684,4360,-267,-1299]],"type":"Polygon","properties":{"geoid":"3903376463","name":"Texas"},"id":"3903376463"},{"arcs":[[[-3695,-3532,4365]],[[4366,4367,4368]],[[4369,4370,-1993,-3530,-2958,4371]]],"type":"MultiPolygon","properties":{"geoid":"3903364010","name":"Polk"},"id":"3903364010"},{"arcs":[[4372,-1264,-1271,4373,-4372,-2957,-1525,-1679,-2874]],"type":"Polygon","properties":{"geoid":"3903384644","name":"Whetstone"},"id":"3903384644"},{"arcs":[[-2981,-3217,4374]],"type":"Polygon","properties":{"geoid":"3909301798","name":"Amherst"},"id":"3909301798"},{"arcs":[[4375,-2982,-4375,-3222,-3273,4376,-3779,-2906]],"type":"Polygon","properties":{"geoid":"3909309568","name":"Brownhelm"},"id":"3909309568"},{"arcs":[[4377,-2384,4378,4379,-3114,-2820,-3113,-2824,4380,-2822,4381,-3219]],"type":"Polygon","properties":{"geoid":"3909325256","name":"Elyria"},"id":"3909325256"},{"arcs":[[-3117,4382,-1192,-2828,-3118,-2826]],"type":"Polygon","properties":{"geoid":"3909331150","name":"Grafton"},"id":"3909331150"},{"arcs":[[-3274,-3221,-2829,4383,-2755,4384,4385]],"type":"Polygon","properties":{"geoid":"3909355446","name":"New Russia"},"id":"3909355446"},{"arcs":[[4386,-4385,-2756,-4384,-1194,4387]],"type":"Polygon","properties":{"geoid":"3909362960","name":"Pittsfield"},"id":"3909362960"},{"arcs":[[4388,4389,4390]],"type":"Polygon","properties":{"geoid":"3910542868","name":"Letart"},"id":"3910542868"},{"arcs":[[-4064,4391,-182]],"type":"Polygon","properties":{"geoid":"3906125942","name":"Fairfax"},"id":"3906125942"},{"arcs":[[-3768,-427,-2071,-1763,-2398]],"type":"Polygon","properties":{"geoid":"3900754964","name":"New Lyme"},"id":"3900754964"},{"arcs":[[-1070,-328,-1069,-3942,4392,-4034,-4033,-3343]],"type":"Polygon","properties":{"geoid":"3913328392","name":"Franklin"},"id":"3913328392"},{"arcs":[[-3675,-3662,-3661,-3674,-3660,-3673,-3665,-3671,-3654,-3677,4393,4394]],"type":"Polygon","properties":{"geoid":"3907928322","name":"Franklin"},"id":"3907928322"},{"arcs":[[-2445,-3383,-3391,4395,-3389,-3246]],"type":"Polygon","properties":{"geoid":"3909721154","name":"Deer Creek"},"id":"3909721154"},{"arcs":[[[-4241,-2620,-3953]],[[-1035,-3958,-4244,-3955,-2616,4396]]],"type":"MultiPolygon","properties":{"geoid":"3904158618","name":"Orange"},"id":"3904158618"},{"arcs":[[4397,4398,4399,4400,-1529,-4009,-1516,-2699,-4001]],"type":"Polygon","properties":{"geoid":"3908585512","name":"Willoughby Hills"},"id":"3908585512"},{"arcs":[[-1121,-2871,4401,-3602,-728,-2750]],"type":"Polygon","properties":{"geoid":"3908315504","name":"Clay"},"id":"3908315504"},{"arcs":[[-1545,-1535,4402,-4266,-1199]],"type":"Polygon","properties":{"geoid":"3900981777","name":"Waterloo"},"id":"3900981777"},{"arcs":[[-2999,-1012]],"type":"Polygon","properties":{"geoid":"3903543918","name":"Linndale"},"id":"3903543918"},{"arcs":[[-3518,-3971,-3129,-1976,4403,-3066]],"type":"Polygon","properties":{"geoid":"3901968420","name":"Rose"},"id":"3901968420"},{"arcs":[[[4404,-2290,4405,-3692,-4355]],[[-4356,-3690,4406,-4362,4407,-4365,4408,-4368,4409]]],"type":"MultiPolygon","properties":{"geoid":"3903337744","name":"Jackson"},"id":"3903337744"},{"arcs":[[-483,4410,-3126,-3358,4411,-475,-3334]],"type":"Polygon","properties":{"geoid":"3915345976","name":"Macedonia"},"id":"3915345976"},{"arcs":[[-2246,-3122,4412,-2380,-1378]],"type":"Polygon","properties":{"geoid":"3902933264","name":"Hanover"},"id":"3902933264"},{"arcs":[[4413,-1388,4414,4415]],"type":"Polygon","properties":{"geoid":"3911142448","name":"Lee"},"id":"3911142448"},{"arcs":[[-3442,-2587,4416,-1347,-1738],[-2860]],"type":"Polygon","properties":{"geoid":"3909974124","name":"Springfield"},"id":"3909974124"},{"arcs":[[4417,-3781,4418,-1755,-2537,-3775]],"type":"Polygon","properties":{"geoid":"3904305802","name":"Berlin"},"id":"3904305802"},{"arcs":[[4419,4420,-4306]],"type":"Polygon","properties":{"geoid":"3900147026","name":"Manchester"},"id":"3900147026"},{"arcs":[[4421,-235,-2542,4422]],"type":"Polygon","properties":{"geoid":"3903935112","name":"Hicksville"},"id":"3903935112"},{"arcs":[[4423,-2257,4424,-2056]],"type":"Polygon","properties":{"geoid":"3905168896","name":"Royalton"},"id":"3905168896"},{"arcs":[[-56,-4112,-942,4425,-4115]],"type":"Polygon","properties":{"geoid":"3903104864","name":"Bedford"},"id":"3903104864"},{"arcs":[[4426,-1186,-1328,-839,-213,-1822]],"type":"Polygon","properties":{"geoid":"3915762092","name":"Perry"},"id":"3915762092"},{"arcs":[[4427,4428,4429,-2436,-1664,-342,-4401]],"type":"Polygon","properties":{"geoid":"3908540642","name":"Kirtland"},"id":"3908540642"},{"arcs":[[-3815,-3805,4430,-3809]],"type":"Polygon","properties":{"geoid":"3902923730","name":"East Liverpool"},"id":"3902923730"},{"arcs":[[4431,-995]],"type":"Polygon","properties":{"geoid":"3903508336","name":"Bratenahl"},"id":"3903508336"},{"arcs":[[-1548,4432,-3102,-1571,4433,4434]],"type":"Polygon","properties":{"geoid":"3910570114","name":"Salisbury"},"id":"3910570114"},{"arcs":[[-2503,-2914,-4312,4435]],"type":"Polygon","properties":{"geoid":"3914706432","name":"Big Spring"},"id":"3914706432"},{"arcs":[[4436,-999,-2507,-74,4437,-1001]],"type":"Polygon","properties":{"geoid":"3903516014","name":"Cleveland Heights"},"id":"3903516014"},{"arcs":[[-1626,4438,-3037,-2131,-4099,-2175,-923],[-4100]],"type":"Polygon","properties":{"geoid":"3902778302","name":"Union"},"id":"3902778302"},{"arcs":[[-1816,-3477,-1814,-3476,-1812,-2818,4439,4440,4441,-3479]],"type":"Polygon","properties":{"geoid":"3911352010","name":"Moraine"},"id":"3911352010"},{"arcs":[[-14,4442,-3889,-872,-609]],"type":"Polygon","properties":{"geoid":"3911521182","name":"Deerfield"},"id":"3911521182"},{"arcs":[[-2393,-4141,-2391,-1366,-4139,4443,-4073,4444,4445,4446,4447,-4039,-4140,-4037,-4142]],"type":"Polygon","properties":{"geoid":"3901725970","name":"Fairfield"},"id":"3901725970"},{"arcs":[[4448,4449,4450,-322,-3401]],"type":"Polygon","properties":{"geoid":"3911106124","name":"Bethel"},"id":"3911106124"},{"arcs":[[-2407,-1893,-1687,4451,-1340,-3061,-2522]],"type":"Polygon","properties":{"geoid":"3911112966","name":"Center"},"id":"3911112966"},{"arcs":[[-1686,4452,-1385,-4414,4453,-1341,-4452]],"type":"Polygon","properties":{"geoid":"3911131808","name":"Green"},"id":"3911131808"},{"arcs":[[-1685,-2411,4454,-1386,-4453]],"type":"Polygon","properties":{"geoid":"3911169918","name":"Salem"},"id":"3911169918"},{"arcs":[[-2203,-2918,-3203,4455,4456]],"type":"Polygon","properties":{"geoid":"3916703898","name":"Barlow"},"id":"3916703898"},{"arcs":[[4457,-4456,-3202,4458,4459,-2053]],"type":"Polygon","properties":{"geoid":"3916722918","name":"Dunham"},"id":"3916722918"},{"arcs":[[4460,-390,4461,4462,-1390]],"type":"Polygon","properties":{"geoid":"3916731276","name":"Grandview"},"id":"3916731276"},{"arcs":[[-323,-4451,4463,-4461,-1389]],"type":"Polygon","properties":{"geoid":"3916745360","name":"Ludlow"},"id":"3916745360"},{"arcs":[[4464,4465,-3014,4466,-3012,4467,-3010,4468,4469,4470,4471,4472,-3199]],"type":"Polygon","properties":{"geoid":"3916747628","name":"Marietta"},"id":"3916747628"},{"arcs":[[-1688,-1392,4473,4474]],"type":"Polygon","properties":{"geoid":"3916755356","name":"Newport"},"id":"3916755356"},{"arcs":[[-318,-582,-2187,-2915,-3895]],"type":"Polygon","properties":{"geoid":"3916781774","name":"Waterford"},"id":"3916781774"},{"arcs":[[-1109,4475,-1107,-3969,-1944,-3128,-3970,4476]],"type":"Polygon","properties":{"geoid":"3915158926","name":"Osnaburg"},"id":"3915158926"},{"arcs":[[-3491,-3920,-3915,-919,-4270,-3165,4477,4478]],"type":"Polygon","properties":{"geoid":"3916582306","name":"Wayne"},"id":"3916582306"},{"arcs":[[4479,-2963,-807,4480]],"type":"Polygon","properties":{"geoid":"3915101420","name":"Alliance"},"id":"3915101420"},{"arcs":[[-4438,-73,-991,-1016,-2356,-1002]],"type":"Polygon","properties":{"geoid":"3903571682","name":"Shaker Heights"},"id":"3903571682"},{"arcs":[[-531,-2960,-142,-3529,4481,-535,-1457]],"type":"Polygon","properties":{"geoid":"3911730128","name":"Gilead"},"id":"3911730128"},{"arcs":[[-3897,-2462,-3035,-4439,-1625]],"type":"Polygon","properties":{"geoid":"3902785820","name":"Wilson"},"id":"3902785820"},{"arcs":[[-3449,-3459,-3447,-2733,-3448,-2731,-3460]],"type":"Polygon","properties":{"geoid":"3909911066","name":"Campbell"},"id":"3909911066"},{"arcs":[[-796,4482,-3782,-800,-805]],"type":"Polygon","properties":{"geoid":"3901378218","name":"Union"},"id":"3901378218"},{"arcs":[[-3819,-216,4483,-121,-3260]],"type":"Polygon","properties":{"geoid":"3905943134","name":"Liberty"},"id":"3905943134"},{"arcs":[[-4394,-3680,-2301,-2159,4484,-1847]],"type":"Polygon","properties":{"geoid":"3907938654","name":"Jefferson"},"id":"3907938654"},{"arcs":[[-291,4485,-3577,-1744]],"type":"Polygon","properties":{"geoid":"3914922050","name":"Dinsmore"},"id":"3914922050"},{"arcs":[[-1843,-1921,-668,4486,4487]],"type":"Polygon","properties":{"geoid":"3914138808","name":"Jefferson"},"id":"3914138808"},{"arcs":[[-4334,-351,4488,-2569,4489,4490]],"type":"Polygon","properties":{"geoid":"3902574825","name":"Stonelick"},"id":"3902574825"},{"arcs":[[-1728,-2581,-3073,-1558,4491]],"type":"Polygon","properties":{"geoid":"3908168644","name":"Ross"},"id":"3908168644"},{"arcs":[[4492,-1352,-4422,4493]],"type":"Polygon","properties":{"geoid":"3903950190","name":"Milford"},"id":"3903950190"},{"arcs":[[-409,4494,-1434,-335]],"type":"Polygon","properties":{"geoid":"3903956014","name":"Noble"},"id":"3903956014"},{"arcs":[[-2057,-4425,-2839,-3255,-1440]],"type":"Polygon","properties":{"geoid":"3905162638","name":"Pike"},"id":"3905162638"},{"arcs":[[-2838,4495,4496,-2799,-3256]],"type":"Polygon","properties":{"geoid":"3905175861","name":"Swan Creek"},"id":"3905175861"},{"arcs":[[-1356,-2054,-4460,4497,4498,4499]],"type":"Polygon","properties":{"geoid":"3916705438","name":"Belpre"},"id":"3916705438"},{"arcs":[[-4482,-3528,-419,-368,-536]],"type":"Polygon","properties":{"geoid":"3911733600","name":"Harmony"},"id":"3911733600"},{"arcs":[[-255,-3257,-2802,4500,-1521]],"type":"Polygon","properties":{"geoid":"3906943176","name":"Liberty"},"id":"3906943176"},{"arcs":[[-68,-359,4501,-3668,4502,-4395,-1846,-3594]],"type":"Polygon","properties":{"geoid":"3907970856","name":"Scioto"},"id":"3907970856"},{"arcs":[[-3223,4503,-3364,-1922]],"type":"Polygon","properties":{"geoid":"3915573397","name":"Southington"},"id":"3915573397"},{"arcs":[[-1498,-1990,-3399,4504,-3238,-579]],"type":"Polygon","properties":{"geoid":"3912138766","name":"Jefferson"},"id":"3912138766"},{"arcs":[[4505,4506,-4398,-4000]],"type":"Polygon","properties":{"geoid":"3908585036","name":"Wickliffe"},"id":"3908585036"},{"arcs":[[-1086,-1577,-1143,-1697,4507]],"type":"Polygon","properties":{"geoid":"3901531696","name":"Green"},"id":"3901531696"},{"arcs":[[-432,-1940,-438,4508,-1332,-2595]],"type":"Polygon","properties":{"geoid":"3908700562","name":"Aid"},"id":"3908700562"},{"arcs":[[-2304,4509,4510,4511,-435,-1939]],"type":"Polygon","properties":{"geoid":"3905380584","name":"Walnut"},"id":"3905380584"},{"arcs":[[-2219,-4171,-4302,-1654,4512]],"type":"Polygon","properties":{"geoid":"3900185890","name":"Winchester"},"id":"3900185890"},{"arcs":[[-515,4513,-3552,-1253,-788]],"type":"Polygon","properties":{"geoid":"3915901336","name":"Allen"},"id":"3915901336"},{"arcs":[[[-3009,-4475,4514,-4469]],[[4516,-4465,-3198]],[[-4473,4517,-3200]]],"type":"MultiPolygon","properties":{"geoid":"3916747642","name":"Marietta"},"id":"3916747642"},{"arcs":[[4518,4519,-1283,-3147,4520,-3145,-3050,4521]],"type":"Polygon","properties":{"geoid":"3909581872","name":"Waterville"},"id":"3909581872"},{"arcs":[[4522,-1475,4523,-3177,-28,-3495,-2278]],"type":"Polygon","properties":{"geoid":"3909558730","name":"Oregon"},"id":"3909558730"},{"arcs":[[-4497,4524,-4522,-3053,-2491,-2800]],"type":"Polygon","properties":{"geoid":"3909564836","name":"Providence"},"id":"3909564836"},{"arcs":[[-1721,4525,4526,4527,4528,4529,-2835]],"type":"Polygon","properties":{"geoid":"3909573990","name":"Spencer"},"id":"3909573990"},{"arcs":[[-981,4530,-4008,-4003,-4030]],"type":"Polygon","properties":{"geoid":"3903568056","name":"Rocky River"},"id":"3903568056"},{"arcs":[[4531,4532,4533,4534,-2555,-2931]],"type":"Polygon","properties":{"geoid":"3916528490","name":"Franklin"},"id":"3916528490"},{"arcs":[[4535,-2852,4536,-826,-123]],"type":"Polygon","properties":{"geoid":"3905912938","name":"Center"},"id":"3905912938"},{"arcs":[[-3838,4537,-3835,-859,4538,-3840]],"type":"Polygon","properties":{"geoid":"3907331780","name":"Green"},"id":"3907331780"},{"arcs":[[-1142,4539,-2221,4540,-3936,-1698]],"type":"Polygon","properties":{"geoid":"3901581102","name":"Washington"},"id":"3901581102"},{"arcs":[[4541,-434,-2598,-1865,-3597]],"type":"Polygon","properties":{"geoid":"3914579828","name":"Vernon"},"id":"3914579828"},{"arcs":[[-4527,4542,-2282,4543,4544]],"type":"Polygon","properties":{"geoid":"3909574123","name":"Springfield"},"id":"3909574123"},{"arcs":[[-2837,4545,-4529,4546,-4519,-4525,-4496]],"type":"Polygon","properties":{"geoid":"3909575903","name":"Swanton"},"id":"3909575903"},{"arcs":[[4547,-2274,4548,-2272,-4543,-4526,-1720]],"type":"Polygon","properties":{"geoid":"3909576025","name":"Sylvania"},"id":"3909576025"},{"arcs":[[4549,4550,-554,-3436]],"type":"Polygon","properties":{"geoid":"3904541740","name":"Lancaster City"},"id":"3904541740"},{"arcs":[[4551,-4239,-2107,-3921,-3918,-897,-2813]],"type":"Polygon","properties":{"geoid":"3905704724","name":"Beavercreek"},"id":"3905704724"},{"arcs":[[4552,-2898,-1225,-2897,-3333,4553,-2292,4554,4555,4556]],"type":"Polygon","properties":{"geoid":"3916914240","name":"Chippewa"},"id":"3916914240"},{"arcs":[[-3833,-4436,-4317,-1589,-3831]],"type":"Polygon","properties":{"geoid":"3906306362","name":"Biglick"},"id":"3906306362"},{"arcs":[[-1569,-1735,4557,-4390,4558]],"type":"Polygon","properties":{"geoid":"3910542336","name":"Lebanon"},"id":"3910542336"},{"arcs":[[4559,-109,-381,4560,4561,4562]],"type":"Polygon","properties":{"geoid":"3908523618","name":"Eastlake"},"id":"3908523618"},{"arcs":[[-1550,4563,-3068,-2482]],"type":"Polygon","properties":{"geoid":"3905300422","name":"Addison"},"id":"3905300422"},{"arcs":[[4564,-2483,-3070,-329,4565,-4511]],"type":"Polygon","properties":{"geoid":"3905331738","name":"Green"},"id":"3905331738"},{"arcs":[[-4566,-333,-1552,-4512]],"type":"Polygon","properties":{"geoid":"3905333824","name":"Harrison"},"id":"3905333824"},{"arcs":[[-3250,4566,-2480,4567,-3678]],"type":"Polygon","properties":{"geoid":"3905365228","name":"Raccoon"},"id":"3905365228"},{"arcs":[[4568,-1732,-3180,-3784]],"type":"Polygon","properties":{"geoid":"3901316602","name":"Colerain"},"id":"3901316602"},{"arcs":[[4569,-3785,-3205,4570,-2319,4571]],"type":"Polygon","properties":{"geoid":"3901348580","name":"Mead"},"id":"3901348580"},{"arcs":[[4572,-2497,4573,4574,-3048],[-2494]],"type":"Polygon","properties":{"geoid":"3908119484","name":"Cross Creek"},"id":"3908119484"},{"arcs":[[-3072,4575,-2498,-4573,-1559]],"type":"Polygon","properties":{"geoid":"3908137534","name":"Island Creek"},"id":"3908137534"},{"arcs":[[-2496,4576,4577,-4574]],"type":"Polygon","properties":{"geoid":"3908174615","name":"Steubenville"},"id":"3908174615"},{"arcs":[[-3158,-446,-2878,-3309,-3305,-3311]],"type":"Polygon","properties":{"geoid":"3910974097","name":"Springcreek"},"id":"3910974097"},{"arcs":[[4578,-4563,4579,-4506,-3999]],"type":"Polygon","properties":{"geoid":"3908585638","name":"Willowick"},"id":"3908585638"},{"arcs":[[-2427,4580,-3043,-704,-3607]],"type":"Polygon","properties":{"geoid":"3908933299","name":"Hanover"},"id":"3908933299"},{"arcs":[[-3332,-2293,-4554]],"type":"Polygon","properties":{"geoid":"3915316182","name":"Clinton"},"id":"3915316182"},{"arcs":[[-1414,-2524,-3063,4581,-4449,-3400,-1988]],"type":"Polygon","properties":{"geoid":"3911128357","name":"Franklin"},"id":"3911128357"},{"arcs":[[-1217,-3506,4582,-98,-2751]],"type":"Polygon","properties":{"geoid":"3915782292","name":"Wayne"},"id":"3915782292"},{"arcs":[[-263,-803,4583,4584,-1890,-2406]],"type":"Polygon","properties":{"geoid":"3901382068","name":"Wayne"},"id":"3901382068"},{"arcs":[[-795,-4252,-4263,-4569,-3783,-4483]],"type":"Polygon","properties":{"geoid":"3901384602","name":"Wheeling"},"id":"3901384602"},{"arcs":[[[4585,-3369,4586]],[[4587,4588,-3370,-2791,-1899,-3365]]],"type":"MultiPolygon","properties":{"geoid":"3915580906","name":"Warren"},"id":"3915580906"},{"arcs":[[-3574,4590,-3568,4591,-3566,4592,-3059,-3636]],"type":"Polygon","properties":{"geoid":"3914303730","name":"Ballville"},"id":"3914303730"},{"arcs":[[4593,-203,4594,4595,-1725,-766]],"type":"Polygon","properties":{"geoid":"3902981158","name":"Washington"},"id":"3902981158"},{"arcs":[[-2744,4596,-3457,-3106,-3456,-3108,-3455,-3110,-3454,-3112,-3453,-2794,-2789,-2793]],"type":"Polygon","properties":{"geoid":"3915543344","name":"Liberty"},"id":"3915543344"},{"arcs":[[-2112,4597,-3243,-3898,-1623,-921,-3914]],"type":"Polygon","properties":{"geoid":"3905710856","name":"Caesarscreek"},"id":"3905710856"},{"arcs":[[-2026,-3410,-1949,4598,4599,-3417,-3411]],"type":"Polygon","properties":{"geoid":"3911946536","name":"Madison"},"id":"3911946536"},{"arcs":[[-2710,4600,4601,-4168,-4176]],"type":"Polygon","properties":{"geoid":"3907181340","name":"Washington"},"id":"3907181340"},{"arcs":[[-4166,-1163,-147,-1618,4602,-3262]],"type":"Polygon","properties":{"geoid":"3900558562","name":"Orange"},"id":"3900558562"},{"arcs":[[-2705,4603,-1252,-959,4604,-4328]],"type":"Polygon","properties":{"geoid":"3902178274","name":"Union"},"id":"3902178274"},{"arcs":[[-2359,-2776,-2357,-1649,-4021,-3124,-3985,-1019]],"type":"Polygon","properties":{"geoid":"3903504920","name":"Bedford Heights"},"id":"3903504920"},{"arcs":[[4605,-1087,-4508,-1696,-4354]],"type":"Polygon","properties":{"geoid":"3901574559","name":"Sterling"},"id":"3901574559"},{"arcs":[[-2189,-1591,-4318,-2242,-309,-593]],"type":"Polygon","properties":{"geoid":"3917566782","name":"Richland"},"id":"3917566782"},{"arcs":[[-2004,-3929,-3028,-3928]],"type":"Polygon","properties":{"geoid":"3908305844","name":"Berlin"},"id":"3908305844"},{"arcs":[[-1741,-2181,-1739,-1350,4606,4607]],"type":"Polygon","properties":{"geoid":"3902925998","name":"Fairfield"},"id":"3902925998"},{"arcs":[[[-4281,-4207]],[[-2747,-2556,-4535,4608,-4478,-3170,-4272,-4275,-4209,-4280,4609,4610,4611,4612,4613]]],"type":"MultiPolygon","properties":{"geoid":"3916577868","name":"Turtlecreek"},"id":"3916577868"},{"arcs":[[4614,-3816,-3807,4615,-4595,-202]],"type":"Polygon","properties":{"geoid":"3902946368","name":"Madison"},"id":"3902946368"},{"arcs":[[-4124,-4221,-4119,-4108]],"type":"Polygon","properties":{"geoid":"3903118868","name":"Coshocton"},"id":"3903118868"},{"arcs":[[-3055,-4126,-4122,-4106,-932]],"type":"Polygon","properties":{"geoid":"3903139634","name":"Keene"},"id":"3903139634"},{"arcs":[[-4111,4616,-3409,-943]],"type":"Polygon","properties":{"geoid":"3903180220","name":"Virginia"},"id":"3903180220"},{"arcs":[[4617,-4041,4618,-4447,4619,-4445,-4077,4620,-4053,4621,-4043]],"type":"Polygon","properties":{"geoid":"3906127706","name":"Forest Park"},"id":"3906127706"},{"arcs":[[-2317,-4047,-2741,-2788,-186,4622]],"type":"Polygon","properties":{"geoid":"3906149364","name":"Miami"},"id":"3906149364"},{"arcs":[[[-3956,-4090,-2624,-2414]],[[-2416,-2623]],[[-2694]]],"type":"MultiPolygon","properties":{"geoid":"3904906922","name":"Blendon"},"id":"3904906922"},{"arcs":[[[4623,4624,4625,-4065,4626,4627]],[[4628,-4068,4629,4630,4631,-955,-948,-2489,4632]],[[-947,4633,-167]]],"type":"MultiPolygon","properties":{"geoid":"3906175973","name":"Sycamore"},"id":"3906175973"},{"arcs":[[4634,4635,-4630,-4067,4636,4637,4638,4639,4640,4641,-4339,-953,-4078,4642,-4060,4643,-177]],"type":"Polygon","properties":{"geoid":"3906176582","name":"The Village of Indian Hill"},"id":"3906176582"},{"arcs":[[[-1430,-1285,-4092,-2633]],[[-2601,-4091,-3633,-2629,-4088]]],"type":"MultiPolygon","properties":{"geoid":"3904938612","name":"Jefferson"},"id":"3904938612"},{"arcs":[[[-4329,-4605,-963,4644,-2331,-968,-3995]],[[-3996,-966,-2334]]],"type":"MultiPolygon","properties":{"geoid":"3902351912","name":"Moorefield"},"id":"3902351912"},{"arcs":[[[-3213,-2119,-2665]],[[-2650,-2125,-3982]],[[-2652,-3981]],[[4645,-2658,4646,-2656,4647,-2654,-3980]]],"type":"MultiPolygon","properties":{"geoid":"3904957344","name":"Norwich"},"id":"3904957344"},{"arcs":[[-3275,-4386,-4387,4648,4649,-4135]],"type":"Polygon","properties":{"geoid":"3909311010","name":"Camden"},"id":"3909311010"},{"arcs":[[4650,-51,-3753,-144,-1196]],"type":"Polygon","properties":{"geoid":"3909336876","name":"Huntington"},"id":"3909336876"},{"arcs":[[4651,-1638,-4032,4652,-4015,-3115,-4380]],"type":"Polygon","properties":{"geoid":"3909356966","name":"North Ridgeville"},"id":"3909356966"},{"arcs":[[4653,4654,4655,4656,4657,-4612,4658,-4610,-4282,-4213,-4279,4659,4660,4661,4662]],"type":"Polygon","properties":{"geoid":"3916548188","name":"Mason"},"id":"3916548188"},{"arcs":[[4663,4664,-2770,-4608,-3119,-2244]],"type":"Polygon","properties":{"geoid":"3902969848","name":"Salem"},"id":"3902969848"},{"arcs":[[4665,-3777,4666,-3192]],"type":"Polygon","properties":{"geoid":"3904370380","name":"Sandusky"},"id":"3904370380"},{"arcs":[[4669,4670,-3906,4671,-3909,4672,4673]],"type":"Polygon","properties":{"geoid":"3912915077","name":"Circleville"},"id":"3912915077"},{"arcs":[[-3905,-4668,-3903,-4669,-3901,-4671,4674,-1935,-564,-3910,-4672]],"type":"Polygon","properties":{"geoid":"3912981550","name":"Washington"},"id":"3912981550"},{"arcs":[[4675,-4487,-674,4676,-357,4677,-3858]],"type":"Polygon","properties":{"geoid":"3913137996","name":"Jackson"},"id":"3913137996"},{"arcs":[[-3859,-4678,-361,-2861,-3860,-3854]],"type":"Polygon","properties":{"geoid":"3913171171","name":"Seal"},"id":"3913171171"},{"arcs":[[-2709,-2952,-2830,4678,-4601]],"type":"Polygon","properties":{"geoid":"3907148034","name":"Marshall"},"id":"3907148034"},{"arcs":[[-2215,-3349,-2213,-3348,-4035,-4393,-341,-3944,-3350]],"type":"Polygon","properties":{"geoid":"3913308840","name":"Brimfield"},"id":"3913308840"},{"arcs":[[[-1484,-2636,-1490,-2637]],[[-2641,-3087]],[[-2639,-1495,-3266,-3088]]],"type":"MultiPolygon","properties":{"geoid":"3904933026","name":"Hamilton"},"id":"3904933026"},{"arcs":[[-1241,-1453,-3377,4679,4680,-3287,4681]],"type":"Polygon","properties":{"geoid":"3909174780","name":"Stokes"},"id":"3909174780"},{"arcs":[[-3871,4682,-3138,-2950,-4174]],"type":"Polygon","properties":{"geoid":"3907146452","name":"Madison"},"id":"3907146452"},{"arcs":[[4683,-1853,4684,-3039]],"type":"Polygon","properties":{"geoid":"3917364122","name":"Portage"},"id":"3917364122"},{"arcs":[[-4190,-4191,-1775,-1611,-2049,-4180]],"type":"Polygon","properties":{"geoid":"3903700254","name":"Adams"},"id":"3903700254"},{"arcs":[[-1514,-4161,-4324,-191,4685,-685]],"type":"Polygon","properties":{"geoid":"3901169806","name":"Salem"},"id":"3901169806"},{"arcs":[[4686,4687,4688,4689]],"type":"Polygon","properties":{"geoid":"3900502568","name":"Ashland"},"id":"3900502568"},{"arcs":[[-4689,4691,-4603,-1617,-4165,4692,4693]],"type":"Polygon","properties":{"geoid":"3900551688","name":"Montgomery"},"id":"3900551688"},{"arcs":[[-4693,-1384,-1159,4694]],"type":"Polygon","properties":{"geoid":"3900579758","name":"Vermillion"},"id":"3900579758"},{"arcs":[[-827,-4537,-2851,-835,4695,-572,-3817]],"type":"Polygon","properties":{"geoid":"3905966698","name":"Richland"},"id":"3905966698"},{"arcs":[[-3832,-1593,-2188,4696,4697,-846]],"type":"Polygon","properties":{"geoid":"3906337800","name":"Jackson"},"id":"3906337800"},{"arcs":[[-4539,-1546,-1198,-3841]],"type":"Polygon","properties":{"geoid":"3907374405","name":"Starr"},"id":"3907374405"},{"arcs":[[-4136,-4650,4698,-4127,-861]],"type":"Polygon","properties":{"geoid":"3907715364","name":"Clarksfield"},"id":"3907715364"},{"arcs":[[-3545,-3544,-2352,-1044,4699]],"type":"Polygon","properties":{"geoid":"3915981242","name":"Washington"},"id":"3915981242"},{"arcs":[[-1702,4700,-4481,-813,-1942,-3968]],"type":"Polygon","properties":{"geoid":"3915181634","name":"Washington"},"id":"3915181634"},{"arcs":[[-1441,-3258,-253,-2944,-1718,-1444]],"type":"Polygon","properties":{"geoid":"3905116126","name":"Clinton"},"id":"3905116126"},{"arcs":[[-3780,-4377,-3277,-4134,-4419]],"type":"Polygon","properties":{"geoid":"3904327482","name":"Florence"},"id":"3904327482"},{"arcs":[[-4667,-3776,4701,-3193]],"type":"Polygon","properties":{"geoid":"3904361714","name":"Perkins"},"id":"3904361714"},{"arcs":[[[-4476,-1108]],[[-1711,-1093,-2721]],[[-2722,-1091]],[[-1110,-4477,-1112,-2724]]],"type":"MultiPolygon","properties":{"geoid":"3915112014","name":"Canton"},"id":"3915112014"},{"arcs":[[-194,-4226,-3172,-1748,-1243,-679,-3621]],"type":"Polygon","properties":{"geoid":"3901169694","name":"St. Marys"},"id":"3901169694"},{"arcs":[[-747,-1905,-1673,-4326,-1690,-443]],"type":"Polygon","properties":{"geoid":"3902139228","name":"Johnson"},"id":"3902139228"},{"arcs":[[4702,-790,-1255,-4604,-2704]],"type":"Polygon","properties":{"geoid":"3902182096","name":"Wayne"},"id":"3902182096"},{"arcs":[[4703,-4346,-2573,-4352,4704,4705]],"type":"Polygon","properties":{"geoid":"3902551338","name":"Monroe"},"id":"3902551338"},{"arcs":[[-4705,-4351,-4332,4706]],"type":"Polygon","properties":{"geoid":"3902581130","name":"Washington"},"id":"3902581130"},{"arcs":[[-3681,-1677,-4359,-4361]],"type":"Polygon","properties":{"geoid":"3903345500","name":"Lykens"},"id":"3903345500"},{"arcs":[[-389,-1342,-4454,-4416,4707,-4462]],"type":"Polygon","properties":{"geoid":"3911137898","name":"Jackson"},"id":"3911137898"},{"arcs":[[-4582,-3062,-1343,-391,-4464,-4450]],"type":"Polygon","properties":{"geoid":"3911181480","name":"Washington"},"id":"3911181480"},{"arcs":[[4708,-2204,-4457,-4458,-2052]],"type":"Polygon","properties":{"geoid":"3916726096","name":"Fairfield"},"id":"3916726096"},{"arcs":[[[4709,-1030,-2149]],[[4710,-2150,-1036,-4397,-2615,4711,-2613,4712,-2609,4713,-1042,-2349]]],"type":"MultiPolygon","properties":{"geoid":"3904143106","name":"Liberty"},"id":"3904143106"},{"arcs":[[-3961,-2469,4714,-2154,4715,-2355,4716,4717,4718]],"type":"Polygon","properties":{"geoid":"3904170842","name":"Scioto"},"id":"3904170842"},{"arcs":[[-2185,4719,-3011,-4468,-3013,-4467,-3015,-4466,-4517,-3197,-2916]],"type":"Polygon","properties":{"geoid":"3916753452","name":"Muskingum"},"id":"3916753452"},{"arcs":[[-2184,-3239,-4505,-3402,-320,-3008,-4720]],"type":"Polygon","properties":{"geoid":"3916770002","name":"Salem"},"id":"3916770002"},{"arcs":[[-3146,-4521]],"type":"Polygon","properties":{"geoid":"3909567752","name":"Roche de Boeuf"},"id":"3909567752"},{"arcs":[[4720,-1062,4721,4722]],"type":"Polygon","properties":{"geoid":"3905573684","name":"South Russell"},"id":"3905573684"},{"arcs":[[4723,-4723,4724,4725,4726]],"type":"Polygon","properties":{"geoid":"3903513372","name":"Chagrin Falls"},"id":"3903513372"},{"arcs":[[-4437,-1000]],"type":"Polygon","properties":{"geoid":"3903523380","name":"East Cleveland"},"id":"3903523380"},{"arcs":[[-1005,-1022,-4026,-3990]],"type":"Polygon","properties":{"geoid":"3903529428","name":"Garfield Heights"},"id":"3903529428"},{"arcs":[[4727,-2168,-4020,4728,-3142]],"type":"Polygon","properties":{"geoid":"3903549644","name":"Middleburg Heights"},"id":"3903549644"},{"arcs":[[-4031,-4006,4729,-4013,-4653]],"type":"Polygon","properties":{"geoid":"3903556882","name":"North Olmsted"},"id":"3903556882"},{"arcs":[[-4216,4730,-4018,4731]],"type":"Polygon","properties":{"geoid":"3903571416","name":"Seven Hills"},"id":"3903571416"},{"arcs":[[-1021,-3986,-3127,-4411,-482,4732,-4027]],"type":"Polygon","properties":{"geoid":"3903580738","name":"Walton Hills"},"id":"3903580738"},{"arcs":[[-4555,-2297,4733,4734,4735]],"type":"Polygon","properties":{"geoid":"3916904276","name":"Baughman"},"id":"3916904276"},{"arcs":[[-1383,-1652,-4294,4736,4737,-198]],"type":"Polygon","properties":{"geoid":"3916916224","name":"Clinton"},"id":"3916916224"},{"arcs":[[4738,-4736,-2430,4739]],"type":"Polygon","properties":{"geoid":"3916931878","name":"Green"},"id":"3916931878"},{"arcs":[[[4740,-2433,-4292,4741]],[[4744,4745,4746,4747,-4290,-1651]]],"type":"MultiPolygon","properties":{"geoid":"3916986562","name":"Wooster"},"id":"3916986562"},{"arcs":[[4748,-2833,-1234,-2777,-4300]],"type":"Polygon","properties":{"geoid":"3900108350","name":"Bratton"},"id":"3900108350"},{"arcs":[[-2780,-3589,4749,-4295,-2455]],"type":"Polygon","properties":{"geoid":"3900138486","name":"Jefferson"},"id":"3900138486"},{"arcs":[[-223,4750,4751,-1579,4752]],"type":"Polygon","properties":{"geoid":"3904566684","name":"Richland"},"id":"3904566684"},{"arcs":[[-2273,-4549]],"type":"Polygon","properties":{"geoid":"3909559010","name":"Ottawa Hills"},"id":"3909559010"},{"arcs":[[[-3300,-2370,-1787,-3484]],[[-1785,-3485]],[[-1791,-2375,-1793,-3474,-3464,4753,-3462,4754,-3486]]],"type":"MultiPolygon","properties":{"geoid":"3911310618","name":"Butler"},"id":"3911310618"},{"arcs":[[-1889,4755,-1758,-38]],"type":"Polygon","properties":{"geoid":"3900766796","name":"Richmond"},"id":"3900766796"},{"arcs":[[4756,-1154,-4228,-4154,-4145,-4163]],"type":"Polygon","properties":{"geoid":"3900304206","name":"Bath"},"id":"3900304206"},{"arcs":[[4757,-4369,-4409,-4364,-4408,-4363,-4407,-3689,-4366,-3531,-1994,-4371]],"type":"Polygon","properties":{"geoid":"3903329176","name":"Galion City"},"id":"3903329176"},{"arcs":[[-3872,-3640,-2719,-3137,-4683]],"type":"Polygon","properties":{"geoid":"3914110016","name":"Buckskin"},"id":"3914110016"},{"arcs":[[-4050,4758,4759,4760,4761,-1631,4762]],"type":"Polygon","properties":{"geoid":"3906125802","name":"Evendale"},"id":"3906125802"},{"arcs":[[4763,4764]],"type":"Polygon","properties":{"geoid":"3914316308","name":"Clyde"},"id":"3914316308"},{"arcs":[[-3943]],"type":"Polygon","properties":{"geoid":"3913365592","name":"Ravenna"},"id":"3913365592"},{"arcs":[[-751,-2600,-755,-3185]],"type":"Polygon","properties":{"geoid":"3900733642","name":"Harpersfield"},"id":"3900733642"},{"arcs":[[-2013,4765,-2226,-3931,-3924,-3930]],"type":"Polygon","properties":{"geoid":"3908309470","name":"Brown"},"id":"3908309470"},{"arcs":[[-229,-2562,-3960,4766,-3548,-3554]],"type":"Polygon","properties":{"geoid":"3915915112","name":"Claibourne"},"id":"3915915112"},{"arcs":[[-4347,-4704,4767]],"type":"Polygon","properties":{"geoid":"3902557960","name":"Ohio"},"id":"3902557960"},{"arcs":[[4768,-4673,-3912,-3648,-3644,-3908]],"type":"Polygon","properties":{"geoid":"3912982264","name":"Wayne"},"id":"3912982264"},{"arcs":[[-4649,4769,-1195,-4699]],"type":"Polygon","properties":{"geoid":"3909308770","name":"Brighton"},"id":"3909308770"},{"arcs":[[-2903,-829,-3818,-576,-3403,-1296,-3187]],"type":"Polygon","properties":{"geoid":"3905973986","name":"Spencer"},"id":"3905973986"},{"arcs":[[4770,-4726,4771,-4023]],"type":"Polygon","properties":{"geoid":"3903505550","name":"Bentleyville"},"id":"3903505550"},{"arcs":[[-250,-425,-3884,-2070,-857]],"type":"Polygon","properties":{"geoid":"3900977420","name":"Trimble"},"id":"3900977420"},{"arcs":[[-1570,-4559,-4389,4772,-4434]],"type":"Polygon","properties":{"geoid":"3910575847","name":"Sutton"},"id":"3910575847"},{"arcs":[[-3790,-3795,-2998,4773,-2702,-4325,-3801]],"type":"Polygon","properties":{"geoid":"3909143246","name":"Liberty"},"id":"3909143246"},{"arcs":[[-2997,-791,-4703,-2703,-4774]],"type":"Polygon","properties":{"geoid":"3909151464","name":"Monroe"},"id":"3909151464"},{"arcs":[[-3288,-4681,4774,-3798,-3787,-3799]],"type":"Polygon","properties":{"geoid":"3909181424","name":"Washington"},"id":"3909181424"},{"arcs":[[-4197,4775,-2206,4776]],"type":"Polygon","properties":{"geoid":"3917157162","name":"Northwest"},"id":"3917157162"},{"arcs":[[-4776,-4196,-4205,-4203,-440,-4202,-1127,-2207]],"type":"Polygon","properties":{"geoid":"3917175819","name":"Superior"},"id":"3917175819"},{"arcs":[[-929,-1622,-3154,-1374,-1576,-1084]],"type":"Polygon","properties":{"geoid":"3907122204","name":"Dodson"},"id":"3907122204"},{"arcs":[[-1074,4777,-4303,4778,-3938]],"type":"Polygon","properties":{"geoid":"3901536834","name":"Huntington"},"id":"3901536834"},{"arcs":[[4779,-768,-1729,-4492,-1557,-4259,4780]],"type":"Polygon","properties":{"geoid":"3908174122","name":"Springfield"},"id":"3908174122"},{"arcs":[[4781,-2163]],"type":"Polygon","properties":{"geoid":"3905536918","name":"Hunting Valley"},"id":"3905536918"},{"arcs":[[-2988,-649,-3278,4782]],"type":"Polygon","properties":{"geoid":"3913732228","name":"Greensburg"},"id":"3913732228"},{"arcs":[[-1028,-1646,-987]],"type":"Polygon","properties":{"geoid":"3903586394","name":"Woodmere"},"id":"3903586394"},{"arcs":[[[-4025,-3336,-3356]],[[-3357,-3338,-1898,-1066,-476,-4412]]],"type":"MultiPolygon","properties":{"geoid":"3915378064","name":"Twinsburg"},"id":"3915378064"},{"arcs":[[-2486,4783,4784,-2743]],"type":"Polygon","properties":{"geoid":"3915509190","name":"Brookfield"},"id":"3915509190"},{"arcs":[[-4785,4785,-3445,-3458,-4597]],"type":"Polygon","properties":{"geoid":"3915536596","name":"Hubbard"},"id":"3915536596"},{"arcs":[[-3393,4786,-3387,-3056,-567]],"type":"Polygon","properties":{"geoid":"3909757708","name":"Oak Run"},"id":"3909757708"},{"arcs":[[4787,4788,-2768,-602,-2227]],"type":"Polygon","properties":{"geoid":"3909925088","name":"Ellsworth"},"id":"3909925088"},{"arcs":[[-2583,-2735]],"type":"Polygon","properties":{"geoid":"3909945178","name":"Lowellville"},"id":"3909945178"},{"arcs":[[4789,-1334,-3191,4790]],"type":"Polygon","properties":{"geoid":"3908726782","name":"Fayette"},"id":"3908726782"},{"arcs":[[-1335,-4790,4791,-3374]],"type":"Polygon","properties":{"geoid":"3908761910","name":"Perry"},"id":"3908761910"},{"arcs":[[4792,4793,-3395,-573]],"type":"Polygon","properties":{"geoid":"3912171352","name":"Seneca"},"id":"3912171352"},{"arcs":[[-834,-1985,4794,-4793,-4696]],"type":"Polygon","properties":{"geoid":"3912182250","name":"Wayne"},"id":"3912182250"},{"arcs":[[-3149,-1273,-3148,-1281]],"type":"Polygon","properties":{"geoid":"3917362148","name":"Perrysburg"},"id":"3917362148"},{"arcs":[[-4599,-1948,-1346,4795,4796]],"type":"Polygon","properties":{"geoid":"3911969932","name":"Salem"},"id":"3911969932"},{"arcs":[[4797,4798,-552,-539,-3413,-3407,-3428,-3433]],"type":"Polygon","properties":{"geoid":"3911982236","name":"Wayne"},"id":"3911982236"},{"arcs":[[-848,4799,-4697,-2190,-587,-3378,-116]],"type":"Polygon","properties":{"geoid":"3906346438","name":"Madison"},"id":"3906346438"},{"arcs":[[-2252,4800,4801,-411,-4581,-2426]],"type":"Polygon","properties":{"geoid":"3908961924","name":"Perry"},"id":"3908961924"},{"arcs":[[-3579,-2404,4802,-3156,-4219,4803]],"type":"Polygon","properties":{"geoid":"3914916168","name":"Clinton"},"id":"3914916168"},{"arcs":[[-1746,-3580,-4804,-4218,4804,-3583]],"type":"Polygon","properties":{"geoid":"3914977854","name":"Turtle Creek"},"id":"3914977854"},{"arcs":[[-2259,-681,-1247,4805,-3581,-4184,4806,-1861]],"type":"Polygon","properties":{"geoid":"3910747782","name":"Marion"},"id":"3910747782"},{"arcs":[[-285,-3622,-2261,-3623,4807]],"type":"Polygon","properties":{"geoid":"3910781452","name":"Washington"},"id":"3910781452"},{"arcs":[[-1404,4808,-3745,-3754,-3721],[-640]],"type":"Polygon","properties":{"geoid":"3910341174","name":"Lafayette"},"id":"3910341174"},{"arcs":[[4809,-1398,4810,-1401,4811,-3743,-4809,-1403]],"type":"Polygon","properties":{"geoid":"3910348808","name":"Medina City"},"id":"3910348808"},{"arcs":[[-2942,-374,-2941,-372,-2940,4812,-4236,-1820,-4235,-1804,4813,-1802,4814,-1800,4815,-3472,-1797,-2373]],"type":"Polygon","properties":{"geoid":"3911336610","name":"Huber Heights"},"id":"3911336610"},{"arcs":[[-184,4816,-4062,4817,-4080,-4344,4818,-4349,4819],[4820]],"type":"Polygon","properties":{"geoid":"3906101980","name":"Anderson"},"id":"3906101980"},{"arcs":[[-3470,4821,-3466,-3475,-1818,-3478,-3557]],"type":"Polygon","properties":{"geoid":"3911377504","name":"Trotwood"},"id":"3911377504"},{"arcs":[[-3911,-1839,-2842,-3650]],"type":"Polygon","properties":{"geoid":"3914131822","name":"Green"},"id":"3914131822"},{"arcs":[[[-3676,-4503,-3667]],[[-4677,-673,-3658,-3672,-3669,-4502,-358]]],"type":"MultiPolygon","properties":{"geoid":"3907943204","name":"Liberty"},"id":"3907943204"},{"arcs":[[-3656,-676,-400,-4269,-2033,-3652,-3670]],"type":"Polygon","properties":{"geoid":"3907950624","name":"Milton"},"id":"3907950624"},{"arcs":[[-4767,-3962,-4719,4822,4823,-3549]],"type":"Polygon","properties":{"geoid":"3915942490","name":"Leesburg"},"id":"3915942490"},{"arcs":[[-519,-1969,-3732,-3742,-4150,-1511,-3555]],"type":"Polygon","properties":{"geoid":"3916181676","name":"Washington"},"id":"3916181676"},{"arcs":[[4824,-3851,-2090,-3687,4825]],"type":"Polygon","properties":{"geoid":"3913907230","name":"Bloominggrove"},"id":"3913907230"},{"arcs":[[-3699,-2006,-3927,4826]],"type":"Polygon","properties":{"geoid":"3913962050","name":"Perry"},"id":"3913962050"},{"arcs":[[-2289,-652,-1832,-3270,-3693,-4406]],"type":"Polygon","properties":{"geoid":"3913971830","name":"Sharon"},"id":"3913971830"},{"arcs":[[-2089,4827,-2757,-3232,-2039,-3688]],"type":"Polygon","properties":{"geoid":"3913982628","name":"Weller"},"id":"3913982628"},{"arcs":[[-662,4828,-658,-1833,4829,-3161]],"type":"Polygon","properties":{"geoid":"3907533460","name":"Hardy"},"id":"3907533460"},{"arcs":[[-4737,-659,-3160,-3704,4830]],"type":"Polygon","properties":{"geoid":"3907567286","name":"Ripley"},"id":"3907567286"},{"arcs":[[4833,-3719,-3718,-3726,4834,-2035]],"type":"Polygon","properties":{"geoid":"3910309708","name":"Brunswick Hills"},"id":"3910309708"},{"arcs":[[4835,-3443,-1736,-2769,-4789]],"type":"Polygon","properties":{"geoid":"3909911374","name":"Canfield"},"id":"3909911374"},{"arcs":[[-3773,4836,-777,-1974]],"type":"Polygon","properties":{"geoid":"3901912896","name":"Center"},"id":"3901912896"},{"arcs":[[-3937,-4541,4837,-1692,-3002]],"type":"Polygon","properties":{"geoid":"3901528210","name":"Franklin"},"id":"3901528210"},{"arcs":[[4838]],"type":"Polygon","properties":{"geoid":"3910344604","name":"Lodi"},"id":"3910344604"},{"arcs":[[-2974,4839,4840]],"type":"Polygon","properties":{"geoid":"3912320058","name":"Danbury"},"id":"3912320058"},{"arcs":[[[4841,-2927,4842,4843,4844]],[[4845,4846,4847]]],"type":"MultiPolygon","properties":{"geoid":"3908559430","name":"Painesville"},"id":"3908559430"},{"arcs":[[-4287,-4740,-4741,4850,4851,-4745,-1221]],"type":"Polygon","properties":{"geoid":"3916982320","name":"Wayne"},"id":"3916982320"},{"arcs":[[-4772,-4725,-4722,-1053,-1896,-4024]],"type":"Polygon","properties":{"geoid":"3905503590","name":"Bainbridge"},"id":"3905503590"},{"arcs":[[4853,-3227,-3060,-744,-3683,-3231]],"type":"Polygon","properties":{"geoid":"3914716154","name":"Clinton"},"id":"3914716154"},{"arcs":[[-3758]],"type":"Polygon","properties":{"geoid":"3910383468","name":"Westfield Center"},"id":"3910383468"},{"arcs":[[[-4448,-4619,-4040]],[[-4622,-4054,-4621,-4076,-4052,4854,-4085,-161,-4071,-1636,-4070,-4044]],[[-4072,-159,-4046]]],"type":"MultiPolygon","properties":{"geoid":"3906174121","name":"Springfield"},"id":"3906174121"},{"arcs":[[-4227,-3766,-2983,-631]],"type":"Polygon","properties":{"geoid":"3913529484","name":"Gasper"},"id":"3913529484"},{"arcs":[[-4495,-1433,-1456,-1713,-1435]],"type":"Polygon","properties":{"geoid":"3903966670","name":"Richland"},"id":"3903966670"},{"arcs":[[-2547,-3852,-4825,4855,-4101]],"type":"Polygon","properties":{"geoid":"3907767300","name":"Ripley"},"id":"3907767300"},{"arcs":[[-3515,4856,-3513,4857,4858,-3516]],"type":"Polygon","properties":{"geoid":"3917307972","name":"Bowling Green"},"id":"3917307972"},{"arcs":[[4859,-4847,4860,-4843,4861,-3974,-1660,-2435]],"type":"Polygon","properties":{"geoid":"3908518196","name":"Concord"},"id":"3908518196"},{"arcs":[[[-3419,4862,-3431]],[[-3046,-3423,-3429,-3434,-3426,-546]]],"type":"MultiPolygon","properties":{"geoid":"3911926502","name":"Falls"},"id":"3911926502"},{"arcs":[[-2932,-2748,-4614,4863,-4657,4864,4865,-4137]],"type":"Polygon","properties":{"geoid":"3901743050","name":"Liberty"},"id":"3901743050"},{"arcs":[[-2863,-3596,-692,-3590,-2439]],"type":"Polygon","properties":{"geoid":"3914538815","name":"Jefferson"},"id":"3914538815"},{"arcs":[[-1153,-600,-258,-4229]],"type":"Polygon","properties":{"geoid":"3900302988","name":"Auglaize"},"id":"3900302988"},{"arcs":[[-4484,-215,-1587,-2850,-4536,-122]],"type":"Polygon","properties":{"geoid":"3905938640","name":"Jefferson"},"id":"3905938640"},{"arcs":[[-3679,-4568,-4565,-4510,-2303]],"type":"Polygon","properties":{"geoid":"3905361854","name":"Perry"},"id":"3905361854"},{"arcs":[[-3615,-2061,4866,4867,-4751,-222]],"type":"Polygon","properties":{"geoid":"3912776659","name":"Thorn"},"id":"3912776659"},{"arcs":[[-4796,-356,-550,-4799,4868]],"type":"Polygon","properties":{"geoid":"3911961994","name":"Perry"},"id":"3911961994"},{"arcs":[[-2050,-4182,-88,-4178]],"type":"Polygon","properties":{"geoid":"3903777980","name":"Twin"},"id":"3903777980"},{"arcs":[[-604,-2772,4869,-4664,-2243]],"type":"Polygon","properties":{"geoid":"3902961798","name":"Perry"},"id":"3902961798"},{"arcs":[[-4631,-4636,4870,-175,4871,-957,4872]],"type":"Polygon","properties":{"geoid":"3906146312","name":"Madeira"},"id":"3906146312"},{"arcs":[[-4853,-3228,-4854,-3230]],"type":"Polygon","properties":{"geoid":"3914776778","name":"Tiffin"},"id":"3914776778"},{"arcs":[[-4803,-2403,-786,-1903,-745,-3157]],"type":"Polygon","properties":{"geoid":"3914962064","name":"Perry"},"id":"3914962064"},{"arcs":[[-2020,-2902,4873,-383,-3519]],"type":"Polygon","properties":{"geoid":"3915781060","name":"Warwick"},"id":"3915781060"},{"arcs":[[-2795,-3461,-4836,4874]],"type":"Polygon","properties":{"geoid":"3909903198","name":"Austintown"},"id":"3909903198"},{"arcs":[[-909,4875,-4104,4876,-1257,-2064]],"type":"Polygon","properties":{"geoid":"3907766810","name":"Richmond"},"id":"3907766810"},{"arcs":[[-4600,-4797,-4869,-4798,-3432,-4863,-3418]],"type":"Polygon","properties":{"geoid":"3911981522","name":"Washington"},"id":"3911981522"},{"arcs":[[-3564,-3567,-4592,-3569,-4591,-3573],[-4590,-3571]],"type":"Polygon","properties":{"geoid":"3914328826","name":"Fremont"},"id":"3914328826"},{"arcs":[[-3595,-1848,-4485,-2161,-429,-4542,-694]],"type":"Polygon","properties":{"geoid":"3914506992","name":"Bloom"},"id":"3914506992"},{"arcs":[[-1125,-703,-1917,-3174]],"type":"Polygon","properties":{"geoid":"3908905494","name":"Bennington"},"id":"3908905494"},{"arcs":[[-3379,-2510,-2923,4877,-3023,-597]],"type":"Polygon","properties":{"geoid":"3906513316","name":"Cessna"},"id":"3906513316"},{"arcs":[[-4680,-3376,-3026,4878,-4245,-3796,-4775]],"type":"Polygon","properties":{"geoid":"3909166740","name":"Richland"},"id":"3909166740"},{"arcs":[[-2060,-277,4879,-4867]],"type":"Polygon","properties":{"geoid":"3912736386","name":"Hopewell"},"id":"3912736386"},{"arcs":[[-2926,-3186,-1065,-3975,-4862]],"type":"Polygon","properties":{"geoid":"3908542812","name":"Leroy"},"id":"3908542812"},{"arcs":[[-1493,-2876,-3440,4880,-1933,4881]],"type":"Polygon","properties":{"geoid":"3904506950","name":"Bloom"},"id":"3904506950"},{"arcs":[[[-4644,-4059,-178]],[[-4635,-176,-4871]],[[-4643,-4081,-4818,-4061]],[[-4632,-4873,-956]],[[-4392,-4063,-4817,-183]],[[-958,-4872,-174]],[[-2490,-171,-288]]],"type":"MultiPolygon","properties":{"geoid":"3906116882","name":"Columbia"},"id":"3906116882"},{"arcs":[[-3524,-3547,4882,-2471,-2442,-3386]],"type":"Polygon","properties":{"geoid":"3909720142","name":"Darby"},"id":"3909720142"},{"arcs":[[-2566,-1844,-4488,-4676,-3857,-3646]],"type":"Polygon","properties":{"geoid":"3914128420","name":"Franklin"},"id":"3914128420"},{"arcs":[[-4685,-3500,4883,-3821,-526]],"type":"Polygon","properties":{"geoid":"3917307020","name":"Bloom"},"id":"3917307020"},{"arcs":[[-2212,-3700,-4827,-3926,-3526,-140]],"type":"Polygon","properties":{"geoid":"3911761980","name":"Perry"},"id":"3911761980"},{"arcs":[[-4750,-3588,-3601,4884,4885,-4296]],"type":"Polygon","properties":{"geoid":"3914555902","name":"Nile"},"id":"3914555902"},{"arcs":[[-3917,-3489]],"type":"Polygon","properties":{"geoid":"3905705102","name":"Bellbrook"},"id":"3905705102"},{"arcs":[[4886,4887,-2975,-4841,4888,-3078]],"type":"Polygon","properties":{"geoid":"3912364080","name":"Portage"},"id":"3912364080"},{"arcs":[[-2939,-1321,-3997,-2339,4889,-4237,-4813]],"type":"Polygon","properties":{"geoid":"3902306054","name":"Bethel"},"id":"3902306054"},{"arcs":[[-4028,-4733,-484,-3335,-2361,-3988]],"type":"Polygon","properties":{"geoid":"3915369428","name":"Sagamore Hills"},"id":"3915369428"},{"arcs":[[-3371,-493,4890,-491,4891,-3360]],"type":"Polygon","properties":{"geoid":"3915518812","name":"Cortland"},"id":"3915518812"},{"arcs":[[[-4240,-4552,-2812,-1809]],[[-4816,-1799,-3473]],[[-4234,-1806]]],"type":"MultiPolygon","properties":{"geoid":"3911367468","name":"Riverside"},"id":"3911367468"},{"arcs":[[-99,-4583,-3505,-1966,4892,-3701]],"type":"Polygon","properties":{"geoid":"3915775217","name":"Sugar Creek"},"id":"3915775217"},{"arcs":[[-4718,4893,4894,-4823]],"type":"Polygon","properties":{"geoid":"3915922484","name":"Dover"},"id":"3915922484"},{"arcs":[[4895,-3481,4896,-4532,-2930,-3761]],"type":"Polygon","properties":{"geoid":"3911329904","name":"German"},"id":"3911329904"},{"arcs":[[-4837,-3772,-769,-4780,4897,-1769,-778]],"type":"Polygon","properties":{"geoid":"3901942434","name":"Lee"},"id":"3901942434"},{"arcs":[[-758,-2399,-1766,-1665]],"type":"Polygon","properties":{"geoid":"3900734300","name":"Hartsgrove"},"id":"3900734300"},{"arcs":[[-1573,-2306,-4433,-1547]],"type":"Polygon","properties":{"geoid":"3910569372","name":"Rutland"},"id":"3910569372"},{"arcs":[[4898,-246,-1424,-3894,-3886]],"type":"Polygon","properties":{"geoid":"3911552122","name":"Morgan"},"id":"3911552122"},{"arcs":[[-3487,-4755,-3463,-4754,-3467,-4822,-3469]],"type":"Polygon","properties":{"geoid":"3911325396","name":"Englewood"},"id":"3911325396"},{"arcs":[[4899,-4441]],"type":"Polygon","properties":{"geoid":"3911383090","name":"West Carrollton"},"id":"3911383090"},{"arcs":[[[-4278,4900,-4660]],[[-4611,-4659]],[[-4613,-4658,-4864]],[[4901,-4865,-4656]],[[-4662,4903,4904,-4625,4905]]],"type":"MultiPolygon","properties":{"geoid":"3916521238","name":"Deerfield"},"id":"3916521238"},{"arcs":[[[4906,-3541,-3522]],[[-4894,-4717,-2354,-3543,4907]]],"type":"MultiPolygon","properties":{"geoid":"3915950288","name":"Millcreek"},"id":"3915950288"},{"arcs":[[-4850,-4746,-4852,-4851,-4742,-4291,-4748]],"type":"Polygon","properties":{"geoid":"3916986548","name":"Wooster"},"id":"3916986548"},{"arcs":[[-686,-4686,-196,-3620,-1886,-3619,-3617]],"type":"Polygon","properties":{"geoid":"3910712952","name":"Center"},"id":"3910712952"},{"arcs":[[-3150,-280,-1851,-4684,-3517,-4859,-4858,-3512,-4857,-3514]],"type":"Polygon","properties":{"geoid":"3917313015","name":"Center"},"id":"3917313015"},{"arcs":[[-3562,4908,-4765,4909,-734,-689,4910,-732,-4593]],"type":"Polygon","properties":{"geoid":"3914331990","name":"Green Creek"},"id":"3914331990"},{"arcs":[[-4147,-4158,-4233,-4156,-4232,-4319,-4323,4911]],"type":"Polygon","properties":{"geoid":"3900371955","name":"Shawnee"},"id":"3900371955"},{"arcs":[[[4912,-4337,4913]],[[4915,-4056,4916,-4335,-4491,4917,-4340,-4642,4918,-4640,4919,-4638]]],"type":"MultiPolygon","properties":{"geoid":"3902549322","name":"Miami"},"id":"3902549322"},{"arcs":[[-3263,-4692,-4688,-4691,-4690,-4694,4920,-2758,-4828]],"type":"Polygon","properties":{"geoid":"3900550610","name":"Milton"},"id":"3900550610"},{"arcs":[[-4360,-1267,-4358,-1265,-4373,-2873]],"type":"Polygon","properties":{"geoid":"3903310030","name":"Bucyrus"},"id":"3903310030"},{"arcs":[[4921,-3438,-224,-4753,-1578,-555,-4551]],"type":"Polygon","properties":{"geoid":"3904563240","name":"Pleasant"},"id":"3904563240"},{"arcs":[[-1459,-3735,-645,-2987]],"type":"Polygon","properties":{"geoid":"3913743288","name":"Liberty"},"id":"3913743288"},{"arcs":[[-4293,-2238,-1228,-2752,-655,-4829,-661]],"type":"Polygon","properties":{"geoid":"3907570156","name":"Salt Creek"},"id":"3907570156"},{"arcs":[[-3439,-4922,-4550,-3435,-4881]],"type":"Polygon","properties":{"geoid":"3904532060","name":"Greenfield"},"id":"3904532060"},{"arcs":[[-4501,-3711,-614,-1522]],"type":"Polygon","properties":{"geoid":"3906933866","name":"Harrison"},"id":"3906933866"},{"arcs":[[-2198,-3058,-825,-2298,-2092,-3869]],"type":"Polygon","properties":{"geoid":"3904759486","name":"Paint"},"id":"3904759486"},{"arcs":[[4922,-2164,-4782,-2162,-344,-1059,-4721,-4724]],"type":"Polygon","properties":{"geoid":"3905569232","name":"Russell"},"id":"3905569232"},{"arcs":[[-4383,-3116,-2036,-3727,-1193]],"type":"Polygon","properties":{"geoid":"3909331164","name":"Grafton"},"id":"3909331164"},{"arcs":[[-3892,-3896,-2205,-4709,-2051,-1537]],"type":"Polygon","properties":{"geoid":"3916782838","name":"Wesley"},"id":"3916782838"},{"arcs":[[[-2846,-2893,-3214]],[[-2848,-3216,-2899,-4553,4923,4924,-3746,-3098]]],"type":"MultiPolygon","properties":{"geoid":"3910380318","name":"Wadsworth"},"id":"3910380318"},{"arcs":[[[-4835,-3292,-3744,-4812,-1400]],[[-1397,-4810,-1402,-4811]]],"type":"MultiPolygon","properties":{"geoid":"3910348804","name":"Medina"},"id":"3910348804"},{"arcs":[[4925,-3492,-4479,-4609,-4534]],"type":"Polygon","properties":{"geoid":"3916515700","name":"Clear Creek"},"id":"3916515700"},{"arcs":[[-1641,-1190,-1639,-4652,-4379,-2383,-2977]],"type":"Polygon","properties":{"geoid":"3909372060","name":"Sheffield"},"id":"3909372060"},{"arcs":[[4926,-4117,4927,-4801,-3604]],"type":"Polygon","properties":{"geoid":"3908926530","name":"Fallsbury"},"id":"3908926530"},{"arcs":[[4928,-402,-675,-3655,-671]],"type":"Polygon","properties":{"geoid":"3907981382","name":"Washington"},"id":"3907981382"},{"arcs":[[-4596,-4616,-3806,-817,-2578,-1726]],"type":"Polygon","properties":{"geoid":"3902986912","name":"Yellow Creek"},"id":"3902986912"},{"arcs":[[-3101,-4285,-3755]],"type":"Polygon","properties":{"geoid":"3910311276","name":"Canaan"},"id":"3910311276"},{"arcs":[[-1209,-4914,-4336,-4917,-4055]],"type":"Polygon","properties":{"geoid":"3902545108","name":"Loveland"},"id":"3902545108"},{"arcs":[[4929,-4887,-3077,-2551]],"type":"Polygon","properties":{"geoid":"3912364150","name":"Port Clinton"},"id":"3912364150"},{"arcs":[[-4305,4930,-3033,-2457,-4298,4931,-4420]],"type":"Polygon","properties":{"geoid":"3900151268","name":"Monroe"},"id":"3900151268"},{"arcs":[[-4562,4932,-1313,4933,-4429,4934,-4399,-4507,-4580]],"type":"Polygon","properties":{"geoid":"3908585484","name":"Willoughby"},"id":"3908585484"},{"arcs":[[-3162,-4830,-1837,-2178,4935,-3707]],"type":"Polygon","properties":{"geoid":"3907540194","name":"Killbuck"},"id":"3907540194"},{"arcs":[[-1455,-1460,-2986,-1714]],"type":"Polygon","properties":{"geoid":"3906963296","name":"Pleasant"},"id":"3906963296"},{"arcs":[[-2545,-3737,4936,-226,-1825,-3415,-2079]],"type":"Polygon","properties":{"geoid":"3910107958","name":"Bowling Green"},"id":"3910107958"},{"arcs":[[-972,-2330,-970,-2332,-4645,-962,-3244,-3394,-565,-2761,-2336]],"type":"Polygon","properties":{"geoid":"3902333586","name":"Harmony"},"id":"3902333586"},{"arcs":[[-4898,-4781,-4258,-1178,-1770]],"type":"Polygon","properties":{"geoid":"3901945038","name":"Loudon"},"id":"3901945038"},{"arcs":[[-702,-731,-3631,-2421,-1918]],"type":"Polygon","properties":{"geoid":"3908946116","name":"McKean"},"id":"3908946116"},{"arcs":[[-3392,-3382,4937,-877,-3388,-4787]],"type":"Polygon","properties":{"geoid":"3909726068","name":"Fairfield"},"id":"3909726068"},{"arcs":[[-4794,-4795,-1984,-1415,-1987,-3396]],"type":"Polygon","properties":{"geoid":"3912147810","name":"Marion"},"id":"3912147810"},{"arcs":[[-3249,-1574,-1551,-2481,-4567]],"type":"Polygon","properties":{"geoid":"3905352094","name":"Morgan"},"id":"3905352094"},{"arcs":[[4938,-2921,-3416,-2953,-4246,-4879,-3025]],"type":"Polygon","properties":{"geoid":"3906576198","name":"Taylor Creek"},"id":"3906576198"},{"arcs":[[-4868,-4880,-2767,-1359,-1580,-4752]],"type":"Polygon","properties":{"geoid":"3912765760","name":"Reading"},"id":"3912765760"},{"arcs":[[-1971,4939,-1780,-218]],"type":"Polygon","properties":{"geoid":"3915540502","name":"Kinsman"},"id":"3915540502"},{"arcs":[[-3748,4940,-4924,-4557,4941]],"type":"Polygon","properties":{"geoid":"3916967356","name":"Rittman"},"id":"3916967356"},{"arcs":[[-4874,-2901,-1171,-1182,-4427,-384]],"type":"Polygon","properties":{"geoid":"3915769106","name":"Rush"},"id":"3915769106"},{"arcs":[[-1242,-4682,-3286,-2400,-3578,-4486]],"type":"Polygon","properties":{"geoid":"3914938080","name":"Jackson"},"id":"3914938080"},{"arcs":[[-4544,-2281,-1275,4942]],"type":"Polygon","properties":{"geoid":"3909548342","name":"Maumee"},"id":"3909548342"},{"arcs":[[[4943]],[[4944,-2276]]],"type":"MultiPolygon","properties":{"geoid":"3909581438","name":"Washington"},"id":"3909581438"},{"arcs":[[-4607,-3813,-4615,-3120]],"type":"Polygon","properties":{"geoid":"3902924906","name":"Elkrun"},"id":"3902924906"},{"arcs":[[-802,-3786,-4570,4945,-4584]],"type":"Polygon","properties":{"geoid":"3901372736","name":"Smith"},"id":"3901372736"},{"arcs":[[-4764,-4909,-3576,-3284,-46,-3847,-3865,-3845,-3635,-3844,-1874,-4910]],"type":"Polygon","properties":{"geoid":"3914387080","name":"York"},"id":"3914387080"},{"arcs":[[-3600,-1872,-3593,4946,-4885]],"type":"Polygon","properties":{"geoid":"3914581606","name":"Washington"},"id":"3914581606"},{"arcs":[[-2220,-4513,-1653,-1071,-1693,-4838]],"type":"Polygon","properties":{"geoid":"3901537688","name":"Jackson"},"id":"3901537688"},{"arcs":[[-893,-1908,-2961,-4480,-4701,-1701]],"type":"Polygon","properties":{"geoid":"3915143022","name":"Lexington"},"id":"3915143022"},{"arcs":[[-3722,-3757,-4284,-4289,-642],[-4839]],"type":"Polygon","properties":{"geoid":"3910334104","name":"Harrisville"},"id":"3910334104"},{"arcs":[[-4051,-4763,-1634,-4082,-4855]],"type":"Polygon","properties":{"geoid":"3906186366","name":"Woodlawn"},"id":"3906186366"},{"arcs":[[-4702,-2540,4947,-3863,-3282]],"type":"Polygon","properties":{"geoid":"3904359276","name":"Oxford"},"id":"3904359276"},{"arcs":[[[-3747,-4925,-4941]],[[-3100,-3749,-4942,-4556,-4739,-4286]]],"type":"MultiPolygon","properties":{"geoid":"3916950666","name":"Milton"},"id":"3916950666"},{"arcs":[[-3268,4948,-1936,-4675,-4670,4949]],"type":"Polygon","properties":{"geoid":"3912980598","name":"Walnut"},"id":"3912980598"},{"arcs":[[-2129,-2648,-2117,-2647,-2115,-3089,-2376,-878,-4938,-3381]],"type":"Polygon","properties":{"geoid":"3904963254","name":"Pleasant"},"id":"3904963254"},{"arcs":[[-487,-3363,-4586,4950,-4588,-4504]],"type":"Polygon","properties":{"geoid":"3915513470","name":"Champion"},"id":"3915513470"},{"arcs":[[-3143,-4729,-4012,-3716,-4832,-3714,-4833,-3712,-4834,-2235]],"type":"Polygon","properties":{"geoid":"3903575098","name":"Strongsville"},"id":"3903575098"},{"arcs":[[-4735,4951,-302,4952,-1213,-1226,-2431]],"type":"Polygon","properties":{"geoid":"3916975231","name":"Sugar Creek"},"id":"3916975231"},{"arcs":[[-4730,-4005,-1015,-4016,-2166,-4728,-3141,-4014]],"type":"Polygon","properties":{"geoid":"3903509288","name":"Brook Park"},"id":"3903509288"},{"arcs":[[-1026,-2165,-4923,-4727,-4771,-4022,-1647]],"type":"Polygon","properties":{"geoid":"3903552052","name":"Moreland Hills"},"id":"3903552052"},{"arcs":[[-1663,-3973,-1057,-1060,-343]],"type":"Polygon","properties":{"geoid":"3905553340","name":"Munson"},"id":"3905553340"},{"arcs":[[-908,-3254,-4105,-4876]],"type":"Polygon","properties":{"geoid":"3907785232","name":"Willard"},"id":"3907785232"},{"arcs":[[-4110,-4121,-4222,-934,-1946,-4617]],"type":"Polygon","properties":{"geoid":"3903128252","name":"Franklin"},"id":"3903128252"},{"arcs":[[-4181,-3021,-3471,-3556,-90]],"type":"Polygon","properties":{"geoid":"3911315518","name":"Clay"},"id":"3911315518"},{"arcs":[[-1073,-1658,-3034,-4931,-4304,-4778]],"type":"Polygon","properties":{"geoid":"3900143036","name":"Liberty"},"id":"3900143036"},{"arcs":[[-1184,-2030,-4257,-4253,-793,-1329]],"type":"Polygon","properties":{"geoid":"3906751940","name":"Moorefield"},"id":"3906751940"},{"arcs":[[-3624,-1863,-1144,-1165,4953]],"type":"Polygon","properties":{"geoid":"3910730058","name":"Gibson"},"id":"3910730058"},{"arcs":[[-4884,-3834,-3830,-3828,-3822]],"type":"Polygon","properties":{"geoid":"3906312392","name":"Cass"},"id":"3906312392"},{"arcs":[[-3414,-542,-241,-4899,-3885,-4443,-13]],"type":"Polygon","properties":{"geoid":"3911506964","name":"Bloom"},"id":"3911506964"},{"arcs":[[-2946,-1600,-2379,-3269,-4950,-4674,-4769,-3907]],"type":"Polygon","properties":{"geoid":"3912937982","name":"Jackson"},"id":"3912937982"},{"arcs":[[-889,4954,-3861,-1230,-2832]],"type":"Polygon","properties":{"geoid":"3913150078","name":"Mifflin"},"id":"3913150078"},{"arcs":[[-3702,-4893,-1965,-3520,-3507,-502]],"type":"Polygon","properties":{"geoid":"3915702918","name":"Auburn"},"id":"3915702918"},{"arcs":[[-199,-4738,-4831,-3703,4955,-1160]],"type":"Polygon","properties":{"geoid":"3907581368","name":"Washington"},"id":"3907581368"},{"arcs":[[-3736,-1316,-3740,-2558,-227,-4937]],"type":"Polygon","properties":{"geoid":"3910131962","name":"Green Camp"},"id":"3910131962"},{"arcs":[[-4877,-4103,-654,-2288,-1258]],"type":"Polygon","properties":{"geoid":"3903302890","name":"Auburn"},"id":"3903302890"},{"arcs":[[-105,-3007,-2314,4956]],"type":"Polygon","properties":{"geoid":"3906133852","name":"Harrison"},"id":"3906133852"},{"arcs":[[4957]],"type":"Polygon","properties":{"geoid":"3904339662","name":"Kelleys Island"},"id":"3904339662"},{"arcs":[[-4905,4958,-1211,-4057,-4916,-4637,-4066,-4626]],"type":"Polygon","properties":{"geoid":"3906176028","name":"Symmes"},"id":"3906176028"},{"arcs":[[-4890,-2341,-975,-2338,-2514,-3899,-4238]],"type":"Polygon","properties":{"geoid":"3902346788","name":"Mad River"},"id":"3902346788"},{"arcs":[[-4316,-271,-1682,-3738,-2857,-4311]],"type":"Polygon","properties":{"geoid":"3917502190","name":"Antrim"},"id":"3917502190"},{"arcs":[[-514,-3550,-4824,-4895,-4908,-3542,-4907,-3521,-3553,-4514]],"type":"Polygon","properties":{"geoid":"3915959864","name":"Paris"},"id":"3915959864"},{"arcs":[[-4602,-4679,-2834,-4749,-4299,-4169]],"type":"Polygon","properties":{"geoid":"3907137828","name":"Jackson"},"id":"3907137828"},{"arcs":[[-2729,-297,-2725,-1116,-3510,-3503,-1215]],"type":"Polygon","properties":{"geoid":"3915106180","name":"Bethlehem"},"id":"3915106180"},{"arcs":[[[-4734,-2296,-2727,-293,-4952]],[[-301,-2728,-299,-2730,-1214,-4953]]],"type":"MultiPolygon","properties":{"geoid":"3915177910","name":"Tuscarawas"},"id":"3915177910"},{"arcs":[[-3480,-4442,-4900,-4440,-2817,-3493,-4926,-4533,-4897]],"type":"Polygon","properties":{"geoid":"3911349392","name":"Miami"},"id":"3911349392"},{"arcs":[[4959,-2265]],"type":"Polygon","properties":{"geoid":"3914554166","name":"New Boston"},"id":"3914554166"},{"arcs":[[[-1031,-4710,-2148]],[[-3963,-2516,-2144]],[[-2151,-4711,-2348]],[[-2468,-3965,-2140,-4715]],[[-2153,-2347,-4716]]],"type":"MultiPolygon","properties":{"geoid":"3904121448","name":"Delaware"},"id":"3904121448"},{"arcs":[[-3976,-2806,-3977,-2804]],"type":"Polygon","properties":{"geoid":"3905549700","name":"Middlefield"},"id":"3905549700"},{"arcs":[[-2771,-4665,-4870]],"type":"Polygon","properties":{"geoid":"3909961798","name":"Perry"},"id":"3909961798"},{"arcs":[[-2171,-3346,-3347,-3322]],"type":"Polygon","properties":{"geoid":"3915353312","name":"Munroe Falls"},"id":"3915353312"},{"arcs":[[[-3352,-3325,-457]],[[-461,-3329,-3941,-3946,-3966,-1951,-4248],[-481]]],"type":"MultiPolygon","properties":{"geoid":"3915374130","name":"Springfield"},"id":"3915374130"},{"arcs":[[-490,-2487,-2742,-3361,-4892]],"type":"Polygon","properties":{"geoid":"3915528098","name":"Fowler"},"id":"3915528098"},{"arcs":[[-4878,-2922,-4939,-3024]],"type":"Polygon","properties":{"geoid":"3906545598","name":"Lynn"},"id":"3906545598"},{"arcs":[[-4935,-4428,-4400]],"type":"Polygon","properties":{"geoid":"3908580402","name":"Waite Hill"},"id":"3908580402"},{"arcs":[[-3877,-3728,-4783,-5,-3882]],"type":"Polygon","properties":{"geoid":"3913762036","name":"Perry"},"id":"3913762036"},{"arcs":[[-1862,-4807,-4183,-4193,-1146]],"type":"Polygon","properties":{"geoid":"3903780248","name":"Wabash"},"id":"3903780248"},{"arcs":[[-4760,4960,-4627,-4069,-4629,4961]],"type":"Polygon","properties":{"geoid":"3906107300","name":"Blue Ash"},"id":"3906107300"},{"arcs":[[-4404,-1975,-780,-772,-3067]],"type":"Polygon","properties":{"geoid":"3901951324","name":"Monroe"},"id":"3901951324"},{"arcs":[[-1312,4962,-4845,4963,-4848,-4860,-2434,-4430,-4934]],"type":"Polygon","properties":{"geoid":"3908549056","name":"Mentor"},"id":"3908549056"},{"arcs":[[-4138,-4866,-4902,-4655,-4903,-4663,-4906,-4624,4964,-4074,-4444]],"type":"Polygon","properties":{"geoid":"3901783150","name":"West Chester"},"id":"3901783150"},{"arcs":[[-4446,-4620]],"type":"Polygon","properties":{"geoid":"3906125970","name":"Fairfield"},"id":"3906125970"},{"arcs":[[4965,-4761,-4962,-4633,-2488,-168,-4634,-946]],"type":"Polygon","properties":{"geoid":"3906165732","name":"Reading"},"id":"3906165732"},{"arcs":[[-1009,-3993,-4214,-4732,-4017]],"type":"Polygon","properties":{"geoid":"3903509274","name":"Brooklyn Heights"},"id":"3903509274"},{"arcs":[[-4343,-4915,-4341,-4918,-4490,-2568,-4345,-4819]],"type":"Polygon","properties":{"geoid":"3902578288","name":"Union"},"id":"3902578288"},{"arcs":[[-448,-1318,-2938,-2879]],"type":"Polygon","properties":{"geoid":"3910924836","name":"Elizabeth"},"id":"3910924836"},{"arcs":[[-4075,-4965,-4628,-4961,-4759,-4049]],"type":"Polygon","properties":{"geoid":"3906171892","name":"Sharonville"},"id":"3906171892"},{"arcs":[[[-3218,-2979,-2387,-2978,-2385,-4378]],[[-4382,-2821,-3220]]],"type":"MultiPolygon","properties":{"geoid":"3909325270","name":"Elyria"},"id":"3909325270"},{"arcs":[[-4904,-4661,-4901,-4277,-4211,-4276,-4274,4966,-4338,-4913,-1212,-4959]],"type":"Polygon","properties":{"geoid":"3916533068","name":"Hamilton"},"id":"3916533068"},{"arcs":[[-4019,-4731,-4215,-3989,-3340,-3725,-4011]],"type":"Polygon","properties":{"geoid":"3903509064","name":"Broadview Heights"},"id":"3903509064"},{"arcs":[[-4964,-4844,-4861,-4846]],"type":"Polygon","properties":{"geoid":"3908559416","name":"Painesville"},"id":"3908559416"},{"arcs":[[-4585,-4946,-4572,-2322,-2409,-1891]],"type":"Polygon","properties":{"geoid":"3901381088","name":"Washington"},"id":"3901381088"},{"arcs":[[-2784,-3868,-4173,-2132,-3036]],"type":"Polygon","properties":{"geoid":"3902782124","name":"Wayne"},"id":"3902782124"},{"arcs":[[-1494,-4882,-1932,-4949,-3267]],"type":"Polygon","properties":{"geoid":"3912946564","name":"Madison"},"id":"3912946564"},{"arcs":[[-4489,-350,-1088,-4606,-4353,-2570]],"type":"Polygon","properties":{"geoid":"3902537716","name":"Jackson"},"id":"3902537716"},{"arcs":[[4967,-4499]],"type":"Polygon","properties":{"geoid":"3916705424","name":"Belpre"},"id":"3916705424"},{"arcs":[[[-4648,-2655]],[[-4646,-3979,-2659]],[[-4883,-3546,-4700,-1043,-4714,-2608,4968,-2606,-2472]],[[-2661,-3978,-2474]]],"type":"MultiPolygon","properties":{"geoid":"3904981242","name":"Washington"},"id":"3904981242"},{"arcs":[[-4396,-3390]],"type":"Polygon","properties":{"geoid":"3909744674","name":"London"},"id":"3909744674"},{"arcs":[[-4403,-2230,-363,-4267]],"type":"Polygon","properties":{"geoid":"3900942420","name":"Lee"},"id":"3900942420"},{"arcs":[[-4301,-2782,-3032,-1656]],"type":"Polygon","properties":{"geoid":"3900158366","name":"Oliver"},"id":"3900158366"},{"arcs":[[-4413,-3121,-204,-4594,-765,-2381]],"type":"Polygon","properties":{"geoid":"3902928238","name":"Franklin"},"id":"3902928238"},{"arcs":[[-4928,-4116,-4426,-941,-412,-4802]],"type":"Polygon","properties":{"geoid":"3903162624","name":"Pike"},"id":"3903162624"},{"arcs":[[-3176,4969,-2549,-3264,-1324]],"type":"Polygon","properties":{"geoid":"3912312266","name":"Carroll"},"id":"3912312266"},{"arcs":[[-1270,-2291,-4405,-4357,-4410,-4367,-4758,-4370,-4374]],"type":"Polygon","properties":{"geoid":"3903338570","name":"Jefferson"},"id":"3903338570"},{"arcs":[[-4911,-688,-733]],"type":"Polygon","properties":{"geoid":"3914732256","name":"Green Springs"},"id":"3914732256"},{"arcs":[[-465,-4247,-463,-4249,-3330,-2895]],"type":"Polygon","properties":{"geoid":"3915303828","name":"Barberton"},"id":"3915303828"},{"arcs":[[-3584,-4805,-4217,-1878,-4185]],"type":"Polygon","properties":{"geoid":"3914919834","name":"Cynthian"},"id":"3914919834"},{"arcs":[[-4821]],"type":"Polygon","properties":{"geoid":"3906155678","name":"Newtown"},"id":"3906155678"},{"arcs":[[-1771,-1181,-4308,-4264,-4261]],"type":"Polygon","properties":{"geoid":"3906756084","name":"North"},"id":"3906756084"},{"arcs":[[-1920,-1205,-1470,-397,-4929,-670]],"type":"Polygon","properties":{"geoid":"3916366768","name":"Richland"},"id":"3916366768"},{"arcs":[[-4273,-3168,-4098,-2855,-347,-4333,-4967]],"type":"Polygon","properties":{"geoid":"3916533474","name":"Harlan"},"id":"3916533474"},{"arcs":[[-4921,-4695,-393,-2759]],"type":"Polygon","properties":{"geoid":"3900550050","name":"Mifflin"},"id":"3900550050"},{"arcs":[[-3709,4970,-52,-4113,-3932]],"type":"Polygon","properties":{"geoid":"3903176953","name":"Tiverton"},"id":"3903176953"},{"arcs":[[-1246,-3582,-4806]],"type":"Polygon","properties":{"geoid":"3901137674","name":"Jackson"},"id":"3901137674"},{"arcs":[[-337,-1438,-4223,-3880,-864]],"type":"Polygon","properties":{"geoid":"3912525298","name":"Emerald"},"id":"3912525298"},{"arcs":[[-3888,-3893,-3890,-874]],"type":"Polygon","properties":{"geoid":"3911561602","name":"Penn"},"id":"3911561602"},{"arcs":[[-888,-2866,-2716,-1607,-3862,-4955]],"type":"Polygon","properties":{"geoid":"3913105648","name":"Benton"},"id":"3913105648"},{"arcs":[[-4948,-2539,-4132,-4130,-4131,-4133,-3864]],"type":"Polygon","properties":{"geoid":"3907767006","name":"Ridgefield"},"id":"3907767006"},{"arcs":[[-4388,-47,-4651,-4770]],"type":"Polygon","properties":{"geoid":"3909382656","name":"Wellington"},"id":"3909382656"},{"arcs":[[-2870,-4118,-4927,-3603,-4402]],"type":"Polygon","properties":{"geoid":"3908337870","name":"Jackson"},"id":"3908337870"},{"arcs":[[-4152,-4148,-4912,-4322,-4159]],"type":"Polygon","properties":{"geoid":"3900301602","name":"Amanda"},"id":"3900301602"},{"arcs":[[-1161,-4956,-3706,-2222,-4766,-2012]],"type":"Polygon","properties":{"geoid":"3900533236","name":"Hanover"},"id":"3900533236"},{"arcs":[[-3188,-1295,-242,-541]],"type":"Polygon","properties":{"geoid":"3911948916","name":"Meigs"},"id":"3911948916"},{"arcs":[[-2208,-1134,-4493,4971]],"type":"Polygon","properties":{"geoid":"3917169638","name":"St. Joseph"},"id":"3917169638"},{"arcs":[[-528,-3826,-2990,-849]],"type":"Polygon","properties":{"geoid":"3906364066","name":"Portage"},"id":"3906364066"},{"arcs":[[-4528,-4545,-4943,-1274,-4520,-4547]],"type":"Polygon","properties":{"geoid":"3909551156","name":"Monclova"},"id":"3909551156"},{"arcs":[[[-2418,-2622]],[[-2684,4974,-2682,4975,-2680,4976]]],"type":"MultiPolygon","properties":{"geoid":"3904971787","name":"Sharon"},"id":"3904971787"},{"arcs":[[-4509,-437,-1556,-2308,-3189,-1333]],"type":"Polygon","properties":{"geoid":"3908786002","name":"Windsor"},"id":"3908786002"},{"arcs":[[-3049,-4575,-4578,4977,-2311,-1563]],"type":"Polygon","properties":{"geoid":"3908182698","name":"Wells"},"id":"3908182698"},{"arcs":[[-4951,-4587,-3368,-4589]],"type":"Polygon","properties":{"geoid":"3915580892","name":"Warren"},"id":"3915580892"},{"arcs":[[-3558,-3482,-4896,-3765]],"type":"Polygon","properties":{"geoid":"3911337912","name":"Jackson"},"id":"3911337912"},{"arcs":[[-4102,-4856,-4826,-1829,-651]],"type":"Polygon","properties":{"geoid":"3913912420","name":"Cass"},"id":"3913912420"},{"arcs":[[-1901,-4875,-4788,-2082]],"type":"Polygon","properties":{"geoid":"3909937884","name":"Jackson"},"id":"3909937884"},{"arcs":[[-4530,-4546,-2836]],"type":"Polygon","properties":{"geoid":"3909533418","name":"Harding"},"id":"3909533418"},{"arcs":[[-3134,-2967,-3240,-4598,-2111]],"type":"Polygon","properties":{"geoid":"3905754810","name":"New Jasper"},"id":"3905754810"},{"arcs":[[-1141,-1377,-4177,-4172,-2217,-4540]],"type":"Polygon","properties":{"geoid":"3907184826","name":"Whiteoak"},"id":"3907184826"},{"arcs":[[-3708,-4936,-2180,-53,-4971]],"type":"Polygon","properties":{"geoid":"3903151352","name":"Monroe"},"id":"3903151352"},{"arcs":[[-1632,-4762,-4966,-945,-165,-4083]],"type":"Polygon","properties":{"geoid":"3906144366","name":"Lockland"},"id":"3906144366"},{"arcs":[[-2533,-1157,-4757,-4162,-2969]],"type":"Polygon","properties":{"geoid":"3900351282","name":"Monroe"},"id":"3900351282"},{"arcs":[[-847,-4698,-4800]],"type":"Polygon","properties":{"geoid":"3906302400","name":"Arlington"},"id":"3906302400"},{"arcs":[[[-4713,-2612,-4973,-2610]],[[-4977,-2685]]],"type":"MultiPolygon","properties":{"geoid":"3904961840","name":"Perry"},"id":"3904961840"},{"arcs":[[-557,-1581,-2910,-3836,-4538,-3837,-1595]],"type":"Polygon","properties":{"geoid":"3907347740","name":"Marion"},"id":"3907347740"}]}}}