{"type":"Topology","arcs":[[[64828,26812],[1230,-52]],[[66058,26760],[-117,-303]],[[65941,26457],[-234,-317]],[[65707,26140],[-988,192]],[[64719,26332],[109,480]],[[8170,84569],[6234,86],[10458,137],[-18,-4670]],[[24844,80122],[-5,-419]],[[24839,79703],[-3534,-956],[-1138,-117],[-4122,-1863],[-3278,500],[-2306,880],[-564,-422],[-1075,83],[-622,-1076],[-765,266]],[[7435,76998],[735,7571]],[[38317,71357],[431,6906]],[[38748,78263],[5972,-287]],[[44720,77976],[-289,-4125]],[[44431,73851],[-1539,-1247],[-629,-899],[-4053,-2273]],[[38210,69432],[107,1925]],[[35694,71459],[316,-1052]],[[36010,70407],[-974,-656]],[[35036,69751],[-903,1827]],[[34133,71578],[1561,-119]],[[47277,43193],[276,-608]],[[47553,42585],[-521,-60]],[[47032,42525],[-427,571]],[[46605,43096],[-106,150]],[[46499,43246],[778,-53]],[[45993,45259],[613,78]],[[46606,45337],[-31,-1610]],[[46575,43727],[-440,29]],[[46135,43756],[-14,1]],[[46121,43757],[-160,264]],[[45961,44021],[32,1238]],[[40014,46922],[410,-20]],[[40424,46902],[18,-632]],[[40442,46270],[-313,16]],[[40129,46286],[-115,636]],[[41510,48001],[445,-25]],[[41955,47976],[218,-23]],[[42173,47953],[-189,-694]],[[41984,47259],[-650,37]],[[41334,47296],[176,705]],[[38945,52764],[1078,138]],[[40023,52902],[34,-467]],[[40057,52435],[-1128,-27]],[[38929,52408],[16,356]],[[38123,55569],[961,-13]],[[39084,55556],[-76,-1420]],[[39008,54136],[-252,11]],[[38756,54147],[-815,262]],[[37941,54409],[182,1160]],[[41136,42928],[13,197]],[[41149,43125],[595,-37]],[[41744,43088],[-33,-571]],[[41711,42517],[-600,26]],[[41111,42543],[25,385]],[[45280,43325],[52,718]],[[45332,44043],[629,-22]],[[46121,43757],[-523,-452]],[[45598,43305],[-310,19]],[[45288,43324],[-8,1]],[[48295,48613],[2026,-124]],[[50321,48489],[-81,-1231],[-470,-811]],[[49770,46447],[-885,-145]],[[48885,46302],[-84,984],[-577,324]],[[48224,47610],[71,1003]],[[47929,45504],[436,60]],[[48365,45564],[1340,161]],[[49705,45725],[453,71]],[[50158,45796],[-89,-1220]],[[50069,44576],[-52,-671]],[[50017,43905],[-493,-858]],[[49524,43047],[-592,33]],[[48932,43080],[185,823]],[[49117,43903],[-1188,1601]],[[32878,42764],[373,258]],[[33251,43022],[1233,724]],[[34484,43746],[48,-720]],[[34532,43026],[-757,-932]],[[33775,42094],[-897,670]],[[31540,43685],[1242,71]],[[32782,43756],[-192,-932]],[[32590,42824],[-1197,258]],[[31393,43082],[147,603]],[[31270,42598],[1250,-73]],[[32520,42525],[-28,-442]],[[32492,42083],[-589,31]],[[31903,42114],[-676,45]],[[31227,42159],[43,439]],[[40769,52558],[771,-96]],[[41540,52462],[-9,-147]],[[41531,52315],[-39,-574]],[[41492,51741],[-1253,76]],[[40239,51817],[530,741]],[[16057,65601],[1508,422]],[[17565,66023],[0,-1428]],[[17565,64595],[-218,-258]],[[17347,64337],[-1545,882]],[[15802,65219],[-127,43]],[[15675,65262],[382,339]],[[56664,44050],[88,1288]],[[56752,45338],[2881,-171]],[[59633,45167],[990,-52]],[[60623,45115],[-93,-1699],[-941,55],[84,-1065]],[[59673,42406],[-982,60]],[[58691,42466],[-2058,133]],[[56633,42599],[31,1451]],[[60201,47516],[1774,372]],[[61975,47888],[-137,-2831]],[[61838,45057],[-1215,58]],[[59633,45167],[568,2349]],[[54106,47143],[148,2152]],[[54254,49295],[122,1739]],[[54376,51034],[2095,-132]],[[56471,50902],[359,-2522],[-96,-1315]],[[56734,47065],[-2625,69]],[[54109,47134],[-3,9]],[[51582,40857],[63,959]],[[51645,41816],[581,-43]],[[52226,41773],[-441,-1063]],[[51785,40710],[-93,6]],[[51692,40716],[-110,141]],[[37777,61713],[538,381],[2404,-150]],[[40719,61944],[-128,-1811]],[[40591,60133],[-976,48]],[[39615,60181],[-1909,86]],[[37706,60267],[71,1446]],[[30831,44445],[277,19]],[[31108,44464],[1629,116]],[[32737,44580],[-1068,-86],[-213,-814]],[[31456,43680],[-787,-40]],[[30669,43640],[162,805]],[[33399,54655],[1089,-221]],[[34488,54434],[-36,-864]],[[34452,53570],[-467,61]],[[33985,53631],[-586,1024]],[[32489,49711],[871,-410],[948,150]],[[34308,49451],[-32,-850]],[[34276,48601],[-1517,-537]],[[32759,48064],[-270,1647]],[[30343,42205],[884,-46]],[[31903,42114],[-644,-429]],[[31259,41685],[-1168,-776]],[[30091,40909],[252,1296]],[[40187,47355],[211,-12]],[[40398,47343],[26,-441]],[[40014,46922],[-158,9]],[[39856,46931],[331,424]],[[50591,35842],[1710,-474]],[[52301,35368],[-73,-1216]],[[52228,34152],[-1168,98],[-50,-640]],[[51010,33610],[-550,449],[131,1783]],[[50017,43905],[602,7]],[[50619,43912],[-74,-944]],[[50545,42968],[-1021,79]],[[35029,68936],[1292,20]],[[36321,68956],[-306,-631]],[[36015,68325],[-1004,274]],[[35011,68599],[18,337]],[[43760,18015],[538,-424]],[[44298,17591],[-598,-515]],[[43700,17076],[60,939]],[[68096,41964],[4330,-253],[651,393]],[[73077,42104],[-219,-2642]],[[72858,39462],[-2455,-362],[-1787,100],[-110,-1622],[-1769,101],[122,1871],[1237,2414]],[[63553,27123],[551,-1113]],[[64104,26010],[-241,-108]],[[63863,25902],[-727,215],[417,1006]],[[19695,31411],[1999,901],[2138,-438],[1304,1270]],[[25136,33144],[-448,-7098]],[[24688,26046],[-80,-1333]],[[24608,24713],[-5172,313]],[[19436,25026],[259,6385]],[[74347,50495],[708,565]],[[75055,51060],[1099,299]],[[76154,51359],[-38,-1023]],[[76116,50336],[-828,51]],[[75288,50387],[-941,108]],[[47998,43143],[934,-63]],[[49524,43047],[-347,-667]],[[49177,42380],[-745,116]],[[48432,42496],[-434,647]],[[47188,45410],[561,-309]],[[47749,45101],[-36,-474]],[[47713,44627],[-584,18]],[[47129,44645],[59,765]],[[42143,40246],[1152,-67],[-75,-1089]],[[43220,39090],[-559,31]],[[42661,39121],[-518,1125]],[[42762,45616],[243,179]],[[43005,45795],[757,88]],[[43762,45883],[-5,-12]],[[43757,45871],[-586,-983]],[[43171,44888],[-722,-96]],[[42449,44792],[313,824]],[[40769,46254],[1189,944]],[[41958,47198],[-287,-989]],[[41671,46209],[-902,45]],[[39103,49719],[1155,-27]],[[40258,49692],[38,-644]],[[40296,49048],[-1045,-11]],[[39251,49037],[-148,682]],[[40131,51822],[108,-5]],[[41492,51741],[57,-496]],[[41549,51245],[-1391,117]],[[40158,51362],[-27,460]],[[43622,51087],[323,524]],[[43945,51611],[800,-47]],[[44745,51564],[-440,-611]],[[44305,50953],[-683,134]],[[41771,43543],[339,-20]],[[42110,43523],[1204,-72]],[[43314,43451],[-33,-661]],[[43281,42790],[-950,263]],[[42331,43053],[-587,35]],[[41744,43088],[27,455]],[[41315,45754],[745,-69]],[[42060,45685],[-103,-444]],[[41957,45241],[-822,-76]],[[41135,45165],[180,589]],[[44590,45940],[1051,100]],[[45641,46040],[-192,-441]],[[45449,45599],[-8,-1]],[[45441,45598],[-600,-110]],[[44841,45488],[-251,452]],[[45049,53273],[767,82]],[[45816,53355],[224,-1860]],[[46040,51495],[-1295,69]],[[44745,51564],[304,1709]],[[52128,43943],[85,3]],[[52213,43946],[464,11]],[[52677,43957],[853,21]],[[53530,43978],[-76,-1187]],[[53454,42791],[-962,66]],[[52492,42857],[-106,388]],[[52386,43245],[-258,698]],[[50921,45899],[597,80]],[[51518,45979],[278,-814]],[[51796,45165],[417,-1219]],[[52128,43943],[-922,-19]],[[51206,43924],[35,578]],[[51241,44502],[-320,1397]],[[47749,45101],[180,403]],[[49117,43903],[-387,13]],[[48730,43916],[-1017,711]],[[36000,50731],[-6,513]],[[35994,51244],[558,-156]],[[36552,51088],[499,-17]],[[37051,51071],[218,-1247]],[[37269,49824],[-541,-490],[-1055,98]],[[35673,49432],[327,1299]],[[34524,43862],[817,48]],[[35341,43910],[-37,-838]],[[35304,43072],[-156,-9]],[[35148,43063],[-397,-23]],[[34751,43040],[-219,-14]],[[34484,43746],[40,116]],[[34864,38494],[972,-34]],[[35836,38460],[-41,-600]],[[35795,37860],[-956,110]],[[34839,37970],[25,524]],[[32520,42525],[70,299]],[[32590,42824],[288,-60]],[[33775,42094],[777,-198]],[[34552,41896],[-417,-804]],[[34135,41092],[-722,-255]],[[33413,40837],[-921,1246]],[[37135,47172],[1332,-105],[96,-487]],[[38563,46580],[-1060,214]],[[37503,46794],[-386,22]],[[37117,46816],[18,356]],[[37051,51071],[344,62]],[[37395,51133],[456,-2091]],[[37851,49042],[92,-408]],[[37943,48634],[-726,237]],[[37217,48871],[52,953]],[[31270,42598],[123,484]],[[32737,44580],[32,2]],[[32769,44582],[13,-826]],[[31540,43685],[-84,-5]],[[40591,60133],[-180,-1239]],[[40411,58894],[-719,1]],[[39692,58895],[-77,1286]],[[42149,44132],[1438,-34]],[[43587,44098],[51,-667]],[[43638,43431],[-68,4]],[[43570,43435],[-1352,396]],[[42218,43831],[-69,301]],[[50545,42968],[805,159]],[[51350,43127],[1036,118]],[[52492,42857],[-818,-644]],[[51674,42213],[-1180,80]],[[50494,42293],[51,675]],[[38903,44533],[593,93]],[[39496,44626],[301,-203]],[[39797,44423],[-423,-684]],[[39374,43739],[-290,-94]],[[39084,43645],[-130,651]],[[38954,44296],[-51,237]],[[38907,51886],[22,522]],[[40057,52435],[-19,-609]],[[40038,51826],[-1131,60]],[[21231,65563],[-2268,-599]],[[18963,64964],[-1398,1059]],[[16057,65601],[-71,1470],[437,716],[-947,883]],[[15476,68670],[290,745],[885,80],[253,-992],[3557,281],[421,-1004],[349,-2217]],[[54057,46317],[1238,218],[-70,-1117]],[[55225,45418],[-990,-130],[-107,-1293]],[[54128,43995],[-598,-17]],[[53530,43978],[110,1524],[417,815]],[[45202,18014],[70,1396]],[[45272,19410],[147,2159]],[[45419,21569],[4652,-248]],[[50071,21321],[71,-1610]],[[50142,19711],[-399,-4913]],[[49743,14798],[-4703,283]],[[45040,15081],[162,2933]],[[50142,19711],[2896,-225],[197,-568],[2497,-189],[573,1482],[858,1272]],[[57163,21483],[-503,-6124]],[[56660,15359],[-77,-1082]],[[56583,14277],[-6840,521]],[[54045,42766],[1744,-110]],[[55789,42656],[-180,-2188]],[[55609,40468],[-455,29]],[[55154,40497],[-685,45]],[[54469,40542],[107,1605],[-575,2]],[[54001,42149],[44,617]],[[52724,40654],[977,-61]],[[53701,40593],[768,-51]],[[55154,40497],[-709,-667],[470,-877]],[[54915,38953],[-2241,1246]],[[52674,40199],[50,455]],[[60564,27451],[106,1124],[1562,-1014]],[[62232,27561],[1321,-438]],[[63863,25902],[-277,-129]],[[63586,25773],[-1309,-847]],[[62277,24926],[-1127,-3],[175,2219],[-761,309]],[[36428,44865],[2165,-34]],[[38593,44831],[232,-99]],[[38825,44732],[78,-199]],[[38954,44296],[-507,-73]],[[38447,44223],[-1088,-157]],[[37359,44066],[-449,427]],[[36910,44493],[-482,372]],[[30212,49398],[1271,-701]],[[31483,48697],[-792,-404]],[[30691,48293],[-479,1105]],[[34553,55985],[1970,-64]],[[36523,55921],[76,-418]],[[36599,55503],[-522,-52]],[[36077,55451],[-1558,-124]],[[34519,55327],[34,658]],[[50664,36753],[1694,-635]],[[52358,36118],[-57,-750]],[[50591,35842],[73,911]],[[45903,54601],[796,1548],[420,-97]],[[47119,56052],[-386,-1827]],[[46733,54225],[-920,56]],[[45813,54281],[90,320]],[[44670,55378],[1284,-184],[-51,-593]],[[45813,54281],[-205,11]],[[45608,54292],[-907,423]],[[44701,54715],[-31,663]],[[50258,39312],[578,-310]],[[50836,39002],[-103,-1443]],[[50733,37559],[-41,-454]],[[50692,37105],[-552,552],[118,1655]],[[50069,44576],[1172,-74]],[[51206,43924],[-587,-12]],[[52100,91910],[73,2697],[9775,-181]],[[61948,94426],[1188,3],[71,-6469],[-1178,9]],[[62029,87969],[-619,16]],[[61410,87985],[-7025,107]],[[54385,88092],[48,2167],[-1788,25],[14,1080],[-559,546]],[[66058,26760],[413,807],[70,1373]],[[66541,28940],[1226,-59],[-912,-2000]],[[66855,26881],[-914,-424]],[[41495,50400],[1325,-69]],[[42820,50331],[-88,-323]],[[42732,50008],[-115,-449]],[[42617,49559],[-727,39]],[[41890,49598],[-450,27]],[[41440,49625],[55,775]],[[38756,54147],[208,-927]],[[38964,53220],[-794,-230]],[[38170,52990],[-152,882]],[[38018,53872],[-77,537]],[[42163,44327],[27,430]],[[42190,44757],[259,35]],[[43171,44888],[416,-790]],[[42149,44132],[14,195]],[[46369,42384],[663,141]],[[47553,42585],[879,-89]],[[48432,42496],[-71,-685]],[[48361,41811],[-1044,-798]],[[47317,41013],[-706,47]],[[46611,41060],[-242,1324]],[[38268,51917],[639,-31]],[[40038,51826],[93,-4]],[[40158,51362],[6,-96]],[[40164,51266],[-1838,92]],[[38326,51358],[-50,551]],[[38276,51909],[-8,8]],[[35680,57514],[496,-20]],[[36176,57494],[228,-925]],[[36404,56569],[-547,-19]],[[35857,56550],[-177,964]],[[33125,79604],[5701,-237]],[[38826,79367],[-78,-1104]],[[38317,71357],[-2623,102]],[[34133,71578],[-1644,107],[-55,-732]],[[32434,70953],[-862,2263],[1037,-66],[516,6454]],[[47713,44627],[-81,-970]],[[47632,43657],[-324,22]],[[47308,43679],[-255,17]],[[47053,43696],[76,949]],[[64395,27098],[433,-286]],[[64719,26332],[-366,-683]],[[64353,25649],[-249,361]],[[63553,27123],[842,-25]],[[17347,64337],[-1515,-1439]],[[15832,62898],[-123,-61]],[[15709,62837],[93,2382]],[[42287,42416],[44,637]],[[43281,42790],[-424,-577]],[[42857,42213],[-570,203]],[[51350,43127],[-144,797]],[[34204,50800],[1796,-69]],[[35673,49432],[-1365,19]],[[34308,49451],[-98,461]],[[34210,49912],[-6,888]],[[34558,56472],[1299,78]],[[36404,56569],[119,-648]],[[34553,55985],[5,487]],[[23410,56422],[496,866],[960,473],[722,1062]],[[25588,58823],[3966,4890]],[[29554,63713],[60,-2927]],[[29614,60786],[51,-2424]],[[29665,58362],[11,-514]],[[29676,57848],[-2,-892]],[[29674,56956],[-19,-1773]],[[29655,55183],[-514,5]],[[29141,55188],[-1699,44]],[[27442,55232],[-3756,87]],[[23686,55319],[-276,1103]],[[35052,69424],[-16,327]],[[36010,70407],[311,-1451]],[[35029,68936],[23,488]],[[46135,43756],[364,-510]],[[46605,43096],[-1047,-262]],[[45558,42834],[40,471]],[[30370,54322],[564,-1063],[106,-1629]],[[31040,51630],[-629,-255]],[[30411,51375],[-1680,1875],[-101,927],[1740,145]],[[66646,55915],[5761,-331]],[[72407,55584],[-30,-334]],[[72377,55250],[-19,-535]],[[72358,54715],[-1079,-1452],[-991,-72],[-780,-1574]],[[69508,51617],[-3090,918]],[[66418,52535],[228,3380]],[[43757,45871],[521,47]],[[44278,45918],[-124,-1837]],[[44154,44081],[-567,17]],[[39008,54136],[918,-344]],[[39926,53792],[11,-83]],[[39937,53709],[-973,-489]],[[32642,52122],[1073,-1375]],[[33715,50747],[-1520,244]],[[32195,50991],[-217,947]],[[31978,51938],[664,184]],[[51674,42213],[-29,-397]],[[51582,40857],[-658,170],[-430,1266]],[[43552,60702],[133,2084]],[[43685,62786],[2280,-119]],[[45965,62667],[-494,-2087]],[[45471,60580],[-792,186],[-555,-801]],[[44124,59965],[-677,-946]],[[43447,59019],[105,1683]],[[38806,46079],[772,-76]],[[39578,46003],[-29,-420]],[[39549,45583],[-743,264]],[[38806,45847],[0,232]],[[40190,50830],[610,-296]],[[40800,50534],[-57,-868]],[[40743,49666],[-135,-635]],[[40608,49031],[-312,17]],[[40258,49692],[-60,1010]],[[40198,50702],[-8,128]],[[41161,43311],[21,405]],[[41182,43716],[589,-173]],[[41149,43125],[12,186]],[[43120,57184],[205,-10]],[[43325,57174],[921,-43]],[[44246,57131],[313,-1392]],[[44559,55739],[111,-361]],[[44670,55378],[-885,55]],[[43785,55433],[128,890],[-793,861]],[[35444,44405],[1466,88]],[[37359,44066],[-740,-83]],[[36619,43983],[-767,-44]],[[35852,43939],[-511,-29]],[[34524,43862],[920,543]],[[34592,57562],[24,-1]],[[34616,57561],[1064,-47]],[[34558,56472],[34,1090]],[[39692,58895],[-2040,-52]],[[37652,58843],[54,1424]],[[42855,17758],[-47,140]],[[42808,17898],[-11,123]],[[42797,18021],[573,156]],[[43370,18177],[390,-162]],[[43700,17076],[-845,682]],[[39598,47326],[589,29]],[[39856,46931],[-196,11]],[[39660,46942],[-62,384]],[[44166,49838],[1172,-98]],[[45338,49740],[-529,-939]],[[44809,48801],[-738,456]],[[44071,49257],[95,581]],[[55609,40468],[104,-1085],[2761,-196]],[[58474,39187],[-160,-2246]],[[58314,36941],[-1116,663]],[[57198,37604],[-1799,1058]],[[55399,38662],[-484,291]],[[32642,52122],[869,180]],[[33511,52302],[220,-495]],[[33731,51807],[473,-1007]],[[34210,49912],[-495,835]],[[50733,37559],[1745,-135]],[[52478,37424],[-120,-1306]],[[50664,36753],[28,352]],[[12195,39232],[940,-252]],[[13135,38980],[-1114,225]],[[12021,39205],[174,27]],[[41540,52462],[33,492]],[[41573,52954],[1507,184]],[[43080,53138],[-58,-947]],[[43022,52191],[-1491,124]],[[45471,60580],[820,-62]],[[46291,60518],[-34,-501]],[[46257,60017],[-947,-112]],[[45310,59905],[-1186,60]],[[50321,48489],[1145,208],[31,775],[1569,-96]],[[53066,49376],[-148,-2214]],[[52918,47162],[-1194,-154]],[[51724,47008],[-1954,-561]],[[46869,52039],[1613,-476]],[[48482,51563],[-12,-214]],[[48470,51349],[-1383,75]],[[47087,51424],[-218,615]],[[41280,55062],[209,375]],[[41489,55437],[983,-191]],[[42472,55246],[-826,-509]],[[41646,54737],[-366,325]],[[39084,55556],[808,-36]],[[39892,55520],[451,-22]],[[40343,55498],[-96,-1715]],[[40247,53783],[-321,9]],[[71946,51378],[1989,217]],[[73935,51595],[442,-714]],[[74377,50881],[-1854,-404],[-577,901]],[[49334,68087],[6069,-326]],[[55403,67761],[-348,-5652]],[[55055,62109],[-7103,437]],[[47952,62546],[-1416,89]],[[46536,62635],[911,513],[1130,1503],[308,2122],[449,1314]],[[38465,49751],[638,-32]],[[39251,49037],[-613,110]],[[38638,49147],[-47,461]],[[38591,49608],[-126,143]],[[43638,43431],[1052,-67]],[[44690,43364],[590,-39]],[[45288,43324],[-1155,-628]],[[44133,42696],[-495,735]],[[36688,51490],[559,457]],[[37247,51947],[148,-814]],[[36552,51088],[136,402]],[[33196,55319],[1323,8]],[[36077,55451],[-1213,-1264]],[[34864,54187],[-376,247]],[[33399,54655],[-116,-23]],[[33283,54632],[-87,687]],[[36599,55503],[1524,66]],[[38018,53872],[-1133,64]],[[36885,53936],[-286,1567]],[[53197,78623],[8954,-453]],[[62151,78170],[-295,-4544],[-54,-826],[-2652,151],[-3390,184]],[[55760,73135],[-2932,161]],[[52828,73296],[369,5327]],[[28931,47458],[712,76]],[[29643,47534],[279,26]],[[29922,47560],[377,-1608]],[[30299,45952],[-84,-334]],[[30215,45618],[-1009,57]],[[29206,45675],[-18,44]],[[29188,45719],[-257,1739]],[[50836,39002],[1697,-291]],[[52533,38711],[-55,-1287]],[[61975,47888],[1206,709]],[[63181,48597],[3063,1743]],[[66244,50340],[-212,-3409]],[[66032,46931],[-212,-3797]],[[65820,43134],[-1092,60],[-1724,1803],[-1166,60]],[[77145,51791],[4979,342]],[[82124,52133],[1264,252]],[[83388,52385],[418,-700],[-1027,-384],[-2407,-334],[-435,-1019],[-811,123]],[[79126,50071],[-224,934],[-1232,2]],[[77670,51007],[-525,784]],[[75116,51913],[1085,-144]],[[76201,51769],[-47,-410]],[[75055,51060],[61,853]],[[73935,51595],[1181,318]],[[75055,51060],[-678,-179]],[[65346,34449],[157,2708]],[[65503,37157],[269,4930]],[[65772,42087],[2324,-123]],[[72858,39462],[-228,-2574]],[[72630,36888],[-142,-1680]],[[72488,35208],[-216,-2258]],[[72272,32950],[-6985,420]],[[65287,33370],[59,1079]],[[66855,26881],[901,261],[520,-483],[1102,-65]],[[69378,26594],[-128,-1091],[-654,-493],[-2563,381]],[[66033,25391],[-326,749]],[[50728,29970],[1110,-63],[147,1075],[2165,-187],[36,1376],[547,-31],[228,1808]],[[54961,33948],[3141,-177]],[[58102,33771],[0,-3]],[[58102,33768],[-237,-3236]],[[57865,30532],[-241,-3293]],[[57624,27239],[-7066,529]],[[50558,27768],[170,2202]],[[78597,16148],[-299,-343]],[[78298,15805],[-1197,-2223],[-585,-296]],[[76516,13286],[-1622,275],[-1680,1181]],[[73214,14742],[852,1477],[1139,289],[3392,-360]],[[21231,65563],[538,-38],[3052,1287]],[[24821,66812],[33,-1459],[3446,-5]],[[28300,65348],[1225,-11],[29,-1624]],[[25588,58823],[-4717,3725]],[[20871,62548],[-2652,2142],[744,274]],[[90710,28438],[1096,576]],[[91806,29014],[1817,-418],[1036,-526],[1600,237],[359,-348]],[[96618,27959],[-57,-860],[3438,-221],[-944,-12914],[-487,45],[-5823,362]],[[92745,14371],[414,1817],[-116,865],[690,805],[-1308,1231],[-466,1200],[-1998,2301]],[[89961,22590],[494,1955],[1305,1681],[-1139,692],[89,1520]],[[6754,41084],[355,1327],[1528,5588],[-212,59],[74,649]],[[8499,48707],[997,-1133],[52,-1247],[580,-398],[1025,-1575],[1505,-1061],[-235,-792]],[[12423,42501],[-2511,-209],[310,-573]],[[10222,41719],[-1107,-133]],[[9115,41586],[-2361,-502]],[[12423,42501],[1547,88],[-122,-1335],[851,264],[1048,-1630]],[[15747,39888],[-2612,-908]],[[12195,39232],[-774,804],[365,723],[-1267,477],[-297,483]],[[46575,43727],[478,-31]],[[47308,43679],[-31,-486]],[[42215,41328],[583,-33]],[[42798,41295],[1857,-98]],[[44655,41197],[-270,-2175]],[[44385,39022],[-1165,68]],[[42143,40246],[72,1082]],[[41549,51245],[-14,-231]],[[41535,51014],[-35,-532]],[[41500,50482],[-700,52]],[[40190,50830],[-26,436]],[[38623,46577],[336,-15]],[[38959,46562],[769,-34]],[[39728,46528],[51,-316]],[[39779,46212],[8,-46]],[[39787,46166],[-209,-163]],[[38806,46079],[-183,498]],[[40398,47343],[936,-47]],[[41984,47259],[-26,-61]],[[40769,46254],[-327,16]],[[40743,49666],[553,-32]],[[41296,49634],[-55,-638]],[[41241,48996],[-633,35]],[[41535,51014],[1405,-70]],[[42940,50944],[-120,-613]],[[41495,50400],[5,82]],[[44305,50953],[-139,-1115]],[[44166,49838],[-1170,173]],[[42996,50011],[626,1076]],[[42808,48779],[76,483]],[[42884,49262],[1187,-5]],[[44071,49257],[23,-1284]],[[44094,47973],[-1130,149]],[[42964,48122],[-191,112]],[[42773,48234],[35,545]],[[43022,52191],[-35,-527]],[[42987,51664],[-1495,77]],[[40247,53783],[645,-42]],[[40892,53741],[-123,-1183]],[[40023,52902],[-86,807]],[[37979,52807],[966,-43]],[[38268,51917],[-289,890]],[[37979,52807],[191,183]],[[40251,42042],[829,-8]],[[41080,42034],[158,-149]],[[41238,41885],[-196,-485]],[[41042,41400],[-657,65]],[[40385,41465],[-134,577]],[[44298,17591],[904,423]],[[45040,15081],[-3017,154]],[[42023,15235],[260,814],[-485,923],[1057,786]],[[25136,33144],[8,235]],[[25144,33379],[5552,-299]],[[30696,33080],[-1008,-442]],[[29688,32638],[785,-1141],[944,-135]],[[31417,31362],[-227,-1143],[-619,-978],[1680,-1001],[-400,-795]],[[31851,27445],[-2644,-29],[792,-1677],[-5311,307]],[[40199,42469],[905,-46]],[[41104,42423],[-24,-389]],[[40251,42042],[-52,427]],[[39374,43739],[455,77]],[[39829,43816],[1332,-505]],[[41136,42928],[-1015,-157]],[[40121,42771],[-747,968]],[[43570,43435],[-256,16]],[[42110,43523],[108,308]],[[42060,45685],[702,-69]],[[42190,44757],[-257,-36]],[[41933,44721],[24,520]],[[44507,53798],[194,917]],[[45608,54292],[208,-937]],[[45049,53273],[-639,-86]],[[44410,53187],[97,611]],[[43180,54699],[-34,-518]],[[43146,54181],[-39,-631]],[[43107,53550],[-1137,141]],[[41970,53691],[-54,265]],[[41916,53956],[1264,743]],[[45544,48761],[72,967]],[[45616,49728],[436,-18]],[[46052,49710],[838,-39]],[[46890,49671],[-17,-231]],[[46873,49440],[-19,-990],[-666,-368]],[[46188,48082],[-711,-388]],[[45477,47694],[67,1067]],[[38600,37461],[403,942]],[[39003,38403],[1799,-512]],[[40802,37891],[1184,-64]],[[41986,37827],[2191,-65]],[[44177,37762],[-145,-2062]],[[44032,35700],[127,-1020],[-1230,36],[-662,-1431],[481,-692]],[[42748,32593],[-3447,185]],[[39301,32778],[-264,1000],[537,1072]],[[39574,34850],[-518,847],[10,1122],[-466,642]],[[38206,57418],[853,-39]],[[39059,57379],[60,-1067]],[[39119,56312],[-35,-756]],[[38123,55569],[-189,1279],[272,570]],[[47119,56052],[43,923]],[[47162,56975],[1644,-95]],[[48806,56880],[196,-1118]],[[49002,55762],[-785,-1071],[110,-552]],[[48327,54139],[-59,-989]],[[48268,53150],[-3,-43]],[[48265,53107],[-1240,41]],[[47025,53148],[-524,158]],[[46501,53306],[232,919]],[[35502,52017],[517,-19]],[[36019,51998],[669,-508]],[[35994,51244],[-1011,453]],[[34983,51697],[519,320]],[[34361,51761],[622,-64]],[[33731,51807],[630,-46]],[[37217,48871],[-31,-576]],[[37186,48295],[-984,640]],[[36202,48935],[-529,497]],[[32826,35618],[-67,625]],[[32759,36243],[1049,1522]],[[33808,37765],[1031,205]],[[35795,37860],[-80,-1295]],[[35715,36565],[-196,-3657]],[[35519,32908],[-1637,72]],[[33882,32980],[-1167,52]],[[32715,33032],[111,2586]],[[34370,40380],[1071,-247]],[[35441,40133],[-381,-605]],[[35060,39528],[-196,-1034]],[[33808,37765],[-299,1961],[861,654]],[[37134,41233],[1649,-348],[738,242]],[[39521,41127],[486,-1130]],[[40007,39997],[-1004,-1594]],[[39003,38403],[-1303,873]],[[37700,39276],[-725,449]],[[36975,39725],[-217,89]],[[36758,39814],[376,1419]],[[36167,41448],[321,471]],[[36488,41919],[285,382]],[[36773,42301],[1000,-38]],[[37773,42263],[552,324],[1643,-196]],[[39968,42391],[-37,-81]],[[39931,42310],[-410,-1183]],[[37134,41233],[-967,215]],[[38276,51909],[-1029,38]],[[37247,51947],[-257,1410]],[[36990,53357],[-105,579]],[[35808,48380],[394,555]],[[37186,48295],[-10,-517]],[[37176,47778],[-1382,64]],[[35794,47842],[14,538]],[[33511,52302],[474,1329]],[[34452,53570],[-39,-865]],[[34413,52705],[-52,-944]],[[30293,51343],[118,32]],[[31040,51630],[938,308]],[[32195,50991],[294,-1280]],[[32489,49711],[-1582,-176]],[[30907,49535],[-614,1808]],[[38210,69432],[-26,-496]],[[38184,68936],[-717,-643],[-1452,32]],[[44431,73851],[8397,-555]],[[55760,73135],[-357,-5374]],[[49334,68087],[-5275,265]],[[44059,68352],[-3400,165]],[[40659,68517],[-2341,109]],[[38318,68626],[-134,310]],[[34485,66034],[3529,-154]],[[38014,65880],[-237,-4167]],[[37777,61713],[-2440,-13],[-645,-1157]],[[34692,60543],[-1727,98]],[[32965,60641],[60,1173],[1160,-58],[57,2916],[243,1362]],[[22549,55347],[1137,-28]],[[27442,55232],[-291,-3574]],[[27151,51658],[-73,-843],[-2556,85],[83,-638]],[[24605,50262],[-3357,469],[-954,-110],[-110,1375],[1083,2146],[1282,1205]],[[52226,41773],[859,253]],[[53085,42026],[616,-1433]],[[52724,40654],[-939,56]],[[41862,57199],[-373,-1762]],[[41489,55437],[-1146,61]],[[40343,55498],[1519,1701]],[[39787,46166],[133,-809]],[[39920,45357],[-387,-37]],[[39533,45320],[16,263]],[[41191,43891],[25,414]],[[41216,44305],[947,22]],[[41182,43716],[9,175]],[[46291,60518],[1317,-1159],[-313,-1369]],[[47295,57990],[-1149,55]],[[46146,58045],[111,1972]],[[15832,62898],[1221,138],[1572,-1857],[1030,211]],[[19655,61390],[1216,1158]],[[23410,56422],[-1223,-347],[-1619,1181],[-1366,392],[-1633,865],[-701,-257],[-1645,1180],[-565,846],[-1155,292],[2206,2263]],[[40913,23613],[871,153],[-269,1247],[871,855]],[[42386,25868],[1440,-169],[975,967],[446,1386],[-1571,83],[135,2192]],[[43811,30327],[115,2201]],[[43926,32528],[2325,-154]],[[46251,32374],[4640,-291]],[[50891,32083],[-163,-2113]],[[50558,27768],[-487,-6447]],[[45419,21569],[-4109,163]],[[41310,21732],[-514,751],[117,1130]],[[30696,33080],[2019,-48]],[[33882,32980],[-50,-2242],[412,-979],[1004,-47],[-62,-1382],[452,-438],[1915,524],[1094,-192],[-121,2003],[1152,191]],[[39678,30418],[585,-799],[-253,-1162],[-974,-709],[467,-2375]],[[39503,25373],[-3987,144],[-708,1987],[-2957,-59]],[[31417,31362],[1062,550],[-972,695],[-1819,31]],[[76116,50336],[1189,-71],[365,742]],[[79126,50071],[-49,-597]],[[79077,49474],[-175,-1787]],[[78902,47687],[-1026,518],[-2366,162]],[[75510,48367],[-931,749],[1642,774],[-105,446]],[[57163,21483],[461,5756]],[[57624,27239],[1942,-117],[998,329]],[[62277,24926],[-977,-660],[-1367,-411],[781,-1101],[168,-1872],[872,-881],[1671,-180],[261,369]],[[63686,20190],[-107,-1904]],[[63579,18286],[-156,-3303],[-1827,91]],[[61596,15074],[-4936,285]],[[63586,25773],[-454,-1907],[1270,200]],[[64402,24066],[-75,-3660],[-641,-216]],[[55399,38662],[-1661,-18]],[[53738,38644],[-1205,67]],[[52533,38711],[141,1488]],[[79077,49474],[4631,-264],[-299,-5396],[3855,-178]],[[87264,43636],[-140,-2799]],[[87124,40837],[-6318,351]],[[80806,41188],[-1939,129]],[[78867,41317],[78,1073],[1083,1205],[32,1095],[-1172,2329],[14,668]],[[60408,50666],[5836,-326]],[[63181,48597],[29,382],[-2078,203],[-849,-397]],[[60283,48785],[125,1881]],[[66244,50340],[174,2195]],[[69508,51617],[649,-118]],[[70157,51499],[297,-1462]],[[70454,50037],[-23,-1076]],[[70431,48961],[-1252,-420],[-1327,-881],[-1820,-729]],[[70431,48961],[-96,-2942],[1862,641]],[[72197,46660],[1770,-1010]],[[73967,45650],[-757,-868],[-50,-1459]],[[73160,43323],[-3738,-360],[-799,40],[-527,-1039]],[[65772,42087],[48,1047]],[[55492,56545],[5474,2987]],[[60966,59532],[558,-545],[-117,-2009],[-404,-720]],[[61003,56258],[-5511,287]],[[55055,62109],[4378,-235],[410,-414],[1240,-53],[-117,-1875]],[[55492,56545],[-769,28]],[[54723,56573],[332,5536]],[[38014,65880],[304,2746]],[[40659,68517],[430,-641],[-203,-2909],[-1155,68],[-52,-1026],[1536,-54],[-167,-674]],[[41048,63281],[-329,-1337]],[[77142,34900],[4020,-274],[291,-162]],[[81453,34464],[708,-981],[687,-113],[1224,-1180],[603,-1553],[-148,-1811],[133,-1562]],[[84660,27264],[-882,429],[-1233,17],[-1375,-337],[-1142,-680],[-1137,-55]],[[78891,26638],[125,1560],[-2344,155],[470,6547]],[[78496,21717],[395,4921]],[[84660,27264],[1868,-253]],[[86528,27011],[-64,-2548]],[[86464,24463],[-1241,-2213],[958,-4041],[-1339,-547],[-295,-671]],[[84547,16991],[-4528,299]],[[80019,17290],[-1852,118],[329,4309]],[[73077,42104],[2740,-181],[-30,-406],[3080,-200]],[[80806,41188],[-1167,-1415],[-398,-3338],[-6611,453]],[[91204,36057],[-156,-2068],[1926,-122]],[[92974,33867],[-18,-1386],[-1214,-747],[-318,-782],[501,-805],[-119,-1133]],[[90710,28438],[-2544,41],[-422,-1137],[-1216,-331]],[[81453,34464],[-80,897],[1805,227],[337,374],[1563,-569],[1688,-30],[2514,638],[1086,-278],[838,334]],[[87124,40837],[4395,-288],[-315,-4492]],[[77142,34900],[-4654,308]],[[51728,83876],[39,759],[1328,157],[74,2685]],[[53169,87477],[12,635],[1204,-20]],[[61410,87985],[-698,-924],[-2315,-2345],[-1314,-916],[-5588,-4556]],[[51495,79244],[233,4632]],[[62029,87969],[-2,-2065],[592,71],[-296,-4419],[-172,-3386]],[[53197,78623],[-1738,92]],[[51459,78715],[36,529]],[[29674,56956],[1227,-264]],[[30901,56692],[-329,-1090]],[[30572,55602],[-917,-419]],[[48393,50095],[77,1254]],[[48470,51349],[1342,-67]],[[49812,51282],[-677,-358],[-158,-1557]],[[48977,49367],[-659,-381]],[[48318,48986],[75,1109]],[[27670,39534],[1094,486]],[[28764,40020],[99,-750],[1764,-45]],[[30627,39225],[2131,105]],[[32758,39330],[1,-3087]],[[32826,35618],[-2652,179],[-485,-1771],[-742,1608],[-708,711],[-1039,1833],[942,-26],[-472,1382]],[[35715,36565],[1055,-45]],[[36770,36520],[663,-2107],[1573,-191],[568,628]],[[39301,32778],[-3782,130]],[[44655,41197],[-14,23]],[[44641,41220],[339,-50]],[[44980,41170],[495,-849],[1034,-473],[773,-785]],[[47282,39063],[-2897,-41]],[[34829,46879],[403,189]],[[35232,47068],[4,2]],[[35236,47070],[652,-455]],[[35888,46615],[582,-1108],[822,-295]],[[37292,45212],[1301,-381]],[[36428,44865],[-1599,2014]],[[31642,53407],[1550,65]],[[33192,53472],[319,-1170]],[[31978,51938],[-336,1469]],[[39084,43645],[-521,-120]],[[38563,43525],[-116,698]],[[35864,41003],[303,445]],[[36758,39814],[-1317,319]],[[35441,40133],[423,870]],[[30901,56692],[1109,-668]],[[32010,56024],[-34,-770],[-1404,348]],[[45641,46040],[107,18]],[[45748,46058],[2550,197]],[[48298,46255],[67,-691]],[[47188,45410],[-582,-73]],[[45993,45259],[-544,340]],[[50329,40242],[44,560],[1319,-86]],[[50258,39312],[71,930]],[[25947,41969],[-8,-538],[1731,-1897]],[[25144,33379],[-432,6735]],[[24712,40114],[-79,1026],[1314,829]],[[52918,47162],[8,-997]],[[52926,46165],[-1309,-172]],[[51617,45993],[107,1015]],[[48806,56880],[900,-47]],[[49706,56833],[5017,-260]],[[54723,56573],[-208,-3420]],[[54515,53153],[-1269,46],[-1537,774]],[[51709,53973],[-20,1635],[-1651,94]],[[50038,55702],[-1036,60]],[[49553,53665],[599,260]],[[50152,53925],[1557,48]],[[51709,53973],[133,-594],[-1909,-1988]],[[49933,51391],[79,987],[-459,1287]],[[30183,45234],[925,-770]],[[30831,44445],[-648,789]],[[63579,18286],[7453,-426],[356,4356]],[[71388,22216],[7108,-499]],[[80019,17290],[66,-410],[-1488,-732]],[[73214,14742],[-1639,129],[-812,-506]],[[70763,14365],[-2870,-1790],[-3226,-733],[-948,-572]],[[63719,11270],[-968,1316],[-422,1685],[-733,803]],[[78298,15805],[2067,-147],[624,-1329],[561,-2272],[-175,-721],[400,-993],[-921,-1167],[-537,-140],[-1041,659]],[[79276,9695],[-842,-348],[-1471,539]],[[76963,9886],[-457,1162],[10,2238]],[[84547,16991],[859,-38],[-99,-2107],[6409,-411]],[[91716,14435],[-382,-5055],[-123,-1627],[-4245,297],[-2693,191],[-238,-2757]],[[84035,5484],[-528,357],[-1706,-308],[-1265,1799],[-912,61],[52,1419],[-400,883]],[[35036,69751],[-1651,409],[-951,793]],[[43081,58455],[366,564]],[[45310,59905],[-534,-1774]],[[44776,58131],[-530,-1000]],[[43325,57174],[-244,1281]],[[32161,60685],[804,-44]],[[34692,60543],[610,-1582]],[[35302,58961],[-625,22]],[[34677,58983],[-2002,76],[-278,-397]],[[32397,58662],[-236,2023]],[[40591,60133],[1818,-96],[28,751]],[[42437,60788],[1115,-86]],[[43081,58455],[-1252,381],[-1418,58]],[[45272,19410],[-623,-497],[-886,277],[-393,-1013]],[[42797,18021],[-327,434],[-56,1604],[-1104,1673]],[[23924,14148],[356,5508]],[[24280,19656],[1066,-1264],[1090,1087],[851,-549],[2270,-411],[1606,556],[1340,-804],[10305,-373]],[[42023,15235],[-2248,-1089],[-186,-2578],[968,-848]],[[40557,10720],[-9997,399],[-6830,331],[194,2698]],[[35052,69424],[-1536,337],[-1197,-338]],[[32319,69423],[115,1530]],[[29614,60786],[1831,176],[113,872]],[[31558,61834],[603,-1149]],[[32397,58662],[-821,78],[-1579,-588],[-332,210]],[[32397,58662],[344,-1028]],[[32741,57634],[-2034,143]],[[30707,57777],[-1031,71]],[[7187,74333],[248,2665]],[[24839,79703],[-55,-7328]],[[24784,72375],[-613,395],[-2390,-45],[-3688,594],[-5707,-1354]],[[12386,71965],[-3893,1221],[-1441,-260]],[[7052,72926],[135,1407]],[[24784,72375],[37,-5563]],[[15476,68670],[-3002,2161],[-88,1134]],[[92974,33867],[4035,-213],[-228,-3350],[-163,-2345]],[[78449,54851],[1126,-81]],[[79575,54770],[93,-916],[792,-111],[1791,-1200],[-127,-410]],[[77145,51791],[74,826],[780,607],[450,1627]],[[72300,53798],[1744,-1005]],[[74044,52793],[1107,-466]],[[75151,52327],[-35,-414]],[[71946,51378],[-477,487],[419,1802],[412,131]],[[73080,65404],[6041,-311]],[[79121,65093],[-594,-9126]],[[78527,55967],[-1247,1074],[-661,-321],[-1412,454],[-1085,-529],[-1554,1022],[-161,-2083]],[[66646,55915],[356,5510],[5796,-320],[282,4299]],[[78452,54885],[-3,-34]],[[77145,51791],[-599,23]],[[76546,51814],[-265,618]],[[76281,52432],[-797,2128]],[[75484,54560],[-183,547]],[[75301,55107],[3151,-222]],[[73160,43323],[-83,-1219]],[[56471,50902],[3937,-236]],[[60283,48785],[-82,-1269]],[[56752,45338],[-18,1727]],[[9184,55508],[13365,-161]],[[24605,50262],[-99,-2631]],[[24506,47631],[-6311,241]],[[18195,47872],[-1629,3689],[-7849,-795]],[[8717,50766],[467,4742]],[[9115,41586],[-255,-2031],[3161,-350]],[[15747,39888],[233,-550],[2039,72],[1449,438]],[[19468,39848],[5244,266]],[[19695,31411],[-1726,-1212],[-1240,511],[-467,799],[-1651,174],[-2198,2629],[-440,1765],[-742,-93],[-2963,664],[-304,777],[-2086,66]],[[5878,37491],[876,3593]],[[8499,48707],[218,2059]],[[18195,47872],[205,-1503],[-1196,-631],[200,-2511],[1608,-360]],[[19012,42867],[393,-1307],[63,-1712]],[[378,30457],[3515,-312],[1586,5895],[399,1451]],[[19436,25026],[-7606,398],[-4266,336],[-7564,540],[378,4157]],[[71734,26446],[538,6504]],[[71388,22216],[346,4230]],[[53085,42026],[916,123]],[[64353,25649],[877,-607]],[[65230,25042],[455,-952],[-1283,-24]],[[50891,32083],[119,1527]],[[52228,34152],[2733,-204]],[[66033,25391],[-803,-349]],[[48014,43632],[716,284]],[[47998,43143],[16,489]],[[44278,45918],[312,22]],[[44841,45488],[-76,-1064]],[[44765,44424],[-25,-362]],[[44740,44062],[-586,19]],[[40933,39675],[1228,-105],[302,-438]],[[42463,39132],[-477,-1305]],[[40802,37891],[131,1784]],[[41238,41885],[633,554]],[[41871,42439],[416,-23]],[[42857,42213],[-59,-918]],[[42215,41328],[-1173,72]],[[41984,47259],[911,20]],[[42895,47279],[934,-52]],[[43829,47227],[86,-652]],[[43915,46575],[-153,-692]],[[43005,45795],[-1334,414]],[[40129,46286],[-350,-74]],[[39728,46528],[-62,379]],[[39666,46907],[-6,35]],[[39536,47706],[841,76]],[[40377,47782],[21,-439]],[[39598,47326],[-61,374]],[[39537,47700],[-1,6]],[[42101,48799],[707,-20]],[[42773,48234],[-600,-281]],[[41955,47976],[146,823]],[[38563,46580],[60,-3]],[[38806,45847],[-33,-635]],[[38773,45212],[-275,848],[-789,45]],[[37709,46105],[-206,689]],[[37144,47364],[32,414]],[[37943,48634],[1159,-185]],[[39102,48449],[-53,-281]],[[39049,48168],[21,-441]],[[39070,47727],[146,-886]],[[39216,46841],[-257,-279]],[[37135,47172],[9,192]],[[32758,39330],[34,1296],[621,211]],[[33413,40837],[957,-457]],[[35060,39528],[801,-571]],[[35861,38957],[-25,-497]],[[37354,46120],[355,-15]],[[38773,45212],[52,-480]],[[37292,45212],[62,908]],[[34552,41896],[25,461]],[[34577,42357],[913,-230]],[[35490,42127],[998,-208]],[[35864,41003],[-1729,89]],[[36780,42743],[1128,499]],[[37908,43242],[-135,-979]],[[36773,42301],[7,442]],[[35148,43063],[409,-652]],[[35557,42411],[-67,-284]],[[34577,42357],[174,683]],[[32786,45524],[1179,-122],[352,-714],[1031,72]],[[35348,44760],[96,-355]],[[33251,43022],[-469,734]],[[32769,44582],[17,942]],[[38638,49147],[464,-698]],[[37851,49042],[740,566]],[[37117,46816],[-448,-352]],[[36669,46464],[-781,151]],[[35236,47070],[1908,294]],[[35232,47068],[-226,400]],[[35006,47468],[788,374]],[[35006,47468],[-730,1133]],[[34276,48601],[1532,-221]],[[30343,42205],[326,1435]],[[34829,46879],[-426,-174]],[[34403,46705],[-1599,-547]],[[32804,46158],[33,1282]],[[32837,47440],[-78,624]],[[38158,57420],[48,-2]],[[36176,57494],[1982,-74]],[[40337,48363],[905,-49]],[[41242,48314],[268,-313]],[[40377,47782],[-31,426]],[[40346,48208],[-9,155]],[[41241,48996],[-5,-152]],[[41236,48844],[6,-530]],[[40337,48363],[-10,164]],[[40327,48527],[-31,521]],[[40327,48527],[-1225,-78]],[[41440,49625],[-144,9]],[[42987,51664],[-47,-720]],[[42732,50008],[264,3]],[[42884,49262],[-267,297]],[[42987,51664],[458,-28]],[[43445,51636],[500,-25]],[[44094,47973],[-265,-746]],[[42895,47279],[69,843]],[[43080,53138],[27,412]],[[43107,53550],[1303,-363]],[[44410,53187],[-231,-923],[-734,-628]],[[39829,43816],[932,37]],[[40761,43853],[430,38]],[[41933,44721],[-759,-107]],[[41174,44614],[-11,-2]],[[41163,44612],[-28,553]],[[39920,45357],[588,196]],[[40508,45553],[807,201]],[[41163,44612],[-612,-84]],[[40551,44528],[-754,-105]],[[39496,44626],[37,694]],[[45357,44386],[636,873]],[[45332,44043],[25,343]],[[45357,44386],[84,1212]],[[44246,57131],[1821,-92]],[[46067,57039],[-493,-1376],[-1015,76]],[[43146,54181],[1361,-383]],[[46836,51449],[251,-25]],[[48393,50095],[-778,-640],[-158,-800]],[[47457,48655],[-584,785]],[[46890,49671],[-54,1778]],[[48361,41811],[45,-329]],[[48406,41482],[-369,-517]],[[48037,40965],[-607,40]],[[47430,41005],[-113,8]],[[48406,41482],[1878,-276]],[[50284,41206],[-466,-825]],[[49818,40381],[-525,-232]],[[49293,40149],[-812,842]],[[48481,40991],[-444,-26]],[[48481,40991],[667,-895]],[[49148,40096],[-630,-968],[-1177,718]],[[47341,39846],[89,1159]],[[45909,35653],[455,1759],[2007,304]],[[48371,37716],[-95,-1193],[-1605,-1160],[-581,-796]],[[46090,34567],[-181,1086]],[[40479,56645],[127,662]],[[40606,57307],[1258,-62]],[[41864,57245],[-2,-46]],[[39892,55520],[587,1125]],[[46501,53306],[-685,49]],[[42463,39132],[198,-11]],[[44385,39022],[-208,-1260]],[[45558,42834],[11,-629]],[[45569,42205],[-298,5]],[[45271,42210],[-988,66]],[[44283,42276],[-150,420]],[[34864,54187],[2021,-251]],[[36990,53357],[-384,-1383],[-587,24]],[[35502,52017],[-1089,688]],[[37359,44066],[521,-646]],[[37880,43420],[28,-178]],[[36780,42743],[-35,122]],[[36745,42865],[-112,447]],[[36633,43312],[-14,671]],[[36633,43312],[-738,-167]],[[35895,43145],[-140,-32]],[[35755,43113],[97,826]],[[41236,48844],[594,-30]],[[41830,48814],[271,-15]],[[19655,61390],[-1251,1271],[-839,1934]],[[9184,55508],[38,647],[528,7792],[-2186,176]],[[7564,64123],[1008,158],[3228,-446],[1052,197],[2823,1230]],[[46536,62635],[-571,32]],[[43685,62786],[374,5566]],[[35011,68599],[-1797,-1481]],[[33214,67118],[-1040,139]],[[32174,67257],[145,2166]],[[40442,46270],[66,-717]],[[41280,55062],[-388,-1321]],[[48371,37716],[54,445]],[[48425,38161],[2239,-1408]],[[46251,32374],[-521,1376],[360,817]],[[44032,35700],[1877,-47]],[[43926,32528],[-1178,65]],[[28638,49740],[590,-41]],[[29228,49699],[576,-1126],[-161,-1039]],[[28931,47458],[-293,2282]],[[43180,54699],[43,745]],[[43223,55444],[562,-11]],[[39119,56312],[1360,333]],[[50152,53925],[-12,113]],[[50140,54038],[-102,1664]],[[48268,53150],[1285,515]],[[49933,51391],[-76,-110]],[[49857,51281],[-45,1]],[[48482,51563],[-217,1544]],[[47952,62546],[-32,-1269],[740,-1408],[-591,-1115],[1834,-227],[-197,-1694]],[[47162,56975],[133,1015]],[[46146,58045],[-1370,86]],[[31060,66252],[-92,-792],[450,-1859],[140,-1767]],[[28300,65348],[-102,669],[2862,235]],[[63568,29060],[1169,-48]],[[64737,29012],[1804,-72]],[[64395,27098],[-598,1141]],[[63797,28239],[-229,821]],[[57865,30532],[4311,-320],[280,-589],[1112,-563]],[[63797,28239],[-1565,-678]],[[53454,42791],[591,-25]],[[39678,30418],[-377,2360]],[[43811,30327],[-1741,94],[-96,-1646],[-603,-2659],[1015,-248]],[[40913,23613],[-1410,1760]],[[72377,55250],[2924,-143]],[[75484,54560],[-56,-42]],[[75428,54518],[-1256,107],[-128,-1832]],[[72300,53798],[58,917]],[[70157,51499],[1789,-121]],[[74347,50495],[-1592,-605],[-677,354],[-1624,-207]],[[75510,48367],[-219,-2104],[-1008,65],[-316,-678]],[[72197,46660],[599,528],[1280,2044],[1212,1155]],[[75151,52327],[12,179]],[[75163,52506],[1118,-74]],[[76546,51814],[-345,-45]],[[53738,38644],[-147,-1855],[3530,-230],[77,1045]],[[58314,36941],[-212,-3170]],[[42685,90665],[3074,-82],[2772,-2304],[571,-305],[1874,-90],[2193,-407]],[[51728,83876],[-2253,169],[-1078,284],[116,3056],[-2301,47],[7,1081],[-3542,43]],[[42677,88556],[8,2109]],[[44720,77976],[67,1104],[6672,-365]],[[35861,38957],[1407,119],[-293,649]],[[37700,39276],[-936,-1481],[-969,65]],[[30850,47528],[1987,-88]],[[32804,46158],[-1191,-238]],[[31613,45920],[-763,1608]],[[30188,47549],[468,-15]],[[30656,47534],[194,-6]],[[31613,45920],[-1398,-302]],[[30299,45952],[-111,1597]],[[32741,57634],[1851,-72]],[[33196,55319],[29,1013],[-484,1302]],[[24792,45833],[3018,-79],[-709,-728],[525,-788]],[[27626,44238],[-2358,-153]],[[25268,44085],[-476,1748]],[[32010,56024],[1052,-725]],[[33062,55299],[-1228,-719]],[[31834,54580],[-1478,8]],[[30356,54588],[-1215,600]],[[47025,53148],[-156,-1109]],[[46836,51449],[-796,46]],[[46040,51495],[12,-1785]],[[45616,49728],[-278,12]],[[50158,45796],[763,103]],[[40551,44528],[210,-675]],[[49148,40096],[145,53]],[[49818,40381],[511,-139]],[[48425,38161],[-1143,902]],[[47282,39063],[59,783]],[[53066,49376],[1188,-81]],[[54106,47143],[-1188,19]],[[54515,53153],[-139,-2119]],[[54376,51034],[-2625,147]],[[51751,51181],[-1894,100]],[[48327,54139],[1813,-101]],[[54109,47134],[-52,-817]],[[54057,46317],[-1131,-152]],[[30707,57777],[194,-1085]],[[51617,45993],[-99,-14]],[[49705,45725],[65,722]],[[34485,66034],[-1312,65],[41,1019]],[[41048,63281],[887,-707],[-103,-1639],[605,-147]],[[58102,33768],[6835,-382]],[[64937,33386],[-200,-4374]],[[75428,54518],[-265,-2012]],[[65772,42087],[-6099,319]],[[61003,56258],[5643,-343]],[[60408,50666],[185,2539],[410,3053]],[[46067,57039],[1095,-64]],[[52677,43957],[120,1374],[-1001,-166]],[[37880,43420],[683,105]],[[40121,42771],[-153,-380]],[[37354,46120],[-685,344]],[[35557,42411],[350,242]],[[35907,42653],[838,212]],[[38326,51358],[26,-1295]],[[38352,50063],[113,-312]],[[40007,39997],[942,-80]],[[40949,39917],[-16,-242]],[[39435,48202],[911,6]],[[39536,47706],[-101,496]],[[39435,48202],[-386,-34]],[[41619,53708],[351,-17]],[[41573,52954],[46,754]],[[41104,42423],[7,120]],[[41711,42517],[160,-78]],[[40199,42469],[-268,-159]],[[45357,44386],[-592,38]],[[56583,14277],[-565,-6373]],[[56018,7904],[-569,-21],[-10235,636],[-5001,252],[1093,755],[102,784],[-851,410]],[[54128,43995],[1154,26]],[[55282,44021],[1382,29]],[[56633,42599],[-844,57]],[[29228,49699],[433,-3]],[[29661,49696],[447,-242]],[[30108,49454],[104,-56]],[[30691,48293],[-35,-759]],[[30188,47549],[-266,11]],[[83388,52385],[959,-401],[907,192],[1952,1160],[927,105],[1642,773]],[[89775,54214],[-74,-1481],[-31,-778],[-383,-8384],[-2023,65]],[[45544,48761],[-735,40]],[[29466,51534],[827,-191]],[[30907,49535],[-799,-81]],[[29661,49696],[-195,1838]],[[44980,41170],[288,-20]],[[45268,41150],[1343,-90]],[[30356,54588],[14,-266]],[[29466,51534],[-1987,126]],[[27479,51660],[-328,-2]],[[31834,54580],[-192,-1173]],[[51751,51181],[-1041,-1159],[-1733,-655]],[[28638,49740],[-1159,1920]],[[41864,57245],[1256,-61]],[[43223,55444],[-751,-198]],[[76963,9886],[-2276,24],[-1349,268],[-2066,-642],[-727,1249],[218,3580]],[[48318,48986],[-23,-373]],[[48224,47610],[-408,149]],[[47816,47759],[-359,896]],[[47816,47759],[-1628,323]],[[40411,58894],[-582,-1547]],[[39829,57347],[-770,32]],[[38158,57420],[-506,1423]],[[78452,54885],[75,1082]],[[79121,65093],[10339,-140],[803,-33],[-262,-5310],[-222,-5297]],[[89779,54313],[-5800,177],[-4404,280]],[[24844,80122],[1257,-91],[7024,-427]],[[32174,67257],[-1001,62],[-113,-1067]],[[35302,58961],[2350,-118]],[[34616,57561],[61,1422]],[[89961,22590],[-1000,-10],[-1752,438],[-745,1445]],[[47632,43657],[382,-25]],[[39216,46841],[450,66]],[[39537,47700],[-467,27]],[[65346,34449],[-3031,152],[-1012,595],[93,1619],[2315,-115],[1792,457]],[[63719,11270],[-803,-696],[827,-764],[1011,129],[-230,-1058],[-912,-601],[353,-1273],[-218,-885],[1088,-286],[-918,-2181],[-77,-1480],[263,-1233]],[[64103,942],[-1558,124],[-79,-1066],[-6931,488],[483,7416]],[[24506,47631],[490,-1312],[-204,-486]],[[25268,44085],[-799,-173],[-1409,-936],[-656,110],[-3392,-219]],[[69378,26594],[2356,-148]],[[35348,44760],[-945,1945]],[[27626,44238],[1513,98],[49,1383]],[[29206,45675],[977,-441]],[[30669,43640],[-2558,-133],[-485,731]],[[36770,36520],[1619,175],[211,766]],[[58691,42466],[-217,-3279]],[[41890,49598],[-60,-784]],[[45477,47694],[-44,-631]],[[45433,47063],[-1045,60],[-473,-548]],[[44690,43364],[50,698]],[[41646,54737],[270,-781]],[[41619,53708],[-727,33]],[[35907,42653],[-12,492]],[[48885,46302],[-587,-47]],[[45748,46058],[-315,1005]],[[40606,57307],[-777,40]],[[49177,42380],[1107,-1174]],[[32759,48064],[-1276,633]],[[89779,54313],[-4,-99]],[[32804,46158],[-18,-634]],[[33192,53472],[91,1160]],[[25268,44085],[985,-1842],[-306,-274]],[[64937,33386],[350,-16]],[[55403,67761],[4868,-238],[9493,-534],[2497,-138],[-72,-1399],[891,-48]],[[40949,39917],[59,942],[-623,606]],[[40198,50702],[-1211,-464]],[[38987,50238],[-126,692],[1329,-100]],[[38987,50238],[-635,-175]],[[55225,45418],[57,-1397]],[[33062,55299],[134,20]],[[84035,5484],[-330,-3809],[-13799,857],[-191,-1947],[-5612,357]],[[38826,79367],[247,3754],[3584,456],[12,2434],[8,2545]],[[44283,42276],[358,-1056]],[[35304,43072],[451,41]],[[7564,64123],[-1303,112],[791,8691]],[[46369,42384],[-800,-179]],[[30091,40909],[-1327,-889]],[[30627,39225],[643,1357],[-11,1103]],[[49177,42380],[1317,-87]],[[48712,95104],[-71,-3176],[3459,-18]],[[42685,90665],[7,4347],[6020,92]],[[45271,42210],[-3,-1060]],[[92745,14371],[-1029,64]],[[24280,19656],[328,5057]],[[48712,95104],[89,4339],[556,556],[3477,-27],[4016,-71],[2336,-13],[3801,-119],[63,-3204],[-1155,22],[53,-2161]],[[41174,44614],[42,-309]]],"transform":{"scale":[0.000016291272912729074,0.000013509745097450954],"translate":[-83.65333,39.361566]},"objects":{"in":{"type":"GeometryCollection","geometries":[{"arcs":[[0,1,2,3,4]],"type":"Polygon","properties":{"geoid":"39045032100","name":"321"},"id":"39045032100"},{"arcs":[[5,6,7,8]],"type":"Polygon","properties":{"geoid":"39159050100","name":"501"},"id":"39159050100"},{"arcs":[[9,10,11,12,13]],"type":"Polygon","properties":{"geoid":"39041011101","name":"111.01"},"id":"39041011101"},{"arcs":[[14,15,16,17]],"type":"Polygon","properties":{"geoid":"39041010420","name":"104.20"},"id":"39041010420"},{"arcs":[[18,19,20,21,22]],"type":"Polygon","properties":{"geoid":"39049009323","name":"93.23"},"id":"39049009323"},{"arcs":[[23,24,25,26,27,28]],"type":"Polygon","properties":{"geoid":"39049009220","name":"92.20"},"id":"39049009220"},{"arcs":[[29,30,31,32]],"type":"Polygon","properties":{"geoid":"39049001600","name":"16"},"id":"39049001600"},{"arcs":[[33,34,35,36,37]],"type":"Polygon","properties":{"geoid":"39049000730","name":"7.30"},"id":"39049000730"},{"arcs":[[38,39,40,41]],"type":"Polygon","properties":{"geoid":"39049006822","name":"68.22"},"id":"39049006822"},{"arcs":[[42,43,44,45,46]],"type":"Polygon","properties":{"geoid":"39049006721","name":"67.21"},"id":"39049006721"},{"arcs":[[47,48,49,50,51]],"type":"Polygon","properties":{"geoid":"39049005620","name":"56.20"},"id":"39049005620"},{"arcs":[[52,53,-28,54,55,56]],"type":"Polygon","properties":{"geoid":"39049002770","name":"27.70"},"id":"39049002770"},{"arcs":[[57,58,59,60,61]],"type":"Polygon","properties":{"geoid":"39049007427","name":"74.27"},"id":"39049007427"},{"arcs":[[62,63,64,65,66,67,68,69,70]],"type":"Polygon","properties":{"geoid":"39049009361","name":"93.61"},"id":"39049009361"},{"arcs":[[71,72,73,74,75]],"type":"Polygon","properties":{"geoid":"39049008311","name":"83.11"},"id":"39049008311"},{"arcs":[[76,77,78,79]],"type":"Polygon","properties":{"geoid":"39049008120","name":"81.20"},"id":"39049008120"},{"arcs":[[80,81,82,83,84]],"type":"Polygon","properties":{"geoid":"39049008164","name":"81.64"},"id":"39049008164"},{"arcs":[[85,86,87,88,89]],"type":"Polygon","properties":{"geoid":"39049006924","name":"69.24"},"id":"39049006924"},{"arcs":[[90,91,92,93,94,95]],"type":"Polygon","properties":{"geoid":"39159050402","name":"504.02"},"id":"39159050402"},{"arcs":[[96,97,98,99,100,101,102]],"type":"Polygon","properties":{"geoid":"39089757401","name":"7574.01"},"id":"39089757401"},{"arcs":[[103,104,105,-99,106]],"type":"Polygon","properties":{"geoid":"39089756801","name":"7568.01"},"id":"39089756801"},{"arcs":[[107,108,109,110,111,112]],"type":"Polygon","properties":{"geoid":"39089755901","name":"7559.01"},"id":"39089755901"},{"arcs":[[113,114,115,116,117]],"type":"Polygon","properties":{"geoid":"39045032703","name":"327.03"},"id":"39045032703"},{"arcs":[[118,119,120,121,122]],"type":"Polygon","properties":{"geoid":"39041011563","name":"115.63"},"id":"39041011563"},{"arcs":[[123,124,125,126,127]],"type":"Polygon","properties":{"geoid":"39049008165","name":"81.65"},"id":"39049008165"},{"arcs":[[128,129,130,131]],"type":"Polygon","properties":{"geoid":"39049006302","name":"63.02"},"id":"39049006302"},{"arcs":[[132,133,134,135]],"type":"Polygon","properties":{"geoid":"39049007957","name":"79.57"},"id":"39049007957"},{"arcs":[[136,-84,137,138,139]],"type":"Polygon","properties":{"geoid":"39049008169","name":"81.69"},"id":"39049008169"},{"arcs":[[140,141,-30,142,143]],"type":"Polygon","properties":{"geoid":"39049001301","name":"13.01"},"id":"39049001301"},{"arcs":[[144,145,146,147]],"type":"Polygon","properties":{"geoid":"39049009405","name":"94.05"},"id":"39049009405"},{"arcs":[[148,149,150,-68]],"type":"Polygon","properties":{"geoid":"39049009397","name":"93.97"},"id":"39049009397"},{"arcs":[[151,152,153,154]],"type":"Polygon","properties":{"geoid":"39041010530","name":"105.30"},"id":"39041010530"},{"arcs":[[155,156,157]],"type":"Polygon","properties":{"geoid":"39129020200","name":"202"},"id":"39129020200"},{"arcs":[[158,159,160]],"type":"Polygon","properties":{"geoid":"39045030100","name":"301"},"id":"39045030100"},{"arcs":[[161,162,163]],"type":"Polygon","properties":{"geoid":"39045031700","name":"317"},"id":"39045031700"},{"arcs":[[164,165,166,167,168]],"type":"Polygon","properties":{"geoid":"39097041200","name":"412"},"id":"39097041200"},{"arcs":[[169,170,171,172,173]],"type":"Polygon","properties":{"geoid":"39089750700","name":"7507"},"id":"39089750700"},{"arcs":[[174,-69,175,176,177]],"type":"Polygon","properties":{"geoid":"39049009312","name":"93.12"},"id":"39049009312"},{"arcs":[[178,179,180,181]],"type":"Polygon","properties":{"geoid":"39049009240","name":"92.40"},"id":"39049009240"},{"arcs":[[182,183,184]],"type":"Polygon","properties":{"geoid":"39049008813","name":"88.13"},"id":"39049008813"},{"arcs":[[185,186,187,188,189,190]],"type":"Polygon","properties":{"geoid":"39049002520","name":"25.20"},"id":"39049002520"},{"arcs":[[191,192,193]],"type":"Polygon","properties":{"geoid":"39049001500","name":"15"},"id":"39049001500"},{"arcs":[[194,195,196,197]],"type":"Polygon","properties":{"geoid":"39049000420","name":"4.20"},"id":"39049000420"},{"arcs":[[198,-89,199,200,201]],"type":"Polygon","properties":{"geoid":"39049007730","name":"77.30"},"id":"39049007730"},{"arcs":[[202,203,204,205]],"type":"Polygon","properties":{"geoid":"39049007532","name":"75.32"},"id":"39049007532"},{"arcs":[[206,207,208,209,210,211]],"type":"Polygon","properties":{"geoid":"39049005500","name":"55"},"id":"39049005500"},{"arcs":[[212,213,214,215]],"type":"Polygon","properties":{"geoid":"39049002900","name":"29"},"id":"39049002900"},{"arcs":[[216,217,218,219,220]],"type":"Polygon","properties":{"geoid":"39049002710","name":"27.10"},"id":"39049002710"},{"arcs":[[221,222,223,224]],"type":"Polygon","properties":{"geoid":"39049007199","name":"71.99"},"id":"39049007199"},{"arcs":[[225,226,227,228,229,230,231]],"type":"Polygon","properties":{"geoid":"39049009385","name":"93.85"},"id":"39049009385"},{"arcs":[[232,233,234,-226,235,236,237]],"type":"Polygon","properties":{"geoid":"39049009381","name":"93.81"},"id":"39049009381"},{"arcs":[[238,-71,239,240,-180]],"type":"Polygon","properties":{"geoid":"39049009350","name":"93.50"},"id":"39049009350"},{"arcs":[[241,242,243,244,245,246]],"type":"Polygon","properties":{"geoid":"39049006321","name":"63.21"},"id":"39049006321"},{"arcs":[[247,248,249,250,251,-74,252]],"type":"Polygon","properties":{"geoid":"39049004610","name":"46.10"},"id":"39049004610"},{"arcs":[[253,254,255,256]],"type":"Polygon","properties":{"geoid":"39049009712","name":"97.12"},"id":"39049009712"},{"arcs":[[257,258,-76,259,260,261,262,-82]],"type":"Polygon","properties":{"geoid":"39049008350","name":"83.50"},"id":"39049008350"},{"arcs":[[263,264,265,266]],"type":"Polygon","properties":{"geoid":"39049007830","name":"78.30"},"id":"39049007830"},{"arcs":[[267,268,269,270,271,-245]],"type":"Polygon","properties":{"geoid":"39049007811","name":"78.11"},"id":"39049007811"},{"arcs":[[-79,-258,-81,272]],"type":"Polygon","properties":{"geoid":"39049008163","name":"81.63"},"id":"39049008163"},{"arcs":[[273,274,-77,275,-126]],"type":"Polygon","properties":{"geoid":"39049008110","name":"81.10"},"id":"39049008110"},{"arcs":[[-121,276,277,278]],"type":"Polygon","properties":{"geoid":"39041011530","name":"115.30"},"id":"39041011530"},{"arcs":[[279,280,281,282,283]],"type":"Polygon","properties":{"geoid":"39049005410","name":"54.10"},"id":"39049005410"},{"arcs":[[284,285,-231,286,287,288]],"type":"Polygon","properties":{"geoid":"39049009386","name":"93.86"},"id":"39049009386"},{"arcs":[[289,290,291,292,293,294]],"type":"Polygon","properties":{"geoid":"39049004200","name":"42"},"id":"39049004200"},{"arcs":[[295,-41,296,297]],"type":"Polygon","properties":{"geoid":"39049010700","name":"107"},"id":"39049010700"},{"arcs":[[298,299,-91,300,301]],"type":"Polygon","properties":{"geoid":"39159050303","name":"503.03"},"id":"39159050303"},{"arcs":[[302,303,304,305]],"type":"Polygon","properties":{"geoid":"39089756204","name":"7562.04"},"id":"39089756204"},{"arcs":[[306,307,308,309,310,311,312]],"type":"Polygon","properties":{"geoid":"39129021102","name":"211.02"},"id":"39129021102"},{"arcs":[[313,314,315,316,-311]],"type":"Polygon","properties":{"geoid":"39045032601","name":"326.01"},"id":"39045032601"},{"arcs":[[317,318,319,320,321,322]],"type":"Polygon","properties":{"geoid":"39045032902","name":"329.02"},"id":"39045032902"},{"arcs":[[323,324,-321,325,326,327]],"type":"Polygon","properties":{"geoid":"39045033102","name":"331.02"},"id":"39045033102"},{"arcs":[[328,329,-164,330,331,332]],"type":"Polygon","properties":{"geoid":"39045031600","name":"316"},"id":"39045031600"},{"arcs":[[333,334,335,-295,336,337,338,339]],"type":"Polygon","properties":{"geoid":"39049004302","name":"43.02"},"id":"39049004302"},{"arcs":[[340,341,342]],"type":"Polygon","properties":{"geoid":"39049007955","name":"79.55"},"id":"39049007955"},{"arcs":[[343,344,345,346,347]],"type":"Polygon","properties":{"geoid":"39049006397","name":"63.97"},"id":"39049006397"},{"arcs":[[348,349,-145,350]],"type":"Polygon","properties":{"geoid":"39049009404","name":"94.04"},"id":"39049009404"},{"arcs":[[351,352,353,354]],"type":"Polygon","properties":{"geoid":"39049007102","name":"71.02"},"id":"39049007102"},{"arcs":[[355,-355,356,357,358]],"type":"Polygon","properties":{"geoid":"39049007101","name":"71.01"},"id":"39049007101"},{"arcs":[[359,360,361,362]],"type":"Polygon","properties":{"geoid":"39049010203","name":"102.03"},"id":"39049010203"},{"arcs":[[363,-237,364,-149,-67]],"type":"Polygon","properties":{"geoid":"39049009394","name":"93.94"},"id":"39049009394"},{"arcs":[[365,366,367,368,369]],"type":"Polygon","properties":{"geoid":"39117965100","name":"9651"},"id":"39117965100"},{"arcs":[[370,371,372,-2]],"type":"Polygon","properties":{"geoid":"39045031402","name":"314.02"},"id":"39045031402"},{"arcs":[[373,374,375,376,377,378]],"type":"Polygon","properties":{"geoid":"39049007710","name":"77.10"},"id":"39049007710"},{"arcs":[[-46,379,380,381,382]],"type":"Polygon","properties":{"geoid":"39049006910","name":"69.10"},"id":"39049006910"},{"arcs":[[383,384,-190,385,-280,386]],"type":"Polygon","properties":{"geoid":"39049003700","name":"37"},"id":"39049003700"},{"arcs":[[387,-20,388,389,390,391,392]],"type":"Polygon","properties":{"geoid":"39049009325","name":"93.25"},"id":"39049009325"},{"arcs":[[393,-298,394,-202,395,396,397,398]],"type":"Polygon","properties":{"geoid":"39049000110","name":"1.10"},"id":"39049000110"},{"arcs":[[399,400,401,402]],"type":"Polygon","properties":{"geoid":"39049006394","name":"63.94"},"id":"39049006394"},{"arcs":[[403,404,-10,405,-18,406,407]],"type":"Polygon","properties":{"geoid":"39041011200","name":"112"},"id":"39041011200"},{"arcs":[[-181,408,409,410,411]],"type":"Polygon","properties":{"geoid":"39049009250","name":"92.50"},"id":"39049009250"},{"arcs":[[412,-5,413,414,-162,415]],"type":"Polygon","properties":{"geoid":"39045032000","name":"320"},"id":"39045032000"},{"arcs":[[-94,416,417,418]],"type":"Polygon","properties":{"geoid":"39159050401","name":"504.01"},"id":"39159050401"},{"arcs":[[419,-210,420,421]],"type":"Polygon","properties":{"geoid":"39049008710","name":"87.10"},"id":"39049008710"},{"arcs":[[-236,-232,-286,422]],"type":"Polygon","properties":{"geoid":"39049009384","name":"93.84"},"id":"39049009384"},{"arcs":[[423,-247,424,425,426]],"type":"Polygon","properties":{"geoid":"39049006310","name":"63.10"},"id":"39049006310"},{"arcs":[[427,-402,428,-344,429]],"type":"Polygon","properties":{"geoid":"39049006384","name":"63.84"},"id":"39049006384"},{"arcs":[[430,431,432,433,434,435,436,437,438,439,440]],"type":"Polygon","properties":{"geoid":"39159050601","name":"506.01"},"id":"39159050601"},{"arcs":[[441,-16,442,-152,443]],"type":"Polygon","properties":{"geoid":"39041010100","name":"101"},"id":"39041010100"},{"arcs":[[-55,-27,444,-22,445,446]],"type":"Polygon","properties":{"geoid":"39049009393","name":"93.93"},"id":"39049009393"},{"arcs":[[447,448,449]],"type":"Polygon","properties":{"geoid":"39049006241","name":"62.41"},"id":"39049006241"},{"arcs":[[450,451,452,453,454,455]],"type":"Polygon","properties":{"geoid":"39089757702","name":"7577.02"},"id":"39089757702"},{"arcs":[[456,457,458,-386,-189]],"type":"Polygon","properties":{"geoid":"39049009000","name":"90"},"id":"39049009000"},{"arcs":[[-45,459,460,461,-380]],"type":"Polygon","properties":{"geoid":"39049006710","name":"67.10"},"id":"39049006710"},{"arcs":[[462,463,464,465]],"type":"Polygon","properties":{"geoid":"39049007964","name":"79.64"},"id":"39049007964"},{"arcs":[[-288,466,-114,467]],"type":"Polygon","properties":{"geoid":"39049009391","name":"93.91"},"id":"39049009391"},{"arcs":[[468,469,470,471,472,473]],"type":"Polygon","properties":{"geoid":"39041011763","name":"117.63"},"id":"39041011763"},{"arcs":[[474,475,476,477]],"type":"Polygon","properties":{"geoid":"39049002000","name":"20"},"id":"39049002000"},{"arcs":[[478,479,480,481,-196,482,483]],"type":"Polygon","properties":{"geoid":"39049000310","name":"3.10"},"id":"39049000310"},{"arcs":[[484,485,-212,-49,486]],"type":"Polygon","properties":{"geoid":"39049005610","name":"56.10"},"id":"39049005610"},{"arcs":[[487,488,489,490,491,492]],"type":"Polygon","properties":{"geoid":"39049007010","name":"70.10"},"id":"39049007010"},{"arcs":[[493,-339,494,495,496,-248,497]],"type":"Polygon","properties":{"geoid":"39049004500","name":"45"},"id":"39049004500"},{"arcs":[[498,499,-403,-428,500]],"type":"Polygon","properties":{"geoid":"39049006393","name":"63.93"},"id":"39049006393"},{"arcs":[[-122,-279,501,502]],"type":"Polygon","properties":{"geoid":"39041011520","name":"115.20"},"id":"39041011520"},{"arcs":[[503,504,505,506,-158,507]],"type":"Polygon","properties":{"geoid":"39129020100","name":"201"},"id":"39129020100"},{"arcs":[[508,-144,509,510]],"type":"Polygon","properties":{"geoid":"39049001302","name":"13.02"},"id":"39049001302"},{"arcs":[[511,512,513,514]],"type":"Polygon","properties":{"geoid":"39049007552","name":"75.52"},"id":"39049007552"},{"arcs":[[-320,515,516,517,518,519,-326]],"type":"Polygon","properties":{"geoid":"39045033101","name":"331.01"},"id":"39045033101"},{"arcs":[[520,521,522,-427,523,-463]],"type":"Polygon","properties":{"geoid":"39049007963","name":"79.63"},"id":"39049007963"},{"arcs":[[-362,524,525,-349,526]],"type":"Polygon","properties":{"geoid":"39049009403","name":"94.03"},"id":"39049009403"},{"arcs":[[527,528,529]],"type":"Polygon","properties":{"geoid":"39097040700","name":"407"},"id":"39097040700"},{"arcs":[[530,531,532,533,-87]],"type":"Polygon","properties":{"geoid":"39049006932","name":"69.32"},"id":"39049006932"},{"arcs":[[-365,-423,-285,-150]],"type":"Polygon","properties":{"geoid":"39049009383","name":"93.83"},"id":"39049009383"},{"arcs":[[534,535,536,537,-472]],"type":"Polygon","properties":{"geoid":"39041011765","name":"117.65"},"id":"39041011765"},{"arcs":[[538,539,540,541,-59]],"type":"Polygon","properties":{"geoid":"39049007303","name":"73.03"},"id":"39049007303"},{"arcs":[[542,543,544,545]],"type":"Polygon","properties":{"geoid":"39049007103","name":"71.03"},"id":"39049007103"},{"arcs":[[546,547,548,549]],"type":"Polygon","properties":{"geoid":"39049006992","name":"69.92"},"id":"39049006992"},{"arcs":[[550,551,552,553,-460,-44]],"type":"Polygon","properties":{"geoid":"39049006722","name":"67.22"},"id":"39049006722"},{"arcs":[[554,555,556]],"type":"Polygon","properties":{"geoid":"39089753301","name":"7533.01"},"id":"39089753301"},{"arcs":[[557,558,559,560,561]],"type":"Polygon","properties":{"geoid":"39041012300","name":"123"},"id":"39041012300"},{"arcs":[[562,-198,563,564,565]],"type":"Polygon","properties":{"geoid":"39049000410","name":"4.10"},"id":"39049000410"},{"arcs":[[566,567,-57,568,569]],"type":"Polygon","properties":{"geoid":"39049002780","name":"27.80"},"id":"39049002780"},{"arcs":[[570,571,-268,-244,572]],"type":"Polygon","properties":{"geoid":"39049006352","name":"63.52"},"id":"39049006352"},{"arcs":[[573,-347,574,575,-129,576,577]],"type":"Polygon","properties":{"geoid":"39049006386","name":"63.86"},"id":"39049006386"},{"arcs":[[578,-47,-383,579,580]],"type":"Polygon","properties":{"geoid":"39049006392","name":"63.92"},"id":"39049006392"},{"arcs":[[581,582,583,584]],"type":"Polygon","properties":{"geoid":"39117965502","name":"9655.02"},"id":"39117965502"},{"arcs":[[585,586,587,588,589,590,591]],"type":"Polygon","properties":{"geoid":"39049007959","name":"79.59"},"id":"39049007959"},{"arcs":[[592,593,-525,-361]],"type":"Polygon","properties":{"geoid":"39049010202","name":"102.02"},"id":"39049010202"},{"arcs":[[594,595,596,597,598,-105]],"type":"Polygon","properties":{"geoid":"39089757100","name":"7571"},"id":"39089757100"},{"arcs":[[599,600,601,602,603]],"type":"Polygon","properties":{"geoid":"39089752500","name":"7525"},"id":"39089752500"},{"arcs":[[604,605,-171,606]],"type":"Polygon","properties":{"geoid":"39089751000","name":"7510"},"id":"39089751000"},{"arcs":[[607,-607,608,-556]],"type":"Polygon","properties":{"geoid":"39089753600","name":"7536"},"id":"39089753600"},{"arcs":[[609,610,611,-161,612,613,614,615,616]],"type":"Polygon","properties":{"geoid":"39045030200","name":"302"},"id":"39045030200"},{"arcs":[[-3,-373,617,618,619]],"type":"Polygon","properties":{"geoid":"39045031300","name":"313"},"id":"39045031300"},{"arcs":[[620,621,622,623,624,625,626]],"type":"Polygon","properties":{"geoid":"39045030800","name":"308"},"id":"39045030800"},{"arcs":[[627,628,629,630]],"type":"Polygon","properties":{"geoid":"39073965300","name":"9653"},"id":"39073965300"},{"arcs":[[-299,631,632,633,-432,634,635]],"type":"Polygon","properties":{"geoid":"39159050602","name":"506.02"},"id":"39159050602"},{"arcs":[[636,637,638,639,640]],"type":"Polygon","properties":{"geoid":"39127966100","name":"9661"},"id":"39127966100"},{"arcs":[[641,642,643,644,645]],"type":"Polygon","properties":{"geoid":"39097040201","name":"402.01"},"id":"39097040201"},{"arcs":[[646,647,-528,648,-644]],"type":"Polygon","properties":{"geoid":"39097040600","name":"406"},"id":"39097040600"},{"arcs":[[-26,649,-411,650,-23,-445]],"type":"Polygon","properties":{"geoid":"39049009321","name":"93.21"},"id":"39049009321"},{"arcs":[[651,652,653,654,-183,655]],"type":"Polygon","properties":{"geoid":"39049008812","name":"88.12"},"id":"39049008812"},{"arcs":[[-201,656,657,658,-479,659,-396]],"type":"Polygon","properties":{"geoid":"39049007740","name":"77.40"},"id":"39049007740"},{"arcs":[[660,661,662,663,664,-475,665]],"type":"Polygon","properties":{"geoid":"39049001820","name":"18.20"},"id":"39049001820"},{"arcs":[[-142,666,-37,667,-192,668,-31]],"type":"Polygon","properties":{"geoid":"39049001400","name":"14"},"id":"39049001400"},{"arcs":[[669,670,671,-481]],"type":"Polygon","properties":{"geoid":"39049000330","name":"3.30"},"id":"39049000330"},{"arcs":[[-658,672,673,-374,674]],"type":"Polygon","properties":{"geoid":"39049007722","name":"77.22"},"id":"39049007722"},{"arcs":[[-206,675,676,677]],"type":"Polygon","properties":{"geoid":"39049007533","name":"75.33"},"id":"39049007533"},{"arcs":[[678,679,680,681,682,683]],"type":"Polygon","properties":{"geoid":"39049007520","name":"75.20"},"id":"39049007520"},{"arcs":[[-534,684,685,-88]],"type":"Polygon","properties":{"geoid":"39049006933","name":"69.33"},"id":"39049006933"},{"arcs":[[-554,686,687,-90,-199,-395,-297,-40,688,-461]],"type":"Polygon","properties":{"geoid":"39049006921","name":"69.21"},"id":"39049006921"},{"arcs":[[689,-42,-296,-394,690]],"type":"Polygon","properties":{"geoid":"39049006821","name":"68.21"},"id":"39049006821"},{"arcs":[[-381,-462,-689,-39,-690,691]],"type":"Polygon","properties":{"geoid":"39049006810","name":"68.10"},"id":"39049006810"},{"arcs":[[692,693,694,695,696]],"type":"Polygon","properties":{"geoid":"39049006100","name":"61"},"id":"39049006100"},{"arcs":[[-508,-157,697,-313,698,699]],"type":"Polygon","properties":{"geoid":"39129020400","name":"204"},"id":"39129020400"},{"arcs":[[700,701,702,703,704,705,-166]],"type":"Polygon","properties":{"geoid":"39129021401","name":"214.01"},"id":"39129021401"},{"arcs":[[706,707,-693,708]],"type":"Polygon","properties":{"geoid":"39049005820","name":"58.20"},"id":"39049005820"},{"arcs":[[709,710,-487,-48,711,712]],"type":"Polygon","properties":{"geoid":"39049005700","name":"57"},"id":"39049005700"},{"arcs":[[-283,713,-208,714]],"type":"Polygon","properties":{"geoid":"39049005420","name":"54.20"},"id":"39049005420"},{"arcs":[[715,-191,-385,716,717,-214]],"type":"Polygon","properties":{"geoid":"39049002800","name":"28"},"id":"39049002800"},{"arcs":[[718,-358,719,-222,720,721]],"type":"Polygon","properties":{"geoid":"39049007120","name":"71.20"},"id":"39049007120"},{"arcs":[[722,723,724,725,726]],"type":"Polygon","properties":{"geoid":"39049006945","name":"69.45"},"id":"39049006945"},{"arcs":[[727,728,729,730,731,732,733]],"type":"Polygon","properties":{"geoid":"39049007424","name":"74.24"},"id":"39049007424"},{"arcs":[[734,735,736,737,738,739,740,741,742]],"type":"Polygon","properties":{"geoid":"39049009590","name":"95.90"},"id":"39049009590"},{"arcs":[[743,744,745,-43,746]],"type":"Polygon","properties":{"geoid":"39049007041","name":"70.41"},"id":"39049007041"},{"arcs":[[-353,747,748,749,750,751,752,753,754,755]],"type":"Polygon","properties":{"geoid":"39049010000","name":"100"},"id":"39049010000"},{"arcs":[[756,757,-573,-243,758,759]],"type":"Polygon","properties":{"geoid":"39049006353","name":"63.53"},"id":"39049006353"},{"arcs":[[760,-759,-242,-424,-523,761]],"type":"Polygon","properties":{"geoid":"39049006340","name":"63.40"},"id":"39049006340"},{"arcs":[[-246,-272,762,763,764]],"type":"Polygon","properties":{"geoid":"39049006323","name":"63.23"},"id":"39049006323"},{"arcs":[[765,766,767,-256,768,769,770,771,772]],"type":"Polygon","properties":{"geoid":"39049009751","name":"97.51"},"id":"39049009751"},{"arcs":[[773,774,775,-257,-768,776]],"type":"Polygon","properties":{"geoid":"39049009600","name":"96"},"id":"39049009600"},{"arcs":[[777,778,779,780,781,782,783]],"type":"Polygon","properties":{"geoid":"39049008380","name":"83.80"},"id":"39049008380"},{"arcs":[[784,785,786,787,788,789,-778,790]],"type":"Polygon","properties":{"geoid":"39049008340","name":"83.40"},"id":"39049008340"},{"arcs":[[-580,-382,-692,-691,-399,791,792,793]],"type":"Polygon","properties":{"geoid":"39049006950","name":"69.50"},"id":"39049006950"},{"arcs":[[794,-764,795,796,797]],"type":"Polygon","properties":{"geoid":"39049006430","name":"64.30"},"id":"39049006430"},{"arcs":[[798,-131,799,800,-762,-522]],"type":"Polygon","properties":{"geoid":"39049006372","name":"63.72"},"id":"39049006372"},{"arcs":[[801,-449,802,-465,803,804,805]],"type":"Polygon","properties":{"geoid":"39049007922","name":"79.22"},"id":"39049007922"},{"arcs":[[-14,806,807,-153,-443,-15,-406]],"type":"Polygon","properties":{"geoid":"39041010200","name":"102"},"id":"39041010200"},{"arcs":[[-13,808,-584,809,-558,810,811,812,813,-807]],"type":"Polygon","properties":{"geoid":"39041011102","name":"111.02"},"id":"39041011102"},{"arcs":[[814,815,816,817,818]],"type":"Polygon","properties":{"geoid":"39041012100","name":"121"},"id":"39041012100"},{"arcs":[[819,-440,820,821,822]],"type":"Polygon","properties":{"geoid":"39097040102","name":"401.02"},"id":"39097040102"},{"arcs":[[823,824,-324,825,-116]],"type":"Polygon","properties":{"geoid":"39045032701","name":"327.01"},"id":"39045032701"},{"arcs":[[826,827,828]],"type":"Polygon","properties":{"geoid":"39049007047","name":"70.47"},"id":"39049007047"},{"arcs":[[-476,-665,829,830,831]],"type":"Polygon","properties":{"geoid":"39049002100","name":"21"},"id":"39049002100"},{"arcs":[[832,833,-387,-284,-715,-207,-486,834]],"type":"Polygon","properties":{"geoid":"39049005300","name":"53"},"id":"39049005300"},{"arcs":[[-536,835,836,837]],"type":"Polygon","properties":{"geoid":"39041011740","name":"117.40"},"id":"39041011740"},{"arcs":[[-418,838,839,-635,-431,840]],"type":"Polygon","properties":{"geoid":"39159050701","name":"507.01"},"id":"39159050701"},{"arcs":[[841,842,843,844,845,846,-627,847,-309,848,849]],"type":"Polygon","properties":{"geoid":"39129021101","name":"211.01"},"id":"39129021101"},{"arcs":[[850,-772,851,852,853,-705,854,-703]],"type":"Polygon","properties":{"geoid":"39129021404","name":"214.04"},"id":"39129021404"},{"arcs":[[855,-603,856,857,858,859]],"type":"Polygon","properties":{"geoid":"39089752801","name":"7528.01"},"id":"39089752801"},{"arcs":[[860,861,-333,862,863,864,865,-315]],"type":"Polygon","properties":{"geoid":"39045032501","name":"325.01"},"id":"39045032501"},{"arcs":[[-332,866,867,-863]],"type":"Polygon","properties":{"geoid":"39045032502","name":"325.02"},"id":"39045032502"},{"arcs":[[-327,-520,868,869,870]],"type":"Polygon","properties":{"geoid":"39045030602","name":"306.02"},"id":"39045030602"},{"arcs":[[-858,871,872,873,874,875]],"type":"Polygon","properties":{"geoid":"39089758601","name":"7586.01"},"id":"39089758601"},{"arcs":[[876,-596,877,878]],"type":"Polygon","properties":{"geoid":"39089756802","name":"7568.02"},"id":"39089756802"},{"arcs":[[879,-455,880,881,882,883,-597]],"type":"Polygon","properties":{"geoid":"39089759102","name":"7591.02"},"id":"39089759102"},{"arcs":[[-598,-884,884,885,886,887,-612,888]],"type":"Polygon","properties":{"geoid":"39089759101","name":"7591.01"},"id":"39089759101"},{"arcs":[[889,890,891]],"type":"Polygon","properties":{"geoid":"39089755302","name":"7553.02"},"id":"39089755302"},{"arcs":[[892,-890,893,894]],"type":"Polygon","properties":{"geoid":"39089755301","name":"7553.01"},"id":"39089755301"},{"arcs":[[895,-813,896,897,-119,-816]],"type":"Polygon","properties":{"geoid":"39041011562","name":"115.62"},"id":"39041011562"},{"arcs":[[898,899,900,901]],"type":"Polygon","properties":{"geoid":"39127965901","name":"9659.01"},"id":"39127965901"},{"arcs":[[902,-901,903,904,905,906,907]],"type":"Polygon","properties":{"geoid":"39127966301","name":"9663.01"},"id":"39127966301"},{"arcs":[[-160,908,-875,909,-613]],"type":"Polygon","properties":{"geoid":"39127965802","name":"9658.02"},"id":"39127965802"},{"arcs":[[910,911,-637,912,-904,-900,913]],"type":"Polygon","properties":{"geoid":"39127965902","name":"9659.02"},"id":"39127965902"},{"arcs":[[-910,-874,914,-914,-899,915,-614]],"type":"Polygon","properties":{"geoid":"39127965801","name":"9658.01"},"id":"39127965801"},{"arcs":[[916,917,-369,918,919]],"type":"Polygon","properties":{"geoid":"39117965401","name":"9654.01"},"id":"39117965401"},{"arcs":[[-919,-368,920,-582,921,922]],"type":"Polygon","properties":{"geoid":"39117965402","name":"9654.02"},"id":"39117965402"},{"arcs":[[923,924,925,-437]],"type":"Polygon","properties":{"geoid":"39049010402","name":"104.02"},"id":"39049010402"},{"arcs":[[926,927,928,929,930]],"type":"Polygon","properties":{"geoid":"39049007305","name":"73.05"},"id":"39049007305"},{"arcs":[[931,932,933,934,-766,935]],"type":"Polygon","properties":{"geoid":"39049009801","name":"98.01"},"id":"39049009801"},{"arcs":[[936,937,-742,938,-770]],"type":"Polygon","properties":{"geoid":"39049009753","name":"97.53"},"id":"39049009753"},{"arcs":[[939,940,941,942,-654]],"type":"Polygon","properties":{"geoid":"39049009401","name":"94.01"},"id":"39049009401"},{"arcs":[[943,944,945,946,947,-334,948]],"type":"Polygon","properties":{"geoid":"39049004301","name":"43.01"},"id":"39049004301"},{"arcs":[[949,950,-521,-466,951]],"type":"Polygon","properties":{"geoid":"39049006237","name":"62.37"},"id":"39049006237"},{"arcs":[[-337,-294,952,953]],"type":"Polygon","properties":{"geoid":"39049005001","name":"50.01"},"id":"39049005001"},{"arcs":[[954,-791,-784,955,956]],"type":"Polygon","properties":{"geoid":"39049008381","name":"83.81"},"id":"39049008381"},{"arcs":[[957,958,-925]],"type":"Polygon","properties":{"geoid":"39049010501","name":"105.01"},"id":"39049010501"},{"arcs":[[959,960,961,-63,-239,-179,962,-24,963,-218]],"type":"Polygon","properties":{"geoid":"39049009251","name":"92.51"},"id":"39049009251"},{"arcs":[[964,-117,-826,-328,-871,-593,-360,965]],"type":"Polygon","properties":{"geoid":"39049010204","name":"102.04"},"id":"39049010204"},{"arcs":[[966,-936,-773,-851,-702,967,968]],"type":"Polygon","properties":{"geoid":"39049009802","name":"98.02"},"id":"39049009802"},{"arcs":[[-541,969,970,971]],"type":"Polygon","properties":{"geoid":"39049007301","name":"73.01"},"id":"39049007301"},{"arcs":[[972,973,974,975,976,977,-750]],"type":"Polygon","properties":{"geoid":"39049007213","name":"72.13"},"id":"39049007213"},{"arcs":[[978,979,980,981]],"type":"Polygon","properties":{"geoid":"39049007212","name":"72.12"},"id":"39049007212"},{"arcs":[[982,-124,983]],"type":"Polygon","properties":{"geoid":"39049008171","name":"81.71"},"id":"39049008171"},{"arcs":[[-865,984,985,-908,986,-631,987,988,989]],"type":"Polygon","properties":{"geoid":"39073964900","name":"9649"},"id":"39073964900"},{"arcs":[[-629,990,991,992]],"type":"Polygon","properties":{"geoid":"39073965400","name":"9654"},"id":"39073965400"},{"arcs":[[-987,-907,993,994,995,-991,-628]],"type":"Polygon","properties":{"geoid":"39073965500","name":"9655"},"id":"39073965500"},{"arcs":[[-17,996,-407]],"type":"Polygon","properties":{"geoid":"39041010422","name":"104.22"},"id":"39041010422"},{"arcs":[[997,-473,-538,998,999,-489,1000]],"type":"Polygon","properties":{"geoid":"39041011762","name":"117.62"},"id":"39041011762"},{"arcs":[[1001,-818,1002,1003,1004,1005]],"type":"Polygon","properties":{"geoid":"39041011900","name":"119"},"id":"39041011900"},{"arcs":[[1006,1007,-474,-998,1008,-277]],"type":"Polygon","properties":{"geoid":"39041011540","name":"115.40"},"id":"39041011540"},{"arcs":[[-849,-308,1009,-506,1010]],"type":"Polygon","properties":{"geoid":"39129020320","name":"203.20"},"id":"39129020320"},{"arcs":[[1011,1012,-504,-700,1013,1014]],"type":"Polygon","properties":{"geoid":"39129021600","name":"216"},"id":"39129021600"},{"arcs":[[-855,-704]],"type":"Polygon","properties":{"geoid":"39129021300","name":"213"},"id":"39129021300"},{"arcs":[[-997,-442,1015,1016]],"type":"Polygon","properties":{"geoid":"39041010421","name":"104.21"},"id":"39041010421"},{"arcs":[[1017,1018,-1006,1019,-434]],"type":"Polygon","properties":{"geoid":"39041011412","name":"114.12"},"id":"39041011412"},{"arcs":[[-1020,1020,1021,1022,-435]],"type":"Polygon","properties":{"geoid":"39041011411","name":"114.11"},"id":"39041011411"},{"arcs":[[1023,-8,1024,1025,1026,1027]],"type":"Polygon","properties":{"geoid":"39159050200","name":"502"},"id":"39159050200"},{"arcs":[[-1026,1028,-632,-302,1029]],"type":"Polygon","properties":{"geoid":"39159050304","name":"503.04"},"id":"39159050304"},{"arcs":[[1030,-638,-912]],"type":"Polygon","properties":{"geoid":"39127966000","name":"9660"},"id":"39127966000"},{"arcs":[[1031,1032,-600,1033]],"type":"Polygon","properties":{"geoid":"39089752200","name":"7522"},"id":"39089752200"},{"arcs":[[1034,1035,1036,-608,-555,1037]],"type":"Polygon","properties":{"geoid":"39089753900","name":"7539"},"id":"39089753900"},{"arcs":[[1038,1039,1040,-451,1041]],"type":"Polygon","properties":{"geoid":"39089754700","name":"7547"},"id":"39089754700"},{"arcs":[[1042,-1034,1043,1044,1045,1046,1047]],"type":"Polygon","properties":{"geoid":"39089751900","name":"7519"},"id":"39089751900"},{"arcs":[[1048,-159,-888]],"type":"Polygon","properties":{"geoid":"39089758300","name":"7583"},"id":"39089758300"},{"arcs":[[1049,-879,1050,-107,-98,1051,-111]],"type":"Polygon","properties":{"geoid":"39089756500","name":"7565"},"id":"39089756500"},{"arcs":[[1052,-823,1053,1054,1055,1056]],"type":"Polygon","properties":{"geoid":"39097040101","name":"401.01"},"id":"39097040101"},{"arcs":[[-646,1057,-529,-648,1058,1059,-968,-701,-165,1060,1061]],"type":"Polygon","properties":{"geoid":"39097041100","name":"411"},"id":"39097041100"},{"arcs":[[1062,-1056,1063,1064,-1059,-647,-643]],"type":"Polygon","properties":{"geoid":"39097040202","name":"402.02"},"id":"39097040202"},{"arcs":[[1065,-1061,-169,1066]],"type":"Polygon","properties":{"geoid":"39097041300","name":"413"},"id":"39097041300"},{"arcs":[[1067,-615,-916,-902,-903,-986,1068]],"type":"Polygon","properties":{"geoid":"39045031100","name":"311"},"id":"39045031100"},{"arcs":[[1069,-322,-325,-825]],"type":"Polygon","properties":{"geoid":"39045032800","name":"328"},"id":"39045032800"},{"arcs":[[-331,-163,-415,1070,1071,-867]],"type":"Polygon","properties":{"geoid":"39045032300","name":"323"},"id":"39045032300"},{"arcs":[[1072,-147,1073,-621,-847]],"type":"Polygon","properties":{"geoid":"39045030700","name":"307"},"id":"39045030700"},{"arcs":[[-414,-4,-620,1074,-1071]],"type":"Polygon","properties":{"geoid":"39045032200","name":"322"},"id":"39045032200"},{"arcs":[[1075,-240,-70,-175,1076]],"type":"Polygon","properties":{"geoid":"39049009311","name":"93.11"},"id":"39049009311"},{"arcs":[[1077,-221,1078,1079,1080,-458]],"type":"Polygon","properties":{"geoid":"39049009100","name":"91"},"id":"39049009100"},{"arcs":[[1081,1082,-737,1083]],"type":"Polygon","properties":{"geoid":"39049008825","name":"88.25"},"id":"39049008825"},{"arcs":[[1084,1085,-422,1086,-652,1087,-695]],"type":"Polygon","properties":{"geoid":"39049008720","name":"87.20"},"id":"39049008720"},{"arcs":[[-668,1088,1089,1090,1091,-187,1092,-193]],"type":"Polygon","properties":{"geoid":"39049002510","name":"25.10"},"id":"39049002510"},{"arcs":[[-510,-143,-33,1093,-663,1094,1095]],"type":"Polygon","properties":{"geoid":"39049001700","name":"17"},"id":"39049001700"},{"arcs":[[1096,1097,-141,-509,1098,1099]],"type":"Polygon","properties":{"geoid":"39049001200","name":"12"},"id":"39049001200"},{"arcs":[[1100,-684,1101,-35,1102]],"type":"Polygon","properties":{"geoid":"39049000920","name":"9.20"},"id":"39049000920"},{"arcs":[[-265,1103,-666,-478,1104,1105,1106]],"type":"Polygon","properties":{"geoid":"39049001901","name":"19.01"},"id":"39049001901"},{"arcs":[[1107,-796,-763,-271,1108,1109,1110,1111,1112,-661,-1104,-264,1113]],"type":"Polygon","properties":{"geoid":"39049001122","name":"11.22"},"id":"39049001122"},{"arcs":[[1114,1115,-777,-767,-935]],"type":"Polygon","properties":{"geoid":"39049009752","name":"97.52"},"id":"39049009752"},{"arcs":[[1116,1117,-254,-776]],"type":"Polygon","properties":{"geoid":"39049009711","name":"97.11"},"id":"39049009711"},{"arcs":[[1118,-1106,1119,-335,-948,1120]],"type":"Polygon","properties":{"geoid":"39049008500","name":"85"},"id":"39049008500"},{"arcs":[[1121,1122,1123,-785,-955,1124,-261]],"type":"Polygon","properties":{"geoid":"39049008360","name":"83.60"},"id":"39049008360"},{"arcs":[[1125,1126,-787,1127]],"type":"Polygon","properties":{"geoid":"39049008330","name":"83.30"},"id":"39049008330"},{"arcs":[[-251,1128,1129,-1123,1130]],"type":"Polygon","properties":{"geoid":"39049008321","name":"83.21"},"id":"39049008321"},{"arcs":[[-252,-1131,-1122,-260,-75]],"type":"Polygon","properties":{"geoid":"39049008312","name":"83.12"},"id":"39049008312"},{"arcs":[[1131,1132,-498,-253,-73,1133,-275,1134]],"type":"Polygon","properties":{"geoid":"39049008210","name":"82.10"},"id":"39049008210"},{"arcs":[[-565,1135,-1109,-270,1136]],"type":"Polygon","properties":{"geoid":"39049007820","name":"78.20"},"id":"39049007820"},{"arcs":[[-1114,-267,1137,1138,-946,1139]],"type":"Polygon","properties":{"geoid":"39049006600","name":"66"},"id":"39049006600"},{"arcs":[[-797,-1108,-1140,-945,1140,1141]],"type":"Polygon","properties":{"geoid":"39049006500","name":"65"},"id":"39049006500"},{"arcs":[[-798,-1142,1142,1143]],"type":"Polygon","properties":{"geoid":"39049006410","name":"64.10"},"id":"39049006410"},{"arcs":[[-127,-276,-80,-273,-85,-137,1144]],"type":"Polygon","properties":{"geoid":"39049008132","name":"81.32"},"id":"39049008132"},{"arcs":[[-1143,-1141,-944,1145,1146,1147,1148,-135]],"type":"Polygon","properties":{"geoid":"39049007941","name":"79.41"},"id":"39049007941"},{"arcs":[[1149,-747,-579,-345,-429,-401,1150]],"type":"Polygon","properties":{"geoid":"39049006391","name":"63.91"},"id":"39049006391"},{"arcs":[[1151,1152,-38,-667,-1098,1153,1154]],"type":"Polygon","properties":{"geoid":"39049000720","name":"7.20"},"id":"39049000720"},{"arcs":[[-482,-672,1155,1156,-1152,1157,1158]],"type":"Polygon","properties":{"geoid":"39049000710","name":"7.10"},"id":"39049000710"},{"arcs":[[-564,-197,-1159,1159,-1136]],"type":"Polygon","properties":{"geoid":"39049000500","name":"5"},"id":"39049000500"},{"arcs":[[-659,-675,-379,1160,-670,-480]],"type":"Polygon","properties":{"geoid":"39049000320","name":"3.20"},"id":"39049000320"},{"arcs":[[-686,1161,-673,-657,-200]],"type":"Polygon","properties":{"geoid":"39049007721","name":"77.21"},"id":"39049007721"},{"arcs":[[-376,1162,-677,-515,-680,1163]],"type":"Polygon","properties":{"geoid":"39049007534","name":"75.34"},"id":"39049007534"},{"arcs":[[-674,-1162,1164,1165,-203,-678,-1163,-375]],"type":"Polygon","properties":{"geoid":"39049007531","name":"75.31"},"id":"39049007531"},{"arcs":[[-682,1166,-1090,1167]],"type":"Polygon","properties":{"geoid":"39049007512","name":"75.12"},"id":"39049007512"},{"arcs":[[-533,1168,1169,1170,-1165,-685]],"type":"Polygon","properties":{"geoid":"39049007112","name":"71.12"},"id":"39049007112"},{"arcs":[[1171,1172,-835,-485,-711]],"type":"Polygon","properties":{"geoid":"39049005200","name":"52"},"id":"39049005200"},{"arcs":[[-215,-718,1173,1174,1175]],"type":"Polygon","properties":{"geoid":"39049003600","name":"36"},"id":"39049003600"},{"arcs":[[-831,1176,1177,-216,-1176,1178,1179,-291,1180]],"type":"Polygon","properties":{"geoid":"39049003000","name":"30"},"id":"39049003000"},{"arcs":[[1181,-29,-54,1182]],"type":"Polygon","properties":{"geoid":"39049002750","name":"27.50"},"id":"39049002750"},{"arcs":[[-219,-964,-1182,1183]],"type":"Polygon","properties":{"geoid":"39049002730","name":"27.30"},"id":"39049002730"},{"arcs":[[1184,1185,-490]],"type":"Polygon","properties":{"geoid":"39049007020","name":"70.20"},"id":"39049007020"},{"arcs":[[1186,-722,-1170,-724]],"type":"Polygon","properties":{"geoid":"39049007115","name":"71.15"},"id":"39049007115"},{"arcs":[[1187,-545,-927,1188,1189,-731,1190]],"type":"Polygon","properties":{"geoid":"39049007492","name":"74.92"},"id":"39049007492"},{"arcs":[[-391,1191,1192,1193,1194]],"type":"Polygon","properties":{"geoid":"39049009326","name":"93.26"},"id":"39049009326"},{"arcs":[[1195,1196,1197,1198,1199,-1193]],"type":"Polygon","properties":{"geoid":"39049009373","name":"93.73"},"id":"39049009373"},{"arcs":[[-1194,-1200,1200,1201,1202]],"type":"Polygon","properties":{"geoid":"39049009420","name":"94.20"},"id":"39049009420"},{"arcs":[[1203,1204,1205]],"type":"Polygon","properties":{"geoid":"39049009440","name":"94.40"},"id":"39049009440"},{"arcs":[[1206,1207,1208,-829,-552,1209]],"type":"Polygon","properties":{"geoid":"39049007048","name":"70.48"},"id":"39049007048"},{"arcs":[[-357,-354,-756,1210,-720]],"type":"Polygon","properties":{"geoid":"39049007198","name":"71.98"},"id":"39049007198"},{"arcs":[[1211,-184,-655,1212,-738,-1083]],"type":"Polygon","properties":{"geoid":"39049009520","name":"95.20"},"id":"39049009520"},{"arcs":[[-569,-56,-447,1213,1214,1215,1216]],"type":"Polygon","properties":{"geoid":"39049009332","name":"93.32"},"id":"39049009332"},{"arcs":[[-130,-576,1217,-794,1218,-757,1219,-800]],"type":"Polygon","properties":{"geoid":"39049006396","name":"63.96"},"id":"39049006396"},{"arcs":[[-425,-765,-795,-1144,-134]],"type":"Polygon","properties":{"geoid":"39049006330","name":"63.30"},"id":"39049006330"},{"arcs":[[-495,1220,1221,-1126,1222,1223,1224]],"type":"Polygon","properties":{"geoid":"39049004900","name":"49"},"id":"39049004900"},{"arcs":[[-496,-1225,1225,1226,1227]],"type":"Polygon","properties":{"geoid":"39049004700","name":"47"},"id":"39049004700"},{"arcs":[[1228,1229,-1103,-34,-1153,-1157]],"type":"Polygon","properties":{"geoid":"39049000910","name":"9.10"},"id":"39049000910"},{"arcs":[[-300,-636,-840,1230,-92]],"type":"Polygon","properties":{"geoid":"39159050502","name":"505.02"},"id":"39159050502"},{"arcs":[[-95,-419,-841,-441,-820,-1053,1231,1232]],"type":"Polygon","properties":{"geoid":"39159050702","name":"507.02"},"id":"39159050702"},{"arcs":[[-417,-93,-1231,-839]],"type":"Polygon","properties":{"geoid":"39159050501","name":"505.01"},"id":"39159050501"},{"arcs":[[-811,-562,1233,-470,1234]],"type":"Polygon","properties":{"geoid":"39041011604","name":"116.04"},"id":"39041011604"},{"arcs":[[-1016,-444,-155,1235,1236,1237]],"type":"Polygon","properties":{"geoid":"39041010520","name":"105.20"},"id":"39041010520"},{"arcs":[[-1094,-32,1238,-1177,-830,-664]],"type":"Polygon","properties":{"geoid":"39049002200","name":"22"},"id":"39049002200"},{"arcs":[[-553,-828,-547,1239,-687]],"type":"Polygon","properties":{"geoid":"39049009900","name":"99"},"id":"39049009900"},{"arcs":[[-1205,1240,1241,-351,-148,-1073,-846,1242]],"type":"Polygon","properties":{"geoid":"39049009497","name":"94.97"},"id":"39049009497"},{"arcs":[[1243,-1206,-1243,-845,1244,-740]],"type":"Polygon","properties":{"geoid":"39049010300","name":"103"},"id":"39049010300"},{"arcs":[[-307,-698,-156,-507,-1010]],"type":"Polygon","properties":{"geoid":"39129020310","name":"203.10"},"id":"39129020310"},{"arcs":[[1245,1246,-586,1247]],"type":"Polygon","properties":{"geoid":"39049010601","name":"106.01"},"id":"39049010601"},{"arcs":[[1248,1249,-492,-359,-719,-1187,-723]],"type":"Polygon","properties":{"geoid":"39049007114","name":"71.14"},"id":"39049007114"},{"arcs":[[1250,-1210,-551,-746]],"type":"Polygon","properties":{"geoid":"39049007043","name":"70.43"},"id":"39049007043"},{"arcs":[[-977,-980,1251,1252]],"type":"Polygon","properties":{"geoid":"39049007205","name":"72.05"},"id":"39049007205"},{"arcs":[[1253,-982,1254,1255,-928,-544,1256,-753]],"type":"Polygon","properties":{"geoid":"39049007209","name":"72.09"},"id":"39049007209"},{"arcs":[[-471,-1234,-561,1257,-973,-749,1258,-836,-535]],"type":"Polygon","properties":{"geoid":"39041011764","name":"117.64"},"id":"39041011764"},{"arcs":[[-999,-537,-838,1259]],"type":"Polygon","properties":{"geoid":"39041011766","name":"117.66"},"id":"39041011766"},{"arcs":[[1260,-1018,-433,-634,1261]],"type":"Polygon","properties":{"geoid":"39041011431","name":"114.31"},"id":"39041011431"},{"arcs":[[1262,1263,-371,-1,-413,1264,1265]],"type":"Polygon","properties":{"geoid":"39045031401","name":"314.01"},"id":"39045031401"},{"arcs":[[1266,-1266,1267,-329,-862,-625]],"type":"Polygon","properties":{"geoid":"39045030901","name":"309.01"},"id":"39045030901"},{"arcs":[[-287,-230,1268,-323,-1070,-824,-115,-467]],"type":"Polygon","properties":{"geoid":"39045032704","name":"327.04"},"id":"39045032704"},{"arcs":[[-626,-861,-314,-310,-848]],"type":"Polygon","properties":{"geoid":"39045032602","name":"326.02"},"id":"39045032602"},{"arcs":[[1269,-741,-1245,-844,1270,-842,1271,-853]],"type":"Polygon","properties":{"geoid":"39129021202","name":"212.02"},"id":"39129021202"},{"arcs":[[-771,-939,-1270,-852]],"type":"Polygon","properties":{"geoid":"39129021403","name":"214.03"},"id":"39129021403"},{"arcs":[[-843,-1271]],"type":"Polygon","properties":{"geoid":"39129021201","name":"212.01"},"id":"39129021201"},{"arcs":[[-453,1272,-1047,1273,1274,-1035,1275]],"type":"Polygon","properties":{"geoid":"39089754103","name":"7541.03"},"id":"39089754103"},{"arcs":[[1276,-557,-609,-170,1277,-882]],"type":"Polygon","properties":{"geoid":"39089753302","name":"7533.02"},"id":"39089753302"},{"arcs":[[-173,-860,1278,-886,1279]],"type":"Polygon","properties":{"geoid":"39089752802","name":"7528.02"},"id":"39089752802"},{"arcs":[[1280,1281,-1045,1282,-605,-1037]],"type":"Polygon","properties":{"geoid":"39089751300","name":"7513"},"id":"39089751300"},{"arcs":[[-883,-1278,-174,-1280,-885]],"type":"Polygon","properties":{"geoid":"39089753100","name":"7531"},"id":"39089753100"},{"arcs":[[-350,-526,-594,-870,1283,-518,1284,-622,-1074,-146]],"type":"Polygon","properties":{"geoid":"39045033000","name":"330"},"id":"39045033000"},{"arcs":[[1285,-917,1286,1287]],"type":"Polygon","properties":{"geoid":"39117965202","name":"9652.02"},"id":"39117965202"},{"arcs":[[-12,1288,-922,-585,-809]],"type":"Polygon","properties":{"geoid":"39117965501","name":"9655.01"},"id":"39117965501"},{"arcs":[[-1118,1289,-782,1290,-255]],"type":"Polygon","properties":{"geoid":"39049009756","name":"97.56"},"id":"39049009756"},{"arcs":[[1291,-1148,1292,1293]],"type":"Polygon","properties":{"geoid":"39049007965","name":"79.65"},"id":"39049007965"},{"arcs":[[1294,1295,-1294,1296,-589,1297]],"type":"Polygon","properties":{"geoid":"39049007966","name":"79.66"},"id":"39049007966"},{"arcs":[[1298,-501,-430,-348,-574,1299]],"type":"Polygon","properties":{"geoid":"39049006398","name":"63.98"},"id":"39049006398"},{"arcs":[[1300,1301,1302]],"type":"Polygon","properties":{"geoid":"39049008002","name":"80.02"},"id":"39049008002"},{"arcs":[[-262,-1125,-957,-774,-1116]],"type":"Polygon","properties":{"geoid":"39049008382","name":"83.82"},"id":"39049008382"},{"arcs":[[-926,-959,1303,1304,1305,1306,-438]],"type":"Polygon","properties":{"geoid":"39049010502","name":"105.02"},"id":"39049010502"},{"arcs":[[-1211,-755,1307,-546,-1188,1308,-223]],"type":"Polygon","properties":{"geoid":"39049007202","name":"72.02"},"id":"39049007202"},{"arcs":[[-205,-224,1309,-729,1310,-512,-676]],"type":"Polygon","properties":{"geoid":"39049010100","name":"101"},"id":"39049010100"},{"arcs":[[1311,-238,-364,-66]],"type":"Polygon","properties":{"geoid":"39049009395","name":"93.95"},"id":"39049009395"},{"arcs":[[-1180,1312,-1172,-710,-292]],"type":"Polygon","properties":{"geoid":"39049004002","name":"40.02"},"id":"39049004002"},{"arcs":[[-1202,1313,-1198,1314,-966,-363,-527,-1242,1315,1316]],"type":"Polygon","properties":{"geoid":"39049010201","name":"102.01"},"id":"39049010201"},{"arcs":[[-540,1317,-108,1318]],"type":"Polygon","properties":{"geoid":"39049007398","name":"73.98"},"id":"39049007398"},{"arcs":[[-981,-976,1319,1320,1321,-1255]],"type":"Polygon","properties":{"geoid":"39049007211","name":"72.11"},"id":"39049007211"},{"arcs":[[1322,-1252,-979,-1254,-752]],"type":"Polygon","properties":{"geoid":"39049007214","name":"72.14"},"id":"39049007214"},{"arcs":[[-978,-1253,-1323,-751]],"type":"Polygon","properties":{"geoid":"39049007215","name":"72.15"},"id":"39049007215"},{"arcs":[[-1319,-113,1323,1324,-970]],"type":"Polygon","properties":{"geoid":"39049007302","name":"73.02"},"id":"39049007302"},{"arcs":[[-1023,1325,-924,-436]],"type":"Polygon","properties":{"geoid":"39049010401","name":"104.01"},"id":"39049010401"},{"arcs":[[-542,-972,1326,-233,-1312,-65,1327]],"type":"Polygon","properties":{"geoid":"39049007397","name":"73.97"},"id":"39049007397"},{"arcs":[[-1236,-154,-808,-814,-896,-815,1328]],"type":"Polygon","properties":{"geoid":"39041012200","name":"122"},"id":"39041012200"},{"arcs":[[-898,1329,-1007,-120]],"type":"Polygon","properties":{"geoid":"39041011564","name":"115.64"},"id":"39041011564"},{"arcs":[[-624,1330,1331,-1263,-1267]],"type":"Polygon","properties":{"geoid":"39045030902","name":"309.02"},"id":"39045030902"},{"arcs":[[1332,-1281,-1036,-1275]],"type":"Polygon","properties":{"geoid":"39089754104","name":"7541.04"},"id":"39089754104"},{"arcs":[[-106,-599,-889,1333,-100]],"type":"Polygon","properties":{"geoid":"39089757402","name":"7574.02"},"id":"39089757402"},{"arcs":[[1334,-456,-880,-877,1335]],"type":"Polygon","properties":{"geoid":"39089755602","name":"7556.02"},"id":"39089755602"},{"arcs":[[-1186,1336,-748,-352,-356,-491]],"type":"Polygon","properties":{"geoid":"39049007193","name":"71.93"},"id":"39049007193"},{"arcs":[[-1327,-971,-1325,-306,-228,1337,-234]],"type":"Polygon","properties":{"geoid":"39049009390","name":"93.90"},"id":"39049009390"},{"arcs":[[-1338,-227,-235]],"type":"Polygon","properties":{"geoid":"39049009382","name":"93.82"},"id":"39049009382"},{"arcs":[[-1222,1338,-953,-293,-713,1339,-788,-1127]],"type":"Polygon","properties":{"geoid":"39049005100","name":"51"},"id":"39049005100"},{"arcs":[[-266,-1107,-1119,1340,-1138]],"type":"Polygon","properties":{"geoid":"39049001902","name":"19.02"},"id":"39049001902"},{"arcs":[[1341,1342,-1223,-1128,-786,-1124,-1130]],"type":"Polygon","properties":{"geoid":"39049008322","name":"83.22"},"id":"39049008322"},{"arcs":[[-792,-398,1343,1344,-566,-1137,-269,-572]],"type":"Polygon","properties":{"geoid":"39049007812","name":"78.12"},"id":"39049007812"},{"arcs":[[1345,1346,-1084,-736,-780]],"type":"Polygon","properties":{"geoid":"39049008822","name":"88.22"},"id":"39049008822"},{"arcs":[[1347,-1154,-1097,1348]],"type":"Polygon","properties":{"geoid":"39049001000","name":"10"},"id":"39049001000"},{"arcs":[[-1160,-1158,-1155,-1348,1349,-1110]],"type":"Polygon","properties":{"geoid":"39049000600","name":"6"},"id":"39049000600"},{"arcs":[[-1102,-683,-1168,-1089,-36]],"type":"Polygon","properties":{"geoid":"39049007511","name":"75.11"},"id":"39049007511"},{"arcs":[[1350,-725,-1169,-532,1351]],"type":"Polygon","properties":{"geoid":"39049006931","name":"69.31"},"id":"39049006931"},{"arcs":[[1352,-51,1353,-1085,-694,-708]],"type":"Polygon","properties":{"geoid":"39049006000","name":"60"},"id":"39049006000"},{"arcs":[[-1340,-712,-52,-1353,-707,1354,-789]],"type":"Polygon","properties":{"geoid":"39049005810","name":"58.10"},"id":"39049005810"},{"arcs":[[-220,-1184,1355,-1079]],"type":"Polygon","properties":{"geoid":"39049002740","name":"27.40"},"id":"39049002740"},{"arcs":[[-699,-312,-317,1356,1357,-1014]],"type":"Polygon","properties":{"geoid":"39129021700","name":"217"},"id":"39129021700"},{"arcs":[[-305,1358,1359,-103,1360,-318,-1269,-229]],"type":"Polygon","properties":{"geoid":"39089756201","name":"7562.01"},"id":"39089756201"},{"arcs":[[-560,-895,-974,-1258]],"type":"Polygon","properties":{"geoid":"39041011760","name":"117.60"},"id":"39041011760"},{"arcs":[[1361,1362,1363,-343,1364,-1295,1365,-587,-1247]],"type":"Polygon","properties":{"geoid":"39049010602","name":"106.02"},"id":"39049010602"},{"arcs":[[-602,1366,1367,-872,-857]],"type":"Polygon","properties":{"geoid":"39089758902","name":"7589.02"},"id":"39089758902"},{"arcs":[[-878,-595,-104,-1051]],"type":"Polygon","properties":{"geoid":"39089756803","name":"7568.03"},"id":"39089756803"},{"arcs":[[-1311,-728,1368,-513]],"type":"Polygon","properties":{"geoid":"39049007553","name":"75.53"},"id":"39049007553"},{"arcs":[[1369,-806,1370,-1363,1371]],"type":"Polygon","properties":{"geoid":"39049007962","name":"79.62"},"id":"39049007962"},{"arcs":[[1372,1373,-392,-1195,-1203,-1317,-942]],"type":"Polygon","properties":{"geoid":"39049009498","name":"94.98"},"id":"39049009498"},{"arcs":[[-338,-954,-1339,-1221]],"type":"Polygon","properties":{"geoid":"39049005002","name":"50.02"},"id":"39049005002"},{"arcs":[[-439,-1307,1374,-450,-802,-1370,1375,1376,-821]],"type":"Polygon","properties":{"geoid":"39049006240","name":"62.40"},"id":"39049006240"},{"arcs":[[-1306,1377,-952,-803,-448,-1375]],"type":"Polygon","properties":{"geoid":"39049006239","name":"62.39"},"id":"39049006239"},{"arcs":[[-1256,-1322,1378,-929]],"type":"Polygon","properties":{"geoid":"39049007306","name":"73.06"},"id":"39049007306"},{"arcs":[[-1376,-1372,-1362,-1246,1379]],"type":"Polygon","properties":{"geoid":"39049007961","name":"79.61"},"id":"39049007961"},{"arcs":[[-1209,1380,-493,-1250,1381,-548,-827]],"type":"Polygon","properties":{"geoid":"39049006991","name":"69.91"},"id":"39049006991"},{"arcs":[[-988,-630,-993,1382]],"type":"Polygon","properties":{"geoid":"39073965200","name":"9652"},"id":"39073965200"},{"arcs":[[-931,1383,-62,1384,1385,-1189]],"type":"Polygon","properties":{"geoid":"39049007426","name":"74.26"},"id":"39049007426"},{"arcs":[[-1199,-1314,-1201]],"type":"Polygon","properties":{"geoid":"39049009410","name":"94.10"},"id":"39049009410"},{"arcs":[[-1190,-1386,1386,-732]],"type":"Polygon","properties":{"geoid":"39049007425","name":"74.25"},"id":"39049007425"},{"arcs":[[-1309,-1191,-730,-1310]],"type":"Polygon","properties":{"geoid":"39049007494","name":"74.94"},"id":"39049007494"},{"arcs":[[-1219,-793,-571,-758]],"type":"Polygon","properties":{"geoid":"39049006351","name":"63.51"},"id":"39049006351"},{"arcs":[[-502,-278,1387,1388,-744,-1150,1389]],"type":"Polygon","properties":{"geoid":"39041011561","name":"115.61"},"id":"39041011561"},{"arcs":[[1390,-1040,1391,1392,-1032,-1043]],"type":"Polygon","properties":{"geoid":"39089754400","name":"7544"},"id":"39089754400"},{"arcs":[[-7,1393,-408,-1017,-1238,1394,-1262,-633,-1029,-1025]],"type":"Polygon","properties":{"geoid":"39041012000","name":"120"},"id":"39041012000"},{"arcs":[[-1004,1395,-1390,-1151,-400,-500,1396]],"type":"Polygon","properties":{"geoid":"39041011421","name":"114.21"},"id":"39041011421"},{"arcs":[[-913,-641,1397,-905]],"type":"Polygon","properties":{"geoid":"39127966200","name":"9662"},"id":"39127966200"},{"arcs":[[-410,1398,-1077,-178,-389,-19,-651]],"type":"Polygon","properties":{"geoid":"39049009322","name":"93.22"},"id":"39049009322"},{"arcs":[[-963,-182,-412,-650,-25]],"type":"Polygon","properties":{"geoid":"39049009230","name":"92.30"},"id":"39049009230"},{"arcs":[[1399,-1095,-662,-1113]],"type":"Polygon","properties":{"geoid":"39049001810","name":"18.10"},"id":"39049001810"},{"arcs":[[-1350,-1349,-1100,1400,-1111]],"type":"Polygon","properties":{"geoid":"39049001110","name":"11.10"},"id":"39049001110"},{"arcs":[[-1265,-416,-330,-1268]],"type":"Polygon","properties":{"geoid":"39045031500","name":"315"},"id":"39045031500"},{"arcs":[[-610,1401]],"type":"Polygon","properties":{"geoid":"39045030300","name":"303"},"id":"39045030300"},{"arcs":[[-1260,-837,-1259,-1337,-1185,-1000]],"type":"Polygon","properties":{"geoid":"39041011710","name":"117.10"},"id":"39041011710"},{"arcs":[[-1357,-316,-866,-990,1402,1403]],"type":"Polygon","properties":{"geoid":"39073965000","name":"9650"},"id":"39073965000"},{"arcs":[[-1055,1404,-1303,1405,-1064]],"type":"Polygon","properties":{"geoid":"39097040400","name":"404"},"id":"39097040400"},{"arcs":[[-868,-1072,-1075,-619,1406,-1069,-985,-864]],"type":"Polygon","properties":{"geoid":"39045031200","name":"312"},"id":"39045031200"},{"arcs":[[-1139,-1341,-1121,-947]],"type":"Polygon","properties":{"geoid":"39049008400","name":"84"},"id":"39049008400"},{"arcs":[[-949,-340,-494,-1133,1407,-1146]],"type":"Polygon","properties":{"geoid":"39049008241","name":"82.41"},"id":"39049008241"},{"arcs":[[1408,-591,1409,-984,-128,1410]],"type":"Polygon","properties":{"geoid":"39049008166","name":"81.66"},"id":"39049008166"},{"arcs":[[-1054,-822,-1377,-1380,-1248,-592,-1409,-1301,-1405]],"type":"Polygon","properties":{"geoid":"39049008001","name":"80.01"},"id":"39049008001"},{"arcs":[[-743,-938,1411]],"type":"Polygon","properties":{"geoid":"39049009754","name":"97.54"},"id":"39049009754"},{"arcs":[[-319,-1361,-102,1412,-516]],"type":"Polygon","properties":{"geoid":"39045032901","name":"329.01"},"id":"39045032901"},{"arcs":[[-817,-123,-503,-1396,-1003]],"type":"Polygon","properties":{"geoid":"39041011423","name":"114.23"},"id":"39041011423"},{"arcs":[[-671,-1161,-378,1413,-1229,-1156]],"type":"Polygon","properties":{"geoid":"39049000810","name":"8.10"},"id":"39049000810"},{"arcs":[[-1167,-681,-514,-1369,-734,1414,1415,-1091]],"type":"Polygon","properties":{"geoid":"39049007550","name":"75.50"},"id":"39049007550"},{"arcs":[[-1080,-1356,-1183,-53,-568,1416]],"type":"Polygon","properties":{"geoid":"39049002760","name":"27.60"},"id":"39049002760"},{"arcs":[[-550,1417,-726,-1351,1418,-1240]],"type":"Polygon","properties":{"geoid":"39049006943","name":"69.43"},"id":"39049006943"},{"arcs":[[-241,-1076,-1399,-409]],"type":"Polygon","properties":{"geoid":"39049009340","name":"93.40"},"id":"39049009340"},{"arcs":[[-1226,-1224,-1343,1419]],"type":"Polygon","properties":{"geoid":"39049004820","name":"48.20"},"id":"39049004820"},{"arcs":[[-1415,-733,-1387,-1385,-61,1420,-961,1421]],"type":"Polygon","properties":{"geoid":"39049980000","name":"9800"},"id":"39049980000"},{"arcs":[[-1388,-1009,-1001,-488,-1381,-1208,1422]],"type":"Polygon","properties":{"geoid":"39041012400","name":"124"},"id":"39041012400"},{"arcs":[[-459,-1081,-1417,-567,-281]],"type":"Polygon","properties":{"geoid":"39049008900","name":"89"},"id":"39049008900"},{"arcs":[[-1041,-1391,-1048,-1273,-452]],"type":"Polygon","properties":{"geoid":"39089754102","name":"7541.02"},"id":"39089754102"},{"arcs":[[-377,-1164,-679,-1101,-1230,-1414]],"type":"Polygon","properties":{"geoid":"39049000820","name":"8.20"},"id":"39049000820"},{"arcs":[[-1419,-1352,-531,-86,-688]],"type":"Polygon","properties":{"geoid":"39049006923","name":"69.23"},"id":"39049006923"},{"arcs":[[-1105,-477,-832,-1181,-290,-336,-1120]],"type":"Polygon","properties":{"geoid":"39049003200","name":"32"},"id":"39049003200"},{"arcs":[[-177,1423,-1196,-1192,-390]],"type":"Polygon","properties":{"geoid":"39049009372","name":"93.72"},"id":"39049009372"},{"arcs":[[-1401,-1099,-511,-1096,-1400,-1112]],"type":"Polygon","properties":{"geoid":"39049001121","name":"11.21"},"id":"39049001121"},{"arcs":[[-805,-136,1424,-341,-1364,-1371]],"type":"Polygon","properties":{"geoid":"39049007931","name":"79.31"},"id":"39049007931"},{"arcs":[[-1393,1425,-1367,-601,-1033]],"type":"Polygon","properties":{"geoid":"39089758901","name":"7589.01"},"id":"39089758901"},{"arcs":[[-645,-649,-530,-1058]],"type":"Polygon","properties":{"geoid":"39097041000","name":"410"},"id":"39097041000"},{"arcs":[[-524,-426,-133,-804,-464]],"type":"Polygon","properties":{"geoid":"39049007958","name":"79.58"},"id":"39049007958"},{"arcs":[[-590,-1297,-1293,1426,-1135,-274,-125,-983,-1410]],"type":"Polygon","properties":{"geoid":"39049008172","name":"81.72"},"id":"39049008172"},{"arcs":[[-1366,-1298,-588]],"type":"Polygon","properties":{"geoid":"39049007960","name":"79.60"},"id":"39049007960"},{"arcs":[[-342,-1425,-1149,-1292,-1296,-1365]],"type":"Polygon","properties":{"geoid":"39049007956","name":"79.56"},"id":"39049007956"},{"arcs":[[-754,-1257,-543,-1308]],"type":"Polygon","properties":{"geoid":"39049010900","name":"109"},"id":"39049010900"},{"arcs":[[-577,-132,-799,-951,1427]],"type":"Polygon","properties":{"geoid":"39049006301","name":"63.01"},"id":"39049006301"},{"arcs":[[-1406,1428,-969,-1060,-1065]],"type":"Polygon","properties":{"geoid":"39097040500","name":"405"},"id":"39097040500"},{"arcs":[[1429,-616,-1068,-1407,-618,-372,-1264,-1332]],"type":"Polygon","properties":{"geoid":"39045031000","name":"310"},"id":"39045031000"},{"arcs":[[1430,-1042,-1335,-891,-893,-559]],"type":"Polygon","properties":{"geoid":"39089755000","name":"7550"},"id":"39089755000"},{"arcs":[[-1274,-1046,-1282,-1333]],"type":"Polygon","properties":{"geoid":"39089751600","name":"7516"},"id":"39089751600"},{"arcs":[[-1088,-656,-185,-1212,-1082,-1347,1431,-696]],"type":"Polygon","properties":{"geoid":"39049008811","name":"88.11"},"id":"39049008811"},{"arcs":[[-484,1432,1433]],"type":"Polygon","properties":{"geoid":"39049000210","name":"2.10"},"id":"39049000210"},{"arcs":[[-721,-225,-204,-1166,-1171]],"type":"Polygon","properties":{"geoid":"39049007113","name":"71.13"},"id":"39049007113"},{"arcs":[[-549,-1382,-1249,-727,-1418]],"type":"Polygon","properties":{"geoid":"39049006944","name":"69.44"},"id":"39049006944"},{"arcs":[[-1213,-943,-1316,-1241,-1204,-1244,-739]],"type":"Polygon","properties":{"geoid":"39049009495","name":"94.95"},"id":"39049009495"},{"arcs":[[-397,-660,-1434,1434,-1344]],"type":"Polygon","properties":{"geoid":"39049000120","name":"1.20"},"id":"39049000120"},{"arcs":[[-304,1435,-1359]],"type":"Polygon","properties":{"geoid":"39089756203","name":"7562.03"},"id":"39089756203"},{"arcs":[[-1147,-1408,-1132,-1427]],"type":"Polygon","properties":{"geoid":"39049008242","name":"82.42"},"id":"39049008242"},{"arcs":[[-1389,-1423,-1207,-1251,-745]],"type":"Polygon","properties":{"geoid":"39049007044","name":"70.44"},"id":"39049007044"},{"arcs":[[-1305,1436,-578,-1428,-950,-1378]],"type":"Polygon","properties":{"geoid":"39049006238","name":"62.38"},"id":"39049006238"},{"arcs":[[-956,-783,-1290,-1117,-775]],"type":"Polygon","properties":{"geoid":"39049009757","name":"97.57"},"id":"39049009757"},{"arcs":[[-887,-1279,-859,-876,-909,-1049]],"type":"Polygon","properties":{"geoid":"39089758602","name":"7586.02"},"id":"39089758602"},{"arcs":[[-1276,-1038,-1277,-881,-454]],"type":"Polygon","properties":{"geoid":"39089757701","name":"7577.01"},"id":"39089757701"},{"arcs":[[-869,-519,-1284]],"type":"Polygon","properties":{"geoid":"39045030601","name":"306.01"},"id":"39045030601"},{"arcs":[[-989,-1383,-992,-996,1437,-1403]],"type":"Polygon","properties":{"geoid":"39073965100","name":"9651"},"id":"39073965100"},{"arcs":[[-669,-194,-1093,-186,-716,-213,-1178,-1239]],"type":"Polygon","properties":{"geoid":"39049002300","name":"23"},"id":"39049002300"},{"arcs":[[-930,-1379,-1321,-109,-1318,-539,-58,-1384]],"type":"Polygon","properties":{"geoid":"39049007394","name":"73.94"},"id":"39049007394"},{"arcs":[[-346,-581,-1218,-575]],"type":"Polygon","properties":{"geoid":"39049006387","name":"63.87"},"id":"39049006387"},{"arcs":[[-606,-1283,-1044,-604,-856,-172]],"type":"Polygon","properties":{"geoid":"39089759000","name":"7590"},"id":"39089759000"},{"arcs":[[-790,-1355,-709,-697,-1432,-1346,-779]],"type":"Polygon","properties":{"geoid":"39049008821","name":"88.21"},"id":"39049008821"},{"arcs":[[1438,-1287,-920,-923,-1289,-11,-405]],"type":"Polygon","properties":{"geoid":"39117965300","name":"9653"},"id":"39117965300"},{"arcs":[[-1237,-1329,-819,-1002,-1019,-1261,-1395]],"type":"Polygon","properties":{"geoid":"39041011432","name":"114.32"},"id":"39041011432"},{"arcs":[[-1285,-517,-1413,-101,-1334,-611,-1402,-617,-1430,-1331,-623]],"type":"Polygon","properties":{"geoid":"39045030400","name":"304"},"id":"39045030400"},{"arcs":[[-421,-209,-714,-282,-570,-1217,1439,-940,-653,-1087]],"type":"Polygon","properties":{"geoid":"39049008730","name":"87.30"},"id":"39049008730"},{"arcs":[[-1435,-1433,-483,-195,-563,-1345]],"type":"Polygon","properties":{"geoid":"39049000220","name":"2.20"},"id":"39049000220"},{"arcs":[[-50,-211,-420,-1086,-1354]],"type":"Polygon","properties":{"geoid":"39049005900","name":"59"},"id":"39049005900"},{"arcs":[[-1092,-1416,-1422,-960,-217,-1078,-457,-188]],"type":"Polygon","properties":{"geoid":"39049002600","name":"26"},"id":"39049002600"},{"arcs":[[-250,1440,-1227,-1420,-1342,-1129]],"type":"Polygon","properties":{"geoid":"39049004810","name":"48.10"},"id":"39049004810"},{"arcs":[[-1134,-72,-259,-78]],"type":"Polygon","properties":{"geoid":"39049008230","name":"82.30"},"id":"39049008230"},{"arcs":[[-1022,-1300,-1437,-1304,-958,-1326]],"type":"Polygon","properties":{"geoid":"39049006236","name":"62.36"},"id":"39049006236"},{"arcs":[[-1027,-1030,-301,-96,-1233,1441]],"type":"Polygon","properties":{"geoid":"39159050301","name":"503.01"},"id":"39159050301"},{"arcs":[[-446,-21,-388,1442,-1214]],"type":"Polygon","properties":{"geoid":"39049009334","name":"93.34"},"id":"39049009334"},{"arcs":[[-1302,-1411,-1145,-140,1443,-932,-967,-1429]],"type":"Polygon","properties":{"geoid":"39049008170","name":"81.70"},"id":"39049008170"},{"arcs":[[-138,-83,-263,-1115,-934,1444]],"type":"Polygon","properties":{"geoid":"39049008168","name":"81.68"},"id":"39049008168"},{"arcs":[[1445,-468,-118,-965,-1315,-1197,-1424]],"type":"Polygon","properties":{"geoid":"39049009392","name":"93.92"},"id":"39049009392"},{"arcs":[[-975,-894,-892,-1336,-1050,-110,-1320]],"type":"Polygon","properties":{"geoid":"39089755601","name":"7556.01"},"id":"39089755601"},{"arcs":[[-112,-1052,-97,-1360,-1436,-303,-1324]],"type":"Polygon","properties":{"geoid":"39089755902","name":"7559.02"},"id":"39089755902"},{"arcs":[[-812,-1235,-469,-1008,-1330,-897]],"type":"Polygon","properties":{"geoid":"39041011565","name":"115.65"},"id":"39041011565"},{"arcs":[[1446,-370,-918,-1286,1447]],"type":"Polygon","properties":{"geoid":"39117965201","name":"9652.01"},"id":"39117965201"},{"arcs":[[-1291,-781,-735,-1412,-937,-769]],"type":"Polygon","properties":{"geoid":"39049009755","name":"97.55"},"id":"39049009755"},{"arcs":[[-151,-289,-1446,-176]],"type":"Polygon","properties":{"geoid":"39049009396","name":"93.96"},"id":"39049009396"},{"arcs":[[-1216,1448,-1373,-941,-1440]],"type":"Polygon","properties":{"geoid":"39049009336","name":"93.36"},"id":"39049009336"},{"arcs":[[-1398,-640,1449,-994,-906]],"type":"Polygon","properties":{"geoid":"39127966302","name":"9663.02"},"id":"39127966302"},{"arcs":[[-1005,-1397,-499,-1299,-1021]],"type":"Polygon","properties":{"geoid":"39041011430","name":"114.30"},"id":"39041011430"},{"arcs":[[-1220,-760,-761,-801]],"type":"Polygon","properties":{"geoid":"39049006395","name":"63.95"},"id":"39049006395"},{"arcs":[[-167,-706,-854,-1272,-850,-1011,-505,-1013,1450]],"type":"Polygon","properties":{"geoid":"39129021500","name":"215"},"id":"39129021500"},{"arcs":[[1451,-366,-1447]],"type":"Polygon","properties":{"geoid":"39117965000","name":"9650"},"id":"39117965000"},{"arcs":[[-1179,-1175,1452,-833,-1173,-1313]],"type":"Polygon","properties":{"geoid":"39049004001","name":"40.01"},"id":"39049004001"},{"arcs":[[-1174,-717,-384,-834,-1453]],"type":"Polygon","properties":{"geoid":"39049003800","name":"38"},"id":"39049003800"},{"arcs":[[-1444,-139,-1445,-933]],"type":"Polygon","properties":{"geoid":"39049008167","name":"81.67"},"id":"39049008167"},{"arcs":[[-1215,-1443,-393,-1374,-1449]],"type":"Polygon","properties":{"geoid":"39049009337","name":"93.37"},"id":"39049009337"},{"arcs":[[-497,-1228,-1441,-249]],"type":"Polygon","properties":{"geoid":"39049004620","name":"46.20"},"id":"39049004620"},{"arcs":[[-1421,-60,-1328,-64,-962]],"type":"Polygon","properties":{"geoid":"39049009252","name":"92.52"},"id":"39049009252"}]}}}