{"type":"Topology","arcs":[[[7593,34636],[0,83],[8,69],[-4,81],[12,110],[12,-49],[1,-74],[-1,-155],[-4,-119],[-15,-108],[-9,162]],[[7475,30497],[10,137],[8,-52],[-10,-83],[-8,-2]],[[7464,38200],[9,-11],[9,205],[17,-89],[-3,-124],[-15,-36],[-17,55]],[[7464,32572],[8,92],[5,-94],[-4,-70],[-7,-29],[-2,101]],[[7324,33442],[3,68],[15,42],[13,-12],[7,47],[-4,-199],[-6,-105],[-6,-20],[-19,102],[-3,77]],[[7168,33956],[6,100],[17,95],[0,96],[12,133],[10,-7],[17,-210],[8,-62],[21,2],[11,107],[-29,-8],[-3,83],[-14,160],[2,210],[10,76],[7,-44],[26,-68],[14,29],[0,106],[-17,74],[-9,122],[9,86],[6,136],[16,-49],[3,-43],[17,-18],[3,-58],[17,143],[-17,31],[-8,134],[13,42],[4,-41],[15,-25],[10,107],[-12,151],[-7,0],[-2,111],[14,4],[10,81],[1,84],[7,17],[1,92],[19,21],[6,95],[13,-68],[11,46],[-25,143],[4,119],[-7,39],[7,241],[19,163],[7,-94],[12,-21],[14,179],[11,-121],[4,90],[17,58],[-4,-207],[5,-44],[-9,-125],[-3,-89],[5,-60],[-11,-86],[-2,-106],[-20,-122],[-9,-212],[2,-68],[10,-66],[-7,-131],[2,-103],[9,0],[5,101],[7,-118],[12,48],[0,100],[7,70],[-5,113],[10,94],[11,-55],[19,-212],[-6,-60],[7,-84],[8,25],[4,86],[12,92],[3,-102],[8,6],[-6,-231],[-8,-170],[-2,-131],[1,-210],[5,23],[4,146],[1,101],[7,144],[7,10],[-4,-187],[10,79],[10,273],[10,-56],[-2,-85],[2,-278],[-7,-93],[4,-38],[-7,-130],[-9,8],[-7,-59],[3,-59],[-11,-151],[-8,-28],[-6,46],[-2,94],[-16,0],[-7,142],[5,37],[-4,89],[-12,42],[-13,12],[0,-141],[6,-51],[0,-127],[-12,64],[2,-137],[17,-139],[-22,-116],[-1,67],[-13,-28],[-17,89],[-1,-54],[-18,-48],[-3,-140],[-7,-9],[-3,153],[3,100],[-1,200],[-9,47],[-3,-166],[0,-152],[-7,-182],[-7,-121],[-22,-55],[-12,12],[6,-136],[-7,-161],[-5,-20],[-15,22],[-10,-119],[-7,37],[-19,6],[-18,46],[-11,54],[-12,99],[-22,72],[-9,60],[-16,28],[-19,-61],[-4,71],[-11,42]],[[7113,28194],[17,71],[0,-70],[-9,-64],[-8,63]],[[6963,27119],[5,107],[12,5],[7,62],[14,-5],[-2,-160],[-27,49],[-9,-58]],[[6905,26420],[14,217],[26,153],[7,-49],[14,13],[14,49],[5,-143],[9,-155],[6,-34],[23,28],[9,30],[10,-10],[2,-57],[-5,-97],[-15,-72],[-4,-59],[-14,7],[-17,-29],[-12,1],[-15,45],[-20,-82],[-12,54],[-18,18],[-6,88],[-1,84]],[[6863,33975],[4,33],[10,-77],[-10,-33],[-4,77]],[[6785,25869],[8,161],[11,179],[10,131],[14,99],[23,199],[13,72],[11,4],[20,-75],[3,-78],[-1,-84],[-19,-138],[-2,-62],[-24,-86],[-23,-139],[-25,-311],[-9,-18],[-8,81],[-2,65]],[[6785,30418],[4,91],[12,-40],[10,167],[1,134],[-5,57],[14,129],[10,259],[13,58],[15,106],[8,180],[11,-33],[10,49],[8,112],[14,94],[2,75],[22,22],[10,100],[35,-58],[19,51],[14,-57],[-1,-315],[4,-92],[-4,-115],[16,-55],[2,-131],[13,37],[-1,154],[8,85],[0,60],[12,58],[-17,171],[-4,59],[4,88],[12,-11],[22,13],[6,-39],[17,-8],[4,52],[-8,87],[-34,135],[-7,-7],[-11,53],[-16,-23],[-5,160],[3,91],[-2,108],[1,174],[18,144],[3,128],[18,25],[16,120],[20,-66],[12,10],[-3,-94],[2,-94],[7,2],[7,-58],[4,-137],[8,-149],[-6,-77],[0,-184],[8,-53],[9,320],[7,-52],[6,95],[-10,145],[-2,110],[4,34],[17,-54],[16,-105],[15,-40],[8,82],[-13,27],[-4,130],[-17,33],[-4,71],[-13,33],[-10,96],[-13,148],[6,164],[15,37],[11,-96],[7,-11],[24,-190],[7,-13],[8,-99],[5,46],[21,-85],[2,-51],[16,-128],[3,57],[-13,192],[-17,165],[-2,64],[-19,90],[-10,172],[7,48],[8,-17],[14,-135],[13,-19],[10,-84],[17,61],[15,-71],[20,9],[8,-67],[15,-26],[13,-81],[-3,-103],[-13,-76],[-2,-88],[-10,-154],[-1,-90],[4,-64],[-3,-211],[9,-103],[8,7],[-3,231],[2,213],[4,77],[10,67],[11,-52],[8,-128],[3,186],[4,70],[11,50],[7,69],[0,105],[8,35],[13,-105],[7,23],[29,330],[8,-60],[-4,-114],[6,-45],[11,-6],[10,-54],[-11,-159],[-12,14],[-12,83],[-6,-62],[4,-97],[9,-22],[5,-96],[-10,-48],[6,-106],[7,51],[14,40],[6,-59],[-15,-142],[-2,-103],[-10,-6],[-4,55],[-10,-79],[-3,-115],[11,-101],[-9,-59],[2,-263],[20,148],[7,-49],[-14,-139],[-11,-279],[9,0],[5,74],[12,99],[6,122],[8,-87],[0,-84],[13,53],[6,-70],[20,37],[5,-156],[-28,-317],[-10,-54],[-9,-239],[0,-141],[-4,-90],[-32,105],[1,74],[-10,46],[-8,-170],[-7,76],[-13,26],[-10,110],[-8,-59],[-9,9],[-15,189],[-10,-3],[-8,-47],[-12,66],[-10,18],[-9,-159],[10,-42],[17,5],[16,-67],[8,-105],[2,-74],[16,-76],[11,-4],[7,-111],[-1,-130],[-7,-56],[-1,-131],[-17,-196],[-4,110],[-10,50],[-18,-228],[-9,42],[1,111],[-10,-32],[-10,94],[-8,103],[-11,3],[-2,51],[-19,-56],[-13,-62],[-12,18],[-8,-50],[6,-60],[10,-7],[5,-52],[23,69],[11,-81],[10,-125],[-11,-111],[-12,-34],[-14,-88],[-24,7],[-12,37],[-2,-106],[11,-14],[3,-48],[-1,-148],[13,105],[27,-50],[3,63],[17,33],[8,-109],[11,-3],[3,-76],[-12,-122],[-12,-30],[-19,18],[-19,-133],[-9,-30],[-9,50],[-14,-105],[-3,-94],[5,-102],[-10,-182],[-8,-3],[-12,-57],[-11,100],[7,73],[0,81],[-11,49],[8,75],[-3,56],[-16,-77],[0,87],[12,95],[-5,111],[11,119],[13,164],[0,166],[-15,-116],[-16,-173],[-7,-141],[-12,-50],[-4,114],[-9,-53],[8,-196],[-3,-118],[-22,138],[-9,-33],[-17,0],[0,-63],[-9,-83],[11,-18],[7,28],[12,-17],[5,-83],[-9,-90],[19,-100],[-4,-151],[-12,-71],[-3,-107],[-16,-16],[-19,-208],[15,-70],[-7,-110],[-9,-23],[-14,-80],[-3,81],[-10,-48],[-2,-95],[-15,-147],[-2,-107],[-20,-121],[-12,0],[-5,99],[-27,-103],[-3,37],[4,170],[7,72],[0,67],[11,180],[16,56],[7,182],[10,88],[20,62],[8,85],[1,107],[-6,52],[-15,-94],[-16,8],[2,186],[14,287],[-2,34],[14,137],[7,11],[13,113],[6,96],[-1,118],[-6,8],[-4,-148],[-17,-55],[-7,-102],[-19,-163],[-12,-226],[-7,-74],[-10,-169],[-11,-7],[-13,-243],[-13,-51],[-6,-109],[1,-64],[-13,-103],[-7,-12],[0,175],[-2,116],[-6,90],[-10,61],[-10,126],[-35,143],[3,163],[0,245],[-4,527],[-10,194],[-7,172],[-8,72],[-15,19],[-5,55],[-10,-40],[-7,73],[3,116],[-15,158]],[[6518,22846],[21,123],[7,91],[5,172],[11,66],[9,-30],[1,-61],[-7,-212],[6,-195],[0,-110],[-6,-139],[-8,-28],[-9,79],[-22,9],[0,143],[-8,92]],[[6921,36895],[136,0],[0,430],[50,0],[0,574],[90,0]],[[7197,37899],[3,0]],[[7200,37899],[15,4]],[[7215,37903],[-11,-84],[-13,49],[-8,-105],[-4,-254],[-4,-133],[-10,-167],[-13,-16],[-9,-105],[-13,-29],[-7,-112],[-3,-146],[-11,-12],[-8,-84],[-21,-23],[-9,-30],[-20,42],[-15,-23],[-3,-111],[2,-82],[-5,-115],[2,-143],[-6,-106],[-8,-31],[-12,16],[-17,-31],[-4,-66],[2,-170],[5,-127],[19,-100],[-5,-88],[-8,-16],[-4,-80],[-13,16],[-10,-67],[-7,60],[-3,-111],[-17,-20],[-34,-212],[5,-134],[20,55],[-3,105],[32,111],[5,-124],[10,-63],[-8,-61],[-18,-24],[-3,-40],[16,-112],[0,-94],[-5,-73],[-17,-64],[-7,17],[-6,-123],[15,-99],[0,-50],[-14,-20],[-8,80],[-11,60],[0,-165],[5,-60],[2,-116],[-8,-22],[-15,200],[-12,115],[0,124],[-9,26],[3,-153],[3,-255],[-5,-81],[-19,-10],[-2,-116],[-7,-149],[-21,39],[-3,151],[-8,9],[-12,-66],[-4,-190],[-20,-66],[-6,89],[-16,42],[-7,-21],[-10,-98],[-9,-5],[-15,-86],[-2,-139],[-21,-45],[5,-118],[11,-82],[-6,-161],[-31,-107],[-12,-122],[-12,-25],[-15,35],[1,-146],[-7,-42],[17,-204],[-2,-126],[-12,-4],[-13,-89],[-4,163],[-19,55],[-10,59],[-17,142],[-12,-70],[0,-137],[-5,-106],[-1,-112],[7,-91],[9,-38],[-5,-96],[-27,-71],[-10,-123],[-4,-94],[5,-112],[-3,-53],[0,-124],[-13,17],[-9,76],[-10,27],[-3,-73],[-20,-94],[-11,50],[-9,115],[-11,-13],[5,-213],[-4,-7],[2,-255],[6,-89],[-3,-84],[-20,20],[-10,150],[-14,68],[-8,-51],[-3,-130],[-17,-78],[-12,-27],[-22,-259],[-8,-26],[-7,-109],[-23,-95],[-2,-98],[9,-79],[34,139],[11,31],[8,-49],[3,-103],[-7,-217],[-11,-17],[-7,-125],[6,-110],[15,-62],[-8,-161]],[[6350,29456],[0,28],[-32,-20],[-78,35],[0,362],[22,-5],[0,289],[14,-1],[1,209],[22,-5],[-4,151],[14,-9],[-1,359],[13,-4],[1,223],[14,-4],[0,74],[10,1],[0,144],[45,3],[0,-75],[22,10],[0,146],[8,1],[0,81],[8,2],[0,140],[17,1],[0,71],[16,-3],[1,-220],[8,2],[0,81],[21,212],[0,78],[-15,-6],[1,200],[36,1],[0,145],[6,-1],[0,211],[15,-4],[0,293],[43,9],[1,129],[25,6],[0,220],[32,25],[0,853],[14,-2],[0,302],[-15,-4],[0,424],[31,0],[0,214],[46,-1],[0,143],[14,-1],[0,130],[38,-2],[0,71],[39,-1],[0,140],[45,1],[0,138],[29,2],[0,146],[9,0],[0,140],[23,-4],[-2,212],[15,-2],[-1,955]],[[6240,23910],[7,-3],[3,111],[11,141],[10,-83],[2,-112],[-13,-41],[-1,-92],[-15,17],[-4,62]],[[6225,24559],[0,147],[6,56],[9,-84],[-4,-87],[0,-110],[-11,21],[0,57]],[[5448,71004],[0,1290],[-3,0],[0,859],[176,1],[0,859],[61,0],[236,0],[0,1720],[238,0],[0,-860],[120,0],[0,860],[119,1],[0,-431],[59,0],[0,-430],[119,0],[0,860],[13,0],[0,430],[181,0],[0,860],[181,0],[0,429],[18,0],[0,1720],[-44,0],[0,430],[-124,0],[0,1289],[16,0],[0,430],[-63,0],[0,429],[-63,0],[0,430],[-63,0],[0,430],[14,0],[0,686]],[[6639,83296],[83,0],[235,0],[216,0],[244,0],[267,0],[257,0],[180,0],[188,0]],[[8309,83296],[4,-85],[14,-74],[8,-180],[8,-67],[24,-114],[13,-146],[24,-125],[82,-9],[36,-109],[10,24],[24,-71],[6,-87],[16,-75],[17,-121],[0,-127],[-10,-61],[-11,-218],[-11,-90],[4,-84],[-16,-69],[-5,-225],[-7,-49],[-1,-159],[-16,-177],[-24,-42],[-10,-100],[-9,-16],[-13,-98],[-13,-279],[-5,-35],[-7,-302],[5,-120],[17,-115],[7,-105],[13,-18],[12,-66],[7,56],[17,-120],[19,-187],[28,-43],[1,-43],[-13,-135],[-17,-134],[-4,-86],[-28,-169],[16,-148],[7,-220],[-5,-77],[-7,-290],[2,-131],[-4,-210],[9,-182],[18,-95],[12,-197],[-1,-103],[-7,-36],[0,-168],[13,-79],[14,-13],[5,67],[12,-100],[15,-65],[-3,-114],[15,-71],[11,-240],[14,-51],[6,-68],[13,-37],[14,-162],[11,-33],[18,30],[9,-119],[18,12],[15,-41],[4,-130],[-5,-54],[3,-96],[8,-39],[-6,-137],[-9,-79],[9,-130],[-7,-125],[17,-129],[-2,-174],[-13,-123],[5,-93],[18,-80],[24,2],[33,186],[10,-74],[14,-6],[16,72],[3,73],[17,73],[18,41],[9,-94],[35,-1],[8,-99],[17,-61],[34,51],[8,39],[9,-47],[22,138],[-1,56],[26,58],[10,-97],[24,25],[22,118],[11,-33],[18,66],[22,-61],[7,40],[17,-66],[9,-77],[11,-3],[3,-121],[-7,-70],[4,-150],[-9,-67],[-3,-124],[2,-225],[-10,-8],[1,-129],[5,-36],[-16,-88],[-11,-188],[-10,-12],[-9,-199],[-11,-144],[-12,-64],[-3,-94],[-10,-98],[-7,16],[-8,-105],[-14,-84],[-15,-36],[-16,-211],[-26,-46],[-40,-211],[-4,-86],[-22,17],[-6,-55],[-16,-11],[-16,76],[-9,86],[-14,9],[-4,-104],[-13,16],[-10,-81],[-7,35],[-27,-63],[-13,28],[-20,-199],[-31,-223],[-3,-130],[-10,-47],[-8,-205],[7,-234],[8,-156],[-26,-162],[-11,-30],[-2,-82],[-9,-38],[-6,-128],[11,-4],[15,-126],[15,-72],[-17,-61],[-17,-143],[-5,-154],[6,-57],[-14,-109],[-13,-24],[-20,-116],[-3,-57]],[[8684,69446],[-190,-1],[0,-1719],[4,0],[0,-1381],[14,154],[13,4],[26,-136],[9,-74],[6,-216],[21,-95],[8,-123],[8,22],[16,-213],[-3,-68],[33,-286],[-1,-77],[17,-91]],[[8665,65146],[-202,0],[-100,0],[0,72],[-149,0],[-268,-1],[-28,0],[-154,-1790],[-35,-1],[-7,52],[-24,64],[8,119],[-21,51],[0,72],[-64,0],[-18,-251],[8,-107],[-60,0]],[[7551,63426],[0,15],[-148,-27],[-270,-23],[-240,-21],[-154,-12],[-269,-41],[-16,-57],[-3,111],[-9,67],[-21,55],[-5,-53],[-35,-150],[-16,-25],[-36,-292],[-30,-222],[-12,-47],[-11,-131],[-12,-41],[-22,-181],[-19,-64],[-17,-137],[-7,-135],[6,-180],[-11,-64],[-17,-180],[-31,-93],[-19,25],[-9,-33],[-10,-102],[-13,82],[-9,6],[-8,-47],[-3,188],[-10,70],[-24,-52],[0,196],[-14,20],[-14,-54],[-10,-1],[-8,84],[-17,-108],[-17,35],[2,-87],[-11,-168],[-4,-135],[-11,-45],[-11,99],[-6,-77],[-12,26],[-8,71],[-15,46],[-10,96],[-2,-165],[-9,57],[-5,-141],[-9,-103],[-5,-109],[-22,-29],[-1,119],[-18,133],[-15,-36],[-3,62],[-36,-118],[-16,143],[-15,-20],[-12,-62],[-14,-180],[-14,76],[-9,150],[-6,266],[-5,256],[-84,103],[-9,1],[-1,121],[-12,77],[4,163],[4,269],[5,70],[12,84],[34,110],[22,253],[0,96],[-8,104],[10,84],[4,115],[11,100],[4,95],[-4,154],[-14,97],[-10,39],[-24,-19],[-14,-42],[-10,-124],[-8,-36],[-26,113],[-19,-128],[-15,-135],[-13,-209],[-7,-30],[-13,69],[-13,128],[-5,4],[-7,126],[-8,69],[-19,-37],[-21,-121]],[[5405,63695],[-55,0],[0,1720],[-5,0],[0,1720],[53,0],[0,859],[56,1],[0,859],[-3,1],[0,859],[57,0],[0,860],[-2,0],[0,430],[-58,0]],[[5096,58535],[0,1290],[53,0],[0,430],[-6,0],[0,860],[53,0],[0,430],[108,0],[0,430],[50,0],[0,430],[54,0],[0,1290],[-3,0]],[[7551,63426],[-3,0],[0,-860],[-48,0],[0,-860],[-180,0],[0,-860],[18,0],[0,-645],[53,0],[0,-215],[53,0],[0,-601],[-125,-1796],[-33,-467]],[[7286,57122],[-1,0],[0,-2145],[0,-13]],[[7285,54964],[-19,0],[0,-430],[-91,0],[0,-430],[-102,0],[0,-431],[-48,0],[-273,0],[-266,0],[-57,0],[-276,0],[0,430],[-159,0],[-250,0],[0,-430],[-204,0],[0,-430],[-80,0],[-274,0]],[[5186,53243],[-106,0],[0,1290],[-37,0],[0,1720],[14,0],[0,1721],[15,0],[0,498],[24,0],[0,63]],[[8957,64716],[96,0],[20,35],[27,87],[39,-27],[17,138],[15,33],[1,132],[-4,90],[6,63],[12,19],[5,53],[24,22],[4,-35],[15,5],[15,109],[6,79],[11,52],[24,8],[9,34],[9,111],[16,-77],[13,-24],[5,-67],[33,-16],[18,106],[17,59],[0,136],[19,52],[10,-17],[17,87],[17,-19],[18,14],[18,172],[9,132],[17,42],[5,-28],[23,-25],[21,131],[21,-49],[15,76],[19,12],[1,-50],[14,1],[10,-37],[40,171],[1,129],[29,23],[6,-36],[11,75],[8,-30],[13,19],[5,68],[-4,79]],[[9773,66833],[13,-40],[41,-59],[35,-80],[16,41],[13,68],[2,113],[12,185],[29,180],[-11,64],[28,215],[-19,111],[-1,69],[8,291],[-8,124],[9,200],[17,-16],[13,90],[-3,109],[35,157],[4,81],[12,97],[9,-48],[12,148],[23,133],[20,9],[17,63],[10,-38],[15,199],[10,77],[3,138],[9,49],[2,265],[-10,143],[20,100],[7,179],[17,94],[21,-88],[11,-6],[13,65],[8,122],[8,6],[21,148],[21,48],[31,106],[6,-56],[16,-15],[16,-84],[6,30],[30,-3],[1,46],[16,94],[2,136],[10,-1],[16,101],[20,0],[-1,108],[18,31],[4,121],[9,-30],[4,128],[12,-28],[10,96],[9,31],[-4,89],[15,167],[4,230],[31,272],[27,169],[5,104],[30,90]],[[10628,72571],[0,-2518],[0,-1724],[0,-4859],[0,-4536],[0,-1396],[0,-1437],[0,-1395],[0,-1671]],[[10628,53035],[-231,0],[0,1058],[-51,2],[0,230],[10,0],[0,1721],[-41,0],[0,430],[-53,0],[0,430],[-59,-7],[-44,142],[-13,-14],[-6,-192],[-11,-76],[-10,-147],[-1,-121],[-27,55],[-11,-69],[-11,76],[-27,11],[-10,62],[-9,116],[12,54],[0,190],[11,23],[8,166],[8,51],[7,94],[-13,15],[-24,166],[-6,-12],[-13,138],[12,27],[1,86],[9,30],[3,94],[7,14],[7,178],[10,81],[-2,186],[11,23],[0,108],[-27,60],[2,135],[-9,32],[0,257],[-3,118],[-135,0],[-268,0],[0,70],[-160,0],[0,430],[-137,0],[-130,0],[0,-90],[-8,-76],[-14,-19],[-38,50],[-35,-57],[-11,-50]],[[9098,59314],[2,57],[-1,1502],[-142,-17]],[[8957,60856],[0,1887],[0,1973]],[[8749,50663],[150,0],[0,220],[74,0],[0,1721],[-5,0],[0,1720],[-6,0],[0,431],[155,0],[0,1290],[-3,0],[0,1720],[-4,0],[0,501],[-12,0],[0,1048]],[[10628,53035],[0,-1459],[0,-1862],[0,-2095],[0,-2092]],[[10628,45527],[-59,0],[0,217],[-161,-1],[0,431],[-48,0]],[[10360,46174],[0,425],[-250,-61],[-3,962],[-105,-129],[-44,-12],[-2,353],[2,93],[-85,-1],[-1,931],[-198,-2],[0,435],[3,-1],[0,432],[-127,-4],[-146,-1],[-225,-1],[-1,434],[-173,-2],[-105,-4],[-1,213],[-150,1],[0,428]],[[7928,40759],[11,-41],[16,44]],[[7955,40762],[-18,-77],[-9,74]],[[7905,40202],[7,90],[3,126],[8,34],[1,169],[3,74],[16,-54],[7,-66],[-1,-212],[-12,-88],[-6,-144],[-11,-80],[-15,151]],[[7695,39351],[8,-1],[14,-70],[5,-77],[-12,-19],[-14,85],[-1,82]],[[7640,39194],[6,70],[18,-97],[-6,-73],[-15,27],[-3,73]],[[7596,39394],[17,108],[9,-68],[-5,-146],[-21,106]],[[8147,48208],[-27,-586],[-9,-171],[-17,-247],[-9,-38],[-16,-138],[0,-39],[15,-87],[38,-6],[-1,-892],[8,-37],[-3,-172],[-8,-244],[9,-74],[1,-70],[11,4],[10,-41],[10,-98],[1,-95],[14,-4],[3,-98],[0,-588],[-96,-382],[-2,-24],[23,-615],[-14,-110],[-36,-338],[-12,-97],[2,-64],[-15,-481],[-1,-303],[-35,-6],[-61,-1],[-17,-21],[-4,-199],[-16,-31],[0,-284],[-9,0],[2,-269],[-7,2],[-1,-267],[-34,-52],[-2,-187],[33,-10],[48,4]],[[7923,40752],[-8,-29],[-2,-104],[-7,-138],[-9,-69],[-11,-19],[-9,-201],[-14,-47],[9,-90],[3,-111],[-15,-164],[-10,15],[-10,-40],[-4,49],[7,94],[-7,61],[-6,117],[-11,-116],[-10,57],[-11,19],[-15,101],[-13,-59],[19,-71],[11,-81],[14,-42],[1,-125],[-6,-70],[-13,-64],[-15,76],[-8,-79],[-4,123],[-11,-86],[-11,66],[-10,108],[-15,42],[-23,-140],[6,-57],[-8,-88],[-14,45],[-4,-58],[3,-99],[-11,-41],[-38,-18],[-4,80],[3,113],[-3,114],[-10,-68],[-17,5],[-15,91],[9,105],[-26,19],[0,130],[-4,163],[7,49],[1,111],[11,69],[13,9],[-6,203],[5,105],[20,65],[10,58],[14,-33],[5,148],[15,71],[23,-79],[14,19],[4,53],[17,-87],[-8,184],[8,116],[1,78],[15,5],[10,120],[13,63],[7,-39],[6,118],[12,-21],[7,84],[-5,161],[27,166],[-1,116],[9,87],[10,126],[8,30],[0,68],[13,77],[-6,104],[-13,-6],[-15,-46],[-19,-139],[-12,-119],[-38,-251],[-24,-67],[-5,-84],[-14,-100],[-42,77],[-10,53],[-35,242],[-14,196],[-5,122],[11,207],[7,214],[3,123],[10,146],[6,156],[6,331],[5,113],[8,68],[15,244],[28,248],[27,337],[7,181],[4,236],[1,324],[3,52],[20,97],[2,210],[2,388],[4,180],[-10,61],[-9,131],[-8,327],[-12,223],[-1,110],[13,74],[18,36],[8,42],[3,105],[11,38],[31,17],[23,64],[4,64],[32,223],[20,151],[20,181],[11,67],[10,118],[14,43],[32,186],[19,71],[13,96],[16,-69],[14,-288],[27,-322],[15,3],[14,-80],[7,27],[12,-35],[20,72],[12,164]],[[7540,45293],[2,89],[11,2],[8,43],[1,101],[11,203],[3,147],[-4,69],[12,193],[25,-146],[-16,-107],[2,-90],[-16,-88],[-10,-168],[7,-118],[-9,-58],[-25,-92],[-2,20]],[[7385,44404],[5,76],[11,-39],[9,-278],[-10,-17],[-13,180],[-2,78]],[[7200,37899],[11,54],[4,-50]],[[7125,40483],[4,79],[17,4],[9,66],[13,42],[8,-16],[4,-88],[8,-95],[2,-85],[-6,-93],[-16,-53],[-26,-35],[-11,73],[3,112],[-9,89]],[[7162,48081],[0,1291],[-12,0],[0,1290],[135,1]],[[7285,50663],[245,0],[167,0],[53,0],[0,-860],[100,0],[0,-312]],[[7850,49491],[-17,-96],[-10,-129],[-19,-391],[-8,-96],[-25,-36],[-15,-39],[-9,-100],[-41,4],[-37,-268],[-5,-80],[-36,-324],[-9,-110],[1,-86],[26,-521],[-3,-110],[-13,65],[-24,61],[-19,-88],[-23,-174],[-11,-109],[-11,-166],[-6,-165],[-10,-79],[-10,-6],[-25,-184],[-13,-163],[-7,-168],[1,-150],[6,-129],[19,-122],[-18,-121],[0,-34],[-19,-50],[-6,-239],[-6,-79],[-15,-34],[-19,-165],[-3,-88],[-17,-39],[-14,101],[-8,-33],[-9,34],[-8,-86],[-11,8],[-27,79],[9,-117],[14,-97],[11,-22],[8,-99],[16,-96],[-3,-76],[8,-93],[17,-98],[7,-116],[-1,-142],[-6,-163],[-23,-265],[-4,-191],[-4,-61],[-23,-86],[-4,-88],[-17,-16],[-6,41],[-14,-36],[-6,38],[-21,-1],[-10,-53],[-20,-63],[-4,26],[-10,-61],[-11,-124],[11,-12],[13,-82],[11,32],[5,92],[19,4],[9,-119],[-3,-140],[-13,-376],[-13,-114],[-15,-55],[-2,-82],[-18,-102],[-12,21],[-5,152],[-11,-31],[5,-161],[-11,-48],[-23,143],[10,68],[4,175],[-2,162],[-15,212],[-8,-54],[5,-234],[0,-93],[-4,-100],[-2,-129],[-7,-73],[-21,-1],[-17,154],[1,-114],[-21,-25],[6,-92],[16,45],[6,-95],[11,-27],[1,-84],[-8,-174],[-18,6],[-20,-20],[-13,-61],[-2,-71],[12,-95],[8,-205],[-10,-76],[3,-68],[-26,-86],[-13,31],[-9,-34],[-14,-166],[-9,17],[-11,-51],[-6,62],[-16,-114],[2,-112],[13,45],[17,-19],[-9,-90],[-25,-142],[-7,-166],[-4,-342],[-9,-48],[4,-60],[-9,-55],[-8,8],[-10,-137],[1,-66],[24,-36],[2,-96],[-8,-41],[3,-87],[-4,-69],[10,-166],[12,17],[16,202],[12,8],[20,-33],[26,-66],[19,121],[10,-63],[13,49],[16,-233],[10,-112],[16,-96],[9,-18],[10,80],[12,-130],[10,0],[2,-111],[10,-125],[9,-1],[2,-208],[-5,-85],[7,-57]],[[6921,36895],[-94,0],[0,430],[-14,0],[0,1721],[-15,0],[0,861],[94,0],[0,861],[80,0],[0,430],[48,0],[0,860],[47,0],[0,431],[35,0],[0,1721],[36,0],[0,1721],[36,0],[0,1720],[-12,0],[0,430]],[[13419,20579],[10,82],[5,-207],[-9,-124],[-6,249]],[[13346,19132],[10,190],[6,-23],[4,-106],[-5,-78],[-1,-139],[-12,93],[-2,63]],[[13287,20082],[14,-62],[-5,-74],[-9,136]],[[13276,18438],[8,168],[14,-26],[4,62],[10,3],[9,92],[9,-21],[17,62],[2,-55],[-5,-82],[6,-134],[-4,-75],[13,-53],[2,-41],[-18,-187],[-2,-82],[-10,6],[-6,46],[-6,-75],[-13,68],[-3,99],[-12,71],[-15,154]],[[13264,18774],[12,-56],[-6,-89],[-6,145]],[[13242,18504],[9,111],[15,-76],[-11,-43],[-4,-78],[-9,86]],[[13215,23016],[8,92],[-1,73],[6,77],[8,36],[14,-187],[0,-111],[-15,26],[-20,-6]],[[13177,21370],[12,76],[16,13],[-2,-139],[-7,-70],[-15,-45],[1,90],[-5,75]],[[13080,21908],[14,79],[17,55],[0,182],[9,67],[13,-118],[13,68],[-6,123],[2,138],[11,158],[1,66],[-10,153],[-11,126],[1,75],[14,72],[0,117],[17,63],[7,140],[-10,150],[7,95],[2,124],[4,66],[10,0],[-3,85],[18,15],[10,40],[7,-58],[7,4],[5,68],[-6,136],[9,45],[5,-61],[10,-50],[5,-78],[16,-63],[-1,-88],[16,-61],[16,16],[10,-64],[4,22],[-6,175],[5,83],[-9,72],[-11,225],[1,50],[12,0],[10,90],[6,116],[10,52],[4,63],[9,12],[4,-170],[8,60],[17,16],[7,61],[5,-25],[12,155],[0,51],[13,66],[-1,116],[-5,130],[5,87],[-10,61],[-11,29],[-5,117],[7,112],[0,123]],[[13390,25742],[85,-195],[44,-496],[24,-96],[20,-22],[11,-504],[22,-65],[28,-158]],[[13624,24206],[-10,-85],[-2,-116],[11,-196],[8,-91],[-11,-65],[-9,59],[-16,-143],[-9,-56],[-1,-69],[15,-193],[6,26],[7,-112],[-3,-99],[17,-250],[8,-30],[5,-108],[11,-106]],[[13651,22572],[1,-260],[10,-160],[-4,-506],[10,-412],[14,-230],[5,-565],[13,-186],[0,-92],[-36,-443],[-12,-247],[-1,-90],[-8,-166],[-2,-141],[-24,-441],[-20,-274],[-22,-226],[-10,-123],[-30,-280],[-17,-47],[-8,-97],[8,-118],[-7,-76],[-18,63],[-6,59],[-3,132],[4,160],[-8,14],[-6,63],[-1,-178],[-7,-65],[-12,-52],[-21,185],[-4,141],[-2,363],[-6,95],[8,56],[0,74],[-9,162],[-10,96],[3,191],[4,29],[0,119],[22,81],[12,72],[3,82],[9,5],[1,-107],[8,-107],[21,103],[3,149],[-7,36],[-2,-148],[-9,-43],[-6,51],[-6,208],[-16,-94],[-7,-108],[-27,-95],[-9,38],[-2,76],[-11,77],[-4,198],[-1,146],[29,278],[9,123],[1,74],[7,61],[12,-34],[3,100],[-3,237],[2,112],[-8,84],[-4,222],[13,283],[-2,96],[4,101],[-2,77],[-2,193],[-7,443],[3,88],[-20,399],[-10,107],[-15,280],[-10,161],[-14,164],[-10,96],[-10,208],[32,233],[-2,103],[-7,-11],[-27,-245],[-23,-72],[-9,-112],[3,-58],[14,74],[8,-2],[5,-105],[19,-202],[3,-65],[23,-323],[8,-238],[-2,-51],[15,-244],[7,-90],[1,-125],[6,-147],[2,-156],[-5,-152],[8,-74],[-5,-100],[-10,61],[-1,-158],[2,-78],[-2,-279],[5,-336],[-6,-79],[-5,131],[-7,-27],[2,-139],[-2,-166],[-5,-59],[-3,-328],[-11,-79],[-9,-103],[-7,-131],[-12,-36],[-18,92],[-1,67],[-11,90],[20,234],[12,357],[-1,161],[-6,22],[-20,-74],[2,-113],[9,-131],[-5,-79],[-4,-134],[-4,-61],[-15,-86],[-14,13],[-16,76],[-5,89],[7,127],[18,91],[-11,37],[-15,-100],[-6,36],[-8,-197],[-17,100],[-12,119],[-14,32],[20,-252],[-9,-42],[-6,81],[-6,14],[6,-224],[-4,-21],[-2,-154],[-10,32],[-6,-53],[11,-129],[-3,-114],[-6,-71],[5,-81],[-11,-57],[-8,120],[-10,248],[-4,143],[-1,192],[-4,77],[-3,161],[4,167],[-7,109],[10,85],[-3,154],[6,7],[21,-202],[6,50],[-11,145],[-15,127],[0,96],[15,61],[16,192],[13,336],[7,-24],[2,114],[-16,48],[-7,105],[6,259],[-1,98],[-8,105],[2,84],[16,132],[14,-39],[11,88],[9,-32],[14,90],[-11,60],[-4,-66],[-9,15],[-13,-56],[-12,77],[-8,-44],[-3,230],[15,18],[7,-18],[27,-8],[-7,87],[1,74],[-11,164],[8,64],[-10,41],[-3,92],[-18,-107],[-22,-198],[-11,23],[-33,-94],[7,-97],[14,0],[20,-101],[1,-150],[-9,-130],[-7,-247],[-12,20],[13,-264],[-8,-68],[-12,-198],[-6,-21],[-14,116],[1,-151],[7,-62],[-1,-213],[-5,-86],[-2,-138],[-4,-20],[-13,85],[-6,89],[-21,76],[-8,64],[-10,125],[-3,90],[-1,138]],[[7286,57122],[43,-8],[264,0],[0,359],[217,872],[238,959],[205,825],[141,0],[141,0],[136,0],[0,717],[251,0],[35,10]],[[8749,50663],[-200,0]],[[8549,50663],[-200,0],[0,143],[-16,0],[0,144],[-34,0],[-20,-80]],[[8279,50870],[-13,1],[-12,66],[-2,61],[-32,-34],[-31,-199],[-6,-114],[-11,-137],[-18,-67],[-3,-124],[-5,-88],[-2,-360],[-19,-149],[-25,79],[-36,30],[-23,-10],[-28,-57],[-23,-7],[-16,116],[-7,133],[-9,-12],[-10,-71],[-10,78],[-10,-163],[-17,-93],[-23,-85],[-13,-76],[-14,-14],[-11,-83]],[[7285,50663],[0,1939],[0,2362]],[[8549,50663],[0,-1291],[-2,0],[0,-1577],[-75,0],[-2,-143],[0,-430]],[[8470,47222],[-81,-1],[0,431],[1,130]],[[8390,47782],[7,44],[-10,143],[-14,146],[-10,28],[-18,128],[-32,-50],[-15,-41],[-5,101],[-8,27],[-23,155],[-33,12],[-8,67],[-15,36],[-13,62],[-11,86],[-7,115],[-13,139],[-22,119],[-10,106],[-27,92],[-1,72],[11,85],[1,80],[11,0],[16,40],[7,72],[7,188],[6,54],[12,224],[11,61],[16,47],[-1,176],[14,81],[8,-8],[18,102],[9,-4],[11,90],[23,146],[-3,67]],[[8041,49178],[12,51],[5,153],[16,38],[0,-108],[-20,-154],[-13,20]],[[10628,85770],[-295,7],[-279,1],[-278,0],[-260,0],[-281,0],[0,-1687],[0,-795],[-155,0],[-265,0],[-237,0],[-269,0]],[[6639,83296],[0,174],[-256,-1],[0,430],[-255,0],[0,430],[-268,0],[-169,0],[-271,0],[0,429],[-130,0],[0,-429],[-259,-1],[0,430],[-130,0],[0,-430],[-130,0],[0,430],[-195,0],[0,-430],[-227,0],[-268,0],[0,-859],[-244,-1]],[[3837,83468],[-28,107],[-51,151],[-37,64],[-22,52],[-31,166],[-6,149],[-11,136],[-26,205],[-28,154],[-48,178],[-49,124],[-29,42],[-23,8],[-10,39],[54,163],[28,71],[40,134],[10,63],[8,126],[1,253],[18,223],[0,178],[5,244],[-4,31],[10,196],[-2,109],[4,388],[-10,422],[3,28],[46,-49],[107,-91],[28,-11],[78,47],[69,91],[47,70],[44,48],[28,66],[35,0],[34,29],[42,64],[21,69],[17,95],[45,155],[25,190],[40,190],[35,264],[13,142],[11,160],[32,260],[25,243],[11,146],[14,273],[8,216],[1,557],[-2,365],[2,164],[10,191],[4,162],[19,456],[14,163],[36,323],[42,389],[25,298],[8,124],[15,127],[13,182],[40,347],[110,570],[16,102],[71,-116],[50,-55],[44,10],[38,104],[27,50],[78,282],[65,310],[60,361],[33,222],[30,274],[15,80],[43,325],[26,148],[42,317],[28,109],[65,166],[1,-31],[31,17],[7,50],[16,-200],[-20,0],[-44,-63],[0,-116],[13,-115],[11,82],[17,-73],[22,-5],[13,31],[23,-3],[11,108],[-32,84],[0,67],[33,-99],[21,-26],[57,-30],[28,53],[16,-14],[16,65],[15,-37],[10,78],[41,14],[52,68],[41,110],[32,111],[74,362],[22,139],[38,274],[20,184],[32,340],[38,369],[43,373],[45,253],[22,73],[2,-183],[8,-99],[25,-26],[21,-143],[21,14],[31,-50],[28,-77],[-3,-84],[17,-98],[-11,-171],[16,25],[16,67],[9,115],[9,-114],[24,35],[17,-5],[10,-70],[16,10],[23,-90],[-1,-129],[15,-200],[1,-69],[-9,-107],[-15,-99],[-10,6],[-8,-102],[-14,-60],[-5,-131],[-16,0],[-4,-76],[-16,13],[-36,-25],[-3,-79],[8,-197],[14,-260],[-3,-104],[16,-35],[29,2],[18,24],[28,-52],[9,99],[24,61],[2,123],[-9,307],[12,9],[26,183],[3,66],[31,103],[13,-178],[11,16],[3,105],[-7,135],[-16,129],[-5,91],[30,153],[9,-164],[12,-16],[2,169],[-1,242],[43,-181],[44,-231],[37,-243],[17,-155],[-12,-86],[-2,-142],[4,-432],[5,-123],[27,-43],[39,35],[25,-71],[10,-112],[-7,-78],[18,-48],[29,106],[22,142],[16,222],[-1,67],[53,61],[57,-25],[40,36],[43,137],[15,11],[43,-49],[11,-79],[22,-24],[16,-194],[15,-15],[9,166],[32,-18],[24,17],[25,-78],[25,-41],[10,-58],[38,-95],[9,-131],[-17,-30],[-13,-72],[-22,-321],[-13,-109],[-14,-12],[4,-272],[11,-127],[22,-67],[8,29],[38,-87],[15,28],[14,-30],[3,-99],[-41,90],[-11,-59],[-10,21],[-34,-12],[-29,44],[-13,-86],[12,-124],[23,66],[25,-6],[34,-57],[8,43],[20,15],[20,-31],[7,77],[12,20],[18,-51],[8,15],[19,-51],[28,45],[-3,-70],[-18,-189],[5,-88],[-14,-4],[-24,-51],[-10,-84],[3,-58],[18,-79],[31,26],[17,-24],[37,40],[19,-62],[45,-89],[12,-40],[15,-141],[28,26],[3,69],[13,54],[11,126],[27,158],[13,6],[14,-45],[19,57],[12,-10],[12,-67],[11,148],[39,28],[7,-59],[23,-58],[10,-105],[-3,-51],[7,-95],[48,129],[22,-28],[18,87],[51,318],[10,-83],[14,-38],[17,91],[19,-1],[19,-44],[14,23],[17,79],[13,-127],[10,-18],[15,71],[14,-64],[35,-28],[6,-52],[21,-43],[28,-198],[16,21],[17,-46],[15,-83],[19,49],[36,-59],[11,-100],[20,-91],[5,-113],[-6,-151],[35,-29],[22,112],[13,26],[1,-137],[13,-19],[14,130],[1,62],[23,-74],[7,-71],[24,-42],[10,-91],[22,-29],[8,-80],[-5,-74],[-14,-35],[22,-107],[30,-64],[38,4],[41,-94],[28,46],[13,-17],[2,-102],[17,-88],[51,3],[39,138],[52,-34],[23,17],[15,41],[12,-26],[53,-16],[18,-68],[26,-20],[10,-77],[10,6],[37,-67],[16,70],[5,80],[25,-178],[39,-209],[13,-24],[28,-98],[11,-122],[47,-108],[24,-109],[56,-93],[4,-62],[15,10],[21,99],[33,-70],[23,-8],[17,63],[34,278],[19,29],[26,-4],[11,88],[23,26],[9,68],[19,53],[14,6],[19,56],[12,100],[23,-63],[14,20],[1,66],[24,45],[16,-1],[7,54],[15,-1],[29,-96],[19,18],[28,123],[16,-83],[52,-200],[10,-59],[63,-187],[40,-171],[22,-145],[14,-59],[-3,-83],[35,-155],[-3,-69],[26,12],[44,-235],[30,-102],[21,-102],[22,-34],[37,-115],[47,-210],[35,-244],[7,-214],[17,-132],[33,-10],[3,95],[11,166],[22,-46],[33,-136],[0,-1786],[0,-2006],[0,-1709],[0,-197]],[[5266,52595],[12,-25],[5,123],[-17,30],[0,73],[-21,-47],[-21,24],[-20,90],[-9,114],[-9,266]],[[7162,48081],[-227,0],[-70,0],[-276,0],[-140,0]],[[6449,48081],[-271,0],[-54,0],[0,430],[-99,0],[0,-430],[-49,0],[0,-430],[-50,0],[0,430],[-271,0],[-25,0],[0,-430],[-21,0],[0,-430],[-49,0],[0,-430],[-49,0],[0,-754]],[[5511,46037],[-10,76],[-6,98],[1,241],[-6,22],[-26,-11],[-15,105],[-11,-15],[-10,45],[-4,77],[-15,43],[-17,-67],[-13,-6],[-3,100],[3,228],[1,199],[7,46],[1,185],[-4,79],[6,71],[0,106],[8,71],[2,72],[9,53],[7,128],[-9,193],[3,243],[8,13],[5,86],[-9,48],[10,102],[-2,111],[7,127],[-9,127],[10,70],[-11,72],[-11,194],[-19,-31],[-20,94],[-8,76],[-18,-132],[-6,-118],[-20,-173],[6,-157],[-3,-109],[-20,-85],[-10,-155],[-12,-9],[-11,51],[-9,202],[-15,136],[-6,108],[-24,95],[-2,60],[4,164],[-3,191],[-4,34],[-32,34],[-17,-2],[-31,-172],[-20,28],[1,59],[14,96],[-6,196],[5,137],[8,41],[1,116],[6,112],[-6,40],[7,79],[-17,84],[-10,-87],[-19,128],[-2,-84],[-11,-20],[-14,163],[7,103],[16,36],[12,-28],[-1,120],[13,-13],[-1,-91],[9,-11],[18,127],[-10,47],[-2,128],[14,11],[-3,123],[9,54],[10,-77],[22,28],[6,64],[7,-16],[5,98],[0,129],[8,104],[4,146],[17,116],[-6,107],[6,133],[25,213],[4,200],[12,185]],[[12229,34502],[-2,19]],[[12227,34521],[2,-19]],[[12202,38696],[7,-33],[8,-225],[-1,-151],[-8,22],[-5,194],[-1,193]],[[12199,40357],[92,-1],[1,-18]],[[12292,40338],[19,-325],[72,-158],[6,-282],[32,-303],[23,2],[10,-210],[18,-251],[-7,-296],[24,-77]],[[12489,38438],[-4,-6],[-169,18],[-4,30],[-60,9]],[[12252,38489],[-1,124],[-8,155],[0,232],[-5,75],[-3,144],[-5,138],[-6,88],[-5,175],[-9,-18],[-1,152],[-13,196],[3,407]],[[12100,42243],[93,-1830]],[[12193,40413],[-6,-358],[-23,70],[-12,105],[-4,-72],[28,-161],[6,-164],[-4,-82],[14,-45],[8,-90],[8,-239],[-4,-38],[14,-273],[-21,112],[-4,230],[-7,149],[-12,139],[-11,93],[-14,66],[-7,-28],[6,-105],[21,-238],[1,-148],[7,-153],[11,-19],[7,-87],[-6,-271],[6,-82],[-7,-52],[4,-138],[-4,-48],[8,-146],[0,-101],[14,-41],[-4,-127],[15,-351],[12,-183],[0,-275],[13,-168],[4,-130],[11,-227],[1,-197],[-5,16],[-1,114],[-10,-60],[3,-115],[5,-45],[4,-139],[9,-217],[-5,-34],[12,-244],[5,-312],[6,-121],[2,-223],[-15,-45],[3,-90],[-5,-55],[5,-152],[8,-176],[-11,-13],[-10,88],[-8,-25],[-17,135],[-13,-23],[-11,71],[-10,142],[-5,159],[-9,91],[-10,384],[-5,129],[0,120],[-11,235]],[[12163,36135],[15,72],[16,-59],[7,-56],[7,22],[3,78],[-5,82],[-8,35],[-4,187],[-9,92],[5,63],[-8,138],[-8,18],[-10,105],[-12,3],[-5,208],[-8,4],[-20,107],[-7,-40],[-10,117],[-6,-56],[-6,99],[6,91],[0,119],[5,46],[0,127],[11,79],[-2,68],[18,2],[11,46],[14,111],[-7,88],[-15,11],[0,95],[11,102],[0,100],[-21,190],[-15,151],[-7,185],[3,157],[-11,141],[-7,49],[-11,-15],[-15,109],[-8,102],[-20,3],[-11,34],[-13,-37],[0,82],[-18,59],[-4,-95],[-14,92],[-1,59],[-13,-28],[-7,69],[-28,29],[-1,73],[-12,-19],[-14,101],[-9,-24]],[[11885,39906],[-2,78],[8,45],[-3,457],[1,445],[29,-80],[19,74],[18,296],[0,175],[-32,200],[45,200],[67,110],[65,337]],[[12042,40624],[20,-91],[0,51],[-18,73],[-2,-33]],[[5448,71004],[-58,0],[0,-430],[-232,0],[-71,0],[-254,0],[-269,0],[-275,0],[0,860],[-58,0],[0,859],[-79,0],[0,1720],[-20,0],[0,1719],[-22,0],[0,523]],[[4110,76255],[12,-4],[72,57],[66,4],[31,-32],[22,-53],[5,-108],[-39,99],[-13,14],[-10,-48],[21,-71],[12,-4],[1,-124],[5,-28],[1,-150],[-9,-181],[-25,-198],[-6,-134],[2,-110],[-4,-234],[12,-72],[3,-131],[-11,-128],[-18,-172],[-28,-37],[0,-118],[17,0],[2,-71],[19,86],[14,-331],[21,-215],[13,-52],[28,-56],[9,54],[14,4],[14,71],[20,-16],[25,28],[15,-94],[35,-42],[28,45],[26,112],[24,-42],[30,71],[6,-73],[14,-50],[3,-69],[14,-101],[31,47],[16,54],[8,-33],[5,-86],[11,-28],[28,61],[17,66],[20,123],[7,-62],[24,-13],[29,-144],[14,-141],[-7,-153],[18,-32],[14,34],[-13,128],[7,83],[-6,117],[38,345],[11,141],[9,193],[13,184],[4,123],[17,102],[22,-17],[18,10],[10,-190],[25,-54],[13,5],[24,104],[3,-198],[10,-53],[10,61],[-1,93],[7,110],[-9,135],[-11,92],[-6,131],[-16,156],[-24,53],[-15,66],[-23,71],[-13,3],[-36,105],[-45,-11],[-23,-115],[-36,-107],[5,-58],[-6,-88],[11,-81],[0,-85],[9,-24],[2,-86],[-19,4],[0,219],[-10,56],[13,323],[5,191],[2,307],[-9,209],[-20,188],[-35,210],[-7,206],[-12,155],[-25,153],[-23,55],[-38,28],[-7,98],[-5,161],[-13,191],[-16,183],[6,203],[26,48],[5,174],[13,-90],[12,-23],[18,83],[8,9],[22,-360],[20,-175],[11,-162],[14,-78],[15,-10],[1,-89],[-9,-207],[-9,-86],[1,-289],[32,-293],[8,-161],[37,-249],[21,-112],[11,-26],[16,-129],[13,-53],[16,14],[30,96],[9,55],[14,27],[13,137],[-4,80],[-26,7],[-9,39],[-17,-28],[-20,185],[6,75],[-16,48],[-11,94],[-21,98],[-7,109],[-29,186],[-14,160],[11,216],[-5,204],[13,95],[10,159],[-3,156],[17,112],[4,133],[20,99],[20,-79],[24,11],[-1,151],[-12,84],[-16,-22],[-10,131],[-20,13],[-7,-66],[-10,151],[-9,68],[-21,30],[-13,-41],[-15,-2],[-44,-93],[-30,-129],[-36,-11],[-13,-46],[-26,-37],[-34,74],[-23,205],[-9,-19],[-6,89],[-20,-63],[-4,32],[-26,-39],[0,-72],[34,-97],[-7,-41],[-31,144],[-26,76],[-20,29],[-27,65],[-26,40],[-44,104],[-56,83],[-22,145],[2,268],[-5,323],[-21,571],[-9,211],[-41,675],[-23,270],[-25,180],[-98,456],[-26,194],[-67,464],[-13,68],[-51,329],[-19,95],[-18,162],[-40,228]],[[13117,23883],[0,64],[10,251],[6,-88],[8,-261],[-6,-117],[-2,-93],[-11,8],[2,75],[-7,107],[0,54]],[[13003,26306],[0,100],[8,19],[3,-94],[-11,-25]],[[13001,26556],[9,130],[13,52],[-1,-107],[-14,-110],[-7,35]],[[12979,25645],[7,171],[13,96],[24,-174],[0,-66],[-9,-10],[-3,-79],[-10,-32],[-3,-63],[-15,39],[-4,118]],[[12978,26359],[9,158],[4,-113],[-5,-129],[-8,84]],[[12964,26240],[10,35],[3,-132],[-12,33],[-1,64]],[[12954,26115],[6,42],[12,-73],[4,-69],[-4,-61],[-16,101],[-2,60]],[[12981,27278],[6,-9],[18,85],[8,197],[16,22],[22,117],[6,95],[1,139],[10,62],[1,96],[7,70],[15,58],[13,-64]],[[13104,28146],[-3,-83],[70,-336],[-8,-259],[12,-252],[7,-515],[71,64],[30,-295],[83,-512],[24,-216]],[[13080,21908],[-8,327],[-16,308],[6,11],[8,-99],[12,-21],[2,89],[0,227],[10,-1],[6,41],[15,-7],[3,85],[-7,30],[-2,86],[13,160],[-1,135],[-5,70],[2,109],[6,69],[21,44],[3,148],[-7,316],[3,310],[-1,240],[23,47],[6,103],[13,-59],[15,68],[17,-91],[17,65],[-13,76],[-11,0],[-6,43],[-14,-36],[-19,67],[-6,-22],[-12,-162],[-15,8],[-7,-59],[-3,-246],[-8,4],[-5,-89],[-14,248],[-14,32],[-2,-70],[9,-125],[9,-60],[5,-88],[-6,-66],[-9,-34],[-11,19],[-9,-34],[19,-358],[-3,-85],[10,-150],[0,-91],[-10,-122],[-6,74],[-10,-11],[-14,28],[-1,-55],[-11,-181],[3,-130],[-18,-60],[-8,167],[11,219],[-12,114],[-11,11],[2,177],[9,75],[-10,74],[-9,-12],[-3,87],[7,174],[-10,-26],[-6,49],[-10,-85],[-9,106],[-7,-74],[-1,-96],[6,-57],[-1,-83],[-13,84],[-18,374],[-4,179],[7,114],[-6,239],[12,127],[7,-36],[13,29],[8,287],[7,56],[0,91],[5,60],[9,-9],[18,79],[4,-24],[12,-194],[-5,-163],[4,-75],[-5,-113],[13,-98],[9,-130],[14,-6],[-2,82],[-15,142],[-5,177],[-5,56],[5,107],[2,185],[-7,160],[8,112],[-1,82],[-11,158],[-4,192],[9,6],[8,-76],[15,-40],[7,-59],[6,-170],[-1,-88],[7,-111],[7,-41],[2,160],[-5,72],[-4,214],[-14,148],[-8,-14],[-6,103],[-13,113],[-2,65],[0,270],[4,24],[9,189],[-6,14],[-23,-155],[-16,-31],[-24,127],[3,127],[-5,98],[9,6],[2,109],[-6,91]],[[12874,24368],[5,97],[13,-52],[-1,-118],[-12,-20],[-5,93]],[[12856,24709],[11,3],[15,-127],[-1,-70],[-9,26],[-9,124],[-7,44]],[[12856,25007],[3,98],[9,-21],[1,-76],[-9,-52],[-4,51]],[[12855,24842],[1,91],[14,-15],[6,-41],[-2,-131],[-17,45],[-2,51]],[[12854,24651],[7,-25],[3,-110],[-7,-23],[-3,158]],[[12838,25489],[7,81],[11,287],[14,118],[7,26],[16,-8],[13,-74],[21,81],[9,-7],[13,-73],[12,-118],[1,-147],[-6,-42],[-9,-147],[7,-267],[-1,-93],[-20,-108],[-20,-34],[-20,-85],[-3,79],[-16,126],[-3,79],[-32,206],[-1,120]],[[12822,26021],[14,55],[4,-82],[-18,27]],[[12742,26079],[0,-72]],[[12742,26007],[0,72]],[[12767,28738],[4,29],[13,-40],[20,19],[19,-49],[13,-54],[12,-191],[11,-61],[5,-95],[3,-167],[4,-55],[3,-167],[-1,-77],[8,-111],[25,-53],[12,-157],[5,-32],[7,-213],[10,-58],[4,-69],[19,-92],[-2,-111],[8,-147],[16,-58],[0,-104],[-22,-161],[-8,8],[-15,-121],[-10,-114],[-22,-58],[-15,73],[-8,-39],[-14,44],[-3,136],[-7,-24],[-2,-108],[-13,40],[-5,73],[-7,-18],[-12,-260],[-8,-88],[-14,-60],[-14,145],[-7,-33],[-5,49],[-8,-65],[-8,34],[-5,104],[-11,-4]],[[12742,26178],[2,123],[-9,84],[-3,237],[6,16],[0,159],[-4,94],[-11,70],[-1,111],[-7,56],[11,129],[-10,6],[-17,174],[12,0],[10,38],[0,146],[-8,87],[6,76],[3,243],[-4,79],[17,0],[19,119],[27,77],[3,59],[-8,160],[-9,217]],[[12691,32524],[12,1],[10,199],[5,31],[13,-24],[9,-70],[0,-52],[19,-85],[9,19],[8,79],[5,-35],[-2,-89],[16,24],[11,-157],[15,5],[7,-71],[10,77],[7,-110],[11,-22],[8,28],[7,120],[8,-70],[11,-36],[3,-57],[-8,-131],[11,-20],[6,-96],[-11,-112],[-2,-133],[21,-186],[17,35],[8,-35],[18,34],[1,120]],[[12954,31705],[28,-550],[45,-650],[8,-117],[32,-649],[-34,-594],[90,-231],[-19,-768]],[[12981,27278],[8,164],[-32,163],[-16,134],[-25,174],[-3,166],[-4,71],[-20,149],[-5,173],[-14,186],[17,-2],[12,57],[7,-67],[4,-101],[6,24],[-5,222],[-8,204],[6,74],[1,89],[-18,-131],[3,-108],[-8,-107],[-12,105],[-23,57],[-10,45],[-7,83],[-10,28],[-20,6],[-6,134],[3,105],[-18,-12],[-3,-99],[-12,-46],[-13,71],[-1,39],[-27,107],[-11,114],[-18,84],[16,60],[4,118],[-10,173],[2,92],[11,19],[-4,99],[7,25],[14,-109],[17,-8],[9,76],[6,-42],[17,12],[5,63],[11,25],[-2,94],[-11,-45],[-13,64],[-20,-7],[-27,108],[-6,129],[14,167],[-12,41],[-16,266],[2,337],[8,37],[3,166],[-23,-113],[-16,81],[-1,60],[-12,118],[-3,69],[1,146],[4,46],[1,207],[25,31],[15,-168],[12,-16],[23,-101],[14,-107],[31,-166],[14,-104],[16,-241],[12,-111],[4,73],[-14,112],[-12,204],[-10,125],[-12,89],[-14,147],[-13,8],[-16,143],[-11,152],[-21,104],[-7,91],[-17,-1],[-3,53]],[[10628,85770],[0,-1523],[0,-1302],[0,-1916],[0,-5108],[0,-2718],[0,-632]],[[9773,66833],[3,104],[-14,31],[-2,71],[23,259],[-11,14],[-10,119],[9,84],[-8,140],[11,64],[-3,72],[6,133],[-9,62],[21,109],[7,146],[-7,67],[-10,17],[-13,87],[3,99],[27,136],[19,48],[7,162],[-22,139],[-14,-39],[-9,37],[-23,-47],[-15,45],[-15,-6],[-24,-48],[-2,-106],[-15,-30],[-19,-97],[-11,103],[-11,-67],[-40,189],[-7,-60],[-53,220],[-5,-62],[-18,56],[-29,-192],[-21,-7],[-18,-138],[-34,4],[-13,79],[-8,-4],[-5,-91],[-22,-20],[-1,-73],[-17,-3],[-20,-56],[-5,178],[-29,40],[10,110],[19,68],[1,66],[10,38],[0,84],[-9,63],[-3,91],[-15,-11],[-20,69],[-21,94],[-3,-48],[-17,-1],[-12,115],[-7,-3],[-17,108],[2,58],[-14,79],[6,68],[-10,119],[24,206],[12,14],[1,67],[9,105],[-4,71],[-34,-21],[-4,64],[-12,47],[-2,113],[-9,18],[-10,-63],[-13,-1],[-6,-61],[-15,17],[-9,-63],[-19,79],[-12,-107],[5,-149],[-16,-188],[-20,-13],[-20,-110],[-8,-12],[-21,-115],[-30,-56],[-8,-72],[-14,66],[-8,-18],[-21,18],[-10,-48],[-9,78],[-17,-57],[-28,-7],[-24,-122],[-28,-89],[-16,-113],[-117,0]],[[3934,47729],[6,204],[20,-75],[12,-120],[-30,-102],[-8,93]],[[3906,48156],[36,210],[2,-76],[15,26],[15,68],[24,76],[8,-38],[15,47],[11,-37],[17,11],[0,-135],[24,-55],[22,83],[11,-35],[6,109],[14,30],[10,-18],[5,55],[13,6],[5,98],[18,78],[3,259],[-13,-16],[-6,53],[4,137],[-8,56],[7,152],[13,6],[10,-129],[12,82],[-1,82],[18,163],[5,-4],[21,93],[0,186],[-16,68],[-3,112],[4,96],[-9,96],[7,243],[14,-34],[16,19],[15,-65],[10,55],[36,-155],[20,16],[17,80],[-5,132],[3,98],[18,38],[-5,119],[10,68],[6,77],[-3,87],[8,20],[3,-102],[11,55],[18,-92],[34,-34],[20,126],[11,27],[41,29],[19,65],[26,218],[10,-29],[59,97],[10,-65],[-2,-195],[22,-24],[19,95],[17,-41],[13,-1],[26,-62],[20,-78],[12,-23],[36,29],[41,175],[11,59],[27,16],[18,53],[24,124],[34,57],[14,38],[42,57],[12,79],[16,189],[20,160],[24,139],[26,123],[25,65],[24,42],[38,199],[31,94],[29,-18]],[[5511,46037],[0,-107],[-19,0],[0,-430],[-48,0],[0,-861],[-48,0],[0,-430],[-18,0],[0,-860],[-48,0],[0,-861],[-64,0],[0,-860],[-48,0],[0,-861],[-16,0],[0,-430],[-46,0],[0,-430],[-47,0],[0,-861],[-15,0],[0,-430],[-47,0],[0,-793],[0,-5]],[[5047,37818],[-9,-64]],[[5038,37754],[-83,1],[0,-430],[9,0]],[[4964,37325],[-8,-83],[-4,-99],[-1,-125],[4,-77],[-31,-97],[-15,-69],[-9,-132],[-9,17],[-10,-31],[-13,-99],[-3,-95],[-20,-49],[1,135],[-5,120],[-13,135],[-23,-1],[-9,20],[-6,-48],[-7,44],[-26,-54],[-8,52],[-14,36],[-3,79],[11,15],[2,55],[26,9],[7,53],[15,-75],[0,-82],[16,24],[10,91],[3,99],[-7,69],[6,88],[11,64],[9,149],[5,194],[-1,132],[-7,251],[-1,440],[-15,283],[5,107],[-16,87],[-28,397],[-9,217],[-12,362],[18,365],[10,70],[0,132],[21,84],[5,133],[12,41],[4,140],[5,39],[13,4],[8,55],[3,97],[-20,304],[-12,141],[-15,251],[-2,178],[-4,73],[3,65],[-14,178],[1,54],[-12,249],[-25,299],[-7,116],[-7,203],[1,134],[-11,89],[-8,101],[-10,201],[-4,155],[-9,11],[-5,126],[-13,121],[-14,280],[-22,26],[-11,-142],[-3,-85],[2,-289],[4,-200],[-9,-162],[-9,-78],[-24,-38],[-25,88],[-6,-35],[1,-80],[-7,-94],[-13,-78],[-20,-54],[-32,-185],[-25,-123],[-30,-107],[-18,-30],[-14,-53],[-38,-74],[-33,-37],[-39,-28],[-33,2],[-39,61],[-25,66],[-24,108],[-8,97],[-13,316],[-2,92],[13,105],[16,21],[-1,93],[-8,45],[-16,156],[-32,144],[-6,-5],[-7,108],[-5,-12],[-30,443],[2,79],[-9,90],[-11,38],[-23,196],[-7,197],[-1,104],[-12,-73],[-34,40],[-15,57],[-14,88],[-22,169],[-23,238],[-8,109],[9,104],[12,21],[15,108],[4,124],[5,15],[-1,153],[-25,22],[-17,-119],[-11,-29],[-10,-86],[-21,-20],[-9,52],[-20,38],[-12,221],[10,109],[8,12],[17,-27],[11,73],[-1,66],[7,73],[11,-4],[12,164],[14,24],[3,92],[7,75],[10,-9],[15,125],[1,73],[-11,94],[-6,112],[-1,96],[11,1],[30,161],[7,122],[-4,56],[-15,90],[-7,145],[10,134],[-2,93],[-8,-2],[-19,-184],[-14,1],[-15,51]],[[3257,44633],[13,-60],[12,94],[20,72],[12,-65],[7,63],[38,-40],[14,-51],[28,40],[0,-90],[10,-11],[9,57],[6,-50],[9,101],[4,104],[-7,111],[5,76],[21,148],[21,28],[0,57],[20,-105],[6,70],[-4,149],[13,50],[11,113],[23,-76],[9,-82],[22,129],[29,62],[12,-69],[6,61],[8,-161],[10,-90],[-2,-81],[21,-47],[21,30],[3,96],[9,21],[20,-93],[10,2],[2,-63],[23,-101],[-3,-58],[6,-61],[-6,-79],[-9,-27],[2,-91],[8,-19],[2,-130],[-11,-180],[11,-114],[6,-115],[-1,-100],[-12,-135],[7,-63],[0,-109],[15,-81],[-6,-151],[20,-141],[-3,-85],[7,-77],[-4,-89],[-10,2],[-5,-46],[-24,-47],[-12,63],[-13,-60],[-6,10],[-12,-96],[-20,17],[-26,-97],[-19,-146],[-10,-27],[9,-97],[8,-142],[-2,-67],[-18,-61],[-10,10],[-6,63],[-1,93],[-22,187],[-13,34],[-6,62],[-19,80],[-21,-52],[-13,22],[-17,-2],[-17,157],[-23,57],[-8,93],[-33,243],[-18,85],[-21,80],[-17,-20],[-17,111],[-16,150],[-5,77],[-18,20],[-8,48],[2,91],[-4,188],[-19,304],[-13,119]],[[1695,46078],[7,224],[0,70],[9,28],[10,85],[6,107],[10,-6],[1,-83],[-6,-130],[14,-296],[20,-147],[9,-104],[46,-271],[22,-71],[24,0],[4,48],[14,-67],[12,-114],[23,-167],[11,-48],[-10,-77],[-11,-10],[-9,160],[-24,42],[-25,-6],[-27,-90],[-9,90],[-28,132],[-11,145],[-35,298],[-10,128],[-15,23],[-22,107]],[[1679,46866],[8,173],[8,-2],[1,-249],[-8,-1],[-9,79]],[[6079,26399],[16,204],[8,18],[10,-30],[11,35],[25,-18],[23,-144],[-6,-14],[-29,19],[-8,-121],[-13,-4],[-13,29],[-7,-21],[-17,47]],[[5919,25446],[9,67],[11,34],[9,-222],[-8,-62],[-10,120],[-11,63]],[[5643,28096],[0,-39]],[[5643,28057],[0,39]],[[5642,22864],[8,259],[7,-4],[12,77],[15,-86],[0,-126],[-16,-3],[-12,33],[-5,-151],[-9,1]],[[5562,22944],[10,170],[15,-108],[0,-106],[-13,-30],[-12,74]],[[5512,22699],[3,66],[11,44],[6,-83],[-5,-153],[-8,117],[-7,9]],[[5502,22330],[4,42],[4,225],[10,-8],[0,-60],[-14,-176],[-4,-23]],[[5643,27734],[22,-92],[11,-14],[7,41],[28,42],[-3,52],[3,155],[-6,73],[-1,93],[-5,51],[3,172],[-4,75],[2,175],[8,201],[10,190],[15,213],[9,150],[22,316],[22,287],[21,214],[10,55],[24,175],[28,105],[1,70],[7,80],[15,98],[20,332],[16,98],[23,241],[11,69],[18,27],[1,-118],[8,-128],[0,-70],[15,-46],[8,160],[-5,304],[-4,137],[-6,19],[-21,-2],[-3,122],[1,361],[13,439],[7,485],[6,618],[7,436],[10,251],[6,27],[14,-18],[13,22],[8,58],[4,139],[-14,10],[-27,319],[2,84],[-4,53],[-1,173],[4,274],[11,301],[4,130],[8,146],[12,88],[8,0],[12,120],[21,344]],[[6098,36716],[107,0],[157,0],[0,1336],[-193,0]],[[6169,38052],[9,141],[0,169],[8,174],[-7,-1],[-13,-76],[-8,-127],[1,-137],[-7,-80],[-4,-118],[-32,-118]],[[6116,37879],[0,1167],[-22,0],[0,861],[47,0],[0,430],[94,0],[0,430],[26,0],[0,431],[48,0],[0,430],[94,0],[0,430],[46,0],[0,2478],[0,1928],[0,1617]],[[6350,29456],[-11,-84],[-4,-77],[-10,-57],[1,-138],[-9,-25],[-11,-146],[-18,-20],[8,-220],[-3,-92],[-25,108],[-7,13],[-7,127],[-5,37],[-9,-55],[-9,-7],[10,-138],[-11,-142],[0,-138],[-5,-184],[-10,-19],[-2,127],[-9,89],[-2,103],[-13,-51],[-5,-211],[-8,3],[-13,-108],[-14,-278],[-16,-8],[-5,-89],[3,-128],[-7,-87],[-16,8],[-8,93],[-10,48],[-1,60],[-25,236],[-15,-18],[-10,-124],[3,-119],[12,-48],[5,-134],[-21,-44],[-9,4],[-8,-83],[-7,-209],[3,-124],[12,-71],[8,27],[8,-154],[-2,-68],[-9,-49],[-32,15],[-8,-52],[-11,5],[-8,69],[-10,251],[-13,3],[-14,-91],[-2,-60],[-11,17],[-13,-51],[-8,-142],[-19,-36],[-27,-245],[0,-121],[34,121],[11,59],[16,22],[9,-40],[9,23],[6,-89],[-5,-52],[1,-196],[-15,-124],[-10,63],[-11,9],[-18,111],[-21,12],[-11,43],[-4,-71],[11,-88],[-3,-137],[-10,23],[-5,-51],[-19,42],[-11,77],[-11,13],[-13,-118],[-10,-35],[-15,-271],[-12,-115],[2,-108],[7,-60],[20,-68],[-2,-82],[22,72],[10,-43],[3,-64],[24,-67],[-5,-106],[-10,-38],[-16,-121],[-19,-46],[12,-67],[10,-8],[-9,-175],[19,81],[14,107],[10,107],[4,-95],[-6,-47],[-1,-77],[-8,3],[-37,-213],[-7,-68],[-1,188],[-8,-114],[-9,-52],[12,-256],[-1,-135],[-8,39],[1,69],[-11,105],[3,-243],[12,-60],[-2,-196],[-8,-33],[-2,77],[-10,121],[-2,-150],[-5,-125],[-13,249],[13,76],[-3,40],[-20,-63],[0,201],[2,160],[9,16],[5,191],[13,59],[-7,53],[0,90],[-12,-36],[-7,-63],[9,-40],[-9,-70],[0,-69],[-7,-95],[-9,-49],[-7,66],[-4,-94],[9,-93],[-4,-32],[1,-107],[-7,-57],[-11,1],[3,-81],[14,15],[7,-81],[-1,-143],[-14,-43],[11,-95],[-7,-60],[-5,79],[-8,-65],[-7,36],[5,169],[3,51],[-14,63],[0,-82],[-5,-79],[-6,22],[-4,124],[-6,-4],[-3,-103],[-8,-122],[-8,-201],[-9,29],[-15,-27],[-1,-188],[-8,13],[-10,151],[-17,-72],[-5,2],[-6,-97],[-10,46],[-21,-52],[-2,-110],[-16,57],[-15,-108],[-2,-160],[1,-127],[-9,-23],[-8,122],[-3,119],[4,94],[-3,59],[5,112],[-11,20],[-11,-67],[-4,-103],[10,-121],[4,-397],[-2,-68],[-8,-81],[-6,-104],[6,-65],[-3,-250],[-5,-42]],[[5457,21933],[0,1233],[-85,0],[0,431],[17,0],[0,1722],[-26,0],[0,861],[87,0],[0,430],[87,0],[0,431],[62,0],[0,430],[44,0],[0,263]],[[13234,18993],[5,14],[4,116],[7,77],[-6,68],[4,119],[6,26],[9,-54],[3,135],[-10,37],[-1,61],[-10,354],[11,148],[11,9],[23,-261],[14,-39],[5,-92],[15,-106],[-11,-33],[4,-221],[-6,-151],[6,-83],[-2,-153],[-9,-145],[-29,1],[-4,75],[0,86],[-20,-147],[-8,-102],[-10,86],[-1,175]],[[4577,61361],[19,93],[8,108],[18,56],[22,-63],[9,12],[4,66],[15,-55],[0,-90],[10,-81],[-8,-119],[-16,-116],[-33,17],[-21,-33],[-5,73],[-11,-2],[-1,87],[-10,47]],[[5096,58535],[-247,-1],[-72,0],[0,430],[-53,1],[0,430],[-53,0],[0,430],[-57,0]],[[4614,59825],[14,197],[14,160],[19,258],[-1,39],[13,181],[29,223],[-1,98],[-10,171],[14,11],[15,-100],[36,-47],[5,-93],[12,-65],[-19,-76],[2,-64],[-6,-110],[27,90],[13,13],[8,-39],[13,40],[19,-57],[17,85],[15,38],[16,-14],[15,-59],[17,17],[5,83],[17,-68],[17,72],[21,0],[47,158],[2,127],[9,47],[-2,77],[13,60],[7,74],[7,215],[13,-8],[16,158],[10,183],[20,231],[9,163],[1,92],[-1,236],[-13,372],[-9,191],[-14,203],[-11,310],[-4,182],[2,156],[-4,149],[2,283],[-14,212],[-64,599],[-2,50],[-42,174],[-18,23],[-19,-118],[-3,88],[13,93],[3,81],[-2,180],[3,99],[11,32],[11,95],[13,-64],[35,-107],[41,-15],[17,47],[1,69],[-23,119],[22,-9],[14,21],[19,192],[10,40],[18,137],[0,228],[3,80],[0,191],[-24,322],[-4,142],[-29,108],[-25,172],[-15,131],[-6,93],[-9,59],[-4,-160],[-6,-61],[-22,-157],[-16,-191],[-3,-156],[-24,-91],[-18,-35],[-35,103],[-7,70],[-15,-80],[-31,-77],[-26,-197],[5,-73],[-51,-53],[-25,-69],[-10,-108],[-7,-195],[-25,-93],[-8,-68],[-26,-125],[-13,-101],[-12,-37],[-13,-238],[-6,-57],[3,-110],[-4,-145],[-6,-56],[2,-119],[-30,-140],[-11,-143],[-7,22],[-2,115],[3,101],[-1,129],[-8,175],[-8,60],[-1,103],[9,49],[-6,94],[-18,102],[-6,114],[-21,47],[-7,165],[-28,128],[-1,107],[-13,67],[-7,-33],[-33,-279],[21,-204],[23,-28],[5,-121],[8,-36],[13,50],[15,-36],[-4,-92],[4,-57],[-17,-68],[-5,-274],[-19,-47],[-5,93],[-16,180],[0,74],[-37,235],[-36,156],[-23,76],[-20,26],[-20,-12],[-16,42],[-22,-6],[-8,-68],[-10,18],[-10,-57],[-23,46],[-31,20],[-38,-19],[-25,-53],[-40,-156],[-82,-367],[-22,-24],[-20,4],[-7,-35],[-48,151],[-61,155],[-74,160],[-37,57],[-13,2],[-54,116],[-49,88],[-12,54],[-36,234],[-15,243],[-10,234],[3,129],[-2,172],[13,52],[6,94],[0,165],[-13,218],[-24,195],[-42,213],[-4,56],[6,121],[-5,95],[-11,84],[-33,177],[-21,255],[-5,111],[14,396],[10,157],[7,-80],[-2,-80],[-16,-85],[-10,-236],[6,-168],[24,-95],[1,-34],[34,-63],[17,15],[21,63],[18,140],[12,122],[-4,231],[8,71],[18,81],[10,113],[-19,187],[-28,107],[-21,3],[-8,-46],[-19,9],[-38,77],[-26,110],[-35,96],[-27,12],[-18,41],[-18,-1],[-37,32],[-18,62],[-19,115],[-19,81],[-3,61],[-25,166],[-34,124],[-5,74],[-20,64],[-19,25],[-23,94],[-5,129],[-8,117],[-1,106],[9,202],[28,177],[32,133],[44,150],[46,178],[48,244],[28,163],[46,286],[143,798],[54,263],[45,194],[20,34],[9,107],[59,295],[86,378],[64,246],[66,228],[108,318],[94,228],[8,13]],[[2840,72167],[15,53],[2,-125],[-14,8],[-3,64]],[[2034,60892],[5,142],[-3,185],[3,134],[11,164],[3,102],[8,51],[4,95],[-5,120],[9,202],[-5,277],[17,17],[11,-87],[2,-89],[-4,-53],[-1,-157],[4,-85],[25,-135],[50,-173],[42,-100],[49,-143],[26,-46],[12,6],[17,93],[6,57],[21,118],[13,113],[14,86],[16,-24],[13,20],[2,79],[17,76],[16,-50],[36,1],[12,-120],[11,-47],[2,-79],[12,-95],[13,-14],[9,-145],[3,-218],[8,-107],[-5,-119],[8,-76],[18,-43],[21,-93],[7,-59],[32,-49],[27,-17],[23,-142],[6,-140],[17,-57],[23,-34],[26,-7],[13,-41],[25,-24],[25,-5],[9,19],[47,-59],[20,-101],[32,-48],[-6,-139],[-2,-214],[-6,-49],[-10,-177],[-13,-121],[-14,-72],[-24,105],[-16,40],[-24,21],[-31,-22],[-25,-54],[-19,-70],[-4,-106],[-16,-131],[-10,-28],[-15,-109],[-11,-209],[13,-264],[-19,-29],[-8,-74],[-4,-100],[-34,132],[6,103],[-9,99],[1,88],[-15,268],[-12,128],[-26,197],[-12,9],[-8,118],[-27,82],[-22,-13],[-19,80],[-4,151],[-17,258],[-22,189],[-18,117],[-20,97],[-19,50],[-64,214],[-18,35],[-35,15],[-13,-15],[-15,-100],[-23,-43],[-13,-63],[2,-107],[-11,-110],[-10,-8],[-23,-135],[-21,97],[-9,-44],[-5,95],[-8,-7],[-30,145],[-10,-1],[-5,119],[-19,238],[1,99],[-8,149]],[[12162,29176],[5,87],[8,-4],[4,-72],[-4,-82],[-13,71]],[[12156,29824],[10,117],[10,-45],[9,26],[4,-147],[-6,-123],[-11,-29],[-16,201]],[[12140,28012],[3,31],[20,-85],[-12,-79],[-7,38],[-4,95]],[[12393,24989],[0,-436]],[[12393,24553],[-11,104],[5,56],[-5,104],[-8,-35],[-11,24],[-10,112],[-9,213],[1,65],[-16,91],[-1,155],[-12,146],[1,155],[-10,98],[-4,168],[-9,124],[-4,159],[-6,42],[3,98],[-3,115],[7,119],[23,105],[-10,94],[-11,14],[-3,-68],[-16,-124],[-14,-5],[4,97],[-6,159],[4,188],[-10,-16],[-2,-78],[-9,-18],[-11,165],[-8,19],[-10,133],[-1,102],[13,64],[-2,51],[-10,68],[-10,-167],[-5,156],[-8,-28],[-13,34],[-5,-40],[-10,63],[2,123],[-1,92],[23,62],[5,-6],[4,218],[6,41],[2,198],[-8,94],[1,178],[19,-37],[-6,102],[12,62],[9,-13],[8,108],[-14,-2],[-6,69],[-8,11],[-11,-41],[0,121],[-10,200],[7,203],[12,79],[-3,47],[-18,-109],[-4,95],[13,151],[1,158],[8,79],[-19,29],[-9,-26],[-7,37],[-9,-6],[-14,-90],[-8,171],[3,98],[-18,118],[-11,115],[-5,122],[2,51],[16,5],[21,-54],[8,59],[-16,72],[-12,-3],[-2,53],[12,76],[15,177],[0,178],[-4,95],[8,32],[20,235],[19,-2],[16,-96],[9,-142],[-5,-75],[-16,-77],[-14,-101],[7,-29],[12,103],[15,49],[13,-8],[7,34],[10,-47],[6,-125],[15,-101],[13,-61],[2,-58],[16,17],[3,49],[15,35],[12,-28],[17,-111],[-2,-69],[10,-237],[-3,-216],[-14,89],[-11,134],[-13,-72],[-2,-96],[5,-52],[-2,-135],[8,-58],[4,59],[-3,93],[10,3],[10,-209],[-5,-169],[13,-146],[4,-106],[-4,-95],[5,-52],[12,-501],[-3,-51],[7,-84],[-1,-259],[4,-24],[3,-130],[6,-115],[-2,-102],[0,-208],[8,-84],[6,-334],[6,-138],[0,-161],[3,-126],[1,-155],[-3,-239],[-1,-202],[-11,-33],[4,-174],[-1,-60],[6,-79],[-2,-247],[4,-255],[-5,-157],[4,-202],[-12,-120],[3,-124]],[[12056,29811],[12,134],[-3,87],[4,189],[-8,65],[3,85],[17,-18],[5,71],[39,-233],[16,-270],[0,-102],[-7,3],[-7,-61],[6,-95],[-1,-162],[15,122],[0,105],[5,89],[21,-235],[-12,-119],[-4,-82],[-15,77],[2,-102],[-5,-124],[2,-97],[-9,-110],[-2,-127],[-7,-100],[-13,-37],[-10,-57],[-14,-6],[-23,-46],[2,461],[12,113],[11,26],[1,124],[6,48],[-3,80],[-12,51],[-6,-44],[-7,46],[5,148],[-5,102],[-11,1]],[[11940,32246],[11,59],[6,-116],[-9,-16],[-8,73]],[[11916,32821],[99,33],[12,256],[22,551],[6,-19],[17,-116],[7,-81],[22,-141],[52,-243],[28,-181],[21,-191],[21,-160],[11,-57],[17,-20],[18,45]],[[12269,32497],[5,-73],[13,12],[7,-53],[11,84],[15,-17],[3,-233],[4,-86],[-8,-135],[9,-58],[11,-240],[3,-128],[-2,-246],[5,-137],[-17,-61],[8,-91],[-6,-63],[-22,17],[-15,-39],[-17,48],[-11,157],[-9,46],[-10,97],[-6,13],[-37,304],[-6,0],[-12,107],[-18,100],[-10,99],[-15,97],[-23,-232],[12,-67],[8,39],[15,-59],[3,-46],[-15,-74],[-4,-64],[-9,-35],[13,-73],[-3,-132],[8,-207],[-1,-116],[-12,-64],[1,-79],[-12,-100],[-11,0],[0,-95],[-8,-93],[-12,6],[-9,90],[-8,-13],[-12,48],[-6,126],[-20,201],[-6,9],[-4,119],[-20,139],[1,63],[-13,167],[1,50],[10,52],[-9,84],[-9,-44],[-6,-82],[-7,1],[-17,109],[12,74],[-13,70],[-8,276],[9,80],[7,-13],[0,118],[5,85],[-8,35],[-12,125],[-3,-172],[-7,-12],[-8,115],[5,117],[-6,14],[-3,97],[-7,35],[0,70],[-5,61]],[[11902,32816],[11,4]],[[11913,32820],[-11,-4]],[[4049,58699],[7,58],[10,-34],[-7,-79],[-10,55]],[[4043,58888],[9,125],[5,-109],[-8,-58],[-6,42]],[[3958,56775],[21,42],[7,-50],[7,-260],[-17,-39],[-9,42],[-8,88],[-1,177]],[[3933,56551],[5,128],[19,-201],[-4,-45],[-15,-2],[-5,120]],[[3906,48156],[-8,38],[-7,98],[-3,171],[15,135],[6,26],[27,-24],[20,78],[-1,213],[-8,16],[-9,-95],[-15,38],[-15,87],[-5,114],[-13,87],[4,120],[-19,37],[-17,151],[-8,-103],[-8,-164],[-3,-219],[-7,-23],[-41,55],[-16,98],[-8,287],[3,145],[-7,159],[1,65],[8,53],[5,104],[-5,96],[-24,2],[-25,99],[-15,-18],[-11,94],[-12,306],[0,148],[42,185],[5,110],[-2,97],[-16,159],[-9,-2],[-26,122],[-12,-25],[-4,-52],[-23,-46],[-7,-95],[-11,33],[-9,270],[-2,101],[4,216],[8,-17],[25,29],[41,117],[37,74],[-8,59],[-10,-5],[-7,59],[-14,-6],[-25,102],[-13,229],[-13,152],[0,97],[49,69],[14,-32],[19,23],[7,-65],[12,133],[33,60],[-18,204],[-1,52],[-10,129],[-10,272],[-1,266],[8,252],[5,32],[15,323],[8,28],[34,436],[23,242],[20,269],[9,15],[4,160],[16,243],[14,152],[28,238],[35,215],[34,31],[23,108],[-1,85],[-7,22],[-6,125],[-3,151],[-11,242],[4,148],[-4,201],[14,63],[-11,78],[2,106],[6,131],[6,254],[6,144],[22,322],[15,100],[26,-17],[8,26],[0,92],[-13,105],[6,49],[-8,219],[4,77],[12,78],[33,296],[25,133],[15,14],[24,62],[36,20],[17,-50],[34,-164],[8,15],[7,-58],[7,32],[16,-26],[0,-71],[8,-53],[12,-128],[18,-138],[18,8],[3,-60],[10,-56],[0,-57],[18,-80],[14,-136],[0,-82],[6,-55],[15,58],[52,50],[18,60],[20,234],[16,69],[18,150],[2,161],[6,99],[14,57],[12,-29],[17,67],[22,234]],[[8957,64716],[-212,0],[-9,23],[-8,96],[-13,32],[-7,93],[-18,90],[-13,110],[-12,-14]],[[9672,44355],[8,0],[19,-63],[3,-91],[-1,-97],[-6,-69],[-7,120],[-14,135],[-2,65]],[[9624,42551],[7,165],[4,134],[34,338],[3,99],[10,9],[15,139],[0,58],[35,119],[-2,-99],[-20,-137],[-22,-193],[-10,-76],[-12,-164],[-9,-45],[-11,-112],[-10,-153],[-12,-82]],[[9327,45388],[20,21],[10,-38],[13,-224],[-14,-68],[-10,32],[-5,80],[-12,109],[-2,88]],[[9232,45550],[16,57],[17,-52],[9,8],[12,-58],[19,7],[-1,-145],[-22,-45],[-10,35],[-6,80],[-32,84],[-2,29]],[[9142,45886],[4,154],[9,107],[18,10],[18,47],[4,-31],[20,121],[16,42],[5,77],[7,-46],[5,103],[14,37],[15,-11],[15,50],[8,-59],[-11,-123],[-62,-298],[-17,-116],[-40,-132],[-23,13],[-5,55]],[[9032,45477],[5,28],[2,122],[16,248],[9,105],[21,17],[7,-76],[20,-18],[14,77],[12,-73],[-4,-205],[7,-103],[9,45],[19,23],[29,62],[3,-94],[9,-8],[3,-236],[-19,15],[-12,-36],[-17,-128],[-6,42],[-18,-27],[-27,-123],[-14,-92],[-17,-159],[-18,-130],[-12,7],[-8,85],[-5,120],[13,108],[34,168],[4,129],[-13,-46],[-14,12],[-5,-104],[-6,-21],[-10,89],[-9,-20],[-2,197]],[[9008,47643],[0,113],[9,132],[8,-75],[2,133],[13,-152],[-5,-57],[-2,-127],[-18,-29],[-7,62]],[[8866,47933],[17,59],[10,104],[17,-59],[26,2],[-4,-127],[-13,-94],[-15,27],[-4,67],[-13,-4],[-21,25]],[[8840,47063],[16,66],[2,-60],[-6,-90],[-12,84]],[[8822,47204],[20,11],[0,-71],[-18,26],[-2,34]],[[8817,46832],[11,32],[7,118],[8,18],[8,-182],[5,70],[11,-61],[-7,-126],[-6,-13],[-11,99],[-4,-80],[-12,-10],[8,108],[-15,-26],[-3,53]],[[8817,44862],[10,38],[9,113],[14,19],[11,64],[1,-140],[-19,-108],[-19,-137],[-7,151]],[[8698,42522],[8,48],[0,98],[-4,107],[8,124],[7,48],[22,11],[-9,172],[2,60],[13,68],[6,102],[15,-4],[5,67],[-5,143],[19,85],[12,96],[5,93],[33,213],[9,89],[8,139],[1,98],[8,48],[12,189],[-3,79],[28,76],[-1,137],[-4,96],[3,100],[12,6],[0,58],[-11,41],[1,101],[14,61],[2,53],[16,40],[2,-75],[-14,-120],[19,-3],[19,26],[-3,-108],[-20,-154],[-7,-112],[5,-27],[16,83],[9,94],[14,53],[10,-16],[0,-78],[-14,-210],[-65,-484],[-18,-243],[-11,-99],[-15,-185],[-7,-205],[4,-49],[-3,-100],[2,-103],[-14,66],[-20,-136],[2,-151],[12,-26],[1,-161],[-8,-72],[-16,-83],[-13,64],[-12,-9],[-11,-103],[-1,-73],[-23,-67],[-17,-82],[-8,-74],[-12,-31],[-9,37],[-6,74]],[[8687,44826],[8,55],[7,178],[24,18],[9,25],[15,94],[-5,80],[-24,-134],[-13,6],[-3,107],[8,32],[-2,92],[7,71],[10,339],[25,-1],[3,315],[8,18],[7,-79],[6,61],[-7,172],[8,-6],[6,67],[19,79],[1,-93],[-8,-54],[-2,-127],[-5,-72],[-10,-60],[4,-128],[-7,-81],[11,-113],[-11,-75],[-11,-14],[4,-112],[13,31],[3,-117],[-14,-181],[1,-72],[-18,-187],[-5,-107],[3,-97],[10,32],[-6,-192],[-6,-42],[-5,-200],[-8,27],[-15,148],[8,151],[-39,36],[-4,110]],[[8672,47177],[9,21],[11,86],[13,-54],[16,-212],[-6,-106],[-17,45],[-2,-120],[-18,153],[1,122],[-7,65]],[[8662,43332],[14,201],[18,151],[3,101],[14,142],[9,48],[10,-96],[-15,-322],[-14,-128],[-32,-154],[-7,57]],[[8635,45136],[2,78],[15,68],[-2,63],[13,107],[19,-29],[-1,-108],[-8,-171],[-1,-171],[-15,-34],[-14,35],[-7,69],[-1,93]],[[8636,43572],[6,29],[4,236],[11,201],[10,95],[22,75],[14,25],[6,-137],[-27,-215],[-1,-68],[-11,-9],[-10,-71],[-16,-222],[-8,61]],[[8608,43278],[10,0],[5,107],[-2,57],[17,29],[7,-56],[30,359],[5,-53],[-12,-191],[-16,-171],[-15,-86],[-22,-30],[-7,35]],[[8495,46888],[15,158],[9,203],[9,44],[9,105],[16,-80],[2,75],[13,58],[8,-227],[-9,-66],[3,-178],[-7,-112],[-10,-50],[11,-79],[13,147],[4,125],[14,162],[8,170],[9,27],[25,-28],[12,-100],[4,-377],[-11,-114],[-2,-73],[-15,-65],[-15,-110],[-26,-280],[-20,69],[-11,116],[-8,17],[-13,-43],[-30,-250],[-7,-85]],[[8495,46047],[0,841]],[[8495,47024],[0,-64]],[[8495,46960],[0,64]],[[8491,43192],[24,86],[0,613],[4,-1],[0,320],[2,0],[0,1434],[-28,0],[0,206]],[[8493,45850],[8,16],[20,240],[8,13],[24,172],[6,-69],[-3,-77],[15,15],[22,-174],[16,30],[0,142],[12,118],[6,-33],[1,-171],[4,1],[-1,199],[6,202],[9,59],[9,9],[6,-137],[7,-40],[-12,-73],[4,-93],[10,96],[6,-45],[-1,-101],[9,11],[5,-94],[-6,-126],[-8,-65],[9,-55],[7,60],[5,-126],[-6,-82],[-8,-20],[-13,-125],[-13,-11],[-2,-71],[-18,34],[8,-111],[-13,-109],[-15,22],[4,-190],[-26,-216],[-20,123],[-11,-87],[10,-32],[9,-163],[7,-53],[12,157],[19,50],[5,-101],[-11,-19],[12,-163],[-4,-141],[5,-45],[10,354],[17,-109],[-8,-101],[-6,-160],[13,-118],[3,162],[-1,105],[12,-16],[-11,-274],[-1,-113],[-7,-137],[-10,-134],[2,-55],[-9,-90],[-16,-66],[-24,65],[33,42],[-16,46],[-12,0],[3,79],[9,24],[7,66],[-19,79],[-2,119],[3,81],[0,111],[-7,47],[-9,-5],[-11,-314],[6,-66],[-4,-129],[-5,-19],[-3,-151],[3,-94],[-1,-129],[-7,-176],[-12,27],[-20,383],[-1,-306],[-4,-99],[-16,-140],[-15,2]],[[10360,46174],[-252,-1],[-91,0],[-149,-1889],[-46,-581],[0,-189]],[[9822,43514],[-18,58],[-8,76],[-23,35],[-15,-25],[-17,36],[-20,7],[11,81],[19,13],[10,-30],[6,40],[14,-6],[-7,141],[-24,172],[-12,36],[-5,64],[-11,14],[-12,62],[3,72],[-7,35],[1,75],[-18,-56],[-17,9],[-12,-20],[-15,91],[-9,-51],[-17,92],[-17,68],[-16,38],[-47,40],[-5,49],[17,78],[17,14],[17,53],[-10,100],[-9,-6],[-19,57],[-8,-51],[-13,38],[-3,105],[18,264],[5,150],[22,344],[-23,-29],[-9,-151],[-26,-64],[-11,-62],[-8,-112],[-8,-202],[0,-163],[-8,-43],[-8,56],[-14,-27],[-23,135],[-3,43],[-15,43],[-22,174],[-12,28],[-6,56],[4,97],[-14,40],[-14,107],[-27,61],[-24,-22],[-27,-48],[-24,108],[13,137],[6,-27],[13,109],[14,58],[6,126],[21,223],[8,197],[13,90],[-1,75],[-39,-185],[-23,-84],[-2,64],[4,108],[-14,38],[-9,-23],[-3,-121],[-18,-43],[-1,128],[21,293],[-10,-43],[-22,-145],[-22,-98],[-7,-57],[-31,-29],[-3,117],[9,35],[13,143],[19,142],[18,112],[6,93],[-10,88],[-9,-99],[-9,-45],[-7,-98],[-18,101],[-1,-126],[-19,-29],[-8,156],[-14,-205],[-15,-95],[-18,-20],[-29,67],[-6,-64],[-12,60],[1,93],[-10,106],[7,37],[12,-10],[7,109],[8,-35],[-3,-81],[20,93],[-1,81],[17,-4],[27,77],[7,2],[23,152],[4,117],[27,33],[-15,137],[-13,24],[-7,-125],[-19,-166],[-19,-49],[-4,108],[-10,-99],[-20,-12],[-10,36],[2,100],[-24,191],[-10,-86],[-17,241],[0,95],[22,54],[8,-73],[11,15],[-6,101],[-7,31],[-12,-35],[-11,98],[6,59],[0,114],[7,154],[7,-43],[13,6],[7,61],[-22,59],[-2,71],[11,97],[14,-20],[15,21],[23,-9],[17,45],[11,-37],[19,29],[2,92],[-10,97],[-29,-13],[-4,50],[-15,-8],[-8,-43],[-32,-17],[-10,-64],[-14,-257],[-21,-54],[-22,-256],[-3,-93],[-18,-165],[-16,-27],[-20,46],[18,113],[4,89],[-10,16],[-3,-79],[-11,-5],[17,200],[4,110],[-15,331],[-5,85],[10,48],[7,100],[-23,34],[-12,-71],[11,-613],[-18,-206],[2,-182],[-10,-41],[-12,101],[0,159],[-17,-52],[9,-224],[-19,-57],[-3,-97],[-10,-64],[-12,45],[-12,9],[-1,134],[17,195],[-4,26],[-10,-122],[-5,97],[-11,-50],[-1,-197],[-7,70],[-5,282],[7,70],[-2,305],[10,33],[-5,82],[1,69],[-10,201],[-3,-94],[1,-119],[-5,-144],[-9,-170],[5,-61],[-11,-262],[8,-49],[1,-61],[-6,-120],[6,-174],[-2,-163],[-18,-58],[-4,186],[-13,30],[-4,58],[6,197],[-7,21],[-12,-322],[-8,-22],[20,-128],[-8,-158],[-30,80],[-9,120],[-10,6],[9,-134],[-1,-73],[-32,-141],[-18,17],[-13,58],[-2,104],[8,146],[-2,67],[9,152],[-2,100],[6,42],[11,152],[8,62],[9,165],[10,95],[2,140],[8,125],[-11,13],[16,138],[11,146],[23,234],[2,47],[17,57],[18,106],[-14,36],[-20,-70],[11,149],[6,121],[-9,39],[-18,-199],[-10,-194],[-11,-96],[-36,-440],[0,-162],[-19,-214],[-6,-29],[-3,146],[-4,16],[-2,153],[-9,156],[-7,75],[-3,-143],[-11,18],[-17,-39],[-12,-124],[-18,4],[-1,-55],[12,-30],[-5,-144],[-18,-139],[7,-66],[11,63],[18,263],[15,93],[25,78],[-1,-184],[-3,-219],[-6,-114],[-10,-55],[1,-89],[-18,92],[3,-176],[7,-30],[-12,-237],[5,-18],[-4,-139],[-21,121],[-6,-69],[20,-146],[-7,-71],[-9,9],[-11,126],[-21,7],[-12,-52],[-16,27],[-18,-126],[-14,-69],[1,-54],[14,13],[26,142],[10,-41],[12,45],[11,-11],[-4,-114],[-18,5],[-25,-157],[-10,-132]],[[8495,47181],[0,40],[-25,1]],[[12698,33054],[110,1348]],[[12808,34402],[28,-749],[58,-778],[31,-684],[28,-425],[1,-61]],[[12691,32524],[11,43],[0,106],[-6,153],[3,135],[-1,93]],[[12683,32866],[-3,-80],[1,-169],[-12,-22],[-6,27]],[[12663,32622],[20,244]],[[12613,30033],[6,198],[8,29],[10,-86],[-24,-141]],[[12518,33125],[7,-8],[8,-204],[16,-257],[-7,-47],[-16,224],[5,56],[-13,236]],[[12500,33438],[10,-5],[13,-79],[6,-101],[-1,-52],[-15,-20],[-12,167],[-1,90]],[[12364,34085],[13,-147],[7,-124],[7,-13],[13,156],[20,-21],[1,131],[4,75],[18,-19],[13,52],[2,50],[68,210]],[[12530,34435],[2,-148],[-9,-65],[5,-104],[-2,-48],[24,-313],[4,-115],[-4,-48],[19,-244],[12,-131],[-4,-91],[30,-432],[-1,-195],[3,-138],[0,-277],[10,-159],[13,-115],[2,-220],[-10,-39],[-5,118],[0,98],[-15,216],[-7,38],[-10,124],[-14,352],[1,118],[-7,139],[-17,158],[-6,159],[-6,1],[-6,234],[5,47],[-3,91],[-9,111],[0,42],[-9,127],[-26,92],[21,-234],[-8,-31],[-16,98],[5,-235],[9,-174],[-1,-131],[-6,-211],[15,130],[5,-43],[5,-135],[16,-273],[1,-65],[14,-252],[11,-115],[5,-106],[-11,-15],[-3,-61],[23,-15],[11,-84],[11,-154],[-3,-199],[5,-162],[11,-146],[-4,-106],[-8,-96],[9,-93],[6,-122],[-3,-87],[7,-190],[-5,-77],[-15,-82],[-8,-141],[-4,-9],[-10,99],[-21,35],[-5,-51],[-5,154],[-9,99],[-4,83],[-7,-36],[10,-98],[1,-95],[8,-111],[-2,-68],[12,-129],[-1,-91],[-15,-85],[-2,-196],[-16,-158],[-12,40],[-13,-230],[-7,-59],[-18,18],[-4,-77],[10,-99],[-15,-126],[-16,-93],[3,-111],[-20,-17],[-6,76],[-12,34],[-8,309],[0,144],[10,106],[-12,152],[-2,217],[8,15],[15,-69],[7,80],[-10,25],[-9,95],[14,232],[15,48],[-8,105],[-12,26],[3,170],[-3,112],[15,26],[-1,-82],[12,-79],[16,-15],[1,73],[-11,41],[-22,299],[0,72],[-10,23],[-9,453],[-17,272],[-9,315],[1,80],[-7,84],[-2,135],[7,214],[-3,44],[4,183],[-7,275],[-3,66],[-2,194],[-7,183],[2,113],[-10,151],[-2,83],[3,123],[8,82]],[[12381,34792],[-9,-199],[-9,-112],[2,-132],[-3,-202]],[[12362,34147],[-7,27],[-5,183],[-10,174],[-12,87],[-5,152],[-1,104],[-6,131],[-4,193],[2,113],[-6,176],[4,204],[10,-132],[10,-312],[4,4],[-3,152],[12,-48],[10,-103],[0,-119],[14,-136],[3,-117],[9,-88]],[[12229,34502],[-2,19]],[[12096,35479],[21,90],[13,-42],[20,-161],[-4,-82],[-36,15],[-14,180]],[[11979,36617],[3,61],[9,-6],[6,-205],[-4,-33],[-14,183]],[[11977,35050],[12,114],[6,-14],[16,90],[0,-231],[-11,-62],[-15,12],[-8,91]],[[11909,34999],[10,-36],[14,48],[10,-62],[-7,-143],[-14,30],[-13,163]],[[11916,32821],[-3,-1]],[[11902,32816],[-19,196],[7,84],[-4,48],[-19,67],[-6,109],[4,276],[-4,235],[5,67],[-3,81],[9,159],[19,7],[5,108],[23,145],[9,-70],[9,-15],[-6,179],[-9,124],[1,144],[12,-58],[10,23],[0,-71],[8,-68],[3,-150],[13,27],[-4,84],[17,224],[20,-51],[8,20],[6,-133],[11,8],[3,82],[20,190],[8,14],[10,90],[2,65],[13,10],[3,-89],[10,-139],[15,-65],[10,33],[6,-103],[26,-117],[9,-81],[-8,-107],[1,-147],[-5,-94],[-12,-95],[-12,-164],[-12,32],[-6,-67],[3,-54],[15,-44],[-2,-175],[11,14],[8,138],[1,86],[8,135],[5,12],[5,118],[13,67],[-3,160],[11,46],[8,-13],[16,-103],[11,-148],[5,34],[28,-54],[17,25],[8,-50],[-2,-85],[33,-77],[7,-46],[5,-114],[5,-192],[-6,-22],[-1,-91],[5,-42],[0,-112],[-22,-168],[-11,26],[-21,110],[-22,135],[-1,-55],[18,-231],[18,-60],[8,-51],[4,-119],[20,-128],[-16,-138],[-16,-62],[-7,56],[-5,-94]],[[11781,38313],[3,50],[12,-33],[-3,-157],[-12,140]],[[11480,37668],[117,498]],[[11597,38166],[21,3],[51,461],[112,676],[10,99],[68,32],[26,469]],[[12163,36135],[-6,-23],[10,-148],[-7,-68],[12,-216],[-2,-128],[-8,-31],[-17,161],[-5,-6],[-12,91],[-16,-138],[-12,-27],[-17,14],[-14,-47],[-24,-34],[-2,37],[6,158],[0,241],[-12,-82],[-15,95],[0,62],[19,175],[-7,18],[-4,98],[-2,152],[11,119],[9,-101],[16,106],[-10,30],[-11,141],[-12,334],[-7,7],[-7,79],[1,87],[-9,235],[-12,153],[2,93],[18,71],[1,57],[-11,34],[-5,123],[3,205],[-16,152],[0,91],[-11,11],[2,-174],[8,-115],[-5,-88],[6,-56],[3,-140],[-6,-243],[-5,-58],[-3,-131],[1,-134],[-11,27],[-16,-13],[-8,93],[-12,40],[-21,196],[-20,43],[-6,53],[-6,121],[1,74],[-7,224],[1,125],[-11,51],[-1,-159],[-8,-54],[-4,107],[-6,51],[-6,146],[-11,132],[-4,-6],[16,-298],[7,-110],[0,-150],[-15,42],[-2,55],[-18,116],[-34,152],[-7,117],[-13,78],[-7,128],[-10,70],[-5,85],[-8,-1],[-3,-68],[6,-117],[9,-13],[9,-176],[10,-52],[7,-97],[1,-96],[-6,-83],[-6,35],[-16,-6],[-8,-45],[-9,-209],[-13,-131],[4,-65],[21,228],[5,124],[19,-48],[7,33],[9,-68],[26,-45],[15,-4],[23,-168],[12,11],[10,-26],[27,-230],[11,-127],[-9,-46],[6,-95],[19,-106],[11,-157],[-13,-166],[-17,-96],[-13,-213],[11,0],[6,129],[17,74],[10,79],[9,115],[13,-113],[3,-64],[14,-104],[-5,-55],[5,-122],[7,-77],[10,-38],[2,-85],[10,-207],[3,-111],[6,-38],[-4,-101],[6,-61],[2,-198],[5,-114],[-9,-24],[-10,-114],[-14,7],[-14,-38],[-2,-48],[-19,-63],[-6,41],[1,97],[6,113],[-9,58],[-6,-42],[-14,-16],[5,-83],[-1,-228],[-6,-30],[-6,69],[-9,22],[-17,-63],[-10,76],[-6,1],[-7,155],[-14,-57],[3,-74],[11,-104],[4,-104],[2,-180],[-7,-45],[0,-89],[-8,-40],[-18,5],[-11,169],[-2,127],[-17,106],[0,110],[-9,-37],[-8,77],[3,186],[-9,-66],[-9,-21],[0,119],[4,80],[-8,74],[-26,64],[-17,-57],[-5,-84],[-19,213],[-22,143],[-11,31],[-9,93],[-26,160],[-15,163],[-41,280],[-11,22],[-9,83],[1,128],[-3,77],[-31,309],[-22,163],[-15,135],[-4,120]],[[13624,24206],[40,130],[28,-570],[-4,-477],[4,-23],[-22,-425],[-12,-80],[-7,-189]],[[12381,34792],[0,-186],[4,-153],[16,12],[28,96],[10,-51],[23,-12],[13,-95],[14,-34],[25,68],[8,45],[8,-47]],[[12364,34085],[-2,62]],[[12321,36029],[6,18],[12,-207],[15,-327],[-10,7],[-15,301],[0,81],[-8,127]],[[12288,36308],[13,-159],[7,0],[4,-162],[-11,51],[-9,159],[-4,111]],[[12489,38438],[-4,-200],[22,-309],[79,-466],[37,-187],[37,-582],[42,-443],[50,-459],[-23,-213],[32,-553],[21,-244],[27,-365],[-1,-15]],[[12698,33054],[-5,237],[-4,-86],[1,-224],[-10,48],[-4,-46],[7,-117]],[[12663,32622],[-8,64],[-16,369],[-18,271],[-1,93],[5,74],[20,140],[10,-231],[10,45],[-3,129],[-8,151],[-7,47],[-2,135],[-12,-63],[2,-173],[-15,-62],[-10,-88],[-11,55],[-25,299],[-10,139],[-4,116],[1,193],[-3,41],[-4,216],[1,133],[8,60],[-1,183],[-6,85],[22,77],[10,112],[-11,128],[3,98],[-13,192],[-4,-342],[-20,-136],[-6,-118],[13,-184],[-8,-62],[-4,-157],[-11,38],[-26,-86],[-20,47],[-15,92],[-22,53],[-7,-66],[-23,68],[-22,244],[-5,108],[10,88],[14,34],[-3,85],[-11,-12],[2,223],[-26,-43],[-11,82],[4,128],[-9,406],[-12,90],[3,50],[-8,66],[-19,326],[-6,45],[-12,295],[19,21],[-7,106],[1,114],[4,138],[-2,142],[-15,157],[-3,-18],[-4,-245],[-10,-48],[-8,196],[-16,199],[-5,130],[4,90],[-2,125],[-7,144],[0,226]],[[8298,43107],[2,102],[10,43],[-3,-134],[-9,-11]],[[7998,40461],[18,54],[2,-51],[-4,-148],[-10,43],[7,91],[-13,11]],[[8147,48208],[1,41],[14,136],[24,4],[27,-116],[7,-104],[22,57],[11,-55],[15,-32],[12,-78],[22,-38],[25,3],[7,-34],[18,-6],[26,-106],[12,-98]],[[8495,47181],[-5,-42],[5,-115]],[[8495,46960],[0,-72]],[[8495,46047],[-16,-183],[7,-96],[7,82]],[[8491,43192],[0,96],[-10,-7],[-11,88],[-15,-21],[-5,-105],[-11,-36],[-11,109],[-6,124],[-11,9],[-9,-95],[-10,50],[-11,-43],[-16,47],[0,86],[24,311],[-7,54],[-9,-55],[-8,4],[-12,-82],[-4,-127],[-12,-179],[-4,-190],[-14,-125],[-4,73],[2,258],[-8,11],[-5,524],[-7,76],[-1,139],[-16,-28],[-5,-95],[3,-143],[-2,-169],[15,-189],[-11,-84],[-10,-299],[-5,62],[-14,-42],[-10,-110],[-6,-275],[-7,-60],[-3,-86],[9,-41],[2,-133],[11,-94],[2,-88],[-9,-68],[-1,151],[-9,19],[-5,179],[-11,8],[7,151],[-8,16],[2,93],[13,107],[-12,28],[-2,229],[-6,114],[-10,21],[-5,-57],[6,-210],[-1,-108],[-8,-77],[3,-177],[-18,117],[-3,-92],[7,-138],[8,-47],[-7,-69],[1,-90],[8,-44],[3,-159],[0,-286],[-14,-40],[4,107],[-4,90],[8,32],[-21,121],[-1,56],[-11,5],[-3,93],[-6,58],[-13,-3],[-13,114],[-12,-1],[-3,-84],[25,-120],[9,-143],[6,-32],[0,-126],[-4,-110],[-16,-57],[-1,-76],[-9,-135],[-6,83],[1,85],[-10,76],[-5,-263],[-11,58],[-4,-69],[10,-100],[1,-102],[-13,-39],[-13,97],[3,-140],[6,-65],[-16,-62],[-1,-138],[-6,-69],[-16,-13],[3,-249],[-11,14],[0,-89],[-17,-140],[-8,41],[6,133],[17,189],[-15,-4],[4,76],[12,-18],[-4,95],[7,76],[-9,43],[13,169],[-1,70],[10,85],[-8,56],[16,182],[-6,59],[8,98],[2,154],[8,146],[-3,96],[-14,-244],[-8,-173],[-3,-144],[-11,-138],[-7,-159],[-7,-40],[-6,-223],[-9,-197],[-6,-74],[-10,29],[-1,147],[-9,46],[-4,129],[8,73],[9,152],[0,113],[-18,-103],[-5,-148],[-20,-38],[14,-112],[9,-127],[0,-119],[-4,-181]],[[7928,40759],[-5,-7]],[[6098,36716],[15,129],[10,127],[25,196],[8,21],[-3,93],[0,193],[8,77],[12,180],[1,152],[-8,83],[3,85]],[[12905,18370],[12,57],[18,34],[10,-149],[9,-6],[8,-145],[-9,-88],[7,-56],[-11,-134],[9,-32],[8,-200],[-7,-132],[-12,83],[-8,244],[-9,119],[-14,87],[-6,137],[1,77],[-6,104]],[[12888,18637],[10,86],[9,-61],[-4,-88],[4,-68],[-11,-26],[-8,157]],[[12875,19104],[0,53],[11,85],[2,-141],[-9,-58],[-4,61]],[[12834,24188],[12,118],[9,30],[2,-109],[6,-93],[-1,-102],[-18,16],[-8,37],[-2,103]],[[12767,20838],[7,133],[12,25],[6,-100],[-5,-120],[-15,-28],[-5,90]],[[12730,21404],[11,182],[7,-26],[6,55],[6,-53],[9,-8],[8,-68],[2,-117],[-7,-219],[-11,-62],[-4,-97],[-13,153],[-3,124],[-9,65],[-2,71]],[[12703,18002],[5,-22],[6,-128],[1,-118],[-3,-128],[-7,68],[1,146],[-3,182]],[[12684,20998],[6,87],[9,34],[8,95],[-1,111],[4,63],[17,-99],[9,-89],[3,-150],[-8,-126],[-29,-37],[-4,79],[-14,32]],[[12675,21868],[7,-68],[10,73],[-9,93],[8,101],[-6,40],[2,73],[9,-21],[10,-80],[-1,-117],[-9,-94],[-2,-91],[-10,-123],[-11,194],[2,20]],[[12665,20287],[0,53],[9,57],[4,105],[6,66],[-13,42],[5,100],[12,55],[-1,76],[10,60],[3,-86],[21,33],[4,-40],[15,63],[3,-110],[-2,-82],[-21,-99],[-14,-155],[-7,42],[-2,-144],[-5,-104],[-5,-207],[-7,-1],[-2,91],[-7,31],[0,147],[-6,7]],[[12659,22063],[0,47],[15,22],[-3,-136],[-12,67]],[[12630,23499],[7,78],[4,103],[9,163],[12,130],[0,82],[11,89],[17,-7],[6,-45],[21,13],[-4,89],[-18,18],[-12,39],[-4,49],[4,165],[12,-98],[11,70],[-2,142],[-10,32],[-7,125],[-11,-28],[-4,93],[9,11],[1,138],[-8,172],[3,70],[-5,78],[11,237],[40,-91],[17,-59],[5,41],[17,1],[9,-67],[16,55],[6,-56],[8,64],[8,-36],[12,-230],[4,-36],[0,-129],[12,-16],[1,-103],[6,-89],[-3,-78],[6,-80],[-3,-123],[-8,-96],[0,-65],[-9,-110],[-2,-93],[7,-80],[-1,-60],[8,-34],[14,69],[5,-44],[8,67],[10,-1],[2,-184],[11,45],[13,5],[6,-101],[13,-107],[10,-39],[5,-123],[28,-251],[1,-58],[9,-85],[6,-117],[8,-82],[17,-279],[-6,-120],[13,-199],[-4,-88],[1,-107],[4,-47],[0,-138],[7,38],[-1,85],[8,14],[10,-134],[4,-219],[4,-119],[6,-80],[2,-104],[6,15],[22,-134],[13,-193],[2,-103],[-9,-22],[-11,96],[-4,74],[-33,190],[-21,84],[-11,81],[-7,124],[-20,-5],[9,-146],[-14,-162],[-11,-189],[14,-21],[2,152],[12,40],[9,-49],[19,57],[5,-201],[7,28],[16,-64],[10,-118],[-24,-75],[-8,28],[-6,-67],[10,-144],[5,77],[17,58],[10,-10],[9,-116],[1,-59],[22,-177],[2,-131],[14,-266],[-11,-128],[-7,-22],[-15,36],[-12,-81],[-3,-119],[21,103],[24,-127],[9,169],[-2,62],[9,144],[7,22],[8,-94],[0,-102],[4,-132],[1,-175],[-16,-183],[-1,-74],[12,-79],[-16,-130],[-10,-21],[-5,-96],[5,-86],[-13,-69],[-2,-39],[-25,-95],[1,-55],[11,27],[12,-38],[8,100],[9,5],[19,113],[10,28],[-3,-126],[6,-259],[-3,-201],[2,-220],[-4,-42],[-11,93],[-5,-39],[19,-137],[4,-78],[1,-222],[-9,-38],[-6,-120],[4,-136],[-6,-102],[1,-93],[-12,49],[-9,-2],[-8,-53],[-14,7],[1,66],[-9,11],[-1,90],[-9,-41],[-8,55],[-5,-81],[-11,35],[-1,125],[-12,18],[0,112],[-18,78],[-16,-51],[-4,61],[11,32],[-1,74],[7,100],[22,-55],[5,114],[-2,107],[-15,55],[-5,114],[-12,21],[-16,-24],[-5,104],[3,76],[-9,10],[-15,183],[8,339],[6,23],[1,110],[5,151],[-8,146],[-10,-187],[-8,-47],[3,158],[9,218],[0,92],[-4,119],[-11,129],[-3,-49],[8,-198],[-1,-84],[-6,-76],[-19,53],[-13,121],[-5,-28],[14,-168],[11,-46],[1,-95],[-5,-73],[6,-73],[-2,-62],[5,-97],[-4,-137],[-19,-112],[-5,59],[-8,-8],[-7,62],[-10,21],[-6,63],[7,149],[2,141],[-7,104],[-8,46],[-1,74],[6,87],[-14,87],[4,89],[-2,85],[-13,19],[-8,-55],[-9,86],[3,84],[-1,123],[-9,-42],[-8,36],[2,-267],[5,-77],[5,-141],[-9,-48],[22,-152],[1,-187],[-15,-26],[15,-138],[-2,-36],[17,-144],[-2,-137],[2,-69],[13,-147],[3,-78],[-5,-42],[7,-104],[10,-13],[1,-65],[14,-186],[14,-132],[1,-82],[8,-169],[-3,-174],[12,-26],[-10,-177],[13,-86],[-15,-58],[-9,146],[-8,-45],[-17,40],[-9,202],[3,80],[-9,133],[-11,32],[-16,200],[-9,148],[-3,155],[-8,106],[-1,62],[-11,12],[-9,85],[-5,237],[4,45],[-4,152],[-9,31],[-4,69],[4,92],[-11,117],[3,170],[7,74],[-7,114],[6,65],[-9,38],[6,320],[18,42],[-15,100],[-8,-30],[-6,-233],[-15,-31],[-9,-46],[-4,93],[-8,23],[-9,-99],[-7,13],[-5,72],[-2,111],[4,200],[-3,156],[7,41],[15,-21],[0,69],[9,46],[7,-11],[10,-256],[14,-16],[1,101],[-10,98],[2,136],[11,128],[10,-2],[9,-86],[3,111],[6,63],[10,-2],[3,107],[-11,67],[-1,124],[-17,118],[14,68],[-7,190],[-6,8],[-3,81],[9,50],[1,52],[-12,69],[-5,-62],[-8,24],[-17,-30],[1,77],[-8,32],[-13,104],[-11,49],[-4,70],[1,96],[9,21],[1,79],[-8,174],[2,42],[13,13],[7,106],[-7,52],[-16,-93],[-19,102],[-7,8],[5,-139],[2,-141],[-10,-62],[-15,57],[-17,121],[-9,139],[1,44],[-8,89],[13,64],[-1,133],[21,69],[26,-122],[1,-114],[13,-5],[17,31],[2,68],[11,-11],[-3,119],[3,132],[-6,135],[-12,-31],[-3,91],[-16,59],[11,108],[-12,15],[-11,93],[12,207],[-9,102],[-12,-165],[-15,-66],[-7,-177],[-6,-58],[-16,-44],[-7,25],[-9,-23],[-4,76],[-9,-34],[-4,170]],[[12628,20968],[1,44],[11,79],[-1,77],[4,77],[14,74],[-11,92],[6,101],[20,20],[11,-95],[12,-10],[-4,-194],[-10,-37],[-2,-157],[-8,-103],[-5,66],[-8,26],[-4,67],[-16,-55],[-10,-72]],[[12625,25824],[8,-8],[7,-92],[-8,-38],[-7,138]],[[12623,26179],[7,-1],[11,-149],[-4,-39],[-8,63],[-6,126]],[[12594,23236],[0,75],[18,111],[7,-39],[4,-192],[-2,-115],[-7,-125],[-10,35],[-6,84],[-4,166]],[[12476,23282],[9,87],[10,-49],[10,39],[1,-166],[9,64],[11,20],[11,65],[8,-24],[-3,-94],[-26,-166],[-3,-61],[-22,-131],[-8,61],[-1,65],[8,82],[-10,109],[-4,99]],[[12742,26178],[0,-99]],[[12742,26007],[-5,-40],[-18,-15],[-3,-58],[-27,-6],[-16,55],[-4,439],[3,91],[-8,48],[1,79],[10,66],[-7,88],[-7,-102],[-5,-32],[-4,-119],[-13,14],[-3,91],[-22,129],[-3,-61],[9,-48],[3,-76],[-5,-52],[-4,-188],[-4,-56],[-10,28],[1,-96],[17,-90],[2,-147],[-15,-45],[8,-229],[-11,-38],[3,-91],[16,-83],[5,-134],[-9,-93],[3,-87],[-7,-53],[-5,115],[-4,15],[-12,218],[-9,-15],[2,-135],[11,-65],[16,-395],[-5,-100],[-6,46],[-10,-34],[6,-202],[-1,-147],[-6,-13],[0,-204],[-10,-46],[-6,21],[-8,154],[6,234],[-3,139],[-7,122],[0,108],[5,70],[-2,207],[-9,-133],[2,-131],[-6,-50],[0,-259],[-5,-75],[-16,-13],[-4,-46],[23,-80],[-2,-162],[6,-43],[-13,-143],[7,-82],[-3,-148],[-5,-54],[-11,70],[-2,163],[-14,67],[2,102],[5,70],[-14,74],[0,59],[9,49],[2,112],[-10,60],[0,234],[-5,150],[0,63],[16,93],[3,119],[-8,10],[-4,-108],[-7,-1],[-5,107],[6,30],[-6,129],[0,62],[9,79],[7,193],[-3,234],[9,101],[8,-136],[11,-320],[3,107],[-6,152],[9,105],[-8,171],[-9,117],[-5,126],[-11,71],[-13,19],[-5,180],[8,125],[-6,140],[-9,-6],[-3,124],[-7,85],[-9,183],[3,164],[-9,363],[4,114],[7,42],[8,136],[10,76],[7,0],[37,-300],[4,146],[-20,126],[-3,108],[11,-18],[8,29],[7,132],[7,-58],[14,-51],[4,-48],[11,-305],[2,-171],[9,-9],[0,-84],[8,-69],[5,-211],[-6,-71],[12,-154],[6,86],[3,300],[-7,108],[22,-11],[-1,-62],[12,-8],[-1,109],[-16,165],[4,54],[-15,30],[-6,128],[5,77],[0,84],[-7,182],[-13,107],[-11,127],[-14,99],[6,96],[-5,74],[6,80],[37,140],[20,-73],[22,-29],[8,-73],[17,-37],[10,10],[10,-77],[10,-41],[11,0],[23,-135],[24,7]],[[12393,24989],[11,49],[-7,-161],[0,-155],[-4,-169]],[[11019,42183],[4,72],[19,-73],[-12,-67],[-11,68]],[[10961,41531],[9,74],[8,114],[6,24],[-3,-259],[-8,-16],[-6,-84],[-6,147]],[[10628,45527],[0,-423],[65,-229],[69,-201],[17,438],[133,-626],[81,761],[172,86],[1,-165],[-36,-1147],[41,-464],[71,-348],[25,-91],[8,-303],[3,-177],[12,-204],[110,-999],[62,-566],[112,-1040],[18,-687],[12,-596],[-7,-380]],[[11480,37668],[6,164],[-6,194],[-17,203],[-19,188],[-28,220],[-3,62],[-15,107],[-28,146],[-55,210],[-21,67],[-20,135],[-33,272],[-24,159],[-44,215],[-77,330],[-41,237],[-36,227],[-20,151],[-47,286],[-7,68],[7,85],[16,-81],[12,144],[7,1],[3,93],[-6,53],[8,96],[6,-46],[0,-207],[12,77],[14,295],[14,148],[13,169],[-18,159],[-10,169],[-4,131],[1,81],[-9,142],[-2,138],[2,142],[6,13],[16,113],[7,109],[0,71],[9,154],[-9,126],[-9,61],[-8,-139],[-8,-62],[1,-118],[-2,-112],[-29,-131],[-16,-243],[2,-140],[-3,-79],[-8,-55],[-40,-133],[-30,-136],[-33,-125],[-12,-134],[-26,-81],[-21,29],[-80,76],[-44,95],[-15,45],[-26,137],[-84,373],[-24,96],[-21,105],[5,89],[9,40],[10,109],[7,-16],[14,49],[-2,139],[7,66],[2,86],[-6,85],[-2,93],[-11,119],[10,0],[5,104],[10,51],[5,83],[18,74],[4,152],[-5,19],[-7,-151],[-33,-171],[-15,28],[-5,71],[2,181],[-10,43],[-8,-114],[-16,77],[-9,102],[-9,-76],[7,-130],[16,-94],[5,-192],[10,-22],[13,-159],[-8,-129],[-29,-83],[-11,-107],[-14,-35],[-40,0],[-40,186],[-31,96],[-30,40],[-29,89],[-26,58],[-24,34],[-14,-2],[-4,43],[-25,62],[-45,46],[-31,9],[-27,-24],[-62,-123],[-109,-96],[-28,-35],[-20,-58],[-33,-121],[-11,-61],[-12,-23]],[[5518,18268],[10,44],[-2,113],[9,89],[4,-114],[7,-23],[10,29],[2,-87],[-10,-164],[-11,-69],[-10,24],[-4,117],[-5,41]],[[5479,18862],[8,70],[4,127],[8,-28],[10,44],[8,-24],[-3,-98],[-5,-72],[9,-113],[4,-118],[-10,-24],[-6,-90],[-11,-63],[-8,148],[5,59],[10,-33],[0,92],[-6,42],[1,173],[-12,-112],[-6,20]],[[5445,17843],[10,40],[8,-108],[8,-70],[-3,-143],[-14,-17],[-9,298]],[[5430,19377],[3,56],[9,-40],[7,-87],[7,330],[-6,179],[11,-22],[7,177],[5,-37],[-3,-147],[-7,-68],[1,-84],[9,5],[3,-196],[-10,-154],[-1,-112],[13,-147],[-7,-58],[-7,61],[-4,126],[-7,7],[2,-178],[-12,35],[-11,-25],[0,91],[6,188],[-8,100]],[[5403,19229],[8,166],[5,-48],[-1,-111],[-12,-7]],[[5384,17851],[14,29],[9,98],[13,-38],[-14,-79],[-7,-122],[-8,3],[-7,109]],[[5383,19126],[6,99],[11,-40],[0,-75],[-10,-46],[-7,62]],[[5375,18981],[8,-27],[4,-111],[-5,-27],[-7,165]],[[5303,20418],[15,47],[9,-95],[-3,-85],[-18,33],[-3,100]],[[5263,18283],[3,128],[5,51],[10,-41],[5,82],[-4,87],[8,46],[7,184],[9,55],[6,89],[-4,57],[-11,-39],[-10,37],[0,79],[16,56],[-3,47],[-17,70],[2,96],[6,-4],[13,-87],[7,-13],[-12,230],[6,66],[9,-67],[6,-121],[14,-75],[1,132],[-5,49],[-9,205],[6,93],[16,-138],[5,0],[-3,180],[12,2],[-5,145],[17,235],[8,-108],[2,-113],[-3,-74],[-13,-5],[2,-156],[-4,-268],[13,35],[0,121],[9,14],[4,-88],[-4,-160],[-9,5],[4,-97],[-6,-72],[-9,61],[-10,110],[-4,-21],[0,-123],[4,-135],[-21,-49],[6,-75],[-17,-213],[-16,-89],[-5,-104],[1,-88],[-18,-85],[2,-140],[-15,-141],[-1,74],[-6,68]],[[5238,20875],[7,94],[17,95],[17,-122],[13,43],[-1,-158],[4,-71],[-3,-120],[-14,71],[-8,101],[-9,2],[-5,-89],[-11,-5],[-7,159]],[[5188,20351],[9,64],[-2,79],[12,-9],[11,-44],[14,99],[10,6],[7,-279],[-6,-215],[-14,14],[-3,123],[-11,-1],[-3,56],[-9,-45],[-12,98],[-3,54]],[[5094,20357],[7,28],[0,70],[11,197],[13,56],[7,76],[6,-39],[12,-12],[4,-48],[-1,-210],[-12,-111],[8,-103],[20,152],[-6,84],[14,204],[13,-65],[1,-100],[-14,-130],[-4,-127],[3,-150],[11,-88],[-1,-90],[7,-54],[6,-170],[-6,-63],[4,-78],[-8,-169],[-4,127],[-14,-56],[-7,8],[-5,85],[-12,32],[-3,111],[-7,26],[-13,-21],[-8,-173],[-3,-133],[-6,270],[-9,148],[4,117],[0,78],[-6,71],[6,138],[-8,112]],[[5074,23216],[6,49],[13,11],[10,122],[6,-85],[-35,-97]],[[4933,19761],[5,76],[7,38],[15,-100],[5,-150],[-5,-76],[-19,109],[-8,103]],[[4886,19119],[10,148],[8,-94],[-1,-78],[-9,-44],[-8,68]],[[4862,19801],[4,115],[7,58],[14,-19],[20,93],[-7,-270],[-7,39],[-12,-91],[-19,75]],[[4805,19473],[3,86],[18,104],[10,-58],[8,-4],[12,-138],[23,-83],[1,-96],[-20,-117],[-3,-78],[-12,-49],[-9,99],[0,123],[7,63],[3,79],[-7,161],[-8,-258],[-16,91],[-6,-6],[-4,81]],[[4799,19311],[17,-47],[-6,-78],[-11,125]],[[4656,18411],[15,67],[5,113],[11,91],[18,-35],[7,-101],[-1,-151],[2,-186],[-11,-153],[-1,-75],[-11,-71],[-9,44],[-2,75],[-17,128],[-6,254]],[[4643,15850],[11,5],[9,-68],[3,-123],[-8,-24],[-7,56],[-8,154]],[[4539,15908],[6,75],[0,190],[10,66],[37,-160],[10,-74],[19,-81],[2,-160],[-8,-44],[-18,34],[-5,-52],[-18,87],[-12,-85],[-10,47],[-13,157]],[[4451,20830],[1,68],[8,29],[7,-65],[-1,-102],[-6,-34],[-9,104]],[[5643,28057],[-15,-97],[6,-148],[9,-78]],[[5457,21933],[-10,-55],[-7,-189],[-18,-82],[-12,-12],[7,188],[13,48],[13,83],[-2,55],[-16,58],[1,155],[13,87],[-7,37],[-8,128],[15,316],[-4,123],[-24,111],[-16,3],[-10,25],[-11,-59],[4,-65],[0,-131],[-4,-83],[-11,-11],[-17,169],[0,-118],[-18,-24],[-7,-153],[10,-124],[-4,-86],[-16,48],[1,-97],[-16,-20],[4,-196],[-25,-48],[-6,56],[-12,-138],[-20,41],[-17,88],[-6,-122],[13,-59],[8,-77],[-8,-33],[-9,-131],[-7,-26],[0,-113],[-6,-120],[2,-68],[-3,-99],[-9,-86],[-10,17],[-5,217],[-8,131],[1,72],[-8,70],[-11,-145],[-5,-22],[-14,67],[-11,-33],[-3,-111],[29,-50],[4,-76],[0,-103],[-4,-92],[-7,-34],[-30,-7],[-12,78],[-1,108],[5,55],[-8,94],[-13,9],[-13,-90],[-3,-105],[-8,-103],[-3,-126],[-15,-86],[-20,-139],[-17,-58],[-16,-135],[-21,19],[-1,90],[-11,27],[-13,-43],[-13,-86],[-14,16],[-3,137],[5,43],[7,312],[-2,153],[15,180],[8,181],[9,138],[0,123],[-7,55],[-18,33],[-25,-26],[-14,-48],[-6,-56],[-10,-243],[-13,-189],[3,-73],[-4,-390],[3,-115],[-16,-248],[-4,-30],[-17,-273],[-11,-110],[-3,-90],[-1,-144],[-15,-56],[-13,115],[-14,4],[8,-282],[-5,-45],[15,-60],[0,-107],[5,-56],[-4,-97],[-17,-74],[-9,-96],[-8,86],[-16,117],[8,60],[0,116],[-10,39],[-9,-14],[-2,-67],[-10,-112],[-2,-64],[7,-93],[3,-140],[-8,-143],[-8,-51],[-8,17],[-7,83],[-2,98],[-9,-103],[-11,19],[-9,-29],[-10,51],[-12,106],[-8,240],[15,46],[9,-93],[12,-41],[11,29],[-6,69],[-7,-9],[-13,180],[-10,39],[-5,129],[-3,322],[-21,105],[5,143],[-20,20],[-6,-33],[-13,-224],[-4,-131],[1,-79],[8,-76],[12,9],[9,-132],[2,-80],[6,-65],[-3,-83],[-8,-48],[0,-73],[7,-64],[1,-157],[8,-180],[0,-221],[-6,6],[-8,77],[-17,31],[-10,-75],[3,-69],[-4,-81],[-17,-87],[-6,36],[-9,-67],[-13,25],[-9,91],[-2,94],[-9,70],[-4,81],[6,119],[-9,111],[-8,163],[-17,132],[-10,-3],[-11,-62],[-11,18],[-10,-281],[1,-64],[13,-81],[6,11],[27,-215],[5,-132],[-8,-92],[-10,-49],[-13,-103],[-9,-122],[-6,-7],[-6,-138],[-8,-41],[-14,-19],[-5,-104],[-11,13],[-9,231],[18,90],[2,160],[-8,91],[2,141],[8,-40],[17,-38],[3,42],[-15,94],[-2,41],[5,193],[-1,191],[-9,150],[-2,98],[34,296],[15,72],[18,28],[3,-56],[11,-9],[11,50],[10,-65],[7,56],[17,14],[6,308],[-10,-18],[-7,58],[16,153],[8,25],[7,127],[9,20],[9,-36],[11,123],[4,98],[11,79],[11,-30],[7,-71],[11,53],[10,155],[-1,109],[-4,79],[3,155],[-23,-31],[21,216],[12,164],[25,301],[21,308],[11,168],[15,137],[19,99],[27,286],[15,35],[17,106],[16,146],[19,214],[32,90],[20,72],[12,69],[55,142],[25,84],[32,132],[1,-23],[-28,-105],[-2,-129],[15,-29],[11,41],[13,-40],[11,-2],[7,-45],[8,2],[7,89],[15,40],[6,85],[7,-11],[13,74],[4,-92],[-1,-130],[5,-69],[-5,-48],[-8,108],[-15,-31],[-9,-51],[-10,-107],[-2,-90],[5,-111],[13,-41],[1,-204],[4,-68],[10,-38],[15,-205],[14,-168],[6,113],[9,-6],[12,-81],[5,-188],[4,6],[5,208],[-12,78],[-6,97],[-12,57],[2,95],[-4,245],[-7,108],[10,25],[17,-94],[12,-24],[25,13],[8,48],[11,-28],[9,-161],[-3,-60],[0,-121],[7,-52],[4,87],[10,26],[4,-124],[8,-34],[9,25],[6,-53],[14,-11],[-11,142],[-1,135],[20,53],[-9,117],[-11,-24],[-27,191],[-8,90],[-16,45],[-11,145],[-7,-10],[5,155],[-8,72],[-9,-26],[24,382],[13,302],[1,80],[11,314],[7,222],[9,175],[21,167],[13,123],[9,152],[13,117],[25,104],[33,279],[35,369],[40,187],[35,178],[19,131],[25,213],[9,13],[16,103],[5,9],[27,184],[42,274],[25,249],[14,110]],[[3957,16664],[5,104],[12,38],[8,75],[14,81],[11,8],[15,91],[20,383],[7,221],[7,112],[9,241],[2,189],[8,47],[8,89],[17,78],[10,-41],[16,-136],[19,58],[20,119],[10,117],[9,61],[14,-40],[12,42],[22,153],[18,185],[12,-7],[20,86],[10,-37],[22,-21],[28,28],[7,24],[2,-170],[12,-95],[13,-144],[4,-82],[9,-282],[-3,-43],[1,-211],[8,-131],[1,-157],[12,-169],[27,15],[13,97],[10,-50],[13,-169],[1,-190],[9,-28],[6,-70],[-12,-48],[-17,62],[10,91],[-24,30],[-7,-33],[-19,44],[-9,96],[-3,136],[-10,10],[-7,-34],[-8,-115],[4,-139],[-3,-167],[-23,-27],[-5,-100],[-15,-24],[-4,-76],[-28,79],[-34,40],[-11,-20],[-29,-1],[-38,-56],[-32,-127],[-12,-76],[-20,-178],[-6,-111],[5,-83],[-2,-107],[-12,-156],[-21,-155],[-18,-30],[-24,-59],[-13,-67],[-16,57],[-9,-32],[-15,39],[-15,87],[-7,116],[-2,106],[-10,92],[4,61],[-2,76],[-7,59],[-4,271]],[[3881,14298],[7,76],[11,-14],[4,86],[9,-40],[8,32],[10,-67],[5,41],[14,-29],[2,70],[10,22],[4,-121],[-11,-193],[-8,21],[-15,-59],[-12,16],[-14,85],[-7,-30],[-16,50],[-1,54]],[[3808,14165],[23,33],[9,48],[12,-11],[17,14],[8,-135],[-13,-3],[-2,-123],[-8,43],[-5,112],[-24,22],[-4,-23],[-13,23]],[[3782,14004],[13,113],[11,-138],[-19,-64],[-5,89]],[[3751,15014],[3,110],[11,49],[1,107],[15,-90],[9,72],[9,22],[-1,-165],[-11,-49],[0,-89],[16,-142],[8,14],[11,-36],[6,37],[7,-77],[-5,-111],[-4,24],[-18,0],[-3,-97],[-18,-80],[5,-75],[-3,-79],[-7,-21],[-11,36],[-3,143],[7,96],[-10,168],[14,136],[-8,96],[-8,-79],[-8,1],[-4,79]],[[3632,14407],[4,133],[6,25],[-2,111],[9,64],[7,6],[13,151],[20,-45],[10,5],[2,-65],[-4,-103],[5,-66],[8,-25],[6,81],[18,-83],[2,-80],[-15,-97],[16,-63],[20,80],[-4,-184],[-10,-16],[-16,-112],[-5,41],[-17,19],[0,-113],[-9,-103],[-5,20],[1,99],[-9,38],[-33,-106],[-1,144],[-11,110],[-6,134]],[[3608,13731],[10,64],[16,-50],[9,-96],[-11,-67],[-23,16],[-1,133]],[[5246,37080],[4,71],[8,22],[-1,-131],[-11,38]],[[5212,37074],[4,64],[1,142],[10,-4],[1,-125],[-11,-123],[-5,46]],[[6116,37879],[-4,-35],[-33,-52],[-20,-123],[-8,-78],[-29,-101],[-6,-80],[-42,-132],[-44,-261],[-60,-257],[-17,-52],[-21,4],[-16,87],[-16,148],[-4,291],[-10,152],[-17,115],[-23,63],[-11,81],[2,135],[14,112],[-1,42],[5,541],[3,137],[-14,-7],[-19,-312],[-4,-103],[-30,-207],[-13,-38],[-7,-307],[5,-152],[-8,-182],[-6,-43],[-15,6],[1,-125],[5,-74],[8,-329],[8,-196],[7,-14],[0,-110],[6,-244],[14,-66],[-10,-210],[-17,-221],[-9,-45],[-19,-31],[-12,19],[-33,137],[-17,327],[-18,324],[-20,392],[-23,413],[-19,271],[-15,165],[-10,81],[-23,84],[-4,-42],[-11,80],[2,52],[13,187],[-9,181],[-9,30],[-26,-58],[4,-61],[-12,-208],[7,-77],[-2,-63],[-13,40],[-4,-45],[5,-183],[-17,-64],[0,-51],[-13,-45],[-14,168],[-5,109],[-6,27],[3,144],[-7,79],[-10,23],[-12,-33],[-2,-81],[-20,35],[4,96],[-6,117],[-6,8],[-16,-112],[1,158],[-6,128],[-12,71],[15,162],[-7,161],[-15,125],[5,83],[-10,20],[-9,-97],[-36,-204],[-7,-97],[-8,-36],[-32,-232],[-19,-164],[-11,-164],[-10,-100],[-8,109],[-6,40],[-10,-37],[-13,1],[-8,-105],[-12,-76]],[[5033,36590],[3,70],[-2,150],[6,190],[1,122],[15,116],[23,119],[13,-3],[9,35],[14,111],[7,-1],[6,119],[11,-39],[-18,-321],[-9,-227],[-14,-248],[-9,-251],[-10,-85],[-13,-58],[-21,35],[-12,-19],[3,95],[-3,90]],[[5038,37754],[-13,-70],[-5,-58],[-13,-26],[-11,-56],[-20,-62],[-3,-77],[-9,-80]],[[12199,40357],[5,191],[1,177],[3,84],[-9,30],[-4,-177],[-2,-249]],[[12100,42243],[67,337],[33,-300],[30,-195],[5,-11],[4,-165],[17,-184],[11,-13],[25,-295],[0,-442],[-13,-114],[-7,-120],[31,-201],[-11,-202]],[[99918,3784],[16,12],[12,157],[11,40],[11,-10],[31,-259],[-6,-232],[-5,-81],[-24,-169],[-9,-9],[-26,124],[-11,122],[-2,80],[2,225]],[[99679,2069],[6,101],[8,7],[4,-73],[13,-58],[19,12],[28,-100],[4,-47],[0,-96],[23,-167],[21,-268],[18,-144],[14,-33],[7,-119],[4,-126],[9,-38],[34,-7],[21,-140],[-3,-55],[-14,-28],[-9,61],[-30,-70],[-11,94],[-1,53],[-33,264],[-11,71],[-13,211],[-17,222],[-30,182],[-17,-34],[-22,106],[-20,153],[-2,66]],[[99629,3761],[9,47],[21,-68],[11,-106],[-1,-35],[-14,-210],[-10,-18],[-10,159],[-6,231]],[[99571,3017],[19,-32],[8,-73],[11,-164],[-15,-9],[-4,26],[-17,196],[-2,56]],[[99531,4035],[7,91],[6,-3],[11,-88],[3,-148],[-5,-59],[-11,-23],[-8,56],[-3,174]],[[99283,3356],[19,117],[5,-3],[14,176],[1,40],[19,83],[20,25],[4,42],[2,226],[11,309],[5,104],[11,76],[16,-122],[4,-102],[-4,-113],[-8,-23],[-8,-240],[-18,-186],[2,-113],[19,-27],[-2,-127],[-13,-44],[-42,72],[-10,-55],[-7,-76],[-6,-153],[2,-145],[-6,-91],[-5,97],[-16,137],[-9,36],[0,80]],[[98913,5711],[9,23],[12,-36],[4,-43],[-6,-115],[-9,-8],[-11,130],[1,49]],[[98410,7518],[7,42],[14,-74],[3,-111],[-13,12],[-11,48],[0,83]],[[98378,7600],[13,-36],[5,-69],[-4,-52],[-9,47],[-5,110]],[[98353,7717],[9,-16],[9,-66],[-10,-38],[-8,120]],[[98211,5883],[7,130],[18,115],[8,-65],[7,-5],[8,45],[8,147],[8,-14],[11,150],[15,30],[25,-4],[-4,-80],[-13,-93],[-5,-156],[6,-123],[4,-320],[-21,-1],[-12,108],[-5,113],[-8,1],[-14,-80],[-13,-2],[-19,89],[-11,15]],[[97962,8472],[46,368],[4,18],[29,29],[101,-87],[14,-95],[4,-67],[11,-105],[11,24],[12,-86],[35,-404],[-2,-88],[-31,-23],[-5,24],[-15,140],[-7,-36],[-5,-87],[-6,-180],[-13,-53],[-34,62],[-26,-175],[-26,137],[-13,170],[1,194],[-4,74],[-31,238],[-16,-21],[-20,-80],[-12,31],[-2,78]],[[3577,12747],[3,53],[16,52],[9,7],[-1,92],[15,76],[20,-10],[-14,-115],[-1,-81],[2,-172],[-18,0],[11,-108],[-7,-86],[-11,10],[-7,-80],[-4,102],[-8,12],[-5,248]],[[3147,10378],[12,67],[16,116],[0,40],[16,153],[11,16],[9,-35],[8,17],[6,88],[8,-70],[13,21],[-4,89],[7,33],[7,135],[12,-63],[8,17],[11,-72],[4,180],[11,-117],[-1,171],[4,47],[24,-83],[3,50],[9,-23],[-1,206],[19,82],[-1,70],[-11,56],[-3,161],[-5,89],[4,107],[12,57],[11,-87],[8,-15],[-1,96],[10,-57],[0,102],[-17,108],[-1,100],[10,120],[9,35],[30,7],[0,-72],[10,-146],[14,-138],[4,59],[-5,122],[-4,28],[5,104],[5,-59],[6,128],[9,-36],[7,64],[-23,40],[-17,44],[-8,65],[-12,12],[-10,86],[-13,-108],[-18,157],[-5,162],[-17,46],[-1,147],[9,22],[6,79],[3,157],[5,69],[11,45],[8,132],[8,-16],[26,158],[5,-46],[9,2],[4,64],[10,27],[10,79],[6,-74],[6,-2],[10,88],[12,-53],[6,-103],[0,-149],[-6,-23],[-6,-139],[8,-152],[-5,-73],[5,-44],[9,12],[2,-113],[8,57],[-4,90],[5,49],[-1,107],[5,68],[8,-44],[-9,-82],[8,-60],[10,89],[6,-5],[4,109],[-2,137],[7,-35],[2,198],[8,52],[7,-12],[-6,-224],[11,-7],[15,175],[6,-49],[4,-152],[-2,-89],[12,-66],[-8,-56],[1,-80],[-13,-69],[-13,18],[-16,-150],[-3,-67],[-8,3],[4,-108],[-17,-94],[-13,6],[6,-146],[-21,-80],[7,-80],[-1,-93],[7,-80],[2,131],[4,44],[8,-31],[6,137],[12,67],[10,-134],[1,184],[10,62],[8,-252],[7,-12],[6,-142],[-6,-23],[-1,-78],[-31,-115],[-8,-13],[-6,-112],[-7,52],[-8,-72],[-9,35],[-5,-69],[-6,-336],[-6,34],[-8,-40],[-6,32],[3,-184],[-6,-192],[-6,5],[-17,103],[-10,228],[-6,-39],[8,-179],[-2,-69],[8,-49],[1,-108],[-6,-105],[-9,63],[-6,-82],[-12,113],[-3,-157],[-16,56],[2,102],[-9,10],[-7,-78],[-10,20],[-10,-19],[-2,-104],[-7,-30],[-15,18],[-8,-107],[-10,-43],[-5,-64],[-21,-63],[-3,-176],[-18,7],[-23,-74],[1,-54],[-7,-114],[-5,-44],[-3,-95],[-9,98],[-6,-18],[-12,57],[-7,-170],[-8,-37],[-4,73],[-10,44],[-24,42],[-2,77],[-8,24],[-7,69]],[[2795,7951],[2,44],[12,27],[4,92],[-4,53],[21,32],[6,37],[4,99],[-5,71],[4,114],[12,-37],[17,121],[-5,253],[20,120],[8,174],[1,130],[-10,73],[3,239],[7,124],[11,123],[5,9],[6,120],[8,0],[11,148],[2,73],[22,-113],[6,16],[17,100],[4,-97],[15,41],[5,-50],[6,54],[1,158],[-7,-11],[-1,121],[-17,36],[5,73],[8,214],[-6,74],[0,124],[4,36],[13,209],[16,97],[14,145],[1,37],[25,78],[16,79],[15,-19],[7,55],[13,-74],[1,-92],[14,-55],[12,-12],[20,8],[2,-104],[-5,-121],[-14,-141],[0,-106],[4,-73],[-1,-126],[-16,-101],[-2,-54],[-20,-95],[-7,-77],[-15,-98],[-15,-60],[-2,-63],[-21,-72],[-21,-98],[-18,-186],[4,-49],[-12,-125],[-2,-126],[-22,-337],[-3,-106],[-15,-41],[-3,-44],[-18,-48],[-13,-202],[-7,-55],[-16,-67],[-2,-90],[-12,61],[-5,-37],[1,-97],[7,-51],[-8,-73],[-5,97],[-15,-52],[-4,-64],[-24,-168],[-7,-34],[-12,8],[-7,-82],[0,-69],[-10,-3],[-8,-42]],[[2755,7658],[15,126],[2,-62],[-17,-64]],[[2615,8745],[4,99],[0,93],[18,73],[4,-145],[-4,-72],[-4,-173],[-7,-54],[-6,31],[-5,148]],[[2608,26775],[8,5],[29,-59],[19,-10],[25,22],[9,-59],[-9,-118],[-11,-31],[-6,-121],[-5,-38],[-17,30],[-9,72],[-2,117],[-20,54],[-11,136]],[[2605,9117],[9,125],[7,-104],[-2,-75],[-14,54]],[[2546,7998],[6,127],[11,22],[17,-58],[6,20],[-1,103],[5,35],[8,-15],[22,59],[11,-33],[9,-71],[0,-120],[-5,-69],[5,-55],[-11,-102],[3,-106],[-10,-21],[-3,107],[-9,70],[-6,-17],[-16,103],[-18,-191],[-7,-9],[-14,112],[-3,109]],[[2515,8335],[6,36],[3,79],[9,1],[12,-38],[5,-57],[-2,-140],[-12,-77],[-12,48],[-9,148]],[[2498,7466],[3,288],[16,29],[4,-55],[13,-40],[-1,-136],[-6,-104],[-13,-19],[-16,37]],[[2431,29493],[2,149],[8,77],[6,-21],[17,80],[6,-39],[14,-3],[28,76],[-7,-163],[-5,-152],[-11,-77],[-11,-32],[-13,63],[-10,-10],[-24,52]],[[2314,6657],[6,250],[0,116],[13,26],[6,42],[3,116],[4,49],[10,-12],[8,104],[18,-50],[10,-80],[0,-164],[-4,-33],[-9,-164],[-14,-27],[-7,26],[-14,-86],[-3,-60],[-14,-143],[-13,90]],[[2221,6662],[10,119],[6,-23],[-1,-119],[-15,23]],[[2182,6265],[6,163],[12,74],[16,-179],[-5,-111],[-8,-96],[-18,27],[-3,122]],[[1815,5215],[4,146],[6,58],[7,182],[23,109],[4,68],[19,34],[0,-67],[8,-54],[15,-6],[5,-57],[1,-100],[-4,-85],[-21,-120],[-5,-83],[-9,36],[-9,-87],[-11,-9],[-6,-85],[-4,45],[-19,2],[-4,73]],[[1419,4518],[31,-18],[16,58],[-4,-134],[19,22],[4,-52],[8,33],[5,96],[17,10],[32,94],[10,-56],[8,90],[4,-84],[-8,-109],[8,-17],[6,-66],[5,71],[6,-67],[19,-3],[9,-28],[15,17],[8,37],[11,-72],[13,74],[9,-33],[4,-72],[8,66],[11,-27],[12,13],[8,-61],[-6,-53],[-22,9],[-14,-89],[-25,-11],[-29,-27],[-8,-63],[-29,29],[-4,-53],[-16,-48],[-6,98],[-8,45],[-5,-29],[-11,54],[-5,-37],[-7,39],[-14,-53],[-9,17],[-15,-56],[-11,66],[-17,7],[-3,93],[-10,163],[-9,-29],[-11,146]],[[1060,3986],[12,-18],[12,111],[11,-45],[8,105],[17,23],[10,-112],[12,105],[5,107],[7,-1],[5,-91],[17,173],[0,71],[7,26],[5,-70],[7,9],[5,-54],[8,24],[9,-24],[9,20],[0,114],[8,13],[12,-71],[22,79],[1,101],[8,-43],[6,68],[-6,132],[3,26],[12,-41],[7,56],[14,-32],[5,38],[-11,83],[7,64],[10,24],[10,-33],[5,-74],[8,40],[5,97],[7,-2],[2,66],[10,76],[-4,115],[-15,-1],[-6,50],[-10,-33],[-11,77],[-7,-18],[-8,56],[-4,77],[6,44],[8,-29],[18,-14],[7,106],[-3,169],[12,20],[4,87],[15,27],[3,50],[15,47],[10,-99],[12,-40],[5,-100],[13,-56],[0,-99],[6,-147],[-1,-108],[-13,-128],[0,-108],[-6,-89],[-22,28],[-5,-28],[-8,35],[-5,-86],[5,-93],[8,-13],[2,-110],[18,-156],[2,-93],[-8,-30],[-10,56],[-12,-48],[-9,-73],[-15,-24],[-2,91],[-14,36],[-3,-57],[-8,-11],[-1,-80],[-6,-12],[0,-136],[-3,-26],[-2,-142],[-6,50],[-6,124],[-9,51],[-15,-63],[1,-75],[-16,12],[-8,-89],[-18,46],[-6,-153],[-7,-6],[-15,122],[-10,-8],[-19,80],[-9,-62],[-11,20],[-2,-79],[-8,25],[-6,-104],[-17,23],[-7,-23],[-17,14],[-11,-16],[-17,60],[-10,-51],[-10,78]],[[1017,3761],[13,60],[5,-62],[-18,2]],[[1008,4756],[5,33],[6,-58],[-8,-52],[-3,77]],[[948,3631],[4,115],[22,-69],[-16,-50],[-4,-96],[-6,100]],[[912,3590],[4,47],[17,30],[5,-168],[-11,-20],[-5,86],[-10,25]],[[888,3793],[14,53],[21,-22],[-4,-71],[-8,29],[-1,-89],[-14,44],[-8,56]],[[845,3313],[7,5],[7,71],[21,43],[-2,-110],[13,-25],[-4,-59],[0,-132],[-17,99],[-9,-16],[-2,57],[-14,67]],[[818,4175],[1,64],[18,199],[25,-46],[6,-129],[8,-52],[-2,-90],[8,-111],[-19,-50],[8,-178],[-3,-46],[-14,-11],[-1,86],[-26,62],[0,77],[-6,99],[-3,126]],[[812,3021],[9,96],[-5,75],[3,89],[10,-6],[11,-122],[18,-13],[11,-45],[1,-89],[-15,-25],[-9,39],[1,-149],[-8,-30],[-10,-93],[-4,72],[5,59],[-13,61],[-5,81]],[[601,2029],[5,31],[-3,103],[4,105],[19,96],[10,122],[-3,104],[2,67],[-10,76],[-5,95],[2,75],[14,103],[5,-99],[6,-5],[11,67],[-3,53],[10,179],[0,84],[-10,126],[-3,110],[5,132],[5,43],[14,18],[15,-80],[11,56],[0,64],[11,122],[9,-42],[1,-109],[-3,-109],[5,-104],[-1,-54],[-8,-18],[-11,-61],[-2,-159],[-4,-77],[11,2],[1,-70],[10,22],[5,-43],[13,77],[9,-2],[3,-57],[15,142],[10,18],[6,-42],[9,54],[8,-65],[-3,-118],[6,-120],[1,-148],[-8,-70],[-7,-169],[-8,-44],[-14,47],[-1,261],[-7,-12],[2,-119],[-2,-116],[-8,-21],[-5,59],[-27,-260],[-25,-20],[-7,-69],[-11,20],[-2,-120],[4,-31],[-2,-125],[-9,69],[-14,-143],[-4,77],[3,112],[-7,167],[4,72],[-2,122],[-10,-181],[-1,-89],[-10,-133],[-4,-145],[-6,-92],[-12,64],[-2,125]],[[468,3393],[7,85],[6,-94],[-9,-62],[-4,71]],[[402,2416],[9,50],[9,93],[24,-74],[11,19],[1,87],[8,-15],[10,95],[10,-21],[5,44],[29,93],[13,73],[9,102],[2,123],[1,444],[5,58],[14,-11],[12,-54],[9,-105],[2,-70],[-7,-53],[2,-123],[-18,-141],[-1,-125],[5,-105],[-3,-121],[1,-153],[-6,-117],[-17,-13],[-13,30],[2,-99],[-9,-53],[-6,32],[-18,238],[-3,-23],[-19,-15],[-17,-133],[-29,33],[-9,-88],[1,-139],[-10,-3],[-1,138],[-4,9],[-4,93]],[[257,3263],[9,150],[19,53],[20,-31],[21,24],[21,-202],[-6,-95],[7,-57],[11,-5],[0,-77],[10,1],[10,70],[8,-77],[7,-12],[12,90],[16,25],[3,-81],[-16,-93],[-9,8],[-20,-106],[-9,-24],[5,-82],[-12,-204],[3,-188],[-10,-83],[-5,35],[-9,-59],[-3,-126],[8,-225],[-10,-25],[-7,137],[-1,115],[-19,23],[-3,97],[-12,-58],[-10,84],[12,129],[9,4],[24,88],[3,67],[-3,187],[-15,89],[-12,-50],[-9,106],[-3,82],[-12,62],[-9,79],[-9,37],[-5,118]],[[129,1897],[12,60],[10,-57],[11,-24],[-8,-82],[-10,43],[-11,-4],[-4,64]],[[80,1764],[10,-12],[11,-67],[12,-19],[2,-64],[-24,-13],[-3,107],[-8,68]],[[77,2804],[3,168],[7,76],[11,0],[14,-124],[3,-137],[-10,-170],[-12,-6],[-16,193]],[[41,818],[9,76],[12,-84],[5,-111],[-2,-111],[-11,-30],[-4,-78],[-6,-5],[2,255],[-5,88]],[[0,246],[10,150],[9,-45],[3,-173],[-7,-137],[-7,-41],[-7,73],[3,95],[-4,78]]],"bbox":[-179.14819599999998,51.22051,179.773922,71.364706],"transform":{"scale":[0.0035892570725707252,0.00020144397443974443],"translate":[-179.14819599999998,51.22051]},"objects":{"in":{"type":"GeometryCollection","geometries":[{"arcs":[[[0]],[[1]],[[2]],[[3]],[[4]],[[5]],[[6]],[[7]],[[8]],[[9]],[[10]],[[11]],[[12]],[[13,14,15,16,17]],[[18]],[[19]]],"type":"MultiPolygon","properties":{"geoid":"0215041200","name":"Kodiak Island"},"id":"0215041200"},{"arcs":[[20,21,22,23,24,25,26]],"type":"Polygon","properties":{"geoid":"0229042080","name":"Koyukuk-Middle Yukon"},"id":"0229042080"},{"arcs":[[27,-26,28,29,30,31]],"type":"Polygon","properties":{"geoid":"0229046060","name":"McGrath-Holy Cross"},"id":"0229046060"},{"arcs":[[32,33,34,35,36,37]],"type":"Polygon","properties":{"geoid":"0224072030","name":"Southeast Fairbanks"},"id":"0224072030"},{"arcs":[[38,-36,39,40,41]],"type":"Polygon","properties":{"geoid":"0226117350","name":"Copper River"},"id":"0226117350"},{"arcs":[[[42,43]],[[44]],[[45]],[[46]],[[47]],[[48,49]],[[50]],[[51]],[[-16,52]],[[53]],[[54,55,56,-14,57]]],"type":"MultiPolygon","properties":{"geoid":"0212238460","name":"Kenai-Cook Inlet"},"id":"0212238460"},{"arcs":[[[58]],[[59]],[[60]],[[61]],[[62]],[[63]],[[64]],[[65]],[[66,67,68,69]]],"type":"MultiPolygon","properties":{"geoid":"0213039010","name":"Ketchikan"},"id":"0213039010"},{"arcs":[[70,-37,-39,71,72,73,-56,74,-30]],"type":"Polygon","properties":{"geoid":"0217047440","name":"Matanuska-Susitna"},"id":"0217047440"},{"arcs":[[[-73,75,76,77]],[[78]]],"type":"MultiPolygon","properties":{"geoid":"0202003050","name":"Anchorage"},"id":"0202003050"},{"arcs":[[79,-22,80,81]],"type":"Polygon","properties":{"geoid":"0218555970","name":"North Slope"},"id":"0218555970"},{"arcs":[[82,-31,-75,-55,83,84,85]],"type":"Polygon","properties":{"geoid":"0205003580","name":"Aniak"},"id":"0205003580"},{"arcs":[[[88]],[[89,90,91,92]],[[93,94,95,96],[97]]],"type":"MultiPolygon","properties":{"geoid":"0210031160","name":"Haines"},"id":"0210031160"},{"arcs":[[-81,-21,98,99]],"type":"Polygon","properties":{"geoid":"0218856270","name":"Northwest Arctic"},"id":"0218856270"},{"arcs":[[[100]],[[101]],[[102]],[[103]],[[104]],[[105]],[[106]],[[107,108,-67,109]],[[110]],[[111]],[[112]],[[113]],[[114]],[[115]]],"type":"MultiPolygon","properties":{"geoid":"0227586420","name":"Wrangell"},"id":"0227586420"},{"arcs":[[[116]],[[119,120]],[[121,122,-108,123]]],"type":"MultiPolygon","properties":{"geoid":"0219560360","name":"Petersburg"},"id":"0219560360"},{"arcs":[[-80,124,-34,125,-23]],"type":"Polygon","properties":{"geoid":"0229086690","name":"Yukon Flats"},"id":"0229086690"},{"arcs":[[[126]],[[127,-86,128,129,130,131]],[[132]],[[133]],[[134]]],"type":"MultiPolygon","properties":{"geoid":"0205045510","name":"Lower Kuskokwim"},"id":"0205045510"},{"arcs":[[[135]],[[136]],[[139]],[[140]],[[141]],[[142]],[[143,144,145,146,-84,-58,-18,147,148]]],"type":"MultiPolygon","properties":{"geoid":"0216442780","name":"Lake and Peninsula"},"id":"0216442780"},{"arcs":[[149]],"type":"Polygon","properties":{"geoid":"0219848873","name":"Metlakatla Indian Community"},"id":"0219848873"},{"arcs":[[[150]],[[-99,-27,-28,151,152]],[[153]],[[154]]],"type":"MultiPolygon","properties":{"geoid":"0218054970","name":"Nome"},"id":"0218054970"},{"arcs":[[[155]],[[156]],[[157]],[[158,159]],[[160]],[[161]],[[162,163]]],"type":"MultiPolygon","properties":{"geoid":"0222070590","name":"Sitka"},"id":"0222070590"},{"arcs":[[[166]],[[167]],[[168]],[[169]],[[-152,-32,-83,-128,170]]],"type":"MultiPolygon","properties":{"geoid":"0215842185","name":"Kusilvak"},"id":"0215842185"},{"arcs":[[-126,-33,171,-24]],"type":"Polygon","properties":{"geoid":"0209024450","name":"Fairbanks North Star"},"id":"0209024450"},{"arcs":[[[172]],[[173]],[[174]],[[175]],[[176]],[[177]],[[178]],[[179]],[[180]],[[181]],[[182]],[[183]],[[184]],[[185]],[[186]],[[187]],[[188]],[[189]],[[190]],[[191,192]],[[195,196]],[[-72,-42,197,198,199,-76]]],"type":"MultiPolygon","properties":{"geoid":"0226114420","name":"Chugach"},"id":"0226114420"},{"arcs":[[[200,201,-122,202]],[[203,204]],[[205]],[[206]],[[207]],[[208,209]],[[210,211]],[[213]],[[214]],[[215]],[[216]],[[-163,217,-165,218]],[[219]],[[220,221,-96,222]]],"type":"MultiPolygon","properties":{"geoid":"0210533390","name":"Hoonah-Angoon"},"id":"0210533390"},{"arcs":[[223,-69]],"type":"Polygon","properties":{"geoid":"0219834575","name":"Hyder"},"id":"0219834575"},{"arcs":[[[224,-209,225,-211]],[[226]],[[227]],[[-92,228,-201,229,-205,230]]],"type":"MultiPolygon","properties":{"geoid":"0211036450","name":"Juneau"},"id":"0211036450"},{"arcs":[[-98]],"type":"Polygon","properties":{"geoid":"0210540560","name":"Klukwan"},"id":"0210540560"},{"arcs":[[[231]],[[232]],[[233,-77,-200,234,-195,235,-193,236,-196,237,-43,238,-49]]],"type":"MultiPolygon","properties":{"geoid":"0212268610","name":"Seward-Hope"},"id":"0212268610"},{"arcs":[[-145,239]],"type":"Polygon","properties":{"geoid":"0206009050","name":"Bristol Bay"},"id":"0206009050"},{"arcs":[[[240]],[[241]],[[242]],[[243]],[[244]],[[245]],[[246]],[[247]],[[248]],[[249]],[[250]],[[251]],[[252]],[[253]],[[254]],[[255]],[[256]],[[-121,257,-119,258]],[[259,-159]]],"type":"MultiPolygon","properties":{"geoid":"0219864310","name":"Prince of Wales"},"id":"0219864310"},{"arcs":[[[260]],[[261]],[[-41,262,-221,263,-198]]],"type":"MultiPolygon","properties":{"geoid":"0228286498","name":"Yakutat"},"id":"0228286498"},{"arcs":[[[264]],[[265]],[[266]],[[267]],[[268]],[[269]],[[270]],[[271]],[[272]],[[273]],[[274]],[[275]],[[276]],[[277]],[[278]],[[279]],[[280]],[[281]],[[282]],[[283]],[[284]],[[285]],[[286]],[[-139,287,-149,288]],[[289]],[[290]],[[291]],[[292]],[[293]],[[294]],[[295]]],"type":"MultiPolygon","properties":{"geoid":"0201301598","name":"Aleutians East"},"id":"0201301598"},{"arcs":[[[296]],[[297]],[[-85,-147,298,-129]],[[299]],[[300,-131]]],"type":"MultiPolygon","properties":{"geoid":"0207019000","name":"Dillingham"},"id":"0207019000"},{"arcs":[[-90,301,-94,302]],"type":"Polygon","properties":{"geoid":"0223070810","name":"Skagway"},"id":"0223070810"},{"arcs":[[[303]],[[304]],[[305]],[[306]],[[307]],[[308]],[[309]],[[310]],[[311]],[[312]],[[313]],[[314]],[[315]],[[316]],[[317]],[[318]],[[319]],[[320]],[[321]],[[322]],[[323]],[[324]],[[325]],[[326]],[[327]],[[328]],[[329]],[[330]],[[331]],[[332]],[[333]],[[334]],[[335]],[[336]],[[337]],[[338]],[[339]],[[340]],[[341]],[[342]],[[343]],[[344]],[[345]],[[346]],[[347]],[[348]]],"type":"MultiPolygon","properties":{"geoid":"0201601615","name":"Aleutians West"},"id":"0201601615"},{"arcs":[[-29,-25,-172,-38,-71]],"type":"Polygon","properties":{"geoid":"0206818765","name":"Denali"},"id":"0206818765"}]}}}