{"type":"Topology","arcs":[[[8312,50879],[20,0],[0,-143],[17,0],[0,-144],[200,0]],[[8549,50592],[0,-1289],[-3,0],[0,-1576],[-74,0],[-2,-143],[0,-430]],[[8470,47154],[-81,0],[1,560]],[[8390,47714],[7,44],[-24,289],[-10,27],[-19,129],[-31,-50],[-15,-41],[-5,100],[-8,28],[-24,154],[-32,12],[-8,67],[-15,36],[-14,62],[-10,86],[-7,115],[-13,139],[-23,119],[-10,106],[-27,92],[0,72],[10,84],[1,81],[12,-1],[16,40],[7,72],[6,188],[6,54],[13,224],[10,60],[16,47],[-1,173],[5,51],[22,42],[14,85],[12,-27],[4,85],[22,108],[16,128],[18,2],[1,83]],[[8041,49108],[12,52],[5,152],[15,38],[1,-107],[-20,-155],[-13,20]],[[13234,18949],[4,14],[4,116],[7,77],[-6,68],[4,119],[6,26],[10,-54],[2,135],[-10,37],[0,61],[-11,354],[12,147],[10,9],[24,-260],[14,-40],[5,-92],[14,-105],[-10,-33],[3,-221],[-6,-151],[6,-83],[-1,-152],[-10,-146],[-28,2],[-5,74],[1,87],[-21,-148],[-7,-102],[-10,86],[-1,175]],[[3934,47661],[6,203],[19,-74],[13,-120],[-30,-102],[-8,93]],[[3906,48087],[35,211],[3,-77],[15,26],[14,68],[25,76],[8,-38],[14,48],[12,-37],[16,10],[1,-134],[23,-55],[22,82],[11,-35],[6,109],[14,30],[11,-18],[4,55],[13,6],[6,98],[18,78],[2,259],[-12,-16],[-6,53],[3,137],[-8,56],[8,151],[12,7],[10,-129],[13,82],[-1,82],[17,163],[6,-4],[21,92],[-1,186],[-15,68],[-3,112],[3,96],[-8,96],[6,242],[15,-33],[16,18],[15,-64],[10,55],[36,-155],[20,16],[17,79],[-5,133],[3,97],[17,39],[-5,118],[16,145],[-3,88],[9,19],[3,-102],[11,55],[17,-92],[35,-33],[20,125],[10,28],[41,28],[19,65],[26,218],[10,-29],[59,97],[11,-65],[-2,-195],[21,-24],[20,95],[17,-40],[12,-2],[27,-62],[20,-78],[12,-23],[35,29],[53,234],[27,16],[17,53],[25,124],[34,57],[14,38],[42,57],[11,79],[16,189],[21,159],[23,139],[26,123],[50,108],[38,198],[31,94],[28,-18]],[[5265,52523],[-11,-185],[-4,-199],[-26,-214],[-5,-133],[5,-106],[-16,-117],[-4,-145],[-9,-104],[1,-129],[-5,-98],[-14,-48],[-21,-28],[-10,77],[-10,-54],[4,-123],[-15,-11],[3,-128],[10,-47],[-19,-126],[-8,10],[1,92],[-14,13],[1,-120],[-12,27],[-15,-35],[-8,-104],[14,-162],[12,20],[1,84],[19,-128],[11,87],[16,-84],[0,-119],[-6,-112],[-1,-116],[-8,-41],[-5,-137],[5,-195],[-13,-96],[-2,-60],[21,-27],[30,171],[18,2],[32,-33],[3,-34],[4,-191],[-5,-165],[2,-59],[25,-95],[6,-108],[14,-136],[9,-202],[12,-51],[12,9],[10,155],[20,86],[2,108],[-6,157],[21,173],[5,117],[18,132],[8,-75],[21,-95],[18,32],[12,-195],[10,-71],[-9,-70],[8,-127],[-7,-127],[3,-110],[-10,-102],[8,-48],[-4,-87],[-9,-12],[-3,-243],[10,-193],[-7,-128],[-10,-53],[-1,-73],[-9,-70],[1,-106],[-6,-71],[4,-79],[-2,-185],[-6,-45],[-1,-199],[-4,-229],[3,-99],[13,6],[17,67],[16,-43],[4,-77],[9,-45],[11,15],[16,-105],[25,11],[7,-22],[-1,-241],[6,-98],[10,-76]],[[5511,45970],[0,-106],[-19,0],[0,-430],[-48,0],[0,-860],[-49,0],[0,-430],[-17,0],[0,-860],[-48,0],[0,-859],[-65,0],[0,-860],[-47,0],[0,-860],[-16,0],[0,-430],[-47,0],[0,-430],[-47,0],[0,-860],[-14,0],[0,-430],[-47,0],[0,-792],[-1,-4]],[[5046,37759],[-8,-65]],[[5038,37694],[-84,1],[0,-429],[10,-1]],[[4964,37265],[-8,-82],[-4,-99],[-1,-125],[4,-77],[-32,-97],[-14,-69],[-9,-132],[-9,17],[-11,-31],[-12,-98],[-4,-95],[-20,-49],[1,135],[-5,120],[-13,134],[-22,-1],[-9,20],[-6,-47],[-8,43],[-26,-53],[-21,87],[-3,79],[13,70],[26,9],[7,53],[15,-75],[-1,-82],[16,24],[10,91],[4,99],[-7,69],[6,88],[11,63],[8,149],[6,195],[-1,131],[-7,251],[-2,439],[-15,283],[6,107],[-16,87],[-28,397],[-9,216],[-12,363],[17,365],[11,69],[0,132],[21,84],[4,133],[13,41],[4,140],[17,43],[9,55],[3,96],[-20,304],[-12,141],[-15,251],[-4,316],[-13,177],[0,55],[-11,248],[-26,299],[-6,116],[-8,202],[2,135],[-19,190],[-11,200],[-4,155],[-9,11],[-4,126],[-13,121],[-15,280],[-21,26],[-11,-142],[-3,-85],[2,-289],[4,-200],[-9,-161],[-9,-78],[-24,-39],[-25,88],[-13,-208],[-12,-78],[-21,-54],[-32,-185],[-24,-123],[-30,-107],[-18,-29],[-14,-53],[-38,-74],[-34,-38],[-39,-28],[-33,3],[-39,60],[-24,66],[-24,108],[-8,97],[-13,316],[-3,92],[13,105],[16,20],[-1,93],[-7,46],[-16,156],[-32,143],[-6,-4],[-12,96],[-30,441],[1,79],[-8,91],[-12,37],[-23,197],[-7,196],[0,104],[-13,-73],[-34,40],[-29,145],[-21,169],[-23,238],[-9,108],[9,104],[13,22],[14,107],[4,124],[6,15],[-2,153],[-25,23],[-17,-120],[-10,-28],[-10,-87],[-21,-19],[-9,51],[-21,38],[-11,221],[10,109],[24,-15],[12,73],[-1,66],[7,73],[11,-4],[11,164],[15,24],[10,167],[10,-9],[14,124],[2,73],[-11,94],[-7,112],[0,96],[10,1],[31,161],[6,122],[-3,56],[-16,90],[-7,144],[11,135],[-2,93],[-8,-3],[-20,-184],[-14,2],[-14,50]],[[3256,44568],[14,-61],[12,94],[20,73],[12,-66],[6,64],[39,-40],[14,-51],[27,39],[1,-90],[10,-11],[9,57],[6,-50],[13,206],[-7,110],[5,76],[20,149],[22,27],[0,57],[19,-105],[6,70],[-3,149],[13,50],[10,113],[24,-76],[9,-82],[22,129],[29,62],[12,-69],[6,61],[8,-161],[9,-90],[-2,-81],[21,-47],[21,30],[4,96],[8,21],[56,-255],[2,-119],[-5,-79],[-9,-26],[2,-92],[8,-19],[2,-129],[-12,-181],[11,-113],[7,-115],[-2,-100],[-11,-135],[7,-63],[0,-108],[14,-82],[-5,-150],[19,-141],[-3,-85],[8,-77],[-5,-89],[-38,-92],[-12,64],[-19,-51],[-12,-95],[-21,17],[-26,-97],[-19,-146],[-10,-27],[10,-97],[8,-142],[-2,-66],[-18,-61],[-10,9],[-7,63],[-1,93],[-21,187],[-14,34],[-5,62],[-20,80],[-20,-52],[-30,20],[-18,157],[-22,57],[-8,93],[-33,243],[-40,165],[-16,-20],[-17,111],[-17,149],[-4,77],[-18,20],[-9,48],[3,91],[-5,188],[-19,304],[-13,119]],[[1695,46011],[6,225],[0,69],[9,28],[10,85],[6,107],[11,-6],[0,-83],[-5,-130],[14,-296],[20,-147],[9,-103],[46,-271],[22,-71],[24,0],[4,48],[14,-67],[12,-114],[23,-167],[10,-48],[-10,-77],[-11,-10],[-9,160],[-23,42],[-26,-6],[-27,-89],[-8,89],[-28,132],[-11,145],[-35,297],[-11,128],[-14,24],[-22,106]],[[1679,46799],[8,173],[7,-2],[2,-249],[-8,-2],[-9,80]],[[13119,23964],[7,157],[6,-67],[8,-251],[-2,-105],[-9,-33],[-4,152],[-8,106],[2,41]],[[13003,26256],[0,100],[8,19],[2,-94],[-10,-25]],[[13001,26506],[9,129],[12,52],[0,-107],[-14,-109],[-7,35]],[[12979,25595],[7,171],[12,96],[25,-174],[-10,-75],[-3,-79],[-10,-33],[-2,-62],[-15,38],[-4,118]],[[12978,26309],[9,158],[3,-113],[-4,-129],[-8,84]],[[12964,26190],[9,35],[3,-132],[-11,34],[-1,63]],[[12953,26065],[7,42],[11,-73],[4,-68],[-4,-62],[-15,101],[-3,60]],[[12980,27227],[7,-9],[17,86],[9,196],[11,42],[9,-6],[18,102],[5,94],[2,142],[10,61],[1,97],[6,69],[16,58],[12,-65]],[[13103,28094],[-2,-82],[70,-336],[-8,-259],[11,-252],[7,-515],[71,65],[31,-295],[83,-512],[24,-216]],[[13390,25692],[0,-122],[-8,-112],[5,-117],[12,-29],[10,-61],[-6,-87],[6,-130],[1,-116],[-13,-65],[0,-51],[-13,-156],[-12,-36],[-16,-16],[-9,-59],[-3,169],[-9,-12],[-4,-63],[-11,-52],[-5,-115],[-10,-90],[-13,0],[0,-51],[11,-225],[8,-71],[-4,-83],[6,-175],[-14,42],[-16,-16],[-16,61],[0,88],[-15,63],[-5,78],[-11,49],[-4,61],[-9,-44],[6,-136],[-5,-68],[-8,-4],[-6,58],[-10,-40],[-18,-15],[-12,-151],[-1,-124],[-7,-95],[9,-149],[-6,-141],[-18,-62],[0,-117],[-14,-73],[-1,-74],[21,-279],[0,-65],[-11,-159],[-2,-137],[6,-124],[-13,-68],[-14,119],[-8,-68],[-1,-182],[-16,-54],[-14,-79]],[[13080,21862],[-8,327],[-16,308],[5,10],[9,-99],[12,-21],[2,89],[0,227],[15,40],[16,-7],[2,85],[-6,30],[-2,86],[13,159],[-2,136],[-4,69],[2,110],[6,68],[21,44],[3,148],[-7,315],[2,311],[0,240],[23,46],[5,104],[13,-60],[15,68],[17,-90],[18,65],[-14,76],[-10,0],[-7,43],[-13,-37],[-19,67],[-6,-22],[-13,-161],[-15,7],[-6,-59],[-3,-245],[-8,3],[-5,-88],[-14,248],[-14,31],[-2,-69],[9,-126],[9,-60],[5,-87],[-16,-100],[-10,19],[-10,-34],[20,-358],[-3,-85],[10,-149],[-1,-105],[-6,-58],[-8,10],[-5,145],[-10,-152],[-11,-18],[-11,-181],[3,-129],[-18,-60],[-8,167],[10,219],[-11,113],[-11,12],[2,176],[9,75],[-10,75],[-9,-13],[-4,87],[7,174],[-9,-26],[-6,49],[-10,-85],[-10,106],[-7,-74],[-1,-96],[6,-56],[-1,-84],[-12,84],[-18,374],[-5,179],[8,114],[-6,238],[12,127],[7,-36],[13,30],[8,286],[7,56],[5,151],[8,-9],[18,79],[5,-24],[11,-194],[-4,-163],[3,-75],[-4,-113],[12,-98],[10,-130],[14,-5],[-2,81],[-15,142],[-5,177],[-5,56],[4,106],[3,185],[-7,161],[8,112],[-2,82],[-11,157],[-3,192],[9,6],[8,-76],[15,-39],[7,-60],[6,-170],[-2,-88],[8,-111],[6,-41],[3,161],[-5,72],[-4,213],[-15,148],[-7,-14],[-6,103],[-14,113],[-1,65],[-1,270],[5,23],[9,189],[-6,14],[-23,-155],[-16,-30],[-24,126],[9,340],[-7,91]],[[12873,24320],[6,97],[12,-52],[0,-119],[-12,-19],[-6,93]],[[12856,24660],[11,4],[15,-128],[-11,-43],[-8,123],[-7,44]],[[12855,24958],[4,98],[9,-21],[0,-76],[-9,-52],[-4,51]],[[12855,24793],[0,91],[14,-15],[7,-41],[-2,-130],[-18,44],[-1,51]],[[12853,24603],[7,-26],[4,-110],[-7,-22],[-4,158]],[[12837,25440],[7,81],[12,287],[14,117],[7,26],[16,-8],[12,-74],[22,81],[9,-6],[13,-73],[11,-119],[2,-147],[-7,-41],[-8,-147],[7,-267],[-2,-93],[-19,-108],[-20,-33],[-21,-86],[-3,79],[-16,126],[-3,79],[-31,206],[-2,120]],[[12822,25971],[14,55],[3,-81],[-17,26]],[[12766,28685],[5,30],[13,-40],[19,19],[20,-49],[13,-54],[12,-191],[10,-61],[5,-95],[3,-167],[4,-54],[4,-167],[-2,-77],[9,-111],[25,-54],[11,-156],[5,-31],[8,-214],[13,-127],[20,-92],[-2,-111],[8,-146],[15,-58],[1,-104],[-23,-161],[-8,8],[-14,-121],[-9,-105],[-23,-63],[-16,69],[-7,-39],[-14,44],[-3,136],[-7,-24],[-2,-108],[-14,51],[-2,61],[-26,-15],[5,-262],[-8,-88],[-14,-59],[-14,144],[-7,-33],[-6,49],[-7,-64],[-9,33],[0,76],[-11,65],[-7,-30]],[[12739,26139],[5,112],[-10,84],[-2,236],[5,17],[1,158],[-4,95],[-12,69],[0,112],[-8,55],[11,129],[-9,6],[-17,174],[11,0],[11,38],[0,146],[-8,87],[6,76],[2,243],[-3,78],[16,1],[20,118],[27,78],[3,58],[-9,161],[-9,215]],[[12691,32469],[12,1],[10,198],[5,31],[13,-23],[8,-122],[20,-85],[8,19],[8,79],[4,-124],[15,24],[12,-157],[14,5],[8,-71],[10,77],[6,-110],[12,-22],[7,28],[8,120],[7,-70],[11,-36],[4,-57],[-8,-131],[10,-20],[6,-96],[-11,-112],[-2,-133],[21,-185],[18,34],[7,-35],[19,34],[1,121]],[[12954,31651],[27,-550],[46,-650],[7,-116],[32,-649],[-33,-594],[90,-230],[-20,-768]],[[12980,27227],[8,164],[-32,163],[-15,134],[-25,173],[-3,167],[-5,70],[-19,150],[-6,172],[-13,186],[17,-2],[11,57],[12,-168],[6,24],[-5,222],[-8,204],[6,74],[0,88],[-17,-130],[3,-109],[-8,-106],[-12,105],[-24,56],[-9,46],[-7,83],[-10,27],[-20,7],[-6,133],[3,105],[-18,-11],[-3,-100],[-12,-46],[-14,110],[-27,108],[-11,114],[-18,83],[15,60],[4,118],[-10,173],[2,91],[11,20],[-3,98],[6,26],[14,-109],[18,-8],[9,75],[6,-42],[17,13],[5,63],[11,24],[-2,95],[-12,-45],[-12,64],[-20,-7],[-27,108],[-7,128],[15,167],[-12,41],[-16,266],[2,337],[8,37],[3,165],[-24,-112],[-15,80],[-1,60],[-12,122],[-3,92],[0,124],[7,83],[-2,165],[26,31],[14,-167],[12,-17],[24,-100],[14,-108],[31,-166],[13,-103],[16,-241],[13,-111],[3,73],[-13,112],[-12,203],[-11,126],[-12,88],[-13,147],[-14,8],[-15,143],[-11,152],[-21,104],[-7,91],[-17,-2],[-3,54]],[[4048,58622],[7,57],[11,-34],[-7,-78],[-11,55]],[[4042,58811],[10,125],[5,-109],[-15,-16]],[[3957,56699],[22,43],[6,-51],[8,-259],[-18,-39],[-17,129],[-1,177]],[[3947,56219],[17,39],[10,-12],[3,-105],[-27,30],[-3,48]],[[3933,56502],[8,108],[13,-177],[-1,-64],[-15,-6],[-5,139]],[[4614,59746],[57,0],[0,-429],[53,0],[0,-430],[53,0],[0,-430],[72,0],[246,0]],[[5095,58457],[0,-62],[-23,0],[0,-498],[-15,0],[0,-1719],[-15,0],[0,-1719],[37,0],[0,-1289],[107,0]],[[5186,53170],[9,-265],[9,-115],[20,-90],[21,-23],[21,47],[0,-73],[16,-30],[-4,-124],[-13,26]],[[3906,48087],[-8,38],[-7,98],[-3,171],[15,135],[6,26],[26,-24],[21,78],[-1,213],[-9,16],[-8,-95],[-15,38],[-15,87],[-5,114],[-13,87],[3,120],[-18,36],[-17,151],[-8,-102],[-8,-164],[-3,-219],[-8,-23],[-40,55],[-16,98],[-8,286],[3,145],[-7,159],[13,222],[-5,96],[-23,2],[-26,99],[-14,-18],[-11,94],[-13,306],[1,147],[42,186],[5,109],[-3,97],[-15,159],[-10,-2],[-26,121],[-12,-24],[-4,-52],[-22,-46],[-7,-95],[-11,33],[-11,371],[4,216],[8,-18],[25,30],[41,116],[37,75],[-8,58],[-10,-5],[-7,59],[-14,-6],[-25,103],[-13,228],[-14,152],[1,97],[48,69],[15,-33],[18,24],[7,-65],[13,133],[33,59],[-19,205],[0,51],[-10,129],[-10,272],[-1,266],[7,252],[5,32],[16,322],[8,29],[34,435],[22,242],[20,269],[9,14],[5,160],[16,243],[13,152],[40,312],[12,18],[20,-55],[23,27],[6,-54],[-10,-137],[12,10],[15,207],[-4,35],[-17,15],[1,106],[22,107],[-8,107],[-7,178],[-4,253],[-8,87],[4,148],[-4,201],[14,63],[-11,77],[1,106],[7,131],[6,255],[6,143],[22,322],[14,100],[27,-17],[7,26],[1,92],[-13,104],[6,50],[-8,219],[4,77],[12,78],[32,295],[25,132],[16,15],[24,62],[36,20],[17,-50],[34,-164],[14,-43],[8,32],[15,-26],[0,-71],[38,-319],[19,8],[12,-115],[0,-58],[18,-79],[15,-137],[6,-137],[15,59],[52,50],[18,60],[19,233],[17,69],[18,150],[1,161],[6,99],[15,57],[12,-29],[16,66],[23,234]],[[12698,32999],[110,1346]],[[12808,34345],[28,-748],[57,-778],[32,-683],[27,-425],[2,-60]],[[12691,32469],[11,43],[0,106],[-7,152],[3,229]],[[12682,32811],[-2,-80],[1,-170],[-12,-21],[-6,27]],[[12663,32567],[19,244]],[[12613,29980],[5,198],[9,28],[9,-85],[-23,-141]],[[12517,33069],[8,-8],[8,-203],[15,-257],[-6,-47],[-16,223],[4,57],[-13,235]],[[12499,33382],[11,-5],[12,-79],[7,-101],[-2,-52],[-15,-20],[-11,167],[-2,90]],[[12364,34023],[13,-141],[7,-125],[7,-12],[12,156],[21,-21],[0,131],[4,74],[19,-19],[12,52],[3,50],[67,210]],[[12529,34378],[3,-148],[-10,-65],[6,-104],[-3,-48],[25,-312],[3,-115],[-3,-49],[19,-243],[12,-131],[-4,-90],[29,-432],[-1,-195],[4,-138],[-1,-277],[11,-159],[12,-115],[3,-219],[-10,-39],[-5,117],[0,98],[-16,216],[-16,162],[-15,352],[2,118],[-7,139],[-17,158],[-6,158],[-6,1],[-7,234],[5,47],[-2,91],[-18,280],[-26,92],[21,-234],[-8,-31],[-16,98],[5,-235],[8,-173],[0,-132],[-7,-211],[15,130],[26,-451],[2,-64],[13,-252],[12,-115],[4,-106],[-10,-15],[-3,-61],[23,-15],[10,-84],[11,-154],[-3,-198],[5,-162],[12,-146],[-12,-202],[9,-93],[5,-121],[-2,-88],[7,-190],[-5,-76],[-15,-83],[-8,-140],[-5,-9],[-9,98],[-21,35],[-6,-50],[-4,153],[-9,-47],[8,-110],[-2,-69],[11,-128],[-1,-91],[-15,-85],[-2,-196],[-15,-158],[-13,40],[-12,-229],[-7,-60],[-18,19],[-5,-77],[10,-99],[-14,-126],[-17,-93],[3,-111],[-20,-17],[-5,76],[-12,34],[-8,308],[0,144],[9,107],[-11,151],[-2,217],[7,16],[15,-69],[-2,104],[-10,95],[15,232],[14,48],[-7,105],[-12,26],[3,169],[-3,113],[14,26],[-1,-83],[13,-79],[15,-15],[2,74],[-12,40],[-21,299],[-1,72],[-10,23],[-8,453],[-17,271],[-9,315],[1,80],[-7,84],[-2,134],[7,215],[-3,44],[4,183],[-7,274],[-4,67],[-1,193],[-7,163],[4,45],[-14,321],[3,127],[8,73]],[[12380,34735],[-9,-199],[-8,-112],[1,-132],[-2,-202]],[[12362,34090],[-7,28],[-5,182],[-10,174],[-12,87],[-5,152],[-1,104],[-6,131],[-4,193],[2,113],[-6,175],[4,205],[11,-159],[8,-285],[15,101],[8,-96],[1,-119],[14,-136],[2,-117],[9,-88]],[[12227,34465],[2,-20]],[[12229,34445],[-2,20]],[[12096,35430],[19,72],[12,-25],[23,-176],[-4,-71],[-27,-11],[-11,37],[-12,174]],[[11979,36571],[9,36],[9,-182],[-5,-46],[-13,192]],[[11977,34993],[11,113],[7,-13],[15,89],[1,-230],[-12,-62],[-15,12],[-7,91]],[[11908,34941],[14,-21],[11,26],[10,-49],[-7,-148],[-14,30],[-14,162]],[[12269,32442],[-18,-46],[-18,20],[-10,58],[-21,159],[-21,192],[-29,180],[-52,243],[-21,141],[-7,81],[-24,135],[-21,-551],[-13,-255],[-99,-34]],[[11915,32765],[-2,0]],[[11913,32765],[-11,-4]],[[11902,32761],[-19,196],[6,83],[-3,48],[-19,67],[-6,109],[4,276],[-4,234],[4,68],[-2,80],[8,160],[20,7],[5,108],[23,144],[9,-69],[8,-16],[-5,180],[-9,123],[0,144],[22,-107],[9,-83],[2,-137],[11,-5],[-1,119],[18,221],[19,-48],[8,20],[6,-133],[11,8],[2,82],[20,189],[8,15],[10,89],[3,66],[13,10],[12,-221],[19,-74],[7,30],[6,-98],[26,-117],[9,-81],[-8,-107],[0,-147],[-4,-94],[-13,-95],[-11,-163],[-12,32],[-3,-121],[14,-45],[-2,-174],[11,14],[9,137],[1,87],[8,135],[5,11],[4,119],[13,67],[-2,159],[11,46],[7,-13],[16,-99],[12,-152],[5,35],[27,-55],[17,25],[9,-49],[-2,-86],[32,-77],[7,-42],[6,-119],[5,-190],[-7,-113],[5,-42],[-1,-112],[-21,-168],[-12,28],[-42,243],[-1,-55],[18,-231],[18,-60],[8,-50],[3,-120],[20,-128],[-15,-137],[-16,-62],[-7,55],[-5,-93]],[[11780,38252],[4,51],[11,-34],[-3,-156],[-12,139]],[[11479,37609],[117,498]],[[11596,38107],[22,2],[51,461],[111,675],[11,99],[68,32],[26,468]],[[11885,39844],[8,25],[15,-101],[11,18],[1,-72],[28,-29],[8,-70],[13,-30],[15,-92],[3,95],[19,-59],[-1,-83],[13,39],[12,-35],[19,-4],[8,-101],[16,-109],[10,15],[21,-158],[-6,-188],[8,-186],[36,-340],[0,-106],[-12,-96],[1,-95],[14,-11],[7,-65],[-14,-134],[-11,-46],[-18,-2],[2,-67],[-10,-71],[0,-136],[-5,-45],[-1,-96],[-6,-111],[7,-102],[6,56],[10,-117],[7,40],[19,-104],[8,-7],[6,-207],[11,-2],[11,-107],[13,-72],[3,-83],[-6,-64],[9,-91],[6,-99],[-4,-56],[11,-68],[5,-115],[-10,-66],[-7,56],[-16,59],[-16,-72]],[[12162,36077],[-5,-23],[9,-148],[-6,-68],[12,-216],[-3,-128],[-8,-31],[-17,162],[-5,-7],[-12,91],[-17,-115],[-14,-43],[-11,18],[-16,-53],[-26,-23],[6,179],[0,241],[-12,-82],[-15,94],[-1,63],[19,174],[-6,18],[-5,99],[-1,152],[11,119],[9,-102],[16,106],[-11,31],[-11,140],[-11,334],[-7,7],[-7,79],[1,87],[-9,234],[-12,153],[2,93],[18,71],[0,57],[-10,35],[-5,122],[2,205],[-15,152],[0,91],[-11,11],[1,-174],[9,-115],[-5,-88],[6,-56],[3,-140],[-7,-242],[-5,-59],[-3,-131],[1,-133],[-10,27],[-16,-13],[-8,93],[-13,40],[-21,195],[-19,43],[-12,174],[1,74],[-7,224],[0,125],[-11,50],[0,-158],[-8,-54],[-10,158],[-6,146],[-15,126],[15,-298],[8,-110],[0,-150],[-15,42],[-2,55],[-18,116],[-34,152],[-7,117],[-13,78],[-7,128],[-10,70],[-7,115],[-10,-74],[6,-140],[9,-15],[4,-106],[15,-130],[9,-153],[-5,-113],[-8,37],[-16,-6],[-8,-45],[-8,-199],[-11,-81],[-5,-95],[9,-30],[23,337],[8,6],[14,-51],[5,37],[8,-69],[26,-46],[15,0],[23,-173],[14,23],[13,-61],[17,-174],[-1,-108],[-11,44],[-10,-117],[14,-102],[7,74],[8,-106],[9,6],[16,-96],[11,-147],[-13,-169],[-11,-53],[-19,-193],[12,11],[12,79],[10,1],[15,216],[14,-48],[6,-104],[14,-101],[-3,-103],[10,-153],[8,1],[5,-164],[10,-90],[0,-178],[8,-47],[-4,-105],[4,-30],[4,-131],[0,-101],[6,-55],[-11,-80],[-7,-96],[-16,-5],[-17,-89],[-17,-63],[-7,53],[1,86],[7,118],[-12,78],[-3,-65],[-11,7],[-3,-66],[6,-135],[-9,-163],[-4,71],[-9,20],[-12,-63],[-22,75],[-5,134],[-15,-20],[7,-205],[6,-8],[6,-178],[-1,-87],[-6,-44],[-1,-89],[-8,-40],[-18,5],[-10,169],[-2,213],[-17,19],[-17,139],[3,217],[-13,-107],[-7,32],[6,167],[-9,75],[-26,63],[-16,-57],[-5,-84],[-19,213],[-22,143],[-11,31],[-9,93],[-26,159],[-16,164],[-41,279],[-10,22],[-9,84],[-2,204],[-31,309],[-22,163],[-16,134],[-4,121]],[[12380,34735],[1,-186],[3,-152],[17,11],[28,96],[10,-51],[22,-12],[13,-95],[15,-33],[25,67],[7,45],[8,-47]],[[12364,34023],[-2,67]],[[12321,35966],[3,45],[19,-318],[8,-203],[-7,-25],[-15,298],[-8,203]],[[12291,36161],[17,-148],[-7,-33],[-10,181]],[[12251,38429],[61,-10],[4,-29],[169,-19],[4,7]],[[12489,38378],[-4,-200],[21,-309],[80,-465],[37,-188],[37,-581],[42,-442],[50,-459],[-24,-213],[33,-552],[21,-244],[27,-364],[-1,-16]],[[12698,32999],[-10,151],[2,-225],[-10,49],[-4,-46],[6,-117]],[[12663,32567],[-8,63],[-16,369],[-19,271],[-1,93],[6,74],[20,140],[10,-231],[9,45],[-3,129],[-7,151],[-7,46],[-2,136],[-12,-63],[2,-173],[-15,-62],[-10,-88],[-11,55],[-25,298],[-10,139],[-5,116],[1,193],[-3,42],[-3,215],[1,133],[8,60],[-1,183],[-6,85],[21,77],[11,112],[-11,128],[3,97],[-13,192],[-5,-341],[-20,-137],[-5,-118],[13,-183],[-8,-62],[-5,-157],[-10,38],[-26,-86],[-21,47],[-14,92],[-22,53],[-7,-66],[-23,68],[-22,244],[-6,108],[11,87],[13,35],[-1,76],[-10,32],[0,147],[-13,22],[-11,-37],[-11,171],[2,51],[-10,405],[-12,91],[-4,115],[-20,326],[-5,45],[-13,295],[20,21],[-7,106],[4,252],[-1,142],[-15,156],[-8,-256],[-5,-47],[-9,56],[-4,132],[-16,199],[-4,130],[4,90],[-3,125],[-6,144],[-1,226]],[[12227,34465],[2,-20]],[[12201,38636],[7,-33],[9,-225],[-2,-151],[-7,22],[-5,193],[-2,194]],[[12199,40295],[92,-1],[0,-18]],[[12291,40276],[20,-324],[72,-159],[6,-281],[32,-303],[23,2],[10,-210],[18,-250],[-7,-296],[24,-77]],[[12251,38429],[-1,123],[-7,155],[-1,232],[-4,75],[-3,144],[-12,226],[-5,175],[-9,-19],[-1,153],[-12,196],[3,406]],[[12100,42179],[92,-1828]],[[12192,40351],[-5,-358],[-23,71],[-13,104],[-3,-72],[28,-160],[5,-136],[-4,-104],[19,-96],[12,-278],[-5,-54],[14,-242],[-20,92],[-1,118],[-8,226],[-14,182],[-11,84],[-14,65],[-7,-27],[6,-105],[21,-238],[0,-148],[8,-153],[10,-19],[8,-87],[-6,-270],[6,-82],[-7,-52],[3,-138],[-3,-48],[7,-146],[1,-101],[13,-41],[-4,-127],[16,-351],[11,-182],[1,-275],[13,-168],[3,-130],[11,-227],[2,-196],[-5,15],[-1,114],[-10,-60],[3,-115],[5,-45],[3,-138],[9,-217],[-4,-34],[12,-244],[5,-312],[6,-121],[1,-222],[-14,-45],[3,-90],[-5,-55],[12,-328],[-10,-13],[-11,88],[-7,-25],[-17,135],[-13,-23],[-12,70],[-9,142],[-6,159],[-8,92],[-10,383],[-5,129],[0,120],[-12,235]],[[11885,39844],[-2,79],[7,44],[-2,457],[0,445],[29,-81],[19,74],[19,297],[-1,174],[-31,200],[44,200],[67,110],[66,336]],[[12044,40553],[11,-14],[-1,51],[-10,-37]],[[8298,43043],[1,101],[11,44],[-3,-134],[-9,-11]],[[7998,40399],[18,54],[-3,-199],[-9,43],[7,91],[-13,11]],[[8147,48140],[14,176],[24,4],[28,-115],[6,-105],[23,58],[11,-56],[15,-31],[11,-79],[22,-38],[25,3],[8,-33],[18,-6],[25,-106],[13,-98]],[[8470,47154],[25,0],[0,-41]],[[8495,47113],[-5,-42],[5,-114]],[[8495,46957],[0,-64]],[[8495,46893],[0,-72]],[[8495,46821],[0,-841]],[[8495,45980],[-17,-182],[8,-96],[7,81]],[[8493,45783],[0,-205],[28,-1],[0,-1432],[-3,0],[0,-320],[-4,2],[0,-613],[-23,-86]],[[8491,43128],[0,96],[-10,-7],[-11,87],[-15,-20],[-6,-105],[-11,-36],[-11,108],[-5,124],[-11,10],[-10,-95],[-10,49],[-10,-42],[-17,46],[1,87],[23,311],[-7,53],[-16,-51],[-12,-82],[-4,-127],[-13,-178],[-4,-190],[-13,-125],[-4,73],[2,257],[-8,12],[-6,524],[-6,75],[-1,139],[-17,-28],[-4,-95],[3,-143],[-3,-169],[15,-189],[-11,-83],[-9,-300],[-6,62],[-14,-41],[-9,-110],[-7,-275],[-9,-146],[8,-41],[3,-133],[11,-93],[1,-88],[-8,-68],[-1,151],[-10,19],[-4,178],[-11,9],[7,150],[-8,16],[2,93],[13,107],[-12,28],[-2,229],[-7,113],[-9,22],[-6,-57],[6,-227],[-9,-168],[3,-177],[-17,117],[-3,-92],[7,-138],[7,-46],[-6,-69],[0,-90],[8,-45],[3,-158],[1,-286],[-14,-40],[3,107],[-3,89],[8,33],[-34,181],[-8,151],[-13,-3],[-13,114],[-12,0],[-4,-84],[26,-120],[9,-143],[5,-32],[1,-127],[-4,-110],[-16,-56],[-10,-211],[-7,83],[2,85],[-11,76],[-4,-263],[-11,58],[-4,-69],[10,-100],[0,-101],[-22,-83],[6,-65],[-17,-62],[0,-137],[-6,-69],[-16,-13],[2,-249],[-10,13],[0,-88],[-17,-140],[-8,41],[5,133],[18,189],[-15,-5],[4,76],[15,154],[-9,43],[13,169],[-1,69],[10,85],[-8,56],[15,182],[-6,59],[8,98],[3,153],[8,147],[-4,96],[-13,-244],[-8,-173],[-4,-144],[-10,-138],[-7,-159],[-8,-40],[-6,-223],[-9,-196],[-6,-74],[-10,29],[-1,147],[-8,46],[-4,128],[7,73],[10,152],[0,113],[-18,-102],[-6,-148],[-19,-39],[14,-111],[9,-127],[0,-119],[-4,-181]],[[7955,40700],[-17,-44],[-11,41]],[[7927,40697],[-5,-7]],[[7922,40690],[-81,6],[3,187],[34,51],[0,267],[7,-2],[-2,269],[10,1],[0,283],[16,30],[3,200],[17,21],[96,7],[2,302],[15,481],[-3,64],[13,97],[36,337],[14,111],[-23,614],[1,24],[97,382],[0,587],[-3,98],[-15,4],[-1,95],[-9,98],[-10,41],[-11,-4],[-2,70],[-8,74],[8,244],[2,172],[-7,36],[1,891],[-38,6],[-15,87],[0,40],[15,139],[10,36],[16,248],[10,170],[27,586]],[[7285,57038],[235,0],[73,0],[0,359],[5,0],[237,983],[240,955],[187,716],[132,0],[141,0],[136,0],[0,716],[250,0],[35,0]],[[8956,60767],[141,0],[0,-1531]],[[9097,59236],[0,-1047],[13,0],[0,-500],[3,0],[0,-1719],[4,0],[0,-1289],[-155,0],[0,-430],[5,0],[0,-1719],[5,0],[0,-1719],[-73,0],[0,-221],[-150,1]],[[8749,50593],[-200,-1]],[[8312,50879],[-18,84],[-7,82],[-21,-77],[-27,-48],[-6,23],[-13,-45],[-32,-204],[-5,-113],[-12,-137],[-18,-67],[-8,-212],[-1,-360],[-19,-149],[-25,80],[-37,30],[-22,-11],[-29,-57],[-22,-6],[-16,115],[-7,133],[-9,-12],[-10,-71],[-10,78],[-10,-163],[-17,-93],[-23,-84],[-14,-77],[-13,-13],[-12,-83]],[[7849,49422],[0,311],[-100,0],[0,859],[-52,0],[-168,0],[-245,0]],[[7284,50592],[0,2063],[0,2235]],[[7284,54890],[0,2148],[1,0]],[[8684,69359],[117,0],[16,114],[28,88],[23,122],[28,7],[18,57],[9,-77],[9,47],[30,0],[14,-66],[7,73],[31,55],[20,115],[9,12],[20,110],[19,13],[16,188],[-4,149],[11,107],[19,-80],[10,64],[15,-17],[6,61],[12,0],[11,64],[9,-19],[1,-112],[13,-47],[3,-64],[35,21],[3,-71],[-9,-105],[0,-67],[-12,-14],[-25,-206],[10,-119],[-6,-68],[14,-78],[-2,-58],[18,-108],[6,3],[13,-116],[17,2],[3,47],[41,-162],[15,11],[3,-91],[9,-63],[0,-84],[-12,-104],[-18,-68],[-10,-110],[28,-40],[6,-178],[19,57],[18,2],[1,73],[22,20],[4,92],[8,3],[13,-79],[35,-4],[18,138],[21,7],[28,192],[19,-56],[5,62],[52,-220],[7,61],[41,-189],[10,67],[12,-104],[19,97],[14,30],[3,106],[24,48],[15,6],[15,-45],[22,47],[10,-37],[14,39],[22,-139],[-8,-161],[-19,-48],[-27,-137],[-3,-98],[13,-88],[11,-17],[7,-66],[-7,-146],[-21,-109],[9,-62],[-6,-133],[3,-71],[-11,-65],[8,-140],[-9,-83],[10,-120],[10,-14],[-22,-258],[2,-71],[13,-31],[-2,-104]],[[9773,66749],[4,-79],[-5,-68],[-22,11],[-16,-39],[-29,-23],[-2,-129],[-39,-171],[-26,86],[-19,-12],[-14,-76],[-21,49],[-22,-131],[-27,54],[-17,-43],[-9,-132],[-18,-171],[-18,-14],[-17,19],[-18,-87],[-10,16],[-19,-51],[1,-136],[-17,-60],[-18,-105],[-34,16],[-4,67],[-14,24],[-16,76],[-8,-110],[-9,-34],[-25,-8],[-10,-52],[-21,-188],[-19,30],[-24,-22],[-5,-53],[-15,-41],[-1,-262],[-15,-34],[-16,-137],[-40,27],[-27,-88],[-20,-34],[-96,0]],[[8956,64634],[-211,0],[-9,22],[-8,97],[-14,32],[-7,92],[-18,91],[-12,109],[-12,-14]],[[8665,65063],[-17,92],[1,76],[-34,286],[4,67],[-17,213],[-7,-21],[-8,123],[-22,94],[-6,216],[-9,74],[-26,136],[-12,-4],[-15,-153],[0,1379],[-3,0],[0,1718],[190,0]],[[13419,20534],[10,82],[5,-207],[-9,-124],[-6,249]],[[13346,19088],[9,190],[6,-23],[4,-106],[-5,-78],[-1,-138],[-12,92],[-1,63]],[[13286,20038],[15,-62],[-6,-75],[-9,137]],[[13275,18395],[9,167],[14,-25],[4,61],[9,4],[10,91],[8,-21],[17,63],[3,-56],[-6,-81],[6,-134],[-3,-75],[15,-94],[-18,-187],[-2,-82],[-10,6],[-6,46],[-7,-75],[-12,68],[-3,99],[-12,71],[-16,154]],[[13264,18730],[11,-55],[-5,-90],[-6,145]],[[13242,18460],[8,112],[15,-77],[-10,-42],[-5,-78],[-8,85]],[[13216,22991],[10,5],[-4,138],[6,77],[8,35],[15,-230],[-4,-62],[-17,32],[-10,-35],[-4,40]],[[13177,21325],[11,75],[16,13],[-1,-139],[-8,-70],[-14,-44],[1,90],[-5,75]],[[13390,25692],[85,-194],[44,-496],[23,-96],[20,-22],[12,-504],[21,-64],[29,-159]],[[13624,24157],[-10,-84],[-3,-116],[12,-196],[8,-90],[-11,-66],[-9,59],[-25,-199],[-1,-68],[15,-194],[6,27],[6,-112],[-2,-99],[16,-250],[8,-30],[5,-108],[12,-106]],[[13651,22525],[1,-260],[10,-159],[-5,-506],[11,-412],[13,-229],[6,-565],[12,-186],[1,-91],[-36,-443],[-12,-247],[-2,-91],[-8,-165],[-1,-141],[-24,-441],[-20,-273],[-32,-349],[-31,-280],[-16,-46],[-9,-98],[9,-117],[-7,-77],[-18,63],[-6,59],[-3,132],[3,160],[-8,15],[-13,-181],[-12,-51],[-22,184],[-3,141],[-3,363],[-5,94],[8,57],[0,73],[-9,163],[-10,95],[3,191],[4,148],[22,81],[11,72],[4,82],[8,5],[1,-107],[9,-107],[20,103],[4,149],[-8,35],[-2,-147],[-9,-43],[-6,51],[-6,208],[-15,-94],[-7,-108],[-27,-95],[-10,38],[-2,76],[-10,77],[-4,197],[-2,146],[30,278],[8,123],[1,74],[8,61],[12,-34],[3,100],[-3,237],[2,112],[-8,84],[-5,222],[14,282],[-2,96],[4,101],[-11,713],[3,88],[-21,398],[-10,107],[-14,280],[-11,161],[-13,164],[-11,95],[-9,208],[31,233],[-1,103],[-7,-11],[-28,-245],[-22,-72],[-9,-112],[3,-57],[14,74],[7,-3],[5,-104],[20,-202],[26,-389],[8,-237],[-2,-50],[15,-245],[7,-89],[0,-125],[7,-147],[2,-156],[-6,-152],[9,-74],[-5,-100],[-10,61],[0,-236],[-2,-278],[6,-336],[-6,-79],[-5,130],[-8,-27],[3,-139],[-2,-165],[-5,-59],[-4,-327],[-10,-80],[-9,-102],[-7,-131],[-13,-36],[-17,91],[-2,67],[-10,90],[19,235],[13,355],[-1,162],[-7,22],[-20,-74],[2,-113],[10,-131],[-13,-273],[-16,-87],[-13,14],[-16,76],[-6,88],[8,127],[17,91],[-10,37],[-15,-100],[-6,36],[-8,-192],[-17,101],[-13,126],[-13,19],[19,-251],[-8,-43],[-6,81],[-7,14],[6,-224],[-3,-21],[-2,-154],[-10,32],[-6,-53],[10,-129],[-8,-184],[5,-81],[-12,-57],[-8,120],[-13,391],[-2,191],[-4,77],[-2,161],[4,167],[-7,109],[9,85],[-2,154],[5,3],[29,-291],[-1,182],[-6,40],[-11,132],[-9,67],[1,106],[13,45],[17,181],[12,346],[7,-24],[2,114],[-16,48],[-6,105],[5,258],[-1,98],[-7,105],[2,85],[15,131],[14,-39],[11,88],[10,-31],[14,89],[-11,60],[-5,-66],[-8,15],[-13,-56],[-13,77],[-8,-44],[-2,230],[48,-8],[-6,87],[1,74],[-12,163],[-5,197],[-17,-106],[-22,-199],[-11,24],[-33,-95],[7,-96],[14,0],[20,-101],[0,-150],[-9,-130],[-7,-246],[-11,19],[13,-264],[-9,-67],[-11,-198],[-6,-21],[-15,116],[1,-151],[7,-62],[-1,-213],[-5,-86],[-2,-138],[-4,-20],[-12,85],[-6,89],[-21,76],[-8,64],[-10,125],[-4,228]],[[5186,53170],[273,0],[80,0],[0,430],[205,0],[0,430],[250,0],[159,0],[0,-430],[276,0],[57,0],[266,0],[273,0],[47,0],[0,430],[103,0],[0,430],[90,0],[0,430],[19,0]],[[7284,50592],[-135,0],[0,-1289],[13,0],[0,-1290]],[[7162,48013],[-228,0],[-69,0],[-276,0],[-140,0]],[[6449,48013],[-271,0],[-54,0],[0,430],[-99,0],[0,-430],[-50,0],[0,-430],[-49,0],[0,430],[-272,0],[-25,0],[0,-430],[-20,0],[0,-430],[-49,0],[0,-430],[-49,0],[0,-753]],[[4577,61281],[19,93],[7,108],[18,56],[23,-63],[12,78],[15,-54],[0,-91],[10,-81],[-7,-118],[-16,-116],[-34,16],[-20,-32],[-6,73],[-10,-3],[-1,88],[-10,46]],[[4110,76163],[0,-522],[21,0],[0,-1718],[21,0],[0,-1718],[78,0],[0,-860],[58,1],[0,-860],[261,1],[271,0],[267,0],[71,0],[232,0],[0,429],[58,0]],[[5448,70916],[58,0],[0,-429],[2,0],[0,-859],[-57,0],[0,-859],[3,-1],[0,-859],[-57,0],[0,-859],[-52,0],[0,-1718],[4,0],[0,-1719],[55,0]],[[5404,63613],[4,0],[0,-1289],[-55,0],[0,-429],[-50,0],[0,-430],[-107,0],[0,-430],[-54,0],[0,-859],[7,0],[0,-429],[-54,-1],[0,-1289]],[[4614,59746],[13,197],[15,160],[18,258],[-1,39],[14,181],[28,223],[-1,98],[-10,170],[14,11],[16,-100],[35,-46],[6,-93],[11,-65],[-18,-76],[1,-64],[-5,-109],[26,89],[13,13],[9,-39],[13,40],[18,-57],[17,85],[16,38],[16,-14],[15,-59],[17,17],[5,83],[16,-68],[18,72],[20,0],[48,157],[1,128],[9,47],[-1,77],[13,60],[6,74],[8,214],[13,-8],[15,158],[11,183],[19,230],[9,164],[2,92],[-1,235],[-14,372],[-8,191],[-14,203],[-11,309],[-5,183],[2,155],[-3,150],[1,282],[-14,212],[-63,598],[-2,50],[-42,174],[-19,23],[-18,-117],[-4,87],[13,93],[4,81],[-2,180],[3,98],[10,32],[11,95],[14,-64],[35,-106],[41,-16],[17,47],[1,70],[-23,119],[22,-9],[14,20],[18,193],[10,39],[18,137],[0,228],[4,80],[-1,190],[-23,322],[-5,142],[-28,108],[-26,172],[-30,283],[-4,-160],[-5,-61],[-22,-157],[-16,-190],[-3,-157],[-25,-91],[-17,-35],[-35,104],[-8,69],[-15,-80],[-39,-106],[-18,-151],[15,-55],[-20,-48],[-43,-37],[-18,-51],[-14,-127],[-5,-179],[-28,-108],[-8,-70],[-25,-124],[-13,-101],[-12,-38],[-14,-237],[-6,-58],[3,-109],[-4,-145],[-6,-56],[2,-119],[-30,-139],[-10,-144],[-8,23],[-1,114],[2,230],[-9,175],[-7,60],[-2,103],[9,48],[-6,95],[-18,102],[-5,113],[-22,48],[-6,164],[-19,79],[-12,92],[4,141],[-30,9],[-2,-128],[-21,-167],[-9,-32],[28,-207],[22,-28],[5,-121],[8,-36],[14,50],[15,-36],[-5,-92],[5,-57],[-18,-68],[-5,-274],[-18,-47],[-21,273],[-1,74],[-36,234],[-36,156],[-24,77],[-19,25],[-20,-12],[-16,42],[-22,-6],[-9,-68],[-10,18],[-9,-56],[-23,46],[-32,19],[-38,-19],[-24,-53],[-41,-155],[-82,-367],[-21,-24],[-21,3],[-6,-34],[-48,151],[-61,155],[-75,159],[-37,57],[-13,3],[-53,115],[-49,88],[-13,54],[-36,234],[-14,243],[-10,233],[3,130],[-3,171],[14,52],[6,94],[0,165],[-13,218],[-25,195],[-41,212],[-4,57],[5,121],[-5,95],[-10,84],[-33,176],[-22,254],[-4,112],[13,395],[11,158],[7,-81],[-2,-79],[-17,-86],[-9,-236],[5,-167],[25,-95],[0,-34],[34,-63],[18,15],[21,63],[30,262],[-4,231],[7,70],[19,82],[10,113],[-19,186],[-29,107],[-21,3],[-7,-46],[-19,9],[-38,78],[-26,109],[-36,96],[-26,12],[-18,41],[-19,-2],[-36,33],[-18,61],[-20,116],[-18,80],[-3,61],[-26,166],[-34,124],[-5,74],[-20,64],[-18,25],[-24,94],[-13,246],[-1,106],[9,201],[29,177],[32,134],[43,149],[46,178],[49,244],[74,448],[142,798],[55,263],[45,193],[20,34],[9,108],[59,295],[86,376],[64,246],[65,229],[108,317],[94,228],[9,13]],[[2840,72078],[15,54],[1,-125],[-13,8],[-3,63]],[[2034,60813],[5,141],[-3,186],[3,133],[10,165],[4,101],[8,52],[3,94],[-5,120],[9,202],[-4,277],[16,16],[12,-86],[-3,-299],[4,-85],[24,-135],[50,-172],[43,-101],[48,-142],[26,-47],[13,6],[44,268],[26,199],[17,-24],[12,21],[3,78],[17,76],[16,-50],[36,1],[12,-120],[10,-47],[3,-79],[12,-95],[12,-14],[10,-144],[2,-218],[8,-107],[-5,-119],[8,-76],[18,-43],[21,-93],[8,-59],[31,-49],[28,-17],[22,-142],[7,-140],[16,-57],[24,-34],[25,-7],[14,-41],[50,-29],[9,19],[47,-59],[19,-101],[32,-47],[-5,-139],[-2,-214],[-7,-49],[-10,-177],[-12,-121],[-14,-72],[-24,105],[-17,41],[-23,20],[-31,-21],[-26,-55],[-19,-69],[-4,-107],[-16,-130],[-9,-28],[-15,-109],[-12,-210],[14,-263],[-19,-29],[-12,-174],[-34,132],[5,103],[-8,99],[0,87],[-15,268],[-11,129],[-26,196],[-12,9],[-9,119],[-26,82],[-23,-14],[-19,80],[-3,151],[-18,258],[-21,189],[-19,116],[-20,98],[-18,49],[-64,215],[-19,34],[-34,15],[-13,-15],[-16,-100],[-22,-43],[-13,-62],[2,-107],[-11,-111],[-11,-7],[-23,-136],[-21,98],[-9,-45],[-4,95],[-9,-7],[-30,145],[-9,-1],[-5,119],[-20,238],[1,99],[-7,149]],[[9773,66749],[13,-40],[40,-59],[35,-80],[17,41],[13,68],[2,113],[12,185],[28,180],[-11,64],[28,214],[-18,111],[-1,69],[8,291],[-8,124],[9,200],[17,-16],[12,89],[-2,109],[35,158],[4,80],[12,97],[9,-48],[12,148],[23,133],[20,9],[16,63],[11,-38],[15,199],[10,77],[2,137],[10,50],[1,264],[-10,143],[21,100],[7,179],[17,94],[21,-88],[11,-6],[12,65],[8,122],[8,6],[22,148],[20,48],[32,106],[6,-57],[15,-15],[16,-83],[6,30],[31,-4],[0,47],[17,93],[1,137],[11,-1],[16,100],[19,0],[-1,109],[18,30],[5,121],[9,-30],[4,128],[12,-28],[19,127],[-4,89],[14,167],[4,230],[32,271],[27,169],[4,104],[30,90]],[[10627,72482],[1,-2516],[0,-1722],[0,-4855],[0,-4532],[0,-1395],[0,-1436],[0,-1394],[-1,-1670]],[[10627,52962],[-231,0],[0,1057],[-51,3],[0,230],[11,0],[0,1719],[-42,0],[0,429],[-52,0],[0,430],[-59,-6],[-45,141],[-12,-14],[-6,-192],[-11,-76],[-11,-146],[0,-121],[-27,55],[-11,-69],[-11,76],[-27,10],[-11,62],[-9,116],[12,54],[1,191],[10,22],[8,166],[15,145],[-13,15],[-23,166],[-7,-12],[-12,137],[12,28],[1,85],[9,31],[2,93],[7,14],[8,179],[10,80],[-2,186],[10,23],[0,107],[-27,61],[3,135],[-10,32],[1,256],[-3,118],[-135,0],[-268,0],[0,71],[-160,0],[0,429],[-267,0],[0,-90],[-8,-76],[-14,-19],[-39,50],[-34,-57],[-12,-50]],[[8956,60767],[0,1846],[0,2021]],[[5404,63613],[21,121],[20,38],[8,-70],[6,-126],[6,-4],[12,-127],[13,-70],[7,31],[13,209],[16,135],[19,127],[26,-112],[7,35],[11,124],[14,42],[24,20],[23,-137],[4,-154],[-3,-94],[-11,-100],[-4,-115],[-11,-84],[9,-105],[-1,-95],[-21,-253],[-34,-110],[-17,-154],[-8,-431],[11,-78],[1,-120],[9,-1],[85,-103],[4,-256],[7,-265],[9,-151],[13,-76],[15,180],[12,63],[14,20],[17,-143],[35,118],[3,-63],[16,36],[18,-133],[1,-118],[21,28],[5,109],[10,104],[5,141],[8,-57],[2,164],[11,-96],[15,-45],[8,-72],[12,-26],[5,77],[11,-98],[12,45],[4,134],[11,168],[-2,87],[17,-35],[16,108],[8,-80],[11,-3],[13,54],[15,-20],[-1,-195],[24,51],[10,-70],[3,-187],[14,93],[5,-93],[11,-42],[19,135],[20,-25],[31,94],[16,179],[12,64],[-6,180],[6,135],[17,137],[19,64],[23,180],[12,41],[19,206],[11,30],[22,164],[36,291],[17,26],[34,150],[5,53],[22,-55],[11,-121],[17,0],[262,40],[160,13],[240,21],[270,23],[148,26],[0,-15]],[[7550,63344],[-2,0],[0,-859],[-49,0],[1,-859],[-180,0],[0,-859],[17,0],[0,-645],[54,0],[0,-215],[53,0],[0,-600],[-126,-1794],[-33,-475]],[[5448,70916],[0,1289],[-3,0],[0,859],[176,0],[0,859],[61,0],[236,0],[0,1718],[238,0],[0,-859],[119,0],[0,859],[119,1],[0,-430],[60,0],[0,-430],[119,0],[0,859],[12,0],[0,430],[181,0],[0,859],[182,0],[0,429],[17,0],[0,1718],[-43,0],[0,430],[-125,0],[0,1288],[17,0],[0,429],[-63,0],[0,430],[-63,0],[0,429],[-63,0],[0,430],[14,0],[0,685]],[[6639,83198],[83,0],[234,0],[216,0],[245,0],[267,0],[257,0],[179,0],[189,0]],[[8309,83198],[3,-85],[15,-74],[7,-180],[8,-67],[25,-113],[12,-147],[24,-125],[66,-2],[24,-58],[16,14],[12,-68],[13,20],[4,-76],[17,5],[7,-86],[16,-75],[17,-121],[1,-111],[-11,-77],[-11,-218],[-11,-90],[4,-83],[-16,-69],[-1,-117],[-12,-158],[0,-158],[-17,-177],[-23,-42],[-10,-100],[-20,-72],[-2,-145],[-5,-19],[-13,-192],[-8,-301],[5,-120],[18,-115],[7,-106],[13,-17],[11,-66],[7,56],[17,-120],[19,-186],[28,-44],[1,-42],[-12,-136],[-18,-133],[-4,-86],[-28,-169],[16,-148],[7,-220],[-4,-77],[-7,-290],[2,-130],[-5,-210],[10,-182],[17,-95],[13,-197],[-8,-139],[0,-167],[13,-79],[14,-14],[5,67],[11,-99],[16,-66],[-3,-113],[14,-71],[12,-240],[13,-51],[6,-68],[13,-37],[15,-162],[10,-33],[19,31],[9,-120],[17,13],[16,-42],[4,-130],[-3,-150],[8,-38],[-5,-137],[-9,-79],[9,-130],[-8,-125],[17,-129],[-2,-174],[-12,-123],[5,-92],[18,-80],[24,1],[32,186],[10,-74],[14,-5],[16,72],[3,72],[18,73],[18,41],[8,-94],[36,-1],[8,-98],[16,-62],[18,39],[34,4],[22,139],[-1,55],[25,58],[11,-96],[23,25],[22,117],[11,-33],[19,66],[21,-61],[8,40],[17,-66],[9,-77],[11,-3],[2,-120],[-7,-71],[4,-150],[-8,-67],[-3,-123],[1,-225],[-10,-8],[6,-165],[-16,-88],[-11,-188],[-10,-12],[-8,-199],[-11,-143],[-12,-65],[-13,-191],[-8,15],[-7,-104],[-14,-84],[-16,-36],[-15,-210],[-26,-47],[-40,-210],[-5,-87],[-22,17],[-5,-54],[-17,-11],[-16,75],[-8,87],[-15,9],[-4,-104],[-13,15],[-9,-80],[-7,34],[-27,-62],[-13,28],[-21,-200],[-9,-51],[-34,-348],[-8,-205],[7,-234],[7,-155],[-25,-163],[-12,-30],[-1,-81],[-9,-39],[-7,-127],[12,-4],[27,-224],[-15,-63],[-16,-115],[-5,-154],[6,-52],[-15,-114],[-18,-51],[-17,-146]],[[8665,65063],[-202,0],[-101,0],[0,72],[-149,0],[-267,0],[-29,0],[-154,-1790],[-35,0],[-7,52],[-23,63],[8,119],[-21,52],[0,72],[-64,0],[-19,-251],[9,-108],[-61,0]],[[10627,52962],[0,-1457],[1,-1861],[0,-2093],[0,-2090]],[[10628,45461],[-59,0],[0,216],[-161,0],[0,430],[-48,0]],[[10360,46107],[0,425],[-251,-61],[0,282],[-2,679],[-106,-129],[-44,-12],[-1,353],[1,93],[-85,-1],[-1,930],[-198,-1],[0,433],[3,0],[0,432],[-117,-6],[-155,0],[-226,0],[0,433],[-174,-2],[-104,-4],[-1,213],[-150,0],[0,429]],[[5246,37021],[4,71],[8,22],[-1,-131],[-11,38]],[[5212,37015],[5,206],[10,-4],[0,-125],[-11,-123],[-4,46]],[[6449,48013],[0,-1750],[0,-2992],[0,-1276],[-46,0],[0,-430],[-95,0],[0,-430],[-47,0],[0,-430],[-27,0],[0,-430],[-93,0],[0,-430],[-47,0],[0,-860],[22,0],[0,-1165]],[[6116,37820],[-5,-36],[-32,-52],[-20,-122],[-8,-78],[-29,-101],[-6,-80],[-43,-132],[-43,-261],[-60,-257],[-17,-52],[-21,4],[-16,87],[-17,148],[-4,291],[-9,152],[-17,114],[-24,63],[-10,81],[1,135],[15,113],[-1,41],[5,541],[2,137],[15,57],[21,127],[-1,105],[-19,45],[-8,-141],[-13,-11],[-9,-63],[0,-136],[-21,-279],[-2,-131],[-10,-88],[-23,-113],[-12,35],[1,-165],[-6,-183],[6,-185],[-8,-181],[-13,-56],[-7,23],[-6,-67],[8,-100],[9,-280],[1,-76],[7,-209],[9,-150],[5,-213],[15,-66],[-11,-210],[-13,-178],[-15,-91],[-17,-24],[-37,126],[-7,35],[-5,103],[-1,124],[-5,9],[-24,413],[-20,384],[-23,413],[-19,271],[-15,164],[-10,81],[-23,84],[-5,-42],[-10,80],[14,239],[-8,181],[-10,29],[-26,-57],[4,-61],[-11,-208],[6,-77],[-1,-63],[-13,40],[-4,-45],[5,-182],[-18,-65],[0,-50],[-12,-45],[-14,167],[-5,110],[-6,26],[2,145],[-6,78],[-10,23],[-13,-33],[-1,-81],[-21,35],[4,96],[-5,117],[-7,8],[-15,-112],[1,158],[-7,128],[-12,70],[17,116],[-8,210],[-22,221],[-8,-95],[-35,-201],[-7,-98],[-8,-35],[-33,-232],[-18,-164],[-12,-164],[-9,-100],[-14,149],[-11,-37],[-12,1],[-9,-105],[-12,-75]],[[5033,36531],[3,70],[-2,151],[6,189],[0,122],[16,116],[23,118],[13,-3],[22,147],[7,-1],[7,118],[10,-39],[-18,-320],[-8,-227],[-14,-248],[-10,-250],[-9,-85],[-13,-58],[-22,35],[-12,-20],[4,95],[-3,90]],[[5038,37694],[-19,-127],[-44,-144],[-11,-158]],[[7955,40700],[-18,-78],[-10,75]],[[7905,40140],[7,90],[3,126],[7,34],[1,169],[3,74],[17,-54],[7,-66],[-2,-212],[-12,-87],[-5,-145],[-11,-79],[-15,150]],[[7695,39290],[7,-1],[14,-70],[6,-77],[-12,-18],[-14,84],[-1,82]],[[7640,39134],[6,70],[18,-98],[-6,-73],[-15,27],[-3,74]],[[7596,39332],[17,109],[9,-71],[-5,-141],[-21,103]],[[7922,40690],[-7,-29],[-9,-242],[-21,-132],[-10,-147],[-11,-78],[9,-178],[-14,-165],[-23,24],[7,94],[-7,61],[-6,117],[-12,-117],[-9,58],[-12,19],[-14,101],[-13,-59],[19,-72],[10,-80],[15,-43],[0,-124],[-6,-70],[-12,-65],[-15,77],[-9,-79],[-4,123],[-11,-86],[-11,66],[-9,107],[-16,43],[-19,-120],[3,-80],[-4,-86],[-19,45],[-4,-57],[4,-99],[-11,-41],[-38,-18],[-4,79],[2,114],[-3,114],[-9,-68],[-17,5],[-16,91],[9,105],[-25,28],[0,122],[-4,161],[6,50],[2,110],[10,70],[14,8],[-6,203],[5,105],[19,65],[11,58],[14,-33],[5,148],[14,70],[23,-79],[15,20],[4,52],[16,-86],[-8,184],[9,115],[0,79],[15,4],[11,120],[13,63],[6,-39],[6,118],[12,-20],[8,83],[-5,161],[27,166],[-2,116],[10,86],[17,224],[13,78],[-5,103],[-14,-6],[-14,-46],[-19,-138],[-12,-119],[-39,-251],[-23,-67],[-5,-84],[-14,-100],[-42,77],[-10,53],[-35,242],[-15,195],[-4,123],[11,206],[9,336],[11,147],[5,156],[7,330],[4,113],[8,68],[16,244],[28,247],[26,337],[8,182],[4,235],[0,324],[4,52],[19,97],[3,210],[2,387],[3,180],[-9,61],[-10,131],[-7,327],[-12,223],[-1,109],[13,74],[26,79],[2,104],[12,38],[30,17],[24,64],[4,65],[32,222],[19,151],[21,181],[11,67],[10,117],[13,44],[33,185],[19,71],[13,96],[15,-69],[15,-288],[26,-321],[16,3],[13,-80],[7,26],[12,-35],[21,72],[12,165]],[[7539,45227],[3,89],[18,45],[2,101],[11,203],[2,146],[-3,70],[12,192],[25,-145],[-17,-107],[2,-90],[-16,-88],[-10,-168],[7,-118],[-8,-58],[-25,-92],[-3,20]],[[7385,44336],[5,78],[12,-46],[3,-61],[4,-290],[-10,64],[-14,255]],[[7214,37840],[-14,-1]],[[7200,37839],[14,1]],[[7124,40421],[4,79],[18,4],[9,66],[13,42],[8,-16],[3,-88],[9,-95],[2,-84],[-7,-94],[-15,-53],[-26,-35],[-11,73],[2,112],[-9,89]],[[7849,49422],[-17,-96],[-10,-130],[-19,-390],[-7,-96],[-26,-36],[-14,-39],[-9,-99],[-41,3],[-37,-268],[-6,-80],[-36,-323],[-8,-110],[0,-86],[26,-521],[-3,-109],[-25,99],[-11,95],[-13,-103],[-13,-18],[-10,-53],[-9,-139],[-7,-21],[-13,-189],[-6,-216],[-14,-71],[-32,-245],[-12,-147],[-6,-167],[0,-151],[7,-129],[18,-121],[-18,-121],[-18,-84],[-6,-238],[-7,-79],[-14,-35],[-19,-164],[-4,-89],[-17,-39],[-14,102],[-7,-33],[-9,34],[-9,-86],[-10,8],[-27,78],[8,-116],[14,-97],[11,-23],[9,-99],[16,-95],[-3,-76],[8,-93],[17,-98],[7,-116],[-1,-141],[-7,-164],[-23,-264],[-3,-191],[-4,-62],[-23,-85],[-5,-88],[-16,-16],[-6,41],[-15,-36],[-5,38],[-21,-1],[-10,-53],[-35,-98],[-11,-124],[12,-12],[13,-82],[10,32],[6,92],[19,4],[8,-119],[-2,-140],[-13,-376],[-13,-114],[-15,-54],[-3,-82],[-18,-102],[-11,21],[-6,152],[-10,-31],[4,-161],[-10,-48],[-23,143],[9,68],[5,174],[-3,163],[-14,211],[-8,-53],[5,-234],[-6,-322],[-7,-73],[-21,-1],[-18,154],[1,-114],[-20,-25],[6,-92],[16,45],[5,-95],[11,-27],[1,-84],[-7,-174],[-19,6],[-19,-19],[-13,-62],[-2,-71],[11,-94],[9,-206],[-11,-75],[4,-68],[-27,-86],[-12,30],[-10,-33],[-13,-166],[-9,17],[-12,-51],[-6,62],[-16,-114],[2,-112],[14,45],[16,-19],[-8,-90],[-26,-141],[-6,-166],[-5,-343],[-5,-107],[-8,-55],[-8,8],[-11,-137],[2,-66],[24,-36],[1,-96],[-8,-41],[4,-87],[-5,-68],[10,-166],[13,17],[15,202],[13,7],[46,-98],[18,121],[11,-64],[13,50],[15,-233],[11,-113],[15,-95],[9,-18],[10,80],[12,-130],[10,0],[2,-111],[10,-126],[10,0],[2,-208],[-5,-85],[7,-57]],[[7197,37839],[-90,0],[0,-573],[-50,0],[0,-430],[-138,0]],[[6919,36836],[-92,0],[0,430],[-15,0],[0,1720],[-14,0],[-1,859],[94,1],[0,859],[81,0],[0,430],[47,0],[0,860],[48,0],[0,430],[35,0],[0,1720],[36,0],[0,1719],[36,0],[0,1719],[-12,0],[0,430]],[[8309,83198],[269,0],[237,0],[264,0],[156,0],[0,795],[0,1685],[259,0],[281,0],[278,0],[283,-1],[291,-7]],[[10627,85670],[0,-1522],[0,-1301],[0,-1914],[0,-5104],[0,-2716],[0,-631]],[[13624,24157],[40,130],[28,-569],[-4,-476],[4,-23],[-22,-425],[-12,-80],[-7,-189]],[[12199,40295],[5,191],[4,261],[-9,29],[-4,-176],[-3,-249]],[[12100,42179],[66,338],[33,-300],[30,-195],[6,-11],[3,-165],[18,-184],[11,-13],[25,-295],[0,-441],[-14,-114],[-6,-120],[31,-201],[-12,-202]],[[4804,74594],[3,94],[13,-6],[-3,-100],[-13,12]],[[3837,83370],[244,0],[0,859],[268,0],[227,0],[0,430],[195,0],[0,-430],[130,0],[0,430],[129,0],[0,-429],[260,0],[0,429],[130,0],[0,-429],[270,0],[170,0],[267,0],[0,-429],[256,0],[0,-430],[256,0],[0,-173]],[[4110,76163],[12,-4],[54,46],[37,16],[39,-2],[33,-26],[37,-107],[-2,-56],[-38,88],[-27,30],[-15,-67],[5,-57],[17,41],[27,-58],[-1,-91],[8,-96],[-1,-115],[-10,-181],[-23,-182],[-7,-147],[2,-233],[-4,-82],[13,-100],[2,-124],[-9,-116],[-19,-181],[-40,-58],[-4,-75],[31,-93],[22,80],[14,-325],[20,-213],[17,-64],[22,-53],[14,59],[13,4],[11,71],[35,-11],[31,-79],[28,-38],[16,16],[30,72],[12,70],[22,-42],[33,58],[9,-84],[25,-187],[20,16],[30,80],[11,-118],[10,-32],[26,50],[16,53],[23,136],[8,-51],[25,-15],[11,-41],[28,-177],[5,-87],[-10,-128],[2,-55],[28,10],[6,77],[-15,93],[10,164],[16,100],[13,219],[0,70],[11,131],[8,197],[14,184],[5,136],[17,92],[20,-20],[19,10],[9,-190],[26,-54],[10,2],[27,107],[1,-243],[20,21],[15,116],[3,70],[-14,77],[-5,103],[-12,102],[-4,122],[-15,154],[-27,64],[-37,133],[-15,6],[-21,76],[-14,27],[-42,-2],[-41,-181],[-20,-49],[-1,-150],[-8,7],[14,313],[7,303],[0,200],[-5,152],[-26,263],[-33,191],[-5,169],[-14,193],[-24,151],[-28,62],[-40,39],[-5,229],[-12,183],[-16,151],[-2,148],[6,108],[25,43],[3,136],[27,-78],[27,101],[21,-361],[22,-199],[17,-196],[20,-30],[2,-92],[-5,-138],[-13,-148],[2,-279],[30,-295],[9,-166],[37,-258],[21,-108],[11,-27],[11,-101],[17,-78],[18,13],[53,178],[22,203],[21,58],[0,-131],[7,-76],[17,2],[17,-121],[13,-180],[33,-149],[22,-179],[29,19],[13,-57],[15,45],[11,-29],[15,83],[33,2],[11,35],[16,-20],[11,42],[7,375],[0,193],[-10,215],[-30,312],[-20,71],[-18,-21],[-17,-189],[-39,82],[-17,207],[-26,101],[-25,-18],[-15,-67],[-45,-25],[-19,-203],[-7,-99],[3,-166],[-19,-89],[-27,2],[-22,97],[-9,-22],[-11,61],[2,164],[-13,3],[-16,119],[-13,45],[-15,160],[-22,170],[11,154],[-16,27],[-13,-17],[11,216],[-6,92],[4,152],[16,110],[4,132],[-4,110],[23,162],[1,124],[27,52],[15,-65],[20,16],[2,118],[-17,134],[-15,-18],[-8,110],[-8,-1],[-12,77],[-12,-50],[-8,95],[-17,78],[-41,-42],[-43,-94],[-35,-134],[-35,-10],[-16,-38],[-13,137],[-13,-17],[-17,29],[-9,-41],[-12,82],[-4,97],[-12,54],[-23,-46],[-27,-11],[-21,-82],[-40,75],[-26,65],[-27,40],[-43,104],[-56,83],[-23,144],[3,268],[-6,323],[-20,571],[-9,211],[-42,674],[-23,270],[-25,179],[-97,456],[-26,193],[-68,465],[-13,68],[-50,328],[-19,95],[-19,162],[-39,228]],[[9671,44290],[9,-1],[18,-62],[4,-91],[-7,-165],[-7,119],[-14,135],[-3,65]],[[9623,42487],[12,299],[33,338],[4,99],[10,9],[14,138],[0,58],[35,120],[-2,-99],[-19,-137],[-33,-269],[-11,-164],[-9,-45],[-11,-112],[-11,-153],[-12,-82]],[[9232,45484],[16,57],[17,-52],[9,7],[11,-57],[20,7],[-2,-145],[-21,-45],[-10,35],[-7,80],[-31,84],[-2,29]],[[9141,45819],[5,154],[8,108],[19,9],[17,47],[5,-30],[20,120],[27,73],[6,103],[14,37],[14,-11],[16,50],[8,-59],[-11,-123],[-62,-298],[-18,-116],[-39,-131],[-24,13],[-5,54]],[[9031,45411],[5,28],[2,121],[17,248],[9,105],[21,18],[7,-76],[19,-18],[15,76],[12,-73],[-5,-205],[7,-102],[10,45],[48,84],[2,-93],[9,-9],[3,-236],[-18,16],[-12,-37],[-17,-127],[-6,42],[-19,-26],[-26,-124],[-14,-91],[-18,-160],[-17,-130],[-12,7],[-9,86],[-4,120],[12,108],[35,167],[3,129],[-13,-46],[-13,12],[-11,-125],[-11,89],[-8,-20],[-3,197]],[[9007,47575],[0,112],[9,133],[11,57],[13,-151],[-5,-57],[-3,-127],[-18,-29],[-7,62]],[[8866,47875],[17,34],[2,75],[13,33],[6,-77],[7,42],[7,-74],[16,-20],[-11,-101],[-9,-41],[-27,100],[-21,29]],[[8840,46995],[16,67],[1,-60],[-6,-90],[-11,83]],[[8822,47136],[19,12],[1,-72],[-19,26],[-1,34]],[[8816,46765],[11,31],[8,118],[7,19],[9,-182],[5,70],[11,-61],[-7,-126],[-6,-13],[-12,98],[-22,-8],[-4,54]],[[8816,44796],[10,38],[10,113],[13,20],[12,63],[1,-139],[-20,-109],[-18,-137],[-8,151]],[[8781,46296],[12,-28],[-2,-150],[-10,178]],[[8697,42458],[8,48],[1,99],[-4,106],[7,124],[7,48],[23,11],[-10,172],[3,60],[12,68],[6,101],[16,-4],[4,68],[-5,143],[20,84],[12,96],[5,93],[33,213],[17,227],[0,98],[9,48],[11,190],[-2,78],[27,76],[0,138],[-4,95],[5,195],[0,107],[13,63],[3,52],[15,44],[1,-96],[-13,-92],[19,-11],[20,26],[-4,-107],[-20,-155],[-6,-111],[5,-28],[15,83],[9,94],[15,53],[10,-16],[0,-78],[-14,-210],[-65,-483],[-18,-243],[-11,-99],[-15,-185],[-7,-205],[1,-148],[-12,-38],[-21,-135],[3,-151],[12,-26],[0,-161],[-7,-72],[-17,-83],[-12,64],[-12,-9],[-11,-103],[-2,-73],[-22,-67],[-17,-82],[-9,-74],[-12,-31],[-15,111]],[[8686,44760],[9,55],[6,178],[33,43],[15,94],[-5,80],[-23,-134],[-13,6],[-4,107],[9,32],[-3,92],[7,71],[11,338],[25,0],[3,315],[8,18],[6,-79],[13,151],[5,-127],[-7,-112],[2,-84],[-8,-42],[11,-143],[-10,-73],[-11,-14],[4,-112],[13,31],[2,-117],[-13,-181],[1,-72],[-18,-187],[-5,-106],[3,-98],[10,33],[-6,-192],[-6,-43],[-5,-199],[-8,26],[-16,149],[9,151],[-40,36],[-4,109]],[[8672,47109],[8,21],[11,87],[14,-55],[16,-212],[-6,-105],[-18,45],[-1,-120],[-18,153],[1,122],[-7,64]],[[8662,43268],[14,201],[18,150],[2,101],[15,142],[8,48],[10,-95],[-14,-322],[-14,-129],[-32,-154],[-7,58]],[[8635,45070],[1,78],[16,68],[-2,63],[12,107],[19,-29],[-1,-108],[-7,-170],[-2,-172],[-15,-34],[-14,36],[-6,69],[-1,92]],[[8635,43508],[7,29],[3,236],[11,200],[10,95],[22,75],[15,25],[6,-137],[-27,-215],[-1,-67],[-12,-10],[-10,-70],[-15,-222],[-9,61]],[[8608,43213],[10,1],[10,192],[10,-40],[11,17],[11,164],[15,163],[4,-54],[-12,-190],[-15,-171],[-19,-93],[-18,-24],[-7,35]],[[8495,46821],[15,157],[9,203],[8,45],[10,104],[16,-80],[2,75],[12,58],[8,-227],[-8,-65],[3,-179],[-8,-111],[-9,-50],[10,-80],[14,147],[3,125],[14,162],[9,170],[9,27],[25,-28],[12,-100],[4,-376],[-12,-114],[-22,-47],[6,-91],[-15,-110],[-26,-280],[-20,70],[-11,115],[-9,17],[-13,-43],[-30,-250],[-6,-85]],[[8495,46957],[0,-64]],[[8493,45783],[7,17],[21,239],[7,13],[25,172],[5,-69],[-2,-77],[15,15],[22,-174],[16,31],[0,141],[12,118],[10,-4],[6,202],[10,69],[8,-3],[6,-135],[-5,-113],[3,-93],[10,97],[6,-45],[-1,-101],[10,10],[4,-94],[-6,-126],[-7,-65],[8,-54],[7,60],[6,-126],[-7,-83],[-8,-19],[-12,-125],[-14,-11],[-2,-71],[-18,34],[8,-111],[-12,-109],[-15,22],[4,-189],[-26,-217],[-21,123],[-11,-87],[10,-32],[9,-162],[8,-53],[12,157],[19,50],[5,-102],[-12,-19],[13,-162],[-4,-141],[5,-45],[9,354],[18,-109],[-8,-102],[-7,-159],[14,-118],[2,267],[12,-17],[-11,-273],[-2,-113],[-16,-271],[1,-54],[-9,-91],[-15,-65],[-25,65],[33,41],[-16,46],[1,103],[7,67],[-19,78],[-3,119],[4,192],[-16,41],[-11,-313],[6,-66],[-4,-129],[-5,-19],[-3,-151],[3,-93],[-1,-129],[-8,-176],[-12,26],[-19,383],[-1,-305],[-5,-99],[-15,-140],[-15,2]],[[10360,46107],[-253,0],[-90,-1],[-149,-1888],[-46,-580],[0,-189]],[[9822,43449],[-19,58],[-7,76],[-23,35],[-16,-25],[-16,36],[-20,7],[11,82],[19,12],[10,-30],[6,41],[14,-7],[-7,141],[-24,172],[-13,36],[-4,64],[-12,14],[-11,62],[-5,106],[2,76],[-18,-56],[-30,-11],[-14,90],[-10,-51],[-16,92],[-34,107],[-46,40],[-5,48],[17,78],[17,15],[16,52],[-10,100],[-9,-5],[-18,56],[-9,-51],[-13,38],[-2,105],[18,264],[5,150],[21,343],[-22,-29],[-9,-151],[-27,-63],[-10,-62],[-8,-112],[-8,-202],[0,-163],[-8,-43],[-8,56],[-15,-26],[-23,134],[-2,43],[-15,43],[-23,174],[-17,84],[4,97],[-14,40],[-14,106],[-28,61],[-23,-21],[-28,-49],[-24,108],[14,138],[6,-27],[13,108],[14,58],[15,229],[8,62],[12,255],[13,90],[-1,74],[-39,-184],[-23,-84],[-3,64],[4,108],[-14,37],[-9,-22],[-3,-121],[-17,-43],[-1,128],[21,292],[-10,-42],[-23,-145],[-21,-99],[-7,-57],[-31,-28],[-3,117],[9,35],[12,143],[19,141],[19,112],[5,93],[-9,89],[-15,-202],[-10,-22],[-18,82],[-2,-126],[-18,-29],[-9,156],[-8,-109],[-8,-37],[-4,-110],[-26,-64],[-9,47],[-16,-2],[-11,-41],[-11,60],[1,92],[-11,106],[8,37],[11,-9],[7,108],[8,-35],[17,13],[0,80],[16,-4],[28,77],[7,3],[23,151],[4,116],[27,34],[-16,137],[-12,24],[-8,-125],[-18,-166],[-20,-49],[-3,108],[-10,-99],[-20,-12],[-10,36],[2,100],[-25,191],[-10,-87],[-16,242],[-1,95],[22,53],[9,-72],[10,15],[-5,100],[-7,31],[-13,-35],[-11,99],[6,58],[1,114],[7,155],[7,-44],[13,6],[7,61],[-22,59],[-3,71],[12,97],[13,-20],[16,21],[23,-9],[15,42],[13,-34],[28,20],[-16,203],[-30,-18],[-5,50],[-14,-8],[-8,-43],[-32,-18],[-10,-63],[-14,-257],[-27,-84],[-18,-251],[-7,-137],[-25,-151],[-20,57],[12,115],[7,14],[0,89],[-6,177],[2,66],[-6,185],[-10,101],[-4,130],[11,47],[6,101],[-22,34],[-12,-71],[10,-612],[-17,-206],[2,-182],[-11,-42],[-11,102],[0,158],[-17,-51],[8,-225],[-18,-56],[-3,-98],[-10,-63],[-25,54],[-1,133],[3,100],[-4,96],[-11,-49],[-9,-127],[-5,281],[7,70],[-1,305],[10,33],[-5,151],[-11,-12],[-5,-144],[-9,-170],[4,-60],[-11,-262],[9,-110],[-6,-120],[7,-174],[-3,-163],[-18,-58],[-3,186],[-13,30],[-4,57],[6,198],[-8,20],[-12,-321],[-7,-23],[19,-127],[-8,-153],[-29,80],[-9,106],[-3,204],[-8,-182],[10,-143],[-2,-68],[-32,-143],[-18,16],[-12,58],[-2,104],[7,146],[-1,67],[9,152],[-2,100],[6,42],[10,151],[9,63],[9,164],[10,95],[1,140],[9,125],[-11,13],[16,138],[11,145],[23,235],[2,46],[17,57],[18,106],[-14,37],[-21,-70],[12,149],[6,120],[-9,39],[-18,-199],[-10,-193],[-12,-96],[-36,-440],[0,-162],[-18,-214],[-14,133],[-1,153],[-9,155],[-10,-67],[-11,18],[-17,-40],[-20,-204],[-4,-144],[-18,-139],[6,-65],[11,63],[19,262],[14,93],[25,78],[0,-184],[-3,-219],[-6,-113],[-10,-56],[0,-88],[-17,91],[2,-175],[8,-31],[-13,-236],[6,-18],[-5,-139],[-20,120],[-6,-68],[18,-140],[-6,-75],[-8,8],[-11,125],[-21,7],[-12,-52],[-17,27],[-17,-126],[-14,-69],[1,-54],[13,13],[26,142],[10,-41],[13,45],[10,-11],[-3,-113],[-18,4],[-25,-156],[-10,-133]],[[7592,34579],[1,83],[7,69],[-3,81],[11,110],[12,-50],[1,-228],[-4,-119],[-16,-108],[-9,162]],[[7475,30443],[10,137],[7,-52],[-9,-82],[-8,-3]],[[7463,38140],[9,-11],[9,205],[17,-89],[-3,-124],[-14,-36],[-18,55]],[[7463,32517],[9,92],[5,-94],[-12,-100],[-2,102]],[[7419,33204],[21,195],[11,-162],[12,-10],[10,-59],[-11,-147],[-11,13],[-25,177],[-7,-7]],[[7323,33386],[4,68],[15,42],[12,-12],[3,-152],[-6,-105],[-5,-20],[-19,102],[-4,77]],[[7168,33900],[6,99],[17,96],[-1,96],[12,132],[10,-7],[18,-210],[7,-61],[22,2],[11,106],[-30,-7],[-2,83],[-15,160],[3,209],[10,76],[7,-44],[25,-68],[14,29],[1,106],[-17,74],[-10,121],[9,86],[7,136],[16,-49],[2,-42],[17,-19],[4,-57],[12,78],[-12,96],[-8,134],[12,46],[12,-55],[8,-82],[13,9],[-10,127],[7,38],[-12,150],[-7,0],[-3,111],[14,4],[18,182],[2,92],[18,21],[7,95],[13,-68],[17,-50],[7,42],[-23,136],[-15,60],[3,120],[-6,39],[7,241],[18,162],[8,-94],[12,-20],[14,178],[10,-121],[5,90],[16,58],[-3,-207],[5,-44],[-10,-124],[-3,-89],[5,-60],[-10,-87],[-3,-105],[-19,-122],[-9,-212],[1,-68],[11,-66],[-7,-131],[2,-103],[9,0],[5,102],[7,-119],[11,48],[1,100],[7,71],[-5,112],[9,94],[12,-55],[19,-211],[-7,-61],[7,-84],[9,25],[4,86],[11,92],[4,-102],[7,6],[-6,-230],[-7,-170],[-3,-131],[6,-188],[5,147],[0,100],[7,145],[8,10],[-4,-187],[10,79],[10,272],[9,-55],[-1,-86],[1,-278],[-2,-130],[-8,-130],[-9,8],[-3,-118],[-11,-151],[-8,-28],[-7,46],[-1,94],[-17,0],[-6,142],[1,126],[-25,54],[-1,-141],[7,-51],[0,-127],[-12,64],[2,-137],[17,-139],[-23,-116],[-1,68],[-12,-28],[-17,89],[-2,-55],[-17,-48],[-3,-140],[-7,-9],[-4,153],[3,101],[0,199],[-9,47],[-3,-318],[-7,-181],[-8,-122],[-21,-54],[-13,12],[7,-136],[-7,-161],[-20,1],[-11,-118],[-7,37],[-18,6],[-19,45],[-11,55],[-12,99],[-22,71],[-9,60],[-15,29],[-19,-61],[-4,71],[-11,42]],[[7113,28143],[16,70],[0,-70],[-9,-63],[-7,63]],[[6962,27068],[6,108],[12,4],[6,62],[14,-5],[-1,-160],[-27,50],[-10,-59]],[[6905,26370],[14,217],[25,153],[8,-50],[14,13],[13,50],[6,-143],[9,-155],[6,-34],[42,48],[2,-57],[-6,-97],[-14,-72],[-4,-59],[-14,7],[-30,-28],[-15,45],[-19,-82],[-12,54],[-18,18],[-7,88],[0,84]],[[6785,25820],[18,339],[11,131],[14,98],[23,200],[12,71],[11,5],[20,-75],[3,-162],[-20,-138],[-1,-62],[-24,-86],[-23,-138],[-26,-312],[-8,-17],[-9,80],[-1,66]],[[6784,30364],[5,91],[12,-40],[10,167],[1,134],[-5,57],[14,129],[9,259],[13,58],[15,106],[9,180],[10,-33],[11,48],[8,113],[13,93],[3,75],[21,22],[10,100],[36,-57],[19,50],[14,-57],[-1,-314],[3,-92],[-4,-116],[17,-55],[1,-130],[14,37],[-2,154],[20,203],[-20,229],[4,88],[34,2],[5,-39],[17,-8],[4,52],[-7,88],[-34,134],[-7,-7],[-12,54],[-16,-24],[-4,160],[2,91],[-2,107],[1,175],[18,144],[3,127],[19,26],[15,120],[21,-67],[12,10],[-4,-94],[3,-94],[14,-56],[3,-136],[8,-149],[-5,-77],[-1,-184],[8,-53],[10,320],[7,-52],[5,95],[-9,144],[-2,110],[4,34],[17,-54],[15,-105],[16,-40],[8,82],[-13,27],[-4,130],[-18,34],[-4,70],[-12,33],[-23,244],[5,164],[16,37],[11,-95],[21,-90],[9,-113],[8,-27],[15,-237],[7,0],[-9,179],[19,-62],[5,-71],[17,-93],[-1,112],[-28,284],[-2,64],[-19,90],[-10,172],[7,48],[8,-17],[14,-135],[13,-19],[10,-84],[17,61],[15,-71],[19,9],[9,-67],[14,-25],[13,-80],[2,-73],[-18,-99],[0,-79],[-14,-222],[5,-108],[-6,-104],[4,-125],[8,-64],[7,16],[-2,206],[2,213],[5,72],[12,85],[16,-182],[4,173],[4,71],[18,118],[1,119],[13,29],[0,-71],[10,-54],[10,55],[13,-78],[3,-121],[15,-74],[-11,-107],[7,-84],[20,88],[-5,-169],[-23,-96],[-11,-126],[2,-161],[3,-100],[0,-212],[20,147],[7,-48],[-13,-140],[-12,-279],[9,0],[18,173],[6,122],[8,-87],[0,-83],[13,53],[6,-71],[20,38],[5,-156],[-29,-318],[-10,-53],[-8,-239],[-1,-140],[-3,-91],[-33,105],[1,74],[-9,46],[-9,-170],[-6,76],[-14,26],[-9,110],[-8,-58],[-10,8],[-14,189],[-11,-4],[-7,-46],[-12,65],[-11,19],[-8,-159],[9,-42],[18,5],[15,-67],[9,-105],[2,-74],[16,-76],[11,-4],[7,-111],[-1,-130],[-8,-56],[0,-130],[-18,-196],[-4,110],[-9,49],[-19,-227],[-8,41],[1,112],[-7,32],[-6,-65],[-4,152],[6,153],[-19,-112],[-11,58],[-19,-56],[-13,-61],[-12,17],[-10,-86],[17,-34],[6,-60],[23,62],[11,-70],[8,-110],[-9,-118],[-13,-34],[-13,-88],[-24,7],[-13,37],[-2,-106],[12,-14],[1,-195],[14,105],[26,-50],[4,62],[16,33],[8,-109],[12,-2],[3,-76],[-13,-122],[-11,-31],[-19,18],[-20,-132],[-8,-30],[-9,50],[-14,-105],[-4,-94],[6,-102],[-11,-182],[-19,-60],[-11,100],[6,73],[0,81],[-10,49],[8,74],[-4,56],[-15,-76],[-1,87],[13,95],[-6,111],[25,282],[0,166],[-15,-116],[-16,-172],[-8,-142],[-11,-50],[-5,115],[-9,-53],[9,-197],[-4,-118],[-22,139],[-8,-34],[-17,0],[2,-164],[7,29],[12,-17],[4,-84],[-9,-89],[19,-100],[-4,-151],[-11,-71],[-3,-107],[-16,-16],[-19,-208],[15,-69],[-7,-110],[-23,-103],[-4,81],[-9,-48],[-2,-95],[-15,-147],[-2,-107],[-21,-121],[-11,0],[-6,99],[-26,-103],[-3,37],[4,170],[17,319],[16,55],[8,182],[10,88],[20,62],[7,86],[1,106],[-5,52],[-15,-94],[-16,8],[1,186],[15,287],[-2,34],[14,136],[6,12],[14,112],[6,96],[-1,119],[-6,7],[-5,-147],[-17,-55],[-6,-102],[-19,-163],[-13,-226],[-6,-74],[-10,-169],[-11,-7],[-13,-243],[-13,-50],[-6,-110],[1,-63],[-13,-103],[-8,-12],[-1,290],[-6,90],[-10,61],[-11,126],[-34,143],[3,163],[0,244],[-4,528],[-18,365],[-8,72],[-14,19],[-6,55],[-9,-40],[-7,73],[2,116],[-15,157]],[[6518,22799],[20,123],[7,90],[6,173],[10,65],[10,-29],[1,-61],[-7,-212],[5,-195],[1,-110],[-7,-139],[-7,-28],[-9,79],[-23,10],[1,142],[-8,92]],[[7197,37839],[3,0]],[[7214,37840],[-10,-80],[-13,49],[-9,-158],[-3,-207],[-4,-127],[-14,-199],[-10,16],[-8,-105],[-13,-29],[-8,-112],[-2,-146],[-12,-12],[-8,-84],[-30,-50],[-19,39],[-15,-23],[-4,-111],[3,-82],[-10,-366],[-37,-41],[-4,-53],[6,-336],[13,-29],[7,-57],[-4,-72],[-10,-28],[-3,-69],[-13,12],[-3,-43],[-21,42],[-13,-137],[-28,-193],[6,-140],[14,41],[-1,115],[16,-12],[6,135],[8,-35],[4,-111],[9,-69],[-28,-119],[15,-111],[1,-95],[-5,-67],[-16,-69],[-14,77],[-3,-107],[3,-86],[8,-30],[7,-110],[-15,-19],[-16,154],[-2,-186],[5,-53],[2,-122],[-8,-16],[-14,201],[-12,114],[0,80],[-10,140],[1,-243],[5,-233],[-8,-10],[-35,152],[2,-142],[6,34],[10,-170],[-8,-221],[-20,39],[-3,153],[-9,-1],[-11,-57],[-4,-190],[-20,-63],[-6,87],[-9,30],[-15,-10],[-12,-98],[-19,-53],[-1,-101],[-6,-96],[-18,-26],[1,-56],[14,-185],[-6,-117],[-19,-89],[-14,76],[-8,-35],[4,-133],[-17,-75],[-15,37],[-1,-221],[11,-174],[-1,-125],[-13,-3],[-9,-62],[-10,157],[-22,59],[-19,173],[-10,-24],[-6,-67],[2,-114],[-6,-160],[0,-84],[15,-109],[-4,-89],[-28,-69],[-12,-67],[-11,21],[11,-164],[3,-125],[-2,-173],[-14,16],[-8,76],[-10,28],[-4,-74],[-20,-93],[-10,50],[-10,115],[-10,-13],[5,-213],[-5,-7],[2,-255],[6,-88],[-3,-85],[-19,20],[-10,150],[-14,68],[-8,-51],[-3,-130],[-17,-78],[-12,-27],[-22,-258],[-9,-27],[-7,-109],[-22,-95],[-3,-97],[9,-79],[34,138],[11,32],[8,-50],[3,-102],[-6,-217],[-11,-17],[-7,-125],[6,-110],[15,-61],[-2,-45]],[[6356,29520],[-116,0],[0,359],[22,0],[0,287],[14,0],[0,215],[22,0],[-3,143],[15,0],[0,358],[15,0],[0,215],[15,0],[7,72],[0,143],[45,0],[0,-71],[22,0],[0,143],[7,72],[8,0],[0,143],[15,0],[0,72],[15,0],[0,-215],[30,286],[0,72],[-15,0],[0,215],[37,0],[0,143],[6,0],[0,215],[15,1],[0,286],[45,0],[0,144],[22,0],[0,215],[30,0],[0,793],[15,0],[0,287],[-15,0],[0,430],[30,0],[0,215],[46,0],[0,143],[15,0],[0,143],[38,0],[0,72],[38,0],[0,143],[45,0],[0,144],[31,0],[0,143],[9,0],[0,143],[23,0],[0,215],[15,0],[0,932]],[[6240,23862],[7,-3],[3,111],[10,141],[11,-83],[1,-112],[-12,-41],[-1,-92],[-16,17],[-3,62]],[[6224,24510],[0,148],[7,55],[9,-84],[-4,-86],[0,-110],[-11,21],[-1,56]],[[6079,26349],[16,204],[18,-12],[11,34],[25,-17],[17,-159],[-29,20],[-9,-121],[-12,-4],[-13,29],[-7,-21],[-17,47]],[[5918,25397],[21,101],[9,-222],[-8,-62],[-11,120],[-11,63]],[[5643,28044],[0,-39]],[[5643,28005],[0,39]],[[5641,22817],[8,259],[7,-4],[13,77],[14,-86],[1,-126],[-16,-3],[-12,33],[-5,-151],[-10,1]],[[5562,22897],[10,170],[14,-109],[1,-105],[-13,-31],[-12,75]],[[5511,22652],[3,66],[12,44],[6,-83],[-5,-153],[-9,117],[-7,9]],[[5502,22283],[4,43],[4,224],[10,-68],[-14,-175],[-4,-24]],[[5643,27683],[21,-93],[12,-13],[7,41],[28,42],[-3,52],[2,154],[-12,217],[4,172],[-4,76],[2,174],[7,201],[11,189],[15,214],[8,150],[23,315],[22,287],[20,214],[11,55],[23,174],[28,106],[1,70],[26,208],[16,301],[17,98],[23,241],[24,114],[7,-166],[5,-59],[4,-151],[12,-4],[9,160],[-9,452],[-27,12],[-4,115],[2,361],[13,438],[6,485],[7,618],[7,436],[10,251],[6,26],[13,-17],[14,21],[8,58],[4,139],[-15,10],[-26,319],[-3,309],[3,274],[12,301],[3,130],[8,146],[13,88],[8,0],[12,120],[21,343]],[[6098,36657],[107,0],[156,0],[0,1335],[-192,0]],[[6169,37992],[9,141],[0,169],[7,174],[-7,-2],[-12,-75],[-9,-127],[1,-137],[-7,-80],[-4,-118],[-31,-117]],[[6356,29520],[-10,-172],[-7,-29],[-4,-76],[-11,-58],[2,-137],[-10,-26],[-11,-145],[-18,-20],[8,-220],[-3,-92],[-24,108],[-7,13],[-7,127],[-6,36],[-17,-61],[10,-138],[-11,-142],[-1,-137],[-5,-184],[-9,-20],[-3,127],[-8,89],[-3,103],[-12,-50],[-6,-209],[-7,3],[-13,-111],[-14,-277],[-17,-9],[-5,-88],[4,-128],[-8,-87],[-15,8],[-8,93],[-10,48],[-1,59],[-25,236],[-15,-17],[-10,-124],[2,-119],[12,-48],[5,-134],[-21,-44],[-9,4],[-7,-83],[-7,-209],[3,-124],[11,-71],[8,27],[9,-153],[-3,-69],[-8,-48],[-32,14],[-8,-52],[-11,6],[-9,69],[-9,250],[-14,3],[-13,-90],[-3,-60],[-10,16],[-13,-50],[-8,-142],[-19,-36],[-27,-245],[-1,-121],[35,121],[10,59],[17,22],[9,-40],[8,23],[6,-89],[-4,-52],[1,-196],[-15,-124],[-10,63],[-11,9],[-19,111],[-20,12],[-11,43],[-4,-71],[11,-88],[-4,-137],[-9,23],[-6,-51],[-18,42],[-12,77],[-10,14],[-14,-118],[-9,-36],[-16,-271],[-12,-115],[3,-107],[7,-60],[20,-68],[-3,-82],[22,71],[10,-42],[4,-64],[23,-67],[-5,-106],[-9,-38],[-17,-121],[-19,-46],[13,-67],[10,-8],[-9,-174],[19,80],[14,107],[10,107],[4,-95],[-7,-124],[-9,4],[-37,-214],[-7,-67],[0,187],[-9,-113],[-8,-53],[12,-255],[-2,-135],[-7,39],[1,69],[-12,105],[3,-243],[13,-60],[-2,-196],[-8,-33],[-3,77],[-9,122],[-2,-150],[-5,-125],[-13,248],[12,76],[-2,40],[-20,-63],[0,201],[2,159],[9,17],[5,191],[12,59],[-6,53],[0,90],[-12,-36],[2,-104],[-9,-70],[0,-69],[-7,-94],[-9,-49],[-7,66],[-4,-94],[6,-232],[-7,-57],[-11,1],[2,-81],[14,15],[7,-81],[-1,-143],[-14,-42],[12,-95],[-8,-61],[-5,79],[-7,-65],[-7,36],[8,220],[-15,63],[1,-82],[-6,-79],[-6,22],[-3,124],[-6,-4],[-3,-103],[-8,-122],[-8,-201],[-10,30],[-14,-28],[-2,-187],[-7,12],[-11,152],[-17,-73],[-10,-94],[-10,45],[-21,-51],[-3,-111],[-16,58],[-15,-109],[-2,-159],[2,-127],[-9,-23],[-8,122],[-3,119],[4,94],[-3,58],[5,113],[-11,20],[-11,-67],[-4,-104],[9,-120],[5,-397],[-17,-252],[6,-66],[-2,-249],[-5,-43]],[[5457,21886],[0,1233],[-86,0],[0,430],[17,0],[0,1721],[-26,0],[0,860],[87,0],[0,430],[87,0],[0,430],[63,0],[0,430],[44,0],[0,263]],[[6098,36657],[15,129],[10,127],[25,196],[8,20],[-4,94],[1,193],[7,76],[12,181],[1,152],[-7,82],[3,85]],[[11019,42119],[3,72],[19,-72],[-11,-67],[-11,67]],[[10961,41469],[9,73],[7,114],[6,24],[-2,-259],[-9,-16],[-11,64]],[[10628,45461],[0,-423],[64,-229],[70,-200],[17,437],[133,-625],[80,760],[172,86],[1,-164],[-35,-1147],[40,-463],[71,-349],[26,-90],[8,-303],[3,-177],[11,-204],[110,-997],[62,-566],[112,-1039],[19,-687],[11,-595],[-7,-379]],[[11479,37609],[6,163],[-5,194],[-17,203],[-19,188],[-29,220],[-3,62],[-15,106],[-27,146],[-56,210],[-20,67],[-20,135],[-34,272],[-23,159],[-44,215],[-77,329],[-41,237],[-37,227],[-19,151],[-48,285],[-7,68],[8,85],[16,-81],[12,144],[6,1],[3,93],[-5,54],[7,95],[7,-46],[0,-206],[11,76],[14,295],[15,148],[12,169],[-17,159],[-10,168],[-5,131],[2,81],[-9,142],[-3,138],[3,142],[5,13],[16,113],[17,334],[-9,125],[-9,61],[-9,-139],[-7,-62],[1,-118],[-3,-111],[-28,-132],[-16,-242],[2,-140],[-3,-78],[-9,-56],[-39,-132],[-30,-137],[-33,-124],[-13,-135],[-25,-80],[-21,29],[-80,76],[-44,94],[-15,46],[-26,137],[-84,372],[-25,97],[-21,104],[6,89],[8,40],[10,108],[8,-15],[13,48],[-1,140],[9,151],[-9,178],[0,120],[5,103],[10,51],[4,83],[19,74],[4,152],[-5,19],[-7,-151],[-33,-171],[-16,28],[-5,71],[3,181],[-10,43],[-8,-114],[-16,77],[-9,102],[-9,-76],[7,-130],[15,-94],[6,-192],[10,-22],[13,-158],[-9,-130],[-28,-82],[-12,-107],[-14,-36],[-39,0],[-40,186],[-31,97],[-30,39],[-29,89],[-26,58],[-25,34],[-13,-1],[-4,42],[-25,62],[-45,46],[-31,10],[-28,-25],[-61,-123],[-109,-95],[-29,-36],[-20,-57],[-32,-122],[-11,-61],[-12,-23]],[[3837,83370],[-28,107],[-52,151],[-59,116],[-30,165],[-7,149],[-10,136],[-26,205],[-28,154],[-48,177],[-50,124],[-28,43],[-37,29],[22,78],[64,174],[39,133],[10,63],[9,126],[0,253],[19,223],[0,177],[5,244],[-4,32],[10,195],[-2,109],[3,388],[-10,421],[3,28],[46,-49],[107,-91],[29,-11],[77,47],[70,91],[47,70],[44,48],[28,66],[35,0],[33,29],[43,64],[20,69],[18,95],[45,155],[24,190],[40,190],[35,263],[25,302],[32,260],[24,243],[12,146],[14,272],[7,216],[1,557],[-2,364],[3,164],[10,191],[4,162],[19,455],[13,164],[37,322],[41,388],[26,299],[8,123],[14,127],[14,182],[39,347],[111,569],[16,102],[71,-116],[50,-55],[44,10],[38,104],[27,51],[78,281],[65,309],[60,362],[33,221],[30,274],[15,79],[43,326],[26,148],[41,316],[29,110],[64,165],[33,-14],[6,50],[17,-200],[-20,1],[-44,-64],[0,-116],[13,-115],[11,83],[17,-73],[21,-6],[14,31],[22,-2],[12,108],[-32,84],[0,66],[32,-99],[22,-25],[57,-31],[28,53],[15,-14],[17,65],[14,-37],[19,101],[33,-9],[51,68],[42,110],[31,111],[74,361],[23,140],[38,273],[20,185],[31,339],[39,369],[42,372],[46,253],[21,73],[2,-183],[8,-99],[26,-26],[20,-142],[21,13],[31,-50],[29,-77],[-3,-83],[17,-99],[-11,-170],[32,92],[41,35],[17,-4],[10,-70],[16,10],[23,-90],[0,-129],[15,-200],[-8,-176],[-15,-99],[-10,6],[-8,-102],[-14,-59],[-5,-132],[-17,0],[-4,-75],[-16,13],[-45,-57],[7,-48],[21,-456],[-3,-104],[16,-35],[30,2],[18,24],[27,-52],[9,100],[24,60],[2,123],[-8,307],[12,9],[26,183],[2,66],[31,103],[13,-179],[11,17],[4,104],[-7,136],[-16,128],[-5,91],[29,153],[9,-164],[13,-16],[2,169],[-2,241],[44,-180],[44,-230],[37,-244],[16,-154],[-11,-87],[-3,-141],[4,-432],[5,-123],[27,-42],[40,34],[25,-71],[10,-112],[-8,-77],[18,-48],[30,105],[21,142],[16,221],[0,68],[52,61],[58,-25],[40,36],[42,137],[15,10],[44,-48],[10,-79],[23,-24],[15,-194],[15,-15],[10,166],[31,-18],[24,17],[25,-78],[26,-41],[10,-58],[38,-95],[9,-130],[-18,-31],[-13,-72],[-21,-321],[-13,-108],[-14,-12],[4,-272],[11,-127],[21,-67],[9,29],[37,-87],[16,28],[13,-30],[3,-99],[-40,90],[-11,-59],[-11,21],[-33,-12],[-29,45],[-13,-87],[12,-124],[23,66],[25,-6],[34,-57],[8,43],[20,15],[19,-31],[7,77],[13,20],[45,-86],[28,44],[-3,-69],[-28,-281],[-23,-52],[-10,-83],[3,-58],[18,-79],[31,26],[16,-24],[38,40],[19,-62],[57,-129],[14,-141],[28,26],[17,123],[11,126],[27,157],[26,-38],[19,57],[25,-77],[10,148],[40,27],[6,-59],[23,-57],[11,-105],[4,-146],[46,126],[24,-26],[18,87],[50,318],[11,-83],[13,-37],[18,91],[18,-1],[19,-44],[15,23],[17,78],[13,-126],[9,-18],[15,70],[15,-64],[35,-27],[6,-52],[20,-43],[33,-217],[10,18],[33,-107],[20,49],[37,-75],[31,-191],[3,-97],[-6,-70],[22,-110],[14,0],[27,146],[7,-133],[14,-62],[21,242],[25,-168],[21,-20],[11,-69],[7,-119],[23,44],[-4,-153],[-11,-37],[19,-102],[9,14],[21,-75],[38,4],[42,-94],[28,46],[13,-18],[1,-101],[17,-88],[51,3],[39,138],[53,-34],[22,17],[16,41],[12,-27],[52,-15],[18,-68],[27,-20],[10,-77],[10,6],[36,-67],[16,79],[6,71],[25,-178],[39,-209],[41,-122],[10,-122],[48,-107],[24,-109],[55,-93],[5,-63],[18,15],[19,94],[31,-69],[24,-9],[16,63],[34,279],[19,28],[26,-4],[12,89],[22,25],[9,68],[33,59],[20,56],[12,100],[23,-63],[14,86],[25,45],[16,-1],[7,54],[15,-1],[28,-96],[20,18],[28,123],[15,-83],[52,-200],[10,-58],[64,-187],[39,-172],[37,-203],[-4,-83],[36,-155],[-3,-69],[25,12],[45,-235],[30,-102],[21,-102],[21,-34],[38,-114],[47,-210],[35,-244],[7,-214],[17,-132],[32,-10],[14,261],[23,-46],[33,-135],[0,-1785],[0,-2005],[0,-1707],[-1,-197]],[[99918,3753],[16,12],[12,157],[11,40],[11,-10],[31,-259],[-6,-232],[-5,-81],[-24,-168],[-9,-10],[-26,124],[-11,122],[-2,80],[2,225]],[[99679,2039],[6,101],[8,7],[4,-72],[13,-58],[19,11],[28,-100],[4,-142],[23,-167],[21,-268],[18,-144],[14,-32],[7,-119],[4,-127],[9,-38],[34,-7],[21,-140],[-3,-54],[-14,-29],[-9,62],[-30,-70],[-11,94],[-1,53],[-44,335],[-13,210],[-17,222],[-30,182],[-17,-34],[-22,106],[-20,152],[-2,66]],[[99629,3730],[9,47],[21,-68],[10,-141],[-14,-209],[-10,-18],[-10,158],[-6,231]],[[99571,2986],[19,-32],[8,-73],[11,-163],[-15,-9],[-21,222],[-2,55]],[[99531,4004],[7,91],[6,-3],[11,-89],[3,-147],[-5,-59],[-11,-23],[-8,56],[-3,174]],[[99283,3325],[19,117],[5,-3],[15,216],[19,83],[20,25],[4,42],[2,226],[11,309],[5,103],[11,77],[16,-122],[4,-102],[-4,-113],[-8,-23],[-8,-240],[-18,-186],[2,-113],[19,-26],[-2,-128],[-13,-43],[-42,71],[-10,-55],[-7,-75],[-6,-153],[2,-145],[-6,-92],[-5,98],[-16,137],[-9,36],[0,79]],[[98913,5679],[9,23],[16,-79],[-6,-116],[-9,-8],[-11,131],[1,49]],[[98409,7464],[8,62],[14,-74],[3,-112],[-13,13],[-11,48],[-1,63]],[[98378,7565],[13,-35],[5,-69],[-4,-52],[-9,47],[-5,109]],[[98211,5850],[7,130],[18,115],[8,-65],[15,40],[8,147],[8,-14],[11,150],[15,29],[25,-4],[-4,-79],[-13,-93],[-5,-156],[6,-123],[4,-320],[-21,-1],[-12,109],[-5,112],[-8,1],[-14,-80],[-13,-2],[-19,90],[-11,14]],[[97962,8437],[46,368],[4,18],[29,29],[101,-87],[14,-95],[15,-172],[11,24],[12,-86],[35,-404],[-2,-87],[-31,-23],[-20,163],[-7,-36],[-11,-266],[-13,-54],[-34,62],[-26,-175],[-26,137],[-13,171],[1,193],[-4,74],[-31,238],[-16,-21],[-20,-80],[-12,31],[-2,78]],[[3576,12709],[3,53],[26,59],[-1,92],[15,75],[20,-10],[-14,-115],[1,-253],[-18,0],[10,-107],[-7,-86],[-10,9],[-8,-79],[-4,102],[-7,12],[-6,248]],[[3147,10341],[12,67],[15,117],[0,39],[16,154],[11,15],[9,-35],[9,17],[6,88],[8,-70],[12,21],[-3,89],[6,33],[7,135],[13,-63],[7,17],[11,-72],[5,180],[10,-118],[0,172],[3,47],[24,-83],[3,49],[10,-22],[-1,206],[19,82],[-1,70],[-12,56],[-2,160],[-5,89],[4,107],[12,58],[11,-88],[8,-15],[9,39],[-1,102],[-16,108],[-1,100],[9,119],[10,36],[29,6],[1,-71],[10,-148],[13,-138],[4,67],[-9,144],[5,103],[6,-58],[5,128],[9,-36],[7,64],[-40,84],[-7,65],[-12,11],[-11,87],[-12,-109],[-18,158],[-6,161],[-16,46],[-1,147],[8,22],[6,79],[4,157],[4,69],[11,44],[8,133],[9,-16],[25,158],[14,-45],[5,64],[10,28],[10,79],[6,-75],[6,-1],[10,87],[11,-52],[7,-103],[0,-149],[-6,-23],[-7,-139],[8,-152],[-5,-73],[6,-44],[8,12],[3,-113],[8,57],[-4,90],[4,49],[0,107],[5,68],[8,-44],[-10,-82],[8,-59],[11,88],[6,-5],[9,211],[2,197],[7,53],[8,-12],[-7,-224],[12,-7],[15,175],[6,-50],[3,-151],[-1,-89],[11,-66],[-8,-56],[1,-80],[-13,-69],[-13,18],[-15,-149],[-3,-68],[-9,3],[4,-107],[-16,-94],[-13,5],[6,-146],[-22,-79],[8,-81],[12,3],[8,-31],[6,136],[12,68],[9,-134],[2,184],[10,61],[8,-251],[6,-12],[6,-142],[-6,-101],[-32,-115],[-7,-13],[-6,-112],[-8,52],[-7,-72],[-9,35],[-5,-68],[-6,-337],[-6,34],[-8,-39],[-3,-153],[-7,-191],[-5,5],[-17,103],[-10,227],[-7,-38],[8,-179],[-2,-70],[9,-48],[1,-109],[-7,-104],[-8,63],[-7,-83],[-11,114],[-4,-157],[-15,56],[2,102],[-9,9],[-8,-77],[-19,0],[-2,-103],[-8,-30],[-15,18],[-7,-106],[-11,-44],[-4,-64],[-21,-63],[-3,-176],[-18,7],[-23,-74],[0,-53],[-12,-159],[-2,-94],[-9,98],[-7,-18],[-12,57],[-6,-170],[-9,-37],[-3,73],[-10,43],[-24,42],[-2,77],[-9,25],[-6,68]],[[2795,7916],[2,44],[11,28],[5,91],[-5,54],[22,31],[6,37],[4,100],[-5,70],[3,114],[12,-37],[18,121],[-5,253],[20,120],[8,174],[1,130],[-10,72],[3,239],[6,124],[11,123],[5,9],[6,120],[8,0],[12,148],[1,72],[22,-112],[7,16],[17,99],[4,-96],[15,41],[11,4],[0,158],[-7,-12],[-1,121],[-16,36],[4,74],[8,213],[-5,74],[-1,124],[18,245],[16,97],[14,182],[26,78],[15,78],[15,-19],[8,55],[12,-74],[2,-91],[14,-55],[32,-4],[2,-105],[-6,-120],[-14,-141],[0,-106],[4,-73],[0,-126],[-16,-101],[-3,-54],[-20,-95],[-6,-77],[-16,-97],[-15,-60],[-2,-64],[-21,-72],[-21,-97],[-17,-187],[3,-48],[-12,-125],[-2,-125],[-22,-338],[-2,-106],[-16,-40],[-2,-44],[-18,-48],[-14,-202],[-6,-55],[-16,-67],[-2,-90],[-12,61],[-5,-37],[1,-97],[7,-51],[-8,-73],[-6,97],[-14,-52],[-5,-64],[-23,-168],[-8,-33],[-11,7],[-7,-81],[0,-70],[-11,-2],[-7,-43]],[[2755,7624],[14,126],[3,-62],[-17,-64]],[[2614,8710],[5,99],[-1,93],[19,73],[4,-145],[-4,-72],[-5,-173],[-7,-54],[-5,31],[-6,148]],[[2608,26725],[8,5],[29,-59],[19,-10],[24,22],[9,-60],[-9,-117],[-10,-31],[-12,-159],[-16,30],[-9,72],[-2,117],[-20,54],[-11,136]],[[2604,9082],[9,124],[8,-104],[-2,-74],[-15,54]],[[2545,7963],[7,128],[11,22],[16,-59],[7,21],[-1,102],[13,20],[21,59],[12,-33],[8,-71],[0,-119],[-4,-70],[4,-54],[-11,-103],[4,-105],[-10,-22],[-4,107],[-9,71],[-5,-17],[-16,102],[-18,-191],[-8,-8],[-13,112],[-4,108]],[[2515,8300],[6,37],[3,78],[20,-36],[5,-58],[-2,-140],[-12,-76],[-12,47],[-8,148]],[[2497,7431],[4,289],[16,29],[4,-56],[13,-40],[-1,-135],[-6,-104],[-13,-19],[-17,36]],[[2431,29441],[1,149],[8,76],[7,-21],[17,80],[5,-39],[15,-3],[28,76],[-8,-163],[-4,-152],[-11,-76],[-12,-33],[-13,63],[-9,-9],[-24,52]],[[2314,6624],[6,250],[0,115],[18,69],[3,115],[5,49],[9,-12],[8,104],[18,-50],[11,-80],[-1,-164],[-12,-197],[-15,-27],[-6,26],[-15,-86],[-2,-60],[-14,-142],[-13,90]],[[2220,6628],[11,119],[5,-22],[0,-119],[-16,22]],[[2182,6232],[6,163],[12,73],[15,-178],[-4,-111],[-9,-96],[-18,27],[-2,122]],[[1815,5183],[4,146],[6,58],[7,182],[22,109],[5,67],[19,35],[0,-67],[8,-54],[14,-6],[6,-57],[1,-100],[-4,-85],[-21,-121],[-5,-83],[-10,36],[-8,-86],[-11,-9],[-6,-85],[-5,45],[-18,2],[-4,73]],[[1419,4486],[30,-18],[17,58],[-4,-134],[18,23],[5,-52],[8,32],[5,96],[17,11],[32,93],[9,-56],[9,90],[4,-83],[-8,-110],[13,-83],[6,72],[6,-67],[18,-3],[10,-29],[15,18],[7,37],[12,-72],[12,74],[10,-33],[4,-73],[8,67],[10,-27],[13,13],[8,-62],[-7,-52],[-21,8],[-15,-88],[-54,-39],[-8,-63],[-29,29],[-4,-52],[-15,-48],[-7,97],[-7,46],[-5,-30],[-11,55],[-5,-37],[-8,39],[-13,-53],[-10,17],[-14,-56],[-12,66],[-16,7],[-4,93],[-10,162],[-8,-29],[-11,146]],[[1060,3955],[12,-19],[12,112],[11,-45],[8,105],[16,23],[10,-113],[12,106],[6,107],[6,-2],[5,-90],[18,172],[7,98],[5,-70],[12,-45],[7,24],[9,-24],[10,19],[0,114],[7,14],[13,-72],[21,79],[2,101],[8,-43],[5,68],[-5,133],[14,-16],[8,56],[13,-32],[6,38],[-11,83],[6,64],[11,24],[10,-33],[5,-74],[8,40],[5,97],[18,139],[-3,116],[-15,-1],[-6,50],[-11,-33],[-10,77],[-8,-18],[-8,55],[-3,78],[5,43],[9,-29],[18,-14],[6,106],[-3,170],[13,20],[4,87],[14,27],[4,49],[15,47],[10,-98],[12,-40],[5,-101],[13,-55],[-1,-100],[7,-147],[-2,-107],[-12,-128],[-1,-108],[-6,-89],[-35,35],[-5,-86],[5,-93],[9,-13],[2,-110],[17,-156],[2,-92],[-8,-30],[-9,56],[-12,-49],[-9,-73],[-15,-24],[-3,92],[-13,35],[-12,-67],[-6,-92],[-1,-137],[-10,-117],[-7,124],[-8,51],[-16,-63],[2,-75],[-17,11],[-7,-88],[-18,45],[-7,-152],[-6,-6],[-16,121],[-10,-8],[-18,81],[-9,-62],[-12,19],[-1,-78],[-8,24],[-7,-103],[-16,23],[-7,-23],[-18,13],[-11,-15],[-17,60],[-10,-51],[-9,78]],[[948,3601],[3,114],[23,-69],[-17,-49],[-9,4]],[[911,3560],[5,46],[17,31],[5,-169],[-11,-19],[-5,85],[-11,26]],[[888,3762],[13,53],[22,-22],[-13,-131],[-15,44],[-7,56]],[[844,3283],[7,5],[7,70],[22,43],[-2,-110],[9,-84],[0,-131],[-18,99],[-25,108]],[[818,4144],[1,64],[18,198],[25,-45],[6,-129],[8,-52],[-3,-90],[9,-111],[-19,-50],[7,-178],[-3,-46],[-14,-11],[0,86],[-27,62],[1,77],[-6,98],[-3,127]],[[811,2990],[9,97],[-4,74],[3,90],[10,-7],[10,-121],[19,-13],[11,-45],[0,-90],[-14,-25],[-10,39],[1,-148],[-17,-123],[-4,72],[5,58],[-14,62],[-5,80]],[[600,2000],[6,31],[-4,103],[5,104],[19,96],[10,122],[-3,105],[2,66],[-10,76],[-5,95],[2,75],[13,103],[6,-99],[6,-5],[11,66],[-3,54],[9,178],[0,85],[-10,125],[-3,110],[5,132],[6,43],[14,18],[15,-80],[11,56],[-1,64],[11,122],[10,-42],[1,-109],[-4,-109],[6,-103],[-1,-55],[-20,-79],[-1,-158],[7,-75],[1,-71],[9,23],[5,-43],[14,76],[9,-1],[2,-57],[15,141],[11,19],[6,-43],[9,55],[7,-66],[-2,-117],[6,-121],[0,-147],[-8,-70],[-6,-169],[-8,-44],[-15,47],[-1,261],[-7,-12],[2,-119],[-2,-116],[-8,-21],[-5,59],[-26,-260],[-26,-20],[-6,-68],[-11,19],[-3,-120],[4,-31],[-2,-124],[-9,69],[-14,-143],[-3,76],[2,113],[-6,166],[3,72],[-1,123],[-11,-182],[0,-88],[-10,-134],[-4,-144],[-7,-93],[-11,64],[-3,126]],[[468,3362],[7,85],[6,-94],[-9,-61],[-4,70]],[[402,2386],[18,143],[23,-74],[11,19],[1,87],[9,-15],[10,95],[9,-21],[5,44],[30,93],[13,73],[9,102],[2,123],[1,443],[5,59],[14,-12],[11,-54],[10,-104],[1,-71],[-7,-52],[2,-123],[-18,-141],[-1,-125],[6,-105],[-3,-121],[1,-153],[-7,-117],[-16,-12],[-13,29],[2,-99],[-9,-53],[-6,32],[-18,238],[-4,-23],[-19,-14],[-17,-134],[-28,33],[-10,-87],[2,-139],[-10,-4],[-1,138],[-8,102]],[[256,3232],[9,151],[19,53],[21,-32],[21,24],[20,-202],[-5,-94],[7,-58],[10,-4],[0,-78],[10,1],[11,70],[7,-77],[7,-11],[12,90],[16,25],[4,-82],[-16,-92],[-10,8],[-20,-106],[-9,-25],[5,-81],[-11,-204],[3,-188],[-10,-83],[-5,35],[-10,-59],[-2,-125],[7,-226],[-9,-24],[-7,136],[-2,115],[-19,24],[-2,96],[-12,-57],[-10,83],[11,129],[10,4],[24,88],[2,67],[-2,187],[-16,89],[-12,-50],[-9,106],[-2,82],[-13,61],[-9,80],[-9,37],[-5,117]],[[128,1867],[12,61],[11,-58],[10,-23],[-7,-82],[-10,42],[-12,-3],[-4,63]],[[79,1735],[11,-12],[11,-67],[12,-19],[2,-64],[-24,-14],[-4,108],[-8,68]],[[77,2774],[3,168],[7,75],[11,1],[13,-124],[4,-137],[-10,-170],[-12,-6],[-16,193]],[[44,779],[3,77],[16,-102],[3,-178],[-14,24],[2,-71],[-11,-103],[1,148],[5,116],[-5,89]],[[0,253],[9,117],[5,1],[6,-92],[0,-118],[-7,-161],[-11,25],[1,160],[-3,68]],[[5518,18225],[10,44],[-2,113],[9,88],[4,-113],[7,-23],[9,29],[3,-87],[-10,-164],[-11,-69],[-10,24],[-4,117],[-5,41]],[[5479,18819],[7,69],[4,127],[8,-28],[11,44],[7,-24],[-8,-169],[9,-114],[5,-118],[-11,-24],[-6,-90],[-11,-62],[-7,147],[5,59],[10,-32],[0,92],[-6,41],[0,173],[-11,-111],[-6,20]],[[5444,17800],[11,40],[15,-178],[-2,-142],[-14,-18],[-10,298]],[[5430,19332],[12,17],[6,-87],[7,330],[-5,178],[10,-21],[8,176],[4,-37],[-2,-146],[-8,-69],[2,-83],[9,4],[2,-195],[-10,-154],[0,-112],[12,-147],[-7,-58],[-6,61],[-4,126],[-8,7],[2,-178],[-11,35],[-11,-25],[-1,91],[7,188],[-8,99]],[[5403,19185],[7,166],[6,-48],[-2,-111],[-11,-7]],[[5384,17809],[14,28],[9,99],[13,-39],[-14,-79],[-8,-122],[-8,3],[-6,110]],[[5382,19082],[7,99],[10,-40],[1,-75],[-11,-46],[-7,62]],[[5374,18937],[9,-26],[4,-112],[-5,-27],[-8,165]],[[5303,20373],[14,47],[10,-95],[-3,-85],[-19,33],[-2,100]],[[5263,18240],[3,128],[5,50],[10,-40],[5,82],[-4,87],[7,46],[8,183],[15,144],[-5,57],[-10,-39],[-10,38],[-1,79],[16,55],[-3,47],[-17,70],[2,96],[7,-4],[12,-87],[8,-13],[-12,230],[6,66],[8,-67],[7,-121],[14,-75],[1,131],[-6,50],[-8,204],[6,94],[16,-138],[5,-1],[-4,180],[13,2],[-5,145],[17,235],[7,-108],[3,-113],[-4,-74],[-13,-4],[2,-157],[-3,-267],[12,35],[0,120],[9,15],[5,-89],[-4,-159],[-11,-164],[-10,61],[-9,110],[-4,-144],[3,-135],[-20,-49],[5,-74],[-17,-214],[-15,-88],[-5,-104],[1,-88],[-18,-85],[1,-140],[-14,-141],[-7,142]],[[5238,20830],[6,94],[18,94],[16,-122],[13,43],[0,-158],[4,-70],[-3,-120],[-14,70],[-8,102],[-10,1],[-4,-88],[-11,-5],[-7,159]],[[5187,20306],[9,64],[-2,79],[12,-9],[11,-44],[15,99],[10,6],[7,-279],[-7,-215],[-14,14],[-2,123],[-11,-1],[-3,56],[-9,-45],[-16,152]],[[5093,20312],[18,295],[13,56],[7,75],[19,-50],[4,-48],[-1,-210],[-12,-111],[8,-103],[19,152],[-5,84],[14,204],[12,-65],[1,-101],[-13,-129],[-4,-127],[3,-149],[11,-89],[-2,-90],[7,-54],[6,-169],[-5,-63],[3,-78],[-8,-169],[-3,127],[-14,-56],[-7,7],[-6,86],[-12,32],[-2,111],[-7,26],[-13,-22],[-8,-172],[-18,285],[4,195],[-7,70],[6,138],[-8,112]],[[5074,23168],[6,49],[13,11],[10,123],[5,-86],[-34,-97]],[[4932,19716],[13,114],[15,-99],[5,-151],[-5,-75],[-19,109],[-9,102]],[[4886,19076],[10,147],[7,-94],[0,-78],[-9,-44],[-8,69]],[[4862,19757],[3,114],[8,58],[13,-18],[21,93],[-8,-270],[-7,38],[-11,-90],[-19,75]],[[4805,19429],[3,86],[18,104],[9,-59],[8,-3],[13,-138],[22,-83],[1,-96],[-20,-117],[-2,-78],[-12,-48],[-10,98],[1,123],[7,63],[3,79],[-8,161],[-7,-258],[-26,166]],[[4798,19267],[18,-47],[-6,-78],[-12,125]],[[4656,18367],[15,67],[4,113],[12,91],[17,-34],[7,-102],[0,-150],[1,-186],[-11,-153],[0,-75],[-12,-71],[-8,44],[-2,75],[-17,128],[-6,253]],[[4643,15803],[20,-47],[0,-77],[-6,-76],[-8,84],[-6,116]],[[4538,15863],[7,79],[0,189],[9,67],[37,-161],[11,-73],[19,-81],[1,-92],[-4,-101],[-28,29],[-7,-33],[-10,62],[-15,-89],[-20,204]],[[4450,20785],[2,67],[7,29],[7,-64],[0,-102],[-6,-34],[-10,104]],[[5643,28005],[-15,-96],[5,-148],[10,-78]],[[5457,21886],[-11,-54],[-6,-189],[-19,-83],[-12,-11],[8,188],[13,48],[12,82],[-2,56],[-15,58],[1,154],[12,87],[-7,37],[-7,129],[15,315],[-5,122],[-23,112],[-27,28],[-10,-59],[4,-65],[-1,-131],[-4,-83],[-11,-11],[-16,169],[-1,-118],[-18,-24],[-6,-153],[10,-124],[-5,-86],[-16,48],[2,-97],[-17,-20],[4,-196],[-24,-47],[-6,56],[-12,-138],[-21,40],[-17,89],[-5,-122],[12,-59],[1,-110],[-9,-131],[-8,-26],[1,-113],[-6,-120],[2,-68],[-4,-99],[-9,-86],[-9,17],[-5,217],[-8,131],[1,72],[-9,74],[-10,-149],[-6,-22],[-13,67],[-12,-32],[-3,-112],[30,-50],[4,-76],[-4,-194],[-7,-34],[-31,-8],[-11,78],[-1,109],[4,54],[-8,94],[-12,9],[-13,-90],[-4,-104],[-7,-104],[-3,-126],[-35,-224],[-17,-58],[-17,-135],[-20,19],[-1,89],[-11,28],[-13,-44],[-14,-85],[-14,16],[-3,137],[6,42],[6,313],[-2,152],[16,180],[8,181],[9,138],[0,123],[-7,55],[-19,32],[-24,-25],[-14,-49],[-6,-56],[-10,-242],[-14,-189],[3,-72],[-3,-390],[3,-115],[-20,-278],[-18,-273],[-10,-110],[-5,-234],[-15,-55],[-13,114],[-14,5],[8,-282],[-4,-45],[15,-61],[0,-106],[4,-56],[-4,-97],[-16,-74],[-9,-96],[-8,86],[-16,117],[8,60],[-1,116],[-10,39],[-8,-14],[-2,-68],[-10,-111],[-2,-64],[6,-93],[4,-140],[-8,-143],[-9,-51],[-7,17],[-7,84],[-3,97],[-9,-103],[-10,19],[-9,-29],[-10,51],[-13,106],[-7,240],[15,46],[9,-93],[10,48],[-14,180],[-9,39],[-5,129],[-4,321],[-21,105],[8,75],[-2,69],[-27,-14],[-12,-223],[-4,-131],[1,-79],[7,-77],[13,10],[16,-277],[-3,-83],[-7,-48],[0,-73],[6,-64],[2,-156],[8,-181],[-1,-221],[-6,7],[-8,77],[-17,30],[-10,-74],[4,-69],[-4,-82],[-17,-87],[-6,37],[-9,-68],[-13,26],[-10,91],[-1,94],[-10,69],[-3,81],[6,120],[-9,110],[-8,163],[-17,132],[-11,-3],[-10,-62],[-12,18],[-10,-281],[1,-63],[13,-82],[6,11],[28,-215],[5,-132],[-9,-92],[-10,-48],[-12,-103],[-9,-122],[-6,-7],[-6,-137],[-8,-42],[-15,-19],[-5,-104],[-11,13],[-8,231],[17,89],[3,161],[-9,91],[3,141],[8,-41],[16,-37],[4,41],[-16,95],[-1,40],[5,194],[-2,190],[-9,150],[-1,98],[34,296],[15,72],[18,28],[3,-57],[10,-8],[12,50],[10,-65],[6,56],[17,14],[6,307],[-10,-17],[-6,57],[16,154],[7,24],[8,127],[9,21],[8,-37],[11,123],[5,98],[11,79],[11,-30],[7,-71],[11,53],[11,153],[-6,202],[4,162],[-11,-8],[-4,-48],[-9,6],[21,215],[11,164],[25,301],[22,307],[10,168],[16,138],[18,99],[27,285],[16,35],[17,106],[15,146],[19,214],[33,90],[19,71],[13,70],[55,141],[25,84],[32,133],[1,-24],[-29,-105],[-1,-129],[15,-29],[10,42],[14,-40],[11,-2],[15,-44],[7,89],[15,40],[6,86],[7,-12],[12,74],[5,-92],[-2,-247],[-7,108],[-15,-31],[-9,-51],[-10,-107],[-3,-89],[5,-111],[14,-41],[1,-204],[4,-68],[10,-38],[29,-373],[6,108],[13,-25],[7,-47],[6,-199],[4,8],[5,207],[-12,79],[-6,96],[-13,58],[3,94],[-4,245],[-8,108],[11,25],[16,-94],[13,-24],[25,12],[8,49],[11,-28],[9,-161],[-4,-60],[1,-121],[6,-51],[5,86],[9,26],[5,-124],[7,-34],[10,25],[6,-52],[13,-12],[-11,142],[-1,135],[21,53],[-10,117],[-10,-24],[-27,190],[-8,91],[-16,45],[-11,145],[-7,-10],[4,155],[-7,72],[-9,-27],[23,382],[14,302],[0,80],[19,536],[9,174],[21,166],[13,124],[9,151],[13,118],[25,104],[32,278],[36,369],[40,187],[34,178],[20,130],[25,213],[9,13],[15,104],[6,8],[27,184],[42,274],[25,249],[14,109]],[[3957,16622],[4,105],[13,37],[8,75],[14,81],[10,8],[15,91],[20,383],[8,220],[7,112],[9,242],[1,187],[16,137],[18,78],[10,-41],[16,-137],[19,58],[19,119],[11,118],[9,61],[14,-40],[12,41],[22,153],[17,185],[13,-7],[20,86],[9,-36],[23,-21],[28,27],[6,24],[2,-170],[13,-95],[12,-143],[5,-83],[9,-281],[-3,-43],[0,-211],[9,-131],[0,-156],[13,-169],[26,15],[14,96],[10,-50],[12,-169],[1,-189],[9,-28],[6,-70],[-11,-49],[-17,63],[10,90],[-24,30],[-8,-32],[-18,44],[-9,95],[-3,137],[-18,-24],[-8,-115],[5,-139],[-3,-168],[-23,-26],[-6,-100],[-14,-24],[-4,-76],[-28,79],[-34,40],[-12,-20],[-29,-1],[-37,-56],[-33,-126],[-12,-77],[-20,-178],[-6,-111],[5,-83],[-2,-106],[-11,-157],[-21,-155],[-42,-88],[-13,-67],[-16,57],[-10,-32],[-15,39],[-14,87],[-7,116],[-2,106],[-10,91],[4,61],[-9,135],[-4,271]],[[3880,14258],[7,77],[12,-15],[3,86],[10,-40],[8,32],[10,-67],[5,41],[14,-29],[2,70],[9,22],[4,-121],[-10,-193],[-8,21],[-15,-58],[-12,15],[-15,85],[-6,-30],[-16,50],[-2,54]],[[3807,14125],[23,33],[10,49],[29,2],[7,-135],[-12,-3],[-3,-122],[-8,43],[-5,112],[-41,21]],[[3781,13965],[14,112],[10,-137],[-18,-65],[-6,90]],[[3750,14973],[3,111],[12,48],[1,107],[15,-90],[8,72],[10,22],[-2,-165],[-10,-48],[0,-90],[16,-141],[7,14],[12,-37],[6,38],[7,-78],[-10,-86],[-17,0],[-3,-97],[-18,-80],[5,-75],[-4,-79],[-7,-20],[-10,36],[-3,142],[7,96],[-11,167],[15,137],[-9,96],[-7,-80],[-8,1],[-5,79]],[[3632,14367],[3,133],[7,24],[-2,112],[9,64],[7,6],[13,150],[20,-44],[10,5],[2,-66],[-4,-102],[13,-91],[5,81],[18,-83],[3,-80],[-15,-97],[15,-62],[21,79],[-5,-184],[-9,-16],[-16,-112],[-5,41],[-17,19],[-1,-112],[-8,-103],[-5,119],[-9,38],[-33,-107],[0,145],[-12,110],[-5,133]],[[3608,13692],[9,63],[17,-50],[4,-139],[-16,-36],[-13,28],[-1,134]],[[12904,18327],[13,57],[17,34],[11,-149],[8,-7],[9,-144],[-10,-88],[8,-56],[-11,-134],[9,-32],[8,-200],[-7,-132],[-12,84],[-8,243],[-10,119],[-13,87],[-6,137],[0,77],[-6,104]],[[12874,19060],[1,53],[11,85],[2,-141],[-9,-58],[-5,61]],[[12834,24108],[7,121],[14,37],[3,-130],[4,-50],[-1,-114],[-18,27],[-9,109]],[[12767,20793],[7,132],[12,25],[6,-99],[-6,-120],[-15,-28],[-4,90]],[[12730,21358],[8,114],[16,97],[6,-53],[9,-8],[7,-68],[3,-117],[-8,-218],[-11,-63],[-4,-96],[-12,153],[-4,123],[-8,66],[-2,70]],[[12702,17959],[6,-22],[5,-128],[2,-118],[-3,-127],[-8,68],[2,146],[-4,181]],[[12687,22117],[10,-14],[8,-62],[0,-120],[-12,-122],[-3,111],[10,32],[-13,175]],[[12684,20953],[5,87],[10,33],[8,72],[-1,99],[4,98],[18,-111],[8,-96],[1,-181],[-7,-75],[-28,-37],[-4,78],[-14,33]],[[12665,20242],[9,110],[9,171],[-12,42],[4,100],[13,54],[-2,77],[11,59],[2,-85],[22,32],[4,-39],[15,63],[3,-111],[-2,-81],[-21,-99],[-14,-155],[-7,42],[-2,-144],[-5,-104],[-5,-206],[-7,-2],[-2,91],[-7,32],[0,146],[-6,7]],[[12629,23451],[8,78],[3,104],[10,162],[12,130],[-1,82],[12,89],[17,-8],[6,-44],[20,13],[-4,89],[-17,17],[-12,40],[-5,48],[5,165],[12,-97],[11,70],[-3,142],[-9,32],[-7,124],[-11,-27],[-4,92],[9,11],[1,138],[-8,172],[3,70],[-5,77],[11,238],[39,-91],[17,-60],[5,42],[17,1],[10,-67],[15,55],[6,-56],[9,64],[7,-38],[16,-264],[1,-129],[11,-16],[1,-103],[7,-88],[-3,-78],[5,-80],[-2,-123],[-8,-97],[0,-65],[-10,-109],[-1,-93],[13,-172],[15,65],[12,-37],[11,57],[1,-180],[13,-4],[11,54],[2,-103],[8,-7],[10,-98],[10,-39],[5,-122],[28,-251],[0,-58],[9,-86],[7,-116],[7,-82],[18,-279],[-7,-120],[14,-198],[-4,-88],[5,-154],[0,-139],[7,38],[-1,86],[8,13],[10,-134],[7,-337],[15,-169],[21,-134],[9,-106],[6,-181],[-9,-27],[-15,174],[-20,119],[-25,118],[-19,110],[-15,235],[-12,-37],[-7,-121],[14,-53],[-7,-147],[-16,-255],[14,-20],[2,151],[12,40],[9,-49],[19,57],[5,-200],[6,27],[17,-64],[9,-118],[-23,-74],[-9,27],[-5,-66],[10,-144],[5,77],[17,57],[10,-9],[9,-176],[22,-176],[2,-131],[14,-266],[-11,-127],[-6,-23],[-16,36],[-12,-80],[-2,-120],[21,104],[24,-127],[9,169],[-2,61],[8,144],[8,22],[8,-94],[-1,-101],[4,-132],[1,-175],[-15,-183],[-1,-74],[11,-79],[-15,-130],[-11,-21],[-5,-95],[6,-87],[-15,-108],[-26,-95],[24,-66],[9,100],[9,5],[18,113],[10,28],[-2,-126],[6,-259],[-4,-200],[2,-220],[-3,-42],[-11,93],[-5,-39],[19,-137],[3,-78],[2,-222],[-9,-38],[-6,-120],[3,-136],[-5,-101],[0,-94],[-11,50],[-9,-3],[-8,-52],[-14,7],[-9,77],[-18,103],[-4,-81],[-12,36],[0,124],[-12,19],[0,111],[-28,121],[0,73],[6,100],[23,-54],[5,113],[-3,107],[-15,55],[-4,113],[-12,21],[-16,-23],[-5,104],[-21,268],[8,339],[6,24],[0,109],[5,151],[-8,146],[-9,-187],[-6,111],[9,217],[0,93],[-4,119],[-10,129],[-4,-50],[9,-197],[-7,-160],[-19,56],[10,-137],[-10,-123],[9,-105],[-2,-62],[4,-97],[-3,-136],[-19,-113],[-5,59],[-8,-8],[-8,62],[-10,21],[-5,63],[6,149],[3,141],[-7,104],[-8,46],[-1,74],[6,87],[-14,87],[4,89],[-2,85],[-13,18],[-8,-55],[-10,86],[4,84],[-2,123],[-8,-42],[-8,36],[1,-267],[6,-76],[4,-141],[-8,-48],[22,-152],[0,-187],[-14,-26],[15,-138],[-3,-36],[18,-144],[-3,-136],[2,-69],[13,-147],[-1,-120],[7,-104],[9,-13],[2,-65],[14,-186],[14,-132],[0,-82],[9,-169],[-3,-174],[12,-25],[-10,-177],[13,-86],[-15,-58],[-9,145],[-8,-44],[-17,39],[-10,203],[4,79],[-9,134],[-11,31],[-17,200],[-8,148],[-3,155],[-9,106],[0,62],[-12,12],[-8,85],[-6,237],[4,45],[-4,151],[-8,31],[-4,69],[4,92],[-12,117],[3,170],[8,74],[-8,113],[-2,104],[6,319],[18,42],[-16,100],[-7,-30],[-6,-233],[-15,-30],[-9,-47],[-4,94],[-8,23],[-9,-100],[-12,86],[-2,110],[4,201],[-3,155],[7,41],[14,-21],[0,69],[9,46],[7,-11],[10,-256],[14,-15],[2,100],[-10,98],[1,136],[12,128],[10,-2],[9,-86],[3,110],[26,100],[4,50],[-12,65],[19,93],[-7,38],[-9,-39],[-13,52],[-10,88],[5,61],[1,124],[8,116],[-6,116],[-9,10],[8,165],[-25,-90],[-15,-10],[-9,79],[-15,77],[-12,130],[-10,48],[10,65],[10,124],[-7,61],[0,172],[4,29],[9,-140],[5,138],[-11,119],[-16,-93],[-19,103],[-1,-273],[-10,-61],[-14,57],[-17,120],[-4,107],[-5,29],[-8,137],[10,91],[3,105],[8,51],[5,-92],[8,110],[26,-122],[0,-114],[13,-5],[18,31],[2,68],[11,-11],[-4,119],[3,132],[-5,134],[-12,-30],[-3,91],[-16,59],[10,108],[-12,15],[-10,92],[11,208],[-9,101],[-11,-164],[-15,-67],[-8,-177],[-22,-103],[-19,83],[-9,-40],[-5,172]],[[12628,20922],[12,124],[3,153],[13,75],[-11,92],[6,100],[20,20],[12,-95],[11,-10],[-3,-194],[-10,-36],[-2,-158],[-8,-102],[-14,91],[-3,67],[-16,-55],[-10,-72]],[[12625,25774],[8,-7],[7,-93],[-8,-37],[-7,137]],[[12623,26129],[7,-1],[11,-148],[-12,23],[-6,126]],[[12594,23189],[0,75],[18,110],[7,-39],[4,-192],[-2,-114],[-7,-125],[-11,35],[-5,84],[-4,166]],[[12476,23235],[8,87],[11,-50],[10,40],[0,-167],[9,65],[11,19],[12,66],[8,-25],[-3,-94],[-27,-165],[-2,-61],[-22,-131],[-9,126],[8,81],[-10,110],[-4,99]],[[12739,26139],[2,-110],[-14,-108],[-8,-12],[-8,-69],[-37,11],[-3,131],[-2,350],[3,91],[-8,48],[0,78],[10,67],[-7,87],[-12,-133],[-4,-119],[-12,14],[-4,91],[-22,128],[-2,-60],[9,-48],[3,-76],[-5,-53],[-4,-187],[-5,-56],[-10,28],[1,-95],[17,-91],[3,-147],[-16,-44],[9,-230],[-11,-37],[2,-91],[16,-83],[5,-134],[-8,-93],[3,-87],[-7,-53],[-10,130],[-12,218],[-8,-15],[2,-135],[10,-65],[16,-395],[-5,-100],[-6,46],[-9,-33],[6,-203],[-2,-146],[-5,-14],[-1,-204],[-10,-45],[-5,21],[-8,154],[6,234],[-3,138],[-7,122],[-1,108],[6,70],[-3,207],[-8,-133],[2,-131],[-7,-50],[0,-259],[-5,-74],[-15,-14],[-5,-45],[24,-80],[-3,-162],[7,-43],[-14,-143],[7,-82],[-2,-148],[-5,-54],[-11,70],[-2,162],[-14,68],[7,172],[-14,74],[0,59],[9,49],[2,112],[-10,59],[0,234],[-6,151],[1,62],[16,93],[2,119],[-8,10],[-3,-108],[-8,-1],[-5,107],[6,30],[-5,190],[9,80],[7,193],[-3,234],[9,100],[8,-136],[10,-319],[4,106],[-6,152],[9,105],[-8,171],[-10,117],[-4,126],[-11,71],[-13,19],[-6,180],[8,125],[-5,139],[-9,-5],[-3,124],[-8,84],[-8,183],[3,164],[-9,362],[3,114],[8,43],[7,136],[10,76],[8,-1],[37,-299],[3,146],[-19,125],[-4,109],[12,-19],[7,29],[8,132],[6,-57],[15,-51],[4,-49],[10,-305],[2,-170],[10,-9],[0,-84],[8,-69],[4,-211],[-5,-71],[11,-154],[7,86],[2,300],[-7,108],[22,-11],[0,-62],[16,-18],[9,134],[-9,57],[-8,-17],[-24,193],[-7,128],[6,161],[-7,182],[-14,107],[-10,125],[-14,107],[6,90],[-5,73],[6,81],[37,139],[20,-72],[22,-29],[8,-74],[17,-44],[12,9],[7,-69],[10,-45],[13,-5],[16,-107],[10,-29],[19,17]],[[12393,24940],[11,49],[-7,-160],[0,-156],[-4,-169]],[[12393,24504],[0,436]],[[12157,29779],[11,101],[7,-36],[16,8],[-2,-126],[-7,-122],[-8,-51],[-16,165],[-1,61]],[[12393,24504],[-11,105],[5,55],[-5,104],[-9,-35],[-10,24],[-10,112],[-9,213],[0,65],[-15,90],[-2,155],[-12,147],[2,155],[-10,97],[-5,168],[-9,124],[-3,159],[-6,42],[2,98],[-3,114],[8,120],[22,105],[-9,93],[-12,15],[-2,-68],[-17,-124],[-13,-5],[4,96],[-7,159],[5,189],[-11,-17],[-1,-77],[-9,-18],[-8,86],[10,83],[-3,101],[-9,-65],[-13,-36],[-7,147],[0,102],[12,64],[-11,119],[-10,-167],[-5,156],[-8,-28],[2,141],[-7,35],[6,151],[4,219],[5,40],[3,198],[-9,94],[2,178],[19,-36],[-6,101],[11,62],[9,-13],[9,108],[-15,-2],[-3,68],[-10,21],[-11,73],[-10,198],[7,202],[11,80],[-2,46],[-19,-109],[-4,95],[14,152],[1,157],[8,79],[-20,29],[-9,-23],[-15,27],[-15,-89],[-7,178],[3,83],[-18,128],[0,54],[-11,60],[-5,121],[2,51],[16,5],[21,-54],[8,58],[-16,72],[-13,-3],[-1,53],[12,76],[15,177],[0,178],[-4,95],[13,71],[15,189],[19,4],[16,-95],[9,-142],[-5,-75],[-16,-77],[-14,-101],[7,-29],[11,103],[16,49],[13,-8],[7,34],[9,-47],[7,-125],[15,-100],[13,-61],[2,-59],[15,17],[5,54],[20,15],[23,-124],[-3,-56],[10,-249],[-2,-102],[-14,-11],[-11,120],[-14,-73],[-2,-96],[6,-51],[-2,-135],[12,1],[-3,93],[9,3],[11,-209],[-5,-169],[13,-146],[3,-106],[-4,-95],[5,-52],[13,-500],[-3,-51],[6,-84],[0,-259],[4,-24],[8,-245],[-2,-101],[1,-209],[8,-83],[5,-334],[7,-138],[0,-161],[4,-281],[-4,-238],[0,-202],[-11,-33],[8,-313],[-1,-247],[4,-254],[-5,-157],[3,-202],[-11,-120],[3,-124]],[[12056,29758],[12,134],[-4,87],[5,189],[-8,64],[2,86],[18,-18],[5,70],[26,-158],[22,-214],[7,-130],[0,-102],[-7,4],[-8,-62],[6,-95],[-1,-162],[16,122],[0,105],[4,89],[22,-234],[-13,-120],[-3,-81],[-15,77],[1,-103],[-4,-123],[2,-98],[-10,-110],[-2,-126],[-7,-100],[-22,-94],[-14,-6],[-24,-46],[3,461],[12,113],[10,26],[1,123],[7,49],[-4,80],[-11,50],[-6,-44],[-7,47],[5,147],[-5,102],[-11,1]],[[11940,32191],[11,59],[6,-116],[-10,-16],[-7,73]],[[12269,32442],[4,-73],[14,12],[6,-53],[12,84],[14,-18],[3,-231],[5,-87],[-8,-135],[9,-58],[11,-240],[2,-127],[-2,-246],[6,-137],[-17,-61],[7,-91],[-6,-63],[-21,17],[-16,-39],[-17,48],[-11,157],[-18,143],[-6,13],[-38,303],[-5,1],[-13,106],[-17,101],[-10,98],[-15,97],[-23,-232],[12,-66],[8,38],[14,-59],[4,-45],[-16,-75],[-3,-64],[4,-108],[-4,-131],[9,-207],[-1,-116],[-13,-64],[2,-79],[-12,-100],[-11,0],[0,-94],[-9,-94],[-11,7],[-9,89],[-8,-12],[-12,47],[-6,126],[-20,201],[-7,9],[-3,119],[-20,139],[1,63],[-13,167],[11,101],[-9,85],[-9,-44],[-7,-82],[-7,1],[-17,108],[13,74],[-13,70],[-8,277],[9,79],[7,-13],[0,118],[5,85],[-9,35],[-11,125],[-3,-172],[-7,-12],[-8,115],[5,117],[-7,14],[-2,96],[-8,36],[-5,130]],[[11913,32765],[-11,-4]]],"bbox":[-179.146711,51.226112,179.773922,71.387313],"transform":{"scale":[0.003589242222422224,0.00020161402614026145],"translate":[-179.146711,51.226112]},"objects":{"in":{"type":"GeometryCollection","geometries":[{"arcs":[[[0,1,2,3]],[[4]]],"type":"MultiPolygon","properties":{"geoid":"0202003050","name":"Anchorage"},"id":"0202003050"},{"arcs":[[5]],"type":"Polygon","properties":{"geoid":"0219848873","name":"Metlakatla Indian Community"},"id":"0219848873"},{"arcs":[[[6]],[[7,8,9,10,11,12]],[[13]],[[14]],[[15]]],"type":"MultiPolygon","properties":{"geoid":"0205045510","name":"Lower Kuskokwim"},"id":"0205045510"},{"arcs":[[[16]],[[17]],[[18]],[[19]],[[20]],[[21]],[[22]],[[23,24,25,26]],[[27]],[[28]],[[29]],[[30]],[[31]],[[32]]],"type":"MultiPolygon","properties":{"geoid":"0227586420","name":"Wrangell"},"id":"0227586420"},{"arcs":[[[33]],[[34,35]],[[36,37,-24,38]]],"type":"MultiPolygon","properties":{"geoid":"0219560360","name":"Petersburg"},"id":"0219560360"},{"arcs":[[[39]],[[40]],[[41]],[[42]],[[43]],[[44,45,46,-8,47]]],"type":"MultiPolygon","properties":{"geoid":"0215842185","name":"Kusilvak"},"id":"0215842185"},{"arcs":[[[48,49,-37,50]],[[51,52]],[[53]],[[54]],[[55]],[[56,57]],[[58,59]],[[62]],[[63]],[[64]],[[65]],[[66,67,68,69]],[[70]],[[71,72,73,74]]],"type":"MultiPolygon","properties":{"geoid":"0210533390","name":"Hoonah-Angoon"},"id":"0210533390"},{"arcs":[[[75,-57,76,-59]],[[77]],[[78]],[[79,80,-49,81,-53,82]]],"type":"MultiPolygon","properties":{"geoid":"0211036450","name":"Juneau"},"id":"0211036450"},{"arcs":[[[84]],[[85,86,-80,87]],[[88,89,-74,90],[91]]],"type":"MultiPolygon","properties":{"geoid":"0210031160","name":"Haines"},"id":"0210031160"},{"arcs":[[[92]],[[93]],[[94,-3,95,96,97,98,99,100,101,102,103,104,105]]],"type":"MultiPolygon","properties":{"geoid":"0212268610","name":"Seward-Hope"},"id":"0212268610"},{"arcs":[[106,107,108,109,-1,110,111,112,113]],"type":"Polygon","properties":{"geoid":"0217047440","name":"Matanuska-Susitna"},"id":"0217047440"},{"arcs":[[114,115,116,117]],"type":"Polygon","properties":{"geoid":"0209024450","name":"Fairbanks North Star"},"id":"0209024450"},{"arcs":[[[118]],[[119]],[[120]],[[121]],[[122]],[[123]],[[124]],[[125]],[[-26,126,127,128]]],"type":"MultiPolygon","properties":{"geoid":"0213039010","name":"Ketchikan"},"id":"0213039010"},{"arcs":[[-47,129,-113,130,131,132,-9]],"type":"Polygon","properties":{"geoid":"0205003580","name":"Aniak"},"id":"0205003580"},{"arcs":[[[133]],[[134,135,136,-45,137]],[[138]],[[139]]],"type":"MultiPolygon","properties":{"geoid":"0218054970","name":"Nome"},"id":"0218054970"},{"arcs":[[-116,140,141,142,-108,143]],"type":"Polygon","properties":{"geoid":"0224072030","name":"Southeast Fairbanks"},"id":"0224072030"},{"arcs":[[-137,144,145,-114,-130,-46]],"type":"Polygon","properties":{"geoid":"0229046060","name":"McGrath-Holy Cross"},"id":"0229046060"},{"arcs":[[146,147,148,-118,149,-145,-136]],"type":"Polygon","properties":{"geoid":"0229042080","name":"Koyukuk-Middle Yukon"},"id":"0229042080"},{"arcs":[[-92]],"type":"Polygon","properties":{"geoid":"0210540560","name":"Klukwan"},"id":"0210540560"},{"arcs":[[-109,-143,150,151,152]],"type":"Polygon","properties":{"geoid":"0206617350","name":"Copper River"},"id":"0206617350"},{"arcs":[[[153]],[[154]],[[-133,155,156,-10]],[[157]],[[158,-12]]],"type":"MultiPolygon","properties":{"geoid":"0207019000","name":"Dillingham"},"id":"0207019000"},{"arcs":[[-150,-117,-144,-107,-146]],"type":"Polygon","properties":{"geoid":"0206818765","name":"Denali"},"id":"0206818765"},{"arcs":[[[-104,159]],[[160]],[[161]],[[162]],[[163]],[[-106,164]],[[165]],[[166]],[[169]],[[-131,-112,170,171,172]]],"type":"MultiPolygon","properties":{"geoid":"0212238460","name":"Kenai-Cook Inlet"},"id":"0212238460"},{"arcs":[[173,174,-141,-115,-149]],"type":"Polygon","properties":{"geoid":"0229086690","name":"Yukon Flats"},"id":"0229086690"},{"arcs":[[175,-128]],"type":"Polygon","properties":{"geoid":"0219834575","name":"Hyder"},"id":"0219834575"},{"arcs":[[-86,176,-89,177]],"type":"Polygon","properties":{"geoid":"0223070810","name":"Skagway"},"id":"0223070810"},{"arcs":[[[178]],[[179,-147,-135,180]]],"type":"MultiPolygon","properties":{"geoid":"0218856270","name":"Northwest Arctic"},"id":"0218856270"},{"arcs":[[[181]],[[182]],[[183]],[[184]],[[185]],[[186]],[[187]],[[188]],[[189]],[[190]],[[191]],[[192]],[[193]],[[194]],[[195]],[[196]],[[197]],[[198]],[[199]],[[200,-100]],[[-102,202]],[[-110,-153,203,204,-96,-2]]],"type":"MultiPolygon","properties":{"geoid":"0206314420","name":"Chugach"},"id":"0206314420"},{"arcs":[[[205]],[[206]],[[207]],[[208]],[[209]],[[210]],[[211]],[[212]],[[213]],[[214]],[[215]],[[216]],[[217]],[[-172,218,-168,219,220]],[[221]],[[222]]],"type":"MultiPolygon","properties":{"geoid":"0215041200","name":"Kodiak Island"},"id":"0215041200"},{"arcs":[[[223]],[[224]],[[227]],[[228]],[[229]],[[230]],[[231,232,233,-156,-132,-173,-221,234,235]]],"type":"MultiPolygon","properties":{"geoid":"0216442780","name":"Lake and Peninsula"},"id":"0216442780"},{"arcs":[[-233,236]],"type":"Polygon","properties":{"geoid":"0206009050","name":"Bristol Bay"},"id":"0206009050"},{"arcs":[[[237]],[[238]],[[-152,239,-72,240,-204]]],"type":"MultiPolygon","properties":{"geoid":"0228286498","name":"Yakutat"},"id":"0228286498"},{"arcs":[[-174,-148,-180,241]],"type":"Polygon","properties":{"geoid":"0218555970","name":"North Slope"},"id":"0218555970"},{"arcs":[[[242]],[[243]],[[244]],[[245]],[[246]],[[247]],[[248]],[[249]],[[250]],[[251]],[[252]],[[253]],[[254]],[[255]],[[256]],[[257]],[[258]],[[259]],[[260]],[[261]],[[262]],[[263]],[[264]],[[265]],[[266]],[[267]],[[268]],[[269]],[[270]],[[271]],[[272]],[[273]],[[274]],[[275]],[[276]],[[277]],[[278]],[[279]],[[280]],[[281]],[[282]],[[283]],[[284]]],"type":"MultiPolygon","properties":{"geoid":"0201601615","name":"Aleutians West"},"id":"0201601615"},{"arcs":[[[285]],[[286]],[[287]],[[288]],[[289]],[[290]],[[291]],[[292]],[[293]],[[294]],[[295]],[[296]],[[297]],[[298]],[[299]],[[300]],[[301]],[[302]],[[303]],[[304]],[[305]],[[306]],[[307]],[[-227,308,-236,309]],[[310]],[[311]],[[312]],[[313]],[[314]],[[315]],[[316]]],"type":"MultiPolygon","properties":{"geoid":"0201301598","name":"Aleutians East"},"id":"0201301598"},{"arcs":[[[317]],[[318]],[[319]],[[320]],[[321]],[[322]],[[323]],[[324]],[[325]],[[326]],[[327]],[[328]],[[329]],[[330]],[[331]],[[-36,332]],[[333,334]]],"type":"MultiPolygon","properties":{"geoid":"0219864310","name":"Prince of Wales"},"id":"0219864310"},{"arcs":[[[335]],[[-335,336]],[[337]],[[338]],[[-67,339]]],"type":"MultiPolygon","properties":{"geoid":"0222070590","name":"Sitka"},"id":"0222070590"}]}}}